Blender 4.0.2
Read prefs: "/root/.config/blender/4.0/config/userpref.blend"
Read blend: "/root/Blender/DELL-C6420/v002/model/13-flat-punched-sheet-normals.blend"
Fra:22 Mem:238.02M (Peak 244.47M) | Time:00:00.21 | Mem:0.00M, Peak:0.00M | DELL_C6420_4N_24SFF_V002_MASTER, ViewLayer | Synchronizing object | INFERRED_bottom_formed_sheet
Fra:22 Mem:238.02M (Peak 244.47M) | Time:00:00.21 | Mem:0.00M, Peak:0.00M | DELL_C6420_4N_24SFF_V002_MASTER, ViewLayer | Synchronizing object | Side_1_fastener_0_recessed_head
Fra:22 Mem:238.02M (Peak 244.47M) | Time:00:00.21 | Mem:0.00M, Peak:0.00M | DELL_C6420_4N_24SFF_V002_MASTER, ViewLayer | Synchronizing object | Side_1_fastener_0_recess_floor
Fra:22 Mem:241.07M (Peak 244.47M) | Time:00:00.21 | Mem:0.00M, Peak:0.00M | DELL_C6420_4N_24SFF_V002_MASTER, ViewLayer | Synchronizing object | Side_1_fastener_1_recessed_head
Fra:22 Mem:241.13M (Peak 244.47M) | Time:00:00.21 | Mem:0.00M, Peak:0.00M | DELL_C6420_4N_24SFF_V002_MASTER, ViewLayer | Synchronizing object | Side_1_fastener_3_recess_floor
Fra:22 Mem:241.94M (Peak 244.47M) | Time:00:00.21 | Mem:0.00M, Peak:0.00M | DELL_C6420_4N_24SFF_V002_MASTER, ViewLayer | Synchronizing object | Side_1_fastener_4_recessed_head
Fra:22 Mem:242.05M (Peak 244.47M) | Time:00:00.21 | Mem:0.00M, Peak:0.00M | DELL_C6420_4N_24SFF_V002_MASTER, ViewLayer | Synchronizing object | Side_1_fastener_4_recess_floor
Fra:22 Mem:242.35M (Peak 244.47M) | Time:00:00.21 | Mem:0.00M, Peak:0.00M | DELL_C6420_4N_24SFF_V002_MASTER, ViewLayer | Synchronizing object | Side_1_fastener_5_recessed_head
Fra:22 Mem:243.77M (Peak 244.47M) | Time:00:00.21 | Mem:0.00M, Peak:0.00M | DELL_C6420_4N_24SFF_V002_MASTER, ViewLayer | Synchronizing object | Side_1_fastener_6_recessed_head
Fra:22 Mem:244.09M (Peak 244.47M) | Time:00:00.21 | Mem:0.00M, Peak:0.00M | DELL_C6420_4N_24SFF_V002_MASTER, ViewLayer | Synchronizing object | Side_1_fastener_6_recess_floor
Fra:22 Mem:244.19M (Peak 244.47M) | Time:00:00.22 | Mem:0.00M, Peak:0.00M | DELL_C6420_4N_24SFF_V002_MASTER, ViewLayer | Synchronizing object | Side_1_fastener_7_recessed_head
Fra:22 Mem:244.09M (Peak 244.47M) | Time:00:00.22 | Mem:0.00M, Peak:0.00M | DELL_C6420_4N_24SFF_V002_MASTER, ViewLayer | Synchronizing object | Side_1_fastener_8_recessed_head
Fra:22 Mem:244.03M (Peak 244.47M) | Time:00:00.22 | Mem:0.00M, Peak:0.00M | DELL_C6420_4N_24SFF_V002_MASTER, ViewLayer | Synchronizing object | Side_1_fastener_10_recessed_head
Fra:22 Mem:244.29M (Peak 244.47M) | Time:00:00.22 | Mem:0.00M, Peak:0.00M | DELL_C6420_4N_24SFF_V002_MASTER, ViewLayer | Synchronizing object | Side_1_clinch_0
Fra:22 Mem:244.32M (Peak 244.47M) | Time:00:00.22 | Mem:0.00M, Peak:0.00M | DELL_C6420_4N_24SFF_V002_MASTER, ViewLayer | Synchronizing object | Side_rail_latch_outline_1
Fra:22 Mem:244.25M (Peak 244.47M) | Time:00:00.22 | Mem:0.00M, Peak:0.00M | DELL_C6420_4N_24SFF_V002_MASTER, ViewLayer | Synchronizing object | Left_side_wall_estimated
Fra:22 Mem:245.24M (Peak 245.24M) | Time:00:00.22 | Mem:0.00M, Peak:0.00M | DELL_C6420_4N_24SFF_V002_MASTER, ViewLayer | Synchronizing object | Front_cover_integrated_pressings
Fra:22 Mem:245.17M (Peak 245.24M) | Time:00:00.22 | Mem:0.00M, Peak:0.00M | DELL_C6420_4N_24SFF_V002_MASTER, ViewLayer | Synchronizing object | Main_cover_with_label_pressing
Fra:22 Mem:245.84M (Peak 245.84M) | Time:00:00.22 | Mem:0.00M, Peak:0.00M | DELL_C6420_4N_24SFF_V002_MASTER, ViewLayer | Synchronizing object | Rear_cover_four_pressed_regions
Fra:22 Mem:246.45M (Peak 246.45M) | Time:00:00.22 | Mem:0.00M, Peak:0.00M | DELL_C6420_4N_24SFF_V002_MASTER, ViewLayer | Synchronizing object | Underlapping_cover_seam
Fra:22 Mem:246.46M (Peak 246.46M) | Time:00:00.22 | Mem:0.00M, Peak:0.00M | DELL_C6420_4N_24SFF_V002_MASTER, ViewLayer | Synchronizing object | Cover_traction_pad
Fra:22 Mem:246.48M (Peak 246.48M) | Time:00:00.22 | Mem:0.00M, Peak:0.00M | DELL_C6420_4N_24SFF_V002_MASTER, ViewLayer | Synchronizing object | Cover_release_recess_back
Fra:22 Mem:246.97M (Peak 246.97M) | Time:00:00.22 | Mem:0.00M, Peak:0.00M | DELL_C6420_4N_24SFF_V002_MASTER, ViewLayer | Synchronizing object | Cover_release_metal_tab
Fra:22 Mem:246.99M (Peak 246.99M) | Time:00:00.22 | Mem:0.00M, Peak:0.00M | DELL_C6420_4N_24SFF_V002_MASTER, ViewLayer | Synchronizing object | Front_cover_flush_screw_recessed_head
Fra:22 Mem:246.24M (Peak 246.99M) | Time:00:00.22 | Mem:0.00M, Peak:0.00M | DELL_C6420_4N_24SFF_V002_MASTER, ViewLayer | Synchronizing object | Front_cover_flush_screw_recess_floor
Fra:22 Mem:246.32M (Peak 246.99M) | Time:00:00.22 | Mem:0.00M, Peak:0.00M | DELL_C6420_4N_24SFF_V002_MASTER, ViewLayer | Synchronizing object | Front_cover_flush_screw_recessed_head.001
Fra:22 Mem:247.22M (Peak 247.22M) | Time:00:00.22 | Mem:0.00M, Peak:0.00M | DELL_C6420_4N_24SFF_V002_MASTER, ViewLayer | Synchronizing object | Front_cover_flush_screw_recessed_head.002
Fra:22 Mem:247.34M (Peak 247.34M) | Time:00:00.22 | Mem:0.00M, Peak:0.00M | DELL_C6420_4N_24SFF_V002_MASTER, ViewLayer | Synchronizing object | Front_cover_flush_screw_recessed_head.003
Fra:22 Mem:247.41M (Peak 247.41M) | Time:00:00.22 | Mem:0.00M, Peak:0.00M | DELL_C6420_4N_24SFF_V002_MASTER, ViewLayer | Synchronizing object | Front_cover_flush_screw_recessed_head.004
Fra:22 Mem:247.43M (Peak 247.43M) | Time:00:00.22 | Mem:0.00M, Peak:0.00M | DELL_C6420_4N_24SFF_V002_MASTER, ViewLayer | Synchronizing object | Front_cover_flush_screw_recessed_head.005
Fra:22 Mem:247.72M (Peak 247.72M) | Time:00:00.22 | Mem:0.00M, Peak:0.00M | DELL_C6420_4N_24SFF_V002_MASTER, ViewLayer | Synchronizing object | Front_cover_flush_screw_recessed_head.006
Fra:22 Mem:248.98M (Peak 248.98M) | Time:00:00.22 | Mem:0.00M, Peak:0.00M | DELL_C6420_4N_24SFF_V002_MASTER, ViewLayer | Synchronizing object | Front_cover_flush_screw_recessed_head.007
Fra:22 Mem:248.71M (Peak 248.98M) | Time:00:00.22 | Mem:0.00M, Peak:0.00M | DELL_C6420_4N_24SFF_V002_MASTER, ViewLayer | Synchronizing object | Front_cover_flush_screw_recessed_head.008
Fra:22 Mem:248.71M (Peak 248.98M) | Time:00:00.22 | Mem:0.00M, Peak:0.00M | DELL_C6420_4N_24SFF_V002_MASTER, ViewLayer | Synchronizing object | Front_cover_flush_screw_recessed_head.009
Fra:22 Mem:248.77M (Peak 248.98M) | Time:00:00.22 | Mem:0.00M, Peak:0.00M | DELL_C6420_4N_24SFF_V002_MASTER, ViewLayer | Synchronizing object | Front_cover_flush_screw_recessed_head.010
Fra:22 Mem:248.81M (Peak 248.98M) | Time:00:00.22 | Mem:0.00M, Peak:0.00M | DELL_C6420_4N_24SFF_V002_MASTER, ViewLayer | Synchronizing object | Front_cover_flush_screw_recessed_head.011
Fra:22 Mem:248.94M (Peak 248.98M) | Time:00:00.22 | Mem:0.00M, Peak:0.00M | DELL_C6420_4N_24SFF_V002_MASTER, ViewLayer | Synchronizing object | Front_cover_flush_screw_recessed_head.012
Fra:22 Mem:250.20M (Peak 250.20M) | Time:00:00.22 | Mem:0.00M, Peak:0.00M | DELL_C6420_4N_24SFF_V002_MASTER, ViewLayer | Synchronizing object | Front_cover_flush_screw_recessed_head.013
Fra:22 Mem:250.12M (Peak 250.20M) | Time:00:00.22 | Mem:0.00M, Peak:0.00M | DELL_C6420_4N_24SFF_V002_MASTER, ViewLayer | Synchronizing object | Front_cover_flush_screw_recessed_head.014
Fra:22 Mem:250.66M (Peak 250.66M) | Time:00:00.22 | Mem:0.00M, Peak:0.00M | DELL_C6420_4N_24SFF_V002_MASTER, ViewLayer | Synchronizing object | Front_cover_flush_screw_recessed_head.015
Fra:22 Mem:250.02M (Peak 250.66M) | Time:00:00.22 | Mem:0.00M, Peak:0.00M | DELL_C6420_4N_24SFF_V002_MASTER, ViewLayer | Synchronizing object | Front_cover_flush_screw_recessed_head.016
Fra:22 Mem:250.07M (Peak 250.66M) | Time:00:00.22 | Mem:0.00M, Peak:0.00M | DELL_C6420_4N_24SFF_V002_MASTER, ViewLayer | Synchronizing object | Front_cover_flush_screw_recessed_head.017
Fra:22 Mem:250.52M (Peak 250.66M) | Time:00:00.22 | Mem:0.00M, Peak:0.00M | DELL_C6420_4N_24SFF_V002_MASTER, ViewLayer | Synchronizing object | Front_cover_flush_screw_recessed_head.018
Fra:22 Mem:251.59M (Peak 251.59M) | Time:00:00.23 | Mem:0.00M, Peak:0.00M | DELL_C6420_4N_24SFF_V002_MASTER, ViewLayer | Synchronizing object | Front_cover_flush_screw_recessed_head.019
Fra:22 Mem:252.74M (Peak 252.74M) | Time:00:00.23 | Mem:0.00M, Peak:0.00M | DELL_C6420_4N_24SFF_V002_MASTER, ViewLayer | Synchronizing object | Front_cover_flush_screw_recessed_head.020
Fra:22 Mem:252.82M (Peak 252.82M) | Time:00:00.23 | Mem:0.00M, Peak:0.00M | DELL_C6420_4N_24SFF_V002_MASTER, ViewLayer | Synchronizing object | Front_cover_flush_screw_recessed_head.021
Fra:22 Mem:253.18M (Peak 253.18M) | Time:00:00.23 | Mem:0.00M, Peak:0.00M | DELL_C6420_4N_24SFF_V002_MASTER, ViewLayer | Synchronizing object | Front_cover_flush_screw_recessed_head.022
Fra:22 Mem:253.40M (Peak 253.40M) | Time:00:00.23 | Mem:0.00M, Peak:0.00M | DELL_C6420_4N_24SFF_V002_MASTER, ViewLayer | Synchronizing object | Front_cover_flush_screw_recessed_head.023
Fra:22 Mem:253.40M (Peak 253.40M) | Time:00:00.23 | Mem:0.00M, Peak:0.00M | DELL_C6420_4N_24SFF_V002_MASTER, ViewLayer | Synchronizing object | Rear_cover_flush_screw_recessed_head
Fra:22 Mem:253.41M (Peak 253.41M) | Time:00:00.23 | Mem:0.00M, Peak:0.00M | DELL_C6420_4N_24SFF_V002_MASTER, ViewLayer | Synchronizing object | Rear_cover_flush_screw_recessed_head.001
Fra:22 Mem:253.57M (Peak 253.57M) | Time:00:00.23 | Mem:0.00M, Peak:0.00M | DELL_C6420_4N_24SFF_V002_MASTER, ViewLayer | Synchronizing object | Rear_cover_flush_screw_recessed_head.002
Fra:22 Mem:255.57M (Peak 255.57M) | Time:00:00.23 | Mem:0.00M, Peak:0.00M | DELL_C6420_4N_24SFF_V002_MASTER, ViewLayer | Synchronizing object | Rear_cover_flush_screw_recessed_head.003
Fra:22 Mem:255.54M (Peak 255.57M) | Time:00:00.23 | Mem:0.00M, Peak:0.00M | DELL_C6420_4N_24SFF_V002_MASTER, ViewLayer | Synchronizing object | Midheight_sled_shelf
Fra:22 Mem:255.47M (Peak 255.57M) | Time:00:00.23 | Mem:0.00M, Peak:0.00M | DELL_C6420_4N_24SFF_V002_MASTER, ViewLayer | Synchronizing object | Central_PSU_channel_divider
Fra:22 Mem:255.98M (Peak 255.98M) | Time:00:00.23 | Mem:0.00M, Peak:0.00M | DELL_C6420_4N_24SFF_V002_MASTER, ViewLayer | Synchronizing object | Front_backplane_shadow
Fra:22 Mem:255.98M (Peak 255.98M) | Time:00:00.23 | Mem:0.00M, Peak:0.00M | DELL_C6420_4N_24SFF_V002_MASTER, ViewLayer | Synchronizing object | Hidden_backplane_socket
Fra:22 Mem:255.86M (Peak 255.98M) | Time:00:00.23 | Mem:0.00M, Peak:0.00M | DELL_C6420_4N_24SFF_V002_MASTER, ViewLayer | Synchronizing object | Rack_ear_mount_-1
Fra:22 Mem:255.88M (Peak 255.98M) | Time:00:00.23 | Mem:0.00M, Peak:0.00M | DELL_C6420_4N_24SFF_V002_MASTER, ViewLayer | Synchronizing object | Control_ear_shell_-1
Fra:22 Mem:255.88M (Peak 255.98M) | Time:00:00.23 | Mem:0.00M, Peak:0.00M | DELL_C6420_4N_24SFF_V002_MASTER, ViewLayer | Synchronizing object | Lower_ear_screw_boss_-1
Fra:22 Mem:255.90M (Peak 255.98M) | Time:00:00.23 | Mem:0.00M, Peak:0.00M | DELL_C6420_4N_24SFF_V002_MASTER, ViewLayer | Synchronizing object | Front_punched_cheek_-1
Fra:22 Mem:256.33M (Peak 256.33M) | Time:00:00.23 | Mem:0.00M, Peak:0.00M | DELL_C6420_4N_24SFF_V002_MASTER, ViewLayer | Synchronizing object | PSU2_woven_edge_fibres
Fra:22 Mem:256.60M (Peak 256.60M) | Time:00:00.23 | Mem:0.00M, Peak:0.00M | DELL_C6420_4N_24SFF_V002_MASTER, ViewLayer | Synchronizing object | Front_cage_side_return_-1
Fra:22 Mem:256.40M (Peak 256.60M) | Time:00:00.23 | Mem:0.00M, Peak:0.00M | DELL_C6420_4N_24SFF_V002_MASTER, ViewLayer | Synchronizing object | Chrome_lifting_handle_-1
Fra:22 Mem:256.47M (Peak 256.60M) | Time:00:00.23 | Mem:0.00M, Peak:0.00M | DELL_C6420_4N_24SFF_V002_MASTER, ViewLayer | Synchronizing object | Handle_flat_anchor_-1
Fra:22 Mem:256.50M (Peak 256.60M) | Time:00:00.23 | Mem:0.00M, Peak:0.00M | DELL_C6420_4N_24SFF_V002_MASTER, ViewLayer | Synchronizing object | Chrome_lifting_handle_1
Fra:22 Mem:256.52M (Peak 256.60M) | Time:00:00.23 | Mem:0.00M, Peak:0.00M | DELL_C6420_4N_24SFF_V002_MASTER, ViewLayer | Synchronizing object | Front_lower_rolled_hem
Fra:22 Mem:256.62M (Peak 256.62M) | Time:00:00.23 | Mem:0.00M, Peak:0.00M | DELL_C6420_4N_24SFF_V002_MASTER, ViewLayer | Synchronizing object | Drive_bank_divider_0
Fra:22 Mem:256.63M (Peak 256.63M) | Time:00:00.23 | Mem:0.00M, Peak:0.00M | DELL_C6420_4N_24SFF_V002_MASTER, ViewLayer | Synchronizing object | Control_face_inset_-1
Fra:22 Mem:256.79M (Peak 256.79M) | Time:00:00.23 | Mem:0.00M, Peak:0.00M | DELL_C6420_4N_24SFF_V002_MASTER, ViewLayer | Synchronizing object | Control_face_bottom_clip_-1
Fra:22 Mem:257.19M (Peak 257.19M) | Time:00:00.23 | Mem:0.00M, Peak:0.00M | DELL_C6420_4N_24SFF_V002_MASTER, ViewLayer | Synchronizing object | DELL_EMC_official_badge
Fra:22 Mem:257.20M (Peak 257.20M) | Time:00:00.23 | Mem:0.00M, Peak:0.00M | DELL_C6420_4N_24SFF_V002_MASTER, ViewLayer | Synchronizing object | Power_button_lens_1
Fra:22 Mem:257.27M (Peak 257.27M) | Time:00:00.23 | Mem:0.00M, Peak:0.00M | DELL_C6420_4N_24SFF_V002_MASTER, ViewLayer | Synchronizing object | Power_outer_white_print_1
Fra:22 Mem:257.36M (Peak 257.36M) | Time:00:00.23 | Mem:0.00M, Peak:0.00M | DELL_C6420_4N_24SFF_V002_MASTER, ViewLayer | Synchronizing object | Power_symbol_arc_1
Fra:22 Mem:257.59M (Peak 257.59M) | Time:00:00.23 | Mem:0.00M, Peak:0.00M | DELL_C6420_4N_24SFF_V002_MASTER, ViewLayer | Synchronizing object | Power_symbol_stem_1
Fra:22 Mem:257.66M (Peak 257.66M) | Time:00:00.23 | Mem:0.00M, Peak:0.00M | DELL_C6420_4N_24SFF_V002_MASTER, ViewLayer | Synchronizing object | ID_button_lens_1
Fra:22 Mem:257.94M (Peak 257.94M) | Time:00:00.23 | Mem:0.00M, Peak:0.00M | DELL_C6420_4N_24SFF_V002_MASTER, ViewLayer | Synchronizing object | ID_button_print_1
Fra:22 Mem:257.95M (Peak 257.95M) | Time:00:00.23 | Mem:0.00M, Peak:0.00M | DELL_C6420_4N_24SFF_V002_MASTER, ViewLayer | Synchronizing object | ID_inner_white_disc_1
Fra:22 Mem:257.89M (Peak 257.95M) | Time:00:00.23 | Mem:0.00M, Peak:0.00M | DELL_C6420_4N_24SFF_V002_MASTER, ViewLayer | Synchronizing object | ID_information_symbol_1
Fra:22 Mem:257.86M (Peak 257.95M) | Time:00:00.23 | Mem:0.00M, Peak:0.00M | DELL_C6420_4N_24SFF_V002_MASTER, ViewLayer | Synchronizing object | Front_node_number_1
Fra:22 Mem:257.81M (Peak 257.95M) | Time:00:00.23 | Mem:0.00M, Peak:0.00M | DELL_C6420_4N_24SFF_V002_MASTER, ViewLayer | Synchronizing object | Front_mapping_arrow_1
Fra:22 Mem:257.82M (Peak 257.95M) | Time:00:00.23 | Mem:0.00M, Peak:0.00M | DELL_C6420_4N_24SFF_V002_MASTER, ViewLayer | Synchronizing object | Power_symbol_arc_2
Fra:22 Mem:257.86M (Peak 257.95M) | Time:00:00.23 | Mem:0.00M, Peak:0.00M | DELL_C6420_4N_24SFF_V002_MASTER, ViewLayer | Synchronizing object | Power_symbol_stem_2
Fra:22 Mem:257.77M (Peak 257.95M) | Time:00:00.23 | Mem:0.00M, Peak:0.00M | DELL_C6420_4N_24SFF_V002_MASTER, ViewLayer | Synchronizing object | Captive_screw_metal_washer_-1
Fra:22 Mem:257.74M (Peak 257.95M) | Time:00:00.23 | Mem:0.00M, Peak:0.00M | DELL_C6420_4N_24SFF_V002_MASTER, ViewLayer | Synchronizing object | Captive_screw_knurled_grip_-1
Fra:22 Mem:257.79M (Peak 257.95M) | Time:00:00.23 | Mem:0.00M, Peak:0.00M | DELL_C6420_4N_24SFF_V002_MASTER, ViewLayer | Synchronizing object | Captive_screw_Phillips_-1_recess_floor
Fra:22 Mem:258.31M (Peak 258.31M) | Time:00:00.23 | Mem:0.00M, Peak:0.00M | DELL_C6420_4N_24SFF_V002_MASTER, ViewLayer | Synchronizing object | Captive_screw_front_bead_-1
Fra:22 Mem:258.47M (Peak 258.47M) | Time:00:00.23 | Mem:0.00M, Peak:0.00M | DELL_C6420_4N_24SFF_V002_MASTER, ViewLayer | Synchronizing object | C6400_official_badge
Fra:22 Mem:258.50M (Peak 258.50M) | Time:00:00.23 | Mem:0.00M, Peak:0.00M | DELL_C6420_4N_24SFF_V002_MASTER, ViewLayer | Synchronizing object | Power_symbol_arc_3
Fra:22 Mem:258.76M (Peak 258.76M) | Time:00:00.23 | Mem:0.00M, Peak:0.00M | DELL_C6420_4N_24SFF_V002_MASTER, ViewLayer | Synchronizing object | Power_symbol_stem_3
Fra:22 Mem:259.44M (Peak 259.44M) | Time:00:00.23 | Mem:0.00M, Peak:0.00M | DELL_C6420_4N_24SFF_V002_MASTER, ViewLayer | Synchronizing object | Front_node_number_3
Fra:22 Mem:259.45M (Peak 259.45M) | Time:00:00.23 | Mem:0.00M, Peak:0.00M | DELL_C6420_4N_24SFF_V002_MASTER, ViewLayer | Synchronizing object | Front_mapping_arrow_3
Fra:22 Mem:258.69M (Peak 259.45M) | Time:00:00.23 | Mem:0.00M, Peak:0.00M | DELL_C6420_4N_24SFF_V002_MASTER, ViewLayer | Synchronizing object | Power_symbol_arc_4
Fra:22 Mem:259.41M (Peak 259.45M) | Time:00:00.24 | Mem:0.00M, Peak:0.00M | DELL_C6420_4N_24SFF_V002_MASTER, ViewLayer | Synchronizing object | Power_symbol_stem_4
Fra:22 Mem:259.22M (Peak 259.45M) | Time:00:00.24 | Mem:0.00M, Peak:0.00M | DELL_C6420_4N_24SFF_V002_MASTER, ViewLayer | Synchronizing object | Front_node_number_4
Fra:22 Mem:258.92M (Peak 259.45M) | Time:00:00.24 | Mem:0.00M, Peak:0.00M | DELL_C6420_4N_24SFF_V002_MASTER, ViewLayer | Synchronizing object | EST_front_tag_blue_edge
Fra:22 Mem:258.85M (Peak 259.45M) | Time:00:00.24 | Mem:0.00M, Peak:0.00M | DELL_C6420_4N_24SFF_V002_MASTER, ViewLayer | Synchronizing object | Bay_index_00
Fra:22 Mem:258.87M (Peak 259.45M) | Time:00:00.24 | Mem:0.00M, Peak:0.00M | DELL_C6420_4N_24SFF_V002_MASTER, ViewLayer | Synchronizing object | Bay_mapping_triangle_0
Fra:22 Mem:258.94M (Peak 259.45M) | Time:00:00.24 | Mem:0.00M, Peak:0.00M | DELL_C6420_4N_24SFF_V002_MASTER, ViewLayer | Synchronizing object | Bay_index_01
Fra:22 Mem:259.00M (Peak 259.45M) | Time:00:00.24 | Mem:0.00M, Peak:0.00M | DELL_C6420_4N_24SFF_V002_MASTER, ViewLayer | Synchronizing object | Bay_index_02
Fra:22 Mem:259.08M (Peak 259.45M) | Time:00:00.24 | Mem:0.00M, Peak:0.00M | DELL_C6420_4N_24SFF_V002_MASTER, ViewLayer | Synchronizing object | Bay_index_03
Fra:22 Mem:259.02M (Peak 259.45M) | Time:00:00.24 | Mem:0.00M, Peak:0.00M | DELL_C6420_4N_24SFF_V002_MASTER, ViewLayer | Synchronizing object | Bay_index_05
Fra:22 Mem:259.07M (Peak 259.45M) | Time:00:00.24 | Mem:0.00M, Peak:0.00M | DELL_C6420_4N_24SFF_V002_MASTER, ViewLayer | Synchronizing object | Bay_index_07
Fra:22 Mem:259.09M (Peak 259.45M) | Time:00:00.24 | Mem:0.00M, Peak:0.00M | DELL_C6420_4N_24SFF_V002_MASTER, ViewLayer | Synchronizing object | Bay_index_08
Fra:22 Mem:259.10M (Peak 259.45M) | Time:00:00.24 | Mem:0.00M, Peak:0.00M | DELL_C6420_4N_24SFF_V002_MASTER, ViewLayer | Synchronizing object | Bay_index_09
Fra:22 Mem:259.21M (Peak 259.45M) | Time:00:00.24 | Mem:0.00M, Peak:0.00M | DELL_C6420_4N_24SFF_V002_MASTER, ViewLayer | Synchronizing object | Bay_index_10
Fra:22 Mem:259.18M (Peak 259.45M) | Time:00:00.24 | Mem:0.00M, Peak:0.00M | DELL_C6420_4N_24SFF_V002_MASTER, ViewLayer | Synchronizing object | Bay_index_12
Fra:22 Mem:259.18M (Peak 259.45M) | Time:00:00.24 | Mem:0.00M, Peak:0.00M | DELL_C6420_4N_24SFF_V002_MASTER, ViewLayer | Synchronizing object | Bay_index_13
Fra:22 Mem:259.21M (Peak 259.45M) | Time:00:00.24 | Mem:0.00M, Peak:0.00M | DELL_C6420_4N_24SFF_V002_MASTER, ViewLayer | Synchronizing object | Bay_index_14
Fra:22 Mem:259.23M (Peak 259.45M) | Time:00:00.24 | Mem:0.00M, Peak:0.00M | DELL_C6420_4N_24SFF_V002_MASTER, ViewLayer | Synchronizing object | Bay_index_16
Fra:22 Mem:259.42M (Peak 259.45M) | Time:00:00.24 | Mem:0.00M, Peak:0.00M | DELL_C6420_4N_24SFF_V002_MASTER, ViewLayer | Synchronizing object | Bay_index_17
Fra:22 Mem:259.08M (Peak 259.45M) | Time:00:00.24 | Mem:0.00M, Peak:0.00M | DELL_C6420_4N_24SFF_V002_MASTER, ViewLayer | Synchronizing object | Bay_index_18
Fra:22 Mem:259.19M (Peak 259.45M) | Time:00:00.24 | Mem:0.00M, Peak:0.00M | DELL_C6420_4N_24SFF_V002_MASTER, ViewLayer | Synchronizing object | Bay_index_19
Fra:22 Mem:259.20M (Peak 259.45M) | Time:00:00.24 | Mem:0.00M, Peak:0.00M | DELL_C6420_4N_24SFF_V002_MASTER, ViewLayer | Synchronizing object | Bay_index_20
Fra:22 Mem:258.47M (Peak 259.45M) | Time:00:00.24 | Mem:0.00M, Peak:0.00M | DELL_C6420_4N_24SFF_V002_MASTER, ViewLayer | Synchronizing object | Real_service_label_band
Fra:22 Mem:258.58M (Peak 259.45M) | Time:00:00.24 | Mem:0.00M, Peak:0.00M | DELL_C6420_4N_24SFF_V002_MASTER, ViewLayer | Synchronizing object | Real_yellow_warning_label
Fra:22 Mem:259.04M (Peak 259.45M) | Time:00:00.24 | Mem:0.00M, Peak:0.00M | DELL_C6420_4N_24SFF_V002_MASTER, ViewLayer | Synchronizing object | Real_regulatory_label
Fra:22 Mem:259.40M (Peak 259.45M) | Time:00:00.24 | Mem:0.00M, Peak:0.00M | DELL_C6420_4N_24SFF_V002_MASTER, ViewLayer | Synchronizing object | Node1_tray_side_-1
Fra:22 Mem:259.43M (Peak 259.45M) | Time:00:00.24 | Mem:0.00M, Peak:0.00M | DELL_C6420_4N_24SFF_V002_MASTER, ViewLayer | Synchronizing object | Node1_visible_PCB_edge
Fra:22 Mem:259.51M (Peak 259.51M) | Time:00:00.24 | Mem:0.00M, Peak:0.00M | DELL_C6420_4N_24SFF_V002_MASTER, ViewLayer | Synchronizing object | Node1_punched_rear_skin
Fra:22 Mem:258.86M (Peak 259.51M) | Time:00:00.24 | Mem:0.00M, Peak:0.00M | DELL_C6420_4N_24SFF_V002_MASTER, ViewLayer | Synchronizing object | Node1_horizontal_rear_return
Fra:22 Mem:260.98M (Peak 260.98M) | Time:00:00.24 | Mem:0.00M, Peak:0.00M | DELL_C6420_4N_24SFF_V002_MASTER, ViewLayer | Synchronizing object | Node1_USB_black_mask
Fra:22 Mem:261.01M (Peak 261.01M) | Time:00:00.24 | Mem:0.00M, Peak:0.00M | DELL_C6420_4N_24SFF_V002_MASTER, ViewLayer | Synchronizing object | PSU1_woven_edge_fibres
Fra:22 Mem:261.02M (Peak 261.02M) | Time:00:00.24 | Mem:0.00M, Peak:0.00M | DELL_C6420_4N_24SFF_V002_MASTER, ViewLayer | Synchronizing object | Node1_USB3A_0_metal_cavity
Fra:22 Mem:261.53M (Peak 261.53M) | Time:00:00.24 | Mem:0.00M, Peak:0.00M | DELL_C6420_4N_24SFF_V002_MASTER, ViewLayer | Synchronizing object | Node1_USB3A_0_dark_back
Fra:22 Mem:262.01M (Peak 262.01M) | Time:00:00.24 | Mem:0.00M, Peak:0.00M | DELL_C6420_4N_24SFF_V002_MASTER, ViewLayer | Synchronizing object | Node1_USB3A_0_blue_tongue
Fra:22 Mem:262.09M (Peak 262.09M) | Time:00:00.24 | Mem:0.00M, Peak:0.00M | DELL_C6420_4N_24SFF_V002_MASTER, ViewLayer | Synchronizing object | Node1_USB3A_0_front_contact_0
Fra:22 Mem:262.16M (Peak 262.16M) | Time:00:00.24 | Mem:0.00M, Peak:0.00M | DELL_C6420_4N_24SFF_V002_MASTER, ViewLayer | Synchronizing object | Node1_USB3A_0_rear_contact_0
Fra:22 Mem:262.34M (Peak 262.34M) | Time:00:00.24 | Mem:0.00M, Peak:0.00M | DELL_C6420_4N_24SFF_V002_MASTER, ViewLayer | Synchronizing object | Node1_USB_retention_spring
Fra:22 Mem:262.27M (Peak 262.34M) | Time:00:00.24 | Mem:0.00M, Peak:0.00M | DELL_C6420_4N_24SFF_V002_MASTER, ViewLayer | Synchronizing object | Node1_USB_icon_stem
Fra:22 Mem:262.39M (Peak 262.39M) | Time:00:00.24 | Mem:0.00M, Peak:0.00M | DELL_C6420_4N_24SFF_V002_MASTER, ViewLayer | Synchronizing object | Node1_USB_icon_branchA
Fra:22 Mem:262.38M (Peak 262.39M) | Time:00:00.24 | Mem:0.00M, Peak:0.00M | DELL_C6420_4N_24SFF_V002_MASTER, ViewLayer | Synchronizing object | Node1_USB_icon_branchB
Fra:22 Mem:262.38M (Peak 262.39M) | Time:00:00.24 | Mem:0.00M, Peak:0.00M | DELL_C6420_4N_24SFF_V002_MASTER, ViewLayer | Synchronizing object | Node1_USB_icon_circle
Fra:22 Mem:262.39M (Peak 262.39M) | Time:00:00.24 | Mem:0.00M, Peak:0.00M | DELL_C6420_4N_24SFF_V002_MASTER, ViewLayer | Synchronizing object | Node1_USB_icon_square
Fra:22 Mem:262.41M (Peak 262.41M) | Time:00:00.24 | Mem:0.00M, Peak:0.00M | DELL_C6420_4N_24SFF_V002_MASTER, ViewLayer | Synchronizing object | Node1_USB_icon_arrow
Fra:22 Mem:262.40M (Peak 262.41M) | Time:00:00.24 | Mem:0.00M, Peak:0.00M | DELL_C6420_4N_24SFF_V002_MASTER, ViewLayer | Synchronizing object | Node1_USB_icon_root
Fra:22 Mem:262.39M (Peak 262.41M) | Time:00:00.24 | Mem:0.00M, Peak:0.00M | DELL_C6420_4N_24SFF_V002_MASTER, ViewLayer | Synchronizing object | Node1_SFP_cage_0_metal_cavity
Fra:22 Mem:263.12M (Peak 263.12M) | Time:00:00.24 | Mem:0.00M, Peak:0.00M | DELL_C6420_4N_24SFF_V002_MASTER, ViewLayer | Synchronizing object | Node1_SFP_cage_0_dark_back
Fra:22 Mem:263.14M (Peak 263.14M) | Time:00:00.24 | Mem:0.00M, Peak:0.00M | DELL_C6420_4N_24SFF_V002_MASTER, ViewLayer | Synchronizing object | Node1_SFP_0_side_spring
Fra:22 Mem:262.02M (Peak 263.14M) | Time:00:00.24 | Mem:0.00M, Peak:0.00M | DELL_C6420_4N_24SFF_V002_MASTER, ViewLayer | Synchronizing object | Node1_SFP_0_top_tang
Fra:22 Mem:262.60M (Peak 263.14M) | Time:00:00.24 | Mem:0.00M, Peak:0.00M | DELL_C6420_4N_24SFF_V002_MASTER, ViewLayer | Synchronizing object | Node1_SFP_0_lower_flange
Fra:22 Mem:262.55M (Peak 263.14M) | Time:00:00.24 | Mem:0.00M, Peak:0.00M | DELL_C6420_4N_24SFF_V002_MASTER, ViewLayer | Synchronizing object | Node1_SFP_0_connector_insert
Fra:22 Mem:262.48M (Peak 263.14M) | Time:00:00.24 | Mem:0.00M, Peak:0.00M | DELL_C6420_4N_24SFF_V002_MASTER, ViewLayer | Synchronizing object | Node1_SFP_0_contact_0
Fra:22 Mem:262.61M (Peak 263.14M) | Time:00:00.24 | Mem:0.00M, Peak:0.00M | DELL_C6420_4N_24SFF_V002_MASTER, ViewLayer | Synchronizing object | Node1_SFP_index_0
Fra:22 Mem:262.69M (Peak 263.14M) | Time:00:00.24 | Mem:0.00M, Peak:0.00M | DELL_C6420_4N_24SFF_V002_MASTER, ViewLayer | Synchronizing object | Node1_SFP_index_1
Fra:22 Mem:263.32M (Peak 263.32M) | Time:00:00.24 | Mem:0.00M, Peak:0.00M | DELL_C6420_4N_24SFF_V002_MASTER, ViewLayer | Synchronizing object | Node1_MicroUSB_metal_cavity
Fra:22 Mem:263.32M (Peak 263.32M) | Time:00:00.24 | Mem:0.00M, Peak:0.00M | DELL_C6420_4N_24SFF_V002_MASTER, ViewLayer | Synchronizing object | Node1_MicroUSB_dark_back
Fra:22 Mem:263.40M (Peak 263.40M) | Time:00:00.24 | Mem:0.00M, Peak:0.00M | DELL_C6420_4N_24SFF_V002_MASTER, ViewLayer | Synchronizing object | Node1_MicroUSB_tongue
Fra:22 Mem:263.45M (Peak 263.45M) | Time:00:00.24 | Mem:0.00M, Peak:0.00M | DELL_C6420_4N_24SFF_V002_MASTER, ViewLayer | Synchronizing object | Node1_MiniDisplayPort_metal_cavity
Fra:22 Mem:263.61M (Peak 263.61M) | Time:00:00.24 | Mem:0.00M, Peak:0.00M | DELL_C6420_4N_24SFF_V002_MASTER, ViewLayer | Synchronizing object | Node1_MiniDisplayPort_dark_back
Fra:22 Mem:263.63M (Peak 263.63M) | Time:00:00.24 | Mem:0.00M, Peak:0.00M | DELL_C6420_4N_24SFF_V002_MASTER, ViewLayer | Synchronizing object | Node1_MiniDP_inner_shield_metal_cavity
Fra:22 Mem:263.97M (Peak 263.97M) | Time:00:00.24 | Mem:0.00M, Peak:0.00M | DELL_C6420_4N_24SFF_V002_MASTER, ViewLayer | Synchronizing object | Node1_MiniDP_inner_shield_dark_back
Fra:22 Mem:263.87M (Peak 263.97M) | Time:00:00.24 | Mem:0.00M, Peak:0.00M | DELL_C6420_4N_24SFF_V002_MASTER, ViewLayer | Synchronizing object | Node1_MiniDP_tongue
Fra:22 Mem:263.87M (Peak 263.97M) | Time:00:00.24 | Mem:0.00M, Peak:0.00M | DELL_C6420_4N_24SFF_V002_MASTER, ViewLayer | Synchronizing object | Node1_iDRAC_RJ45_metal_cavity
Fra:22 Mem:264.06M (Peak 264.06M) | Time:00:00.24 | Mem:0.00M, Peak:0.00M | DELL_C6420_4N_24SFF_V002_MASTER, ViewLayer | Synchronizing object | Node1_iDRAC_RJ45_dark_back
Fra:22 Mem:264.04M (Peak 264.06M) | Time:00:00.24 | Mem:0.00M, Peak:0.00M | DELL_C6420_4N_24SFF_V002_MASTER, ViewLayer | Synchronizing object | Node1_RJ45_spring_contact_1
Fra:22 Mem:264.20M (Peak 264.20M) | Time:00:00.24 | Mem:0.00M, Peak:0.00M | DELL_C6420_4N_24SFF_V002_MASTER, ViewLayer | Synchronizing object | Node1_RJ45_spring_contact_2
Fra:22 Mem:263.88M (Peak 264.20M) | Time:00:00.24 | Mem:0.00M, Peak:0.00M | DELL_C6420_4N_24SFF_V002_MASTER, ViewLayer | Synchronizing object | Node1_RJ45_spring_contact_3
Fra:22 Mem:264.55M (Peak 264.55M) | Time:00:00.24 | Mem:0.00M, Peak:0.00M | DELL_C6420_4N_24SFF_V002_MASTER, ViewLayer | Synchronizing object | Node1_RJ45_spring_contact_4
Fra:22 Mem:263.90M (Peak 264.55M) | Time:00:00.24 | Mem:0.00M, Peak:0.00M | DELL_C6420_4N_24SFF_V002_MASTER, ViewLayer | Synchronizing object | Node1_RJ45_spring_contact_5
Fra:22 Mem:263.77M (Peak 264.55M) | Time:00:00.24 | Mem:0.00M, Peak:0.00M | DELL_C6420_4N_24SFF_V002_MASTER, ViewLayer | Synchronizing object | PSU1_efficiency_exact_letters
Fra:22 Mem:263.78M (Peak 264.55M) | Time:00:00.24 | Mem:0.00M, Peak:0.00M | DELL_C6420_4N_24SFF_V002_MASTER, ViewLayer | Synchronizing object | Node1_RJ45_LED_lens
Fra:22 Mem:263.81M (Peak 264.55M) | Time:00:00.24 | Mem:0.00M, Peak:0.00M | DELL_C6420_4N_24SFF_V002_MASTER, ViewLayer | Synchronizing object | PSU1_2400W_exact_letters
Fra:22 Mem:263.80M (Peak 264.55M) | Time:00:00.24 | Mem:0.00M, Peak:0.00M | DELL_C6420_4N_24SFF_V002_MASTER, ViewLayer | Synchronizing object | PSU1_EPP_exact_letters
Fra:22 Mem:263.68M (Peak 264.55M) | Time:00:00.24 | Mem:0.00M, Peak:0.00M | DELL_C6420_4N_24SFF_V002_MASTER, ViewLayer | Synchronizing object | Node1_RJ45_LED_lens.001
Fra:22 Mem:263.73M (Peak 264.55M) | Time:00:00.24 | Mem:0.00M, Peak:0.00M | DELL_C6420_4N_24SFF_V002_MASTER, ViewLayer | Synchronizing object | Node1_long_black_grip_metal_cavity
Fra:22 Mem:263.78M (Peak 264.55M) | Time:00:00.24 | Mem:0.00M, Peak:0.00M | DELL_C6420_4N_24SFF_V002_MASTER, ViewLayer | Synchronizing object | Node1_long_black_grip_dark_back
Fra:22 Mem:263.87M (Peak 264.55M) | Time:00:00.24 | Mem:0.00M, Peak:0.00M | DELL_C6420_4N_24SFF_V002_MASTER, ViewLayer | Synchronizing object | Node1_grip_edge_fold
Fra:22 Mem:264.28M (Peak 264.55M) | Time:00:00.24 | Mem:0.00M, Peak:0.00M | DELL_C6420_4N_24SFF_V002_MASTER, ViewLayer | Synchronizing object | PSU1_EPP_real_print_paper
Fra:22 Mem:264.27M (Peak 264.55M) | Time:00:00.24 | Mem:0.00M, Peak:0.00M | DELL_C6420_4N_24SFF_V002_MASTER, ViewLayer | Synchronizing object | PSU2_woven_extraction_loop
Fra:22 Mem:264.32M (Peak 264.55M) | Time:00:00.24 | Mem:0.00M, Peak:0.00M | DELL_C6420_4N_24SFF_V002_MASTER, ViewLayer | Synchronizing object | Node1_grip_press_lug
Fra:22 Mem:264.33M (Peak 264.55M) | Time:00:00.24 | Mem:0.00M, Peak:0.00M | DELL_C6420_4N_24SFF_V002_MASTER, ViewLayer | Synchronizing object | Node1_blue_paddle_face
Fra:22 Mem:264.33M (Peak 264.55M) | Time:00:00.24 | Mem:0.00M, Peak:0.00M | DELL_C6420_4N_24SFF_V002_MASTER, ViewLayer | Synchronizing object | Node1_blue_hook_return
Fra:22 Mem:264.99M (Peak 264.99M) | Time:00:00.24 | Mem:0.00M, Peak:0.00M | DELL_C6420_4N_24SFF_V002_MASTER, ViewLayer | Synchronizing object | Node1_blue_hook_cross_return
Fra:22 Mem:265.10M (Peak 265.10M) | Time:00:00.24 | Mem:0.00M, Peak:0.00M | DELL_C6420_4N_24SFF_V002_MASTER, ViewLayer | Synchronizing object | Node1_blue_latch_mount_recessed_head
Fra:22 Mem:265.40M (Peak 265.40M) | Time:00:00.24 | Mem:0.00M, Peak:0.00M | DELL_C6420_4N_24SFF_V002_MASTER, ViewLayer | Synchronizing object | Node1_latch_steel_back
Fra:22 Mem:265.38M (Peak 265.40M) | Time:00:00.24 | Mem:0.00M, Peak:0.00M | DELL_C6420_4N_24SFF_V002_MASTER, ViewLayer | Synchronizing object | Node1_DP_mark
Fra:22 Mem:265.35M (Peak 265.40M) | Time:00:00.24 | Mem:0.00M, Peak:0.00M | DELL_C6420_4N_24SFF_V002_MASTER, ViewLayer | Synchronizing object | Node1_iDRAC_mark
Fra:22 Mem:265.35M (Peak 265.40M) | Time:00:00.24 | Mem:0.00M, Peak:0.00M | DELL_C6420_4N_24SFF_V002_MASTER, ViewLayer | Synchronizing object | Node1_MicroUSB_service_mark
Fra:22 Mem:265.30M (Peak 265.40M) | Time:00:00.24 | Mem:0.00M, Peak:0.00M | DELL_C6420_4N_24SFF_V002_MASTER, ViewLayer | Synchronizing object | Node1_EST_tag
Fra:22 Mem:265.31M (Peak 265.40M) | Time:00:00.24 | Mem:0.00M, Peak:0.00M | DELL_C6420_4N_24SFF_V002_MASTER, ViewLayer | Synchronizing object | Node1_EST_blue_print
Fra:22 Mem:265.73M (Peak 265.73M) | Time:00:00.24 | Mem:0.00M, Peak:0.00M | DELL_C6420_4N_24SFF_V002_MASTER, ViewLayer | Synchronizing object | Node1_EST_letters
Fra:22 Mem:265.74M (Peak 265.74M) | Time:00:00.24 | Mem:0.00M, Peak:0.00M | DELL_C6420_4N_24SFF_V002_MASTER, ViewLayer | Synchronizing object | Node2_punched_rear_skin
Fra:22 Mem:267.85M (Peak 267.85M) | Time:00:00.24 | Mem:0.00M, Peak:0.00M | DELL_C6420_4N_24SFF_V002_MASTER, ViewLayer | Synchronizing object | Node2_USB_icon_stem
Fra:22 Mem:267.90M (Peak 267.90M) | Time:00:00.24 | Mem:0.00M, Peak:0.00M | DELL_C6420_4N_24SFF_V002_MASTER, ViewLayer | Synchronizing object | Node2_USB_icon_branchA
Fra:22 Mem:268.27M (Peak 268.27M) | Time:00:00.24 | Mem:0.00M, Peak:0.00M | DELL_C6420_4N_24SFF_V002_MASTER, ViewLayer | Synchronizing object | Node2_USB_icon_branchB
Fra:22 Mem:268.15M (Peak 268.27M) | Time:00:00.24 | Mem:0.00M, Peak:0.00M | DELL_C6420_4N_24SFF_V002_MASTER, ViewLayer | Synchronizing object | Node2_RJ45_spring_contact_0
Fra:22 Mem:268.16M (Peak 268.27M) | Time:00:00.24 | Mem:0.00M, Peak:0.00M | DELL_C6420_4N_24SFF_V002_MASTER, ViewLayer | Synchronizing object | Node2_RJ45_spring_contact_2
Fra:22 Mem:268.21M (Peak 268.27M) | Time:00:00.24 | Mem:0.00M, Peak:0.00M | DELL_C6420_4N_24SFF_V002_MASTER, ViewLayer | Synchronizing object | Node2_RJ45_spring_contact_3
Fra:22 Mem:268.12M (Peak 268.27M) | Time:00:00.24 | Mem:0.00M, Peak:0.00M | DELL_C6420_4N_24SFF_V002_MASTER, ViewLayer | Synchronizing object | Node2_RJ45_spring_contact_4
Fra:22 Mem:268.12M (Peak 268.27M) | Time:00:00.24 | Mem:0.00M, Peak:0.00M | DELL_C6420_4N_24SFF_V002_MASTER, ViewLayer | Synchronizing object | Node2_RJ45_spring_contact_5
Fra:22 Mem:268.34M (Peak 268.34M) | Time:00:00.25 | Mem:0.00M, Peak:0.00M | DELL_C6420_4N_24SFF_V002_MASTER, ViewLayer | Synchronizing object | Node2_RJ45_spring_contact_6
Fra:22 Mem:268.32M (Peak 268.34M) | Time:00:00.25 | Mem:0.00M, Peak:0.00M | DELL_C6420_4N_24SFF_V002_MASTER, ViewLayer | Synchronizing object | Node3_punched_rear_skin
Fra:22 Mem:270.09M (Peak 270.09M) | Time:00:00.25 | Mem:0.00M, Peak:0.00M | DELL_C6420_4N_24SFF_V002_MASTER, ViewLayer | Synchronizing object | Node3_USB_icon_stem
Fra:22 Mem:270.09M (Peak 270.09M) | Time:00:00.25 | Mem:0.00M, Peak:0.00M | DELL_C6420_4N_24SFF_V002_MASTER, ViewLayer | Synchronizing object | Node3_USB_icon_branchA
Fra:22 Mem:270.00M (Peak 270.09M) | Time:00:00.25 | Mem:0.00M, Peak:0.00M | DELL_C6420_4N_24SFF_V002_MASTER, ViewLayer | Synchronizing object | Node3_USB_icon_branchB
Fra:22 Mem:270.01M (Peak 270.09M) | Time:00:00.25 | Mem:0.00M, Peak:0.00M | DELL_C6420_4N_24SFF_V002_MASTER, ViewLayer | Synchronizing object | PSU2_curved_fan_vane_5
Fra:22 Mem:270.06M (Peak 270.09M) | Time:00:00.25 | Mem:0.00M, Peak:0.00M | DELL_C6420_4N_24SFF_V002_MASTER, ViewLayer | Synchronizing object | Node3_RJ45_spring_contact_0
Fra:22 Mem:270.12M (Peak 270.12M) | Time:00:00.25 | Mem:0.00M, Peak:0.00M | DELL_C6420_4N_24SFF_V002_MASTER, ViewLayer | Synchronizing object | Node3_RJ45_spring_contact_1
Fra:22 Mem:272.19M (Peak 272.19M) | Time:00:00.25 | Mem:0.00M, Peak:0.00M | DELL_C6420_4N_24SFF_V002_MASTER, ViewLayer | Synchronizing object | Node3_RJ45_spring_contact_2
Fra:22 Mem:272.28M (Peak 272.28M) | Time:00:00.25 | Mem:0.00M, Peak:0.00M | DELL_C6420_4N_24SFF_V002_MASTER, ViewLayer | Synchronizing object | Node3_RJ45_spring_contact_3
Fra:22 Mem:272.29M (Peak 272.29M) | Time:00:00.25 | Mem:0.00M, Peak:0.00M | DELL_C6420_4N_24SFF_V002_MASTER, ViewLayer | Synchronizing object | Node3_RJ45_spring_contact_4
Fra:22 Mem:272.38M (Peak 272.38M) | Time:00:00.25 | Mem:0.00M, Peak:0.00M | DELL_C6420_4N_24SFF_V002_MASTER, ViewLayer | Synchronizing object | PSU2_curved_fan_vane_4
Fra:22 Mem:272.38M (Peak 272.38M) | Time:00:00.25 | Mem:0.00M, Peak:0.00M | DELL_C6420_4N_24SFF_V002_MASTER, ViewLayer | Synchronizing object | Node3_RJ45_spring_contact_6
Fra:22 Mem:272.50M (Peak 272.50M) | Time:00:00.25 | Mem:0.00M, Peak:0.00M | DELL_C6420_4N_24SFF_V002_MASTER, ViewLayer | Synchronizing object | Node3_RJ45_spring_contact_7
Fra:22 Mem:272.51M (Peak 272.51M) | Time:00:00.25 | Mem:0.00M, Peak:0.00M | DELL_C6420_4N_24SFF_V002_MASTER, ViewLayer | Synchronizing object | Node4_punched_rear_skin
Fra:22 Mem:274.63M (Peak 274.63M) | Time:00:00.25 | Mem:0.00M, Peak:0.00M | DELL_C6420_4N_24SFF_V002_MASTER, ViewLayer | Synchronizing object | PSU2_curved_fan_vane_3
Fra:22 Mem:275.29M (Peak 275.29M) | Time:00:00.25 | Mem:0.00M, Peak:0.00M | DELL_C6420_4N_24SFF_V002_MASTER, ViewLayer | Synchronizing object | PSU2_curved_fan_vane_2
Fra:22 Mem:275.32M (Peak 275.32M) | Time:00:00.25 | Mem:0.00M, Peak:0.00M | DELL_C6420_4N_24SFF_V002_MASTER, ViewLayer | Synchronizing object | PSU2_curved_fan_vane_1
Fra:22 Mem:275.33M (Peak 275.33M) | Time:00:00.25 | Mem:0.00M, Peak:0.00M | DELL_C6420_4N_24SFF_V002_MASTER, ViewLayer | Synchronizing object | Node4_USB_icon_stem
Fra:22 Mem:275.44M (Peak 275.44M) | Time:00:00.25 | Mem:0.00M, Peak:0.00M | DELL_C6420_4N_24SFF_V002_MASTER, ViewLayer | Synchronizing object | PSU2_curved_fan_vane_0
Fra:22 Mem:275.47M (Peak 275.47M) | Time:00:00.25 | Mem:0.00M, Peak:0.00M | DELL_C6420_4N_24SFF_V002_MASTER, ViewLayer | Synchronizing object | PSU1_woven_extraction_loop
Fra:22 Mem:275.62M (Peak 275.62M) | Time:00:00.25 | Mem:0.00M, Peak:0.00M | DELL_C6420_4N_24SFF_V002_MASTER, ViewLayer | Synchronizing object | PSU1_vertical_pull_anchor
Fra:22 Mem:275.64M (Peak 275.64M) | Time:00:00.25 | Mem:0.00M, Peak:0.00M | DELL_C6420_4N_24SFF_V002_MASTER, ViewLayer | Synchronizing object | PSU1_round_EPP_label_substrate
Fra:22 Mem:275.83M (Peak 275.83M) | Time:00:00.25 | Mem:0.00M, Peak:0.00M | DELL_C6420_4N_24SFF_V002_MASTER, ViewLayer | Synchronizing object | PSU1_fan_screw_recessed_head.001
Fra:22 Mem:278.93M (Peak 278.93M) | Time:00:00.25 | Mem:0.00M, Peak:0.00M | DELL_C6420_4N_24SFF_V002_MASTER, ViewLayer | Synchronizing object | PSU1_fan_screw_recess_floor
Fra:22 Mem:278.94M (Peak 278.94M) | Time:00:00.25 | Mem:0.00M, Peak:0.00M | DELL_C6420_4N_24SFF_V002_MASTER, ViewLayer | Synchronizing object | PSU1_fan_screw_recessed_head
Fra:22 Mem:278.40M (Peak 278.94M) | Time:00:00.25 | Mem:0.00M, Peak:0.00M | DELL_C6420_4N_24SFF_V002_MASTER, ViewLayer | Synchronizing object | Node4_USB_icon_branchA
Fra:22 Mem:278.40M (Peak 278.94M) | Time:00:00.25 | Mem:0.00M, Peak:0.00M | DELL_C6420_4N_24SFF_V002_MASTER, ViewLayer | Synchronizing object | Node4_USB_icon_branchB
Fra:22 Mem:278.42M (Peak 278.94M) | Time:00:00.25 | Mem:0.00M, Peak:0.00M | DELL_C6420_4N_24SFF_V002_MASTER, ViewLayer | Synchronizing object | Node4_RJ45_spring_contact_0
Fra:22 Mem:278.42M (Peak 278.94M) | Time:00:00.25 | Mem:0.00M, Peak:0.00M | DELL_C6420_4N_24SFF_V002_MASTER, ViewLayer | Synchronizing object | Node4_RJ45_spring_contact_1
Fra:22 Mem:278.31M (Peak 278.94M) | Time:00:00.25 | Mem:0.00M, Peak:0.00M | DELL_C6420_4N_24SFF_V002_MASTER, ViewLayer | Synchronizing object | Node4_RJ45_spring_contact_2
Fra:22 Mem:278.28M (Peak 278.94M) | Time:00:00.25 | Mem:0.00M, Peak:0.00M | DELL_C6420_4N_24SFF_V002_MASTER, ViewLayer | Synchronizing object | PSU1_corner_washer
Fra:22 Mem:278.39M (Peak 278.94M) | Time:00:00.26 | Mem:0.00M, Peak:0.00M | DELL_C6420_4N_24SFF_V002_MASTER, ViewLayer | Synchronizing object | PSU1_flat_guard_crossbar_1
Fra:22 Mem:278.42M (Peak 278.94M) | Time:00:00.26 | Mem:0.00M, Peak:0.00M | DELL_C6420_4N_24SFF_V002_MASTER, ViewLayer | Synchronizing object | PSU1_flat_guard_crossbar_-1
Fra:22 Mem:278.44M (Peak 278.94M) | Time:00:00.26 | Mem:0.00M, Peak:0.00M | DELL_C6420_4N_24SFF_V002_MASTER, ViewLayer | Synchronizing object | PSU1_curved_fan_vane_6
Fra:22 Mem:278.46M (Peak 278.94M) | Time:00:00.26 | Mem:0.00M, Peak:0.00M | DELL_C6420_4N_24SFF_V002_MASTER, ViewLayer | Synchronizing object | PSU1_curved_fan_vane_5
Fra:22 Mem:278.48M (Peak 278.94M) | Time:00:00.26 | Mem:0.00M, Peak:0.00M | DELL_C6420_4N_24SFF_V002_MASTER, ViewLayer | Synchronizing object | PSU1_curved_fan_vane_4
Fra:22 Mem:278.50M (Peak 278.94M) | Time:00:00.26 | Mem:0.00M, Peak:0.00M | DELL_C6420_4N_24SFF_V002_MASTER, ViewLayer | Synchronizing object | PSU1_curved_fan_vane_3
Fra:22 Mem:278.54M (Peak 278.94M) | Time:00:00.26 | Mem:0.00M, Peak:0.00M | DELL_C6420_4N_24SFF_V002_MASTER, ViewLayer | Synchronizing object | PSU1_curved_fan_vane_2
Fra:22 Mem:278.57M (Peak 278.94M) | Time:00:00.26 | Mem:0.00M, Peak:0.00M | DELL_C6420_4N_24SFF_V002_MASTER, ViewLayer | Synchronizing object | PSU1_curved_fan_vane_1
Fra:22 Mem:278.59M (Peak 278.94M) | Time:00:00.26 | Mem:0.00M, Peak:0.00M | DELL_C6420_4N_24SFF_V002_MASTER, ViewLayer | Synchronizing object | PSU1_curved_fan_vane_0
Fra:22 Mem:278.61M (Peak 278.94M) | Time:00:00.26 | Mem:0.00M, Peak:0.00M | DELL_C6420_4N_24SFF_V002_MASTER, ViewLayer | Synchronizing object | PSU1_fan_motor_hub
Fra:22 Mem:278.72M (Peak 278.94M) | Time:00:00.26 | Mem:0.00M, Peak:0.00M | DELL_C6420_4N_24SFF_V002_MASTER, ViewLayer | Synchronizing object | PSU1_fan_shroud_dark_back
Fra:22 Mem:278.73M (Peak 278.94M) | Time:00:00.26 | Mem:0.00M, Peak:0.00M | DELL_C6420_4N_24SFF_V002_MASTER, ViewLayer | Synchronizing object | PSU1_fan_shroud_metal_cavity
Fra:22 Mem:279.16M (Peak 279.16M) | Time:00:00.26 | Mem:0.00M, Peak:0.00M | DELL_C6420_4N_24SFF_V002_MASTER, ViewLayer | Synchronizing object | Node4_RJ45_spring_contact_3
Fra:22 Mem:279.01M (Peak 279.16M) | Time:00:00.26 | Mem:0.00M, Peak:0.00M | DELL_C6420_4N_24SFF_V002_MASTER, ViewLayer | Synchronizing object | PSU1_octagonal_fan_guard
Fra:22 Mem:279.04M (Peak 279.16M) | Time:00:00.26 | Mem:0.00M, Peak:0.00M | DELL_C6420_4N_24SFF_V002_MASTER, ViewLayer | Synchronizing object | Node4_RJ45_spring_contact_4
Fra:22 Mem:279.24M (Peak 279.24M) | Time:00:00.26 | Mem:0.00M, Peak:0.00M | DELL_C6420_4N_24SFF_V002_MASTER, ViewLayer | Synchronizing object | Node4_RJ45_spring_contact_5
Fra:22 Mem:279.17M (Peak 279.24M) | Time:00:00.26 | Mem:0.00M, Peak:0.00M | DELL_C6420_4N_24SFF_V002_MASTER, ViewLayer | Synchronizing object | PSU1_latch_track
Fra:22 Mem:281.01M (Peak 281.01M) | Time:00:00.26 | Mem:0.00M, Peak:0.00M | DELL_C6420_4N_24SFF_V002_MASTER, ViewLayer | Synchronizing object | PSU1_orange_release_paddle
Fra:22 Mem:281.03M (Peak 281.03M) | Time:00:00.26 | Mem:0.00M, Peak:0.00M | DELL_C6420_4N_24SFF_V002_MASTER, ViewLayer | Synchronizing object | Node4_RJ45_spring_contact_6
Fra:22 Mem:281.06M (Peak 281.06M) | Time:00:00.26 | Mem:0.00M, Peak:0.00M | DELL_C6420_4N_24SFF_V002_MASTER, ViewLayer | Synchronizing object | Node4_RJ45_spring_contact_7
Fra:22 Mem:281.06M (Peak 281.06M) | Time:00:00.26 | Mem:0.00M, Peak:0.00M | DELL_C6420_4N_24SFF_V002_MASTER, ViewLayer | Synchronizing object | Drive00_metal_enclosure
Fra:22 Mem:281.07M (Peak 281.07M) | Time:00:00.26 | Mem:0.00M, Peak:0.00M | DELL_C6420_4N_24SFF_V002_MASTER, ViewLayer | Synchronizing object | Carrier00_sheet_side_-1
Fra:22 Mem:281.02M (Peak 281.07M) | Time:00:00.26 | Mem:0.00M, Peak:0.00M | DELL_C6420_4N_24SFF_V002_MASTER, ViewLayer | Synchronizing object | Carrier00_folded_runner_-1
Fra:22 Mem:278.77M (Peak 281.07M) | Time:00:00.26 | Mem:0.00M, Peak:0.00M | DELL_C6420_4N_24SFF_V002_MASTER, ViewLayer | Synchronizing object | Carrier00_setback_honeycomb
Fra:22 Mem:278.77M (Peak 281.07M) | Time:00:00.26 | Mem:0.00M, Peak:0.00M | DELL_C6420_4N_24SFF_V002_MASTER, ViewLayer | Synchronizing object | Carrier00_fixed_outer_bezel
Fra:22 Mem:278.97M (Peak 281.07M) | Time:00:00.26 | Mem:0.00M, Peak:0.00M | DELL_C6420_4N_24SFF_V002_MASTER, ViewLayer | Synchronizing object | Carrier00_fixed_vertical_land
Fra:22 Mem:278.99M (Peak 281.07M) | Time:00:00.26 | Mem:0.00M, Peak:0.00M | DELL_C6420_4N_24SFF_V002_MASTER, ViewLayer | Synchronizing object | PSU1_AC_blade_0
Fra:22 Mem:279.53M (Peak 281.07M) | Time:00:00.26 | Mem:0.00M, Peak:0.00M | DELL_C6420_4N_24SFF_V002_MASTER, ViewLayer | Synchronizing object | PSU1_AC_C20_recess_dark_back
Fra:22 Mem:279.68M (Peak 281.07M) | Time:00:00.26 | Mem:0.00M, Peak:0.00M | DELL_C6420_4N_24SFF_V002_MASTER, ViewLayer | Synchronizing object | PSU1_AC_C20_recess_metal_cavity
Fra:22 Mem:275.30M (Peak 281.07M) | Time:00:00.27 | Mem:0.00M, Peak:0.00M | DELL_C6420_4N_24SFF_V002_MASTER, ViewLayer | Synchronizing object | PSU1_AC_black_rim
Fra:22 Mem:276.02M (Peak 281.07M) | Time:00:00.27 | Mem:0.00M, Peak:0.00M | DELL_C6420_4N_24SFF_V002_MASTER, ViewLayer | Synchronizing object | PSU1_front_sheet
Fra:22 Mem:276.76M (Peak 281.07M) | Time:00:00.27 | Mem:0.00M, Peak:0.00M | DELL_C6420_4N_24SFF_V002_MASTER, ViewLayer | Synchronizing object | Carrier00_silver_handle_frame
Fra:22 Mem:276.81M (Peak 281.07M) | Time:00:00.27 | Mem:0.00M, Peak:0.00M | DELL_C6420_4N_24SFF_V002_MASTER, ViewLayer | Synchronizing object | Carrier00_three_window_handle
Fra:22 Mem:277.08M (Peak 281.07M) | Time:00:00.27 | Mem:0.00M, Peak:0.00M | DELL_C6420_4N_24SFF_V002_MASTER, ViewLayer | Synchronizing object | PSU1_internal_end
Fra:22 Mem:277.09M (Peak 281.07M) | Time:00:00.27 | Mem:0.00M, Peak:0.00M | DELL_C6420_4N_24SFF_V002_MASTER, ViewLayer | Synchronizing object | PSU1_horizontal_shell
Fra:22 Mem:277.57M (Peak 281.07M) | Time:00:00.27 | Mem:0.00M, Peak:0.00M | DELL_C6420_4N_24SFF_V002_MASTER, ViewLayer | Synchronizing object | PSU1_side_shell
Fra:22 Mem:277.99M (Peak 281.07M) | Time:00:00.27 | Mem:0.00M, Peak:0.00M | DELL_C6420_4N_24SFF_V002_MASTER, ViewLayer | Synchronizing object | Carrier00_setback_dark_air_shade
Fra:22 Mem:278.08M (Peak 281.07M) | Time:00:00.27 | Mem:0.00M, Peak:0.00M | DELL_C6420_4N_24SFF_V002_MASTER, ViewLayer | Synchronizing object | Carrier23_EMI_spring_1_8
Fra:22 Mem:278.08M (Peak 281.07M) | Time:00:00.27 | Mem:0.00M, Peak:0.00M | DELL_C6420_4N_24SFF_V002_MASTER, ViewLayer | Synchronizing object | Carrier23_EMI_spring_1_7
Fra:22 Mem:278.22M (Peak 281.07M) | Time:00:00.27 | Mem:0.00M, Peak:0.00M | DELL_C6420_4N_24SFF_V002_MASTER, ViewLayer | Synchronizing object | Carrier23_EMI_spring_1_6
Fra:22 Mem:278.31M (Peak 281.07M) | Time:00:00.27 | Mem:0.00M, Peak:0.00M | DELL_C6420_4N_24SFF_V002_MASTER, ViewLayer | Synchronizing object | Carrier23_EMI_spring_1_5
Fra:22 Mem:278.35M (Peak 281.07M) | Time:00:00.27 | Mem:0.00M, Peak:0.00M | DELL_C6420_4N_24SFF_V002_MASTER, ViewLayer | Synchronizing object | Carrier23_EMI_spring_1_4
Fra:22 Mem:279.15M (Peak 281.07M) | Time:00:00.27 | Mem:0.00M, Peak:0.00M | DELL_C6420_4N_24SFF_V002_MASTER, ViewLayer | Synchronizing object | Carrier23_EMI_spring_1_3
Fra:22 Mem:279.96M (Peak 281.07M) | Time:00:00.27 | Mem:0.00M, Peak:0.00M | DELL_C6420_4N_24SFF_V002_MASTER, ViewLayer | Synchronizing object | Carrier23_EMI_spring_1_2
Fra:22 Mem:279.97M (Peak 281.07M) | Time:00:00.27 | Mem:0.00M, Peak:0.00M | DELL_C6420_4N_24SFF_V002_MASTER, ViewLayer | Synchronizing object | Carrier23_EMI_spring_1_1
Fra:22 Mem:279.98M (Peak 281.07M) | Time:00:00.27 | Mem:0.00M, Peak:0.00M | DELL_C6420_4N_24SFF_V002_MASTER, ViewLayer | Synchronizing object | Carrier23_EMI_spring_1_0
Fra:22 Mem:279.99M (Peak 281.07M) | Time:00:00.27 | Mem:0.00M, Peak:0.00M | DELL_C6420_4N_24SFF_V002_MASTER, ViewLayer | Synchronizing object | Carrier23_EMI_spring_-1_8
Fra:22 Mem:280.01M (Peak 281.07M) | Time:00:00.27 | Mem:0.00M, Peak:0.00M | DELL_C6420_4N_24SFF_V002_MASTER, ViewLayer | Synchronizing object | Carrier00_handle_top_thumb_land
Fra:22 Mem:280.02M (Peak 281.07M) | Time:00:00.27 | Mem:0.00M, Peak:0.00M | DELL_C6420_4N_24SFF_V002_MASTER, ViewLayer | Synchronizing object | Carrier23_EMI_spring_-1_7
Fra:22 Mem:280.05M (Peak 281.07M) | Time:00:00.27 | Mem:0.00M, Peak:0.00M | DELL_C6420_4N_24SFF_V002_MASTER, ViewLayer | Synchronizing object | Carrier23_EMI_spring_-1_6
Fra:22 Mem:280.05M (Peak 281.07M) | Time:00:00.27 | Mem:0.00M, Peak:0.00M | DELL_C6420_4N_24SFF_V002_MASTER, ViewLayer | Synchronizing object | Carrier00_label_inset_pad
Fra:22 Mem:279.91M (Peak 281.07M) | Time:00:00.27 | Mem:0.00M, Peak:0.00M | DELL_C6420_4N_24SFF_V002_MASTER, ViewLayer | Synchronizing object | Carrier23_EMI_spring_-1_5
Fra:22 Mem:279.92M (Peak 281.07M) | Time:00:00.27 | Mem:0.00M, Peak:0.00M | DELL_C6420_4N_24SFF_V002_MASTER, ViewLayer | Synchronizing object | Carrier23_EMI_spring_-1_4
Fra:22 Mem:279.93M (Peak 281.07M) | Time:00:00.27 | Mem:0.00M, Peak:0.00M | DELL_C6420_4N_24SFF_V002_MASTER, ViewLayer | Synchronizing object | Carrier23_EMI_spring_-1_3
Fra:22 Mem:279.94M (Peak 281.07M) | Time:00:00.27 | Mem:0.00M, Peak:0.00M | DELL_C6420_4N_24SFF_V002_MASTER, ViewLayer | Synchronizing object | Carrier23_EMI_spring_-1_2
Fra:22 Mem:279.97M (Peak 281.07M) | Time:00:00.27 | Mem:0.00M, Peak:0.00M | DELL_C6420_4N_24SFF_V002_MASTER, ViewLayer | Synchronizing object | Carrier00_hinge_axle
Fra:22 Mem:279.98M (Peak 281.07M) | Time:00:00.27 | Mem:0.00M, Peak:0.00M | DELL_C6420_4N_24SFF_V002_MASTER, ViewLayer | Synchronizing object | Carrier23_EMI_spring_-1_1
Fra:22 Mem:280.17M (Peak 281.07M) | Time:00:00.27 | Mem:0.00M, Peak:0.00M | DELL_C6420_4N_24SFF_V002_MASTER, ViewLayer | Synchronizing object | Carrier23_EMI_spring_-1_0
Fra:22 Mem:280.25M (Peak 281.07M) | Time:00:00.27 | Mem:0.00M, Peak:0.00M | DELL_C6420_4N_24SFF_V002_MASTER, ViewLayer | Synchronizing object | Carrier23_activity_symbol
Fra:22 Mem:280.28M (Peak 281.07M) | Time:00:00.27 | Mem:0.00M, Peak:0.00M | DELL_C6420_4N_24SFF_V002_MASTER, ViewLayer | Synchronizing object | Carrier00_hinge_return_spring
Fra:22 Mem:280.26M (Peak 281.07M) | Time:00:00.27 | Mem:0.00M, Peak:0.00M | DELL_C6420_4N_24SFF_V002_MASTER, ViewLayer | Synchronizing object | Carrier23_hinge_return_spring
Fra:22 Mem:280.37M (Peak 281.07M) | Time:00:00.27 | Mem:0.00M, Peak:0.00M | DELL_C6420_4N_24SFF_V002_MASTER, ViewLayer | Synchronizing object | Carrier00_release_bezel
Fra:22 Mem:280.40M (Peak 281.07M) | Time:00:00.27 | Mem:0.00M, Peak:0.00M | DELL_C6420_4N_24SFF_V002_MASTER, ViewLayer | Synchronizing object | Carrier00_square_release_pad
Fra:22 Mem:280.48M (Peak 281.07M) | Time:00:00.27 | Mem:0.00M, Peak:0.00M | DELL_C6420_4N_24SFF_V002_MASTER, ViewLayer | Synchronizing object | Carrier00_orange_release_ring
Fra:22 Mem:280.54M (Peak 281.07M) | Time:00:00.27 | Mem:0.00M, Peak:0.00M | DELL_C6420_4N_24SFF_V002_MASTER, ViewLayer | Synchronizing object | Carrier00_indicator_strip
Fra:22 Mem:280.81M (Peak 281.07M) | Time:00:00.27 | Mem:0.00M, Peak:0.00M | DELL_C6420_4N_24SFF_V002_MASTER, ViewLayer | Synchronizing object | Carrier00_status_lens_0
Fra:22 Mem:281.42M (Peak 281.42M) | Time:00:00.27 | Mem:0.00M, Peak:0.00M | DELL_C6420_4N_24SFF_V002_MASTER, ViewLayer | Synchronizing object | Carrier00_activity_symbol
Fra:22 Mem:281.36M (Peak 281.42M) | Time:00:00.27 | Mem:0.00M, Peak:0.00M | DELL_C6420_4N_24SFF_V002_MASTER, ViewLayer | Synchronizing object | Carrier00_disk_symbol
Fra:22 Mem:281.71M (Peak 281.71M) | Time:00:00.27 | Mem:0.00M, Peak:0.00M | DELL_C6420_4N_24SFF_V002_MASTER, ViewLayer | Synchronizing object | Carrier00_EMI_spring_-1_0
Fra:22 Mem:281.70M (Peak 281.71M) | Time:00:00.27 | Mem:0.00M, Peak:0.00M | DELL_C6420_4N_24SFF_V002_MASTER, ViewLayer | Synchronizing object | Carrier00_EMI_spring_-1_1
Fra:22 Mem:281.70M (Peak 281.71M) | Time:00:00.27 | Mem:0.00M, Peak:0.00M | DELL_C6420_4N_24SFF_V002_MASTER, ViewLayer | Synchronizing object | Carrier00_EMI_spring_-1_2
Fra:22 Mem:281.70M (Peak 281.71M) | Time:00:00.27 | Mem:0.00M, Peak:0.00M | DELL_C6420_4N_24SFF_V002_MASTER, ViewLayer | Synchronizing object | Carrier00_EMI_spring_-1_3
Fra:22 Mem:283.35M (Peak 283.36M) | Time:00:00.27 | Mem:0.00M, Peak:0.00M | DELL_C6420_4N_24SFF_V002_MASTER, ViewLayer | Synchronizing object | Carrier00_EMI_spring_-1_4
Fra:22 Mem:284.08M (Peak 284.08M) | Time:00:00.27 | Mem:0.00M, Peak:0.00M | DELL_C6420_4N_24SFF_V002_MASTER, ViewLayer | Synchronizing object | Carrier22_EMI_spring_1_8
Fra:22 Mem:284.06M (Peak 284.08M) | Time:00:00.27 | Mem:0.00M, Peak:0.00M | DELL_C6420_4N_24SFF_V002_MASTER, ViewLayer | Synchronizing object | Carrier22_EMI_spring_1_7
Fra:22 Mem:281.66M (Peak 284.08M) | Time:00:00.27 | Mem:0.00M, Peak:0.00M | DELL_C6420_4N_24SFF_V002_MASTER, ViewLayer | Synchronizing object | Carrier22_EMI_spring_1_6
Fra:22 Mem:282.20M (Peak 284.08M) | Time:00:00.28 | Mem:0.00M, Peak:0.00M | DELL_C6420_4N_24SFF_V002_MASTER, ViewLayer | Synchronizing object | Carrier22_EMI_spring_1_5
Fra:22 Mem:282.21M (Peak 284.08M) | Time:00:00.28 | Mem:0.00M, Peak:0.00M | DELL_C6420_4N_24SFF_V002_MASTER, ViewLayer | Synchronizing object | Carrier22_EMI_spring_1_4
Fra:22 Mem:282.23M (Peak 284.08M) | Time:00:00.28 | Mem:0.00M, Peak:0.00M | DELL_C6420_4N_24SFF_V002_MASTER, ViewLayer | Synchronizing object | Carrier22_EMI_spring_1_3
Fra:22 Mem:282.25M (Peak 284.08M) | Time:00:00.28 | Mem:0.00M, Peak:0.00M | DELL_C6420_4N_24SFF_V002_MASTER, ViewLayer | Synchronizing object | Carrier22_EMI_spring_1_2
Fra:22 Mem:282.14M (Peak 284.08M) | Time:00:00.28 | Mem:0.00M, Peak:0.00M | DELL_C6420_4N_24SFF_V002_MASTER, ViewLayer | Synchronizing object | Carrier22_EMI_spring_1_1
Fra:22 Mem:282.15M (Peak 284.08M) | Time:00:00.28 | Mem:0.00M, Peak:0.00M | DELL_C6420_4N_24SFF_V002_MASTER, ViewLayer | Synchronizing object | Carrier00_EMI_spring_-1_5
Fra:22 Mem:282.45M (Peak 284.08M) | Time:00:00.28 | Mem:0.00M, Peak:0.00M | DELL_C6420_4N_24SFF_V002_MASTER, ViewLayer | Synchronizing object | Carrier22_EMI_spring_1_0
Fra:22 Mem:284.07M (Peak 284.08M) | Time:00:00.28 | Mem:0.00M, Peak:0.00M | DELL_C6420_4N_24SFF_V002_MASTER, ViewLayer | Synchronizing object | Carrier22_EMI_spring_-1_8
Fra:22 Mem:284.10M (Peak 284.10M) | Time:00:00.28 | Mem:0.00M, Peak:0.00M | DELL_C6420_4N_24SFF_V002_MASTER, ViewLayer | Synchronizing object | Carrier00_EMI_spring_-1_6
Fra:22 Mem:284.10M (Peak 284.10M) | Time:00:00.28 | Mem:0.00M, Peak:0.00M | DELL_C6420_4N_24SFF_V002_MASTER, ViewLayer | Synchronizing object | Carrier22_EMI_spring_-1_7
Fra:22 Mem:284.12M (Peak 284.12M) | Time:00:00.28 | Mem:0.00M, Peak:0.00M | DELL_C6420_4N_24SFF_V002_MASTER, ViewLayer | Synchronizing object | Carrier00_EMI_spring_-1_7
Fra:22 Mem:284.14M (Peak 284.14M) | Time:00:00.28 | Mem:0.00M, Peak:0.00M | DELL_C6420_4N_24SFF_V002_MASTER, ViewLayer | Synchronizing object | Carrier22_EMI_spring_-1_6
Fra:22 Mem:284.15M (Peak 284.15M) | Time:00:00.28 | Mem:0.00M, Peak:0.00M | DELL_C6420_4N_24SFF_V002_MASTER, ViewLayer | Synchronizing object | Carrier00_EMI_spring_-1_8
Fra:22 Mem:284.20M (Peak 284.20M) | Time:00:00.28 | Mem:0.00M, Peak:0.00M | DELL_C6420_4N_24SFF_V002_MASTER, ViewLayer | Synchronizing object | Carrier22_EMI_spring_-1_5
Fra:22 Mem:284.21M (Peak 284.21M) | Time:00:00.28 | Mem:0.00M, Peak:0.00M | DELL_C6420_4N_24SFF_V002_MASTER, ViewLayer | Synchronizing object | Carrier22_EMI_spring_-1_4
Fra:22 Mem:284.75M (Peak 284.75M) | Time:00:00.28 | Mem:0.00M, Peak:0.00M | DELL_C6420_4N_24SFF_V002_MASTER, ViewLayer | Synchronizing object | Carrier22_EMI_spring_-1_3
Fra:22 Mem:284.76M (Peak 284.76M) | Time:00:00.28 | Mem:0.00M, Peak:0.00M | DELL_C6420_4N_24SFF_V002_MASTER, ViewLayer | Synchronizing object | Carrier00_EMI_spring_1_0
Fra:22 Mem:284.80M (Peak 284.80M) | Time:00:00.28 | Mem:0.00M, Peak:0.00M | DELL_C6420_4N_24SFF_V002_MASTER, ViewLayer | Synchronizing object | Carrier22_EMI_spring_-1_2
Fra:22 Mem:284.28M (Peak 284.80M) | Time:00:00.28 | Mem:0.00M, Peak:0.00M | DELL_C6420_4N_24SFF_V002_MASTER, ViewLayer | Synchronizing object | Carrier22_EMI_spring_-1_1
Fra:22 Mem:284.31M (Peak 284.80M) | Time:00:00.28 | Mem:0.00M, Peak:0.00M | DELL_C6420_4N_24SFF_V002_MASTER, ViewLayer | Synchronizing object | Carrier00_EMI_spring_1_1
Fra:22 Mem:284.34M (Peak 284.80M) | Time:00:00.28 | Mem:0.00M, Peak:0.00M | DELL_C6420_4N_24SFF_V002_MASTER, ViewLayer | Synchronizing object | Carrier22_EMI_spring_-1_0
Fra:22 Mem:284.94M (Peak 284.94M) | Time:00:00.28 | Mem:0.00M, Peak:0.00M | DELL_C6420_4N_24SFF_V002_MASTER, ViewLayer | Synchronizing object | Carrier22_activity_symbol
Fra:22 Mem:284.95M (Peak 284.95M) | Time:00:00.28 | Mem:0.00M, Peak:0.00M | DELL_C6420_4N_24SFF_V002_MASTER, ViewLayer | Synchronizing object | Carrier00_EMI_spring_1_2
Fra:22 Mem:284.97M (Peak 284.97M) | Time:00:00.28 | Mem:0.00M, Peak:0.00M | DELL_C6420_4N_24SFF_V002_MASTER, ViewLayer | Synchronizing object | Carrier00_EMI_spring_1_3
Fra:22 Mem:284.96M (Peak 284.97M) | Time:00:00.28 | Mem:0.00M, Peak:0.00M | DELL_C6420_4N_24SFF_V002_MASTER, ViewLayer | Synchronizing object | Carrier22_hinge_return_spring
Fra:22 Mem:284.97M (Peak 284.97M) | Time:00:00.28 | Mem:0.00M, Peak:0.00M | DELL_C6420_4N_24SFF_V002_MASTER, ViewLayer | Synchronizing object | Carrier00_EMI_spring_1_4
Fra:22 Mem:285.03M (Peak 285.03M) | Time:00:00.28 | Mem:0.00M, Peak:0.00M | DELL_C6420_4N_24SFF_V002_MASTER, ViewLayer | Synchronizing object | Carrier00_EMI_spring_1_5
Fra:22 Mem:285.10M (Peak 285.10M) | Time:00:00.28 | Mem:0.00M, Peak:0.00M | DELL_C6420_4N_24SFF_V002_MASTER, ViewLayer | Synchronizing object | Carrier00_EMI_spring_1_6
Fra:22 Mem:285.17M (Peak 285.17M) | Time:00:00.28 | Mem:0.00M, Peak:0.00M | DELL_C6420_4N_24SFF_V002_MASTER, ViewLayer | Synchronizing object | Carrier00_EMI_spring_1_7
Fra:22 Mem:285.14M (Peak 285.17M) | Time:00:00.28 | Mem:0.00M, Peak:0.00M | DELL_C6420_4N_24SFF_V002_MASTER, ViewLayer | Synchronizing object | Carrier00_EMI_spring_1_8
Fra:22 Mem:285.19M (Peak 285.19M) | Time:00:00.28 | Mem:0.00M, Peak:0.00M | DELL_C6420_4N_24SFF_V002_MASTER, ViewLayer | Synchronizing object | Carrier01_EMI_spring_-1_0
Fra:22 Mem:285.46M (Peak 285.46M) | Time:00:00.28 | Mem:0.00M, Peak:0.00M | DELL_C6420_4N_24SFF_V002_MASTER, ViewLayer | Synchronizing object | Carrier01_EMI_spring_-1_1
Fra:22 Mem:286.20M (Peak 286.20M) | Time:00:00.28 | Mem:0.00M, Peak:0.00M | DELL_C6420_4N_24SFF_V002_MASTER, ViewLayer | Synchronizing object | Carrier01_EMI_spring_-1_2
Fra:22 Mem:290.50M (Peak 290.50M) | Time:00:00.28 | Mem:0.00M, Peak:0.00M | DELL_C6420_4N_24SFF_V002_MASTER, ViewLayer | Synchronizing object | Carrier01_EMI_spring_-1_3
Fra:22 Mem:290.46M (Peak 290.50M) | Time:00:00.28 | Mem:0.00M, Peak:0.00M | DELL_C6420_4N_24SFF_V002_MASTER, ViewLayer | Synchronizing object | Carrier21_EMI_spring_1_8
Fra:22 Mem:290.53M (Peak 290.53M) | Time:00:00.28 | Mem:0.00M, Peak:0.00M | DELL_C6420_4N_24SFF_V002_MASTER, ViewLayer | Synchronizing object | Carrier21_EMI_spring_1_7
Fra:22 Mem:290.78M (Peak 290.78M) | Time:00:00.28 | Mem:0.00M, Peak:0.00M | DELL_C6420_4N_24SFF_V002_MASTER, ViewLayer | Synchronizing object | Carrier21_EMI_spring_1_6
Fra:22 Mem:290.79M (Peak 290.79M) | Time:00:00.28 | Mem:0.00M, Peak:0.00M | DELL_C6420_4N_24SFF_V002_MASTER, ViewLayer | Synchronizing object | Carrier01_EMI_spring_-1_4
Fra:22 Mem:290.82M (Peak 290.82M) | Time:00:00.28 | Mem:0.00M, Peak:0.00M | DELL_C6420_4N_24SFF_V002_MASTER, ViewLayer | Synchronizing object | Carrier21_EMI_spring_1_5
Fra:22 Mem:290.82M (Peak 290.82M) | Time:00:00.28 | Mem:0.00M, Peak:0.00M | DELL_C6420_4N_24SFF_V002_MASTER, ViewLayer | Synchronizing object | Carrier21_EMI_spring_1_4
Fra:22 Mem:290.76M (Peak 290.82M) | Time:00:00.28 | Mem:0.00M, Peak:0.00M | DELL_C6420_4N_24SFF_V002_MASTER, ViewLayer | Synchronizing object | Carrier21_EMI_spring_1_3
Fra:22 Mem:290.78M (Peak 290.82M) | Time:00:00.28 | Mem:0.00M, Peak:0.00M | DELL_C6420_4N_24SFF_V002_MASTER, ViewLayer | Synchronizing object | Carrier01_EMI_spring_-1_5
Fra:22 Mem:290.79M (Peak 290.82M) | Time:00:00.28 | Mem:0.00M, Peak:0.00M | DELL_C6420_4N_24SFF_V002_MASTER, ViewLayer | Synchronizing object | Carrier21_EMI_spring_1_2
Fra:22 Mem:290.81M (Peak 290.82M) | Time:00:00.28 | Mem:0.00M, Peak:0.00M | DELL_C6420_4N_24SFF_V002_MASTER, ViewLayer | Synchronizing object | Carrier01_EMI_spring_-1_6
Fra:22 Mem:290.83M (Peak 290.83M) | Time:00:00.28 | Mem:0.00M, Peak:0.00M | DELL_C6420_4N_24SFF_V002_MASTER, ViewLayer | Synchronizing object | Carrier01_EMI_spring_-1_7
Fra:22 Mem:290.87M (Peak 290.87M) | Time:00:00.28 | Mem:0.00M, Peak:0.00M | DELL_C6420_4N_24SFF_V002_MASTER, ViewLayer | Synchronizing object | Carrier21_EMI_spring_1_1
Fra:22 Mem:291.49M (Peak 291.48M) | Time:00:00.28 | Mem:0.00M, Peak:0.00M | DELL_C6420_4N_24SFF_V002_MASTER, ViewLayer | Synchronizing object | Carrier21_EMI_spring_1_0
Fra:22 Mem:291.35M (Peak 291.48M) | Time:00:00.28 | Mem:0.00M, Peak:0.00M | DELL_C6420_4N_24SFF_V002_MASTER, ViewLayer | Synchronizing object | Carrier01_EMI_spring_-1_8
Fra:22 Mem:291.38M (Peak 291.48M) | Time:00:00.28 | Mem:0.00M, Peak:0.00M | DELL_C6420_4N_24SFF_V002_MASTER, ViewLayer | Synchronizing object | Carrier01_EMI_spring_1_1
Fra:22 Mem:291.39M (Peak 291.48M) | Time:00:00.28 | Mem:0.00M, Peak:0.00M | DELL_C6420_4N_24SFF_V002_MASTER, ViewLayer | Synchronizing object | Carrier01_EMI_spring_1_2
Fra:22 Mem:291.40M (Peak 291.48M) | Time:00:00.28 | Mem:0.00M, Peak:0.00M | DELL_C6420_4N_24SFF_V002_MASTER, ViewLayer | Synchronizing object | Carrier01_EMI_spring_1_3
Fra:22 Mem:291.43M (Peak 291.48M) | Time:00:00.28 | Mem:0.00M, Peak:0.00M | DELL_C6420_4N_24SFF_V002_MASTER, ViewLayer | Synchronizing object | Carrier21_EMI_spring_-1_8
Fra:22 Mem:291.53M (Peak 291.53M) | Time:00:00.28 | Mem:0.00M, Peak:0.00M | DELL_C6420_4N_24SFF_V002_MASTER, ViewLayer | Synchronizing object | Carrier21_EMI_spring_-1_7
Fra:22 Mem:291.52M (Peak 291.53M) | Time:00:00.28 | Mem:0.00M, Peak:0.00M | DELL_C6420_4N_24SFF_V002_MASTER, ViewLayer | Synchronizing object | Carrier01_EMI_spring_1_4
Fra:22 Mem:292.05M (Peak 292.05M) | Time:00:00.28 | Mem:0.00M, Peak:0.00M | DELL_C6420_4N_24SFF_V002_MASTER, ViewLayer | Synchronizing object | Carrier21_EMI_spring_-1_6
Fra:22 Mem:292.24M (Peak 292.24M) | Time:00:00.28 | Mem:0.00M, Peak:0.00M | DELL_C6420_4N_24SFF_V002_MASTER, ViewLayer | Synchronizing object | Carrier01_EMI_spring_1_5
Fra:22 Mem:292.61M (Peak 292.61M) | Time:00:00.28 | Mem:0.00M, Peak:0.00M | DELL_C6420_4N_24SFF_V002_MASTER, ViewLayer | Synchronizing object | Carrier21_EMI_spring_-1_5
Fra:22 Mem:293.25M (Peak 293.25M) | Time:00:00.28 | Mem:0.00M, Peak:0.00M | DELL_C6420_4N_24SFF_V002_MASTER, ViewLayer | Synchronizing object | Carrier01_EMI_spring_1_6
Fra:22 Mem:293.26M (Peak 293.26M) | Time:00:00.28 | Mem:0.00M, Peak:0.00M | DELL_C6420_4N_24SFF_V002_MASTER, ViewLayer | Synchronizing object | Carrier21_EMI_spring_-1_4
Fra:22 Mem:293.27M (Peak 293.27M) | Time:00:00.28 | Mem:0.00M, Peak:0.00M | DELL_C6420_4N_24SFF_V002_MASTER, ViewLayer | Synchronizing object | Carrier01_EMI_spring_1_7
Fra:22 Mem:293.28M (Peak 293.28M) | Time:00:00.28 | Mem:0.00M, Peak:0.00M | DELL_C6420_4N_24SFF_V002_MASTER, ViewLayer | Synchronizing object | Carrier01_EMI_spring_1_8
Fra:22 Mem:293.31M (Peak 293.31M) | Time:00:00.28 | Mem:0.00M, Peak:0.00M | DELL_C6420_4N_24SFF_V002_MASTER, ViewLayer | Synchronizing object | Carrier02_hinge_return_spring
Fra:22 Mem:293.30M (Peak 293.31M) | Time:00:00.28 | Mem:0.00M, Peak:0.00M | DELL_C6420_4N_24SFF_V002_MASTER, ViewLayer | Synchronizing object | Carrier02_EMI_spring_-1_1
Fra:22 Mem:293.32M (Peak 293.32M) | Time:00:00.28 | Mem:0.00M, Peak:0.00M | DELL_C6420_4N_24SFF_V002_MASTER, ViewLayer | Synchronizing object | Carrier02_EMI_spring_-1_3
Fra:22 Mem:293.38M (Peak 293.38M) | Time:00:00.28 | Mem:0.00M, Peak:0.00M | DELL_C6420_4N_24SFF_V002_MASTER, ViewLayer | Synchronizing object | Carrier21_EMI_spring_-1_3
Fra:22 Mem:293.62M (Peak 293.62M) | Time:00:00.28 | Mem:0.00M, Peak:0.00M | DELL_C6420_4N_24SFF_V002_MASTER, ViewLayer | Synchronizing object | Carrier21_EMI_spring_-1_2
Fra:22 Mem:293.61M (Peak 293.62M) | Time:00:00.28 | Mem:0.00M, Peak:0.00M | DELL_C6420_4N_24SFF_V002_MASTER, ViewLayer | Synchronizing object | Carrier02_EMI_spring_-1_5
Fra:22 Mem:293.60M (Peak 293.62M) | Time:00:00.28 | Mem:0.00M, Peak:0.00M | DELL_C6420_4N_24SFF_V002_MASTER, ViewLayer | Synchronizing object | Carrier02_EMI_spring_-1_6
Fra:22 Mem:293.62M (Peak 293.62M) | Time:00:00.28 | Mem:0.00M, Peak:0.00M | DELL_C6420_4N_24SFF_V002_MASTER, ViewLayer | Synchronizing object | Carrier02_EMI_spring_-1_7
Fra:22 Mem:293.72M (Peak 293.72M) | Time:00:00.28 | Mem:0.00M, Peak:0.00M | DELL_C6420_4N_24SFF_V002_MASTER, ViewLayer | Synchronizing object | Carrier21_EMI_spring_-1_1
Fra:22 Mem:295.00M (Peak 295.00M) | Time:00:00.28 | Mem:0.00M, Peak:0.00M | DELL_C6420_4N_24SFF_V002_MASTER, ViewLayer | Synchronizing object | Carrier02_EMI_spring_-1_8
Fra:22 Mem:294.98M (Peak 295.00M) | Time:00:00.28 | Mem:0.00M, Peak:0.00M | DELL_C6420_4N_24SFF_V002_MASTER, ViewLayer | Synchronizing object | Carrier02_EMI_spring_1_0
Fra:22 Mem:295.07M (Peak 295.07M) | Time:00:00.28 | Mem:0.00M, Peak:0.00M | DELL_C6420_4N_24SFF_V002_MASTER, ViewLayer | Synchronizing object | Carrier21_EMI_spring_-1_0
Fra:22 Mem:295.64M (Peak 295.64M) | Time:00:00.28 | Mem:0.00M, Peak:0.00M | DELL_C6420_4N_24SFF_V002_MASTER, ViewLayer | Synchronizing object | Carrier21_activity_symbol
Fra:22 Mem:295.51M (Peak 295.64M) | Time:00:00.28 | Mem:0.00M, Peak:0.00M | DELL_C6420_4N_24SFF_V002_MASTER, ViewLayer | Synchronizing object | Carrier21_hinge_return_spring
Fra:22 Mem:290.90M (Peak 295.64M) | Time:00:00.28 | Mem:0.00M, Peak:0.00M | DELL_C6420_4N_24SFF_V002_MASTER, ViewLayer | Synchronizing object | Carrier02_EMI_spring_1_1
Fra:22 Mem:290.90M (Peak 295.64M) | Time:00:00.28 | Mem:0.00M, Peak:0.00M | DELL_C6420_4N_24SFF_V002_MASTER, ViewLayer | Synchronizing object | Carrier02_EMI_spring_1_2
Fra:22 Mem:290.85M (Peak 295.64M) | Time:00:00.28 | Mem:0.00M, Peak:0.00M | DELL_C6420_4N_24SFF_V002_MASTER, ViewLayer | Synchronizing object | Carrier02_EMI_spring_1_3
Fra:22 Mem:290.74M (Peak 295.64M) | Time:00:00.28 | Mem:0.00M, Peak:0.00M | DELL_C6420_4N_24SFF_V002_MASTER, ViewLayer | Synchronizing object | Carrier02_EMI_spring_1_4
Fra:22 Mem:291.97M (Peak 295.64M) | Time:00:00.28 | Mem:0.00M, Peak:0.00M | DELL_C6420_4N_24SFF_V002_MASTER, ViewLayer | Synchronizing object | Carrier02_EMI_spring_1_5
Fra:22 Mem:291.99M (Peak 295.64M) | Time:00:00.28 | Mem:0.00M, Peak:0.00M | DELL_C6420_4N_24SFF_V002_MASTER, ViewLayer | Synchronizing object | Carrier02_EMI_spring_1_6
Fra:22 Mem:292.00M (Peak 295.64M) | Time:00:00.28 | Mem:0.00M, Peak:0.00M | DELL_C6420_4N_24SFF_V002_MASTER, ViewLayer | Synchronizing object | Carrier02_EMI_spring_1_7
Fra:22 Mem:292.01M (Peak 295.64M) | Time:00:00.28 | Mem:0.00M, Peak:0.00M | DELL_C6420_4N_24SFF_V002_MASTER, ViewLayer | Synchronizing object | Carrier02_EMI_spring_1_8
Fra:22 Mem:293.27M (Peak 295.64M) | Time:00:00.28 | Mem:0.00M, Peak:0.00M | DELL_C6420_4N_24SFF_V002_MASTER, ViewLayer | Synchronizing object | Carrier03_hinge_return_spring
Fra:22 Mem:293.27M (Peak 295.64M) | Time:00:00.28 | Mem:0.00M, Peak:0.00M | DELL_C6420_4N_24SFF_V002_MASTER, ViewLayer | Synchronizing object | Carrier03_activity_symbol
Fra:22 Mem:293.82M (Peak 295.64M) | Time:00:00.28 | Mem:0.00M, Peak:0.00M | DELL_C6420_4N_24SFF_V002_MASTER, ViewLayer | Synchronizing object | Carrier20_EMI_spring_1_8
Fra:22 Mem:293.89M (Peak 295.64M) | Time:00:00.28 | Mem:0.00M, Peak:0.00M | DELL_C6420_4N_24SFF_V002_MASTER, ViewLayer | Synchronizing object | Carrier03_EMI_spring_-1_0
Fra:22 Mem:294.37M (Peak 295.64M) | Time:00:00.28 | Mem:0.00M, Peak:0.00M | DELL_C6420_4N_24SFF_V002_MASTER, ViewLayer | Synchronizing object | Carrier03_EMI_spring_-1_2
Fra:22 Mem:294.37M (Peak 295.64M) | Time:00:00.28 | Mem:0.00M, Peak:0.00M | DELL_C6420_4N_24SFF_V002_MASTER, ViewLayer | Synchronizing object | Carrier03_EMI_spring_-1_4
Fra:22 Mem:294.87M (Peak 295.64M) | Time:00:00.28 | Mem:0.00M, Peak:0.00M | DELL_C6420_4N_24SFF_V002_MASTER, ViewLayer | Synchronizing object | Carrier20_EMI_spring_1_7
Fra:22 Mem:294.95M (Peak 295.64M) | Time:00:00.28 | Mem:0.00M, Peak:0.00M | DELL_C6420_4N_24SFF_V002_MASTER, ViewLayer | Synchronizing object | Carrier03_EMI_spring_-1_5
Fra:22 Mem:295.14M (Peak 295.64M) | Time:00:00.28 | Mem:0.00M, Peak:0.00M | DELL_C6420_4N_24SFF_V002_MASTER, ViewLayer | Synchronizing object | Carrier03_EMI_spring_-1_6
Fra:22 Mem:295.60M (Peak 295.64M) | Time:00:00.28 | Mem:0.00M, Peak:0.00M | DELL_C6420_4N_24SFF_V002_MASTER, ViewLayer | Synchronizing object | Carrier03_EMI_spring_-1_7
Fra:22 Mem:295.17M (Peak 295.64M) | Time:00:00.28 | Mem:0.00M, Peak:0.00M | DELL_C6420_4N_24SFF_V002_MASTER, ViewLayer | Synchronizing object | Carrier03_EMI_spring_-1_8
Fra:22 Mem:295.27M (Peak 295.64M) | Time:00:00.28 | Mem:0.00M, Peak:0.00M | DELL_C6420_4N_24SFF_V002_MASTER, ViewLayer | Synchronizing object | Carrier03_EMI_spring_1_0
Fra:22 Mem:295.30M (Peak 295.64M) | Time:00:00.28 | Mem:0.00M, Peak:0.00M | DELL_C6420_4N_24SFF_V002_MASTER, ViewLayer | Synchronizing object | Carrier03_EMI_spring_1_1
Fra:22 Mem:295.85M (Peak 295.85M) | Time:00:00.28 | Mem:0.00M, Peak:0.00M | DELL_C6420_4N_24SFF_V002_MASTER, ViewLayer | Synchronizing object | Carrier20_EMI_spring_1_5
Fra:22 Mem:295.88M (Peak 295.88M) | Time:00:00.28 | Mem:0.00M, Peak:0.00M | DELL_C6420_4N_24SFF_V002_MASTER, ViewLayer | Synchronizing object | Carrier03_EMI_spring_1_3
Fra:22 Mem:296.35M (Peak 296.35M) | Time:00:00.28 | Mem:0.00M, Peak:0.00M | DELL_C6420_4N_24SFF_V002_MASTER, ViewLayer | Synchronizing object | Carrier03_EMI_spring_1_4
Fra:22 Mem:296.35M (Peak 296.35M) | Time:00:00.28 | Mem:0.00M, Peak:0.00M | DELL_C6420_4N_24SFF_V002_MASTER, ViewLayer | Synchronizing object | Carrier03_EMI_spring_1_5
Fra:22 Mem:296.42M (Peak 296.42M) | Time:00:00.28 | Mem:0.00M, Peak:0.00M | DELL_C6420_4N_24SFF_V002_MASTER, ViewLayer | Synchronizing object | Carrier20_EMI_spring_1_4
Fra:22 Mem:296.43M (Peak 296.43M) | Time:00:00.28 | Mem:0.00M, Peak:0.00M | DELL_C6420_4N_24SFF_V002_MASTER, ViewLayer | Synchronizing object | Carrier03_EMI_spring_1_6
Fra:22 Mem:298.03M (Peak 298.05M) | Time:00:00.28 | Mem:0.00M, Peak:0.00M | DELL_C6420_4N_24SFF_V002_MASTER, ViewLayer | Synchronizing object | Carrier03_EMI_spring_1_7
Fra:22 Mem:298.05M (Peak 298.05M) | Time:00:00.28 | Mem:0.00M, Peak:0.00M | DELL_C6420_4N_24SFF_V002_MASTER, ViewLayer | Synchronizing object | Carrier03_EMI_spring_1_8
Fra:22 Mem:298.06M (Peak 298.06M) | Time:00:00.28 | Mem:0.00M, Peak:0.00M | DELL_C6420_4N_24SFF_V002_MASTER, ViewLayer | Synchronizing object | Carrier04_hinge_return_spring
Fra:22 Mem:298.05M (Peak 298.06M) | Time:00:00.28 | Mem:0.00M, Peak:0.00M | DELL_C6420_4N_24SFF_V002_MASTER, ViewLayer | Synchronizing object | Carrier20_EMI_spring_1_3
Fra:22 Mem:297.93M (Peak 298.06M) | Time:00:00.28 | Mem:0.00M, Peak:0.00M | DELL_C6420_4N_24SFF_V002_MASTER, ViewLayer | Synchronizing object | Carrier20_EMI_spring_1_2
Fra:22 Mem:297.93M (Peak 298.06M) | Time:00:00.28 | Mem:0.00M, Peak:0.00M | DELL_C6420_4N_24SFF_V002_MASTER, ViewLayer | Synchronizing object | Carrier04_activity_symbol
Fra:22 Mem:298.00M (Peak 298.06M) | Time:00:00.29 | Mem:0.00M, Peak:0.00M | DELL_C6420_4N_24SFF_V002_MASTER, ViewLayer | Synchronizing object | Carrier20_EMI_spring_1_1
Fra:22 Mem:295.37M (Peak 298.06M) | Time:00:00.29 | Mem:0.00M, Peak:0.00M | DELL_C6420_4N_24SFF_V002_MASTER, ViewLayer | Synchronizing object | Carrier20_EMI_spring_1_0
Fra:22 Mem:295.32M (Peak 298.06M) | Time:00:00.29 | Mem:0.00M, Peak:0.00M | DELL_C6420_4N_24SFF_V002_MASTER, ViewLayer | Synchronizing object | Carrier20_EMI_spring_-1_8
Fra:22 Mem:295.76M (Peak 298.06M) | Time:00:00.29 | Mem:0.00M, Peak:0.00M | DELL_C6420_4N_24SFF_V002_MASTER, ViewLayer | Synchronizing object | Carrier20_EMI_spring_-1_7
Fra:22 Mem:295.97M (Peak 298.06M) | Time:00:00.29 | Mem:0.00M, Peak:0.00M | DELL_C6420_4N_24SFF_V002_MASTER, ViewLayer | Synchronizing object | Carrier04_EMI_spring_-1_0
Fra:22 Mem:296.08M (Peak 298.06M) | Time:00:00.29 | Mem:0.00M, Peak:0.00M | DELL_C6420_4N_24SFF_V002_MASTER, ViewLayer | Synchronizing object | Carrier20_EMI_spring_-1_6
Fra:22 Mem:296.17M (Peak 298.06M) | Time:00:00.29 | Mem:0.00M, Peak:0.00M | DELL_C6420_4N_24SFF_V002_MASTER, ViewLayer | Synchronizing object | Carrier20_EMI_spring_-1_5
Fra:22 Mem:296.18M (Peak 298.06M) | Time:00:00.29 | Mem:0.00M, Peak:0.00M | DELL_C6420_4N_24SFF_V002_MASTER, ViewLayer | Synchronizing object | Carrier20_EMI_spring_-1_4
Fra:22 Mem:296.20M (Peak 298.06M) | Time:00:00.29 | Mem:0.00M, Peak:0.00M | DELL_C6420_4N_24SFF_V002_MASTER, ViewLayer | Synchronizing object | Carrier04_EMI_spring_-1_1
Fra:22 Mem:297.25M (Peak 298.06M) | Time:00:00.29 | Mem:0.00M, Peak:0.00M | DELL_C6420_4N_24SFF_V002_MASTER, ViewLayer | Synchronizing object | Carrier04_EMI_spring_-1_2
Fra:22 Mem:297.27M (Peak 298.06M) | Time:00:00.29 | Mem:0.00M, Peak:0.00M | DELL_C6420_4N_24SFF_V002_MASTER, ViewLayer | Synchronizing object | Carrier20_EMI_spring_-1_3
Fra:22 Mem:297.28M (Peak 298.06M) | Time:00:00.29 | Mem:0.00M, Peak:0.00M | DELL_C6420_4N_24SFF_V002_MASTER, ViewLayer | Synchronizing object | Carrier04_EMI_spring_-1_3
Fra:22 Mem:297.28M (Peak 298.06M) | Time:00:00.29 | Mem:0.00M, Peak:0.00M | DELL_C6420_4N_24SFF_V002_MASTER, ViewLayer | Synchronizing object | Carrier20_EMI_spring_-1_2
Fra:22 Mem:297.31M (Peak 298.06M) | Time:00:00.29 | Mem:0.00M, Peak:0.00M | DELL_C6420_4N_24SFF_V002_MASTER, ViewLayer | Synchronizing object | Carrier04_EMI_spring_-1_4
Fra:22 Mem:297.30M (Peak 298.06M) | Time:00:00.29 | Mem:0.00M, Peak:0.00M | DELL_C6420_4N_24SFF_V002_MASTER, ViewLayer | Synchronizing object | Carrier20_EMI_spring_-1_1
Fra:22 Mem:297.36M (Peak 298.06M) | Time:00:00.29 | Mem:0.00M, Peak:0.00M | DELL_C6420_4N_24SFF_V002_MASTER, ViewLayer | Synchronizing object | Carrier04_EMI_spring_-1_5
Fra:22 Mem:298.57M (Peak 298.57M) | Time:00:00.29 | Mem:0.00M, Peak:0.00M | DELL_C6420_4N_24SFF_V002_MASTER, ViewLayer | Synchronizing object | Carrier20_EMI_spring_-1_0
Fra:22 Mem:298.59M (Peak 298.59M) | Time:00:00.29 | Mem:0.00M, Peak:0.00M | DELL_C6420_4N_24SFF_V002_MASTER, ViewLayer | Synchronizing object | Carrier04_EMI_spring_-1_6
Fra:22 Mem:298.49M (Peak 298.59M) | Time:00:00.29 | Mem:0.00M, Peak:0.00M | DELL_C6420_4N_24SFF_V002_MASTER, ViewLayer | Synchronizing object | Carrier20_activity_symbol
Fra:22 Mem:298.50M (Peak 298.59M) | Time:00:00.29 | Mem:0.00M, Peak:0.00M | DELL_C6420_4N_24SFF_V002_MASTER, ViewLayer | Synchronizing object | Carrier04_EMI_spring_-1_7
Fra:22 Mem:298.50M (Peak 298.59M) | Time:00:00.29 | Mem:0.00M, Peak:0.00M | DELL_C6420_4N_24SFF_V002_MASTER, ViewLayer | Synchronizing object | Carrier04_EMI_spring_-1_8
Fra:22 Mem:298.52M (Peak 298.59M) | Time:00:00.29 | Mem:0.00M, Peak:0.00M | DELL_C6420_4N_24SFF_V002_MASTER, ViewLayer | Synchronizing object | Carrier20_hinge_return_spring
Fra:22 Mem:298.53M (Peak 298.59M) | Time:00:00.29 | Mem:0.00M, Peak:0.00M | DELL_C6420_4N_24SFF_V002_MASTER, ViewLayer | Synchronizing object | Carrier04_EMI_spring_1_0
Fra:22 Mem:298.59M (Peak 298.59M) | Time:00:00.29 | Mem:0.00M, Peak:0.00M | DELL_C6420_4N_24SFF_V002_MASTER, ViewLayer | Synchronizing object | Carrier04_EMI_spring_1_1
Fra:22 Mem:299.06M (Peak 299.06M) | Time:00:00.29 | Mem:0.00M, Peak:0.00M | DELL_C6420_4N_24SFF_V002_MASTER, ViewLayer | Synchronizing object | Carrier04_EMI_spring_1_2
Fra:22 Mem:299.07M (Peak 299.07M) | Time:00:00.29 | Mem:0.00M, Peak:0.00M | DELL_C6420_4N_24SFF_V002_MASTER, ViewLayer | Synchronizing object | Carrier04_EMI_spring_1_3
Fra:22 Mem:299.12M (Peak 299.12M) | Time:00:00.29 | Mem:0.00M, Peak:0.00M | DELL_C6420_4N_24SFF_V002_MASTER, ViewLayer | Synchronizing object | Carrier04_EMI_spring_1_4
Fra:22 Mem:299.18M (Peak 299.18M) | Time:00:00.29 | Mem:0.00M, Peak:0.00M | DELL_C6420_4N_24SFF_V002_MASTER, ViewLayer | Synchronizing object | Carrier04_EMI_spring_1_5
Fra:22 Mem:299.18M (Peak 299.18M) | Time:00:00.29 | Mem:0.00M, Peak:0.00M | DELL_C6420_4N_24SFF_V002_MASTER, ViewLayer | Synchronizing object | Carrier04_EMI_spring_1_6
Fra:22 Mem:299.66M (Peak 299.66M) | Time:00:00.29 | Mem:0.00M, Peak:0.00M | DELL_C6420_4N_24SFF_V002_MASTER, ViewLayer | Synchronizing object | Carrier04_EMI_spring_1_7
Fra:22 Mem:299.69M (Peak 299.69M) | Time:00:00.29 | Mem:0.00M, Peak:0.00M | DELL_C6420_4N_24SFF_V002_MASTER, ViewLayer | Synchronizing object | Carrier05_hinge_return_spring
Fra:22 Mem:299.75M (Peak 299.75M) | Time:00:00.29 | Mem:0.00M, Peak:0.00M | DELL_C6420_4N_24SFF_V002_MASTER, ViewLayer | Synchronizing object | Carrier05_activity_symbol
Fra:22 Mem:299.72M (Peak 299.75M) | Time:00:00.29 | Mem:0.00M, Peak:0.00M | DELL_C6420_4N_24SFF_V002_MASTER, ViewLayer | Synchronizing object | Carrier05_EMI_spring_-1_1
Fra:22 Mem:299.79M (Peak 299.79M) | Time:00:00.29 | Mem:0.00M, Peak:0.00M | DELL_C6420_4N_24SFF_V002_MASTER, ViewLayer | Synchronizing object | Carrier05_EMI_spring_-1_2
Fra:22 Mem:299.96M (Peak 299.96M) | Time:00:00.29 | Mem:0.00M, Peak:0.00M | DELL_C6420_4N_24SFF_V002_MASTER, ViewLayer | Synchronizing object | Carrier05_EMI_spring_-1_3
Fra:22 Mem:300.01M (Peak 300.01M) | Time:00:00.29 | Mem:0.00M, Peak:0.00M | DELL_C6420_4N_24SFF_V002_MASTER, ViewLayer | Synchronizing object | Carrier05_EMI_spring_-1_4
Fra:22 Mem:300.06M (Peak 300.06M) | Time:00:00.29 | Mem:0.00M, Peak:0.00M | DELL_C6420_4N_24SFF_V002_MASTER, ViewLayer | Synchronizing object | Carrier05_EMI_spring_-1_5
Fra:22 Mem:302.20M (Peak 302.21M) | Time:00:00.29 | Mem:0.00M, Peak:0.00M | DELL_C6420_4N_24SFF_V002_MASTER, ViewLayer | Synchronizing object | Carrier05_EMI_spring_-1_6
Fra:22 Mem:302.26M (Peak 302.26M) | Time:00:00.29 | Mem:0.00M, Peak:0.00M | DELL_C6420_4N_24SFF_V002_MASTER, ViewLayer | Synchronizing object | Carrier05_EMI_spring_-1_7
Fra:22 Mem:302.84M (Peak 302.84M) | Time:00:00.29 | Mem:0.00M, Peak:0.00M | DELL_C6420_4N_24SFF_V002_MASTER, ViewLayer | Synchronizing object | Carrier05_EMI_spring_1_0
Fra:22 Mem:302.90M (Peak 302.90M) | Time:00:00.29 | Mem:0.00M, Peak:0.00M | DELL_C6420_4N_24SFF_V002_MASTER, ViewLayer | Synchronizing object | Carrier05_EMI_spring_1_1
Fra:22 Mem:302.97M (Peak 302.97M) | Time:00:00.29 | Mem:0.00M, Peak:0.00M | DELL_C6420_4N_24SFF_V002_MASTER, ViewLayer | Synchronizing object | Carrier05_EMI_spring_1_2
Fra:22 Mem:303.03M (Peak 303.03M) | Time:00:00.29 | Mem:0.00M, Peak:0.00M | DELL_C6420_4N_24SFF_V002_MASTER, ViewLayer | Synchronizing object | Carrier05_EMI_spring_1_3
Fra:22 Mem:303.02M (Peak 303.03M) | Time:00:00.29 | Mem:0.00M, Peak:0.00M | DELL_C6420_4N_24SFF_V002_MASTER, ViewLayer | Synchronizing object | Carrier05_EMI_spring_1_6
Fra:22 Mem:303.26M (Peak 303.26M) | Time:00:00.29 | Mem:0.00M, Peak:0.00M | DELL_C6420_4N_24SFF_V002_MASTER, ViewLayer | Synchronizing object | Carrier05_EMI_spring_1_7
Fra:22 Mem:303.25M (Peak 303.26M) | Time:00:00.29 | Mem:0.00M, Peak:0.00M | DELL_C6420_4N_24SFF_V002_MASTER, ViewLayer | Synchronizing object | Carrier05_EMI_spring_1_8
Fra:22 Mem:304.21M (Peak 304.22M) | Time:00:00.29 | Mem:0.00M, Peak:0.00M | DELL_C6420_4N_24SFF_V002_MASTER, ViewLayer | Synchronizing object | Carrier06_hinge_return_spring
Fra:22 Mem:304.21M (Peak 304.22M) | Time:00:00.29 | Mem:0.00M, Peak:0.00M | DELL_C6420_4N_24SFF_V002_MASTER, ViewLayer | Synchronizing object | Carrier06_activity_symbol
Fra:22 Mem:304.21M (Peak 304.22M) | Time:00:00.29 | Mem:0.00M, Peak:0.00M | DELL_C6420_4N_24SFF_V002_MASTER, ViewLayer | Synchronizing object | Carrier06_EMI_spring_-1_0
Fra:22 Mem:304.29M (Peak 304.29M) | Time:00:00.29 | Mem:0.00M, Peak:0.00M | DELL_C6420_4N_24SFF_V002_MASTER, ViewLayer | Synchronizing object | Carrier06_EMI_spring_-1_1
Fra:22 Mem:304.33M (Peak 304.33M) | Time:00:00.29 | Mem:0.00M, Peak:0.00M | DELL_C6420_4N_24SFF_V002_MASTER, ViewLayer | Synchronizing object | Carrier06_EMI_spring_-1_2
Fra:22 Mem:304.35M (Peak 304.35M) | Time:00:00.29 | Mem:0.00M, Peak:0.00M | DELL_C6420_4N_24SFF_V002_MASTER, ViewLayer | Synchronizing object | Carrier06_EMI_spring_-1_3
Fra:22 Mem:304.35M (Peak 304.35M) | Time:00:00.29 | Mem:0.00M, Peak:0.00M | DELL_C6420_4N_24SFF_V002_MASTER, ViewLayer | Synchronizing object | Carrier19_EMI_spring_1_7
Fra:22 Mem:304.92M (Peak 304.92M) | Time:00:00.29 | Mem:0.00M, Peak:0.00M | DELL_C6420_4N_24SFF_V002_MASTER, ViewLayer | Synchronizing object | Carrier06_EMI_spring_-1_4
Fra:22 Mem:304.87M (Peak 304.92M) | Time:00:00.29 | Mem:0.00M, Peak:0.00M | DELL_C6420_4N_24SFF_V002_MASTER, ViewLayer | Synchronizing object | Carrier06_EMI_spring_-1_5
Fra:22 Mem:304.86M (Peak 304.92M) | Time:00:00.29 | Mem:0.00M, Peak:0.00M | DELL_C6420_4N_24SFF_V002_MASTER, ViewLayer | Synchronizing object | Carrier06_EMI_spring_-1_6
Fra:22 Mem:304.86M (Peak 304.92M) | Time:00:00.29 | Mem:0.00M, Peak:0.00M | DELL_C6420_4N_24SFF_V002_MASTER, ViewLayer | Synchronizing object | Carrier06_EMI_spring_-1_7
Fra:22 Mem:304.87M (Peak 304.92M) | Time:00:00.29 | Mem:0.00M, Peak:0.00M | DELL_C6420_4N_24SFF_V002_MASTER, ViewLayer | Synchronizing object | Carrier19_EMI_spring_1_6
Fra:22 Mem:304.94M (Peak 304.94M) | Time:00:00.29 | Mem:0.00M, Peak:0.00M | DELL_C6420_4N_24SFF_V002_MASTER, ViewLayer | Synchronizing object | Carrier06_EMI_spring_-1_8
Fra:22 Mem:304.92M (Peak 304.94M) | Time:00:00.29 | Mem:0.00M, Peak:0.00M | DELL_C6420_4N_24SFF_V002_MASTER, ViewLayer | Synchronizing object | Carrier06_EMI_spring_1_0
Fra:22 Mem:304.89M (Peak 304.94M) | Time:00:00.29 | Mem:0.00M, Peak:0.00M | DELL_C6420_4N_24SFF_V002_MASTER, ViewLayer | Synchronizing object | Carrier19_EMI_spring_1_5
Fra:22 Mem:304.87M (Peak 304.94M) | Time:00:00.29 | Mem:0.00M, Peak:0.00M | DELL_C6420_4N_24SFF_V002_MASTER, ViewLayer | Synchronizing object | Carrier06_EMI_spring_1_2
Fra:22 Mem:304.95M (Peak 304.95M) | Time:00:00.29 | Mem:0.00M, Peak:0.00M | DELL_C6420_4N_24SFF_V002_MASTER, ViewLayer | Synchronizing object | Carrier06_EMI_spring_1_3
Fra:22 Mem:304.97M (Peak 304.97M) | Time:00:00.29 | Mem:0.00M, Peak:0.00M | DELL_C6420_4N_24SFF_V002_MASTER, ViewLayer | Synchronizing object | Carrier06_EMI_spring_1_4
Fra:22 Mem:304.98M (Peak 304.98M) | Time:00:00.29 | Mem:0.00M, Peak:0.00M | DELL_C6420_4N_24SFF_V002_MASTER, ViewLayer | Synchronizing object | Carrier19_EMI_spring_1_4
Fra:22 Mem:304.97M (Peak 304.98M) | Time:00:00.29 | Mem:0.00M, Peak:0.00M | DELL_C6420_4N_24SFF_V002_MASTER, ViewLayer | Synchronizing object | Carrier06_EMI_spring_1_5
Fra:22 Mem:305.50M (Peak 305.50M) | Time:00:00.29 | Mem:0.00M, Peak:0.00M | DELL_C6420_4N_24SFF_V002_MASTER, ViewLayer | Synchronizing object | Carrier06_EMI_spring_1_6
Fra:22 Mem:305.54M (Peak 305.54M) | Time:00:00.29 | Mem:0.00M, Peak:0.00M | DELL_C6420_4N_24SFF_V002_MASTER, ViewLayer | Synchronizing object | Carrier06_EMI_spring_1_7
Fra:22 Mem:305.75M (Peak 305.75M) | Time:00:00.29 | Mem:0.00M, Peak:0.00M | DELL_C6420_4N_24SFF_V002_MASTER, ViewLayer | Synchronizing object | Carrier06_EMI_spring_1_8
Fra:22 Mem:305.75M (Peak 305.75M) | Time:00:00.29 | Mem:0.00M, Peak:0.00M | DELL_C6420_4N_24SFF_V002_MASTER, ViewLayer | Synchronizing object | Carrier07_hinge_return_spring
Fra:22 Mem:305.77M (Peak 305.77M) | Time:00:00.29 | Mem:0.00M, Peak:0.00M | DELL_C6420_4N_24SFF_V002_MASTER, ViewLayer | Synchronizing object | Carrier19_EMI_spring_1_3
Fra:22 Mem:305.77M (Peak 305.77M) | Time:00:00.29 | Mem:0.00M, Peak:0.00M | DELL_C6420_4N_24SFF_V002_MASTER, ViewLayer | Synchronizing object | Carrier07_activity_symbol
Fra:22 Mem:305.90M (Peak 305.90M) | Time:00:00.29 | Mem:0.00M, Peak:0.00M | DELL_C6420_4N_24SFF_V002_MASTER, ViewLayer | Synchronizing object | Carrier07_EMI_spring_-1_0
Fra:22 Mem:305.93M (Peak 305.93M) | Time:00:00.29 | Mem:0.00M, Peak:0.00M | DELL_C6420_4N_24SFF_V002_MASTER, ViewLayer | Synchronizing object | Carrier19_EMI_spring_1_2
Fra:22 Mem:305.95M (Peak 305.95M) | Time:00:00.29 | Mem:0.00M, Peak:0.00M | DELL_C6420_4N_24SFF_V002_MASTER, ViewLayer | Synchronizing object | Carrier07_EMI_spring_-1_1
Fra:22 Mem:306.00M (Peak 306.00M) | Time:00:00.29 | Mem:0.00M, Peak:0.00M | DELL_C6420_4N_24SFF_V002_MASTER, ViewLayer | Synchronizing object | Carrier07_EMI_spring_-1_2
Fra:22 Mem:307.19M (Peak 307.19M) | Time:00:00.29 | Mem:0.00M, Peak:0.00M | DELL_C6420_4N_24SFF_V002_MASTER, ViewLayer | Synchronizing object | Carrier19_EMI_spring_1_1
Fra:22 Mem:307.20M (Peak 307.20M) | Time:00:00.29 | Mem:0.00M, Peak:0.00M | DELL_C6420_4N_24SFF_V002_MASTER, ViewLayer | Synchronizing object | Carrier07_EMI_spring_-1_3
Fra:22 Mem:307.22M (Peak 307.22M) | Time:00:00.29 | Mem:0.00M, Peak:0.00M | DELL_C6420_4N_24SFF_V002_MASTER, ViewLayer | Synchronizing object | Carrier07_EMI_spring_-1_4
Fra:22 Mem:307.22M (Peak 307.22M) | Time:00:00.29 | Mem:0.00M, Peak:0.00M | DELL_C6420_4N_24SFF_V002_MASTER, ViewLayer | Synchronizing object | Carrier07_EMI_spring_-1_5
Fra:22 Mem:309.58M (Peak 309.58M) | Time:00:00.29 | Mem:0.00M, Peak:0.00M | DELL_C6420_4N_24SFF_V002_MASTER, ViewLayer | Synchronizing object | Carrier19_EMI_spring_1_0
Fra:22 Mem:309.55M (Peak 309.58M) | Time:00:00.29 | Mem:0.00M, Peak:0.00M | DELL_C6420_4N_24SFF_V002_MASTER, ViewLayer | Synchronizing object | Carrier07_EMI_spring_-1_6
Fra:22 Mem:309.57M (Peak 309.58M) | Time:00:00.29 | Mem:0.00M, Peak:0.00M | DELL_C6420_4N_24SFF_V002_MASTER, ViewLayer | Synchronizing object | Carrier07_EMI_spring_-1_7
Fra:22 Mem:309.58M (Peak 309.58M) | Time:00:00.29 | Mem:0.00M, Peak:0.00M | DELL_C6420_4N_24SFF_V002_MASTER, ViewLayer | Synchronizing object | Carrier07_EMI_spring_-1_8
Fra:22 Mem:309.59M (Peak 309.59M) | Time:00:00.29 | Mem:0.00M, Peak:0.00M | DELL_C6420_4N_24SFF_V002_MASTER, ViewLayer | Synchronizing object | Carrier19_EMI_spring_-1_8
Fra:22 Mem:309.64M (Peak 309.64M) | Time:00:00.29 | Mem:0.00M, Peak:0.00M | DELL_C6420_4N_24SFF_V002_MASTER, ViewLayer | Synchronizing object | Carrier07_EMI_spring_1_0
Fra:22 Mem:309.63M (Peak 309.64M) | Time:00:00.29 | Mem:0.00M, Peak:0.00M | DELL_C6420_4N_24SFF_V002_MASTER, ViewLayer | Synchronizing object | Carrier07_EMI_spring_1_1
Fra:22 Mem:309.65M (Peak 309.65M) | Time:00:00.29 | Mem:0.00M, Peak:0.00M | DELL_C6420_4N_24SFF_V002_MASTER, ViewLayer | Synchronizing object | Carrier07_EMI_spring_1_2
Fra:22 Mem:309.64M (Peak 309.65M) | Time:00:00.29 | Mem:0.00M, Peak:0.00M | DELL_C6420_4N_24SFF_V002_MASTER, ViewLayer | Synchronizing object | Carrier19_EMI_spring_-1_7
Fra:22 Mem:310.21M (Peak 310.21M) | Time:00:00.29 | Mem:0.00M, Peak:0.00M | DELL_C6420_4N_24SFF_V002_MASTER, ViewLayer | Synchronizing object | Carrier07_EMI_spring_1_3
Fra:22 Mem:310.24M (Peak 310.24M) | Time:00:00.29 | Mem:0.00M, Peak:0.00M | DELL_C6420_4N_24SFF_V002_MASTER, ViewLayer | Synchronizing object | Carrier07_EMI_spring_1_4
Fra:22 Mem:310.22M (Peak 310.24M) | Time:00:00.29 | Mem:0.00M, Peak:0.00M | DELL_C6420_4N_24SFF_V002_MASTER, ViewLayer | Synchronizing object | Carrier19_EMI_spring_-1_6
Fra:22 Mem:310.30M (Peak 310.30M) | Time:00:00.29 | Mem:0.00M, Peak:0.00M | DELL_C6420_4N_24SFF_V002_MASTER, ViewLayer | Synchronizing object | Carrier07_EMI_spring_1_5
Fra:22 Mem:310.29M (Peak 310.30M) | Time:00:00.29 | Mem:0.00M, Peak:0.00M | DELL_C6420_4N_24SFF_V002_MASTER, ViewLayer | Synchronizing object | Carrier07_EMI_spring_1_6
Fra:22 Mem:310.27M (Peak 310.30M) | Time:00:00.29 | Mem:0.00M, Peak:0.00M | DELL_C6420_4N_24SFF_V002_MASTER, ViewLayer | Synchronizing object | Carrier19_EMI_spring_-1_5
Fra:22 Mem:310.28M (Peak 310.34M) | Time:00:00.29 | Mem:0.00M, Peak:0.00M | DELL_C6420_4N_24SFF_V002_MASTER, ViewLayer | Synchronizing object | Carrier07_EMI_spring_1_7
Fra:22 Mem:310.38M (Peak 310.38M) | Time:00:00.29 | Mem:0.00M, Peak:0.00M | DELL_C6420_4N_24SFF_V002_MASTER, ViewLayer | Synchronizing object | Carrier07_EMI_spring_1_8
Fra:22 Mem:310.39M (Peak 310.39M) | Time:00:00.29 | Mem:0.00M, Peak:0.00M | DELL_C6420_4N_24SFF_V002_MASTER, ViewLayer | Synchronizing object | Carrier08_hinge_return_spring
Fra:22 Mem:310.46M (Peak 310.46M) | Time:00:00.29 | Mem:0.00M, Peak:0.00M | DELL_C6420_4N_24SFF_V002_MASTER, ViewLayer | Synchronizing object | Carrier19_EMI_spring_-1_4
Fra:22 Mem:310.52M (Peak 310.52M) | Time:00:00.29 | Mem:0.00M, Peak:0.00M | DELL_C6420_4N_24SFF_V002_MASTER, ViewLayer | Synchronizing object | Carrier08_activity_symbol
Fra:22 Mem:310.59M (Peak 310.59M) | Time:00:00.29 | Mem:0.00M, Peak:0.00M | DELL_C6420_4N_24SFF_V002_MASTER, ViewLayer | Synchronizing object | Carrier19_EMI_spring_-1_3
Fra:22 Mem:310.61M (Peak 310.61M) | Time:00:00.29 | Mem:0.00M, Peak:0.00M | DELL_C6420_4N_24SFF_V002_MASTER, ViewLayer | Synchronizing object | Carrier08_EMI_spring_-1_1
Fra:22 Mem:310.61M (Peak 310.61M) | Time:00:00.29 | Mem:0.00M, Peak:0.00M | DELL_C6420_4N_24SFF_V002_MASTER, ViewLayer | Synchronizing object | Carrier08_EMI_spring_-1_0
Fra:22 Mem:310.61M (Peak 310.61M) | Time:00:00.29 | Mem:0.00M, Peak:0.00M | DELL_C6420_4N_24SFF_V002_MASTER, ViewLayer | Synchronizing object | Carrier19_EMI_spring_-1_2
Fra:22 Mem:310.64M (Peak 310.64M) | Time:00:00.29 | Mem:0.00M, Peak:0.00M | DELL_C6420_4N_24SFF_V002_MASTER, ViewLayer | Synchronizing object | Carrier08_EMI_spring_-1_2
Fra:22 Mem:310.65M (Peak 310.65M) | Time:00:00.29 | Mem:0.00M, Peak:0.00M | DELL_C6420_4N_24SFF_V002_MASTER, ViewLayer | Synchronizing object | Carrier08_EMI_spring_-1_3
Fra:22 Mem:312.69M (Peak 312.76M) | Time:00:00.29 | Mem:0.00M, Peak:0.00M | DELL_C6420_4N_24SFF_V002_MASTER, ViewLayer | Synchronizing object | Carrier19_EMI_spring_-1_1
Fra:22 Mem:312.73M (Peak 312.76M) | Time:00:00.29 | Mem:0.00M, Peak:0.00M | DELL_C6420_4N_24SFF_V002_MASTER, ViewLayer | Synchronizing object | Carrier08_EMI_spring_-1_4
Fra:22 Mem:312.78M (Peak 312.78M) | Time:00:00.29 | Mem:0.00M, Peak:0.00M | DELL_C6420_4N_24SFF_V002_MASTER, ViewLayer | Synchronizing object | Carrier08_EMI_spring_-1_5
Fra:22 Mem:312.78M (Peak 312.78M) | Time:00:00.29 | Mem:0.00M, Peak:0.00M | DELL_C6420_4N_24SFF_V002_MASTER, ViewLayer | Synchronizing object | Carrier19_EMI_spring_-1_0
Fra:22 Mem:312.61M (Peak 312.78M) | Time:00:00.29 | Mem:0.00M, Peak:0.00M | DELL_C6420_4N_24SFF_V002_MASTER, ViewLayer | Synchronizing object | Carrier08_EMI_spring_-1_6
Fra:22 Mem:312.58M (Peak 312.78M) | Time:00:00.29 | Mem:0.00M, Peak:0.00M | DELL_C6420_4N_24SFF_V002_MASTER, ViewLayer | Synchronizing object | Carrier08_EMI_spring_-1_8
Fra:22 Mem:312.62M (Peak 312.78M) | Time:00:00.29 | Mem:0.00M, Peak:0.00M | DELL_C6420_4N_24SFF_V002_MASTER, ViewLayer | Synchronizing object | Carrier08_EMI_spring_1_0
Fra:22 Mem:312.74M (Peak 312.78M) | Time:00:00.29 | Mem:0.00M, Peak:0.00M | DELL_C6420_4N_24SFF_V002_MASTER, ViewLayer | Synchronizing object | Carrier08_EMI_spring_1_1
Fra:22 Mem:312.74M (Peak 312.78M) | Time:00:00.29 | Mem:0.00M, Peak:0.00M | DELL_C6420_4N_24SFF_V002_MASTER, ViewLayer | Synchronizing object | Carrier19_hinge_return_spring
Fra:22 Mem:312.81M (Peak 312.81M) | Time:00:00.29 | Mem:0.00M, Peak:0.00M | DELL_C6420_4N_24SFF_V002_MASTER, ViewLayer | Synchronizing object | Carrier08_EMI_spring_1_2
Fra:22 Mem:312.91M (Peak 312.91M) | Time:00:00.29 | Mem:0.00M, Peak:0.00M | DELL_C6420_4N_24SFF_V002_MASTER, ViewLayer | Synchronizing object | Carrier08_EMI_spring_1_3
Fra:22 Mem:312.92M (Peak 312.92M) | Time:00:00.29 | Mem:0.00M, Peak:0.00M | DELL_C6420_4N_24SFF_V002_MASTER, ViewLayer | Synchronizing object | Carrier08_EMI_spring_1_4
Fra:22 Mem:312.93M (Peak 312.93M) | Time:00:00.29 | Mem:0.00M, Peak:0.00M | DELL_C6420_4N_24SFF_V002_MASTER, ViewLayer | Synchronizing object | Carrier08_EMI_spring_1_6
Fra:22 Mem:312.96M (Peak 312.96M) | Time:00:00.29 | Mem:0.00M, Peak:0.00M | DELL_C6420_4N_24SFF_V002_MASTER, ViewLayer | Synchronizing object | Carrier08_EMI_spring_1_7
Fra:22 Mem:312.99M (Peak 312.99M) | Time:00:00.29 | Mem:0.00M, Peak:0.00M | DELL_C6420_4N_24SFF_V002_MASTER, ViewLayer | Synchronizing object | Carrier08_EMI_spring_1_8
Fra:22 Mem:313.02M (Peak 313.02M) | Time:00:00.29 | Mem:0.00M, Peak:0.00M | DELL_C6420_4N_24SFF_V002_MASTER, ViewLayer | Synchronizing object | Carrier09_hinge_return_spring
Fra:22 Mem:313.60M (Peak 313.60M) | Time:00:00.29 | Mem:0.00M, Peak:0.00M | DELL_C6420_4N_24SFF_V002_MASTER, ViewLayer | Synchronizing object | Carrier09_EMI_spring_-1_0
Fra:22 Mem:314.35M (Peak 314.35M) | Time:00:00.29 | Mem:0.00M, Peak:0.00M | DELL_C6420_4N_24SFF_V002_MASTER, ViewLayer | Synchronizing object | Carrier09_EMI_spring_-1_1
Fra:22 Mem:314.43M (Peak 314.43M) | Time:00:00.29 | Mem:0.00M, Peak:0.00M | DELL_C6420_4N_24SFF_V002_MASTER, ViewLayer | Synchronizing object | Carrier09_EMI_spring_-1_2
Fra:22 Mem:314.49M (Peak 314.49M) | Time:00:00.29 | Mem:0.00M, Peak:0.00M | DELL_C6420_4N_24SFF_V002_MASTER, ViewLayer | Synchronizing object | Carrier09_EMI_spring_-1_3
Fra:22 Mem:314.54M (Peak 314.54M) | Time:00:00.29 | Mem:0.00M, Peak:0.00M | DELL_C6420_4N_24SFF_V002_MASTER, ViewLayer | Synchronizing object | Carrier09_EMI_spring_-1_4
Fra:22 Mem:314.53M (Peak 314.54M) | Time:00:00.29 | Mem:0.00M, Peak:0.00M | DELL_C6420_4N_24SFF_V002_MASTER, ViewLayer | Synchronizing object | Carrier09_EMI_spring_-1_5
Fra:22 Mem:314.53M (Peak 314.54M) | Time:00:00.29 | Mem:0.00M, Peak:0.00M | DELL_C6420_4N_24SFF_V002_MASTER, ViewLayer | Synchronizing object | Carrier09_EMI_spring_-1_6
Fra:22 Mem:313.99M (Peak 314.54M) | Time:00:00.29 | Mem:0.00M, Peak:0.00M | DELL_C6420_4N_24SFF_V002_MASTER, ViewLayer | Synchronizing object | Carrier09_EMI_spring_-1_7
Fra:22 Mem:313.95M (Peak 314.54M) | Time:00:00.29 | Mem:0.00M, Peak:0.00M | DELL_C6420_4N_24SFF_V002_MASTER, ViewLayer | Synchronizing object | Carrier09_EMI_spring_-1_8
Fra:22 Mem:314.46M (Peak 314.54M) | Time:00:00.29 | Mem:0.00M, Peak:0.00M | DELL_C6420_4N_24SFF_V002_MASTER, ViewLayer | Synchronizing object | Carrier09_EMI_spring_1_0
Fra:22 Mem:314.48M (Peak 314.54M) | Time:00:00.29 | Mem:0.00M, Peak:0.00M | DELL_C6420_4N_24SFF_V002_MASTER, ViewLayer | Synchronizing object | Carrier09_EMI_spring_1_1
Fra:22 Mem:314.92M (Peak 314.92M) | Time:00:00.29 | Mem:0.00M, Peak:0.00M | DELL_C6420_4N_24SFF_V002_MASTER, ViewLayer | Synchronizing object | Carrier09_EMI_spring_1_2
Fra:22 Mem:314.96M (Peak 314.96M) | Time:00:00.29 | Mem:0.00M, Peak:0.00M | DELL_C6420_4N_24SFF_V002_MASTER, ViewLayer | Synchronizing object | Carrier09_EMI_spring_1_3
Fra:22 Mem:315.00M (Peak 315.00M) | Time:00:00.29 | Mem:0.00M, Peak:0.00M | DELL_C6420_4N_24SFF_V002_MASTER, ViewLayer | Synchronizing object | Carrier09_EMI_spring_1_4
Fra:22 Mem:315.10M (Peak 315.10M) | Time:00:00.29 | Mem:0.00M, Peak:0.00M | DELL_C6420_4N_24SFF_V002_MASTER, ViewLayer | Synchronizing object | Carrier09_EMI_spring_1_5
Fra:22 Mem:315.15M (Peak 315.15M) | Time:00:00.29 | Mem:0.00M, Peak:0.00M | DELL_C6420_4N_24SFF_V002_MASTER, ViewLayer | Synchronizing object | Carrier09_EMI_spring_1_6
Fra:22 Mem:315.16M (Peak 315.16M) | Time:00:00.29 | Mem:0.00M, Peak:0.00M | DELL_C6420_4N_24SFF_V002_MASTER, ViewLayer | Synchronizing object | Carrier09_EMI_spring_1_7
Fra:22 Mem:315.15M (Peak 315.16M) | Time:00:00.29 | Mem:0.00M, Peak:0.00M | DELL_C6420_4N_24SFF_V002_MASTER, ViewLayer | Synchronizing object | Carrier09_EMI_spring_1_8
Fra:22 Mem:315.15M (Peak 315.16M) | Time:00:00.29 | Mem:0.00M, Peak:0.00M | DELL_C6420_4N_24SFF_V002_MASTER, ViewLayer | Synchronizing object | Carrier10_activity_symbol
Fra:22 Mem:315.07M (Peak 315.16M) | Time:00:00.29 | Mem:0.00M, Peak:0.00M | DELL_C6420_4N_24SFF_V002_MASTER, ViewLayer | Synchronizing object | Carrier10_EMI_spring_-1_0
Fra:22 Mem:315.15M (Peak 315.16M) | Time:00:00.29 | Mem:0.00M, Peak:0.00M | DELL_C6420_4N_24SFF_V002_MASTER, ViewLayer | Synchronizing object | Carrier18_EMI_spring_1_8
Fra:22 Mem:314.93M (Peak 315.16M) | Time:00:00.29 | Mem:0.00M, Peak:0.00M | DELL_C6420_4N_24SFF_V002_MASTER, ViewLayer | Synchronizing object | Carrier10_EMI_spring_-1_1
Fra:22 Mem:314.95M (Peak 315.16M) | Time:00:00.29 | Mem:0.00M, Peak:0.00M | DELL_C6420_4N_24SFF_V002_MASTER, ViewLayer | Synchronizing object | Carrier10_EMI_spring_-1_2
Fra:22 Mem:314.99M (Peak 315.16M) | Time:00:00.29 | Mem:0.00M, Peak:0.00M | DELL_C6420_4N_24SFF_V002_MASTER, ViewLayer | Synchronizing object | Carrier10_EMI_spring_-1_3
Fra:22 Mem:315.54M (Peak 315.54M) | Time:00:00.29 | Mem:0.00M, Peak:0.00M | DELL_C6420_4N_24SFF_V002_MASTER, ViewLayer | Synchronizing object | Carrier18_EMI_spring_1_7
Fra:22 Mem:315.55M (Peak 315.55M) | Time:00:00.29 | Mem:0.00M, Peak:0.00M | DELL_C6420_4N_24SFF_V002_MASTER, ViewLayer | Synchronizing object | Carrier10_EMI_spring_-1_4
Fra:22 Mem:315.55M (Peak 315.55M) | Time:00:00.29 | Mem:0.00M, Peak:0.00M | DELL_C6420_4N_24SFF_V002_MASTER, ViewLayer | Synchronizing object | Carrier10_EMI_spring_-1_5
Fra:22 Mem:315.55M (Peak 315.55M) | Time:00:00.29 | Mem:0.00M, Peak:0.00M | DELL_C6420_4N_24SFF_V002_MASTER, ViewLayer | Synchronizing object | Carrier18_EMI_spring_1_6
Fra:22 Mem:315.54M (Peak 315.55M) | Time:00:00.29 | Mem:0.00M, Peak:0.00M | DELL_C6420_4N_24SFF_V002_MASTER, ViewLayer | Synchronizing object | Carrier10_EMI_spring_-1_7
Fra:22 Mem:315.55M (Peak 315.55M) | Time:00:00.29 | Mem:0.00M, Peak:0.00M | DELL_C6420_4N_24SFF_V002_MASTER, ViewLayer | Synchronizing object | Carrier10_EMI_spring_-1_8
Fra:22 Mem:315.56M (Peak 315.56M) | Time:00:00.29 | Mem:0.00M, Peak:0.00M | DELL_C6420_4N_24SFF_V002_MASTER, ViewLayer | Synchronizing object | Carrier18_EMI_spring_1_5
Fra:22 Mem:313.07M (Peak 315.56M) | Time:00:00.29 | Mem:0.00M, Peak:0.00M | DELL_C6420_4N_24SFF_V002_MASTER, ViewLayer | Synchronizing object | Carrier18_EMI_spring_1_4
Fra:22 Mem:313.06M (Peak 315.56M) | Time:00:00.29 | Mem:0.00M, Peak:0.00M | DELL_C6420_4N_24SFF_V002_MASTER, ViewLayer | Synchronizing object | Carrier10_EMI_spring_1_0
Fra:22 Mem:313.05M (Peak 315.56M) | Time:00:00.29 | Mem:0.00M, Peak:0.00M | DELL_C6420_4N_24SFF_V002_MASTER, ViewLayer | Synchronizing object | Carrier18_EMI_spring_1_3
Fra:22 Mem:313.11M (Peak 315.56M) | Time:00:00.29 | Mem:0.00M, Peak:0.00M | DELL_C6420_4N_24SFF_V002_MASTER, ViewLayer | Synchronizing object | Carrier10_EMI_spring_1_1
Fra:22 Mem:313.11M (Peak 315.56M) | Time:00:00.30 | Mem:0.00M, Peak:0.00M | DELL_C6420_4N_24SFF_V002_MASTER, ViewLayer | Synchronizing object | Carrier18_EMI_spring_1_2
Fra:22 Mem:313.11M (Peak 315.56M) | Time:00:00.30 | Mem:0.00M, Peak:0.00M | DELL_C6420_4N_24SFF_V002_MASTER, ViewLayer | Synchronizing object | Carrier10_EMI_spring_1_2
Fra:22 Mem:314.33M (Peak 315.56M) | Time:00:00.30 | Mem:0.00M, Peak:0.00M | DELL_C6420_4N_24SFF_V002_MASTER, ViewLayer | Synchronizing object | Carrier10_EMI_spring_1_5
Fra:22 Mem:314.43M (Peak 315.56M) | Time:00:00.30 | Mem:0.00M, Peak:0.00M | DELL_C6420_4N_24SFF_V002_MASTER, ViewLayer | Synchronizing object | Carrier18_EMI_spring_1_0
Fra:22 Mem:314.44M (Peak 315.56M) | Time:00:00.30 | Mem:0.00M, Peak:0.00M | DELL_C6420_4N_24SFF_V002_MASTER, ViewLayer | Synchronizing object | Carrier10_EMI_spring_1_6
Fra:22 Mem:314.43M (Peak 315.56M) | Time:00:00.30 | Mem:0.00M, Peak:0.00M | DELL_C6420_4N_24SFF_V002_MASTER, ViewLayer | Synchronizing object | Carrier10_EMI_spring_1_7
Fra:22 Mem:314.43M (Peak 315.56M) | Time:00:00.30 | Mem:0.00M, Peak:0.00M | DELL_C6420_4N_24SFF_V002_MASTER, ViewLayer | Synchronizing object | Carrier10_EMI_spring_1_8
Fra:22 Mem:314.44M (Peak 315.56M) | Time:00:00.30 | Mem:0.00M, Peak:0.00M | DELL_C6420_4N_24SFF_V002_MASTER, ViewLayer | Synchronizing object | Carrier11_hinge_return_spring
Fra:22 Mem:314.54M (Peak 315.56M) | Time:00:00.30 | Mem:0.00M, Peak:0.00M | DELL_C6420_4N_24SFF_V002_MASTER, ViewLayer | Synchronizing object | Carrier18_EMI_spring_-1_8
Fra:22 Mem:314.55M (Peak 315.56M) | Time:00:00.30 | Mem:0.00M, Peak:0.00M | DELL_C6420_4N_24SFF_V002_MASTER, ViewLayer | Synchronizing object | Carrier11_activity_symbol
Fra:22 Mem:314.54M (Peak 315.56M) | Time:00:00.30 | Mem:0.00M, Peak:0.00M | DELL_C6420_4N_24SFF_V002_MASTER, ViewLayer | Synchronizing object | Carrier11_EMI_spring_-1_0
Fra:22 Mem:315.04M (Peak 315.56M) | Time:00:00.30 | Mem:0.00M, Peak:0.00M | DELL_C6420_4N_24SFF_V002_MASTER, ViewLayer | Synchronizing object | Carrier11_EMI_spring_-1_1
Fra:22 Mem:315.10M (Peak 315.56M) | Time:00:00.30 | Mem:0.00M, Peak:0.00M | DELL_C6420_4N_24SFF_V002_MASTER, ViewLayer | Synchronizing object | Carrier18_EMI_spring_-1_7
Fra:22 Mem:315.11M (Peak 315.56M) | Time:00:00.30 | Mem:0.00M, Peak:0.00M | DELL_C6420_4N_24SFF_V002_MASTER, ViewLayer | Synchronizing object | Carrier11_EMI_spring_-1_2
Fra:22 Mem:315.12M (Peak 315.56M) | Time:00:00.30 | Mem:0.00M, Peak:0.00M | DELL_C6420_4N_24SFF_V002_MASTER, ViewLayer | Synchronizing object | Carrier11_EMI_spring_-1_3
Fra:22 Mem:315.06M (Peak 315.56M) | Time:00:00.30 | Mem:0.00M, Peak:0.00M | DELL_C6420_4N_24SFF_V002_MASTER, ViewLayer | Synchronizing object | Carrier18_EMI_spring_-1_6
Fra:22 Mem:315.01M (Peak 315.56M) | Time:00:00.30 | Mem:0.00M, Peak:0.00M | DELL_C6420_4N_24SFF_V002_MASTER, ViewLayer | Synchronizing object | Carrier11_EMI_spring_-1_4
Fra:22 Mem:315.50M (Peak 315.56M) | Time:00:00.30 | Mem:0.00M, Peak:0.00M | DELL_C6420_4N_24SFF_V002_MASTER, ViewLayer | Synchronizing object | Carrier11_EMI_spring_-1_5
Fra:22 Mem:315.50M (Peak 315.56M) | Time:00:00.30 | Mem:0.00M, Peak:0.00M | DELL_C6420_4N_24SFF_V002_MASTER, ViewLayer | Synchronizing object | Carrier11_EMI_spring_-1_6
Fra:22 Mem:315.46M (Peak 315.56M) | Time:00:00.30 | Mem:0.00M, Peak:0.00M | DELL_C6420_4N_24SFF_V002_MASTER, ViewLayer | Synchronizing object | Carrier11_EMI_spring_-1_7
Fra:22 Mem:315.52M (Peak 315.56M) | Time:00:00.30 | Mem:0.00M, Peak:0.00M | DELL_C6420_4N_24SFF_V002_MASTER, ViewLayer | Synchronizing object | Carrier18_EMI_spring_-1_5
Fra:22 Mem:315.54M (Peak 315.56M) | Time:00:00.30 | Mem:0.00M, Peak:0.00M | DELL_C6420_4N_24SFF_V002_MASTER, ViewLayer | Synchronizing object | Carrier11_EMI_spring_-1_8
Fra:22 Mem:315.55M (Peak 315.56M) | Time:00:00.30 | Mem:0.00M, Peak:0.00M | DELL_C6420_4N_24SFF_V002_MASTER, ViewLayer | Synchronizing object | Carrier11_EMI_spring_1_0
Fra:22 Mem:315.54M (Peak 315.56M) | Time:00:00.30 | Mem:0.00M, Peak:0.00M | DELL_C6420_4N_24SFF_V002_MASTER, ViewLayer | Synchronizing object | Carrier11_EMI_spring_1_1
Fra:22 Mem:315.56M (Peak 315.56M) | Time:00:00.30 | Mem:0.00M, Peak:0.00M | DELL_C6420_4N_24SFF_V002_MASTER, ViewLayer | Synchronizing object | Carrier11_EMI_spring_1_2
Fra:22 Mem:315.60M (Peak 315.60M) | Time:00:00.30 | Mem:0.00M, Peak:0.00M | DELL_C6420_4N_24SFF_V002_MASTER, ViewLayer | Synchronizing object | Carrier11_EMI_spring_1_3
Fra:22 Mem:315.63M (Peak 315.63M) | Time:00:00.30 | Mem:0.00M, Peak:0.00M | DELL_C6420_4N_24SFF_V002_MASTER, ViewLayer | Synchronizing object | Carrier11_EMI_spring_1_4
Fra:22 Mem:315.68M (Peak 315.68M) | Time:00:00.30 | Mem:0.00M, Peak:0.00M | DELL_C6420_4N_24SFF_V002_MASTER, ViewLayer | Synchronizing object | Carrier11_EMI_spring_1_5
Fra:22 Mem:315.67M (Peak 315.68M) | Time:00:00.30 | Mem:0.00M, Peak:0.00M | DELL_C6420_4N_24SFF_V002_MASTER, ViewLayer | Synchronizing object | Carrier18_EMI_spring_-1_3
Fra:22 Mem:315.69M (Peak 315.69M) | Time:00:00.30 | Mem:0.00M, Peak:0.00M | DELL_C6420_4N_24SFF_V002_MASTER, ViewLayer | Synchronizing object | Carrier11_EMI_spring_1_6
Fra:22 Mem:315.80M (Peak 315.80M) | Time:00:00.30 | Mem:0.00M, Peak:0.00M | DELL_C6420_4N_24SFF_V002_MASTER, ViewLayer | Synchronizing object | Carrier11_EMI_spring_1_7
Fra:22 Mem:315.89M (Peak 315.89M) | Time:00:00.30 | Mem:0.00M, Peak:0.00M | DELL_C6420_4N_24SFF_V002_MASTER, ViewLayer | Synchronizing object | Carrier11_EMI_spring_1_8
Fra:22 Mem:315.89M (Peak 315.89M) | Time:00:00.30 | Mem:0.00M, Peak:0.00M | DELL_C6420_4N_24SFF_V002_MASTER, ViewLayer | Synchronizing object | Carrier12_hinge_return_spring
Fra:22 Mem:315.90M (Peak 315.90M) | Time:00:00.30 | Mem:0.00M, Peak:0.00M | DELL_C6420_4N_24SFF_V002_MASTER, ViewLayer | Synchronizing object | Carrier18_EMI_spring_-1_2
Fra:22 Mem:315.90M (Peak 315.90M) | Time:00:00.30 | Mem:0.00M, Peak:0.00M | DELL_C6420_4N_24SFF_V002_MASTER, ViewLayer | Synchronizing object | Carrier12_activity_symbol
Fra:22 Mem:315.99M (Peak 315.99M) | Time:00:00.30 | Mem:0.00M, Peak:0.00M | DELL_C6420_4N_24SFF_V002_MASTER, ViewLayer | Synchronizing object | Carrier12_EMI_spring_-1_0
Fra:22 Mem:316.01M (Peak 316.01M) | Time:00:00.30 | Mem:0.00M, Peak:0.00M | DELL_C6420_4N_24SFF_V002_MASTER, ViewLayer | Synchronizing object | Carrier12_EMI_spring_-1_1
Fra:22 Mem:316.01M (Peak 316.01M) | Time:00:00.30 | Mem:0.00M, Peak:0.00M | DELL_C6420_4N_24SFF_V002_MASTER, ViewLayer | Synchronizing object | Carrier18_EMI_spring_-1_1
Fra:22 Mem:316.05M (Peak 316.05M) | Time:00:00.30 | Mem:0.00M, Peak:0.00M | DELL_C6420_4N_24SFF_V002_MASTER, ViewLayer | Synchronizing object | Carrier12_EMI_spring_-1_2
Fra:22 Mem:316.07M (Peak 316.07M) | Time:00:00.30 | Mem:0.00M, Peak:0.00M | DELL_C6420_4N_24SFF_V002_MASTER, ViewLayer | Synchronizing object | Carrier12_EMI_spring_-1_3
Fra:22 Mem:316.08M (Peak 316.08M) | Time:00:00.30 | Mem:0.00M, Peak:0.00M | DELL_C6420_4N_24SFF_V002_MASTER, ViewLayer | Synchronizing object | Carrier18_EMI_spring_-1_0
Fra:22 Mem:316.09M (Peak 316.09M) | Time:00:00.30 | Mem:0.00M, Peak:0.00M | DELL_C6420_4N_24SFF_V002_MASTER, ViewLayer | Synchronizing object | Carrier12_EMI_spring_-1_5
Fra:22 Mem:316.06M (Peak 316.09M) | Time:00:00.30 | Mem:0.00M, Peak:0.00M | DELL_C6420_4N_24SFF_V002_MASTER, ViewLayer | Synchronizing object | Carrier12_EMI_spring_-1_6
Fra:22 Mem:316.06M (Peak 316.09M) | Time:00:00.30 | Mem:0.00M, Peak:0.00M | DELL_C6420_4N_24SFF_V002_MASTER, ViewLayer | Synchronizing object | Carrier18_activity_symbol
Fra:22 Mem:316.08M (Peak 316.09M) | Time:00:00.30 | Mem:0.00M, Peak:0.00M | DELL_C6420_4N_24SFF_V002_MASTER, ViewLayer | Synchronizing object | Carrier12_EMI_spring_-1_7
Fra:22 Mem:316.06M (Peak 316.09M) | Time:00:00.30 | Mem:0.00M, Peak:0.00M | DELL_C6420_4N_24SFF_V002_MASTER, ViewLayer | Synchronizing object | Carrier18_hinge_return_spring
Fra:22 Mem:316.04M (Peak 316.09M) | Time:00:00.30 | Mem:0.00M, Peak:0.00M | DELL_C6420_4N_24SFF_V002_MASTER, ViewLayer | Synchronizing object | Carrier12_EMI_spring_-1_8
Fra:22 Mem:316.13M (Peak 316.13M) | Time:00:00.30 | Mem:0.00M, Peak:0.00M | DELL_C6420_4N_24SFF_V002_MASTER, ViewLayer | Synchronizing object | Carrier12_EMI_spring_1_0
Fra:22 Mem:316.13M (Peak 316.13M) | Time:00:00.30 | Mem:0.00M, Peak:0.00M | DELL_C6420_4N_24SFF_V002_MASTER, ViewLayer | Synchronizing object | Carrier12_EMI_spring_1_1
Fra:22 Mem:316.32M (Peak 316.32M) | Time:00:00.30 | Mem:0.00M, Peak:0.00M | DELL_C6420_4N_24SFF_V002_MASTER, ViewLayer | Synchronizing object | Carrier12_EMI_spring_1_2
Fra:22 Mem:316.36M (Peak 316.36M) | Time:00:00.30 | Mem:0.00M, Peak:0.00M | DELL_C6420_4N_24SFF_V002_MASTER, ViewLayer | Synchronizing object | Carrier12_EMI_spring_1_3
Fra:22 Mem:316.39M (Peak 316.39M) | Time:00:00.30 | Mem:0.00M, Peak:0.00M | DELL_C6420_4N_24SFF_V002_MASTER, ViewLayer | Synchronizing object | Carrier12_EMI_spring_1_4
Fra:22 Mem:316.33M (Peak 316.39M) | Time:00:00.30 | Mem:0.00M, Peak:0.00M | DELL_C6420_4N_24SFF_V002_MASTER, ViewLayer | Synchronizing object | Carrier17_EMI_spring_1_8
Fra:22 Mem:316.52M (Peak 316.52M) | Time:00:00.30 | Mem:0.00M, Peak:0.00M | DELL_C6420_4N_24SFF_V002_MASTER, ViewLayer | Synchronizing object | Carrier17_EMI_spring_1_7
Fra:22 Mem:316.53M (Peak 316.53M) | Time:00:00.30 | Mem:0.00M, Peak:0.00M | DELL_C6420_4N_24SFF_V002_MASTER, ViewLayer | Synchronizing object | Carrier17_EMI_spring_1_6
Fra:22 Mem:316.54M (Peak 316.54M) | Time:00:00.30 | Mem:0.00M, Peak:0.00M | DELL_C6420_4N_24SFF_V002_MASTER, ViewLayer | Synchronizing object | Carrier17_EMI_spring_1_5
Fra:22 Mem:317.61M (Peak 317.63M) | Time:00:00.30 | Mem:0.00M, Peak:0.00M | DELL_C6420_4N_24SFF_V002_MASTER, ViewLayer | Synchronizing object | Carrier17_EMI_spring_1_4
Fra:22 Mem:317.63M (Peak 317.63M) | Time:00:00.30 | Mem:0.00M, Peak:0.00M | DELL_C6420_4N_24SFF_V002_MASTER, ViewLayer | Synchronizing object | Carrier17_EMI_spring_1_3
Fra:22 Mem:317.64M (Peak 317.64M) | Time:00:00.30 | Mem:0.00M, Peak:0.00M | DELL_C6420_4N_24SFF_V002_MASTER, ViewLayer | Synchronizing object | Carrier17_EMI_spring_1_2
Fra:22 Mem:317.65M (Peak 317.65M) | Time:00:00.30 | Mem:0.00M, Peak:0.00M | DELL_C6420_4N_24SFF_V002_MASTER, ViewLayer | Synchronizing object | Carrier17_EMI_spring_1_1
Fra:22 Mem:317.66M (Peak 317.66M) | Time:00:00.30 | Mem:0.00M, Peak:0.00M | DELL_C6420_4N_24SFF_V002_MASTER, ViewLayer | Synchronizing object | Carrier12_EMI_spring_1_5
Fra:22 Mem:317.69M (Peak 317.69M) | Time:00:00.30 | Mem:0.00M, Peak:0.00M | DELL_C6420_4N_24SFF_V002_MASTER, ViewLayer | Synchronizing object | Carrier17_EMI_spring_1_0
Fra:22 Mem:317.69M (Peak 317.69M) | Time:00:00.30 | Mem:0.00M, Peak:0.00M | DELL_C6420_4N_24SFF_V002_MASTER, ViewLayer | Synchronizing object | Carrier17_EMI_spring_-1_8
Fra:22 Mem:317.70M (Peak 317.70M) | Time:00:00.30 | Mem:0.00M, Peak:0.00M | DELL_C6420_4N_24SFF_V002_MASTER, ViewLayer | Synchronizing object | Carrier17_EMI_spring_-1_7
Fra:22 Mem:317.71M (Peak 317.71M) | Time:00:00.30 | Mem:0.00M, Peak:0.00M | DELL_C6420_4N_24SFF_V002_MASTER, ViewLayer | Synchronizing object | Carrier17_EMI_spring_-1_6
Fra:22 Mem:317.72M (Peak 317.72M) | Time:00:00.30 | Mem:0.00M, Peak:0.00M | DELL_C6420_4N_24SFF_V002_MASTER, ViewLayer | Synchronizing object | Carrier17_EMI_spring_-1_5
Fra:22 Mem:319.85M (Peak 319.85M) | Time:00:00.30 | Mem:0.00M, Peak:0.00M | DELL_C6420_4N_24SFF_V002_MASTER, ViewLayer | Synchronizing object | Carrier17_EMI_spring_-1_4
Fra:22 Mem:319.86M (Peak 319.86M) | Time:00:00.30 | Mem:0.00M, Peak:0.00M | DELL_C6420_4N_24SFF_V002_MASTER, ViewLayer | Synchronizing object | Carrier17_EMI_spring_-1_3
Fra:22 Mem:319.88M (Peak 319.88M) | Time:00:00.30 | Mem:0.00M, Peak:0.00M | DELL_C6420_4N_24SFF_V002_MASTER, ViewLayer | Synchronizing object | Carrier17_EMI_spring_-1_2
Fra:22 Mem:319.89M (Peak 319.89M) | Time:00:00.30 | Mem:0.00M, Peak:0.00M | DELL_C6420_4N_24SFF_V002_MASTER, ViewLayer | Synchronizing object | Carrier17_EMI_spring_-1_1
Fra:22 Mem:319.90M (Peak 319.90M) | Time:00:00.30 | Mem:0.00M, Peak:0.00M | DELL_C6420_4N_24SFF_V002_MASTER, ViewLayer | Synchronizing object | Carrier17_EMI_spring_-1_0
Fra:22 Mem:319.91M (Peak 319.91M) | Time:00:00.30 | Mem:0.00M, Peak:0.00M | DELL_C6420_4N_24SFF_V002_MASTER, ViewLayer | Synchronizing object | Carrier17_activity_symbol
Fra:22 Mem:319.92M (Peak 319.92M) | Time:00:00.30 | Mem:0.00M, Peak:0.00M | DELL_C6420_4N_24SFF_V002_MASTER, ViewLayer | Synchronizing object | Carrier17_hinge_return_spring
Fra:22 Mem:320.63M (Peak 320.63M) | Time:00:00.30 | Mem:0.00M, Peak:0.00M | DELL_C6420_4N_24SFF_V002_MASTER, ViewLayer | Synchronizing object | Carrier16_EMI_spring_1_8
Fra:22 Mem:320.64M (Peak 320.64M) | Time:00:00.30 | Mem:0.00M, Peak:0.00M | DELL_C6420_4N_24SFF_V002_MASTER, ViewLayer | Synchronizing object | Carrier16_EMI_spring_1_7
Fra:22 Mem:320.65M (Peak 320.65M) | Time:00:00.31 | Mem:0.00M, Peak:0.00M | DELL_C6420_4N_24SFF_V002_MASTER, ViewLayer | Synchronizing object | Carrier16_EMI_spring_1_6
Fra:22 Mem:320.66M (Peak 320.66M) | Time:00:00.31 | Mem:0.00M, Peak:0.00M | DELL_C6420_4N_24SFF_V002_MASTER, ViewLayer | Synchronizing object | Carrier16_EMI_spring_1_5
Fra:22 Mem:320.68M (Peak 320.68M) | Time:00:00.31 | Mem:0.00M, Peak:0.00M | DELL_C6420_4N_24SFF_V002_MASTER, ViewLayer | Synchronizing object | Carrier16_EMI_spring_1_4
Fra:22 Mem:320.69M (Peak 320.69M) | Time:00:00.31 | Mem:0.00M, Peak:0.00M | DELL_C6420_4N_24SFF_V002_MASTER, ViewLayer | Synchronizing object | Carrier16_EMI_spring_1_3
Fra:22 Mem:320.70M (Peak 320.70M) | Time:00:00.31 | Mem:0.00M, Peak:0.00M | DELL_C6420_4N_24SFF_V002_MASTER, ViewLayer | Synchronizing object | Carrier16_EMI_spring_1_2
Fra:22 Mem:320.71M (Peak 320.71M) | Time:00:00.31 | Mem:0.00M, Peak:0.00M | DELL_C6420_4N_24SFF_V002_MASTER, ViewLayer | Synchronizing object | Carrier16_EMI_spring_1_1
Fra:22 Mem:320.73M (Peak 320.73M) | Time:00:00.31 | Mem:0.00M, Peak:0.00M | DELL_C6420_4N_24SFF_V002_MASTER, ViewLayer | Synchronizing object | Carrier16_EMI_spring_1_0
Fra:22 Mem:320.74M (Peak 320.74M) | Time:00:00.31 | Mem:0.00M, Peak:0.00M | DELL_C6420_4N_24SFF_V002_MASTER, ViewLayer | Synchronizing object | Carrier16_EMI_spring_-1_8
Fra:22 Mem:320.75M (Peak 320.75M) | Time:00:00.31 | Mem:0.00M, Peak:0.00M | DELL_C6420_4N_24SFF_V002_MASTER, ViewLayer | Synchronizing object | Carrier16_EMI_spring_-1_7
Fra:22 Mem:320.76M (Peak 320.76M) | Time:00:00.31 | Mem:0.00M, Peak:0.00M | DELL_C6420_4N_24SFF_V002_MASTER, ViewLayer | Synchronizing object | Carrier16_EMI_spring_-1_6
Fra:22 Mem:320.78M (Peak 320.78M) | Time:00:00.31 | Mem:0.00M, Peak:0.00M | DELL_C6420_4N_24SFF_V002_MASTER, ViewLayer | Synchronizing object | Carrier16_EMI_spring_-1_5
Fra:22 Mem:320.79M (Peak 320.79M) | Time:00:00.31 | Mem:0.00M, Peak:0.00M | DELL_C6420_4N_24SFF_V002_MASTER, ViewLayer | Synchronizing object | Carrier16_EMI_spring_-1_4
Fra:22 Mem:320.80M (Peak 320.80M) | Time:00:00.31 | Mem:0.00M, Peak:0.00M | DELL_C6420_4N_24SFF_V002_MASTER, ViewLayer | Synchronizing object | Carrier16_EMI_spring_-1_3
Fra:22 Mem:320.81M (Peak 320.81M) | Time:00:00.31 | Mem:0.00M, Peak:0.00M | DELL_C6420_4N_24SFF_V002_MASTER, ViewLayer | Synchronizing object | Carrier16_EMI_spring_-1_2
Fra:22 Mem:320.82M (Peak 320.82M) | Time:00:00.31 | Mem:0.00M, Peak:0.00M | DELL_C6420_4N_24SFF_V002_MASTER, ViewLayer | Synchronizing object | Carrier16_EMI_spring_-1_1
Fra:22 Mem:320.84M (Peak 320.84M) | Time:00:00.31 | Mem:0.00M, Peak:0.00M | DELL_C6420_4N_24SFF_V002_MASTER, ViewLayer | Synchronizing object | Carrier16_EMI_spring_-1_0
Fra:22 Mem:320.85M (Peak 320.85M) | Time:00:00.31 | Mem:0.00M, Peak:0.00M | DELL_C6420_4N_24SFF_V002_MASTER, ViewLayer | Synchronizing object | Carrier16_activity_symbol
Fra:22 Mem:320.86M (Peak 320.86M) | Time:00:00.31 | Mem:0.00M, Peak:0.00M | DELL_C6420_4N_24SFF_V002_MASTER, ViewLayer | Synchronizing object | Carrier16_hinge_return_spring
Fra:22 Mem:320.97M (Peak 320.97M) | Time:00:00.31 | Mem:0.00M, Peak:0.00M | DELL_C6420_4N_24SFF_V002_MASTER, ViewLayer | Synchronizing object | Carrier12_EMI_spring_1_6
Fra:22 Mem:320.94M (Peak 320.97M) | Time:00:00.31 | Mem:0.00M, Peak:0.00M | DELL_C6420_4N_24SFF_V002_MASTER, ViewLayer | Synchronizing object | Carrier12_EMI_spring_1_7
Fra:22 Mem:321.07M (Peak 321.07M) | Time:00:00.31 | Mem:0.00M, Peak:0.00M | DELL_C6420_4N_24SFF_V002_MASTER, ViewLayer | Synchronizing object | Carrier12_EMI_spring_1_8
Fra:22 Mem:321.07M (Peak 321.07M) | Time:00:00.31 | Mem:0.00M, Peak:0.00M | DELL_C6420_4N_24SFF_V002_MASTER, ViewLayer | Synchronizing object | Carrier15_EMI_spring_1_8
Fra:22 Mem:321.09M (Peak 321.09M) | Time:00:00.31 | Mem:0.00M, Peak:0.00M | DELL_C6420_4N_24SFF_V002_MASTER, ViewLayer | Synchronizing object | Carrier15_EMI_spring_1_7
Fra:22 Mem:321.10M (Peak 321.10M) | Time:00:00.31 | Mem:0.00M, Peak:0.00M | DELL_C6420_4N_24SFF_V002_MASTER, ViewLayer | Synchronizing object | Carrier15_EMI_spring_1_6
Fra:22 Mem:321.11M (Peak 321.11M) | Time:00:00.31 | Mem:0.00M, Peak:0.00M | DELL_C6420_4N_24SFF_V002_MASTER, ViewLayer | Synchronizing object | Carrier15_EMI_spring_1_5
Fra:22 Mem:321.12M (Peak 321.12M) | Time:00:00.31 | Mem:0.00M, Peak:0.00M | DELL_C6420_4N_24SFF_V002_MASTER, ViewLayer | Synchronizing object | Carrier15_EMI_spring_1_4
Fra:22 Mem:321.14M (Peak 321.14M) | Time:00:00.31 | Mem:0.00M, Peak:0.00M | DELL_C6420_4N_24SFF_V002_MASTER, ViewLayer | Synchronizing object | Carrier15_EMI_spring_1_3
Fra:22 Mem:321.15M (Peak 321.15M) | Time:00:00.31 | Mem:0.00M, Peak:0.00M | DELL_C6420_4N_24SFF_V002_MASTER, ViewLayer | Synchronizing object | Carrier15_EMI_spring_1_2
Fra:22 Mem:321.16M (Peak 321.16M) | Time:00:00.31 | Mem:0.00M, Peak:0.00M | DELL_C6420_4N_24SFF_V002_MASTER, ViewLayer | Synchronizing object | Carrier15_EMI_spring_1_1
Fra:22 Mem:321.17M (Peak 321.17M) | Time:00:00.31 | Mem:0.00M, Peak:0.00M | DELL_C6420_4N_24SFF_V002_MASTER, ViewLayer | Synchronizing object | Carrier15_EMI_spring_1_0
Fra:22 Mem:321.18M (Peak 321.18M) | Time:00:00.31 | Mem:0.00M, Peak:0.00M | DELL_C6420_4N_24SFF_V002_MASTER, ViewLayer | Synchronizing object | Carrier15_EMI_spring_-1_8
Fra:22 Mem:321.20M (Peak 321.20M) | Time:00:00.31 | Mem:0.00M, Peak:0.00M | DELL_C6420_4N_24SFF_V002_MASTER, ViewLayer | Synchronizing object | Carrier15_EMI_spring_-1_7
Fra:22 Mem:321.21M (Peak 321.21M) | Time:00:00.31 | Mem:0.00M, Peak:0.00M | DELL_C6420_4N_24SFF_V002_MASTER, ViewLayer | Synchronizing object | Carrier15_EMI_spring_-1_6
Fra:22 Mem:321.22M (Peak 321.22M) | Time:00:00.31 | Mem:0.00M, Peak:0.00M | DELL_C6420_4N_24SFF_V002_MASTER, ViewLayer | Synchronizing object | Carrier15_EMI_spring_-1_5
Fra:22 Mem:321.23M (Peak 321.23M) | Time:00:00.31 | Mem:0.00M, Peak:0.00M | DELL_C6420_4N_24SFF_V002_MASTER, ViewLayer | Synchronizing object | Carrier15_EMI_spring_-1_4
Fra:22 Mem:321.25M (Peak 321.25M) | Time:00:00.31 | Mem:0.00M, Peak:0.00M | DELL_C6420_4N_24SFF_V002_MASTER, ViewLayer | Synchronizing object | Carrier15_EMI_spring_-1_3
Fra:22 Mem:321.26M (Peak 321.26M) | Time:00:00.31 | Mem:0.00M, Peak:0.00M | DELL_C6420_4N_24SFF_V002_MASTER, ViewLayer | Synchronizing object | Carrier15_EMI_spring_-1_2
Fra:22 Mem:321.27M (Peak 321.27M) | Time:00:00.31 | Mem:0.00M, Peak:0.00M | DELL_C6420_4N_24SFF_V002_MASTER, ViewLayer | Synchronizing object | Carrier15_EMI_spring_-1_1
Fra:22 Mem:321.28M (Peak 321.28M) | Time:00:00.31 | Mem:0.00M, Peak:0.00M | DELL_C6420_4N_24SFF_V002_MASTER, ViewLayer | Synchronizing object | Carrier15_EMI_spring_-1_0
Fra:22 Mem:321.29M (Peak 321.29M) | Time:00:00.31 | Mem:0.00M, Peak:0.00M | DELL_C6420_4N_24SFF_V002_MASTER, ViewLayer | Synchronizing object | Carrier15_activity_symbol
Fra:22 Mem:321.30M (Peak 321.30M) | Time:00:00.31 | Mem:0.00M, Peak:0.00M | DELL_C6420_4N_24SFF_V002_MASTER, ViewLayer | Synchronizing object | Carrier15_hinge_return_spring
Fra:22 Mem:321.61M (Peak 321.61M) | Time:00:00.31 | Mem:0.00M, Peak:0.00M | DELL_C6420_4N_24SFF_V002_MASTER, ViewLayer | Synchronizing object | Carrier13_hinge_return_spring
Fra:22 Mem:321.58M (Peak 321.61M) | Time:00:00.31 | Mem:0.00M, Peak:0.00M | DELL_C6420_4N_24SFF_V002_MASTER, ViewLayer | Synchronizing object | Carrier14_EMI_spring_1_8
Fra:22 Mem:321.69M (Peak 321.69M) | Time:00:00.31 | Mem:0.00M, Peak:0.00M | DELL_C6420_4N_24SFF_V002_MASTER, ViewLayer | Synchronizing object | Carrier14_EMI_spring_1_7
Fra:22 Mem:321.81M (Peak 321.81M) | Time:00:00.31 | Mem:0.00M, Peak:0.00M | DELL_C6420_4N_24SFF_V002_MASTER, ViewLayer | Synchronizing object | Carrier14_EMI_spring_1_6
Fra:22 Mem:321.83M (Peak 321.83M) | Time:00:00.31 | Mem:0.00M, Peak:0.00M | DELL_C6420_4N_24SFF_V002_MASTER, ViewLayer | Synchronizing object | Carrier14_EMI_spring_1_5
Fra:22 Mem:321.84M (Peak 321.84M) | Time:00:00.32 | Mem:0.00M, Peak:0.00M | DELL_C6420_4N_24SFF_V002_MASTER, ViewLayer | Synchronizing object | Carrier14_EMI_spring_1_4
Fra:22 Mem:321.85M (Peak 321.85M) | Time:00:00.32 | Mem:0.00M, Peak:0.00M | DELL_C6420_4N_24SFF_V002_MASTER, ViewLayer | Synchronizing object | Carrier14_EMI_spring_1_3
Fra:22 Mem:321.86M (Peak 321.86M) | Time:00:00.32 | Mem:0.00M, Peak:0.00M | DELL_C6420_4N_24SFF_V002_MASTER, ViewLayer | Synchronizing object | Carrier14_EMI_spring_1_2
Fra:22 Mem:321.76M (Peak 321.86M) | Time:00:00.32 | Mem:0.00M, Peak:0.00M | DELL_C6420_4N_24SFF_V002_MASTER, ViewLayer | Synchronizing object | Carrier14_EMI_spring_1_1
Fra:22 Mem:321.76M (Peak 321.86M) | Time:00:00.32 | Mem:0.00M, Peak:0.00M | DELL_C6420_4N_24SFF_V002_MASTER, ViewLayer | Synchronizing object | Carrier14_EMI_spring_1_0
Fra:22 Mem:321.77M (Peak 321.86M) | Time:00:00.32 | Mem:0.00M, Peak:0.00M | DELL_C6420_4N_24SFF_V002_MASTER, ViewLayer | Synchronizing object | Carrier14_EMI_spring_-1_8
Fra:22 Mem:321.78M (Peak 321.86M) | Time:00:00.32 | Mem:0.00M, Peak:0.00M | DELL_C6420_4N_24SFF_V002_MASTER, ViewLayer | Synchronizing object | Carrier14_EMI_spring_-1_7
Fra:22 Mem:321.80M (Peak 321.86M) | Time:00:00.32 | Mem:0.00M, Peak:0.00M | DELL_C6420_4N_24SFF_V002_MASTER, ViewLayer | Synchronizing object | Carrier14_EMI_spring_-1_6
Fra:22 Mem:321.81M (Peak 321.86M) | Time:00:00.32 | Mem:0.00M, Peak:0.00M | DELL_C6420_4N_24SFF_V002_MASTER, ViewLayer | Synchronizing object | Carrier14_EMI_spring_-1_5
Fra:22 Mem:321.82M (Peak 321.86M) | Time:00:00.32 | Mem:0.00M, Peak:0.00M | DELL_C6420_4N_24SFF_V002_MASTER, ViewLayer | Synchronizing object | Carrier14_EMI_spring_-1_4
Fra:22 Mem:321.83M (Peak 321.86M) | Time:00:00.32 | Mem:0.00M, Peak:0.00M | DELL_C6420_4N_24SFF_V002_MASTER, ViewLayer | Synchronizing object | Carrier14_EMI_spring_-1_3
Fra:22 Mem:321.86M (Peak 321.86M) | Time:00:00.32 | Mem:0.00M, Peak:0.00M | DELL_C6420_4N_24SFF_V002_MASTER, ViewLayer | Synchronizing object | Carrier13_activity_symbol
Fra:22 Mem:321.86M (Peak 321.86M) | Time:00:00.32 | Mem:0.00M, Peak:0.00M | DELL_C6420_4N_24SFF_V002_MASTER, ViewLayer | Synchronizing object | Carrier14_EMI_spring_-1_2
Fra:22 Mem:321.87M (Peak 321.87M) | Time:00:00.32 | Mem:0.00M, Peak:0.00M | DELL_C6420_4N_24SFF_V002_MASTER, ViewLayer | Synchronizing object | Carrier14_EMI_spring_-1_1
Fra:22 Mem:321.88M (Peak 321.88M) | Time:00:00.32 | Mem:0.00M, Peak:0.00M | DELL_C6420_4N_24SFF_V002_MASTER, ViewLayer | Synchronizing object | Carrier14_EMI_spring_-1_0
Fra:22 Mem:321.89M (Peak 321.89M) | Time:00:00.32 | Mem:0.00M, Peak:0.00M | DELL_C6420_4N_24SFF_V002_MASTER, ViewLayer | Synchronizing object | Carrier14_activity_symbol
Fra:22 Mem:321.90M (Peak 321.90M) | Time:00:00.32 | Mem:0.00M, Peak:0.00M | DELL_C6420_4N_24SFF_V002_MASTER, ViewLayer | Synchronizing object | Carrier14_hinge_return_spring
Fra:22 Mem:322.01M (Peak 322.01M) | Time:00:00.32 | Mem:0.00M, Peak:0.00M | DELL_C6420_4N_24SFF_V002_MASTER, ViewLayer | Synchronizing object | Carrier13_EMI_spring_-1_0
Fra:22 Mem:321.98M (Peak 322.01M) | Time:00:00.32 | Mem:0.00M, Peak:0.00M | DELL_C6420_4N_24SFF_V002_MASTER, ViewLayer | Synchronizing object | Carrier13_EMI_spring_-1_1
Fra:22 Mem:322.23M (Peak 322.23M) | Time:00:00.32 | Mem:0.00M, Peak:0.00M | DELL_C6420_4N_24SFF_V002_MASTER, ViewLayer | Synchronizing object | Carrier13_EMI_spring_-1_2
Fra:22 Mem:322.24M (Peak 322.24M) | Time:00:00.32 | Mem:0.00M, Peak:0.00M | DELL_C6420_4N_24SFF_V002_MASTER, ViewLayer | Synchronizing object | Carrier13_EMI_spring_-1_3
Fra:22 Mem:322.26M (Peak 322.26M) | Time:00:00.32 | Mem:0.00M, Peak:0.00M | DELL_C6420_4N_24SFF_V002_MASTER, ViewLayer | Synchronizing object | Carrier13_EMI_spring_-1_4
Fra:22 Mem:322.28M (Peak 322.28M) | Time:00:00.32 | Mem:0.00M, Peak:0.00M | DELL_C6420_4N_24SFF_V002_MASTER, ViewLayer | Synchronizing object | Carrier13_EMI_spring_-1_5
Fra:22 Mem:322.28M (Peak 322.28M) | Time:00:00.32 | Mem:0.00M, Peak:0.00M | DELL_C6420_4N_24SFF_V002_MASTER, ViewLayer | Synchronizing object | Carrier13_EMI_spring_-1_6
Fra:22 Mem:322.29M (Peak 322.29M) | Time:00:00.32 | Mem:0.00M, Peak:0.00M | DELL_C6420_4N_24SFF_V002_MASTER, ViewLayer | Synchronizing object | Carrier13_EMI_spring_-1_7
Fra:22 Mem:322.32M (Peak 322.32M) | Time:00:00.32 | Mem:0.00M, Peak:0.00M | DELL_C6420_4N_24SFF_V002_MASTER, ViewLayer | Synchronizing object | Carrier13_EMI_spring_-1_8
Fra:22 Mem:322.33M (Peak 322.33M) | Time:00:00.32 | Mem:0.00M, Peak:0.00M | DELL_C6420_4N_24SFF_V002_MASTER, ViewLayer | Synchronizing object | Carrier13_EMI_spring_1_2
Fra:22 Mem:322.36M (Peak 322.36M) | Time:00:00.32 | Mem:0.00M, Peak:0.00M | DELL_C6420_4N_24SFF_V002_MASTER, ViewLayer | Synchronizing object | Carrier13_EMI_spring_1_3
Fra:22 Mem:322.25M (Peak 322.36M) | Time:00:00.32 | Mem:0.00M, Peak:0.00M | DELL_C6420_4N_24SFF_V002_MASTER, ViewLayer | Synchronizing object | Carrier13_EMI_spring_1_8
Fra:22 Mem:322.25M (Peak 322.36M) | Time:00:00.32 | Mem:0.00M, Peak:0.00M | DELL_C6420_4N_24SFF_V002_MASTER, ViewLayer | Synchronizing object | Carrier13_EMI_spring_1_4
Fra:22 Mem:322.28M (Peak 322.36M) | Time:00:00.32 | Mem:0.00M, Peak:0.00M | DELL_C6420_4N_24SFF_V002_MASTER, ViewLayer | Synchronizing object | Carrier13_EMI_spring_1_7
Fra:22 Mem:322.28M (Peak 322.36M) | Time:00:00.32 | Mem:0.00M, Peak:0.00M | DELL_C6420_4N_24SFF_V002_MASTER, ViewLayer | Synchronizing object | Carrier13_EMI_spring_1_6
Fra:22 Mem:322.29M (Peak 322.36M) | Time:00:00.32 | Mem:0.00M, Peak:0.00M | DELL_C6420_4N_24SFF_V002_MASTER, ViewLayer | Synchronizing object | Carrier13_EMI_spring_1_5
Fra:22 Mem:303.61M (Peak 322.36M) | Time:00:00.36 | Mem:0.00M, Peak:0.00M | DELL_C6420_4N_24SFF_V002_MASTER, ViewLayer | Initializing
Fra:22 Mem:294.63M (Peak 322.36M) | Time:00:00.37 | Mem:0.00M, Peak:0.00M | DELL_C6420_4N_24SFF_V002_MASTER, ViewLayer | Updating Images | Loading nylon-normal.png.001
Fra:22 Mem:294.63M (Peak 322.36M) | Time:00:00.37 | Mem:0.00M, Peak:0.00M | DELL_C6420_4N_24SFF_V002_MASTER, ViewLayer | Updating Images | Loading zinc-base.png.001
Fra:22 Mem:294.63M (Peak 322.36M) | Time:00:00.37 | Mem:0.00M, Peak:0.00M | DELL_C6420_4N_24SFF_V002_MASTER, ViewLayer | Updating Images | Loading nickel-normal.png.001
Fra:22 Mem:446.65M (Peak 462.65M) | Time:00:00.42 | Mem:8.00M, Peak:8.00M | DELL_C6420_4N_24SFF_V002_MASTER, ViewLayer | Updating Images | Loading abs-rough.png.001
Fra:22 Mem:526.67M (Peak 558.68M) | Time:00:00.47 | Mem:24.00M, Peak:24.00M | DELL_C6420_4N_24SFF_V002_MASTER, ViewLayer | Updating Images | Loading abs-normal.png.001
Fra:22 Mem:478.66M (Peak 558.68M) | Time:00:00.50 | Mem:40.00M, Peak:40.00M | DELL_C6420_4N_24SFF_V002_MASTER, ViewLayer | Updating Images | Loading dell-emc-official.png.001
Fra:22 Mem:479.00M (Peak 558.68M) | Time:00:00.50 | Mem:56.00M, Peak:56.00M | DELL_C6420_4N_24SFF_V002_MASTER, ViewLayer | Updating Images | Loading c6400-official.png.001
Fra:22 Mem:511.28M (Peak 558.68M) | Time:00:00.51 | Mem:56.27M, Peak:56.27M | DELL_C6420_4N_24SFF_V002_MASTER, ViewLayer | Updating Images | Loading abacus-clear-service
Fra:22 Mem:519.28M (Peak 558.68M) | Time:00:00.51 | Mem:56.62M, Peak:56.62M | DELL_C6420_4N_24SFF_V002_MASTER, ViewLayer | Updating Images | Loading abacus-clear-warning
Fra:22 Mem:648.87M (Peak 652.01M) | Time:00:00.53 | Mem:58.18M, Peak:58.18M | DELL_C6420_4N_24SFF_V002_MASTER, ViewLayer | Updating Images | Loading abacus-clear-regulatory
Fra:22 Mem:650.44M (Peak 652.01M) | Time:00:00.54 | Mem:74.18M, Peak:74.18M | DELL_C6420_4N_24SFF_V002_MASTER, ViewLayer | Updating Images | Loading nylon-base.png.001
Fra:22 Mem:666.44M (Peak 669.57M) | Time:00:00.55 | Mem:75.74M, Peak:75.74M | DELL_C6420_4N_24SFF_V002_MASTER, ViewLayer | Updating Images | Loading nylon-rough.png.001
Fra:22 Mem:468.61M (Peak 682.44M) | Time:00:00.68 | Mem:227.74M, Peak:227.74M | DELL_C6420_4N_24SFF_V002_MASTER, ViewLayer | Waiting for render to start
Fra:22 Mem:468.61M (Peak 682.44M) | Time:00:00.69 | Mem:227.74M, Peak:227.74M | DELL_C6420_4N_24SFF_V002_MASTER, ViewLayer | Loading render kernels (may take a few minutes the first time)
Fra:22 Mem:468.61M (Peak 682.44M) | Time:00:00.69 | Mem:227.74M, Peak:227.74M | DELL_C6420_4N_24SFF_V002_MASTER, ViewLayer | Updating Scene
Fra:22 Mem:468.61M (Peak 682.44M) | Time:00:00.69 | Mem:227.74M, Peak:227.74M | DELL_C6420_4N_24SFF_V002_MASTER, ViewLayer | Updating Shaders
Fra:22 Mem:468.71M (Peak 682.44M) | Time:00:00.69 | Mem:227.76M, Peak:227.76M | DELL_C6420_4N_24SFF_V002_MASTER, ViewLayer | Updating Procedurals
Fra:22 Mem:468.71M (Peak 682.44M) | Time:00:00.69 | Mem:227.76M, Peak:227.76M | DELL_C6420_4N_24SFF_V002_MASTER, ViewLayer | Updating Background
Fra:22 Mem:468.71M (Peak 682.44M) | Time:00:00.69 | Mem:227.76M, Peak:227.76M | DELL_C6420_4N_24SFF_V002_MASTER, ViewLayer | Updating Camera
Fra:22 Mem:468.71M (Peak 682.44M) | Time:00:00.69 | Mem:227.76M, Peak:227.76M | DELL_C6420_4N_24SFF_V002_MASTER, ViewLayer | Updating Meshes Flags
Fra:22 Mem:468.71M (Peak 682.44M) | Time:00:00.69 | Mem:227.76M, Peak:227.76M | DELL_C6420_4N_24SFF_V002_MASTER, ViewLayer | Updating Objects
Fra:22 Mem:468.71M (Peak 682.44M) | Time:00:00.69 | Mem:227.76M, Peak:227.76M | DELL_C6420_4N_24SFF_V002_MASTER, ViewLayer | Updating Objects | Copying Transformations to device
Fra:22 Mem:469.19M (Peak 682.44M) | Time:00:00.69 | Mem:228.22M, Peak:228.22M | DELL_C6420_4N_24SFF_V002_MASTER, ViewLayer | Updating Objects | Applying Static Transformations
Fra:22 Mem:469.19M (Peak 682.44M) | Time:00:00.69 | Mem:228.22M, Peak:228.22M | DELL_C6420_4N_24SFF_V002_MASTER, ViewLayer | Updating Particle Systems
Fra:22 Mem:469.19M (Peak 682.44M) | Time:00:00.69 | Mem:228.22M, Peak:228.22M | DELL_C6420_4N_24SFF_V002_MASTER, ViewLayer | Updating Particle Systems | Copying Particles to device
Fra:22 Mem:469.19M (Peak 682.44M) | Time:00:00.69 | Mem:228.22M, Peak:228.22M | DELL_C6420_4N_24SFF_V002_MASTER, ViewLayer | Updating Meshes
Fra:22 Mem:476.16M (Peak 682.44M) | Time:00:00.71 | Mem:228.22M, Peak:228.22M | DELL_C6420_4N_24SFF_V002_MASTER, ViewLayer | Updating Mesh | Computing attributes
Fra:22 Mem:509.02M (Peak 682.44M) | Time:00:00.75 | Mem:228.33M, Peak:228.33M | DELL_C6420_4N_24SFF_V002_MASTER, ViewLayer | Updating Mesh | Copying Attributes to device
Fra:22 Mem:508.71M (Peak 682.44M) | Time:00:00.75 | Mem:260.77M, Peak:260.77M | DELL_C6420_4N_24SFF_V002_MASTER, ViewLayer | Updating Geometry BVH Side_upper_inward_return_1_mesh 1/165 | Building BVH
Fra:22 Mem:508.71M (Peak 682.44M) | Time:00:00.75 | Mem:260.77M, Peak:260.77M | DELL_C6420_4N_24SFF_V002_MASTER, ViewLayer | Updating Geometry BVH Side_lower_inward_hem_1_mesh 2/165 | Building BVH
Fra:22 Mem:508.71M (Peak 682.44M) | Time:00:00.75 | Mem:260.77M, Peak:260.77M | DELL_C6420_4N_24SFF_V002_MASTER, ViewLayer | Updating Geometry BVH Side_1_fastener_0_recess_floor_mesh 7/165 | Building BVH
Fra:22 Mem:508.71M (Peak 682.44M) | Time:00:00.75 | Mem:260.78M, Peak:260.78M | DELL_C6420_4N_24SFF_V002_MASTER, ViewLayer | Updating Geometry BVH Side_1_fastener_1_recess_floor_mesh 9/165 | Building BVH 0%
Fra:22 Mem:508.71M (Peak 682.44M) | Time:00:00.75 | Mem:260.78M, Peak:260.78M | DELL_C6420_4N_24SFF_V002_MASTER, ViewLayer | Updating Geometry BVH Side_1_fastener_1_recess_floor_mesh 9/165 | Building BVH
Fra:22 Mem:508.71M (Peak 682.44M) | Time:00:00.75 | Mem:260.97M, Peak:260.97M | DELL_C6420_4N_24SFF_V002_MASTER, ViewLayer | Updating Geometry BVH Side_1_fastener_2_recessed_head_mesh 10/165 | Building BVH
Fra:22 Mem:508.71M (Peak 682.44M) | Time:00:00.75 | Mem:261.13M, Peak:261.13M | DELL_C6420_4N_24SFF_V002_MASTER, ViewLayer | Updating Geometry BVH Side_1_fastener_3_recessed_head_mesh 11/165 | Building BVH
Fra:22 Mem:508.71M (Peak 682.44M) | Time:00:00.75 | Mem:261.14M, Peak:261.14M | DELL_C6420_4N_24SFF_V002_MASTER, ViewLayer | Updating Geometry BVH Side_1_fastener_3_recess_floor_mesh 12/165 | Building BVH
Fra:22 Mem:508.71M (Peak 682.44M) | Time:00:00.75 | Mem:261.31M, Peak:261.31M | DELL_C6420_4N_24SFF_V002_MASTER, ViewLayer | Updating Geometry BVH Side_1_fastener_4_recessed_head_mesh 13/165 | Building BVH
Fra:22 Mem:508.71M (Peak 682.44M) | Time:00:00.75 | Mem:261.42M, Peak:261.42M | DELL_C6420_4N_24SFF_V002_MASTER, ViewLayer | Updating Geometry BVH PSU1_2400W_exact_letters_font 164/165 | Building BVH
Fra:22 Mem:508.71M (Peak 682.44M) | Time:00:00.75 | Mem:261.54M, Peak:261.61M | DELL_C6420_4N_24SFF_V002_MASTER, ViewLayer | Updating Geometry BVH PSU1_EPP_exact_letters_font 163/165 | Building BVH
Fra:22 Mem:508.71M (Peak 682.44M) | Time:00:00.75 | Mem:261.50M, Peak:261.61M | DELL_C6420_4N_24SFF_V002_MASTER, ViewLayer | Updating Geometry BVH Side_1_fastener_4_recess_floor_mesh 14/165 | Building BVH
Fra:22 Mem:508.71M (Peak 682.44M) | Time:00:00.75 | Mem:261.51M, Peak:261.61M | DELL_C6420_4N_24SFF_V002_MASTER, ViewLayer | Updating Geometry BVH Side_1_fastener_6_recessed_head_mesh 16/165 | Building BVH
Fra:22 Mem:508.71M (Peak 682.44M) | Time:00:00.75 | Mem:261.62M, Peak:261.62M | DELL_C6420_4N_24SFF_V002_MASTER, ViewLayer | Updating Geometry BVH PSU1_EPP_green_upper_field_mesh 162/165 | Building BVH
Fra:22 Mem:508.71M (Peak 682.44M) | Time:00:00.75 | Mem:261.66M, Peak:261.66M | DELL_C6420_4N_24SFF_V002_MASTER, ViewLayer | Updating Geometry BVH Side_1_fastener_6_recess_floor_mesh 17/165 | Building BVH
Fra:22 Mem:508.71M (Peak 682.44M) | Time:00:00.75 | Mem:261.69M, Peak:261.69M | DELL_C6420_4N_24SFF_V002_MASTER, ViewLayer | Updating Geometry BVH PSU1_EPP_real_print_paper_mesh 161/165 | Building BVH
Fra:22 Mem:508.71M (Peak 682.44M) | Time:00:00.75 | Mem:261.71M, Peak:261.74M | DELL_C6420_4N_24SFF_V002_MASTER, ViewLayer | Updating Geometry BVH Side_1_fastener_7_recessed_head_mesh 18/165 | Building BVH
Fra:22 Mem:508.71M (Peak 682.44M) | Time:00:00.75 | Mem:261.74M, Peak:261.74M | DELL_C6420_4N_24SFF_V002_MASTER, ViewLayer | Updating Geometry BVH Side_1_fastener_8_recessed_head_mesh 19/165 | Building BVH
Fra:22 Mem:508.71M (Peak 682.44M) | Time:00:00.75 | Mem:261.81M, Peak:261.81M | DELL_C6420_4N_24SFF_V002_MASTER, ViewLayer | Updating Geometry BVH Side_1_fastener_9_recessed_head_mesh 20/165 | Building BVH
Fra:22 Mem:508.71M (Peak 682.44M) | Time:00:00.75 | Mem:261.84M, Peak:261.84M | DELL_C6420_4N_24SFF_V002_MASTER, ViewLayer | Updating Geometry BVH PSU1_vertical_pull_anchor_mesh 160/165 | Building BVH
Fra:22 Mem:508.71M (Peak 682.44M) | Time:00:00.75 | Mem:261.80M, Peak:261.84M | DELL_C6420_4N_24SFF_V002_MASTER, ViewLayer | Updating Geometry BVH Side_1_fastener_10_recessed_head_mesh 21/165 | Building BVH
Fra:22 Mem:508.71M (Peak 682.44M) | Time:00:00.75 | Mem:261.98M, Peak:261.98M | DELL_C6420_4N_24SFF_V002_MASTER, ViewLayer | Updating Geometry BVH PSU1_round_EPP_label_substrate_mesh 159/165 | Building BVH
Fra:22 Mem:508.71M (Peak 682.44M) | Time:00:00.75 | Mem:262.07M, Peak:262.07M | DELL_C6420_4N_24SFF_V002_MASTER, ViewLayer | Updating Geometry BVH Side_1_clinch_0_mesh 22/165 | Building BVH
Fra:22 Mem:508.71M (Peak 682.44M) | Time:00:00.75 | Mem:262.09M, Peak:262.13M | DELL_C6420_4N_24SFF_V002_MASTER, ViewLayer | Updating Geometry BVH Side_rail_latch_outline_1_mesh 23/165 | Building BVH
Fra:22 Mem:508.71M (Peak 682.44M) | Time:00:00.75 | Mem:262.29M, Peak:262.29M | DELL_C6420_4N_24SFF_V002_MASTER, ViewLayer | Updating Geometry BVH Underlapping_cover_seam_mesh 24/165 | Building BVH
Fra:22 Mem:508.71M (Peak 682.44M) | Time:00:00.75 | Mem:262.31M, Peak:262.31M | DELL_C6420_4N_24SFF_V002_MASTER, ViewLayer | Updating Geometry BVH Cover_traction_pad_mesh 25/165 | Building BVH
Fra:22 Mem:508.71M (Peak 682.44M) | Time:00:00.75 | Mem:262.44M, Peak:262.44M | DELL_C6420_4N_24SFF_V002_MASTER, ViewLayer | Updating Geometry BVH Front_cover_flush_screw_recess_floor_mesh 26/165 | Building BVH
Fra:22 Mem:508.71M (Peak 682.44M) | Time:00:00.75 | Mem:262.45M, Peak:262.52M | DELL_C6420_4N_24SFF_V002_MASTER, ViewLayer | Updating Geometry BVH PSU1_fan_screw_recessed_head_mesh.001 158/165 | Building BVH
Fra:22 Mem:508.71M (Peak 682.44M) | Time:00:00.75 | Mem:262.46M, Peak:262.52M | DELL_C6420_4N_24SFF_V002_MASTER, ViewLayer | Updating Geometry BVH Rear_cover_flush_screw_recessed_head_mesh 27/165 | Building BVH
Fra:22 Mem:508.71M (Peak 682.44M) | Time:00:00.75 | Mem:262.47M, Peak:262.52M | DELL_C6420_4N_24SFF_V002_MASTER, ViewLayer | Updating Geometry BVH Midheight_sled_shelf_mesh 31/165 | Building BVH
Fra:22 Mem:508.71M (Peak 682.44M) | Time:00:00.75 | Mem:262.69M, Peak:262.70M | DELL_C6420_4N_24SFF_V002_MASTER, ViewLayer | Updating Geometry BVH Central_PSU_channel_divider_mesh 32/165 | Building BVH
Fra:22 Mem:508.71M (Peak 682.44M) | Time:00:00.75 | Mem:262.70M, Peak:262.70M | DELL_C6420_4N_24SFF_V002_MASTER, ViewLayer | Updating Geometry BVH Hidden_backplane_socket_mesh 33/165 | Building BVH
Fra:22 Mem:508.71M (Peak 682.44M) | Time:00:00.75 | Mem:262.82M, Peak:262.82M | DELL_C6420_4N_24SFF_V002_MASTER, ViewLayer | Updating Geometry BVH Rack_ear_mount_-1_mesh 34/165 | Building BVH
Fra:22 Mem:508.71M (Peak 682.44M) | Time:00:00.75 | Mem:262.81M, Peak:262.85M | DELL_C6420_4N_24SFF_V002_MASTER, ViewLayer | Updating Geometry BVH Control_ear_shell_-1_mesh 35/165 | Building BVH
Fra:22 Mem:508.71M (Peak 682.44M) | Time:00:00.75 | Mem:262.79M, Peak:262.85M | DELL_C6420_4N_24SFF_V002_MASTER, ViewLayer | Updating Geometry BVH Lower_ear_screw_boss_-1_mesh 36/165 | Building BVH
Fra:22 Mem:508.71M (Peak 682.44M) | Time:00:00.75 | Mem:262.81M, Peak:262.85M | DELL_C6420_4N_24SFF_V002_MASTER, ViewLayer | Updating Geometry BVH Front_punched_cheek_-1_mesh 37/165 | Building BVH
Fra:22 Mem:508.71M (Peak 682.44M) | Time:00:00.75 | Mem:263.23M, Peak:263.23M | DELL_C6420_4N_24SFF_V002_MASTER, ViewLayer | Updating Geometry BVH Front_cage_side_return_-1_mesh 38/165 | Building BVH
Fra:22 Mem:508.71M (Peak 682.44M) | Time:00:00.75 | Mem:263.34M, Peak:263.34M | DELL_C6420_4N_24SFF_V002_MASTER, ViewLayer | Updating Geometry BVH Handle_flat_anchor_-1_mesh 39/165 | Building BVH
Fra:22 Mem:508.71M (Peak 682.44M) | Time:00:00.75 | Mem:263.34M, Peak:263.38M | DELL_C6420_4N_24SFF_V002_MASTER, ViewLayer | Updating Geometry BVH Drive_bank_divider_0_mesh 41/165 | Building BVH
Fra:22 Mem:508.71M (Peak 682.44M) | Time:00:00.75 | Mem:263.36M, Peak:263.39M | DELL_C6420_4N_24SFF_V002_MASTER, ViewLayer | Updating Geometry BVH Control_face_inset_-1_mesh 42/165 | Building BVH
Fra:22 Mem:508.71M (Peak 682.44M) | Time:00:00.75 | Mem:263.37M, Peak:263.39M | DELL_C6420_4N_24SFF_V002_MASTER, ViewLayer | Updating Geometry BVH Control_face_bottom_clip_-1_mesh 43/165 | Building BVH
Fra:22 Mem:508.71M (Peak 682.44M) | Time:00:00.75 | Mem:263.39M, Peak:263.39M | DELL_C6420_4N_24SFF_V002_MASTER, ViewLayer | Updating Geometry BVH Power_button_lens_1_mesh 44/165 | Building BVH
Fra:22 Mem:508.71M (Peak 682.44M) | Time:00:00.75 | Mem:263.40M, Peak:263.42M | DELL_C6420_4N_24SFF_V002_MASTER, ViewLayer | Updating Geometry BVH PSU1_fan_screw_recess_floor_mesh 157/165 | Building BVH
Fra:22 Mem:508.71M (Peak 682.44M) | Time:00:00.75 | Mem:263.41M, Peak:263.42M | DELL_C6420_4N_24SFF_V002_MASTER, ViewLayer | Updating Geometry BVH Power_outer_white_print_1_mesh 45/165 | Building BVH
Fra:22 Mem:508.71M (Peak 682.44M) | Time:00:00.75 | Mem:263.45M, Peak:263.45M | DELL_C6420_4N_24SFF_V002_MASTER, ViewLayer | Updating Geometry BVH ID_button_lens_1_mesh 46/165 | Building BVH
Fra:22 Mem:508.71M (Peak 682.44M) | Time:00:00.75 | Mem:263.52M, Peak:263.52M | DELL_C6420_4N_24SFF_V002_MASTER, ViewLayer | Updating Geometry BVH ID_button_print_1_mesh 47/165 | Building BVH
Fra:22 Mem:508.71M (Peak 682.44M) | Time:00:00.75 | Mem:263.59M, Peak:263.59M | DELL_C6420_4N_24SFF_V002_MASTER, ViewLayer | Updating Geometry BVH ID_inner_white_disc_1_mesh 48/165 | Building BVH
Fra:22 Mem:508.71M (Peak 682.44M) | Time:00:00.75 | Mem:263.63M, Peak:263.66M | DELL_C6420_4N_24SFF_V002_MASTER, ViewLayer | Updating Geometry BVH ID_information_symbol_1_font 49/165 | Building BVH
Fra:22 Mem:508.71M (Peak 682.44M) | Time:00:00.75 | Mem:263.66M, Peak:263.66M | DELL_C6420_4N_24SFF_V002_MASTER, ViewLayer | Updating Geometry BVH Front_mapping_arrow_1_mesh 50/165 | Building BVH
Fra:22 Mem:508.71M (Peak 682.44M) | Time:00:00.75 | Mem:263.68M, Peak:263.68M | DELL_C6420_4N_24SFF_V002_MASTER, ViewLayer | Updating Geometry BVH Captive_screw_metal_washer_-1_mesh 51/165 | Building BVH
Fra:22 Mem:508.71M (Peak 682.44M) | Time:00:00.75 | Mem:263.71M, Peak:263.71M | DELL_C6420_4N_24SFF_V002_MASTER, ViewLayer | Updating Geometry BVH Captive_screw_Phillips_-1_recessed_head_mesh 53/165 | Building BVH
Fra:22 Mem:508.71M (Peak 682.44M) | Time:00:00.75 | Mem:263.78M, Peak:263.79M | DELL_C6420_4N_24SFF_V002_MASTER, ViewLayer | Updating Geometry BVH Captive_screw_Phillips_-1_recess_floor_mesh 54/165 | Building BVH
Fra:22 Mem:508.71M (Peak 682.44M) | Time:00:00.75 | Mem:264.09M, Peak:264.09M | DELL_C6420_4N_24SFF_V002_MASTER, ViewLayer | Updating Geometry BVH Captive_screw_front_bead_-1_mesh 55/165 | Building BVH
Fra:22 Mem:508.71M (Peak 682.44M) | Time:00:00.75 | Mem:264.22M, Peak:264.23M | DELL_C6420_4N_24SFF_V002_MASTER, ViewLayer | Updating Geometry BVH Front_mapping_arrow_3_mesh 56/165 | Building BVH
Fra:22 Mem:508.71M (Peak 682.44M) | Time:00:00.75 | Mem:264.27M, Peak:264.27M | DELL_C6420_4N_24SFF_V002_MASTER, ViewLayer | Updating Geometry BVH Bay_mapping_triangle_0_mesh 57/165 | Building BVH
Fra:22 Mem:508.71M (Peak 682.44M) | Time:00:00.75 | Mem:264.29M, Peak:264.30M | DELL_C6420_4N_24SFF_V002_MASTER, ViewLayer | Updating Geometry BVH PSU1_fan_screw_recessed_head_mesh 156/165 | Building BVH
Fra:22 Mem:508.71M (Peak 682.44M) | Time:00:00.75 | Mem:264.29M, Peak:264.30M | DELL_C6420_4N_24SFF_V002_MASTER, ViewLayer | Updating Geometry BVH Node1_tray_side_-1_mesh 59/165 | Building BVH
Fra:22 Mem:508.71M (Peak 682.44M) | Time:00:00.75 | Mem:264.38M, Peak:264.38M | DELL_C6420_4N_24SFF_V002_MASTER, ViewLayer | Updating Geometry BVH Node1_internal_air_shade_mesh 60/165 | Building BVH
Fra:22 Mem:508.71M (Peak 682.44M) | Time:00:00.75 | Mem:264.50M, Peak:264.50M | DELL_C6420_4N_24SFF_V002_MASTER, ViewLayer | Updating Geometry BVH Node1_horizontal_rear_return_mesh 62/165 | Building BVH
Fra:22 Mem:508.71M (Peak 682.44M) | Time:00:00.75 | Mem:264.50M, Peak:264.50M | DELL_C6420_4N_24SFF_V002_MASTER, ViewLayer | Updating Geometry BVH Node1_vertical_rear_return_mesh 63/165 | Building BVH
Fra:22 Mem:508.71M (Peak 682.44M) | Time:00:00.75 | Mem:264.52M, Peak:264.52M | DELL_C6420_4N_24SFF_V002_MASTER, ViewLayer | Updating Geometry BVH Node1_USB_black_mask_mesh 64/165 | Building BVH
Fra:22 Mem:508.71M (Peak 682.44M) | Time:00:00.75 | Mem:264.52M, Peak:264.53M | DELL_C6420_4N_24SFF_V002_MASTER, ViewLayer | Updating Geometry BVH Node1_USB3A_0_metal_cavity_mesh 65/165 | Building BVH
Fra:22 Mem:508.71M (Peak 682.44M) | Time:00:00.75 | Mem:264.61M, Peak:264.61M | DELL_C6420_4N_24SFF_V002_MASTER, ViewLayer | Updating Geometry BVH Node1_USB3A_0_dark_back_mesh 66/165 | Building BVH
Fra:22 Mem:508.71M (Peak 682.44M) | Time:00:00.75 | Mem:264.71M, Peak:264.71M | DELL_C6420_4N_24SFF_V002_MASTER, ViewLayer | Updating Geometry BVH Node1_USB3A_0_blue_tongue_mesh 67/165 | Building BVH
Fra:22 Mem:508.71M (Peak 682.44M) | Time:00:00.75 | Mem:264.74M, Peak:264.74M | DELL_C6420_4N_24SFF_V002_MASTER, ViewLayer | Updating Geometry BVH Node1_USB3A_0_front_contact_0_mesh 68/165 | Building BVH
Fra:22 Mem:508.71M (Peak 682.44M) | Time:00:00.75 | Mem:264.75M, Peak:264.78M | DELL_C6420_4N_24SFF_V002_MASTER, ViewLayer | Updating Geometry BVH Node1_USB3A_0_rear_contact_0_mesh 69/165 | Building BVH
Fra:22 Mem:508.71M (Peak 682.44M) | Time:00:00.75 | Mem:264.78M, Peak:264.78M | DELL_C6420_4N_24SFF_V002_MASTER, ViewLayer | Updating Geometry BVH Node1_USB_retention_spring_mesh 70/165 | Building BVH
Fra:22 Mem:508.71M (Peak 682.44M) | Time:00:00.75 | Mem:264.87M, Peak:264.87M | DELL_C6420_4N_24SFF_V002_MASTER, ViewLayer | Updating Geometry BVH Node1_USB_icon_circle_mesh 71/165 | Building BVH
Fra:22 Mem:508.71M (Peak 682.44M) | Time:00:00.75 | Mem:264.89M, Peak:264.89M | DELL_C6420_4N_24SFF_V002_MASTER, ViewLayer | Updating Geometry BVH Node1_USB_icon_square_mesh 72/165 | Building BVH
Fra:22 Mem:508.71M (Peak 682.44M) | Time:00:00.75 | Mem:264.93M, Peak:264.93M | DELL_C6420_4N_24SFF_V002_MASTER, ViewLayer | Updating Geometry BVH Node1_USB_icon_arrow_mesh 73/165 | Building BVH
Fra:22 Mem:508.71M (Peak 682.44M) | Time:00:00.75 | Mem:264.96M, Peak:264.96M | DELL_C6420_4N_24SFF_V002_MASTER, ViewLayer | Updating Geometry BVH Node1_USB_plate_fastener_recessed_head_mesh 75/165 | Building BVH
Fra:22 Mem:508.71M (Peak 682.44M) | Time:00:00.75 | Mem:264.97M, Peak:264.97M | DELL_C6420_4N_24SFF_V002_MASTER, ViewLayer | Updating Geometry BVH Node1_USB_plate_fastener_recess_floor_mesh 76/165 | Building BVH
Fra:22 Mem:508.71M (Peak 682.44M) | Time:00:00.75 | Mem:265.07M, Peak:265.07M | DELL_C6420_4N_24SFF_V002_MASTER, ViewLayer | Updating Geometry BVH Node1_dual_SFP_adapter_face_mesh 77/165 | Building BVH
Fra:22 Mem:508.71M (Peak 682.44M) | Time:00:00.75 | Mem:265.08M, Peak:265.08M | DELL_C6420_4N_24SFF_V002_MASTER, ViewLayer | Updating Geometry BVH Node1_SFP_cage_0_metal_cavity_mesh 78/165 | Building BVH
Fra:22 Mem:508.71M (Peak 682.44M) | Time:00:00.75 | Mem:265.17M, Peak:265.17M | DELL_C6420_4N_24SFF_V002_MASTER, ViewLayer | Updating Geometry BVH Node1_SFP_cage_0_dark_back_mesh 79/165 | Building BVH
Fra:22 Mem:508.71M (Peak 682.44M) | Time:00:00.75 | Mem:265.27M, Peak:265.31M | DELL_C6420_4N_24SFF_V002_MASTER, ViewLayer | Updating Geometry BVH Node1_SFP_0_side_spring_mesh 80/165 | Building BVH
Fra:22 Mem:508.71M (Peak 682.44M) | Time:00:00.75 | Mem:265.28M, Peak:265.31M | DELL_C6420_4N_24SFF_V002_MASTER, ViewLayer | Updating Geometry BVH Node1_SFP_0_lower_flange_mesh 82/165 | Building BVH
Fra:22 Mem:508.71M (Peak 682.44M) | Time:00:00.75 | Mem:265.30M, Peak:265.31M | DELL_C6420_4N_24SFF_V002_MASTER, ViewLayer | Updating Geometry BVH Node1_SFP_0_top_tang_mesh 81/165 | Building BVH
Fra:22 Mem:508.71M (Peak 682.44M) | Time:00:00.75 | Mem:265.27M, Peak:265.31M | DELL_C6420_4N_24SFF_V002_MASTER, ViewLayer | Updating Geometry BVH Node1_SFP_0_connector_insert_mesh 83/165 | Building BVH
Fra:22 Mem:508.71M (Peak 682.44M) | Time:00:00.75 | Mem:265.42M, Peak:265.42M | DELL_C6420_4N_24SFF_V002_MASTER, ViewLayer | Updating Geometry BVH Node1_SFP_0_contact_0_mesh 84/165 | Building BVH
Fra:22 Mem:508.71M (Peak 682.44M) | Time:00:00.75 | Mem:265.47M, Peak:265.47M | DELL_C6420_4N_24SFF_V002_MASTER, ViewLayer | Updating Geometry BVH Node1_SFP_index_0_font 85/165 | Building BVH
Fra:22 Mem:508.71M (Peak 682.44M) | Time:00:00.75 | Mem:265.49M, Peak:265.49M | DELL_C6420_4N_24SFF_V002_MASTER, ViewLayer | Updating Geometry BVH Node1_SFP_index_1_font 86/165 | Building BVH
Fra:22 Mem:508.71M (Peak 682.44M) | Time:00:00.75 | Mem:265.58M, Peak:265.58M | DELL_C6420_4N_24SFF_V002_MASTER, ViewLayer | Updating Geometry BVH Node1_MicroUSB_dark_back_mesh 88/165 | Building BVH
Fra:22 Mem:508.71M (Peak 682.44M) | Time:00:00.75 | Mem:265.70M, Peak:265.71M | DELL_C6420_4N_24SFF_V002_MASTER, ViewLayer | Updating Geometry BVH Node1_MicroUSB_tongue_mesh 89/165 | Building BVH
Fra:22 Mem:508.71M (Peak 682.44M) | Time:00:00.75 | Mem:265.71M, Peak:265.76M | DELL_C6420_4N_24SFF_V002_MASTER, ViewLayer | Updating Geometry BVH Node1_MiniDisplayPort_metal_cavity_mesh 90/165 | Building BVH
Fra:22 Mem:508.71M (Peak 682.44M) | Time:00:00.75 | Mem:265.73M, Peak:265.76M | DELL_C6420_4N_24SFF_V002_MASTER, ViewLayer | Updating Geometry BVH Node1_MiniDP_inner_shield_metal_cavity_mesh 92/165 | Building BVH
Fra:22 Mem:508.71M (Peak 682.44M) | Time:00:00.75 | Mem:265.93M, Peak:265.93M | DELL_C6420_4N_24SFF_V002_MASTER, ViewLayer | Updating Geometry BVH Node1_MiniDP_inner_shield_dark_back_mesh 93/165 | Building BVH
Fra:22 Mem:508.71M (Peak 682.44M) | Time:00:00.75 | Mem:265.96M, Peak:265.96M | DELL_C6420_4N_24SFF_V002_MASTER, ViewLayer | Updating Geometry BVH Node1_MiniDP_tongue_mesh 94/165 | Building BVH
Fra:22 Mem:508.71M (Peak 682.44M) | Time:00:00.75 | Mem:266.08M, Peak:266.10M | DELL_C6420_4N_24SFF_V002_MASTER, ViewLayer | Updating Geometry BVH PSU1_flat_guard_crossbar_1_mesh 154/165 | Building BVH
Fra:22 Mem:508.71M (Peak 682.44M) | Time:00:00.75 | Mem:266.10M, Peak:266.10M | DELL_C6420_4N_24SFF_V002_MASTER, ViewLayer | Updating Geometry BVH Node1_iDRAC_RJ45_metal_cavity_mesh 95/165 | Building BVH
Fra:22 Mem:508.71M (Peak 682.44M) | Time:00:00.75 | Mem:266.13M, Peak:266.13M | DELL_C6420_4N_24SFF_V002_MASTER, ViewLayer | Updating Geometry BVH Node1_iDRAC_RJ45_dark_back_mesh 96/165 | Building BVH
Fra:22 Mem:508.71M (Peak 682.44M) | Time:00:00.75 | Mem:266.29M, Peak:266.29M | DELL_C6420_4N_24SFF_V002_MASTER, ViewLayer | Updating Geometry BVH Node1_RJ45_LED_lens_mesh 97/165 | Building BVH
Fra:22 Mem:508.71M (Peak 682.44M) | Time:00:00.75 | Mem:266.31M, Peak:266.31M | DELL_C6420_4N_24SFF_V002_MASTER, ViewLayer | Updating Geometry BVH Node1_RJ45_LED_lens_mesh.001 98/165 | Building BVH
Fra:22 Mem:508.71M (Peak 682.44M) | Time:00:00.75 | Mem:266.28M, Peak:266.38M | DELL_C6420_4N_24SFF_V002_MASTER, ViewLayer | Updating Geometry BVH Node1_power_metal_rim_mesh 99/165 | Building BVH
Fra:22 Mem:508.71M (Peak 682.44M) | Time:00:00.75 | Mem:266.29M, Peak:266.38M | DELL_C6420_4N_24SFF_V002_MASTER, ViewLayer | Updating Geometry BVH Node1_power_button_lens_mesh 100/165 | Building BVH
Fra:22 Mem:508.71M (Peak 682.44M) | Time:00:00.75 | Mem:266.30M, Peak:266.38M | DELL_C6420_4N_24SFF_V002_MASTER, ViewLayer | Updating Geometry BVH Node1_long_grip_folded_frame_mesh 101/165 | Building BVH
Fra:22 Mem:508.71M (Peak 682.44M) | Time:00:00.75 | Mem:266.35M, Peak:266.38M | DELL_C6420_4N_24SFF_V002_MASTER, ViewLayer | Updating Geometry BVH Node1_long_black_grip_metal_cavity_mesh 102/165 | Building BVH
Fra:22 Mem:508.71M (Peak 682.44M) | Time:00:00.75 | Mem:266.36M, Peak:266.38M | DELL_C6420_4N_24SFF_V002_MASTER, ViewLayer | Updating Geometry BVH PSU1_fan_motor_hub_mesh 152/165 | Building BVH
Fra:22 Mem:508.71M (Peak 682.44M) | Time:00:00.75 | Mem:266.37M, Peak:266.38M | DELL_C6420_4N_24SFF_V002_MASTER, ViewLayer | Updating Geometry BVH Node1_long_black_grip_dark_back_mesh 103/165 | Building BVH
Fra:22 Mem:508.71M (Peak 682.44M) | Time:00:00.75 | Mem:266.29M, Peak:266.40M | DELL_C6420_4N_24SFF_V002_MASTER, ViewLayer | Updating Geometry BVH Node1_grip_edge_fold_mesh 104/165 | Building BVH
Fra:22 Mem:508.71M (Peak 682.44M) | Time:00:00.75 | Mem:266.41M, Peak:266.41M | DELL_C6420_4N_24SFF_V002_MASTER, ViewLayer | Updating Geometry BVH Node1_grip_press_lug_mesh 105/165 | Building BVH
Fra:22 Mem:508.71M (Peak 682.44M) | Time:00:00.75 | Mem:266.47M, Peak:266.47M | DELL_C6420_4N_24SFF_V002_MASTER, ViewLayer | Updating Geometry BVH Node1_grip_hinge_pin_mesh 106/165 | Building BVH
Fra:22 Mem:508.71M (Peak 682.44M) | Time:00:00.75 | Mem:266.59M, Peak:266.59M | DELL_C6420_4N_24SFF_V002_MASTER, ViewLayer | Updating Geometry BVH Node1_blue_paddle_face_mesh 107/165 | Building BVH
Fra:22 Mem:508.71M (Peak 682.44M) | Time:00:00.75 | Mem:266.64M, Peak:266.64M | DELL_C6420_4N_24SFF_V002_MASTER, ViewLayer | Updating Geometry BVH Node1_blue_hook_return_mesh 108/165 | Building BVH
Fra:22 Mem:508.71M (Peak 682.44M) | Time:00:00.75 | Mem:266.70M, Peak:266.70M | DELL_C6420_4N_24SFF_V002_MASTER, ViewLayer | Updating Geometry BVH PSU1_fan_shroud_dark_back_mesh 151/165 | Building BVH
Fra:22 Mem:508.71M (Peak 682.44M) | Time:00:00.75 | Mem:266.70M, Peak:266.71M | DELL_C6420_4N_24SFF_V002_MASTER, ViewLayer | Updating Geometry BVH Node1_blue_hook_cross_return_mesh 109/165 | Building BVH
Fra:22 Mem:508.71M (Peak 682.44M) | Time:00:00.75 | Mem:266.72M, Peak:266.79M | DELL_C6420_4N_24SFF_V002_MASTER, ViewLayer | Updating Geometry BVH Node1_latch_steel_back_mesh 111/165 | Building BVH
Fra:22 Mem:508.71M (Peak 682.44M) | Time:00:00.75 | Mem:266.73M, Peak:266.79M | DELL_C6420_4N_24SFF_V002_MASTER, ViewLayer | Updating Geometry BVH Node1_iDRAC_mark_font 113/165 | Building BVH
Fra:22 Mem:508.71M (Peak 682.44M) | Time:00:00.75 | Mem:266.75M, Peak:266.79M | DELL_C6420_4N_24SFF_V002_MASTER, ViewLayer | Updating Geometry BVH PSU1_fan_shroud_metal_cavity_mesh 150/165 | Building BVH
Fra:22 Mem:508.71M (Peak 682.44M) | Time:00:00.75 | Mem:266.85M, Peak:266.85M | DELL_C6420_4N_24SFF_V002_MASTER, ViewLayer | Updating Geometry BVH Node1_MicroUSB_service_mark_font 114/165 | Building BVH
Fra:22 Mem:508.71M (Peak 682.44M) | Time:00:00.75 | Mem:266.86M, Peak:266.86M | DELL_C6420_4N_24SFF_V002_MASTER, ViewLayer | Updating Geometry BVH Node1_EST_tag_mesh 115/165 | Building BVH
Fra:22 Mem:508.71M (Peak 682.44M) | Time:00:00.75 | Mem:266.93M, Peak:266.93M | DELL_C6420_4N_24SFF_V002_MASTER, ViewLayer | Updating Geometry BVH Node1_EST_blue_print_mesh 116/165 | Building BVH
Fra:22 Mem:508.71M (Peak 682.44M) | Time:00:00.75 | Mem:266.96M, Peak:266.96M | DELL_C6420_4N_24SFF_V002_MASTER, ViewLayer | Updating Geometry BVH Node1_EST_letters_font 117/165 | Building BVH
Fra:22 Mem:508.71M (Peak 682.44M) | Time:00:00.75 | Mem:267.11M, Peak:267.11M | DELL_C6420_4N_24SFF_V002_MASTER, ViewLayer | Updating Geometry BVH Drive00_metal_enclosure_mesh 118/165 | Building BVH
Fra:22 Mem:508.71M (Peak 682.44M) | Time:00:00.75 | Mem:267.12M, Peak:267.12M | DELL_C6420_4N_24SFF_V002_MASTER, ViewLayer | Updating Geometry BVH Carrier00_fixed_outer_bezel_mesh 122/165 | Building BVH
Fra:22 Mem:508.71M (Peak 682.44M) | Time:00:00.75 | Mem:267.12M, Peak:267.12M | DELL_C6420_4N_24SFF_V002_MASTER, ViewLayer | Updating Geometry BVH Carrier00_setback_honeycomb_mesh 121/165 | Building BVH
Fra:22 Mem:508.71M (Peak 682.44M) | Time:00:00.75 | Mem:267.13M, Peak:267.13M | DELL_C6420_4N_24SFF_V002_MASTER, ViewLayer | Updating Geometry BVH Carrier00_fixed_vertical_land_mesh 123/165 | Building BVH
Fra:22 Mem:508.71M (Peak 682.44M) | Time:00:00.75 | Mem:267.13M, Peak:267.13M | DELL_C6420_4N_24SFF_V002_MASTER, ViewLayer | Updating Geometry BVH Carrier00_silver_handle_frame_mesh 124/165 | Building BVH
Fra:22 Mem:508.71M (Peak 682.44M) | Time:00:00.75 | Mem:267.42M, Peak:267.42M | DELL_C6420_4N_24SFF_V002_MASTER, ViewLayer | Updating Geometry BVH Carrier00_three_window_handle_mesh 125/165 | Building BVH
Fra:22 Mem:508.71M (Peak 682.44M) | Time:00:00.75 | Mem:267.40M, Peak:267.43M | DELL_C6420_4N_24SFF_V002_MASTER, ViewLayer | Updating Geometry BVH Carrier00_label_inset_pad_mesh 127/165 | Building BVH
Fra:22 Mem:508.71M (Peak 682.44M) | Time:00:00.75 | Mem:267.15M, Peak:267.43M | DELL_C6420_4N_24SFF_V002_MASTER, ViewLayer | Updating Geometry BVH Carrier00_hinge_axle_mesh 128/165 | Building BVH
Fra:22 Mem:508.71M (Peak 682.44M) | Time:00:00.75 | Mem:267.17M, Peak:267.43M | DELL_C6420_4N_24SFF_V002_MASTER, ViewLayer | Updating Geometry BVH Carrier00_hinge_end_bracket_mesh 129/165 | Building BVH
Fra:22 Mem:508.71M (Peak 682.44M) | Time:00:00.75 | Mem:267.19M, Peak:267.43M | DELL_C6420_4N_24SFF_V002_MASTER, ViewLayer | Updating Geometry BVH Carrier00_release_bezel_mesh 130/165 | Building BVH
Fra:22 Mem:508.71M (Peak 682.44M) | Time:00:00.75 | Mem:267.31M, Peak:267.43M | DELL_C6420_4N_24SFF_V002_MASTER, ViewLayer | Updating Geometry BVH Carrier00_square_release_pad_mesh 131/165 | Building BVH
Fra:22 Mem:508.71M (Peak 682.44M) | Time:00:00.75 | Mem:267.32M, Peak:267.43M | DELL_C6420_4N_24SFF_V002_MASTER, ViewLayer | Updating Geometry BVH Carrier00_round_release_button_mesh 132/165 | Building BVH
Fra:22 Mem:508.71M (Peak 682.44M) | Time:00:00.75 | Mem:267.36M, Peak:267.43M | DELL_C6420_4N_24SFF_V002_MASTER, ViewLayer | Updating Geometry BVH Carrier00_button_inner_face_mesh 134/165 | Building BVH
Fra:22 Mem:508.71M (Peak 682.44M) | Time:00:00.75 | Mem:267.37M, Peak:267.43M | DELL_C6420_4N_24SFF_V002_MASTER, ViewLayer | Updating Geometry BVH Carrier00_indicator_strip_mesh 135/165 | Building BVH
Fra:22 Mem:508.71M (Peak 682.44M) | Time:00:00.75 | Mem:267.40M, Peak:267.43M | DELL_C6420_4N_24SFF_V002_MASTER, ViewLayer | Updating Geometry BVH Carrier00_status_lens_0_mesh 136/165 | Building BVH
Fra:22 Mem:508.71M (Peak 682.44M) | Time:00:00.75 | Mem:267.40M, Peak:267.43M | DELL_C6420_4N_24SFF_V002_MASTER, ViewLayer | Updating Geometry BVH Carrier00_disk_symbol_mesh 137/165 | Building BVH
Fra:22 Mem:508.71M (Peak 682.44M) | Time:00:00.75 | Mem:267.71M, Peak:267.76M | DELL_C6420_4N_24SFF_V002_MASTER, ViewLayer | Updating Geometry BVH PSU1_latch_track_mesh 148/165 | Building BVH
Fra:22 Mem:508.71M (Peak 682.44M) | Time:00:00.75 | Mem:267.74M, Peak:267.76M | DELL_C6420_4N_24SFF_V002_MASTER, ViewLayer | Updating Geometry BVH PSU1_orange_release_paddle_mesh 147/165 | Building BVH
Fra:22 Mem:508.71M (Peak 682.44M) | Time:00:00.75 | Mem:267.76M, Peak:267.79M | DELL_C6420_4N_24SFF_V002_MASTER, ViewLayer | Updating Geometry BVH PSU1_AC_blade_0_mesh 146/165 | Building BVH
Fra:22 Mem:508.71M (Peak 682.44M) | Time:00:00.75 | Mem:267.78M, Peak:267.79M | DELL_C6420_4N_24SFF_V002_MASTER, ViewLayer | Updating Geometry BVH PSU1_AC_C20_recess_dark_back_mesh 145/165 | Building BVH
Fra:22 Mem:508.71M (Peak 682.44M) | Time:00:00.75 | Mem:267.80M, Peak:267.80M | DELL_C6420_4N_24SFF_V002_MASTER, ViewLayer | Updating Geometry BVH PSU1_AC_C20_recess_metal_cavity_mesh 144/165 | Building BVH
Fra:22 Mem:508.71M (Peak 682.44M) | Time:00:00.75 | Mem:267.83M, Peak:267.83M | DELL_C6420_4N_24SFF_V002_MASTER, ViewLayer | Updating Geometry BVH Carrier00_setback_dark_air_shade_mesh 138/165 | Building BVH
Fra:22 Mem:508.71M (Peak 682.44M) | Time:00:00.75 | Mem:267.83M, Peak:267.83M | DELL_C6420_4N_24SFF_V002_MASTER, ViewLayer | Updating Geometry BVH PSU1_front_sheet_mesh 142/165 | Building BVH
Fra:22 Mem:508.71M (Peak 682.44M) | Time:00:00.75 | Mem:267.86M, Peak:267.86M | DELL_C6420_4N_24SFF_V002_MASTER, ViewLayer | Updating Geometry BVH PSU1_AC_black_rim_mesh 143/165 | Building BVH
Fra:22 Mem:508.71M (Peak 682.44M) | Time:00:00.76 | Mem:268.48M, Peak:268.59M | DELL_C6420_4N_24SFF_V002_MASTER, ViewLayer | Updating Scene BVH | Building
Fra:22 Mem:508.73M (Peak 682.44M) | Time:00:00.76 | Mem:268.48M, Peak:268.59M | DELL_C6420_4N_24SFF_V002_MASTER, ViewLayer | Updating Scene BVH | Building BVH
Fra:22 Mem:508.73M (Peak 682.44M) | Time:00:00.79 | Mem:291.38M, Peak:302.13M | DELL_C6420_4N_24SFF_V002_MASTER, ViewLayer | Updating Scene BVH | Copying BVH to device
Fra:22 Mem:508.73M (Peak 682.44M) | Time:00:00.79 | Mem:291.38M, Peak:302.13M | DELL_C6420_4N_24SFF_V002_MASTER, ViewLayer | Updating Mesh | Computing normals
Fra:22 Mem:527.12M (Peak 682.44M) | Time:00:00.80 | Mem:291.38M, Peak:302.13M | DELL_C6420_4N_24SFF_V002_MASTER, ViewLayer | Updating Mesh | Copying Mesh to device
Fra:22 Mem:527.12M (Peak 682.44M) | Time:00:00.80 | Mem:309.78M, Peak:309.78M | DELL_C6420_4N_24SFF_V002_MASTER, ViewLayer | Updating Objects Flags
Fra:22 Mem:527.12M (Peak 682.44M) | Time:00:00.80 | Mem:309.79M, Peak:309.79M | DELL_C6420_4N_24SFF_V002_MASTER, ViewLayer | Updating Primitive Offsets
Fra:22 Mem:527.13M (Peak 682.44M) | Time:00:00.80 | Mem:309.80M, Peak:309.80M | DELL_C6420_4N_24SFF_V002_MASTER, ViewLayer | Updating Images
Fra:22 Mem:519.13M (Peak 682.44M) | Time:00:00.80 | Mem:301.80M, Peak:309.80M | DELL_C6420_4N_24SFF_V002_MASTER, ViewLayer | Updating Camera Volume
Fra:22 Mem:519.13M (Peak 682.44M) | Time:00:00.80 | Mem:301.80M, Peak:309.80M | DELL_C6420_4N_24SFF_V002_MASTER, ViewLayer | Updating Lookup Tables
Fra:22 Mem:519.13M (Peak 682.44M) | Time:00:00.80 | Mem:301.88M, Peak:309.80M | DELL_C6420_4N_24SFF_V002_MASTER, ViewLayer | Updating Lights
Fra:22 Mem:519.13M (Peak 682.44M) | Time:00:00.80 | Mem:301.88M, Peak:309.80M | DELL_C6420_4N_24SFF_V002_MASTER, ViewLayer | Updating Lights | Computing distribution
Fra:22 Mem:519.13M (Peak 682.44M) | Time:00:00.80 | Mem:301.88M, Peak:309.80M | DELL_C6420_4N_24SFF_V002_MASTER, ViewLayer | Updating Lights | Computing tree
Fra:22 Mem:519.15M (Peak 682.44M) | Time:00:00.80 | Mem:301.90M, Peak:309.80M | DELL_C6420_4N_24SFF_V002_MASTER, ViewLayer | Updating Integrator
Fra:22 Mem:520.15M (Peak 682.44M) | Time:00:00.80 | Mem:302.90M, Peak:309.80M | DELL_C6420_4N_24SFF_V002_MASTER, ViewLayer | Updating Film
Fra:22 Mem:520.15M (Peak 682.44M) | Time:00:00.80 | Mem:302.82M, Peak:309.80M | DELL_C6420_4N_24SFF_V002_MASTER, ViewLayer | Updating Lookup Tables
Fra:22 Mem:520.15M (Peak 682.44M) | Time:00:00.80 | Mem:302.90M, Peak:309.80M | DELL_C6420_4N_24SFF_V002_MASTER, ViewLayer | Updating Baking
Fra:22 Mem:520.15M (Peak 682.44M) | Time:00:00.80 | Mem:302.90M, Peak:309.80M | DELL_C6420_4N_24SFF_V002_MASTER, ViewLayer | Updating Device | Writing constant memory
Fra:22 Mem:520.18M (Peak 682.44M) | Time:00:00.80 | Mem:302.90M, Peak:309.80M | DELL_C6420_4N_24SFF_V002_MASTER, ViewLayer | Sample 0/192
Fra:22 Mem:571.73M (Peak 682.44M) | Time:00:01.63 | Remaining:02:37.72 | Mem:354.41M, Peak:354.41M | DELL_C6420_4N_24SFF_V002_MASTER, ViewLayer | Sample 1/192
Fra:22 Mem:571.73M (Peak 682.44M) | Time:00:22.37 | Remaining:01:43.88 | Mem:354.41M, Peak:354.41M | DELL_C6420_4N_24SFF_V002_MASTER, ViewLayer | Sample 33/192
Fra:22 Mem:571.73M (Peak 682.44M) | Time:00:42.70 | Remaining:01:21.85 | Mem:354.41M, Peak:354.41M | DELL_C6420_4N_24SFF_V002_MASTER, ViewLayer | Sample 65/192
Fra:22 Mem:571.73M (Peak 682.44M) | Time:00:52.53 | Remaining:01:12.41 | Mem:354.41M, Peak:354.41M | DELL_C6420_4N_24SFF_V002_MASTER, ViewLayer | Sample 80/192
Fra:22 Mem:571.73M (Peak 682.44M) | Time:00:59.45 | Remaining:00:58.64 | Mem:354.41M, Peak:354.41M | DELL_C6420_4N_24SFF_V002_MASTER, ViewLayer | Sample 96/192
Fra:22 Mem:571.73M (Peak 682.44M) | Time:01:05.37 | Remaining:00:46.11 | Mem:354.41M, Peak:354.41M | DELL_C6420_4N_24SFF_V002_MASTER, ViewLayer | Sample 112/192
Fra:22 Mem:571.73M (Peak 682.44M) | Time:01:10.84 | Remaining:00:35.02 | Mem:354.41M, Peak:354.41M | DELL_C6420_4N_24SFF_V002_MASTER, ViewLayer | Sample 128/192
Fra:22 Mem:571.73M (Peak 682.44M) | Time:01:15.91 | Remaining:00:25.03 | Mem:354.41M, Peak:354.41M | DELL_C6420_4N_24SFF_V002_MASTER, ViewLayer | Sample 144/192
Fra:22 Mem:571.73M (Peak 682.44M) | Time:01:20.69 | Remaining:00:15.97 | Mem:354.41M, Peak:354.41M | DELL_C6420_4N_24SFF_V002_MASTER, ViewLayer | Sample 160/192
Fra:22 Mem:571.73M (Peak 682.44M) | Time:01:25.19 | Remaining:00:07.67 | Mem:354.41M, Peak:354.41M | DELL_C6420_4N_24SFF_V002_MASTER, ViewLayer | Sample 176/192
Fra:22 Mem:594.62M (Peak 682.44M) | Time:01:29.68 | Mem:354.41M, Peak:354.41M | DELL_C6420_4N_24SFF_V002_MASTER, ViewLayer | Sample 192/192
Fra:22 Mem:594.62M (Peak 682.44M) | Time:01:29.68 | Mem:354.41M, Peak:354.41M | DELL_C6420_4N_24SFF_V002_MASTER, ViewLayer | Finished
Fra:22 Mem:208.16M (Peak 682.44M) | Time:01:29.72 | Compositing
Fra:22 Mem:208.17M (Peak 682.44M) | Time:01:29.72 | Compositing | Determining resolution
Fra:22 Mem:208.17M (Peak 682.44M) | Time:01:29.72 | Compositing | Initializing execution
Fra:22 Mem:231.12M (Peak 682.44M) | Time:01:29.73 | Compositing | Tile 2-24
Fra:22 Mem:231.12M (Peak 682.44M) | Time:01:29.73 | Compositing | Tile 1-24
Fra:22 Mem:231.12M (Peak 682.44M) | Time:01:29.73 | Compositing | Tile 3-24
Fra:22 Mem:231.12M (Peak 682.44M) | Time:01:29.73 | Compositing | Tile 4-24
Fra:22 Mem:231.12M (Peak 682.44M) | Time:01:29.73 | Compositing | Tile 9-24
Fra:22 Mem:231.12M (Peak 682.44M) | Time:01:29.73 | Compositing | Tile 5-24
Fra:22 Mem:231.12M (Peak 682.44M) | Time:01:29.73 | Compositing | Tile 6-24
Fra:22 Mem:231.12M (Peak 682.44M) | Time:01:29.73 | Compositing | Tile 7-24
Fra:22 Mem:231.12M (Peak 682.44M) | Time:01:29.73 | Compositing | Tile 8-24
Fra:22 Mem:231.12M (Peak 682.44M) | Time:01:29.73 | Compositing | Tile 10-24
Fra:22 Mem:231.12M (Peak 682.44M) | Time:01:29.73 | Compositing | Tile 11-24
Fra:22 Mem:231.12M (Peak 682.44M) | Time:01:29.73 | Compositing | Tile 12-24
Fra:22 Mem:231.12M (Peak 682.44M) | Time:01:29.73 | Compositing | Tile 13-24
Fra:22 Mem:231.12M (Peak 682.44M) | Time:01:29.73 | Compositing | Tile 14-24
Fra:22 Mem:231.12M (Peak 682.44M) | Time:01:29.73 | Compositing | Tile 15-24
Fra:22 Mem:231.12M (Peak 682.44M) | Time:01:29.73 | Compositing | Tile 16-24
Fra:22 Mem:231.12M (Peak 682.44M) | Time:01:29.73 | Compositing | Tile 17-24
Fra:22 Mem:231.12M (Peak 682.44M) | Time:01:29.73 | Compositing | Tile 19-24
Fra:22 Mem:231.12M (Peak 682.44M) | Time:01:29.73 | Compositing | Tile 18-24
Fra:22 Mem:231.12M (Peak 682.44M) | Time:01:29.73 | Compositing | Tile 20-24
Fra:22 Mem:231.12M (Peak 682.44M) | Time:01:29.73 | Compositing | Tile 21-24
Fra:22 Mem:231.12M (Peak 682.44M) | Time:01:29.73 | Compositing | Tile 22-24
Fra:22 Mem:231.12M (Peak 682.44M) | Time:01:29.73 | Compositing | Tile 23-24
Fra:22 Mem:231.12M (Peak 682.44M) | Time:01:29.73 | Compositing | Tile 24-24
Fra:22 Mem:231.06M (Peak 682.44M) | Time:01:29.73 | Compositing | De-initializing execution
Saved: '/root/Blender/DELL-C6420/v002/previews/brand-detail.png'
Time: 01:30.25 (Saving: 00:00.51)

BlenderMCP: cannot start server in background mode (blender -b) - commands would never execute
BlenderMCP: run Blender with a GUI, or use a virtual display: xvfb-run -a blender
BlenderMCP addon registered
V002_RENDER_DONE brand-detail
BlenderMCP server stopped
BlenderMCP addon unregistered

Blender quit
