Blender 4.0.2
Read prefs: "/root/.config/blender/4.0/config/userpref.blend"
Read blend: "/root/Blender/DELL-C6420/v002/model/11-clear-original-labels.blend"
Fra:22 Mem:239.30M (Peak 241.34M) | Time:00:00.21 | Mem:0.00M, Peak:0.00M | C6420_4N_24SFF_v002_MASTER, ViewLayer | Synchronizing object | INFERRED_bottom_formed_sheet
Fra:22 Mem:239.31M (Peak 241.34M) | Time:00:00.21 | Mem:0.00M, Peak:0.00M | C6420_4N_24SFF_v002_MASTER, ViewLayer | Synchronizing object | Side_1_fastener_0_recessed_head
Fra:22 Mem:239.31M (Peak 241.34M) | Time:00:00.21 | Mem:0.00M, Peak:0.00M | C6420_4N_24SFF_v002_MASTER, ViewLayer | Synchronizing object | Side_1_fastener_0_recess_floor
Fra:22 Mem:242.81M (Peak 242.81M) | Time:00:00.21 | Mem:0.00M, Peak:0.00M | C6420_4N_24SFF_v002_MASTER, ViewLayer | Synchronizing object | Side_1_fastener_1_recessed_head
Fra:22 Mem:242.82M (Peak 242.82M) | Time:00:00.21 | Mem:0.00M, Peak:0.00M | C6420_4N_24SFF_v002_MASTER, ViewLayer | Synchronizing object | Side_1_fastener_1_recess_floor
Fra:22 Mem:242.99M (Peak 242.99M) | Time:00:00.21 | Mem:0.00M, Peak:0.00M | C6420_4N_24SFF_v002_MASTER, ViewLayer | Synchronizing object | Side_1_fastener_2_recessed_head
Fra:22 Mem:242.83M (Peak 242.99M) | Time:00:00.21 | Mem:0.00M, Peak:0.00M | C6420_4N_24SFF_v002_MASTER, ViewLayer | Synchronizing object | Side_1_fastener_3_recessed_head
Fra:22 Mem:243.63M (Peak 243.63M) | Time:00:00.21 | Mem:0.00M, Peak:0.00M | C6420_4N_24SFF_v002_MASTER, ViewLayer | Synchronizing object | Side_1_fastener_3_recess_floor
Fra:22 Mem:243.88M (Peak 243.88M) | Time:00:00.21 | Mem:0.00M, Peak:0.00M | C6420_4N_24SFF_v002_MASTER, ViewLayer | Synchronizing object | Side_1_fastener_4_recessed_head
Fra:22 Mem:243.91M (Peak 243.91M) | Time:00:00.21 | Mem:0.00M, Peak:0.00M | C6420_4N_24SFF_v002_MASTER, ViewLayer | Synchronizing object | Side_1_fastener_5_recessed_head
Fra:22 Mem:243.78M (Peak 243.91M) | Time:00:00.21 | Mem:0.00M, Peak:0.00M | C6420_4N_24SFF_v002_MASTER, ViewLayer | Synchronizing object | Side_1_fastener_6_recessed_head
Fra:22 Mem:244.31M (Peak 244.31M) | Time:00:00.21 | Mem:0.00M, Peak:0.00M | C6420_4N_24SFF_v002_MASTER, ViewLayer | Synchronizing object | Side_1_fastener_6_recess_floor
Fra:22 Mem:244.14M (Peak 244.31M) | Time:00:00.21 | Mem:0.00M, Peak:0.00M | C6420_4N_24SFF_v002_MASTER, ViewLayer | Synchronizing object | Side_1_fastener_7_recessed_head
Fra:22 Mem:244.14M (Peak 244.31M) | Time:00:00.21 | Mem:0.00M, Peak:0.00M | C6420_4N_24SFF_v002_MASTER, ViewLayer | Synchronizing object | Side_1_fastener_8_recessed_head
Fra:22 Mem:244.34M (Peak 244.34M) | Time:00:00.21 | Mem:0.00M, Peak:0.00M | C6420_4N_24SFF_v002_MASTER, ViewLayer | Synchronizing object | Side_1_fastener_9_recessed_head
Fra:22 Mem:246.56M (Peak 246.56M) | Time:00:00.22 | Mem:0.00M, Peak:0.00M | C6420_4N_24SFF_v002_MASTER, ViewLayer | Synchronizing object | Side_1_fastener_10_recessed_head
Fra:22 Mem:246.60M (Peak 246.60M) | Time:00:00.22 | Mem:0.00M, Peak:0.00M | C6420_4N_24SFF_v002_MASTER, ViewLayer | Synchronizing object | Side_1_clinch_0
Fra:22 Mem:246.31M (Peak 246.60M) | Time:00:00.22 | Mem:0.00M, Peak:0.00M | C6420_4N_24SFF_v002_MASTER, ViewLayer | Synchronizing object | Side_rail_latch_outline_1
Fra:22 Mem:246.75M (Peak 246.75M) | Time:00:00.22 | Mem:0.00M, Peak:0.00M | C6420_4N_24SFF_v002_MASTER, ViewLayer | Synchronizing object | Left_side_wall_estimated
Fra:22 Mem:247.64M (Peak 247.64M) | Time:00:00.22 | Mem:0.00M, Peak:0.00M | C6420_4N_24SFF_v002_MASTER, ViewLayer | Synchronizing object | Front_cover_integrated_pressings
Fra:22 Mem:247.71M (Peak 247.71M) | Time:00:00.22 | Mem:0.00M, Peak:0.00M | C6420_4N_24SFF_v002_MASTER, ViewLayer | Synchronizing object | Main_cover_with_label_pressing
Fra:22 Mem:248.16M (Peak 248.16M) | Time:00:00.22 | Mem:0.00M, Peak:0.00M | C6420_4N_24SFF_v002_MASTER, ViewLayer | Synchronizing object | Rear_cover_four_pressed_regions
Fra:22 Mem:248.57M (Peak 248.57M) | Time:00:00.22 | Mem:0.00M, Peak:0.00M | C6420_4N_24SFF_v002_MASTER, ViewLayer | Synchronizing object | Underlapping_cover_seam
Fra:22 Mem:248.55M (Peak 248.57M) | Time:00:00.22 | Mem:0.00M, Peak:0.00M | C6420_4N_24SFF_v002_MASTER, ViewLayer | Synchronizing object | Cover_traction_pad
Fra:22 Mem:248.77M (Peak 248.77M) | Time:00:00.22 | Mem:0.00M, Peak:0.00M | C6420_4N_24SFF_v002_MASTER, ViewLayer | Synchronizing object | Cover_release_recess_back
Fra:22 Mem:249.40M (Peak 249.40M) | Time:00:00.22 | Mem:0.00M, Peak:0.00M | C6420_4N_24SFF_v002_MASTER, ViewLayer | Synchronizing object | Cover_release_metal_tab
Fra:22 Mem:249.41M (Peak 249.41M) | Time:00:00.22 | Mem:0.00M, Peak:0.00M | C6420_4N_24SFF_v002_MASTER, ViewLayer | Synchronizing object | Front_cover_flush_screw_recessed_head
Fra:22 Mem:249.51M (Peak 249.51M) | Time:00:00.22 | Mem:0.00M, Peak:0.00M | C6420_4N_24SFF_v002_MASTER, ViewLayer | Synchronizing object | Front_cover_flush_screw_recess_floor
Fra:22 Mem:249.58M (Peak 249.58M) | Time:00:00.22 | Mem:0.00M, Peak:0.00M | C6420_4N_24SFF_v002_MASTER, ViewLayer | Synchronizing object | Front_cover_flush_screw_recessed_head.001
Fra:22 Mem:249.65M (Peak 249.65M) | Time:00:00.22 | Mem:0.00M, Peak:0.00M | C6420_4N_24SFF_v002_MASTER, ViewLayer | Synchronizing object | Front_cover_flush_screw_recessed_head.002
Fra:22 Mem:249.27M (Peak 249.65M) | Time:00:00.22 | Mem:0.00M, Peak:0.00M | C6420_4N_24SFF_v002_MASTER, ViewLayer | Synchronizing object | Front_cover_flush_screw_recessed_head.003
Fra:22 Mem:249.57M (Peak 249.65M) | Time:00:00.22 | Mem:0.00M, Peak:0.00M | C6420_4N_24SFF_v002_MASTER, ViewLayer | Synchronizing object | Front_cover_flush_screw_recessed_head.004
Fra:22 Mem:249.66M (Peak 249.66M) | Time:00:00.22 | Mem:0.00M, Peak:0.00M | C6420_4N_24SFF_v002_MASTER, ViewLayer | Synchronizing object | Front_cover_flush_screw_recessed_head.005
Fra:22 Mem:249.84M (Peak 249.84M) | Time:00:00.22 | Mem:0.00M, Peak:0.00M | C6420_4N_24SFF_v002_MASTER, ViewLayer | Synchronizing object | Front_cover_flush_screw_recessed_head.006
Fra:22 Mem:250.63M (Peak 250.63M) | Time:00:00.22 | Mem:0.00M, Peak:0.00M | C6420_4N_24SFF_v002_MASTER, ViewLayer | Synchronizing object | Front_cover_flush_screw_recessed_head.007
Fra:22 Mem:251.55M (Peak 251.55M) | Time:00:00.22 | Mem:0.00M, Peak:0.00M | C6420_4N_24SFF_v002_MASTER, ViewLayer | Synchronizing object | Front_cover_flush_screw_recessed_head.008
Fra:22 Mem:251.67M (Peak 251.67M) | Time:00:00.22 | Mem:0.00M, Peak:0.00M | C6420_4N_24SFF_v002_MASTER, ViewLayer | Synchronizing object | Front_cover_flush_screw_recessed_head.009
Fra:22 Mem:252.17M (Peak 252.17M) | Time:00:00.22 | Mem:0.00M, Peak:0.00M | C6420_4N_24SFF_v002_MASTER, ViewLayer | Synchronizing object | Front_cover_flush_screw_recessed_head.010
Fra:22 Mem:251.32M (Peak 252.17M) | Time:00:00.22 | Mem:0.00M, Peak:0.00M | C6420_4N_24SFF_v002_MASTER, ViewLayer | Synchronizing object | Front_cover_flush_screw_recessed_head.011
Fra:22 Mem:253.17M (Peak 253.17M) | Time:00:00.22 | Mem:0.00M, Peak:0.00M | C6420_4N_24SFF_v002_MASTER, ViewLayer | Synchronizing object | Front_cover_flush_screw_recessed_head.012
Fra:22 Mem:253.00M (Peak 253.17M) | Time:00:00.23 | Mem:0.00M, Peak:0.00M | C6420_4N_24SFF_v002_MASTER, ViewLayer | Synchronizing object | Front_cover_flush_screw_recessed_head.013
Fra:22 Mem:253.46M (Peak 253.46M) | Time:00:00.23 | Mem:0.00M, Peak:0.00M | C6420_4N_24SFF_v002_MASTER, ViewLayer | Synchronizing object | Front_cover_flush_screw_recessed_head.014
Fra:22 Mem:253.23M (Peak 253.46M) | Time:00:00.23 | Mem:0.00M, Peak:0.00M | C6420_4N_24SFF_v002_MASTER, ViewLayer | Synchronizing object | Front_cover_flush_screw_recessed_head.015
Fra:22 Mem:253.21M (Peak 253.46M) | Time:00:00.23 | Mem:0.00M, Peak:0.00M | C6420_4N_24SFF_v002_MASTER, ViewLayer | Synchronizing object | Front_cover_flush_screw_recessed_head.016
Fra:22 Mem:253.28M (Peak 253.46M) | Time:00:00.23 | Mem:0.00M, Peak:0.00M | C6420_4N_24SFF_v002_MASTER, ViewLayer | Synchronizing object | Front_cover_flush_screw_recessed_head.017
Fra:22 Mem:253.46M (Peak 253.46M) | Time:00:00.23 | Mem:0.00M, Peak:0.00M | C6420_4N_24SFF_v002_MASTER, ViewLayer | Synchronizing object | Front_cover_flush_screw_recessed_head.018
Fra:22 Mem:253.46M (Peak 253.46M) | Time:00:00.23 | Mem:0.00M, Peak:0.00M | C6420_4N_24SFF_v002_MASTER, ViewLayer | Synchronizing object | Front_cover_flush_screw_recessed_head.019
Fra:22 Mem:254.75M (Peak 254.75M) | Time:00:00.23 | Mem:0.00M, Peak:0.00M | C6420_4N_24SFF_v002_MASTER, ViewLayer | Synchronizing object | Front_cover_flush_screw_recessed_head.020
Fra:22 Mem:255.16M (Peak 255.16M) | Time:00:00.23 | Mem:0.00M, Peak:0.00M | C6420_4N_24SFF_v002_MASTER, ViewLayer | Synchronizing object | Front_cover_flush_screw_recessed_head.021
Fra:22 Mem:255.10M (Peak 255.16M) | Time:00:00.23 | Mem:0.00M, Peak:0.00M | C6420_4N_24SFF_v002_MASTER, ViewLayer | Synchronizing object | Front_cover_flush_screw_recessed_head.022
Fra:22 Mem:255.18M (Peak 255.18M) | Time:00:00.23 | Mem:0.00M, Peak:0.00M | C6420_4N_24SFF_v002_MASTER, ViewLayer | Synchronizing object | Front_cover_flush_screw_recessed_head.023
Fra:22 Mem:254.97M (Peak 255.18M) | Time:00:00.23 | Mem:0.00M, Peak:0.00M | C6420_4N_24SFF_v002_MASTER, ViewLayer | Synchronizing object | Rear_cover_flush_screw_recessed_head
Fra:22 Mem:255.19M (Peak 255.19M) | Time:00:00.23 | Mem:0.00M, Peak:0.00M | C6420_4N_24SFF_v002_MASTER, ViewLayer | Synchronizing object | Rear_cover_flush_screw_recessed_head.001
Fra:22 Mem:255.63M (Peak 255.63M) | Time:00:00.23 | Mem:0.00M, Peak:0.00M | C6420_4N_24SFF_v002_MASTER, ViewLayer | Synchronizing object | Rear_cover_flush_screw_recessed_head.002
Fra:22 Mem:255.70M (Peak 255.70M) | Time:00:00.23 | Mem:0.00M, Peak:0.00M | C6420_4N_24SFF_v002_MASTER, ViewLayer | Synchronizing object | Rear_cover_flush_screw_recessed_head.003
Fra:22 Mem:255.98M (Peak 255.98M) | Time:00:00.23 | Mem:0.00M, Peak:0.00M | C6420_4N_24SFF_v002_MASTER, ViewLayer | Synchronizing object | PSU2_woven_edge_fibres
Fra:22 Mem:257.08M (Peak 257.08M) | Time:00:00.23 | Mem:0.00M, Peak:0.00M | C6420_4N_24SFF_v002_MASTER, ViewLayer | Synchronizing object | Midheight_sled_shelf
Fra:22 Mem:257.56M (Peak 257.56M) | Time:00:00.23 | Mem:0.00M, Peak:0.00M | C6420_4N_24SFF_v002_MASTER, ViewLayer | Synchronizing object | Central_PSU_channel_divider
Fra:22 Mem:257.77M (Peak 257.77M) | Time:00:00.23 | Mem:0.00M, Peak:0.00M | C6420_4N_24SFF_v002_MASTER, ViewLayer | Synchronizing object | Front_backplane_shadow
Fra:22 Mem:257.86M (Peak 257.86M) | Time:00:00.23 | Mem:0.00M, Peak:0.00M | C6420_4N_24SFF_v002_MASTER, ViewLayer | Synchronizing object | Hidden_backplane_socket
Fra:22 Mem:257.93M (Peak 257.93M) | Time:00:00.23 | Mem:0.00M, Peak:0.00M | C6420_4N_24SFF_v002_MASTER, ViewLayer | Synchronizing object | Rack_ear_mount_-1
Fra:22 Mem:257.80M (Peak 257.93M) | Time:00:00.23 | Mem:0.00M, Peak:0.00M | C6420_4N_24SFF_v002_MASTER, ViewLayer | Synchronizing object | Control_ear_shell_-1
Fra:22 Mem:257.69M (Peak 257.93M) | Time:00:00.23 | Mem:0.00M, Peak:0.00M | C6420_4N_24SFF_v002_MASTER, ViewLayer | Synchronizing object | Lower_ear_screw_boss_-1
Fra:22 Mem:257.74M (Peak 257.93M) | Time:00:00.23 | Mem:0.00M, Peak:0.00M | C6420_4N_24SFF_v002_MASTER, ViewLayer | Synchronizing object | Front_punched_cheek_-1
Fra:22 Mem:258.12M (Peak 258.12M) | Time:00:00.23 | Mem:0.00M, Peak:0.00M | C6420_4N_24SFF_v002_MASTER, ViewLayer | Synchronizing object | Front_cage_side_return_-1
Fra:22 Mem:257.86M (Peak 258.12M) | Time:00:00.23 | Mem:0.00M, Peak:0.00M | C6420_4N_24SFF_v002_MASTER, ViewLayer | Synchronizing object | Chrome_lifting_handle_-1
Fra:22 Mem:257.86M (Peak 258.12M) | Time:00:00.23 | Mem:0.00M, Peak:0.00M | C6420_4N_24SFF_v002_MASTER, ViewLayer | Synchronizing object | Front_lower_rolled_hem
Fra:22 Mem:257.91M (Peak 258.12M) | Time:00:00.23 | Mem:0.00M, Peak:0.00M | C6420_4N_24SFF_v002_MASTER, ViewLayer | Synchronizing object | Drive_bank_divider_0
Fra:22 Mem:257.94M (Peak 258.12M) | Time:00:00.23 | Mem:0.00M, Peak:0.00M | C6420_4N_24SFF_v002_MASTER, ViewLayer | Synchronizing object | Control_face_inset_-1
Fra:22 Mem:258.16M (Peak 258.16M) | Time:00:00.23 | Mem:0.00M, Peak:0.00M | C6420_4N_24SFF_v002_MASTER, ViewLayer | Synchronizing object | Control_face_bottom_clip_-1
Fra:22 Mem:258.17M (Peak 258.17M) | Time:00:00.23 | Mem:0.00M, Peak:0.00M | C6420_4N_24SFF_v002_MASTER, ViewLayer | Synchronizing object | DELL_EMC_official_badge
Fra:22 Mem:258.13M (Peak 258.17M) | Time:00:00.23 | Mem:0.00M, Peak:0.00M | C6420_4N_24SFF_v002_MASTER, ViewLayer | Synchronizing object | Power_button_lens_1
Fra:22 Mem:258.13M (Peak 258.17M) | Time:00:00.23 | Mem:0.00M, Peak:0.00M | C6420_4N_24SFF_v002_MASTER, ViewLayer | Synchronizing object | Power_symbol_arc_1
Fra:22 Mem:258.44M (Peak 258.44M) | Time:00:00.23 | Mem:0.00M, Peak:0.00M | C6420_4N_24SFF_v002_MASTER, ViewLayer | Synchronizing object | Power_symbol_stem_1
Fra:22 Mem:258.29M (Peak 258.44M) | Time:00:00.23 | Mem:0.00M, Peak:0.00M | C6420_4N_24SFF_v002_MASTER, ViewLayer | Synchronizing object | ID_button_lens_1
Fra:22 Mem:257.34M (Peak 258.44M) | Time:00:00.23 | Mem:0.00M, Peak:0.00M | C6420_4N_24SFF_v002_MASTER, ViewLayer | Synchronizing object | ID_button_print_1
Fra:22 Mem:257.57M (Peak 258.44M) | Time:00:00.23 | Mem:0.00M, Peak:0.00M | C6420_4N_24SFF_v002_MASTER, ViewLayer | Synchronizing object | ID_inner_white_disc_1
Fra:22 Mem:257.57M (Peak 258.44M) | Time:00:00.23 | Mem:0.00M, Peak:0.00M | C6420_4N_24SFF_v002_MASTER, ViewLayer | Synchronizing object | ID_information_symbol_1
Fra:22 Mem:257.72M (Peak 258.44M) | Time:00:00.23 | Mem:0.00M, Peak:0.00M | C6420_4N_24SFF_v002_MASTER, ViewLayer | Synchronizing object | Front_node_number_1
Fra:22 Mem:257.72M (Peak 258.44M) | Time:00:00.23 | Mem:0.00M, Peak:0.00M | C6420_4N_24SFF_v002_MASTER, ViewLayer | Synchronizing object | Front_mapping_arrow_1
Fra:22 Mem:257.69M (Peak 258.44M) | Time:00:00.23 | Mem:0.00M, Peak:0.00M | C6420_4N_24SFF_v002_MASTER, ViewLayer | Synchronizing object | Power_symbol_arc_2
Fra:22 Mem:257.70M (Peak 258.44M) | Time:00:00.23 | Mem:0.00M, Peak:0.00M | C6420_4N_24SFF_v002_MASTER, ViewLayer | Synchronizing object | Front_node_number_2
Fra:22 Mem:257.36M (Peak 258.44M) | Time:00:00.23 | Mem:0.00M, Peak:0.00M | C6420_4N_24SFF_v002_MASTER, ViewLayer | Synchronizing object | Captive_screw_metal_washer_-1
Fra:22 Mem:257.37M (Peak 258.44M) | Time:00:00.23 | Mem:0.00M, Peak:0.00M | C6420_4N_24SFF_v002_MASTER, ViewLayer | Synchronizing object | Captive_screw_Phillips_-1_recessed_head
Fra:22 Mem:257.37M (Peak 258.44M) | Time:00:00.23 | Mem:0.00M, Peak:0.00M | C6420_4N_24SFF_v002_MASTER, ViewLayer | Synchronizing object | Captive_screw_Phillips_-1_recess_floor
Fra:22 Mem:257.37M (Peak 258.44M) | Time:00:00.23 | Mem:0.00M, Peak:0.00M | C6420_4N_24SFF_v002_MASTER, ViewLayer | Synchronizing object | Captive_screw_front_bead_-1
Fra:22 Mem:257.75M (Peak 258.44M) | Time:00:00.23 | Mem:0.00M, Peak:0.00M | C6420_4N_24SFF_v002_MASTER, ViewLayer | Synchronizing object | C6400_official_badge
Fra:22 Mem:257.71M (Peak 258.44M) | Time:00:00.23 | Mem:0.00M, Peak:0.00M | C6420_4N_24SFF_v002_MASTER, ViewLayer | Synchronizing object | Power_symbol_arc_3
Fra:22 Mem:257.85M (Peak 258.44M) | Time:00:00.23 | Mem:0.00M, Peak:0.00M | C6420_4N_24SFF_v002_MASTER, ViewLayer | Synchronizing object | Power_symbol_stem_3
Fra:22 Mem:258.07M (Peak 258.44M) | Time:00:00.23 | Mem:0.00M, Peak:0.00M | C6420_4N_24SFF_v002_MASTER, ViewLayer | Synchronizing object | Front_node_number_3
Fra:22 Mem:258.23M (Peak 258.44M) | Time:00:00.23 | Mem:0.00M, Peak:0.00M | C6420_4N_24SFF_v002_MASTER, ViewLayer | Synchronizing object | Front_mapping_arrow_3
Fra:22 Mem:258.23M (Peak 258.44M) | Time:00:00.23 | Mem:0.00M, Peak:0.00M | C6420_4N_24SFF_v002_MASTER, ViewLayer | Synchronizing object | Power_symbol_arc_4
Fra:22 Mem:258.27M (Peak 258.44M) | Time:00:00.23 | Mem:0.00M, Peak:0.00M | C6420_4N_24SFF_v002_MASTER, ViewLayer | Synchronizing object | Power_symbol_stem_4
Fra:22 Mem:258.18M (Peak 258.44M) | Time:00:00.23 | Mem:0.00M, Peak:0.00M | C6420_4N_24SFF_v002_MASTER, ViewLayer | Synchronizing object | Front_node_number_4
Fra:22 Mem:258.35M (Peak 258.44M) | Time:00:00.23 | Mem:0.00M, Peak:0.00M | C6420_4N_24SFF_v002_MASTER, ViewLayer | Synchronizing object | EST_front_tag_blue_edge
Fra:22 Mem:258.38M (Peak 258.44M) | Time:00:00.23 | Mem:0.00M, Peak:0.00M | C6420_4N_24SFF_v002_MASTER, ViewLayer | Synchronizing object | Bay_index_00
Fra:22 Mem:258.90M (Peak 258.90M) | Time:00:00.23 | Mem:0.00M, Peak:0.00M | C6420_4N_24SFF_v002_MASTER, ViewLayer | Synchronizing object | Bay_mapping_triangle_0
Fra:22 Mem:258.96M (Peak 258.96M) | Time:00:00.23 | Mem:0.00M, Peak:0.00M | C6420_4N_24SFF_v002_MASTER, ViewLayer | Synchronizing object | Bay_index_01
Fra:22 Mem:259.40M (Peak 259.40M) | Time:00:00.23 | Mem:0.00M, Peak:0.00M | C6420_4N_24SFF_v002_MASTER, ViewLayer | Synchronizing object | Bay_index_02
Fra:22 Mem:259.34M (Peak 259.40M) | Time:00:00.23 | Mem:0.00M, Peak:0.00M | C6420_4N_24SFF_v002_MASTER, ViewLayer | Synchronizing object | Bay_index_03
Fra:22 Mem:259.39M (Peak 259.40M) | Time:00:00.23 | Mem:0.00M, Peak:0.00M | C6420_4N_24SFF_v002_MASTER, ViewLayer | Synchronizing object | Bay_index_04
Fra:22 Mem:259.41M (Peak 259.41M) | Time:00:00.23 | Mem:0.00M, Peak:0.00M | C6420_4N_24SFF_v002_MASTER, ViewLayer | Synchronizing object | Bay_index_05
Fra:22 Mem:259.43M (Peak 259.43M) | Time:00:00.23 | Mem:0.00M, Peak:0.00M | C6420_4N_24SFF_v002_MASTER, ViewLayer | Synchronizing object | Bay_index_06
Fra:22 Mem:259.46M (Peak 259.46M) | Time:00:00.23 | Mem:0.00M, Peak:0.00M | C6420_4N_24SFF_v002_MASTER, ViewLayer | Synchronizing object | Bay_index_07
Fra:22 Mem:259.47M (Peak 259.47M) | Time:00:00.23 | Mem:0.00M, Peak:0.00M | C6420_4N_24SFF_v002_MASTER, ViewLayer | Synchronizing object | Bay_index_08
Fra:22 Mem:259.49M (Peak 259.49M) | Time:00:00.23 | Mem:0.00M, Peak:0.00M | C6420_4N_24SFF_v002_MASTER, ViewLayer | Synchronizing object | Bay_index_09
Fra:22 Mem:259.51M (Peak 259.51M) | Time:00:00.23 | Mem:0.00M, Peak:0.00M | C6420_4N_24SFF_v002_MASTER, ViewLayer | Synchronizing object | Bay_index_10
Fra:22 Mem:259.86M (Peak 259.86M) | Time:00:00.23 | Mem:0.00M, Peak:0.00M | C6420_4N_24SFF_v002_MASTER, ViewLayer | Synchronizing object | Bay_index_11
Fra:22 Mem:259.86M (Peak 259.86M) | Time:00:00.23 | Mem:0.00M, Peak:0.00M | C6420_4N_24SFF_v002_MASTER, ViewLayer | Synchronizing object | Bay_index_14
Fra:22 Mem:259.95M (Peak 259.95M) | Time:00:00.23 | Mem:0.00M, Peak:0.00M | C6420_4N_24SFF_v002_MASTER, ViewLayer | Synchronizing object | Bay_index_15
Fra:22 Mem:260.07M (Peak 260.07M) | Time:00:00.23 | Mem:0.00M, Peak:0.00M | C6420_4N_24SFF_v002_MASTER, ViewLayer | Synchronizing object | Bay_index_16
Fra:22 Mem:261.04M (Peak 261.04M) | Time:00:00.23 | Mem:0.00M, Peak:0.00M | C6420_4N_24SFF_v002_MASTER, ViewLayer | Synchronizing object | Bay_index_17
Fra:22 Mem:261.01M (Peak 261.04M) | Time:00:00.23 | Mem:0.00M, Peak:0.00M | C6420_4N_24SFF_v002_MASTER, ViewLayer | Synchronizing object | Bay_index_18
Fra:22 Mem:261.02M (Peak 261.04M) | Time:00:00.23 | Mem:0.00M, Peak:0.00M | C6420_4N_24SFF_v002_MASTER, ViewLayer | Synchronizing object | Bay_index_19
Fra:22 Mem:261.04M (Peak 261.04M) | Time:00:00.23 | Mem:0.00M, Peak:0.00M | C6420_4N_24SFF_v002_MASTER, ViewLayer | Synchronizing object | Bay_index_20
Fra:22 Mem:261.02M (Peak 261.04M) | Time:00:00.23 | Mem:0.00M, Peak:0.00M | C6420_4N_24SFF_v002_MASTER, ViewLayer | Synchronizing object | Bay_index_22
Fra:22 Mem:261.04M (Peak 261.04M) | Time:00:00.23 | Mem:0.00M, Peak:0.00M | C6420_4N_24SFF_v002_MASTER, ViewLayer | Synchronizing object | Bay_index_23
Fra:22 Mem:261.08M (Peak 261.08M) | Time:00:00.23 | Mem:0.00M, Peak:0.00M | C6420_4N_24SFF_v002_MASTER, ViewLayer | Synchronizing object | Real_yellow_warning_label
Fra:22 Mem:260.29M (Peak 261.08M) | Time:00:00.23 | Mem:0.00M, Peak:0.00M | C6420_4N_24SFF_v002_MASTER, ViewLayer | Synchronizing object | Node1_floor
Fra:22 Mem:260.34M (Peak 261.08M) | Time:00:00.23 | Mem:0.00M, Peak:0.00M | C6420_4N_24SFF_v002_MASTER, ViewLayer | Synchronizing object | Node1_internal_air_shade
Fra:22 Mem:260.64M (Peak 261.08M) | Time:00:00.23 | Mem:0.00M, Peak:0.00M | C6420_4N_24SFF_v002_MASTER, ViewLayer | Synchronizing object | Node1_visible_PCB_edge
Fra:22 Mem:260.77M (Peak 261.08M) | Time:00:00.23 | Mem:0.00M, Peak:0.00M | C6420_4N_24SFF_v002_MASTER, ViewLayer | Synchronizing object | Node1_punched_rear_skin
Fra:22 Mem:260.77M (Peak 261.08M) | Time:00:00.23 | Mem:0.00M, Peak:0.00M | C6420_4N_24SFF_v002_MASTER, ViewLayer | Synchronizing object | Node1_horizontal_rear_return
Fra:22 Mem:260.79M (Peak 261.08M) | Time:00:00.23 | Mem:0.00M, Peak:0.00M | C6420_4N_24SFF_v002_MASTER, ViewLayer | Synchronizing object | Node1_vertical_rear_return
Fra:22 Mem:262.88M (Peak 262.88M) | Time:00:00.24 | Mem:0.00M, Peak:0.00M | C6420_4N_24SFF_v002_MASTER, ViewLayer | Synchronizing object | Node1_USB_black_mask
Fra:22 Mem:262.89M (Peak 262.89M) | Time:00:00.24 | Mem:0.00M, Peak:0.00M | C6420_4N_24SFF_v002_MASTER, ViewLayer | Synchronizing object | Node1_USB3A_0_metal_cavity
Fra:22 Mem:263.08M (Peak 263.08M) | Time:00:00.24 | Mem:0.00M, Peak:0.00M | C6420_4N_24SFF_v002_MASTER, ViewLayer | Synchronizing object | Node1_USB3A_0_dark_back
Fra:22 Mem:262.84M (Peak 263.08M) | Time:00:00.24 | Mem:0.00M, Peak:0.00M | C6420_4N_24SFF_v002_MASTER, ViewLayer | Synchronizing object | Node1_USB3A_0_blue_tongue
Fra:22 Mem:262.76M (Peak 263.08M) | Time:00:00.24 | Mem:0.00M, Peak:0.00M | C6420_4N_24SFF_v002_MASTER, ViewLayer | Synchronizing object | Node1_USB3A_0_front_contact_0
Fra:22 Mem:262.70M (Peak 263.08M) | Time:00:00.24 | Mem:0.00M, Peak:0.00M | C6420_4N_24SFF_v002_MASTER, ViewLayer | Synchronizing object | PSU1_woven_edge_fibres
Fra:22 Mem:262.65M (Peak 263.08M) | Time:00:00.24 | Mem:0.00M, Peak:0.00M | C6420_4N_24SFF_v002_MASTER, ViewLayer | Synchronizing object | Node1_USB3A_0_rear_contact_0
Fra:22 Mem:263.32M (Peak 263.32M) | Time:00:00.24 | Mem:0.00M, Peak:0.00M | C6420_4N_24SFF_v002_MASTER, ViewLayer | Synchronizing object | Node1_USB_retention_spring
Fra:22 Mem:263.36M (Peak 263.36M) | Time:00:00.24 | Mem:0.00M, Peak:0.00M | C6420_4N_24SFF_v002_MASTER, ViewLayer | Synchronizing object | Node1_USB_icon_stem
Fra:22 Mem:263.86M (Peak 263.86M) | Time:00:00.24 | Mem:0.00M, Peak:0.00M | C6420_4N_24SFF_v002_MASTER, ViewLayer | Synchronizing object | Node1_USB_icon_branchA
Fra:22 Mem:263.87M (Peak 263.87M) | Time:00:00.24 | Mem:0.00M, Peak:0.00M | C6420_4N_24SFF_v002_MASTER, ViewLayer | Synchronizing object | Node1_USB_icon_branchB
Fra:22 Mem:263.93M (Peak 263.93M) | Time:00:00.24 | Mem:0.00M, Peak:0.00M | C6420_4N_24SFF_v002_MASTER, ViewLayer | Synchronizing object | Node1_USB_icon_square
Fra:22 Mem:263.98M (Peak 263.98M) | Time:00:00.24 | Mem:0.00M, Peak:0.00M | C6420_4N_24SFF_v002_MASTER, ViewLayer | Synchronizing object | Node1_USB_icon_arrow
Fra:22 Mem:263.97M (Peak 263.98M) | Time:00:00.24 | Mem:0.00M, Peak:0.00M | C6420_4N_24SFF_v002_MASTER, ViewLayer | Synchronizing object | Node1_USB_icon_root
Fra:22 Mem:263.98M (Peak 263.98M) | Time:00:00.24 | Mem:0.00M, Peak:0.00M | C6420_4N_24SFF_v002_MASTER, ViewLayer | Synchronizing object | Node1_USB_plate_fastener_recessed_head
Fra:22 Mem:264.03M (Peak 264.03M) | Time:00:00.24 | Mem:0.00M, Peak:0.00M | C6420_4N_24SFF_v002_MASTER, ViewLayer | Synchronizing object | Node1_USB_plate_fastener_recess_floor
Fra:22 Mem:264.10M (Peak 264.10M) | Time:00:00.24 | Mem:0.00M, Peak:0.00M | C6420_4N_24SFF_v002_MASTER, ViewLayer | Synchronizing object | Node1_dual_SFP_adapter_face
Fra:22 Mem:264.28M (Peak 264.28M) | Time:00:00.24 | Mem:0.00M, Peak:0.00M | C6420_4N_24SFF_v002_MASTER, ViewLayer | Synchronizing object | Node1_SFP_cage_0_metal_cavity
Fra:22 Mem:264.30M (Peak 264.30M) | Time:00:00.24 | Mem:0.00M, Peak:0.00M | C6420_4N_24SFF_v002_MASTER, ViewLayer | Synchronizing object | Node1_SFP_cage_0_dark_back
Fra:22 Mem:264.40M (Peak 264.40M) | Time:00:00.24 | Mem:0.00M, Peak:0.00M | C6420_4N_24SFF_v002_MASTER, ViewLayer | Synchronizing object | Node1_SFP_0_side_spring
Fra:22 Mem:264.54M (Peak 264.54M) | Time:00:00.24 | Mem:0.00M, Peak:0.00M | C6420_4N_24SFF_v002_MASTER, ViewLayer | Synchronizing object | Node1_SFP_0_top_tang
Fra:22 Mem:264.54M (Peak 264.54M) | Time:00:00.24 | Mem:0.00M, Peak:0.00M | C6420_4N_24SFF_v002_MASTER, ViewLayer | Synchronizing object | Node1_SFP_0_lower_flange
Fra:22 Mem:264.71M (Peak 264.71M) | Time:00:00.24 | Mem:0.00M, Peak:0.00M | C6420_4N_24SFF_v002_MASTER, ViewLayer | Synchronizing object | Node1_SFP_0_connector_insert
Fra:22 Mem:264.72M (Peak 264.72M) | Time:00:00.24 | Mem:0.00M, Peak:0.00M | C6420_4N_24SFF_v002_MASTER, ViewLayer | Synchronizing object | Node1_SFP_index_0
Fra:22 Mem:264.76M (Peak 264.76M) | Time:00:00.24 | Mem:0.00M, Peak:0.00M | C6420_4N_24SFF_v002_MASTER, ViewLayer | Synchronizing object | Node1_SFP_index_1
Fra:22 Mem:264.78M (Peak 264.78M) | Time:00:00.24 | Mem:0.00M, Peak:0.00M | C6420_4N_24SFF_v002_MASTER, ViewLayer | Synchronizing object | Node1_MicroUSB_metal_cavity
Fra:22 Mem:264.90M (Peak 264.90M) | Time:00:00.24 | Mem:0.00M, Peak:0.00M | C6420_4N_24SFF_v002_MASTER, ViewLayer | Synchronizing object | Node1_MicroUSB_dark_back
Fra:22 Mem:264.98M (Peak 264.98M) | Time:00:00.24 | Mem:0.00M, Peak:0.00M | C6420_4N_24SFF_v002_MASTER, ViewLayer | Synchronizing object | Node1_MicroUSB_tongue
Fra:22 Mem:264.92M (Peak 264.98M) | Time:00:00.24 | Mem:0.00M, Peak:0.00M | C6420_4N_24SFF_v002_MASTER, ViewLayer | Synchronizing object | Node1_MiniDisplayPort_metal_cavity
Fra:22 Mem:265.09M (Peak 265.09M) | Time:00:00.24 | Mem:0.00M, Peak:0.00M | C6420_4N_24SFF_v002_MASTER, ViewLayer | Synchronizing object | Node1_MiniDisplayPort_dark_back
Fra:22 Mem:265.11M (Peak 265.11M) | Time:00:00.24 | Mem:0.00M, Peak:0.00M | C6420_4N_24SFF_v002_MASTER, ViewLayer | Synchronizing object | Node1_MiniDP_inner_shield_metal_cavity
Fra:22 Mem:265.27M (Peak 265.27M) | Time:00:00.24 | Mem:0.00M, Peak:0.00M | C6420_4N_24SFF_v002_MASTER, ViewLayer | Synchronizing object | Node1_MiniDP_inner_shield_dark_back
Fra:22 Mem:265.21M (Peak 265.27M) | Time:00:00.24 | Mem:0.00M, Peak:0.00M | C6420_4N_24SFF_v002_MASTER, ViewLayer | Synchronizing object | Node1_MiniDP_tongue
Fra:22 Mem:265.26M (Peak 265.27M) | Time:00:00.24 | Mem:0.00M, Peak:0.00M | C6420_4N_24SFF_v002_MASTER, ViewLayer | Synchronizing object | Node1_iDRAC_RJ45_metal_cavity
Fra:22 Mem:264.93M (Peak 265.27M) | Time:00:00.24 | Mem:0.00M, Peak:0.00M | C6420_4N_24SFF_v002_MASTER, ViewLayer | Synchronizing object | Node1_iDRAC_RJ45_dark_back
Fra:22 Mem:265.01M (Peak 265.27M) | Time:00:00.24 | Mem:0.00M, Peak:0.00M | C6420_4N_24SFF_v002_MASTER, ViewLayer | Synchronizing object | Node1_RJ45_spring_contact_0
Fra:22 Mem:265.02M (Peak 265.27M) | Time:00:00.24 | Mem:0.00M, Peak:0.00M | C6420_4N_24SFF_v002_MASTER, ViewLayer | Synchronizing object | Node1_RJ45_spring_contact_1
Fra:22 Mem:264.96M (Peak 265.27M) | Time:00:00.24 | Mem:0.00M, Peak:0.00M | C6420_4N_24SFF_v002_MASTER, ViewLayer | Synchronizing object | Node1_RJ45_spring_contact_2
Fra:22 Mem:265.02M (Peak 265.27M) | Time:00:00.24 | Mem:0.00M, Peak:0.00M | C6420_4N_24SFF_v002_MASTER, ViewLayer | Synchronizing object | Node1_RJ45_spring_contact_3
Fra:22 Mem:265.09M (Peak 265.27M) | Time:00:00.24 | Mem:0.00M, Peak:0.00M | C6420_4N_24SFF_v002_MASTER, ViewLayer | Synchronizing object | Node1_RJ45_spring_contact_4
Fra:22 Mem:265.10M (Peak 265.27M) | Time:00:00.24 | Mem:0.00M, Peak:0.00M | C6420_4N_24SFF_v002_MASTER, ViewLayer | Synchronizing object | Node1_RJ45_spring_contact_5
Fra:22 Mem:265.25M (Peak 265.27M) | Time:00:00.24 | Mem:0.00M, Peak:0.00M | C6420_4N_24SFF_v002_MASTER, ViewLayer | Synchronizing object | Node1_RJ45_spring_contact_6
Fra:22 Mem:265.15M (Peak 265.27M) | Time:00:00.24 | Mem:0.00M, Peak:0.00M | C6420_4N_24SFF_v002_MASTER, ViewLayer | Synchronizing object | Node1_RJ45_spring_contact_7
Fra:22 Mem:265.08M (Peak 265.27M) | Time:00:00.24 | Mem:0.00M, Peak:0.00M | C6420_4N_24SFF_v002_MASTER, ViewLayer | Synchronizing object | Node1_RJ45_LED_lens.001
Fra:22 Mem:265.10M (Peak 265.27M) | Time:00:00.24 | Mem:0.00M, Peak:0.00M | C6420_4N_24SFF_v002_MASTER, ViewLayer | Synchronizing object | Node1_power_metal_rim
Fra:22 Mem:265.16M (Peak 265.27M) | Time:00:00.24 | Mem:0.00M, Peak:0.00M | C6420_4N_24SFF_v002_MASTER, ViewLayer | Synchronizing object | Node1_power_button_lens
Fra:22 Mem:265.29M (Peak 265.29M) | Time:00:00.24 | Mem:0.00M, Peak:0.00M | C6420_4N_24SFF_v002_MASTER, ViewLayer | Synchronizing object | Node1_long_grip_folded_frame
Fra:22 Mem:265.33M (Peak 265.33M) | Time:00:00.24 | Mem:0.00M, Peak:0.00M | C6420_4N_24SFF_v002_MASTER, ViewLayer | Synchronizing object | Node1_long_black_grip_metal_cavity
Fra:22 Mem:265.38M (Peak 265.38M) | Time:00:00.24 | Mem:0.00M, Peak:0.00M | C6420_4N_24SFF_v002_MASTER, ViewLayer | Synchronizing object | Node1_long_black_grip_dark_back
Fra:22 Mem:266.09M (Peak 266.09M) | Time:00:00.24 | Mem:0.00M, Peak:0.00M | C6420_4N_24SFF_v002_MASTER, ViewLayer | Synchronizing object | Node1_grip_edge_fold
Fra:22 Mem:266.04M (Peak 266.09M) | Time:00:00.24 | Mem:0.00M, Peak:0.00M | C6420_4N_24SFF_v002_MASTER, ViewLayer | Synchronizing object | Node1_grip_press_lug
Fra:22 Mem:266.16M (Peak 266.16M) | Time:00:00.24 | Mem:0.00M, Peak:0.00M | C6420_4N_24SFF_v002_MASTER, ViewLayer | Synchronizing object | Node1_grip_hinge_pin
Fra:22 Mem:266.69M (Peak 266.69M) | Time:00:00.24 | Mem:0.00M, Peak:0.00M | C6420_4N_24SFF_v002_MASTER, ViewLayer | Synchronizing object | Node1_blue_paddle_face
Fra:22 Mem:266.83M (Peak 266.83M) | Time:00:00.24 | Mem:0.00M, Peak:0.00M | C6420_4N_24SFF_v002_MASTER, ViewLayer | Synchronizing object | Node1_blue_hook_return
Fra:22 Mem:267.05M (Peak 267.05M) | Time:00:00.24 | Mem:0.00M, Peak:0.00M | C6420_4N_24SFF_v002_MASTER, ViewLayer | Synchronizing object | Node1_blue_hook_cross_return
Fra:22 Mem:267.02M (Peak 267.05M) | Time:00:00.24 | Mem:0.00M, Peak:0.00M | C6420_4N_24SFF_v002_MASTER, ViewLayer | Synchronizing object | Node1_blue_latch_mount_recessed_head
Fra:22 Mem:266.95M (Peak 267.05M) | Time:00:00.24 | Mem:0.00M, Peak:0.00M | C6420_4N_24SFF_v002_MASTER, ViewLayer | Synchronizing object | Node1_latch_steel_back
Fra:22 Mem:267.09M (Peak 267.09M) | Time:00:00.24 | Mem:0.00M, Peak:0.00M | C6420_4N_24SFF_v002_MASTER, ViewLayer | Synchronizing object | Node1_DP_mark
Fra:22 Mem:267.22M (Peak 267.22M) | Time:00:00.24 | Mem:0.00M, Peak:0.00M | C6420_4N_24SFF_v002_MASTER, ViewLayer | Synchronizing object | Node1_iDRAC_mark
Fra:22 Mem:267.14M (Peak 267.22M) | Time:00:00.24 | Mem:0.00M, Peak:0.00M | C6420_4N_24SFF_v002_MASTER, ViewLayer | Synchronizing object | Node1_MicroUSB_service_mark
Fra:22 Mem:266.38M (Peak 267.22M) | Time:00:00.24 | Mem:0.00M, Peak:0.00M | C6420_4N_24SFF_v002_MASTER, ViewLayer | Synchronizing object | Node1_EST_tag
Fra:22 Mem:266.47M (Peak 267.22M) | Time:00:00.24 | Mem:0.00M, Peak:0.00M | C6420_4N_24SFF_v002_MASTER, ViewLayer | Synchronizing object | Node1_EST_blue_print
Fra:22 Mem:266.46M (Peak 267.22M) | Time:00:00.24 | Mem:0.00M, Peak:0.00M | C6420_4N_24SFF_v002_MASTER, ViewLayer | Synchronizing object | Node2_punched_rear_skin
Fra:22 Mem:268.98M (Peak 268.98M) | Time:00:00.24 | Mem:0.00M, Peak:0.00M | C6420_4N_24SFF_v002_MASTER, ViewLayer | Synchronizing object | Node2_USB_icon_stem
Fra:22 Mem:268.96M (Peak 268.98M) | Time:00:00.24 | Mem:0.00M, Peak:0.00M | C6420_4N_24SFF_v002_MASTER, ViewLayer | Synchronizing object | Node2_USB_icon_branchA
Fra:22 Mem:269.02M (Peak 269.02M) | Time:00:00.24 | Mem:0.00M, Peak:0.00M | C6420_4N_24SFF_v002_MASTER, ViewLayer | Synchronizing object | Node2_USB_icon_branchB
Fra:22 Mem:268.91M (Peak 269.02M) | Time:00:00.24 | Mem:0.00M, Peak:0.00M | C6420_4N_24SFF_v002_MASTER, ViewLayer | Synchronizing object | Node2_RJ45_spring_contact_0
Fra:22 Mem:268.92M (Peak 269.02M) | Time:00:00.24 | Mem:0.00M, Peak:0.00M | C6420_4N_24SFF_v002_MASTER, ViewLayer | Synchronizing object | Node2_RJ45_spring_contact_1
Fra:22 Mem:268.91M (Peak 269.02M) | Time:00:00.24 | Mem:0.00M, Peak:0.00M | C6420_4N_24SFF_v002_MASTER, ViewLayer | Synchronizing object | Node2_RJ45_spring_contact_2
Fra:22 Mem:270.74M (Peak 270.74M) | Time:00:00.24 | Mem:0.00M, Peak:0.00M | C6420_4N_24SFF_v002_MASTER, ViewLayer | Synchronizing object | Node2_RJ45_spring_contact_3
Fra:22 Mem:270.74M (Peak 270.74M) | Time:00:00.24 | Mem:0.00M, Peak:0.00M | C6420_4N_24SFF_v002_MASTER, ViewLayer | Synchronizing object | Node2_RJ45_spring_contact_5
Fra:22 Mem:270.28M (Peak 270.74M) | Time:00:00.24 | Mem:0.00M, Peak:0.00M | C6420_4N_24SFF_v002_MASTER, ViewLayer | Synchronizing object | Node2_RJ45_spring_contact_6
Fra:22 Mem:269.78M (Peak 270.74M) | Time:00:00.24 | Mem:0.00M, Peak:0.00M | C6420_4N_24SFF_v002_MASTER, ViewLayer | Synchronizing object | Node2_RJ45_spring_contact_7
Fra:22 Mem:269.50M (Peak 270.74M) | Time:00:00.24 | Mem:0.00M, Peak:0.00M | C6420_4N_24SFF_v002_MASTER, ViewLayer | Synchronizing object | Node3_punched_rear_skin
Fra:22 Mem:269.50M (Peak 270.74M) | Time:00:00.24 | Mem:0.00M, Peak:0.00M | C6420_4N_24SFF_v002_MASTER, ViewLayer | Synchronizing object | Node3_USB_icon_stem
Fra:22 Mem:271.59M (Peak 271.59M) | Time:00:00.24 | Mem:0.00M, Peak:0.00M | C6420_4N_24SFF_v002_MASTER, ViewLayer | Synchronizing object | PSU1_efficiency_exact_letters
Fra:22 Mem:271.64M (Peak 271.64M) | Time:00:00.24 | Mem:0.00M, Peak:0.00M | C6420_4N_24SFF_v002_MASTER, ViewLayer | Synchronizing object | Node3_USB_icon_branchA
Fra:22 Mem:271.67M (Peak 271.67M) | Time:00:00.24 | Mem:0.00M, Peak:0.00M | C6420_4N_24SFF_v002_MASTER, ViewLayer | Synchronizing object | Node3_USB_icon_branchB
Fra:22 Mem:271.67M (Peak 271.67M) | Time:00:00.24 | Mem:0.00M, Peak:0.00M | C6420_4N_24SFF_v002_MASTER, ViewLayer | Synchronizing object | PSU1_2400W_exact_letters
Fra:22 Mem:271.92M (Peak 271.92M) | Time:00:00.24 | Mem:0.00M, Peak:0.00M | C6420_4N_24SFF_v002_MASTER, ViewLayer | Synchronizing object | PSU1_EPP_exact_letters
Fra:22 Mem:271.92M (Peak 271.92M) | Time:00:00.24 | Mem:0.00M, Peak:0.00M | C6420_4N_24SFF_v002_MASTER, ViewLayer | Synchronizing object | PSU1_EPP_green_upper_field
Fra:22 Mem:271.62M (Peak 271.92M) | Time:00:00.24 | Mem:0.00M, Peak:0.00M | C6420_4N_24SFF_v002_MASTER, ViewLayer | Synchronizing object | PSU1_EPP_real_print_paper
Fra:22 Mem:271.70M (Peak 271.92M) | Time:00:00.24 | Mem:0.00M, Peak:0.00M | C6420_4N_24SFF_v002_MASTER, ViewLayer | Synchronizing object | PSU2_woven_extraction_loop
Fra:22 Mem:271.73M (Peak 271.92M) | Time:00:00.24 | Mem:0.00M, Peak:0.00M | C6420_4N_24SFF_v002_MASTER, ViewLayer | Synchronizing object | Node3_RJ45_spring_contact_0
Fra:22 Mem:271.80M (Peak 271.92M) | Time:00:00.24 | Mem:0.00M, Peak:0.00M | C6420_4N_24SFF_v002_MASTER, ViewLayer | Synchronizing object | Node3_RJ45_spring_contact_1
Fra:22 Mem:272.14M (Peak 272.14M) | Time:00:00.24 | Mem:0.00M, Peak:0.00M | C6420_4N_24SFF_v002_MASTER, ViewLayer | Synchronizing object | Node3_RJ45_spring_contact_2
Fra:22 Mem:271.98M (Peak 272.14M) | Time:00:00.24 | Mem:0.00M, Peak:0.00M | C6420_4N_24SFF_v002_MASTER, ViewLayer | Synchronizing object | PSU2_curved_fan_vane_6
Fra:22 Mem:271.99M (Peak 272.14M) | Time:00:00.24 | Mem:0.00M, Peak:0.00M | C6420_4N_24SFF_v002_MASTER, ViewLayer | Synchronizing object | Node3_RJ45_spring_contact_3
Fra:22 Mem:272.01M (Peak 272.14M) | Time:00:00.24 | Mem:0.00M, Peak:0.00M | C6420_4N_24SFF_v002_MASTER, ViewLayer | Synchronizing object | PSU2_curved_fan_vane_5
Fra:22 Mem:272.06M (Peak 272.14M) | Time:00:00.24 | Mem:0.00M, Peak:0.00M | C6420_4N_24SFF_v002_MASTER, ViewLayer | Synchronizing object | Node3_RJ45_spring_contact_4
Fra:22 Mem:272.05M (Peak 272.14M) | Time:00:00.24 | Mem:0.00M, Peak:0.00M | C6420_4N_24SFF_v002_MASTER, ViewLayer | Synchronizing object | PSU2_curved_fan_vane_4
Fra:22 Mem:272.08M (Peak 272.14M) | Time:00:00.24 | Mem:0.00M, Peak:0.00M | C6420_4N_24SFF_v002_MASTER, ViewLayer | Synchronizing object | Node3_RJ45_spring_contact_5
Fra:22 Mem:272.08M (Peak 272.14M) | Time:00:00.24 | Mem:0.00M, Peak:0.00M | C6420_4N_24SFF_v002_MASTER, ViewLayer | Synchronizing object | PSU2_curved_fan_vane_3
Fra:22 Mem:272.12M (Peak 272.14M) | Time:00:00.24 | Mem:0.00M, Peak:0.00M | C6420_4N_24SFF_v002_MASTER, ViewLayer | Synchronizing object | Node3_RJ45_spring_contact_6
Fra:22 Mem:272.11M (Peak 272.14M) | Time:00:00.24 | Mem:0.00M, Peak:0.00M | C6420_4N_24SFF_v002_MASTER, ViewLayer | Synchronizing object | PSU2_curved_fan_vane_2
Fra:22 Mem:272.13M (Peak 272.14M) | Time:00:00.25 | Mem:0.00M, Peak:0.00M | C6420_4N_24SFF_v002_MASTER, ViewLayer | Synchronizing object | PSU2_curved_fan_vane_1
Fra:22 Mem:272.15M (Peak 272.15M) | Time:00:00.25 | Mem:0.00M, Peak:0.00M | C6420_4N_24SFF_v002_MASTER, ViewLayer | Synchronizing object | Node3_RJ45_spring_contact_7
Fra:22 Mem:272.15M (Peak 272.15M) | Time:00:00.25 | Mem:0.00M, Peak:0.00M | C6420_4N_24SFF_v002_MASTER, ViewLayer | Synchronizing object | PSU2_curved_fan_vane_0
Fra:22 Mem:272.17M (Peak 272.17M) | Time:00:00.25 | Mem:0.00M, Peak:0.00M | C6420_4N_24SFF_v002_MASTER, ViewLayer | Synchronizing object | Node4_punched_rear_skin
Fra:22 Mem:272.20M (Peak 272.20M) | Time:00:00.25 | Mem:0.00M, Peak:0.00M | C6420_4N_24SFF_v002_MASTER, ViewLayer | Synchronizing object | Node4_USB_icon_stem
Fra:22 Mem:272.19M (Peak 272.20M) | Time:00:00.25 | Mem:0.00M, Peak:0.00M | C6420_4N_24SFF_v002_MASTER, ViewLayer | Synchronizing object | PSU1_woven_extraction_loop
Fra:22 Mem:272.19M (Peak 272.20M) | Time:00:00.25 | Mem:0.00M, Peak:0.00M | C6420_4N_24SFF_v002_MASTER, ViewLayer | Synchronizing object | Node4_USB_icon_branchA
Fra:22 Mem:274.44M (Peak 274.44M) | Time:00:00.25 | Mem:0.00M, Peak:0.00M | C6420_4N_24SFF_v002_MASTER, ViewLayer | Synchronizing object | Node4_USB_icon_branchB
Fra:22 Mem:274.45M (Peak 274.45M) | Time:00:00.25 | Mem:0.00M, Peak:0.00M | C6420_4N_24SFF_v002_MASTER, ViewLayer | Synchronizing object | Node4_RJ45_spring_contact_0
Fra:22 Mem:274.51M (Peak 274.51M) | Time:00:00.25 | Mem:0.00M, Peak:0.00M | C6420_4N_24SFF_v002_MASTER, ViewLayer | Synchronizing object | Node4_RJ45_spring_contact_1
Fra:22 Mem:274.52M (Peak 274.52M) | Time:00:00.25 | Mem:0.00M, Peak:0.00M | C6420_4N_24SFF_v002_MASTER, ViewLayer | Synchronizing object | Node4_RJ45_spring_contact_2
Fra:22 Mem:274.53M (Peak 274.53M) | Time:00:00.25 | Mem:0.00M, Peak:0.00M | C6420_4N_24SFF_v002_MASTER, ViewLayer | Synchronizing object | Node4_RJ45_spring_contact_3
Fra:22 Mem:274.53M (Peak 274.53M) | Time:00:00.25 | Mem:0.00M, Peak:0.00M | C6420_4N_24SFF_v002_MASTER, ViewLayer | Synchronizing object | Node4_RJ45_spring_contact_4
Fra:22 Mem:274.54M (Peak 274.54M) | Time:00:00.25 | Mem:0.00M, Peak:0.00M | C6420_4N_24SFF_v002_MASTER, ViewLayer | Synchronizing object | Node4_RJ45_spring_contact_5
Fra:22 Mem:274.55M (Peak 274.55M) | Time:00:00.25 | Mem:0.00M, Peak:0.00M | C6420_4N_24SFF_v002_MASTER, ViewLayer | Synchronizing object | Node4_RJ45_spring_contact_6
Fra:22 Mem:274.55M (Peak 274.55M) | Time:00:00.25 | Mem:0.00M, Peak:0.00M | C6420_4N_24SFF_v002_MASTER, ViewLayer | Synchronizing object | Node4_RJ45_spring_contact_7
Fra:22 Mem:274.61M (Peak 274.61M) | Time:00:00.25 | Mem:0.00M, Peak:0.00M | C6420_4N_24SFF_v002_MASTER, ViewLayer | Synchronizing object | Drive00_metal_enclosure
Fra:22 Mem:272.30M (Peak 274.61M) | Time:00:00.25 | Mem:0.00M, Peak:0.00M | C6420_4N_24SFF_v002_MASTER, ViewLayer | Synchronizing object | Carrier00_sheet_side_-1
Fra:22 Mem:272.32M (Peak 274.61M) | Time:00:00.25 | Mem:0.00M, Peak:0.00M | C6420_4N_24SFF_v002_MASTER, ViewLayer | Synchronizing object | Carrier00_folded_runner_-1
Fra:22 Mem:272.36M (Peak 274.61M) | Time:00:00.25 | Mem:0.00M, Peak:0.00M | C6420_4N_24SFF_v002_MASTER, ViewLayer | Synchronizing object | Carrier00_setback_honeycomb
Fra:22 Mem:272.37M (Peak 274.61M) | Time:00:00.25 | Mem:0.00M, Peak:0.00M | C6420_4N_24SFF_v002_MASTER, ViewLayer | Synchronizing object | Carrier00_silver_handle_frame
Fra:22 Mem:273.27M (Peak 274.61M) | Time:00:00.25 | Mem:0.00M, Peak:0.00M | C6420_4N_24SFF_v002_MASTER, ViewLayer | Synchronizing object | Carrier00_three_window_handle
Fra:22 Mem:273.30M (Peak 274.61M) | Time:00:00.25 | Mem:0.00M, Peak:0.00M | C6420_4N_24SFF_v002_MASTER, ViewLayer | Synchronizing object | Carrier00_handle_top_thumb_land
Fra:22 Mem:273.42M (Peak 274.61M) | Time:00:00.25 | Mem:0.00M, Peak:0.00M | C6420_4N_24SFF_v002_MASTER, ViewLayer | Synchronizing object | Carrier00_label_inset_pad
Fra:22 Mem:273.44M (Peak 274.61M) | Time:00:00.25 | Mem:0.00M, Peak:0.00M | C6420_4N_24SFF_v002_MASTER, ViewLayer | Synchronizing object | Carrier00_hinge_axle
Fra:22 Mem:273.48M (Peak 274.61M) | Time:00:00.25 | Mem:0.00M, Peak:0.00M | C6420_4N_24SFF_v002_MASTER, ViewLayer | Synchronizing object | Carrier00_hinge_return_spring
Fra:22 Mem:273.61M (Peak 274.61M) | Time:00:00.25 | Mem:0.00M, Peak:0.00M | C6420_4N_24SFF_v002_MASTER, ViewLayer | Synchronizing object | Carrier00_hinge_end_bracket
Fra:22 Mem:275.75M (Peak 275.75M) | Time:00:00.25 | Mem:0.00M, Peak:0.00M | C6420_4N_24SFF_v002_MASTER, ViewLayer | Synchronizing object | Carrier00_release_bezel
Fra:22 Mem:275.75M (Peak 275.75M) | Time:00:00.25 | Mem:0.00M, Peak:0.00M | C6420_4N_24SFF_v002_MASTER, ViewLayer | Synchronizing object | Carrier00_square_release_pad
Fra:22 Mem:275.87M (Peak 275.87M) | Time:00:00.25 | Mem:0.00M, Peak:0.00M | C6420_4N_24SFF_v002_MASTER, ViewLayer | Synchronizing object | Carrier00_round_release_button
Fra:22 Mem:275.60M (Peak 275.87M) | Time:00:00.25 | Mem:0.00M, Peak:0.00M | C6420_4N_24SFF_v002_MASTER, ViewLayer | Synchronizing object | PSU1_vertical_pull_anchor
Fra:22 Mem:275.63M (Peak 275.87M) | Time:00:00.25 | Mem:0.00M, Peak:0.00M | C6420_4N_24SFF_v002_MASTER, ViewLayer | Synchronizing object | Carrier00_orange_release_ring
Fra:22 Mem:275.76M (Peak 275.87M) | Time:00:00.25 | Mem:0.00M, Peak:0.00M | C6420_4N_24SFF_v002_MASTER, ViewLayer | Synchronizing object | PSU1_round_EPP_label_substrate
Fra:22 Mem:276.14M (Peak 276.14M) | Time:00:00.25 | Mem:0.00M, Peak:0.00M | C6420_4N_24SFF_v002_MASTER, ViewLayer | Synchronizing object | PSU1_fan_screw_recessed_head.001
Fra:22 Mem:278.28M (Peak 278.28M) | Time:00:00.25 | Mem:0.00M, Peak:0.00M | C6420_4N_24SFF_v002_MASTER, ViewLayer | Synchronizing object | Carrier00_button_inner_face
Fra:22 Mem:279.12M (Peak 279.12M) | Time:00:00.25 | Mem:0.00M, Peak:0.00M | C6420_4N_24SFF_v002_MASTER, ViewLayer | Synchronizing object | PSU1_fan_screw_recess_floor
Fra:22 Mem:279.02M (Peak 279.12M) | Time:00:00.25 | Mem:0.00M, Peak:0.00M | C6420_4N_24SFF_v002_MASTER, ViewLayer | Synchronizing object | PSU1_fan_screw_recessed_head
Fra:22 Mem:279.84M (Peak 279.84M) | Time:00:00.25 | Mem:0.00M, Peak:0.00M | C6420_4N_24SFF_v002_MASTER, ViewLayer | Synchronizing object | Carrier00_indicator_strip
Fra:22 Mem:281.68M (Peak 281.68M) | Time:00:00.25 | Mem:0.00M, Peak:0.00M | C6420_4N_24SFF_v002_MASTER, ViewLayer | Synchronizing object | Carrier00_status_lens_0
Fra:22 Mem:281.58M (Peak 281.68M) | Time:00:00.25 | Mem:0.00M, Peak:0.00M | C6420_4N_24SFF_v002_MASTER, ViewLayer | Synchronizing object | PSU1_corner_washer
Fra:22 Mem:281.57M (Peak 281.68M) | Time:00:00.26 | Mem:0.00M, Peak:0.00M | C6420_4N_24SFF_v002_MASTER, ViewLayer | Synchronizing object | PSU1_flat_guard_crossbar_1
Fra:22 Mem:281.59M (Peak 281.68M) | Time:00:00.26 | Mem:0.00M, Peak:0.00M | C6420_4N_24SFF_v002_MASTER, ViewLayer | Synchronizing object | PSU1_flat_guard_crossbar_-1
Fra:22 Mem:281.61M (Peak 281.68M) | Time:00:00.26 | Mem:0.00M, Peak:0.00M | C6420_4N_24SFF_v002_MASTER, ViewLayer | Synchronizing object | Carrier00_activity_symbol
Fra:22 Mem:281.65M (Peak 281.68M) | Time:00:00.26 | Mem:0.00M, Peak:0.00M | C6420_4N_24SFF_v002_MASTER, ViewLayer | Synchronizing object | PSU1_curved_fan_vane_6
Fra:22 Mem:281.65M (Peak 281.68M) | Time:00:00.26 | Mem:0.00M, Peak:0.00M | C6420_4N_24SFF_v002_MASTER, ViewLayer | Synchronizing object | PSU1_curved_fan_vane_5
Fra:22 Mem:281.67M (Peak 281.68M) | Time:00:00.26 | Mem:0.00M, Peak:0.00M | C6420_4N_24SFF_v002_MASTER, ViewLayer | Synchronizing object | PSU1_curved_fan_vane_4
Fra:22 Mem:280.06M (Peak 281.68M) | Time:00:00.26 | Mem:0.00M, Peak:0.00M | C6420_4N_24SFF_v002_MASTER, ViewLayer | Synchronizing object | PSU1_curved_fan_vane_3
Fra:22 Mem:280.61M (Peak 281.68M) | Time:00:00.26 | Mem:0.00M, Peak:0.00M | C6420_4N_24SFF_v002_MASTER, ViewLayer | Synchronizing object | PSU1_curved_fan_vane_2
Fra:22 Mem:280.64M (Peak 281.68M) | Time:00:00.26 | Mem:0.00M, Peak:0.00M | C6420_4N_24SFF_v002_MASTER, ViewLayer | Synchronizing object | PSU1_curved_fan_vane_1
Fra:22 Mem:280.66M (Peak 281.68M) | Time:00:00.26 | Mem:0.00M, Peak:0.00M | C6420_4N_24SFF_v002_MASTER, ViewLayer | Synchronizing object | PSU1_curved_fan_vane_0
Fra:22 Mem:280.68M (Peak 281.68M) | Time:00:00.26 | Mem:0.00M, Peak:0.00M | C6420_4N_24SFF_v002_MASTER, ViewLayer | Synchronizing object | PSU1_fan_motor_hub
Fra:22 Mem:280.78M (Peak 281.68M) | Time:00:00.26 | Mem:0.00M, Peak:0.00M | C6420_4N_24SFF_v002_MASTER, ViewLayer | Synchronizing object | PSU1_fan_shroud_dark_back
Fra:22 Mem:280.27M (Peak 281.68M) | Time:00:00.26 | Mem:0.00M, Peak:0.00M | C6420_4N_24SFF_v002_MASTER, ViewLayer | Synchronizing object | PSU1_fan_shroud_metal_cavity
Fra:22 Mem:280.73M (Peak 281.68M) | Time:00:00.26 | Mem:0.00M, Peak:0.00M | C6420_4N_24SFF_v002_MASTER, ViewLayer | Synchronizing object | Carrier00_disk_symbol
Fra:22 Mem:283.29M (Peak 283.29M) | Time:00:00.26 | Mem:0.00M, Peak:0.00M | C6420_4N_24SFF_v002_MASTER, ViewLayer | Synchronizing object | Carrier00_EMI_spring_-1_0
Fra:22 Mem:283.31M (Peak 283.31M) | Time:00:00.26 | Mem:0.00M, Peak:0.00M | C6420_4N_24SFF_v002_MASTER, ViewLayer | Synchronizing object | Carrier00_EMI_spring_-1_1
Fra:22 Mem:283.32M (Peak 283.32M) | Time:00:00.26 | Mem:0.00M, Peak:0.00M | C6420_4N_24SFF_v002_MASTER, ViewLayer | Synchronizing object | Carrier00_EMI_spring_-1_2
Fra:22 Mem:283.20M (Peak 283.32M) | Time:00:00.26 | Mem:0.00M, Peak:0.00M | C6420_4N_24SFF_v002_MASTER, ViewLayer | Synchronizing object | PSU1_octagonal_fan_guard
Fra:22 Mem:283.26M (Peak 283.32M) | Time:00:00.26 | Mem:0.00M, Peak:0.00M | C6420_4N_24SFF_v002_MASTER, ViewLayer | Synchronizing object | Carrier00_EMI_spring_-1_3
Fra:22 Mem:283.30M (Peak 283.32M) | Time:00:00.26 | Mem:0.00M, Peak:0.00M | C6420_4N_24SFF_v002_MASTER, ViewLayer | Synchronizing object | Carrier00_EMI_spring_-1_4
Fra:22 Mem:283.40M (Peak 283.40M) | Time:00:00.26 | Mem:0.00M, Peak:0.00M | C6420_4N_24SFF_v002_MASTER, ViewLayer | Synchronizing object | Carrier00_EMI_spring_-1_5
Fra:22 Mem:280.99M (Peak 283.40M) | Time:00:00.26 | Mem:0.00M, Peak:0.00M | C6420_4N_24SFF_v002_MASTER, ViewLayer | Synchronizing object | Carrier00_EMI_spring_-1_6
Fra:22 Mem:280.99M (Peak 283.40M) | Time:00:00.26 | Mem:0.00M, Peak:0.00M | C6420_4N_24SFF_v002_MASTER, ViewLayer | Synchronizing object | Carrier00_EMI_spring_-1_8
Fra:22 Mem:281.18M (Peak 283.40M) | Time:00:00.26 | Mem:0.00M, Peak:0.00M | C6420_4N_24SFF_v002_MASTER, ViewLayer | Synchronizing object | Carrier00_EMI_spring_1_0
Fra:22 Mem:281.73M (Peak 283.40M) | Time:00:00.26 | Mem:0.00M, Peak:0.00M | C6420_4N_24SFF_v002_MASTER, ViewLayer | Synchronizing object | Carrier00_EMI_spring_1_1
Fra:22 Mem:279.28M (Peak 283.40M) | Time:00:00.26 | Mem:0.00M, Peak:0.00M | C6420_4N_24SFF_v002_MASTER, ViewLayer | Synchronizing object | Carrier00_EMI_spring_1_2
Fra:22 Mem:279.35M (Peak 283.40M) | Time:00:00.26 | Mem:0.00M, Peak:0.00M | C6420_4N_24SFF_v002_MASTER, ViewLayer | Synchronizing object | Carrier00_EMI_spring_1_3
Fra:22 Mem:279.36M (Peak 283.40M) | Time:00:00.26 | Mem:0.00M, Peak:0.00M | C6420_4N_24SFF_v002_MASTER, ViewLayer | Synchronizing object | Carrier00_EMI_spring_1_4
Fra:22 Mem:279.93M (Peak 283.40M) | Time:00:00.26 | Mem:0.00M, Peak:0.00M | C6420_4N_24SFF_v002_MASTER, ViewLayer | Synchronizing object | Carrier00_EMI_spring_1_5
Fra:22 Mem:279.87M (Peak 283.40M) | Time:00:00.26 | Mem:0.00M, Peak:0.00M | C6420_4N_24SFF_v002_MASTER, ViewLayer | Synchronizing object | PSU1_latch_track
Fra:22 Mem:279.91M (Peak 283.40M) | Time:00:00.26 | Mem:0.00M, Peak:0.00M | C6420_4N_24SFF_v002_MASTER, ViewLayer | Synchronizing object | Carrier00_EMI_spring_1_6
Fra:22 Mem:279.90M (Peak 283.40M) | Time:00:00.26 | Mem:0.00M, Peak:0.00M | C6420_4N_24SFF_v002_MASTER, ViewLayer | Synchronizing object | Carrier01_activity_symbol
Fra:22 Mem:279.92M (Peak 283.40M) | Time:00:00.26 | Mem:0.00M, Peak:0.00M | C6420_4N_24SFF_v002_MASTER, ViewLayer | Synchronizing object | Carrier01_EMI_spring_-1_0
Fra:22 Mem:280.86M (Peak 283.40M) | Time:00:00.26 | Mem:0.00M, Peak:0.00M | C6420_4N_24SFF_v002_MASTER, ViewLayer | Synchronizing object | Carrier01_EMI_spring_-1_1
Fra:22 Mem:280.91M (Peak 283.40M) | Time:00:00.26 | Mem:0.00M, Peak:0.00M | C6420_4N_24SFF_v002_MASTER, ViewLayer | Synchronizing object | Carrier01_EMI_spring_-1_2
Fra:22 Mem:281.57M (Peak 283.40M) | Time:00:00.26 | Mem:0.00M, Peak:0.00M | C6420_4N_24SFF_v002_MASTER, ViewLayer | Synchronizing object | Carrier01_EMI_spring_-1_3
Fra:22 Mem:281.58M (Peak 283.40M) | Time:00:00.26 | Mem:0.00M, Peak:0.00M | C6420_4N_24SFF_v002_MASTER, ViewLayer | Synchronizing object | Carrier01_EMI_spring_-1_4
Fra:22 Mem:281.63M (Peak 283.40M) | Time:00:00.26 | Mem:0.00M, Peak:0.00M | C6420_4N_24SFF_v002_MASTER, ViewLayer | Synchronizing object | Carrier01_EMI_spring_-1_5
Fra:22 Mem:281.79M (Peak 283.40M) | Time:00:00.26 | Mem:0.00M, Peak:0.00M | C6420_4N_24SFF_v002_MASTER, ViewLayer | Synchronizing object | Carrier01_EMI_spring_-1_6
Fra:22 Mem:282.31M (Peak 283.40M) | Time:00:00.26 | Mem:0.00M, Peak:0.00M | C6420_4N_24SFF_v002_MASTER, ViewLayer | Synchronizing object | Carrier01_EMI_spring_-1_7
Fra:22 Mem:282.32M (Peak 283.40M) | Time:00:00.26 | Mem:0.00M, Peak:0.00M | C6420_4N_24SFF_v002_MASTER, ViewLayer | Synchronizing object | PSU1_AC_blade_0
Fra:22 Mem:282.33M (Peak 283.40M) | Time:00:00.27 | Mem:0.00M, Peak:0.00M | C6420_4N_24SFF_v002_MASTER, ViewLayer | Synchronizing object | Carrier01_EMI_spring_-1_8
Fra:22 Mem:282.36M (Peak 283.40M) | Time:00:00.27 | Mem:0.00M, Peak:0.00M | C6420_4N_24SFF_v002_MASTER, ViewLayer | Synchronizing object | Carrier01_EMI_spring_1_0
Fra:22 Mem:282.37M (Peak 283.40M) | Time:00:00.27 | Mem:0.00M, Peak:0.00M | C6420_4N_24SFF_v002_MASTER, ViewLayer | Synchronizing object | Carrier01_EMI_spring_1_1
Fra:22 Mem:282.93M (Peak 283.40M) | Time:00:00.27 | Mem:0.00M, Peak:0.00M | C6420_4N_24SFF_v002_MASTER, ViewLayer | Synchronizing object | PSU1_AC_C20_recess_dark_back
Fra:22 Mem:282.39M (Peak 283.40M) | Time:00:00.27 | Mem:0.00M, Peak:0.00M | C6420_4N_24SFF_v002_MASTER, ViewLayer | Synchronizing object | Carrier01_EMI_spring_1_2
Fra:22 Mem:282.40M (Peak 283.40M) | Time:00:00.27 | Mem:0.00M, Peak:0.00M | C6420_4N_24SFF_v002_MASTER, ViewLayer | Synchronizing object | Carrier01_EMI_spring_1_3
Fra:22 Mem:282.40M (Peak 283.40M) | Time:00:00.27 | Mem:0.00M, Peak:0.00M | C6420_4N_24SFF_v002_MASTER, ViewLayer | Synchronizing object | Carrier01_EMI_spring_1_5
Fra:22 Mem:282.41M (Peak 283.40M) | Time:00:00.27 | Mem:0.00M, Peak:0.00M | C6420_4N_24SFF_v002_MASTER, ViewLayer | Synchronizing object | Carrier01_EMI_spring_1_7
Fra:22 Mem:282.41M (Peak 283.40M) | Time:00:00.27 | Mem:0.00M, Peak:0.00M | C6420_4N_24SFF_v002_MASTER, ViewLayer | Synchronizing object | PSU1_AC_C20_recess_metal_cavity
Fra:22 Mem:282.55M (Peak 283.40M) | Time:00:00.27 | Mem:0.00M, Peak:0.00M | C6420_4N_24SFF_v002_MASTER, ViewLayer | Synchronizing object | Carrier01_EMI_spring_1_8
Fra:22 Mem:282.57M (Peak 283.40M) | Time:00:00.27 | Mem:0.00M, Peak:0.00M | C6420_4N_24SFF_v002_MASTER, ViewLayer | Synchronizing object | Carrier02_hinge_return_spring
Fra:22 Mem:282.58M (Peak 283.40M) | Time:00:00.27 | Mem:0.00M, Peak:0.00M | C6420_4N_24SFF_v002_MASTER, ViewLayer | Synchronizing object | Carrier02_activity_symbol
Fra:22 Mem:282.38M (Peak 283.40M) | Time:00:00.27 | Mem:0.00M, Peak:0.00M | C6420_4N_24SFF_v002_MASTER, ViewLayer | Synchronizing object | Carrier02_EMI_spring_-1_0
Fra:22 Mem:282.64M (Peak 283.40M) | Time:00:00.27 | Mem:0.00M, Peak:0.00M | C6420_4N_24SFF_v002_MASTER, ViewLayer | Synchronizing object | Carrier02_EMI_spring_-1_1
Fra:22 Mem:282.66M (Peak 283.40M) | Time:00:00.27 | Mem:0.00M, Peak:0.00M | C6420_4N_24SFF_v002_MASTER, ViewLayer | Synchronizing object | Carrier02_EMI_spring_-1_2
Fra:22 Mem:284.26M (Peak 284.30M) | Time:00:00.27 | Mem:0.00M, Peak:0.00M | C6420_4N_24SFF_v002_MASTER, ViewLayer | Synchronizing object | Carrier02_EMI_spring_-1_3
Fra:22 Mem:284.27M (Peak 284.30M) | Time:00:00.27 | Mem:0.00M, Peak:0.00M | C6420_4N_24SFF_v002_MASTER, ViewLayer | Synchronizing object | Carrier02_EMI_spring_-1_4
Fra:22 Mem:284.71M (Peak 284.71M) | Time:00:00.27 | Mem:0.00M, Peak:0.00M | C6420_4N_24SFF_v002_MASTER, ViewLayer | Synchronizing object | Carrier02_EMI_spring_-1_5
Fra:22 Mem:284.72M (Peak 284.72M) | Time:00:00.27 | Mem:0.00M, Peak:0.00M | C6420_4N_24SFF_v002_MASTER, ViewLayer | Synchronizing object | Carrier02_EMI_spring_-1_6
Fra:22 Mem:284.74M (Peak 284.74M) | Time:00:00.27 | Mem:0.00M, Peak:0.00M | C6420_4N_24SFF_v002_MASTER, ViewLayer | Synchronizing object | Carrier02_EMI_spring_-1_7
Fra:22 Mem:285.46M (Peak 285.46M) | Time:00:00.27 | Mem:0.00M, Peak:0.00M | C6420_4N_24SFF_v002_MASTER, ViewLayer | Synchronizing object | Carrier02_EMI_spring_-1_8
Fra:22 Mem:285.36M (Peak 285.46M) | Time:00:00.27 | Mem:0.00M, Peak:0.00M | C6420_4N_24SFF_v002_MASTER, ViewLayer | Synchronizing object | Carrier02_EMI_spring_1_0
Fra:22 Mem:285.33M (Peak 285.46M) | Time:00:00.27 | Mem:0.00M, Peak:0.00M | C6420_4N_24SFF_v002_MASTER, ViewLayer | Synchronizing object | Carrier02_EMI_spring_1_1
Fra:22 Mem:285.30M (Peak 285.46M) | Time:00:00.27 | Mem:0.00M, Peak:0.00M | C6420_4N_24SFF_v002_MASTER, ViewLayer | Synchronizing object | PSU1_AC_black_rim
Fra:22 Mem:285.96M (Peak 285.96M) | Time:00:00.27 | Mem:0.00M, Peak:0.00M | C6420_4N_24SFF_v002_MASTER, ViewLayer | Synchronizing object | Carrier02_EMI_spring_1_2
Fra:22 Mem:285.97M (Peak 285.97M) | Time:00:00.27 | Mem:0.00M, Peak:0.00M | C6420_4N_24SFF_v002_MASTER, ViewLayer | Synchronizing object | Carrier02_EMI_spring_1_3
Fra:22 Mem:286.03M (Peak 286.03M) | Time:00:00.27 | Mem:0.00M, Peak:0.00M | C6420_4N_24SFF_v002_MASTER, ViewLayer | Synchronizing object | Carrier02_EMI_spring_1_4
Fra:22 Mem:284.11M (Peak 286.03M) | Time:00:00.27 | Mem:0.00M, Peak:0.00M | C6420_4N_24SFF_v002_MASTER, ViewLayer | Synchronizing object | Carrier02_EMI_spring_1_5
Fra:22 Mem:285.02M (Peak 286.03M) | Time:00:00.27 | Mem:0.00M, Peak:0.00M | C6420_4N_24SFF_v002_MASTER, ViewLayer | Synchronizing object | Carrier02_EMI_spring_1_6
Fra:22 Mem:286.78M (Peak 286.78M) | Time:00:00.27 | Mem:0.00M, Peak:0.00M | C6420_4N_24SFF_v002_MASTER, ViewLayer | Synchronizing object | Carrier02_EMI_spring_1_7
Fra:22 Mem:286.89M (Peak 286.89M) | Time:00:00.27 | Mem:0.00M, Peak:0.00M | C6420_4N_24SFF_v002_MASTER, ViewLayer | Synchronizing object | PSU1_front_sheet
Fra:22 Mem:287.70M (Peak 287.70M) | Time:00:00.27 | Mem:0.00M, Peak:0.00M | C6420_4N_24SFF_v002_MASTER, ViewLayer | Synchronizing object | Carrier02_EMI_spring_1_8
Fra:22 Mem:287.71M (Peak 287.71M) | Time:00:00.27 | Mem:0.00M, Peak:0.00M | C6420_4N_24SFF_v002_MASTER, ViewLayer | Synchronizing object | Carrier03_hinge_return_spring
Fra:22 Mem:287.72M (Peak 287.72M) | Time:00:00.27 | Mem:0.00M, Peak:0.00M | C6420_4N_24SFF_v002_MASTER, ViewLayer | Synchronizing object | Carrier03_activity_symbol
Fra:22 Mem:287.72M (Peak 287.73M) | Time:00:00.27 | Mem:0.00M, Peak:0.00M | C6420_4N_24SFF_v002_MASTER, ViewLayer | Synchronizing object | Carrier03_EMI_spring_-1_0
Fra:22 Mem:287.78M (Peak 287.78M) | Time:00:00.27 | Mem:0.00M, Peak:0.00M | C6420_4N_24SFF_v002_MASTER, ViewLayer | Synchronizing object | Carrier03_EMI_spring_-1_1
Fra:22 Mem:287.82M (Peak 287.82M) | Time:00:00.27 | Mem:0.00M, Peak:0.00M | C6420_4N_24SFF_v002_MASTER, ViewLayer | Synchronizing object | Carrier03_EMI_spring_-1_2
Fra:22 Mem:289.40M (Peak 289.40M) | Time:00:00.27 | Mem:0.00M, Peak:0.00M | C6420_4N_24SFF_v002_MASTER, ViewLayer | Synchronizing object | Carrier03_EMI_spring_-1_3
Fra:22 Mem:290.23M (Peak 290.23M) | Time:00:00.27 | Mem:0.00M, Peak:0.00M | C6420_4N_24SFF_v002_MASTER, ViewLayer | Synchronizing object | Carrier03_EMI_spring_-1_4
Fra:22 Mem:290.26M (Peak 290.26M) | Time:00:00.27 | Mem:0.00M, Peak:0.00M | C6420_4N_24SFF_v002_MASTER, ViewLayer | Synchronizing object | Carrier03_EMI_spring_-1_5
Fra:22 Mem:290.25M (Peak 290.26M) | Time:00:00.27 | Mem:0.00M, Peak:0.00M | C6420_4N_24SFF_v002_MASTER, ViewLayer | Synchronizing object | Carrier03_EMI_spring_-1_6
Fra:22 Mem:290.26M (Peak 290.26M) | Time:00:00.27 | Mem:0.00M, Peak:0.00M | C6420_4N_24SFF_v002_MASTER, ViewLayer | Synchronizing object | Carrier03_EMI_spring_-1_7
Fra:22 Mem:289.74M (Peak 290.26M) | Time:00:00.27 | Mem:0.00M, Peak:0.00M | C6420_4N_24SFF_v002_MASTER, ViewLayer | Synchronizing object | Carrier03_EMI_spring_-1_8
Fra:22 Mem:290.54M (Peak 290.54M) | Time:00:00.27 | Mem:0.00M, Peak:0.00M | C6420_4N_24SFF_v002_MASTER, ViewLayer | Synchronizing object | Carrier03_EMI_spring_1_1
Fra:22 Mem:290.54M (Peak 290.54M) | Time:00:00.27 | Mem:0.00M, Peak:0.00M | C6420_4N_24SFF_v002_MASTER, ViewLayer | Synchronizing object | Carrier03_EMI_spring_1_2
Fra:22 Mem:290.61M (Peak 290.61M) | Time:00:00.27 | Mem:0.00M, Peak:0.00M | C6420_4N_24SFF_v002_MASTER, ViewLayer | Synchronizing object | PSU1_horizontal_shell
Fra:22 Mem:291.10M (Peak 291.10M) | Time:00:00.27 | Mem:0.00M, Peak:0.00M | C6420_4N_24SFF_v002_MASTER, ViewLayer | Synchronizing object | Carrier03_EMI_spring_1_3
Fra:22 Mem:292.72M (Peak 292.72M) | Time:00:00.27 | Mem:0.00M, Peak:0.00M | C6420_4N_24SFF_v002_MASTER, ViewLayer | Synchronizing object | PSU1_side_shell
Fra:22 Mem:291.17M (Peak 292.72M) | Time:00:00.27 | Mem:0.00M, Peak:0.00M | C6420_4N_24SFF_v002_MASTER, ViewLayer | Synchronizing object | Carrier00_setback_dark_air_shade
Fra:22 Mem:291.18M (Peak 292.72M) | Time:00:00.27 | Mem:0.00M, Peak:0.00M | C6420_4N_24SFF_v002_MASTER, ViewLayer | Synchronizing object | Carrier23_EMI_spring_1_8
Fra:22 Mem:291.19M (Peak 292.72M) | Time:00:00.27 | Mem:0.00M, Peak:0.00M | C6420_4N_24SFF_v002_MASTER, ViewLayer | Synchronizing object | Carrier03_EMI_spring_1_4
Fra:22 Mem:291.22M (Peak 292.72M) | Time:00:00.27 | Mem:0.00M, Peak:0.00M | C6420_4N_24SFF_v002_MASTER, ViewLayer | Synchronizing object | Carrier23_EMI_spring_1_7
Fra:22 Mem:291.23M (Peak 292.72M) | Time:00:00.27 | Mem:0.00M, Peak:0.00M | C6420_4N_24SFF_v002_MASTER, ViewLayer | Synchronizing object | Carrier03_EMI_spring_1_5
Fra:22 Mem:291.22M (Peak 292.72M) | Time:00:00.27 | Mem:0.00M, Peak:0.00M | C6420_4N_24SFF_v002_MASTER, ViewLayer | Synchronizing object | Carrier23_EMI_spring_1_6
Fra:22 Mem:291.23M (Peak 292.72M) | Time:00:00.27 | Mem:0.00M, Peak:0.00M | C6420_4N_24SFF_v002_MASTER, ViewLayer | Synchronizing object | Carrier03_EMI_spring_1_6
Fra:22 Mem:292.51M (Peak 292.72M) | Time:00:00.27 | Mem:0.00M, Peak:0.00M | C6420_4N_24SFF_v002_MASTER, ViewLayer | Synchronizing object | Carrier03_EMI_spring_1_7
Fra:22 Mem:292.50M (Peak 292.72M) | Time:00:00.27 | Mem:0.00M, Peak:0.00M | C6420_4N_24SFF_v002_MASTER, ViewLayer | Synchronizing object | Carrier23_EMI_spring_1_5
Fra:22 Mem:292.51M (Peak 292.72M) | Time:00:00.27 | Mem:0.00M, Peak:0.00M | C6420_4N_24SFF_v002_MASTER, ViewLayer | Synchronizing object | Carrier03_EMI_spring_1_8
Fra:22 Mem:292.56M (Peak 292.72M) | Time:00:00.27 | Mem:0.00M, Peak:0.00M | C6420_4N_24SFF_v002_MASTER, ViewLayer | Synchronizing object | Carrier23_EMI_spring_1_4
Fra:22 Mem:292.54M (Peak 292.72M) | Time:00:00.27 | Mem:0.00M, Peak:0.00M | C6420_4N_24SFF_v002_MASTER, ViewLayer | Synchronizing object | Carrier23_EMI_spring_1_3
Fra:22 Mem:293.04M (Peak 293.04M) | Time:00:00.27 | Mem:0.00M, Peak:0.00M | C6420_4N_24SFF_v002_MASTER, ViewLayer | Synchronizing object | Carrier04_hinge_return_spring
Fra:22 Mem:293.03M (Peak 293.04M) | Time:00:00.27 | Mem:0.00M, Peak:0.00M | C6420_4N_24SFF_v002_MASTER, ViewLayer | Synchronizing object | Carrier23_EMI_spring_1_2
Fra:22 Mem:295.70M (Peak 295.70M) | Time:00:00.27 | Mem:0.00M, Peak:0.00M | C6420_4N_24SFF_v002_MASTER, ViewLayer | Synchronizing object | Carrier23_EMI_spring_1_1
Fra:22 Mem:295.77M (Peak 295.77M) | Time:00:00.27 | Mem:0.00M, Peak:0.00M | C6420_4N_24SFF_v002_MASTER, ViewLayer | Synchronizing object | Carrier04_activity_symbol
Fra:22 Mem:295.78M (Peak 295.78M) | Time:00:00.27 | Mem:0.00M, Peak:0.00M | C6420_4N_24SFF_v002_MASTER, ViewLayer | Synchronizing object | Carrier04_EMI_spring_-1_0
Fra:22 Mem:295.78M (Peak 295.78M) | Time:00:00.27 | Mem:0.00M, Peak:0.00M | C6420_4N_24SFF_v002_MASTER, ViewLayer | Synchronizing object | Carrier04_EMI_spring_-1_1
Fra:22 Mem:295.81M (Peak 295.81M) | Time:00:00.27 | Mem:0.00M, Peak:0.00M | C6420_4N_24SFF_v002_MASTER, ViewLayer | Synchronizing object | Carrier23_EMI_spring_1_0
Fra:22 Mem:295.78M (Peak 295.81M) | Time:00:00.27 | Mem:0.00M, Peak:0.00M | C6420_4N_24SFF_v002_MASTER, ViewLayer | Synchronizing object | Carrier23_EMI_spring_-1_8
Fra:22 Mem:295.77M (Peak 295.81M) | Time:00:00.27 | Mem:0.00M, Peak:0.00M | C6420_4N_24SFF_v002_MASTER, ViewLayer | Synchronizing object | Carrier04_EMI_spring_-1_2
Fra:22 Mem:295.52M (Peak 295.81M) | Time:00:00.27 | Mem:0.00M, Peak:0.00M | C6420_4N_24SFF_v002_MASTER, ViewLayer | Synchronizing object | Carrier04_EMI_spring_-1_5
Fra:22 Mem:296.15M (Peak 296.15M) | Time:00:00.27 | Mem:0.00M, Peak:0.00M | C6420_4N_24SFF_v002_MASTER, ViewLayer | Synchronizing object | Carrier23_EMI_spring_-1_7
Fra:22 Mem:296.20M (Peak 296.20M) | Time:00:00.27 | Mem:0.00M, Peak:0.00M | C6420_4N_24SFF_v002_MASTER, ViewLayer | Synchronizing object | Carrier04_EMI_spring_-1_6
Fra:22 Mem:296.24M (Peak 296.24M) | Time:00:00.27 | Mem:0.00M, Peak:0.00M | C6420_4N_24SFF_v002_MASTER, ViewLayer | Synchronizing object | Carrier04_EMI_spring_-1_8
Fra:22 Mem:296.25M (Peak 296.25M) | Time:00:00.27 | Mem:0.00M, Peak:0.00M | C6420_4N_24SFF_v002_MASTER, ViewLayer | Synchronizing object | Carrier04_EMI_spring_1_0
Fra:22 Mem:297.91M (Peak 297.91M) | Time:00:00.27 | Mem:0.00M, Peak:0.00M | C6420_4N_24SFF_v002_MASTER, ViewLayer | Synchronizing object | Carrier23_EMI_spring_-1_6
Fra:22 Mem:298.04M (Peak 298.04M) | Time:00:00.27 | Mem:0.00M, Peak:0.00M | C6420_4N_24SFF_v002_MASTER, ViewLayer | Synchronizing object | Carrier04_EMI_spring_1_1
Fra:22 Mem:298.08M (Peak 298.08M) | Time:00:00.27 | Mem:0.00M, Peak:0.00M | C6420_4N_24SFF_v002_MASTER, ViewLayer | Synchronizing object | Carrier23_EMI_spring_-1_5
Fra:22 Mem:298.62M (Peak 298.62M) | Time:00:00.27 | Mem:0.00M, Peak:0.00M | C6420_4N_24SFF_v002_MASTER, ViewLayer | Synchronizing object | Carrier23_EMI_spring_-1_4
Fra:22 Mem:298.81M (Peak 298.81M) | Time:00:00.27 | Mem:0.00M, Peak:0.00M | C6420_4N_24SFF_v002_MASTER, ViewLayer | Synchronizing object | Carrier23_EMI_spring_-1_3
Fra:22 Mem:298.83M (Peak 298.83M) | Time:00:00.27 | Mem:0.00M, Peak:0.00M | C6420_4N_24SFF_v002_MASTER, ViewLayer | Synchronizing object | Carrier23_EMI_spring_-1_2
Fra:22 Mem:299.90M (Peak 299.91M) | Time:00:00.27 | Mem:0.00M, Peak:0.00M | C6420_4N_24SFF_v002_MASTER, ViewLayer | Synchronizing object | Carrier23_EMI_spring_-1_1
Fra:22 Mem:300.48M (Peak 300.48M) | Time:00:00.27 | Mem:0.00M, Peak:0.00M | C6420_4N_24SFF_v002_MASTER, ViewLayer | Synchronizing object | Carrier23_EMI_spring_-1_0
Fra:22 Mem:300.44M (Peak 300.48M) | Time:00:00.27 | Mem:0.00M, Peak:0.00M | C6420_4N_24SFF_v002_MASTER, ViewLayer | Synchronizing object | Carrier23_activity_symbol
Fra:22 Mem:300.40M (Peak 300.48M) | Time:00:00.27 | Mem:0.00M, Peak:0.00M | C6420_4N_24SFF_v002_MASTER, ViewLayer | Synchronizing object | Carrier04_EMI_spring_1_2
Fra:22 Mem:300.40M (Peak 300.48M) | Time:00:00.27 | Mem:0.00M, Peak:0.00M | C6420_4N_24SFF_v002_MASTER, ViewLayer | Synchronizing object | Carrier04_EMI_spring_1_3
Fra:22 Mem:300.43M (Peak 300.48M) | Time:00:00.27 | Mem:0.00M, Peak:0.00M | C6420_4N_24SFF_v002_MASTER, ViewLayer | Synchronizing object | Carrier04_EMI_spring_1_4
Fra:22 Mem:300.44M (Peak 300.48M) | Time:00:00.27 | Mem:0.00M, Peak:0.00M | C6420_4N_24SFF_v002_MASTER, ViewLayer | Synchronizing object | Carrier23_hinge_return_spring
Fra:22 Mem:301.04M (Peak 301.04M) | Time:00:00.27 | Mem:0.00M, Peak:0.00M | C6420_4N_24SFF_v002_MASTER, ViewLayer | Synchronizing object | Carrier04_EMI_spring_1_5
Fra:22 Mem:301.05M (Peak 301.05M) | Time:00:00.27 | Mem:0.00M, Peak:0.00M | C6420_4N_24SFF_v002_MASTER, ViewLayer | Synchronizing object | Carrier04_EMI_spring_1_6
Fra:22 Mem:301.05M (Peak 301.05M) | Time:00:00.27 | Mem:0.00M, Peak:0.00M | C6420_4N_24SFF_v002_MASTER, ViewLayer | Synchronizing object | Carrier04_EMI_spring_1_7
Fra:22 Mem:301.05M (Peak 301.05M) | Time:00:00.27 | Mem:0.00M, Peak:0.00M | C6420_4N_24SFF_v002_MASTER, ViewLayer | Synchronizing object | Carrier05_hinge_return_spring
Fra:22 Mem:301.21M (Peak 301.21M) | Time:00:00.28 | Mem:0.00M, Peak:0.00M | C6420_4N_24SFF_v002_MASTER, ViewLayer | Synchronizing object | Carrier05_activity_symbol
Fra:22 Mem:301.76M (Peak 301.76M) | Time:00:00.28 | Mem:0.00M, Peak:0.00M | C6420_4N_24SFF_v002_MASTER, ViewLayer | Synchronizing object | Carrier05_EMI_spring_-1_0
Fra:22 Mem:301.75M (Peak 301.76M) | Time:00:00.28 | Mem:0.00M, Peak:0.00M | C6420_4N_24SFF_v002_MASTER, ViewLayer | Synchronizing object | Carrier05_EMI_spring_-1_1
Fra:22 Mem:301.76M (Peak 301.76M) | Time:00:00.28 | Mem:0.00M, Peak:0.00M | C6420_4N_24SFF_v002_MASTER, ViewLayer | Synchronizing object | Carrier05_EMI_spring_-1_2
Fra:22 Mem:301.85M (Peak 301.85M) | Time:00:00.28 | Mem:0.00M, Peak:0.00M | C6420_4N_24SFF_v002_MASTER, ViewLayer | Synchronizing object | Carrier05_EMI_spring_-1_3
Fra:22 Mem:302.51M (Peak 302.51M) | Time:00:00.28 | Mem:0.00M, Peak:0.00M | C6420_4N_24SFF_v002_MASTER, ViewLayer | Synchronizing object | Carrier05_EMI_spring_-1_4
Fra:22 Mem:302.54M (Peak 302.54M) | Time:00:00.28 | Mem:0.00M, Peak:0.00M | C6420_4N_24SFF_v002_MASTER, ViewLayer | Synchronizing object | Carrier05_EMI_spring_-1_6
Fra:22 Mem:302.70M (Peak 302.70M) | Time:00:00.28 | Mem:0.00M, Peak:0.00M | C6420_4N_24SFF_v002_MASTER, ViewLayer | Synchronizing object | Carrier05_EMI_spring_-1_7
Fra:22 Mem:302.67M (Peak 302.70M) | Time:00:00.28 | Mem:0.00M, Peak:0.00M | C6420_4N_24SFF_v002_MASTER, ViewLayer | Synchronizing object | Carrier05_EMI_spring_-1_8
Fra:22 Mem:302.76M (Peak 302.76M) | Time:00:00.28 | Mem:0.00M, Peak:0.00M | C6420_4N_24SFF_v002_MASTER, ViewLayer | Synchronizing object | Carrier05_EMI_spring_1_0
Fra:22 Mem:302.80M (Peak 302.80M) | Time:00:00.28 | Mem:0.00M, Peak:0.00M | C6420_4N_24SFF_v002_MASTER, ViewLayer | Synchronizing object | Carrier05_EMI_spring_1_1
Fra:22 Mem:302.92M (Peak 302.92M) | Time:00:00.28 | Mem:0.00M, Peak:0.00M | C6420_4N_24SFF_v002_MASTER, ViewLayer | Synchronizing object | Carrier05_EMI_spring_1_2
Fra:22 Mem:302.86M (Peak 302.92M) | Time:00:00.28 | Mem:0.00M, Peak:0.00M | C6420_4N_24SFF_v002_MASTER, ViewLayer | Synchronizing object | Carrier05_EMI_spring_1_3
Fra:22 Mem:302.90M (Peak 302.92M) | Time:00:00.28 | Mem:0.00M, Peak:0.00M | C6420_4N_24SFF_v002_MASTER, ViewLayer | Synchronizing object | Carrier05_EMI_spring_1_4
Fra:22 Mem:305.01M (Peak 305.01M) | Time:00:00.28 | Mem:0.00M, Peak:0.00M | C6420_4N_24SFF_v002_MASTER, ViewLayer | Synchronizing object | Carrier05_EMI_spring_1_5
Fra:22 Mem:305.04M (Peak 305.04M) | Time:00:00.28 | Mem:0.00M, Peak:0.00M | C6420_4N_24SFF_v002_MASTER, ViewLayer | Synchronizing object | Carrier05_EMI_spring_1_6
Fra:22 Mem:305.12M (Peak 305.12M) | Time:00:00.28 | Mem:0.00M, Peak:0.00M | C6420_4N_24SFF_v002_MASTER, ViewLayer | Synchronizing object | Carrier05_EMI_spring_1_7
Fra:22 Mem:305.05M (Peak 305.12M) | Time:00:00.28 | Mem:0.00M, Peak:0.00M | C6420_4N_24SFF_v002_MASTER, ViewLayer | Synchronizing object | Carrier05_EMI_spring_1_8
Fra:22 Mem:305.09M (Peak 305.12M) | Time:00:00.28 | Mem:0.00M, Peak:0.00M | C6420_4N_24SFF_v002_MASTER, ViewLayer | Synchronizing object | Carrier06_hinge_return_spring
Fra:22 Mem:305.11M (Peak 305.12M) | Time:00:00.28 | Mem:0.00M, Peak:0.00M | C6420_4N_24SFF_v002_MASTER, ViewLayer | Synchronizing object | Carrier06_activity_symbol
Fra:22 Mem:305.87M (Peak 305.87M) | Time:00:00.28 | Mem:0.00M, Peak:0.00M | C6420_4N_24SFF_v002_MASTER, ViewLayer | Synchronizing object | Carrier06_EMI_spring_-1_0
Fra:22 Mem:305.87M (Peak 305.87M) | Time:00:00.28 | Mem:0.00M, Peak:0.00M | C6420_4N_24SFF_v002_MASTER, ViewLayer | Synchronizing object | Carrier06_EMI_spring_-1_1
Fra:22 Mem:305.77M (Peak 305.87M) | Time:00:00.28 | Mem:0.00M, Peak:0.00M | C6420_4N_24SFF_v002_MASTER, ViewLayer | Synchronizing object | Carrier06_EMI_spring_-1_2
Fra:22 Mem:305.77M (Peak 305.87M) | Time:00:00.28 | Mem:0.00M, Peak:0.00M | C6420_4N_24SFF_v002_MASTER, ViewLayer | Synchronizing object | Carrier22_EMI_spring_1_8
Fra:22 Mem:306.29M (Peak 306.29M) | Time:00:00.28 | Mem:0.00M, Peak:0.00M | C6420_4N_24SFF_v002_MASTER, ViewLayer | Synchronizing object | Carrier06_EMI_spring_-1_3
Fra:22 Mem:306.31M (Peak 306.31M) | Time:00:00.28 | Mem:0.00M, Peak:0.00M | C6420_4N_24SFF_v002_MASTER, ViewLayer | Synchronizing object | Carrier06_EMI_spring_-1_4
Fra:22 Mem:306.31M (Peak 306.31M) | Time:00:00.28 | Mem:0.00M, Peak:0.00M | C6420_4N_24SFF_v002_MASTER, ViewLayer | Synchronizing object | Carrier06_EMI_spring_-1_5
Fra:22 Mem:306.34M (Peak 306.34M) | Time:00:00.28 | Mem:0.00M, Peak:0.00M | C6420_4N_24SFF_v002_MASTER, ViewLayer | Synchronizing object | Carrier22_EMI_spring_1_7
Fra:22 Mem:306.52M (Peak 306.52M) | Time:00:00.28 | Mem:0.00M, Peak:0.00M | C6420_4N_24SFF_v002_MASTER, ViewLayer | Synchronizing object | Carrier06_EMI_spring_-1_7
Fra:22 Mem:306.99M (Peak 306.99M) | Time:00:00.28 | Mem:0.00M, Peak:0.00M | C6420_4N_24SFF_v002_MASTER, ViewLayer | Synchronizing object | Carrier06_EMI_spring_-1_8
Fra:22 Mem:307.09M (Peak 307.09M) | Time:00:00.28 | Mem:0.00M, Peak:0.00M | C6420_4N_24SFF_v002_MASTER, ViewLayer | Synchronizing object | Carrier22_EMI_spring_1_6
Fra:22 Mem:307.10M (Peak 307.10M) | Time:00:00.28 | Mem:0.00M, Peak:0.00M | C6420_4N_24SFF_v002_MASTER, ViewLayer | Synchronizing object | Carrier06_EMI_spring_1_0
Fra:22 Mem:307.12M (Peak 307.12M) | Time:00:00.28 | Mem:0.00M, Peak:0.00M | C6420_4N_24SFF_v002_MASTER, ViewLayer | Synchronizing object | Carrier06_EMI_spring_1_1
Fra:22 Mem:307.17M (Peak 307.17M) | Time:00:00.28 | Mem:0.00M, Peak:0.00M | C6420_4N_24SFF_v002_MASTER, ViewLayer | Synchronizing object | Carrier06_EMI_spring_1_2
Fra:22 Mem:307.17M (Peak 307.17M) | Time:00:00.28 | Mem:0.00M, Peak:0.00M | C6420_4N_24SFF_v002_MASTER, ViewLayer | Synchronizing object | Carrier22_EMI_spring_1_5
Fra:22 Mem:307.18M (Peak 307.18M) | Time:00:00.28 | Mem:0.00M, Peak:0.00M | C6420_4N_24SFF_v002_MASTER, ViewLayer | Synchronizing object | Carrier06_EMI_spring_1_3
Fra:22 Mem:307.43M (Peak 307.43M) | Time:00:00.28 | Mem:0.00M, Peak:0.00M | C6420_4N_24SFF_v002_MASTER, ViewLayer | Synchronizing object | Carrier06_EMI_spring_1_4
Fra:22 Mem:307.43M (Peak 307.43M) | Time:00:00.28 | Mem:0.00M, Peak:0.00M | C6420_4N_24SFF_v002_MASTER, ViewLayer | Synchronizing object | Carrier06_EMI_spring_1_5
Fra:22 Mem:307.46M (Peak 307.46M) | Time:00:00.28 | Mem:0.00M, Peak:0.00M | C6420_4N_24SFF_v002_MASTER, ViewLayer | Synchronizing object | Carrier22_EMI_spring_1_4
Fra:22 Mem:307.01M (Peak 307.46M) | Time:00:00.28 | Mem:0.00M, Peak:0.00M | C6420_4N_24SFF_v002_MASTER, ViewLayer | Synchronizing object | Carrier06_EMI_spring_1_6
Fra:22 Mem:307.01M (Peak 307.46M) | Time:00:00.28 | Mem:0.00M, Peak:0.00M | C6420_4N_24SFF_v002_MASTER, ViewLayer | Synchronizing object | Carrier06_EMI_spring_1_7
Fra:22 Mem:307.01M (Peak 307.46M) | Time:00:00.28 | Mem:0.00M, Peak:0.00M | C6420_4N_24SFF_v002_MASTER, ViewLayer | Synchronizing object | Carrier06_EMI_spring_1_8
Fra:22 Mem:307.02M (Peak 307.46M) | Time:00:00.28 | Mem:0.00M, Peak:0.00M | C6420_4N_24SFF_v002_MASTER, ViewLayer | Synchronizing object | Carrier07_activity_symbol
Fra:22 Mem:307.47M (Peak 307.47M) | Time:00:00.28 | Mem:0.00M, Peak:0.00M | C6420_4N_24SFF_v002_MASTER, ViewLayer | Synchronizing object | Carrier07_EMI_spring_-1_0
Fra:22 Mem:307.27M (Peak 307.47M) | Time:00:00.28 | Mem:0.00M, Peak:0.00M | C6420_4N_24SFF_v002_MASTER, ViewLayer | Synchronizing object | Carrier07_EMI_spring_-1_1
Fra:22 Mem:307.35M (Peak 307.47M) | Time:00:00.28 | Mem:0.00M, Peak:0.00M | C6420_4N_24SFF_v002_MASTER, ViewLayer | Synchronizing object | Carrier07_EMI_spring_-1_2
Fra:22 Mem:307.34M (Peak 307.47M) | Time:00:00.28 | Mem:0.00M, Peak:0.00M | C6420_4N_24SFF_v002_MASTER, ViewLayer | Synchronizing object | Carrier07_EMI_spring_-1_3
Fra:22 Mem:307.33M (Peak 307.47M) | Time:00:00.28 | Mem:0.00M, Peak:0.00M | C6420_4N_24SFF_v002_MASTER, ViewLayer | Synchronizing object | Carrier22_EMI_spring_1_2
Fra:22 Mem:307.34M (Peak 307.47M) | Time:00:00.28 | Mem:0.00M, Peak:0.00M | C6420_4N_24SFF_v002_MASTER, ViewLayer | Synchronizing object | Carrier07_EMI_spring_-1_5
Fra:22 Mem:304.73M (Peak 307.47M) | Time:00:00.28 | Mem:0.00M, Peak:0.00M | C6420_4N_24SFF_v002_MASTER, ViewLayer | Synchronizing object | Carrier07_EMI_spring_-1_6
Fra:22 Mem:305.20M (Peak 307.47M) | Time:00:00.28 | Mem:0.00M, Peak:0.00M | C6420_4N_24SFF_v002_MASTER, ViewLayer | Synchronizing object | Carrier22_EMI_spring_1_1
Fra:22 Mem:305.21M (Peak 307.47M) | Time:00:00.28 | Mem:0.00M, Peak:0.00M | C6420_4N_24SFF_v002_MASTER, ViewLayer | Synchronizing object | Carrier07_EMI_spring_-1_7
Fra:22 Mem:305.21M (Peak 307.47M) | Time:00:00.28 | Mem:0.00M, Peak:0.00M | C6420_4N_24SFF_v002_MASTER, ViewLayer | Synchronizing object | Carrier07_EMI_spring_-1_8
Fra:22 Mem:305.21M (Peak 307.47M) | Time:00:00.28 | Mem:0.00M, Peak:0.00M | C6420_4N_24SFF_v002_MASTER, ViewLayer | Synchronizing object | Carrier22_EMI_spring_1_0
Fra:22 Mem:305.23M (Peak 307.47M) | Time:00:00.28 | Mem:0.00M, Peak:0.00M | C6420_4N_24SFF_v002_MASTER, ViewLayer | Synchronizing object | Carrier07_EMI_spring_1_0
Fra:22 Mem:305.28M (Peak 307.47M) | Time:00:00.28 | Mem:0.00M, Peak:0.00M | C6420_4N_24SFF_v002_MASTER, ViewLayer | Synchronizing object | Carrier07_EMI_spring_1_1
Fra:22 Mem:305.28M (Peak 307.47M) | Time:00:00.28 | Mem:0.00M, Peak:0.00M | C6420_4N_24SFF_v002_MASTER, ViewLayer | Synchronizing object | Carrier07_EMI_spring_1_2
Fra:22 Mem:305.30M (Peak 307.47M) | Time:00:00.28 | Mem:0.00M, Peak:0.00M | C6420_4N_24SFF_v002_MASTER, ViewLayer | Synchronizing object | Carrier22_EMI_spring_-1_8
Fra:22 Mem:305.32M (Peak 307.47M) | Time:00:00.28 | Mem:0.00M, Peak:0.00M | C6420_4N_24SFF_v002_MASTER, ViewLayer | Synchronizing object | Carrier07_EMI_spring_1_3
Fra:22 Mem:306.55M (Peak 307.47M) | Time:00:00.28 | Mem:0.00M, Peak:0.00M | C6420_4N_24SFF_v002_MASTER, ViewLayer | Synchronizing object | Carrier07_EMI_spring_1_4
Fra:22 Mem:306.57M (Peak 307.47M) | Time:00:00.28 | Mem:0.00M, Peak:0.00M | C6420_4N_24SFF_v002_MASTER, ViewLayer | Synchronizing object | Carrier07_EMI_spring_1_5
Fra:22 Mem:306.57M (Peak 307.47M) | Time:00:00.28 | Mem:0.00M, Peak:0.00M | C6420_4N_24SFF_v002_MASTER, ViewLayer | Synchronizing object | Carrier07_EMI_spring_1_6
Fra:22 Mem:306.59M (Peak 307.47M) | Time:00:00.28 | Mem:0.00M, Peak:0.00M | C6420_4N_24SFF_v002_MASTER, ViewLayer | Synchronizing object | Carrier07_EMI_spring_1_7
Fra:22 Mem:306.62M (Peak 307.47M) | Time:00:00.28 | Mem:0.00M, Peak:0.00M | C6420_4N_24SFF_v002_MASTER, ViewLayer | Synchronizing object | Carrier22_EMI_spring_-1_7
Fra:22 Mem:306.64M (Peak 307.47M) | Time:00:00.28 | Mem:0.00M, Peak:0.00M | C6420_4N_24SFF_v002_MASTER, ViewLayer | Synchronizing object | Carrier07_EMI_spring_1_8
Fra:22 Mem:306.59M (Peak 307.47M) | Time:00:00.28 | Mem:0.00M, Peak:0.00M | C6420_4N_24SFF_v002_MASTER, ViewLayer | Synchronizing object | Carrier08_hinge_return_spring
Fra:22 Mem:306.58M (Peak 307.47M) | Time:00:00.28 | Mem:0.00M, Peak:0.00M | C6420_4N_24SFF_v002_MASTER, ViewLayer | Synchronizing object | Carrier08_EMI_spring_-1_0
Fra:22 Mem:306.59M (Peak 307.47M) | Time:00:00.28 | Mem:0.00M, Peak:0.00M | C6420_4N_24SFF_v002_MASTER, ViewLayer | Synchronizing object | Carrier08_EMI_spring_-1_1
Fra:22 Mem:306.68M (Peak 307.47M) | Time:00:00.28 | Mem:0.00M, Peak:0.00M | C6420_4N_24SFF_v002_MASTER, ViewLayer | Synchronizing object | Carrier22_EMI_spring_-1_6
Fra:22 Mem:306.77M (Peak 307.47M) | Time:00:00.28 | Mem:0.00M, Peak:0.00M | C6420_4N_24SFF_v002_MASTER, ViewLayer | Synchronizing object | Carrier08_EMI_spring_-1_2
Fra:22 Mem:306.75M (Peak 307.47M) | Time:00:00.28 | Mem:0.00M, Peak:0.00M | C6420_4N_24SFF_v002_MASTER, ViewLayer | Synchronizing object | Carrier08_EMI_spring_-1_3
Fra:22 Mem:306.74M (Peak 307.47M) | Time:00:00.28 | Mem:0.00M, Peak:0.00M | C6420_4N_24SFF_v002_MASTER, ViewLayer | Synchronizing object | Carrier08_EMI_spring_-1_4
Fra:22 Mem:306.82M (Peak 307.47M) | Time:00:00.28 | Mem:0.00M, Peak:0.00M | C6420_4N_24SFF_v002_MASTER, ViewLayer | Synchronizing object | Carrier08_EMI_spring_-1_5
Fra:22 Mem:306.86M (Peak 307.47M) | Time:00:00.28 | Mem:0.00M, Peak:0.00M | C6420_4N_24SFF_v002_MASTER, ViewLayer | Synchronizing object | Carrier22_EMI_spring_-1_5
Fra:22 Mem:306.96M (Peak 307.47M) | Time:00:00.28 | Mem:0.00M, Peak:0.00M | C6420_4N_24SFF_v002_MASTER, ViewLayer | Synchronizing object | Carrier08_EMI_spring_-1_6
Fra:22 Mem:306.98M (Peak 307.47M) | Time:00:00.28 | Mem:0.00M, Peak:0.00M | C6420_4N_24SFF_v002_MASTER, ViewLayer | Synchronizing object | Carrier08_EMI_spring_-1_7
Fra:22 Mem:307.02M (Peak 307.47M) | Time:00:00.28 | Mem:0.00M, Peak:0.00M | C6420_4N_24SFF_v002_MASTER, ViewLayer | Synchronizing object | Carrier08_EMI_spring_-1_8
Fra:22 Mem:307.04M (Peak 307.47M) | Time:00:00.28 | Mem:0.00M, Peak:0.00M | C6420_4N_24SFF_v002_MASTER, ViewLayer | Synchronizing object | Carrier22_EMI_spring_-1_4
Fra:22 Mem:307.59M (Peak 307.59M) | Time:00:00.28 | Mem:0.00M, Peak:0.00M | C6420_4N_24SFF_v002_MASTER, ViewLayer | Synchronizing object | Carrier08_EMI_spring_1_1
Fra:22 Mem:307.55M (Peak 307.59M) | Time:00:00.28 | Mem:0.00M, Peak:0.00M | C6420_4N_24SFF_v002_MASTER, ViewLayer | Synchronizing object | Carrier08_EMI_spring_1_2
Fra:22 Mem:307.52M (Peak 307.59M) | Time:00:00.28 | Mem:0.00M, Peak:0.00M | C6420_4N_24SFF_v002_MASTER, ViewLayer | Synchronizing object | Carrier08_EMI_spring_1_3
Fra:22 Mem:307.55M (Peak 307.59M) | Time:00:00.28 | Mem:0.00M, Peak:0.00M | C6420_4N_24SFF_v002_MASTER, ViewLayer | Synchronizing object | Carrier22_EMI_spring_-1_3
Fra:22 Mem:307.57M (Peak 307.59M) | Time:00:00.28 | Mem:0.00M, Peak:0.00M | C6420_4N_24SFF_v002_MASTER, ViewLayer | Synchronizing object | Carrier08_EMI_spring_1_4
Fra:22 Mem:308.10M (Peak 308.10M) | Time:00:00.28 | Mem:0.00M, Peak:0.00M | C6420_4N_24SFF_v002_MASTER, ViewLayer | Synchronizing object | Carrier08_EMI_spring_1_5
Fra:22 Mem:308.13M (Peak 308.13M) | Time:00:00.28 | Mem:0.00M, Peak:0.00M | C6420_4N_24SFF_v002_MASTER, ViewLayer | Synchronizing object | Carrier08_EMI_spring_1_6
Fra:22 Mem:308.17M (Peak 308.17M) | Time:00:00.28 | Mem:0.00M, Peak:0.00M | C6420_4N_24SFF_v002_MASTER, ViewLayer | Synchronizing object | Carrier22_EMI_spring_-1_2
Fra:22 Mem:308.18M (Peak 308.18M) | Time:00:00.28 | Mem:0.00M, Peak:0.00M | C6420_4N_24SFF_v002_MASTER, ViewLayer | Synchronizing object | Carrier08_EMI_spring_1_7
Fra:22 Mem:308.18M (Peak 308.18M) | Time:00:00.28 | Mem:0.00M, Peak:0.00M | C6420_4N_24SFF_v002_MASTER, ViewLayer | Synchronizing object | Carrier08_EMI_spring_1_8
Fra:22 Mem:308.25M (Peak 308.25M) | Time:00:00.28 | Mem:0.00M, Peak:0.00M | C6420_4N_24SFF_v002_MASTER, ViewLayer | Synchronizing object | Carrier09_hinge_return_spring
Fra:22 Mem:308.30M (Peak 308.30M) | Time:00:00.28 | Mem:0.00M, Peak:0.00M | C6420_4N_24SFF_v002_MASTER, ViewLayer | Synchronizing object | Carrier09_activity_symbol
Fra:22 Mem:308.35M (Peak 308.35M) | Time:00:00.28 | Mem:0.00M, Peak:0.00M | C6420_4N_24SFF_v002_MASTER, ViewLayer | Synchronizing object | Carrier22_EMI_spring_-1_1
Fra:22 Mem:308.43M (Peak 308.43M) | Time:00:00.28 | Mem:0.00M, Peak:0.00M | C6420_4N_24SFF_v002_MASTER, ViewLayer | Synchronizing object | Carrier09_EMI_spring_-1_0
Fra:22 Mem:308.42M (Peak 308.43M) | Time:00:00.28 | Mem:0.00M, Peak:0.00M | C6420_4N_24SFF_v002_MASTER, ViewLayer | Synchronizing object | Carrier09_EMI_spring_-1_1
Fra:22 Mem:308.52M (Peak 308.52M) | Time:00:00.28 | Mem:0.00M, Peak:0.00M | C6420_4N_24SFF_v002_MASTER, ViewLayer | Synchronizing object | Carrier09_EMI_spring_-1_2
Fra:22 Mem:308.52M (Peak 308.52M) | Time:00:00.28 | Mem:0.00M, Peak:0.00M | C6420_4N_24SFF_v002_MASTER, ViewLayer | Synchronizing object | Carrier22_EMI_spring_-1_0
Fra:22 Mem:308.52M (Peak 308.52M) | Time:00:00.28 | Mem:0.00M, Peak:0.00M | C6420_4N_24SFF_v002_MASTER, ViewLayer | Synchronizing object | Carrier22_activity_symbol
Fra:22 Mem:308.43M (Peak 308.52M) | Time:00:00.28 | Mem:0.00M, Peak:0.00M | C6420_4N_24SFF_v002_MASTER, ViewLayer | Synchronizing object | Carrier22_hinge_return_spring
Fra:22 Mem:310.31M (Peak 310.31M) | Time:00:00.28 | Mem:0.00M, Peak:0.00M | C6420_4N_24SFF_v002_MASTER, ViewLayer | Synchronizing object | Carrier21_EMI_spring_1_8
Fra:22 Mem:310.32M (Peak 310.32M) | Time:00:00.28 | Mem:0.00M, Peak:0.00M | C6420_4N_24SFF_v002_MASTER, ViewLayer | Synchronizing object | Carrier21_EMI_spring_1_7
Fra:22 Mem:309.91M (Peak 310.32M) | Time:00:00.28 | Mem:0.00M, Peak:0.00M | C6420_4N_24SFF_v002_MASTER, ViewLayer | Synchronizing object | Carrier21_EMI_spring_1_6
Fra:22 Mem:310.07M (Peak 310.32M) | Time:00:00.28 | Mem:0.00M, Peak:0.00M | C6420_4N_24SFF_v002_MASTER, ViewLayer | Synchronizing object | Carrier21_EMI_spring_1_5
Fra:22 Mem:312.19M (Peak 312.20M) | Time:00:00.28 | Mem:0.00M, Peak:0.00M | C6420_4N_24SFF_v002_MASTER, ViewLayer | Synchronizing object | Carrier21_EMI_spring_1_4
Fra:22 Mem:312.19M (Peak 312.20M) | Time:00:00.28 | Mem:0.00M, Peak:0.00M | C6420_4N_24SFF_v002_MASTER, ViewLayer | Synchronizing object | Carrier21_EMI_spring_1_3
Fra:22 Mem:312.20M (Peak 312.20M) | Time:00:00.28 | Mem:0.00M, Peak:0.00M | C6420_4N_24SFF_v002_MASTER, ViewLayer | Synchronizing object | Carrier21_EMI_spring_1_2
Fra:22 Mem:309.59M (Peak 312.20M) | Time:00:00.28 | Mem:0.00M, Peak:0.00M | C6420_4N_24SFF_v002_MASTER, ViewLayer | Synchronizing object | Carrier21_EMI_spring_1_1
Fra:22 Mem:309.60M (Peak 312.20M) | Time:00:00.28 | Mem:0.00M, Peak:0.00M | C6420_4N_24SFF_v002_MASTER, ViewLayer | Synchronizing object | Carrier21_EMI_spring_1_0
Fra:22 Mem:309.61M (Peak 312.20M) | Time:00:00.28 | Mem:0.00M, Peak:0.00M | C6420_4N_24SFF_v002_MASTER, ViewLayer | Synchronizing object | Carrier21_EMI_spring_-1_8
Fra:22 Mem:309.63M (Peak 312.20M) | Time:00:00.28 | Mem:0.00M, Peak:0.00M | C6420_4N_24SFF_v002_MASTER, ViewLayer | Synchronizing object | Carrier21_EMI_spring_-1_7
Fra:22 Mem:309.64M (Peak 312.20M) | Time:00:00.28 | Mem:0.00M, Peak:0.00M | C6420_4N_24SFF_v002_MASTER, ViewLayer | Synchronizing object | Carrier21_EMI_spring_-1_6
Fra:22 Mem:309.65M (Peak 312.20M) | Time:00:00.29 | Mem:0.00M, Peak:0.00M | C6420_4N_24SFF_v002_MASTER, ViewLayer | Synchronizing object | Carrier21_EMI_spring_-1_5
Fra:22 Mem:309.66M (Peak 312.20M) | Time:00:00.29 | Mem:0.00M, Peak:0.00M | C6420_4N_24SFF_v002_MASTER, ViewLayer | Synchronizing object | Carrier21_EMI_spring_-1_4
Fra:22 Mem:309.68M (Peak 312.20M) | Time:00:00.29 | Mem:0.00M, Peak:0.00M | C6420_4N_24SFF_v002_MASTER, ViewLayer | Synchronizing object | Carrier21_EMI_spring_-1_3
Fra:22 Mem:309.69M (Peak 312.20M) | Time:00:00.29 | Mem:0.00M, Peak:0.00M | C6420_4N_24SFF_v002_MASTER, ViewLayer | Synchronizing object | Carrier21_EMI_spring_-1_2
Fra:22 Mem:309.70M (Peak 312.20M) | Time:00:00.29 | Mem:0.00M, Peak:0.00M | C6420_4N_24SFF_v002_MASTER, ViewLayer | Synchronizing object | Carrier21_EMI_spring_-1_1
Fra:22 Mem:310.94M (Peak 312.20M) | Time:00:00.29 | Mem:0.00M, Peak:0.00M | C6420_4N_24SFF_v002_MASTER, ViewLayer | Synchronizing object | Carrier21_EMI_spring_-1_0
Fra:22 Mem:310.95M (Peak 312.20M) | Time:00:00.29 | Mem:0.00M, Peak:0.00M | C6420_4N_24SFF_v002_MASTER, ViewLayer | Synchronizing object | Carrier21_activity_symbol
Fra:22 Mem:311.49M (Peak 312.20M) | Time:00:00.29 | Mem:0.00M, Peak:0.00M | C6420_4N_24SFF_v002_MASTER, ViewLayer | Synchronizing object | Carrier21_hinge_return_spring
Fra:22 Mem:312.26M (Peak 312.26M) | Time:00:00.29 | Mem:0.00M, Peak:0.00M | C6420_4N_24SFF_v002_MASTER, ViewLayer | Synchronizing object | Carrier09_EMI_spring_-1_3
Fra:22 Mem:312.26M (Peak 312.26M) | Time:00:00.29 | Mem:0.00M, Peak:0.00M | C6420_4N_24SFF_v002_MASTER, ViewLayer | Synchronizing object | Carrier09_EMI_spring_-1_4
Fra:22 Mem:312.75M (Peak 312.75M) | Time:00:00.29 | Mem:0.00M, Peak:0.00M | C6420_4N_24SFF_v002_MASTER, ViewLayer | Synchronizing object | Carrier09_EMI_spring_-1_5
Fra:22 Mem:312.66M (Peak 312.75M) | Time:00:00.29 | Mem:0.00M, Peak:0.00M | C6420_4N_24SFF_v002_MASTER, ViewLayer | Synchronizing object | Carrier20_EMI_spring_1_8
Fra:22 Mem:312.66M (Peak 312.75M) | Time:00:00.29 | Mem:0.00M, Peak:0.00M | C6420_4N_24SFF_v002_MASTER, ViewLayer | Synchronizing object | Carrier20_EMI_spring_1_7
Fra:22 Mem:312.67M (Peak 312.75M) | Time:00:00.29 | Mem:0.00M, Peak:0.00M | C6420_4N_24SFF_v002_MASTER, ViewLayer | Synchronizing object | Carrier20_EMI_spring_1_6
Fra:22 Mem:312.68M (Peak 312.75M) | Time:00:00.29 | Mem:0.00M, Peak:0.00M | C6420_4N_24SFF_v002_MASTER, ViewLayer | Synchronizing object | Carrier20_EMI_spring_1_5
Fra:22 Mem:312.70M (Peak 312.75M) | Time:00:00.29 | Mem:0.00M, Peak:0.00M | C6420_4N_24SFF_v002_MASTER, ViewLayer | Synchronizing object | Carrier20_EMI_spring_1_4
Fra:22 Mem:312.71M (Peak 312.75M) | Time:00:00.29 | Mem:0.00M, Peak:0.00M | C6420_4N_24SFF_v002_MASTER, ViewLayer | Synchronizing object | Carrier20_EMI_spring_1_3
Fra:22 Mem:312.91M (Peak 312.91M) | Time:00:00.29 | Mem:0.00M, Peak:0.00M | C6420_4N_24SFF_v002_MASTER, ViewLayer | Synchronizing object | Carrier09_EMI_spring_-1_6
Fra:22 Mem:312.91M (Peak 312.91M) | Time:00:00.29 | Mem:0.00M, Peak:0.00M | C6420_4N_24SFF_v002_MASTER, ViewLayer | Synchronizing object | Carrier20_EMI_spring_1_2
Fra:22 Mem:312.92M (Peak 312.92M) | Time:00:00.29 | Mem:0.00M, Peak:0.00M | C6420_4N_24SFF_v002_MASTER, ViewLayer | Synchronizing object | Carrier20_EMI_spring_1_1
Fra:22 Mem:312.93M (Peak 312.93M) | Time:00:00.29 | Mem:0.00M, Peak:0.00M | C6420_4N_24SFF_v002_MASTER, ViewLayer | Synchronizing object | Carrier20_EMI_spring_1_0
Fra:22 Mem:314.00M (Peak 314.01M) | Time:00:00.29 | Mem:0.00M, Peak:0.00M | C6420_4N_24SFF_v002_MASTER, ViewLayer | Synchronizing object | Carrier20_EMI_spring_-1_8
Fra:22 Mem:314.02M (Peak 314.02M) | Time:00:00.29 | Mem:0.00M, Peak:0.00M | C6420_4N_24SFF_v002_MASTER, ViewLayer | Synchronizing object | Carrier20_EMI_spring_-1_7
Fra:22 Mem:314.03M (Peak 314.03M) | Time:00:00.29 | Mem:0.00M, Peak:0.00M | C6420_4N_24SFF_v002_MASTER, ViewLayer | Synchronizing object | Carrier09_EMI_spring_-1_7
Fra:22 Mem:314.03M (Peak 314.03M) | Time:00:00.29 | Mem:0.00M, Peak:0.00M | C6420_4N_24SFF_v002_MASTER, ViewLayer | Synchronizing object | Carrier20_EMI_spring_-1_6
Fra:22 Mem:314.05M (Peak 314.05M) | Time:00:00.29 | Mem:0.00M, Peak:0.00M | C6420_4N_24SFF_v002_MASTER, ViewLayer | Synchronizing object | Carrier20_EMI_spring_-1_5
Fra:22 Mem:314.07M (Peak 314.07M) | Time:00:00.29 | Mem:0.00M, Peak:0.00M | C6420_4N_24SFF_v002_MASTER, ViewLayer | Synchronizing object | Carrier09_EMI_spring_-1_8
Fra:22 Mem:314.09M (Peak 314.09M) | Time:00:00.29 | Mem:0.00M, Peak:0.00M | C6420_4N_24SFF_v002_MASTER, ViewLayer | Synchronizing object | Carrier20_EMI_spring_-1_4
Fra:22 Mem:314.09M (Peak 314.09M) | Time:00:00.29 | Mem:0.00M, Peak:0.00M | C6420_4N_24SFF_v002_MASTER, ViewLayer | Synchronizing object | Carrier20_EMI_spring_-1_3
Fra:22 Mem:314.10M (Peak 314.10M) | Time:00:00.29 | Mem:0.00M, Peak:0.00M | C6420_4N_24SFF_v002_MASTER, ViewLayer | Synchronizing object | Carrier20_EMI_spring_-1_2
Fra:22 Mem:314.11M (Peak 314.11M) | Time:00:00.29 | Mem:0.00M, Peak:0.00M | C6420_4N_24SFF_v002_MASTER, ViewLayer | Synchronizing object | Carrier09_EMI_spring_1_0
Fra:22 Mem:314.13M (Peak 314.13M) | Time:00:00.29 | Mem:0.00M, Peak:0.00M | C6420_4N_24SFF_v002_MASTER, ViewLayer | Synchronizing object | Carrier20_EMI_spring_-1_1
Fra:22 Mem:314.14M (Peak 314.14M) | Time:00:00.29 | Mem:0.00M, Peak:0.00M | C6420_4N_24SFF_v002_MASTER, ViewLayer | Synchronizing object | Carrier20_EMI_spring_-1_0
Fra:22 Mem:314.15M (Peak 314.15M) | Time:00:00.29 | Mem:0.00M, Peak:0.00M | C6420_4N_24SFF_v002_MASTER, ViewLayer | Synchronizing object | Carrier20_activity_symbol
Fra:22 Mem:316.28M (Peak 316.30M) | Time:00:00.29 | Mem:0.00M, Peak:0.00M | C6420_4N_24SFF_v002_MASTER, ViewLayer | Synchronizing object | Carrier20_hinge_return_spring
Fra:22 Mem:316.45M (Peak 316.45M) | Time:00:00.29 | Mem:0.00M, Peak:0.00M | C6420_4N_24SFF_v002_MASTER, ViewLayer | Synchronizing object | Carrier19_EMI_spring_1_8
Fra:22 Mem:316.47M (Peak 316.47M) | Time:00:00.29 | Mem:0.00M, Peak:0.00M | C6420_4N_24SFF_v002_MASTER, ViewLayer | Synchronizing object | Carrier19_EMI_spring_1_7
Fra:22 Mem:316.48M (Peak 316.48M) | Time:00:00.29 | Mem:0.00M, Peak:0.00M | C6420_4N_24SFF_v002_MASTER, ViewLayer | Synchronizing object | Carrier19_EMI_spring_1_6
Fra:22 Mem:316.49M (Peak 316.49M) | Time:00:00.29 | Mem:0.00M, Peak:0.00M | C6420_4N_24SFF_v002_MASTER, ViewLayer | Synchronizing object | Carrier19_EMI_spring_1_5
Fra:22 Mem:316.50M (Peak 316.50M) | Time:00:00.29 | Mem:0.00M, Peak:0.00M | C6420_4N_24SFF_v002_MASTER, ViewLayer | Synchronizing object | Carrier19_EMI_spring_1_4
Fra:22 Mem:316.51M (Peak 316.51M) | Time:00:00.29 | Mem:0.00M, Peak:0.00M | C6420_4N_24SFF_v002_MASTER, ViewLayer | Synchronizing object | Carrier09_EMI_spring_1_1
Fra:22 Mem:316.54M (Peak 316.54M) | Time:00:00.29 | Mem:0.00M, Peak:0.00M | C6420_4N_24SFF_v002_MASTER, ViewLayer | Synchronizing object | Carrier19_EMI_spring_1_3
Fra:22 Mem:316.54M (Peak 316.54M) | Time:00:00.29 | Mem:0.00M, Peak:0.00M | C6420_4N_24SFF_v002_MASTER, ViewLayer | Synchronizing object | Carrier19_EMI_spring_1_2
Fra:22 Mem:316.55M (Peak 316.55M) | Time:00:00.29 | Mem:0.00M, Peak:0.00M | C6420_4N_24SFF_v002_MASTER, ViewLayer | Synchronizing object | Carrier19_EMI_spring_1_1
Fra:22 Mem:317.09M (Peak 317.09M) | Time:00:00.29 | Mem:0.00M, Peak:0.00M | C6420_4N_24SFF_v002_MASTER, ViewLayer | Synchronizing object | Carrier19_EMI_spring_1_0
Fra:22 Mem:317.11M (Peak 317.11M) | Time:00:00.30 | Mem:0.00M, Peak:0.00M | C6420_4N_24SFF_v002_MASTER, ViewLayer | Synchronizing object | Carrier19_EMI_spring_-1_8
Fra:22 Mem:317.12M (Peak 317.12M) | Time:00:00.30 | Mem:0.00M, Peak:0.00M | C6420_4N_24SFF_v002_MASTER, ViewLayer | Synchronizing object | Carrier19_EMI_spring_-1_7
Fra:22 Mem:317.13M (Peak 317.13M) | Time:00:00.30 | Mem:0.00M, Peak:0.00M | C6420_4N_24SFF_v002_MASTER, ViewLayer | Synchronizing object | Carrier19_EMI_spring_-1_6
Fra:22 Mem:317.14M (Peak 317.14M) | Time:00:00.30 | Mem:0.00M, Peak:0.00M | C6420_4N_24SFF_v002_MASTER, ViewLayer | Synchronizing object | Carrier19_EMI_spring_-1_5
Fra:22 Mem:317.15M (Peak 317.15M) | Time:00:00.30 | Mem:0.00M, Peak:0.00M | C6420_4N_24SFF_v002_MASTER, ViewLayer | Synchronizing object | Carrier09_EMI_spring_1_2
Fra:22 Mem:317.17M (Peak 317.17M) | Time:00:00.30 | Mem:0.00M, Peak:0.00M | C6420_4N_24SFF_v002_MASTER, ViewLayer | Synchronizing object | Carrier19_EMI_spring_-1_4
Fra:22 Mem:317.19M (Peak 317.19M) | Time:00:00.30 | Mem:0.00M, Peak:0.00M | C6420_4N_24SFF_v002_MASTER, ViewLayer | Synchronizing object | Carrier09_EMI_spring_1_3
Fra:22 Mem:317.19M (Peak 317.19M) | Time:00:00.30 | Mem:0.00M, Peak:0.00M | C6420_4N_24SFF_v002_MASTER, ViewLayer | Synchronizing object | Carrier19_EMI_spring_-1_3
Fra:22 Mem:317.22M (Peak 317.22M) | Time:00:00.30 | Mem:0.00M, Peak:0.00M | C6420_4N_24SFF_v002_MASTER, ViewLayer | Synchronizing object | Carrier19_EMI_spring_-1_2
Fra:22 Mem:317.22M (Peak 317.22M) | Time:00:00.30 | Mem:0.00M, Peak:0.00M | C6420_4N_24SFF_v002_MASTER, ViewLayer | Synchronizing object | Carrier19_EMI_spring_-1_1
Fra:22 Mem:317.23M (Peak 317.23M) | Time:00:00.30 | Mem:0.00M, Peak:0.00M | C6420_4N_24SFF_v002_MASTER, ViewLayer | Synchronizing object | Carrier19_EMI_spring_-1_0
Fra:22 Mem:317.24M (Peak 317.24M) | Time:00:00.30 | Mem:0.00M, Peak:0.00M | C6420_4N_24SFF_v002_MASTER, ViewLayer | Synchronizing object | Carrier19_activity_symbol
Fra:22 Mem:317.25M (Peak 317.25M) | Time:00:00.30 | Mem:0.00M, Peak:0.00M | C6420_4N_24SFF_v002_MASTER, ViewLayer | Synchronizing object | Carrier19_hinge_return_spring
Fra:22 Mem:317.55M (Peak 317.55M) | Time:00:00.30 | Mem:0.00M, Peak:0.00M | C6420_4N_24SFF_v002_MASTER, ViewLayer | Synchronizing object | Carrier09_EMI_spring_1_4
Fra:22 Mem:317.49M (Peak 317.55M) | Time:00:00.30 | Mem:0.00M, Peak:0.00M | C6420_4N_24SFF_v002_MASTER, ViewLayer | Synchronizing object | Carrier09_EMI_spring_1_5
Fra:22 Mem:317.44M (Peak 317.55M) | Time:00:00.30 | Mem:0.00M, Peak:0.00M | C6420_4N_24SFF_v002_MASTER, ViewLayer | Synchronizing object | Carrier18_EMI_spring_1_8
Fra:22 Mem:317.49M (Peak 317.55M) | Time:00:00.30 | Mem:0.00M, Peak:0.00M | C6420_4N_24SFF_v002_MASTER, ViewLayer | Synchronizing object | Carrier18_EMI_spring_1_7
Fra:22 Mem:317.48M (Peak 317.55M) | Time:00:00.30 | Mem:0.00M, Peak:0.00M | C6420_4N_24SFF_v002_MASTER, ViewLayer | Synchronizing object | Carrier09_EMI_spring_1_6
Fra:22 Mem:317.50M (Peak 317.55M) | Time:00:00.30 | Mem:0.00M, Peak:0.00M | C6420_4N_24SFF_v002_MASTER, ViewLayer | Synchronizing object | Carrier18_EMI_spring_1_6
Fra:22 Mem:317.50M (Peak 317.55M) | Time:00:00.30 | Mem:0.00M, Peak:0.00M | C6420_4N_24SFF_v002_MASTER, ViewLayer | Synchronizing object | Carrier09_EMI_spring_1_7
Fra:22 Mem:317.51M (Peak 317.55M) | Time:00:00.30 | Mem:0.00M, Peak:0.00M | C6420_4N_24SFF_v002_MASTER, ViewLayer | Synchronizing object | Carrier09_EMI_spring_1_8
Fra:22 Mem:317.54M (Peak 317.55M) | Time:00:00.30 | Mem:0.00M, Peak:0.00M | C6420_4N_24SFF_v002_MASTER, ViewLayer | Synchronizing object | Carrier18_EMI_spring_1_5
Fra:22 Mem:317.55M (Peak 317.55M) | Time:00:00.30 | Mem:0.00M, Peak:0.00M | C6420_4N_24SFF_v002_MASTER, ViewLayer | Synchronizing object | Carrier10_hinge_return_spring
Fra:22 Mem:317.54M (Peak 317.55M) | Time:00:00.30 | Mem:0.00M, Peak:0.00M | C6420_4N_24SFF_v002_MASTER, ViewLayer | Synchronizing object | Carrier18_EMI_spring_1_4
Fra:22 Mem:317.62M (Peak 317.62M) | Time:00:00.30 | Mem:0.00M, Peak:0.00M | C6420_4N_24SFF_v002_MASTER, ViewLayer | Synchronizing object | Carrier18_EMI_spring_1_3
Fra:22 Mem:317.69M (Peak 317.69M) | Time:00:00.30 | Mem:0.00M, Peak:0.00M | C6420_4N_24SFF_v002_MASTER, ViewLayer | Synchronizing object | Carrier10_activity_symbol
Fra:22 Mem:317.68M (Peak 317.69M) | Time:00:00.30 | Mem:0.00M, Peak:0.00M | C6420_4N_24SFF_v002_MASTER, ViewLayer | Synchronizing object | Carrier18_EMI_spring_1_2
Fra:22 Mem:317.73M (Peak 317.73M) | Time:00:00.30 | Mem:0.00M, Peak:0.00M | C6420_4N_24SFF_v002_MASTER, ViewLayer | Synchronizing object | Carrier10_EMI_spring_-1_0
Fra:22 Mem:317.71M (Peak 317.73M) | Time:00:00.30 | Mem:0.00M, Peak:0.00M | C6420_4N_24SFF_v002_MASTER, ViewLayer | Synchronizing object | Carrier18_EMI_spring_1_1
Fra:22 Mem:317.68M (Peak 317.73M) | Time:00:00.30 | Mem:0.00M, Peak:0.00M | C6420_4N_24SFF_v002_MASTER, ViewLayer | Synchronizing object | Carrier18_EMI_spring_1_0
Fra:22 Mem:317.74M (Peak 317.74M) | Time:00:00.30 | Mem:0.00M, Peak:0.00M | C6420_4N_24SFF_v002_MASTER, ViewLayer | Synchronizing object | Carrier10_EMI_spring_-1_1
Fra:22 Mem:317.80M (Peak 317.80M) | Time:00:00.30 | Mem:0.00M, Peak:0.00M | C6420_4N_24SFF_v002_MASTER, ViewLayer | Synchronizing object | Carrier10_EMI_spring_-1_2
Fra:22 Mem:317.80M (Peak 317.80M) | Time:00:00.30 | Mem:0.00M, Peak:0.00M | C6420_4N_24SFF_v002_MASTER, ViewLayer | Synchronizing object | Carrier18_EMI_spring_-1_8
Fra:22 Mem:317.95M (Peak 317.95M) | Time:00:00.30 | Mem:0.00M, Peak:0.00M | C6420_4N_24SFF_v002_MASTER, ViewLayer | Synchronizing object | Carrier18_EMI_spring_-1_7
Fra:22 Mem:317.97M (Peak 317.97M) | Time:00:00.30 | Mem:0.00M, Peak:0.00M | C6420_4N_24SFF_v002_MASTER, ViewLayer | Synchronizing object | Carrier18_EMI_spring_-1_6
Fra:22 Mem:317.98M (Peak 317.98M) | Time:00:00.30 | Mem:0.00M, Peak:0.00M | C6420_4N_24SFF_v002_MASTER, ViewLayer | Synchronizing object | Carrier18_EMI_spring_-1_5
Fra:22 Mem:317.99M (Peak 317.99M) | Time:00:00.30 | Mem:0.00M, Peak:0.00M | C6420_4N_24SFF_v002_MASTER, ViewLayer | Synchronizing object | Carrier18_EMI_spring_-1_4
Fra:22 Mem:318.00M (Peak 318.00M) | Time:00:00.30 | Mem:0.00M, Peak:0.00M | C6420_4N_24SFF_v002_MASTER, ViewLayer | Synchronizing object | Carrier18_EMI_spring_-1_3
Fra:22 Mem:318.03M (Peak 318.03M) | Time:00:00.30 | Mem:0.00M, Peak:0.00M | C6420_4N_24SFF_v002_MASTER, ViewLayer | Synchronizing object | Carrier10_EMI_spring_-1_3
Fra:22 Mem:318.02M (Peak 318.03M) | Time:00:00.30 | Mem:0.00M, Peak:0.00M | C6420_4N_24SFF_v002_MASTER, ViewLayer | Synchronizing object | Carrier18_EMI_spring_-1_2
Fra:22 Mem:318.05M (Peak 318.05M) | Time:00:00.30 | Mem:0.00M, Peak:0.00M | C6420_4N_24SFF_v002_MASTER, ViewLayer | Synchronizing object | Carrier18_EMI_spring_-1_1
Fra:22 Mem:317.97M (Peak 318.05M) | Time:00:00.30 | Mem:0.00M, Peak:0.00M | C6420_4N_24SFF_v002_MASTER, ViewLayer | Synchronizing object | Carrier10_EMI_spring_-1_4
Fra:22 Mem:317.95M (Peak 318.05M) | Time:00:00.30 | Mem:0.00M, Peak:0.00M | C6420_4N_24SFF_v002_MASTER, ViewLayer | Synchronizing object | Carrier18_EMI_spring_-1_0
Fra:22 Mem:317.96M (Peak 318.05M) | Time:00:00.30 | Mem:0.00M, Peak:0.00M | C6420_4N_24SFF_v002_MASTER, ViewLayer | Synchronizing object | Carrier18_activity_symbol
Fra:22 Mem:317.97M (Peak 318.05M) | Time:00:00.30 | Mem:0.00M, Peak:0.00M | C6420_4N_24SFF_v002_MASTER, ViewLayer | Synchronizing object | Carrier18_hinge_return_spring
Fra:22 Mem:318.15M (Peak 318.15M) | Time:00:00.30 | Mem:0.00M, Peak:0.00M | C6420_4N_24SFF_v002_MASTER, ViewLayer | Synchronizing object | Carrier17_EMI_spring_1_8
Fra:22 Mem:318.16M (Peak 318.16M) | Time:00:00.30 | Mem:0.00M, Peak:0.00M | C6420_4N_24SFF_v002_MASTER, ViewLayer | Synchronizing object | Carrier17_EMI_spring_1_7
Fra:22 Mem:318.17M (Peak 318.17M) | Time:00:00.30 | Mem:0.00M, Peak:0.00M | C6420_4N_24SFF_v002_MASTER, ViewLayer | Synchronizing object | Carrier17_EMI_spring_1_6
Fra:22 Mem:318.20M (Peak 318.20M) | Time:00:00.30 | Mem:0.00M, Peak:0.00M | C6420_4N_24SFF_v002_MASTER, ViewLayer | Synchronizing object | Carrier10_EMI_spring_-1_5
Fra:22 Mem:318.18M (Peak 318.20M) | Time:00:00.30 | Mem:0.00M, Peak:0.00M | C6420_4N_24SFF_v002_MASTER, ViewLayer | Synchronizing object | Carrier17_EMI_spring_1_5
Fra:22 Mem:318.22M (Peak 318.22M) | Time:00:00.30 | Mem:0.00M, Peak:0.00M | C6420_4N_24SFF_v002_MASTER, ViewLayer | Synchronizing object | Carrier17_EMI_spring_1_4
Fra:22 Mem:318.22M (Peak 318.22M) | Time:00:00.30 | Mem:0.00M, Peak:0.00M | C6420_4N_24SFF_v002_MASTER, ViewLayer | Synchronizing object | Carrier17_EMI_spring_1_3
Fra:22 Mem:318.23M (Peak 318.23M) | Time:00:00.30 | Mem:0.00M, Peak:0.00M | C6420_4N_24SFF_v002_MASTER, ViewLayer | Synchronizing object | Carrier17_EMI_spring_1_2
Fra:22 Mem:318.25M (Peak 318.25M) | Time:00:00.30 | Mem:0.00M, Peak:0.00M | C6420_4N_24SFF_v002_MASTER, ViewLayer | Synchronizing object | Carrier17_EMI_spring_1_1
Fra:22 Mem:318.26M (Peak 318.26M) | Time:00:00.30 | Mem:0.00M, Peak:0.00M | C6420_4N_24SFF_v002_MASTER, ViewLayer | Synchronizing object | Carrier17_EMI_spring_1_0
Fra:22 Mem:318.27M (Peak 318.27M) | Time:00:00.30 | Mem:0.00M, Peak:0.00M | C6420_4N_24SFF_v002_MASTER, ViewLayer | Synchronizing object | Carrier17_EMI_spring_-1_8
Fra:22 Mem:318.28M (Peak 318.28M) | Time:00:00.30 | Mem:0.00M, Peak:0.00M | C6420_4N_24SFF_v002_MASTER, ViewLayer | Synchronizing object | Carrier17_EMI_spring_-1_7
Fra:22 Mem:318.29M (Peak 318.29M) | Time:00:00.30 | Mem:0.00M, Peak:0.00M | C6420_4N_24SFF_v002_MASTER, ViewLayer | Synchronizing object | Carrier17_EMI_spring_-1_6
Fra:22 Mem:318.31M (Peak 318.31M) | Time:00:00.30 | Mem:0.00M, Peak:0.00M | C6420_4N_24SFF_v002_MASTER, ViewLayer | Synchronizing object | Carrier17_EMI_spring_-1_5
Fra:22 Mem:318.32M (Peak 318.32M) | Time:00:00.31 | Mem:0.00M, Peak:0.00M | C6420_4N_24SFF_v002_MASTER, ViewLayer | Synchronizing object | Carrier17_EMI_spring_-1_4
Fra:22 Mem:318.33M (Peak 318.33M) | Time:00:00.31 | Mem:0.00M, Peak:0.00M | C6420_4N_24SFF_v002_MASTER, ViewLayer | Synchronizing object | Carrier17_EMI_spring_-1_3
Fra:22 Mem:318.34M (Peak 318.34M) | Time:00:00.31 | Mem:0.00M, Peak:0.00M | C6420_4N_24SFF_v002_MASTER, ViewLayer | Synchronizing object | Carrier17_EMI_spring_-1_2
Fra:22 Mem:318.36M (Peak 318.36M) | Time:00:00.31 | Mem:0.00M, Peak:0.00M | C6420_4N_24SFF_v002_MASTER, ViewLayer | Synchronizing object | Carrier17_EMI_spring_-1_1
Fra:22 Mem:318.37M (Peak 318.37M) | Time:00:00.31 | Mem:0.00M, Peak:0.00M | C6420_4N_24SFF_v002_MASTER, ViewLayer | Synchronizing object | Carrier17_EMI_spring_-1_0
Fra:22 Mem:318.38M (Peak 318.38M) | Time:00:00.31 | Mem:0.00M, Peak:0.00M | C6420_4N_24SFF_v002_MASTER, ViewLayer | Synchronizing object | Carrier17_activity_symbol
Fra:22 Mem:318.39M (Peak 318.39M) | Time:00:00.31 | Mem:0.00M, Peak:0.00M | C6420_4N_24SFF_v002_MASTER, ViewLayer | Synchronizing object | Carrier17_hinge_return_spring
Fra:22 Mem:318.57M (Peak 318.57M) | Time:00:00.31 | Mem:0.00M, Peak:0.00M | C6420_4N_24SFF_v002_MASTER, ViewLayer | Synchronizing object | Carrier16_EMI_spring_1_8
Fra:22 Mem:318.58M (Peak 318.58M) | Time:00:00.31 | Mem:0.00M, Peak:0.00M | C6420_4N_24SFF_v002_MASTER, ViewLayer | Synchronizing object | Carrier16_EMI_spring_1_7
Fra:22 Mem:318.59M (Peak 318.59M) | Time:00:00.31 | Mem:0.00M, Peak:0.00M | C6420_4N_24SFF_v002_MASTER, ViewLayer | Synchronizing object | Carrier10_EMI_spring_-1_6
Fra:22 Mem:318.60M (Peak 318.60M) | Time:00:00.31 | Mem:0.00M, Peak:0.00M | C6420_4N_24SFF_v002_MASTER, ViewLayer | Synchronizing object | Carrier16_EMI_spring_1_6
Fra:22 Mem:318.64M (Peak 318.64M) | Time:00:00.31 | Mem:0.00M, Peak:0.00M | C6420_4N_24SFF_v002_MASTER, ViewLayer | Synchronizing object | Carrier10_EMI_spring_-1_7
Fra:22 Mem:318.63M (Peak 318.64M) | Time:00:00.31 | Mem:0.00M, Peak:0.00M | C6420_4N_24SFF_v002_MASTER, ViewLayer | Synchronizing object | Carrier16_EMI_spring_1_5
Fra:22 Mem:318.66M (Peak 318.66M) | Time:00:00.31 | Mem:0.00M, Peak:0.00M | C6420_4N_24SFF_v002_MASTER, ViewLayer | Synchronizing object | Carrier10_EMI_spring_-1_8
Fra:22 Mem:318.68M (Peak 318.68M) | Time:00:00.31 | Mem:0.00M, Peak:0.00M | C6420_4N_24SFF_v002_MASTER, ViewLayer | Synchronizing object | Carrier16_EMI_spring_1_4
Fra:22 Mem:318.68M (Peak 318.68M) | Time:00:00.31 | Mem:0.00M, Peak:0.00M | C6420_4N_24SFF_v002_MASTER, ViewLayer | Synchronizing object | Carrier10_EMI_spring_1_0
Fra:22 Mem:318.68M (Peak 318.68M) | Time:00:00.31 | Mem:0.00M, Peak:0.00M | C6420_4N_24SFF_v002_MASTER, ViewLayer | Synchronizing object | Carrier16_EMI_spring_1_3
Fra:22 Mem:318.69M (Peak 318.69M) | Time:00:00.31 | Mem:0.00M, Peak:0.00M | C6420_4N_24SFF_v002_MASTER, ViewLayer | Synchronizing object | Carrier16_EMI_spring_1_2
Fra:22 Mem:318.70M (Peak 318.70M) | Time:00:00.31 | Mem:0.00M, Peak:0.00M | C6420_4N_24SFF_v002_MASTER, ViewLayer | Synchronizing object | Carrier16_EMI_spring_1_1
Fra:22 Mem:318.72M (Peak 318.72M) | Time:00:00.31 | Mem:0.00M, Peak:0.00M | C6420_4N_24SFF_v002_MASTER, ViewLayer | Synchronizing object | Carrier16_EMI_spring_1_0
Fra:22 Mem:318.73M (Peak 318.73M) | Time:00:00.31 | Mem:0.00M, Peak:0.00M | C6420_4N_24SFF_v002_MASTER, ViewLayer | Synchronizing object | Carrier16_EMI_spring_-1_8
Fra:22 Mem:318.74M (Peak 318.74M) | Time:00:00.31 | Mem:0.00M, Peak:0.00M | C6420_4N_24SFF_v002_MASTER, ViewLayer | Synchronizing object | Carrier16_EMI_spring_-1_7
Fra:22 Mem:318.75M (Peak 318.75M) | Time:00:00.31 | Mem:0.00M, Peak:0.00M | C6420_4N_24SFF_v002_MASTER, ViewLayer | Synchronizing object | Carrier16_EMI_spring_-1_6
Fra:22 Mem:318.78M (Peak 318.78M) | Time:00:00.31 | Mem:0.00M, Peak:0.00M | C6420_4N_24SFF_v002_MASTER, ViewLayer | Synchronizing object | Carrier10_EMI_spring_1_1
Fra:22 Mem:318.78M (Peak 318.78M) | Time:00:00.31 | Mem:0.00M, Peak:0.00M | C6420_4N_24SFF_v002_MASTER, ViewLayer | Synchronizing object | Carrier16_EMI_spring_-1_5
Fra:22 Mem:318.79M (Peak 318.79M) | Time:00:00.31 | Mem:0.00M, Peak:0.00M | C6420_4N_24SFF_v002_MASTER, ViewLayer | Synchronizing object | Carrier16_EMI_spring_-1_4
Fra:22 Mem:318.80M (Peak 318.80M) | Time:00:00.31 | Mem:0.00M, Peak:0.00M | C6420_4N_24SFF_v002_MASTER, ViewLayer | Synchronizing object | Carrier16_EMI_spring_-1_3
Fra:22 Mem:318.81M (Peak 318.81M) | Time:00:00.31 | Mem:0.00M, Peak:0.00M | C6420_4N_24SFF_v002_MASTER, ViewLayer | Synchronizing object | Carrier16_EMI_spring_-1_2
Fra:22 Mem:318.83M (Peak 318.83M) | Time:00:00.31 | Mem:0.00M, Peak:0.00M | C6420_4N_24SFF_v002_MASTER, ViewLayer | Synchronizing object | Carrier16_EMI_spring_-1_1
Fra:22 Mem:318.84M (Peak 318.84M) | Time:00:00.31 | Mem:0.00M, Peak:0.00M | C6420_4N_24SFF_v002_MASTER, ViewLayer | Synchronizing object | Carrier16_EMI_spring_-1_0
Fra:22 Mem:318.85M (Peak 318.85M) | Time:00:00.31 | Mem:0.00M, Peak:0.00M | C6420_4N_24SFF_v002_MASTER, ViewLayer | Synchronizing object | Carrier16_activity_symbol
Fra:22 Mem:318.86M (Peak 318.86M) | Time:00:00.31 | Mem:0.00M, Peak:0.00M | C6420_4N_24SFF_v002_MASTER, ViewLayer | Synchronizing object | Carrier16_hinge_return_spring
Fra:22 Mem:319.16M (Peak 319.16M) | Time:00:00.31 | Mem:0.00M, Peak:0.00M | C6420_4N_24SFF_v002_MASTER, ViewLayer | Synchronizing object | Carrier10_EMI_spring_1_2
Fra:22 Mem:319.17M (Peak 319.17M) | Time:00:00.31 | Mem:0.00M, Peak:0.00M | C6420_4N_24SFF_v002_MASTER, ViewLayer | Synchronizing object | Carrier10_EMI_spring_1_3
Fra:22 Mem:319.07M (Peak 319.17M) | Time:00:00.31 | Mem:0.00M, Peak:0.00M | C6420_4N_24SFF_v002_MASTER, ViewLayer | Synchronizing object | Carrier15_EMI_spring_1_8
Fra:22 Mem:319.07M (Peak 319.17M) | Time:00:00.31 | Mem:0.00M, Peak:0.00M | C6420_4N_24SFF_v002_MASTER, ViewLayer | Synchronizing object | Carrier15_EMI_spring_1_7
Fra:22 Mem:319.09M (Peak 319.17M) | Time:00:00.31 | Mem:0.00M, Peak:0.00M | C6420_4N_24SFF_v002_MASTER, ViewLayer | Synchronizing object | Carrier15_EMI_spring_1_6
Fra:22 Mem:319.10M (Peak 319.17M) | Time:00:00.31 | Mem:0.00M, Peak:0.00M | C6420_4N_24SFF_v002_MASTER, ViewLayer | Synchronizing object | Carrier15_EMI_spring_1_5
Fra:22 Mem:319.11M (Peak 319.17M) | Time:00:00.31 | Mem:0.00M, Peak:0.00M | C6420_4N_24SFF_v002_MASTER, ViewLayer | Synchronizing object | Carrier15_EMI_spring_1_4
Fra:22 Mem:319.12M (Peak 319.17M) | Time:00:00.31 | Mem:0.00M, Peak:0.00M | C6420_4N_24SFF_v002_MASTER, ViewLayer | Synchronizing object | Carrier15_EMI_spring_1_3
Fra:22 Mem:319.14M (Peak 319.17M) | Time:00:00.31 | Mem:0.00M, Peak:0.00M | C6420_4N_24SFF_v002_MASTER, ViewLayer | Synchronizing object | Carrier15_EMI_spring_1_2
Fra:22 Mem:319.15M (Peak 319.17M) | Time:00:00.31 | Mem:0.00M, Peak:0.00M | C6420_4N_24SFF_v002_MASTER, ViewLayer | Synchronizing object | Carrier15_EMI_spring_1_1
Fra:22 Mem:319.16M (Peak 319.17M) | Time:00:00.31 | Mem:0.00M, Peak:0.00M | C6420_4N_24SFF_v002_MASTER, ViewLayer | Synchronizing object | Carrier15_EMI_spring_1_0
Fra:22 Mem:319.17M (Peak 319.17M) | Time:00:00.31 | Mem:0.00M, Peak:0.00M | C6420_4N_24SFF_v002_MASTER, ViewLayer | Synchronizing object | Carrier15_EMI_spring_-1_8
Fra:22 Mem:319.19M (Peak 319.19M) | Time:00:00.31 | Mem:0.00M, Peak:0.00M | C6420_4N_24SFF_v002_MASTER, ViewLayer | Synchronizing object | Carrier15_EMI_spring_-1_7
Fra:22 Mem:319.20M (Peak 319.20M) | Time:00:00.31 | Mem:0.00M, Peak:0.00M | C6420_4N_24SFF_v002_MASTER, ViewLayer | Synchronizing object | Carrier15_EMI_spring_-1_6
Fra:22 Mem:319.21M (Peak 319.21M) | Time:00:00.31 | Mem:0.00M, Peak:0.00M | C6420_4N_24SFF_v002_MASTER, ViewLayer | Synchronizing object | Carrier15_EMI_spring_-1_5
Fra:22 Mem:319.22M (Peak 319.22M) | Time:00:00.31 | Mem:0.00M, Peak:0.00M | C6420_4N_24SFF_v002_MASTER, ViewLayer | Synchronizing object | Carrier15_EMI_spring_-1_4
Fra:22 Mem:319.23M (Peak 319.23M) | Time:00:00.31 | Mem:0.00M, Peak:0.00M | C6420_4N_24SFF_v002_MASTER, ViewLayer | Synchronizing object | Carrier15_EMI_spring_-1_3
Fra:22 Mem:319.25M (Peak 319.25M) | Time:00:00.31 | Mem:0.00M, Peak:0.00M | C6420_4N_24SFF_v002_MASTER, ViewLayer | Synchronizing object | Carrier10_EMI_spring_1_4
Fra:22 Mem:319.25M (Peak 319.25M) | Time:00:00.31 | Mem:0.00M, Peak:0.00M | C6420_4N_24SFF_v002_MASTER, ViewLayer | Synchronizing object | Carrier15_EMI_spring_-1_2
Fra:22 Mem:319.26M (Peak 319.26M) | Time:00:00.31 | Mem:0.00M, Peak:0.00M | C6420_4N_24SFF_v002_MASTER, ViewLayer | Synchronizing object | Carrier10_EMI_spring_1_5
Fra:22 Mem:319.29M (Peak 319.29M) | Time:00:00.31 | Mem:0.00M, Peak:0.00M | C6420_4N_24SFF_v002_MASTER, ViewLayer | Synchronizing object | Carrier10_EMI_spring_1_6
Fra:22 Mem:319.31M (Peak 319.31M) | Time:00:00.31 | Mem:0.00M, Peak:0.00M | C6420_4N_24SFF_v002_MASTER, ViewLayer | Synchronizing object | Carrier15_EMI_spring_-1_1
Fra:22 Mem:319.31M (Peak 319.31M) | Time:00:00.31 | Mem:0.00M, Peak:0.00M | C6420_4N_24SFF_v002_MASTER, ViewLayer | Synchronizing object | Carrier10_EMI_spring_1_8
Fra:22 Mem:319.37M (Peak 319.37M) | Time:00:00.31 | Mem:0.00M, Peak:0.00M | C6420_4N_24SFF_v002_MASTER, ViewLayer | Synchronizing object | Carrier15_EMI_spring_-1_0
Fra:22 Mem:319.35M (Peak 319.37M) | Time:00:00.31 | Mem:0.00M, Peak:0.00M | C6420_4N_24SFF_v002_MASTER, ViewLayer | Synchronizing object | Carrier11_hinge_return_spring
Fra:22 Mem:319.36M (Peak 319.37M) | Time:00:00.31 | Mem:0.00M, Peak:0.00M | C6420_4N_24SFF_v002_MASTER, ViewLayer | Synchronizing object | Carrier11_activity_symbol
Fra:22 Mem:319.36M (Peak 319.37M) | Time:00:00.31 | Mem:0.00M, Peak:0.00M | C6420_4N_24SFF_v002_MASTER, ViewLayer | Synchronizing object | Carrier11_EMI_spring_-1_1
Fra:22 Mem:319.44M (Peak 319.44M) | Time:00:00.31 | Mem:0.00M, Peak:0.00M | C6420_4N_24SFF_v002_MASTER, ViewLayer | Synchronizing object | Carrier11_EMI_spring_-1_0
Fra:22 Mem:319.45M (Peak 319.45M) | Time:00:00.31 | Mem:0.00M, Peak:0.00M | C6420_4N_24SFF_v002_MASTER, ViewLayer | Synchronizing object | Carrier11_EMI_spring_-1_2
Fra:22 Mem:319.47M (Peak 319.47M) | Time:00:00.31 | Mem:0.00M, Peak:0.00M | C6420_4N_24SFF_v002_MASTER, ViewLayer | Synchronizing object | Carrier11_EMI_spring_-1_4
Fra:22 Mem:319.51M (Peak 319.51M) | Time:00:00.31 | Mem:0.00M, Peak:0.00M | C6420_4N_24SFF_v002_MASTER, ViewLayer | Synchronizing object | Carrier11_EMI_spring_-1_5
Fra:22 Mem:319.56M (Peak 319.55M) | Time:00:00.31 | Mem:0.00M, Peak:0.00M | C6420_4N_24SFF_v002_MASTER, ViewLayer | Synchronizing object | Carrier11_EMI_spring_-1_6
Fra:22 Mem:319.62M (Peak 319.62M) | Time:00:00.31 | Mem:0.00M, Peak:0.00M | C6420_4N_24SFF_v002_MASTER, ViewLayer | Synchronizing object | Carrier15_hinge_return_spring
Fra:22 Mem:319.59M (Peak 319.62M) | Time:00:00.31 | Mem:0.00M, Peak:0.00M | C6420_4N_24SFF_v002_MASTER, ViewLayer | Synchronizing object | Carrier11_EMI_spring_-1_7
Fra:22 Mem:319.63M (Peak 319.63M) | Time:00:00.31 | Mem:0.00M, Peak:0.00M | C6420_4N_24SFF_v002_MASTER, ViewLayer | Synchronizing object | Carrier11_EMI_spring_1_1
Fra:22 Mem:319.69M (Peak 319.69M) | Time:00:00.32 | Mem:0.00M, Peak:0.00M | C6420_4N_24SFF_v002_MASTER, ViewLayer | Synchronizing object | Carrier11_EMI_spring_1_2
Fra:22 Mem:319.70M (Peak 319.70M) | Time:00:00.32 | Mem:0.00M, Peak:0.00M | C6420_4N_24SFF_v002_MASTER, ViewLayer | Synchronizing object | Carrier11_EMI_spring_1_4
Fra:22 Mem:319.74M (Peak 319.74M) | Time:00:00.32 | Mem:0.00M, Peak:0.00M | C6420_4N_24SFF_v002_MASTER, ViewLayer | Synchronizing object | Carrier11_EMI_spring_1_5
Fra:22 Mem:319.83M (Peak 319.83M) | Time:00:00.32 | Mem:0.00M, Peak:0.00M | C6420_4N_24SFF_v002_MASTER, ViewLayer | Synchronizing object | Carrier11_EMI_spring_1_6
Fra:22 Mem:319.87M (Peak 319.87M) | Time:00:00.32 | Mem:0.00M, Peak:0.00M | C6420_4N_24SFF_v002_MASTER, ViewLayer | Synchronizing object | Carrier11_EMI_spring_1_7
Fra:22 Mem:319.83M (Peak 319.87M) | Time:00:00.32 | Mem:0.00M, Peak:0.00M | C6420_4N_24SFF_v002_MASTER, ViewLayer | Synchronizing object | Carrier11_EMI_spring_1_8
Fra:22 Mem:319.86M (Peak 319.87M) | Time:00:00.32 | Mem:0.00M, Peak:0.00M | C6420_4N_24SFF_v002_MASTER, ViewLayer | Synchronizing object | Carrier12_hinge_return_spring
Fra:22 Mem:320.06M (Peak 320.06M) | Time:00:00.32 | Mem:0.00M, Peak:0.00M | C6420_4N_24SFF_v002_MASTER, ViewLayer | Synchronizing object | Carrier12_activity_symbol
Fra:22 Mem:320.05M (Peak 320.06M) | Time:00:00.32 | Mem:0.00M, Peak:0.00M | C6420_4N_24SFF_v002_MASTER, ViewLayer | Synchronizing object | Carrier12_EMI_spring_-1_1
Fra:22 Mem:320.06M (Peak 320.06M) | Time:00:00.32 | Mem:0.00M, Peak:0.00M | C6420_4N_24SFF_v002_MASTER, ViewLayer | Synchronizing object | Carrier12_EMI_spring_-1_2
Fra:22 Mem:320.31M (Peak 320.31M) | Time:00:00.32 | Mem:0.00M, Peak:0.00M | C6420_4N_24SFF_v002_MASTER, ViewLayer | Synchronizing object | Carrier12_EMI_spring_-1_3
Fra:22 Mem:320.31M (Peak 320.31M) | Time:00:00.32 | Mem:0.00M, Peak:0.00M | C6420_4N_24SFF_v002_MASTER, ViewLayer | Synchronizing object | Carrier12_EMI_spring_-1_4
Fra:22 Mem:320.30M (Peak 320.31M) | Time:00:00.32 | Mem:0.00M, Peak:0.00M | C6420_4N_24SFF_v002_MASTER, ViewLayer | Synchronizing object | Carrier12_EMI_spring_-1_5
Fra:22 Mem:320.40M (Peak 320.40M) | Time:00:00.32 | Mem:0.00M, Peak:0.00M | C6420_4N_24SFF_v002_MASTER, ViewLayer | Synchronizing object | Carrier12_EMI_spring_-1_6
Fra:22 Mem:320.39M (Peak 320.40M) | Time:00:00.32 | Mem:0.00M, Peak:0.00M | C6420_4N_24SFF_v002_MASTER, ViewLayer | Synchronizing object | Carrier12_EMI_spring_-1_7
Fra:22 Mem:320.39M (Peak 320.40M) | Time:00:00.32 | Mem:0.00M, Peak:0.00M | C6420_4N_24SFF_v002_MASTER, ViewLayer | Synchronizing object | Carrier12_EMI_spring_-1_8
Fra:22 Mem:320.43M (Peak 320.43M) | Time:00:00.32 | Mem:0.00M, Peak:0.00M | C6420_4N_24SFF_v002_MASTER, ViewLayer | Synchronizing object | Carrier12_EMI_spring_1_0
Fra:22 Mem:320.42M (Peak 320.43M) | Time:00:00.32 | Mem:0.00M, Peak:0.00M | C6420_4N_24SFF_v002_MASTER, ViewLayer | Synchronizing object | Carrier12_EMI_spring_1_1
Fra:22 Mem:320.43M (Peak 320.43M) | Time:00:00.32 | Mem:0.00M, Peak:0.00M | C6420_4N_24SFF_v002_MASTER, ViewLayer | Synchronizing object | Carrier12_EMI_spring_1_2
Fra:22 Mem:320.30M (Peak 320.43M) | Time:00:00.32 | Mem:0.00M, Peak:0.00M | C6420_4N_24SFF_v002_MASTER, ViewLayer | Synchronizing object | Carrier12_EMI_spring_1_3
Fra:22 Mem:320.36M (Peak 320.43M) | Time:00:00.32 | Mem:0.00M, Peak:0.00M | C6420_4N_24SFF_v002_MASTER, ViewLayer | Synchronizing object | Carrier12_EMI_spring_1_4
Fra:22 Mem:320.34M (Peak 320.43M) | Time:00:00.32 | Mem:0.00M, Peak:0.00M | C6420_4N_24SFF_v002_MASTER, ViewLayer | Synchronizing object | Carrier12_EMI_spring_1_5
Fra:22 Mem:320.35M (Peak 320.43M) | Time:00:00.32 | Mem:0.00M, Peak:0.00M | C6420_4N_24SFF_v002_MASTER, ViewLayer | Synchronizing object | Carrier12_EMI_spring_1_6
Fra:22 Mem:316.75M (Peak 320.43M) | Time:00:00.32 | Mem:0.00M, Peak:0.00M | C6420_4N_24SFF_v002_MASTER, ViewLayer | Synchronizing object | Carrier12_EMI_spring_1_7
Fra:22 Mem:316.75M (Peak 320.43M) | Time:00:00.32 | Mem:0.00M, Peak:0.00M | C6420_4N_24SFF_v002_MASTER, ViewLayer | Synchronizing object | Carrier13_hinge_return_spring
Fra:22 Mem:316.79M (Peak 320.43M) | Time:00:00.32 | Mem:0.00M, Peak:0.00M | C6420_4N_24SFF_v002_MASTER, ViewLayer | Synchronizing object | Carrier13_activity_symbol
Fra:22 Mem:316.84M (Peak 320.43M) | Time:00:00.32 | Mem:0.00M, Peak:0.00M | C6420_4N_24SFF_v002_MASTER, ViewLayer | Synchronizing object | Carrier14_EMI_spring_1_8
Fra:22 Mem:316.82M (Peak 320.43M) | Time:00:00.32 | Mem:0.00M, Peak:0.00M | C6420_4N_24SFF_v002_MASTER, ViewLayer | Synchronizing object | Carrier13_EMI_spring_-1_1
Fra:22 Mem:316.84M (Peak 320.43M) | Time:00:00.32 | Mem:0.00M, Peak:0.00M | C6420_4N_24SFF_v002_MASTER, ViewLayer | Synchronizing object | Carrier13_EMI_spring_-1_2
Fra:22 Mem:317.53M (Peak 320.43M) | Time:00:00.32 | Mem:0.00M, Peak:0.00M | C6420_4N_24SFF_v002_MASTER, ViewLayer | Synchronizing object | Carrier14_EMI_spring_1_7
Fra:22 Mem:317.53M (Peak 320.43M) | Time:00:00.32 | Mem:0.00M, Peak:0.00M | C6420_4N_24SFF_v002_MASTER, ViewLayer | Synchronizing object | Carrier13_EMI_spring_-1_3
Fra:22 Mem:317.52M (Peak 320.43M) | Time:00:00.32 | Mem:0.00M, Peak:0.00M | C6420_4N_24SFF_v002_MASTER, ViewLayer | Synchronizing object | Carrier13_EMI_spring_-1_4
Fra:22 Mem:317.53M (Peak 320.43M) | Time:00:00.32 | Mem:0.00M, Peak:0.00M | C6420_4N_24SFF_v002_MASTER, ViewLayer | Synchronizing object | Carrier13_EMI_spring_-1_5
Fra:22 Mem:317.57M (Peak 320.43M) | Time:00:00.32 | Mem:0.00M, Peak:0.00M | C6420_4N_24SFF_v002_MASTER, ViewLayer | Synchronizing object | Carrier14_EMI_spring_1_6
Fra:22 Mem:317.58M (Peak 320.43M) | Time:00:00.32 | Mem:0.00M, Peak:0.00M | C6420_4N_24SFF_v002_MASTER, ViewLayer | Synchronizing object | Carrier13_EMI_spring_-1_6
Fra:22 Mem:317.52M (Peak 320.43M) | Time:00:00.32 | Mem:0.00M, Peak:0.00M | C6420_4N_24SFF_v002_MASTER, ViewLayer | Synchronizing object | Carrier13_EMI_spring_-1_7
Fra:22 Mem:317.55M (Peak 320.43M) | Time:00:00.32 | Mem:0.00M, Peak:0.00M | C6420_4N_24SFF_v002_MASTER, ViewLayer | Synchronizing object | Carrier13_EMI_spring_-1_8
Fra:22 Mem:318.62M (Peak 320.43M) | Time:00:00.32 | Mem:0.00M, Peak:0.00M | C6420_4N_24SFF_v002_MASTER, ViewLayer | Synchronizing object | Carrier14_EMI_spring_1_5
Fra:22 Mem:318.68M (Peak 320.43M) | Time:00:00.32 | Mem:0.00M, Peak:0.00M | C6420_4N_24SFF_v002_MASTER, ViewLayer | Synchronizing object | Carrier13_EMI_spring_1_0
Fra:22 Mem:318.68M (Peak 320.43M) | Time:00:00.32 | Mem:0.00M, Peak:0.00M | C6420_4N_24SFF_v002_MASTER, ViewLayer | Synchronizing object | Carrier13_EMI_spring_1_1
Fra:22 Mem:318.68M (Peak 320.43M) | Time:00:00.32 | Mem:0.00M, Peak:0.00M | C6420_4N_24SFF_v002_MASTER, ViewLayer | Synchronizing object | Carrier13_EMI_spring_1_3
Fra:22 Mem:318.67M (Peak 320.43M) | Time:00:00.32 | Mem:0.00M, Peak:0.00M | C6420_4N_24SFF_v002_MASTER, ViewLayer | Synchronizing object | Carrier14_EMI_spring_1_4
Fra:22 Mem:318.75M (Peak 320.43M) | Time:00:00.32 | Mem:0.00M, Peak:0.00M | C6420_4N_24SFF_v002_MASTER, ViewLayer | Synchronizing object | Carrier13_EMI_spring_1_4
Fra:22 Mem:318.78M (Peak 320.43M) | Time:00:00.32 | Mem:0.00M, Peak:0.00M | C6420_4N_24SFF_v002_MASTER, ViewLayer | Synchronizing object | Carrier14_EMI_spring_1_3
Fra:22 Mem:318.79M (Peak 320.43M) | Time:00:00.32 | Mem:0.00M, Peak:0.00M | C6420_4N_24SFF_v002_MASTER, ViewLayer | Synchronizing object | Carrier13_EMI_spring_1_5
Fra:22 Mem:318.80M (Peak 320.43M) | Time:00:00.32 | Mem:0.00M, Peak:0.00M | C6420_4N_24SFF_v002_MASTER, ViewLayer | Synchronizing object | Carrier13_EMI_spring_1_7
Fra:22 Mem:318.77M (Peak 320.43M) | Time:00:00.32 | Mem:0.00M, Peak:0.00M | C6420_4N_24SFF_v002_MASTER, ViewLayer | Synchronizing object | Carrier13_EMI_spring_1_8
Fra:22 Mem:318.76M (Peak 320.43M) | Time:00:00.32 | Mem:0.00M, Peak:0.00M | C6420_4N_24SFF_v002_MASTER, ViewLayer | Synchronizing object | Carrier14_EMI_spring_1_2
Fra:22 Mem:318.76M (Peak 320.43M) | Time:00:00.32 | Mem:0.00M, Peak:0.00M | C6420_4N_24SFF_v002_MASTER, ViewLayer | Synchronizing object | Carrier14_hinge_return_spring
Fra:22 Mem:318.75M (Peak 320.43M) | Time:00:00.32 | Mem:0.00M, Peak:0.00M | C6420_4N_24SFF_v002_MASTER, ViewLayer | Synchronizing object | Carrier14_EMI_spring_-1_0
Fra:22 Mem:318.86M (Peak 320.43M) | Time:00:00.32 | Mem:0.00M, Peak:0.00M | C6420_4N_24SFF_v002_MASTER, ViewLayer | Synchronizing object | Carrier14_EMI_spring_-1_1
Fra:22 Mem:318.89M (Peak 320.43M) | Time:00:00.32 | Mem:0.00M, Peak:0.00M | C6420_4N_24SFF_v002_MASTER, ViewLayer | Synchronizing object | Carrier14_EMI_spring_1_1
Fra:22 Mem:318.93M (Peak 320.43M) | Time:00:00.32 | Mem:0.00M, Peak:0.00M | C6420_4N_24SFF_v002_MASTER, ViewLayer | Synchronizing object | Carrier14_EMI_spring_-1_2
Fra:22 Mem:318.99M (Peak 320.43M) | Time:00:00.32 | Mem:0.00M, Peak:0.00M | C6420_4N_24SFF_v002_MASTER, ViewLayer | Synchronizing object | Carrier14_EMI_spring_-1_3
Fra:22 Mem:319.09M (Peak 320.43M) | Time:00:00.32 | Mem:0.00M, Peak:0.00M | C6420_4N_24SFF_v002_MASTER, ViewLayer | Synchronizing object | Carrier14_EMI_spring_-1_4
Fra:22 Mem:319.07M (Peak 320.43M) | Time:00:00.32 | Mem:0.00M, Peak:0.00M | C6420_4N_24SFF_v002_MASTER, ViewLayer | Synchronizing object | Carrier14_EMI_spring_1_0
Fra:22 Mem:317.51M (Peak 320.43M) | Time:00:00.32 | Mem:0.00M, Peak:0.00M | C6420_4N_24SFF_v002_MASTER, ViewLayer | Synchronizing object | Carrier14_EMI_spring_-1_5
Fra:22 Mem:317.52M (Peak 320.43M) | Time:00:00.32 | Mem:0.00M, Peak:0.00M | C6420_4N_24SFF_v002_MASTER, ViewLayer | Synchronizing object | Carrier14_EMI_spring_-1_6
Fra:22 Mem:317.52M (Peak 320.43M) | Time:00:00.32 | Mem:0.00M, Peak:0.00M | C6420_4N_24SFF_v002_MASTER, ViewLayer | Synchronizing object | Carrier14_EMI_spring_-1_7
Fra:22 Mem:317.55M (Peak 320.43M) | Time:00:00.32 | Mem:0.00M, Peak:0.00M | C6420_4N_24SFF_v002_MASTER, ViewLayer | Synchronizing object | Carrier14_EMI_spring_-1_8
Fra:22 Mem:304.84M (Peak 320.43M) | Time:00:00.34 | Mem:0.00M, Peak:0.00M | C6420_4N_24SFF_v002_MASTER, ViewLayer | Initializing
Fra:22 Mem:295.87M (Peak 320.43M) | Time:00:00.35 | Mem:0.00M, Peak:0.00M | C6420_4N_24SFF_v002_MASTER, ViewLayer | Updating Images | Loading nylon-normal.png.001
Fra:22 Mem:295.87M (Peak 320.43M) | Time:00:00.35 | Mem:0.00M, Peak:0.00M | C6420_4N_24SFF_v002_MASTER, ViewLayer | Updating Images | Loading zinc-rough.png.001
Fra:22 Mem:295.87M (Peak 320.43M) | Time:00:00.35 | Mem:0.00M, Peak:0.00M | C6420_4N_24SFF_v002_MASTER, ViewLayer | Updating Images | Loading abs-base.png.001
Fra:22 Mem:447.89M (Peak 463.89M) | Time:00:00.38 | Mem:8.00M, Peak:8.00M | C6420_4N_24SFF_v002_MASTER, ViewLayer | Updating Images | Loading abs-rough.png.001
Fra:22 Mem:527.91M (Peak 559.92M) | Time:00:00.44 | Mem:24.00M, Peak:24.00M | C6420_4N_24SFF_v002_MASTER, ViewLayer | Updating Images | Loading abs-normal.png.001
Fra:22 Mem:511.90M (Peak 559.92M) | Time:00:00.44 | Mem:40.00M, Peak:40.00M | C6420_4N_24SFF_v002_MASTER, ViewLayer | Updating Images | Loading dell-emc-official.png.001
Fra:22 Mem:512.25M (Peak 559.92M) | Time:00:00.44 | Mem:40.35M, Peak:40.35M | C6420_4N_24SFF_v002_MASTER, ViewLayer | Updating Images | Loading c6400-official.png.001
Fra:22 Mem:512.52M (Peak 559.92M) | Time:00:00.45 | Mem:40.62M, Peak:40.62M | C6420_4N_24SFF_v002_MASTER, ViewLayer | Updating Images | Loading abacus-clear-service
Fra:22 Mem:552.52M (Peak 584.53M) | Time:00:00.45 | Mem:56.62M, Peak:56.62M | C6420_4N_24SFF_v002_MASTER, ViewLayer | Updating Images | Loading abacus-clear-warning
Fra:22 Mem:554.09M (Peak 584.53M) | Time:00:00.48 | Mem:58.18M, Peak:58.18M | C6420_4N_24SFF_v002_MASTER, ViewLayer | Updating Images | Loading abacus-clear-regulatory
Fra:22 Mem:635.67M (Peak 667.68M) | Time:00:00.49 | Mem:74.18M, Peak:74.18M | C6420_4N_24SFF_v002_MASTER, ViewLayer | Updating Images | Loading nylon-base.png.001
Fra:22 Mem:635.67M (Peak 667.68M) | Time:00:00.49 | Mem:90.18M, Peak:90.18M | C6420_4N_24SFF_v002_MASTER, ViewLayer | Updating Images | Loading nylon-rough.png.001
Fra:22 Mem:469.85M (Peak 699.68M) | Time:00:00.63 | Mem:227.74M, Peak:227.74M | C6420_4N_24SFF_v002_MASTER, ViewLayer | Waiting for render to start
Fra:22 Mem:469.85M (Peak 699.68M) | Time:00:00.63 | Mem:227.74M, Peak:227.74M | C6420_4N_24SFF_v002_MASTER, ViewLayer | Loading render kernels (may take a few minutes the first time)
Fra:22 Mem:469.85M (Peak 699.68M) | Time:00:00.63 | Mem:227.74M, Peak:227.74M | C6420_4N_24SFF_v002_MASTER, ViewLayer | Updating Scene
Fra:22 Mem:469.85M (Peak 699.68M) | Time:00:00.63 | Mem:227.74M, Peak:227.74M | C6420_4N_24SFF_v002_MASTER, ViewLayer | Updating Shaders
Fra:22 Mem:469.95M (Peak 699.68M) | Time:00:00.63 | Mem:227.76M, Peak:227.76M | C6420_4N_24SFF_v002_MASTER, ViewLayer | Updating Procedurals
Fra:22 Mem:469.95M (Peak 699.68M) | Time:00:00.63 | Mem:227.76M, Peak:227.76M | C6420_4N_24SFF_v002_MASTER, ViewLayer | Updating Background
Fra:22 Mem:469.95M (Peak 699.68M) | Time:00:00.63 | Mem:227.76M, Peak:227.76M | C6420_4N_24SFF_v002_MASTER, ViewLayer | Updating Camera
Fra:22 Mem:469.95M (Peak 699.68M) | Time:00:00.63 | Mem:227.76M, Peak:227.76M | C6420_4N_24SFF_v002_MASTER, ViewLayer | Updating Meshes Flags
Fra:22 Mem:469.95M (Peak 699.68M) | Time:00:00.63 | Mem:227.76M, Peak:227.76M | C6420_4N_24SFF_v002_MASTER, ViewLayer | Updating Objects
Fra:22 Mem:469.95M (Peak 699.68M) | Time:00:00.63 | Mem:227.76M, Peak:227.76M | C6420_4N_24SFF_v002_MASTER, ViewLayer | Updating Objects | Copying Transformations to device
Fra:22 Mem:470.43M (Peak 699.68M) | Time:00:00.63 | Mem:228.22M, Peak:228.22M | C6420_4N_24SFF_v002_MASTER, ViewLayer | Updating Objects | Applying Static Transformations
Fra:22 Mem:470.43M (Peak 699.68M) | Time:00:00.64 | Mem:228.22M, Peak:228.22M | C6420_4N_24SFF_v002_MASTER, ViewLayer | Updating Particle Systems
Fra:22 Mem:470.43M (Peak 699.68M) | Time:00:00.64 | Mem:228.22M, Peak:228.22M | C6420_4N_24SFF_v002_MASTER, ViewLayer | Updating Particle Systems | Copying Particles to device
Fra:22 Mem:470.43M (Peak 699.68M) | Time:00:00.64 | Mem:228.22M, Peak:228.22M | C6420_4N_24SFF_v002_MASTER, ViewLayer | Updating Meshes
Fra:22 Mem:477.39M (Peak 699.68M) | Time:00:00.65 | Mem:228.22M, Peak:228.22M | C6420_4N_24SFF_v002_MASTER, ViewLayer | Updating Mesh | Computing attributes
Fra:22 Mem:510.23M (Peak 699.68M) | Time:00:00.70 | Mem:228.33M, Peak:228.33M | C6420_4N_24SFF_v002_MASTER, ViewLayer | Updating Mesh | Copying Attributes to device
Fra:22 Mem:509.91M (Peak 699.68M) | Time:00:00.70 | Mem:260.74M, Peak:260.74M | C6420_4N_24SFF_v002_MASTER, ViewLayer | Updating Geometry BVH Side_upper_inward_return_1_mesh 1/165 | Building BVH
Fra:22 Mem:509.91M (Peak 699.68M) | Time:00:00.70 | Mem:260.74M, Peak:260.74M | C6420_4N_24SFF_v002_MASTER, ViewLayer | Updating Geometry BVH Side_1_fastener_0_recessed_head_mesh 6/165 | Building BVH
Fra:22 Mem:509.91M (Peak 699.68M) | Time:00:00.70 | Mem:260.74M, Peak:260.74M | C6420_4N_24SFF_v002_MASTER, ViewLayer | Updating Geometry BVH Side_1_fastener_1_recessed_head_mesh 8/165 | Building BVH
Fra:22 Mem:509.91M (Peak 699.68M) | Time:00:00.70 | Mem:260.74M, Peak:260.74M | C6420_4N_24SFF_v002_MASTER, ViewLayer | Updating Geometry BVH Side_1_fastener_1_recess_floor_mesh 9/165 | Building BVH
Fra:22 Mem:509.91M (Peak 699.68M) | Time:00:00.70 | Mem:260.74M, Peak:260.74M | C6420_4N_24SFF_v002_MASTER, ViewLayer | Updating Geometry BVH PSU1_efficiency_exact_letters_font 165/165 | Building BVH
Fra:22 Mem:509.91M (Peak 699.68M) | Time:00:00.70 | Mem:260.79M, Peak:260.79M | C6420_4N_24SFF_v002_MASTER, ViewLayer | Updating Geometry BVH PSU1_efficiency_exact_letters_font 165/165 | Building BVH 0%
Fra:22 Mem:509.91M (Peak 699.68M) | Time:00:00.70 | Mem:260.79M, Peak:260.79M | C6420_4N_24SFF_v002_MASTER, ViewLayer | Updating Geometry BVH PSU1_efficiency_exact_letters_font 165/165 | Building BVH
Fra:22 Mem:509.91M (Peak 699.68M) | Time:00:00.70 | Mem:261.00M, Peak:261.01M | C6420_4N_24SFF_v002_MASTER, ViewLayer | Updating Geometry BVH Side_1_fastener_2_recessed_head_mesh 10/165 | Building BVH
Fra:22 Mem:509.91M (Peak 699.68M) | Time:00:00.70 | Mem:261.01M, Peak:261.01M | C6420_4N_24SFF_v002_MASTER, ViewLayer | Updating Geometry BVH Side_1_fastener_4_recess_floor_mesh 14/165 | Building BVH
Fra:22 Mem:509.91M (Peak 699.68M) | Time:00:00.70 | Mem:261.18M, Peak:261.20M | C6420_4N_24SFF_v002_MASTER, ViewLayer | Updating Geometry BVH PSU1_2400W_exact_letters_font 164/165 | Building BVH
Fra:22 Mem:509.91M (Peak 699.68M) | Time:00:00.70 | Mem:261.38M, Peak:261.38M | C6420_4N_24SFF_v002_MASTER, ViewLayer | Updating Geometry BVH Side_1_fastener_5_recessed_head_mesh 15/165 | Building BVH
Fra:22 Mem:509.91M (Peak 699.68M) | Time:00:00.70 | Mem:261.51M, Peak:261.52M | C6420_4N_24SFF_v002_MASTER, ViewLayer | Updating Geometry BVH PSU1_EPP_exact_letters_font 163/165 | Building BVH
Fra:22 Mem:509.91M (Peak 699.68M) | Time:00:00.70 | Mem:261.52M, Peak:261.52M | C6420_4N_24SFF_v002_MASTER, ViewLayer | Updating Geometry BVH Side_1_fastener_6_recessed_head_mesh 16/165 | Building BVH
Fra:22 Mem:509.91M (Peak 699.68M) | Time:00:00.70 | Mem:261.51M, Peak:261.53M | C6420_4N_24SFF_v002_MASTER, ViewLayer | Updating Geometry BVH Side_1_fastener_6_recess_floor_mesh 17/165 | Building BVH
Fra:22 Mem:509.91M (Peak 699.68M) | Time:00:00.70 | Mem:261.56M, Peak:261.56M | C6420_4N_24SFF_v002_MASTER, ViewLayer | Updating Geometry BVH PSU1_EPP_green_upper_field_mesh 162/165 | Building BVH
Fra:22 Mem:509.91M (Peak 699.68M) | Time:00:00.70 | Mem:261.63M, Peak:261.63M | C6420_4N_24SFF_v002_MASTER, ViewLayer | Updating Geometry BVH Side_1_fastener_7_recessed_head_mesh 18/165 | Building BVH
Fra:22 Mem:509.91M (Peak 699.68M) | Time:00:00.70 | Mem:261.74M, Peak:261.74M | C6420_4N_24SFF_v002_MASTER, ViewLayer | Updating Geometry BVH Side_1_fastener_8_recessed_head_mesh 19/165 | Building BVH
Fra:22 Mem:509.91M (Peak 699.68M) | Time:00:00.70 | Mem:261.76M, Peak:261.76M | C6420_4N_24SFF_v002_MASTER, ViewLayer | Updating Geometry BVH PSU1_EPP_real_print_paper_mesh 161/165 | Building BVH
Fra:22 Mem:509.91M (Peak 699.68M) | Time:00:00.70 | Mem:261.77M, Peak:261.77M | C6420_4N_24SFF_v002_MASTER, ViewLayer | Updating Geometry BVH Side_1_fastener_9_recessed_head_mesh 20/165 | Building BVH
Fra:22 Mem:509.91M (Peak 699.68M) | Time:00:00.70 | Mem:261.86M, Peak:261.90M | C6420_4N_24SFF_v002_MASTER, ViewLayer | Updating Geometry BVH Side_1_fastener_10_recessed_head_mesh 21/165 | Building BVH
Fra:22 Mem:509.91M (Peak 699.68M) | Time:00:00.70 | Mem:261.94M, Peak:261.94M | C6420_4N_24SFF_v002_MASTER, ViewLayer | Updating Geometry BVH Side_1_clinch_0_mesh 22/165 | Building BVH
Fra:22 Mem:509.91M (Peak 699.68M) | Time:00:00.70 | Mem:262.01M, Peak:262.01M | C6420_4N_24SFF_v002_MASTER, ViewLayer | Updating Geometry BVH PSU1_vertical_pull_anchor_mesh 160/165 | Building BVH
Fra:22 Mem:509.91M (Peak 699.68M) | Time:00:00.70 | Mem:262.00M, Peak:262.03M | C6420_4N_24SFF_v002_MASTER, ViewLayer | Updating Geometry BVH Side_rail_latch_outline_1_mesh 23/165 | Building BVH
Fra:22 Mem:509.91M (Peak 699.68M) | Time:00:00.70 | Mem:262.12M, Peak:262.12M | C6420_4N_24SFF_v002_MASTER, ViewLayer | Updating Geometry BVH PSU1_round_EPP_label_substrate_mesh 159/165 | Building BVH
Fra:22 Mem:509.91M (Peak 699.68M) | Time:00:00.70 | Mem:262.27M, Peak:262.27M | C6420_4N_24SFF_v002_MASTER, ViewLayer | Updating Geometry BVH Underlapping_cover_seam_mesh 24/165 | Building BVH
Fra:22 Mem:509.91M (Peak 699.68M) | Time:00:00.70 | Mem:262.34M, Peak:262.34M | C6420_4N_24SFF_v002_MASTER, ViewLayer | Updating Geometry BVH Cover_traction_pad_mesh 25/165 | Building BVH
Fra:22 Mem:509.91M (Peak 699.68M) | Time:00:00.70 | Mem:262.39M, Peak:262.39M | C6420_4N_24SFF_v002_MASTER, ViewLayer | Updating Geometry BVH Front_cover_flush_screw_recess_floor_mesh 26/165 | Building BVH
Fra:22 Mem:509.91M (Peak 699.68M) | Time:00:00.70 | Mem:262.45M, Peak:262.51M | C6420_4N_24SFF_v002_MASTER, ViewLayer | Updating Geometry BVH Rear_cover_flush_screw_recessed_head_mesh 27/165 | Building BVH
Fra:22 Mem:509.91M (Peak 699.68M) | Time:00:00.70 | Mem:262.47M, Peak:262.51M | C6420_4N_24SFF_v002_MASTER, ViewLayer | Updating Geometry BVH Midheight_sled_shelf_mesh 31/165 | Building BVH
Fra:22 Mem:509.91M (Peak 699.68M) | Time:00:00.70 | Mem:262.38M, Peak:262.51M | C6420_4N_24SFF_v002_MASTER, ViewLayer | Updating Geometry BVH Hidden_backplane_socket_mesh 33/165 | Building BVH
Fra:22 Mem:509.91M (Peak 699.68M) | Time:00:00.70 | Mem:262.58M, Peak:262.59M | C6420_4N_24SFF_v002_MASTER, ViewLayer | Updating Geometry BVH Control_ear_shell_-1_mesh 35/165 | Building BVH
Fra:22 Mem:509.91M (Peak 699.68M) | Time:00:00.70 | Mem:262.81M, Peak:262.81M | C6420_4N_24SFF_v002_MASTER, ViewLayer | Updating Geometry BVH Lower_ear_screw_boss_-1_mesh 36/165 | Building BVH
Fra:22 Mem:509.91M (Peak 699.68M) | Time:00:00.70 | Mem:262.85M, Peak:262.85M | C6420_4N_24SFF_v002_MASTER, ViewLayer | Updating Geometry BVH Front_punched_cheek_-1_mesh 37/165 | Building BVH
Fra:22 Mem:509.91M (Peak 699.68M) | Time:00:00.70 | Mem:263.14M, Peak:263.14M | C6420_4N_24SFF_v002_MASTER, ViewLayer | Updating Geometry BVH Front_cage_side_return_-1_mesh 38/165 | Building BVH
Fra:22 Mem:509.91M (Peak 699.68M) | Time:00:00.70 | Mem:263.39M, Peak:263.39M | C6420_4N_24SFF_v002_MASTER, ViewLayer | Updating Geometry BVH Handle_flat_anchor_-1_mesh 39/165 | Building BVH
Fra:22 Mem:509.91M (Peak 699.68M) | Time:00:00.70 | Mem:263.41M, Peak:263.41M | C6420_4N_24SFF_v002_MASTER, ViewLayer | Updating Geometry BVH Front_lower_rolled_hem_mesh 40/165 | Building BVH
Fra:22 Mem:509.91M (Peak 699.68M) | Time:00:00.70 | Mem:263.44M, Peak:263.44M | C6420_4N_24SFF_v002_MASTER, ViewLayer | Updating Geometry BVH Drive_bank_divider_0_mesh 41/165 | Building BVH
Fra:22 Mem:509.91M (Peak 699.68M) | Time:00:00.70 | Mem:263.49M, Peak:263.52M | C6420_4N_24SFF_v002_MASTER, ViewLayer | Updating Geometry BVH Control_face_inset_-1_mesh 42/165 | Building BVH
Fra:22 Mem:509.91M (Peak 699.68M) | Time:00:00.70 | Mem:263.52M, Peak:263.52M | C6420_4N_24SFF_v002_MASTER, ViewLayer | Updating Geometry BVH Control_face_bottom_clip_-1_mesh 43/165 | Building BVH
Fra:22 Mem:509.91M (Peak 699.68M) | Time:00:00.70 | Mem:263.53M, Peak:263.57M | C6420_4N_24SFF_v002_MASTER, ViewLayer | Updating Geometry BVH Power_button_lens_1_mesh 44/165 | Building BVH
Fra:22 Mem:509.91M (Peak 699.68M) | Time:00:00.70 | Mem:263.56M, Peak:263.57M | C6420_4N_24SFF_v002_MASTER, ViewLayer | Updating Geometry BVH ID_button_lens_1_mesh 46/165 | Building BVH
Fra:22 Mem:509.91M (Peak 699.68M) | Time:00:00.70 | Mem:263.53M, Peak:263.57M | C6420_4N_24SFF_v002_MASTER, ViewLayer | Updating Geometry BVH ID_button_print_1_mesh 47/165 | Building BVH
Fra:22 Mem:509.91M (Peak 699.68M) | Time:00:00.70 | Mem:263.57M, Peak:263.57M | C6420_4N_24SFF_v002_MASTER, ViewLayer | Updating Geometry BVH ID_information_symbol_1_font 49/165 | Building BVH
Fra:22 Mem:509.91M (Peak 699.68M) | Time:00:00.70 | Mem:263.63M, Peak:263.63M | C6420_4N_24SFF_v002_MASTER, ViewLayer | Updating Geometry BVH ID_inner_white_disc_1_mesh 48/165 | Building BVH
Fra:22 Mem:509.91M (Peak 699.68M) | Time:00:00.70 | Mem:263.71M, Peak:263.71M | C6420_4N_24SFF_v002_MASTER, ViewLayer | Updating Geometry BVH Front_mapping_arrow_1_mesh 50/165 | Building BVH
Fra:22 Mem:509.91M (Peak 699.68M) | Time:00:00.70 | Mem:263.70M, Peak:263.77M | C6420_4N_24SFF_v002_MASTER, ViewLayer | Updating Geometry BVH PSU1_fan_screw_recess_floor_mesh 157/165 | Building BVH
Fra:22 Mem:509.91M (Peak 699.68M) | Time:00:00.70 | Mem:263.73M, Peak:263.77M | C6420_4N_24SFF_v002_MASTER, ViewLayer | Updating Geometry BVH Captive_screw_metal_washer_-1_mesh 51/165 | Building BVH
Fra:22 Mem:509.91M (Peak 699.68M) | Time:00:00.70 | Mem:263.75M, Peak:263.77M | C6420_4N_24SFF_v002_MASTER, ViewLayer | Updating Geometry BVH Captive_screw_Phillips_-1_recess_floor_mesh 54/165 | Building BVH
Fra:22 Mem:509.91M (Peak 699.68M) | Time:00:00.70 | Mem:263.77M, Peak:263.79M | C6420_4N_24SFF_v002_MASTER, ViewLayer | Updating Geometry BVH PSU1_fan_screw_recessed_head_mesh 156/165 | Building BVH
Fra:22 Mem:509.91M (Peak 699.68M) | Time:00:00.70 | Mem:263.82M, Peak:263.84M | C6420_4N_24SFF_v002_MASTER, ViewLayer | Updating Geometry BVH Captive_screw_front_bead_-1_mesh 55/165 | Building BVH
Fra:22 Mem:509.91M (Peak 699.68M) | Time:00:00.70 | Mem:263.93M, Peak:263.95M | C6420_4N_24SFF_v002_MASTER, ViewLayer | Updating Geometry BVH Front_mapping_arrow_3_mesh 56/165 | Building BVH
Fra:22 Mem:509.91M (Peak 699.68M) | Time:00:00.70 | Mem:263.95M, Peak:263.95M | C6420_4N_24SFF_v002_MASTER, ViewLayer | Updating Geometry BVH Bay_mapping_triangle_0_mesh 57/165 | Building BVH
Fra:22 Mem:509.91M (Peak 699.68M) | Time:00:00.70 | Mem:264.28M, Peak:264.28M | C6420_4N_24SFF_v002_MASTER, ViewLayer | Updating Geometry BVH Node1_floor_mesh.001 58/165 | Building BVH
Fra:22 Mem:509.91M (Peak 699.68M) | Time:00:00.70 | Mem:264.33M, Peak:264.33M | C6420_4N_24SFF_v002_MASTER, ViewLayer | Updating Geometry BVH Node1_internal_air_shade_mesh 60/165 | Building BVH
Fra:22 Mem:509.91M (Peak 699.68M) | Time:00:00.70 | Mem:264.42M, Peak:264.42M | C6420_4N_24SFF_v002_MASTER, ViewLayer | Updating Geometry BVH Node1_visible_PCB_edge_mesh 61/165 | Building BVH
Fra:22 Mem:509.91M (Peak 699.68M) | Time:00:00.70 | Mem:264.52M, Peak:264.52M | C6420_4N_24SFF_v002_MASTER, ViewLayer | Updating Geometry BVH Node1_horizontal_rear_return_mesh 62/165 | Building BVH
Fra:22 Mem:509.91M (Peak 699.68M) | Time:00:00.70 | Mem:264.50M, Peak:264.54M | C6420_4N_24SFF_v002_MASTER, ViewLayer | Updating Geometry BVH Node1_vertical_rear_return_mesh 63/165 | Building BVH
Fra:22 Mem:509.91M (Peak 699.68M) | Time:00:00.70 | Mem:264.53M, Peak:264.54M | C6420_4N_24SFF_v002_MASTER, ViewLayer | Updating Geometry BVH Node1_USB3A_0_metal_cavity_mesh 65/165 | Building BVH
Fra:22 Mem:509.91M (Peak 699.68M) | Time:00:00.70 | Mem:264.57M, Peak:264.57M | C6420_4N_24SFF_v002_MASTER, ViewLayer | Updating Geometry BVH Node1_USB3A_0_blue_tongue_mesh 67/165 | Building BVH
Fra:22 Mem:509.91M (Peak 699.68M) | Time:00:00.70 | Mem:264.54M, Peak:264.58M | C6420_4N_24SFF_v002_MASTER, ViewLayer | Updating Geometry BVH PSU1_corner_washer_mesh 155/165 | Building BVH
Fra:22 Mem:509.91M (Peak 699.68M) | Time:00:00.70 | Mem:264.54M, Peak:264.58M | C6420_4N_24SFF_v002_MASTER, ViewLayer | Updating Geometry BVH Node1_USB3A_0_front_contact_0_mesh 68/165 | Building BVH
Fra:22 Mem:509.91M (Peak 699.68M) | Time:00:00.70 | Mem:264.59M, Peak:264.63M | C6420_4N_24SFF_v002_MASTER, ViewLayer | Updating Geometry BVH Node1_USB3A_0_rear_contact_0_mesh 69/165 | Building BVH
Fra:22 Mem:509.91M (Peak 699.68M) | Time:00:00.70 | Mem:264.60M, Peak:264.63M | C6420_4N_24SFF_v002_MASTER, ViewLayer | Updating Geometry BVH Node1_USB_retention_spring_mesh 70/165 | Building BVH
Fra:22 Mem:509.91M (Peak 699.68M) | Time:00:00.70 | Mem:264.66M, Peak:264.66M | C6420_4N_24SFF_v002_MASTER, ViewLayer | Updating Geometry BVH Node1_USB_icon_circle_mesh 71/165 | Building BVH
Fra:22 Mem:509.91M (Peak 699.68M) | Time:00:00.70 | Mem:264.69M, Peak:264.69M | C6420_4N_24SFF_v002_MASTER, ViewLayer | Updating Geometry BVH Node1_USB_icon_square_mesh 72/165 | Building BVH
Fra:22 Mem:509.91M (Peak 699.68M) | Time:00:00.70 | Mem:264.73M, Peak:264.73M | C6420_4N_24SFF_v002_MASTER, ViewLayer | Updating Geometry BVH Node1_USB_icon_arrow_mesh 73/165 | Building BVH
Fra:22 Mem:509.91M (Peak 699.68M) | Time:00:00.70 | Mem:264.75M, Peak:264.75M | C6420_4N_24SFF_v002_MASTER, ViewLayer | Updating Geometry BVH Node1_USB_icon_root_mesh 74/165 | Building BVH
Fra:22 Mem:509.91M (Peak 699.68M) | Time:00:00.70 | Mem:264.85M, Peak:264.85M | C6420_4N_24SFF_v002_MASTER, ViewLayer | Updating Geometry BVH Node1_USB_plate_fastener_recessed_head_mesh 75/165 | Building BVH
Fra:22 Mem:509.91M (Peak 699.68M) | Time:00:00.70 | Mem:264.86M, Peak:264.86M | C6420_4N_24SFF_v002_MASTER, ViewLayer | Updating Geometry BVH Node1_USB_plate_fastener_recess_floor_mesh 76/165 | Building BVH
Fra:22 Mem:509.91M (Peak 699.68M) | Time:00:00.70 | Mem:265.00M, Peak:265.00M | C6420_4N_24SFF_v002_MASTER, ViewLayer | Updating Geometry BVH Node1_dual_SFP_adapter_face_mesh 77/165 | Building BVH
Fra:22 Mem:509.91M (Peak 699.68M) | Time:00:00.70 | Mem:264.99M, Peak:265.04M | C6420_4N_24SFF_v002_MASTER, ViewLayer | Updating Geometry BVH PSU1_flat_guard_crossbar_1_mesh 154/165 | Building BVH
Fra:22 Mem:509.91M (Peak 699.68M) | Time:00:00.70 | Mem:265.08M, Peak:265.08M | C6420_4N_24SFF_v002_MASTER, ViewLayer | Updating Geometry BVH Node1_SFP_cage_0_metal_cavity_mesh 78/165 | Building BVH
Fra:22 Mem:509.91M (Peak 699.68M) | Time:00:00.70 | Mem:265.23M, Peak:265.23M | C6420_4N_24SFF_v002_MASTER, ViewLayer | Updating Geometry BVH Node1_SFP_0_side_spring_mesh 80/165 | Building BVH
Fra:22 Mem:509.91M (Peak 699.68M) | Time:00:00.70 | Mem:265.36M, Peak:265.36M | C6420_4N_24SFF_v002_MASTER, ViewLayer | Updating Geometry BVH PSU1_flat_guard_crossbar_-1_mesh 153/165 | Building BVH
Fra:22 Mem:509.91M (Peak 699.68M) | Time:00:00.70 | Mem:265.51M, Peak:265.52M | C6420_4N_24SFF_v002_MASTER, ViewLayer | Updating Geometry BVH PSU1_fan_motor_hub_mesh 152/165 | Building BVH
Fra:22 Mem:509.91M (Peak 699.68M) | Time:00:00.70 | Mem:265.55M, Peak:265.55M | C6420_4N_24SFF_v002_MASTER, ViewLayer | Updating Geometry BVH Node1_SFP_0_top_tang_mesh 81/165 | Building BVH
Fra:22 Mem:509.91M (Peak 699.68M) | Time:00:00.70 | Mem:265.57M, Peak:265.57M | C6420_4N_24SFF_v002_MASTER, ViewLayer | Updating Geometry BVH Node1_SFP_0_lower_flange_mesh 82/165 | Building BVH
Fra:22 Mem:509.91M (Peak 699.68M) | Time:00:00.70 | Mem:265.58M, Peak:265.58M | C6420_4N_24SFF_v002_MASTER, ViewLayer | Updating Geometry BVH Node1_SFP_0_contact_0_mesh 84/165 | Building BVH
Fra:22 Mem:509.91M (Peak 699.68M) | Time:00:00.70 | Mem:265.78M, Peak:265.78M | C6420_4N_24SFF_v002_MASTER, ViewLayer | Updating Geometry BVH Node1_SFP_index_0_font 85/165 | Building BVH
Fra:22 Mem:509.91M (Peak 699.68M) | Time:00:00.70 | Mem:265.81M, Peak:265.81M | C6420_4N_24SFF_v002_MASTER, ViewLayer | Updating Geometry BVH Node1_SFP_index_1_font 86/165 | Building BVH
Fra:22 Mem:509.91M (Peak 699.68M) | Time:00:00.70 | Mem:265.80M, Peak:265.83M | C6420_4N_24SFF_v002_MASTER, ViewLayer | Updating Geometry BVH Node1_MicroUSB_metal_cavity_mesh 87/165 | Building BVH
Fra:22 Mem:509.91M (Peak 699.68M) | Time:00:00.70 | Mem:265.81M, Peak:265.86M | C6420_4N_24SFF_v002_MASTER, ViewLayer | Updating Geometry BVH Node1_MicroUSB_tongue_mesh 89/165 | Building BVH
Fra:22 Mem:509.91M (Peak 699.68M) | Time:00:00.70 | Mem:265.81M, Peak:265.86M | C6420_4N_24SFF_v002_MASTER, ViewLayer | Updating Geometry BVH Node1_MiniDisplayPort_dark_back_mesh 91/165 | Building BVH
Fra:22 Mem:509.91M (Peak 699.68M) | Time:00:00.70 | Mem:265.90M, Peak:265.90M | C6420_4N_24SFF_v002_MASTER, ViewLayer | Updating Geometry BVH Node1_MiniDP_inner_shield_metal_cavity_mesh 92/165 | Building BVH
Fra:22 Mem:509.91M (Peak 699.68M) | Time:00:00.70 | Mem:265.99M, Peak:265.99M | C6420_4N_24SFF_v002_MASTER, ViewLayer | Updating Geometry BVH Node1_MiniDP_inner_shield_dark_back_mesh 93/165 | Building BVH
Fra:22 Mem:509.91M (Peak 699.68M) | Time:00:00.70 | Mem:266.08M, Peak:266.08M | C6420_4N_24SFF_v002_MASTER, ViewLayer | Updating Geometry BVH Node1_MiniDP_tongue_mesh 94/165 | Building BVH
Fra:22 Mem:509.91M (Peak 699.68M) | Time:00:00.70 | Mem:266.09M, Peak:266.13M | C6420_4N_24SFF_v002_MASTER, ViewLayer | Updating Geometry BVH Node1_iDRAC_RJ45_metal_cavity_mesh 95/165 | Building BVH
Fra:22 Mem:509.91M (Peak 699.68M) | Time:00:00.70 | Mem:266.19M, Peak:266.19M | C6420_4N_24SFF_v002_MASTER, ViewLayer | Updating Geometry BVH Node1_iDRAC_RJ45_dark_back_mesh 96/165 | Building BVH
Fra:22 Mem:509.91M (Peak 699.68M) | Time:00:00.70 | Mem:266.25M, Peak:266.25M | C6420_4N_24SFF_v002_MASTER, ViewLayer | Updating Geometry BVH Node1_RJ45_LED_lens_mesh.001 98/165 | Building BVH
Fra:22 Mem:509.91M (Peak 699.68M) | Time:00:00.70 | Mem:266.31M, Peak:266.31M | C6420_4N_24SFF_v002_MASTER, ViewLayer | Updating Geometry BVH PSU1_fan_shroud_metal_cavity_mesh 150/165 | Building BVH
Fra:22 Mem:509.91M (Peak 699.68M) | Time:00:00.70 | Mem:266.31M, Peak:266.32M | C6420_4N_24SFF_v002_MASTER, ViewLayer | Updating Geometry BVH Node1_power_metal_rim_mesh 99/165 | Building BVH
Fra:22 Mem:509.91M (Peak 699.68M) | Time:00:00.70 | Mem:266.36M, Peak:266.36M | C6420_4N_24SFF_v002_MASTER, ViewLayer | Updating Geometry BVH Node1_power_button_lens_mesh 100/165 | Building BVH
Fra:22 Mem:509.91M (Peak 699.68M) | Time:00:00.70 | Mem:266.40M, Peak:266.40M | C6420_4N_24SFF_v002_MASTER, ViewLayer | Updating Geometry BVH Node1_long_grip_folded_frame_mesh 101/165 | Building BVH
Fra:22 Mem:509.91M (Peak 699.68M) | Time:00:00.70 | Mem:266.38M, Peak:266.41M | C6420_4N_24SFF_v002_MASTER, ViewLayer | Updating Geometry BVH Node1_long_black_grip_dark_back_mesh 103/165 | Building BVH
Fra:22 Mem:509.91M (Peak 699.68M) | Time:00:00.70 | Mem:266.48M, Peak:266.48M | C6420_4N_24SFF_v002_MASTER, ViewLayer | Updating Geometry BVH Node1_grip_edge_fold_mesh 104/165 | Building BVH
Fra:22 Mem:509.91M (Peak 699.68M) | Time:00:00.70 | Mem:266.48M, Peak:266.50M | C6420_4N_24SFF_v002_MASTER, ViewLayer | Updating Geometry BVH Node1_grip_press_lug_mesh 105/165 | Building BVH
Fra:22 Mem:509.91M (Peak 699.68M) | Time:00:00.70 | Mem:266.70M, Peak:266.70M | C6420_4N_24SFF_v002_MASTER, ViewLayer | Updating Geometry BVH Node1_grip_hinge_pin_mesh 106/165 | Building BVH
Fra:22 Mem:509.91M (Peak 699.68M) | Time:00:00.70 | Mem:266.71M, Peak:266.71M | C6420_4N_24SFF_v002_MASTER, ViewLayer | Updating Geometry BVH Node1_blue_paddle_face_mesh 107/165 | Building BVH
Fra:22 Mem:509.91M (Peak 699.68M) | Time:00:00.70 | Mem:266.79M, Peak:266.79M | C6420_4N_24SFF_v002_MASTER, ViewLayer | Updating Geometry BVH Node1_blue_hook_return_mesh 108/165 | Building BVH
Fra:22 Mem:509.91M (Peak 699.68M) | Time:00:00.70 | Mem:267.01M, Peak:267.01M | C6420_4N_24SFF_v002_MASTER, ViewLayer | Updating Geometry BVH Node1_blue_hook_cross_return_mesh 109/165 | Building BVH
Fra:22 Mem:509.91M (Peak 699.68M) | Time:00:00.70 | Mem:267.03M, Peak:267.03M | C6420_4N_24SFF_v002_MASTER, ViewLayer | Updating Geometry BVH Node1_blue_latch_mount_recessed_head_mesh 110/165 | Building BVH
Fra:22 Mem:509.91M (Peak 699.68M) | Time:00:00.70 | Mem:267.05M, Peak:267.07M | C6420_4N_24SFF_v002_MASTER, ViewLayer | Updating Geometry BVH Node1_latch_steel_back_mesh 111/165 | Building BVH
Fra:22 Mem:509.91M (Peak 699.68M) | Time:00:00.70 | Mem:267.09M, Peak:267.12M | C6420_4N_24SFF_v002_MASTER, ViewLayer | Updating Geometry BVH Node1_DP_mark_font 112/165 | Building BVH
Fra:22 Mem:509.91M (Peak 699.68M) | Time:00:00.70 | Mem:266.95M, Peak:267.12M | C6420_4N_24SFF_v002_MASTER, ViewLayer | Updating Geometry BVH Node1_MicroUSB_service_mark_font 114/165 | Building BVH
Fra:22 Mem:509.91M (Peak 699.68M) | Time:00:00.70 | Mem:266.97M, Peak:267.12M | C6420_4N_24SFF_v002_MASTER, ViewLayer | Updating Geometry BVH Node1_EST_tag_mesh 115/165 | Building BVH
Fra:22 Mem:509.91M (Peak 699.68M) | Time:00:00.70 | Mem:267.00M, Peak:267.12M | C6420_4N_24SFF_v002_MASTER, ViewLayer | Updating Geometry BVH Node1_EST_blue_print_mesh 116/165 | Building BVH
Fra:22 Mem:509.91M (Peak 699.68M) | Time:00:00.70 | Mem:266.99M, Peak:267.12M | C6420_4N_24SFF_v002_MASTER, ViewLayer | Updating Geometry BVH Node1_EST_letters_font 117/165 | Building BVH
Fra:22 Mem:509.91M (Peak 699.68M) | Time:00:00.70 | Mem:267.17M, Peak:267.17M | C6420_4N_24SFF_v002_MASTER, ViewLayer | Updating Geometry BVH Carrier00_sheet_side_-1_mesh 119/165 | Building BVH
Fra:22 Mem:509.91M (Peak 699.68M) | Time:00:00.70 | Mem:267.18M, Peak:267.18M | C6420_4N_24SFF_v002_MASTER, ViewLayer | Updating Geometry BVH Carrier00_setback_honeycomb_mesh 121/165 | Building BVH
Fra:22 Mem:509.91M (Peak 699.68M) | Time:00:00.70 | Mem:267.18M, Peak:267.18M | C6420_4N_24SFF_v002_MASTER, ViewLayer | Updating Geometry BVH Carrier00_silver_handle_frame_mesh 124/165 | Building BVH
Fra:22 Mem:509.91M (Peak 699.68M) | Time:00:00.70 | Mem:267.21M, Peak:267.30M | C6420_4N_24SFF_v002_MASTER, ViewLayer | Updating Geometry BVH Carrier00_three_window_handle_mesh 125/165 | Building BVH
Fra:22 Mem:509.91M (Peak 699.68M) | Time:00:00.70 | Mem:267.21M, Peak:267.30M | C6420_4N_24SFF_v002_MASTER, ViewLayer | Updating Geometry BVH Carrier00_label_inset_pad_mesh 127/165 | Building BVH
Fra:22 Mem:509.91M (Peak 699.68M) | Time:00:00.70 | Mem:267.31M, Peak:267.31M | C6420_4N_24SFF_v002_MASTER, ViewLayer | Updating Geometry BVH Carrier00_hinge_axle_mesh 128/165 | Building BVH
Fra:22 Mem:509.91M (Peak 699.68M) | Time:00:00.70 | Mem:267.33M, Peak:267.36M | C6420_4N_24SFF_v002_MASTER, ViewLayer | Updating Geometry BVH PSU1_octagonal_fan_guard_mesh 149/165 | Building BVH
Fra:22 Mem:509.91M (Peak 699.68M) | Time:00:00.70 | Mem:267.40M, Peak:267.40M | C6420_4N_24SFF_v002_MASTER, ViewLayer | Updating Geometry BVH Carrier00_hinge_end_bracket_mesh 129/165 | Building BVH
Fra:22 Mem:509.91M (Peak 699.68M) | Time:00:00.70 | Mem:267.44M, Peak:267.44M | C6420_4N_24SFF_v002_MASTER, ViewLayer | Updating Geometry BVH Carrier00_release_bezel_mesh 130/165 | Building BVH
Fra:22 Mem:509.91M (Peak 699.68M) | Time:00:00.70 | Mem:267.45M, Peak:267.46M | C6420_4N_24SFF_v002_MASTER, ViewLayer | Updating Geometry BVH Carrier00_square_release_pad_mesh 131/165 | Building BVH
Fra:22 Mem:509.91M (Peak 699.68M) | Time:00:00.70 | Mem:267.52M, Peak:267.52M | C6420_4N_24SFF_v002_MASTER, ViewLayer | Updating Geometry BVH Carrier00_round_release_button_mesh 132/165 | Building BVH
Fra:22 Mem:509.91M (Peak 699.68M) | Time:00:00.70 | Mem:267.57M, Peak:267.57M | C6420_4N_24SFF_v002_MASTER, ViewLayer | Updating Geometry BVH Carrier00_orange_release_ring_mesh 133/165 | Building BVH
Fra:22 Mem:509.91M (Peak 699.68M) | Time:00:00.70 | Mem:267.56M, Peak:267.57M | C6420_4N_24SFF_v002_MASTER, ViewLayer | Updating Geometry BVH Carrier00_indicator_strip_mesh 135/165 | Building BVH
Fra:22 Mem:509.91M (Peak 699.68M) | Time:00:00.70 | Mem:267.61M, Peak:267.61M | C6420_4N_24SFF_v002_MASTER, ViewLayer | Updating Geometry BVH Carrier00_status_lens_0_mesh 136/165 | Building BVH
Fra:22 Mem:509.91M (Peak 699.68M) | Time:00:00.70 | Mem:267.66M, Peak:267.67M | C6420_4N_24SFF_v002_MASTER, ViewLayer | Updating Geometry BVH Carrier00_disk_symbol_mesh 137/165 | Building BVH
Fra:22 Mem:509.91M (Peak 699.68M) | Time:00:00.70 | Mem:267.77M, Peak:267.78M | C6420_4N_24SFF_v002_MASTER, ViewLayer | Updating Geometry BVH PSU1_latch_track_mesh 148/165 | Building BVH
Fra:22 Mem:509.91M (Peak 699.68M) | Time:00:00.70 | Mem:267.94M, Peak:267.98M | C6420_4N_24SFF_v002_MASTER, ViewLayer | Updating Geometry BVH PSU1_orange_release_paddle_mesh 147/165 | Building BVH
Fra:22 Mem:509.91M (Peak 699.68M) | Time:00:00.70 | Mem:268.06M, Peak:268.08M | C6420_4N_24SFF_v002_MASTER, ViewLayer | Updating Geometry BVH PSU1_AC_blade_0_mesh 146/165 | Building BVH
Fra:22 Mem:509.91M (Peak 699.68M) | Time:00:00.70 | Mem:268.10M, Peak:268.10M | C6420_4N_24SFF_v002_MASTER, ViewLayer | Updating Geometry BVH PSU1_AC_C20_recess_dark_back_mesh 145/165 | Building BVH
Fra:22 Mem:509.91M (Peak 699.68M) | Time:00:00.70 | Mem:268.14M, Peak:268.14M | C6420_4N_24SFF_v002_MASTER, ViewLayer | Updating Geometry BVH Carrier00_setback_dark_air_shade_mesh 138/165 | Building BVH
Fra:22 Mem:509.91M (Peak 699.68M) | Time:00:00.70 | Mem:268.15M, Peak:268.15M | C6420_4N_24SFF_v002_MASTER, ViewLayer | Updating Geometry BVH PSU1_AC_C20_recess_metal_cavity_mesh 144/165 | Building BVH
Fra:22 Mem:509.91M (Peak 699.68M) | Time:00:00.70 | Mem:268.15M, Peak:268.15M | C6420_4N_24SFF_v002_MASTER, ViewLayer | Updating Geometry BVH PSU1_internal_end_mesh 141/165 | Building BVH
Fra:22 Mem:509.91M (Peak 699.68M) | Time:00:00.70 | Mem:268.45M, Peak:268.57M | C6420_4N_24SFF_v002_MASTER, ViewLayer | Updating Scene BVH | Building
Fra:22 Mem:509.93M (Peak 699.68M) | Time:00:00.70 | Mem:268.45M, Peak:268.57M | C6420_4N_24SFF_v002_MASTER, ViewLayer | Updating Scene BVH | Building BVH
Fra:22 Mem:509.93M (Peak 699.68M) | Time:00:00.73 | Mem:291.35M, Peak:302.10M | C6420_4N_24SFF_v002_MASTER, ViewLayer | Updating Scene BVH | Copying BVH to device
Fra:22 Mem:509.93M (Peak 699.68M) | Time:00:00.73 | Mem:291.35M, Peak:302.10M | C6420_4N_24SFF_v002_MASTER, ViewLayer | Updating Mesh | Computing normals
Fra:22 Mem:528.31M (Peak 699.68M) | Time:00:00.75 | Mem:291.35M, Peak:302.10M | C6420_4N_24SFF_v002_MASTER, ViewLayer | Updating Mesh | Copying Mesh to device
Fra:22 Mem:528.31M (Peak 699.68M) | Time:00:00.75 | Mem:309.73M, Peak:309.73M | C6420_4N_24SFF_v002_MASTER, ViewLayer | Updating Objects Flags
Fra:22 Mem:528.31M (Peak 699.68M) | Time:00:00.75 | Mem:309.74M, Peak:309.74M | C6420_4N_24SFF_v002_MASTER, ViewLayer | Updating Primitive Offsets
Fra:22 Mem:528.32M (Peak 699.68M) | Time:00:00.75 | Mem:309.75M, Peak:309.75M | C6420_4N_24SFF_v002_MASTER, ViewLayer | Updating Images
Fra:22 Mem:520.32M (Peak 699.68M) | Time:00:00.75 | Mem:301.75M, Peak:309.75M | C6420_4N_24SFF_v002_MASTER, ViewLayer | Updating Camera Volume
Fra:22 Mem:520.32M (Peak 699.68M) | Time:00:00.75 | Mem:301.75M, Peak:309.75M | C6420_4N_24SFF_v002_MASTER, ViewLayer | Updating Lookup Tables
Fra:22 Mem:520.32M (Peak 699.68M) | Time:00:00.75 | Mem:301.83M, Peak:309.75M | C6420_4N_24SFF_v002_MASTER, ViewLayer | Updating Lights
Fra:22 Mem:520.32M (Peak 699.68M) | Time:00:00.75 | Mem:301.83M, Peak:309.75M | C6420_4N_24SFF_v002_MASTER, ViewLayer | Updating Lights | Computing distribution
Fra:22 Mem:520.32M (Peak 699.68M) | Time:00:00.75 | Mem:301.83M, Peak:309.75M | C6420_4N_24SFF_v002_MASTER, ViewLayer | Updating Lights | Computing tree
Fra:22 Mem:520.34M (Peak 699.68M) | Time:00:00.75 | Mem:301.85M, Peak:309.75M | C6420_4N_24SFF_v002_MASTER, ViewLayer | Updating Integrator
Fra:22 Mem:521.34M (Peak 699.68M) | Time:00:00.75 | Mem:302.85M, Peak:309.75M | C6420_4N_24SFF_v002_MASTER, ViewLayer | Updating Film
Fra:22 Mem:521.34M (Peak 699.68M) | Time:00:00.75 | Mem:302.77M, Peak:309.75M | C6420_4N_24SFF_v002_MASTER, ViewLayer | Updating Lookup Tables
Fra:22 Mem:521.34M (Peak 699.68M) | Time:00:00.75 | Mem:302.85M, Peak:309.75M | C6420_4N_24SFF_v002_MASTER, ViewLayer | Updating Baking
Fra:22 Mem:521.34M (Peak 699.68M) | Time:00:00.75 | Mem:302.85M, Peak:309.75M | C6420_4N_24SFF_v002_MASTER, ViewLayer | Updating Device | Writing constant memory
Fra:22 Mem:521.37M (Peak 699.68M) | Time:00:00.75 | Mem:302.85M, Peak:309.75M | C6420_4N_24SFF_v002_MASTER, ViewLayer | Sample 0/192
Fra:22 Mem:586.31M (Peak 699.68M) | Time:00:01.11 | Remaining:01:09.27 | Mem:367.75M, Peak:367.75M | C6420_4N_24SFF_v002_MASTER, ViewLayer | Sample 1/192
Fra:22 Mem:586.31M (Peak 699.68M) | Time:00:15.07 | Remaining:00:27.98 | Mem:367.75M, Peak:367.75M | C6420_4N_24SFF_v002_MASTER, ViewLayer | Sample 65/192
Fra:22 Mem:586.31M (Peak 699.68M) | Time:00:18.45 | Remaining:00:24.78 | Mem:367.75M, Peak:367.75M | C6420_4N_24SFF_v002_MASTER, ViewLayer | Sample 80/192
Fra:22 Mem:586.31M (Peak 699.68M) | Time:00:20.45 | Remaining:00:19.70 | Mem:367.75M, Peak:367.75M | C6420_4N_24SFF_v002_MASTER, ViewLayer | Sample 96/192
Fra:22 Mem:586.31M (Peak 699.68M) | Time:00:22.20 | Remaining:00:15.31 | Mem:367.75M, Peak:367.75M | C6420_4N_24SFF_v002_MASTER, ViewLayer | Sample 112/192
Fra:22 Mem:586.31M (Peak 699.68M) | Time:00:23.79 | Remaining:00:11.51 | Mem:367.75M, Peak:367.75M | C6420_4N_24SFF_v002_MASTER, ViewLayer | Sample 128/192
Fra:22 Mem:586.31M (Peak 699.68M) | Time:00:25.27 | Remaining:00:08.17 | Mem:367.75M, Peak:367.75M | C6420_4N_24SFF_v002_MASTER, ViewLayer | Sample 144/192
Fra:22 Mem:586.31M (Peak 699.68M) | Time:00:26.65 | Remaining:00:05.17 | Mem:367.75M, Peak:367.75M | C6420_4N_24SFF_v002_MASTER, ViewLayer | Sample 160/192
Fra:22 Mem:586.31M (Peak 699.68M) | Time:00:27.93 | Remaining:00:02.47 | Mem:367.75M, Peak:367.75M | C6420_4N_24SFF_v002_MASTER, ViewLayer | Sample 176/192
Fra:22 Mem:615.15M (Peak 699.68M) | Time:00:29.18 | Mem:367.75M, Peak:367.75M | C6420_4N_24SFF_v002_MASTER, ViewLayer | Sample 192/192
Fra:22 Mem:615.15M (Peak 699.68M) | Time:00:29.18 | Mem:367.75M, Peak:367.75M | C6420_4N_24SFF_v002_MASTER, ViewLayer | Finished
Fra:22 Mem:215.40M (Peak 699.68M) | Time:00:29.24 | Compositing
Fra:22 Mem:215.40M (Peak 699.68M) | Time:00:29.24 | Compositing | Determining resolution
Fra:22 Mem:215.40M (Peak 699.68M) | Time:00:29.24 | Compositing | Initializing execution
Fra:22 Mem:244.31M (Peak 699.68M) | Time:00:29.24 | Compositing | Tile 1-40
Fra:22 Mem:244.31M (Peak 699.68M) | Time:00:29.24 | Compositing | Tile 2-40
Fra:22 Mem:244.31M (Peak 699.68M) | Time:00:29.24 | Compositing | Tile 3-40
Fra:22 Mem:244.31M (Peak 699.68M) | Time:00:29.24 | Compositing | Tile 4-40
Fra:22 Mem:244.31M (Peak 699.68M) | Time:00:29.24 | Compositing | Tile 6-40
Fra:22 Mem:244.31M (Peak 699.68M) | Time:00:29.24 | Compositing | Tile 8-40
Fra:22 Mem:244.31M (Peak 699.68M) | Time:00:29.24 | Compositing | Tile 10-40
Fra:22 Mem:244.31M (Peak 699.68M) | Time:00:29.24 | Compositing | Tile 9-40
Fra:22 Mem:244.31M (Peak 699.68M) | Time:00:29.24 | Compositing | Tile 11-40
Fra:22 Mem:244.31M (Peak 699.68M) | Time:00:29.24 | Compositing | Tile 5-40
Fra:22 Mem:244.31M (Peak 699.68M) | Time:00:29.24 | Compositing | Tile 12-40
Fra:22 Mem:244.31M (Peak 699.68M) | Time:00:29.24 | Compositing | Tile 7-40
Fra:22 Mem:244.31M (Peak 699.68M) | Time:00:29.24 | Compositing | Tile 13-40
Fra:22 Mem:244.31M (Peak 699.68M) | Time:00:29.24 | Compositing | Tile 14-40
Fra:22 Mem:244.31M (Peak 699.68M) | Time:00:29.25 | Compositing | Tile 15-40
Fra:22 Mem:244.31M (Peak 699.68M) | Time:00:29.25 | Compositing | Tile 16-40
Fra:22 Mem:244.31M (Peak 699.68M) | Time:00:29.25 | Compositing | Tile 17-40
Fra:22 Mem:244.31M (Peak 699.68M) | Time:00:29.25 | Compositing | Tile 18-40
Fra:22 Mem:244.31M (Peak 699.68M) | Time:00:29.25 | Compositing | Tile 19-40
Fra:22 Mem:244.31M (Peak 699.68M) | Time:00:29.25 | Compositing | Tile 20-40
Fra:22 Mem:244.31M (Peak 699.68M) | Time:00:29.25 | Compositing | Tile 21-40
Fra:22 Mem:244.31M (Peak 699.68M) | Time:00:29.25 | Compositing | Tile 22-40
Fra:22 Mem:244.31M (Peak 699.68M) | Time:00:29.25 | Compositing | Tile 23-40
Fra:22 Mem:244.31M (Peak 699.68M) | Time:00:29.25 | Compositing | Tile 25-40
Fra:22 Mem:244.31M (Peak 699.68M) | Time:00:29.25 | Compositing | Tile 24-40
Fra:22 Mem:244.31M (Peak 699.68M) | Time:00:29.25 | Compositing | Tile 26-40
Fra:22 Mem:244.31M (Peak 699.68M) | Time:00:29.25 | Compositing | Tile 27-40
Fra:22 Mem:244.31M (Peak 699.68M) | Time:00:29.25 | Compositing | Tile 28-40
Fra:22 Mem:244.31M (Peak 699.68M) | Time:00:29.25 | Compositing | Tile 29-40
Fra:22 Mem:244.31M (Peak 699.68M) | Time:00:29.25 | Compositing | Tile 30-40
Fra:22 Mem:244.31M (Peak 699.68M) | Time:00:29.25 | Compositing | Tile 31-40
Fra:22 Mem:244.31M (Peak 699.68M) | Time:00:29.25 | Compositing | Tile 32-40
Fra:22 Mem:244.31M (Peak 699.68M) | Time:00:29.25 | Compositing | Tile 33-40
Fra:22 Mem:244.31M (Peak 699.68M) | Time:00:29.25 | Compositing | Tile 34-40
Fra:22 Mem:244.31M (Peak 699.68M) | Time:00:29.25 | Compositing | Tile 35-40
Fra:22 Mem:244.31M (Peak 699.68M) | Time:00:29.25 | Compositing | Tile 36-40
Fra:22 Mem:244.31M (Peak 699.68M) | Time:00:29.25 | Compositing | Tile 37-40
Fra:22 Mem:244.31M (Peak 699.68M) | Time:00:29.25 | Compositing | Tile 38-40
Fra:22 Mem:244.31M (Peak 699.68M) | Time:00:29.25 | Compositing | Tile 39-40
Fra:22 Mem:244.31M (Peak 699.68M) | Time:00:29.25 | Compositing | Tile 40-40
Fra:22 Mem:244.25M (Peak 699.68M) | Time:00:29.25 | Compositing | De-initializing execution
Saved: '/root/Blender/DELL-C6420/v002/previews/front-right.png'
Time: 00:29.70 (Saving: 00:00.45)

BlenderMCP: cannot start server in background mode (blender -b) - commands would never execute
BlenderMCP: run Blender with a GUI, or use a virtual display: xvfb-run -a blender
BlenderMCP addon registered
V002_RENDER_DONE front-right
Fra:22 Mem:249.06M (Peak 250.75M) | Time:00:00.25 | Mem:0.00M, Peak:0.00M | C6420_4N_24SFF_v002_MASTER, ViewLayer | Synchronizing object | INFERRED_bottom_formed_sheet
Fra:22 Mem:249.07M (Peak 250.75M) | Time:00:00.25 | Mem:0.00M, Peak:0.00M | C6420_4N_24SFF_v002_MASTER, ViewLayer | Synchronizing object | Cover_skirt_screw_1_recess_floor
Fra:22 Mem:249.07M (Peak 250.75M) | Time:00:00.25 | Mem:0.00M, Peak:0.00M | C6420_4N_24SFF_v002_MASTER, ViewLayer | Synchronizing object | Side_1_fastener_0_recessed_head
Fra:22 Mem:249.67M (Peak 250.75M) | Time:00:00.25 | Mem:0.00M, Peak:0.00M | C6420_4N_24SFF_v002_MASTER, ViewLayer | Synchronizing object | Side_1_fastener_0_recess_floor
Fra:22 Mem:249.96M (Peak 250.75M) | Time:00:00.25 | Mem:0.00M, Peak:0.00M | C6420_4N_24SFF_v002_MASTER, ViewLayer | Synchronizing object | Side_1_fastener_1_recessed_head
Fra:22 Mem:249.94M (Peak 250.75M) | Time:00:00.25 | Mem:0.00M, Peak:0.00M | C6420_4N_24SFF_v002_MASTER, ViewLayer | Synchronizing object | Side_1_fastener_1_recess_floor
Fra:22 Mem:250.07M (Peak 250.75M) | Time:00:00.25 | Mem:0.00M, Peak:0.00M | C6420_4N_24SFF_v002_MASTER, ViewLayer | Synchronizing object | Side_1_fastener_2_recessed_head
Fra:22 Mem:250.11M (Peak 250.75M) | Time:00:00.25 | Mem:0.00M, Peak:0.00M | C6420_4N_24SFF_v002_MASTER, ViewLayer | Synchronizing object | Side_1_fastener_3_recess_floor
Fra:22 Mem:250.34M (Peak 250.75M) | Time:00:00.25 | Mem:0.00M, Peak:0.00M | C6420_4N_24SFF_v002_MASTER, ViewLayer | Synchronizing object | Side_1_fastener_4_recessed_head
Fra:22 Mem:250.53M (Peak 250.75M) | Time:00:00.25 | Mem:0.00M, Peak:0.00M | C6420_4N_24SFF_v002_MASTER, ViewLayer | Synchronizing object | Side_1_fastener_4_recess_floor
Fra:22 Mem:250.54M (Peak 250.75M) | Time:00:00.25 | Mem:0.00M, Peak:0.00M | C6420_4N_24SFF_v002_MASTER, ViewLayer | Synchronizing object | Side_1_fastener_5_recessed_head
Fra:22 Mem:251.41M (Peak 251.41M) | Time:00:00.25 | Mem:0.00M, Peak:0.00M | C6420_4N_24SFF_v002_MASTER, ViewLayer | Synchronizing object | Side_1_fastener_6_recessed_head
Fra:22 Mem:252.51M (Peak 252.52M) | Time:00:00.25 | Mem:0.00M, Peak:0.00M | C6420_4N_24SFF_v002_MASTER, ViewLayer | Synchronizing object | Side_1_fastener_6_recess_floor
Fra:22 Mem:252.54M (Peak 252.54M) | Time:00:00.25 | Mem:0.00M, Peak:0.00M | C6420_4N_24SFF_v002_MASTER, ViewLayer | Synchronizing object | Side_1_fastener_7_recessed_head
Fra:22 Mem:252.59M (Peak 252.59M) | Time:00:00.25 | Mem:0.00M, Peak:0.00M | C6420_4N_24SFF_v002_MASTER, ViewLayer | Synchronizing object | Side_1_fastener_8_recessed_head
Fra:22 Mem:252.54M (Peak 252.59M) | Time:00:00.25 | Mem:0.00M, Peak:0.00M | C6420_4N_24SFF_v002_MASTER, ViewLayer | Synchronizing object | Side_1_fastener_9_recessed_head
Fra:22 Mem:252.57M (Peak 252.59M) | Time:00:00.25 | Mem:0.00M, Peak:0.00M | C6420_4N_24SFF_v002_MASTER, ViewLayer | Synchronizing object | Side_1_fastener_10_recessed_head
Fra:22 Mem:252.72M (Peak 252.72M) | Time:00:00.25 | Mem:0.00M, Peak:0.00M | C6420_4N_24SFF_v002_MASTER, ViewLayer | Synchronizing object | Side_1_clinch_0
Fra:22 Mem:252.76M (Peak 252.76M) | Time:00:00.25 | Mem:0.00M, Peak:0.00M | C6420_4N_24SFF_v002_MASTER, ViewLayer | Synchronizing object | Side_rail_latch_outline_1
Fra:22 Mem:253.23M (Peak 253.23M) | Time:00:00.25 | Mem:0.00M, Peak:0.00M | C6420_4N_24SFF_v002_MASTER, ViewLayer | Synchronizing object | Left_side_wall_estimated
Fra:22 Mem:254.38M (Peak 254.38M) | Time:00:00.25 | Mem:0.00M, Peak:0.00M | C6420_4N_24SFF_v002_MASTER, ViewLayer | Synchronizing object | Front_cover_integrated_pressings
Fra:22 Mem:253.97M (Peak 254.38M) | Time:00:00.25 | Mem:0.00M, Peak:0.00M | C6420_4N_24SFF_v002_MASTER, ViewLayer | Synchronizing object | Main_cover_with_label_pressing
Fra:22 Mem:254.61M (Peak 254.61M) | Time:00:00.25 | Mem:0.00M, Peak:0.00M | C6420_4N_24SFF_v002_MASTER, ViewLayer | Synchronizing object | Rear_cover_four_pressed_regions
Fra:22 Mem:254.73M (Peak 254.73M) | Time:00:00.25 | Mem:0.00M, Peak:0.00M | C6420_4N_24SFF_v002_MASTER, ViewLayer | Synchronizing object | Underlapping_cover_seam
Fra:22 Mem:254.74M (Peak 254.74M) | Time:00:00.25 | Mem:0.00M, Peak:0.00M | C6420_4N_24SFF_v002_MASTER, ViewLayer | Synchronizing object | Cover_traction_pad
Fra:22 Mem:254.60M (Peak 254.74M) | Time:00:00.26 | Mem:0.00M, Peak:0.00M | C6420_4N_24SFF_v002_MASTER, ViewLayer | Synchronizing object | Cover_release_recess_back
Fra:22 Mem:254.48M (Peak 254.74M) | Time:00:00.26 | Mem:0.00M, Peak:0.00M | C6420_4N_24SFF_v002_MASTER, ViewLayer | Synchronizing object | Cover_release_metal_tab
Fra:22 Mem:255.79M (Peak 255.79M) | Time:00:00.26 | Mem:0.00M, Peak:0.00M | C6420_4N_24SFF_v002_MASTER, ViewLayer | Synchronizing object | Front_cover_flush_screw_recessed_head
Fra:22 Mem:255.96M (Peak 255.96M) | Time:00:00.26 | Mem:0.00M, Peak:0.00M | C6420_4N_24SFF_v002_MASTER, ViewLayer | Synchronizing object | Front_cover_flush_screw_recess_floor
Fra:22 Mem:255.97M (Peak 255.97M) | Time:00:00.26 | Mem:0.00M, Peak:0.00M | C6420_4N_24SFF_v002_MASTER, ViewLayer | Synchronizing object | Front_cover_flush_screw_recessed_head.001
Fra:22 Mem:255.98M (Peak 255.98M) | Time:00:00.26 | Mem:0.00M, Peak:0.00M | C6420_4N_24SFF_v002_MASTER, ViewLayer | Synchronizing object | Front_cover_flush_screw_recessed_head.002
Fra:22 Mem:255.88M (Peak 255.98M) | Time:00:00.26 | Mem:0.00M, Peak:0.00M | C6420_4N_24SFF_v002_MASTER, ViewLayer | Synchronizing object | Front_cover_flush_screw_recessed_head.003
Fra:22 Mem:255.90M (Peak 255.98M) | Time:00:00.26 | Mem:0.00M, Peak:0.00M | C6420_4N_24SFF_v002_MASTER, ViewLayer | Synchronizing object | Front_cover_flush_screw_recessed_head.005
Fra:22 Mem:256.69M (Peak 256.69M) | Time:00:00.26 | Mem:0.00M, Peak:0.00M | C6420_4N_24SFF_v002_MASTER, ViewLayer | Synchronizing object | Front_cover_flush_screw_recessed_head.006
Fra:22 Mem:256.69M (Peak 256.69M) | Time:00:00.26 | Mem:0.00M, Peak:0.00M | C6420_4N_24SFF_v002_MASTER, ViewLayer | Synchronizing object | Front_cover_flush_screw_recessed_head.007
Fra:22 Mem:256.79M (Peak 256.79M) | Time:00:00.26 | Mem:0.00M, Peak:0.00M | C6420_4N_24SFF_v002_MASTER, ViewLayer | Synchronizing object | Front_cover_flush_screw_recessed_head.008
Fra:22 Mem:259.32M (Peak 259.32M) | Time:00:00.26 | Mem:0.00M, Peak:0.00M | C6420_4N_24SFF_v002_MASTER, ViewLayer | Synchronizing object | Front_cover_flush_screw_recessed_head.009
Fra:22 Mem:258.68M (Peak 259.32M) | Time:00:00.26 | Mem:0.00M, Peak:0.00M | C6420_4N_24SFF_v002_MASTER, ViewLayer | Synchronizing object | Front_cover_flush_screw_recessed_head.010
Fra:22 Mem:258.92M (Peak 259.32M) | Time:00:00.26 | Mem:0.00M, Peak:0.00M | C6420_4N_24SFF_v002_MASTER, ViewLayer | Synchronizing object | Front_cover_flush_screw_recessed_head.011
Fra:22 Mem:258.91M (Peak 259.32M) | Time:00:00.26 | Mem:0.00M, Peak:0.00M | C6420_4N_24SFF_v002_MASTER, ViewLayer | Synchronizing object | Front_cover_flush_screw_recessed_head.012
Fra:22 Mem:259.80M (Peak 259.80M) | Time:00:00.26 | Mem:0.00M, Peak:0.00M | C6420_4N_24SFF_v002_MASTER, ViewLayer | Synchronizing object | Front_cover_flush_screw_recessed_head.013
Fra:22 Mem:259.67M (Peak 259.80M) | Time:00:00.26 | Mem:0.00M, Peak:0.00M | C6420_4N_24SFF_v002_MASTER, ViewLayer | Synchronizing object | Front_cover_flush_screw_recessed_head.014
Fra:22 Mem:261.12M (Peak 261.12M) | Time:00:00.26 | Mem:0.00M, Peak:0.00M | C6420_4N_24SFF_v002_MASTER, ViewLayer | Synchronizing object | Front_cover_flush_screw_recessed_head.015
Fra:22 Mem:261.13M (Peak 261.13M) | Time:00:00.26 | Mem:0.00M, Peak:0.00M | C6420_4N_24SFF_v002_MASTER, ViewLayer | Synchronizing object | Front_cover_flush_screw_recessed_head.016
Fra:22 Mem:260.93M (Peak 261.13M) | Time:00:00.26 | Mem:0.00M, Peak:0.00M | C6420_4N_24SFF_v002_MASTER, ViewLayer | Synchronizing object | Front_cover_flush_screw_recessed_head.017
Fra:22 Mem:260.58M (Peak 261.13M) | Time:00:00.26 | Mem:0.00M, Peak:0.00M | C6420_4N_24SFF_v002_MASTER, ViewLayer | Synchronizing object | Front_cover_flush_screw_recessed_head.018
Fra:22 Mem:260.59M (Peak 261.13M) | Time:00:00.26 | Mem:0.00M, Peak:0.00M | C6420_4N_24SFF_v002_MASTER, ViewLayer | Synchronizing object | Front_cover_flush_screw_recessed_head.019
Fra:22 Mem:260.61M (Peak 261.13M) | Time:00:00.26 | Mem:0.00M, Peak:0.00M | C6420_4N_24SFF_v002_MASTER, ViewLayer | Synchronizing object | Front_cover_flush_screw_recessed_head.020
Fra:22 Mem:261.46M (Peak 261.46M) | Time:00:00.26 | Mem:0.00M, Peak:0.00M | C6420_4N_24SFF_v002_MASTER, ViewLayer | Synchronizing object | Front_cover_flush_screw_recessed_head.021
Fra:22 Mem:261.17M (Peak 261.46M) | Time:00:00.26 | Mem:0.00M, Peak:0.00M | C6420_4N_24SFF_v002_MASTER, ViewLayer | Synchronizing object | Front_cover_flush_screw_recessed_head.022
Fra:22 Mem:261.10M (Peak 261.46M) | Time:00:00.26 | Mem:0.00M, Peak:0.00M | C6420_4N_24SFF_v002_MASTER, ViewLayer | Synchronizing object | Front_cover_flush_screw_recessed_head.023
Fra:22 Mem:261.07M (Peak 261.46M) | Time:00:00.26 | Mem:0.00M, Peak:0.00M | C6420_4N_24SFF_v002_MASTER, ViewLayer | Synchronizing object | Rear_cover_flush_screw_recessed_head
Fra:22 Mem:261.02M (Peak 261.46M) | Time:00:00.26 | Mem:0.00M, Peak:0.00M | C6420_4N_24SFF_v002_MASTER, ViewLayer | Synchronizing object | Rear_cover_flush_screw_recessed_head.001
Fra:22 Mem:261.07M (Peak 261.46M) | Time:00:00.26 | Mem:0.00M, Peak:0.00M | C6420_4N_24SFF_v002_MASTER, ViewLayer | Synchronizing object | Rear_cover_flush_screw_recessed_head.002
Fra:22 Mem:261.08M (Peak 261.46M) | Time:00:00.26 | Mem:0.00M, Peak:0.00M | C6420_4N_24SFF_v002_MASTER, ViewLayer | Synchronizing object | Rear_cover_flush_screw_recessed_head.003
Fra:22 Mem:261.21M (Peak 261.46M) | Time:00:00.26 | Mem:0.00M, Peak:0.00M | C6420_4N_24SFF_v002_MASTER, ViewLayer | Synchronizing object | PSU2_woven_edge_fibres
Fra:22 Mem:261.60M (Peak 261.60M) | Time:00:00.26 | Mem:0.00M, Peak:0.00M | C6420_4N_24SFF_v002_MASTER, ViewLayer | Synchronizing object | Midheight_sled_shelf
Fra:22 Mem:261.74M (Peak 261.73M) | Time:00:00.26 | Mem:0.00M, Peak:0.00M | C6420_4N_24SFF_v002_MASTER, ViewLayer | Synchronizing object | Central_PSU_channel_divider
Fra:22 Mem:262.18M (Peak 262.18M) | Time:00:00.26 | Mem:0.00M, Peak:0.00M | C6420_4N_24SFF_v002_MASTER, ViewLayer | Synchronizing object | Front_backplane_shadow
Fra:22 Mem:262.36M (Peak 262.36M) | Time:00:00.27 | Mem:0.00M, Peak:0.00M | C6420_4N_24SFF_v002_MASTER, ViewLayer | Synchronizing object | Hidden_backplane_socket
Fra:22 Mem:262.72M (Peak 262.72M) | Time:00:00.27 | Mem:0.00M, Peak:0.00M | C6420_4N_24SFF_v002_MASTER, ViewLayer | Synchronizing object | Rack_ear_mount_-1
Fra:22 Mem:263.30M (Peak 263.30M) | Time:00:00.27 | Mem:0.00M, Peak:0.00M | C6420_4N_24SFF_v002_MASTER, ViewLayer | Synchronizing object | Control_ear_shell_-1
Fra:22 Mem:263.44M (Peak 263.44M) | Time:00:00.27 | Mem:0.00M, Peak:0.00M | C6420_4N_24SFF_v002_MASTER, ViewLayer | Synchronizing object | Lower_ear_screw_boss_-1
Fra:22 Mem:263.46M (Peak 263.46M) | Time:00:00.27 | Mem:0.00M, Peak:0.00M | C6420_4N_24SFF_v002_MASTER, ViewLayer | Synchronizing object | Front_punched_cheek_-1
Fra:22 Mem:263.62M (Peak 263.62M) | Time:00:00.27 | Mem:0.00M, Peak:0.00M | C6420_4N_24SFF_v002_MASTER, ViewLayer | Synchronizing object | Front_cage_side_return_-1
Fra:22 Mem:262.88M (Peak 263.62M) | Time:00:00.27 | Mem:0.00M, Peak:0.00M | C6420_4N_24SFF_v002_MASTER, ViewLayer | Synchronizing object | Chrome_lifting_handle_-1
Fra:22 Mem:262.73M (Peak 263.62M) | Time:00:00.27 | Mem:0.00M, Peak:0.00M | C6420_4N_24SFF_v002_MASTER, ViewLayer | Synchronizing object | Handle_flat_anchor_-1
Fra:22 Mem:262.78M (Peak 263.62M) | Time:00:00.27 | Mem:0.00M, Peak:0.00M | C6420_4N_24SFF_v002_MASTER, ViewLayer | Synchronizing object | Chrome_lifting_handle_1
Fra:22 Mem:262.75M (Peak 263.62M) | Time:00:00.27 | Mem:0.00M, Peak:0.00M | C6420_4N_24SFF_v002_MASTER, ViewLayer | Synchronizing object | Front_lower_rolled_hem
Fra:22 Mem:262.68M (Peak 263.62M) | Time:00:00.27 | Mem:0.00M, Peak:0.00M | C6420_4N_24SFF_v002_MASTER, ViewLayer | Synchronizing object | Drive_bank_divider_0
Fra:22 Mem:262.61M (Peak 263.62M) | Time:00:00.27 | Mem:0.00M, Peak:0.00M | C6420_4N_24SFF_v002_MASTER, ViewLayer | Synchronizing object | Control_face_inset_-1
Fra:22 Mem:262.61M (Peak 263.62M) | Time:00:00.27 | Mem:0.00M, Peak:0.00M | C6420_4N_24SFF_v002_MASTER, ViewLayer | Synchronizing object | Control_face_bottom_clip_-1
Fra:22 Mem:262.71M (Peak 263.62M) | Time:00:00.27 | Mem:0.00M, Peak:0.00M | C6420_4N_24SFF_v002_MASTER, ViewLayer | Synchronizing object | DELL_EMC_official_badge
Fra:22 Mem:262.61M (Peak 263.62M) | Time:00:00.27 | Mem:0.00M, Peak:0.00M | C6420_4N_24SFF_v002_MASTER, ViewLayer | Synchronizing object | Power_button_lens_1
Fra:22 Mem:262.75M (Peak 263.62M) | Time:00:00.27 | Mem:0.00M, Peak:0.00M | C6420_4N_24SFF_v002_MASTER, ViewLayer | Synchronizing object | Power_outer_white_print_1
Fra:22 Mem:262.91M (Peak 263.62M) | Time:00:00.27 | Mem:0.00M, Peak:0.00M | C6420_4N_24SFF_v002_MASTER, ViewLayer | Synchronizing object | Power_symbol_arc_1
Fra:22 Mem:263.07M (Peak 263.62M) | Time:00:00.27 | Mem:0.00M, Peak:0.00M | C6420_4N_24SFF_v002_MASTER, ViewLayer | Synchronizing object | Power_symbol_stem_1
Fra:22 Mem:263.08M (Peak 263.62M) | Time:00:00.27 | Mem:0.00M, Peak:0.00M | C6420_4N_24SFF_v002_MASTER, ViewLayer | Synchronizing object | ID_button_lens_1
Fra:22 Mem:263.09M (Peak 263.62M) | Time:00:00.27 | Mem:0.00M, Peak:0.00M | C6420_4N_24SFF_v002_MASTER, ViewLayer | Synchronizing object | ID_button_print_1
Fra:22 Mem:263.18M (Peak 263.62M) | Time:00:00.27 | Mem:0.00M, Peak:0.00M | C6420_4N_24SFF_v002_MASTER, ViewLayer | Synchronizing object | ID_inner_white_disc_1
Fra:22 Mem:263.32M (Peak 263.62M) | Time:00:00.27 | Mem:0.00M, Peak:0.00M | C6420_4N_24SFF_v002_MASTER, ViewLayer | Synchronizing object | ID_information_symbol_1
Fra:22 Mem:262.97M (Peak 263.62M) | Time:00:00.27 | Mem:0.00M, Peak:0.00M | C6420_4N_24SFF_v002_MASTER, ViewLayer | Synchronizing object | Front_node_number_1
Fra:22 Mem:263.37M (Peak 263.62M) | Time:00:00.27 | Mem:0.00M, Peak:0.00M | C6420_4N_24SFF_v002_MASTER, ViewLayer | Synchronizing object | Front_mapping_arrow_1
Fra:22 Mem:263.30M (Peak 263.62M) | Time:00:00.27 | Mem:0.00M, Peak:0.00M | C6420_4N_24SFF_v002_MASTER, ViewLayer | Synchronizing object | Power_symbol_arc_2
Fra:22 Mem:263.31M (Peak 263.62M) | Time:00:00.27 | Mem:0.00M, Peak:0.00M | C6420_4N_24SFF_v002_MASTER, ViewLayer | Synchronizing object | Power_symbol_stem_2
Fra:22 Mem:263.25M (Peak 263.62M) | Time:00:00.27 | Mem:0.00M, Peak:0.00M | C6420_4N_24SFF_v002_MASTER, ViewLayer | Synchronizing object | Front_node_number_2
Fra:22 Mem:263.79M (Peak 263.79M) | Time:00:00.27 | Mem:0.00M, Peak:0.00M | C6420_4N_24SFF_v002_MASTER, ViewLayer | Synchronizing object | Captive_screw_metal_washer_-1
Fra:22 Mem:263.85M (Peak 263.85M) | Time:00:00.27 | Mem:0.00M, Peak:0.00M | C6420_4N_24SFF_v002_MASTER, ViewLayer | Synchronizing object | Captive_screw_knurled_grip_-1
Fra:22 Mem:264.45M (Peak 264.45M) | Time:00:00.27 | Mem:0.00M, Peak:0.00M | C6420_4N_24SFF_v002_MASTER, ViewLayer | Synchronizing object | Captive_screw_Phillips_-1_recessed_head
Fra:22 Mem:264.50M (Peak 264.50M) | Time:00:00.27 | Mem:0.00M, Peak:0.00M | C6420_4N_24SFF_v002_MASTER, ViewLayer | Synchronizing object | Captive_screw_Phillips_-1_recess_floor
Fra:22 Mem:264.50M (Peak 264.50M) | Time:00:00.27 | Mem:0.00M, Peak:0.00M | C6420_4N_24SFF_v002_MASTER, ViewLayer | Synchronizing object | Captive_screw_front_bead_-1
Fra:22 Mem:264.59M (Peak 264.59M) | Time:00:00.27 | Mem:0.00M, Peak:0.00M | C6420_4N_24SFF_v002_MASTER, ViewLayer | Synchronizing object | C6400_official_badge
Fra:22 Mem:264.68M (Peak 264.68M) | Time:00:00.27 | Mem:0.00M, Peak:0.00M | C6420_4N_24SFF_v002_MASTER, ViewLayer | Synchronizing object | Power_symbol_arc_3
Fra:22 Mem:264.79M (Peak 264.79M) | Time:00:00.27 | Mem:0.00M, Peak:0.00M | C6420_4N_24SFF_v002_MASTER, ViewLayer | Synchronizing object | Power_symbol_stem_3
Fra:22 Mem:264.92M (Peak 264.92M) | Time:00:00.27 | Mem:0.00M, Peak:0.00M | C6420_4N_24SFF_v002_MASTER, ViewLayer | Synchronizing object | Front_node_number_3
Fra:22 Mem:264.95M (Peak 264.95M) | Time:00:00.27 | Mem:0.00M, Peak:0.00M | C6420_4N_24SFF_v002_MASTER, ViewLayer | Synchronizing object | Front_mapping_arrow_3
Fra:22 Mem:264.95M (Peak 264.95M) | Time:00:00.27 | Mem:0.00M, Peak:0.00M | C6420_4N_24SFF_v002_MASTER, ViewLayer | Synchronizing object | Power_symbol_arc_4
Fra:22 Mem:264.97M (Peak 264.97M) | Time:00:00.27 | Mem:0.00M, Peak:0.00M | C6420_4N_24SFF_v002_MASTER, ViewLayer | Synchronizing object | Power_symbol_stem_4
Fra:22 Mem:264.98M (Peak 264.98M) | Time:00:00.27 | Mem:0.00M, Peak:0.00M | C6420_4N_24SFF_v002_MASTER, ViewLayer | Synchronizing object | Front_node_number_4
Fra:22 Mem:264.98M (Peak 264.98M) | Time:00:00.27 | Mem:0.00M, Peak:0.00M | C6420_4N_24SFF_v002_MASTER, ViewLayer | Synchronizing object | Bay_index_00
Fra:22 Mem:265.01M (Peak 265.01M) | Time:00:00.27 | Mem:0.00M, Peak:0.00M | C6420_4N_24SFF_v002_MASTER, ViewLayer | Synchronizing object | Bay_mapping_triangle_0
Fra:22 Mem:264.97M (Peak 265.01M) | Time:00:00.27 | Mem:0.00M, Peak:0.00M | C6420_4N_24SFF_v002_MASTER, ViewLayer | Synchronizing object | Bay_index_01
Fra:22 Mem:265.00M (Peak 265.01M) | Time:00:00.27 | Mem:0.00M, Peak:0.00M | C6420_4N_24SFF_v002_MASTER, ViewLayer | Synchronizing object | Bay_index_02
Fra:22 Mem:265.06M (Peak 265.06M) | Time:00:00.27 | Mem:0.00M, Peak:0.00M | C6420_4N_24SFF_v002_MASTER, ViewLayer | Synchronizing object | Bay_index_03
Fra:22 Mem:265.25M (Peak 265.25M) | Time:00:00.27 | Mem:0.00M, Peak:0.00M | C6420_4N_24SFF_v002_MASTER, ViewLayer | Synchronizing object | Bay_index_04
Fra:22 Mem:265.28M (Peak 265.28M) | Time:00:00.27 | Mem:0.00M, Peak:0.00M | C6420_4N_24SFF_v002_MASTER, ViewLayer | Synchronizing object | Bay_index_05
Fra:22 Mem:265.21M (Peak 265.28M) | Time:00:00.27 | Mem:0.00M, Peak:0.00M | C6420_4N_24SFF_v002_MASTER, ViewLayer | Synchronizing object | Bay_index_06
Fra:22 Mem:265.34M (Peak 265.34M) | Time:00:00.27 | Mem:0.00M, Peak:0.00M | C6420_4N_24SFF_v002_MASTER, ViewLayer | Synchronizing object | Bay_index_07
Fra:22 Mem:265.33M (Peak 265.34M) | Time:00:00.27 | Mem:0.00M, Peak:0.00M | C6420_4N_24SFF_v002_MASTER, ViewLayer | Synchronizing object | Bay_index_08
Fra:22 Mem:264.85M (Peak 265.34M) | Time:00:00.27 | Mem:0.00M, Peak:0.00M | C6420_4N_24SFF_v002_MASTER, ViewLayer | Synchronizing object | Bay_index_09
Fra:22 Mem:264.88M (Peak 265.34M) | Time:00:00.27 | Mem:0.00M, Peak:0.00M | C6420_4N_24SFF_v002_MASTER, ViewLayer | Synchronizing object | Bay_index_10
Fra:22 Mem:265.19M (Peak 265.34M) | Time:00:00.27 | Mem:0.00M, Peak:0.00M | C6420_4N_24SFF_v002_MASTER, ViewLayer | Synchronizing object | Bay_index_11
Fra:22 Mem:265.27M (Peak 265.34M) | Time:00:00.27 | Mem:0.00M, Peak:0.00M | C6420_4N_24SFF_v002_MASTER, ViewLayer | Synchronizing object | Bay_index_12
Fra:22 Mem:265.35M (Peak 265.35M) | Time:00:00.27 | Mem:0.00M, Peak:0.00M | C6420_4N_24SFF_v002_MASTER, ViewLayer | Synchronizing object | Bay_index_13
Fra:22 Mem:265.56M (Peak 265.56M) | Time:00:00.27 | Mem:0.00M, Peak:0.00M | C6420_4N_24SFF_v002_MASTER, ViewLayer | Synchronizing object | Bay_index_14
Fra:22 Mem:265.51M (Peak 265.56M) | Time:00:00.27 | Mem:0.00M, Peak:0.00M | C6420_4N_24SFF_v002_MASTER, ViewLayer | Synchronizing object | Bay_index_15
Fra:22 Mem:265.43M (Peak 265.56M) | Time:00:00.27 | Mem:0.00M, Peak:0.00M | C6420_4N_24SFF_v002_MASTER, ViewLayer | Synchronizing object | Bay_index_16
Fra:22 Mem:265.46M (Peak 265.56M) | Time:00:00.27 | Mem:0.00M, Peak:0.00M | C6420_4N_24SFF_v002_MASTER, ViewLayer | Synchronizing object | Bay_index_17
Fra:22 Mem:265.46M (Peak 265.56M) | Time:00:00.27 | Mem:0.00M, Peak:0.00M | C6420_4N_24SFF_v002_MASTER, ViewLayer | Synchronizing object | Bay_index_18
Fra:22 Mem:265.58M (Peak 265.58M) | Time:00:00.27 | Mem:0.00M, Peak:0.00M | C6420_4N_24SFF_v002_MASTER, ViewLayer | Synchronizing object | Bay_index_19
Fra:22 Mem:265.68M (Peak 265.68M) | Time:00:00.27 | Mem:0.00M, Peak:0.00M | C6420_4N_24SFF_v002_MASTER, ViewLayer | Synchronizing object | Bay_index_20
Fra:22 Mem:265.74M (Peak 265.74M) | Time:00:00.27 | Mem:0.00M, Peak:0.00M | C6420_4N_24SFF_v002_MASTER, ViewLayer | Synchronizing object | Bay_index_21
Fra:22 Mem:265.75M (Peak 265.74M) | Time:00:00.27 | Mem:0.00M, Peak:0.00M | C6420_4N_24SFF_v002_MASTER, ViewLayer | Synchronizing object | Bay_index_22
Fra:22 Mem:265.65M (Peak 265.74M) | Time:00:00.27 | Mem:0.00M, Peak:0.00M | C6420_4N_24SFF_v002_MASTER, ViewLayer | Synchronizing object | Real_service_label_band
Fra:22 Mem:265.00M (Peak 265.74M) | Time:00:00.27 | Mem:0.00M, Peak:0.00M | C6420_4N_24SFF_v002_MASTER, ViewLayer | Synchronizing object | Real_regulatory_label
Fra:22 Mem:264.89M (Peak 265.74M) | Time:00:00.27 | Mem:0.00M, Peak:0.00M | C6420_4N_24SFF_v002_MASTER, ViewLayer | Synchronizing object | Node1_floor
Fra:22 Mem:266.31M (Peak 266.31M) | Time:00:00.27 | Mem:0.00M, Peak:0.00M | C6420_4N_24SFF_v002_MASTER, ViewLayer | Synchronizing object | Node1_tray_side_-1
Fra:22 Mem:265.73M (Peak 266.31M) | Time:00:00.27 | Mem:0.00M, Peak:0.00M | C6420_4N_24SFF_v002_MASTER, ViewLayer | Synchronizing object | Node1_visible_PCB_edge
Fra:22 Mem:266.12M (Peak 266.31M) | Time:00:00.27 | Mem:0.00M, Peak:0.00M | C6420_4N_24SFF_v002_MASTER, ViewLayer | Synchronizing object | Node1_punched_rear_skin
Fra:22 Mem:266.15M (Peak 266.31M) | Time:00:00.27 | Mem:0.00M, Peak:0.00M | C6420_4N_24SFF_v002_MASTER, ViewLayer | Synchronizing object | Node1_horizontal_rear_return
Fra:22 Mem:268.14M (Peak 268.14M) | Time:00:00.27 | Mem:0.00M, Peak:0.00M | C6420_4N_24SFF_v002_MASTER, ViewLayer | Synchronizing object | PSU1_woven_edge_fibres
Fra:22 Mem:268.80M (Peak 268.80M) | Time:00:00.27 | Mem:0.00M, Peak:0.00M | C6420_4N_24SFF_v002_MASTER, ViewLayer | Synchronizing object | Node1_vertical_rear_return
Fra:22 Mem:269.24M (Peak 269.24M) | Time:00:00.27 | Mem:0.00M, Peak:0.00M | C6420_4N_24SFF_v002_MASTER, ViewLayer | Synchronizing object | Node1_USB_black_mask
Fra:22 Mem:269.33M (Peak 269.33M) | Time:00:00.27 | Mem:0.00M, Peak:0.00M | C6420_4N_24SFF_v002_MASTER, ViewLayer | Synchronizing object | Node1_USB3A_0_metal_cavity
Fra:22 Mem:269.33M (Peak 269.33M) | Time:00:00.27 | Mem:0.00M, Peak:0.00M | C6420_4N_24SFF_v002_MASTER, ViewLayer | Synchronizing object | Node1_USB3A_0_blue_tongue
Fra:22 Mem:269.46M (Peak 269.46M) | Time:00:00.27 | Mem:0.00M, Peak:0.00M | C6420_4N_24SFF_v002_MASTER, ViewLayer | Synchronizing object | Node1_USB3A_0_front_contact_0
Fra:22 Mem:269.50M (Peak 269.50M) | Time:00:00.27 | Mem:0.00M, Peak:0.00M | C6420_4N_24SFF_v002_MASTER, ViewLayer | Synchronizing object | Node1_USB3A_0_rear_contact_0
Fra:22 Mem:269.60M (Peak 269.60M) | Time:00:00.27 | Mem:0.00M, Peak:0.00M | C6420_4N_24SFF_v002_MASTER, ViewLayer | Synchronizing object | Node1_USB_retention_spring
Fra:22 Mem:269.73M (Peak 269.73M) | Time:00:00.27 | Mem:0.00M, Peak:0.00M | C6420_4N_24SFF_v002_MASTER, ViewLayer | Synchronizing object | Node1_USB_icon_stem
Fra:22 Mem:269.91M (Peak 269.91M) | Time:00:00.27 | Mem:0.00M, Peak:0.00M | C6420_4N_24SFF_v002_MASTER, ViewLayer | Synchronizing object | Node1_USB_icon_branchA
Fra:22 Mem:269.87M (Peak 269.91M) | Time:00:00.27 | Mem:0.00M, Peak:0.00M | C6420_4N_24SFF_v002_MASTER, ViewLayer | Synchronizing object | Node1_USB_icon_branchB
Fra:22 Mem:269.86M (Peak 269.91M) | Time:00:00.27 | Mem:0.00M, Peak:0.00M | C6420_4N_24SFF_v002_MASTER, ViewLayer | Synchronizing object | Node1_USB_icon_circle
Fra:22 Mem:269.86M (Peak 269.91M) | Time:00:00.27 | Mem:0.00M, Peak:0.00M | C6420_4N_24SFF_v002_MASTER, ViewLayer | Synchronizing object | Node1_USB_icon_arrow
Fra:22 Mem:269.85M (Peak 269.91M) | Time:00:00.27 | Mem:0.00M, Peak:0.00M | C6420_4N_24SFF_v002_MASTER, ViewLayer | Synchronizing object | Node1_USB_icon_root
Fra:22 Mem:269.85M (Peak 269.91M) | Time:00:00.27 | Mem:0.00M, Peak:0.00M | C6420_4N_24SFF_v002_MASTER, ViewLayer | Synchronizing object | Node1_dual_SFP_adapter_face
Fra:22 Mem:269.90M (Peak 269.91M) | Time:00:00.27 | Mem:0.00M, Peak:0.00M | C6420_4N_24SFF_v002_MASTER, ViewLayer | Synchronizing object | Node1_SFP_cage_0_metal_cavity
Fra:22 Mem:270.25M (Peak 270.25M) | Time:00:00.27 | Mem:0.00M, Peak:0.00M | C6420_4N_24SFF_v002_MASTER, ViewLayer | Synchronizing object | Node1_SFP_cage_0_dark_back
Fra:22 Mem:270.36M (Peak 270.36M) | Time:00:00.27 | Mem:0.00M, Peak:0.00M | C6420_4N_24SFF_v002_MASTER, ViewLayer | Synchronizing object | Node1_SFP_0_side_spring
Fra:22 Mem:270.57M (Peak 270.57M) | Time:00:00.27 | Mem:0.00M, Peak:0.00M | C6420_4N_24SFF_v002_MASTER, ViewLayer | Synchronizing object | Node1_SFP_0_top_tang
Fra:22 Mem:270.57M (Peak 270.57M) | Time:00:00.27 | Mem:0.00M, Peak:0.00M | C6420_4N_24SFF_v002_MASTER, ViewLayer | Synchronizing object | Node1_SFP_0_lower_flange
Fra:22 Mem:270.60M (Peak 270.60M) | Time:00:00.27 | Mem:0.00M, Peak:0.00M | C6420_4N_24SFF_v002_MASTER, ViewLayer | Synchronizing object | Node1_SFP_0_connector_insert
Fra:22 Mem:270.85M (Peak 270.85M) | Time:00:00.27 | Mem:0.00M, Peak:0.00M | C6420_4N_24SFF_v002_MASTER, ViewLayer | Synchronizing object | Node1_SFP_0_contact_0
Fra:22 Mem:270.71M (Peak 270.85M) | Time:00:00.27 | Mem:0.00M, Peak:0.00M | C6420_4N_24SFF_v002_MASTER, ViewLayer | Synchronizing object | Node1_SFP_index_0
Fra:22 Mem:270.71M (Peak 270.85M) | Time:00:00.27 | Mem:0.00M, Peak:0.00M | C6420_4N_24SFF_v002_MASTER, ViewLayer | Synchronizing object | Node1_SFP_index_1
Fra:22 Mem:270.66M (Peak 270.85M) | Time:00:00.27 | Mem:0.00M, Peak:0.00M | C6420_4N_24SFF_v002_MASTER, ViewLayer | Synchronizing object | Node1_MicroUSB_metal_cavity
Fra:22 Mem:270.59M (Peak 270.85M) | Time:00:00.27 | Mem:0.00M, Peak:0.00M | C6420_4N_24SFF_v002_MASTER, ViewLayer | Synchronizing object | Node1_MicroUSB_tongue
Fra:22 Mem:270.73M (Peak 270.85M) | Time:00:00.27 | Mem:0.00M, Peak:0.00M | C6420_4N_24SFF_v002_MASTER, ViewLayer | Synchronizing object | Node1_MiniDisplayPort_metal_cavity
Fra:22 Mem:271.12M (Peak 271.12M) | Time:00:00.27 | Mem:0.00M, Peak:0.00M | C6420_4N_24SFF_v002_MASTER, ViewLayer | Synchronizing object | Node1_MiniDisplayPort_dark_back
Fra:22 Mem:271.19M (Peak 271.19M) | Time:00:00.27 | Mem:0.00M, Peak:0.00M | C6420_4N_24SFF_v002_MASTER, ViewLayer | Synchronizing object | Node1_MiniDP_inner_shield_metal_cavity
Fra:22 Mem:272.32M (Peak 272.32M) | Time:00:00.27 | Mem:0.00M, Peak:0.00M | C6420_4N_24SFF_v002_MASTER, ViewLayer | Synchronizing object | Node1_MiniDP_inner_shield_dark_back
Fra:22 Mem:272.33M (Peak 272.33M) | Time:00:00.27 | Mem:0.00M, Peak:0.00M | C6420_4N_24SFF_v002_MASTER, ViewLayer | Synchronizing object | Node1_MiniDP_tongue
Fra:22 Mem:272.32M (Peak 272.33M) | Time:00:00.27 | Mem:0.00M, Peak:0.00M | C6420_4N_24SFF_v002_MASTER, ViewLayer | Synchronizing object | Node1_iDRAC_RJ45_metal_cavity
Fra:22 Mem:272.06M (Peak 272.33M) | Time:00:00.27 | Mem:0.00M, Peak:0.00M | C6420_4N_24SFF_v002_MASTER, ViewLayer | Synchronizing object | Node1_iDRAC_RJ45_dark_back
Fra:22 Mem:272.05M (Peak 272.33M) | Time:00:00.27 | Mem:0.00M, Peak:0.00M | C6420_4N_24SFF_v002_MASTER, ViewLayer | Synchronizing object | Node1_RJ45_spring_contact_0
Fra:22 Mem:272.10M (Peak 272.33M) | Time:00:00.27 | Mem:0.00M, Peak:0.00M | C6420_4N_24SFF_v002_MASTER, ViewLayer | Synchronizing object | Node1_RJ45_spring_contact_1
Fra:22 Mem:272.11M (Peak 272.33M) | Time:00:00.27 | Mem:0.00M, Peak:0.00M | C6420_4N_24SFF_v002_MASTER, ViewLayer | Synchronizing object | Node1_RJ45_spring_contact_2
Fra:22 Mem:272.19M (Peak 272.33M) | Time:00:00.27 | Mem:0.00M, Peak:0.00M | C6420_4N_24SFF_v002_MASTER, ViewLayer | Synchronizing object | Node1_RJ45_spring_contact_3
Fra:22 Mem:272.19M (Peak 272.33M) | Time:00:00.27 | Mem:0.00M, Peak:0.00M | C6420_4N_24SFF_v002_MASTER, ViewLayer | Synchronizing object | Node1_RJ45_spring_contact_4
Fra:22 Mem:272.17M (Peak 272.33M) | Time:00:00.27 | Mem:0.00M, Peak:0.00M | C6420_4N_24SFF_v002_MASTER, ViewLayer | Synchronizing object | Node1_RJ45_spring_contact_5
Fra:22 Mem:272.30M (Peak 272.33M) | Time:00:00.27 | Mem:0.00M, Peak:0.00M | C6420_4N_24SFF_v002_MASTER, ViewLayer | Synchronizing object | Node1_RJ45_spring_contact_6
Fra:22 Mem:272.30M (Peak 272.33M) | Time:00:00.27 | Mem:0.00M, Peak:0.00M | C6420_4N_24SFF_v002_MASTER, ViewLayer | Synchronizing object | Node1_RJ45_spring_contact_7
Fra:22 Mem:272.35M (Peak 272.35M) | Time:00:00.27 | Mem:0.00M, Peak:0.00M | C6420_4N_24SFF_v002_MASTER, ViewLayer | Synchronizing object | Node1_RJ45_LED_lens
Fra:22 Mem:272.36M (Peak 272.36M) | Time:00:00.27 | Mem:0.00M, Peak:0.00M | C6420_4N_24SFF_v002_MASTER, ViewLayer | Synchronizing object | Node1_RJ45_LED_lens.001
Fra:22 Mem:272.40M (Peak 272.40M) | Time:00:00.27 | Mem:0.00M, Peak:0.00M | C6420_4N_24SFF_v002_MASTER, ViewLayer | Synchronizing object | Node1_power_metal_rim
Fra:22 Mem:272.42M (Peak 272.42M) | Time:00:00.27 | Mem:0.00M, Peak:0.00M | C6420_4N_24SFF_v002_MASTER, ViewLayer | Synchronizing object | Node1_power_button_lens
Fra:22 Mem:272.41M (Peak 272.42M) | Time:00:00.27 | Mem:0.00M, Peak:0.00M | C6420_4N_24SFF_v002_MASTER, ViewLayer | Synchronizing object | Node1_long_grip_folded_frame
Fra:22 Mem:272.56M (Peak 272.56M) | Time:00:00.27 | Mem:0.00M, Peak:0.00M | C6420_4N_24SFF_v002_MASTER, ViewLayer | Synchronizing object | Node1_long_black_grip_metal_cavity
Fra:22 Mem:272.78M (Peak 272.78M) | Time:00:00.27 | Mem:0.00M, Peak:0.00M | C6420_4N_24SFF_v002_MASTER, ViewLayer | Synchronizing object | Node1_long_black_grip_dark_back
Fra:22 Mem:272.40M (Peak 272.78M) | Time:00:00.27 | Mem:0.00M, Peak:0.00M | C6420_4N_24SFF_v002_MASTER, ViewLayer | Synchronizing object | Node1_grip_edge_fold
Fra:22 Mem:272.39M (Peak 272.78M) | Time:00:00.27 | Mem:0.00M, Peak:0.00M | C6420_4N_24SFF_v002_MASTER, ViewLayer | Synchronizing object | Node1_grip_press_lug
Fra:22 Mem:272.24M (Peak 272.78M) | Time:00:00.27 | Mem:0.00M, Peak:0.00M | C6420_4N_24SFF_v002_MASTER, ViewLayer | Synchronizing object | Node1_grip_hinge_pin
Fra:22 Mem:272.26M (Peak 272.78M) | Time:00:00.27 | Mem:0.00M, Peak:0.00M | C6420_4N_24SFF_v002_MASTER, ViewLayer | Synchronizing object | Node1_blue_paddle_face
Fra:22 Mem:272.18M (Peak 272.78M) | Time:00:00.27 | Mem:0.00M, Peak:0.00M | C6420_4N_24SFF_v002_MASTER, ViewLayer | Synchronizing object | PSU1_efficiency_exact_letters
Fra:22 Mem:272.30M (Peak 272.78M) | Time:00:00.27 | Mem:0.00M, Peak:0.00M | C6420_4N_24SFF_v002_MASTER, ViewLayer | Synchronizing object | Node1_blue_hook_return
Fra:22 Mem:272.33M (Peak 272.78M) | Time:00:00.27 | Mem:0.00M, Peak:0.00M | C6420_4N_24SFF_v002_MASTER, ViewLayer | Synchronizing object | PSU1_2400W_exact_letters
Fra:22 Mem:272.38M (Peak 272.78M) | Time:00:00.27 | Mem:0.00M, Peak:0.00M | C6420_4N_24SFF_v002_MASTER, ViewLayer | Synchronizing object | PSU1_EPP_exact_letters
Fra:22 Mem:272.39M (Peak 272.78M) | Time:00:00.27 | Mem:0.00M, Peak:0.00M | C6420_4N_24SFF_v002_MASTER, ViewLayer | Synchronizing object | PSU1_EPP_green_upper_field
Fra:22 Mem:272.45M (Peak 272.78M) | Time:00:00.28 | Mem:0.00M, Peak:0.00M | C6420_4N_24SFF_v002_MASTER, ViewLayer | Synchronizing object | PSU1_EPP_real_print_paper
Fra:22 Mem:272.45M (Peak 272.78M) | Time:00:00.28 | Mem:0.00M, Peak:0.00M | C6420_4N_24SFF_v002_MASTER, ViewLayer | Synchronizing object | PSU2_woven_extraction_loop
Fra:22 Mem:272.42M (Peak 272.78M) | Time:00:00.28 | Mem:0.00M, Peak:0.00M | C6420_4N_24SFF_v002_MASTER, ViewLayer | Synchronizing object | Node1_blue_hook_cross_return
Fra:22 Mem:272.50M (Peak 272.78M) | Time:00:00.28 | Mem:0.00M, Peak:0.00M | C6420_4N_24SFF_v002_MASTER, ViewLayer | Synchronizing object | Node1_blue_latch_mount_recessed_head
Fra:22 Mem:272.47M (Peak 272.78M) | Time:00:00.28 | Mem:0.00M, Peak:0.00M | C6420_4N_24SFF_v002_MASTER, ViewLayer | Synchronizing object | Node1_latch_steel_back
Fra:22 Mem:272.59M (Peak 272.78M) | Time:00:00.28 | Mem:0.00M, Peak:0.00M | C6420_4N_24SFF_v002_MASTER, ViewLayer | Synchronizing object | Node1_DP_mark
Fra:22 Mem:272.59M (Peak 272.78M) | Time:00:00.28 | Mem:0.00M, Peak:0.00M | C6420_4N_24SFF_v002_MASTER, ViewLayer | Synchronizing object | Node1_iDRAC_mark
Fra:22 Mem:272.59M (Peak 272.78M) | Time:00:00.28 | Mem:0.00M, Peak:0.00M | C6420_4N_24SFF_v002_MASTER, ViewLayer | Synchronizing object | Node1_MicroUSB_service_mark
Fra:22 Mem:272.63M (Peak 272.78M) | Time:00:00.28 | Mem:0.00M, Peak:0.00M | C6420_4N_24SFF_v002_MASTER, ViewLayer | Synchronizing object | Node1_EST_tag
Fra:22 Mem:272.63M (Peak 272.78M) | Time:00:00.28 | Mem:0.00M, Peak:0.00M | C6420_4N_24SFF_v002_MASTER, ViewLayer | Synchronizing object | Node1_EST_blue_print
Fra:22 Mem:272.75M (Peak 272.78M) | Time:00:00.28 | Mem:0.00M, Peak:0.00M | C6420_4N_24SFF_v002_MASTER, ViewLayer | Synchronizing object | Node1_EST_letters
Fra:22 Mem:272.70M (Peak 272.78M) | Time:00:00.28 | Mem:0.00M, Peak:0.00M | C6420_4N_24SFF_v002_MASTER, ViewLayer | Synchronizing object | Node2_punched_rear_skin
Fra:22 Mem:272.66M (Peak 272.78M) | Time:00:00.28 | Mem:0.00M, Peak:0.00M | C6420_4N_24SFF_v002_MASTER, ViewLayer | Synchronizing object | Node2_USB_icon_stem
Fra:22 Mem:272.62M (Peak 272.78M) | Time:00:00.28 | Mem:0.00M, Peak:0.00M | C6420_4N_24SFF_v002_MASTER, ViewLayer | Synchronizing object | Node2_USB_icon_branchB
Fra:22 Mem:272.64M (Peak 272.78M) | Time:00:00.28 | Mem:0.00M, Peak:0.00M | C6420_4N_24SFF_v002_MASTER, ViewLayer | Synchronizing object | Node2_RJ45_spring_contact_0
Fra:22 Mem:272.64M (Peak 272.78M) | Time:00:00.28 | Mem:0.00M, Peak:0.00M | C6420_4N_24SFF_v002_MASTER, ViewLayer | Synchronizing object | Node2_RJ45_spring_contact_1
Fra:22 Mem:271.85M (Peak 272.78M) | Time:00:00.28 | Mem:0.00M, Peak:0.00M | C6420_4N_24SFF_v002_MASTER, ViewLayer | Synchronizing object | Node2_RJ45_spring_contact_2
Fra:22 Mem:271.81M (Peak 272.78M) | Time:00:00.28 | Mem:0.00M, Peak:0.00M | C6420_4N_24SFF_v002_MASTER, ViewLayer | Synchronizing object | Node2_RJ45_spring_contact_3
Fra:22 Mem:273.47M (Peak 273.47M) | Time:00:00.28 | Mem:0.00M, Peak:0.00M | C6420_4N_24SFF_v002_MASTER, ViewLayer | Synchronizing object | Node2_RJ45_spring_contact_4
Fra:22 Mem:274.16M (Peak 274.16M) | Time:00:00.28 | Mem:0.00M, Peak:0.00M | C6420_4N_24SFF_v002_MASTER, ViewLayer | Synchronizing object | Node2_RJ45_spring_contact_6
Fra:22 Mem:274.26M (Peak 274.26M) | Time:00:00.28 | Mem:0.00M, Peak:0.00M | C6420_4N_24SFF_v002_MASTER, ViewLayer | Synchronizing object | Node2_RJ45_spring_contact_7
Fra:22 Mem:274.22M (Peak 274.26M) | Time:00:00.28 | Mem:0.00M, Peak:0.00M | C6420_4N_24SFF_v002_MASTER, ViewLayer | Synchronizing object | Node3_punched_rear_skin
Fra:22 Mem:276.56M (Peak 276.56M) | Time:00:00.28 | Mem:0.00M, Peak:0.00M | C6420_4N_24SFF_v002_MASTER, ViewLayer | Synchronizing object | Node3_USB_icon_stem
Fra:22 Mem:276.36M (Peak 276.56M) | Time:00:00.28 | Mem:0.00M, Peak:0.00M | C6420_4N_24SFF_v002_MASTER, ViewLayer | Synchronizing object | Node3_USB_icon_branchA
Fra:22 Mem:276.41M (Peak 276.56M) | Time:00:00.28 | Mem:0.00M, Peak:0.00M | C6420_4N_24SFF_v002_MASTER, ViewLayer | Synchronizing object | Node3_USB_icon_branchB
Fra:22 Mem:276.33M (Peak 276.56M) | Time:00:00.28 | Mem:0.00M, Peak:0.00M | C6420_4N_24SFF_v002_MASTER, ViewLayer | Synchronizing object | PSU2_curved_fan_vane_6
Fra:22 Mem:276.34M (Peak 276.56M) | Time:00:00.28 | Mem:0.00M, Peak:0.00M | C6420_4N_24SFF_v002_MASTER, ViewLayer | Synchronizing object | Node3_RJ45_spring_contact_1
Fra:22 Mem:276.37M (Peak 276.56M) | Time:00:00.28 | Mem:0.00M, Peak:0.00M | C6420_4N_24SFF_v002_MASTER, ViewLayer | Synchronizing object | Node3_RJ45_spring_contact_2
Fra:22 Mem:276.36M (Peak 276.56M) | Time:00:00.28 | Mem:0.00M, Peak:0.00M | C6420_4N_24SFF_v002_MASTER, ViewLayer | Synchronizing object | Node3_RJ45_spring_contact_3
Fra:22 Mem:276.39M (Peak 276.56M) | Time:00:00.28 | Mem:0.00M, Peak:0.00M | C6420_4N_24SFF_v002_MASTER, ViewLayer | Synchronizing object | Node3_RJ45_spring_contact_4
Fra:22 Mem:276.39M (Peak 276.56M) | Time:00:00.28 | Mem:0.00M, Peak:0.00M | C6420_4N_24SFF_v002_MASTER, ViewLayer | Synchronizing object | Node3_RJ45_spring_contact_5
Fra:22 Mem:276.40M (Peak 276.56M) | Time:00:00.28 | Mem:0.00M, Peak:0.00M | C6420_4N_24SFF_v002_MASTER, ViewLayer | Synchronizing object | Node3_RJ45_spring_contact_7
Fra:22 Mem:276.40M (Peak 276.56M) | Time:00:00.28 | Mem:0.00M, Peak:0.00M | C6420_4N_24SFF_v002_MASTER, ViewLayer | Synchronizing object | Node4_punched_rear_skin
Fra:22 Mem:276.28M (Peak 276.56M) | Time:00:00.28 | Mem:0.00M, Peak:0.00M | C6420_4N_24SFF_v002_MASTER, ViewLayer | Synchronizing object | PSU2_curved_fan_vane_5
Fra:22 Mem:276.30M (Peak 276.56M) | Time:00:00.28 | Mem:0.00M, Peak:0.00M | C6420_4N_24SFF_v002_MASTER, ViewLayer | Synchronizing object | Node4_USB_icon_stem
Fra:22 Mem:276.29M (Peak 276.56M) | Time:00:00.28 | Mem:0.00M, Peak:0.00M | C6420_4N_24SFF_v002_MASTER, ViewLayer | Synchronizing object | Node4_USB_icon_branchA
Fra:22 Mem:276.27M (Peak 276.56M) | Time:00:00.28 | Mem:0.00M, Peak:0.00M | C6420_4N_24SFF_v002_MASTER, ViewLayer | Synchronizing object | Node4_USB_icon_branchB
Fra:22 Mem:276.28M (Peak 276.56M) | Time:00:00.28 | Mem:0.00M, Peak:0.00M | C6420_4N_24SFF_v002_MASTER, ViewLayer | Synchronizing object | Node4_RJ45_spring_contact_0
Fra:22 Mem:276.30M (Peak 276.56M) | Time:00:00.28 | Mem:0.00M, Peak:0.00M | C6420_4N_24SFF_v002_MASTER, ViewLayer | Synchronizing object | Node4_RJ45_spring_contact_1
Fra:22 Mem:276.31M (Peak 276.56M) | Time:00:00.28 | Mem:0.00M, Peak:0.00M | C6420_4N_24SFF_v002_MASTER, ViewLayer | Synchronizing object | Node4_RJ45_spring_contact_2
Fra:22 Mem:278.42M (Peak 278.42M) | Time:00:00.28 | Mem:0.00M, Peak:0.00M | C6420_4N_24SFF_v002_MASTER, ViewLayer | Synchronizing object | Node4_RJ45_spring_contact_4
Fra:22 Mem:278.42M (Peak 278.42M) | Time:00:00.28 | Mem:0.00M, Peak:0.00M | C6420_4N_24SFF_v002_MASTER, ViewLayer | Synchronizing object | Node4_RJ45_spring_contact_5
Fra:22 Mem:278.44M (Peak 278.44M) | Time:00:00.28 | Mem:0.00M, Peak:0.00M | C6420_4N_24SFF_v002_MASTER, ViewLayer | Synchronizing object | PSU2_curved_fan_vane_4
Fra:22 Mem:278.46M (Peak 278.46M) | Time:00:00.28 | Mem:0.00M, Peak:0.00M | C6420_4N_24SFF_v002_MASTER, ViewLayer | Synchronizing object | Node4_RJ45_spring_contact_6
Fra:22 Mem:278.45M (Peak 278.46M) | Time:00:00.28 | Mem:0.00M, Peak:0.00M | C6420_4N_24SFF_v002_MASTER, ViewLayer | Synchronizing object | PSU2_curved_fan_vane_3
Fra:22 Mem:277.89M (Peak 278.46M) | Time:00:00.28 | Mem:0.00M, Peak:0.00M | C6420_4N_24SFF_v002_MASTER, ViewLayer | Synchronizing object | Node4_RJ45_spring_contact_7
Fra:22 Mem:277.90M (Peak 278.46M) | Time:00:00.28 | Mem:0.00M, Peak:0.00M | C6420_4N_24SFF_v002_MASTER, ViewLayer | Synchronizing object | PSU2_curved_fan_vane_2
Fra:22 Mem:278.19M (Peak 278.46M) | Time:00:00.28 | Mem:0.00M, Peak:0.00M | C6420_4N_24SFF_v002_MASTER, ViewLayer | Synchronizing object | Drive00_metal_enclosure
Fra:22 Mem:278.22M (Peak 278.46M) | Time:00:00.28 | Mem:0.00M, Peak:0.00M | C6420_4N_24SFF_v002_MASTER, ViewLayer | Synchronizing object | Carrier00_sheet_side_-1
Fra:22 Mem:278.23M (Peak 278.46M) | Time:00:00.28 | Mem:0.00M, Peak:0.00M | C6420_4N_24SFF_v002_MASTER, ViewLayer | Synchronizing object | Carrier00_folded_runner_-1
Fra:22 Mem:278.22M (Peak 278.46M) | Time:00:00.28 | Mem:0.00M, Peak:0.00M | C6420_4N_24SFF_v002_MASTER, ViewLayer | Synchronizing object | PSU2_curved_fan_vane_1
Fra:22 Mem:278.24M (Peak 278.46M) | Time:00:00.28 | Mem:0.00M, Peak:0.00M | C6420_4N_24SFF_v002_MASTER, ViewLayer | Synchronizing object | Carrier00_fixed_outer_bezel
Fra:22 Mem:278.53M (Peak 278.53M) | Time:00:00.28 | Mem:0.00M, Peak:0.00M | C6420_4N_24SFF_v002_MASTER, ViewLayer | Synchronizing object | PSU2_curved_fan_vane_0
Fra:22 Mem:278.53M (Peak 278.53M) | Time:00:00.28 | Mem:0.00M, Peak:0.00M | C6420_4N_24SFF_v002_MASTER, ViewLayer | Synchronizing object | Carrier00_fixed_vertical_land
Fra:22 Mem:278.14M (Peak 278.53M) | Time:00:00.28 | Mem:0.00M, Peak:0.00M | C6420_4N_24SFF_v002_MASTER, ViewLayer | Synchronizing object | Carrier00_silver_handle_frame
Fra:22 Mem:278.18M (Peak 278.53M) | Time:00:00.28 | Mem:0.00M, Peak:0.00M | C6420_4N_24SFF_v002_MASTER, ViewLayer | Synchronizing object | Carrier00_three_window_handle
Fra:22 Mem:278.33M (Peak 278.53M) | Time:00:00.28 | Mem:0.00M, Peak:0.00M | C6420_4N_24SFF_v002_MASTER, ViewLayer | Synchronizing object | PSU1_woven_extraction_loop
Fra:22 Mem:278.39M (Peak 278.53M) | Time:00:00.28 | Mem:0.00M, Peak:0.00M | C6420_4N_24SFF_v002_MASTER, ViewLayer | Synchronizing object | Carrier00_handle_top_thumb_land
Fra:22 Mem:280.76M (Peak 280.76M) | Time:00:00.28 | Mem:0.00M, Peak:0.00M | C6420_4N_24SFF_v002_MASTER, ViewLayer | Synchronizing object | Carrier00_label_inset_pad
Fra:22 Mem:280.76M (Peak 280.76M) | Time:00:00.28 | Mem:0.00M, Peak:0.00M | C6420_4N_24SFF_v002_MASTER, ViewLayer | Synchronizing object | Carrier00_hinge_axle
Fra:22 Mem:280.93M (Peak 280.93M) | Time:00:00.28 | Mem:0.00M, Peak:0.00M | C6420_4N_24SFF_v002_MASTER, ViewLayer | Synchronizing object | PSU1_vertical_pull_anchor
Fra:22 Mem:281.11M (Peak 281.11M) | Time:00:00.28 | Mem:0.00M, Peak:0.00M | C6420_4N_24SFF_v002_MASTER, ViewLayer | Synchronizing object | PSU1_round_EPP_label_substrate
Fra:22 Mem:281.73M (Peak 281.73M) | Time:00:00.28 | Mem:0.00M, Peak:0.00M | C6420_4N_24SFF_v002_MASTER, ViewLayer | Synchronizing object | PSU1_fan_screw_recessed_head.001
Fra:22 Mem:281.64M (Peak 281.73M) | Time:00:00.28 | Mem:0.00M, Peak:0.00M | C6420_4N_24SFF_v002_MASTER, ViewLayer | Synchronizing object | Carrier00_hinge_return_spring
Fra:22 Mem:284.17M (Peak 284.17M) | Time:00:00.28 | Mem:0.00M, Peak:0.00M | C6420_4N_24SFF_v002_MASTER, ViewLayer | Synchronizing object | Carrier00_hinge_end_bracket
Fra:22 Mem:285.41M (Peak 285.41M) | Time:00:00.28 | Mem:0.00M, Peak:0.00M | C6420_4N_24SFF_v002_MASTER, ViewLayer | Synchronizing object | PSU1_fan_screw_recess_floor
Fra:22 Mem:285.41M (Peak 285.41M) | Time:00:00.28 | Mem:0.00M, Peak:0.00M | C6420_4N_24SFF_v002_MASTER, ViewLayer | Synchronizing object | PSU1_fan_screw_recessed_head
Fra:22 Mem:287.42M (Peak 287.42M) | Time:00:00.29 | Mem:0.00M, Peak:0.00M | C6420_4N_24SFF_v002_MASTER, ViewLayer | Synchronizing object | PSU1_corner_washer
Fra:22 Mem:287.61M (Peak 287.61M) | Time:00:00.29 | Mem:0.00M, Peak:0.00M | C6420_4N_24SFF_v002_MASTER, ViewLayer | Synchronizing object | Carrier00_release_bezel
Fra:22 Mem:287.55M (Peak 287.61M) | Time:00:00.29 | Mem:0.00M, Peak:0.00M | C6420_4N_24SFF_v002_MASTER, ViewLayer | Synchronizing object | PSU1_flat_guard_crossbar_1
Fra:22 Mem:287.57M (Peak 287.61M) | Time:00:00.29 | Mem:0.00M, Peak:0.00M | C6420_4N_24SFF_v002_MASTER, ViewLayer | Synchronizing object | PSU1_flat_guard_crossbar_-1
Fra:22 Mem:287.59M (Peak 287.61M) | Time:00:00.29 | Mem:0.00M, Peak:0.00M | C6420_4N_24SFF_v002_MASTER, ViewLayer | Synchronizing object | PSU1_curved_fan_vane_6
Fra:22 Mem:287.61M (Peak 287.61M) | Time:00:00.29 | Mem:0.00M, Peak:0.00M | C6420_4N_24SFF_v002_MASTER, ViewLayer | Synchronizing object | PSU1_curved_fan_vane_5
Fra:22 Mem:287.63M (Peak 287.63M) | Time:00:00.29 | Mem:0.00M, Peak:0.00M | C6420_4N_24SFF_v002_MASTER, ViewLayer | Synchronizing object | PSU1_curved_fan_vane_4
Fra:22 Mem:287.65M (Peak 287.65M) | Time:00:00.29 | Mem:0.00M, Peak:0.00M | C6420_4N_24SFF_v002_MASTER, ViewLayer | Synchronizing object | PSU1_curved_fan_vane_3
Fra:22 Mem:287.67M (Peak 287.67M) | Time:00:00.29 | Mem:0.00M, Peak:0.00M | C6420_4N_24SFF_v002_MASTER, ViewLayer | Synchronizing object | PSU1_curved_fan_vane_2
Fra:22 Mem:287.69M (Peak 287.69M) | Time:00:00.29 | Mem:0.00M, Peak:0.00M | C6420_4N_24SFF_v002_MASTER, ViewLayer | Synchronizing object | PSU1_curved_fan_vane_1
Fra:22 Mem:287.70M (Peak 287.70M) | Time:00:00.29 | Mem:0.00M, Peak:0.00M | C6420_4N_24SFF_v002_MASTER, ViewLayer | Synchronizing object | PSU1_curved_fan_vane_0
Fra:22 Mem:287.72M (Peak 287.72M) | Time:00:00.29 | Mem:0.00M, Peak:0.00M | C6420_4N_24SFF_v002_MASTER, ViewLayer | Synchronizing object | PSU1_fan_motor_hub
Fra:22 Mem:287.81M (Peak 287.81M) | Time:00:00.29 | Mem:0.00M, Peak:0.00M | C6420_4N_24SFF_v002_MASTER, ViewLayer | Synchronizing object | PSU1_fan_shroud_dark_back
Fra:22 Mem:287.82M (Peak 287.82M) | Time:00:00.29 | Mem:0.00M, Peak:0.00M | C6420_4N_24SFF_v002_MASTER, ViewLayer | Synchronizing object | PSU1_fan_shroud_metal_cavity
Fra:22 Mem:286.13M (Peak 287.82M) | Time:00:00.29 | Mem:0.00M, Peak:0.00M | C6420_4N_24SFF_v002_MASTER, ViewLayer | Synchronizing object | PSU1_octagonal_fan_guard
Fra:22 Mem:285.75M (Peak 287.82M) | Time:00:00.29 | Mem:0.00M, Peak:0.00M | C6420_4N_24SFF_v002_MASTER, ViewLayer | Synchronizing object | Carrier00_square_release_pad
Fra:22 Mem:285.71M (Peak 287.82M) | Time:00:00.29 | Mem:0.00M, Peak:0.00M | C6420_4N_24SFF_v002_MASTER, ViewLayer | Synchronizing object | PSU1_latch_track
Fra:22 Mem:285.79M (Peak 287.82M) | Time:00:00.30 | Mem:0.00M, Peak:0.00M | C6420_4N_24SFF_v002_MASTER, ViewLayer | Synchronizing object | PSU1_orange_release_paddle
Fra:22 Mem:286.22M (Peak 287.82M) | Time:00:00.30 | Mem:0.00M, Peak:0.00M | C6420_4N_24SFF_v002_MASTER, ViewLayer | Synchronizing object | Carrier00_round_release_button
Fra:22 Mem:286.26M (Peak 287.82M) | Time:00:00.30 | Mem:0.00M, Peak:0.00M | C6420_4N_24SFF_v002_MASTER, ViewLayer | Synchronizing object | Carrier00_orange_release_ring
Fra:22 Mem:286.30M (Peak 287.82M) | Time:00:00.30 | Mem:0.00M, Peak:0.00M | C6420_4N_24SFF_v002_MASTER, ViewLayer | Synchronizing object | PSU1_AC_blade_0
Fra:22 Mem:287.21M (Peak 287.82M) | Time:00:00.30 | Mem:0.00M, Peak:0.00M | C6420_4N_24SFF_v002_MASTER, ViewLayer | Synchronizing object | PSU1_AC_C20_recess_dark_back
Fra:22 Mem:287.21M (Peak 287.82M) | Time:00:00.30 | Mem:0.00M, Peak:0.00M | C6420_4N_24SFF_v002_MASTER, ViewLayer | Synchronizing object | PSU1_AC_C20_recess_metal_cavity
Fra:22 Mem:287.47M (Peak 287.82M) | Time:00:00.30 | Mem:0.00M, Peak:0.00M | C6420_4N_24SFF_v002_MASTER, ViewLayer | Synchronizing object | Carrier00_button_inner_face
Fra:22 Mem:287.53M (Peak 287.82M) | Time:00:00.30 | Mem:0.00M, Peak:0.00M | C6420_4N_24SFF_v002_MASTER, ViewLayer | Synchronizing object | Carrier00_indicator_strip
Fra:22 Mem:285.17M (Peak 287.82M) | Time:00:00.30 | Mem:0.00M, Peak:0.00M | C6420_4N_24SFF_v002_MASTER, ViewLayer | Synchronizing object | Carrier00_status_lens_0
Fra:22 Mem:285.23M (Peak 287.82M) | Time:00:00.30 | Mem:0.00M, Peak:0.00M | C6420_4N_24SFF_v002_MASTER, ViewLayer | Synchronizing object | Carrier00_activity_symbol
Fra:22 Mem:285.79M (Peak 287.82M) | Time:00:00.30 | Mem:0.00M, Peak:0.00M | C6420_4N_24SFF_v002_MASTER, ViewLayer | Synchronizing object | Carrier00_disk_symbol
Fra:22 Mem:285.79M (Peak 287.82M) | Time:00:00.30 | Mem:0.00M, Peak:0.00M | C6420_4N_24SFF_v002_MASTER, ViewLayer | Synchronizing object | Carrier00_EMI_spring_-1_0
Fra:22 Mem:285.83M (Peak 287.82M) | Time:00:00.30 | Mem:0.00M, Peak:0.00M | C6420_4N_24SFF_v002_MASTER, ViewLayer | Synchronizing object | Carrier00_EMI_spring_-1_1
Fra:22 Mem:285.81M (Peak 287.82M) | Time:00:00.30 | Mem:0.00M, Peak:0.00M | C6420_4N_24SFF_v002_MASTER, ViewLayer | Synchronizing object | Carrier00_EMI_spring_-1_2
Fra:22 Mem:285.81M (Peak 287.82M) | Time:00:00.30 | Mem:0.00M, Peak:0.00M | C6420_4N_24SFF_v002_MASTER, ViewLayer | Synchronizing object | Carrier00_EMI_spring_-1_3
Fra:22 Mem:285.79M (Peak 287.82M) | Time:00:00.30 | Mem:0.00M, Peak:0.00M | C6420_4N_24SFF_v002_MASTER, ViewLayer | Synchronizing object | Carrier00_EMI_spring_-1_4
Fra:22 Mem:285.79M (Peak 287.82M) | Time:00:00.30 | Mem:0.00M, Peak:0.00M | C6420_4N_24SFF_v002_MASTER, ViewLayer | Synchronizing object | Carrier00_EMI_spring_-1_6
Fra:22 Mem:285.81M (Peak 287.82M) | Time:00:00.30 | Mem:0.00M, Peak:0.00M | C6420_4N_24SFF_v002_MASTER, ViewLayer | Synchronizing object | Carrier00_EMI_spring_-1_7
Fra:22 Mem:285.81M (Peak 287.82M) | Time:00:00.30 | Mem:0.00M, Peak:0.00M | C6420_4N_24SFF_v002_MASTER, ViewLayer | Synchronizing object | Carrier00_EMI_spring_1_0
Fra:22 Mem:285.81M (Peak 287.82M) | Time:00:00.30 | Mem:0.00M, Peak:0.00M | C6420_4N_24SFF_v002_MASTER, ViewLayer | Synchronizing object | Carrier00_EMI_spring_1_2
Fra:22 Mem:285.79M (Peak 287.82M) | Time:00:00.30 | Mem:0.00M, Peak:0.00M | C6420_4N_24SFF_v002_MASTER, ViewLayer | Synchronizing object | Carrier00_EMI_spring_1_3
Fra:22 Mem:285.75M (Peak 287.82M) | Time:00:00.30 | Mem:0.00M, Peak:0.00M | C6420_4N_24SFF_v002_MASTER, ViewLayer | Synchronizing object | PSU1_AC_black_rim
Fra:22 Mem:285.83M (Peak 287.82M) | Time:00:00.30 | Mem:0.00M, Peak:0.00M | C6420_4N_24SFF_v002_MASTER, ViewLayer | Synchronizing object | Carrier00_EMI_spring_1_4
Fra:22 Mem:286.12M (Peak 287.82M) | Time:00:00.30 | Mem:0.00M, Peak:0.00M | C6420_4N_24SFF_v002_MASTER, ViewLayer | Synchronizing object | Carrier00_EMI_spring_1_5
Fra:22 Mem:286.17M (Peak 287.82M) | Time:00:00.30 | Mem:0.00M, Peak:0.00M | C6420_4N_24SFF_v002_MASTER, ViewLayer | Synchronizing object | Carrier00_EMI_spring_1_6
Fra:22 Mem:287.79M (Peak 287.82M) | Time:00:00.30 | Mem:0.00M, Peak:0.00M | C6420_4N_24SFF_v002_MASTER, ViewLayer | Synchronizing object | Carrier00_EMI_spring_1_8
Fra:22 Mem:287.82M (Peak 287.82M) | Time:00:00.30 | Mem:0.00M, Peak:0.00M | C6420_4N_24SFF_v002_MASTER, ViewLayer | Synchronizing object | Carrier01_hinge_return_spring
Fra:22 Mem:287.83M (Peak 287.83M) | Time:00:00.30 | Mem:0.00M, Peak:0.00M | C6420_4N_24SFF_v002_MASTER, ViewLayer | Synchronizing object | Carrier01_activity_symbol
Fra:22 Mem:287.91M (Peak 287.91M) | Time:00:00.30 | Mem:0.00M, Peak:0.00M | C6420_4N_24SFF_v002_MASTER, ViewLayer | Synchronizing object | Carrier01_EMI_spring_-1_0
Fra:22 Mem:287.90M (Peak 287.91M) | Time:00:00.30 | Mem:0.00M, Peak:0.00M | C6420_4N_24SFF_v002_MASTER, ViewLayer | Synchronizing object | Carrier01_EMI_spring_-1_1
Fra:22 Mem:287.40M (Peak 287.91M) | Time:00:00.30 | Mem:0.00M, Peak:0.00M | C6420_4N_24SFF_v002_MASTER, ViewLayer | Synchronizing object | Carrier01_EMI_spring_-1_2
Fra:22 Mem:284.19M (Peak 287.91M) | Time:00:00.30 | Mem:0.00M, Peak:0.00M | C6420_4N_24SFF_v002_MASTER, ViewLayer | Synchronizing object | PSU1_front_sheet
Fra:22 Mem:284.19M (Peak 287.91M) | Time:00:00.30 | Mem:0.00M, Peak:0.00M | C6420_4N_24SFF_v002_MASTER, ViewLayer | Synchronizing object | Carrier01_EMI_spring_-1_3
Fra:22 Mem:284.26M (Peak 287.91M) | Time:00:00.30 | Mem:0.00M, Peak:0.00M | C6420_4N_24SFF_v002_MASTER, ViewLayer | Synchronizing object | Carrier01_EMI_spring_-1_4
Fra:22 Mem:284.30M (Peak 287.91M) | Time:00:00.30 | Mem:0.00M, Peak:0.00M | C6420_4N_24SFF_v002_MASTER, ViewLayer | Synchronizing object | Carrier01_EMI_spring_-1_5
Fra:22 Mem:284.31M (Peak 287.91M) | Time:00:00.30 | Mem:0.00M, Peak:0.00M | C6420_4N_24SFF_v002_MASTER, ViewLayer | Synchronizing object | Carrier01_EMI_spring_-1_6
Fra:22 Mem:284.34M (Peak 287.91M) | Time:00:00.30 | Mem:0.00M, Peak:0.00M | C6420_4N_24SFF_v002_MASTER, ViewLayer | Synchronizing object | Carrier01_EMI_spring_-1_8
Fra:22 Mem:284.40M (Peak 287.91M) | Time:00:00.30 | Mem:0.00M, Peak:0.00M | C6420_4N_24SFF_v002_MASTER, ViewLayer | Synchronizing object | Carrier01_EMI_spring_1_0
Fra:22 Mem:284.33M (Peak 287.91M) | Time:00:00.30 | Mem:0.00M, Peak:0.00M | C6420_4N_24SFF_v002_MASTER, ViewLayer | Synchronizing object | Carrier01_EMI_spring_1_1
Fra:22 Mem:285.13M (Peak 287.91M) | Time:00:00.30 | Mem:0.00M, Peak:0.00M | C6420_4N_24SFF_v002_MASTER, ViewLayer | Synchronizing object | Carrier01_EMI_spring_1_2
Fra:22 Mem:285.14M (Peak 287.91M) | Time:00:00.30 | Mem:0.00M, Peak:0.00M | C6420_4N_24SFF_v002_MASTER, ViewLayer | Synchronizing object | Carrier01_EMI_spring_1_3
Fra:22 Mem:285.15M (Peak 287.91M) | Time:00:00.30 | Mem:0.00M, Peak:0.00M | C6420_4N_24SFF_v002_MASTER, ViewLayer | Synchronizing object | Carrier01_EMI_spring_1_4
Fra:22 Mem:285.69M (Peak 287.91M) | Time:00:00.30 | Mem:0.00M, Peak:0.00M | C6420_4N_24SFF_v002_MASTER, ViewLayer | Synchronizing object | Carrier01_EMI_spring_1_5
Fra:22 Mem:284.87M (Peak 287.91M) | Time:00:00.30 | Mem:0.00M, Peak:0.00M | C6420_4N_24SFF_v002_MASTER, ViewLayer | Synchronizing object | Carrier01_EMI_spring_1_6
Fra:22 Mem:286.23M (Peak 287.91M) | Time:00:00.30 | Mem:0.00M, Peak:0.00M | C6420_4N_24SFF_v002_MASTER, ViewLayer | Synchronizing object | Carrier01_EMI_spring_1_7
Fra:22 Mem:286.25M (Peak 287.91M) | Time:00:00.30 | Mem:0.00M, Peak:0.00M | C6420_4N_24SFF_v002_MASTER, ViewLayer | Synchronizing object | Carrier01_EMI_spring_1_8
Fra:22 Mem:286.26M (Peak 287.91M) | Time:00:00.30 | Mem:0.00M, Peak:0.00M | C6420_4N_24SFF_v002_MASTER, ViewLayer | Synchronizing object | Carrier02_hinge_return_spring
Fra:22 Mem:286.27M (Peak 287.91M) | Time:00:00.30 | Mem:0.00M, Peak:0.00M | C6420_4N_24SFF_v002_MASTER, ViewLayer | Synchronizing object | Carrier02_EMI_spring_-1_0
Fra:22 Mem:286.27M (Peak 287.91M) | Time:00:00.30 | Mem:0.00M, Peak:0.00M | C6420_4N_24SFF_v002_MASTER, ViewLayer | Synchronizing object | Carrier02_EMI_spring_-1_1
Fra:22 Mem:286.67M (Peak 287.91M) | Time:00:00.30 | Mem:0.00M, Peak:0.00M | C6420_4N_24SFF_v002_MASTER, ViewLayer | Synchronizing object | Carrier02_EMI_spring_-1_2
Fra:22 Mem:286.81M (Peak 287.91M) | Time:00:00.30 | Mem:0.00M, Peak:0.00M | C6420_4N_24SFF_v002_MASTER, ViewLayer | Synchronizing object | Carrier02_EMI_spring_-1_3
Fra:22 Mem:287.83M (Peak 287.91M) | Time:00:00.30 | Mem:0.00M, Peak:0.00M | C6420_4N_24SFF_v002_MASTER, ViewLayer | Synchronizing object | PSU1_internal_end
Fra:22 Mem:287.84M (Peak 287.91M) | Time:00:00.30 | Mem:0.00M, Peak:0.00M | C6420_4N_24SFF_v002_MASTER, ViewLayer | Synchronizing object | Carrier02_EMI_spring_-1_5
Fra:22 Mem:287.86M (Peak 287.91M) | Time:00:00.30 | Mem:0.00M, Peak:0.00M | C6420_4N_24SFF_v002_MASTER, ViewLayer | Synchronizing object | Carrier02_EMI_spring_-1_6
Fra:22 Mem:287.91M (Peak 287.91M) | Time:00:00.30 | Mem:0.00M, Peak:0.00M | C6420_4N_24SFF_v002_MASTER, ViewLayer | Synchronizing object | Carrier02_EMI_spring_-1_7
Fra:22 Mem:289.57M (Peak 289.57M) | Time:00:00.30 | Mem:0.00M, Peak:0.00M | C6420_4N_24SFF_v002_MASTER, ViewLayer | Synchronizing object | PSU1_horizontal_shell
Fra:22 Mem:290.41M (Peak 290.41M) | Time:00:00.30 | Mem:0.00M, Peak:0.00M | C6420_4N_24SFF_v002_MASTER, ViewLayer | Synchronizing object | PSU1_side_shell
Fra:22 Mem:290.48M (Peak 290.48M) | Time:00:00.30 | Mem:0.00M, Peak:0.00M | C6420_4N_24SFF_v002_MASTER, ViewLayer | Synchronizing object | Carrier00_setback_dark_air_shade
Fra:22 Mem:290.49M (Peak 290.49M) | Time:00:00.30 | Mem:0.00M, Peak:0.00M | C6420_4N_24SFF_v002_MASTER, ViewLayer | Synchronizing object | Carrier23_EMI_spring_1_8
Fra:22 Mem:290.51M (Peak 290.51M) | Time:00:00.30 | Mem:0.00M, Peak:0.00M | C6420_4N_24SFF_v002_MASTER, ViewLayer | Synchronizing object | Carrier23_EMI_spring_1_7
Fra:22 Mem:290.42M (Peak 290.51M) | Time:00:00.30 | Mem:0.00M, Peak:0.00M | C6420_4N_24SFF_v002_MASTER, ViewLayer | Synchronizing object | Carrier23_EMI_spring_1_6
Fra:22 Mem:290.42M (Peak 290.51M) | Time:00:00.30 | Mem:0.00M, Peak:0.00M | C6420_4N_24SFF_v002_MASTER, ViewLayer | Synchronizing object | Carrier23_EMI_spring_1_5
Fra:22 Mem:290.43M (Peak 290.51M) | Time:00:00.30 | Mem:0.00M, Peak:0.00M | C6420_4N_24SFF_v002_MASTER, ViewLayer | Synchronizing object | Carrier23_EMI_spring_1_4
Fra:22 Mem:290.44M (Peak 290.51M) | Time:00:00.30 | Mem:0.00M, Peak:0.00M | C6420_4N_24SFF_v002_MASTER, ViewLayer | Synchronizing object | Carrier02_EMI_spring_-1_8
Fra:22 Mem:291.09M (Peak 291.09M) | Time:00:00.30 | Mem:0.00M, Peak:0.00M | C6420_4N_24SFF_v002_MASTER, ViewLayer | Synchronizing object | Carrier23_EMI_spring_1_3
Fra:22 Mem:291.11M (Peak 291.11M) | Time:00:00.30 | Mem:0.00M, Peak:0.00M | C6420_4N_24SFF_v002_MASTER, ViewLayer | Synchronizing object | Carrier02_EMI_spring_1_0
Fra:22 Mem:291.10M (Peak 291.11M) | Time:00:00.30 | Mem:0.00M, Peak:0.00M | C6420_4N_24SFF_v002_MASTER, ViewLayer | Synchronizing object | Carrier23_EMI_spring_1_2
Fra:22 Mem:291.13M (Peak 291.13M) | Time:00:00.31 | Mem:0.00M, Peak:0.00M | C6420_4N_24SFF_v002_MASTER, ViewLayer | Synchronizing object | Carrier23_EMI_spring_1_1
Fra:22 Mem:291.13M (Peak 291.13M) | Time:00:00.31 | Mem:0.00M, Peak:0.00M | C6420_4N_24SFF_v002_MASTER, ViewLayer | Synchronizing object | Carrier02_EMI_spring_1_1
Fra:22 Mem:290.70M (Peak 291.13M) | Time:00:00.31 | Mem:0.00M, Peak:0.00M | C6420_4N_24SFF_v002_MASTER, ViewLayer | Synchronizing object | Carrier23_EMI_spring_1_0
Fra:22 Mem:291.13M (Peak 291.13M) | Time:00:00.31 | Mem:0.00M, Peak:0.00M | C6420_4N_24SFF_v002_MASTER, ViewLayer | Synchronizing object | Carrier02_EMI_spring_1_2
Fra:22 Mem:291.12M (Peak 291.13M) | Time:00:00.31 | Mem:0.00M, Peak:0.00M | C6420_4N_24SFF_v002_MASTER, ViewLayer | Synchronizing object | Carrier23_EMI_spring_-1_8
Fra:22 Mem:291.67M (Peak 291.67M) | Time:00:00.31 | Mem:0.00M, Peak:0.00M | C6420_4N_24SFF_v002_MASTER, ViewLayer | Synchronizing object | Carrier02_EMI_spring_1_5
Fra:22 Mem:291.69M (Peak 291.69M) | Time:00:00.31 | Mem:0.00M, Peak:0.00M | C6420_4N_24SFF_v002_MASTER, ViewLayer | Synchronizing object | Carrier02_EMI_spring_1_6
Fra:22 Mem:291.71M (Peak 291.71M) | Time:00:00.31 | Mem:0.00M, Peak:0.00M | C6420_4N_24SFF_v002_MASTER, ViewLayer | Synchronizing object | Carrier02_EMI_spring_1_7
Fra:22 Mem:291.77M (Peak 291.77M) | Time:00:00.31 | Mem:0.00M, Peak:0.00M | C6420_4N_24SFF_v002_MASTER, ViewLayer | Synchronizing object | Carrier02_EMI_spring_1_8
Fra:22 Mem:291.77M (Peak 291.77M) | Time:00:00.31 | Mem:0.00M, Peak:0.00M | C6420_4N_24SFF_v002_MASTER, ViewLayer | Synchronizing object | Carrier03_hinge_return_spring
Fra:22 Mem:291.57M (Peak 291.77M) | Time:00:00.31 | Mem:0.00M, Peak:0.00M | C6420_4N_24SFF_v002_MASTER, ViewLayer | Synchronizing object | Carrier03_activity_symbol
Fra:22 Mem:291.64M (Peak 291.77M) | Time:00:00.31 | Mem:0.00M, Peak:0.00M | C6420_4N_24SFF_v002_MASTER, ViewLayer | Synchronizing object | Carrier03_EMI_spring_-1_0
Fra:22 Mem:291.64M (Peak 291.77M) | Time:00:00.31 | Mem:0.00M, Peak:0.00M | C6420_4N_24SFF_v002_MASTER, ViewLayer | Synchronizing object | Carrier03_EMI_spring_-1_1
Fra:22 Mem:291.65M (Peak 291.77M) | Time:00:00.31 | Mem:0.00M, Peak:0.00M | C6420_4N_24SFF_v002_MASTER, ViewLayer | Synchronizing object | Carrier23_EMI_spring_-1_6
Fra:22 Mem:289.57M (Peak 291.77M) | Time:00:00.31 | Mem:0.00M, Peak:0.00M | C6420_4N_24SFF_v002_MASTER, ViewLayer | Synchronizing object | Carrier23_EMI_spring_-1_5
Fra:22 Mem:289.58M (Peak 291.77M) | Time:00:00.31 | Mem:0.00M, Peak:0.00M | C6420_4N_24SFF_v002_MASTER, ViewLayer | Synchronizing object | Carrier03_EMI_spring_-1_2
Fra:22 Mem:290.18M (Peak 291.77M) | Time:00:00.31 | Mem:0.00M, Peak:0.00M | C6420_4N_24SFF_v002_MASTER, ViewLayer | Synchronizing object | Carrier23_EMI_spring_-1_4
Fra:22 Mem:290.17M (Peak 291.77M) | Time:00:00.31 | Mem:0.00M, Peak:0.00M | C6420_4N_24SFF_v002_MASTER, ViewLayer | Synchronizing object | Carrier23_EMI_spring_-1_3
Fra:22 Mem:291.36M (Peak 291.77M) | Time:00:00.31 | Mem:0.00M, Peak:0.00M | C6420_4N_24SFF_v002_MASTER, ViewLayer | Synchronizing object | Carrier03_EMI_spring_-1_3
Fra:22 Mem:291.39M (Peak 291.77M) | Time:00:00.31 | Mem:0.00M, Peak:0.00M | C6420_4N_24SFF_v002_MASTER, ViewLayer | Synchronizing object | Carrier03_EMI_spring_-1_4
Fra:22 Mem:291.67M (Peak 291.77M) | Time:00:00.31 | Mem:0.00M, Peak:0.00M | C6420_4N_24SFF_v002_MASTER, ViewLayer | Synchronizing object | Carrier03_EMI_spring_-1_6
Fra:22 Mem:291.67M (Peak 291.77M) | Time:00:00.31 | Mem:0.00M, Peak:0.00M | C6420_4N_24SFF_v002_MASTER, ViewLayer | Synchronizing object | Carrier23_EMI_spring_-1_2
Fra:22 Mem:291.87M (Peak 291.87M) | Time:00:00.31 | Mem:0.00M, Peak:0.00M | C6420_4N_24SFF_v002_MASTER, ViewLayer | Synchronizing object | Carrier03_EMI_spring_-1_7
Fra:22 Mem:293.70M (Peak 293.70M) | Time:00:00.31 | Mem:0.00M, Peak:0.00M | C6420_4N_24SFF_v002_MASTER, ViewLayer | Synchronizing object | Carrier03_EMI_spring_-1_8
Fra:22 Mem:294.04M (Peak 294.04M) | Time:00:00.31 | Mem:0.00M, Peak:0.00M | C6420_4N_24SFF_v002_MASTER, ViewLayer | Synchronizing object | Carrier23_EMI_spring_-1_1
Fra:22 Mem:296.14M (Peak 296.16M) | Time:00:00.31 | Mem:0.00M, Peak:0.00M | C6420_4N_24SFF_v002_MASTER, ViewLayer | Synchronizing object | Carrier23_EMI_spring_-1_0
Fra:22 Mem:296.63M (Peak 296.63M) | Time:00:00.31 | Mem:0.00M, Peak:0.00M | C6420_4N_24SFF_v002_MASTER, ViewLayer | Synchronizing object | Carrier23_activity_symbol
Fra:22 Mem:296.65M (Peak 296.65M) | Time:00:00.31 | Mem:0.00M, Peak:0.00M | C6420_4N_24SFF_v002_MASTER, ViewLayer | Synchronizing object | Carrier23_hinge_return_spring
Fra:22 Mem:296.68M (Peak 296.68M) | Time:00:00.31 | Mem:0.00M, Peak:0.00M | C6420_4N_24SFF_v002_MASTER, ViewLayer | Synchronizing object | Carrier03_EMI_spring_1_0
Fra:22 Mem:296.60M (Peak 296.68M) | Time:00:00.31 | Mem:0.00M, Peak:0.00M | C6420_4N_24SFF_v002_MASTER, ViewLayer | Synchronizing object | Carrier03_EMI_spring_1_1
Fra:22 Mem:296.78M (Peak 296.78M) | Time:00:00.31 | Mem:0.00M, Peak:0.00M | C6420_4N_24SFF_v002_MASTER, ViewLayer | Synchronizing object | Carrier03_EMI_spring_1_2
Fra:22 Mem:298.52M (Peak 298.52M) | Time:00:00.31 | Mem:0.00M, Peak:0.00M | C6420_4N_24SFF_v002_MASTER, ViewLayer | Synchronizing object | Carrier03_EMI_spring_1_3
Fra:22 Mem:298.98M (Peak 298.98M) | Time:00:00.31 | Mem:0.00M, Peak:0.00M | C6420_4N_24SFF_v002_MASTER, ViewLayer | Synchronizing object | Carrier03_EMI_spring_1_4
Fra:22 Mem:298.97M (Peak 298.98M) | Time:00:00.31 | Mem:0.00M, Peak:0.00M | C6420_4N_24SFF_v002_MASTER, ViewLayer | Synchronizing object | Carrier22_EMI_spring_1_8
Fra:22 Mem:298.98M (Peak 298.98M) | Time:00:00.31 | Mem:0.00M, Peak:0.00M | C6420_4N_24SFF_v002_MASTER, ViewLayer | Synchronizing object | Carrier03_EMI_spring_1_5
Fra:22 Mem:298.55M (Peak 298.98M) | Time:00:00.31 | Mem:0.00M, Peak:0.00M | C6420_4N_24SFF_v002_MASTER, ViewLayer | Synchronizing object | Carrier03_EMI_spring_1_6
Fra:22 Mem:298.54M (Peak 298.98M) | Time:00:00.31 | Mem:0.00M, Peak:0.00M | C6420_4N_24SFF_v002_MASTER, ViewLayer | Synchronizing object | Carrier03_EMI_spring_1_7
Fra:22 Mem:298.55M (Peak 298.98M) | Time:00:00.31 | Mem:0.00M, Peak:0.00M | C6420_4N_24SFF_v002_MASTER, ViewLayer | Synchronizing object | Carrier04_hinge_return_spring
Fra:22 Mem:298.56M (Peak 298.98M) | Time:00:00.31 | Mem:0.00M, Peak:0.00M | C6420_4N_24SFF_v002_MASTER, ViewLayer | Synchronizing object | Carrier04_EMI_spring_-1_2
Fra:22 Mem:299.23M (Peak 299.23M) | Time:00:00.31 | Mem:0.00M, Peak:0.00M | C6420_4N_24SFF_v002_MASTER, ViewLayer | Synchronizing object | Carrier04_EMI_spring_-1_3
Fra:22 Mem:299.34M (Peak 299.34M) | Time:00:00.31 | Mem:0.00M, Peak:0.00M | C6420_4N_24SFF_v002_MASTER, ViewLayer | Synchronizing object | Carrier22_EMI_spring_1_6
Fra:22 Mem:299.37M (Peak 299.37M) | Time:00:00.31 | Mem:0.00M, Peak:0.00M | C6420_4N_24SFF_v002_MASTER, ViewLayer | Synchronizing object | Carrier04_EMI_spring_-1_4
Fra:22 Mem:299.89M (Peak 299.89M) | Time:00:00.31 | Mem:0.00M, Peak:0.00M | C6420_4N_24SFF_v002_MASTER, ViewLayer | Synchronizing object | Carrier04_EMI_spring_-1_6
Fra:22 Mem:299.93M (Peak 299.93M) | Time:00:00.31 | Mem:0.00M, Peak:0.00M | C6420_4N_24SFF_v002_MASTER, ViewLayer | Synchronizing object | Carrier04_EMI_spring_-1_7
Fra:22 Mem:299.91M (Peak 299.93M) | Time:00:00.31 | Mem:0.00M, Peak:0.00M | C6420_4N_24SFF_v002_MASTER, ViewLayer | Synchronizing object | Carrier04_EMI_spring_-1_8
Fra:22 Mem:299.95M (Peak 299.95M) | Time:00:00.31 | Mem:0.00M, Peak:0.00M | C6420_4N_24SFF_v002_MASTER, ViewLayer | Synchronizing object | Carrier22_EMI_spring_1_5
Fra:22 Mem:300.45M (Peak 300.45M) | Time:00:00.31 | Mem:0.00M, Peak:0.00M | C6420_4N_24SFF_v002_MASTER, ViewLayer | Synchronizing object | Carrier04_EMI_spring_1_0
Fra:22 Mem:300.45M (Peak 300.45M) | Time:00:00.31 | Mem:0.00M, Peak:0.00M | C6420_4N_24SFF_v002_MASTER, ViewLayer | Synchronizing object | Carrier04_EMI_spring_1_1
Fra:22 Mem:300.47M (Peak 300.47M) | Time:00:00.31 | Mem:0.00M, Peak:0.00M | C6420_4N_24SFF_v002_MASTER, ViewLayer | Synchronizing object | Carrier04_EMI_spring_1_2
Fra:22 Mem:300.47M (Peak 300.47M) | Time:00:00.31 | Mem:0.00M, Peak:0.00M | C6420_4N_24SFF_v002_MASTER, ViewLayer | Synchronizing object | Carrier04_EMI_spring_1_3
Fra:22 Mem:302.65M (Peak 302.65M) | Time:00:00.31 | Mem:0.00M, Peak:0.00M | C6420_4N_24SFF_v002_MASTER, ViewLayer | Synchronizing object | Carrier04_EMI_spring_1_4
Fra:22 Mem:302.68M (Peak 302.68M) | Time:00:00.31 | Mem:0.00M, Peak:0.00M | C6420_4N_24SFF_v002_MASTER, ViewLayer | Synchronizing object | Carrier04_EMI_spring_1_5
Fra:22 Mem:302.68M (Peak 302.68M) | Time:00:00.31 | Mem:0.00M, Peak:0.00M | C6420_4N_24SFF_v002_MASTER, ViewLayer | Synchronizing object | Carrier04_EMI_spring_1_6
Fra:22 Mem:302.74M (Peak 302.74M) | Time:00:00.31 | Mem:0.00M, Peak:0.00M | C6420_4N_24SFF_v002_MASTER, ViewLayer | Synchronizing object | Carrier04_EMI_spring_1_7
Fra:22 Mem:302.80M (Peak 302.80M) | Time:00:00.31 | Mem:0.00M, Peak:0.00M | C6420_4N_24SFF_v002_MASTER, ViewLayer | Synchronizing object | Carrier04_EMI_spring_1_8
Fra:22 Mem:302.80M (Peak 302.81M) | Time:00:00.31 | Mem:0.00M, Peak:0.00M | C6420_4N_24SFF_v002_MASTER, ViewLayer | Synchronizing object | Carrier22_EMI_spring_1_3
Fra:22 Mem:303.46M (Peak 303.46M) | Time:00:00.31 | Mem:0.00M, Peak:0.00M | C6420_4N_24SFF_v002_MASTER, ViewLayer | Synchronizing object | Carrier05_hinge_return_spring
Fra:22 Mem:303.46M (Peak 303.46M) | Time:00:00.31 | Mem:0.00M, Peak:0.00M | C6420_4N_24SFF_v002_MASTER, ViewLayer | Synchronizing object | Carrier05_activity_symbol
Fra:22 Mem:303.98M (Peak 303.98M) | Time:00:00.31 | Mem:0.00M, Peak:0.00M | C6420_4N_24SFF_v002_MASTER, ViewLayer | Synchronizing object | Carrier05_EMI_spring_-1_0
Fra:22 Mem:304.07M (Peak 304.07M) | Time:00:00.31 | Mem:0.00M, Peak:0.00M | C6420_4N_24SFF_v002_MASTER, ViewLayer | Synchronizing object | Carrier05_EMI_spring_-1_1
Fra:22 Mem:304.06M (Peak 304.07M) | Time:00:00.31 | Mem:0.00M, Peak:0.00M | C6420_4N_24SFF_v002_MASTER, ViewLayer | Synchronizing object | Carrier05_EMI_spring_-1_2
Fra:22 Mem:304.06M (Peak 304.07M) | Time:00:00.31 | Mem:0.00M, Peak:0.00M | C6420_4N_24SFF_v002_MASTER, ViewLayer | Synchronizing object | Carrier05_EMI_spring_-1_3
Fra:22 Mem:304.10M (Peak 304.10M) | Time:00:00.31 | Mem:0.00M, Peak:0.00M | C6420_4N_24SFF_v002_MASTER, ViewLayer | Synchronizing object | Carrier05_EMI_spring_-1_4
Fra:22 Mem:304.17M (Peak 304.17M) | Time:00:00.31 | Mem:0.00M, Peak:0.00M | C6420_4N_24SFF_v002_MASTER, ViewLayer | Synchronizing object | Carrier05_EMI_spring_-1_5
Fra:22 Mem:304.18M (Peak 304.18M) | Time:00:00.31 | Mem:0.00M, Peak:0.00M | C6420_4N_24SFF_v002_MASTER, ViewLayer | Synchronizing object | Carrier05_EMI_spring_-1_6
Fra:22 Mem:304.40M (Peak 304.40M) | Time:00:00.31 | Mem:0.00M, Peak:0.00M | C6420_4N_24SFF_v002_MASTER, ViewLayer | Synchronizing object | Carrier22_EMI_spring_1_1
Fra:22 Mem:304.41M (Peak 304.41M) | Time:00:00.31 | Mem:0.00M, Peak:0.00M | C6420_4N_24SFF_v002_MASTER, ViewLayer | Synchronizing object | Carrier05_EMI_spring_-1_7
Fra:22 Mem:304.41M (Peak 304.41M) | Time:00:00.31 | Mem:0.00M, Peak:0.00M | C6420_4N_24SFF_v002_MASTER, ViewLayer | Synchronizing object | Carrier05_EMI_spring_-1_8
Fra:22 Mem:304.44M (Peak 304.44M) | Time:00:00.31 | Mem:0.00M, Peak:0.00M | C6420_4N_24SFF_v002_MASTER, ViewLayer | Synchronizing object | Carrier05_EMI_spring_1_0
Fra:22 Mem:304.45M (Peak 304.45M) | Time:00:00.31 | Mem:0.00M, Peak:0.00M | C6420_4N_24SFF_v002_MASTER, ViewLayer | Synchronizing object | Carrier22_EMI_spring_1_0
Fra:22 Mem:304.48M (Peak 304.48M) | Time:00:00.31 | Mem:0.00M, Peak:0.00M | C6420_4N_24SFF_v002_MASTER, ViewLayer | Synchronizing object | Carrier05_EMI_spring_1_1
Fra:22 Mem:304.64M (Peak 304.64M) | Time:00:00.31 | Mem:0.00M, Peak:0.00M | C6420_4N_24SFF_v002_MASTER, ViewLayer | Synchronizing object | Carrier05_EMI_spring_1_2
Fra:22 Mem:304.69M (Peak 304.69M) | Time:00:00.31 | Mem:0.00M, Peak:0.00M | C6420_4N_24SFF_v002_MASTER, ViewLayer | Synchronizing object | Carrier22_EMI_spring_-1_8
Fra:22 Mem:304.69M (Peak 304.69M) | Time:00:00.31 | Mem:0.00M, Peak:0.00M | C6420_4N_24SFF_v002_MASTER, ViewLayer | Synchronizing object | Carrier05_EMI_spring_1_3
Fra:22 Mem:304.76M (Peak 304.76M) | Time:00:00.31 | Mem:0.00M, Peak:0.00M | C6420_4N_24SFF_v002_MASTER, ViewLayer | Synchronizing object | Carrier05_EMI_spring_1_4
Fra:22 Mem:304.75M (Peak 304.76M) | Time:00:00.31 | Mem:0.00M, Peak:0.00M | C6420_4N_24SFF_v002_MASTER, ViewLayer | Synchronizing object | Carrier22_EMI_spring_-1_7
Fra:22 Mem:304.80M (Peak 304.80M) | Time:00:00.31 | Mem:0.00M, Peak:0.00M | C6420_4N_24SFF_v002_MASTER, ViewLayer | Synchronizing object | Carrier05_EMI_spring_1_5
Fra:22 Mem:304.84M (Peak 304.84M) | Time:00:00.31 | Mem:0.00M, Peak:0.00M | C6420_4N_24SFF_v002_MASTER, ViewLayer | Synchronizing object | Carrier05_EMI_spring_1_6
Fra:22 Mem:304.83M (Peak 304.84M) | Time:00:00.31 | Mem:0.00M, Peak:0.00M | C6420_4N_24SFF_v002_MASTER, ViewLayer | Synchronizing object | Carrier22_EMI_spring_-1_6
Fra:22 Mem:304.91M (Peak 304.91M) | Time:00:00.31 | Mem:0.00M, Peak:0.00M | C6420_4N_24SFF_v002_MASTER, ViewLayer | Synchronizing object | Carrier06_hinge_return_spring
Fra:22 Mem:305.16M (Peak 305.16M) | Time:00:00.31 | Mem:0.00M, Peak:0.00M | C6420_4N_24SFF_v002_MASTER, ViewLayer | Synchronizing object | Carrier06_activity_symbol
Fra:22 Mem:305.19M (Peak 305.19M) | Time:00:00.31 | Mem:0.00M, Peak:0.00M | C6420_4N_24SFF_v002_MASTER, ViewLayer | Synchronizing object | Carrier06_EMI_spring_-1_0
Fra:22 Mem:305.22M (Peak 305.22M) | Time:00:00.31 | Mem:0.00M, Peak:0.00M | C6420_4N_24SFF_v002_MASTER, ViewLayer | Synchronizing object | Carrier06_EMI_spring_-1_1
Fra:22 Mem:305.26M (Peak 305.25M) | Time:00:00.31 | Mem:0.00M, Peak:0.00M | C6420_4N_24SFF_v002_MASTER, ViewLayer | Synchronizing object | Carrier22_EMI_spring_-1_4
Fra:22 Mem:304.95M (Peak 305.25M) | Time:00:00.31 | Mem:0.00M, Peak:0.00M | C6420_4N_24SFF_v002_MASTER, ViewLayer | Synchronizing object | Carrier22_EMI_spring_-1_3
Fra:22 Mem:305.01M (Peak 305.25M) | Time:00:00.31 | Mem:0.00M, Peak:0.00M | C6420_4N_24SFF_v002_MASTER, ViewLayer | Synchronizing object | Carrier06_EMI_spring_-1_2
Fra:22 Mem:305.02M (Peak 305.25M) | Time:00:00.31 | Mem:0.00M, Peak:0.00M | C6420_4N_24SFF_v002_MASTER, ViewLayer | Synchronizing object | Carrier06_EMI_spring_-1_3
Fra:22 Mem:305.03M (Peak 305.25M) | Time:00:00.31 | Mem:0.00M, Peak:0.00M | C6420_4N_24SFF_v002_MASTER, ViewLayer | Synchronizing object | Carrier22_EMI_spring_-1_2
Fra:22 Mem:305.05M (Peak 305.25M) | Time:00:00.31 | Mem:0.00M, Peak:0.00M | C6420_4N_24SFF_v002_MASTER, ViewLayer | Synchronizing object | Carrier06_EMI_spring_-1_4
Fra:22 Mem:305.00M (Peak 305.25M) | Time:00:00.31 | Mem:0.00M, Peak:0.00M | C6420_4N_24SFF_v002_MASTER, ViewLayer | Synchronizing object | Carrier06_EMI_spring_-1_5
Fra:22 Mem:302.41M (Peak 305.25M) | Time:00:00.31 | Mem:0.00M, Peak:0.00M | C6420_4N_24SFF_v002_MASTER, ViewLayer | Synchronizing object | Carrier22_EMI_spring_-1_1
Fra:22 Mem:302.33M (Peak 305.25M) | Time:00:00.31 | Mem:0.00M, Peak:0.00M | C6420_4N_24SFF_v002_MASTER, ViewLayer | Synchronizing object | Carrier22_EMI_spring_-1_0
Fra:22 Mem:303.12M (Peak 305.25M) | Time:00:00.31 | Mem:0.00M, Peak:0.00M | C6420_4N_24SFF_v002_MASTER, ViewLayer | Synchronizing object | Carrier06_EMI_spring_-1_6
Fra:22 Mem:303.67M (Peak 305.25M) | Time:00:00.31 | Mem:0.00M, Peak:0.00M | C6420_4N_24SFF_v002_MASTER, ViewLayer | Synchronizing object | Carrier22_activity_symbol
Fra:22 Mem:303.69M (Peak 305.25M) | Time:00:00.31 | Mem:0.00M, Peak:0.00M | C6420_4N_24SFF_v002_MASTER, ViewLayer | Synchronizing object | Carrier06_EMI_spring_-1_7
Fra:22 Mem:303.68M (Peak 305.25M) | Time:00:00.31 | Mem:0.00M, Peak:0.00M | C6420_4N_24SFF_v002_MASTER, ViewLayer | Synchronizing object | Carrier22_hinge_return_spring
Fra:22 Mem:303.78M (Peak 305.25M) | Time:00:00.31 | Mem:0.00M, Peak:0.00M | C6420_4N_24SFF_v002_MASTER, ViewLayer | Synchronizing object | Carrier06_EMI_spring_-1_8
Fra:22 Mem:303.34M (Peak 305.25M) | Time:00:00.31 | Mem:0.00M, Peak:0.00M | C6420_4N_24SFF_v002_MASTER, ViewLayer | Synchronizing object | Carrier06_EMI_spring_1_0
Fra:22 Mem:305.22M (Peak 305.25M) | Time:00:00.31 | Mem:0.00M, Peak:0.00M | C6420_4N_24SFF_v002_MASTER, ViewLayer | Synchronizing object | Carrier06_EMI_spring_1_1
Fra:22 Mem:305.23M (Peak 305.25M) | Time:00:00.31 | Mem:0.00M, Peak:0.00M | C6420_4N_24SFF_v002_MASTER, ViewLayer | Synchronizing object | Carrier06_EMI_spring_1_3
Fra:22 Mem:305.28M (Peak 305.28M) | Time:00:00.31 | Mem:0.00M, Peak:0.00M | C6420_4N_24SFF_v002_MASTER, ViewLayer | Synchronizing object | Carrier06_EMI_spring_1_4
Fra:22 Mem:305.28M (Peak 305.28M) | Time:00:00.31 | Mem:0.00M, Peak:0.00M | C6420_4N_24SFF_v002_MASTER, ViewLayer | Synchronizing object | Carrier06_EMI_spring_1_5
Fra:22 Mem:305.29M (Peak 305.29M) | Time:00:00.31 | Mem:0.00M, Peak:0.00M | C6420_4N_24SFF_v002_MASTER, ViewLayer | Synchronizing object | Carrier06_EMI_spring_1_6
Fra:22 Mem:305.30M (Peak 305.30M) | Time:00:00.31 | Mem:0.00M, Peak:0.00M | C6420_4N_24SFF_v002_MASTER, ViewLayer | Synchronizing object | Carrier06_EMI_spring_1_7
Fra:22 Mem:305.29M (Peak 305.30M) | Time:00:00.31 | Mem:0.00M, Peak:0.00M | C6420_4N_24SFF_v002_MASTER, ViewLayer | Synchronizing object | Carrier06_EMI_spring_1_8
Fra:22 Mem:305.32M (Peak 305.32M) | Time:00:00.31 | Mem:0.00M, Peak:0.00M | C6420_4N_24SFF_v002_MASTER, ViewLayer | Synchronizing object | Carrier07_hinge_return_spring
Fra:22 Mem:305.33M (Peak 305.33M) | Time:00:00.31 | Mem:0.00M, Peak:0.00M | C6420_4N_24SFF_v002_MASTER, ViewLayer | Synchronizing object | Carrier07_activity_symbol
Fra:22 Mem:304.92M (Peak 305.33M) | Time:00:00.31 | Mem:0.00M, Peak:0.00M | C6420_4N_24SFF_v002_MASTER, ViewLayer | Synchronizing object | Carrier07_EMI_spring_-1_0
Fra:22 Mem:305.42M (Peak 305.42M) | Time:00:00.31 | Mem:0.00M, Peak:0.00M | C6420_4N_24SFF_v002_MASTER, ViewLayer | Synchronizing object | Carrier07_EMI_spring_-1_1
Fra:22 Mem:305.39M (Peak 305.42M) | Time:00:00.31 | Mem:0.00M, Peak:0.00M | C6420_4N_24SFF_v002_MASTER, ViewLayer | Synchronizing object | Carrier07_EMI_spring_-1_2
Fra:22 Mem:305.44M (Peak 305.44M) | Time:00:00.31 | Mem:0.00M, Peak:0.00M | C6420_4N_24SFF_v002_MASTER, ViewLayer | Synchronizing object | Carrier07_EMI_spring_-1_3
Fra:22 Mem:305.55M (Peak 305.55M) | Time:00:00.31 | Mem:0.00M, Peak:0.00M | C6420_4N_24SFF_v002_MASTER, ViewLayer | Synchronizing object | Carrier07_EMI_spring_-1_4
Fra:22 Mem:305.98M (Peak 305.98M) | Time:00:00.31 | Mem:0.00M, Peak:0.00M | C6420_4N_24SFF_v002_MASTER, ViewLayer | Synchronizing object | Carrier07_EMI_spring_-1_5
Fra:22 Mem:305.79M (Peak 305.98M) | Time:00:00.31 | Mem:0.00M, Peak:0.00M | C6420_4N_24SFF_v002_MASTER, ViewLayer | Synchronizing object | Carrier07_EMI_spring_-1_6
Fra:22 Mem:305.78M (Peak 305.98M) | Time:00:00.31 | Mem:0.00M, Peak:0.00M | C6420_4N_24SFF_v002_MASTER, ViewLayer | Synchronizing object | Carrier07_EMI_spring_-1_8
Fra:22 Mem:305.77M (Peak 305.98M) | Time:00:00.31 | Mem:0.00M, Peak:0.00M | C6420_4N_24SFF_v002_MASTER, ViewLayer | Synchronizing object | Carrier07_EMI_spring_1_0
Fra:22 Mem:305.78M (Peak 305.98M) | Time:00:00.31 | Mem:0.00M, Peak:0.00M | C6420_4N_24SFF_v002_MASTER, ViewLayer | Synchronizing object | Carrier07_EMI_spring_1_1
Fra:22 Mem:305.76M (Peak 305.98M) | Time:00:00.31 | Mem:0.00M, Peak:0.00M | C6420_4N_24SFF_v002_MASTER, ViewLayer | Synchronizing object | Carrier07_EMI_spring_1_2
Fra:22 Mem:305.76M (Peak 305.98M) | Time:00:00.31 | Mem:0.00M, Peak:0.00M | C6420_4N_24SFF_v002_MASTER, ViewLayer | Synchronizing object | Carrier07_EMI_spring_1_3
Fra:22 Mem:303.19M (Peak 305.98M) | Time:00:00.31 | Mem:0.00M, Peak:0.00M | C6420_4N_24SFF_v002_MASTER, ViewLayer | Synchronizing object | Carrier07_EMI_spring_1_4
Fra:22 Mem:303.19M (Peak 305.98M) | Time:00:00.31 | Mem:0.00M, Peak:0.00M | C6420_4N_24SFF_v002_MASTER, ViewLayer | Synchronizing object | Carrier07_EMI_spring_1_5
Fra:22 Mem:303.28M (Peak 305.98M) | Time:00:00.31 | Mem:0.00M, Peak:0.00M | C6420_4N_24SFF_v002_MASTER, ViewLayer | Synchronizing object | Carrier07_EMI_spring_1_6
Fra:22 Mem:303.29M (Peak 305.98M) | Time:00:00.31 | Mem:0.00M, Peak:0.00M | C6420_4N_24SFF_v002_MASTER, ViewLayer | Synchronizing object | Carrier07_EMI_spring_1_7
Fra:22 Mem:303.33M (Peak 305.98M) | Time:00:00.31 | Mem:0.00M, Peak:0.00M | C6420_4N_24SFF_v002_MASTER, ViewLayer | Synchronizing object | Carrier07_EMI_spring_1_8
Fra:22 Mem:303.41M (Peak 305.98M) | Time:00:00.31 | Mem:0.00M, Peak:0.00M | C6420_4N_24SFF_v002_MASTER, ViewLayer | Synchronizing object | Carrier08_hinge_return_spring
Fra:22 Mem:303.48M (Peak 305.98M) | Time:00:00.31 | Mem:0.00M, Peak:0.00M | C6420_4N_24SFF_v002_MASTER, ViewLayer | Synchronizing object | Carrier08_activity_symbol
Fra:22 Mem:303.48M (Peak 305.98M) | Time:00:00.31 | Mem:0.00M, Peak:0.00M | C6420_4N_24SFF_v002_MASTER, ViewLayer | Synchronizing object | Carrier08_EMI_spring_-1_0
Fra:22 Mem:303.49M (Peak 305.98M) | Time:00:00.31 | Mem:0.00M, Peak:0.00M | C6420_4N_24SFF_v002_MASTER, ViewLayer | Synchronizing object | Carrier08_EMI_spring_-1_1
Fra:22 Mem:304.73M (Peak 305.98M) | Time:00:00.31 | Mem:0.00M, Peak:0.00M | C6420_4N_24SFF_v002_MASTER, ViewLayer | Synchronizing object | Carrier08_EMI_spring_-1_2
Fra:22 Mem:304.76M (Peak 305.98M) | Time:00:00.31 | Mem:0.00M, Peak:0.00M | C6420_4N_24SFF_v002_MASTER, ViewLayer | Synchronizing object | Carrier08_EMI_spring_-1_3
Fra:22 Mem:304.70M (Peak 305.98M) | Time:00:00.31 | Mem:0.00M, Peak:0.00M | C6420_4N_24SFF_v002_MASTER, ViewLayer | Synchronizing object | Carrier21_EMI_spring_1_8
Fra:22 Mem:304.70M (Peak 305.98M) | Time:00:00.31 | Mem:0.00M, Peak:0.00M | C6420_4N_24SFF_v002_MASTER, ViewLayer | Synchronizing object | Carrier08_EMI_spring_-1_4
Fra:22 Mem:304.69M (Peak 305.98M) | Time:00:00.31 | Mem:0.00M, Peak:0.00M | C6420_4N_24SFF_v002_MASTER, ViewLayer | Synchronizing object | Carrier08_EMI_spring_-1_5
Fra:22 Mem:304.70M (Peak 305.98M) | Time:00:00.31 | Mem:0.00M, Peak:0.00M | C6420_4N_24SFF_v002_MASTER, ViewLayer | Synchronizing object | Carrier08_EMI_spring_-1_6
Fra:22 Mem:304.75M (Peak 305.98M) | Time:00:00.31 | Mem:0.00M, Peak:0.00M | C6420_4N_24SFF_v002_MASTER, ViewLayer | Synchronizing object | Carrier08_EMI_spring_-1_7
Fra:22 Mem:304.75M (Peak 305.98M) | Time:00:00.31 | Mem:0.00M, Peak:0.00M | C6420_4N_24SFF_v002_MASTER, ViewLayer | Synchronizing object | Carrier21_EMI_spring_1_7
Fra:22 Mem:304.75M (Peak 305.98M) | Time:00:00.31 | Mem:0.00M, Peak:0.00M | C6420_4N_24SFF_v002_MASTER, ViewLayer | Synchronizing object | Carrier08_EMI_spring_-1_8
Fra:22 Mem:304.77M (Peak 305.98M) | Time:00:00.31 | Mem:0.00M, Peak:0.00M | C6420_4N_24SFF_v002_MASTER, ViewLayer | Synchronizing object | Carrier08_EMI_spring_1_1
Fra:22 Mem:305.68M (Peak 305.98M) | Time:00:00.31 | Mem:0.00M, Peak:0.00M | C6420_4N_24SFF_v002_MASTER, ViewLayer | Synchronizing object | Carrier21_EMI_spring_1_6
Fra:22 Mem:305.71M (Peak 305.98M) | Time:00:00.31 | Mem:0.00M, Peak:0.00M | C6420_4N_24SFF_v002_MASTER, ViewLayer | Synchronizing object | Carrier08_EMI_spring_1_2
Fra:22 Mem:305.76M (Peak 305.98M) | Time:00:00.31 | Mem:0.00M, Peak:0.00M | C6420_4N_24SFF_v002_MASTER, ViewLayer | Synchronizing object | Carrier08_EMI_spring_1_3
Fra:22 Mem:305.80M (Peak 305.98M) | Time:00:00.31 | Mem:0.00M, Peak:0.00M | C6420_4N_24SFF_v002_MASTER, ViewLayer | Synchronizing object | Carrier08_EMI_spring_1_4
Fra:22 Mem:305.77M (Peak 305.98M) | Time:00:00.31 | Mem:0.00M, Peak:0.00M | C6420_4N_24SFF_v002_MASTER, ViewLayer | Synchronizing object | Carrier08_EMI_spring_1_5
Fra:22 Mem:305.82M (Peak 305.98M) | Time:00:00.31 | Mem:0.00M, Peak:0.00M | C6420_4N_24SFF_v002_MASTER, ViewLayer | Synchronizing object | Carrier21_EMI_spring_1_5
Fra:22 Mem:305.85M (Peak 305.98M) | Time:00:00.31 | Mem:0.00M, Peak:0.00M | C6420_4N_24SFF_v002_MASTER, ViewLayer | Synchronizing object | Carrier08_EMI_spring_1_6
Fra:22 Mem:306.24M (Peak 306.24M) | Time:00:00.31 | Mem:0.00M, Peak:0.00M | C6420_4N_24SFF_v002_MASTER, ViewLayer | Synchronizing object | Carrier08_EMI_spring_1_7
Fra:22 Mem:306.23M (Peak 306.24M) | Time:00:00.31 | Mem:0.00M, Peak:0.00M | C6420_4N_24SFF_v002_MASTER, ViewLayer | Synchronizing object | Carrier09_hinge_return_spring
Fra:22 Mem:306.22M (Peak 306.24M) | Time:00:00.31 | Mem:0.00M, Peak:0.00M | C6420_4N_24SFF_v002_MASTER, ViewLayer | Synchronizing object | Carrier21_EMI_spring_1_4
Fra:22 Mem:306.02M (Peak 306.24M) | Time:00:00.31 | Mem:0.00M, Peak:0.00M | C6420_4N_24SFF_v002_MASTER, ViewLayer | Synchronizing object | Carrier09_activity_symbol
Fra:22 Mem:306.11M (Peak 306.24M) | Time:00:00.31 | Mem:0.00M, Peak:0.00M | C6420_4N_24SFF_v002_MASTER, ViewLayer | Synchronizing object | Carrier21_EMI_spring_1_3
Fra:22 Mem:306.15M (Peak 306.24M) | Time:00:00.31 | Mem:0.00M, Peak:0.00M | C6420_4N_24SFF_v002_MASTER, ViewLayer | Synchronizing object | Carrier09_EMI_spring_-1_0
Fra:22 Mem:306.14M (Peak 306.24M) | Time:00:00.31 | Mem:0.00M, Peak:0.00M | C6420_4N_24SFF_v002_MASTER, ViewLayer | Synchronizing object | Carrier09_EMI_spring_-1_2
Fra:22 Mem:303.57M (Peak 306.24M) | Time:00:00.31 | Mem:0.00M, Peak:0.00M | C6420_4N_24SFF_v002_MASTER, ViewLayer | Synchronizing object | Carrier21_EMI_spring_1_2
Fra:22 Mem:304.03M (Peak 306.24M) | Time:00:00.31 | Mem:0.00M, Peak:0.00M | C6420_4N_24SFF_v002_MASTER, ViewLayer | Synchronizing object | Carrier21_EMI_spring_1_1
Fra:22 Mem:304.05M (Peak 306.24M) | Time:00:00.31 | Mem:0.00M, Peak:0.00M | C6420_4N_24SFF_v002_MASTER, ViewLayer | Synchronizing object | Carrier21_EMI_spring_1_0
Fra:22 Mem:304.09M (Peak 306.24M) | Time:00:00.31 | Mem:0.00M, Peak:0.00M | C6420_4N_24SFF_v002_MASTER, ViewLayer | Synchronizing object | Carrier09_EMI_spring_-1_3
Fra:22 Mem:304.13M (Peak 306.24M) | Time:00:00.31 | Mem:0.00M, Peak:0.00M | C6420_4N_24SFF_v002_MASTER, ViewLayer | Synchronizing object | Carrier21_EMI_spring_-1_8
Fra:22 Mem:304.14M (Peak 306.24M) | Time:00:00.31 | Mem:0.00M, Peak:0.00M | C6420_4N_24SFF_v002_MASTER, ViewLayer | Synchronizing object | Carrier09_EMI_spring_-1_5
Fra:22 Mem:304.14M (Peak 306.24M) | Time:00:00.31 | Mem:0.00M, Peak:0.00M | C6420_4N_24SFF_v002_MASTER, ViewLayer | Synchronizing object | Carrier21_EMI_spring_-1_7
Fra:22 Mem:304.15M (Peak 306.24M) | Time:00:00.32 | Mem:0.00M, Peak:0.00M | C6420_4N_24SFF_v002_MASTER, ViewLayer | Synchronizing object | Carrier21_EMI_spring_-1_6
Fra:22 Mem:304.16M (Peak 306.24M) | Time:00:00.32 | Mem:0.00M, Peak:0.00M | C6420_4N_24SFF_v002_MASTER, ViewLayer | Synchronizing object | Carrier09_EMI_spring_-1_6
Fra:22 Mem:304.17M (Peak 306.24M) | Time:00:00.32 | Mem:0.00M, Peak:0.00M | C6420_4N_24SFF_v002_MASTER, ViewLayer | Synchronizing object | Carrier09_EMI_spring_-1_7
Fra:22 Mem:304.19M (Peak 306.24M) | Time:00:00.32 | Mem:0.00M, Peak:0.00M | C6420_4N_24SFF_v002_MASTER, ViewLayer | Synchronizing object | Carrier09_EMI_spring_-1_8
Fra:22 Mem:305.44M (Peak 306.24M) | Time:00:00.32 | Mem:0.00M, Peak:0.00M | C6420_4N_24SFF_v002_MASTER, ViewLayer | Synchronizing object | Carrier09_EMI_spring_1_0
Fra:22 Mem:305.46M (Peak 306.24M) | Time:00:00.32 | Mem:0.00M, Peak:0.00M | C6420_4N_24SFF_v002_MASTER, ViewLayer | Synchronizing object | Carrier21_EMI_spring_-1_5
Fra:22 Mem:305.45M (Peak 306.24M) | Time:00:00.32 | Mem:0.00M, Peak:0.00M | C6420_4N_24SFF_v002_MASTER, ViewLayer | Synchronizing object | Carrier09_EMI_spring_1_1
Fra:22 Mem:305.46M (Peak 306.24M) | Time:00:00.32 | Mem:0.00M, Peak:0.00M | C6420_4N_24SFF_v002_MASTER, ViewLayer | Synchronizing object | Carrier09_EMI_spring_1_2
Fra:22 Mem:305.47M (Peak 306.24M) | Time:00:00.32 | Mem:0.00M, Peak:0.00M | C6420_4N_24SFF_v002_MASTER, ViewLayer | Synchronizing object | Carrier09_EMI_spring_1_3
Fra:22 Mem:305.48M (Peak 306.24M) | Time:00:00.32 | Mem:0.00M, Peak:0.00M | C6420_4N_24SFF_v002_MASTER, ViewLayer | Synchronizing object | Carrier09_EMI_spring_1_4
Fra:22 Mem:305.51M (Peak 306.24M) | Time:00:00.32 | Mem:0.00M, Peak:0.00M | C6420_4N_24SFF_v002_MASTER, ViewLayer | Synchronizing object | Carrier09_EMI_spring_1_5
Fra:22 Mem:305.53M (Peak 306.24M) | Time:00:00.32 | Mem:0.00M, Peak:0.00M | C6420_4N_24SFF_v002_MASTER, ViewLayer | Synchronizing object | Carrier09_EMI_spring_1_6
Fra:22 Mem:305.48M (Peak 306.24M) | Time:00:00.32 | Mem:0.00M, Peak:0.00M | C6420_4N_24SFF_v002_MASTER, ViewLayer | Synchronizing object | Carrier21_EMI_spring_-1_3
Fra:22 Mem:305.42M (Peak 306.24M) | Time:00:00.32 | Mem:0.00M, Peak:0.00M | C6420_4N_24SFF_v002_MASTER, ViewLayer | Synchronizing object | Carrier09_EMI_spring_1_8
Fra:22 Mem:305.42M (Peak 306.24M) | Time:00:00.32 | Mem:0.00M, Peak:0.00M | C6420_4N_24SFF_v002_MASTER, ViewLayer | Synchronizing object | Carrier10_hinge_return_spring
Fra:22 Mem:305.91M (Peak 306.24M) | Time:00:00.32 | Mem:0.00M, Peak:0.00M | C6420_4N_24SFF_v002_MASTER, ViewLayer | Synchronizing object | Carrier10_EMI_spring_-1_0
Fra:22 Mem:305.95M (Peak 306.24M) | Time:00:00.32 | Mem:0.00M, Peak:0.00M | C6420_4N_24SFF_v002_MASTER, ViewLayer | Synchronizing object | Carrier21_EMI_spring_-1_2
Fra:22 Mem:305.99M (Peak 306.24M) | Time:00:00.32 | Mem:0.00M, Peak:0.00M | C6420_4N_24SFF_v002_MASTER, ViewLayer | Synchronizing object | Carrier10_EMI_spring_-1_1
Fra:22 Mem:306.04M (Peak 306.24M) | Time:00:00.32 | Mem:0.00M, Peak:0.00M | C6420_4N_24SFF_v002_MASTER, ViewLayer | Synchronizing object | Carrier10_EMI_spring_-1_2
Fra:22 Mem:306.03M (Peak 306.24M) | Time:00:00.32 | Mem:0.00M, Peak:0.00M | C6420_4N_24SFF_v002_MASTER, ViewLayer | Synchronizing object | Carrier10_EMI_spring_-1_3
Fra:22 Mem:306.04M (Peak 306.24M) | Time:00:00.32 | Mem:0.00M, Peak:0.00M | C6420_4N_24SFF_v002_MASTER, ViewLayer | Synchronizing object | Carrier10_EMI_spring_-1_4
Fra:22 Mem:306.04M (Peak 306.24M) | Time:00:00.32 | Mem:0.00M, Peak:0.00M | C6420_4N_24SFF_v002_MASTER, ViewLayer | Synchronizing object | Carrier21_EMI_spring_-1_1
Fra:22 Mem:306.14M (Peak 306.24M) | Time:00:00.32 | Mem:0.00M, Peak:0.00M | C6420_4N_24SFF_v002_MASTER, ViewLayer | Synchronizing object | Carrier10_EMI_spring_-1_5
Fra:22 Mem:306.12M (Peak 306.24M) | Time:00:00.32 | Mem:0.00M, Peak:0.00M | C6420_4N_24SFF_v002_MASTER, ViewLayer | Synchronizing object | Carrier10_EMI_spring_-1_6
Fra:22 Mem:306.12M (Peak 306.24M) | Time:00:00.32 | Mem:0.00M, Peak:0.00M | C6420_4N_24SFF_v002_MASTER, ViewLayer | Synchronizing object | Carrier10_EMI_spring_-1_7
Fra:22 Mem:306.15M (Peak 306.24M) | Time:00:00.32 | Mem:0.00M, Peak:0.00M | C6420_4N_24SFF_v002_MASTER, ViewLayer | Synchronizing object | Carrier10_EMI_spring_-1_8
Fra:22 Mem:306.20M (Peak 306.24M) | Time:00:00.32 | Mem:0.00M, Peak:0.00M | C6420_4N_24SFF_v002_MASTER, ViewLayer | Synchronizing object | Carrier10_EMI_spring_1_0
Fra:22 Mem:306.17M (Peak 306.24M) | Time:00:00.32 | Mem:0.00M, Peak:0.00M | C6420_4N_24SFF_v002_MASTER, ViewLayer | Synchronizing object | Carrier21_activity_symbol
Fra:22 Mem:306.14M (Peak 306.24M) | Time:00:00.32 | Mem:0.00M, Peak:0.00M | C6420_4N_24SFF_v002_MASTER, ViewLayer | Synchronizing object | Carrier10_EMI_spring_1_2
Fra:22 Mem:306.16M (Peak 306.24M) | Time:00:00.32 | Mem:0.00M, Peak:0.00M | C6420_4N_24SFF_v002_MASTER, ViewLayer | Synchronizing object | Carrier10_EMI_spring_1_3
Fra:22 Mem:306.22M (Peak 306.24M) | Time:00:00.32 | Mem:0.00M, Peak:0.00M | C6420_4N_24SFF_v002_MASTER, ViewLayer | Synchronizing object | Carrier21_hinge_return_spring
Fra:22 Mem:306.27M (Peak 306.27M) | Time:00:00.32 | Mem:0.00M, Peak:0.00M | C6420_4N_24SFF_v002_MASTER, ViewLayer | Synchronizing object | Carrier10_EMI_spring_1_4
Fra:22 Mem:306.23M (Peak 306.27M) | Time:00:00.32 | Mem:0.00M, Peak:0.00M | C6420_4N_24SFF_v002_MASTER, ViewLayer | Synchronizing object | Carrier10_EMI_spring_1_5
Fra:22 Mem:306.36M (Peak 306.36M) | Time:00:00.32 | Mem:0.00M, Peak:0.00M | C6420_4N_24SFF_v002_MASTER, ViewLayer | Synchronizing object | Carrier10_EMI_spring_1_6
Fra:22 Mem:306.36M (Peak 306.36M) | Time:00:00.32 | Mem:0.00M, Peak:0.00M | C6420_4N_24SFF_v002_MASTER, ViewLayer | Synchronizing object | Carrier10_EMI_spring_1_7
Fra:22 Mem:307.61M (Peak 307.61M) | Time:00:00.32 | Mem:0.00M, Peak:0.00M | C6420_4N_24SFF_v002_MASTER, ViewLayer | Synchronizing object | Carrier10_EMI_spring_1_8
Fra:22 Mem:307.60M (Peak 307.61M) | Time:00:00.32 | Mem:0.00M, Peak:0.00M | C6420_4N_24SFF_v002_MASTER, ViewLayer | Synchronizing object | Carrier11_hinge_return_spring
Fra:22 Mem:307.60M (Peak 307.61M) | Time:00:00.32 | Mem:0.00M, Peak:0.00M | C6420_4N_24SFF_v002_MASTER, ViewLayer | Synchronizing object | Carrier11_activity_symbol
Fra:22 Mem:307.61M (Peak 307.61M) | Time:00:00.32 | Mem:0.00M, Peak:0.00M | C6420_4N_24SFF_v002_MASTER, ViewLayer | Synchronizing object | Carrier11_EMI_spring_-1_0
Fra:22 Mem:308.18M (Peak 308.18M) | Time:00:00.32 | Mem:0.00M, Peak:0.00M | C6420_4N_24SFF_v002_MASTER, ViewLayer | Synchronizing object | Carrier11_EMI_spring_-1_1
Fra:22 Mem:308.18M (Peak 308.18M) | Time:00:00.32 | Mem:0.00M, Peak:0.00M | C6420_4N_24SFF_v002_MASTER, ViewLayer | Synchronizing object | Carrier11_EMI_spring_-1_2
Fra:22 Mem:308.14M (Peak 308.18M) | Time:00:00.32 | Mem:0.00M, Peak:0.00M | C6420_4N_24SFF_v002_MASTER, ViewLayer | Synchronizing object | Carrier11_EMI_spring_-1_3
Fra:22 Mem:311.49M (Peak 311.61M) | Time:00:00.32 | Mem:0.00M, Peak:0.00M | C6420_4N_24SFF_v002_MASTER, ViewLayer | Synchronizing object | Carrier20_EMI_spring_1_8
Fra:22 Mem:311.50M (Peak 311.61M) | Time:00:00.32 | Mem:0.00M, Peak:0.00M | C6420_4N_24SFF_v002_MASTER, ViewLayer | Synchronizing object | Carrier20_EMI_spring_1_7
Fra:22 Mem:311.45M (Peak 311.61M) | Time:00:00.32 | Mem:0.00M, Peak:0.00M | C6420_4N_24SFF_v002_MASTER, ViewLayer | Synchronizing object | Carrier20_EMI_spring_1_6
Fra:22 Mem:311.40M (Peak 311.61M) | Time:00:00.32 | Mem:0.00M, Peak:0.00M | C6420_4N_24SFF_v002_MASTER, ViewLayer | Synchronizing object | Carrier20_EMI_spring_1_5
Fra:22 Mem:311.42M (Peak 311.61M) | Time:00:00.32 | Mem:0.00M, Peak:0.00M | C6420_4N_24SFF_v002_MASTER, ViewLayer | Synchronizing object | Carrier20_EMI_spring_1_4
Fra:22 Mem:311.43M (Peak 311.61M) | Time:00:00.32 | Mem:0.00M, Peak:0.00M | C6420_4N_24SFF_v002_MASTER, ViewLayer | Synchronizing object | Carrier20_EMI_spring_1_3
Fra:22 Mem:311.44M (Peak 311.61M) | Time:00:00.32 | Mem:0.00M, Peak:0.00M | C6420_4N_24SFF_v002_MASTER, ViewLayer | Synchronizing object | Carrier20_EMI_spring_1_2
Fra:22 Mem:311.45M (Peak 311.61M) | Time:00:00.32 | Mem:0.00M, Peak:0.00M | C6420_4N_24SFF_v002_MASTER, ViewLayer | Synchronizing object | Carrier20_EMI_spring_1_1
Fra:22 Mem:311.46M (Peak 311.61M) | Time:00:00.32 | Mem:0.00M, Peak:0.00M | C6420_4N_24SFF_v002_MASTER, ViewLayer | Synchronizing object | Carrier20_EMI_spring_1_0
Fra:22 Mem:313.58M (Peak 313.60M) | Time:00:00.32 | Mem:0.00M, Peak:0.00M | C6420_4N_24SFF_v002_MASTER, ViewLayer | Synchronizing object | Carrier20_EMI_spring_-1_8
Fra:22 Mem:313.60M (Peak 313.60M) | Time:00:00.32 | Mem:0.00M, Peak:0.00M | C6420_4N_24SFF_v002_MASTER, ViewLayer | Synchronizing object | Carrier20_EMI_spring_-1_7
Fra:22 Mem:314.68M (Peak 314.68M) | Time:00:00.32 | Mem:0.00M, Peak:0.00M | C6420_4N_24SFF_v002_MASTER, ViewLayer | Synchronizing object | Carrier11_EMI_spring_-1_4
Fra:22 Mem:314.67M (Peak 314.68M) | Time:00:00.32 | Mem:0.00M, Peak:0.00M | C6420_4N_24SFF_v002_MASTER, ViewLayer | Synchronizing object | Carrier20_EMI_spring_-1_6
Fra:22 Mem:314.70M (Peak 314.70M) | Time:00:00.32 | Mem:0.00M, Peak:0.00M | C6420_4N_24SFF_v002_MASTER, ViewLayer | Synchronizing object | Carrier20_EMI_spring_-1_5
Fra:22 Mem:314.70M (Peak 314.70M) | Time:00:00.32 | Mem:0.00M, Peak:0.00M | C6420_4N_24SFF_v002_MASTER, ViewLayer | Synchronizing object | Carrier20_EMI_spring_-1_4
Fra:22 Mem:315.24M (Peak 315.24M) | Time:00:00.32 | Mem:0.00M, Peak:0.00M | C6420_4N_24SFF_v002_MASTER, ViewLayer | Synchronizing object | Carrier20_EMI_spring_-1_3
Fra:22 Mem:315.25M (Peak 315.25M) | Time:00:00.32 | Mem:0.00M, Peak:0.00M | C6420_4N_24SFF_v002_MASTER, ViewLayer | Synchronizing object | Carrier20_EMI_spring_-1_2
Fra:22 Mem:315.26M (Peak 315.26M) | Time:00:00.32 | Mem:0.00M, Peak:0.00M | C6420_4N_24SFF_v002_MASTER, ViewLayer | Synchronizing object | Carrier20_EMI_spring_-1_1
Fra:22 Mem:315.27M (Peak 315.27M) | Time:00:00.32 | Mem:0.00M, Peak:0.00M | C6420_4N_24SFF_v002_MASTER, ViewLayer | Synchronizing object | Carrier20_EMI_spring_-1_0
Fra:22 Mem:315.28M (Peak 315.28M) | Time:00:00.32 | Mem:0.00M, Peak:0.00M | C6420_4N_24SFF_v002_MASTER, ViewLayer | Synchronizing object | Carrier20_activity_symbol
Fra:22 Mem:315.29M (Peak 315.29M) | Time:00:00.32 | Mem:0.00M, Peak:0.00M | C6420_4N_24SFF_v002_MASTER, ViewLayer | Synchronizing object | Carrier20_hinge_return_spring
Fra:22 Mem:317.47M (Peak 317.47M) | Time:00:00.32 | Mem:0.00M, Peak:0.00M | C6420_4N_24SFF_v002_MASTER, ViewLayer | Synchronizing object | Carrier11_EMI_spring_-1_5
Fra:22 Mem:317.53M (Peak 317.53M) | Time:00:00.32 | Mem:0.00M, Peak:0.00M | C6420_4N_24SFF_v002_MASTER, ViewLayer | Synchronizing object | Carrier11_EMI_spring_-1_6
Fra:22 Mem:317.54M (Peak 317.54M) | Time:00:00.32 | Mem:0.00M, Peak:0.00M | C6420_4N_24SFF_v002_MASTER, ViewLayer | Synchronizing object | Carrier11_EMI_spring_-1_7
Fra:22 Mem:318.12M (Peak 318.12M) | Time:00:00.32 | Mem:0.00M, Peak:0.00M | C6420_4N_24SFF_v002_MASTER, ViewLayer | Synchronizing object | Carrier19_EMI_spring_1_8
Fra:22 Mem:318.13M (Peak 318.13M) | Time:00:00.32 | Mem:0.00M, Peak:0.00M | C6420_4N_24SFF_v002_MASTER, ViewLayer | Synchronizing object | Carrier19_EMI_spring_1_7
Fra:22 Mem:318.14M (Peak 318.14M) | Time:00:00.32 | Mem:0.00M, Peak:0.00M | C6420_4N_24SFF_v002_MASTER, ViewLayer | Synchronizing object | Carrier19_EMI_spring_1_6
Fra:22 Mem:318.15M (Peak 318.15M) | Time:00:00.32 | Mem:0.00M, Peak:0.00M | C6420_4N_24SFF_v002_MASTER, ViewLayer | Synchronizing object | Carrier19_EMI_spring_1_5
Fra:22 Mem:318.69M (Peak 318.69M) | Time:00:00.32 | Mem:0.00M, Peak:0.00M | C6420_4N_24SFF_v002_MASTER, ViewLayer | Synchronizing object | Carrier19_EMI_spring_1_4
Fra:22 Mem:318.70M (Peak 318.70M) | Time:00:00.32 | Mem:0.00M, Peak:0.00M | C6420_4N_24SFF_v002_MASTER, ViewLayer | Synchronizing object | Carrier19_EMI_spring_1_3
Fra:22 Mem:318.71M (Peak 318.71M) | Time:00:00.32 | Mem:0.00M, Peak:0.00M | C6420_4N_24SFF_v002_MASTER, ViewLayer | Synchronizing object | Carrier19_EMI_spring_1_2
Fra:22 Mem:318.73M (Peak 318.73M) | Time:00:00.32 | Mem:0.00M, Peak:0.00M | C6420_4N_24SFF_v002_MASTER, ViewLayer | Synchronizing object | Carrier19_EMI_spring_1_1
Fra:22 Mem:318.74M (Peak 318.74M) | Time:00:00.32 | Mem:0.00M, Peak:0.00M | C6420_4N_24SFF_v002_MASTER, ViewLayer | Synchronizing object | Carrier19_EMI_spring_1_0
Fra:22 Mem:318.76M (Peak 318.76M) | Time:00:00.32 | Mem:0.00M, Peak:0.00M | C6420_4N_24SFF_v002_MASTER, ViewLayer | Synchronizing object | Carrier11_EMI_spring_-1_8
Fra:22 Mem:318.76M (Peak 318.76M) | Time:00:00.32 | Mem:0.00M, Peak:0.00M | C6420_4N_24SFF_v002_MASTER, ViewLayer | Synchronizing object | Carrier19_EMI_spring_-1_8
Fra:22 Mem:318.77M (Peak 318.77M) | Time:00:00.32 | Mem:0.00M, Peak:0.00M | C6420_4N_24SFF_v002_MASTER, ViewLayer | Synchronizing object | Carrier19_EMI_spring_-1_7
Fra:22 Mem:318.79M (Peak 318.79M) | Time:00:00.32 | Mem:0.00M, Peak:0.00M | C6420_4N_24SFF_v002_MASTER, ViewLayer | Synchronizing object | Carrier11_EMI_spring_1_0
Fra:22 Mem:318.79M (Peak 318.79M) | Time:00:00.32 | Mem:0.00M, Peak:0.00M | C6420_4N_24SFF_v002_MASTER, ViewLayer | Synchronizing object | Carrier19_EMI_spring_-1_6
Fra:22 Mem:318.80M (Peak 318.80M) | Time:00:00.33 | Mem:0.00M, Peak:0.00M | C6420_4N_24SFF_v002_MASTER, ViewLayer | Synchronizing object | Carrier19_EMI_spring_-1_5
Fra:22 Mem:318.83M (Peak 318.83M) | Time:00:00.33 | Mem:0.00M, Peak:0.00M | C6420_4N_24SFF_v002_MASTER, ViewLayer | Synchronizing object | Carrier11_EMI_spring_1_1
Fra:22 Mem:318.83M (Peak 318.83M) | Time:00:00.33 | Mem:0.00M, Peak:0.00M | C6420_4N_24SFF_v002_MASTER, ViewLayer | Synchronizing object | Carrier11_EMI_spring_1_2
Fra:22 Mem:318.83M (Peak 318.83M) | Time:00:00.33 | Mem:0.00M, Peak:0.00M | C6420_4N_24SFF_v002_MASTER, ViewLayer | Synchronizing object | Carrier19_EMI_spring_-1_4
Fra:22 Mem:318.86M (Peak 318.86M) | Time:00:00.33 | Mem:0.00M, Peak:0.00M | C6420_4N_24SFF_v002_MASTER, ViewLayer | Synchronizing object | Carrier11_EMI_spring_1_3
Fra:22 Mem:318.88M (Peak 318.88M) | Time:00:00.33 | Mem:0.00M, Peak:0.00M | C6420_4N_24SFF_v002_MASTER, ViewLayer | Synchronizing object | Carrier11_EMI_spring_1_4
Fra:22 Mem:318.88M (Peak 318.88M) | Time:00:00.33 | Mem:0.00M, Peak:0.00M | C6420_4N_24SFF_v002_MASTER, ViewLayer | Synchronizing object | Carrier19_EMI_spring_-1_3
Fra:22 Mem:318.88M (Peak 318.88M) | Time:00:00.33 | Mem:0.00M, Peak:0.00M | C6420_4N_24SFF_v002_MASTER, ViewLayer | Synchronizing object | Carrier11_EMI_spring_1_5
Fra:22 Mem:318.91M (Peak 318.91M) | Time:00:00.33 | Mem:0.00M, Peak:0.00M | C6420_4N_24SFF_v002_MASTER, ViewLayer | Synchronizing object | Carrier19_EMI_spring_-1_2
Fra:22 Mem:318.90M (Peak 318.91M) | Time:00:00.33 | Mem:0.00M, Peak:0.00M | C6420_4N_24SFF_v002_MASTER, ViewLayer | Synchronizing object | Carrier11_EMI_spring_1_7
Fra:22 Mem:318.90M (Peak 318.91M) | Time:00:00.33 | Mem:0.00M, Peak:0.00M | C6420_4N_24SFF_v002_MASTER, ViewLayer | Synchronizing object | Carrier12_hinge_return_spring
Fra:22 Mem:318.90M (Peak 318.91M) | Time:00:00.33 | Mem:0.00M, Peak:0.00M | C6420_4N_24SFF_v002_MASTER, ViewLayer | Synchronizing object | Carrier12_activity_symbol
Fra:22 Mem:318.91M (Peak 318.91M) | Time:00:00.33 | Mem:0.00M, Peak:0.00M | C6420_4N_24SFF_v002_MASTER, ViewLayer | Synchronizing object | Carrier12_EMI_spring_-1_0
Fra:22 Mem:319.06M (Peak 319.06M) | Time:00:00.33 | Mem:0.00M, Peak:0.00M | C6420_4N_24SFF_v002_MASTER, ViewLayer | Synchronizing object | Carrier19_EMI_spring_-1_1
Fra:22 Mem:319.12M (Peak 319.12M) | Time:00:00.33 | Mem:0.00M, Peak:0.00M | C6420_4N_24SFF_v002_MASTER, ViewLayer | Synchronizing object | Carrier12_EMI_spring_-1_1
Fra:22 Mem:319.10M (Peak 319.12M) | Time:00:00.33 | Mem:0.00M, Peak:0.00M | C6420_4N_24SFF_v002_MASTER, ViewLayer | Synchronizing object | Carrier12_EMI_spring_-1_3
Fra:22 Mem:319.10M (Peak 319.12M) | Time:00:00.33 | Mem:0.00M, Peak:0.00M | C6420_4N_24SFF_v002_MASTER, ViewLayer | Synchronizing object | Carrier12_EMI_spring_-1_4
Fra:22 Mem:319.14M (Peak 319.14M) | Time:00:00.33 | Mem:0.00M, Peak:0.00M | C6420_4N_24SFF_v002_MASTER, ViewLayer | Synchronizing object | Carrier19_EMI_spring_-1_0
Fra:22 Mem:319.15M (Peak 319.15M) | Time:00:00.33 | Mem:0.00M, Peak:0.00M | C6420_4N_24SFF_v002_MASTER, ViewLayer | Synchronizing object | Carrier12_EMI_spring_-1_5
Fra:22 Mem:319.18M (Peak 319.18M) | Time:00:00.33 | Mem:0.00M, Peak:0.00M | C6420_4N_24SFF_v002_MASTER, ViewLayer | Synchronizing object | Carrier12_EMI_spring_-1_6
Fra:22 Mem:319.12M (Peak 319.18M) | Time:00:00.33 | Mem:0.00M, Peak:0.00M | C6420_4N_24SFF_v002_MASTER, ViewLayer | Synchronizing object | Carrier19_activity_symbol
Fra:22 Mem:319.14M (Peak 319.18M) | Time:00:00.33 | Mem:0.00M, Peak:0.00M | C6420_4N_24SFF_v002_MASTER, ViewLayer | Synchronizing object | Carrier12_EMI_spring_-1_7
Fra:22 Mem:319.13M (Peak 319.18M) | Time:00:00.33 | Mem:0.00M, Peak:0.00M | C6420_4N_24SFF_v002_MASTER, ViewLayer | Synchronizing object | Carrier19_hinge_return_spring
Fra:22 Mem:319.23M (Peak 319.23M) | Time:00:00.33 | Mem:0.00M, Peak:0.00M | C6420_4N_24SFF_v002_MASTER, ViewLayer | Synchronizing object | Carrier12_EMI_spring_1_0
Fra:22 Mem:319.39M (Peak 319.39M) | Time:00:00.33 | Mem:0.00M, Peak:0.00M | C6420_4N_24SFF_v002_MASTER, ViewLayer | Synchronizing object | Carrier18_EMI_spring_1_8
Fra:22 Mem:319.40M (Peak 319.40M) | Time:00:00.33 | Mem:0.00M, Peak:0.00M | C6420_4N_24SFF_v002_MASTER, ViewLayer | Synchronizing object | Carrier18_EMI_spring_1_7
Fra:22 Mem:319.41M (Peak 319.41M) | Time:00:00.33 | Mem:0.00M, Peak:0.00M | C6420_4N_24SFF_v002_MASTER, ViewLayer | Synchronizing object | Carrier18_EMI_spring_1_6
Fra:22 Mem:319.42M (Peak 319.42M) | Time:00:00.33 | Mem:0.00M, Peak:0.00M | C6420_4N_24SFF_v002_MASTER, ViewLayer | Synchronizing object | Carrier18_EMI_spring_1_5
Fra:22 Mem:319.44M (Peak 319.44M) | Time:00:00.33 | Mem:0.00M, Peak:0.00M | C6420_4N_24SFF_v002_MASTER, ViewLayer | Synchronizing object | Carrier18_EMI_spring_1_4
Fra:22 Mem:319.45M (Peak 319.45M) | Time:00:00.33 | Mem:0.00M, Peak:0.00M | C6420_4N_24SFF_v002_MASTER, ViewLayer | Synchronizing object | Carrier18_EMI_spring_1_3
Fra:22 Mem:319.46M (Peak 319.46M) | Time:00:00.33 | Mem:0.00M, Peak:0.00M | C6420_4N_24SFF_v002_MASTER, ViewLayer | Synchronizing object | Carrier18_EMI_spring_1_2
Fra:22 Mem:319.47M (Peak 319.47M) | Time:00:00.33 | Mem:0.00M, Peak:0.00M | C6420_4N_24SFF_v002_MASTER, ViewLayer | Synchronizing object | Carrier18_EMI_spring_1_1
Fra:22 Mem:319.48M (Peak 319.48M) | Time:00:00.33 | Mem:0.00M, Peak:0.00M | C6420_4N_24SFF_v002_MASTER, ViewLayer | Synchronizing object | Carrier18_EMI_spring_1_0
Fra:22 Mem:319.49M (Peak 319.49M) | Time:00:00.33 | Mem:0.00M, Peak:0.00M | C6420_4N_24SFF_v002_MASTER, ViewLayer | Synchronizing object | Carrier18_EMI_spring_-1_8
Fra:22 Mem:319.50M (Peak 319.50M) | Time:00:00.33 | Mem:0.00M, Peak:0.00M | C6420_4N_24SFF_v002_MASTER, ViewLayer | Synchronizing object | Carrier18_EMI_spring_-1_7
Fra:22 Mem:319.51M (Peak 319.51M) | Time:00:00.33 | Mem:0.00M, Peak:0.00M | C6420_4N_24SFF_v002_MASTER, ViewLayer | Synchronizing object | Carrier18_EMI_spring_-1_6
Fra:22 Mem:319.52M (Peak 319.52M) | Time:00:00.33 | Mem:0.00M, Peak:0.00M | C6420_4N_24SFF_v002_MASTER, ViewLayer | Synchronizing object | Carrier18_EMI_spring_-1_5
Fra:22 Mem:319.53M (Peak 319.53M) | Time:00:00.33 | Mem:0.00M, Peak:0.00M | C6420_4N_24SFF_v002_MASTER, ViewLayer | Synchronizing object | Carrier18_EMI_spring_-1_4
Fra:22 Mem:319.55M (Peak 319.55M) | Time:00:00.33 | Mem:0.00M, Peak:0.00M | C6420_4N_24SFF_v002_MASTER, ViewLayer | Synchronizing object | Carrier18_EMI_spring_-1_3
Fra:22 Mem:319.56M (Peak 319.56M) | Time:00:00.33 | Mem:0.00M, Peak:0.00M | C6420_4N_24SFF_v002_MASTER, ViewLayer | Synchronizing object | Carrier18_EMI_spring_-1_2
Fra:22 Mem:319.57M (Peak 319.57M) | Time:00:00.33 | Mem:0.00M, Peak:0.00M | C6420_4N_24SFF_v002_MASTER, ViewLayer | Synchronizing object | Carrier18_EMI_spring_-1_1
Fra:22 Mem:319.58M (Peak 319.58M) | Time:00:00.33 | Mem:0.00M, Peak:0.00M | C6420_4N_24SFF_v002_MASTER, ViewLayer | Synchronizing object | Carrier18_EMI_spring_-1_0
Fra:22 Mem:319.59M (Peak 319.59M) | Time:00:00.33 | Mem:0.00M, Peak:0.00M | C6420_4N_24SFF_v002_MASTER, ViewLayer | Synchronizing object | Carrier18_activity_symbol
Fra:22 Mem:319.60M (Peak 319.60M) | Time:00:00.33 | Mem:0.00M, Peak:0.00M | C6420_4N_24SFF_v002_MASTER, ViewLayer | Synchronizing object | Carrier18_hinge_return_spring
Fra:22 Mem:319.75M (Peak 319.75M) | Time:00:00.33 | Mem:0.00M, Peak:0.00M | C6420_4N_24SFF_v002_MASTER, ViewLayer | Synchronizing object | Carrier17_EMI_spring_1_8
Fra:22 Mem:319.76M (Peak 319.76M) | Time:00:00.33 | Mem:0.00M, Peak:0.00M | C6420_4N_24SFF_v002_MASTER, ViewLayer | Synchronizing object | Carrier17_EMI_spring_1_7
Fra:22 Mem:319.77M (Peak 319.77M) | Time:00:00.33 | Mem:0.00M, Peak:0.00M | C6420_4N_24SFF_v002_MASTER, ViewLayer | Synchronizing object | Carrier17_EMI_spring_1_6
Fra:22 Mem:319.79M (Peak 319.79M) | Time:00:00.33 | Mem:0.00M, Peak:0.00M | C6420_4N_24SFF_v002_MASTER, ViewLayer | Synchronizing object | Carrier17_EMI_spring_1_5
Fra:22 Mem:319.80M (Peak 319.80M) | Time:00:00.33 | Mem:0.00M, Peak:0.00M | C6420_4N_24SFF_v002_MASTER, ViewLayer | Synchronizing object | Carrier17_EMI_spring_1_4
Fra:22 Mem:319.81M (Peak 319.81M) | Time:00:00.33 | Mem:0.00M, Peak:0.00M | C6420_4N_24SFF_v002_MASTER, ViewLayer | Synchronizing object | Carrier17_EMI_spring_1_3
Fra:22 Mem:319.82M (Peak 319.82M) | Time:00:00.33 | Mem:0.00M, Peak:0.00M | C6420_4N_24SFF_v002_MASTER, ViewLayer | Synchronizing object | Carrier17_EMI_spring_1_2
Fra:22 Mem:319.83M (Peak 319.83M) | Time:00:00.33 | Mem:0.00M, Peak:0.00M | C6420_4N_24SFF_v002_MASTER, ViewLayer | Synchronizing object | Carrier17_EMI_spring_1_1
Fra:22 Mem:319.84M (Peak 319.84M) | Time:00:00.33 | Mem:0.00M, Peak:0.00M | C6420_4N_24SFF_v002_MASTER, ViewLayer | Synchronizing object | Carrier17_EMI_spring_1_0
Fra:22 Mem:319.85M (Peak 319.85M) | Time:00:00.33 | Mem:0.00M, Peak:0.00M | C6420_4N_24SFF_v002_MASTER, ViewLayer | Synchronizing object | Carrier17_EMI_spring_-1_8
Fra:22 Mem:319.86M (Peak 319.86M) | Time:00:00.33 | Mem:0.00M, Peak:0.00M | C6420_4N_24SFF_v002_MASTER, ViewLayer | Synchronizing object | Carrier17_EMI_spring_-1_7
Fra:22 Mem:319.87M (Peak 319.87M) | Time:00:00.33 | Mem:0.00M, Peak:0.00M | C6420_4N_24SFF_v002_MASTER, ViewLayer | Synchronizing object | Carrier17_EMI_spring_-1_6
Fra:22 Mem:319.88M (Peak 319.88M) | Time:00:00.33 | Mem:0.00M, Peak:0.00M | C6420_4N_24SFF_v002_MASTER, ViewLayer | Synchronizing object | Carrier17_EMI_spring_-1_5
Fra:22 Mem:319.90M (Peak 319.90M) | Time:00:00.33 | Mem:0.00M, Peak:0.00M | C6420_4N_24SFF_v002_MASTER, ViewLayer | Synchronizing object | Carrier17_EMI_spring_-1_4
Fra:22 Mem:319.91M (Peak 319.91M) | Time:00:00.33 | Mem:0.00M, Peak:0.00M | C6420_4N_24SFF_v002_MASTER, ViewLayer | Synchronizing object | Carrier17_EMI_spring_-1_3
Fra:22 Mem:319.92M (Peak 319.92M) | Time:00:00.33 | Mem:0.00M, Peak:0.00M | C6420_4N_24SFF_v002_MASTER, ViewLayer | Synchronizing object | Carrier17_EMI_spring_-1_2
Fra:22 Mem:319.93M (Peak 319.93M) | Time:00:00.33 | Mem:0.00M, Peak:0.00M | C6420_4N_24SFF_v002_MASTER, ViewLayer | Synchronizing object | Carrier17_EMI_spring_-1_1
Fra:22 Mem:319.94M (Peak 319.94M) | Time:00:00.33 | Mem:0.00M, Peak:0.00M | C6420_4N_24SFF_v002_MASTER, ViewLayer | Synchronizing object | Carrier17_EMI_spring_-1_0
Fra:22 Mem:319.95M (Peak 319.95M) | Time:00:00.33 | Mem:0.00M, Peak:0.00M | C6420_4N_24SFF_v002_MASTER, ViewLayer | Synchronizing object | Carrier17_activity_symbol
Fra:22 Mem:319.96M (Peak 319.96M) | Time:00:00.34 | Mem:0.00M, Peak:0.00M | C6420_4N_24SFF_v002_MASTER, ViewLayer | Synchronizing object | Carrier17_hinge_return_spring
Fra:22 Mem:320.11M (Peak 320.11M) | Time:00:00.34 | Mem:0.00M, Peak:0.00M | C6420_4N_24SFF_v002_MASTER, ViewLayer | Synchronizing object | Carrier16_EMI_spring_1_8
Fra:22 Mem:320.12M (Peak 320.12M) | Time:00:00.34 | Mem:0.00M, Peak:0.00M | C6420_4N_24SFF_v002_MASTER, ViewLayer | Synchronizing object | Carrier16_EMI_spring_1_7
Fra:22 Mem:320.14M (Peak 320.14M) | Time:00:00.34 | Mem:0.00M, Peak:0.00M | C6420_4N_24SFF_v002_MASTER, ViewLayer | Synchronizing object | Carrier16_EMI_spring_1_6
Fra:22 Mem:320.15M (Peak 320.15M) | Time:00:00.34 | Mem:0.00M, Peak:0.00M | C6420_4N_24SFF_v002_MASTER, ViewLayer | Synchronizing object | Carrier16_EMI_spring_1_5
Fra:22 Mem:320.16M (Peak 320.16M) | Time:00:00.34 | Mem:0.00M, Peak:0.00M | C6420_4N_24SFF_v002_MASTER, ViewLayer | Synchronizing object | Carrier16_EMI_spring_1_4
Fra:22 Mem:320.17M (Peak 320.17M) | Time:00:00.34 | Mem:0.00M, Peak:0.00M | C6420_4N_24SFF_v002_MASTER, ViewLayer | Synchronizing object | Carrier16_EMI_spring_1_3
Fra:22 Mem:320.18M (Peak 320.18M) | Time:00:00.34 | Mem:0.00M, Peak:0.00M | C6420_4N_24SFF_v002_MASTER, ViewLayer | Synchronizing object | Carrier16_EMI_spring_1_2
Fra:22 Mem:320.19M (Peak 320.19M) | Time:00:00.34 | Mem:0.00M, Peak:0.00M | C6420_4N_24SFF_v002_MASTER, ViewLayer | Synchronizing object | Carrier16_EMI_spring_1_1
Fra:22 Mem:320.20M (Peak 320.20M) | Time:00:00.34 | Mem:0.00M, Peak:0.00M | C6420_4N_24SFF_v002_MASTER, ViewLayer | Synchronizing object | Carrier16_EMI_spring_1_0
Fra:22 Mem:320.21M (Peak 320.21M) | Time:00:00.34 | Mem:0.00M, Peak:0.00M | C6420_4N_24SFF_v002_MASTER, ViewLayer | Synchronizing object | Carrier16_EMI_spring_-1_8
Fra:22 Mem:320.23M (Peak 320.23M) | Time:00:00.34 | Mem:0.00M, Peak:0.00M | C6420_4N_24SFF_v002_MASTER, ViewLayer | Synchronizing object | Carrier12_EMI_spring_1_1
Fra:22 Mem:320.24M (Peak 320.24M) | Time:00:00.34 | Mem:0.00M, Peak:0.00M | C6420_4N_24SFF_v002_MASTER, ViewLayer | Synchronizing object | Carrier16_EMI_spring_-1_7
Fra:22 Mem:320.25M (Peak 320.25M) | Time:00:00.34 | Mem:0.00M, Peak:0.00M | C6420_4N_24SFF_v002_MASTER, ViewLayer | Synchronizing object | Carrier16_EMI_spring_-1_6
Fra:22 Mem:320.26M (Peak 320.26M) | Time:00:00.34 | Mem:0.00M, Peak:0.00M | C6420_4N_24SFF_v002_MASTER, ViewLayer | Synchronizing object | Carrier12_EMI_spring_1_2
Fra:22 Mem:320.28M (Peak 320.28M) | Time:00:00.34 | Mem:0.00M, Peak:0.00M | C6420_4N_24SFF_v002_MASTER, ViewLayer | Synchronizing object | Carrier16_EMI_spring_-1_5
Fra:22 Mem:320.29M (Peak 320.29M) | Time:00:00.34 | Mem:0.00M, Peak:0.00M | C6420_4N_24SFF_v002_MASTER, ViewLayer | Synchronizing object | Carrier12_EMI_spring_1_3
Fra:22 Mem:320.29M (Peak 320.29M) | Time:00:00.34 | Mem:0.00M, Peak:0.00M | C6420_4N_24SFF_v002_MASTER, ViewLayer | Synchronizing object | Carrier16_EMI_spring_-1_4
Fra:22 Mem:320.30M (Peak 320.30M) | Time:00:00.34 | Mem:0.00M, Peak:0.00M | C6420_4N_24SFF_v002_MASTER, ViewLayer | Synchronizing object | Carrier16_EMI_spring_-1_3
Fra:22 Mem:320.31M (Peak 320.31M) | Time:00:00.34 | Mem:0.00M, Peak:0.00M | C6420_4N_24SFF_v002_MASTER, ViewLayer | Synchronizing object | Carrier16_EMI_spring_-1_2
Fra:22 Mem:320.32M (Peak 320.32M) | Time:00:00.34 | Mem:0.00M, Peak:0.00M | C6420_4N_24SFF_v002_MASTER, ViewLayer | Synchronizing object | Carrier16_EMI_spring_-1_1
Fra:22 Mem:320.33M (Peak 320.33M) | Time:00:00.34 | Mem:0.00M, Peak:0.00M | C6420_4N_24SFF_v002_MASTER, ViewLayer | Synchronizing object | Carrier16_EMI_spring_-1_0
Fra:22 Mem:320.34M (Peak 320.34M) | Time:00:00.34 | Mem:0.00M, Peak:0.00M | C6420_4N_24SFF_v002_MASTER, ViewLayer | Synchronizing object | Carrier16_activity_symbol
Fra:22 Mem:320.35M (Peak 320.35M) | Time:00:00.34 | Mem:0.00M, Peak:0.00M | C6420_4N_24SFF_v002_MASTER, ViewLayer | Synchronizing object | Carrier16_hinge_return_spring
Fra:22 Mem:320.51M (Peak 320.51M) | Time:00:00.34 | Mem:0.00M, Peak:0.00M | C6420_4N_24SFF_v002_MASTER, ViewLayer | Synchronizing object | Carrier15_EMI_spring_1_8
Fra:22 Mem:320.52M (Peak 320.52M) | Time:00:00.34 | Mem:0.00M, Peak:0.00M | C6420_4N_24SFF_v002_MASTER, ViewLayer | Synchronizing object | Carrier15_EMI_spring_1_7
Fra:22 Mem:320.53M (Peak 320.53M) | Time:00:00.34 | Mem:0.00M, Peak:0.00M | C6420_4N_24SFF_v002_MASTER, ViewLayer | Synchronizing object | Carrier15_EMI_spring_1_6
Fra:22 Mem:320.54M (Peak 320.54M) | Time:00:00.34 | Mem:0.00M, Peak:0.00M | C6420_4N_24SFF_v002_MASTER, ViewLayer | Synchronizing object | Carrier15_EMI_spring_1_5
Fra:22 Mem:320.55M (Peak 320.55M) | Time:00:00.34 | Mem:0.00M, Peak:0.00M | C6420_4N_24SFF_v002_MASTER, ViewLayer | Synchronizing object | Carrier15_EMI_spring_1_4
Fra:22 Mem:320.56M (Peak 320.56M) | Time:00:00.34 | Mem:0.00M, Peak:0.00M | C6420_4N_24SFF_v002_MASTER, ViewLayer | Synchronizing object | Carrier12_EMI_spring_1_4
Fra:22 Mem:320.57M (Peak 320.57M) | Time:00:00.34 | Mem:0.00M, Peak:0.00M | C6420_4N_24SFF_v002_MASTER, ViewLayer | Synchronizing object | Carrier15_EMI_spring_1_3
Fra:22 Mem:320.60M (Peak 320.60M) | Time:00:00.34 | Mem:0.00M, Peak:0.00M | C6420_4N_24SFF_v002_MASTER, ViewLayer | Synchronizing object | Carrier15_EMI_spring_1_2
Fra:22 Mem:320.61M (Peak 320.61M) | Time:00:00.34 | Mem:0.00M, Peak:0.00M | C6420_4N_24SFF_v002_MASTER, ViewLayer | Synchronizing object | Carrier12_EMI_spring_1_5
Fra:22 Mem:320.60M (Peak 320.61M) | Time:00:00.34 | Mem:0.00M, Peak:0.00M | C6420_4N_24SFF_v002_MASTER, ViewLayer | Synchronizing object | Carrier15_EMI_spring_1_1
Fra:22 Mem:320.63M (Peak 320.63M) | Time:00:00.34 | Mem:0.00M, Peak:0.00M | C6420_4N_24SFF_v002_MASTER, ViewLayer | Synchronizing object | Carrier15_EMI_spring_1_0
Fra:22 Mem:320.63M (Peak 320.63M) | Time:00:00.34 | Mem:0.00M, Peak:0.00M | C6420_4N_24SFF_v002_MASTER, ViewLayer | Synchronizing object | Carrier15_EMI_spring_-1_8
Fra:22 Mem:320.64M (Peak 320.64M) | Time:00:00.34 | Mem:0.00M, Peak:0.00M | C6420_4N_24SFF_v002_MASTER, ViewLayer | Synchronizing object | Carrier15_EMI_spring_-1_7
Fra:22 Mem:320.65M (Peak 320.65M) | Time:00:00.34 | Mem:0.00M, Peak:0.00M | C6420_4N_24SFF_v002_MASTER, ViewLayer | Synchronizing object | Carrier15_EMI_spring_-1_6
Fra:22 Mem:320.66M (Peak 320.66M) | Time:00:00.34 | Mem:0.00M, Peak:0.00M | C6420_4N_24SFF_v002_MASTER, ViewLayer | Synchronizing object | Carrier15_EMI_spring_-1_5
Fra:22 Mem:320.68M (Peak 320.68M) | Time:00:00.34 | Mem:0.00M, Peak:0.00M | C6420_4N_24SFF_v002_MASTER, ViewLayer | Synchronizing object | Carrier12_EMI_spring_1_6
Fra:22 Mem:320.68M (Peak 320.68M) | Time:00:00.34 | Mem:0.00M, Peak:0.00M | C6420_4N_24SFF_v002_MASTER, ViewLayer | Synchronizing object | Carrier12_EMI_spring_1_7
Fra:22 Mem:320.69M (Peak 320.69M) | Time:00:00.34 | Mem:0.00M, Peak:0.00M | C6420_4N_24SFF_v002_MASTER, ViewLayer | Synchronizing object | Carrier15_EMI_spring_-1_4
Fra:22 Mem:320.72M (Peak 320.72M) | Time:00:00.34 | Mem:0.00M, Peak:0.00M | C6420_4N_24SFF_v002_MASTER, ViewLayer | Synchronizing object | Carrier15_EMI_spring_-1_3
Fra:22 Mem:320.72M (Peak 320.72M) | Time:00:00.34 | Mem:0.00M, Peak:0.00M | C6420_4N_24SFF_v002_MASTER, ViewLayer | Synchronizing object | Carrier15_EMI_spring_-1_2
Fra:22 Mem:320.72M (Peak 320.72M) | Time:00:00.34 | Mem:0.00M, Peak:0.00M | C6420_4N_24SFF_v002_MASTER, ViewLayer | Synchronizing object | Carrier12_EMI_spring_1_8
Fra:22 Mem:320.75M (Peak 320.75M) | Time:00:00.34 | Mem:0.00M, Peak:0.00M | C6420_4N_24SFF_v002_MASTER, ViewLayer | Synchronizing object | Carrier15_EMI_spring_-1_1
Fra:22 Mem:320.75M (Peak 320.75M) | Time:00:00.34 | Mem:0.00M, Peak:0.00M | C6420_4N_24SFF_v002_MASTER, ViewLayer | Synchronizing object | Carrier13_hinge_return_spring
Fra:22 Mem:320.75M (Peak 320.75M) | Time:00:00.34 | Mem:0.00M, Peak:0.00M | C6420_4N_24SFF_v002_MASTER, ViewLayer | Synchronizing object | Carrier15_EMI_spring_-1_0
Fra:22 Mem:320.83M (Peak 320.83M) | Time:00:00.34 | Mem:0.00M, Peak:0.00M | C6420_4N_24SFF_v002_MASTER, ViewLayer | Synchronizing object | Carrier13_activity_symbol
Fra:22 Mem:320.83M (Peak 320.83M) | Time:00:00.34 | Mem:0.00M, Peak:0.00M | C6420_4N_24SFF_v002_MASTER, ViewLayer | Synchronizing object | Carrier13_EMI_spring_-1_0
Fra:22 Mem:320.85M (Peak 320.85M) | Time:00:00.34 | Mem:0.00M, Peak:0.00M | C6420_4N_24SFF_v002_MASTER, ViewLayer | Synchronizing object | Carrier15_activity_symbol
Fra:22 Mem:320.87M (Peak 320.87M) | Time:00:00.34 | Mem:0.00M, Peak:0.00M | C6420_4N_24SFF_v002_MASTER, ViewLayer | Synchronizing object | Carrier13_EMI_spring_-1_1
Fra:22 Mem:320.86M (Peak 320.87M) | Time:00:00.34 | Mem:0.00M, Peak:0.00M | C6420_4N_24SFF_v002_MASTER, ViewLayer | Synchronizing object | Carrier15_hinge_return_spring
Fra:22 Mem:320.96M (Peak 320.96M) | Time:00:00.34 | Mem:0.00M, Peak:0.00M | C6420_4N_24SFF_v002_MASTER, ViewLayer | Synchronizing object | Carrier13_EMI_spring_-1_2
Fra:22 Mem:321.00M (Peak 321.00M) | Time:00:00.34 | Mem:0.00M, Peak:0.00M | C6420_4N_24SFF_v002_MASTER, ViewLayer | Synchronizing object | Carrier13_EMI_spring_-1_3
Fra:22 Mem:321.02M (Peak 321.02M) | Time:00:00.34 | Mem:0.00M, Peak:0.00M | C6420_4N_24SFF_v002_MASTER, ViewLayer | Synchronizing object | Carrier13_EMI_spring_-1_4
Fra:22 Mem:321.14M (Peak 321.14M) | Time:00:00.35 | Mem:0.00M, Peak:0.00M | C6420_4N_24SFF_v002_MASTER, ViewLayer | Synchronizing object | Carrier14_EMI_spring_1_8
Fra:22 Mem:321.16M (Peak 321.16M) | Time:00:00.35 | Mem:0.00M, Peak:0.00M | C6420_4N_24SFF_v002_MASTER, ViewLayer | Synchronizing object | Carrier13_EMI_spring_-1_5
Fra:22 Mem:321.17M (Peak 321.17M) | Time:00:00.35 | Mem:0.00M, Peak:0.00M | C6420_4N_24SFF_v002_MASTER, ViewLayer | Synchronizing object | Carrier13_EMI_spring_-1_6
Fra:22 Mem:321.18M (Peak 321.18M) | Time:00:00.35 | Mem:0.00M, Peak:0.00M | C6420_4N_24SFF_v002_MASTER, ViewLayer | Synchronizing object | Carrier13_EMI_spring_-1_7
Fra:22 Mem:321.18M (Peak 321.18M) | Time:00:00.35 | Mem:0.00M, Peak:0.00M | C6420_4N_24SFF_v002_MASTER, ViewLayer | Synchronizing object | Carrier14_EMI_spring_1_7
Fra:22 Mem:321.21M (Peak 321.21M) | Time:00:00.35 | Mem:0.00M, Peak:0.00M | C6420_4N_24SFF_v002_MASTER, ViewLayer | Synchronizing object | Carrier13_EMI_spring_-1_8
Fra:22 Mem:321.24M (Peak 321.24M) | Time:00:00.35 | Mem:0.00M, Peak:0.00M | C6420_4N_24SFF_v002_MASTER, ViewLayer | Synchronizing object | Carrier13_EMI_spring_1_0
Fra:22 Mem:321.23M (Peak 321.24M) | Time:00:00.35 | Mem:0.00M, Peak:0.00M | C6420_4N_24SFF_v002_MASTER, ViewLayer | Synchronizing object | Carrier14_EMI_spring_1_6
Fra:22 Mem:321.25M (Peak 321.25M) | Time:00:00.35 | Mem:0.00M, Peak:0.00M | C6420_4N_24SFF_v002_MASTER, ViewLayer | Synchronizing object | Carrier13_EMI_spring_1_2
Fra:22 Mem:321.27M (Peak 321.27M) | Time:00:00.35 | Mem:0.00M, Peak:0.00M | C6420_4N_24SFF_v002_MASTER, ViewLayer | Synchronizing object | Carrier14_EMI_spring_1_5
Fra:22 Mem:321.26M (Peak 321.27M) | Time:00:00.35 | Mem:0.00M, Peak:0.00M | C6420_4N_24SFF_v002_MASTER, ViewLayer | Synchronizing object | Carrier14_EMI_spring_1_4
Fra:22 Mem:321.27M (Peak 321.27M) | Time:00:00.35 | Mem:0.00M, Peak:0.00M | C6420_4N_24SFF_v002_MASTER, ViewLayer | Synchronizing object | Carrier14_EMI_spring_1_3
Fra:22 Mem:321.28M (Peak 321.28M) | Time:00:00.35 | Mem:0.00M, Peak:0.00M | C6420_4N_24SFF_v002_MASTER, ViewLayer | Synchronizing object | Carrier14_EMI_spring_1_2
Fra:22 Mem:321.29M (Peak 321.29M) | Time:00:00.35 | Mem:0.00M, Peak:0.00M | C6420_4N_24SFF_v002_MASTER, ViewLayer | Synchronizing object | Carrier13_EMI_spring_1_3
Fra:22 Mem:321.32M (Peak 321.32M) | Time:00:00.35 | Mem:0.00M, Peak:0.00M | C6420_4N_24SFF_v002_MASTER, ViewLayer | Synchronizing object | Carrier13_EMI_spring_1_4
Fra:22 Mem:321.32M (Peak 321.32M) | Time:00:00.35 | Mem:0.00M, Peak:0.00M | C6420_4N_24SFF_v002_MASTER, ViewLayer | Synchronizing object | Carrier14_EMI_spring_1_1
Fra:22 Mem:321.32M (Peak 321.32M) | Time:00:00.35 | Mem:0.00M, Peak:0.00M | C6420_4N_24SFF_v002_MASTER, ViewLayer | Synchronizing object | Carrier13_EMI_spring_1_7
Fra:22 Mem:321.33M (Peak 321.33M) | Time:00:00.35 | Mem:0.00M, Peak:0.00M | C6420_4N_24SFF_v002_MASTER, ViewLayer | Synchronizing object | Carrier13_EMI_spring_1_8
Fra:22 Mem:321.42M (Peak 321.42M) | Time:00:00.35 | Mem:0.00M, Peak:0.00M | C6420_4N_24SFF_v002_MASTER, ViewLayer | Synchronizing object | Carrier14_hinge_return_spring
Fra:22 Mem:321.43M (Peak 321.43M) | Time:00:00.35 | Mem:0.00M, Peak:0.00M | C6420_4N_24SFF_v002_MASTER, ViewLayer | Synchronizing object | Carrier14_EMI_spring_-1_0
Fra:22 Mem:321.48M (Peak 321.48M) | Time:00:00.35 | Mem:0.00M, Peak:0.00M | C6420_4N_24SFF_v002_MASTER, ViewLayer | Synchronizing object | Carrier14_EMI_spring_1_0
Fra:22 Mem:321.47M (Peak 321.48M) | Time:00:00.35 | Mem:0.00M, Peak:0.00M | C6420_4N_24SFF_v002_MASTER, ViewLayer | Synchronizing object | Carrier14_EMI_spring_-1_1
Fra:22 Mem:321.48M (Peak 321.48M) | Time:00:00.35 | Mem:0.00M, Peak:0.00M | C6420_4N_24SFF_v002_MASTER, ViewLayer | Synchronizing object | Carrier14_EMI_spring_-1_2
Fra:22 Mem:321.51M (Peak 321.51M) | Time:00:00.35 | Mem:0.00M, Peak:0.00M | C6420_4N_24SFF_v002_MASTER, ViewLayer | Synchronizing object | Carrier14_EMI_spring_-1_3
Fra:22 Mem:321.51M (Peak 321.51M) | Time:00:00.35 | Mem:0.00M, Peak:0.00M | C6420_4N_24SFF_v002_MASTER, ViewLayer | Synchronizing object | Carrier14_EMI_spring_-1_4
Fra:22 Mem:321.50M (Peak 321.51M) | Time:00:00.35 | Mem:0.00M, Peak:0.00M | C6420_4N_24SFF_v002_MASTER, ViewLayer | Synchronizing object | Carrier14_EMI_spring_-1_6
Fra:22 Mem:321.52M (Peak 321.52M) | Time:00:00.35 | Mem:0.00M, Peak:0.00M | C6420_4N_24SFF_v002_MASTER, ViewLayer | Synchronizing object | Carrier14_EMI_spring_-1_7
Fra:22 Mem:304.84M (Peak 321.52M) | Time:00:00.38 | Mem:0.00M, Peak:0.00M | C6420_4N_24SFF_v002_MASTER, ViewLayer | Initializing
Fra:22 Mem:295.87M (Peak 321.52M) | Time:00:00.39 | Mem:0.00M, Peak:0.00M | C6420_4N_24SFF_v002_MASTER, ViewLayer | Updating Images | Loading nylon-normal.png.001
Fra:22 Mem:295.87M (Peak 321.52M) | Time:00:00.39 | Mem:0.00M, Peak:0.00M | C6420_4N_24SFF_v002_MASTER, ViewLayer | Updating Images | Loading zinc-base.png.001
Fra:22 Mem:295.87M (Peak 321.52M) | Time:00:00.39 | Mem:0.00M, Peak:0.00M | C6420_4N_24SFF_v002_MASTER, ViewLayer | Updating Images | Loading abs-base.png.001
Fra:22 Mem:447.89M (Peak 463.89M) | Time:00:00.42 | Mem:8.00M, Peak:8.00M | C6420_4N_24SFF_v002_MASTER, ViewLayer | Updating Images | Loading abs-rough.png.001
Fra:22 Mem:527.92M (Peak 591.93M) | Time:00:00.48 | Mem:24.00M, Peak:24.00M | C6420_4N_24SFF_v002_MASTER, ViewLayer | Updating Images | Loading abs-normal.png.001
Fra:22 Mem:543.91M (Peak 591.93M) | Time:00:00.48 | Mem:40.00M, Peak:40.00M | C6420_4N_24SFF_v002_MASTER, ViewLayer | Updating Images | Loading dell-emc-official.png.001
Fra:22 Mem:576.26M (Peak 591.93M) | Time:00:00.49 | Mem:40.35M, Peak:40.35M | C6420_4N_24SFF_v002_MASTER, ViewLayer | Updating Images | Loading c6400-official.png.001
Fra:22 Mem:576.53M (Peak 591.93M) | Time:00:00.49 | Mem:40.62M, Peak:40.62M | C6420_4N_24SFF_v002_MASTER, ViewLayer | Updating Images | Loading abacus-clear-service
Fra:22 Mem:584.53M (Peak 616.54M) | Time:00:00.50 | Mem:56.62M, Peak:56.62M | C6420_4N_24SFF_v002_MASTER, ViewLayer | Updating Images | Loading abacus-clear-warning
Fra:22 Mem:618.11M (Peak 650.11M) | Time:00:00.52 | Mem:58.18M, Peak:58.18M | C6420_4N_24SFF_v002_MASTER, ViewLayer | Updating Images | Loading abacus-clear-regulatory
Fra:22 Mem:619.67M (Peak 650.11M) | Time:00:00.52 | Mem:74.18M, Peak:74.18M | C6420_4N_24SFF_v002_MASTER, ViewLayer | Updating Images | Loading nylon-base.png.001
Fra:22 Mem:667.68M (Peak 670.81M) | Time:00:00.53 | Mem:75.74M, Peak:75.74M | C6420_4N_24SFF_v002_MASTER, ViewLayer | Updating Images | Loading nylon-rough.png.001
Fra:22 Mem:469.85M (Peak 683.68M) | Time:00:00.67 | Mem:227.74M, Peak:227.74M | C6420_4N_24SFF_v002_MASTER, ViewLayer | Waiting for render to start
Fra:22 Mem:469.85M (Peak 683.68M) | Time:00:00.67 | Mem:227.74M, Peak:227.74M | C6420_4N_24SFF_v002_MASTER, ViewLayer | Loading render kernels (may take a few minutes the first time)
Fra:22 Mem:469.85M (Peak 683.68M) | Time:00:00.67 | Mem:227.74M, Peak:227.74M | C6420_4N_24SFF_v002_MASTER, ViewLayer | Updating Scene
Fra:22 Mem:469.85M (Peak 683.68M) | Time:00:00.67 | Mem:227.74M, Peak:227.74M | C6420_4N_24SFF_v002_MASTER, ViewLayer | Updating Shaders
Fra:22 Mem:469.95M (Peak 683.68M) | Time:00:00.67 | Mem:227.76M, Peak:227.76M | C6420_4N_24SFF_v002_MASTER, ViewLayer | Updating Procedurals
Fra:22 Mem:469.95M (Peak 683.68M) | Time:00:00.67 | Mem:227.76M, Peak:227.76M | C6420_4N_24SFF_v002_MASTER, ViewLayer | Updating Background
Fra:22 Mem:469.95M (Peak 683.68M) | Time:00:00.67 | Mem:227.76M, Peak:227.76M | C6420_4N_24SFF_v002_MASTER, ViewLayer | Updating Camera
Fra:22 Mem:469.95M (Peak 683.68M) | Time:00:00.67 | Mem:227.76M, Peak:227.76M | C6420_4N_24SFF_v002_MASTER, ViewLayer | Updating Meshes Flags
Fra:22 Mem:469.95M (Peak 683.68M) | Time:00:00.67 | Mem:227.76M, Peak:227.76M | C6420_4N_24SFF_v002_MASTER, ViewLayer | Updating Objects
Fra:22 Mem:469.95M (Peak 683.68M) | Time:00:00.67 | Mem:227.76M, Peak:227.76M | C6420_4N_24SFF_v002_MASTER, ViewLayer | Updating Objects | Copying Transformations to device
Fra:22 Mem:470.43M (Peak 683.68M) | Time:00:00.67 | Mem:228.22M, Peak:228.22M | C6420_4N_24SFF_v002_MASTER, ViewLayer | Updating Objects | Applying Static Transformations
Fra:22 Mem:470.43M (Peak 683.68M) | Time:00:00.67 | Mem:228.22M, Peak:228.22M | C6420_4N_24SFF_v002_MASTER, ViewLayer | Updating Particle Systems
Fra:22 Mem:470.43M (Peak 683.68M) | Time:00:00.67 | Mem:228.22M, Peak:228.22M | C6420_4N_24SFF_v002_MASTER, ViewLayer | Updating Particle Systems | Copying Particles to device
Fra:22 Mem:470.43M (Peak 683.68M) | Time:00:00.67 | Mem:228.22M, Peak:228.22M | C6420_4N_24SFF_v002_MASTER, ViewLayer | Updating Meshes
Fra:22 Mem:477.39M (Peak 683.68M) | Time:00:00.69 | Mem:228.22M, Peak:228.22M | C6420_4N_24SFF_v002_MASTER, ViewLayer | Updating Mesh | Computing attributes
Fra:22 Mem:510.23M (Peak 683.68M) | Time:00:00.73 | Mem:228.33M, Peak:228.33M | C6420_4N_24SFF_v002_MASTER, ViewLayer | Updating Mesh | Copying Attributes to device
Fra:22 Mem:509.91M (Peak 683.68M) | Time:00:00.73 | Mem:260.74M, Peak:260.74M | C6420_4N_24SFF_v002_MASTER, ViewLayer | Updating Geometry BVH Side_upper_inward_return_1_mesh 1/165 | Building BVH
Fra:22 Mem:509.91M (Peak 683.68M) | Time:00:00.73 | Mem:260.74M, Peak:260.74M | C6420_4N_24SFF_v002_MASTER, ViewLayer | Updating Geometry BVH Side_1_fastener_1_recessed_head_mesh 8/165 | Building BVH
Fra:22 Mem:509.91M (Peak 683.68M) | Time:00:00.73 | Mem:260.74M, Peak:260.74M | C6420_4N_24SFF_v002_MASTER, ViewLayer | Updating Geometry BVH Side_1_fastener_1_recess_floor_mesh 9/165 | Building BVH
Fra:22 Mem:509.91M (Peak 683.68M) | Time:00:00.73 | Mem:260.78M, Peak:260.78M | C6420_4N_24SFF_v002_MASTER, ViewLayer | Updating Geometry BVH Side_1_fastener_1_recess_floor_mesh 9/165 | Building BVH 0%
Fra:22 Mem:509.91M (Peak 683.68M) | Time:00:00.73 | Mem:260.79M, Peak:260.79M | C6420_4N_24SFF_v002_MASTER, ViewLayer | Updating Geometry BVH PSU1_efficiency_exact_letters_font 165/165 | Building BVH 0%
Fra:22 Mem:509.91M (Peak 683.68M) | Time:00:00.73 | Mem:260.79M, Peak:260.79M | C6420_4N_24SFF_v002_MASTER, ViewLayer | Updating Geometry BVH PSU1_efficiency_exact_letters_font 165/165 | Building BVH
Fra:22 Mem:509.91M (Peak 683.68M) | Time:00:00.73 | Mem:260.98M, Peak:260.98M | C6420_4N_24SFF_v002_MASTER, ViewLayer | Updating Geometry BVH Side_1_fastener_2_recessed_head_mesh 10/165 | Building BVH
Fra:22 Mem:509.91M (Peak 683.68M) | Time:00:00.73 | Mem:261.01M, Peak:261.01M | C6420_4N_24SFF_v002_MASTER, ViewLayer | Updating Geometry BVH Side_1_fastener_3_recess_floor_mesh 12/165 | Building BVH
Fra:22 Mem:509.91M (Peak 683.68M) | Time:00:00.73 | Mem:261.05M, Peak:261.05M | C6420_4N_24SFF_v002_MASTER, ViewLayer | Updating Geometry BVH Side_1_fastener_3_recessed_head_mesh 11/165 | Building BVH
Fra:22 Mem:509.91M (Peak 683.68M) | Time:00:00.73 | Mem:261.12M, Peak:261.12M | C6420_4N_24SFF_v002_MASTER, ViewLayer | Updating Geometry BVH Side_1_fastener_4_recessed_head_mesh 13/165 | Building BVH
Fra:22 Mem:509.91M (Peak 683.68M) | Time:00:00.73 | Mem:261.12M, Peak:261.13M | C6420_4N_24SFF_v002_MASTER, ViewLayer | Updating Geometry BVH Side_1_fastener_5_recessed_head_mesh 15/165 | Building BVH
Fra:22 Mem:509.91M (Peak 683.68M) | Time:00:00.73 | Mem:261.23M, Peak:261.23M | C6420_4N_24SFF_v002_MASTER, ViewLayer | Updating Geometry BVH Side_1_fastener_6_recessed_head_mesh 16/165 | Building BVH
Fra:22 Mem:509.91M (Peak 683.68M) | Time:00:00.73 | Mem:261.22M, Peak:261.26M | C6420_4N_24SFF_v002_MASTER, ViewLayer | Updating Geometry BVH Side_1_fastener_6_recess_floor_mesh 17/165 | Building BVH
Fra:22 Mem:509.91M (Peak 683.68M) | Time:00:00.73 | Mem:261.29M, Peak:261.29M | C6420_4N_24SFF_v002_MASTER, ViewLayer | Updating Geometry BVH Side_1_fastener_7_recessed_head_mesh 18/165 | Building BVH
Fra:22 Mem:509.91M (Peak 683.68M) | Time:00:00.73 | Mem:261.36M, Peak:261.37M | C6420_4N_24SFF_v002_MASTER, ViewLayer | Updating Geometry BVH Side_1_fastener_8_recessed_head_mesh 19/165 | Building BVH
Fra:22 Mem:509.91M (Peak 683.68M) | Time:00:00.73 | Mem:261.38M, Peak:261.38M | C6420_4N_24SFF_v002_MASTER, ViewLayer | Updating Geometry BVH Side_1_fastener_9_recessed_head_mesh 20/165 | Building BVH
Fra:22 Mem:509.91M (Peak 683.68M) | Time:00:00.73 | Mem:261.64M, Peak:261.64M | C6420_4N_24SFF_v002_MASTER, ViewLayer | Updating Geometry BVH Side_1_fastener_10_recessed_head_mesh 21/165 | Building BVH
Fra:22 Mem:509.91M (Peak 683.68M) | Time:00:00.73 | Mem:261.98M, Peak:261.98M | C6420_4N_24SFF_v002_MASTER, ViewLayer | Updating Geometry BVH Side_1_clinch_0_mesh 22/165 | Building BVH
Fra:22 Mem:509.91M (Peak 683.68M) | Time:00:00.73 | Mem:262.04M, Peak:262.04M | C6420_4N_24SFF_v002_MASTER, ViewLayer | Updating Geometry BVH Side_rail_latch_outline_1_mesh 23/165 | Building BVH
Fra:22 Mem:509.91M (Peak 683.68M) | Time:00:00.73 | Mem:262.27M, Peak:262.27M | C6420_4N_24SFF_v002_MASTER, ViewLayer | Updating Geometry BVH PSU1_2400W_exact_letters_font 164/165 | Building BVH
Fra:22 Mem:509.91M (Peak 683.68M) | Time:00:00.73 | Mem:262.45M, Peak:262.47M | C6420_4N_24SFF_v002_MASTER, ViewLayer | Updating Geometry BVH Underlapping_cover_seam_mesh 24/165 | Building BVH
Fra:22 Mem:509.91M (Peak 683.68M) | Time:00:00.73 | Mem:262.39M, Peak:262.47M | C6420_4N_24SFF_v002_MASTER, ViewLayer | Updating Geometry BVH PSU1_EPP_exact_letters_font 163/165 | Building BVH
Fra:22 Mem:509.91M (Peak 683.68M) | Time:00:00.73 | Mem:262.36M, Peak:262.47M | C6420_4N_24SFF_v002_MASTER, ViewLayer | Updating Geometry BVH Front_cover_flush_screw_recess_floor_mesh 26/165 | Building BVH
Fra:22 Mem:509.91M (Peak 683.68M) | Time:00:00.73 | Mem:262.37M, Peak:262.47M | C6420_4N_24SFF_v002_MASTER, ViewLayer | Updating Geometry BVH Rear_cover_flush_screw_recessed_head_mesh 27/165 | Building BVH
Fra:22 Mem:509.91M (Peak 683.68M) | Time:00:00.73 | Mem:262.36M, Peak:262.47M | C6420_4N_24SFF_v002_MASTER, ViewLayer | Updating Geometry BVH Rack_ear_mount_-1_mesh 34/165 | Building BVH
Fra:22 Mem:509.91M (Peak 683.68M) | Time:00:00.73 | Mem:262.36M, Peak:262.47M | C6420_4N_24SFF_v002_MASTER, ViewLayer | Updating Geometry BVH Control_ear_shell_-1_mesh 35/165 | Building BVH
Fra:22 Mem:509.91M (Peak 683.68M) | Time:00:00.73 | Mem:262.53M, Peak:262.53M | C6420_4N_24SFF_v002_MASTER, ViewLayer | Updating Geometry BVH Lower_ear_screw_boss_-1_mesh 36/165 | Building BVH
Fra:22 Mem:509.91M (Peak 683.68M) | Time:00:00.73 | Mem:262.62M, Peak:262.62M | C6420_4N_24SFF_v002_MASTER, ViewLayer | Updating Geometry BVH Front_cage_side_return_-1_mesh 38/165 | Building BVH
Fra:22 Mem:509.91M (Peak 683.68M) | Time:00:00.73 | Mem:262.64M, Peak:262.64M | C6420_4N_24SFF_v002_MASTER, ViewLayer | Updating Geometry BVH PSU1_EPP_green_upper_field_mesh 162/165 | Building BVH
Fra:22 Mem:509.91M (Peak 683.68M) | Time:00:00.73 | Mem:262.68M, Peak:262.68M | C6420_4N_24SFF_v002_MASTER, ViewLayer | Updating Geometry BVH Front_punched_cheek_-1_mesh 37/165 | Building BVH
Fra:22 Mem:509.91M (Peak 683.68M) | Time:00:00.73 | Mem:262.99M, Peak:262.99M | C6420_4N_24SFF_v002_MASTER, ViewLayer | Updating Geometry BVH Front_lower_rolled_hem_mesh 40/165 | Building BVH
Fra:22 Mem:509.91M (Peak 683.68M) | Time:00:00.73 | Mem:263.01M, Peak:263.01M | C6420_4N_24SFF_v002_MASTER, ViewLayer | Updating Geometry BVH Drive_bank_divider_0_mesh 41/165 | Building BVH
Fra:22 Mem:509.91M (Peak 683.68M) | Time:00:00.73 | Mem:263.17M, Peak:263.17M | C6420_4N_24SFF_v002_MASTER, ViewLayer | Updating Geometry BVH Control_face_inset_-1_mesh 42/165 | Building BVH
Fra:22 Mem:509.91M (Peak 683.68M) | Time:00:00.73 | Mem:263.23M, Peak:263.24M | C6420_4N_24SFF_v002_MASTER, ViewLayer | Updating Geometry BVH Control_face_bottom_clip_-1_mesh 43/165 | Building BVH
Fra:22 Mem:509.91M (Peak 683.68M) | Time:00:00.73 | Mem:263.27M, Peak:263.27M | C6420_4N_24SFF_v002_MASTER, ViewLayer | Updating Geometry BVH Power_outer_white_print_1_mesh 45/165 | Building BVH
Fra:22 Mem:509.91M (Peak 683.68M) | Time:00:00.73 | Mem:263.47M, Peak:263.52M | C6420_4N_24SFF_v002_MASTER, ViewLayer | Updating Geometry BVH ID_button_lens_1_mesh 46/165 | Building BVH
Fra:22 Mem:509.91M (Peak 683.68M) | Time:00:00.73 | Mem:263.49M, Peak:263.52M | C6420_4N_24SFF_v002_MASTER, ViewLayer | Updating Geometry BVH ID_inner_white_disc_1_mesh 48/165 | Building BVH
Fra:22 Mem:509.91M (Peak 683.68M) | Time:00:00.73 | Mem:263.46M, Peak:263.52M | C6420_4N_24SFF_v002_MASTER, ViewLayer | Updating Geometry BVH ID_information_symbol_1_font 49/165 | Building BVH
Fra:22 Mem:509.91M (Peak 683.68M) | Time:00:00.73 | Mem:263.47M, Peak:263.52M | C6420_4N_24SFF_v002_MASTER, ViewLayer | Updating Geometry BVH PSU1_vertical_pull_anchor_mesh 160/165 | Building BVH
Fra:22 Mem:509.91M (Peak 683.68M) | Time:00:00.73 | Mem:263.52M, Peak:263.52M | C6420_4N_24SFF_v002_MASTER, ViewLayer | Updating Geometry BVH Front_mapping_arrow_1_mesh 50/165 | Building BVH
Fra:22 Mem:509.91M (Peak 683.68M) | Time:00:00.73 | Mem:263.51M, Peak:263.53M | C6420_4N_24SFF_v002_MASTER, ViewLayer | Updating Geometry BVH Captive_screw_metal_washer_-1_mesh 51/165 | Building BVH
Fra:22 Mem:509.91M (Peak 683.68M) | Time:00:00.73 | Mem:263.59M, Peak:263.59M | C6420_4N_24SFF_v002_MASTER, ViewLayer | Updating Geometry BVH Captive_screw_knurled_grip_-1_mesh 52/165 | Building BVH
Fra:22 Mem:509.91M (Peak 683.68M) | Time:00:00.73 | Mem:263.58M, Peak:263.61M | C6420_4N_24SFF_v002_MASTER, ViewLayer | Updating Geometry BVH Captive_screw_Phillips_-1_recessed_head_mesh 53/165 | Building BVH
Fra:22 Mem:509.91M (Peak 683.68M) | Time:00:00.73 | Mem:263.75M, Peak:263.75M | C6420_4N_24SFF_v002_MASTER, ViewLayer | Updating Geometry BVH Captive_screw_Phillips_-1_recess_floor_mesh 54/165 | Building BVH
Fra:22 Mem:509.91M (Peak 683.68M) | Time:00:00.73 | Mem:263.83M, Peak:263.83M | C6420_4N_24SFF_v002_MASTER, ViewLayer | Updating Geometry BVH Captive_screw_front_bead_-1_mesh 55/165 | Building BVH
Fra:22 Mem:509.91M (Peak 683.68M) | Time:00:00.73 | Mem:264.02M, Peak:264.05M | C6420_4N_24SFF_v002_MASTER, ViewLayer | Updating Geometry BVH Front_mapping_arrow_3_mesh 56/165 | Building BVH
Fra:22 Mem:509.91M (Peak 683.68M) | Time:00:00.73 | Mem:264.05M, Peak:264.05M | C6420_4N_24SFF_v002_MASTER, ViewLayer | Updating Geometry BVH Bay_mapping_triangle_0_mesh 57/165 | Building BVH
Fra:22 Mem:509.91M (Peak 683.68M) | Time:00:00.73 | Mem:264.07M, Peak:264.07M | C6420_4N_24SFF_v002_MASTER, ViewLayer | Updating Geometry BVH Node1_floor_mesh.001 58/165 | Building BVH
Fra:22 Mem:509.91M (Peak 683.68M) | Time:00:00.73 | Mem:264.10M, Peak:264.10M | C6420_4N_24SFF_v002_MASTER, ViewLayer | Updating Geometry BVH Node1_visible_PCB_edge_mesh 61/165 | Building BVH
Fra:22 Mem:509.91M (Peak 683.68M) | Time:00:00.73 | Mem:264.24M, Peak:264.27M | C6420_4N_24SFF_v002_MASTER, ViewLayer | Updating Geometry BVH Node1_horizontal_rear_return_mesh 62/165 | Building BVH
Fra:22 Mem:509.91M (Peak 683.68M) | Time:00:00.73 | Mem:264.25M, Peak:264.27M | C6420_4N_24SFF_v002_MASTER, ViewLayer | Updating Geometry BVH Node1_vertical_rear_return_mesh 63/165 | Building BVH
Fra:22 Mem:509.91M (Peak 683.68M) | Time:00:00.74 | Mem:264.27M, Peak:264.27M | C6420_4N_24SFF_v002_MASTER, ViewLayer | Updating Geometry BVH Node1_USB_black_mask_mesh 64/165 | Building BVH
Fra:22 Mem:509.91M (Peak 683.68M) | Time:00:00.74 | Mem:264.29M, Peak:264.29M | C6420_4N_24SFF_v002_MASTER, ViewLayer | Updating Geometry BVH Node1_USB3A_0_metal_cavity_mesh 65/165 | Building BVH
Fra:22 Mem:509.91M (Peak 683.68M) | Time:00:00.74 | Mem:264.33M, Peak:264.33M | C6420_4N_24SFF_v002_MASTER, ViewLayer | Updating Geometry BVH Node1_USB3A_0_dark_back_mesh 66/165 | Building BVH
Fra:22 Mem:509.91M (Peak 683.68M) | Time:00:00.74 | Mem:264.32M, Peak:264.36M | C6420_4N_24SFF_v002_MASTER, ViewLayer | Updating Geometry BVH Node1_USB3A_0_blue_tongue_mesh 67/165 | Building BVH
Fra:22 Mem:509.91M (Peak 683.68M) | Time:00:00.74 | Mem:264.36M, Peak:264.36M | C6420_4N_24SFF_v002_MASTER, ViewLayer | Updating Geometry BVH Node1_USB3A_0_front_contact_0_mesh 68/165 | Building BVH
Fra:22 Mem:509.91M (Peak 683.68M) | Time:00:00.74 | Mem:264.39M, Peak:264.39M | C6420_4N_24SFF_v002_MASTER, ViewLayer | Updating Geometry BVH Node1_USB3A_0_rear_contact_0_mesh 69/165 | Building BVH
Fra:22 Mem:509.91M (Peak 683.68M) | Time:00:00.74 | Mem:264.40M, Peak:264.43M | C6420_4N_24SFF_v002_MASTER, ViewLayer | Updating Geometry BVH Node1_USB_retention_spring_mesh 70/165 | Building BVH
Fra:22 Mem:509.91M (Peak 683.68M) | Time:00:00.74 | Mem:264.41M, Peak:264.43M | C6420_4N_24SFF_v002_MASTER, ViewLayer | Updating Geometry BVH Node1_USB_icon_circle_mesh 71/165 | Building BVH
Fra:22 Mem:509.91M (Peak 683.68M) | Time:00:00.74 | Mem:264.49M, Peak:264.49M | C6420_4N_24SFF_v002_MASTER, ViewLayer | Updating Geometry BVH Node1_USB_icon_square_mesh 72/165 | Building BVH
Fra:22 Mem:509.91M (Peak 683.68M) | Time:00:00.74 | Mem:264.50M, Peak:264.50M | C6420_4N_24SFF_v002_MASTER, ViewLayer | Updating Geometry BVH Node1_USB_icon_arrow_mesh 73/165 | Building BVH
Fra:22 Mem:509.91M (Peak 683.68M) | Time:00:00.74 | Mem:264.50M, Peak:264.50M | C6420_4N_24SFF_v002_MASTER, ViewLayer | Updating Geometry BVH Node1_USB_icon_root_mesh 74/165 | Building BVH
Fra:22 Mem:509.91M (Peak 683.68M) | Time:00:00.74 | Mem:264.63M, Peak:264.64M | C6420_4N_24SFF_v002_MASTER, ViewLayer | Updating Geometry BVH Node1_USB_plate_fastener_recessed_head_mesh 75/165 | Building BVH
Fra:22 Mem:509.91M (Peak 683.68M) | Time:00:00.74 | Mem:264.68M, Peak:264.68M | C6420_4N_24SFF_v002_MASTER, ViewLayer | Updating Geometry BVH Node1_USB_plate_fastener_recess_floor_mesh 76/165 | Building BVH
Fra:22 Mem:509.91M (Peak 683.68M) | Time:00:00.74 | Mem:264.70M, Peak:264.70M | C6420_4N_24SFF_v002_MASTER, ViewLayer | Updating Geometry BVH Node1_dual_SFP_adapter_face_mesh 77/165 | Building BVH
Fra:22 Mem:509.91M (Peak 683.68M) | Time:00:00.74 | Mem:264.75M, Peak:264.78M | C6420_4N_24SFF_v002_MASTER, ViewLayer | Updating Geometry BVH Node1_SFP_cage_0_metal_cavity_mesh 78/165 | Building BVH
Fra:22 Mem:509.91M (Peak 683.68M) | Time:00:00.74 | Mem:264.82M, Peak:264.82M | C6420_4N_24SFF_v002_MASTER, ViewLayer | Updating Geometry BVH Node1_SFP_cage_0_dark_back_mesh 79/165 | Building BVH
Fra:22 Mem:509.91M (Peak 683.68M) | Time:00:00.74 | Mem:264.82M, Peak:264.82M | C6420_4N_24SFF_v002_MASTER, ViewLayer | Updating Geometry BVH Node1_SFP_0_side_spring_mesh 80/165 | Building BVH
Fra:22 Mem:509.91M (Peak 683.68M) | Time:00:00.74 | Mem:264.93M, Peak:264.93M | C6420_4N_24SFF_v002_MASTER, ViewLayer | Updating Geometry BVH Node1_SFP_0_top_tang_mesh 81/165 | Building BVH
Fra:22 Mem:509.91M (Peak 683.68M) | Time:00:00.74 | Mem:265.00M, Peak:265.00M | C6420_4N_24SFF_v002_MASTER, ViewLayer | Updating Geometry BVH Node1_SFP_0_lower_flange_mesh 82/165 | Building BVH
Fra:22 Mem:509.91M (Peak 683.68M) | Time:00:00.74 | Mem:265.15M, Peak:265.15M | C6420_4N_24SFF_v002_MASTER, ViewLayer | Updating Geometry BVH Node1_SFP_0_connector_insert_mesh 83/165 | Building BVH
Fra:22 Mem:509.91M (Peak 683.68M) | Time:00:00.74 | Mem:265.19M, Peak:265.19M | C6420_4N_24SFF_v002_MASTER, ViewLayer | Updating Geometry BVH Node1_SFP_0_contact_0_mesh 84/165 | Building BVH
Fra:22 Mem:509.91M (Peak 683.68M) | Time:00:00.74 | Mem:265.26M, Peak:265.26M | C6420_4N_24SFF_v002_MASTER, ViewLayer | Updating Geometry BVH Node1_SFP_index_0_font 85/165 | Building BVH
Fra:22 Mem:509.91M (Peak 683.68M) | Time:00:00.74 | Mem:265.32M, Peak:265.32M | C6420_4N_24SFF_v002_MASTER, ViewLayer | Updating Geometry BVH Node1_SFP_index_1_font 86/165 | Building BVH
Fra:22 Mem:509.91M (Peak 683.68M) | Time:00:00.74 | Mem:265.38M, Peak:265.38M | C6420_4N_24SFF_v002_MASTER, ViewLayer | Updating Geometry BVH Node1_MicroUSB_dark_back_mesh 88/165 | Building BVH
Fra:22 Mem:509.91M (Peak 683.68M) | Time:00:00.74 | Mem:265.38M, Peak:265.40M | C6420_4N_24SFF_v002_MASTER, ViewLayer | Updating Geometry BVH Node1_MiniDisplayPort_metal_cavity_mesh 90/165 | Building BVH
Fra:22 Mem:509.91M (Peak 683.68M) | Time:00:00.74 | Mem:265.43M, Peak:265.46M | C6420_4N_24SFF_v002_MASTER, ViewLayer | Updating Geometry BVH Node1_MiniDisplayPort_dark_back_mesh 91/165 | Building BVH
Fra:22 Mem:509.91M (Peak 683.68M) | Time:00:00.74 | Mem:265.61M, Peak:265.64M | C6420_4N_24SFF_v002_MASTER, ViewLayer | Updating Geometry BVH PSU1_fan_screw_recess_floor_mesh 157/165 | Building BVH
Fra:22 Mem:509.91M (Peak 683.68M) | Time:00:00.74 | Mem:265.57M, Peak:265.64M | C6420_4N_24SFF_v002_MASTER, ViewLayer | Updating Geometry BVH Node1_MiniDP_inner_shield_dark_back_mesh 93/165 | Building BVH
Fra:22 Mem:509.91M (Peak 683.68M) | Time:00:00.74 | Mem:265.62M, Peak:265.64M | C6420_4N_24SFF_v002_MASTER, ViewLayer | Updating Geometry BVH Node1_MiniDP_tongue_mesh 94/165 | Building BVH
Fra:22 Mem:509.91M (Peak 683.68M) | Time:00:00.74 | Mem:265.65M, Peak:265.65M | C6420_4N_24SFF_v002_MASTER, ViewLayer | Updating Geometry BVH Node1_iDRAC_RJ45_metal_cavity_mesh 95/165 | Building BVH
Fra:22 Mem:509.91M (Peak 683.68M) | Time:00:00.74 | Mem:265.84M, Peak:265.84M | C6420_4N_24SFF_v002_MASTER, ViewLayer | Updating Geometry BVH Node1_iDRAC_RJ45_dark_back_mesh 96/165 | Building BVH
Fra:22 Mem:509.91M (Peak 683.68M) | Time:00:00.74 | Mem:265.87M, Peak:265.87M | C6420_4N_24SFF_v002_MASTER, ViewLayer | Updating Geometry BVH PSU1_fan_screw_recessed_head_mesh 156/165 | Building BVH
Fra:22 Mem:509.91M (Peak 683.68M) | Time:00:00.74 | Mem:265.96M, Peak:265.98M | C6420_4N_24SFF_v002_MASTER, ViewLayer | Updating Geometry BVH Node1_RJ45_LED_lens_mesh 97/165 | Building BVH
Fra:22 Mem:509.91M (Peak 683.68M) | Time:00:00.74 | Mem:265.98M, Peak:265.98M | C6420_4N_24SFF_v002_MASTER, ViewLayer | Updating Geometry BVH Node1_power_metal_rim_mesh 99/165 | Building BVH
Fra:22 Mem:509.91M (Peak 683.68M) | Time:00:00.74 | Mem:266.00M, Peak:266.00M | C6420_4N_24SFF_v002_MASTER, ViewLayer | Updating Geometry BVH Node1_power_button_lens_mesh 100/165 | Building BVH
Fra:22 Mem:509.91M (Peak 683.68M) | Time:00:00.74 | Mem:266.24M, Peak:266.25M | C6420_4N_24SFF_v002_MASTER, ViewLayer | Updating Geometry BVH Node1_long_grip_folded_frame_mesh 101/165 | Building BVH
Fra:22 Mem:509.91M (Peak 683.68M) | Time:00:00.74 | Mem:266.26M, Peak:266.26M | C6420_4N_24SFF_v002_MASTER, ViewLayer | Updating Geometry BVH Node1_grip_edge_fold_mesh 104/165 | Building BVH
Fra:22 Mem:509.91M (Peak 683.68M) | Time:00:00.74 | Mem:266.37M, Peak:266.42M | C6420_4N_24SFF_v002_MASTER, ViewLayer | Updating Geometry BVH Node1_grip_press_lug_mesh 105/165 | Building BVH
Fra:22 Mem:509.91M (Peak 683.68M) | Time:00:00.74 | Mem:266.46M, Peak:266.46M | C6420_4N_24SFF_v002_MASTER, ViewLayer | Updating Geometry BVH Node1_grip_hinge_pin_mesh 106/165 | Building BVH
Fra:22 Mem:509.91M (Peak 683.68M) | Time:00:00.74 | Mem:266.30M, Peak:266.46M | C6420_4N_24SFF_v002_MASTER, ViewLayer | Updating Geometry BVH Node1_blue_paddle_face_mesh 107/165 | Building BVH
Fra:22 Mem:509.91M (Peak 683.68M) | Time:00:00.74 | Mem:266.35M, Peak:266.46M | C6420_4N_24SFF_v002_MASTER, ViewLayer | Updating Geometry BVH Node1_blue_hook_cross_return_mesh 109/165 | Building BVH
Fra:22 Mem:509.91M (Peak 683.68M) | Time:00:00.74 | Mem:266.37M, Peak:266.46M | C6420_4N_24SFF_v002_MASTER, ViewLayer | Updating Geometry BVH Node1_blue_latch_mount_recessed_head_mesh 110/165 | Building BVH
Fra:22 Mem:509.91M (Peak 683.68M) | Time:00:00.74 | Mem:266.62M, Peak:266.62M | C6420_4N_24SFF_v002_MASTER, ViewLayer | Updating Geometry BVH Node1_latch_steel_back_mesh 111/165 | Building BVH
Fra:22 Mem:509.91M (Peak 683.68M) | Time:00:00.74 | Mem:266.61M, Peak:266.63M | C6420_4N_24SFF_v002_MASTER, ViewLayer | Updating Geometry BVH Node1_DP_mark_font 112/165 | Building BVH
Fra:22 Mem:509.91M (Peak 683.68M) | Time:00:00.74 | Mem:266.61M, Peak:266.63M | C6420_4N_24SFF_v002_MASTER, ViewLayer | Updating Geometry BVH Node1_iDRAC_mark_font 113/165 | Building BVH
Fra:22 Mem:509.91M (Peak 683.68M) | Time:00:00.74 | Mem:266.62M, Peak:266.65M | C6420_4N_24SFF_v002_MASTER, ViewLayer | Updating Geometry BVH Node1_MicroUSB_service_mark_font 114/165 | Building BVH
Fra:22 Mem:509.91M (Peak 683.68M) | Time:00:00.74 | Mem:266.64M, Peak:266.65M | C6420_4N_24SFF_v002_MASTER, ViewLayer | Updating Geometry BVH Node1_EST_blue_print_mesh 116/165 | Building BVH
Fra:22 Mem:509.91M (Peak 683.68M) | Time:00:00.74 | Mem:266.65M, Peak:266.66M | C6420_4N_24SFF_v002_MASTER, ViewLayer | Updating Geometry BVH Node1_EST_letters_font 117/165 | Building BVH
Fra:22 Mem:509.91M (Peak 683.68M) | Time:00:00.74 | Mem:266.65M, Peak:266.67M | C6420_4N_24SFF_v002_MASTER, ViewLayer | Updating Geometry BVH PSU1_corner_washer_mesh 155/165 | Building BVH
Fra:22 Mem:509.91M (Peak 683.68M) | Time:00:00.74 | Mem:266.87M, Peak:266.87M | C6420_4N_24SFF_v002_MASTER, ViewLayer | Updating Geometry BVH Drive00_metal_enclosure_mesh 118/165 | Building BVH
Fra:22 Mem:509.91M (Peak 683.68M) | Time:00:00.74 | Mem:266.87M, Peak:266.87M | C6420_4N_24SFF_v002_MASTER, ViewLayer | Updating Geometry BVH Carrier00_setback_honeycomb_mesh 121/165 | Building BVH
Fra:22 Mem:509.91M (Peak 683.68M) | Time:00:00.74 | Mem:266.96M, Peak:266.96M | C6420_4N_24SFF_v002_MASTER, ViewLayer | Updating Geometry BVH Carrier00_fixed_vertical_land_mesh 123/165 | Building BVH
Fra:22 Mem:509.91M (Peak 683.68M) | Time:00:00.74 | Mem:267.04M, Peak:267.04M | C6420_4N_24SFF_v002_MASTER, ViewLayer | Updating Geometry BVH Carrier00_silver_handle_frame_mesh 124/165 | Building BVH
Fra:22 Mem:509.91M (Peak 683.68M) | Time:00:00.74 | Mem:267.16M, Peak:267.16M | C6420_4N_24SFF_v002_MASTER, ViewLayer | Updating Geometry BVH Carrier00_three_window_handle_mesh 125/165 | Building BVH
Fra:22 Mem:509.91M (Peak 683.68M) | Time:00:00.74 | Mem:267.24M, Peak:267.28M | C6420_4N_24SFF_v002_MASTER, ViewLayer | Updating Geometry BVH Carrier00_handle_top_thumb_land_mesh 126/165 | Building BVH
Fra:22 Mem:509.91M (Peak 683.68M) | Time:00:00.74 | Mem:267.22M, Peak:267.28M | C6420_4N_24SFF_v002_MASTER, ViewLayer | Updating Geometry BVH PSU1_flat_guard_crossbar_1_mesh 154/165 | Building BVH
Fra:22 Mem:509.91M (Peak 683.68M) | Time:00:00.74 | Mem:267.24M, Peak:267.28M | C6420_4N_24SFF_v002_MASTER, ViewLayer | Updating Geometry BVH Carrier00_hinge_axle_mesh 128/165 | Building BVH
Fra:22 Mem:509.91M (Peak 683.68M) | Time:00:00.74 | Mem:267.25M, Peak:267.28M | C6420_4N_24SFF_v002_MASTER, ViewLayer | Updating Geometry BVH Carrier00_hinge_end_bracket_mesh 129/165 | Building BVH
Fra:22 Mem:509.91M (Peak 683.68M) | Time:00:00.74 | Mem:267.29M, Peak:267.29M | C6420_4N_24SFF_v002_MASTER, ViewLayer | Updating Geometry BVH Carrier00_release_bezel_mesh 130/165 | Building BVH
Fra:22 Mem:509.91M (Peak 683.68M) | Time:00:00.74 | Mem:267.46M, Peak:267.46M | C6420_4N_24SFF_v002_MASTER, ViewLayer | Updating Geometry BVH Carrier00_square_release_pad_mesh 131/165 | Building BVH
Fra:22 Mem:509.91M (Peak 683.68M) | Time:00:00.74 | Mem:267.47M, Peak:267.48M | C6420_4N_24SFF_v002_MASTER, ViewLayer | Updating Geometry BVH Carrier00_round_release_button_mesh 132/165 | Building BVH
Fra:22 Mem:509.91M (Peak 683.68M) | Time:00:00.74 | Mem:267.50M, Peak:267.51M | C6420_4N_24SFF_v002_MASTER, ViewLayer | Updating Geometry BVH PSU1_flat_guard_crossbar_-1_mesh 153/165 | Building BVH
Fra:22 Mem:509.91M (Peak 683.68M) | Time:00:00.74 | Mem:267.65M, Peak:267.65M | C6420_4N_24SFF_v002_MASTER, ViewLayer | Updating Geometry BVH Carrier00_button_inner_face_mesh 134/165 | Building BVH
Fra:22 Mem:509.91M (Peak 683.68M) | Time:00:00.74 | Mem:267.70M, Peak:267.70M | C6420_4N_24SFF_v002_MASTER, ViewLayer | Updating Geometry BVH Carrier00_indicator_strip_mesh 135/165 | Building BVH
Fra:22 Mem:509.91M (Peak 683.68M) | Time:00:00.74 | Mem:267.72M, Peak:267.73M | C6420_4N_24SFF_v002_MASTER, ViewLayer | Updating Geometry BVH PSU1_fan_motor_hub_mesh 152/165 | Building BVH
Fra:22 Mem:509.91M (Peak 683.68M) | Time:00:00.74 | Mem:267.76M, Peak:267.76M | C6420_4N_24SFF_v002_MASTER, ViewLayer | Updating Geometry BVH Carrier00_status_lens_0_mesh 136/165 | Building BVH
Fra:22 Mem:509.91M (Peak 683.68M) | Time:00:00.74 | Mem:267.92M, Peak:267.92M | C6420_4N_24SFF_v002_MASTER, ViewLayer | Updating Geometry BVH Carrier00_disk_symbol_mesh 137/165 | Building BVH
Fra:22 Mem:509.91M (Peak 683.68M) | Time:00:00.74 | Mem:267.83M, Peak:267.93M | C6420_4N_24SFF_v002_MASTER, ViewLayer | Updating Geometry BVH PSU1_fan_shroud_dark_back_mesh 151/165 | Building BVH
Fra:22 Mem:509.91M (Peak 683.68M) | Time:00:00.74 | Mem:267.87M, Peak:267.93M | C6420_4N_24SFF_v002_MASTER, ViewLayer | Updating Geometry BVH PSU1_fan_shroud_metal_cavity_mesh 150/165 | Building BVH
Fra:22 Mem:509.91M (Peak 683.68M) | Time:00:00.74 | Mem:268.03M, Peak:268.03M | C6420_4N_24SFF_v002_MASTER, ViewLayer | Updating Geometry BVH PSU1_side_shell_mesh 139/165 | Building BVH
Fra:22 Mem:509.91M (Peak 683.68M) | Time:00:00.74 | Mem:268.03M, Peak:268.03M | C6420_4N_24SFF_v002_MASTER, ViewLayer | Updating Geometry BVH PSU1_AC_C20_recess_dark_back_mesh 145/165 | Building BVH
Fra:22 Mem:509.91M (Peak 683.68M) | Time:00:00.74 | Mem:268.22M, Peak:268.22M | C6420_4N_24SFF_v002_MASTER, ViewLayer | Updating Geometry BVH PSU1_AC_blade_0_mesh 146/165 | Building BVH
Fra:22 Mem:509.91M (Peak 683.68M) | Time:00:00.74 | Mem:268.13M, Peak:268.24M | C6420_4N_24SFF_v002_MASTER, ViewLayer | Updating Geometry BVH PSU1_orange_release_paddle_mesh 147/165 | Building BVH
Fra:22 Mem:509.91M (Peak 683.68M) | Time:00:00.74 | Mem:268.14M, Peak:268.24M | C6420_4N_24SFF_v002_MASTER, ViewLayer | Updating Geometry BVH PSU1_latch_track_mesh 148/165 | Building BVH
Fra:22 Mem:509.91M (Peak 683.68M) | Time:00:00.74 | Mem:268.36M, Peak:268.36M | C6420_4N_24SFF_v002_MASTER, ViewLayer | Updating Geometry BVH PSU1_octagonal_fan_guard_mesh 149/165 | Building BVH
Fra:22 Mem:509.91M (Peak 683.68M) | Time:00:00.74 | Mem:268.45M, Peak:268.50M | C6420_4N_24SFF_v002_MASTER, ViewLayer | Updating Scene BVH | Building
Fra:22 Mem:509.93M (Peak 683.68M) | Time:00:00.74 | Mem:268.45M, Peak:268.50M | C6420_4N_24SFF_v002_MASTER, ViewLayer | Updating Scene BVH | Building BVH
Fra:22 Mem:509.93M (Peak 683.68M) | Time:00:00.76 | Mem:291.35M, Peak:302.10M | C6420_4N_24SFF_v002_MASTER, ViewLayer | Updating Scene BVH | Copying BVH to device
Fra:22 Mem:509.93M (Peak 683.68M) | Time:00:00.76 | Mem:291.35M, Peak:302.10M | C6420_4N_24SFF_v002_MASTER, ViewLayer | Updating Mesh | Computing normals
Fra:22 Mem:528.31M (Peak 683.68M) | Time:00:00.78 | Mem:291.35M, Peak:302.10M | C6420_4N_24SFF_v002_MASTER, ViewLayer | Updating Mesh | Copying Mesh to device
Fra:22 Mem:528.31M (Peak 683.68M) | Time:00:00.78 | Mem:309.73M, Peak:309.73M | C6420_4N_24SFF_v002_MASTER, ViewLayer | Updating Objects Flags
Fra:22 Mem:528.31M (Peak 683.68M) | Time:00:00.78 | Mem:309.74M, Peak:309.74M | C6420_4N_24SFF_v002_MASTER, ViewLayer | Updating Primitive Offsets
Fra:22 Mem:528.32M (Peak 683.68M) | Time:00:00.78 | Mem:309.75M, Peak:309.75M | C6420_4N_24SFF_v002_MASTER, ViewLayer | Updating Images
Fra:22 Mem:520.32M (Peak 683.68M) | Time:00:00.78 | Mem:301.75M, Peak:309.75M | C6420_4N_24SFF_v002_MASTER, ViewLayer | Updating Camera Volume
Fra:22 Mem:520.32M (Peak 683.68M) | Time:00:00.78 | Mem:301.75M, Peak:309.75M | C6420_4N_24SFF_v002_MASTER, ViewLayer | Updating Lookup Tables
Fra:22 Mem:520.32M (Peak 683.68M) | Time:00:00.78 | Mem:301.83M, Peak:309.75M | C6420_4N_24SFF_v002_MASTER, ViewLayer | Updating Lights
Fra:22 Mem:520.32M (Peak 683.68M) | Time:00:00.78 | Mem:301.83M, Peak:309.75M | C6420_4N_24SFF_v002_MASTER, ViewLayer | Updating Lights | Computing distribution
Fra:22 Mem:520.32M (Peak 683.68M) | Time:00:00.78 | Mem:301.83M, Peak:309.75M | C6420_4N_24SFF_v002_MASTER, ViewLayer | Updating Lights | Computing tree
Fra:22 Mem:520.34M (Peak 683.68M) | Time:00:00.78 | Mem:301.85M, Peak:309.75M | C6420_4N_24SFF_v002_MASTER, ViewLayer | Updating Integrator
Fra:22 Mem:521.34M (Peak 683.68M) | Time:00:00.78 | Mem:302.85M, Peak:309.75M | C6420_4N_24SFF_v002_MASTER, ViewLayer | Updating Film
Fra:22 Mem:521.34M (Peak 683.68M) | Time:00:00.78 | Mem:302.77M, Peak:309.75M | C6420_4N_24SFF_v002_MASTER, ViewLayer | Updating Lookup Tables
Fra:22 Mem:521.34M (Peak 683.68M) | Time:00:00.78 | Mem:302.85M, Peak:309.75M | C6420_4N_24SFF_v002_MASTER, ViewLayer | Updating Baking
Fra:22 Mem:521.34M (Peak 683.68M) | Time:00:00.78 | Mem:302.85M, Peak:309.75M | C6420_4N_24SFF_v002_MASTER, ViewLayer | Updating Device | Writing constant memory
Fra:22 Mem:521.37M (Peak 683.68M) | Time:00:00.78 | Mem:302.85M, Peak:309.75M | C6420_4N_24SFF_v002_MASTER, ViewLayer | Sample 0/192
Fra:22 Mem:586.31M (Peak 683.68M) | Time:00:01.13 | Remaining:01:05.36 | Mem:367.75M, Peak:367.75M | C6420_4N_24SFF_v002_MASTER, ViewLayer | Sample 1/192
Fra:22 Mem:586.31M (Peak 683.68M) | Time:00:18.74 | Remaining:00:25.14 | Mem:367.75M, Peak:367.75M | C6420_4N_24SFF_v002_MASTER, ViewLayer | Sample 80/192
Fra:22 Mem:586.31M (Peak 683.68M) | Time:00:21.15 | Remaining:00:20.36 | Mem:367.75M, Peak:367.75M | C6420_4N_24SFF_v002_MASTER, ViewLayer | Sample 96/192
Fra:22 Mem:586.31M (Peak 683.68M) | Time:00:23.38 | Remaining:00:16.13 | Mem:367.75M, Peak:367.75M | C6420_4N_24SFF_v002_MASTER, ViewLayer | Sample 112/192
Fra:22 Mem:586.31M (Peak 683.68M) | Time:00:25.55 | Remaining:00:12.38 | Mem:367.75M, Peak:367.75M | C6420_4N_24SFF_v002_MASTER, ViewLayer | Sample 128/192
Fra:22 Mem:586.31M (Peak 683.68M) | Time:00:27.62 | Remaining:00:08.94 | Mem:367.75M, Peak:367.75M | C6420_4N_24SFF_v002_MASTER, ViewLayer | Sample 144/192
Fra:22 Mem:586.31M (Peak 683.68M) | Time:00:29.61 | Remaining:00:05.76 | Mem:367.75M, Peak:367.75M | C6420_4N_24SFF_v002_MASTER, ViewLayer | Sample 160/192
Fra:22 Mem:586.31M (Peak 683.68M) | Time:00:31.52 | Remaining:00:02.79 | Mem:367.75M, Peak:367.75M | C6420_4N_24SFF_v002_MASTER, ViewLayer | Sample 176/192
Fra:22 Mem:615.15M (Peak 683.68M) | Time:00:33.46 | Mem:367.75M, Peak:367.75M | C6420_4N_24SFF_v002_MASTER, ViewLayer | Sample 192/192
Fra:22 Mem:615.15M (Peak 683.68M) | Time:00:33.46 | Mem:367.75M, Peak:367.75M | C6420_4N_24SFF_v002_MASTER, ViewLayer | Finished
Fra:22 Mem:215.40M (Peak 683.68M) | Time:00:33.51 | Compositing
Fra:22 Mem:215.41M (Peak 683.68M) | Time:00:33.51 | Compositing | Determining resolution
Fra:22 Mem:215.41M (Peak 683.68M) | Time:00:33.51 | Compositing | Initializing execution
Fra:22 Mem:244.31M (Peak 683.68M) | Time:00:33.52 | Compositing | Tile 1-40
Fra:22 Mem:244.31M (Peak 683.68M) | Time:00:33.52 | Compositing | Tile 2-40
Fra:22 Mem:244.31M (Peak 683.68M) | Time:00:33.52 | Compositing | Tile 3-40
Fra:22 Mem:244.31M (Peak 683.68M) | Time:00:33.52 | Compositing | Tile 10-40
Fra:22 Mem:244.31M (Peak 683.68M) | Time:00:33.52 | Compositing | Tile 6-40
Fra:22 Mem:244.31M (Peak 683.68M) | Time:00:33.52 | Compositing | Tile 4-40
Fra:22 Mem:244.31M (Peak 683.68M) | Time:00:33.52 | Compositing | Tile 8-40
Fra:22 Mem:244.31M (Peak 683.68M) | Time:00:33.52 | Compositing | Tile 7-40
Fra:22 Mem:244.31M (Peak 683.68M) | Time:00:33.52 | Compositing | Tile 9-40
Fra:22 Mem:244.31M (Peak 683.68M) | Time:00:33.52 | Compositing | Tile 5-40
Fra:22 Mem:244.31M (Peak 683.68M) | Time:00:33.52 | Compositing | Tile 11-40
Fra:22 Mem:244.31M (Peak 683.68M) | Time:00:33.52 | Compositing | Tile 13-40
Fra:22 Mem:244.31M (Peak 683.68M) | Time:00:33.52 | Compositing | Tile 12-40
Fra:22 Mem:244.31M (Peak 683.68M) | Time:00:33.52 | Compositing | Tile 14-40
Fra:22 Mem:244.31M (Peak 683.68M) | Time:00:33.52 | Compositing | Tile 15-40
Fra:22 Mem:244.31M (Peak 683.68M) | Time:00:33.52 | Compositing | Tile 16-40
Fra:22 Mem:244.31M (Peak 683.68M) | Time:00:33.52 | Compositing | Tile 17-40
Fra:22 Mem:244.31M (Peak 683.68M) | Time:00:33.52 | Compositing | Tile 18-40
Fra:22 Mem:244.31M (Peak 683.68M) | Time:00:33.52 | Compositing | Tile 19-40
Fra:22 Mem:244.31M (Peak 683.68M) | Time:00:33.52 | Compositing | Tile 20-40
Fra:22 Mem:244.31M (Peak 683.68M) | Time:00:33.52 | Compositing | Tile 21-40
Fra:22 Mem:244.31M (Peak 683.68M) | Time:00:33.52 | Compositing | Tile 22-40
Fra:22 Mem:244.31M (Peak 683.68M) | Time:00:33.52 | Compositing | Tile 23-40
Fra:22 Mem:244.31M (Peak 683.68M) | Time:00:33.52 | Compositing | Tile 24-40
Fra:22 Mem:244.31M (Peak 683.68M) | Time:00:33.52 | Compositing | Tile 25-40
Fra:22 Mem:244.31M (Peak 683.68M) | Time:00:33.52 | Compositing | Tile 28-40
Fra:22 Mem:244.31M (Peak 683.68M) | Time:00:33.52 | Compositing | Tile 27-40
Fra:22 Mem:244.31M (Peak 683.68M) | Time:00:33.52 | Compositing | Tile 26-40
Fra:22 Mem:244.31M (Peak 683.68M) | Time:00:33.52 | Compositing | Tile 29-40
Fra:22 Mem:244.31M (Peak 683.68M) | Time:00:33.52 | Compositing | Tile 30-40
Fra:22 Mem:244.31M (Peak 683.68M) | Time:00:33.52 | Compositing | Tile 31-40
Fra:22 Mem:244.31M (Peak 683.68M) | Time:00:33.52 | Compositing | Tile 32-40
Fra:22 Mem:244.31M (Peak 683.68M) | Time:00:33.52 | Compositing | Tile 33-40
Fra:22 Mem:244.31M (Peak 683.68M) | Time:00:33.52 | Compositing | Tile 34-40
Fra:22 Mem:244.31M (Peak 683.68M) | Time:00:33.52 | Compositing | Tile 35-40
Fra:22 Mem:244.31M (Peak 683.68M) | Time:00:33.52 | Compositing | Tile 36-40
Fra:22 Mem:244.31M (Peak 683.68M) | Time:00:33.52 | Compositing | Tile 37-40
Fra:22 Mem:244.31M (Peak 683.68M) | Time:00:33.52 | Compositing | Tile 38-40
Fra:22 Mem:244.31M (Peak 683.68M) | Time:00:33.52 | Compositing | Tile 39-40
Fra:22 Mem:244.31M (Peak 683.68M) | Time:00:33.52 | Compositing | Tile 40-40
Fra:22 Mem:244.25M (Peak 683.68M) | Time:00:33.52 | Compositing | De-initializing execution
Saved: '/root/Blender/DELL-C6420/v002/previews/front-left.png'
Time: 00:33.72 (Saving: 00:00.19)

V002_RENDER_DONE front-left
Fra:22 Mem:249.06M (Peak 252.34M) | Time:00:00.24 | Mem:0.00M, Peak:0.00M | C6420_4N_24SFF_v002_MASTER, ViewLayer | Synchronizing object | INFERRED_bottom_formed_sheet
Fra:22 Mem:249.07M (Peak 252.34M) | Time:00:00.24 | Mem:0.00M, Peak:0.00M | C6420_4N_24SFF_v002_MASTER, ViewLayer | Synchronizing object | Cover_skirt_screw_1_recess_floor
Fra:22 Mem:249.25M (Peak 252.34M) | Time:00:00.24 | Mem:0.00M, Peak:0.00M | C6420_4N_24SFF_v002_MASTER, ViewLayer | Synchronizing object | Side_1_fastener_0_recess_floor
Fra:22 Mem:249.97M (Peak 252.34M) | Time:00:00.24 | Mem:0.00M, Peak:0.00M | C6420_4N_24SFF_v002_MASTER, ViewLayer | Synchronizing object | Side_1_fastener_1_recessed_head
Fra:22 Mem:249.92M (Peak 252.34M) | Time:00:00.24 | Mem:0.00M, Peak:0.00M | C6420_4N_24SFF_v002_MASTER, ViewLayer | Synchronizing object | Side_1_fastener_3_recessed_head
Fra:22 Mem:249.98M (Peak 252.34M) | Time:00:00.24 | Mem:0.00M, Peak:0.00M | C6420_4N_24SFF_v002_MASTER, ViewLayer | Synchronizing object | Side_1_fastener_4_recessed_head
Fra:22 Mem:250.05M (Peak 252.34M) | Time:00:00.24 | Mem:0.00M, Peak:0.00M | C6420_4N_24SFF_v002_MASTER, ViewLayer | Synchronizing object | Side_1_fastener_4_recess_floor
Fra:22 Mem:250.44M (Peak 252.34M) | Time:00:00.24 | Mem:0.00M, Peak:0.00M | C6420_4N_24SFF_v002_MASTER, ViewLayer | Synchronizing object | Side_1_fastener_5_recessed_head
Fra:22 Mem:250.45M (Peak 252.34M) | Time:00:00.24 | Mem:0.00M, Peak:0.00M | C6420_4N_24SFF_v002_MASTER, ViewLayer | Synchronizing object | Side_1_fastener_6_recessed_head
Fra:22 Mem:250.68M (Peak 252.34M) | Time:00:00.24 | Mem:0.00M, Peak:0.00M | C6420_4N_24SFF_v002_MASTER, ViewLayer | Synchronizing object | Side_1_fastener_6_recess_floor
Fra:22 Mem:250.89M (Peak 252.34M) | Time:00:00.24 | Mem:0.00M, Peak:0.00M | C6420_4N_24SFF_v002_MASTER, ViewLayer | Synchronizing object | Side_1_fastener_7_recessed_head
Fra:22 Mem:251.02M (Peak 252.34M) | Time:00:00.24 | Mem:0.00M, Peak:0.00M | C6420_4N_24SFF_v002_MASTER, ViewLayer | Synchronizing object | Side_1_fastener_8_recessed_head
Fra:22 Mem:252.18M (Peak 252.34M) | Time:00:00.24 | Mem:0.00M, Peak:0.00M | C6420_4N_24SFF_v002_MASTER, ViewLayer | Synchronizing object | Side_1_fastener_9_recessed_head
Fra:22 Mem:252.51M (Peak 252.51M) | Time:00:00.24 | Mem:0.00M, Peak:0.00M | C6420_4N_24SFF_v002_MASTER, ViewLayer | Synchronizing object | Side_1_fastener_10_recessed_head
Fra:22 Mem:252.73M (Peak 252.73M) | Time:00:00.24 | Mem:0.00M, Peak:0.00M | C6420_4N_24SFF_v002_MASTER, ViewLayer | Synchronizing object | Side_1_clinch_0
Fra:22 Mem:252.65M (Peak 252.73M) | Time:00:00.24 | Mem:0.00M, Peak:0.00M | C6420_4N_24SFF_v002_MASTER, ViewLayer | Synchronizing object | Side_rail_latch_outline_1
Fra:22 Mem:253.10M (Peak 253.10M) | Time:00:00.25 | Mem:0.00M, Peak:0.00M | C6420_4N_24SFF_v002_MASTER, ViewLayer | Synchronizing object | Left_side_wall_estimated
Fra:22 Mem:253.21M (Peak 253.21M) | Time:00:00.25 | Mem:0.00M, Peak:0.00M | C6420_4N_24SFF_v002_MASTER, ViewLayer | Synchronizing object | Front_cover_integrated_pressings
Fra:22 Mem:253.21M (Peak 253.21M) | Time:00:00.25 | Mem:0.00M, Peak:0.00M | C6420_4N_24SFF_v002_MASTER, ViewLayer | Synchronizing object | Rear_cover_four_pressed_regions
Fra:22 Mem:253.65M (Peak 253.65M) | Time:00:00.25 | Mem:0.00M, Peak:0.00M | C6420_4N_24SFF_v002_MASTER, ViewLayer | Synchronizing object | Cover_traction_pad
Fra:22 Mem:253.72M (Peak 253.72M) | Time:00:00.25 | Mem:0.00M, Peak:0.00M | C6420_4N_24SFF_v002_MASTER, ViewLayer | Synchronizing object | Cover_release_recess_back
Fra:22 Mem:254.10M (Peak 254.10M) | Time:00:00.25 | Mem:0.00M, Peak:0.00M | C6420_4N_24SFF_v002_MASTER, ViewLayer | Synchronizing object | Cover_release_metal_tab
Fra:22 Mem:254.24M (Peak 254.24M) | Time:00:00.25 | Mem:0.00M, Peak:0.00M | C6420_4N_24SFF_v002_MASTER, ViewLayer | Synchronizing object | Front_cover_flush_screw_recessed_head
Fra:22 Mem:254.27M (Peak 254.27M) | Time:00:00.25 | Mem:0.00M, Peak:0.00M | C6420_4N_24SFF_v002_MASTER, ViewLayer | Synchronizing object | Front_cover_flush_screw_recess_floor
Fra:22 Mem:254.27M (Peak 254.27M) | Time:00:00.25 | Mem:0.00M, Peak:0.00M | C6420_4N_24SFF_v002_MASTER, ViewLayer | Synchronizing object | Front_cover_flush_screw_recessed_head.001
Fra:22 Mem:254.48M (Peak 254.48M) | Time:00:00.25 | Mem:0.00M, Peak:0.00M | C6420_4N_24SFF_v002_MASTER, ViewLayer | Synchronizing object | Front_cover_flush_screw_recessed_head.002
Fra:22 Mem:254.55M (Peak 254.55M) | Time:00:00.25 | Mem:0.00M, Peak:0.00M | C6420_4N_24SFF_v002_MASTER, ViewLayer | Synchronizing object | Front_cover_flush_screw_recessed_head.003
Fra:22 Mem:254.56M (Peak 254.56M) | Time:00:00.25 | Mem:0.00M, Peak:0.00M | C6420_4N_24SFF_v002_MASTER, ViewLayer | Synchronizing object | Front_cover_flush_screw_recessed_head.004
Fra:22 Mem:256.50M (Peak 256.50M) | Time:00:00.25 | Mem:0.00M, Peak:0.00M | C6420_4N_24SFF_v002_MASTER, ViewLayer | Synchronizing object | Front_cover_flush_screw_recessed_head.005
Fra:22 Mem:256.67M (Peak 256.67M) | Time:00:00.25 | Mem:0.00M, Peak:0.00M | C6420_4N_24SFF_v002_MASTER, ViewLayer | Synchronizing object | Front_cover_flush_screw_recessed_head.006
Fra:22 Mem:256.83M (Peak 256.83M) | Time:00:00.25 | Mem:0.00M, Peak:0.00M | C6420_4N_24SFF_v002_MASTER, ViewLayer | Synchronizing object | Front_cover_flush_screw_recessed_head.007
Fra:22 Mem:256.84M (Peak 256.84M) | Time:00:00.25 | Mem:0.00M, Peak:0.00M | C6420_4N_24SFF_v002_MASTER, ViewLayer | Synchronizing object | Front_cover_flush_screw_recessed_head.008
Fra:22 Mem:256.91M (Peak 256.91M) | Time:00:00.25 | Mem:0.00M, Peak:0.00M | C6420_4N_24SFF_v002_MASTER, ViewLayer | Synchronizing object | Front_cover_flush_screw_recessed_head.009
Fra:22 Mem:257.17M (Peak 257.17M) | Time:00:00.25 | Mem:0.00M, Peak:0.00M | C6420_4N_24SFF_v002_MASTER, ViewLayer | Synchronizing object | Front_cover_flush_screw_recessed_head.010
Fra:22 Mem:257.36M (Peak 257.36M) | Time:00:00.25 | Mem:0.00M, Peak:0.00M | C6420_4N_24SFF_v002_MASTER, ViewLayer | Synchronizing object | Front_cover_flush_screw_recessed_head.011
Fra:22 Mem:257.37M (Peak 257.37M) | Time:00:00.25 | Mem:0.00M, Peak:0.00M | C6420_4N_24SFF_v002_MASTER, ViewLayer | Synchronizing object | Front_cover_flush_screw_recessed_head.012
Fra:22 Mem:257.51M (Peak 257.51M) | Time:00:00.25 | Mem:0.00M, Peak:0.00M | C6420_4N_24SFF_v002_MASTER, ViewLayer | Synchronizing object | Front_cover_flush_screw_recessed_head.013
Fra:22 Mem:258.52M (Peak 258.52M) | Time:00:00.25 | Mem:0.00M, Peak:0.00M | C6420_4N_24SFF_v002_MASTER, ViewLayer | Synchronizing object | Front_cover_flush_screw_recessed_head.014
Fra:22 Mem:258.80M (Peak 258.80M) | Time:00:00.25 | Mem:0.00M, Peak:0.00M | C6420_4N_24SFF_v002_MASTER, ViewLayer | Synchronizing object | Front_cover_flush_screw_recessed_head.015
Fra:22 Mem:258.80M (Peak 258.80M) | Time:00:00.25 | Mem:0.00M, Peak:0.00M | C6420_4N_24SFF_v002_MASTER, ViewLayer | Synchronizing object | Front_cover_flush_screw_recessed_head.016
Fra:22 Mem:258.96M (Peak 258.96M) | Time:00:00.25 | Mem:0.00M, Peak:0.00M | C6420_4N_24SFF_v002_MASTER, ViewLayer | Synchronizing object | Front_cover_flush_screw_recessed_head.017
Fra:22 Mem:258.94M (Peak 258.96M) | Time:00:00.25 | Mem:0.00M, Peak:0.00M | C6420_4N_24SFF_v002_MASTER, ViewLayer | Synchronizing object | Front_cover_flush_screw_recessed_head.018
Fra:22 Mem:258.60M (Peak 258.96M) | Time:00:00.25 | Mem:0.00M, Peak:0.00M | C6420_4N_24SFF_v002_MASTER, ViewLayer | Synchronizing object | Front_cover_flush_screw_recessed_head.019
Fra:22 Mem:259.03M (Peak 259.05M) | Time:00:00.25 | Mem:0.00M, Peak:0.00M | C6420_4N_24SFF_v002_MASTER, ViewLayer | Synchronizing object | Front_cover_flush_screw_recessed_head.020
Fra:22 Mem:259.36M (Peak 259.36M) | Time:00:00.25 | Mem:0.00M, Peak:0.00M | C6420_4N_24SFF_v002_MASTER, ViewLayer | Synchronizing object | Front_cover_flush_screw_recessed_head.021
Fra:22 Mem:259.38M (Peak 259.38M) | Time:00:00.25 | Mem:0.00M, Peak:0.00M | C6420_4N_24SFF_v002_MASTER, ViewLayer | Synchronizing object | Rear_cover_flush_screw_recessed_head
Fra:22 Mem:259.51M (Peak 259.51M) | Time:00:00.25 | Mem:0.00M, Peak:0.00M | C6420_4N_24SFF_v002_MASTER, ViewLayer | Synchronizing object | Rear_cover_flush_screw_recessed_head.001
Fra:22 Mem:259.51M (Peak 259.51M) | Time:00:00.25 | Mem:0.00M, Peak:0.00M | C6420_4N_24SFF_v002_MASTER, ViewLayer | Synchronizing object | Rear_cover_flush_screw_recessed_head.003
Fra:22 Mem:259.78M (Peak 259.78M) | Time:00:00.25 | Mem:0.00M, Peak:0.00M | C6420_4N_24SFF_v002_MASTER, ViewLayer | Synchronizing object | Midheight_sled_shelf
Fra:22 Mem:259.96M (Peak 259.96M) | Time:00:00.25 | Mem:0.00M, Peak:0.00M | C6420_4N_24SFF_v002_MASTER, ViewLayer | Synchronizing object | Central_PSU_channel_divider
Fra:22 Mem:259.97M (Peak 259.97M) | Time:00:00.25 | Mem:0.00M, Peak:0.00M | C6420_4N_24SFF_v002_MASTER, ViewLayer | Synchronizing object | Front_backplane_shadow
Fra:22 Mem:259.79M (Peak 259.97M) | Time:00:00.26 | Mem:0.00M, Peak:0.00M | C6420_4N_24SFF_v002_MASTER, ViewLayer | Synchronizing object | Hidden_backplane_socket
Fra:22 Mem:259.73M (Peak 259.97M) | Time:00:00.26 | Mem:0.00M, Peak:0.00M | C6420_4N_24SFF_v002_MASTER, ViewLayer | Synchronizing object | Rack_ear_mount_-1
Fra:22 Mem:259.63M (Peak 259.97M) | Time:00:00.26 | Mem:0.00M, Peak:0.00M | C6420_4N_24SFF_v002_MASTER, ViewLayer | Synchronizing object | Control_ear_shell_-1
Fra:22 Mem:259.93M (Peak 259.97M) | Time:00:00.26 | Mem:0.00M, Peak:0.00M | C6420_4N_24SFF_v002_MASTER, ViewLayer | Synchronizing object | Lower_ear_screw_boss_-1
Fra:22 Mem:260.23M (Peak 260.23M) | Time:00:00.26 | Mem:0.00M, Peak:0.00M | C6420_4N_24SFF_v002_MASTER, ViewLayer | Synchronizing object | Front_punched_cheek_-1
Fra:22 Mem:260.18M (Peak 260.23M) | Time:00:00.26 | Mem:0.00M, Peak:0.00M | C6420_4N_24SFF_v002_MASTER, ViewLayer | Synchronizing object | Front_cage_side_return_-1
Fra:22 Mem:261.00M (Peak 261.00M) | Time:00:00.26 | Mem:0.00M, Peak:0.00M | C6420_4N_24SFF_v002_MASTER, ViewLayer | Synchronizing object | Chrome_lifting_handle_-1
Fra:22 Mem:261.41M (Peak 261.41M) | Time:00:00.26 | Mem:0.00M, Peak:0.00M | C6420_4N_24SFF_v002_MASTER, ViewLayer | Synchronizing object | Handle_flat_anchor_-1
Fra:22 Mem:261.46M (Peak 261.46M) | Time:00:00.26 | Mem:0.00M, Peak:0.00M | C6420_4N_24SFF_v002_MASTER, ViewLayer | Synchronizing object | Chrome_lifting_handle_1
Fra:22 Mem:261.68M (Peak 261.68M) | Time:00:00.26 | Mem:0.00M, Peak:0.00M | C6420_4N_24SFF_v002_MASTER, ViewLayer | Synchronizing object | PSU2_woven_edge_fibres
Fra:22 Mem:261.42M (Peak 261.68M) | Time:00:00.26 | Mem:0.00M, Peak:0.00M | C6420_4N_24SFF_v002_MASTER, ViewLayer | Synchronizing object | Front_lower_rolled_hem
Fra:22 Mem:261.68M (Peak 261.68M) | Time:00:00.26 | Mem:0.00M, Peak:0.00M | C6420_4N_24SFF_v002_MASTER, ViewLayer | Synchronizing object | Drive_bank_divider_0
Fra:22 Mem:261.62M (Peak 261.68M) | Time:00:00.26 | Mem:0.00M, Peak:0.00M | C6420_4N_24SFF_v002_MASTER, ViewLayer | Synchronizing object | Control_face_inset_-1
Fra:22 Mem:261.58M (Peak 261.68M) | Time:00:00.26 | Mem:0.00M, Peak:0.00M | C6420_4N_24SFF_v002_MASTER, ViewLayer | Synchronizing object | Control_face_bottom_clip_-1
Fra:22 Mem:261.73M (Peak 261.73M) | Time:00:00.26 | Mem:0.00M, Peak:0.00M | C6420_4N_24SFF_v002_MASTER, ViewLayer | Synchronizing object | DELL_EMC_official_badge
Fra:22 Mem:262.59M (Peak 262.59M) | Time:00:00.26 | Mem:0.00M, Peak:0.00M | C6420_4N_24SFF_v002_MASTER, ViewLayer | Synchronizing object | Power_button_lens_1
Fra:22 Mem:262.69M (Peak 262.69M) | Time:00:00.26 | Mem:0.00M, Peak:0.00M | C6420_4N_24SFF_v002_MASTER, ViewLayer | Synchronizing object | Power_outer_white_print_1
Fra:22 Mem:262.79M (Peak 262.79M) | Time:00:00.26 | Mem:0.00M, Peak:0.00M | C6420_4N_24SFF_v002_MASTER, ViewLayer | Synchronizing object | Power_symbol_arc_1
Fra:22 Mem:262.89M (Peak 262.89M) | Time:00:00.26 | Mem:0.00M, Peak:0.00M | C6420_4N_24SFF_v002_MASTER, ViewLayer | Synchronizing object | Power_symbol_stem_1
Fra:22 Mem:263.65M (Peak 263.65M) | Time:00:00.26 | Mem:0.00M, Peak:0.00M | C6420_4N_24SFF_v002_MASTER, ViewLayer | Synchronizing object | ID_button_lens_1
Fra:22 Mem:264.16M (Peak 264.16M) | Time:00:00.26 | Mem:0.00M, Peak:0.00M | C6420_4N_24SFF_v002_MASTER, ViewLayer | Synchronizing object | ID_button_print_1
Fra:22 Mem:264.20M (Peak 264.20M) | Time:00:00.26 | Mem:0.00M, Peak:0.00M | C6420_4N_24SFF_v002_MASTER, ViewLayer | Synchronizing object | ID_inner_white_disc_1
Fra:22 Mem:264.21M (Peak 264.21M) | Time:00:00.26 | Mem:0.00M, Peak:0.00M | C6420_4N_24SFF_v002_MASTER, ViewLayer | Synchronizing object | ID_information_symbol_1
Fra:22 Mem:264.22M (Peak 264.22M) | Time:00:00.26 | Mem:0.00M, Peak:0.00M | C6420_4N_24SFF_v002_MASTER, ViewLayer | Synchronizing object | Front_node_number_1
Fra:22 Mem:264.22M (Peak 264.22M) | Time:00:00.26 | Mem:0.00M, Peak:0.00M | C6420_4N_24SFF_v002_MASTER, ViewLayer | Synchronizing object | Front_mapping_arrow_1
Fra:22 Mem:264.23M (Peak 264.23M) | Time:00:00.26 | Mem:0.00M, Peak:0.00M | C6420_4N_24SFF_v002_MASTER, ViewLayer | Synchronizing object | Power_symbol_stem_2
Fra:22 Mem:264.27M (Peak 264.27M) | Time:00:00.26 | Mem:0.00M, Peak:0.00M | C6420_4N_24SFF_v002_MASTER, ViewLayer | Synchronizing object | Front_node_number_2
Fra:22 Mem:264.27M (Peak 264.27M) | Time:00:00.26 | Mem:0.00M, Peak:0.00M | C6420_4N_24SFF_v002_MASTER, ViewLayer | Synchronizing object | Captive_screw_metal_washer_-1
Fra:22 Mem:264.32M (Peak 264.32M) | Time:00:00.26 | Mem:0.00M, Peak:0.00M | C6420_4N_24SFF_v002_MASTER, ViewLayer | Synchronizing object | Captive_screw_knurled_grip_-1
Fra:22 Mem:264.31M (Peak 264.32M) | Time:00:00.26 | Mem:0.00M, Peak:0.00M | C6420_4N_24SFF_v002_MASTER, ViewLayer | Synchronizing object | Captive_screw_Phillips_-1_recessed_head
Fra:22 Mem:264.60M (Peak 264.60M) | Time:00:00.26 | Mem:0.00M, Peak:0.00M | C6420_4N_24SFF_v002_MASTER, ViewLayer | Synchronizing object | Captive_screw_Phillips_-1_recess_floor
Fra:22 Mem:264.70M (Peak 264.70M) | Time:00:00.26 | Mem:0.00M, Peak:0.00M | C6420_4N_24SFF_v002_MASTER, ViewLayer | Synchronizing object | Captive_screw_front_bead_-1
Fra:22 Mem:264.62M (Peak 264.70M) | Time:00:00.26 | Mem:0.00M, Peak:0.00M | C6420_4N_24SFF_v002_MASTER, ViewLayer | Synchronizing object | C6400_official_badge
Fra:22 Mem:264.61M (Peak 264.70M) | Time:00:00.26 | Mem:0.00M, Peak:0.00M | C6420_4N_24SFF_v002_MASTER, ViewLayer | Synchronizing object | Power_symbol_arc_3
Fra:22 Mem:264.21M (Peak 264.70M) | Time:00:00.26 | Mem:0.00M, Peak:0.00M | C6420_4N_24SFF_v002_MASTER, ViewLayer | Synchronizing object | Power_symbol_stem_3
Fra:22 Mem:264.57M (Peak 264.70M) | Time:00:00.26 | Mem:0.00M, Peak:0.00M | C6420_4N_24SFF_v002_MASTER, ViewLayer | Synchronizing object | Front_node_number_3
Fra:22 Mem:264.55M (Peak 264.70M) | Time:00:00.26 | Mem:0.00M, Peak:0.00M | C6420_4N_24SFF_v002_MASTER, ViewLayer | Synchronizing object | Front_mapping_arrow_3
Fra:22 Mem:265.24M (Peak 265.24M) | Time:00:00.26 | Mem:0.00M, Peak:0.00M | C6420_4N_24SFF_v002_MASTER, ViewLayer | Synchronizing object | Power_symbol_arc_4
Fra:22 Mem:265.58M (Peak 265.58M) | Time:00:00.26 | Mem:0.00M, Peak:0.00M | C6420_4N_24SFF_v002_MASTER, ViewLayer | Synchronizing object | Power_symbol_stem_4
Fra:22 Mem:265.82M (Peak 265.82M) | Time:00:00.26 | Mem:0.00M, Peak:0.00M | C6420_4N_24SFF_v002_MASTER, ViewLayer | Synchronizing object | Front_node_number_4
Fra:22 Mem:265.82M (Peak 265.82M) | Time:00:00.26 | Mem:0.00M, Peak:0.00M | C6420_4N_24SFF_v002_MASTER, ViewLayer | Synchronizing object | EST_front_tag_blue_edge
Fra:22 Mem:266.19M (Peak 266.19M) | Time:00:00.26 | Mem:0.00M, Peak:0.00M | C6420_4N_24SFF_v002_MASTER, ViewLayer | Synchronizing object | Bay_index_00
Fra:22 Mem:266.40M (Peak 266.40M) | Time:00:00.26 | Mem:0.00M, Peak:0.00M | C6420_4N_24SFF_v002_MASTER, ViewLayer | Synchronizing object | Bay_mapping_triangle_0
Fra:22 Mem:266.44M (Peak 266.44M) | Time:00:00.26 | Mem:0.00M, Peak:0.00M | C6420_4N_24SFF_v002_MASTER, ViewLayer | Synchronizing object | Bay_index_01
Fra:22 Mem:266.44M (Peak 266.44M) | Time:00:00.26 | Mem:0.00M, Peak:0.00M | C6420_4N_24SFF_v002_MASTER, ViewLayer | Synchronizing object | Bay_index_02
Fra:22 Mem:266.84M (Peak 266.84M) | Time:00:00.26 | Mem:0.00M, Peak:0.00M | C6420_4N_24SFF_v002_MASTER, ViewLayer | Synchronizing object | Bay_index_03
Fra:22 Mem:266.80M (Peak 266.84M) | Time:00:00.26 | Mem:0.00M, Peak:0.00M | C6420_4N_24SFF_v002_MASTER, ViewLayer | Synchronizing object | Bay_index_04
Fra:22 Mem:266.80M (Peak 266.84M) | Time:00:00.26 | Mem:0.00M, Peak:0.00M | C6420_4N_24SFF_v002_MASTER, ViewLayer | Synchronizing object | Bay_index_05
Fra:22 Mem:266.57M (Peak 266.84M) | Time:00:00.26 | Mem:0.00M, Peak:0.00M | C6420_4N_24SFF_v002_MASTER, ViewLayer | Synchronizing object | Bay_index_06
Fra:22 Mem:266.58M (Peak 266.84M) | Time:00:00.26 | Mem:0.00M, Peak:0.00M | C6420_4N_24SFF_v002_MASTER, ViewLayer | Synchronizing object | Bay_index_07
Fra:22 Mem:266.65M (Peak 266.84M) | Time:00:00.26 | Mem:0.00M, Peak:0.00M | C6420_4N_24SFF_v002_MASTER, ViewLayer | Synchronizing object | Bay_index_08
Fra:22 Mem:266.66M (Peak 266.84M) | Time:00:00.26 | Mem:0.00M, Peak:0.00M | C6420_4N_24SFF_v002_MASTER, ViewLayer | Synchronizing object | Bay_index_09
Fra:22 Mem:266.67M (Peak 266.84M) | Time:00:00.26 | Mem:0.00M, Peak:0.00M | C6420_4N_24SFF_v002_MASTER, ViewLayer | Synchronizing object | Bay_index_10
Fra:22 Mem:266.72M (Peak 266.84M) | Time:00:00.26 | Mem:0.00M, Peak:0.00M | C6420_4N_24SFF_v002_MASTER, ViewLayer | Synchronizing object | Bay_index_12
Fra:22 Mem:266.74M (Peak 266.84M) | Time:00:00.26 | Mem:0.00M, Peak:0.00M | C6420_4N_24SFF_v002_MASTER, ViewLayer | Synchronizing object | Bay_index_13
Fra:22 Mem:266.74M (Peak 266.84M) | Time:00:00.26 | Mem:0.00M, Peak:0.00M | C6420_4N_24SFF_v002_MASTER, ViewLayer | Synchronizing object | Bay_index_15
Fra:22 Mem:266.75M (Peak 266.84M) | Time:00:00.26 | Mem:0.00M, Peak:0.00M | C6420_4N_24SFF_v002_MASTER, ViewLayer | Synchronizing object | Bay_index_16
Fra:22 Mem:266.95M (Peak 266.95M) | Time:00:00.26 | Mem:0.00M, Peak:0.00M | C6420_4N_24SFF_v002_MASTER, ViewLayer | Synchronizing object | Bay_index_17
Fra:22 Mem:266.95M (Peak 266.95M) | Time:00:00.26 | Mem:0.00M, Peak:0.00M | C6420_4N_24SFF_v002_MASTER, ViewLayer | Synchronizing object | Bay_index_18
Fra:22 Mem:267.01M (Peak 267.01M) | Time:00:00.26 | Mem:0.00M, Peak:0.00M | C6420_4N_24SFF_v002_MASTER, ViewLayer | Synchronizing object | Bay_index_19
Fra:22 Mem:267.01M (Peak 267.01M) | Time:00:00.26 | Mem:0.00M, Peak:0.00M | C6420_4N_24SFF_v002_MASTER, ViewLayer | Synchronizing object | Bay_index_21
Fra:22 Mem:267.12M (Peak 267.12M) | Time:00:00.26 | Mem:0.00M, Peak:0.00M | C6420_4N_24SFF_v002_MASTER, ViewLayer | Synchronizing object | Bay_index_22
Fra:22 Mem:267.12M (Peak 267.12M) | Time:00:00.26 | Mem:0.00M, Peak:0.00M | C6420_4N_24SFF_v002_MASTER, ViewLayer | Synchronizing object | Bay_index_23
Fra:22 Mem:267.34M (Peak 267.34M) | Time:00:00.26 | Mem:0.00M, Peak:0.00M | C6420_4N_24SFF_v002_MASTER, ViewLayer | Synchronizing object | Real_service_label_band
Fra:22 Mem:267.50M (Peak 267.50M) | Time:00:00.26 | Mem:0.00M, Peak:0.00M | C6420_4N_24SFF_v002_MASTER, ViewLayer | Synchronizing object | Real_regulatory_label
Fra:22 Mem:267.57M (Peak 267.57M) | Time:00:00.26 | Mem:0.00M, Peak:0.00M | C6420_4N_24SFF_v002_MASTER, ViewLayer | Synchronizing object | Node1_floor
Fra:22 Mem:267.45M (Peak 267.57M) | Time:00:00.26 | Mem:0.00M, Peak:0.00M | C6420_4N_24SFF_v002_MASTER, ViewLayer | Synchronizing object | Node1_tray_side_-1
Fra:22 Mem:267.48M (Peak 267.57M) | Time:00:00.26 | Mem:0.00M, Peak:0.00M | C6420_4N_24SFF_v002_MASTER, ViewLayer | Synchronizing object | Node1_internal_air_shade
Fra:22 Mem:267.54M (Peak 267.57M) | Time:00:00.26 | Mem:0.00M, Peak:0.00M | C6420_4N_24SFF_v002_MASTER, ViewLayer | Synchronizing object | Node1_visible_PCB_edge
Fra:22 Mem:267.86M (Peak 267.86M) | Time:00:00.26 | Mem:0.00M, Peak:0.00M | C6420_4N_24SFF_v002_MASTER, ViewLayer | Synchronizing object | Node1_punched_rear_skin
Fra:22 Mem:267.85M (Peak 267.86M) | Time:00:00.26 | Mem:0.00M, Peak:0.00M | C6420_4N_24SFF_v002_MASTER, ViewLayer | Synchronizing object | Node1_horizontal_rear_return
Fra:22 Mem:267.84M (Peak 267.86M) | Time:00:00.26 | Mem:0.00M, Peak:0.00M | C6420_4N_24SFF_v002_MASTER, ViewLayer | Synchronizing object | Node1_USB_black_mask
Fra:22 Mem:267.87M (Peak 267.87M) | Time:00:00.26 | Mem:0.00M, Peak:0.00M | C6420_4N_24SFF_v002_MASTER, ViewLayer | Synchronizing object | Node1_USB3A_0_metal_cavity
Fra:22 Mem:267.96M (Peak 267.96M) | Time:00:00.26 | Mem:0.00M, Peak:0.00M | C6420_4N_24SFF_v002_MASTER, ViewLayer | Synchronizing object | Node1_USB3A_0_dark_back
Fra:22 Mem:268.01M (Peak 268.01M) | Time:00:00.26 | Mem:0.00M, Peak:0.00M | C6420_4N_24SFF_v002_MASTER, ViewLayer | Synchronizing object | Node1_USB3A_0_blue_tongue
Fra:22 Mem:270.20M (Peak 270.20M) | Time:00:00.26 | Mem:0.00M, Peak:0.00M | C6420_4N_24SFF_v002_MASTER, ViewLayer | Synchronizing object | Node1_USB3A_0_front_contact_0
Fra:22 Mem:270.22M (Peak 270.22M) | Time:00:00.26 | Mem:0.00M, Peak:0.00M | C6420_4N_24SFF_v002_MASTER, ViewLayer | Synchronizing object | Node1_USB3A_0_rear_contact_0
Fra:22 Mem:270.26M (Peak 270.26M) | Time:00:00.26 | Mem:0.00M, Peak:0.00M | C6420_4N_24SFF_v002_MASTER, ViewLayer | Synchronizing object | Node1_USB_retention_spring
Fra:22 Mem:270.26M (Peak 270.26M) | Time:00:00.26 | Mem:0.00M, Peak:0.00M | C6420_4N_24SFF_v002_MASTER, ViewLayer | Synchronizing object | Node1_USB_icon_branchA
Fra:22 Mem:270.27M (Peak 270.27M) | Time:00:00.26 | Mem:0.00M, Peak:0.00M | C6420_4N_24SFF_v002_MASTER, ViewLayer | Synchronizing object | Node1_USB_icon_branchB
Fra:22 Mem:269.85M (Peak 270.27M) | Time:00:00.26 | Mem:0.00M, Peak:0.00M | C6420_4N_24SFF_v002_MASTER, ViewLayer | Synchronizing object | Node1_USB_icon_circle
Fra:22 Mem:269.79M (Peak 270.27M) | Time:00:00.26 | Mem:0.00M, Peak:0.00M | C6420_4N_24SFF_v002_MASTER, ViewLayer | Synchronizing object | PSU1_woven_edge_fibres
Fra:22 Mem:270.09M (Peak 270.27M) | Time:00:00.26 | Mem:0.00M, Peak:0.00M | C6420_4N_24SFF_v002_MASTER, ViewLayer | Synchronizing object | Node1_USB_icon_square
Fra:22 Mem:270.05M (Peak 270.27M) | Time:00:00.26 | Mem:0.00M, Peak:0.00M | C6420_4N_24SFF_v002_MASTER, ViewLayer | Synchronizing object | Node1_USB_icon_arrow
Fra:22 Mem:270.08M (Peak 270.27M) | Time:00:00.26 | Mem:0.00M, Peak:0.00M | C6420_4N_24SFF_v002_MASTER, ViewLayer | Synchronizing object | Node1_USB_icon_root
Fra:22 Mem:270.17M (Peak 270.27M) | Time:00:00.26 | Mem:0.00M, Peak:0.00M | C6420_4N_24SFF_v002_MASTER, ViewLayer | Synchronizing object | Node1_USB_plate_fastener_recessed_head
Fra:22 Mem:270.20M (Peak 270.27M) | Time:00:00.26 | Mem:0.00M, Peak:0.00M | C6420_4N_24SFF_v002_MASTER, ViewLayer | Synchronizing object | Node1_USB_plate_fastener_recess_floor
Fra:22 Mem:270.20M (Peak 270.27M) | Time:00:00.26 | Mem:0.00M, Peak:0.00M | C6420_4N_24SFF_v002_MASTER, ViewLayer | Synchronizing object | Node1_dual_SFP_adapter_face
Fra:22 Mem:270.30M (Peak 270.30M) | Time:00:00.26 | Mem:0.00M, Peak:0.00M | C6420_4N_24SFF_v002_MASTER, ViewLayer | Synchronizing object | Node1_SFP_cage_0_metal_cavity
Fra:22 Mem:270.31M (Peak 270.31M) | Time:00:00.26 | Mem:0.00M, Peak:0.00M | C6420_4N_24SFF_v002_MASTER, ViewLayer | Synchronizing object | Node1_SFP_cage_0_dark_back
Fra:22 Mem:270.35M (Peak 270.35M) | Time:00:00.26 | Mem:0.00M, Peak:0.00M | C6420_4N_24SFF_v002_MASTER, ViewLayer | Synchronizing object | Node1_SFP_0_side_spring
Fra:22 Mem:271.02M (Peak 271.02M) | Time:00:00.26 | Mem:0.00M, Peak:0.00M | C6420_4N_24SFF_v002_MASTER, ViewLayer | Synchronizing object | Node1_SFP_0_top_tang
Fra:22 Mem:270.96M (Peak 271.02M) | Time:00:00.26 | Mem:0.00M, Peak:0.00M | C6420_4N_24SFF_v002_MASTER, ViewLayer | Synchronizing object | Node1_SFP_0_lower_flange
Fra:22 Mem:271.00M (Peak 271.02M) | Time:00:00.26 | Mem:0.00M, Peak:0.00M | C6420_4N_24SFF_v002_MASTER, ViewLayer | Synchronizing object | Node1_SFP_0_connector_insert
Fra:22 Mem:271.18M (Peak 271.18M) | Time:00:00.26 | Mem:0.00M, Peak:0.00M | C6420_4N_24SFF_v002_MASTER, ViewLayer | Synchronizing object | Node1_SFP_0_contact_0
Fra:22 Mem:271.19M (Peak 271.19M) | Time:00:00.26 | Mem:0.00M, Peak:0.00M | C6420_4N_24SFF_v002_MASTER, ViewLayer | Synchronizing object | Node1_SFP_index_0
Fra:22 Mem:271.04M (Peak 271.19M) | Time:00:00.26 | Mem:0.00M, Peak:0.00M | C6420_4N_24SFF_v002_MASTER, ViewLayer | Synchronizing object | Node1_SFP_index_1
Fra:22 Mem:270.92M (Peak 271.19M) | Time:00:00.26 | Mem:0.00M, Peak:0.00M | C6420_4N_24SFF_v002_MASTER, ViewLayer | Synchronizing object | Node1_MicroUSB_metal_cavity
Fra:22 Mem:271.05M (Peak 271.19M) | Time:00:00.26 | Mem:0.00M, Peak:0.00M | C6420_4N_24SFF_v002_MASTER, ViewLayer | Synchronizing object | Node1_MicroUSB_dark_back
Fra:22 Mem:271.07M (Peak 271.19M) | Time:00:00.26 | Mem:0.00M, Peak:0.00M | C6420_4N_24SFF_v002_MASTER, ViewLayer | Synchronizing object | Node1_MicroUSB_tongue
Fra:22 Mem:271.27M (Peak 271.27M) | Time:00:00.26 | Mem:0.00M, Peak:0.00M | C6420_4N_24SFF_v002_MASTER, ViewLayer | Synchronizing object | Node1_MiniDisplayPort_metal_cavity
Fra:22 Mem:271.28M (Peak 271.28M) | Time:00:00.26 | Mem:0.00M, Peak:0.00M | C6420_4N_24SFF_v002_MASTER, ViewLayer | Synchronizing object | Node1_MiniDisplayPort_dark_back
Fra:22 Mem:271.31M (Peak 271.31M) | Time:00:00.26 | Mem:0.00M, Peak:0.00M | C6420_4N_24SFF_v002_MASTER, ViewLayer | Synchronizing object | Node1_MiniDP_inner_shield_metal_cavity
Fra:22 Mem:271.36M (Peak 271.37M) | Time:00:00.26 | Mem:0.00M, Peak:0.00M | C6420_4N_24SFF_v002_MASTER, ViewLayer | Synchronizing object | Node1_MiniDP_inner_shield_dark_back
Fra:22 Mem:271.49M (Peak 271.49M) | Time:00:00.26 | Mem:0.00M, Peak:0.00M | C6420_4N_24SFF_v002_MASTER, ViewLayer | Synchronizing object | Node1_MiniDP_tongue
Fra:22 Mem:271.57M (Peak 271.57M) | Time:00:00.26 | Mem:0.00M, Peak:0.00M | C6420_4N_24SFF_v002_MASTER, ViewLayer | Synchronizing object | Node1_iDRAC_RJ45_metal_cavity
Fra:22 Mem:271.59M (Peak 271.59M) | Time:00:00.26 | Mem:0.00M, Peak:0.00M | C6420_4N_24SFF_v002_MASTER, ViewLayer | Synchronizing object | Node1_iDRAC_RJ45_dark_back
Fra:22 Mem:271.74M (Peak 271.74M) | Time:00:00.26 | Mem:0.00M, Peak:0.00M | C6420_4N_24SFF_v002_MASTER, ViewLayer | Synchronizing object | Node1_RJ45_spring_contact_0
Fra:22 Mem:271.34M (Peak 271.74M) | Time:00:00.26 | Mem:0.00M, Peak:0.00M | C6420_4N_24SFF_v002_MASTER, ViewLayer | Synchronizing object | Node1_RJ45_spring_contact_1
Fra:22 Mem:271.33M (Peak 271.74M) | Time:00:00.26 | Mem:0.00M, Peak:0.00M | C6420_4N_24SFF_v002_MASTER, ViewLayer | Synchronizing object | Node1_RJ45_spring_contact_2
Fra:22 Mem:271.19M (Peak 271.74M) | Time:00:00.26 | Mem:0.00M, Peak:0.00M | C6420_4N_24SFF_v002_MASTER, ViewLayer | Synchronizing object | Node1_RJ45_spring_contact_4
Fra:22 Mem:271.18M (Peak 271.74M) | Time:00:00.26 | Mem:0.00M, Peak:0.00M | C6420_4N_24SFF_v002_MASTER, ViewLayer | Synchronizing object | Node1_RJ45_spring_contact_5
Fra:22 Mem:271.21M (Peak 271.74M) | Time:00:00.26 | Mem:0.00M, Peak:0.00M | C6420_4N_24SFF_v002_MASTER, ViewLayer | Synchronizing object | Node1_RJ45_spring_contact_7
Fra:22 Mem:271.32M (Peak 271.74M) | Time:00:00.26 | Mem:0.00M, Peak:0.00M | C6420_4N_24SFF_v002_MASTER, ViewLayer | Synchronizing object | Node1_RJ45_LED_lens
Fra:22 Mem:271.32M (Peak 271.74M) | Time:00:00.26 | Mem:0.00M, Peak:0.00M | C6420_4N_24SFF_v002_MASTER, ViewLayer | Synchronizing object | Node1_power_metal_rim
Fra:22 Mem:271.40M (Peak 271.74M) | Time:00:00.26 | Mem:0.00M, Peak:0.00M | C6420_4N_24SFF_v002_MASTER, ViewLayer | Synchronizing object | Node1_power_button_lens
Fra:22 Mem:271.43M (Peak 271.74M) | Time:00:00.26 | Mem:0.00M, Peak:0.00M | C6420_4N_24SFF_v002_MASTER, ViewLayer | Synchronizing object | Node1_long_grip_folded_frame
Fra:22 Mem:271.36M (Peak 271.74M) | Time:00:00.26 | Mem:0.00M, Peak:0.00M | C6420_4N_24SFF_v002_MASTER, ViewLayer | Synchronizing object | Node1_long_black_grip_metal_cavity
Fra:22 Mem:271.44M (Peak 271.74M) | Time:00:00.26 | Mem:0.00M, Peak:0.00M | C6420_4N_24SFF_v002_MASTER, ViewLayer | Synchronizing object | Node1_long_black_grip_dark_back
Fra:22 Mem:272.13M (Peak 272.13M) | Time:00:00.27 | Mem:0.00M, Peak:0.00M | C6420_4N_24SFF_v002_MASTER, ViewLayer | Synchronizing object | Node1_grip_edge_fold
Fra:22 Mem:271.91M (Peak 272.13M) | Time:00:00.27 | Mem:0.00M, Peak:0.00M | C6420_4N_24SFF_v002_MASTER, ViewLayer | Synchronizing object | Node1_grip_press_lug
Fra:22 Mem:272.16M (Peak 272.16M) | Time:00:00.27 | Mem:0.00M, Peak:0.00M | C6420_4N_24SFF_v002_MASTER, ViewLayer | Synchronizing object | Node1_grip_hinge_pin
Fra:22 Mem:272.32M (Peak 272.32M) | Time:00:00.27 | Mem:0.00M, Peak:0.00M | C6420_4N_24SFF_v002_MASTER, ViewLayer | Synchronizing object | Node1_blue_paddle_face
Fra:22 Mem:271.94M (Peak 272.32M) | Time:00:00.27 | Mem:0.00M, Peak:0.00M | C6420_4N_24SFF_v002_MASTER, ViewLayer | Synchronizing object | Node1_blue_hook_return
Fra:22 Mem:272.04M (Peak 272.32M) | Time:00:00.27 | Mem:0.00M, Peak:0.00M | C6420_4N_24SFF_v002_MASTER, ViewLayer | Synchronizing object | Node1_blue_hook_cross_return
Fra:22 Mem:271.80M (Peak 272.32M) | Time:00:00.27 | Mem:0.00M, Peak:0.00M | C6420_4N_24SFF_v002_MASTER, ViewLayer | Synchronizing object | Node1_blue_latch_mount_recessed_head
Fra:22 Mem:271.86M (Peak 272.32M) | Time:00:00.27 | Mem:0.00M, Peak:0.00M | C6420_4N_24SFF_v002_MASTER, ViewLayer | Synchronizing object | Node1_latch_steel_back
Fra:22 Mem:271.58M (Peak 272.32M) | Time:00:00.27 | Mem:0.00M, Peak:0.00M | C6420_4N_24SFF_v002_MASTER, ViewLayer | Synchronizing object | Node1_DP_mark
Fra:22 Mem:271.05M (Peak 272.32M) | Time:00:00.27 | Mem:0.00M, Peak:0.00M | C6420_4N_24SFF_v002_MASTER, ViewLayer | Synchronizing object | Node1_EST_tag
Fra:22 Mem:271.07M (Peak 272.32M) | Time:00:00.27 | Mem:0.00M, Peak:0.00M | C6420_4N_24SFF_v002_MASTER, ViewLayer | Synchronizing object | Node1_MicroUSB_service_mark
Fra:22 Mem:271.53M (Peak 272.32M) | Time:00:00.27 | Mem:0.00M, Peak:0.00M | C6420_4N_24SFF_v002_MASTER, ViewLayer | Synchronizing object | Node1_EST_blue_print
Fra:22 Mem:270.83M (Peak 272.32M) | Time:00:00.27 | Mem:0.00M, Peak:0.00M | C6420_4N_24SFF_v002_MASTER, ViewLayer | Synchronizing object | Node1_EST_letters
Fra:22 Mem:270.89M (Peak 272.32M) | Time:00:00.27 | Mem:0.00M, Peak:0.00M | C6420_4N_24SFF_v002_MASTER, ViewLayer | Synchronizing object | Node2_punched_rear_skin
Fra:22 Mem:272.69M (Peak 272.69M) | Time:00:00.27 | Mem:0.00M, Peak:0.00M | C6420_4N_24SFF_v002_MASTER, ViewLayer | Synchronizing object | Node2_USB_icon_stem
Fra:22 Mem:272.93M (Peak 272.93M) | Time:00:00.27 | Mem:0.00M, Peak:0.00M | C6420_4N_24SFF_v002_MASTER, ViewLayer | Synchronizing object | Node2_USB_icon_branchA
Fra:22 Mem:273.06M (Peak 273.06M) | Time:00:00.27 | Mem:0.00M, Peak:0.00M | C6420_4N_24SFF_v002_MASTER, ViewLayer | Synchronizing object | Node2_USB_icon_branchB
Fra:22 Mem:273.06M (Peak 273.06M) | Time:00:00.27 | Mem:0.00M, Peak:0.00M | C6420_4N_24SFF_v002_MASTER, ViewLayer | Synchronizing object | Node2_RJ45_spring_contact_0
Fra:22 Mem:273.14M (Peak 273.14M) | Time:00:00.27 | Mem:0.00M, Peak:0.00M | C6420_4N_24SFF_v002_MASTER, ViewLayer | Synchronizing object | Node2_RJ45_spring_contact_1
Fra:22 Mem:273.10M (Peak 273.14M) | Time:00:00.27 | Mem:0.00M, Peak:0.00M | C6420_4N_24SFF_v002_MASTER, ViewLayer | Synchronizing object | Node2_RJ45_spring_contact_2
Fra:22 Mem:273.11M (Peak 273.14M) | Time:00:00.27 | Mem:0.00M, Peak:0.00M | C6420_4N_24SFF_v002_MASTER, ViewLayer | Synchronizing object | Node2_RJ45_spring_contact_3
Fra:22 Mem:272.56M (Peak 273.14M) | Time:00:00.27 | Mem:0.00M, Peak:0.00M | C6420_4N_24SFF_v002_MASTER, ViewLayer | Synchronizing object | Node2_RJ45_spring_contact_5
Fra:22 Mem:272.58M (Peak 273.14M) | Time:00:00.27 | Mem:0.00M, Peak:0.00M | C6420_4N_24SFF_v002_MASTER, ViewLayer | Synchronizing object | Node2_RJ45_spring_contact_6
Fra:22 Mem:272.59M (Peak 273.14M) | Time:00:00.27 | Mem:0.00M, Peak:0.00M | C6420_4N_24SFF_v002_MASTER, ViewLayer | Synchronizing object | Node2_RJ45_spring_contact_7
Fra:22 Mem:272.52M (Peak 273.14M) | Time:00:00.27 | Mem:0.00M, Peak:0.00M | C6420_4N_24SFF_v002_MASTER, ViewLayer | Synchronizing object | PSU1_efficiency_exact_letters
Fra:22 Mem:272.53M (Peak 273.14M) | Time:00:00.27 | Mem:0.00M, Peak:0.00M | C6420_4N_24SFF_v002_MASTER, ViewLayer | Synchronizing object | PSU1_2400W_exact_letters
Fra:22 Mem:272.55M (Peak 273.14M) | Time:00:00.27 | Mem:0.00M, Peak:0.00M | C6420_4N_24SFF_v002_MASTER, ViewLayer | Synchronizing object | Node3_punched_rear_skin
Fra:22 Mem:272.49M (Peak 273.14M) | Time:00:00.27 | Mem:0.00M, Peak:0.00M | C6420_4N_24SFF_v002_MASTER, ViewLayer | Synchronizing object | PSU1_EPP_exact_letters
Fra:22 Mem:272.49M (Peak 273.14M) | Time:00:00.27 | Mem:0.00M, Peak:0.00M | C6420_4N_24SFF_v002_MASTER, ViewLayer | Synchronizing object | PSU1_EPP_green_upper_field
Fra:22 Mem:272.59M (Peak 273.14M) | Time:00:00.27 | Mem:0.00M, Peak:0.00M | C6420_4N_24SFF_v002_MASTER, ViewLayer | Synchronizing object | PSU1_EPP_real_print_paper
Fra:22 Mem:272.60M (Peak 273.14M) | Time:00:00.27 | Mem:0.00M, Peak:0.00M | C6420_4N_24SFF_v002_MASTER, ViewLayer | Synchronizing object | PSU2_woven_extraction_loop
Fra:22 Mem:274.97M (Peak 274.97M) | Time:00:00.27 | Mem:0.00M, Peak:0.00M | C6420_4N_24SFF_v002_MASTER, ViewLayer | Synchronizing object | Node3_USB_icon_stem
Fra:22 Mem:274.84M (Peak 274.97M) | Time:00:00.27 | Mem:0.00M, Peak:0.00M | C6420_4N_24SFF_v002_MASTER, ViewLayer | Synchronizing object | Node3_USB_icon_branchA
Fra:22 Mem:274.85M (Peak 274.97M) | Time:00:00.27 | Mem:0.00M, Peak:0.00M | C6420_4N_24SFF_v002_MASTER, ViewLayer | Synchronizing object | Node3_USB_icon_branchB
Fra:22 Mem:274.86M (Peak 274.97M) | Time:00:00.27 | Mem:0.00M, Peak:0.00M | C6420_4N_24SFF_v002_MASTER, ViewLayer | Synchronizing object | Node3_RJ45_spring_contact_0
Fra:22 Mem:274.94M (Peak 274.97M) | Time:00:00.27 | Mem:0.00M, Peak:0.00M | C6420_4N_24SFF_v002_MASTER, ViewLayer | Synchronizing object | Node3_RJ45_spring_contact_1
Fra:22 Mem:274.94M (Peak 274.97M) | Time:00:00.27 | Mem:0.00M, Peak:0.00M | C6420_4N_24SFF_v002_MASTER, ViewLayer | Synchronizing object | Node3_RJ45_spring_contact_2
Fra:22 Mem:274.94M (Peak 274.97M) | Time:00:00.27 | Mem:0.00M, Peak:0.00M | C6420_4N_24SFF_v002_MASTER, ViewLayer | Synchronizing object | Node3_RJ45_spring_contact_3
Fra:22 Mem:274.89M (Peak 274.97M) | Time:00:00.27 | Mem:0.00M, Peak:0.00M | C6420_4N_24SFF_v002_MASTER, ViewLayer | Synchronizing object | Node3_RJ45_spring_contact_4
Fra:22 Mem:274.88M (Peak 274.97M) | Time:00:00.27 | Mem:0.00M, Peak:0.00M | C6420_4N_24SFF_v002_MASTER, ViewLayer | Synchronizing object | Node3_RJ45_spring_contact_5
Fra:22 Mem:274.90M (Peak 274.97M) | Time:00:00.27 | Mem:0.00M, Peak:0.00M | C6420_4N_24SFF_v002_MASTER, ViewLayer | Synchronizing object | Node3_RJ45_spring_contact_6
Fra:22 Mem:274.94M (Peak 274.97M) | Time:00:00.27 | Mem:0.00M, Peak:0.00M | C6420_4N_24SFF_v002_MASTER, ViewLayer | Synchronizing object | Node3_RJ45_spring_contact_7
Fra:22 Mem:274.94M (Peak 274.97M) | Time:00:00.27 | Mem:0.00M, Peak:0.00M | C6420_4N_24SFF_v002_MASTER, ViewLayer | Synchronizing object | Node4_punched_rear_skin
Fra:22 Mem:274.99M (Peak 274.99M) | Time:00:00.27 | Mem:0.00M, Peak:0.00M | C6420_4N_24SFF_v002_MASTER, ViewLayer | Synchronizing object | Node4_USB_icon_branchA
Fra:22 Mem:275.07M (Peak 275.07M) | Time:00:00.27 | Mem:0.00M, Peak:0.00M | C6420_4N_24SFF_v002_MASTER, ViewLayer | Synchronizing object | Node4_USB_icon_branchB
Fra:22 Mem:275.10M (Peak 275.10M) | Time:00:00.27 | Mem:0.00M, Peak:0.00M | C6420_4N_24SFF_v002_MASTER, ViewLayer | Synchronizing object | Node4_RJ45_spring_contact_0
Fra:22 Mem:275.11M (Peak 275.11M) | Time:00:00.27 | Mem:0.00M, Peak:0.00M | C6420_4N_24SFF_v002_MASTER, ViewLayer | Synchronizing object | Node4_RJ45_spring_contact_1
Fra:22 Mem:275.10M (Peak 275.11M) | Time:00:00.27 | Mem:0.00M, Peak:0.00M | C6420_4N_24SFF_v002_MASTER, ViewLayer | Synchronizing object | Node4_RJ45_spring_contact_3
Fra:22 Mem:275.10M (Peak 275.11M) | Time:00:00.27 | Mem:0.00M, Peak:0.00M | C6420_4N_24SFF_v002_MASTER, ViewLayer | Synchronizing object | Node4_RJ45_spring_contact_4
Fra:22 Mem:275.12M (Peak 275.12M) | Time:00:00.27 | Mem:0.00M, Peak:0.00M | C6420_4N_24SFF_v002_MASTER, ViewLayer | Synchronizing object | Node4_RJ45_spring_contact_5
Fra:22 Mem:275.10M (Peak 275.12M) | Time:00:00.27 | Mem:0.00M, Peak:0.00M | C6420_4N_24SFF_v002_MASTER, ViewLayer | Synchronizing object | Node4_RJ45_spring_contact_7
Fra:22 Mem:277.14M (Peak 277.14M) | Time:00:00.27 | Mem:0.00M, Peak:0.00M | C6420_4N_24SFF_v002_MASTER, ViewLayer | Synchronizing object | Carrier00_sheet_side_-1
Fra:22 Mem:277.14M (Peak 277.14M) | Time:00:00.27 | Mem:0.00M, Peak:0.00M | C6420_4N_24SFF_v002_MASTER, ViewLayer | Synchronizing object | Carrier00_setback_honeycomb
Fra:22 Mem:277.19M (Peak 277.19M) | Time:00:00.27 | Mem:0.00M, Peak:0.00M | C6420_4N_24SFF_v002_MASTER, ViewLayer | Synchronizing object | Carrier00_fixed_outer_bezel
Fra:22 Mem:277.18M (Peak 277.19M) | Time:00:00.27 | Mem:0.00M, Peak:0.00M | C6420_4N_24SFF_v002_MASTER, ViewLayer | Synchronizing object | Carrier00_fixed_vertical_land
Fra:22 Mem:279.27M (Peak 279.27M) | Time:00:00.27 | Mem:0.00M, Peak:0.00M | C6420_4N_24SFF_v002_MASTER, ViewLayer | Synchronizing object | Carrier00_silver_handle_frame
Fra:22 Mem:279.63M (Peak 279.63M) | Time:00:00.27 | Mem:0.00M, Peak:0.00M | C6420_4N_24SFF_v002_MASTER, ViewLayer | Synchronizing object | PSU2_curved_fan_vane_6
Fra:22 Mem:279.65M (Peak 279.65M) | Time:00:00.27 | Mem:0.00M, Peak:0.00M | C6420_4N_24SFF_v002_MASTER, ViewLayer | Synchronizing object | PSU2_curved_fan_vane_5
Fra:22 Mem:279.59M (Peak 279.65M) | Time:00:00.27 | Mem:0.00M, Peak:0.00M | C6420_4N_24SFF_v002_MASTER, ViewLayer | Synchronizing object | Carrier00_three_window_handle
Fra:22 Mem:279.69M (Peak 279.69M) | Time:00:00.27 | Mem:0.00M, Peak:0.00M | C6420_4N_24SFF_v002_MASTER, ViewLayer | Synchronizing object | PSU2_curved_fan_vane_4
Fra:22 Mem:279.58M (Peak 279.69M) | Time:00:00.27 | Mem:0.00M, Peak:0.00M | C6420_4N_24SFF_v002_MASTER, ViewLayer | Synchronizing object | PSU2_curved_fan_vane_3
Fra:22 Mem:279.65M (Peak 279.69M) | Time:00:00.27 | Mem:0.00M, Peak:0.00M | C6420_4N_24SFF_v002_MASTER, ViewLayer | Synchronizing object | PSU2_curved_fan_vane_2
Fra:22 Mem:279.79M (Peak 279.79M) | Time:00:00.27 | Mem:0.00M, Peak:0.00M | C6420_4N_24SFF_v002_MASTER, ViewLayer | Synchronizing object | PSU2_curved_fan_vane_1
Fra:22 Mem:279.89M (Peak 279.89M) | Time:00:00.27 | Mem:0.00M, Peak:0.00M | C6420_4N_24SFF_v002_MASTER, ViewLayer | Synchronizing object | PSU2_curved_fan_vane_0
Fra:22 Mem:280.15M (Peak 280.15M) | Time:00:00.27 | Mem:0.00M, Peak:0.00M | C6420_4N_24SFF_v002_MASTER, ViewLayer | Synchronizing object | PSU1_woven_extraction_loop
Fra:22 Mem:282.51M (Peak 282.51M) | Time:00:00.27 | Mem:0.00M, Peak:0.00M | C6420_4N_24SFF_v002_MASTER, ViewLayer | Synchronizing object | PSU1_vertical_pull_anchor
Fra:22 Mem:282.54M (Peak 282.54M) | Time:00:00.27 | Mem:0.00M, Peak:0.00M | C6420_4N_24SFF_v002_MASTER, ViewLayer | Synchronizing object | PSU1_round_EPP_label_substrate
Fra:22 Mem:282.44M (Peak 282.54M) | Time:00:00.27 | Mem:0.00M, Peak:0.00M | C6420_4N_24SFF_v002_MASTER, ViewLayer | Synchronizing object | PSU1_fan_screw_recessed_head.001
Fra:22 Mem:284.33M (Peak 284.33M) | Time:00:00.27 | Mem:0.00M, Peak:0.00M | C6420_4N_24SFF_v002_MASTER, ViewLayer | Synchronizing object | Carrier00_handle_top_thumb_land
Fra:22 Mem:286.34M (Peak 286.34M) | Time:00:00.28 | Mem:0.00M, Peak:0.00M | C6420_4N_24SFF_v002_MASTER, ViewLayer | Synchronizing object | PSU1_fan_screw_recess_floor
Fra:22 Mem:286.35M (Peak 286.35M) | Time:00:00.28 | Mem:0.00M, Peak:0.00M | C6420_4N_24SFF_v002_MASTER, ViewLayer | Synchronizing object | PSU1_fan_screw_recessed_head
Fra:22 Mem:286.67M (Peak 286.67M) | Time:00:00.28 | Mem:0.00M, Peak:0.00M | C6420_4N_24SFF_v002_MASTER, ViewLayer | Synchronizing object | Carrier00_label_inset_pad
Fra:22 Mem:286.55M (Peak 286.67M) | Time:00:00.28 | Mem:0.00M, Peak:0.00M | C6420_4N_24SFF_v002_MASTER, ViewLayer | Synchronizing object | PSU1_corner_washer
Fra:22 Mem:284.77M (Peak 286.67M) | Time:00:00.28 | Mem:0.00M, Peak:0.00M | C6420_4N_24SFF_v002_MASTER, ViewLayer | Synchronizing object | PSU1_flat_guard_crossbar_1
Fra:22 Mem:284.80M (Peak 286.67M) | Time:00:00.28 | Mem:0.00M, Peak:0.00M | C6420_4N_24SFF_v002_MASTER, ViewLayer | Synchronizing object | PSU1_flat_guard_crossbar_-1
Fra:22 Mem:284.83M (Peak 286.67M) | Time:00:00.28 | Mem:0.00M, Peak:0.00M | C6420_4N_24SFF_v002_MASTER, ViewLayer | Synchronizing object | Carrier00_hinge_axle
Fra:22 Mem:284.86M (Peak 286.67M) | Time:00:00.28 | Mem:0.00M, Peak:0.00M | C6420_4N_24SFF_v002_MASTER, ViewLayer | Synchronizing object | PSU1_curved_fan_vane_6
Fra:22 Mem:284.39M (Peak 286.67M) | Time:00:00.28 | Mem:0.00M, Peak:0.00M | C6420_4N_24SFF_v002_MASTER, ViewLayer | Synchronizing object | PSU1_curved_fan_vane_5
Fra:22 Mem:284.41M (Peak 286.67M) | Time:00:00.28 | Mem:0.00M, Peak:0.00M | C6420_4N_24SFF_v002_MASTER, ViewLayer | Synchronizing object | Carrier00_hinge_return_spring
Fra:22 Mem:284.52M (Peak 286.67M) | Time:00:00.28 | Mem:0.00M, Peak:0.00M | C6420_4N_24SFF_v002_MASTER, ViewLayer | Synchronizing object | PSU1_curved_fan_vane_4
Fra:22 Mem:284.83M (Peak 286.67M) | Time:00:00.28 | Mem:0.00M, Peak:0.00M | C6420_4N_24SFF_v002_MASTER, ViewLayer | Synchronizing object | PSU1_curved_fan_vane_3
Fra:22 Mem:284.82M (Peak 286.67M) | Time:00:00.28 | Mem:0.00M, Peak:0.00M | C6420_4N_24SFF_v002_MASTER, ViewLayer | Synchronizing object | PSU1_curved_fan_vane_2
Fra:22 Mem:285.03M (Peak 286.67M) | Time:00:00.28 | Mem:0.00M, Peak:0.00M | C6420_4N_24SFF_v002_MASTER, ViewLayer | Synchronizing object | PSU1_curved_fan_vane_1
Fra:22 Mem:285.05M (Peak 286.67M) | Time:00:00.28 | Mem:0.00M, Peak:0.00M | C6420_4N_24SFF_v002_MASTER, ViewLayer | Synchronizing object | PSU1_curved_fan_vane_0
Fra:22 Mem:285.86M (Peak 286.67M) | Time:00:00.28 | Mem:0.00M, Peak:0.00M | C6420_4N_24SFF_v002_MASTER, ViewLayer | Synchronizing object | PSU1_fan_motor_hub
Fra:22 Mem:285.86M (Peak 286.67M) | Time:00:00.28 | Mem:0.00M, Peak:0.00M | C6420_4N_24SFF_v002_MASTER, ViewLayer | Synchronizing object | Carrier00_hinge_end_bracket
Fra:22 Mem:285.86M (Peak 286.67M) | Time:00:00.28 | Mem:0.00M, Peak:0.00M | C6420_4N_24SFF_v002_MASTER, ViewLayer | Synchronizing object | PSU1_fan_shroud_dark_back
Fra:22 Mem:285.87M (Peak 286.67M) | Time:00:00.28 | Mem:0.00M, Peak:0.00M | C6420_4N_24SFF_v002_MASTER, ViewLayer | Synchronizing object | PSU1_fan_shroud_metal_cavity
Fra:22 Mem:286.01M (Peak 286.67M) | Time:00:00.28 | Mem:0.00M, Peak:0.00M | C6420_4N_24SFF_v002_MASTER, ViewLayer | Synchronizing object | Carrier00_release_bezel
Fra:22 Mem:286.23M (Peak 288.12M) | Time:00:00.29 | Mem:0.00M, Peak:0.00M | C6420_4N_24SFF_v002_MASTER, ViewLayer | Synchronizing object | Carrier00_square_release_pad
Fra:22 Mem:286.12M (Peak 288.12M) | Time:00:00.29 | Mem:0.00M, Peak:0.00M | C6420_4N_24SFF_v002_MASTER, ViewLayer | Synchronizing object | PSU1_octagonal_fan_guard
Fra:22 Mem:286.32M (Peak 288.12M) | Time:00:00.29 | Mem:0.00M, Peak:0.00M | C6420_4N_24SFF_v002_MASTER, ViewLayer | Synchronizing object | Carrier00_round_release_button
Fra:22 Mem:286.30M (Peak 288.12M) | Time:00:00.29 | Mem:0.00M, Peak:0.00M | C6420_4N_24SFF_v002_MASTER, ViewLayer | Synchronizing object | Carrier00_orange_release_ring
Fra:22 Mem:285.88M (Peak 288.12M) | Time:00:00.29 | Mem:0.00M, Peak:0.00M | C6420_4N_24SFF_v002_MASTER, ViewLayer | Synchronizing object | PSU1_orange_release_paddle
Fra:22 Mem:287.10M (Peak 288.12M) | Time:00:00.29 | Mem:0.00M, Peak:0.00M | C6420_4N_24SFF_v002_MASTER, ViewLayer | Synchronizing object | PSU1_AC_blade_0
Fra:22 Mem:287.66M (Peak 288.12M) | Time:00:00.29 | Mem:0.00M, Peak:0.00M | C6420_4N_24SFF_v002_MASTER, ViewLayer | Synchronizing object | Carrier00_button_inner_face
Fra:22 Mem:288.18M (Peak 288.18M) | Time:00:00.29 | Mem:0.00M, Peak:0.00M | C6420_4N_24SFF_v002_MASTER, ViewLayer | Synchronizing object | PSU1_AC_C20_recess_dark_back
Fra:22 Mem:288.22M (Peak 288.22M) | Time:00:00.29 | Mem:0.00M, Peak:0.00M | C6420_4N_24SFF_v002_MASTER, ViewLayer | Synchronizing object | PSU1_AC_C20_recess_metal_cavity
Fra:22 Mem:289.31M (Peak 289.31M) | Time:00:00.29 | Mem:0.00M, Peak:0.00M | C6420_4N_24SFF_v002_MASTER, ViewLayer | Synchronizing object | Carrier00_indicator_strip
Fra:22 Mem:289.45M (Peak 289.45M) | Time:00:00.29 | Mem:0.00M, Peak:0.00M | C6420_4N_24SFF_v002_MASTER, ViewLayer | Synchronizing object | Carrier00_status_lens_0
Fra:22 Mem:289.41M (Peak 289.45M) | Time:00:00.29 | Mem:0.00M, Peak:0.00M | C6420_4N_24SFF_v002_MASTER, ViewLayer | Synchronizing object | PSU1_AC_black_rim
Fra:22 Mem:289.41M (Peak 289.45M) | Time:00:00.29 | Mem:0.00M, Peak:0.00M | C6420_4N_24SFF_v002_MASTER, ViewLayer | Synchronizing object | Carrier00_activity_symbol
Fra:22 Mem:289.52M (Peak 289.52M) | Time:00:00.29 | Mem:0.00M, Peak:0.00M | C6420_4N_24SFF_v002_MASTER, ViewLayer | Synchronizing object | Carrier00_disk_symbol
Fra:22 Mem:289.51M (Peak 289.52M) | Time:00:00.29 | Mem:0.00M, Peak:0.00M | C6420_4N_24SFF_v002_MASTER, ViewLayer | Synchronizing object | Carrier00_EMI_spring_-1_1
Fra:22 Mem:289.54M (Peak 289.54M) | Time:00:00.29 | Mem:0.00M, Peak:0.00M | C6420_4N_24SFF_v002_MASTER, ViewLayer | Synchronizing object | Carrier00_EMI_spring_-1_3
Fra:22 Mem:289.60M (Peak 289.60M) | Time:00:00.29 | Mem:0.00M, Peak:0.00M | C6420_4N_24SFF_v002_MASTER, ViewLayer | Synchronizing object | Carrier00_EMI_spring_-1_4
Fra:22 Mem:289.41M (Peak 289.60M) | Time:00:00.29 | Mem:0.00M, Peak:0.00M | C6420_4N_24SFF_v002_MASTER, ViewLayer | Synchronizing object | Carrier00_EMI_spring_-1_5
Fra:22 Mem:287.03M (Peak 289.60M) | Time:00:00.29 | Mem:0.00M, Peak:0.00M | C6420_4N_24SFF_v002_MASTER, ViewLayer | Synchronizing object | Carrier00_EMI_spring_-1_6
Fra:22 Mem:287.02M (Peak 289.60M) | Time:00:00.29 | Mem:0.00M, Peak:0.00M | C6420_4N_24SFF_v002_MASTER, ViewLayer | Synchronizing object | Carrier00_EMI_spring_-1_7
Fra:22 Mem:287.99M (Peak 289.60M) | Time:00:00.29 | Mem:0.00M, Peak:0.00M | C6420_4N_24SFF_v002_MASTER, ViewLayer | Synchronizing object | Carrier00_EMI_spring_-1_8
Fra:22 Mem:287.99M (Peak 289.60M) | Time:00:00.29 | Mem:0.00M, Peak:0.00M | C6420_4N_24SFF_v002_MASTER, ViewLayer | Synchronizing object | Carrier00_EMI_spring_1_0
Fra:22 Mem:289.63M (Peak 289.63M) | Time:00:00.29 | Mem:0.00M, Peak:0.00M | C6420_4N_24SFF_v002_MASTER, ViewLayer | Synchronizing object | Carrier00_EMI_spring_1_2
Fra:22 Mem:289.64M (Peak 289.64M) | Time:00:00.29 | Mem:0.00M, Peak:0.00M | C6420_4N_24SFF_v002_MASTER, ViewLayer | Synchronizing object | Carrier00_EMI_spring_1_3
Fra:22 Mem:287.25M (Peak 289.64M) | Time:00:00.29 | Mem:0.00M, Peak:0.00M | C6420_4N_24SFF_v002_MASTER, ViewLayer | Synchronizing object | Carrier00_EMI_spring_1_4
Fra:22 Mem:287.29M (Peak 289.64M) | Time:00:00.29 | Mem:0.00M, Peak:0.00M | C6420_4N_24SFF_v002_MASTER, ViewLayer | Synchronizing object | Carrier00_EMI_spring_1_5
Fra:22 Mem:287.32M (Peak 289.64M) | Time:00:00.29 | Mem:0.00M, Peak:0.00M | C6420_4N_24SFF_v002_MASTER, ViewLayer | Synchronizing object | Carrier00_EMI_spring_1_6
Fra:22 Mem:288.36M (Peak 289.64M) | Time:00:00.29 | Mem:0.00M, Peak:0.00M | C6420_4N_24SFF_v002_MASTER, ViewLayer | Synchronizing object | PSU1_front_sheet
Fra:22 Mem:288.03M (Peak 289.64M) | Time:00:00.29 | Mem:0.00M, Peak:0.00M | C6420_4N_24SFF_v002_MASTER, ViewLayer | Synchronizing object | Carrier00_EMI_spring_1_7
Fra:22 Mem:288.43M (Peak 289.64M) | Time:00:00.29 | Mem:0.00M, Peak:0.00M | C6420_4N_24SFF_v002_MASTER, ViewLayer | Synchronizing object | Carrier00_EMI_spring_1_8
Fra:22 Mem:288.44M (Peak 289.64M) | Time:00:00.29 | Mem:0.00M, Peak:0.00M | C6420_4N_24SFF_v002_MASTER, ViewLayer | Synchronizing object | Carrier01_hinge_return_spring
Fra:22 Mem:288.25M (Peak 289.64M) | Time:00:00.29 | Mem:0.00M, Peak:0.00M | C6420_4N_24SFF_v002_MASTER, ViewLayer | Synchronizing object | Carrier01_activity_symbol
Fra:22 Mem:288.25M (Peak 289.64M) | Time:00:00.29 | Mem:0.00M, Peak:0.00M | C6420_4N_24SFF_v002_MASTER, ViewLayer | Synchronizing object | Carrier01_EMI_spring_-1_0
Fra:22 Mem:288.32M (Peak 289.64M) | Time:00:00.29 | Mem:0.00M, Peak:0.00M | C6420_4N_24SFF_v002_MASTER, ViewLayer | Synchronizing object | Carrier01_EMI_spring_-1_1
Fra:22 Mem:288.34M (Peak 289.64M) | Time:00:00.29 | Mem:0.00M, Peak:0.00M | C6420_4N_24SFF_v002_MASTER, ViewLayer | Synchronizing object | Carrier01_EMI_spring_-1_2
Fra:22 Mem:288.27M (Peak 289.64M) | Time:00:00.29 | Mem:0.00M, Peak:0.00M | C6420_4N_24SFF_v002_MASTER, ViewLayer | Synchronizing object | Carrier01_EMI_spring_-1_3
Fra:22 Mem:285.14M (Peak 289.64M) | Time:00:00.29 | Mem:0.00M, Peak:0.00M | C6420_4N_24SFF_v002_MASTER, ViewLayer | Synchronizing object | Carrier01_EMI_spring_-1_4
Fra:22 Mem:286.04M (Peak 289.64M) | Time:00:00.29 | Mem:0.00M, Peak:0.00M | C6420_4N_24SFF_v002_MASTER, ViewLayer | Synchronizing object | Carrier01_EMI_spring_-1_5
Fra:22 Mem:285.99M (Peak 289.64M) | Time:00:00.29 | Mem:0.00M, Peak:0.00M | C6420_4N_24SFF_v002_MASTER, ViewLayer | Synchronizing object | Carrier01_EMI_spring_-1_6
Fra:22 Mem:287.02M (Peak 289.64M) | Time:00:00.29 | Mem:0.00M, Peak:0.00M | C6420_4N_24SFF_v002_MASTER, ViewLayer | Synchronizing object | Carrier01_EMI_spring_-1_7
Fra:22 Mem:287.22M (Peak 289.64M) | Time:00:00.29 | Mem:0.00M, Peak:0.00M | C6420_4N_24SFF_v002_MASTER, ViewLayer | Synchronizing object | Carrier01_EMI_spring_-1_8
Fra:22 Mem:287.24M (Peak 289.64M) | Time:00:00.29 | Mem:0.00M, Peak:0.00M | C6420_4N_24SFF_v002_MASTER, ViewLayer | Synchronizing object | Carrier01_EMI_spring_1_0
Fra:22 Mem:288.28M (Peak 289.64M) | Time:00:00.29 | Mem:0.00M, Peak:0.00M | C6420_4N_24SFF_v002_MASTER, ViewLayer | Synchronizing object | Carrier01_EMI_spring_1_1
Fra:22 Mem:288.28M (Peak 289.64M) | Time:00:00.29 | Mem:0.00M, Peak:0.00M | C6420_4N_24SFF_v002_MASTER, ViewLayer | Synchronizing object | Carrier01_EMI_spring_1_3
Fra:22 Mem:288.34M (Peak 289.64M) | Time:00:00.29 | Mem:0.00M, Peak:0.00M | C6420_4N_24SFF_v002_MASTER, ViewLayer | Synchronizing object | Carrier01_EMI_spring_1_4
Fra:22 Mem:288.35M (Peak 289.64M) | Time:00:00.29 | Mem:0.00M, Peak:0.00M | C6420_4N_24SFF_v002_MASTER, ViewLayer | Synchronizing object | Carrier01_EMI_spring_1_5
Fra:22 Mem:288.85M (Peak 289.64M) | Time:00:00.29 | Mem:0.00M, Peak:0.00M | C6420_4N_24SFF_v002_MASTER, ViewLayer | Synchronizing object | Carrier01_EMI_spring_1_6
Fra:22 Mem:289.64M (Peak 289.64M) | Time:00:00.29 | Mem:0.00M, Peak:0.00M | C6420_4N_24SFF_v002_MASTER, ViewLayer | Synchronizing object | Carrier01_EMI_spring_1_7
Fra:22 Mem:289.65M (Peak 289.65M) | Time:00:00.29 | Mem:0.00M, Peak:0.00M | C6420_4N_24SFF_v002_MASTER, ViewLayer | Synchronizing object | Carrier01_EMI_spring_1_8
Fra:22 Mem:289.68M (Peak 289.68M) | Time:00:00.29 | Mem:0.00M, Peak:0.00M | C6420_4N_24SFF_v002_MASTER, ViewLayer | Synchronizing object | Carrier02_hinge_return_spring
Fra:22 Mem:289.70M (Peak 289.70M) | Time:00:00.29 | Mem:0.00M, Peak:0.00M | C6420_4N_24SFF_v002_MASTER, ViewLayer | Synchronizing object | Carrier02_activity_symbol
Fra:22 Mem:290.18M (Peak 290.18M) | Time:00:00.29 | Mem:0.00M, Peak:0.00M | C6420_4N_24SFF_v002_MASTER, ViewLayer | Synchronizing object | PSU1_internal_end
Fra:22 Mem:290.15M (Peak 290.18M) | Time:00:00.29 | Mem:0.00M, Peak:0.00M | C6420_4N_24SFF_v002_MASTER, ViewLayer | Synchronizing object | Carrier02_EMI_spring_-1_0
Fra:22 Mem:290.47M (Peak 290.47M) | Time:00:00.29 | Mem:0.00M, Peak:0.00M | C6420_4N_24SFF_v002_MASTER, ViewLayer | Synchronizing object | PSU1_horizontal_shell
Fra:22 Mem:290.38M (Peak 290.47M) | Time:00:00.29 | Mem:0.00M, Peak:0.00M | C6420_4N_24SFF_v002_MASTER, ViewLayer | Synchronizing object | Carrier02_EMI_spring_-1_1
Fra:22 Mem:290.55M (Peak 290.55M) | Time:00:00.29 | Mem:0.00M, Peak:0.00M | C6420_4N_24SFF_v002_MASTER, ViewLayer | Synchronizing object | PSU1_side_shell
Fra:22 Mem:290.78M (Peak 290.78M) | Time:00:00.29 | Mem:0.00M, Peak:0.00M | C6420_4N_24SFF_v002_MASTER, ViewLayer | Synchronizing object | Carrier00_setback_dark_air_shade
Fra:22 Mem:290.81M (Peak 290.81M) | Time:00:00.29 | Mem:0.00M, Peak:0.00M | C6420_4N_24SFF_v002_MASTER, ViewLayer | Synchronizing object | Carrier02_EMI_spring_-1_2
Fra:22 Mem:290.82M (Peak 290.82M) | Time:00:00.29 | Mem:0.00M, Peak:0.00M | C6420_4N_24SFF_v002_MASTER, ViewLayer | Synchronizing object | Carrier02_EMI_spring_-1_3
Fra:22 Mem:290.81M (Peak 290.82M) | Time:00:00.29 | Mem:0.00M, Peak:0.00M | C6420_4N_24SFF_v002_MASTER, ViewLayer | Synchronizing object | Carrier23_EMI_spring_1_8
Fra:22 Mem:291.91M (Peak 291.91M) | Time:00:00.29 | Mem:0.00M, Peak:0.00M | C6420_4N_24SFF_v002_MASTER, ViewLayer | Synchronizing object | Carrier02_EMI_spring_-1_4
Fra:22 Mem:291.98M (Peak 291.98M) | Time:00:00.29 | Mem:0.00M, Peak:0.00M | C6420_4N_24SFF_v002_MASTER, ViewLayer | Synchronizing object | Carrier23_EMI_spring_1_7
Fra:22 Mem:291.99M (Peak 291.99M) | Time:00:00.29 | Mem:0.00M, Peak:0.00M | C6420_4N_24SFF_v002_MASTER, ViewLayer | Synchronizing object | Carrier02_EMI_spring_-1_5
Fra:22 Mem:292.56M (Peak 292.56M) | Time:00:00.29 | Mem:0.00M, Peak:0.00M | C6420_4N_24SFF_v002_MASTER, ViewLayer | Synchronizing object | Carrier02_EMI_spring_-1_6
Fra:22 Mem:292.57M (Peak 292.57M) | Time:00:00.29 | Mem:0.00M, Peak:0.00M | C6420_4N_24SFF_v002_MASTER, ViewLayer | Synchronizing object | Carrier23_EMI_spring_1_6
Fra:22 Mem:292.63M (Peak 292.63M) | Time:00:00.29 | Mem:0.00M, Peak:0.00M | C6420_4N_24SFF_v002_MASTER, ViewLayer | Synchronizing object | Carrier02_EMI_spring_-1_7
Fra:22 Mem:292.69M (Peak 292.69M) | Time:00:00.29 | Mem:0.00M, Peak:0.00M | C6420_4N_24SFF_v002_MASTER, ViewLayer | Synchronizing object | Carrier23_EMI_spring_1_5
Fra:22 Mem:292.67M (Peak 292.69M) | Time:00:00.29 | Mem:0.00M, Peak:0.00M | C6420_4N_24SFF_v002_MASTER, ViewLayer | Synchronizing object | Carrier23_EMI_spring_1_4
Fra:22 Mem:292.56M (Peak 292.69M) | Time:00:00.29 | Mem:0.00M, Peak:0.00M | C6420_4N_24SFF_v002_MASTER, ViewLayer | Synchronizing object | Carrier23_EMI_spring_1_3
Fra:22 Mem:292.58M (Peak 292.69M) | Time:00:00.29 | Mem:0.00M, Peak:0.00M | C6420_4N_24SFF_v002_MASTER, ViewLayer | Synchronizing object | Carrier23_EMI_spring_1_2
Fra:22 Mem:292.62M (Peak 292.69M) | Time:00:00.29 | Mem:0.00M, Peak:0.00M | C6420_4N_24SFF_v002_MASTER, ViewLayer | Synchronizing object | Carrier02_EMI_spring_-1_8
Fra:22 Mem:293.23M (Peak 293.23M) | Time:00:00.29 | Mem:0.00M, Peak:0.00M | C6420_4N_24SFF_v002_MASTER, ViewLayer | Synchronizing object | Carrier23_EMI_spring_1_1
Fra:22 Mem:293.24M (Peak 293.24M) | Time:00:00.30 | Mem:0.00M, Peak:0.00M | C6420_4N_24SFF_v002_MASTER, ViewLayer | Synchronizing object | Carrier23_EMI_spring_1_0
Fra:22 Mem:293.25M (Peak 293.25M) | Time:00:00.30 | Mem:0.00M, Peak:0.00M | C6420_4N_24SFF_v002_MASTER, ViewLayer | Synchronizing object | Carrier23_EMI_spring_-1_8
Fra:22 Mem:294.91M (Peak 295.36M) | Time:00:00.30 | Mem:0.00M, Peak:0.00M | C6420_4N_24SFF_v002_MASTER, ViewLayer | Synchronizing object | Carrier02_EMI_spring_1_0
Fra:22 Mem:294.93M (Peak 295.36M) | Time:00:00.30 | Mem:0.00M, Peak:0.00M | C6420_4N_24SFF_v002_MASTER, ViewLayer | Synchronizing object | Carrier02_EMI_spring_1_1
Fra:22 Mem:294.95M (Peak 295.36M) | Time:00:00.30 | Mem:0.00M, Peak:0.00M | C6420_4N_24SFF_v002_MASTER, ViewLayer | Synchronizing object | Carrier02_EMI_spring_1_2
Fra:22 Mem:294.97M (Peak 295.36M) | Time:00:00.30 | Mem:0.00M, Peak:0.00M | C6420_4N_24SFF_v002_MASTER, ViewLayer | Synchronizing object | Carrier02_EMI_spring_1_3
Fra:22 Mem:295.01M (Peak 295.36M) | Time:00:00.30 | Mem:0.00M, Peak:0.00M | C6420_4N_24SFF_v002_MASTER, ViewLayer | Synchronizing object | Carrier02_EMI_spring_1_4
Fra:22 Mem:295.29M (Peak 295.36M) | Time:00:00.30 | Mem:0.00M, Peak:0.00M | C6420_4N_24SFF_v002_MASTER, ViewLayer | Synchronizing object | Carrier23_EMI_spring_-1_7
Fra:22 Mem:297.05M (Peak 297.30M) | Time:00:00.30 | Mem:0.00M, Peak:0.00M | C6420_4N_24SFF_v002_MASTER, ViewLayer | Synchronizing object | Carrier23_EMI_spring_-1_6
Fra:22 Mem:297.06M (Peak 297.30M) | Time:00:00.30 | Mem:0.00M, Peak:0.00M | C6420_4N_24SFF_v002_MASTER, ViewLayer | Synchronizing object | Carrier02_EMI_spring_1_5
Fra:22 Mem:297.05M (Peak 297.30M) | Time:00:00.30 | Mem:0.00M, Peak:0.00M | C6420_4N_24SFF_v002_MASTER, ViewLayer | Synchronizing object | Carrier23_EMI_spring_-1_5
Fra:22 Mem:294.72M (Peak 297.30M) | Time:00:00.30 | Mem:0.00M, Peak:0.00M | C6420_4N_24SFF_v002_MASTER, ViewLayer | Synchronizing object | Carrier23_EMI_spring_-1_4
Fra:22 Mem:296.35M (Peak 297.30M) | Time:00:00.30 | Mem:0.00M, Peak:0.00M | C6420_4N_24SFF_v002_MASTER, ViewLayer | Synchronizing object | Carrier23_EMI_spring_-1_3
Fra:22 Mem:296.37M (Peak 297.30M) | Time:00:00.30 | Mem:0.00M, Peak:0.00M | C6420_4N_24SFF_v002_MASTER, ViewLayer | Synchronizing object | Carrier23_EMI_spring_-1_2
Fra:22 Mem:296.39M (Peak 297.30M) | Time:00:00.30 | Mem:0.00M, Peak:0.00M | C6420_4N_24SFF_v002_MASTER, ViewLayer | Synchronizing object | Carrier23_EMI_spring_-1_1
Fra:22 Mem:296.40M (Peak 297.30M) | Time:00:00.30 | Mem:0.00M, Peak:0.00M | C6420_4N_24SFF_v002_MASTER, ViewLayer | Synchronizing object | Carrier23_EMI_spring_-1_0
Fra:22 Mem:296.41M (Peak 297.30M) | Time:00:00.30 | Mem:0.00M, Peak:0.00M | C6420_4N_24SFF_v002_MASTER, ViewLayer | Synchronizing object | Carrier02_EMI_spring_1_6
Fra:22 Mem:297.65M (Peak 297.65M) | Time:00:00.30 | Mem:0.00M, Peak:0.00M | C6420_4N_24SFF_v002_MASTER, ViewLayer | Synchronizing object | Carrier23_activity_symbol
Fra:22 Mem:297.68M (Peak 297.68M) | Time:00:00.30 | Mem:0.00M, Peak:0.00M | C6420_4N_24SFF_v002_MASTER, ViewLayer | Synchronizing object | Carrier02_EMI_spring_1_7
Fra:22 Mem:297.67M (Peak 297.68M) | Time:00:00.30 | Mem:0.00M, Peak:0.00M | C6420_4N_24SFF_v002_MASTER, ViewLayer | Synchronizing object | Carrier23_hinge_return_spring
Fra:22 Mem:297.74M (Peak 297.74M) | Time:00:00.30 | Mem:0.00M, Peak:0.00M | C6420_4N_24SFF_v002_MASTER, ViewLayer | Synchronizing object | Carrier02_EMI_spring_1_8
Fra:22 Mem:298.24M (Peak 298.24M) | Time:00:00.30 | Mem:0.00M, Peak:0.00M | C6420_4N_24SFF_v002_MASTER, ViewLayer | Synchronizing object | Carrier03_hinge_return_spring
Fra:22 Mem:298.26M (Peak 298.26M) | Time:00:00.30 | Mem:0.00M, Peak:0.00M | C6420_4N_24SFF_v002_MASTER, ViewLayer | Synchronizing object | Carrier03_activity_symbol
Fra:22 Mem:300.11M (Peak 300.11M) | Time:00:00.30 | Mem:0.00M, Peak:0.00M | C6420_4N_24SFF_v002_MASTER, ViewLayer | Synchronizing object | Carrier03_EMI_spring_-1_0
Fra:22 Mem:300.20M (Peak 300.21M) | Time:00:00.30 | Mem:0.00M, Peak:0.00M | C6420_4N_24SFF_v002_MASTER, ViewLayer | Synchronizing object | Carrier03_EMI_spring_-1_1
Fra:22 Mem:300.23M (Peak 300.23M) | Time:00:00.30 | Mem:0.00M, Peak:0.00M | C6420_4N_24SFF_v002_MASTER, ViewLayer | Synchronizing object | Carrier03_EMI_spring_-1_2
Fra:22 Mem:300.28M (Peak 300.28M) | Time:00:00.30 | Mem:0.00M, Peak:0.00M | C6420_4N_24SFF_v002_MASTER, ViewLayer | Synchronizing object | Carrier03_EMI_spring_-1_3
Fra:22 Mem:300.39M (Peak 300.39M) | Time:00:00.30 | Mem:0.00M, Peak:0.00M | C6420_4N_24SFF_v002_MASTER, ViewLayer | Synchronizing object | Carrier03_EMI_spring_-1_5
Fra:22 Mem:300.41M (Peak 300.41M) | Time:00:00.30 | Mem:0.00M, Peak:0.00M | C6420_4N_24SFF_v002_MASTER, ViewLayer | Synchronizing object | Carrier03_EMI_spring_-1_6
Fra:22 Mem:301.01M (Peak 301.01M) | Time:00:00.30 | Mem:0.00M, Peak:0.00M | C6420_4N_24SFF_v002_MASTER, ViewLayer | Synchronizing object | Carrier03_EMI_spring_-1_7
Fra:22 Mem:301.04M (Peak 301.04M) | Time:00:00.30 | Mem:0.00M, Peak:0.00M | C6420_4N_24SFF_v002_MASTER, ViewLayer | Synchronizing object | Carrier03_EMI_spring_-1_8
Fra:22 Mem:301.55M (Peak 301.55M) | Time:00:00.30 | Mem:0.00M, Peak:0.00M | C6420_4N_24SFF_v002_MASTER, ViewLayer | Synchronizing object | Carrier03_EMI_spring_1_0
Fra:22 Mem:302.09M (Peak 302.09M) | Time:00:00.30 | Mem:0.00M, Peak:0.00M | C6420_4N_24SFF_v002_MASTER, ViewLayer | Synchronizing object | Carrier03_EMI_spring_1_1
Fra:22 Mem:302.05M (Peak 302.09M) | Time:00:00.30 | Mem:0.00M, Peak:0.00M | C6420_4N_24SFF_v002_MASTER, ViewLayer | Synchronizing object | Carrier03_EMI_spring_1_2
Fra:22 Mem:301.99M (Peak 302.09M) | Time:00:00.30 | Mem:0.00M, Peak:0.00M | C6420_4N_24SFF_v002_MASTER, ViewLayer | Synchronizing object | Carrier22_EMI_spring_1_8
Fra:22 Mem:302.26M (Peak 302.26M) | Time:00:00.30 | Mem:0.00M, Peak:0.00M | C6420_4N_24SFF_v002_MASTER, ViewLayer | Synchronizing object | Carrier03_EMI_spring_1_3
Fra:22 Mem:302.26M (Peak 302.26M) | Time:00:00.30 | Mem:0.00M, Peak:0.00M | C6420_4N_24SFF_v002_MASTER, ViewLayer | Synchronizing object | Carrier03_EMI_spring_1_4
Fra:22 Mem:302.28M (Peak 302.28M) | Time:00:00.30 | Mem:0.00M, Peak:0.00M | C6420_4N_24SFF_v002_MASTER, ViewLayer | Synchronizing object | Carrier03_EMI_spring_1_5
Fra:22 Mem:302.28M (Peak 302.28M) | Time:00:00.30 | Mem:0.00M, Peak:0.00M | C6420_4N_24SFF_v002_MASTER, ViewLayer | Synchronizing object | Carrier22_EMI_spring_1_7
Fra:22 Mem:302.30M (Peak 302.30M) | Time:00:00.30 | Mem:0.00M, Peak:0.00M | C6420_4N_24SFF_v002_MASTER, ViewLayer | Synchronizing object | Carrier03_EMI_spring_1_6
Fra:22 Mem:302.30M (Peak 302.30M) | Time:00:00.30 | Mem:0.00M, Peak:0.00M | C6420_4N_24SFF_v002_MASTER, ViewLayer | Synchronizing object | Carrier22_EMI_spring_1_6
Fra:22 Mem:302.87M (Peak 302.87M) | Time:00:00.30 | Mem:0.00M, Peak:0.00M | C6420_4N_24SFF_v002_MASTER, ViewLayer | Synchronizing object | Carrier03_EMI_spring_1_7
Fra:22 Mem:302.87M (Peak 302.87M) | Time:00:00.30 | Mem:0.00M, Peak:0.00M | C6420_4N_24SFF_v002_MASTER, ViewLayer | Synchronizing object | Carrier03_EMI_spring_1_8
Fra:22 Mem:302.88M (Peak 302.88M) | Time:00:00.30 | Mem:0.00M, Peak:0.00M | C6420_4N_24SFF_v002_MASTER, ViewLayer | Synchronizing object | Carrier04_activity_symbol
Fra:22 Mem:302.80M (Peak 302.88M) | Time:00:00.30 | Mem:0.00M, Peak:0.00M | C6420_4N_24SFF_v002_MASTER, ViewLayer | Synchronizing object | Carrier22_EMI_spring_1_5
Fra:22 Mem:302.87M (Peak 302.88M) | Time:00:00.30 | Mem:0.00M, Peak:0.00M | C6420_4N_24SFF_v002_MASTER, ViewLayer | Synchronizing object | Carrier04_EMI_spring_-1_0
Fra:22 Mem:302.89M (Peak 302.89M) | Time:00:00.30 | Mem:0.00M, Peak:0.00M | C6420_4N_24SFF_v002_MASTER, ViewLayer | Synchronizing object | Carrier04_EMI_spring_-1_1
Fra:22 Mem:302.88M (Peak 302.89M) | Time:00:00.30 | Mem:0.00M, Peak:0.00M | C6420_4N_24SFF_v002_MASTER, ViewLayer | Synchronizing object | Carrier04_EMI_spring_-1_2
Fra:22 Mem:302.89M (Peak 302.89M) | Time:00:00.30 | Mem:0.00M, Peak:0.00M | C6420_4N_24SFF_v002_MASTER, ViewLayer | Synchronizing object | Carrier22_EMI_spring_1_4
Fra:22 Mem:302.97M (Peak 302.97M) | Time:00:00.30 | Mem:0.00M, Peak:0.00M | C6420_4N_24SFF_v002_MASTER, ViewLayer | Synchronizing object | Carrier04_EMI_spring_-1_3
Fra:22 Mem:303.03M (Peak 303.03M) | Time:00:00.30 | Mem:0.00M, Peak:0.00M | C6420_4N_24SFF_v002_MASTER, ViewLayer | Synchronizing object | Carrier04_EMI_spring_-1_4
Fra:22 Mem:303.04M (Peak 303.04M) | Time:00:00.30 | Mem:0.00M, Peak:0.00M | C6420_4N_24SFF_v002_MASTER, ViewLayer | Synchronizing object | Carrier04_EMI_spring_-1_5
Fra:22 Mem:303.04M (Peak 303.04M) | Time:00:00.30 | Mem:0.00M, Peak:0.00M | C6420_4N_24SFF_v002_MASTER, ViewLayer | Synchronizing object | Carrier04_EMI_spring_-1_6
Fra:22 Mem:302.85M (Peak 303.04M) | Time:00:00.30 | Mem:0.00M, Peak:0.00M | C6420_4N_24SFF_v002_MASTER, ViewLayer | Synchronizing object | Carrier22_EMI_spring_1_3
Fra:22 Mem:302.94M (Peak 303.04M) | Time:00:00.30 | Mem:0.00M, Peak:0.00M | C6420_4N_24SFF_v002_MASTER, ViewLayer | Synchronizing object | Carrier04_EMI_spring_-1_7
Fra:22 Mem:303.46M (Peak 303.46M) | Time:00:00.30 | Mem:0.00M, Peak:0.00M | C6420_4N_24SFF_v002_MASTER, ViewLayer | Synchronizing object | Carrier04_EMI_spring_-1_8
Fra:22 Mem:303.47M (Peak 303.47M) | Time:00:00.30 | Mem:0.00M, Peak:0.00M | C6420_4N_24SFF_v002_MASTER, ViewLayer | Synchronizing object | Carrier04_EMI_spring_1_0
Fra:22 Mem:303.41M (Peak 303.47M) | Time:00:00.30 | Mem:0.00M, Peak:0.00M | C6420_4N_24SFF_v002_MASTER, ViewLayer | Synchronizing object | Carrier22_EMI_spring_1_2
Fra:22 Mem:303.44M (Peak 303.47M) | Time:00:00.30 | Mem:0.00M, Peak:0.00M | C6420_4N_24SFF_v002_MASTER, ViewLayer | Synchronizing object | Carrier22_EMI_spring_1_1
Fra:22 Mem:303.53M (Peak 303.53M) | Time:00:00.30 | Mem:0.00M, Peak:0.00M | C6420_4N_24SFF_v002_MASTER, ViewLayer | Synchronizing object | Carrier04_EMI_spring_1_1
Fra:22 Mem:303.55M (Peak 303.55M) | Time:00:00.30 | Mem:0.00M, Peak:0.00M | C6420_4N_24SFF_v002_MASTER, ViewLayer | Synchronizing object | Carrier22_EMI_spring_1_0
Fra:22 Mem:303.69M (Peak 303.69M) | Time:00:00.30 | Mem:0.00M, Peak:0.00M | C6420_4N_24SFF_v002_MASTER, ViewLayer | Synchronizing object | Carrier04_EMI_spring_1_2
Fra:22 Mem:303.69M (Peak 303.69M) | Time:00:00.30 | Mem:0.00M, Peak:0.00M | C6420_4N_24SFF_v002_MASTER, ViewLayer | Synchronizing object | Carrier04_EMI_spring_1_4
Fra:22 Mem:303.68M (Peak 303.69M) | Time:00:00.30 | Mem:0.00M, Peak:0.00M | C6420_4N_24SFF_v002_MASTER, ViewLayer | Synchronizing object | Carrier22_EMI_spring_-1_8
Fra:22 Mem:303.73M (Peak 303.73M) | Time:00:00.30 | Mem:0.00M, Peak:0.00M | C6420_4N_24SFF_v002_MASTER, ViewLayer | Synchronizing object | Carrier04_EMI_spring_1_6
Fra:22 Mem:304.00M (Peak 304.01M) | Time:00:00.30 | Mem:0.00M, Peak:0.00M | C6420_4N_24SFF_v002_MASTER, ViewLayer | Synchronizing object | Carrier04_EMI_spring_1_7
Fra:22 Mem:304.01M (Peak 304.01M) | Time:00:00.30 | Mem:0.00M, Peak:0.00M | C6420_4N_24SFF_v002_MASTER, ViewLayer | Synchronizing object | Carrier22_EMI_spring_-1_7
Fra:22 Mem:304.04M (Peak 304.04M) | Time:00:00.30 | Mem:0.00M, Peak:0.00M | C6420_4N_24SFF_v002_MASTER, ViewLayer | Synchronizing object | Carrier04_EMI_spring_1_8
Fra:22 Mem:304.03M (Peak 304.04M) | Time:00:00.30 | Mem:0.00M, Peak:0.00M | C6420_4N_24SFF_v002_MASTER, ViewLayer | Synchronizing object | Carrier05_hinge_return_spring
Fra:22 Mem:304.70M (Peak 304.70M) | Time:00:00.30 | Mem:0.00M, Peak:0.00M | C6420_4N_24SFF_v002_MASTER, ViewLayer | Synchronizing object | Carrier22_EMI_spring_-1_6
Fra:22 Mem:305.77M (Peak 305.77M) | Time:00:00.30 | Mem:0.00M, Peak:0.00M | C6420_4N_24SFF_v002_MASTER, ViewLayer | Synchronizing object | Carrier05_activity_symbol
Fra:22 Mem:305.81M (Peak 305.81M) | Time:00:00.30 | Mem:0.00M, Peak:0.00M | C6420_4N_24SFF_v002_MASTER, ViewLayer | Synchronizing object | Carrier05_EMI_spring_-1_0
Fra:22 Mem:305.82M (Peak 305.82M) | Time:00:00.30 | Mem:0.00M, Peak:0.00M | C6420_4N_24SFF_v002_MASTER, ViewLayer | Synchronizing object | Carrier22_EMI_spring_-1_5
Fra:22 Mem:305.83M (Peak 305.83M) | Time:00:00.30 | Mem:0.00M, Peak:0.00M | C6420_4N_24SFF_v002_MASTER, ViewLayer | Synchronizing object | Carrier05_EMI_spring_-1_2
Fra:22 Mem:305.88M (Peak 305.88M) | Time:00:00.30 | Mem:0.00M, Peak:0.00M | C6420_4N_24SFF_v002_MASTER, ViewLayer | Synchronizing object | Carrier05_EMI_spring_-1_3
Fra:22 Mem:305.34M (Peak 305.88M) | Time:00:00.30 | Mem:0.00M, Peak:0.00M | C6420_4N_24SFF_v002_MASTER, ViewLayer | Synchronizing object | Carrier05_EMI_spring_-1_4
Fra:22 Mem:305.34M (Peak 305.88M) | Time:00:00.30 | Mem:0.00M, Peak:0.00M | C6420_4N_24SFF_v002_MASTER, ViewLayer | Synchronizing object | Carrier22_EMI_spring_-1_4
Fra:22 Mem:305.27M (Peak 305.88M) | Time:00:00.30 | Mem:0.00M, Peak:0.00M | C6420_4N_24SFF_v002_MASTER, ViewLayer | Synchronizing object | Carrier05_EMI_spring_-1_5
Fra:22 Mem:305.35M (Peak 305.88M) | Time:00:00.30 | Mem:0.00M, Peak:0.00M | C6420_4N_24SFF_v002_MASTER, ViewLayer | Synchronizing object | Carrier05_EMI_spring_-1_6
Fra:22 Mem:305.35M (Peak 305.88M) | Time:00:00.30 | Mem:0.00M, Peak:0.00M | C6420_4N_24SFF_v002_MASTER, ViewLayer | Synchronizing object | Carrier05_EMI_spring_-1_7
Fra:22 Mem:305.43M (Peak 305.88M) | Time:00:00.30 | Mem:0.00M, Peak:0.00M | C6420_4N_24SFF_v002_MASTER, ViewLayer | Synchronizing object | Carrier05_EMI_spring_1_0
Fra:22 Mem:305.43M (Peak 305.88M) | Time:00:00.30 | Mem:0.00M, Peak:0.00M | C6420_4N_24SFF_v002_MASTER, ViewLayer | Synchronizing object | Carrier05_EMI_spring_1_1
Fra:22 Mem:305.21M (Peak 305.88M) | Time:00:00.30 | Mem:0.00M, Peak:0.00M | C6420_4N_24SFF_v002_MASTER, ViewLayer | Synchronizing object | Carrier05_EMI_spring_1_2
Fra:22 Mem:305.36M (Peak 305.88M) | Time:00:00.30 | Mem:0.00M, Peak:0.00M | C6420_4N_24SFF_v002_MASTER, ViewLayer | Synchronizing object | Carrier05_EMI_spring_1_3
Fra:22 Mem:305.72M (Peak 305.88M) | Time:00:00.30 | Mem:0.00M, Peak:0.00M | C6420_4N_24SFF_v002_MASTER, ViewLayer | Synchronizing object | Carrier05_EMI_spring_1_4
Fra:22 Mem:305.71M (Peak 305.88M) | Time:00:00.30 | Mem:0.00M, Peak:0.00M | C6420_4N_24SFF_v002_MASTER, ViewLayer | Synchronizing object | Carrier22_EMI_spring_-1_2
Fra:22 Mem:305.59M (Peak 305.88M) | Time:00:00.30 | Mem:0.00M, Peak:0.00M | C6420_4N_24SFF_v002_MASTER, ViewLayer | Synchronizing object | Carrier05_EMI_spring_1_6
Fra:22 Mem:305.61M (Peak 305.88M) | Time:00:00.30 | Mem:0.00M, Peak:0.00M | C6420_4N_24SFF_v002_MASTER, ViewLayer | Synchronizing object | Carrier22_EMI_spring_-1_1
Fra:22 Mem:303.08M (Peak 305.88M) | Time:00:00.30 | Mem:0.00M, Peak:0.00M | C6420_4N_24SFF_v002_MASTER, ViewLayer | Synchronizing object | Carrier22_EMI_spring_-1_0
Fra:22 Mem:303.10M (Peak 305.88M) | Time:00:00.30 | Mem:0.00M, Peak:0.00M | C6420_4N_24SFF_v002_MASTER, ViewLayer | Synchronizing object | Carrier05_EMI_spring_1_7
Fra:22 Mem:303.12M (Peak 305.88M) | Time:00:00.30 | Mem:0.00M, Peak:0.00M | C6420_4N_24SFF_v002_MASTER, ViewLayer | Synchronizing object | Carrier05_EMI_spring_1_8
Fra:22 Mem:303.14M (Peak 305.88M) | Time:00:00.30 | Mem:0.00M, Peak:0.00M | C6420_4N_24SFF_v002_MASTER, ViewLayer | Synchronizing object | Carrier06_hinge_return_spring
Fra:22 Mem:303.13M (Peak 305.88M) | Time:00:00.30 | Mem:0.00M, Peak:0.00M | C6420_4N_24SFF_v002_MASTER, ViewLayer | Synchronizing object | Carrier22_activity_symbol
Fra:22 Mem:305.34M (Peak 305.88M) | Time:00:00.30 | Mem:0.00M, Peak:0.00M | C6420_4N_24SFF_v002_MASTER, ViewLayer | Synchronizing object | Carrier22_hinge_return_spring
Fra:22 Mem:306.04M (Peak 306.04M) | Time:00:00.30 | Mem:0.00M, Peak:0.00M | C6420_4N_24SFF_v002_MASTER, ViewLayer | Synchronizing object | Carrier06_activity_symbol
Fra:22 Mem:306.12M (Peak 306.12M) | Time:00:00.30 | Mem:0.00M, Peak:0.00M | C6420_4N_24SFF_v002_MASTER, ViewLayer | Synchronizing object | Carrier06_EMI_spring_-1_0
Fra:22 Mem:305.97M (Peak 306.12M) | Time:00:00.30 | Mem:0.00M, Peak:0.00M | C6420_4N_24SFF_v002_MASTER, ViewLayer | Synchronizing object | Carrier06_EMI_spring_-1_1
Fra:22 Mem:306.07M (Peak 306.12M) | Time:00:00.30 | Mem:0.00M, Peak:0.00M | C6420_4N_24SFF_v002_MASTER, ViewLayer | Synchronizing object | Carrier06_EMI_spring_-1_2
Fra:22 Mem:307.24M (Peak 307.25M) | Time:00:00.30 | Mem:0.00M, Peak:0.00M | C6420_4N_24SFF_v002_MASTER, ViewLayer | Synchronizing object | Carrier06_EMI_spring_-1_3
Fra:22 Mem:307.46M (Peak 307.46M) | Time:00:00.30 | Mem:0.00M, Peak:0.00M | C6420_4N_24SFF_v002_MASTER, ViewLayer | Synchronizing object | Carrier06_EMI_spring_-1_4
Fra:22 Mem:307.00M (Peak 307.46M) | Time:00:00.30 | Mem:0.00M, Peak:0.00M | C6420_4N_24SFF_v002_MASTER, ViewLayer | Synchronizing object | Carrier06_EMI_spring_-1_5
Fra:22 Mem:307.03M (Peak 307.46M) | Time:00:00.30 | Mem:0.00M, Peak:0.00M | C6420_4N_24SFF_v002_MASTER, ViewLayer | Synchronizing object | Carrier06_EMI_spring_-1_6
Fra:22 Mem:307.15M (Peak 307.46M) | Time:00:00.30 | Mem:0.00M, Peak:0.00M | C6420_4N_24SFF_v002_MASTER, ViewLayer | Synchronizing object | Carrier06_EMI_spring_-1_7
Fra:22 Mem:307.17M (Peak 307.46M) | Time:00:00.30 | Mem:0.00M, Peak:0.00M | C6420_4N_24SFF_v002_MASTER, ViewLayer | Synchronizing object | Carrier06_EMI_spring_-1_8
Fra:22 Mem:307.18M (Peak 307.46M) | Time:00:00.30 | Mem:0.00M, Peak:0.00M | C6420_4N_24SFF_v002_MASTER, ViewLayer | Synchronizing object | Carrier06_EMI_spring_1_0
Fra:22 Mem:307.21M (Peak 307.46M) | Time:00:00.30 | Mem:0.00M, Peak:0.00M | C6420_4N_24SFF_v002_MASTER, ViewLayer | Synchronizing object | Carrier06_EMI_spring_1_2
Fra:22 Mem:307.21M (Peak 307.46M) | Time:00:00.30 | Mem:0.00M, Peak:0.00M | C6420_4N_24SFF_v002_MASTER, ViewLayer | Synchronizing object | Carrier06_EMI_spring_1_3
Fra:22 Mem:307.75M (Peak 307.75M) | Time:00:00.30 | Mem:0.00M, Peak:0.00M | C6420_4N_24SFF_v002_MASTER, ViewLayer | Synchronizing object | Carrier06_EMI_spring_1_4
Fra:22 Mem:307.73M (Peak 307.75M) | Time:00:00.30 | Mem:0.00M, Peak:0.00M | C6420_4N_24SFF_v002_MASTER, ViewLayer | Synchronizing object | Carrier06_EMI_spring_1_6
Fra:22 Mem:307.73M (Peak 307.75M) | Time:00:00.30 | Mem:0.00M, Peak:0.00M | C6420_4N_24SFF_v002_MASTER, ViewLayer | Synchronizing object | Carrier06_EMI_spring_1_8
Fra:22 Mem:308.63M (Peak 308.63M) | Time:00:00.30 | Mem:0.00M, Peak:0.00M | C6420_4N_24SFF_v002_MASTER, ViewLayer | Synchronizing object | Carrier07_hinge_return_spring
Fra:22 Mem:308.62M (Peak 308.63M) | Time:00:00.30 | Mem:0.00M, Peak:0.00M | C6420_4N_24SFF_v002_MASTER, ViewLayer | Synchronizing object | Carrier07_activity_symbol
Fra:22 Mem:308.62M (Peak 308.63M) | Time:00:00.30 | Mem:0.00M, Peak:0.00M | C6420_4N_24SFF_v002_MASTER, ViewLayer | Synchronizing object | Carrier07_EMI_spring_-1_0
Fra:22 Mem:308.63M (Peak 308.63M) | Time:00:00.30 | Mem:0.00M, Peak:0.00M | C6420_4N_24SFF_v002_MASTER, ViewLayer | Synchronizing object | Carrier07_EMI_spring_-1_1
Fra:22 Mem:308.39M (Peak 308.63M) | Time:00:00.30 | Mem:0.00M, Peak:0.00M | C6420_4N_24SFF_v002_MASTER, ViewLayer | Synchronizing object | Carrier07_EMI_spring_-1_2
Fra:22 Mem:308.40M (Peak 308.63M) | Time:00:00.30 | Mem:0.00M, Peak:0.00M | C6420_4N_24SFF_v002_MASTER, ViewLayer | Synchronizing object | Carrier07_EMI_spring_-1_3
Fra:22 Mem:308.45M (Peak 308.63M) | Time:00:00.30 | Mem:0.00M, Peak:0.00M | C6420_4N_24SFF_v002_MASTER, ViewLayer | Synchronizing object | Carrier07_EMI_spring_-1_4
Fra:22 Mem:308.45M (Peak 308.63M) | Time:00:00.30 | Mem:0.00M, Peak:0.00M | C6420_4N_24SFF_v002_MASTER, ViewLayer | Synchronizing object | Carrier07_EMI_spring_-1_5
Fra:22 Mem:308.44M (Peak 308.63M) | Time:00:00.30 | Mem:0.00M, Peak:0.00M | C6420_4N_24SFF_v002_MASTER, ViewLayer | Synchronizing object | Carrier07_EMI_spring_-1_6
Fra:22 Mem:308.45M (Peak 308.63M) | Time:00:00.30 | Mem:0.00M, Peak:0.00M | C6420_4N_24SFF_v002_MASTER, ViewLayer | Synchronizing object | Carrier07_EMI_spring_-1_7
Fra:22 Mem:305.38M (Peak 308.63M) | Time:00:00.30 | Mem:0.00M, Peak:0.00M | C6420_4N_24SFF_v002_MASTER, ViewLayer | Synchronizing object | Carrier07_EMI_spring_-1_8
Fra:22 Mem:305.74M (Peak 308.63M) | Time:00:00.30 | Mem:0.00M, Peak:0.00M | C6420_4N_24SFF_v002_MASTER, ViewLayer | Synchronizing object | Carrier21_EMI_spring_1_8
Fra:22 Mem:305.75M (Peak 308.63M) | Time:00:00.30 | Mem:0.00M, Peak:0.00M | C6420_4N_24SFF_v002_MASTER, ViewLayer | Synchronizing object | Carrier07_EMI_spring_1_0
Fra:22 Mem:305.75M (Peak 308.63M) | Time:00:00.30 | Mem:0.00M, Peak:0.00M | C6420_4N_24SFF_v002_MASTER, ViewLayer | Synchronizing object | Carrier21_EMI_spring_1_7
Fra:22 Mem:305.92M (Peak 308.63M) | Time:00:00.30 | Mem:0.00M, Peak:0.00M | C6420_4N_24SFF_v002_MASTER, ViewLayer | Synchronizing object | Carrier21_EMI_spring_1_6
Fra:22 Mem:305.93M (Peak 308.63M) | Time:00:00.30 | Mem:0.00M, Peak:0.00M | C6420_4N_24SFF_v002_MASTER, ViewLayer | Synchronizing object | Carrier21_EMI_spring_1_5
Fra:22 Mem:305.95M (Peak 308.63M) | Time:00:00.30 | Mem:0.00M, Peak:0.00M | C6420_4N_24SFF_v002_MASTER, ViewLayer | Synchronizing object | Carrier07_EMI_spring_1_1
Fra:22 Mem:305.97M (Peak 308.63M) | Time:00:00.30 | Mem:0.00M, Peak:0.00M | C6420_4N_24SFF_v002_MASTER, ViewLayer | Synchronizing object | Carrier21_EMI_spring_1_4
Fra:22 Mem:305.97M (Peak 308.63M) | Time:00:00.30 | Mem:0.00M, Peak:0.00M | C6420_4N_24SFF_v002_MASTER, ViewLayer | Synchronizing object | Carrier07_EMI_spring_1_2
Fra:22 Mem:305.98M (Peak 308.63M) | Time:00:00.30 | Mem:0.00M, Peak:0.00M | C6420_4N_24SFF_v002_MASTER, ViewLayer | Synchronizing object | Carrier07_EMI_spring_1_3
Fra:22 Mem:306.52M (Peak 308.63M) | Time:00:00.30 | Mem:0.00M, Peak:0.00M | C6420_4N_24SFF_v002_MASTER, ViewLayer | Synchronizing object | Carrier21_EMI_spring_1_3
Fra:22 Mem:306.56M (Peak 308.63M) | Time:00:00.30 | Mem:0.00M, Peak:0.00M | C6420_4N_24SFF_v002_MASTER, ViewLayer | Synchronizing object | Carrier07_EMI_spring_1_4
Fra:22 Mem:306.55M (Peak 308.63M) | Time:00:00.30 | Mem:0.00M, Peak:0.00M | C6420_4N_24SFF_v002_MASTER, ViewLayer | Synchronizing object | Carrier07_EMI_spring_1_5
Fra:22 Mem:306.56M (Peak 308.63M) | Time:00:00.30 | Mem:0.00M, Peak:0.00M | C6420_4N_24SFF_v002_MASTER, ViewLayer | Synchronizing object | Carrier07_EMI_spring_1_6
Fra:22 Mem:306.57M (Peak 308.63M) | Time:00:00.30 | Mem:0.00M, Peak:0.00M | C6420_4N_24SFF_v002_MASTER, ViewLayer | Synchronizing object | Carrier07_EMI_spring_1_7
Fra:22 Mem:306.59M (Peak 308.63M) | Time:00:00.30 | Mem:0.00M, Peak:0.00M | C6420_4N_24SFF_v002_MASTER, ViewLayer | Synchronizing object | Carrier21_EMI_spring_1_2
Fra:22 Mem:306.60M (Peak 308.63M) | Time:00:00.30 | Mem:0.00M, Peak:0.00M | C6420_4N_24SFF_v002_MASTER, ViewLayer | Synchronizing object | Carrier07_EMI_spring_1_8
Fra:22 Mem:306.50M (Peak 308.63M) | Time:00:00.30 | Mem:0.00M, Peak:0.00M | C6420_4N_24SFF_v002_MASTER, ViewLayer | Synchronizing object | Carrier21_EMI_spring_1_1
Fra:22 Mem:307.71M (Peak 308.63M) | Time:00:00.30 | Mem:0.00M, Peak:0.00M | C6420_4N_24SFF_v002_MASTER, ViewLayer | Synchronizing object | Carrier21_EMI_spring_1_0
Fra:22 Mem:308.78M (Peak 308.78M) | Time:00:00.30 | Mem:0.00M, Peak:0.00M | C6420_4N_24SFF_v002_MASTER, ViewLayer | Synchronizing object | Carrier21_EMI_spring_-1_8
Fra:22 Mem:308.79M (Peak 308.79M) | Time:00:00.30 | Mem:0.00M, Peak:0.00M | C6420_4N_24SFF_v002_MASTER, ViewLayer | Synchronizing object | Carrier21_EMI_spring_-1_7
Fra:22 Mem:308.80M (Peak 308.80M) | Time:00:00.31 | Mem:0.00M, Peak:0.00M | C6420_4N_24SFF_v002_MASTER, ViewLayer | Synchronizing object | Carrier21_EMI_spring_-1_6
Fra:22 Mem:309.28M (Peak 309.28M) | Time:00:00.31 | Mem:0.00M, Peak:0.00M | C6420_4N_24SFF_v002_MASTER, ViewLayer | Synchronizing object | Carrier21_EMI_spring_-1_5
Fra:22 Mem:309.30M (Peak 309.30M) | Time:00:00.31 | Mem:0.00M, Peak:0.00M | C6420_4N_24SFF_v002_MASTER, ViewLayer | Synchronizing object | Carrier21_EMI_spring_-1_4
Fra:22 Mem:309.78M (Peak 309.78M) | Time:00:00.31 | Mem:0.00M, Peak:0.00M | C6420_4N_24SFF_v002_MASTER, ViewLayer | Synchronizing object | Carrier21_EMI_spring_-1_3
Fra:22 Mem:309.79M (Peak 309.79M) | Time:00:00.31 | Mem:0.00M, Peak:0.00M | C6420_4N_24SFF_v002_MASTER, ViewLayer | Synchronizing object | Carrier21_EMI_spring_-1_2
Fra:22 Mem:309.80M (Peak 309.80M) | Time:00:00.31 | Mem:0.00M, Peak:0.00M | C6420_4N_24SFF_v002_MASTER, ViewLayer | Synchronizing object | Carrier21_EMI_spring_-1_1
Fra:22 Mem:309.81M (Peak 309.81M) | Time:00:00.31 | Mem:0.00M, Peak:0.00M | C6420_4N_24SFF_v002_MASTER, ViewLayer | Synchronizing object | Carrier21_EMI_spring_-1_0
Fra:22 Mem:309.82M (Peak 309.82M) | Time:00:00.31 | Mem:0.00M, Peak:0.00M | C6420_4N_24SFF_v002_MASTER, ViewLayer | Synchronizing object | Carrier21_activity_symbol
Fra:22 Mem:311.95M (Peak 311.96M) | Time:00:00.31 | Mem:0.00M, Peak:0.00M | C6420_4N_24SFF_v002_MASTER, ViewLayer | Synchronizing object | Carrier21_hinge_return_spring
Fra:22 Mem:312.10M (Peak 312.10M) | Time:00:00.31 | Mem:0.00M, Peak:0.00M | C6420_4N_24SFF_v002_MASTER, ViewLayer | Synchronizing object | Carrier20_EMI_spring_1_8
Fra:22 Mem:312.11M (Peak 312.11M) | Time:00:00.31 | Mem:0.00M, Peak:0.00M | C6420_4N_24SFF_v002_MASTER, ViewLayer | Synchronizing object | Carrier20_EMI_spring_1_7
Fra:22 Mem:312.12M (Peak 312.12M) | Time:00:00.31 | Mem:0.00M, Peak:0.00M | C6420_4N_24SFF_v002_MASTER, ViewLayer | Synchronizing object | Carrier20_EMI_spring_1_6
Fra:22 Mem:312.13M (Peak 312.13M) | Time:00:00.31 | Mem:0.00M, Peak:0.00M | C6420_4N_24SFF_v002_MASTER, ViewLayer | Synchronizing object | Carrier20_EMI_spring_1_5
Fra:22 Mem:312.15M (Peak 312.15M) | Time:00:00.31 | Mem:0.00M, Peak:0.00M | C6420_4N_24SFF_v002_MASTER, ViewLayer | Synchronizing object | Carrier20_EMI_spring_1_4
Fra:22 Mem:312.16M (Peak 312.16M) | Time:00:00.31 | Mem:0.00M, Peak:0.00M | C6420_4N_24SFF_v002_MASTER, ViewLayer | Synchronizing object | Carrier20_EMI_spring_1_3
Fra:22 Mem:313.23M (Peak 313.24M) | Time:00:00.31 | Mem:0.00M, Peak:0.00M | C6420_4N_24SFF_v002_MASTER, ViewLayer | Synchronizing object | Carrier20_EMI_spring_1_2
Fra:22 Mem:313.24M (Peak 313.24M) | Time:00:00.31 | Mem:0.00M, Peak:0.00M | C6420_4N_24SFF_v002_MASTER, ViewLayer | Synchronizing object | Carrier20_EMI_spring_1_1
Fra:22 Mem:313.78M (Peak 313.78M) | Time:00:00.31 | Mem:0.00M, Peak:0.00M | C6420_4N_24SFF_v002_MASTER, ViewLayer | Synchronizing object | Carrier20_EMI_spring_1_0
Fra:22 Mem:313.79M (Peak 313.79M) | Time:00:00.31 | Mem:0.00M, Peak:0.00M | C6420_4N_24SFF_v002_MASTER, ViewLayer | Synchronizing object | Carrier20_EMI_spring_-1_8
Fra:22 Mem:313.80M (Peak 313.80M) | Time:00:00.31 | Mem:0.00M, Peak:0.00M | C6420_4N_24SFF_v002_MASTER, ViewLayer | Synchronizing object | Carrier20_EMI_spring_-1_7
Fra:22 Mem:313.81M (Peak 313.81M) | Time:00:00.31 | Mem:0.00M, Peak:0.00M | C6420_4N_24SFF_v002_MASTER, ViewLayer | Synchronizing object | Carrier20_EMI_spring_-1_6
Fra:22 Mem:313.82M (Peak 313.82M) | Time:00:00.31 | Mem:0.00M, Peak:0.00M | C6420_4N_24SFF_v002_MASTER, ViewLayer | Synchronizing object | Carrier20_EMI_spring_-1_5
Fra:22 Mem:313.83M (Peak 313.83M) | Time:00:00.31 | Mem:0.00M, Peak:0.00M | C6420_4N_24SFF_v002_MASTER, ViewLayer | Synchronizing object | Carrier20_EMI_spring_-1_4
Fra:22 Mem:313.84M (Peak 313.84M) | Time:00:00.31 | Mem:0.00M, Peak:0.00M | C6420_4N_24SFF_v002_MASTER, ViewLayer | Synchronizing object | Carrier20_EMI_spring_-1_3
Fra:22 Mem:313.85M (Peak 313.85M) | Time:00:00.31 | Mem:0.00M, Peak:0.00M | C6420_4N_24SFF_v002_MASTER, ViewLayer | Synchronizing object | Carrier20_EMI_spring_-1_2
Fra:22 Mem:315.98M (Peak 315.99M) | Time:00:00.31 | Mem:0.00M, Peak:0.00M | C6420_4N_24SFF_v002_MASTER, ViewLayer | Synchronizing object | Carrier20_EMI_spring_-1_1
Fra:22 Mem:315.99M (Peak 315.99M) | Time:00:00.31 | Mem:0.00M, Peak:0.00M | C6420_4N_24SFF_v002_MASTER, ViewLayer | Synchronizing object | Carrier20_EMI_spring_-1_0
Fra:22 Mem:316.00M (Peak 316.00M) | Time:00:00.31 | Mem:0.00M, Peak:0.00M | C6420_4N_24SFF_v002_MASTER, ViewLayer | Synchronizing object | Carrier20_activity_symbol
Fra:22 Mem:316.03M (Peak 316.03M) | Time:00:00.31 | Mem:0.00M, Peak:0.00M | C6420_4N_24SFF_v002_MASTER, ViewLayer | Synchronizing object | Carrier08_hinge_return_spring
Fra:22 Mem:316.01M (Peak 316.03M) | Time:00:00.31 | Mem:0.00M, Peak:0.00M | C6420_4N_24SFF_v002_MASTER, ViewLayer | Synchronizing object | Carrier20_hinge_return_spring
Fra:22 Mem:316.56M (Peak 316.56M) | Time:00:00.31 | Mem:0.00M, Peak:0.00M | C6420_4N_24SFF_v002_MASTER, ViewLayer | Synchronizing object | Carrier08_activity_symbol
Fra:22 Mem:316.44M (Peak 316.56M) | Time:00:00.31 | Mem:0.00M, Peak:0.00M | C6420_4N_24SFF_v002_MASTER, ViewLayer | Synchronizing object | Carrier08_EMI_spring_-1_0
Fra:22 Mem:316.34M (Peak 316.56M) | Time:00:00.31 | Mem:0.00M, Peak:0.00M | C6420_4N_24SFF_v002_MASTER, ViewLayer | Synchronizing object | Carrier19_EMI_spring_1_8
Fra:22 Mem:316.35M (Peak 316.56M) | Time:00:00.31 | Mem:0.00M, Peak:0.00M | C6420_4N_24SFF_v002_MASTER, ViewLayer | Synchronizing object | Carrier19_EMI_spring_1_7
Fra:22 Mem:316.36M (Peak 316.56M) | Time:00:00.31 | Mem:0.00M, Peak:0.00M | C6420_4N_24SFF_v002_MASTER, ViewLayer | Synchronizing object | Carrier19_EMI_spring_1_6
Fra:22 Mem:316.90M (Peak 316.90M) | Time:00:00.31 | Mem:0.00M, Peak:0.00M | C6420_4N_24SFF_v002_MASTER, ViewLayer | Synchronizing object | Carrier19_EMI_spring_1_5
Fra:22 Mem:316.91M (Peak 316.91M) | Time:00:00.31 | Mem:0.00M, Peak:0.00M | C6420_4N_24SFF_v002_MASTER, ViewLayer | Synchronizing object | Carrier19_EMI_spring_1_4
Fra:22 Mem:316.92M (Peak 316.92M) | Time:00:00.31 | Mem:0.00M, Peak:0.00M | C6420_4N_24SFF_v002_MASTER, ViewLayer | Synchronizing object | Carrier19_EMI_spring_1_3
Fra:22 Mem:316.93M (Peak 316.93M) | Time:00:00.31 | Mem:0.00M, Peak:0.00M | C6420_4N_24SFF_v002_MASTER, ViewLayer | Synchronizing object | Carrier19_EMI_spring_1_2
Fra:22 Mem:316.94M (Peak 316.94M) | Time:00:00.31 | Mem:0.00M, Peak:0.00M | C6420_4N_24SFF_v002_MASTER, ViewLayer | Synchronizing object | Carrier19_EMI_spring_1_1
Fra:22 Mem:316.95M (Peak 316.95M) | Time:00:00.31 | Mem:0.00M, Peak:0.00M | C6420_4N_24SFF_v002_MASTER, ViewLayer | Synchronizing object | Carrier19_EMI_spring_1_0
Fra:22 Mem:316.96M (Peak 316.96M) | Time:00:00.31 | Mem:0.00M, Peak:0.00M | C6420_4N_24SFF_v002_MASTER, ViewLayer | Synchronizing object | Carrier19_EMI_spring_-1_8
Fra:22 Mem:316.98M (Peak 316.98M) | Time:00:00.31 | Mem:0.00M, Peak:0.00M | C6420_4N_24SFF_v002_MASTER, ViewLayer | Synchronizing object | Carrier19_EMI_spring_-1_7
Fra:22 Mem:316.99M (Peak 316.99M) | Time:00:00.31 | Mem:0.00M, Peak:0.00M | C6420_4N_24SFF_v002_MASTER, ViewLayer | Synchronizing object | Carrier19_EMI_spring_-1_6
Fra:22 Mem:317.00M (Peak 317.00M) | Time:00:00.32 | Mem:0.00M, Peak:0.00M | C6420_4N_24SFF_v002_MASTER, ViewLayer | Synchronizing object | Carrier19_EMI_spring_-1_5
Fra:22 Mem:317.01M (Peak 317.01M) | Time:00:00.32 | Mem:0.00M, Peak:0.00M | C6420_4N_24SFF_v002_MASTER, ViewLayer | Synchronizing object | Carrier19_EMI_spring_-1_4
Fra:22 Mem:317.02M (Peak 317.02M) | Time:00:00.32 | Mem:0.00M, Peak:0.00M | C6420_4N_24SFF_v002_MASTER, ViewLayer | Synchronizing object | Carrier19_EMI_spring_-1_3
Fra:22 Mem:317.03M (Peak 317.03M) | Time:00:00.32 | Mem:0.00M, Peak:0.00M | C6420_4N_24SFF_v002_MASTER, ViewLayer | Synchronizing object | Carrier19_EMI_spring_-1_2
Fra:22 Mem:317.04M (Peak 317.04M) | Time:00:00.32 | Mem:0.00M, Peak:0.00M | C6420_4N_24SFF_v002_MASTER, ViewLayer | Synchronizing object | Carrier19_EMI_spring_-1_1
Fra:22 Mem:317.05M (Peak 317.05M) | Time:00:00.32 | Mem:0.00M, Peak:0.00M | C6420_4N_24SFF_v002_MASTER, ViewLayer | Synchronizing object | Carrier19_EMI_spring_-1_0
Fra:22 Mem:317.06M (Peak 317.06M) | Time:00:00.32 | Mem:0.00M, Peak:0.00M | C6420_4N_24SFF_v002_MASTER, ViewLayer | Synchronizing object | Carrier19_activity_symbol
Fra:22 Mem:317.07M (Peak 317.07M) | Time:00:00.32 | Mem:0.00M, Peak:0.00M | C6420_4N_24SFF_v002_MASTER, ViewLayer | Synchronizing object | Carrier19_hinge_return_spring
Fra:22 Mem:317.23M (Peak 317.23M) | Time:00:00.32 | Mem:0.00M, Peak:0.00M | C6420_4N_24SFF_v002_MASTER, ViewLayer | Synchronizing object | Carrier18_EMI_spring_1_8
Fra:22 Mem:317.24M (Peak 317.24M) | Time:00:00.32 | Mem:0.00M, Peak:0.00M | C6420_4N_24SFF_v002_MASTER, ViewLayer | Synchronizing object | Carrier18_EMI_spring_1_7
Fra:22 Mem:317.26M (Peak 317.26M) | Time:00:00.32 | Mem:0.00M, Peak:0.00M | C6420_4N_24SFF_v002_MASTER, ViewLayer | Synchronizing object | Carrier08_EMI_spring_-1_1
Fra:22 Mem:317.27M (Peak 317.27M) | Time:00:00.32 | Mem:0.00M, Peak:0.00M | C6420_4N_24SFF_v002_MASTER, ViewLayer | Synchronizing object | Carrier18_EMI_spring_1_6
Fra:22 Mem:317.28M (Peak 317.28M) | Time:00:00.32 | Mem:0.00M, Peak:0.00M | C6420_4N_24SFF_v002_MASTER, ViewLayer | Synchronizing object | Carrier08_EMI_spring_-1_2
Fra:22 Mem:317.29M (Peak 317.29M) | Time:00:00.32 | Mem:0.00M, Peak:0.00M | C6420_4N_24SFF_v002_MASTER, ViewLayer | Synchronizing object | Carrier18_EMI_spring_1_5
Fra:22 Mem:317.30M (Peak 317.30M) | Time:00:00.32 | Mem:0.00M, Peak:0.00M | C6420_4N_24SFF_v002_MASTER, ViewLayer | Synchronizing object | Carrier08_EMI_spring_-1_3
Fra:22 Mem:317.30M (Peak 317.30M) | Time:00:00.32 | Mem:0.00M, Peak:0.00M | C6420_4N_24SFF_v002_MASTER, ViewLayer | Synchronizing object | Carrier18_EMI_spring_1_4
Fra:22 Mem:317.31M (Peak 317.31M) | Time:00:00.32 | Mem:0.00M, Peak:0.00M | C6420_4N_24SFF_v002_MASTER, ViewLayer | Synchronizing object | Carrier18_EMI_spring_1_3
Fra:22 Mem:317.33M (Peak 317.33M) | Time:00:00.32 | Mem:0.00M, Peak:0.00M | C6420_4N_24SFF_v002_MASTER, ViewLayer | Synchronizing object | Carrier18_EMI_spring_1_2
Fra:22 Mem:317.34M (Peak 317.34M) | Time:00:00.32 | Mem:0.00M, Peak:0.00M | C6420_4N_24SFF_v002_MASTER, ViewLayer | Synchronizing object | Carrier18_EMI_spring_1_1
Fra:22 Mem:317.35M (Peak 317.35M) | Time:00:00.32 | Mem:0.00M, Peak:0.00M | C6420_4N_24SFF_v002_MASTER, ViewLayer | Synchronizing object | Carrier08_EMI_spring_-1_4
Fra:22 Mem:317.37M (Peak 317.37M) | Time:00:00.32 | Mem:0.00M, Peak:0.00M | C6420_4N_24SFF_v002_MASTER, ViewLayer | Synchronizing object | Carrier18_EMI_spring_1_0
Fra:22 Mem:317.37M (Peak 317.37M) | Time:00:00.32 | Mem:0.00M, Peak:0.00M | C6420_4N_24SFF_v002_MASTER, ViewLayer | Synchronizing object | Carrier18_EMI_spring_-1_8
Fra:22 Mem:317.39M (Peak 317.39M) | Time:00:00.32 | Mem:0.00M, Peak:0.00M | C6420_4N_24SFF_v002_MASTER, ViewLayer | Synchronizing object | Carrier08_EMI_spring_-1_5
Fra:22 Mem:317.38M (Peak 317.39M) | Time:00:00.32 | Mem:0.00M, Peak:0.00M | C6420_4N_24SFF_v002_MASTER, ViewLayer | Synchronizing object | Carrier18_EMI_spring_-1_7
Fra:22 Mem:317.41M (Peak 317.41M) | Time:00:00.32 | Mem:0.00M, Peak:0.00M | C6420_4N_24SFF_v002_MASTER, ViewLayer | Synchronizing object | Carrier18_EMI_spring_-1_6
Fra:22 Mem:317.41M (Peak 317.41M) | Time:00:00.32 | Mem:0.00M, Peak:0.00M | C6420_4N_24SFF_v002_MASTER, ViewLayer | Synchronizing object | Carrier18_EMI_spring_-1_5
Fra:22 Mem:317.42M (Peak 317.42M) | Time:00:00.32 | Mem:0.00M, Peak:0.00M | C6420_4N_24SFF_v002_MASTER, ViewLayer | Synchronizing object | Carrier18_EMI_spring_-1_4
Fra:22 Mem:317.44M (Peak 317.44M) | Time:00:00.32 | Mem:0.00M, Peak:0.00M | C6420_4N_24SFF_v002_MASTER, ViewLayer | Synchronizing object | Carrier18_EMI_spring_-1_3
Fra:22 Mem:317.45M (Peak 317.45M) | Time:00:00.32 | Mem:0.00M, Peak:0.00M | C6420_4N_24SFF_v002_MASTER, ViewLayer | Synchronizing object | Carrier18_EMI_spring_-1_2
Fra:22 Mem:317.46M (Peak 317.46M) | Time:00:00.32 | Mem:0.00M, Peak:0.00M | C6420_4N_24SFF_v002_MASTER, ViewLayer | Synchronizing object | Carrier18_EMI_spring_-1_1
Fra:22 Mem:317.47M (Peak 317.47M) | Time:00:00.32 | Mem:0.00M, Peak:0.00M | C6420_4N_24SFF_v002_MASTER, ViewLayer | Synchronizing object | Carrier18_EMI_spring_-1_0
Fra:22 Mem:317.48M (Peak 317.48M) | Time:00:00.32 | Mem:0.00M, Peak:0.00M | C6420_4N_24SFF_v002_MASTER, ViewLayer | Synchronizing object | Carrier18_activity_symbol
Fra:22 Mem:317.49M (Peak 317.49M) | Time:00:00.32 | Mem:0.00M, Peak:0.00M | C6420_4N_24SFF_v002_MASTER, ViewLayer | Synchronizing object | Carrier18_hinge_return_spring
Fra:22 Mem:317.76M (Peak 317.76M) | Time:00:00.32 | Mem:0.00M, Peak:0.00M | C6420_4N_24SFF_v002_MASTER, ViewLayer | Synchronizing object | Carrier08_EMI_spring_-1_6
Fra:22 Mem:317.65M (Peak 317.76M) | Time:00:00.32 | Mem:0.00M, Peak:0.00M | C6420_4N_24SFF_v002_MASTER, ViewLayer | Synchronizing object | Carrier17_EMI_spring_1_8
Fra:22 Mem:317.66M (Peak 317.76M) | Time:00:00.32 | Mem:0.00M, Peak:0.00M | C6420_4N_24SFF_v002_MASTER, ViewLayer | Synchronizing object | Carrier17_EMI_spring_1_7
Fra:22 Mem:317.68M (Peak 317.76M) | Time:00:00.32 | Mem:0.00M, Peak:0.00M | C6420_4N_24SFF_v002_MASTER, ViewLayer | Synchronizing object | Carrier17_EMI_spring_1_6
Fra:22 Mem:317.69M (Peak 317.76M) | Time:00:00.32 | Mem:0.00M, Peak:0.00M | C6420_4N_24SFF_v002_MASTER, ViewLayer | Synchronizing object | Carrier17_EMI_spring_1_5
Fra:22 Mem:317.70M (Peak 317.76M) | Time:00:00.32 | Mem:0.00M, Peak:0.00M | C6420_4N_24SFF_v002_MASTER, ViewLayer | Synchronizing object | Carrier17_EMI_spring_1_4
Fra:22 Mem:317.71M (Peak 317.76M) | Time:00:00.32 | Mem:0.00M, Peak:0.00M | C6420_4N_24SFF_v002_MASTER, ViewLayer | Synchronizing object | Carrier17_EMI_spring_1_3
Fra:22 Mem:317.72M (Peak 317.76M) | Time:00:00.32 | Mem:0.00M, Peak:0.00M | C6420_4N_24SFF_v002_MASTER, ViewLayer | Synchronizing object | Carrier17_EMI_spring_1_2
Fra:22 Mem:317.73M (Peak 317.76M) | Time:00:00.32 | Mem:0.00M, Peak:0.00M | C6420_4N_24SFF_v002_MASTER, ViewLayer | Synchronizing object | Carrier17_EMI_spring_1_1
Fra:22 Mem:317.75M (Peak 317.76M) | Time:00:00.32 | Mem:0.00M, Peak:0.00M | C6420_4N_24SFF_v002_MASTER, ViewLayer | Synchronizing object | Carrier08_EMI_spring_-1_7
Fra:22 Mem:317.75M (Peak 317.76M) | Time:00:00.32 | Mem:0.00M, Peak:0.00M | C6420_4N_24SFF_v002_MASTER, ViewLayer | Synchronizing object | Carrier17_EMI_spring_1_0
Fra:22 Mem:317.76M (Peak 317.76M) | Time:00:00.32 | Mem:0.00M, Peak:0.00M | C6420_4N_24SFF_v002_MASTER, ViewLayer | Synchronizing object | Carrier17_EMI_spring_-1_8
Fra:22 Mem:317.79M (Peak 317.79M) | Time:00:00.32 | Mem:0.00M, Peak:0.00M | C6420_4N_24SFF_v002_MASTER, ViewLayer | Synchronizing object | Carrier08_EMI_spring_-1_8
Fra:22 Mem:317.78M (Peak 317.79M) | Time:00:00.32 | Mem:0.00M, Peak:0.00M | C6420_4N_24SFF_v002_MASTER, ViewLayer | Synchronizing object | Carrier17_EMI_spring_-1_7
Fra:22 Mem:317.80M (Peak 317.80M) | Time:00:00.32 | Mem:0.00M, Peak:0.00M | C6420_4N_24SFF_v002_MASTER, ViewLayer | Synchronizing object | Carrier08_EMI_spring_1_0
Fra:22 Mem:317.81M (Peak 317.81M) | Time:00:00.32 | Mem:0.00M, Peak:0.00M | C6420_4N_24SFF_v002_MASTER, ViewLayer | Synchronizing object | Carrier17_EMI_spring_-1_6
Fra:22 Mem:317.82M (Peak 317.82M) | Time:00:00.32 | Mem:0.00M, Peak:0.00M | C6420_4N_24SFF_v002_MASTER, ViewLayer | Synchronizing object | Carrier17_EMI_spring_-1_5
Fra:22 Mem:317.83M (Peak 317.83M) | Time:00:00.32 | Mem:0.00M, Peak:0.00M | C6420_4N_24SFF_v002_MASTER, ViewLayer | Synchronizing object | Carrier17_EMI_spring_-1_4
Fra:22 Mem:317.84M (Peak 317.84M) | Time:00:00.32 | Mem:0.00M, Peak:0.00M | C6420_4N_24SFF_v002_MASTER, ViewLayer | Synchronizing object | Carrier17_EMI_spring_-1_3
Fra:22 Mem:317.85M (Peak 317.85M) | Time:00:00.32 | Mem:0.00M, Peak:0.00M | C6420_4N_24SFF_v002_MASTER, ViewLayer | Synchronizing object | Carrier17_EMI_spring_-1_2
Fra:22 Mem:317.86M (Peak 317.86M) | Time:00:00.32 | Mem:0.00M, Peak:0.00M | C6420_4N_24SFF_v002_MASTER, ViewLayer | Synchronizing object | Carrier17_EMI_spring_-1_1
Fra:22 Mem:317.87M (Peak 317.87M) | Time:00:00.32 | Mem:0.00M, Peak:0.00M | C6420_4N_24SFF_v002_MASTER, ViewLayer | Synchronizing object | Carrier17_EMI_spring_-1_0
Fra:22 Mem:317.88M (Peak 317.88M) | Time:00:00.32 | Mem:0.00M, Peak:0.00M | C6420_4N_24SFF_v002_MASTER, ViewLayer | Synchronizing object | Carrier17_activity_symbol
Fra:22 Mem:317.89M (Peak 317.89M) | Time:00:00.32 | Mem:0.00M, Peak:0.00M | C6420_4N_24SFF_v002_MASTER, ViewLayer | Synchronizing object | Carrier17_hinge_return_spring
Fra:22 Mem:317.96M (Peak 317.96M) | Time:00:00.32 | Mem:0.00M, Peak:0.00M | C6420_4N_24SFF_v002_MASTER, ViewLayer | Synchronizing object | Carrier08_EMI_spring_1_1
Fra:22 Mem:318.01M (Peak 318.01M) | Time:00:00.33 | Mem:0.00M, Peak:0.00M | C6420_4N_24SFF_v002_MASTER, ViewLayer | Synchronizing object | Carrier08_EMI_spring_1_2
Fra:22 Mem:318.17M (Peak 318.17M) | Time:00:00.33 | Mem:0.00M, Peak:0.00M | C6420_4N_24SFF_v002_MASTER, ViewLayer | Synchronizing object | Carrier08_EMI_spring_1_3
Fra:22 Mem:318.08M (Peak 318.17M) | Time:00:00.33 | Mem:0.00M, Peak:0.00M | C6420_4N_24SFF_v002_MASTER, ViewLayer | Synchronizing object | Carrier16_EMI_spring_1_8
Fra:22 Mem:318.09M (Peak 318.17M) | Time:00:00.33 | Mem:0.00M, Peak:0.00M | C6420_4N_24SFF_v002_MASTER, ViewLayer | Synchronizing object | Carrier16_EMI_spring_1_7
Fra:22 Mem:318.10M (Peak 318.17M) | Time:00:00.33 | Mem:0.00M, Peak:0.00M | C6420_4N_24SFF_v002_MASTER, ViewLayer | Synchronizing object | Carrier16_EMI_spring_1_6
Fra:22 Mem:318.12M (Peak 318.17M) | Time:00:00.33 | Mem:0.00M, Peak:0.00M | C6420_4N_24SFF_v002_MASTER, ViewLayer | Synchronizing object | Carrier08_EMI_spring_1_4
Fra:22 Mem:318.13M (Peak 318.17M) | Time:00:00.33 | Mem:0.00M, Peak:0.00M | C6420_4N_24SFF_v002_MASTER, ViewLayer | Synchronizing object | Carrier16_EMI_spring_1_5
Fra:22 Mem:318.13M (Peak 318.17M) | Time:00:00.33 | Mem:0.00M, Peak:0.00M | C6420_4N_24SFF_v002_MASTER, ViewLayer | Synchronizing object | Carrier16_EMI_spring_1_4
Fra:22 Mem:318.15M (Peak 318.17M) | Time:00:00.33 | Mem:0.00M, Peak:0.00M | C6420_4N_24SFF_v002_MASTER, ViewLayer | Synchronizing object | Carrier16_EMI_spring_1_3
Fra:22 Mem:318.16M (Peak 318.17M) | Time:00:00.33 | Mem:0.00M, Peak:0.00M | C6420_4N_24SFF_v002_MASTER, ViewLayer | Synchronizing object | Carrier16_EMI_spring_1_2
Fra:22 Mem:318.17M (Peak 318.17M) | Time:00:00.33 | Mem:0.00M, Peak:0.00M | C6420_4N_24SFF_v002_MASTER, ViewLayer | Synchronizing object | Carrier16_EMI_spring_1_1
Fra:22 Mem:318.18M (Peak 318.18M) | Time:00:00.33 | Mem:0.00M, Peak:0.00M | C6420_4N_24SFF_v002_MASTER, ViewLayer | Synchronizing object | Carrier16_EMI_spring_1_0
Fra:22 Mem:318.19M (Peak 318.19M) | Time:00:00.33 | Mem:0.00M, Peak:0.00M | C6420_4N_24SFF_v002_MASTER, ViewLayer | Synchronizing object | Carrier16_EMI_spring_-1_8
Fra:22 Mem:318.20M (Peak 318.20M) | Time:00:00.33 | Mem:0.00M, Peak:0.00M | C6420_4N_24SFF_v002_MASTER, ViewLayer | Synchronizing object | Carrier16_EMI_spring_-1_7
Fra:22 Mem:318.21M (Peak 318.21M) | Time:00:00.33 | Mem:0.00M, Peak:0.00M | C6420_4N_24SFF_v002_MASTER, ViewLayer | Synchronizing object | Carrier16_EMI_spring_-1_6
Fra:22 Mem:318.22M (Peak 318.22M) | Time:00:00.33 | Mem:0.00M, Peak:0.00M | C6420_4N_24SFF_v002_MASTER, ViewLayer | Synchronizing object | Carrier16_EMI_spring_-1_5
Fra:22 Mem:318.24M (Peak 318.24M) | Time:00:00.33 | Mem:0.00M, Peak:0.00M | C6420_4N_24SFF_v002_MASTER, ViewLayer | Synchronizing object | Carrier08_EMI_spring_1_5
Fra:22 Mem:318.26M (Peak 318.26M) | Time:00:00.33 | Mem:0.00M, Peak:0.00M | C6420_4N_24SFF_v002_MASTER, ViewLayer | Synchronizing object | Carrier16_EMI_spring_-1_4
Fra:22 Mem:318.26M (Peak 318.26M) | Time:00:00.33 | Mem:0.00M, Peak:0.00M | C6420_4N_24SFF_v002_MASTER, ViewLayer | Synchronizing object | Carrier16_EMI_spring_-1_3
Fra:22 Mem:318.27M (Peak 318.27M) | Time:00:00.33 | Mem:0.00M, Peak:0.00M | C6420_4N_24SFF_v002_MASTER, ViewLayer | Synchronizing object | Carrier16_EMI_spring_-1_2
Fra:22 Mem:318.28M (Peak 318.28M) | Time:00:00.33 | Mem:0.00M, Peak:0.00M | C6420_4N_24SFF_v002_MASTER, ViewLayer | Synchronizing object | Carrier16_EMI_spring_-1_1
Fra:22 Mem:318.29M (Peak 318.29M) | Time:00:00.33 | Mem:0.00M, Peak:0.00M | C6420_4N_24SFF_v002_MASTER, ViewLayer | Synchronizing object | Carrier16_EMI_spring_-1_0
Fra:22 Mem:318.30M (Peak 318.30M) | Time:00:00.33 | Mem:0.00M, Peak:0.00M | C6420_4N_24SFF_v002_MASTER, ViewLayer | Synchronizing object | Carrier08_EMI_spring_1_6
Fra:22 Mem:318.32M (Peak 318.32M) | Time:00:00.33 | Mem:0.00M, Peak:0.00M | C6420_4N_24SFF_v002_MASTER, ViewLayer | Synchronizing object | Carrier16_activity_symbol
Fra:22 Mem:318.33M (Peak 318.33M) | Time:00:00.33 | Mem:0.00M, Peak:0.00M | C6420_4N_24SFF_v002_MASTER, ViewLayer | Synchronizing object | Carrier08_EMI_spring_1_7
Fra:22 Mem:318.34M (Peak 318.34M) | Time:00:00.33 | Mem:0.00M, Peak:0.00M | C6420_4N_24SFF_v002_MASTER, ViewLayer | Synchronizing object | Carrier16_hinge_return_spring
Fra:22 Mem:318.47M (Peak 318.47M) | Time:00:00.33 | Mem:0.00M, Peak:0.00M | C6420_4N_24SFF_v002_MASTER, ViewLayer | Synchronizing object | Carrier08_EMI_spring_1_8
Fra:22 Mem:318.50M (Peak 318.50M) | Time:00:00.33 | Mem:0.00M, Peak:0.00M | C6420_4N_24SFF_v002_MASTER, ViewLayer | Synchronizing object | Carrier15_EMI_spring_1_8
Fra:22 Mem:318.51M (Peak 318.51M) | Time:00:00.33 | Mem:0.00M, Peak:0.00M | C6420_4N_24SFF_v002_MASTER, ViewLayer | Synchronizing object | Carrier15_EMI_spring_1_7
Fra:22 Mem:318.52M (Peak 318.52M) | Time:00:00.33 | Mem:0.00M, Peak:0.00M | C6420_4N_24SFF_v002_MASTER, ViewLayer | Synchronizing object | Carrier15_EMI_spring_1_6
Fra:22 Mem:318.53M (Peak 318.53M) | Time:00:00.33 | Mem:0.00M, Peak:0.00M | C6420_4N_24SFF_v002_MASTER, ViewLayer | Synchronizing object | Carrier15_EMI_spring_1_5
Fra:22 Mem:318.54M (Peak 318.54M) | Time:00:00.33 | Mem:0.00M, Peak:0.00M | C6420_4N_24SFF_v002_MASTER, ViewLayer | Synchronizing object | Carrier15_EMI_spring_1_4
Fra:22 Mem:318.55M (Peak 318.55M) | Time:00:00.33 | Mem:0.00M, Peak:0.00M | C6420_4N_24SFF_v002_MASTER, ViewLayer | Synchronizing object | Carrier15_EMI_spring_1_3
Fra:22 Mem:318.56M (Peak 318.56M) | Time:00:00.33 | Mem:0.00M, Peak:0.00M | C6420_4N_24SFF_v002_MASTER, ViewLayer | Synchronizing object | Carrier15_EMI_spring_1_2
Fra:22 Mem:318.57M (Peak 318.57M) | Time:00:00.33 | Mem:0.00M, Peak:0.00M | C6420_4N_24SFF_v002_MASTER, ViewLayer | Synchronizing object | Carrier15_EMI_spring_1_1
Fra:22 Mem:318.58M (Peak 318.58M) | Time:00:00.33 | Mem:0.00M, Peak:0.00M | C6420_4N_24SFF_v002_MASTER, ViewLayer | Synchronizing object | Carrier15_EMI_spring_1_0
Fra:22 Mem:318.59M (Peak 318.59M) | Time:00:00.33 | Mem:0.00M, Peak:0.00M | C6420_4N_24SFF_v002_MASTER, ViewLayer | Synchronizing object | Carrier15_EMI_spring_-1_8
Fra:22 Mem:318.61M (Peak 318.61M) | Time:00:00.33 | Mem:0.00M, Peak:0.00M | C6420_4N_24SFF_v002_MASTER, ViewLayer | Synchronizing object | Carrier15_EMI_spring_-1_7
Fra:22 Mem:318.62M (Peak 318.62M) | Time:00:00.33 | Mem:0.00M, Peak:0.00M | C6420_4N_24SFF_v002_MASTER, ViewLayer | Synchronizing object | Carrier15_EMI_spring_-1_6
Fra:22 Mem:318.64M (Peak 318.64M) | Time:00:00.33 | Mem:0.00M, Peak:0.00M | C6420_4N_24SFF_v002_MASTER, ViewLayer | Synchronizing object | Carrier09_hinge_return_spring
Fra:22 Mem:318.63M (Peak 318.64M) | Time:00:00.33 | Mem:0.00M, Peak:0.00M | C6420_4N_24SFF_v002_MASTER, ViewLayer | Synchronizing object | Carrier15_EMI_spring_-1_5
Fra:22 Mem:318.71M (Peak 318.71M) | Time:00:00.33 | Mem:0.00M, Peak:0.00M | C6420_4N_24SFF_v002_MASTER, ViewLayer | Synchronizing object | Carrier15_EMI_spring_-1_4
Fra:22 Mem:318.76M (Peak 318.76M) | Time:00:00.33 | Mem:0.00M, Peak:0.00M | C6420_4N_24SFF_v002_MASTER, ViewLayer | Synchronizing object | Carrier15_EMI_spring_-1_3
Fra:22 Mem:318.77M (Peak 318.77M) | Time:00:00.33 | Mem:0.00M, Peak:0.00M | C6420_4N_24SFF_v002_MASTER, ViewLayer | Synchronizing object | Carrier15_EMI_spring_-1_2
Fra:22 Mem:318.75M (Peak 318.77M) | Time:00:00.33 | Mem:0.00M, Peak:0.00M | C6420_4N_24SFF_v002_MASTER, ViewLayer | Synchronizing object | Carrier15_EMI_spring_-1_1
Fra:22 Mem:318.85M (Peak 318.85M) | Time:00:00.33 | Mem:0.00M, Peak:0.00M | C6420_4N_24SFF_v002_MASTER, ViewLayer | Synchronizing object | Carrier15_EMI_spring_-1_0
Fra:22 Mem:318.97M (Peak 318.97M) | Time:00:00.33 | Mem:0.00M, Peak:0.00M | C6420_4N_24SFF_v002_MASTER, ViewLayer | Synchronizing object | Carrier15_activity_symbol
Fra:22 Mem:318.97M (Peak 318.97M) | Time:00:00.33 | Mem:0.00M, Peak:0.00M | C6420_4N_24SFF_v002_MASTER, ViewLayer | Synchronizing object | Carrier15_hinge_return_spring
Fra:22 Mem:319.13M (Peak 319.13M) | Time:00:00.33 | Mem:0.00M, Peak:0.00M | C6420_4N_24SFF_v002_MASTER, ViewLayer | Synchronizing object | Carrier09_activity_symbol
Fra:22 Mem:319.14M (Peak 319.14M) | Time:00:00.33 | Mem:0.00M, Peak:0.00M | C6420_4N_24SFF_v002_MASTER, ViewLayer | Synchronizing object | Carrier09_EMI_spring_-1_0
Fra:22 Mem:319.15M (Peak 319.15M) | Time:00:00.33 | Mem:0.00M, Peak:0.00M | C6420_4N_24SFF_v002_MASTER, ViewLayer | Synchronizing object | Carrier09_EMI_spring_-1_1
Fra:22 Mem:319.16M (Peak 319.16M) | Time:00:00.33 | Mem:0.00M, Peak:0.00M | C6420_4N_24SFF_v002_MASTER, ViewLayer | Synchronizing object | Carrier09_EMI_spring_-1_2
Fra:22 Mem:319.18M (Peak 319.18M) | Time:00:00.33 | Mem:0.00M, Peak:0.00M | C6420_4N_24SFF_v002_MASTER, ViewLayer | Synchronizing object | Carrier09_EMI_spring_-1_3
Fra:22 Mem:319.18M (Peak 319.18M) | Time:00:00.33 | Mem:0.00M, Peak:0.00M | C6420_4N_24SFF_v002_MASTER, ViewLayer | Synchronizing object | Carrier09_EMI_spring_-1_5
Fra:22 Mem:319.21M (Peak 319.21M) | Time:00:00.33 | Mem:0.00M, Peak:0.00M | C6420_4N_24SFF_v002_MASTER, ViewLayer | Synchronizing object | Carrier09_EMI_spring_-1_6
Fra:22 Mem:319.24M (Peak 319.24M) | Time:00:00.33 | Mem:0.00M, Peak:0.00M | C6420_4N_24SFF_v002_MASTER, ViewLayer | Synchronizing object | Carrier09_EMI_spring_-1_7
Fra:22 Mem:319.26M (Peak 319.26M) | Time:00:00.33 | Mem:0.00M, Peak:0.00M | C6420_4N_24SFF_v002_MASTER, ViewLayer | Synchronizing object | Carrier09_EMI_spring_-1_8
Fra:22 Mem:319.14M (Peak 319.26M) | Time:00:00.33 | Mem:0.00M, Peak:0.00M | C6420_4N_24SFF_v002_MASTER, ViewLayer | Synchronizing object | Carrier09_EMI_spring_1_0
Fra:22 Mem:319.13M (Peak 319.26M) | Time:00:00.33 | Mem:0.00M, Peak:0.00M | C6420_4N_24SFF_v002_MASTER, ViewLayer | Synchronizing object | Carrier09_EMI_spring_1_3
Fra:22 Mem:319.14M (Peak 319.26M) | Time:00:00.33 | Mem:0.00M, Peak:0.00M | C6420_4N_24SFF_v002_MASTER, ViewLayer | Synchronizing object | Carrier14_EMI_spring_1_8
Fra:22 Mem:319.20M (Peak 319.26M) | Time:00:00.33 | Mem:0.00M, Peak:0.00M | C6420_4N_24SFF_v002_MASTER, ViewLayer | Synchronizing object | Carrier09_EMI_spring_1_4
Fra:22 Mem:319.22M (Peak 319.26M) | Time:00:00.33 | Mem:0.00M, Peak:0.00M | C6420_4N_24SFF_v002_MASTER, ViewLayer | Synchronizing object | Carrier09_EMI_spring_1_5
Fra:22 Mem:319.26M (Peak 319.26M) | Time:00:00.33 | Mem:0.00M, Peak:0.00M | C6420_4N_24SFF_v002_MASTER, ViewLayer | Synchronizing object | Carrier09_EMI_spring_1_6
Fra:22 Mem:319.26M (Peak 319.26M) | Time:00:00.33 | Mem:0.00M, Peak:0.00M | C6420_4N_24SFF_v002_MASTER, ViewLayer | Synchronizing object | Carrier09_EMI_spring_1_7
Fra:22 Mem:319.23M (Peak 319.26M) | Time:00:00.33 | Mem:0.00M, Peak:0.00M | C6420_4N_24SFF_v002_MASTER, ViewLayer | Synchronizing object | Carrier09_EMI_spring_1_8
Fra:22 Mem:319.24M (Peak 319.26M) | Time:00:00.33 | Mem:0.00M, Peak:0.00M | C6420_4N_24SFF_v002_MASTER, ViewLayer | Synchronizing object | Carrier14_EMI_spring_1_7
Fra:22 Mem:319.24M (Peak 319.26M) | Time:00:00.33 | Mem:0.00M, Peak:0.00M | C6420_4N_24SFF_v002_MASTER, ViewLayer | Synchronizing object | Carrier10_activity_symbol
Fra:22 Mem:319.28M (Peak 319.28M) | Time:00:00.33 | Mem:0.00M, Peak:0.00M | C6420_4N_24SFF_v002_MASTER, ViewLayer | Synchronizing object | Carrier10_EMI_spring_-1_0
Fra:22 Mem:319.34M (Peak 319.34M) | Time:00:00.34 | Mem:0.00M, Peak:0.00M | C6420_4N_24SFF_v002_MASTER, ViewLayer | Synchronizing object | Carrier14_EMI_spring_1_6
Fra:22 Mem:319.33M (Peak 319.34M) | Time:00:00.34 | Mem:0.00M, Peak:0.00M | C6420_4N_24SFF_v002_MASTER, ViewLayer | Synchronizing object | Carrier10_EMI_spring_-1_2
Fra:22 Mem:319.36M (Peak 319.36M) | Time:00:00.34 | Mem:0.00M, Peak:0.00M | C6420_4N_24SFF_v002_MASTER, ViewLayer | Synchronizing object | Carrier10_EMI_spring_-1_3
Fra:22 Mem:319.45M (Peak 319.45M) | Time:00:00.34 | Mem:0.00M, Peak:0.00M | C6420_4N_24SFF_v002_MASTER, ViewLayer | Synchronizing object | Carrier10_EMI_spring_-1_4
Fra:22 Mem:319.46M (Peak 319.46M) | Time:00:00.34 | Mem:0.00M, Peak:0.00M | C6420_4N_24SFF_v002_MASTER, ViewLayer | Synchronizing object | Carrier14_EMI_spring_1_5
Fra:22 Mem:319.46M (Peak 319.46M) | Time:00:00.34 | Mem:0.00M, Peak:0.00M | C6420_4N_24SFF_v002_MASTER, ViewLayer | Synchronizing object | Carrier10_EMI_spring_-1_5
Fra:22 Mem:319.46M (Peak 319.46M) | Time:00:00.34 | Mem:0.00M, Peak:0.00M | C6420_4N_24SFF_v002_MASTER, ViewLayer | Synchronizing object | Carrier10_EMI_spring_-1_6
Fra:22 Mem:319.48M (Peak 319.48M) | Time:00:00.34 | Mem:0.00M, Peak:0.00M | C6420_4N_24SFF_v002_MASTER, ViewLayer | Synchronizing object | Carrier10_EMI_spring_-1_7
Fra:22 Mem:319.50M (Peak 319.50M) | Time:00:00.34 | Mem:0.00M, Peak:0.00M | C6420_4N_24SFF_v002_MASTER, ViewLayer | Synchronizing object | Carrier10_EMI_spring_-1_8
Fra:22 Mem:319.49M (Peak 319.50M) | Time:00:00.34 | Mem:0.00M, Peak:0.00M | C6420_4N_24SFF_v002_MASTER, ViewLayer | Synchronizing object | Carrier14_EMI_spring_1_4
Fra:22 Mem:319.51M (Peak 319.51M) | Time:00:00.34 | Mem:0.00M, Peak:0.00M | C6420_4N_24SFF_v002_MASTER, ViewLayer | Synchronizing object | Carrier10_EMI_spring_1_0
Fra:22 Mem:319.53M (Peak 319.53M) | Time:00:00.34 | Mem:0.00M, Peak:0.00M | C6420_4N_24SFF_v002_MASTER, ViewLayer | Synchronizing object | Carrier10_EMI_spring_1_1
Fra:22 Mem:319.53M (Peak 319.53M) | Time:00:00.34 | Mem:0.00M, Peak:0.00M | C6420_4N_24SFF_v002_MASTER, ViewLayer | Synchronizing object | Carrier10_EMI_spring_1_2
Fra:22 Mem:319.48M (Peak 319.53M) | Time:00:00.34 | Mem:0.00M, Peak:0.00M | C6420_4N_24SFF_v002_MASTER, ViewLayer | Synchronizing object | Carrier14_EMI_spring_1_3
Fra:22 Mem:319.51M (Peak 319.53M) | Time:00:00.34 | Mem:0.00M, Peak:0.00M | C6420_4N_24SFF_v002_MASTER, ViewLayer | Synchronizing object | Carrier10_EMI_spring_1_4
Fra:22 Mem:319.57M (Peak 319.57M) | Time:00:00.34 | Mem:0.00M, Peak:0.00M | C6420_4N_24SFF_v002_MASTER, ViewLayer | Synchronizing object | Carrier10_EMI_spring_1_5
Fra:22 Mem:319.57M (Peak 319.57M) | Time:00:00.34 | Mem:0.00M, Peak:0.00M | C6420_4N_24SFF_v002_MASTER, ViewLayer | Synchronizing object | Carrier14_EMI_spring_1_2
Fra:22 Mem:319.61M (Peak 319.61M) | Time:00:00.34 | Mem:0.00M, Peak:0.00M | C6420_4N_24SFF_v002_MASTER, ViewLayer | Synchronizing object | Carrier10_EMI_spring_1_6
Fra:22 Mem:319.62M (Peak 319.62M) | Time:00:00.34 | Mem:0.00M, Peak:0.00M | C6420_4N_24SFF_v002_MASTER, ViewLayer | Synchronizing object | Carrier10_EMI_spring_1_8
Fra:22 Mem:319.63M (Peak 319.63M) | Time:00:00.34 | Mem:0.00M, Peak:0.00M | C6420_4N_24SFF_v002_MASTER, ViewLayer | Synchronizing object | Carrier11_hinge_return_spring
Fra:22 Mem:319.72M (Peak 319.72M) | Time:00:00.34 | Mem:0.00M, Peak:0.00M | C6420_4N_24SFF_v002_MASTER, ViewLayer | Synchronizing object | Carrier14_EMI_spring_1_1
Fra:22 Mem:319.74M (Peak 319.74M) | Time:00:00.34 | Mem:0.00M, Peak:0.00M | C6420_4N_24SFF_v002_MASTER, ViewLayer | Synchronizing object | Carrier11_EMI_spring_-1_0
Fra:22 Mem:319.75M (Peak 319.76M) | Time:00:00.34 | Mem:0.00M, Peak:0.00M | C6420_4N_24SFF_v002_MASTER, ViewLayer | Synchronizing object | Carrier11_EMI_spring_-1_1
Fra:22 Mem:319.77M (Peak 319.77M) | Time:00:00.34 | Mem:0.00M, Peak:0.00M | C6420_4N_24SFF_v002_MASTER, ViewLayer | Synchronizing object | Carrier11_EMI_spring_-1_2
Fra:22 Mem:319.82M (Peak 319.82M) | Time:00:00.34 | Mem:0.00M, Peak:0.00M | C6420_4N_24SFF_v002_MASTER, ViewLayer | Synchronizing object | Carrier14_EMI_spring_1_0
Fra:22 Mem:319.90M (Peak 319.90M) | Time:00:00.34 | Mem:0.00M, Peak:0.00M | C6420_4N_24SFF_v002_MASTER, ViewLayer | Synchronizing object | Carrier11_EMI_spring_-1_3
Fra:22 Mem:319.96M (Peak 319.96M) | Time:00:00.34 | Mem:0.00M, Peak:0.00M | C6420_4N_24SFF_v002_MASTER, ViewLayer | Synchronizing object | Carrier11_EMI_spring_-1_4
Fra:22 Mem:319.97M (Peak 319.97M) | Time:00:00.34 | Mem:0.00M, Peak:0.00M | C6420_4N_24SFF_v002_MASTER, ViewLayer | Synchronizing object | Carrier14_EMI_spring_-1_8
Fra:22 Mem:320.00M (Peak 320.00M) | Time:00:00.34 | Mem:0.00M, Peak:0.00M | C6420_4N_24SFF_v002_MASTER, ViewLayer | Synchronizing object | Carrier11_EMI_spring_-1_6
Fra:22 Mem:320.01M (Peak 320.01M) | Time:00:00.34 | Mem:0.00M, Peak:0.00M | C6420_4N_24SFF_v002_MASTER, ViewLayer | Synchronizing object | Carrier11_EMI_spring_-1_7
Fra:22 Mem:320.01M (Peak 320.01M) | Time:00:00.34 | Mem:0.00M, Peak:0.00M | C6420_4N_24SFF_v002_MASTER, ViewLayer | Synchronizing object | Carrier11_EMI_spring_-1_8
Fra:22 Mem:320.02M (Peak 320.02M) | Time:00:00.34 | Mem:0.00M, Peak:0.00M | C6420_4N_24SFF_v002_MASTER, ViewLayer | Synchronizing object | Carrier11_EMI_spring_1_0
Fra:22 Mem:320.03M (Peak 320.03M) | Time:00:00.34 | Mem:0.00M, Peak:0.00M | C6420_4N_24SFF_v002_MASTER, ViewLayer | Synchronizing object | Carrier14_EMI_spring_-1_6
Fra:22 Mem:320.04M (Peak 320.04M) | Time:00:00.34 | Mem:0.00M, Peak:0.00M | C6420_4N_24SFF_v002_MASTER, ViewLayer | Synchronizing object | Carrier11_EMI_spring_1_2
Fra:22 Mem:320.03M (Peak 320.04M) | Time:00:00.34 | Mem:0.00M, Peak:0.00M | C6420_4N_24SFF_v002_MASTER, ViewLayer | Synchronizing object | Carrier11_EMI_spring_1_3
Fra:22 Mem:320.04M (Peak 320.04M) | Time:00:00.34 | Mem:0.00M, Peak:0.00M | C6420_4N_24SFF_v002_MASTER, ViewLayer | Synchronizing object | Carrier11_EMI_spring_1_4
Fra:22 Mem:320.11M (Peak 320.11M) | Time:00:00.34 | Mem:0.00M, Peak:0.00M | C6420_4N_24SFF_v002_MASTER, ViewLayer | Synchronizing object | Carrier14_EMI_spring_-1_5
Fra:22 Mem:320.09M (Peak 320.11M) | Time:00:00.34 | Mem:0.00M, Peak:0.00M | C6420_4N_24SFF_v002_MASTER, ViewLayer | Synchronizing object | Carrier11_EMI_spring_1_5
Fra:22 Mem:320.10M (Peak 320.11M) | Time:00:00.34 | Mem:0.00M, Peak:0.00M | C6420_4N_24SFF_v002_MASTER, ViewLayer | Synchronizing object | Carrier11_EMI_spring_1_7
Fra:22 Mem:320.25M (Peak 320.25M) | Time:00:00.34 | Mem:0.00M, Peak:0.00M | C6420_4N_24SFF_v002_MASTER, ViewLayer | Synchronizing object | Carrier14_EMI_spring_-1_4
Fra:22 Mem:320.35M (Peak 320.35M) | Time:00:00.34 | Mem:0.00M, Peak:0.00M | C6420_4N_24SFF_v002_MASTER, ViewLayer | Synchronizing object | Carrier11_EMI_spring_1_8
Fra:22 Mem:320.34M (Peak 320.35M) | Time:00:00.34 | Mem:0.00M, Peak:0.00M | C6420_4N_24SFF_v002_MASTER, ViewLayer | Synchronizing object | Carrier12_hinge_return_spring
Fra:22 Mem:320.26M (Peak 320.35M) | Time:00:00.34 | Mem:0.00M, Peak:0.00M | C6420_4N_24SFF_v002_MASTER, ViewLayer | Synchronizing object | Carrier12_activity_symbol
Fra:22 Mem:320.24M (Peak 320.35M) | Time:00:00.34 | Mem:0.00M, Peak:0.00M | C6420_4N_24SFF_v002_MASTER, ViewLayer | Synchronizing object | Carrier12_EMI_spring_-1_0
Fra:22 Mem:320.33M (Peak 320.35M) | Time:00:00.34 | Mem:0.00M, Peak:0.00M | C6420_4N_24SFF_v002_MASTER, ViewLayer | Synchronizing object | Carrier12_EMI_spring_-1_1
Fra:22 Mem:320.35M (Peak 320.35M) | Time:00:00.34 | Mem:0.00M, Peak:0.00M | C6420_4N_24SFF_v002_MASTER, ViewLayer | Synchronizing object | Carrier12_EMI_spring_-1_2
Fra:22 Mem:320.34M (Peak 320.35M) | Time:00:00.34 | Mem:0.00M, Peak:0.00M | C6420_4N_24SFF_v002_MASTER, ViewLayer | Synchronizing object | Carrier14_EMI_spring_-1_2
Fra:22 Mem:320.39M (Peak 320.39M) | Time:00:00.34 | Mem:0.00M, Peak:0.00M | C6420_4N_24SFF_v002_MASTER, ViewLayer | Synchronizing object | Carrier12_EMI_spring_-1_3
Fra:22 Mem:320.40M (Peak 320.40M) | Time:00:00.34 | Mem:0.00M, Peak:0.00M | C6420_4N_24SFF_v002_MASTER, ViewLayer | Synchronizing object | Carrier12_EMI_spring_-1_4
Fra:22 Mem:320.42M (Peak 320.42M) | Time:00:00.34 | Mem:0.00M, Peak:0.00M | C6420_4N_24SFF_v002_MASTER, ViewLayer | Synchronizing object | Carrier14_EMI_spring_-1_1
Fra:22 Mem:320.44M (Peak 320.44M) | Time:00:00.34 | Mem:0.00M, Peak:0.00M | C6420_4N_24SFF_v002_MASTER, ViewLayer | Synchronizing object | Carrier12_EMI_spring_-1_5
Fra:22 Mem:320.44M (Peak 320.44M) | Time:00:00.34 | Mem:0.00M, Peak:0.00M | C6420_4N_24SFF_v002_MASTER, ViewLayer | Synchronizing object | Carrier12_EMI_spring_-1_6
Fra:22 Mem:320.46M (Peak 320.46M) | Time:00:00.34 | Mem:0.00M, Peak:0.00M | C6420_4N_24SFF_v002_MASTER, ViewLayer | Synchronizing object | Carrier12_EMI_spring_-1_7
Fra:22 Mem:320.42M (Peak 320.46M) | Time:00:00.34 | Mem:0.00M, Peak:0.00M | C6420_4N_24SFF_v002_MASTER, ViewLayer | Synchronizing object | Carrier14_EMI_spring_-1_0
Fra:22 Mem:320.44M (Peak 320.46M) | Time:00:00.34 | Mem:0.00M, Peak:0.00M | C6420_4N_24SFF_v002_MASTER, ViewLayer | Synchronizing object | Carrier12_EMI_spring_-1_8
Fra:22 Mem:320.44M (Peak 320.46M) | Time:00:00.34 | Mem:0.00M, Peak:0.00M | C6420_4N_24SFF_v002_MASTER, ViewLayer | Synchronizing object | Carrier14_activity_symbol
Fra:22 Mem:320.44M (Peak 320.46M) | Time:00:00.34 | Mem:0.00M, Peak:0.00M | C6420_4N_24SFF_v002_MASTER, ViewLayer | Synchronizing object | Carrier12_EMI_spring_1_1
Fra:22 Mem:320.48M (Peak 320.48M) | Time:00:00.34 | Mem:0.00M, Peak:0.00M | C6420_4N_24SFF_v002_MASTER, ViewLayer | Synchronizing object | Carrier12_EMI_spring_1_2
Fra:22 Mem:320.47M (Peak 320.48M) | Time:00:00.34 | Mem:0.00M, Peak:0.00M | C6420_4N_24SFF_v002_MASTER, ViewLayer | Synchronizing object | Carrier14_hinge_return_spring
Fra:22 Mem:320.56M (Peak 320.56M) | Time:00:00.34 | Mem:0.00M, Peak:0.00M | C6420_4N_24SFF_v002_MASTER, ViewLayer | Synchronizing object | Carrier12_EMI_spring_1_4
Fra:22 Mem:317.47M (Peak 320.56M) | Time:00:00.34 | Mem:0.00M, Peak:0.00M | C6420_4N_24SFF_v002_MASTER, ViewLayer | Synchronizing object | Carrier13_EMI_spring_1_8
Fra:22 Mem:318.54M (Peak 320.56M) | Time:00:00.34 | Mem:0.00M, Peak:0.00M | C6420_4N_24SFF_v002_MASTER, ViewLayer | Synchronizing object | Carrier13_EMI_spring_1_7
Fra:22 Mem:318.55M (Peak 320.56M) | Time:00:00.34 | Mem:0.00M, Peak:0.00M | C6420_4N_24SFF_v002_MASTER, ViewLayer | Synchronizing object | Carrier13_EMI_spring_1_6
Fra:22 Mem:318.56M (Peak 320.56M) | Time:00:00.34 | Mem:0.00M, Peak:0.00M | C6420_4N_24SFF_v002_MASTER, ViewLayer | Synchronizing object | Carrier13_EMI_spring_1_5
Fra:22 Mem:318.57M (Peak 320.56M) | Time:00:00.34 | Mem:0.00M, Peak:0.00M | C6420_4N_24SFF_v002_MASTER, ViewLayer | Synchronizing object | Carrier13_EMI_spring_1_4
Fra:22 Mem:318.59M (Peak 320.56M) | Time:00:00.34 | Mem:0.00M, Peak:0.00M | C6420_4N_24SFF_v002_MASTER, ViewLayer | Synchronizing object | Carrier12_EMI_spring_1_5
Fra:22 Mem:318.60M (Peak 320.56M) | Time:00:00.34 | Mem:0.00M, Peak:0.00M | C6420_4N_24SFF_v002_MASTER, ViewLayer | Synchronizing object | Carrier13_EMI_spring_1_3
Fra:22 Mem:318.62M (Peak 320.56M) | Time:00:00.34 | Mem:0.00M, Peak:0.00M | C6420_4N_24SFF_v002_MASTER, ViewLayer | Synchronizing object | Carrier12_EMI_spring_1_6
Fra:22 Mem:318.63M (Peak 320.56M) | Time:00:00.34 | Mem:0.00M, Peak:0.00M | C6420_4N_24SFF_v002_MASTER, ViewLayer | Synchronizing object | Carrier12_EMI_spring_1_7
Fra:22 Mem:318.62M (Peak 320.56M) | Time:00:00.34 | Mem:0.00M, Peak:0.00M | C6420_4N_24SFF_v002_MASTER, ViewLayer | Synchronizing object | Carrier13_EMI_spring_1_2
Fra:22 Mem:318.64M (Peak 320.56M) | Time:00:00.34 | Mem:0.00M, Peak:0.00M | C6420_4N_24SFF_v002_MASTER, ViewLayer | Synchronizing object | Carrier12_EMI_spring_1_8
Fra:22 Mem:318.66M (Peak 320.56M) | Time:00:00.34 | Mem:0.00M, Peak:0.00M | C6420_4N_24SFF_v002_MASTER, ViewLayer | Synchronizing object | Carrier13_hinge_return_spring
Fra:22 Mem:318.66M (Peak 320.56M) | Time:00:00.34 | Mem:0.00M, Peak:0.00M | C6420_4N_24SFF_v002_MASTER, ViewLayer | Synchronizing object | Carrier13_EMI_spring_1_1
Fra:22 Mem:318.73M (Peak 320.56M) | Time:00:00.34 | Mem:0.00M, Peak:0.00M | C6420_4N_24SFF_v002_MASTER, ViewLayer | Synchronizing object | Carrier13_EMI_spring_1_0
Fra:22 Mem:318.79M (Peak 320.56M) | Time:00:00.34 | Mem:0.00M, Peak:0.00M | C6420_4N_24SFF_v002_MASTER, ViewLayer | Synchronizing object | Carrier13_activity_symbol
Fra:22 Mem:318.79M (Peak 320.56M) | Time:00:00.34 | Mem:0.00M, Peak:0.00M | C6420_4N_24SFF_v002_MASTER, ViewLayer | Synchronizing object | Carrier13_EMI_spring_-1_8
Fra:22 Mem:318.82M (Peak 320.56M) | Time:00:00.34 | Mem:0.00M, Peak:0.00M | C6420_4N_24SFF_v002_MASTER, ViewLayer | Synchronizing object | Carrier13_EMI_spring_-1_0
Fra:22 Mem:318.77M (Peak 320.56M) | Time:00:00.34 | Mem:0.00M, Peak:0.00M | C6420_4N_24SFF_v002_MASTER, ViewLayer | Synchronizing object | Carrier13_EMI_spring_-1_1
Fra:22 Mem:318.79M (Peak 320.56M) | Time:00:00.34 | Mem:0.00M, Peak:0.00M | C6420_4N_24SFF_v002_MASTER, ViewLayer | Synchronizing object | Carrier13_EMI_spring_-1_3
Fra:22 Mem:319.05M (Peak 320.56M) | Time:00:00.34 | Mem:0.00M, Peak:0.00M | C6420_4N_24SFF_v002_MASTER, ViewLayer | Synchronizing object | Carrier13_EMI_spring_-1_4
Fra:22 Mem:319.04M (Peak 320.56M) | Time:00:00.34 | Mem:0.00M, Peak:0.00M | C6420_4N_24SFF_v002_MASTER, ViewLayer | Synchronizing object | Carrier13_EMI_spring_-1_6
Fra:22 Mem:319.04M (Peak 320.56M) | Time:00:00.34 | Mem:0.00M, Peak:0.00M | C6420_4N_24SFF_v002_MASTER, ViewLayer | Synchronizing object | Carrier13_EMI_spring_-1_5
Fra:22 Mem:304.84M (Peak 320.56M) | Time:00:00.37 | Mem:0.00M, Peak:0.00M | C6420_4N_24SFF_v002_MASTER, ViewLayer | Initializing
Fra:22 Mem:295.87M (Peak 320.56M) | Time:00:00.38 | Mem:0.00M, Peak:0.00M | C6420_4N_24SFF_v002_MASTER, ViewLayer | Updating Images | Loading nylon-normal.png.001
Fra:22 Mem:295.87M (Peak 320.56M) | Time:00:00.38 | Mem:0.00M, Peak:0.00M | C6420_4N_24SFF_v002_MASTER, ViewLayer | Updating Images | Loading nickel-rough.png.001
Fra:22 Mem:295.87M (Peak 320.56M) | Time:00:00.38 | Mem:0.00M, Peak:0.00M | C6420_4N_24SFF_v002_MASTER, ViewLayer | Updating Images | Loading abs-normal.png
Fra:22 Mem:327.87M (Peak 327.87M) | Time:00:00.38 | Mem:0.00M, Peak:0.00M | C6420_4N_24SFF_v002_MASTER, ViewLayer | Updating Images | Loading abs-base.png.001
Fra:22 Mem:447.89M (Peak 463.89M) | Time:00:00.41 | Mem:8.00M, Peak:8.00M | C6420_4N_24SFF_v002_MASTER, ViewLayer | Updating Images | Loading abs-rough.png.001
Fra:22 Mem:543.92M (Peak 591.93M) | Time:00:00.47 | Mem:24.00M, Peak:24.00M | C6420_4N_24SFF_v002_MASTER, ViewLayer | Updating Images | Loading abs-normal.png.001
Fra:22 Mem:575.92M (Peak 591.93M) | Time:00:00.48 | Mem:40.00M, Peak:40.00M | C6420_4N_24SFF_v002_MASTER, ViewLayer | Updating Images | Loading dell-emc-official.png.001
Fra:22 Mem:576.27M (Peak 591.93M) | Time:00:00.48 | Mem:40.35M, Peak:40.35M | C6420_4N_24SFF_v002_MASTER, ViewLayer | Updating Images | Loading c6400-official.png.001
Fra:22 Mem:592.54M (Peak 592.54M) | Time:00:00.49 | Mem:40.62M, Peak:40.62M | C6420_4N_24SFF_v002_MASTER, ViewLayer | Updating Images | Loading abacus-clear-service
Fra:22 Mem:584.53M (Peak 600.54M) | Time:00:00.49 | Mem:56.62M, Peak:56.62M | C6420_4N_24SFF_v002_MASTER, ViewLayer | Updating Images | Loading abacus-clear-warning
Fra:22 Mem:634.11M (Peak 653.25M) | Time:00:00.51 | Mem:58.18M, Peak:58.18M | C6420_4N_24SFF_v002_MASTER, ViewLayer | Updating Images | Loading abacus-clear-regulatory
Fra:22 Mem:651.68M (Peak 653.25M) | Time:00:00.51 | Mem:74.18M, Peak:74.18M | C6420_4N_24SFF_v002_MASTER, ViewLayer | Updating Images | Loading nylon-base.png.001
Fra:22 Mem:651.68M (Peak 670.81M) | Time:00:00.52 | Mem:75.74M, Peak:75.74M | C6420_4N_24SFF_v002_MASTER, ViewLayer | Updating Images | Loading nylon-rough.png.001
Fra:22 Mem:469.85M (Peak 670.81M) | Time:00:00.67 | Mem:227.74M, Peak:227.74M | C6420_4N_24SFF_v002_MASTER, ViewLayer | Waiting for render to start
Fra:22 Mem:469.85M (Peak 670.81M) | Time:00:00.67 | Mem:227.74M, Peak:227.74M | C6420_4N_24SFF_v002_MASTER, ViewLayer | Loading render kernels (may take a few minutes the first time)
Fra:22 Mem:469.85M (Peak 670.81M) | Time:00:00.67 | Mem:227.74M, Peak:227.74M | C6420_4N_24SFF_v002_MASTER, ViewLayer | Updating Scene
Fra:22 Mem:469.85M (Peak 670.81M) | Time:00:00.67 | Mem:227.74M, Peak:227.74M | C6420_4N_24SFF_v002_MASTER, ViewLayer | Updating Shaders
Fra:22 Mem:469.95M (Peak 670.81M) | Time:00:00.67 | Mem:227.76M, Peak:227.76M | C6420_4N_24SFF_v002_MASTER, ViewLayer | Updating Procedurals
Fra:22 Mem:469.95M (Peak 670.81M) | Time:00:00.67 | Mem:227.76M, Peak:227.76M | C6420_4N_24SFF_v002_MASTER, ViewLayer | Updating Background
Fra:22 Mem:469.95M (Peak 670.81M) | Time:00:00.67 | Mem:227.76M, Peak:227.76M | C6420_4N_24SFF_v002_MASTER, ViewLayer | Updating Camera
Fra:22 Mem:469.95M (Peak 670.81M) | Time:00:00.67 | Mem:227.76M, Peak:227.76M | C6420_4N_24SFF_v002_MASTER, ViewLayer | Updating Meshes Flags
Fra:22 Mem:469.95M (Peak 670.81M) | Time:00:00.67 | Mem:227.76M, Peak:227.76M | C6420_4N_24SFF_v002_MASTER, ViewLayer | Updating Objects
Fra:22 Mem:469.95M (Peak 670.81M) | Time:00:00.67 | Mem:227.76M, Peak:227.76M | C6420_4N_24SFF_v002_MASTER, ViewLayer | Updating Objects | Copying Transformations to device
Fra:22 Mem:470.43M (Peak 670.81M) | Time:00:00.67 | Mem:228.22M, Peak:228.22M | C6420_4N_24SFF_v002_MASTER, ViewLayer | Updating Objects | Applying Static Transformations
Fra:22 Mem:470.43M (Peak 670.81M) | Time:00:00.67 | Mem:228.22M, Peak:228.22M | C6420_4N_24SFF_v002_MASTER, ViewLayer | Updating Particle Systems
Fra:22 Mem:470.43M (Peak 670.81M) | Time:00:00.67 | Mem:228.22M, Peak:228.22M | C6420_4N_24SFF_v002_MASTER, ViewLayer | Updating Particle Systems | Copying Particles to device
Fra:22 Mem:470.43M (Peak 670.81M) | Time:00:00.67 | Mem:228.22M, Peak:228.22M | C6420_4N_24SFF_v002_MASTER, ViewLayer | Updating Meshes
Fra:22 Mem:477.40M (Peak 670.81M) | Time:00:00.69 | Mem:228.22M, Peak:228.22M | C6420_4N_24SFF_v002_MASTER, ViewLayer | Updating Mesh | Computing attributes
Fra:22 Mem:510.23M (Peak 670.81M) | Time:00:00.74 | Mem:228.33M, Peak:228.33M | C6420_4N_24SFF_v002_MASTER, ViewLayer | Updating Mesh | Copying Attributes to device
Fra:22 Mem:509.91M (Peak 670.81M) | Time:00:00.74 | Mem:260.74M, Peak:260.74M | C6420_4N_24SFF_v002_MASTER, ViewLayer | Updating Geometry BVH Side_upper_inward_return_1_mesh 1/165 | Building BVH
Fra:22 Mem:509.91M (Peak 670.81M) | Time:00:00.74 | Mem:260.74M, Peak:260.74M | C6420_4N_24SFF_v002_MASTER, ViewLayer | Updating Geometry BVH Cover_skirt_screw_1_recess_floor_mesh 5/165 | Building BVH
Fra:22 Mem:509.91M (Peak 670.81M) | Time:00:00.74 | Mem:260.74M, Peak:260.74M | C6420_4N_24SFF_v002_MASTER, ViewLayer | Updating Geometry BVH Side_1_fastener_1_recessed_head_mesh 8/165 | Building BVH
Fra:22 Mem:509.91M (Peak 670.81M) | Time:00:00.74 | Mem:260.74M, Peak:260.74M | C6420_4N_24SFF_v002_MASTER, ViewLayer | Updating Geometry BVH PSU1_efficiency_exact_letters_font 165/165 | Building BVH
Fra:22 Mem:509.91M (Peak 670.81M) | Time:00:00.74 | Mem:260.74M, Peak:260.74M | C6420_4N_24SFF_v002_MASTER, ViewLayer | Updating Geometry BVH Side_1_fastener_1_recess_floor_mesh 9/165 | Building BVH
Fra:22 Mem:509.91M (Peak 670.81M) | Time:00:00.74 | Mem:260.77M, Peak:260.77M | C6420_4N_24SFF_v002_MASTER, ViewLayer | Updating Geometry BVH Side_1_fastener_1_recess_floor_mesh 9/165 | Building BVH 0%
Fra:22 Mem:509.91M (Peak 670.81M) | Time:00:00.74 | Mem:260.77M, Peak:260.77M | C6420_4N_24SFF_v002_MASTER, ViewLayer | Updating Geometry BVH Side_1_fastener_1_recess_floor_mesh 9/165 | Building BVH
Fra:22 Mem:509.91M (Peak 670.81M) | Time:00:00.74 | Mem:260.78M, Peak:260.79M | C6420_4N_24SFF_v002_MASTER, ViewLayer | Updating Geometry BVH Side_1_fastener_2_recessed_head_mesh 10/165 | Building BVH
Fra:22 Mem:509.91M (Peak 670.81M) | Time:00:00.74 | Mem:260.92M, Peak:260.92M | C6420_4N_24SFF_v002_MASTER, ViewLayer | Updating Geometry BVH Side_1_fastener_3_recessed_head_mesh 11/165 | Building BVH
Fra:22 Mem:509.91M (Peak 670.81M) | Time:00:00.74 | Mem:260.98M, Peak:260.99M | C6420_4N_24SFF_v002_MASTER, ViewLayer | Updating Geometry BVH Side_1_fastener_4_recessed_head_mesh 13/165 | Building BVH
Fra:22 Mem:509.91M (Peak 670.81M) | Time:00:00.74 | Mem:261.06M, Peak:261.06M | C6420_4N_24SFF_v002_MASTER, ViewLayer | Updating Geometry BVH Side_1_fastener_4_recess_floor_mesh 14/165 | Building BVH
Fra:22 Mem:509.91M (Peak 670.81M) | Time:00:00.74 | Mem:261.12M, Peak:261.12M | C6420_4N_24SFF_v002_MASTER, ViewLayer | Updating Geometry BVH Side_1_fastener_5_recessed_head_mesh 15/165 | Building BVH
Fra:22 Mem:509.91M (Peak 670.81M) | Time:00:00.74 | Mem:261.27M, Peak:261.27M | C6420_4N_24SFF_v002_MASTER, ViewLayer | Updating Geometry BVH Side_1_fastener_6_recessed_head_mesh 16/165 | Building BVH
Fra:22 Mem:509.91M (Peak 670.81M) | Time:00:00.74 | Mem:261.31M, Peak:261.31M | C6420_4N_24SFF_v002_MASTER, ViewLayer | Updating Geometry BVH Side_1_fastener_6_recess_floor_mesh 17/165 | Building BVH
Fra:22 Mem:509.91M (Peak 670.81M) | Time:00:00.74 | Mem:261.54M, Peak:261.54M | C6420_4N_24SFF_v002_MASTER, ViewLayer | Updating Geometry BVH Side_1_fastener_7_recessed_head_mesh 18/165 | Building BVH
Fra:22 Mem:509.91M (Peak 670.81M) | Time:00:00.74 | Mem:261.67M, Peak:261.70M | C6420_4N_24SFF_v002_MASTER, ViewLayer | Updating Geometry BVH Side_1_fastener_8_recessed_head_mesh 19/165 | Building BVH
Fra:22 Mem:509.91M (Peak 670.81M) | Time:00:00.74 | Mem:261.77M, Peak:261.79M | C6420_4N_24SFF_v002_MASTER, ViewLayer | Updating Geometry BVH Side_1_fastener_9_recessed_head_mesh 20/165 | Building BVH
Fra:22 Mem:509.91M (Peak 670.81M) | Time:00:00.74 | Mem:261.78M, Peak:261.79M | C6420_4N_24SFF_v002_MASTER, ViewLayer | Updating Geometry BVH PSU1_2400W_exact_letters_font 164/165 | Building BVH
Fra:22 Mem:509.91M (Peak 670.81M) | Time:00:00.74 | Mem:261.99M, Peak:261.99M | C6420_4N_24SFF_v002_MASTER, ViewLayer | Updating Geometry BVH Side_1_fastener_10_recessed_head_mesh 21/165 | Building BVH
Fra:22 Mem:509.91M (Peak 670.81M) | Time:00:00.74 | Mem:261.94M, Peak:261.99M | C6420_4N_24SFF_v002_MASTER, ViewLayer | Updating Geometry BVH PSU1_EPP_exact_letters_font 163/165 | Building BVH
Fra:22 Mem:509.91M (Peak 670.81M) | Time:00:00.74 | Mem:262.11M, Peak:262.11M | C6420_4N_24SFF_v002_MASTER, ViewLayer | Updating Geometry BVH Underlapping_cover_seam_mesh 24/165 | Building BVH
Fra:22 Mem:509.91M (Peak 670.81M) | Time:00:00.74 | Mem:262.24M, Peak:262.24M | C6420_4N_24SFF_v002_MASTER, ViewLayer | Updating Geometry BVH PSU1_EPP_green_upper_field_mesh 162/165 | Building BVH
Fra:22 Mem:509.91M (Peak 670.81M) | Time:00:00.74 | Mem:262.36M, Peak:262.36M | C6420_4N_24SFF_v002_MASTER, ViewLayer | Updating Geometry BVH Cover_traction_pad_mesh 25/165 | Building BVH
Fra:22 Mem:509.91M (Peak 670.81M) | Time:00:00.74 | Mem:262.41M, Peak:262.43M | C6420_4N_24SFF_v002_MASTER, ViewLayer | Updating Geometry BVH PSU1_EPP_real_print_paper_mesh 161/165 | Building BVH
Fra:22 Mem:509.91M (Peak 670.81M) | Time:00:00.74 | Mem:262.39M, Peak:262.43M | C6420_4N_24SFF_v002_MASTER, ViewLayer | Updating Geometry BVH Front_cover_flush_screw_recess_floor_mesh 26/165 | Building BVH
Fra:22 Mem:509.91M (Peak 670.81M) | Time:00:00.74 | Mem:262.48M, Peak:262.48M | C6420_4N_24SFF_v002_MASTER, ViewLayer | Updating Geometry BVH Rear_cover_flush_screw_recessed_head_mesh.001 28/165 | Building BVH
Fra:22 Mem:509.91M (Peak 670.81M) | Time:00:00.74 | Mem:262.49M, Peak:262.49M | C6420_4N_24SFF_v002_MASTER, ViewLayer | Updating Geometry BVH Midheight_sled_shelf_mesh 31/165 | Building BVH
Fra:22 Mem:509.91M (Peak 670.81M) | Time:00:00.74 | Mem:262.43M, Peak:262.49M | C6420_4N_24SFF_v002_MASTER, ViewLayer | Updating Geometry BVH Central_PSU_channel_divider_mesh 32/165 | Building BVH
Fra:22 Mem:509.91M (Peak 670.81M) | Time:00:00.74 | Mem:262.44M, Peak:262.49M | C6420_4N_24SFF_v002_MASTER, ViewLayer | Updating Geometry BVH Hidden_backplane_socket_mesh 33/165 | Building BVH
Fra:22 Mem:509.91M (Peak 670.81M) | Time:00:00.74 | Mem:262.52M, Peak:262.52M | C6420_4N_24SFF_v002_MASTER, ViewLayer | Updating Geometry BVH Rack_ear_mount_-1_mesh 34/165 | Building BVH
Fra:22 Mem:509.91M (Peak 670.81M) | Time:00:00.74 | Mem:262.68M, Peak:262.68M | C6420_4N_24SFF_v002_MASTER, ViewLayer | Updating Geometry BVH Control_ear_shell_-1_mesh 35/165 | Building BVH
Fra:22 Mem:509.91M (Peak 670.81M) | Time:00:00.74 | Mem:262.66M, Peak:262.70M | C6420_4N_24SFF_v002_MASTER, ViewLayer | Updating Geometry BVH Lower_ear_screw_boss_-1_mesh 36/165 | Building BVH
Fra:22 Mem:509.91M (Peak 670.81M) | Time:00:00.74 | Mem:262.68M, Peak:262.70M | C6420_4N_24SFF_v002_MASTER, ViewLayer | Updating Geometry BVH PSU1_round_EPP_label_substrate_mesh 159/165 | Building BVH
Fra:22 Mem:509.91M (Peak 670.81M) | Time:00:00.74 | Mem:262.71M, Peak:262.71M | C6420_4N_24SFF_v002_MASTER, ViewLayer | Updating Geometry BVH Front_punched_cheek_-1_mesh 37/165 | Building BVH
Fra:22 Mem:509.91M (Peak 670.81M) | Time:00:00.74 | Mem:262.84M, Peak:262.84M | C6420_4N_24SFF_v002_MASTER, ViewLayer | Updating Geometry BVH Front_cage_side_return_-1_mesh 38/165 | Building BVH
Fra:22 Mem:509.91M (Peak 670.81M) | Time:00:00.74 | Mem:263.13M, Peak:263.13M | C6420_4N_24SFF_v002_MASTER, ViewLayer | Updating Geometry BVH Handle_flat_anchor_-1_mesh 39/165 | Building BVH
Fra:22 Mem:509.91M (Peak 670.81M) | Time:00:00.74 | Mem:263.30M, Peak:263.30M | C6420_4N_24SFF_v002_MASTER, ViewLayer | Updating Geometry BVH Front_lower_rolled_hem_mesh 40/165 | Building BVH
Fra:22 Mem:509.91M (Peak 670.81M) | Time:00:00.74 | Mem:263.34M, Peak:263.34M | C6420_4N_24SFF_v002_MASTER, ViewLayer | Updating Geometry BVH Drive_bank_divider_0_mesh 41/165 | Building BVH
Fra:22 Mem:509.91M (Peak 670.81M) | Time:00:00.74 | Mem:263.41M, Peak:263.41M | C6420_4N_24SFF_v002_MASTER, ViewLayer | Updating Geometry BVH Control_face_inset_-1_mesh 42/165 | Building BVH
Fra:22 Mem:509.91M (Peak 670.81M) | Time:00:00.74 | Mem:263.47M, Peak:263.47M | C6420_4N_24SFF_v002_MASTER, ViewLayer | Updating Geometry BVH Control_face_bottom_clip_-1_mesh 43/165 | Building BVH
Fra:22 Mem:509.91M (Peak 670.81M) | Time:00:00.74 | Mem:263.46M, Peak:263.50M | C6420_4N_24SFF_v002_MASTER, ViewLayer | Updating Geometry BVH Power_button_lens_1_mesh 44/165 | Building BVH
Fra:22 Mem:509.91M (Peak 670.81M) | Time:00:00.74 | Mem:263.49M, Peak:263.50M | C6420_4N_24SFF_v002_MASTER, ViewLayer | Updating Geometry BVH Power_outer_white_print_1_mesh 45/165 | Building BVH
Fra:22 Mem:509.91M (Peak 670.81M) | Time:00:00.74 | Mem:263.50M, Peak:263.50M | C6420_4N_24SFF_v002_MASTER, ViewLayer | Updating Geometry BVH ID_button_print_1_mesh 47/165 | Building BVH
Fra:22 Mem:509.91M (Peak 670.81M) | Time:00:00.74 | Mem:263.45M, Peak:263.50M | C6420_4N_24SFF_v002_MASTER, ViewLayer | Updating Geometry BVH ID_inner_white_disc_1_mesh 48/165 | Building BVH
Fra:22 Mem:509.91M (Peak 670.81M) | Time:00:00.74 | Mem:263.43M, Peak:263.50M | C6420_4N_24SFF_v002_MASTER, ViewLayer | Updating Geometry BVH ID_information_symbol_1_font 49/165 | Building BVH
Fra:22 Mem:509.91M (Peak 670.81M) | Time:00:00.74 | Mem:263.44M, Peak:263.50M | C6420_4N_24SFF_v002_MASTER, ViewLayer | Updating Geometry BVH Front_mapping_arrow_1_mesh 50/165 | Building BVH
Fra:22 Mem:509.91M (Peak 670.81M) | Time:00:00.74 | Mem:263.55M, Peak:263.55M | C6420_4N_24SFF_v002_MASTER, ViewLayer | Updating Geometry BVH Captive_screw_metal_washer_-1_mesh 51/165 | Building BVH
Fra:22 Mem:509.91M (Peak 670.81M) | Time:00:00.74 | Mem:263.63M, Peak:263.64M | C6420_4N_24SFF_v002_MASTER, ViewLayer | Updating Geometry BVH Captive_screw_knurled_grip_-1_mesh 52/165 | Building BVH
Fra:22 Mem:509.91M (Peak 670.81M) | Time:00:00.74 | Mem:263.62M, Peak:263.64M | C6420_4N_24SFF_v002_MASTER, ViewLayer | Updating Geometry BVH Captive_screw_Phillips_-1_recessed_head_mesh 53/165 | Building BVH
Fra:22 Mem:509.91M (Peak 670.81M) | Time:00:00.74 | Mem:263.63M, Peak:263.64M | C6420_4N_24SFF_v002_MASTER, ViewLayer | Updating Geometry BVH Captive_screw_front_bead_-1_mesh 55/165 | Building BVH
Fra:22 Mem:509.91M (Peak 670.81M) | Time:00:00.74 | Mem:264.10M, Peak:264.10M | C6420_4N_24SFF_v002_MASTER, ViewLayer | Updating Geometry BVH Front_mapping_arrow_3_mesh 56/165 | Building BVH
Fra:22 Mem:509.91M (Peak 670.81M) | Time:00:00.74 | Mem:264.20M, Peak:264.20M | C6420_4N_24SFF_v002_MASTER, ViewLayer | Updating Geometry BVH Bay_mapping_triangle_0_mesh 57/165 | Building BVH
Fra:22 Mem:509.91M (Peak 670.81M) | Time:00:00.74 | Mem:264.21M, Peak:264.23M | C6420_4N_24SFF_v002_MASTER, ViewLayer | Updating Geometry BVH Node1_tray_side_-1_mesh 59/165 | Building BVH
Fra:22 Mem:509.91M (Peak 670.81M) | Time:00:00.74 | Mem:264.23M, Peak:264.23M | C6420_4N_24SFF_v002_MASTER, ViewLayer | Updating Geometry BVH Node1_visible_PCB_edge_mesh 61/165 | Building BVH
Fra:22 Mem:509.91M (Peak 670.81M) | Time:00:00.74 | Mem:264.31M, Peak:264.31M | C6420_4N_24SFF_v002_MASTER, ViewLayer | Updating Geometry BVH Node1_horizontal_rear_return_mesh 62/165 | Building BVH
Fra:22 Mem:509.91M (Peak 670.81M) | Time:00:00.74 | Mem:264.40M, Peak:264.40M | C6420_4N_24SFF_v002_MASTER, ViewLayer | Updating Geometry BVH Node1_vertical_rear_return_mesh 63/165 | Building BVH
Fra:22 Mem:509.91M (Peak 670.81M) | Time:00:00.74 | Mem:264.38M, Peak:264.40M | C6420_4N_24SFF_v002_MASTER, ViewLayer | Updating Geometry BVH PSU1_fan_screw_recess_floor_mesh 157/165 | Building BVH
Fra:22 Mem:509.91M (Peak 670.81M) | Time:00:00.74 | Mem:264.38M, Peak:264.40M | C6420_4N_24SFF_v002_MASTER, ViewLayer | Updating Geometry BVH Node1_USB_black_mask_mesh 64/165 | Building BVH
Fra:22 Mem:509.91M (Peak 670.81M) | Time:00:00.74 | Mem:264.47M, Peak:264.47M | C6420_4N_24SFF_v002_MASTER, ViewLayer | Updating Geometry BVH Node1_USB3A_0_metal_cavity_mesh 65/165 | Building BVH
Fra:22 Mem:509.91M (Peak 670.81M) | Time:00:00.74 | Mem:264.48M, Peak:264.54M | C6420_4N_24SFF_v002_MASTER, ViewLayer | Updating Geometry BVH Node1_USB3A_0_dark_back_mesh 66/165 | Building BVH
Fra:22 Mem:509.91M (Peak 670.81M) | Time:00:00.74 | Mem:264.50M, Peak:264.54M | C6420_4N_24SFF_v002_MASTER, ViewLayer | Updating Geometry BVH Node1_USB3A_0_rear_contact_0_mesh 69/165 | Building BVH
Fra:22 Mem:509.91M (Peak 670.81M) | Time:00:00.74 | Mem:264.57M, Peak:264.57M | C6420_4N_24SFF_v002_MASTER, ViewLayer | Updating Geometry BVH Node1_USB_retention_spring_mesh 70/165 | Building BVH
Fra:22 Mem:509.91M (Peak 670.81M) | Time:00:00.74 | Mem:264.64M, Peak:264.65M | C6420_4N_24SFF_v002_MASTER, ViewLayer | Updating Geometry BVH PSU1_fan_screw_recessed_head_mesh 156/165 | Building BVH
Fra:22 Mem:509.91M (Peak 670.81M) | Time:00:00.74 | Mem:264.70M, Peak:264.71M | C6420_4N_24SFF_v002_MASTER, ViewLayer | Updating Geometry BVH Node1_USB_icon_circle_mesh 71/165 | Building BVH
Fra:22 Mem:509.91M (Peak 670.81M) | Time:00:00.74 | Mem:264.76M, Peak:264.76M | C6420_4N_24SFF_v002_MASTER, ViewLayer | Updating Geometry BVH Node1_USB_icon_arrow_mesh 73/165 | Building BVH
Fra:22 Mem:509.91M (Peak 670.81M) | Time:00:00.74 | Mem:264.78M, Peak:264.78M | C6420_4N_24SFF_v002_MASTER, ViewLayer | Updating Geometry BVH Node1_USB_icon_root_mesh 74/165 | Building BVH
Fra:22 Mem:509.91M (Peak 670.81M) | Time:00:00.74 | Mem:264.80M, Peak:264.80M | C6420_4N_24SFF_v002_MASTER, ViewLayer | Updating Geometry BVH Node1_USB_plate_fastener_recessed_head_mesh 75/165 | Building BVH
Fra:22 Mem:509.91M (Peak 670.81M) | Time:00:00.74 | Mem:264.81M, Peak:264.81M | C6420_4N_24SFF_v002_MASTER, ViewLayer | Updating Geometry BVH Node1_dual_SFP_adapter_face_mesh 77/165 | Building BVH
Fra:22 Mem:509.91M (Peak 670.81M) | Time:00:00.74 | Mem:264.89M, Peak:264.89M | C6420_4N_24SFF_v002_MASTER, ViewLayer | Updating Geometry BVH Node1_SFP_cage_0_metal_cavity_mesh 78/165 | Building BVH
Fra:22 Mem:509.91M (Peak 670.81M) | Time:00:00.74 | Mem:264.95M, Peak:264.96M | C6420_4N_24SFF_v002_MASTER, ViewLayer | Updating Geometry BVH Node1_SFP_cage_0_dark_back_mesh 79/165 | Building BVH
Fra:22 Mem:509.91M (Peak 670.81M) | Time:00:00.74 | Mem:264.98M, Peak:264.98M | C6420_4N_24SFF_v002_MASTER, ViewLayer | Updating Geometry BVH Node1_SFP_0_side_spring_mesh 80/165 | Building BVH
Fra:22 Mem:509.91M (Peak 670.81M) | Time:00:00.74 | Mem:265.02M, Peak:265.02M | C6420_4N_24SFF_v002_MASTER, ViewLayer | Updating Geometry BVH Node1_SFP_0_top_tang_mesh 81/165 | Building BVH
Fra:22 Mem:509.91M (Peak 670.81M) | Time:00:00.74 | Mem:265.08M, Peak:265.11M | C6420_4N_24SFF_v002_MASTER, ViewLayer | Updating Geometry BVH Node1_SFP_0_lower_flange_mesh 82/165 | Building BVH
Fra:22 Mem:509.91M (Peak 670.81M) | Time:00:00.74 | Mem:265.11M, Peak:265.11M | C6420_4N_24SFF_v002_MASTER, ViewLayer | Updating Geometry BVH Node1_SFP_0_connector_insert_mesh 83/165 | Building BVH
Fra:22 Mem:509.91M (Peak 670.81M) | Time:00:00.74 | Mem:265.25M, Peak:265.25M | C6420_4N_24SFF_v002_MASTER, ViewLayer | Updating Geometry BVH Node1_SFP_0_contact_0_mesh 84/165 | Building BVH
Fra:22 Mem:509.91M (Peak 670.81M) | Time:00:00.74 | Mem:265.29M, Peak:265.29M | C6420_4N_24SFF_v002_MASTER, ViewLayer | Updating Geometry BVH Node1_SFP_index_0_font 85/165 | Building BVH
Fra:22 Mem:509.91M (Peak 670.81M) | Time:00:00.74 | Mem:265.31M, Peak:265.31M | C6420_4N_24SFF_v002_MASTER, ViewLayer | Updating Geometry BVH Node1_SFP_index_1_font 86/165 | Building BVH
Fra:22 Mem:509.91M (Peak 670.81M) | Time:00:00.74 | Mem:265.38M, Peak:265.38M | C6420_4N_24SFF_v002_MASTER, ViewLayer | Updating Geometry BVH Node1_MicroUSB_metal_cavity_mesh 87/165 | Building BVH
Fra:22 Mem:509.91M (Peak 670.81M) | Time:00:00.74 | Mem:265.39M, Peak:265.39M | C6420_4N_24SFF_v002_MASTER, ViewLayer | Updating Geometry BVH Node1_MicroUSB_dark_back_mesh 88/165 | Building BVH
Fra:22 Mem:509.91M (Peak 670.81M) | Time:00:00.74 | Mem:265.39M, Peak:265.39M | C6420_4N_24SFF_v002_MASTER, ViewLayer | Updating Geometry BVH Node1_MicroUSB_tongue_mesh 89/165 | Building BVH
Fra:22 Mem:509.91M (Peak 670.81M) | Time:00:00.74 | Mem:265.43M, Peak:265.43M | C6420_4N_24SFF_v002_MASTER, ViewLayer | Updating Geometry BVH Node1_MiniDisplayPort_metal_cavity_mesh 90/165 | Building BVH
Fra:22 Mem:509.91M (Peak 670.81M) | Time:00:00.74 | Mem:265.62M, Peak:265.63M | C6420_4N_24SFF_v002_MASTER, ViewLayer | Updating Geometry BVH Node1_MiniDisplayPort_dark_back_mesh 91/165 | Building BVH
Fra:22 Mem:509.91M (Peak 670.81M) | Time:00:00.74 | Mem:265.66M, Peak:265.66M | C6420_4N_24SFF_v002_MASTER, ViewLayer | Updating Geometry BVH Node1_MiniDP_inner_shield_metal_cavity_mesh 92/165 | Building BVH
Fra:22 Mem:509.91M (Peak 670.81M) | Time:00:00.74 | Mem:265.69M, Peak:265.69M | C6420_4N_24SFF_v002_MASTER, ViewLayer | Updating Geometry BVH Node1_MiniDP_inner_shield_dark_back_mesh 93/165 | Building BVH
Fra:22 Mem:509.91M (Peak 670.81M) | Time:00:00.74 | Mem:265.67M, Peak:265.69M | C6420_4N_24SFF_v002_MASTER, ViewLayer | Updating Geometry BVH PSU1_corner_washer_mesh 155/165 | Building BVH
Fra:22 Mem:509.91M (Peak 670.81M) | Time:00:00.74 | Mem:265.71M, Peak:265.74M | C6420_4N_24SFF_v002_MASTER, ViewLayer | Updating Geometry BVH Node1_MiniDP_tongue_mesh 94/165 | Building BVH
Fra:22 Mem:509.91M (Peak 670.81M) | Time:00:00.74 | Mem:265.78M, Peak:265.78M | C6420_4N_24SFF_v002_MASTER, ViewLayer | Updating Geometry BVH Node1_iDRAC_RJ45_metal_cavity_mesh 95/165 | Building BVH
Fra:22 Mem:509.91M (Peak 670.81M) | Time:00:00.74 | Mem:265.81M, Peak:265.81M | C6420_4N_24SFF_v002_MASTER, ViewLayer | Updating Geometry BVH Node1_iDRAC_RJ45_dark_back_mesh 96/165 | Building BVH
Fra:22 Mem:509.91M (Peak 670.81M) | Time:00:00.74 | Mem:265.84M, Peak:265.84M | C6420_4N_24SFF_v002_MASTER, ViewLayer | Updating Geometry BVH Node1_RJ45_LED_lens_mesh 97/165 | Building BVH
Fra:22 Mem:509.91M (Peak 670.81M) | Time:00:00.74 | Mem:266.01M, Peak:266.01M | C6420_4N_24SFF_v002_MASTER, ViewLayer | Updating Geometry BVH Node1_RJ45_LED_lens_mesh.001 98/165 | Building BVH
Fra:22 Mem:509.91M (Peak 670.81M) | Time:00:00.74 | Mem:266.01M, Peak:266.01M | C6420_4N_24SFF_v002_MASTER, ViewLayer | Updating Geometry BVH Node1_power_metal_rim_mesh 99/165 | Building BVH
Fra:22 Mem:509.91M (Peak 670.81M) | Time:00:00.74 | Mem:266.03M, Peak:266.03M | C6420_4N_24SFF_v002_MASTER, ViewLayer | Updating Geometry BVH Node1_power_button_lens_mesh 100/165 | Building BVH
Fra:22 Mem:509.91M (Peak 670.81M) | Time:00:00.74 | Mem:266.04M, Peak:266.04M | C6420_4N_24SFF_v002_MASTER, ViewLayer | Updating Geometry BVH Node1_long_grip_folded_frame_mesh 101/165 | Building BVH
Fra:22 Mem:509.91M (Peak 670.81M) | Time:00:00.74 | Mem:266.29M, Peak:266.29M | C6420_4N_24SFF_v002_MASTER, ViewLayer | Updating Geometry BVH Node1_long_black_grip_metal_cavity_mesh 102/165 | Building BVH
Fra:22 Mem:509.91M (Peak 670.81M) | Time:00:00.74 | Mem:266.35M, Peak:266.38M | C6420_4N_24SFF_v002_MASTER, ViewLayer | Updating Geometry BVH PSU1_flat_guard_crossbar_1_mesh 154/165 | Building BVH
Fra:22 Mem:509.91M (Peak 670.81M) | Time:00:00.74 | Mem:266.39M, Peak:266.39M | C6420_4N_24SFF_v002_MASTER, ViewLayer | Updating Geometry BVH Node1_long_black_grip_dark_back_mesh 103/165 | Building BVH
Fra:22 Mem:509.91M (Peak 670.81M) | Time:00:00.74 | Mem:266.52M, Peak:266.60M | C6420_4N_24SFF_v002_MASTER, ViewLayer | Updating Geometry BVH Node1_grip_edge_fold_mesh 104/165 | Building BVH
Fra:22 Mem:509.91M (Peak 670.81M) | Time:00:00.74 | Mem:266.52M, Peak:266.60M | C6420_4N_24SFF_v002_MASTER, ViewLayer | Updating Geometry BVH Node1_grip_press_lug_mesh 105/165 | Building BVH
Fra:22 Mem:509.91M (Peak 670.81M) | Time:00:00.74 | Mem:266.58M, Peak:266.60M | C6420_4N_24SFF_v002_MASTER, ViewLayer | Updating Geometry BVH Node1_grip_hinge_pin_mesh 106/165 | Building BVH
Fra:22 Mem:509.91M (Peak 670.81M) | Time:00:00.74 | Mem:266.59M, Peak:266.60M | C6420_4N_24SFF_v002_MASTER, ViewLayer | Updating Geometry BVH Node1_blue_paddle_face_mesh 107/165 | Building BVH
Fra:22 Mem:509.91M (Peak 670.81M) | Time:00:00.74 | Mem:266.48M, Peak:266.61M | C6420_4N_24SFF_v002_MASTER, ViewLayer | Updating Geometry BVH Node1_blue_hook_cross_return_mesh 109/165 | Building BVH
Fra:22 Mem:509.91M (Peak 670.81M) | Time:00:00.74 | Mem:266.49M, Peak:266.61M | C6420_4N_24SFF_v002_MASTER, ViewLayer | Updating Geometry BVH Node1_blue_latch_mount_recessed_head_mesh 110/165 | Building BVH
Fra:22 Mem:509.91M (Peak 670.81M) | Time:00:00.74 | Mem:266.50M, Peak:266.61M | C6420_4N_24SFF_v002_MASTER, ViewLayer | Updating Geometry BVH Node1_latch_steel_back_mesh 111/165 | Building BVH
Fra:22 Mem:509.91M (Peak 670.81M) | Time:00:00.74 | Mem:266.51M, Peak:266.61M | C6420_4N_24SFF_v002_MASTER, ViewLayer | Updating Geometry BVH Node1_DP_mark_font 112/165 | Building BVH
Fra:22 Mem:509.91M (Peak 670.81M) | Time:00:00.74 | Mem:266.49M, Peak:266.61M | C6420_4N_24SFF_v002_MASTER, ViewLayer | Updating Geometry BVH Node1_iDRAC_mark_font 113/165 | Building BVH
Fra:22 Mem:509.91M (Peak 670.81M) | Time:00:00.74 | Mem:266.54M, Peak:266.61M | C6420_4N_24SFF_v002_MASTER, ViewLayer | Updating Geometry BVH Node1_MicroUSB_service_mark_font 114/165 | Building BVH
Fra:22 Mem:509.91M (Peak 670.81M) | Time:00:00.74 | Mem:266.61M, Peak:266.61M | C6420_4N_24SFF_v002_MASTER, ViewLayer | Updating Geometry BVH Node1_EST_tag_mesh 115/165 | Building BVH
Fra:22 Mem:509.91M (Peak 670.81M) | Time:00:00.74 | Mem:266.61M, Peak:266.61M | C6420_4N_24SFF_v002_MASTER, ViewLayer | Updating Geometry BVH Node1_EST_blue_print_mesh 116/165 | Building BVH
Fra:22 Mem:509.91M (Peak 670.81M) | Time:00:00.74 | Mem:266.83M, Peak:266.83M | C6420_4N_24SFF_v002_MASTER, ViewLayer | Updating Geometry BVH PSU1_fan_motor_hub_mesh 152/165 | Building BVH
Fra:22 Mem:509.91M (Peak 670.81M) | Time:00:00.74 | Mem:266.86M, Peak:266.86M | C6420_4N_24SFF_v002_MASTER, ViewLayer | Updating Geometry BVH Drive00_metal_enclosure_mesh 118/165 | Building BVH
Fra:22 Mem:509.91M (Peak 670.81M) | Time:00:00.74 | Mem:266.90M, Peak:266.90M | C6420_4N_24SFF_v002_MASTER, ViewLayer | Updating Geometry BVH Carrier00_setback_honeycomb_mesh 121/165 | Building BVH
Fra:22 Mem:509.91M (Peak 670.81M) | Time:00:00.74 | Mem:266.89M, Peak:266.92M | C6420_4N_24SFF_v002_MASTER, ViewLayer | Updating Geometry BVH Carrier00_fixed_outer_bezel_mesh 122/165 | Building BVH
Fra:22 Mem:509.91M (Peak 670.81M) | Time:00:00.74 | Mem:266.90M, Peak:266.92M | C6420_4N_24SFF_v002_MASTER, ViewLayer | Updating Geometry BVH Carrier00_silver_handle_frame_mesh 124/165 | Building BVH
Fra:22 Mem:509.91M (Peak 670.81M) | Time:00:00.74 | Mem:267.21M, Peak:267.21M | C6420_4N_24SFF_v002_MASTER, ViewLayer | Updating Geometry BVH Carrier00_three_window_handle_mesh 125/165 | Building BVH
Fra:22 Mem:509.91M (Peak 670.81M) | Time:00:00.74 | Mem:267.24M, Peak:267.24M | C6420_4N_24SFF_v002_MASTER, ViewLayer | Updating Geometry BVH Carrier00_handle_top_thumb_land_mesh 126/165 | Building BVH
Fra:22 Mem:509.91M (Peak 670.81M) | Time:00:00.74 | Mem:267.35M, Peak:267.35M | C6420_4N_24SFF_v002_MASTER, ViewLayer | Updating Geometry BVH Carrier00_label_inset_pad_mesh 127/165 | Building BVH
Fra:22 Mem:509.91M (Peak 670.81M) | Time:00:00.74 | Mem:267.39M, Peak:267.39M | C6420_4N_24SFF_v002_MASTER, ViewLayer | Updating Geometry BVH Carrier00_hinge_axle_mesh 128/165 | Building BVH
Fra:22 Mem:509.91M (Peak 670.81M) | Time:00:00.74 | Mem:267.48M, Peak:267.48M | C6420_4N_24SFF_v002_MASTER, ViewLayer | Updating Geometry BVH Carrier00_hinge_end_bracket_mesh 129/165 | Building BVH
Fra:22 Mem:509.91M (Peak 670.81M) | Time:00:00.74 | Mem:267.50M, Peak:267.50M | C6420_4N_24SFF_v002_MASTER, ViewLayer | Updating Geometry BVH PSU1_fan_shroud_dark_back_mesh 151/165 | Building BVH
Fra:22 Mem:509.91M (Peak 670.81M) | Time:00:00.74 | Mem:267.49M, Peak:267.50M | C6420_4N_24SFF_v002_MASTER, ViewLayer | Updating Geometry BVH Carrier00_release_bezel_mesh 130/165 | Building BVH
Fra:22 Mem:509.91M (Peak 670.81M) | Time:00:00.74 | Mem:267.55M, Peak:267.57M | C6420_4N_24SFF_v002_MASTER, ViewLayer | Updating Geometry BVH Carrier00_square_release_pad_mesh 131/165 | Building BVH
Fra:22 Mem:509.91M (Peak 670.81M) | Time:00:00.74 | Mem:267.57M, Peak:267.59M | C6420_4N_24SFF_v002_MASTER, ViewLayer | Updating Geometry BVH Carrier00_orange_release_ring_mesh 133/165 | Building BVH
Fra:22 Mem:509.91M (Peak 670.81M) | Time:00:00.74 | Mem:267.59M, Peak:267.59M | C6420_4N_24SFF_v002_MASTER, ViewLayer | Updating Geometry BVH Carrier00_button_inner_face_mesh 134/165 | Building BVH
Fra:22 Mem:509.91M (Peak 670.81M) | Time:00:00.74 | Mem:267.60M, Peak:267.61M | C6420_4N_24SFF_v002_MASTER, ViewLayer | Updating Geometry BVH Carrier00_status_lens_0_mesh 136/165 | Building BVH
Fra:22 Mem:509.91M (Peak 670.81M) | Time:00:00.74 | Mem:267.61M, Peak:267.61M | C6420_4N_24SFF_v002_MASTER, ViewLayer | Updating Geometry BVH PSU1_fan_shroud_metal_cavity_mesh 150/165 | Building BVH
Fra:22 Mem:509.91M (Peak 670.81M) | Time:00:00.74 | Mem:267.91M, Peak:267.90M | C6420_4N_24SFF_v002_MASTER, ViewLayer | Updating Geometry BVH Carrier00_disk_symbol_mesh 137/165 | Building BVH
Fra:22 Mem:509.91M (Peak 670.81M) | Time:00:00.74 | Mem:268.05M, Peak:268.11M | C6420_4N_24SFF_v002_MASTER, ViewLayer | Updating Geometry BVH PSU1_octagonal_fan_guard_mesh 149/165 | Building BVH
Fra:22 Mem:509.91M (Peak 670.81M) | Time:00:00.74 | Mem:268.10M, Peak:268.11M | C6420_4N_24SFF_v002_MASTER, ViewLayer | Updating Geometry BVH PSU1_side_shell_mesh 139/165 | Building BVH
Fra:22 Mem:509.91M (Peak 670.81M) | Time:00:00.74 | Mem:268.12M, Peak:268.12M | C6420_4N_24SFF_v002_MASTER, ViewLayer | Updating Geometry BVH Carrier00_setback_dark_air_shade_mesh 138/165 | Building BVH
Fra:22 Mem:509.91M (Peak 670.81M) | Time:00:00.74 | Mem:268.12M, Peak:268.15M | C6420_4N_24SFF_v002_MASTER, ViewLayer | Updating Geometry BVH PSU1_AC_blade_0_mesh 146/165 | Building BVH
Fra:22 Mem:509.91M (Peak 670.81M) | Time:00:00.74 | Mem:268.13M, Peak:268.15M | C6420_4N_24SFF_v002_MASTER, ViewLayer | Updating Geometry BVH PSU1_orange_release_paddle_mesh 147/165 | Building BVH
Fra:22 Mem:509.91M (Peak 670.81M) | Time:00:00.74 | Mem:268.15M, Peak:268.15M | C6420_4N_24SFF_v002_MASTER, ViewLayer | Updating Geometry BVH PSU1_latch_track_mesh 148/165 | Building BVH
Fra:22 Mem:509.91M (Peak 670.81M) | Time:00:00.74 | Mem:268.45M, Peak:268.49M | C6420_4N_24SFF_v002_MASTER, ViewLayer | Updating Scene BVH | Building
Fra:22 Mem:509.93M (Peak 670.81M) | Time:00:00.74 | Mem:268.45M, Peak:268.49M | C6420_4N_24SFF_v002_MASTER, ViewLayer | Updating Scene BVH | Building BVH
Fra:22 Mem:509.93M (Peak 670.81M) | Time:00:00.77 | Mem:291.35M, Peak:302.10M | C6420_4N_24SFF_v002_MASTER, ViewLayer | Updating Scene BVH | Copying BVH to device
Fra:22 Mem:509.93M (Peak 670.81M) | Time:00:00.77 | Mem:291.35M, Peak:302.10M | C6420_4N_24SFF_v002_MASTER, ViewLayer | Updating Mesh | Computing normals
Fra:22 Mem:528.31M (Peak 670.81M) | Time:00:00.79 | Mem:291.35M, Peak:302.10M | C6420_4N_24SFF_v002_MASTER, ViewLayer | Updating Mesh | Copying Mesh to device
Fra:22 Mem:528.31M (Peak 670.81M) | Time:00:00.79 | Mem:309.73M, Peak:309.73M | C6420_4N_24SFF_v002_MASTER, ViewLayer | Updating Objects Flags
Fra:22 Mem:528.31M (Peak 670.81M) | Time:00:00.79 | Mem:309.74M, Peak:309.74M | C6420_4N_24SFF_v002_MASTER, ViewLayer | Updating Primitive Offsets
Fra:22 Mem:528.32M (Peak 670.81M) | Time:00:00.79 | Mem:309.75M, Peak:309.75M | C6420_4N_24SFF_v002_MASTER, ViewLayer | Updating Images
Fra:22 Mem:520.32M (Peak 670.81M) | Time:00:00.79 | Mem:301.75M, Peak:309.75M | C6420_4N_24SFF_v002_MASTER, ViewLayer | Updating Camera Volume
Fra:22 Mem:520.32M (Peak 670.81M) | Time:00:00.79 | Mem:301.75M, Peak:309.75M | C6420_4N_24SFF_v002_MASTER, ViewLayer | Updating Lookup Tables
Fra:22 Mem:520.32M (Peak 670.81M) | Time:00:00.79 | Mem:301.83M, Peak:309.75M | C6420_4N_24SFF_v002_MASTER, ViewLayer | Updating Lights
Fra:22 Mem:520.32M (Peak 670.81M) | Time:00:00.79 | Mem:301.83M, Peak:309.75M | C6420_4N_24SFF_v002_MASTER, ViewLayer | Updating Lights | Computing distribution
Fra:22 Mem:520.32M (Peak 670.81M) | Time:00:00.79 | Mem:301.83M, Peak:309.75M | C6420_4N_24SFF_v002_MASTER, ViewLayer | Updating Lights | Computing tree
Fra:22 Mem:520.34M (Peak 670.81M) | Time:00:00.79 | Mem:301.85M, Peak:309.75M | C6420_4N_24SFF_v002_MASTER, ViewLayer | Updating Integrator
Fra:22 Mem:521.34M (Peak 670.81M) | Time:00:00.79 | Mem:302.85M, Peak:309.75M | C6420_4N_24SFF_v002_MASTER, ViewLayer | Updating Film
Fra:22 Mem:521.34M (Peak 670.81M) | Time:00:00.79 | Mem:302.77M, Peak:309.75M | C6420_4N_24SFF_v002_MASTER, ViewLayer | Updating Lookup Tables
Fra:22 Mem:521.34M (Peak 670.81M) | Time:00:00.79 | Mem:302.85M, Peak:309.75M | C6420_4N_24SFF_v002_MASTER, ViewLayer | Updating Baking
Fra:22 Mem:521.34M (Peak 670.81M) | Time:00:00.79 | Mem:302.85M, Peak:309.75M | C6420_4N_24SFF_v002_MASTER, ViewLayer | Updating Device | Writing constant memory
Fra:22 Mem:521.37M (Peak 670.81M) | Time:00:00.79 | Mem:302.85M, Peak:309.75M | C6420_4N_24SFF_v002_MASTER, ViewLayer | Sample 0/192
Fra:22 Mem:586.31M (Peak 670.81M) | Time:00:01.13 | Remaining:01:04.66 | Mem:367.75M, Peak:367.75M | C6420_4N_24SFF_v002_MASTER, ViewLayer | Sample 1/192
Fra:22 Mem:586.31M (Peak 670.81M) | Time:00:18.32 | Remaining:00:24.53 | Mem:367.75M, Peak:367.75M | C6420_4N_24SFF_v002_MASTER, ViewLayer | Sample 80/192
Fra:22 Mem:586.31M (Peak 670.81M) | Time:00:20.53 | Remaining:00:19.73 | Mem:367.75M, Peak:367.75M | C6420_4N_24SFF_v002_MASTER, ViewLayer | Sample 96/192
Fra:22 Mem:586.31M (Peak 670.81M) | Time:00:22.59 | Remaining:00:15.56 | Mem:367.75M, Peak:367.75M | C6420_4N_24SFF_v002_MASTER, ViewLayer | Sample 112/192
Fra:22 Mem:586.31M (Peak 670.81M) | Time:00:24.53 | Remaining:00:11.86 | Mem:367.75M, Peak:367.75M | C6420_4N_24SFF_v002_MASTER, ViewLayer | Sample 128/192
Fra:22 Mem:586.31M (Peak 670.81M) | Time:00:26.38 | Remaining:00:08.53 | Mem:367.75M, Peak:367.75M | C6420_4N_24SFF_v002_MASTER, ViewLayer | Sample 144/192
Fra:22 Mem:586.31M (Peak 670.81M) | Time:00:28.17 | Remaining:00:05.47 | Mem:367.75M, Peak:367.75M | C6420_4N_24SFF_v002_MASTER, ViewLayer | Sample 160/192
Fra:22 Mem:586.31M (Peak 670.81M) | Time:00:29.92 | Remaining:00:02.64 | Mem:367.75M, Peak:367.75M | C6420_4N_24SFF_v002_MASTER, ViewLayer | Sample 176/192
Fra:22 Mem:615.15M (Peak 672.83M) | Time:00:31.65 | Mem:367.75M, Peak:367.75M | C6420_4N_24SFF_v002_MASTER, ViewLayer | Sample 192/192
Fra:22 Mem:615.15M (Peak 672.83M) | Time:00:31.65 | Mem:367.75M, Peak:367.75M | C6420_4N_24SFF_v002_MASTER, ViewLayer | Finished
Fra:22 Mem:215.41M (Peak 672.83M) | Time:00:31.70 | Compositing
Fra:22 Mem:215.41M (Peak 672.83M) | Time:00:31.70 | Compositing | Determining resolution
Fra:22 Mem:215.41M (Peak 672.83M) | Time:00:31.70 | Compositing | Initializing execution
Fra:22 Mem:244.31M (Peak 672.83M) | Time:00:31.71 | Compositing | Tile 2-40
Fra:22 Mem:244.31M (Peak 672.83M) | Time:00:31.71 | Compositing | Tile 1-40
Fra:22 Mem:244.31M (Peak 672.83M) | Time:00:31.71 | Compositing | Tile 3-40
Fra:22 Mem:244.31M (Peak 672.83M) | Time:00:31.71 | Compositing | Tile 4-40
Fra:22 Mem:244.31M (Peak 672.83M) | Time:00:31.71 | Compositing | Tile 5-40
Fra:22 Mem:244.31M (Peak 672.83M) | Time:00:31.71 | Compositing | Tile 6-40
Fra:22 Mem:244.31M (Peak 672.83M) | Time:00:31.71 | Compositing | Tile 7-40
Fra:22 Mem:244.31M (Peak 672.83M) | Time:00:31.71 | Compositing | Tile 8-40
Fra:22 Mem:244.31M (Peak 672.83M) | Time:00:31.71 | Compositing | Tile 9-40
Fra:22 Mem:244.31M (Peak 672.83M) | Time:00:31.71 | Compositing | Tile 10-40
Fra:22 Mem:244.31M (Peak 672.83M) | Time:00:31.71 | Compositing | Tile 11-40
Fra:22 Mem:244.31M (Peak 672.83M) | Time:00:31.71 | Compositing | Tile 12-40
Fra:22 Mem:244.31M (Peak 672.83M) | Time:00:31.71 | Compositing | Tile 13-40
Fra:22 Mem:244.31M (Peak 672.83M) | Time:00:31.71 | Compositing | Tile 14-40
Fra:22 Mem:244.31M (Peak 672.83M) | Time:00:31.71 | Compositing | Tile 16-40
Fra:22 Mem:244.31M (Peak 672.83M) | Time:00:31.71 | Compositing | Tile 15-40
Fra:22 Mem:244.31M (Peak 672.83M) | Time:00:31.71 | Compositing | Tile 17-40
Fra:22 Mem:244.31M (Peak 672.83M) | Time:00:31.71 | Compositing | Tile 18-40
Fra:22 Mem:244.31M (Peak 672.83M) | Time:00:31.71 | Compositing | Tile 19-40
Fra:22 Mem:244.31M (Peak 672.83M) | Time:00:31.71 | Compositing | Tile 20-40
Fra:22 Mem:244.31M (Peak 672.83M) | Time:00:31.71 | Compositing | Tile 21-40
Fra:22 Mem:244.31M (Peak 672.83M) | Time:00:31.71 | Compositing | Tile 22-40
Fra:22 Mem:244.31M (Peak 672.83M) | Time:00:31.71 | Compositing | Tile 23-40
Fra:22 Mem:244.31M (Peak 672.83M) | Time:00:31.71 | Compositing | Tile 24-40
Fra:22 Mem:244.31M (Peak 672.83M) | Time:00:31.71 | Compositing | Tile 25-40
Fra:22 Mem:244.31M (Peak 672.83M) | Time:00:31.71 | Compositing | Tile 26-40
Fra:22 Mem:244.31M (Peak 672.83M) | Time:00:31.71 | Compositing | Tile 27-40
Fra:22 Mem:244.31M (Peak 672.83M) | Time:00:31.71 | Compositing | Tile 28-40
Fra:22 Mem:244.31M (Peak 672.83M) | Time:00:31.71 | Compositing | Tile 29-40
Fra:22 Mem:244.31M (Peak 672.83M) | Time:00:31.71 | Compositing | Tile 30-40
Fra:22 Mem:244.31M (Peak 672.83M) | Time:00:31.71 | Compositing | Tile 31-40
Fra:22 Mem:244.31M (Peak 672.83M) | Time:00:31.71 | Compositing | Tile 32-40
Fra:22 Mem:244.31M (Peak 672.83M) | Time:00:31.71 | Compositing | Tile 33-40
Fra:22 Mem:244.31M (Peak 672.83M) | Time:00:31.71 | Compositing | Tile 34-40
Fra:22 Mem:244.31M (Peak 672.83M) | Time:00:31.71 | Compositing | Tile 35-40
Fra:22 Mem:244.31M (Peak 672.83M) | Time:00:31.71 | Compositing | Tile 36-40
Fra:22 Mem:244.31M (Peak 672.83M) | Time:00:31.71 | Compositing | Tile 37-40
Fra:22 Mem:244.31M (Peak 672.83M) | Time:00:31.71 | Compositing | Tile 38-40
Fra:22 Mem:244.31M (Peak 672.83M) | Time:00:31.71 | Compositing | Tile 39-40
Fra:22 Mem:244.31M (Peak 672.83M) | Time:00:31.71 | Compositing | Tile 40-40
Fra:22 Mem:244.25M (Peak 672.83M) | Time:00:31.71 | Compositing | De-initializing execution
Saved: '/root/Blender/DELL-C6420/v002/previews/rear-left.png'
Time: 00:31.94 (Saving: 00:00.22)

V002_RENDER_DONE rear-left
Fra:22 Mem:249.06M (Peak 251.78M) | Time:00:00.22 | Mem:0.00M, Peak:0.00M | C6420_4N_24SFF_v002_MASTER, ViewLayer | Synchronizing object | INFERRED_bottom_formed_sheet
Fra:22 Mem:249.25M (Peak 251.78M) | Time:00:00.22 | Mem:0.00M, Peak:0.00M | C6420_4N_24SFF_v002_MASTER, ViewLayer | Synchronizing object | Right_side_wall
Fra:22 Mem:249.25M (Peak 251.78M) | Time:00:00.22 | Mem:0.00M, Peak:0.00M | C6420_4N_24SFF_v002_MASTER, ViewLayer | Synchronizing object | Side_lower_inward_hem_1
Fra:22 Mem:249.26M (Peak 251.78M) | Time:00:00.22 | Mem:0.00M, Peak:0.00M | C6420_4N_24SFF_v002_MASTER, ViewLayer | Synchronizing object | Top_cover_side_skirt_1
Fra:22 Mem:249.70M (Peak 251.78M) | Time:00:00.22 | Mem:0.00M, Peak:0.00M | C6420_4N_24SFF_v002_MASTER, ViewLayer | Synchronizing object | Cover_skirt_screw_1_recessed_head
Fra:22 Mem:249.75M (Peak 251.78M) | Time:00:00.22 | Mem:0.00M, Peak:0.00M | C6420_4N_24SFF_v002_MASTER, ViewLayer | Synchronizing object | Cover_skirt_screw_1_recess_floor
Fra:22 Mem:249.76M (Peak 251.78M) | Time:00:00.22 | Mem:0.00M, Peak:0.00M | C6420_4N_24SFF_v002_MASTER, ViewLayer | Synchronizing object | Side_1_fastener_0_recessed_head
Fra:22 Mem:249.92M (Peak 251.78M) | Time:00:00.22 | Mem:0.00M, Peak:0.00M | C6420_4N_24SFF_v002_MASTER, ViewLayer | Synchronizing object | Side_1_fastener_0_recess_floor
Fra:22 Mem:250.06M (Peak 251.78M) | Time:00:00.22 | Mem:0.00M, Peak:0.00M | C6420_4N_24SFF_v002_MASTER, ViewLayer | Synchronizing object | Side_1_fastener_1_recessed_head
Fra:22 Mem:250.09M (Peak 251.78M) | Time:00:00.22 | Mem:0.00M, Peak:0.00M | C6420_4N_24SFF_v002_MASTER, ViewLayer | Synchronizing object | Side_1_fastener_1_recess_floor
Fra:22 Mem:250.18M (Peak 251.78M) | Time:00:00.22 | Mem:0.00M, Peak:0.00M | C6420_4N_24SFF_v002_MASTER, ViewLayer | Synchronizing object | Side_1_fastener_2_recessed_head
Fra:22 Mem:250.22M (Peak 251.78M) | Time:00:00.22 | Mem:0.00M, Peak:0.00M | C6420_4N_24SFF_v002_MASTER, ViewLayer | Synchronizing object | Side_1_fastener_3_recessed_head
Fra:22 Mem:250.39M (Peak 251.78M) | Time:00:00.22 | Mem:0.00M, Peak:0.00M | C6420_4N_24SFF_v002_MASTER, ViewLayer | Synchronizing object | Side_1_fastener_3_recess_floor
Fra:22 Mem:250.39M (Peak 251.78M) | Time:00:00.22 | Mem:0.00M, Peak:0.00M | C6420_4N_24SFF_v002_MASTER, ViewLayer | Synchronizing object | Side_1_fastener_4_recessed_head
Fra:22 Mem:250.46M (Peak 251.78M) | Time:00:00.22 | Mem:0.00M, Peak:0.00M | C6420_4N_24SFF_v002_MASTER, ViewLayer | Synchronizing object | Side_1_fastener_5_recessed_head
Fra:22 Mem:250.87M (Peak 251.78M) | Time:00:00.22 | Mem:0.00M, Peak:0.00M | C6420_4N_24SFF_v002_MASTER, ViewLayer | Synchronizing object | Side_1_fastener_6_recessed_head
Fra:22 Mem:251.16M (Peak 251.78M) | Time:00:00.22 | Mem:0.00M, Peak:0.00M | C6420_4N_24SFF_v002_MASTER, ViewLayer | Synchronizing object | Side_1_fastener_6_recess_floor
Fra:22 Mem:251.78M (Peak 251.78M) | Time:00:00.22 | Mem:0.00M, Peak:0.00M | C6420_4N_24SFF_v002_MASTER, ViewLayer | Synchronizing object | Side_1_fastener_7_recessed_head
Fra:22 Mem:252.58M (Peak 252.58M) | Time:00:00.22 | Mem:0.00M, Peak:0.00M | C6420_4N_24SFF_v002_MASTER, ViewLayer | Synchronizing object | Side_1_fastener_8_recessed_head
Fra:22 Mem:252.33M (Peak 252.58M) | Time:00:00.22 | Mem:0.00M, Peak:0.00M | C6420_4N_24SFF_v002_MASTER, ViewLayer | Synchronizing object | Side_1_fastener_9_recessed_head
Fra:22 Mem:252.46M (Peak 252.58M) | Time:00:00.22 | Mem:0.00M, Peak:0.00M | C6420_4N_24SFF_v002_MASTER, ViewLayer | Synchronizing object | Side_1_fastener_10_recessed_head
Fra:22 Mem:252.49M (Peak 252.58M) | Time:00:00.22 | Mem:0.00M, Peak:0.00M | C6420_4N_24SFF_v002_MASTER, ViewLayer | Synchronizing object | Side_1_clinch_0
Fra:22 Mem:252.52M (Peak 252.58M) | Time:00:00.22 | Mem:0.00M, Peak:0.00M | C6420_4N_24SFF_v002_MASTER, ViewLayer | Synchronizing object | Side_rail_latch_outline_1
Fra:22 Mem:252.95M (Peak 252.95M) | Time:00:00.22 | Mem:0.00M, Peak:0.00M | C6420_4N_24SFF_v002_MASTER, ViewLayer | Synchronizing object | Left_side_wall_estimated
Fra:22 Mem:252.82M (Peak 252.95M) | Time:00:00.22 | Mem:0.00M, Peak:0.00M | C6420_4N_24SFF_v002_MASTER, ViewLayer | Synchronizing object | Front_cover_integrated_pressings
Fra:22 Mem:254.35M (Peak 254.35M) | Time:00:00.22 | Mem:0.00M, Peak:0.00M | C6420_4N_24SFF_v002_MASTER, ViewLayer | Synchronizing object | Main_cover_with_label_pressing
Fra:22 Mem:254.68M (Peak 254.68M) | Time:00:00.22 | Mem:0.00M, Peak:0.00M | C6420_4N_24SFF_v002_MASTER, ViewLayer | Synchronizing object | Rear_cover_four_pressed_regions
Fra:22 Mem:255.26M (Peak 255.26M) | Time:00:00.23 | Mem:0.00M, Peak:0.00M | C6420_4N_24SFF_v002_MASTER, ViewLayer | Synchronizing object | Underlapping_cover_seam
Fra:22 Mem:255.63M (Peak 255.63M) | Time:00:00.23 | Mem:0.00M, Peak:0.00M | C6420_4N_24SFF_v002_MASTER, ViewLayer | Synchronizing object | Cover_traction_pad
Fra:22 Mem:255.67M (Peak 255.67M) | Time:00:00.23 | Mem:0.00M, Peak:0.00M | C6420_4N_24SFF_v002_MASTER, ViewLayer | Synchronizing object | Cover_release_recess_back
Fra:22 Mem:255.68M (Peak 255.68M) | Time:00:00.23 | Mem:0.00M, Peak:0.00M | C6420_4N_24SFF_v002_MASTER, ViewLayer | Synchronizing object | Cover_release_metal_tab
Fra:22 Mem:254.59M (Peak 255.68M) | Time:00:00.23 | Mem:0.00M, Peak:0.00M | C6420_4N_24SFF_v002_MASTER, ViewLayer | Synchronizing object | Front_cover_flush_screw_recessed_head
Fra:22 Mem:254.89M (Peak 255.68M) | Time:00:00.23 | Mem:0.00M, Peak:0.00M | C6420_4N_24SFF_v002_MASTER, ViewLayer | Synchronizing object | Front_cover_flush_screw_recessed_head.001
Fra:22 Mem:255.31M (Peak 255.68M) | Time:00:00.23 | Mem:0.00M, Peak:0.00M | C6420_4N_24SFF_v002_MASTER, ViewLayer | Synchronizing object | Front_cover_flush_screw_recessed_head.002
Fra:22 Mem:256.28M (Peak 256.28M) | Time:00:00.23 | Mem:0.00M, Peak:0.00M | C6420_4N_24SFF_v002_MASTER, ViewLayer | Synchronizing object | Front_cover_flush_screw_recessed_head.003
Fra:22 Mem:256.22M (Peak 256.28M) | Time:00:00.23 | Mem:0.00M, Peak:0.00M | C6420_4N_24SFF_v002_MASTER, ViewLayer | Synchronizing object | PSU2_woven_edge_fibres
Fra:22 Mem:258.03M (Peak 258.03M) | Time:00:00.23 | Mem:0.00M, Peak:0.00M | C6420_4N_24SFF_v002_MASTER, ViewLayer | Synchronizing object | Front_cover_flush_screw_recessed_head.004
Fra:22 Mem:258.27M (Peak 258.27M) | Time:00:00.23 | Mem:0.00M, Peak:0.00M | C6420_4N_24SFF_v002_MASTER, ViewLayer | Synchronizing object | Front_cover_flush_screw_recessed_head.005
Fra:22 Mem:259.55M (Peak 259.55M) | Time:00:00.23 | Mem:0.00M, Peak:0.00M | C6420_4N_24SFF_v002_MASTER, ViewLayer | Synchronizing object | Front_cover_flush_screw_recessed_head.006
Fra:22 Mem:259.69M (Peak 259.69M) | Time:00:00.23 | Mem:0.00M, Peak:0.00M | C6420_4N_24SFF_v002_MASTER, ViewLayer | Synchronizing object | Front_cover_flush_screw_recessed_head.007
Fra:22 Mem:259.99M (Peak 259.99M) | Time:00:00.23 | Mem:0.00M, Peak:0.00M | C6420_4N_24SFF_v002_MASTER, ViewLayer | Synchronizing object | Front_cover_flush_screw_recessed_head.008
Fra:22 Mem:260.50M (Peak 260.50M) | Time:00:00.23 | Mem:0.00M, Peak:0.00M | C6420_4N_24SFF_v002_MASTER, ViewLayer | Synchronizing object | Front_cover_flush_screw_recessed_head.009
Fra:22 Mem:260.51M (Peak 260.51M) | Time:00:00.23 | Mem:0.00M, Peak:0.00M | C6420_4N_24SFF_v002_MASTER, ViewLayer | Synchronizing object | Front_cover_flush_screw_recessed_head.010
Fra:22 Mem:260.81M (Peak 260.81M) | Time:00:00.24 | Mem:0.00M, Peak:0.00M | C6420_4N_24SFF_v002_MASTER, ViewLayer | Synchronizing object | Front_cover_flush_screw_recessed_head.011
Fra:22 Mem:260.90M (Peak 260.90M) | Time:00:00.24 | Mem:0.00M, Peak:0.00M | C6420_4N_24SFF_v002_MASTER, ViewLayer | Synchronizing object | Front_cover_flush_screw_recessed_head.012
Fra:22 Mem:261.03M (Peak 261.03M) | Time:00:00.24 | Mem:0.00M, Peak:0.00M | C6420_4N_24SFF_v002_MASTER, ViewLayer | Synchronizing object | Front_cover_flush_screw_recessed_head.013
Fra:22 Mem:260.52M (Peak 261.03M) | Time:00:00.24 | Mem:0.00M, Peak:0.00M | C6420_4N_24SFF_v002_MASTER, ViewLayer | Synchronizing object | PSU1_woven_edge_fibres
Fra:22 Mem:260.69M (Peak 261.03M) | Time:00:00.24 | Mem:0.00M, Peak:0.00M | C6420_4N_24SFF_v002_MASTER, ViewLayer | Synchronizing object | Front_cover_flush_screw_recessed_head.014
Fra:22 Mem:261.54M (Peak 261.54M) | Time:00:00.24 | Mem:0.00M, Peak:0.00M | C6420_4N_24SFF_v002_MASTER, ViewLayer | Synchronizing object | Front_cover_flush_screw_recessed_head.015
Fra:22 Mem:261.54M (Peak 261.54M) | Time:00:00.24 | Mem:0.00M, Peak:0.00M | C6420_4N_24SFF_v002_MASTER, ViewLayer | Synchronizing object | Front_cover_flush_screw_recessed_head.016
Fra:22 Mem:262.88M (Peak 262.88M) | Time:00:00.24 | Mem:0.00M, Peak:0.00M | C6420_4N_24SFF_v002_MASTER, ViewLayer | Synchronizing object | Front_cover_flush_screw_recessed_head.017
Fra:22 Mem:263.19M (Peak 263.19M) | Time:00:00.24 | Mem:0.00M, Peak:0.00M | C6420_4N_24SFF_v002_MASTER, ViewLayer | Synchronizing object | Front_cover_flush_screw_recessed_head.018
Fra:22 Mem:263.21M (Peak 263.21M) | Time:00:00.24 | Mem:0.00M, Peak:0.00M | C6420_4N_24SFF_v002_MASTER, ViewLayer | Synchronizing object | Front_cover_flush_screw_recessed_head.019
Fra:22 Mem:263.28M (Peak 263.28M) | Time:00:00.24 | Mem:0.00M, Peak:0.00M | C6420_4N_24SFF_v002_MASTER, ViewLayer | Synchronizing object | Front_cover_flush_screw_recessed_head.020
Fra:22 Mem:263.42M (Peak 263.42M) | Time:00:00.24 | Mem:0.00M, Peak:0.00M | C6420_4N_24SFF_v002_MASTER, ViewLayer | Synchronizing object | Front_cover_flush_screw_recessed_head.021
Fra:22 Mem:263.60M (Peak 263.60M) | Time:00:00.24 | Mem:0.00M, Peak:0.00M | C6420_4N_24SFF_v002_MASTER, ViewLayer | Synchronizing object | PSU1_efficiency_exact_letters
Fra:22 Mem:263.90M (Peak 263.90M) | Time:00:00.24 | Mem:0.00M, Peak:0.00M | C6420_4N_24SFF_v002_MASTER, ViewLayer | Synchronizing object | PSU1_2400W_exact_letters
Fra:22 Mem:264.00M (Peak 264.00M) | Time:00:00.24 | Mem:0.00M, Peak:0.00M | C6420_4N_24SFF_v002_MASTER, ViewLayer | Synchronizing object | PSU1_EPP_exact_letters
Fra:22 Mem:263.93M (Peak 264.00M) | Time:00:00.24 | Mem:0.00M, Peak:0.00M | C6420_4N_24SFF_v002_MASTER, ViewLayer | Synchronizing object | PSU1_EPP_green_upper_field
Fra:22 Mem:264.24M (Peak 264.24M) | Time:00:00.24 | Mem:0.00M, Peak:0.00M | C6420_4N_24SFF_v002_MASTER, ViewLayer | Synchronizing object | PSU1_EPP_real_print_paper
Fra:22 Mem:264.32M (Peak 264.32M) | Time:00:00.24 | Mem:0.00M, Peak:0.00M | C6420_4N_24SFF_v002_MASTER, ViewLayer | Synchronizing object | PSU2_woven_extraction_loop
Fra:22 Mem:264.81M (Peak 264.81M) | Time:00:00.24 | Mem:0.00M, Peak:0.00M | C6420_4N_24SFF_v002_MASTER, ViewLayer | Synchronizing object | Front_cover_flush_screw_recessed_head.022
Fra:22 Mem:264.76M (Peak 264.81M) | Time:00:00.24 | Mem:0.00M, Peak:0.00M | C6420_4N_24SFF_v002_MASTER, ViewLayer | Synchronizing object | Front_cover_flush_screw_recessed_head.023
Fra:22 Mem:264.76M (Peak 264.81M) | Time:00:00.24 | Mem:0.00M, Peak:0.00M | C6420_4N_24SFF_v002_MASTER, ViewLayer | Synchronizing object | Rear_cover_flush_screw_recessed_head
Fra:22 Mem:264.92M (Peak 264.92M) | Time:00:00.24 | Mem:0.00M, Peak:0.00M | C6420_4N_24SFF_v002_MASTER, ViewLayer | Synchronizing object | PSU2_curved_fan_vane_6
Fra:22 Mem:265.17M (Peak 265.17M) | Time:00:00.24 | Mem:0.00M, Peak:0.00M | C6420_4N_24SFF_v002_MASTER, ViewLayer | Synchronizing object | PSU2_curved_fan_vane_5
Fra:22 Mem:265.30M (Peak 265.30M) | Time:00:00.24 | Mem:0.00M, Peak:0.00M | C6420_4N_24SFF_v002_MASTER, ViewLayer | Synchronizing object | PSU2_curved_fan_vane_4
Fra:22 Mem:265.32M (Peak 265.32M) | Time:00:00.24 | Mem:0.00M, Peak:0.00M | C6420_4N_24SFF_v002_MASTER, ViewLayer | Synchronizing object | PSU2_curved_fan_vane_3
Fra:22 Mem:265.34M (Peak 265.34M) | Time:00:00.24 | Mem:0.00M, Peak:0.00M | C6420_4N_24SFF_v002_MASTER, ViewLayer | Synchronizing object | PSU2_curved_fan_vane_2
Fra:22 Mem:265.36M (Peak 265.36M) | Time:00:00.24 | Mem:0.00M, Peak:0.00M | C6420_4N_24SFF_v002_MASTER, ViewLayer | Synchronizing object | PSU2_curved_fan_vane_1
Fra:22 Mem:265.25M (Peak 265.36M) | Time:00:00.24 | Mem:0.00M, Peak:0.00M | C6420_4N_24SFF_v002_MASTER, ViewLayer | Synchronizing object | PSU2_curved_fan_vane_0
Fra:22 Mem:265.26M (Peak 265.36M) | Time:00:00.24 | Mem:0.00M, Peak:0.00M | C6420_4N_24SFF_v002_MASTER, ViewLayer | Synchronizing object | Rear_cover_flush_screw_recessed_head.001
Fra:22 Mem:265.33M (Peak 265.36M) | Time:00:00.24 | Mem:0.00M, Peak:0.00M | C6420_4N_24SFF_v002_MASTER, ViewLayer | Synchronizing object | PSU1_woven_extraction_loop
Fra:22 Mem:265.56M (Peak 265.56M) | Time:00:00.25 | Mem:0.00M, Peak:0.00M | C6420_4N_24SFF_v002_MASTER, ViewLayer | Synchronizing object | Rear_cover_flush_screw_recessed_head.002
Fra:22 Mem:265.92M (Peak 265.92M) | Time:00:00.25 | Mem:0.00M, Peak:0.00M | C6420_4N_24SFF_v002_MASTER, ViewLayer | Synchronizing object | Rear_cover_flush_screw_recessed_head.003
Fra:22 Mem:265.96M (Peak 265.96M) | Time:00:00.25 | Mem:0.00M, Peak:0.00M | C6420_4N_24SFF_v002_MASTER, ViewLayer | Synchronizing object | Midheight_sled_shelf
Fra:22 Mem:266.29M (Peak 266.29M) | Time:00:00.25 | Mem:0.00M, Peak:0.00M | C6420_4N_24SFF_v002_MASTER, ViewLayer | Synchronizing object | Central_PSU_channel_divider
Fra:22 Mem:266.31M (Peak 266.31M) | Time:00:00.25 | Mem:0.00M, Peak:0.00M | C6420_4N_24SFF_v002_MASTER, ViewLayer | Synchronizing object | Front_backplane_shadow
Fra:22 Mem:266.05M (Peak 266.31M) | Time:00:00.25 | Mem:0.00M, Peak:0.00M | C6420_4N_24SFF_v002_MASTER, ViewLayer | Synchronizing object | Hidden_backplane_socket
Fra:22 Mem:266.17M (Peak 266.31M) | Time:00:00.25 | Mem:0.00M, Peak:0.00M | C6420_4N_24SFF_v002_MASTER, ViewLayer | Synchronizing object | Rack_ear_mount_-1
Fra:22 Mem:266.11M (Peak 266.31M) | Time:00:00.25 | Mem:0.00M, Peak:0.00M | C6420_4N_24SFF_v002_MASTER, ViewLayer | Synchronizing object | PSU1_vertical_pull_anchor
Fra:22 Mem:266.12M (Peak 266.31M) | Time:00:00.25 | Mem:0.00M, Peak:0.00M | C6420_4N_24SFF_v002_MASTER, ViewLayer | Synchronizing object | Control_ear_shell_-1
Fra:22 Mem:265.38M (Peak 266.31M) | Time:00:00.25 | Mem:0.00M, Peak:0.00M | C6420_4N_24SFF_v002_MASTER, ViewLayer | Synchronizing object | Lower_ear_screw_boss_-1
Fra:22 Mem:265.82M (Peak 266.31M) | Time:00:00.25 | Mem:0.00M, Peak:0.00M | C6420_4N_24SFF_v002_MASTER, ViewLayer | Synchronizing object | PSU1_round_EPP_label_substrate
Fra:22 Mem:265.93M (Peak 266.31M) | Time:00:00.25 | Mem:0.00M, Peak:0.00M | C6420_4N_24SFF_v002_MASTER, ViewLayer | Synchronizing object | Front_punched_cheek_-1
Fra:22 Mem:265.78M (Peak 266.31M) | Time:00:00.25 | Mem:0.00M, Peak:0.00M | C6420_4N_24SFF_v002_MASTER, ViewLayer | Synchronizing object | Front_cage_side_return_-1
Fra:22 Mem:265.69M (Peak 266.31M) | Time:00:00.25 | Mem:0.00M, Peak:0.00M | C6420_4N_24SFF_v002_MASTER, ViewLayer | Synchronizing object | Chrome_lifting_handle_-1
Fra:22 Mem:266.20M (Peak 266.31M) | Time:00:00.25 | Mem:0.00M, Peak:0.00M | C6420_4N_24SFF_v002_MASTER, ViewLayer | Synchronizing object | Handle_flat_anchor_-1
Fra:22 Mem:266.01M (Peak 266.31M) | Time:00:00.25 | Mem:0.00M, Peak:0.00M | C6420_4N_24SFF_v002_MASTER, ViewLayer | Synchronizing object | Chrome_lifting_handle_1
Fra:22 Mem:265.96M (Peak 266.31M) | Time:00:00.25 | Mem:0.00M, Peak:0.00M | C6420_4N_24SFF_v002_MASTER, ViewLayer | Synchronizing object | Front_lower_rolled_hem
Fra:22 Mem:265.33M (Peak 266.31M) | Time:00:00.25 | Mem:0.00M, Peak:0.00M | C6420_4N_24SFF_v002_MASTER, ViewLayer | Synchronizing object | Drive_bank_divider_0
Fra:22 Mem:265.81M (Peak 266.31M) | Time:00:00.25 | Mem:0.00M, Peak:0.00M | C6420_4N_24SFF_v002_MASTER, ViewLayer | Synchronizing object | Control_face_inset_-1
Fra:22 Mem:265.85M (Peak 266.31M) | Time:00:00.25 | Mem:0.00M, Peak:0.00M | C6420_4N_24SFF_v002_MASTER, ViewLayer | Synchronizing object | PSU1_fan_screw_recessed_head.001
Fra:22 Mem:265.57M (Peak 266.31M) | Time:00:00.25 | Mem:0.00M, Peak:0.00M | C6420_4N_24SFF_v002_MASTER, ViewLayer | Synchronizing object | Control_face_bottom_clip_-1
Fra:22 Mem:265.48M (Peak 266.31M) | Time:00:00.25 | Mem:0.00M, Peak:0.00M | C6420_4N_24SFF_v002_MASTER, ViewLayer | Synchronizing object | DELL_EMC_official_badge
Fra:22 Mem:265.52M (Peak 266.31M) | Time:00:00.25 | Mem:0.00M, Peak:0.00M | C6420_4N_24SFF_v002_MASTER, ViewLayer | Synchronizing object | Power_button_lens_1
Fra:22 Mem:265.65M (Peak 266.31M) | Time:00:00.25 | Mem:0.00M, Peak:0.00M | C6420_4N_24SFF_v002_MASTER, ViewLayer | Synchronizing object | Power_symbol_arc_1
Fra:22 Mem:265.68M (Peak 266.31M) | Time:00:00.25 | Mem:0.00M, Peak:0.00M | C6420_4N_24SFF_v002_MASTER, ViewLayer | Synchronizing object | Power_symbol_stem_1
Fra:22 Mem:265.72M (Peak 266.31M) | Time:00:00.25 | Mem:0.00M, Peak:0.00M | C6420_4N_24SFF_v002_MASTER, ViewLayer | Synchronizing object | ID_button_lens_1
Fra:22 Mem:266.11M (Peak 266.31M) | Time:00:00.25 | Mem:0.00M, Peak:0.00M | C6420_4N_24SFF_v002_MASTER, ViewLayer | Synchronizing object | ID_button_print_1
Fra:22 Mem:266.15M (Peak 266.31M) | Time:00:00.25 | Mem:0.00M, Peak:0.00M | C6420_4N_24SFF_v002_MASTER, ViewLayer | Synchronizing object | ID_inner_white_disc_1
Fra:22 Mem:266.16M (Peak 266.31M) | Time:00:00.25 | Mem:0.00M, Peak:0.00M | C6420_4N_24SFF_v002_MASTER, ViewLayer | Synchronizing object | ID_information_symbol_1
Fra:22 Mem:266.16M (Peak 266.31M) | Time:00:00.25 | Mem:0.00M, Peak:0.00M | C6420_4N_24SFF_v002_MASTER, ViewLayer | Synchronizing object | Front_node_number_1
Fra:22 Mem:266.16M (Peak 266.31M) | Time:00:00.25 | Mem:0.00M, Peak:0.00M | C6420_4N_24SFF_v002_MASTER, ViewLayer | Synchronizing object | Front_mapping_arrow_1
Fra:22 Mem:266.16M (Peak 266.31M) | Time:00:00.25 | Mem:0.00M, Peak:0.00M | C6420_4N_24SFF_v002_MASTER, ViewLayer | Synchronizing object | Power_symbol_arc_2
Fra:22 Mem:266.06M (Peak 266.31M) | Time:00:00.25 | Mem:0.00M, Peak:0.00M | C6420_4N_24SFF_v002_MASTER, ViewLayer | Synchronizing object | PSU1_fan_screw_recess_floor
Fra:22 Mem:266.07M (Peak 266.31M) | Time:00:00.25 | Mem:0.00M, Peak:0.00M | C6420_4N_24SFF_v002_MASTER, ViewLayer | Synchronizing object | Power_symbol_stem_2
Fra:22 Mem:266.09M (Peak 266.31M) | Time:00:00.25 | Mem:0.00M, Peak:0.00M | C6420_4N_24SFF_v002_MASTER, ViewLayer | Synchronizing object | Front_node_number_2
Fra:22 Mem:266.09M (Peak 266.31M) | Time:00:00.25 | Mem:0.00M, Peak:0.00M | C6420_4N_24SFF_v002_MASTER, ViewLayer | Synchronizing object | Captive_screw_metal_washer_-1
Fra:22 Mem:266.07M (Peak 266.31M) | Time:00:00.25 | Mem:0.00M, Peak:0.00M | C6420_4N_24SFF_v002_MASTER, ViewLayer | Synchronizing object | PSU1_fan_screw_recessed_head
Fra:22 Mem:266.15M (Peak 266.31M) | Time:00:00.25 | Mem:0.00M, Peak:0.00M | C6420_4N_24SFF_v002_MASTER, ViewLayer | Synchronizing object | Captive_screw_knurled_grip_-1
Fra:22 Mem:266.45M (Peak 266.45M) | Time:00:00.25 | Mem:0.00M, Peak:0.00M | C6420_4N_24SFF_v002_MASTER, ViewLayer | Synchronizing object | Captive_screw_Phillips_-1_recessed_head
Fra:22 Mem:266.60M (Peak 266.60M) | Time:00:00.25 | Mem:0.00M, Peak:0.00M | C6420_4N_24SFF_v002_MASTER, ViewLayer | Synchronizing object | Captive_screw_Phillips_-1_recess_floor
Fra:22 Mem:266.76M (Peak 266.76M) | Time:00:00.25 | Mem:0.00M, Peak:0.00M | C6420_4N_24SFF_v002_MASTER, ViewLayer | Synchronizing object | Captive_screw_front_bead_-1
Fra:22 Mem:267.34M (Peak 267.34M) | Time:00:00.25 | Mem:0.00M, Peak:0.00M | C6420_4N_24SFF_v002_MASTER, ViewLayer | Synchronizing object | C6400_official_badge
Fra:22 Mem:267.28M (Peak 267.34M) | Time:00:00.25 | Mem:0.00M, Peak:0.00M | C6420_4N_24SFF_v002_MASTER, ViewLayer | Synchronizing object | Power_symbol_arc_3
Fra:22 Mem:267.25M (Peak 267.34M) | Time:00:00.25 | Mem:0.00M, Peak:0.00M | C6420_4N_24SFF_v002_MASTER, ViewLayer | Synchronizing object | PSU1_corner_washer
Fra:22 Mem:267.37M (Peak 267.37M) | Time:00:00.25 | Mem:0.00M, Peak:0.00M | C6420_4N_24SFF_v002_MASTER, ViewLayer | Synchronizing object | Power_symbol_stem_3
Fra:22 Mem:267.55M (Peak 267.55M) | Time:00:00.25 | Mem:0.00M, Peak:0.00M | C6420_4N_24SFF_v002_MASTER, ViewLayer | Synchronizing object | Front_node_number_3
Fra:22 Mem:267.56M (Peak 267.56M) | Time:00:00.25 | Mem:0.00M, Peak:0.00M | C6420_4N_24SFF_v002_MASTER, ViewLayer | Synchronizing object | Front_mapping_arrow_3
Fra:22 Mem:267.68M (Peak 267.68M) | Time:00:00.25 | Mem:0.00M, Peak:0.00M | C6420_4N_24SFF_v002_MASTER, ViewLayer | Synchronizing object | Power_symbol_stem_4
Fra:22 Mem:267.95M (Peak 267.95M) | Time:00:00.25 | Mem:0.00M, Peak:0.00M | C6420_4N_24SFF_v002_MASTER, ViewLayer | Synchronizing object | Front_node_number_4
Fra:22 Mem:267.98M (Peak 267.98M) | Time:00:00.25 | Mem:0.00M, Peak:0.00M | C6420_4N_24SFF_v002_MASTER, ViewLayer | Synchronizing object | EST_front_tag_blue_edge
Fra:22 Mem:268.00M (Peak 268.00M) | Time:00:00.25 | Mem:0.00M, Peak:0.00M | C6420_4N_24SFF_v002_MASTER, ViewLayer | Synchronizing object | Bay_index_00
Fra:22 Mem:268.02M (Peak 268.02M) | Time:00:00.25 | Mem:0.00M, Peak:0.00M | C6420_4N_24SFF_v002_MASTER, ViewLayer | Synchronizing object | Bay_mapping_triangle_0
Fra:22 Mem:268.01M (Peak 268.02M) | Time:00:00.25 | Mem:0.00M, Peak:0.00M | C6420_4N_24SFF_v002_MASTER, ViewLayer | Synchronizing object | Bay_index_01
Fra:22 Mem:267.84M (Peak 268.02M) | Time:00:00.25 | Mem:0.00M, Peak:0.00M | C6420_4N_24SFF_v002_MASTER, ViewLayer | Synchronizing object | Bay_index_02
Fra:22 Mem:267.84M (Peak 268.02M) | Time:00:00.25 | Mem:0.00M, Peak:0.00M | C6420_4N_24SFF_v002_MASTER, ViewLayer | Synchronizing object | Bay_index_03
Fra:22 Mem:267.90M (Peak 268.02M) | Time:00:00.25 | Mem:0.00M, Peak:0.00M | C6420_4N_24SFF_v002_MASTER, ViewLayer | Synchronizing object | Bay_index_04
Fra:22 Mem:267.88M (Peak 268.02M) | Time:00:00.25 | Mem:0.00M, Peak:0.00M | C6420_4N_24SFF_v002_MASTER, ViewLayer | Synchronizing object | Bay_index_06
Fra:22 Mem:267.87M (Peak 268.02M) | Time:00:00.25 | Mem:0.00M, Peak:0.00M | C6420_4N_24SFF_v002_MASTER, ViewLayer | Synchronizing object | Bay_index_07
Fra:22 Mem:267.88M (Peak 268.02M) | Time:00:00.25 | Mem:0.00M, Peak:0.00M | C6420_4N_24SFF_v002_MASTER, ViewLayer | Synchronizing object | Bay_index_08
Fra:22 Mem:267.92M (Peak 268.02M) | Time:00:00.25 | Mem:0.00M, Peak:0.00M | C6420_4N_24SFF_v002_MASTER, ViewLayer | Synchronizing object | Bay_index_10
Fra:22 Mem:267.91M (Peak 268.02M) | Time:00:00.25 | Mem:0.00M, Peak:0.00M | C6420_4N_24SFF_v002_MASTER, ViewLayer | Synchronizing object | Bay_index_11
Fra:22 Mem:267.93M (Peak 268.02M) | Time:00:00.25 | Mem:0.00M, Peak:0.00M | C6420_4N_24SFF_v002_MASTER, ViewLayer | Synchronizing object | Bay_index_12
Fra:22 Mem:267.96M (Peak 268.02M) | Time:00:00.25 | Mem:0.00M, Peak:0.00M | C6420_4N_24SFF_v002_MASTER, ViewLayer | Synchronizing object | Bay_index_14
Fra:22 Mem:268.02M (Peak 268.02M) | Time:00:00.25 | Mem:0.00M, Peak:0.00M | C6420_4N_24SFF_v002_MASTER, ViewLayer | Synchronizing object | Bay_index_15
Fra:22 Mem:268.07M (Peak 268.07M) | Time:00:00.25 | Mem:0.00M, Peak:0.00M | C6420_4N_24SFF_v002_MASTER, ViewLayer | Synchronizing object | Bay_index_16
Fra:22 Mem:268.09M (Peak 268.09M) | Time:00:00.25 | Mem:0.00M, Peak:0.00M | C6420_4N_24SFF_v002_MASTER, ViewLayer | Synchronizing object | Bay_index_18
Fra:22 Mem:267.38M (Peak 268.09M) | Time:00:00.25 | Mem:0.00M, Peak:0.00M | C6420_4N_24SFF_v002_MASTER, ViewLayer | Synchronizing object | Bay_index_19
Fra:22 Mem:266.84M (Peak 268.09M) | Time:00:00.25 | Mem:0.00M, Peak:0.00M | C6420_4N_24SFF_v002_MASTER, ViewLayer | Synchronizing object | Bay_index_21
Fra:22 Mem:266.95M (Peak 268.09M) | Time:00:00.25 | Mem:0.00M, Peak:0.00M | C6420_4N_24SFF_v002_MASTER, ViewLayer | Synchronizing object | Bay_index_22
Fra:22 Mem:266.95M (Peak 268.09M) | Time:00:00.25 | Mem:0.00M, Peak:0.00M | C6420_4N_24SFF_v002_MASTER, ViewLayer | Synchronizing object | Bay_index_23
Fra:22 Mem:267.10M (Peak 268.09M) | Time:00:00.25 | Mem:0.00M, Peak:0.00M | C6420_4N_24SFF_v002_MASTER, ViewLayer | Synchronizing object | Real_service_label_band
Fra:22 Mem:266.99M (Peak 268.09M) | Time:00:00.25 | Mem:0.00M, Peak:0.00M | C6420_4N_24SFF_v002_MASTER, ViewLayer | Synchronizing object | Real_yellow_warning_label
Fra:22 Mem:267.07M (Peak 268.09M) | Time:00:00.25 | Mem:0.00M, Peak:0.00M | C6420_4N_24SFF_v002_MASTER, ViewLayer | Synchronizing object | Node1_floor
Fra:22 Mem:267.07M (Peak 268.09M) | Time:00:00.25 | Mem:0.00M, Peak:0.00M | C6420_4N_24SFF_v002_MASTER, ViewLayer | Synchronizing object | Node1_tray_side_-1
Fra:22 Mem:267.25M (Peak 268.09M) | Time:00:00.25 | Mem:0.00M, Peak:0.00M | C6420_4N_24SFF_v002_MASTER, ViewLayer | Synchronizing object | Node1_internal_air_shade
Fra:22 Mem:267.28M (Peak 268.09M) | Time:00:00.25 | Mem:0.00M, Peak:0.00M | C6420_4N_24SFF_v002_MASTER, ViewLayer | Synchronizing object | Node1_punched_rear_skin
Fra:22 Mem:267.32M (Peak 268.09M) | Time:00:00.25 | Mem:0.00M, Peak:0.00M | C6420_4N_24SFF_v002_MASTER, ViewLayer | Synchronizing object | Node1_horizontal_rear_return
Fra:22 Mem:267.34M (Peak 268.09M) | Time:00:00.25 | Mem:0.00M, Peak:0.00M | C6420_4N_24SFF_v002_MASTER, ViewLayer | Synchronizing object | Node1_vertical_rear_return
Fra:22 Mem:267.26M (Peak 268.09M) | Time:00:00.25 | Mem:0.00M, Peak:0.00M | C6420_4N_24SFF_v002_MASTER, ViewLayer | Synchronizing object | Node1_USB_black_mask
Fra:22 Mem:267.26M (Peak 268.09M) | Time:00:00.25 | Mem:0.00M, Peak:0.00M | C6420_4N_24SFF_v002_MASTER, ViewLayer | Synchronizing object | Node1_USB3A_0_dark_back
Fra:22 Mem:267.07M (Peak 268.09M) | Time:00:00.25 | Mem:0.00M, Peak:0.00M | C6420_4N_24SFF_v002_MASTER, ViewLayer | Synchronizing object | Node1_USB3A_0_blue_tongue
Fra:22 Mem:266.97M (Peak 268.09M) | Time:00:00.25 | Mem:0.00M, Peak:0.00M | C6420_4N_24SFF_v002_MASTER, ViewLayer | Synchronizing object | Node1_USB3A_0_front_contact_0
Fra:22 Mem:269.09M (Peak 269.09M) | Time:00:00.25 | Mem:0.00M, Peak:0.00M | C6420_4N_24SFF_v002_MASTER, ViewLayer | Synchronizing object | Node1_USB3A_0_rear_contact_0
Fra:22 Mem:269.19M (Peak 269.19M) | Time:00:00.25 | Mem:0.00M, Peak:0.00M | C6420_4N_24SFF_v002_MASTER, ViewLayer | Synchronizing object | Node1_USB_retention_spring
Fra:22 Mem:269.19M (Peak 269.19M) | Time:00:00.25 | Mem:0.00M, Peak:0.00M | C6420_4N_24SFF_v002_MASTER, ViewLayer | Synchronizing object | Node1_USB_icon_branchA
Fra:22 Mem:269.21M (Peak 269.21M) | Time:00:00.25 | Mem:0.00M, Peak:0.00M | C6420_4N_24SFF_v002_MASTER, ViewLayer | Synchronizing object | PSU1_flat_guard_crossbar_1
Fra:22 Mem:269.23M (Peak 269.23M) | Time:00:00.25 | Mem:0.00M, Peak:0.00M | C6420_4N_24SFF_v002_MASTER, ViewLayer | Synchronizing object | Node1_USB_icon_branchB
Fra:22 Mem:269.24M (Peak 269.24M) | Time:00:00.25 | Mem:0.00M, Peak:0.00M | C6420_4N_24SFF_v002_MASTER, ViewLayer | Synchronizing object | Node1_USB_icon_circle
Fra:22 Mem:269.20M (Peak 269.24M) | Time:00:00.25 | Mem:0.00M, Peak:0.00M | C6420_4N_24SFF_v002_MASTER, ViewLayer | Synchronizing object | Node1_USB_icon_square
Fra:22 Mem:269.25M (Peak 269.25M) | Time:00:00.25 | Mem:0.00M, Peak:0.00M | C6420_4N_24SFF_v002_MASTER, ViewLayer | Synchronizing object | PSU1_flat_guard_crossbar_-1
Fra:22 Mem:269.32M (Peak 269.32M) | Time:00:00.25 | Mem:0.00M, Peak:0.00M | C6420_4N_24SFF_v002_MASTER, ViewLayer | Synchronizing object | Node1_USB_icon_arrow
Fra:22 Mem:269.36M (Peak 269.36M) | Time:00:00.25 | Mem:0.00M, Peak:0.00M | C6420_4N_24SFF_v002_MASTER, ViewLayer | Synchronizing object | PSU1_curved_fan_vane_6
Fra:22 Mem:269.37M (Peak 269.37M) | Time:00:00.25 | Mem:0.00M, Peak:0.00M | C6420_4N_24SFF_v002_MASTER, ViewLayer | Synchronizing object | Node1_USB_plate_fastener_recessed_head
Fra:22 Mem:269.39M (Peak 269.39M) | Time:00:00.25 | Mem:0.00M, Peak:0.00M | C6420_4N_24SFF_v002_MASTER, ViewLayer | Synchronizing object | Node1_USB_plate_fastener_recess_floor
Fra:22 Mem:269.46M (Peak 269.46M) | Time:00:00.25 | Mem:0.00M, Peak:0.00M | C6420_4N_24SFF_v002_MASTER, ViewLayer | Synchronizing object | Node1_dual_SFP_adapter_face
Fra:22 Mem:269.48M (Peak 269.48M) | Time:00:00.25 | Mem:0.00M, Peak:0.00M | C6420_4N_24SFF_v002_MASTER, ViewLayer | Synchronizing object | Node1_SFP_cage_0_metal_cavity
Fra:22 Mem:269.70M (Peak 269.70M) | Time:00:00.25 | Mem:0.00M, Peak:0.00M | C6420_4N_24SFF_v002_MASTER, ViewLayer | Synchronizing object | Node1_SFP_cage_0_dark_back
Fra:22 Mem:269.72M (Peak 269.72M) | Time:00:00.25 | Mem:0.00M, Peak:0.00M | C6420_4N_24SFF_v002_MASTER, ViewLayer | Synchronizing object | Node1_SFP_0_side_spring
Fra:22 Mem:269.85M (Peak 269.85M) | Time:00:00.25 | Mem:0.00M, Peak:0.00M | C6420_4N_24SFF_v002_MASTER, ViewLayer | Synchronizing object | PSU1_curved_fan_vane_5
Fra:22 Mem:269.92M (Peak 269.92M) | Time:00:00.25 | Mem:0.00M, Peak:0.00M | C6420_4N_24SFF_v002_MASTER, ViewLayer | Synchronizing object | Node1_SFP_0_top_tang
Fra:22 Mem:269.97M (Peak 269.97M) | Time:00:00.26 | Mem:0.00M, Peak:0.00M | C6420_4N_24SFF_v002_MASTER, ViewLayer | Synchronizing object | Node1_SFP_0_lower_flange
Fra:22 Mem:269.92M (Peak 269.97M) | Time:00:00.26 | Mem:0.00M, Peak:0.00M | C6420_4N_24SFF_v002_MASTER, ViewLayer | Synchronizing object | Node1_SFP_0_connector_insert
Fra:22 Mem:270.00M (Peak 270.00M) | Time:00:00.26 | Mem:0.00M, Peak:0.00M | C6420_4N_24SFF_v002_MASTER, ViewLayer | Synchronizing object | Node1_SFP_0_contact_0
Fra:22 Mem:270.10M (Peak 270.10M) | Time:00:00.26 | Mem:0.00M, Peak:0.00M | C6420_4N_24SFF_v002_MASTER, ViewLayer | Synchronizing object | PSU1_curved_fan_vane_3
Fra:22 Mem:270.07M (Peak 270.10M) | Time:00:00.26 | Mem:0.00M, Peak:0.00M | C6420_4N_24SFF_v002_MASTER, ViewLayer | Synchronizing object | Node1_SFP_index_0
Fra:22 Mem:270.09M (Peak 270.10M) | Time:00:00.26 | Mem:0.00M, Peak:0.00M | C6420_4N_24SFF_v002_MASTER, ViewLayer | Synchronizing object | Node1_SFP_index_1
Fra:22 Mem:270.09M (Peak 270.10M) | Time:00:00.26 | Mem:0.00M, Peak:0.00M | C6420_4N_24SFF_v002_MASTER, ViewLayer | Synchronizing object | Node1_MicroUSB_metal_cavity
Fra:22 Mem:270.13M (Peak 270.13M) | Time:00:00.26 | Mem:0.00M, Peak:0.00M | C6420_4N_24SFF_v002_MASTER, ViewLayer | Synchronizing object | Node1_MicroUSB_dark_back
Fra:22 Mem:270.27M (Peak 270.27M) | Time:00:00.26 | Mem:0.00M, Peak:0.00M | C6420_4N_24SFF_v002_MASTER, ViewLayer | Synchronizing object | Node1_MicroUSB_tongue
Fra:22 Mem:270.27M (Peak 270.27M) | Time:00:00.26 | Mem:0.00M, Peak:0.00M | C6420_4N_24SFF_v002_MASTER, ViewLayer | Synchronizing object | Node1_MiniDisplayPort_metal_cavity
Fra:22 Mem:270.32M (Peak 270.32M) | Time:00:00.26 | Mem:0.00M, Peak:0.00M | C6420_4N_24SFF_v002_MASTER, ViewLayer | Synchronizing object | PSU1_curved_fan_vane_2
Fra:22 Mem:270.34M (Peak 270.34M) | Time:00:00.26 | Mem:0.00M, Peak:0.00M | C6420_4N_24SFF_v002_MASTER, ViewLayer | Synchronizing object | Node1_MiniDisplayPort_dark_back
Fra:22 Mem:270.32M (Peak 270.34M) | Time:00:00.26 | Mem:0.00M, Peak:0.00M | C6420_4N_24SFF_v002_MASTER, ViewLayer | Synchronizing object | Node1_MiniDP_inner_shield_metal_cavity
Fra:22 Mem:270.32M (Peak 270.34M) | Time:00:00.26 | Mem:0.00M, Peak:0.00M | C6420_4N_24SFF_v002_MASTER, ViewLayer | Synchronizing object | PSU1_curved_fan_vane_1
Fra:22 Mem:270.54M (Peak 270.54M) | Time:00:00.26 | Mem:0.00M, Peak:0.00M | C6420_4N_24SFF_v002_MASTER, ViewLayer | Synchronizing object | Node1_MiniDP_inner_shield_dark_back
Fra:22 Mem:270.63M (Peak 270.63M) | Time:00:00.26 | Mem:0.00M, Peak:0.00M | C6420_4N_24SFF_v002_MASTER, ViewLayer | Synchronizing object | Node1_MiniDP_tongue
Fra:22 Mem:270.65M (Peak 270.65M) | Time:00:00.26 | Mem:0.00M, Peak:0.00M | C6420_4N_24SFF_v002_MASTER, ViewLayer | Synchronizing object | Node1_iDRAC_RJ45_metal_cavity
Fra:22 Mem:270.72M (Peak 270.72M) | Time:00:00.26 | Mem:0.00M, Peak:0.00M | C6420_4N_24SFF_v002_MASTER, ViewLayer | Synchronizing object | PSU1_curved_fan_vane_0
Fra:22 Mem:270.71M (Peak 270.72M) | Time:00:00.26 | Mem:0.00M, Peak:0.00M | C6420_4N_24SFF_v002_MASTER, ViewLayer | Synchronizing object | Node1_iDRAC_RJ45_dark_back
Fra:22 Mem:270.85M (Peak 270.85M) | Time:00:00.26 | Mem:0.00M, Peak:0.00M | C6420_4N_24SFF_v002_MASTER, ViewLayer | Synchronizing object | Node1_RJ45_spring_contact_0
Fra:22 Mem:270.90M (Peak 270.90M) | Time:00:00.26 | Mem:0.00M, Peak:0.00M | C6420_4N_24SFF_v002_MASTER, ViewLayer | Synchronizing object | PSU1_fan_motor_hub
Fra:22 Mem:270.97M (Peak 270.97M) | Time:00:00.26 | Mem:0.00M, Peak:0.00M | C6420_4N_24SFF_v002_MASTER, ViewLayer | Synchronizing object | Node1_RJ45_spring_contact_1
Fra:22 Mem:270.98M (Peak 270.98M) | Time:00:00.26 | Mem:0.00M, Peak:0.00M | C6420_4N_24SFF_v002_MASTER, ViewLayer | Synchronizing object | Node1_RJ45_spring_contact_2
Fra:22 Mem:270.99M (Peak 270.99M) | Time:00:00.26 | Mem:0.00M, Peak:0.00M | C6420_4N_24SFF_v002_MASTER, ViewLayer | Synchronizing object | Node1_RJ45_spring_contact_3
Fra:22 Mem:271.03M (Peak 271.03M) | Time:00:00.26 | Mem:0.00M, Peak:0.00M | C6420_4N_24SFF_v002_MASTER, ViewLayer | Synchronizing object | Node1_RJ45_spring_contact_4
Fra:22 Mem:271.02M (Peak 271.03M) | Time:00:00.26 | Mem:0.00M, Peak:0.00M | C6420_4N_24SFF_v002_MASTER, ViewLayer | Synchronizing object | Node1_RJ45_spring_contact_5
Fra:22 Mem:271.24M (Peak 271.24M) | Time:00:00.26 | Mem:0.00M, Peak:0.00M | C6420_4N_24SFF_v002_MASTER, ViewLayer | Synchronizing object | Node1_RJ45_spring_contact_6
Fra:22 Mem:271.30M (Peak 271.30M) | Time:00:00.26 | Mem:0.00M, Peak:0.00M | C6420_4N_24SFF_v002_MASTER, ViewLayer | Synchronizing object | Node1_RJ45_spring_contact_7
Fra:22 Mem:271.10M (Peak 271.30M) | Time:00:00.26 | Mem:0.00M, Peak:0.00M | C6420_4N_24SFF_v002_MASTER, ViewLayer | Synchronizing object | Node1_RJ45_LED_lens
Fra:22 Mem:271.13M (Peak 271.30M) | Time:00:00.26 | Mem:0.00M, Peak:0.00M | C6420_4N_24SFF_v002_MASTER, ViewLayer | Synchronizing object | Node1_RJ45_LED_lens.001
Fra:22 Mem:271.04M (Peak 271.30M) | Time:00:00.26 | Mem:0.00M, Peak:0.00M | C6420_4N_24SFF_v002_MASTER, ViewLayer | Synchronizing object | Node1_power_metal_rim
Fra:22 Mem:271.07M (Peak 271.30M) | Time:00:00.26 | Mem:0.00M, Peak:0.00M | C6420_4N_24SFF_v002_MASTER, ViewLayer | Synchronizing object | Node1_power_button_lens
Fra:22 Mem:271.04M (Peak 271.30M) | Time:00:00.26 | Mem:0.00M, Peak:0.00M | C6420_4N_24SFF_v002_MASTER, ViewLayer | Synchronizing object | Node1_long_grip_folded_frame
Fra:22 Mem:271.12M (Peak 271.30M) | Time:00:00.26 | Mem:0.00M, Peak:0.00M | C6420_4N_24SFF_v002_MASTER, ViewLayer | Synchronizing object | Node1_long_black_grip_metal_cavity
Fra:22 Mem:271.54M (Peak 271.54M) | Time:00:00.26 | Mem:0.00M, Peak:0.00M | C6420_4N_24SFF_v002_MASTER, ViewLayer | Synchronizing object | Node1_long_black_grip_dark_back
Fra:22 Mem:271.52M (Peak 271.54M) | Time:00:00.26 | Mem:0.00M, Peak:0.00M | C6420_4N_24SFF_v002_MASTER, ViewLayer | Synchronizing object | Node1_grip_edge_fold
Fra:22 Mem:271.51M (Peak 271.54M) | Time:00:00.26 | Mem:0.00M, Peak:0.00M | C6420_4N_24SFF_v002_MASTER, ViewLayer | Synchronizing object | PSU1_fan_shroud_dark_back
Fra:22 Mem:271.41M (Peak 271.54M) | Time:00:00.26 | Mem:0.00M, Peak:0.00M | C6420_4N_24SFF_v002_MASTER, ViewLayer | Synchronizing object | Node1_grip_press_lug
Fra:22 Mem:271.43M (Peak 271.54M) | Time:00:00.26 | Mem:0.00M, Peak:0.00M | C6420_4N_24SFF_v002_MASTER, ViewLayer | Synchronizing object | PSU1_fan_shroud_metal_cavity
Fra:22 Mem:271.46M (Peak 271.54M) | Time:00:00.26 | Mem:0.00M, Peak:0.00M | C6420_4N_24SFF_v002_MASTER, ViewLayer | Synchronizing object | Node1_grip_hinge_pin
Fra:22 Mem:271.61M (Peak 271.62M) | Time:00:00.26 | Mem:0.00M, Peak:0.00M | C6420_4N_24SFF_v002_MASTER, ViewLayer | Synchronizing object | Node1_blue_paddle_face
Fra:22 Mem:271.69M (Peak 271.69M) | Time:00:00.26 | Mem:0.00M, Peak:0.00M | C6420_4N_24SFF_v002_MASTER, ViewLayer | Synchronizing object | Node1_blue_hook_return
Fra:22 Mem:271.74M (Peak 271.74M) | Time:00:00.26 | Mem:0.00M, Peak:0.00M | C6420_4N_24SFF_v002_MASTER, ViewLayer | Synchronizing object | Node1_blue_hook_cross_return
Fra:22 Mem:272.26M (Peak 272.26M) | Time:00:00.26 | Mem:0.00M, Peak:0.00M | C6420_4N_24SFF_v002_MASTER, ViewLayer | Synchronizing object | Node1_blue_latch_mount_recessed_head
Fra:22 Mem:272.24M (Peak 272.26M) | Time:00:00.26 | Mem:0.00M, Peak:0.00M | C6420_4N_24SFF_v002_MASTER, ViewLayer | Synchronizing object | Node1_latch_steel_back
Fra:22 Mem:272.28M (Peak 272.28M) | Time:00:00.26 | Mem:0.00M, Peak:0.00M | C6420_4N_24SFF_v002_MASTER, ViewLayer | Synchronizing object | Node1_DP_mark
Fra:22 Mem:272.27M (Peak 272.28M) | Time:00:00.26 | Mem:0.00M, Peak:0.00M | C6420_4N_24SFF_v002_MASTER, ViewLayer | Synchronizing object | Node1_iDRAC_mark
Fra:22 Mem:272.38M (Peak 272.38M) | Time:00:00.26 | Mem:0.00M, Peak:0.00M | C6420_4N_24SFF_v002_MASTER, ViewLayer | Synchronizing object | Node1_MicroUSB_service_mark
Fra:22 Mem:272.46M (Peak 272.46M) | Time:00:00.26 | Mem:0.00M, Peak:0.00M | C6420_4N_24SFF_v002_MASTER, ViewLayer | Synchronizing object | Node1_EST_tag
Fra:22 Mem:272.62M (Peak 272.62M) | Time:00:00.26 | Mem:0.00M, Peak:0.00M | C6420_4N_24SFF_v002_MASTER, ViewLayer | Synchronizing object | Node1_EST_blue_print
Fra:22 Mem:272.15M (Peak 272.62M) | Time:00:00.26 | Mem:0.00M, Peak:0.00M | C6420_4N_24SFF_v002_MASTER, ViewLayer | Synchronizing object | Node1_EST_letters
Fra:22 Mem:272.16M (Peak 272.62M) | Time:00:00.26 | Mem:0.00M, Peak:0.00M | C6420_4N_24SFF_v002_MASTER, ViewLayer | Synchronizing object | Node2_punched_rear_skin
Fra:22 Mem:274.27M (Peak 274.27M) | Time:00:00.26 | Mem:0.00M, Peak:0.00M | C6420_4N_24SFF_v002_MASTER, ViewLayer | Synchronizing object | Node2_USB_icon_stem
Fra:22 Mem:274.28M (Peak 274.28M) | Time:00:00.26 | Mem:0.00M, Peak:0.00M | C6420_4N_24SFF_v002_MASTER, ViewLayer | Synchronizing object | Node2_USB_icon_branchA
Fra:22 Mem:274.98M (Peak 274.98M) | Time:00:00.26 | Mem:0.00M, Peak:0.00M | C6420_4N_24SFF_v002_MASTER, ViewLayer | Synchronizing object | Node2_USB_icon_branchB
Fra:22 Mem:275.14M (Peak 275.14M) | Time:00:00.26 | Mem:0.00M, Peak:0.00M | C6420_4N_24SFF_v002_MASTER, ViewLayer | Synchronizing object | Node2_RJ45_spring_contact_0
Fra:22 Mem:275.53M (Peak 275.53M) | Time:00:00.26 | Mem:0.00M, Peak:0.00M | C6420_4N_24SFF_v002_MASTER, ViewLayer | Synchronizing object | Node2_RJ45_spring_contact_1
Fra:22 Mem:275.49M (Peak 275.53M) | Time:00:00.26 | Mem:0.00M, Peak:0.00M | C6420_4N_24SFF_v002_MASTER, ViewLayer | Synchronizing object | Node2_RJ45_spring_contact_2
Fra:22 Mem:275.74M (Peak 275.74M) | Time:00:00.26 | Mem:0.00M, Peak:0.00M | C6420_4N_24SFF_v002_MASTER, ViewLayer | Synchronizing object | Node2_RJ45_spring_contact_3
Fra:22 Mem:275.81M (Peak 275.81M) | Time:00:00.26 | Mem:0.00M, Peak:0.00M | C6420_4N_24SFF_v002_MASTER, ViewLayer | Synchronizing object | Node2_RJ45_spring_contact_4
Fra:22 Mem:275.88M (Peak 275.88M) | Time:00:00.26 | Mem:0.00M, Peak:0.00M | C6420_4N_24SFF_v002_MASTER, ViewLayer | Synchronizing object | Node2_RJ45_spring_contact_5
Fra:22 Mem:275.98M (Peak 275.98M) | Time:00:00.26 | Mem:0.00M, Peak:0.00M | C6420_4N_24SFF_v002_MASTER, ViewLayer | Synchronizing object | Node2_RJ45_spring_contact_7
Fra:22 Mem:275.99M (Peak 275.99M) | Time:00:00.26 | Mem:0.00M, Peak:0.00M | C6420_4N_24SFF_v002_MASTER, ViewLayer | Synchronizing object | Node3_punched_rear_skin
Fra:22 Mem:276.03M (Peak 276.03M) | Time:00:00.26 | Mem:0.00M, Peak:0.00M | C6420_4N_24SFF_v002_MASTER, ViewLayer | Synchronizing object | Node3_USB_icon_stem
Fra:22 Mem:276.02M (Peak 276.03M) | Time:00:00.26 | Mem:0.00M, Peak:0.00M | C6420_4N_24SFF_v002_MASTER, ViewLayer | Synchronizing object | Node3_USB_icon_branchA
Fra:22 Mem:276.02M (Peak 276.03M) | Time:00:00.26 | Mem:0.00M, Peak:0.00M | C6420_4N_24SFF_v002_MASTER, ViewLayer | Synchronizing object | Node3_USB_icon_branchB
Fra:22 Mem:276.03M (Peak 276.03M) | Time:00:00.26 | Mem:0.00M, Peak:0.00M | C6420_4N_24SFF_v002_MASTER, ViewLayer | Synchronizing object | Node3_RJ45_spring_contact_0
Fra:22 Mem:276.03M (Peak 276.03M) | Time:00:00.26 | Mem:0.00M, Peak:0.00M | C6420_4N_24SFF_v002_MASTER, ViewLayer | Synchronizing object | Node3_RJ45_spring_contact_1
Fra:22 Mem:276.11M (Peak 276.11M) | Time:00:00.26 | Mem:0.00M, Peak:0.00M | C6420_4N_24SFF_v002_MASTER, ViewLayer | Synchronizing object | Node3_RJ45_spring_contact_2
Fra:22 Mem:276.10M (Peak 276.11M) | Time:00:00.26 | Mem:0.00M, Peak:0.00M | C6420_4N_24SFF_v002_MASTER, ViewLayer | Synchronizing object | Node3_RJ45_spring_contact_3
Fra:22 Mem:276.10M (Peak 276.11M) | Time:00:00.26 | Mem:0.00M, Peak:0.00M | C6420_4N_24SFF_v002_MASTER, ViewLayer | Synchronizing object | Node3_RJ45_spring_contact_4
Fra:22 Mem:278.22M (Peak 278.23M) | Time:00:00.26 | Mem:0.00M, Peak:0.00M | C6420_4N_24SFF_v002_MASTER, ViewLayer | Synchronizing object | Node3_RJ45_spring_contact_5
Fra:22 Mem:278.22M (Peak 278.23M) | Time:00:00.26 | Mem:0.00M, Peak:0.00M | C6420_4N_24SFF_v002_MASTER, ViewLayer | Synchronizing object | Node3_RJ45_spring_contact_6
Fra:22 Mem:278.22M (Peak 278.23M) | Time:00:00.26 | Mem:0.00M, Peak:0.00M | C6420_4N_24SFF_v002_MASTER, ViewLayer | Synchronizing object | Node3_RJ45_spring_contact_7
Fra:22 Mem:279.77M (Peak 279.77M) | Time:00:00.26 | Mem:0.00M, Peak:0.00M | C6420_4N_24SFF_v002_MASTER, ViewLayer | Synchronizing object | PSU1_octagonal_fan_guard
Fra:22 Mem:279.80M (Peak 279.80M) | Time:00:00.26 | Mem:0.00M, Peak:0.00M | C6420_4N_24SFF_v002_MASTER, ViewLayer | Synchronizing object | Node4_USB_icon_stem
Fra:22 Mem:281.78M (Peak 281.78M) | Time:00:00.26 | Mem:0.00M, Peak:0.00M | C6420_4N_24SFF_v002_MASTER, ViewLayer | Synchronizing object | PSU1_latch_track
Fra:22 Mem:281.79M (Peak 281.79M) | Time:00:00.26 | Mem:0.00M, Peak:0.00M | C6420_4N_24SFF_v002_MASTER, ViewLayer | Synchronizing object | PSU1_orange_release_paddle
Fra:22 Mem:281.88M (Peak 281.88M) | Time:00:00.26 | Mem:0.00M, Peak:0.00M | C6420_4N_24SFF_v002_MASTER, ViewLayer | Synchronizing object | PSU1_AC_blade_0
Fra:22 Mem:281.91M (Peak 281.91M) | Time:00:00.26 | Mem:0.00M, Peak:0.00M | C6420_4N_24SFF_v002_MASTER, ViewLayer | Synchronizing object | PSU1_AC_C20_recess_dark_back
Fra:22 Mem:281.92M (Peak 281.92M) | Time:00:00.26 | Mem:0.00M, Peak:0.00M | C6420_4N_24SFF_v002_MASTER, ViewLayer | Synchronizing object | PSU1_AC_C20_recess_metal_cavity
Fra:22 Mem:282.13M (Peak 282.13M) | Time:00:00.26 | Mem:0.00M, Peak:0.00M | C6420_4N_24SFF_v002_MASTER, ViewLayer | Synchronizing object | PSU1_AC_black_rim
Fra:22 Mem:282.43M (Peak 282.43M) | Time:00:00.27 | Mem:0.00M, Peak:0.00M | C6420_4N_24SFF_v002_MASTER, ViewLayer | Synchronizing object | Node4_USB_icon_branchA
Fra:22 Mem:282.46M (Peak 282.46M) | Time:00:00.27 | Mem:0.00M, Peak:0.00M | C6420_4N_24SFF_v002_MASTER, ViewLayer | Synchronizing object | Node4_USB_icon_branchB
Fra:22 Mem:282.47M (Peak 282.47M) | Time:00:00.27 | Mem:0.00M, Peak:0.00M | C6420_4N_24SFF_v002_MASTER, ViewLayer | Synchronizing object | Node4_RJ45_spring_contact_0
Fra:22 Mem:282.38M (Peak 282.47M) | Time:00:00.27 | Mem:0.00M, Peak:0.00M | C6420_4N_24SFF_v002_MASTER, ViewLayer | Synchronizing object | Node4_RJ45_spring_contact_1
Fra:22 Mem:282.43M (Peak 282.47M) | Time:00:00.27 | Mem:0.00M, Peak:0.00M | C6420_4N_24SFF_v002_MASTER, ViewLayer | Synchronizing object | Node4_RJ45_spring_contact_2
Fra:22 Mem:282.39M (Peak 282.47M) | Time:00:00.27 | Mem:0.00M, Peak:0.00M | C6420_4N_24SFF_v002_MASTER, ViewLayer | Synchronizing object | PSU1_front_sheet
Fra:22 Mem:284.21M (Peak 284.21M) | Time:00:00.27 | Mem:0.00M, Peak:0.00M | C6420_4N_24SFF_v002_MASTER, ViewLayer | Synchronizing object | Node4_RJ45_spring_contact_3
Fra:22 Mem:283.57M (Peak 284.21M) | Time:00:00.27 | Mem:0.00M, Peak:0.00M | C6420_4N_24SFF_v002_MASTER, ViewLayer | Synchronizing object | Node4_RJ45_spring_contact_4
Fra:22 Mem:283.57M (Peak 284.21M) | Time:00:00.27 | Mem:0.00M, Peak:0.00M | C6420_4N_24SFF_v002_MASTER, ViewLayer | Synchronizing object | Node4_RJ45_spring_contact_5
Fra:22 Mem:283.69M (Peak 284.21M) | Time:00:00.27 | Mem:0.00M, Peak:0.00M | C6420_4N_24SFF_v002_MASTER, ViewLayer | Synchronizing object | Node4_RJ45_spring_contact_6
Fra:22 Mem:283.93M (Peak 284.21M) | Time:00:00.27 | Mem:0.00M, Peak:0.00M | C6420_4N_24SFF_v002_MASTER, ViewLayer | Synchronizing object | Carrier00_sheet_side_-1
Fra:22 Mem:283.97M (Peak 284.21M) | Time:00:00.27 | Mem:0.00M, Peak:0.00M | C6420_4N_24SFF_v002_MASTER, ViewLayer | Synchronizing object | Carrier00_folded_runner_-1
Fra:22 Mem:283.69M (Peak 284.21M) | Time:00:00.27 | Mem:0.00M, Peak:0.00M | C6420_4N_24SFF_v002_MASTER, ViewLayer | Synchronizing object | Carrier00_setback_honeycomb
Fra:22 Mem:283.60M (Peak 284.21M) | Time:00:00.27 | Mem:0.00M, Peak:0.00M | C6420_4N_24SFF_v002_MASTER, ViewLayer | Synchronizing object | Carrier00_fixed_outer_bezel
Fra:22 Mem:283.59M (Peak 284.21M) | Time:00:00.27 | Mem:0.00M, Peak:0.00M | C6420_4N_24SFF_v002_MASTER, ViewLayer | Synchronizing object | Carrier00_fixed_vertical_land
Fra:22 Mem:283.87M (Peak 284.21M) | Time:00:00.27 | Mem:0.00M, Peak:0.00M | C6420_4N_24SFF_v002_MASTER, ViewLayer | Synchronizing object | Carrier00_silver_handle_frame
Fra:22 Mem:283.62M (Peak 285.67M) | Time:00:00.27 | Mem:0.00M, Peak:0.00M | C6420_4N_24SFF_v002_MASTER, ViewLayer | Synchronizing object | PSU1_internal_end
Fra:22 Mem:284.16M (Peak 285.67M) | Time:00:00.27 | Mem:0.00M, Peak:0.00M | C6420_4N_24SFF_v002_MASTER, ViewLayer | Synchronizing object | PSU1_horizontal_shell
Fra:22 Mem:284.18M (Peak 285.67M) | Time:00:00.27 | Mem:0.00M, Peak:0.00M | C6420_4N_24SFF_v002_MASTER, ViewLayer | Synchronizing object | PSU1_side_shell
Fra:22 Mem:284.20M (Peak 285.67M) | Time:00:00.27 | Mem:0.00M, Peak:0.00M | C6420_4N_24SFF_v002_MASTER, ViewLayer | Synchronizing object | Carrier00_setback_dark_air_shade
Fra:22 Mem:284.21M (Peak 285.67M) | Time:00:00.27 | Mem:0.00M, Peak:0.00M | C6420_4N_24SFF_v002_MASTER, ViewLayer | Synchronizing object | Carrier23_EMI_spring_1_8
Fra:22 Mem:284.22M (Peak 285.67M) | Time:00:00.27 | Mem:0.00M, Peak:0.00M | C6420_4N_24SFF_v002_MASTER, ViewLayer | Synchronizing object | Carrier23_EMI_spring_1_7
Fra:22 Mem:284.09M (Peak 285.67M) | Time:00:00.27 | Mem:0.00M, Peak:0.00M | C6420_4N_24SFF_v002_MASTER, ViewLayer | Synchronizing object | Carrier23_EMI_spring_1_6
Fra:22 Mem:284.16M (Peak 285.67M) | Time:00:00.27 | Mem:0.00M, Peak:0.00M | C6420_4N_24SFF_v002_MASTER, ViewLayer | Synchronizing object | Carrier23_EMI_spring_1_5
Fra:22 Mem:284.29M (Peak 285.67M) | Time:00:00.27 | Mem:0.00M, Peak:0.00M | C6420_4N_24SFF_v002_MASTER, ViewLayer | Synchronizing object | Carrier23_EMI_spring_1_4
Fra:22 Mem:284.31M (Peak 285.67M) | Time:00:00.27 | Mem:0.00M, Peak:0.00M | C6420_4N_24SFF_v002_MASTER, ViewLayer | Synchronizing object | Carrier23_EMI_spring_1_3
Fra:22 Mem:283.97M (Peak 285.67M) | Time:00:00.27 | Mem:0.00M, Peak:0.00M | C6420_4N_24SFF_v002_MASTER, ViewLayer | Synchronizing object | Carrier23_EMI_spring_1_2
Fra:22 Mem:283.94M (Peak 285.67M) | Time:00:00.27 | Mem:0.00M, Peak:0.00M | C6420_4N_24SFF_v002_MASTER, ViewLayer | Synchronizing object | Carrier23_EMI_spring_1_1
Fra:22 Mem:284.26M (Peak 285.67M) | Time:00:00.27 | Mem:0.00M, Peak:0.00M | C6420_4N_24SFF_v002_MASTER, ViewLayer | Synchronizing object | Carrier23_EMI_spring_1_0
Fra:22 Mem:284.54M (Peak 285.67M) | Time:00:00.27 | Mem:0.00M, Peak:0.00M | C6420_4N_24SFF_v002_MASTER, ViewLayer | Synchronizing object | Carrier23_EMI_spring_-1_8
Fra:22 Mem:284.55M (Peak 285.67M) | Time:00:00.27 | Mem:0.00M, Peak:0.00M | C6420_4N_24SFF_v002_MASTER, ViewLayer | Synchronizing object | Carrier23_EMI_spring_-1_7
Fra:22 Mem:284.56M (Peak 285.67M) | Time:00:00.27 | Mem:0.00M, Peak:0.00M | C6420_4N_24SFF_v002_MASTER, ViewLayer | Synchronizing object | Carrier23_EMI_spring_-1_6
Fra:22 Mem:284.57M (Peak 285.67M) | Time:00:00.27 | Mem:0.00M, Peak:0.00M | C6420_4N_24SFF_v002_MASTER, ViewLayer | Synchronizing object | Carrier23_EMI_spring_-1_5
Fra:22 Mem:284.59M (Peak 285.67M) | Time:00:00.27 | Mem:0.00M, Peak:0.00M | C6420_4N_24SFF_v002_MASTER, ViewLayer | Synchronizing object | Carrier23_EMI_spring_-1_4
Fra:22 Mem:284.60M (Peak 285.67M) | Time:00:00.27 | Mem:0.00M, Peak:0.00M | C6420_4N_24SFF_v002_MASTER, ViewLayer | Synchronizing object | Carrier23_EMI_spring_-1_3
Fra:22 Mem:284.61M (Peak 285.67M) | Time:00:00.27 | Mem:0.00M, Peak:0.00M | C6420_4N_24SFF_v002_MASTER, ViewLayer | Synchronizing object | Carrier23_EMI_spring_-1_2
Fra:22 Mem:284.62M (Peak 285.67M) | Time:00:00.27 | Mem:0.00M, Peak:0.00M | C6420_4N_24SFF_v002_MASTER, ViewLayer | Synchronizing object | Carrier23_EMI_spring_-1_1
Fra:22 Mem:284.63M (Peak 285.67M) | Time:00:00.27 | Mem:0.00M, Peak:0.00M | C6420_4N_24SFF_v002_MASTER, ViewLayer | Synchronizing object | Carrier23_EMI_spring_-1_0
Fra:22 Mem:284.64M (Peak 285.67M) | Time:00:00.27 | Mem:0.00M, Peak:0.00M | C6420_4N_24SFF_v002_MASTER, ViewLayer | Synchronizing object | Carrier23_activity_symbol
Fra:22 Mem:284.65M (Peak 285.67M) | Time:00:00.27 | Mem:0.00M, Peak:0.00M | C6420_4N_24SFF_v002_MASTER, ViewLayer | Synchronizing object | Carrier23_hinge_return_spring
Fra:22 Mem:285.40M (Peak 285.67M) | Time:00:00.27 | Mem:0.00M, Peak:0.00M | C6420_4N_24SFF_v002_MASTER, ViewLayer | Synchronizing object | Carrier00_three_window_handle
Fra:22 Mem:285.40M (Peak 285.67M) | Time:00:00.27 | Mem:0.00M, Peak:0.00M | C6420_4N_24SFF_v002_MASTER, ViewLayer | Synchronizing object | Carrier00_handle_top_thumb_land
Fra:22 Mem:285.38M (Peak 285.67M) | Time:00:00.27 | Mem:0.00M, Peak:0.00M | C6420_4N_24SFF_v002_MASTER, ViewLayer | Synchronizing object | Carrier22_EMI_spring_1_8
Fra:22 Mem:285.49M (Peak 285.67M) | Time:00:00.27 | Mem:0.00M, Peak:0.00M | C6420_4N_24SFF_v002_MASTER, ViewLayer | Synchronizing object | Carrier22_EMI_spring_1_7
Fra:22 Mem:285.49M (Peak 285.67M) | Time:00:00.27 | Mem:0.00M, Peak:0.00M | C6420_4N_24SFF_v002_MASTER, ViewLayer | Synchronizing object | Carrier22_EMI_spring_1_6
Fra:22 Mem:285.50M (Peak 285.67M) | Time:00:00.27 | Mem:0.00M, Peak:0.00M | C6420_4N_24SFF_v002_MASTER, ViewLayer | Synchronizing object | Carrier22_EMI_spring_1_5
Fra:22 Mem:285.50M (Peak 285.67M) | Time:00:00.27 | Mem:0.00M, Peak:0.00M | C6420_4N_24SFF_v002_MASTER, ViewLayer | Synchronizing object | Carrier00_label_inset_pad
Fra:22 Mem:285.53M (Peak 285.67M) | Time:00:00.27 | Mem:0.00M, Peak:0.00M | C6420_4N_24SFF_v002_MASTER, ViewLayer | Synchronizing object | Carrier22_EMI_spring_1_4
Fra:22 Mem:283.04M (Peak 285.67M) | Time:00:00.27 | Mem:0.00M, Peak:0.00M | C6420_4N_24SFF_v002_MASTER, ViewLayer | Synchronizing object | Carrier22_EMI_spring_1_3
Fra:22 Mem:283.15M (Peak 285.67M) | Time:00:00.27 | Mem:0.00M, Peak:0.00M | C6420_4N_24SFF_v002_MASTER, ViewLayer | Synchronizing object | Carrier22_EMI_spring_1_2
Fra:22 Mem:283.69M (Peak 285.67M) | Time:00:00.27 | Mem:0.00M, Peak:0.00M | C6420_4N_24SFF_v002_MASTER, ViewLayer | Synchronizing object | Carrier00_hinge_axle
Fra:22 Mem:283.81M (Peak 285.67M) | Time:00:00.27 | Mem:0.00M, Peak:0.00M | C6420_4N_24SFF_v002_MASTER, ViewLayer | Synchronizing object | Carrier22_EMI_spring_1_1
Fra:22 Mem:283.84M (Peak 285.67M) | Time:00:00.27 | Mem:0.00M, Peak:0.00M | C6420_4N_24SFF_v002_MASTER, ViewLayer | Synchronizing object | Carrier22_EMI_spring_1_0
Fra:22 Mem:284.00M (Peak 285.67M) | Time:00:00.27 | Mem:0.00M, Peak:0.00M | C6420_4N_24SFF_v002_MASTER, ViewLayer | Synchronizing object | Carrier22_EMI_spring_-1_8
Fra:22 Mem:284.01M (Peak 285.67M) | Time:00:00.27 | Mem:0.00M, Peak:0.00M | C6420_4N_24SFF_v002_MASTER, ViewLayer | Synchronizing object | Carrier22_EMI_spring_-1_7
Fra:22 Mem:284.00M (Peak 285.67M) | Time:00:00.27 | Mem:0.00M, Peak:0.00M | C6420_4N_24SFF_v002_MASTER, ViewLayer | Synchronizing object | Carrier22_EMI_spring_-1_6
Fra:22 Mem:284.01M (Peak 285.67M) | Time:00:00.27 | Mem:0.00M, Peak:0.00M | C6420_4N_24SFF_v002_MASTER, ViewLayer | Synchronizing object | Carrier22_EMI_spring_-1_5
Fra:22 Mem:284.03M (Peak 285.67M) | Time:00:00.27 | Mem:0.00M, Peak:0.00M | C6420_4N_24SFF_v002_MASTER, ViewLayer | Synchronizing object | Carrier00_hinge_return_spring
Fra:22 Mem:284.02M (Peak 285.67M) | Time:00:00.27 | Mem:0.00M, Peak:0.00M | C6420_4N_24SFF_v002_MASTER, ViewLayer | Synchronizing object | Carrier22_EMI_spring_-1_4
Fra:22 Mem:284.09M (Peak 285.67M) | Time:00:00.27 | Mem:0.00M, Peak:0.00M | C6420_4N_24SFF_v002_MASTER, ViewLayer | Synchronizing object | Carrier22_EMI_spring_-1_3
Fra:22 Mem:284.15M (Peak 285.67M) | Time:00:00.27 | Mem:0.00M, Peak:0.00M | C6420_4N_24SFF_v002_MASTER, ViewLayer | Synchronizing object | Carrier22_EMI_spring_-1_2
Fra:22 Mem:283.64M (Peak 285.67M) | Time:00:00.27 | Mem:0.00M, Peak:0.00M | C6420_4N_24SFF_v002_MASTER, ViewLayer | Synchronizing object | Carrier22_EMI_spring_-1_1
Fra:22 Mem:283.47M (Peak 285.67M) | Time:00:00.27 | Mem:0.00M, Peak:0.00M | C6420_4N_24SFF_v002_MASTER, ViewLayer | Synchronizing object | Carrier00_hinge_end_bracket
Fra:22 Mem:283.54M (Peak 285.67M) | Time:00:00.27 | Mem:0.00M, Peak:0.00M | C6420_4N_24SFF_v002_MASTER, ViewLayer | Synchronizing object | Carrier22_EMI_spring_-1_0
Fra:22 Mem:283.53M (Peak 285.67M) | Time:00:00.27 | Mem:0.00M, Peak:0.00M | C6420_4N_24SFF_v002_MASTER, ViewLayer | Synchronizing object | Carrier00_release_bezel
Fra:22 Mem:283.81M (Peak 285.67M) | Time:00:00.27 | Mem:0.00M, Peak:0.00M | C6420_4N_24SFF_v002_MASTER, ViewLayer | Synchronizing object | Carrier00_round_release_button
Fra:22 Mem:285.54M (Peak 285.67M) | Time:00:00.27 | Mem:0.00M, Peak:0.00M | C6420_4N_24SFF_v002_MASTER, ViewLayer | Synchronizing object | Carrier22_activity_symbol
Fra:22 Mem:285.86M (Peak 285.86M) | Time:00:00.27 | Mem:0.00M, Peak:0.00M | C6420_4N_24SFF_v002_MASTER, ViewLayer | Synchronizing object | Carrier22_hinge_return_spring
Fra:22 Mem:286.19M (Peak 286.19M) | Time:00:00.27 | Mem:0.00M, Peak:0.00M | C6420_4N_24SFF_v002_MASTER, ViewLayer | Synchronizing object | Carrier00_orange_release_ring
Fra:22 Mem:286.38M (Peak 286.38M) | Time:00:00.28 | Mem:0.00M, Peak:0.00M | C6420_4N_24SFF_v002_MASTER, ViewLayer | Synchronizing object | Carrier00_button_inner_face
Fra:22 Mem:286.45M (Peak 286.45M) | Time:00:00.28 | Mem:0.00M, Peak:0.00M | C6420_4N_24SFF_v002_MASTER, ViewLayer | Synchronizing object | Carrier00_indicator_strip
Fra:22 Mem:286.54M (Peak 286.54M) | Time:00:00.28 | Mem:0.00M, Peak:0.00M | C6420_4N_24SFF_v002_MASTER, ViewLayer | Synchronizing object | Carrier00_status_lens_0
Fra:22 Mem:286.58M (Peak 286.58M) | Time:00:00.28 | Mem:0.00M, Peak:0.00M | C6420_4N_24SFF_v002_MASTER, ViewLayer | Synchronizing object | Carrier00_activity_symbol
Fra:22 Mem:286.68M (Peak 286.68M) | Time:00:00.28 | Mem:0.00M, Peak:0.00M | C6420_4N_24SFF_v002_MASTER, ViewLayer | Synchronizing object | Carrier00_disk_symbol
Fra:22 Mem:284.33M (Peak 286.68M) | Time:00:00.28 | Mem:0.00M, Peak:0.00M | C6420_4N_24SFF_v002_MASTER, ViewLayer | Synchronizing object | Carrier00_EMI_spring_-1_0
Fra:22 Mem:284.35M (Peak 286.68M) | Time:00:00.28 | Mem:0.00M, Peak:0.00M | C6420_4N_24SFF_v002_MASTER, ViewLayer | Synchronizing object | Carrier00_EMI_spring_-1_1
Fra:22 Mem:284.34M (Peak 286.68M) | Time:00:00.28 | Mem:0.00M, Peak:0.00M | C6420_4N_24SFF_v002_MASTER, ViewLayer | Synchronizing object | Carrier00_EMI_spring_-1_2
Fra:22 Mem:284.34M (Peak 286.68M) | Time:00:00.28 | Mem:0.00M, Peak:0.00M | C6420_4N_24SFF_v002_MASTER, ViewLayer | Synchronizing object | Carrier00_EMI_spring_-1_3
Fra:22 Mem:284.87M (Peak 286.68M) | Time:00:00.28 | Mem:0.00M, Peak:0.00M | C6420_4N_24SFF_v002_MASTER, ViewLayer | Synchronizing object | Carrier00_EMI_spring_-1_4
Fra:22 Mem:284.90M (Peak 286.68M) | Time:00:00.28 | Mem:0.00M, Peak:0.00M | C6420_4N_24SFF_v002_MASTER, ViewLayer | Synchronizing object | Carrier00_EMI_spring_-1_5
Fra:22 Mem:284.91M (Peak 286.68M) | Time:00:00.28 | Mem:0.00M, Peak:0.00M | C6420_4N_24SFF_v002_MASTER, ViewLayer | Synchronizing object | Carrier00_EMI_spring_-1_6
Fra:22 Mem:284.95M (Peak 286.68M) | Time:00:00.28 | Mem:0.00M, Peak:0.00M | C6420_4N_24SFF_v002_MASTER, ViewLayer | Synchronizing object | Carrier00_EMI_spring_-1_7
Fra:22 Mem:284.96M (Peak 286.68M) | Time:00:00.28 | Mem:0.00M, Peak:0.00M | C6420_4N_24SFF_v002_MASTER, ViewLayer | Synchronizing object | Carrier00_EMI_spring_-1_8
Fra:22 Mem:284.96M (Peak 286.68M) | Time:00:00.28 | Mem:0.00M, Peak:0.00M | C6420_4N_24SFF_v002_MASTER, ViewLayer | Synchronizing object | Carrier00_EMI_spring_1_0
Fra:22 Mem:284.97M (Peak 286.68M) | Time:00:00.28 | Mem:0.00M, Peak:0.00M | C6420_4N_24SFF_v002_MASTER, ViewLayer | Synchronizing object | Carrier00_EMI_spring_1_3
Fra:22 Mem:284.95M (Peak 286.68M) | Time:00:00.28 | Mem:0.00M, Peak:0.00M | C6420_4N_24SFF_v002_MASTER, ViewLayer | Synchronizing object | Carrier00_EMI_spring_1_4
Fra:22 Mem:284.99M (Peak 286.68M) | Time:00:00.28 | Mem:0.00M, Peak:0.00M | C6420_4N_24SFF_v002_MASTER, ViewLayer | Synchronizing object | Carrier00_EMI_spring_1_5
Fra:22 Mem:285.01M (Peak 286.68M) | Time:00:00.28 | Mem:0.00M, Peak:0.00M | C6420_4N_24SFF_v002_MASTER, ViewLayer | Synchronizing object | Carrier00_EMI_spring_1_6
Fra:22 Mem:285.46M (Peak 286.68M) | Time:00:00.28 | Mem:0.00M, Peak:0.00M | C6420_4N_24SFF_v002_MASTER, ViewLayer | Synchronizing object | Carrier00_EMI_spring_1_7
Fra:22 Mem:285.46M (Peak 286.68M) | Time:00:00.28 | Mem:0.00M, Peak:0.00M | C6420_4N_24SFF_v002_MASTER, ViewLayer | Synchronizing object | Carrier00_EMI_spring_1_8
Fra:22 Mem:285.44M (Peak 286.68M) | Time:00:00.28 | Mem:0.00M, Peak:0.00M | C6420_4N_24SFF_v002_MASTER, ViewLayer | Synchronizing object | Carrier01_EMI_spring_-1_0
Fra:22 Mem:285.44M (Peak 286.68M) | Time:00:00.28 | Mem:0.00M, Peak:0.00M | C6420_4N_24SFF_v002_MASTER, ViewLayer | Synchronizing object | Carrier01_EMI_spring_-1_1
Fra:22 Mem:285.49M (Peak 286.68M) | Time:00:00.28 | Mem:0.00M, Peak:0.00M | C6420_4N_24SFF_v002_MASTER, ViewLayer | Synchronizing object | Carrier01_EMI_spring_-1_2
Fra:22 Mem:285.59M (Peak 286.68M) | Time:00:00.28 | Mem:0.00M, Peak:0.00M | C6420_4N_24SFF_v002_MASTER, ViewLayer | Synchronizing object | Carrier01_EMI_spring_-1_3
Fra:22 Mem:285.59M (Peak 286.68M) | Time:00:00.28 | Mem:0.00M, Peak:0.00M | C6420_4N_24SFF_v002_MASTER, ViewLayer | Synchronizing object | Carrier01_EMI_spring_-1_4
Fra:22 Mem:285.59M (Peak 286.68M) | Time:00:00.28 | Mem:0.00M, Peak:0.00M | C6420_4N_24SFF_v002_MASTER, ViewLayer | Synchronizing object | Carrier01_EMI_spring_-1_5
Fra:22 Mem:285.59M (Peak 286.68M) | Time:00:00.28 | Mem:0.00M, Peak:0.00M | C6420_4N_24SFF_v002_MASTER, ViewLayer | Synchronizing object | Carrier21_EMI_spring_1_7
Fra:22 Mem:286.16M (Peak 286.68M) | Time:00:00.28 | Mem:0.00M, Peak:0.00M | C6420_4N_24SFF_v002_MASTER, ViewLayer | Synchronizing object | Carrier01_EMI_spring_-1_8
Fra:22 Mem:286.14M (Peak 286.68M) | Time:00:00.28 | Mem:0.00M, Peak:0.00M | C6420_4N_24SFF_v002_MASTER, ViewLayer | Synchronizing object | Carrier01_EMI_spring_1_0
Fra:22 Mem:286.14M (Peak 286.68M) | Time:00:00.28 | Mem:0.00M, Peak:0.00M | C6420_4N_24SFF_v002_MASTER, ViewLayer | Synchronizing object | Carrier01_EMI_spring_1_1
Fra:22 Mem:286.66M (Peak 286.68M) | Time:00:00.28 | Mem:0.00M, Peak:0.00M | C6420_4N_24SFF_v002_MASTER, ViewLayer | Synchronizing object | Carrier01_EMI_spring_1_2
Fra:22 Mem:286.66M (Peak 286.68M) | Time:00:00.28 | Mem:0.00M, Peak:0.00M | C6420_4N_24SFF_v002_MASTER, ViewLayer | Synchronizing object | Carrier01_EMI_spring_1_3
Fra:22 Mem:286.70M (Peak 286.70M) | Time:00:00.28 | Mem:0.00M, Peak:0.00M | C6420_4N_24SFF_v002_MASTER, ViewLayer | Synchronizing object | Carrier01_EMI_spring_1_4
Fra:22 Mem:287.52M (Peak 287.52M) | Time:00:00.28 | Mem:0.00M, Peak:0.00M | C6420_4N_24SFF_v002_MASTER, ViewLayer | Synchronizing object | Carrier01_EMI_spring_1_5
Fra:22 Mem:287.80M (Peak 287.80M) | Time:00:00.28 | Mem:0.00M, Peak:0.00M | C6420_4N_24SFF_v002_MASTER, ViewLayer | Synchronizing object | Carrier21_EMI_spring_1_5
Fra:22 Mem:287.26M (Peak 287.80M) | Time:00:00.28 | Mem:0.00M, Peak:0.00M | C6420_4N_24SFF_v002_MASTER, ViewLayer | Synchronizing object | Carrier01_EMI_spring_1_6
Fra:22 Mem:287.28M (Peak 287.80M) | Time:00:00.28 | Mem:0.00M, Peak:0.00M | C6420_4N_24SFF_v002_MASTER, ViewLayer | Synchronizing object | Carrier21_EMI_spring_1_4
Fra:22 Mem:287.27M (Peak 287.80M) | Time:00:00.28 | Mem:0.00M, Peak:0.00M | C6420_4N_24SFF_v002_MASTER, ViewLayer | Synchronizing object | Carrier21_EMI_spring_1_3
Fra:22 Mem:287.48M (Peak 287.80M) | Time:00:00.28 | Mem:0.00M, Peak:0.00M | C6420_4N_24SFF_v002_MASTER, ViewLayer | Synchronizing object | Carrier21_EMI_spring_1_2
Fra:22 Mem:287.64M (Peak 287.80M) | Time:00:00.28 | Mem:0.00M, Peak:0.00M | C6420_4N_24SFF_v002_MASTER, ViewLayer | Synchronizing object | Carrier01_EMI_spring_1_7
Fra:22 Mem:287.68M (Peak 287.80M) | Time:00:00.28 | Mem:0.00M, Peak:0.00M | C6420_4N_24SFF_v002_MASTER, ViewLayer | Synchronizing object | Carrier21_EMI_spring_1_1
Fra:22 Mem:287.69M (Peak 287.80M) | Time:00:00.28 | Mem:0.00M, Peak:0.00M | C6420_4N_24SFF_v002_MASTER, ViewLayer | Synchronizing object | Carrier21_EMI_spring_1_0
Fra:22 Mem:287.71M (Peak 287.80M) | Time:00:00.28 | Mem:0.00M, Peak:0.00M | C6420_4N_24SFF_v002_MASTER, ViewLayer | Synchronizing object | Carrier01_EMI_spring_1_8
Fra:22 Mem:287.72M (Peak 287.80M) | Time:00:00.28 | Mem:0.00M, Peak:0.00M | C6420_4N_24SFF_v002_MASTER, ViewLayer | Synchronizing object | Carrier02_hinge_return_spring
Fra:22 Mem:287.73M (Peak 287.80M) | Time:00:00.28 | Mem:0.00M, Peak:0.00M | C6420_4N_24SFF_v002_MASTER, ViewLayer | Synchronizing object | Carrier02_activity_symbol
Fra:22 Mem:287.81M (Peak 287.81M) | Time:00:00.28 | Mem:0.00M, Peak:0.00M | C6420_4N_24SFF_v002_MASTER, ViewLayer | Synchronizing object | Carrier21_EMI_spring_-1_8
Fra:22 Mem:287.81M (Peak 287.81M) | Time:00:00.28 | Mem:0.00M, Peak:0.00M | C6420_4N_24SFF_v002_MASTER, ViewLayer | Synchronizing object | Carrier02_EMI_spring_-1_0
Fra:22 Mem:287.86M (Peak 287.86M) | Time:00:00.28 | Mem:0.00M, Peak:0.00M | C6420_4N_24SFF_v002_MASTER, ViewLayer | Synchronizing object | Carrier21_EMI_spring_-1_7
Fra:22 Mem:287.88M (Peak 287.88M) | Time:00:00.28 | Mem:0.00M, Peak:0.00M | C6420_4N_24SFF_v002_MASTER, ViewLayer | Synchronizing object | Carrier02_EMI_spring_-1_2
Fra:22 Mem:287.88M (Peak 287.88M) | Time:00:00.28 | Mem:0.00M, Peak:0.00M | C6420_4N_24SFF_v002_MASTER, ViewLayer | Synchronizing object | Carrier02_EMI_spring_-1_3
Fra:22 Mem:287.89M (Peak 287.89M) | Time:00:00.28 | Mem:0.00M, Peak:0.00M | C6420_4N_24SFF_v002_MASTER, ViewLayer | Synchronizing object | Carrier02_EMI_spring_-1_4
Fra:22 Mem:287.92M (Peak 287.93M) | Time:00:00.28 | Mem:0.00M, Peak:0.00M | C6420_4N_24SFF_v002_MASTER, ViewLayer | Synchronizing object | Carrier21_EMI_spring_-1_6
Fra:22 Mem:287.83M (Peak 287.93M) | Time:00:00.28 | Mem:0.00M, Peak:0.00M | C6420_4N_24SFF_v002_MASTER, ViewLayer | Synchronizing object | Carrier02_EMI_spring_-1_5
Fra:22 Mem:287.79M (Peak 287.93M) | Time:00:00.28 | Mem:0.00M, Peak:0.00M | C6420_4N_24SFF_v002_MASTER, ViewLayer | Synchronizing object | Carrier02_EMI_spring_-1_6
Fra:22 Mem:287.79M (Peak 287.93M) | Time:00:00.28 | Mem:0.00M, Peak:0.00M | C6420_4N_24SFF_v002_MASTER, ViewLayer | Synchronizing object | Carrier02_EMI_spring_-1_8
Fra:22 Mem:287.81M (Peak 287.93M) | Time:00:00.28 | Mem:0.00M, Peak:0.00M | C6420_4N_24SFF_v002_MASTER, ViewLayer | Synchronizing object | Carrier21_EMI_spring_-1_5
Fra:22 Mem:288.62M (Peak 288.62M) | Time:00:00.28 | Mem:0.00M, Peak:0.00M | C6420_4N_24SFF_v002_MASTER, ViewLayer | Synchronizing object | Carrier02_EMI_spring_1_0
Fra:22 Mem:288.65M (Peak 288.65M) | Time:00:00.28 | Mem:0.00M, Peak:0.00M | C6420_4N_24SFF_v002_MASTER, ViewLayer | Synchronizing object | Carrier02_EMI_spring_1_1
Fra:22 Mem:288.67M (Peak 288.67M) | Time:00:00.28 | Mem:0.00M, Peak:0.00M | C6420_4N_24SFF_v002_MASTER, ViewLayer | Synchronizing object | Carrier02_EMI_spring_1_2
Fra:22 Mem:288.80M (Peak 288.80M) | Time:00:00.28 | Mem:0.00M, Peak:0.00M | C6420_4N_24SFF_v002_MASTER, ViewLayer | Synchronizing object | Carrier21_EMI_spring_-1_4
Fra:22 Mem:288.86M (Peak 288.86M) | Time:00:00.28 | Mem:0.00M, Peak:0.00M | C6420_4N_24SFF_v002_MASTER, ViewLayer | Synchronizing object | Carrier02_EMI_spring_1_3
Fra:22 Mem:288.88M (Peak 288.88M) | Time:00:00.28 | Mem:0.00M, Peak:0.00M | C6420_4N_24SFF_v002_MASTER, ViewLayer | Synchronizing object | Carrier21_EMI_spring_-1_3
Fra:22 Mem:288.88M (Peak 288.88M) | Time:00:00.28 | Mem:0.00M, Peak:0.00M | C6420_4N_24SFF_v002_MASTER, ViewLayer | Synchronizing object | Carrier21_EMI_spring_-1_2
Fra:22 Mem:288.90M (Peak 288.90M) | Time:00:00.28 | Mem:0.00M, Peak:0.00M | C6420_4N_24SFF_v002_MASTER, ViewLayer | Synchronizing object | Carrier02_EMI_spring_1_4
Fra:22 Mem:288.90M (Peak 288.90M) | Time:00:00.28 | Mem:0.00M, Peak:0.00M | C6420_4N_24SFF_v002_MASTER, ViewLayer | Synchronizing object | Carrier21_EMI_spring_-1_1
Fra:22 Mem:288.94M (Peak 288.94M) | Time:00:00.28 | Mem:0.00M, Peak:0.00M | C6420_4N_24SFF_v002_MASTER, ViewLayer | Synchronizing object | Carrier02_EMI_spring_1_5
Fra:22 Mem:288.93M (Peak 288.94M) | Time:00:00.28 | Mem:0.00M, Peak:0.00M | C6420_4N_24SFF_v002_MASTER, ViewLayer | Synchronizing object | Carrier21_EMI_spring_-1_0
Fra:22 Mem:288.95M (Peak 288.95M) | Time:00:00.28 | Mem:0.00M, Peak:0.00M | C6420_4N_24SFF_v002_MASTER, ViewLayer | Synchronizing object | Carrier21_activity_symbol
Fra:22 Mem:288.95M (Peak 288.95M) | Time:00:00.28 | Mem:0.00M, Peak:0.00M | C6420_4N_24SFF_v002_MASTER, ViewLayer | Synchronizing object | Carrier02_EMI_spring_1_6
Fra:22 Mem:288.71M (Peak 289.24M) | Time:00:00.28 | Mem:0.00M, Peak:0.00M | C6420_4N_24SFF_v002_MASTER, ViewLayer | Synchronizing object | Carrier02_EMI_spring_1_7
Fra:22 Mem:289.17M (Peak 289.24M) | Time:00:00.28 | Mem:0.00M, Peak:0.00M | C6420_4N_24SFF_v002_MASTER, ViewLayer | Synchronizing object | Carrier21_hinge_return_spring
Fra:22 Mem:289.12M (Peak 289.24M) | Time:00:00.28 | Mem:0.00M, Peak:0.00M | C6420_4N_24SFF_v002_MASTER, ViewLayer | Synchronizing object | Carrier02_EMI_spring_1_8
Fra:22 Mem:289.20M (Peak 289.24M) | Time:00:00.28 | Mem:0.00M, Peak:0.00M | C6420_4N_24SFF_v002_MASTER, ViewLayer | Synchronizing object | Carrier03_hinge_return_spring
Fra:22 Mem:289.21M (Peak 289.24M) | Time:00:00.28 | Mem:0.00M, Peak:0.00M | C6420_4N_24SFF_v002_MASTER, ViewLayer | Synchronizing object | Carrier03_EMI_spring_-1_0
Fra:22 Mem:289.21M (Peak 289.24M) | Time:00:00.28 | Mem:0.00M, Peak:0.00M | C6420_4N_24SFF_v002_MASTER, ViewLayer | Synchronizing object | Carrier03_EMI_spring_-1_2
Fra:22 Mem:290.92M (Peak 290.92M) | Time:00:00.28 | Mem:0.00M, Peak:0.00M | C6420_4N_24SFF_v002_MASTER, ViewLayer | Synchronizing object | Carrier03_EMI_spring_-1_3
Fra:22 Mem:291.03M (Peak 291.03M) | Time:00:00.28 | Mem:0.00M, Peak:0.00M | C6420_4N_24SFF_v002_MASTER, ViewLayer | Synchronizing object | Carrier03_EMI_spring_-1_4
Fra:22 Mem:291.04M (Peak 291.04M) | Time:00:00.28 | Mem:0.00M, Peak:0.00M | C6420_4N_24SFF_v002_MASTER, ViewLayer | Synchronizing object | Carrier03_EMI_spring_-1_5
Fra:22 Mem:291.06M (Peak 291.06M) | Time:00:00.28 | Mem:0.00M, Peak:0.00M | C6420_4N_24SFF_v002_MASTER, ViewLayer | Synchronizing object | Carrier03_EMI_spring_-1_6
Fra:22 Mem:291.08M (Peak 291.08M) | Time:00:00.28 | Mem:0.00M, Peak:0.00M | C6420_4N_24SFF_v002_MASTER, ViewLayer | Synchronizing object | Carrier03_EMI_spring_-1_7
Fra:22 Mem:293.32M (Peak 293.32M) | Time:00:00.28 | Mem:0.00M, Peak:0.00M | C6420_4N_24SFF_v002_MASTER, ViewLayer | Synchronizing object | Carrier03_EMI_spring_-1_8
Fra:22 Mem:293.32M (Peak 293.32M) | Time:00:00.28 | Mem:0.00M, Peak:0.00M | C6420_4N_24SFF_v002_MASTER, ViewLayer | Synchronizing object | Carrier03_EMI_spring_1_0
Fra:22 Mem:293.35M (Peak 293.35M) | Time:00:00.28 | Mem:0.00M, Peak:0.00M | C6420_4N_24SFF_v002_MASTER, ViewLayer | Synchronizing object | Carrier03_EMI_spring_1_1
Fra:22 Mem:293.28M (Peak 293.35M) | Time:00:00.28 | Mem:0.00M, Peak:0.00M | C6420_4N_24SFF_v002_MASTER, ViewLayer | Synchronizing object | Carrier03_EMI_spring_1_2
Fra:22 Mem:293.81M (Peak 293.81M) | Time:00:00.28 | Mem:0.00M, Peak:0.00M | C6420_4N_24SFF_v002_MASTER, ViewLayer | Synchronizing object | Carrier20_EMI_spring_1_8
Fra:22 Mem:293.85M (Peak 293.85M) | Time:00:00.28 | Mem:0.00M, Peak:0.00M | C6420_4N_24SFF_v002_MASTER, ViewLayer | Synchronizing object | Carrier03_EMI_spring_1_3
Fra:22 Mem:293.85M (Peak 293.85M) | Time:00:00.28 | Mem:0.00M, Peak:0.00M | C6420_4N_24SFF_v002_MASTER, ViewLayer | Synchronizing object | Carrier20_EMI_spring_1_7
Fra:22 Mem:293.78M (Peak 293.85M) | Time:00:00.28 | Mem:0.00M, Peak:0.00M | C6420_4N_24SFF_v002_MASTER, ViewLayer | Synchronizing object | Carrier20_EMI_spring_1_6
Fra:22 Mem:294.38M (Peak 294.38M) | Time:00:00.28 | Mem:0.00M, Peak:0.00M | C6420_4N_24SFF_v002_MASTER, ViewLayer | Synchronizing object | Carrier03_EMI_spring_1_4
Fra:22 Mem:294.41M (Peak 294.41M) | Time:00:00.28 | Mem:0.00M, Peak:0.00M | C6420_4N_24SFF_v002_MASTER, ViewLayer | Synchronizing object | Carrier03_EMI_spring_1_5
Fra:22 Mem:293.97M (Peak 294.41M) | Time:00:00.28 | Mem:0.00M, Peak:0.00M | C6420_4N_24SFF_v002_MASTER, ViewLayer | Synchronizing object | Carrier03_EMI_spring_1_6
Fra:22 Mem:294.01M (Peak 294.41M) | Time:00:00.28 | Mem:0.00M, Peak:0.00M | C6420_4N_24SFF_v002_MASTER, ViewLayer | Synchronizing object | Carrier20_EMI_spring_1_5
Fra:22 Mem:294.03M (Peak 294.41M) | Time:00:00.28 | Mem:0.00M, Peak:0.00M | C6420_4N_24SFF_v002_MASTER, ViewLayer | Synchronizing object | Carrier03_EMI_spring_1_7
Fra:22 Mem:294.39M (Peak 294.41M) | Time:00:00.28 | Mem:0.00M, Peak:0.00M | C6420_4N_24SFF_v002_MASTER, ViewLayer | Synchronizing object | Carrier03_EMI_spring_1_8
Fra:22 Mem:294.42M (Peak 294.42M) | Time:00:00.28 | Mem:0.00M, Peak:0.00M | C6420_4N_24SFF_v002_MASTER, ViewLayer | Synchronizing object | Carrier04_hinge_return_spring
Fra:22 Mem:294.42M (Peak 294.42M) | Time:00:00.28 | Mem:0.00M, Peak:0.00M | C6420_4N_24SFF_v002_MASTER, ViewLayer | Synchronizing object | Carrier04_activity_symbol
Fra:22 Mem:295.04M (Peak 295.04M) | Time:00:00.28 | Mem:0.00M, Peak:0.00M | C6420_4N_24SFF_v002_MASTER, ViewLayer | Synchronizing object | Carrier20_EMI_spring_1_4
Fra:22 Mem:295.06M (Peak 295.06M) | Time:00:00.28 | Mem:0.00M, Peak:0.00M | C6420_4N_24SFF_v002_MASTER, ViewLayer | Synchronizing object | Carrier04_EMI_spring_-1_3
Fra:22 Mem:295.07M (Peak 295.07M) | Time:00:00.28 | Mem:0.00M, Peak:0.00M | C6420_4N_24SFF_v002_MASTER, ViewLayer | Synchronizing object | Carrier04_EMI_spring_-1_6
Fra:22 Mem:294.92M (Peak 295.07M) | Time:00:00.28 | Mem:0.00M, Peak:0.00M | C6420_4N_24SFF_v002_MASTER, ViewLayer | Synchronizing object | Carrier20_EMI_spring_1_3
Fra:22 Mem:294.92M (Peak 295.07M) | Time:00:00.28 | Mem:0.00M, Peak:0.00M | C6420_4N_24SFF_v002_MASTER, ViewLayer | Synchronizing object | Carrier04_EMI_spring_-1_7
Fra:22 Mem:294.99M (Peak 295.07M) | Time:00:00.28 | Mem:0.00M, Peak:0.00M | C6420_4N_24SFF_v002_MASTER, ViewLayer | Synchronizing object | Carrier04_EMI_spring_-1_8
Fra:22 Mem:295.04M (Peak 295.07M) | Time:00:00.28 | Mem:0.00M, Peak:0.00M | C6420_4N_24SFF_v002_MASTER, ViewLayer | Synchronizing object | Carrier04_EMI_spring_1_0
Fra:22 Mem:292.41M (Peak 295.07M) | Time:00:00.28 | Mem:0.00M, Peak:0.00M | C6420_4N_24SFF_v002_MASTER, ViewLayer | Synchronizing object | Carrier04_EMI_spring_1_1
Fra:22 Mem:292.41M (Peak 295.07M) | Time:00:00.28 | Mem:0.00M, Peak:0.00M | C6420_4N_24SFF_v002_MASTER, ViewLayer | Synchronizing object | Carrier20_EMI_spring_1_2
Fra:22 Mem:293.50M (Peak 295.07M) | Time:00:00.28 | Mem:0.00M, Peak:0.00M | C6420_4N_24SFF_v002_MASTER, ViewLayer | Synchronizing object | Carrier20_EMI_spring_1_1
Fra:22 Mem:293.49M (Peak 295.07M) | Time:00:00.28 | Mem:0.00M, Peak:0.00M | C6420_4N_24SFF_v002_MASTER, ViewLayer | Synchronizing object | Carrier04_EMI_spring_1_5
Fra:22 Mem:293.52M (Peak 295.07M) | Time:00:00.28 | Mem:0.00M, Peak:0.00M | C6420_4N_24SFF_v002_MASTER, ViewLayer | Synchronizing object | Carrier20_EMI_spring_1_0
Fra:22 Mem:293.55M (Peak 295.07M) | Time:00:00.28 | Mem:0.00M, Peak:0.00M | C6420_4N_24SFF_v002_MASTER, ViewLayer | Synchronizing object | Carrier04_EMI_spring_1_6
Fra:22 Mem:293.61M (Peak 295.07M) | Time:00:00.28 | Mem:0.00M, Peak:0.00M | C6420_4N_24SFF_v002_MASTER, ViewLayer | Synchronizing object | Carrier04_EMI_spring_1_8
Fra:22 Mem:293.65M (Peak 295.07M) | Time:00:00.28 | Mem:0.00M, Peak:0.00M | C6420_4N_24SFF_v002_MASTER, ViewLayer | Synchronizing object | Carrier05_hinge_return_spring
Fra:22 Mem:293.74M (Peak 295.07M) | Time:00:00.28 | Mem:0.00M, Peak:0.00M | C6420_4N_24SFF_v002_MASTER, ViewLayer | Synchronizing object | Carrier20_EMI_spring_-1_8
Fra:22 Mem:293.84M (Peak 295.07M) | Time:00:00.28 | Mem:0.00M, Peak:0.00M | C6420_4N_24SFF_v002_MASTER, ViewLayer | Synchronizing object | Carrier05_activity_symbol
Fra:22 Mem:294.08M (Peak 295.07M) | Time:00:00.28 | Mem:0.00M, Peak:0.00M | C6420_4N_24SFF_v002_MASTER, ViewLayer | Synchronizing object | Carrier05_EMI_spring_-1_0
Fra:22 Mem:294.69M (Peak 295.07M) | Time:00:00.28 | Mem:0.00M, Peak:0.00M | C6420_4N_24SFF_v002_MASTER, ViewLayer | Synchronizing object | Carrier20_EMI_spring_-1_7
Fra:22 Mem:294.68M (Peak 295.07M) | Time:00:00.28 | Mem:0.00M, Peak:0.00M | C6420_4N_24SFF_v002_MASTER, ViewLayer | Synchronizing object | Carrier05_EMI_spring_-1_1
Fra:22 Mem:294.68M (Peak 295.07M) | Time:00:00.28 | Mem:0.00M, Peak:0.00M | C6420_4N_24SFF_v002_MASTER, ViewLayer | Synchronizing object | Carrier05_EMI_spring_-1_2
Fra:22 Mem:294.71M (Peak 295.07M) | Time:00:00.28 | Mem:0.00M, Peak:0.00M | C6420_4N_24SFF_v002_MASTER, ViewLayer | Synchronizing object | Carrier05_EMI_spring_-1_3
Fra:22 Mem:295.97M (Peak 295.97M) | Time:00:00.28 | Mem:0.00M, Peak:0.00M | C6420_4N_24SFF_v002_MASTER, ViewLayer | Synchronizing object | Carrier20_EMI_spring_-1_6
Fra:22 Mem:295.96M (Peak 295.97M) | Time:00:00.28 | Mem:0.00M, Peak:0.00M | C6420_4N_24SFF_v002_MASTER, ViewLayer | Synchronizing object | Carrier05_EMI_spring_-1_4
Fra:22 Mem:295.91M (Peak 295.97M) | Time:00:00.28 | Mem:0.00M, Peak:0.00M | C6420_4N_24SFF_v002_MASTER, ViewLayer | Synchronizing object | Carrier05_EMI_spring_-1_5
Fra:22 Mem:295.95M (Peak 295.97M) | Time:00:00.28 | Mem:0.00M, Peak:0.00M | C6420_4N_24SFF_v002_MASTER, ViewLayer | Synchronizing object | Carrier05_EMI_spring_-1_6
Fra:22 Mem:296.47M (Peak 296.47M) | Time:00:00.28 | Mem:0.00M, Peak:0.00M | C6420_4N_24SFF_v002_MASTER, ViewLayer | Synchronizing object | Carrier05_EMI_spring_-1_7
Fra:22 Mem:296.50M (Peak 296.50M) | Time:00:00.28 | Mem:0.00M, Peak:0.00M | C6420_4N_24SFF_v002_MASTER, ViewLayer | Synchronizing object | Carrier20_EMI_spring_-1_5
Fra:22 Mem:296.60M (Peak 296.60M) | Time:00:00.28 | Mem:0.00M, Peak:0.00M | C6420_4N_24SFF_v002_MASTER, ViewLayer | Synchronizing object | Carrier05_EMI_spring_-1_8
Fra:22 Mem:296.64M (Peak 296.64M) | Time:00:00.28 | Mem:0.00M, Peak:0.00M | C6420_4N_24SFF_v002_MASTER, ViewLayer | Synchronizing object | Carrier05_EMI_spring_1_0
Fra:22 Mem:296.63M (Peak 296.64M) | Time:00:00.28 | Mem:0.00M, Peak:0.00M | C6420_4N_24SFF_v002_MASTER, ViewLayer | Synchronizing object | Carrier05_EMI_spring_1_1
Fra:22 Mem:296.72M (Peak 296.72M) | Time:00:00.28 | Mem:0.00M, Peak:0.00M | C6420_4N_24SFF_v002_MASTER, ViewLayer | Synchronizing object | Carrier20_EMI_spring_-1_4
Fra:22 Mem:296.75M (Peak 296.75M) | Time:00:00.28 | Mem:0.00M, Peak:0.00M | C6420_4N_24SFF_v002_MASTER, ViewLayer | Synchronizing object | Carrier05_EMI_spring_1_2
Fra:22 Mem:297.17M (Peak 297.17M) | Time:00:00.28 | Mem:0.00M, Peak:0.00M | C6420_4N_24SFF_v002_MASTER, ViewLayer | Synchronizing object | Carrier05_EMI_spring_1_3
Fra:22 Mem:297.19M (Peak 297.19M) | Time:00:00.28 | Mem:0.00M, Peak:0.00M | C6420_4N_24SFF_v002_MASTER, ViewLayer | Synchronizing object | Carrier05_EMI_spring_1_4
Fra:22 Mem:297.14M (Peak 297.19M) | Time:00:00.28 | Mem:0.00M, Peak:0.00M | C6420_4N_24SFF_v002_MASTER, ViewLayer | Synchronizing object | Carrier05_EMI_spring_1_6
Fra:22 Mem:297.15M (Peak 297.19M) | Time:00:00.28 | Mem:0.00M, Peak:0.00M | C6420_4N_24SFF_v002_MASTER, ViewLayer | Synchronizing object | Carrier05_EMI_spring_1_8
Fra:22 Mem:297.16M (Peak 297.19M) | Time:00:00.28 | Mem:0.00M, Peak:0.00M | C6420_4N_24SFF_v002_MASTER, ViewLayer | Synchronizing object | Carrier20_EMI_spring_-1_3
Fra:22 Mem:297.21M (Peak 297.21M) | Time:00:00.28 | Mem:0.00M, Peak:0.00M | C6420_4N_24SFF_v002_MASTER, ViewLayer | Synchronizing object | Carrier06_hinge_return_spring
Fra:22 Mem:297.32M (Peak 297.32M) | Time:00:00.28 | Mem:0.00M, Peak:0.00M | C6420_4N_24SFF_v002_MASTER, ViewLayer | Synchronizing object | Carrier20_EMI_spring_-1_2
Fra:22 Mem:297.38M (Peak 297.38M) | Time:00:00.28 | Mem:0.00M, Peak:0.00M | C6420_4N_24SFF_v002_MASTER, ViewLayer | Synchronizing object | Carrier06_activity_symbol
Fra:22 Mem:297.42M (Peak 297.42M) | Time:00:00.28 | Mem:0.00M, Peak:0.00M | C6420_4N_24SFF_v002_MASTER, ViewLayer | Synchronizing object | Carrier06_EMI_spring_-1_1
Fra:22 Mem:297.94M (Peak 297.94M) | Time:00:00.28 | Mem:0.00M, Peak:0.00M | C6420_4N_24SFF_v002_MASTER, ViewLayer | Synchronizing object | Carrier06_EMI_spring_-1_2
Fra:22 Mem:297.94M (Peak 297.94M) | Time:00:00.28 | Mem:0.00M, Peak:0.00M | C6420_4N_24SFF_v002_MASTER, ViewLayer | Synchronizing object | Carrier20_EMI_spring_-1_1
Fra:22 Mem:297.99M (Peak 297.99M) | Time:00:00.28 | Mem:0.00M, Peak:0.00M | C6420_4N_24SFF_v002_MASTER, ViewLayer | Synchronizing object | Carrier20_EMI_spring_-1_0
Fra:22 Mem:297.99M (Peak 297.99M) | Time:00:00.28 | Mem:0.00M, Peak:0.00M | C6420_4N_24SFF_v002_MASTER, ViewLayer | Synchronizing object | Carrier06_EMI_spring_-1_3
Fra:22 Mem:297.94M (Peak 297.99M) | Time:00:00.28 | Mem:0.00M, Peak:0.00M | C6420_4N_24SFF_v002_MASTER, ViewLayer | Synchronizing object | Carrier20_activity_symbol
Fra:22 Mem:297.99M (Peak 297.99M) | Time:00:00.28 | Mem:0.00M, Peak:0.00M | C6420_4N_24SFF_v002_MASTER, ViewLayer | Synchronizing object | Carrier06_EMI_spring_-1_4
Fra:22 Mem:297.98M (Peak 297.99M) | Time:00:00.28 | Mem:0.00M, Peak:0.00M | C6420_4N_24SFF_v002_MASTER, ViewLayer | Synchronizing object | Carrier06_EMI_spring_-1_5
Fra:22 Mem:297.98M (Peak 297.99M) | Time:00:00.28 | Mem:0.00M, Peak:0.00M | C6420_4N_24SFF_v002_MASTER, ViewLayer | Synchronizing object | Carrier06_EMI_spring_-1_6
Fra:22 Mem:298.02M (Peak 298.02M) | Time:00:00.28 | Mem:0.00M, Peak:0.00M | C6420_4N_24SFF_v002_MASTER, ViewLayer | Synchronizing object | Carrier06_EMI_spring_-1_8
Fra:22 Mem:298.02M (Peak 298.02M) | Time:00:00.28 | Mem:0.00M, Peak:0.00M | C6420_4N_24SFF_v002_MASTER, ViewLayer | Synchronizing object | Carrier06_EMI_spring_1_0
Fra:22 Mem:297.91M (Peak 298.02M) | Time:00:00.28 | Mem:0.00M, Peak:0.00M | C6420_4N_24SFF_v002_MASTER, ViewLayer | Synchronizing object | Carrier20_hinge_return_spring
Fra:22 Mem:298.00M (Peak 298.02M) | Time:00:00.28 | Mem:0.00M, Peak:0.00M | C6420_4N_24SFF_v002_MASTER, ViewLayer | Synchronizing object | Carrier06_EMI_spring_1_1
Fra:22 Mem:298.02M (Peak 298.02M) | Time:00:00.28 | Mem:0.00M, Peak:0.00M | C6420_4N_24SFF_v002_MASTER, ViewLayer | Synchronizing object | Carrier06_EMI_spring_1_2
Fra:22 Mem:298.11M (Peak 298.11M) | Time:00:00.28 | Mem:0.00M, Peak:0.00M | C6420_4N_24SFF_v002_MASTER, ViewLayer | Synchronizing object | Carrier06_EMI_spring_1_3
Fra:22 Mem:298.04M (Peak 298.11M) | Time:00:00.28 | Mem:0.00M, Peak:0.00M | C6420_4N_24SFF_v002_MASTER, ViewLayer | Synchronizing object | Carrier06_EMI_spring_1_4
Fra:22 Mem:298.05M (Peak 298.11M) | Time:00:00.28 | Mem:0.00M, Peak:0.00M | C6420_4N_24SFF_v002_MASTER, ViewLayer | Synchronizing object | Carrier06_EMI_spring_1_6
Fra:22 Mem:298.11M (Peak 298.11M) | Time:00:00.28 | Mem:0.00M, Peak:0.00M | C6420_4N_24SFF_v002_MASTER, ViewLayer | Synchronizing object | Carrier06_EMI_spring_1_7
Fra:22 Mem:298.71M (Peak 298.71M) | Time:00:00.28 | Mem:0.00M, Peak:0.00M | C6420_4N_24SFF_v002_MASTER, ViewLayer | Synchronizing object | Carrier06_EMI_spring_1_8
Fra:22 Mem:298.71M (Peak 298.71M) | Time:00:00.28 | Mem:0.00M, Peak:0.00M | C6420_4N_24SFF_v002_MASTER, ViewLayer | Synchronizing object | Carrier07_hinge_return_spring
Fra:22 Mem:298.75M (Peak 298.75M) | Time:00:00.28 | Mem:0.00M, Peak:0.00M | C6420_4N_24SFF_v002_MASTER, ViewLayer | Synchronizing object | Carrier07_activity_symbol
Fra:22 Mem:298.91M (Peak 298.91M) | Time:00:00.28 | Mem:0.00M, Peak:0.00M | C6420_4N_24SFF_v002_MASTER, ViewLayer | Synchronizing object | Carrier07_EMI_spring_-1_0
Fra:22 Mem:298.90M (Peak 298.91M) | Time:00:00.28 | Mem:0.00M, Peak:0.00M | C6420_4N_24SFF_v002_MASTER, ViewLayer | Synchronizing object | Carrier07_EMI_spring_-1_1
Fra:22 Mem:299.02M (Peak 299.02M) | Time:00:00.28 | Mem:0.00M, Peak:0.00M | C6420_4N_24SFF_v002_MASTER, ViewLayer | Synchronizing object | Carrier07_EMI_spring_-1_2
Fra:22 Mem:299.06M (Peak 299.06M) | Time:00:00.28 | Mem:0.00M, Peak:0.00M | C6420_4N_24SFF_v002_MASTER, ViewLayer | Synchronizing object | Carrier07_EMI_spring_-1_3
Fra:22 Mem:298.63M (Peak 299.06M) | Time:00:00.28 | Mem:0.00M, Peak:0.00M | C6420_4N_24SFF_v002_MASTER, ViewLayer | Synchronizing object | Carrier07_EMI_spring_-1_4
Fra:22 Mem:298.73M (Peak 299.06M) | Time:00:00.28 | Mem:0.00M, Peak:0.00M | C6420_4N_24SFF_v002_MASTER, ViewLayer | Synchronizing object | Carrier07_EMI_spring_-1_5
Fra:22 Mem:298.76M (Peak 299.06M) | Time:00:00.28 | Mem:0.00M, Peak:0.00M | C6420_4N_24SFF_v002_MASTER, ViewLayer | Synchronizing object | Carrier07_EMI_spring_-1_6
Fra:22 Mem:298.78M (Peak 299.06M) | Time:00:00.28 | Mem:0.00M, Peak:0.00M | C6420_4N_24SFF_v002_MASTER, ViewLayer | Synchronizing object | Carrier07_EMI_spring_-1_7
Fra:22 Mem:298.82M (Peak 299.06M) | Time:00:00.28 | Mem:0.00M, Peak:0.00M | C6420_4N_24SFF_v002_MASTER, ViewLayer | Synchronizing object | Carrier07_EMI_spring_-1_8
Fra:22 Mem:298.83M (Peak 299.06M) | Time:00:00.28 | Mem:0.00M, Peak:0.00M | C6420_4N_24SFF_v002_MASTER, ViewLayer | Synchronizing object | Carrier07_EMI_spring_1_0
Fra:22 Mem:298.80M (Peak 299.06M) | Time:00:00.28 | Mem:0.00M, Peak:0.00M | C6420_4N_24SFF_v002_MASTER, ViewLayer | Synchronizing object | Carrier07_EMI_spring_1_1
Fra:22 Mem:298.82M (Peak 299.06M) | Time:00:00.28 | Mem:0.00M, Peak:0.00M | C6420_4N_24SFF_v002_MASTER, ViewLayer | Synchronizing object | Carrier07_EMI_spring_1_2
Fra:22 Mem:299.43M (Peak 299.43M) | Time:00:00.28 | Mem:0.00M, Peak:0.00M | C6420_4N_24SFF_v002_MASTER, ViewLayer | Synchronizing object | Carrier07_EMI_spring_1_3
Fra:22 Mem:299.45M (Peak 299.45M) | Time:00:00.28 | Mem:0.00M, Peak:0.00M | C6420_4N_24SFF_v002_MASTER, ViewLayer | Synchronizing object | Carrier07_EMI_spring_1_4
Fra:22 Mem:299.46M (Peak 299.46M) | Time:00:00.28 | Mem:0.00M, Peak:0.00M | C6420_4N_24SFF_v002_MASTER, ViewLayer | Synchronizing object | Carrier07_EMI_spring_1_5
Fra:22 Mem:299.83M (Peak 299.83M) | Time:00:00.28 | Mem:0.00M, Peak:0.00M | C6420_4N_24SFF_v002_MASTER, ViewLayer | Synchronizing object | Carrier07_EMI_spring_1_6
Fra:22 Mem:299.84M (Peak 299.84M) | Time:00:00.28 | Mem:0.00M, Peak:0.00M | C6420_4N_24SFF_v002_MASTER, ViewLayer | Synchronizing object | Carrier07_EMI_spring_1_7
Fra:22 Mem:299.65M (Peak 299.84M) | Time:00:00.28 | Mem:0.00M, Peak:0.00M | C6420_4N_24SFF_v002_MASTER, ViewLayer | Synchronizing object | Carrier07_EMI_spring_1_8
Fra:22 Mem:299.64M (Peak 299.84M) | Time:00:00.28 | Mem:0.00M, Peak:0.00M | C6420_4N_24SFF_v002_MASTER, ViewLayer | Synchronizing object | Carrier08_activity_symbol
Fra:22 Mem:299.63M (Peak 299.84M) | Time:00:00.28 | Mem:0.00M, Peak:0.00M | C6420_4N_24SFF_v002_MASTER, ViewLayer | Synchronizing object | Carrier08_EMI_spring_-1_0
Fra:22 Mem:299.59M (Peak 299.84M) | Time:00:00.28 | Mem:0.00M, Peak:0.00M | C6420_4N_24SFF_v002_MASTER, ViewLayer | Synchronizing object | Carrier08_EMI_spring_-1_1
Fra:22 Mem:299.63M (Peak 299.84M) | Time:00:00.28 | Mem:0.00M, Peak:0.00M | C6420_4N_24SFF_v002_MASTER, ViewLayer | Synchronizing object | Carrier08_EMI_spring_-1_2
Fra:22 Mem:296.61M (Peak 299.84M) | Time:00:00.28 | Mem:0.00M, Peak:0.00M | C6420_4N_24SFF_v002_MASTER, ViewLayer | Synchronizing object | Carrier08_EMI_spring_-1_3
Fra:22 Mem:296.63M (Peak 299.84M) | Time:00:00.28 | Mem:0.00M, Peak:0.00M | C6420_4N_24SFF_v002_MASTER, ViewLayer | Synchronizing object | Carrier08_EMI_spring_-1_4
Fra:22 Mem:296.68M (Peak 299.84M) | Time:00:00.29 | Mem:0.00M, Peak:0.00M | C6420_4N_24SFF_v002_MASTER, ViewLayer | Synchronizing object | Carrier19_EMI_spring_1_8
Fra:22 Mem:297.05M (Peak 299.84M) | Time:00:00.29 | Mem:0.00M, Peak:0.00M | C6420_4N_24SFF_v002_MASTER, ViewLayer | Synchronizing object | Carrier19_EMI_spring_1_7
Fra:22 Mem:296.91M (Peak 299.84M) | Time:00:00.29 | Mem:0.00M, Peak:0.00M | C6420_4N_24SFF_v002_MASTER, ViewLayer | Synchronizing object | Carrier08_EMI_spring_-1_5
Fra:22 Mem:296.93M (Peak 299.84M) | Time:00:00.29 | Mem:0.00M, Peak:0.00M | C6420_4N_24SFF_v002_MASTER, ViewLayer | Synchronizing object | Carrier19_EMI_spring_1_6
Fra:22 Mem:297.04M (Peak 299.84M) | Time:00:00.29 | Mem:0.00M, Peak:0.00M | C6420_4N_24SFF_v002_MASTER, ViewLayer | Synchronizing object | Carrier08_EMI_spring_-1_6
Fra:22 Mem:295.44M (Peak 299.84M) | Time:00:00.29 | Mem:0.00M, Peak:0.00M | C6420_4N_24SFF_v002_MASTER, ViewLayer | Synchronizing object | Carrier08_EMI_spring_-1_7
Fra:22 Mem:296.75M (Peak 299.84M) | Time:00:00.29 | Mem:0.00M, Peak:0.00M | C6420_4N_24SFF_v002_MASTER, ViewLayer | Synchronizing object | Carrier08_EMI_spring_-1_8
Fra:22 Mem:296.75M (Peak 299.84M) | Time:00:00.29 | Mem:0.00M, Peak:0.00M | C6420_4N_24SFF_v002_MASTER, ViewLayer | Synchronizing object | Carrier08_EMI_spring_1_0
Fra:22 Mem:296.77M (Peak 299.84M) | Time:00:00.29 | Mem:0.00M, Peak:0.00M | C6420_4N_24SFF_v002_MASTER, ViewLayer | Synchronizing object | Carrier19_EMI_spring_1_5
Fra:22 Mem:296.76M (Peak 299.84M) | Time:00:00.29 | Mem:0.00M, Peak:0.00M | C6420_4N_24SFF_v002_MASTER, ViewLayer | Synchronizing object | Carrier19_EMI_spring_1_4
Fra:22 Mem:296.77M (Peak 299.84M) | Time:00:00.29 | Mem:0.00M, Peak:0.00M | C6420_4N_24SFF_v002_MASTER, ViewLayer | Synchronizing object | Carrier08_EMI_spring_1_1
Fra:22 Mem:296.77M (Peak 299.84M) | Time:00:00.29 | Mem:0.00M, Peak:0.00M | C6420_4N_24SFF_v002_MASTER, ViewLayer | Synchronizing object | Carrier19_EMI_spring_1_3
Fra:22 Mem:296.66M (Peak 299.84M) | Time:00:00.29 | Mem:0.00M, Peak:0.00M | C6420_4N_24SFF_v002_MASTER, ViewLayer | Synchronizing object | Carrier08_EMI_spring_1_3
Fra:22 Mem:298.46M (Peak 299.84M) | Time:00:00.29 | Mem:0.00M, Peak:0.00M | C6420_4N_24SFF_v002_MASTER, ViewLayer | Synchronizing object | Carrier08_EMI_spring_1_4
Fra:22 Mem:298.42M (Peak 299.84M) | Time:00:00.29 | Mem:0.00M, Peak:0.00M | C6420_4N_24SFF_v002_MASTER, ViewLayer | Synchronizing object | Carrier08_EMI_spring_1_5
Fra:22 Mem:298.45M (Peak 299.84M) | Time:00:00.29 | Mem:0.00M, Peak:0.00M | C6420_4N_24SFF_v002_MASTER, ViewLayer | Synchronizing object | Carrier08_EMI_spring_1_6
Fra:22 Mem:298.46M (Peak 299.84M) | Time:00:00.29 | Mem:0.00M, Peak:0.00M | C6420_4N_24SFF_v002_MASTER, ViewLayer | Synchronizing object | Carrier19_EMI_spring_1_2
Fra:22 Mem:298.46M (Peak 299.84M) | Time:00:00.29 | Mem:0.00M, Peak:0.00M | C6420_4N_24SFF_v002_MASTER, ViewLayer | Synchronizing object | Carrier08_EMI_spring_1_7
Fra:22 Mem:300.57M (Peak 300.57M) | Time:00:00.29 | Mem:0.00M, Peak:0.00M | C6420_4N_24SFF_v002_MASTER, ViewLayer | Synchronizing object | Carrier08_EMI_spring_1_8
Fra:22 Mem:301.07M (Peak 301.07M) | Time:00:00.29 | Mem:0.00M, Peak:0.00M | C6420_4N_24SFF_v002_MASTER, ViewLayer | Synchronizing object | Carrier09_hinge_return_spring
Fra:22 Mem:301.09M (Peak 301.09M) | Time:00:00.29 | Mem:0.00M, Peak:0.00M | C6420_4N_24SFF_v002_MASTER, ViewLayer | Synchronizing object | Carrier09_activity_symbol
Fra:22 Mem:301.14M (Peak 301.14M) | Time:00:00.29 | Mem:0.00M, Peak:0.00M | C6420_4N_24SFF_v002_MASTER, ViewLayer | Synchronizing object | Carrier09_EMI_spring_-1_0
Fra:22 Mem:301.14M (Peak 301.14M) | Time:00:00.29 | Mem:0.00M, Peak:0.00M | C6420_4N_24SFF_v002_MASTER, ViewLayer | Synchronizing object | Carrier19_EMI_spring_1_1
Fra:22 Mem:301.61M (Peak 301.61M) | Time:00:00.29 | Mem:0.00M, Peak:0.00M | C6420_4N_24SFF_v002_MASTER, ViewLayer | Synchronizing object | Carrier09_EMI_spring_-1_2
Fra:22 Mem:301.53M (Peak 301.61M) | Time:00:00.29 | Mem:0.00M, Peak:0.00M | C6420_4N_24SFF_v002_MASTER, ViewLayer | Synchronizing object | Carrier09_EMI_spring_-1_3
Fra:22 Mem:301.56M (Peak 301.61M) | Time:00:00.29 | Mem:0.00M, Peak:0.00M | C6420_4N_24SFF_v002_MASTER, ViewLayer | Synchronizing object | Carrier09_EMI_spring_-1_4
Fra:22 Mem:301.56M (Peak 301.61M) | Time:00:00.29 | Mem:0.00M, Peak:0.00M | C6420_4N_24SFF_v002_MASTER, ViewLayer | Synchronizing object | Carrier09_EMI_spring_-1_5
Fra:22 Mem:301.57M (Peak 301.61M) | Time:00:00.29 | Mem:0.00M, Peak:0.00M | C6420_4N_24SFF_v002_MASTER, ViewLayer | Synchronizing object | Carrier19_EMI_spring_1_0
Fra:22 Mem:302.08M (Peak 302.08M) | Time:00:00.29 | Mem:0.00M, Peak:0.00M | C6420_4N_24SFF_v002_MASTER, ViewLayer | Synchronizing object | Carrier09_EMI_spring_-1_7
Fra:22 Mem:302.09M (Peak 302.09M) | Time:00:00.29 | Mem:0.00M, Peak:0.00M | C6420_4N_24SFF_v002_MASTER, ViewLayer | Synchronizing object | Carrier09_EMI_spring_-1_8
Fra:22 Mem:302.10M (Peak 302.10M) | Time:00:00.29 | Mem:0.00M, Peak:0.00M | C6420_4N_24SFF_v002_MASTER, ViewLayer | Synchronizing object | Carrier19_EMI_spring_-1_8
Fra:22 Mem:302.10M (Peak 302.10M) | Time:00:00.29 | Mem:0.00M, Peak:0.00M | C6420_4N_24SFF_v002_MASTER, ViewLayer | Synchronizing object | Carrier09_EMI_spring_1_1
Fra:22 Mem:302.16M (Peak 302.17M) | Time:00:00.29 | Mem:0.00M, Peak:0.00M | C6420_4N_24SFF_v002_MASTER, ViewLayer | Synchronizing object | Carrier09_EMI_spring_1_2
Fra:22 Mem:302.18M (Peak 302.18M) | Time:00:00.29 | Mem:0.00M, Peak:0.00M | C6420_4N_24SFF_v002_MASTER, ViewLayer | Synchronizing object | Carrier09_EMI_spring_1_3
Fra:22 Mem:302.19M (Peak 302.19M) | Time:00:00.29 | Mem:0.00M, Peak:0.00M | C6420_4N_24SFF_v002_MASTER, ViewLayer | Synchronizing object | Carrier09_EMI_spring_1_4
Fra:22 Mem:302.21M (Peak 302.21M) | Time:00:00.29 | Mem:0.00M, Peak:0.00M | C6420_4N_24SFF_v002_MASTER, ViewLayer | Synchronizing object | Carrier19_EMI_spring_-1_7
Fra:22 Mem:302.21M (Peak 302.21M) | Time:00:00.29 | Mem:0.00M, Peak:0.00M | C6420_4N_24SFF_v002_MASTER, ViewLayer | Synchronizing object | Carrier09_EMI_spring_1_5
Fra:22 Mem:302.23M (Peak 302.23M) | Time:00:00.29 | Mem:0.00M, Peak:0.00M | C6420_4N_24SFF_v002_MASTER, ViewLayer | Synchronizing object | Carrier09_EMI_spring_1_6
Fra:22 Mem:302.26M (Peak 302.26M) | Time:00:00.29 | Mem:0.00M, Peak:0.00M | C6420_4N_24SFF_v002_MASTER, ViewLayer | Synchronizing object | Carrier09_EMI_spring_1_7
Fra:22 Mem:302.25M (Peak 302.26M) | Time:00:00.29 | Mem:0.00M, Peak:0.00M | C6420_4N_24SFF_v002_MASTER, ViewLayer | Synchronizing object | Carrier09_EMI_spring_1_8
Fra:22 Mem:302.25M (Peak 302.26M) | Time:00:00.29 | Mem:0.00M, Peak:0.00M | C6420_4N_24SFF_v002_MASTER, ViewLayer | Synchronizing object | Carrier10_hinge_return_spring
Fra:22 Mem:302.21M (Peak 302.26M) | Time:00:00.29 | Mem:0.00M, Peak:0.00M | C6420_4N_24SFF_v002_MASTER, ViewLayer | Synchronizing object | Carrier19_EMI_spring_-1_6
Fra:22 Mem:302.20M (Peak 302.26M) | Time:00:00.29 | Mem:0.00M, Peak:0.00M | C6420_4N_24SFF_v002_MASTER, ViewLayer | Synchronizing object | Carrier10_activity_symbol
Fra:22 Mem:302.23M (Peak 302.26M) | Time:00:00.29 | Mem:0.00M, Peak:0.00M | C6420_4N_24SFF_v002_MASTER, ViewLayer | Synchronizing object | Carrier10_EMI_spring_-1_0
Fra:22 Mem:302.34M (Peak 302.34M) | Time:00:00.29 | Mem:0.00M, Peak:0.00M | C6420_4N_24SFF_v002_MASTER, ViewLayer | Synchronizing object | Carrier10_EMI_spring_-1_1
Fra:22 Mem:302.37M (Peak 302.37M) | Time:00:00.29 | Mem:0.00M, Peak:0.00M | C6420_4N_24SFF_v002_MASTER, ViewLayer | Synchronizing object | Carrier10_EMI_spring_-1_2
Fra:22 Mem:302.41M (Peak 302.41M) | Time:00:00.29 | Mem:0.00M, Peak:0.00M | C6420_4N_24SFF_v002_MASTER, ViewLayer | Synchronizing object | Carrier19_EMI_spring_-1_5
Fra:22 Mem:302.46M (Peak 302.46M) | Time:00:00.29 | Mem:0.00M, Peak:0.00M | C6420_4N_24SFF_v002_MASTER, ViewLayer | Synchronizing object | Carrier10_EMI_spring_-1_4
Fra:22 Mem:302.62M (Peak 302.62M) | Time:00:00.29 | Mem:0.00M, Peak:0.00M | C6420_4N_24SFF_v002_MASTER, ViewLayer | Synchronizing object | Carrier10_EMI_spring_-1_5
Fra:22 Mem:302.59M (Peak 302.62M) | Time:00:00.29 | Mem:0.00M, Peak:0.00M | C6420_4N_24SFF_v002_MASTER, ViewLayer | Synchronizing object | Carrier10_EMI_spring_-1_7
Fra:22 Mem:302.60M (Peak 302.62M) | Time:00:00.29 | Mem:0.00M, Peak:0.00M | C6420_4N_24SFF_v002_MASTER, ViewLayer | Synchronizing object | Carrier19_EMI_spring_-1_4
Fra:22 Mem:302.62M (Peak 302.62M) | Time:00:00.29 | Mem:0.00M, Peak:0.00M | C6420_4N_24SFF_v002_MASTER, ViewLayer | Synchronizing object | Carrier10_EMI_spring_-1_8
Fra:22 Mem:302.63M (Peak 302.63M) | Time:00:00.29 | Mem:0.00M, Peak:0.00M | C6420_4N_24SFF_v002_MASTER, ViewLayer | Synchronizing object | Carrier10_EMI_spring_1_0
Fra:22 Mem:302.63M (Peak 302.63M) | Time:00:00.29 | Mem:0.00M, Peak:0.00M | C6420_4N_24SFF_v002_MASTER, ViewLayer | Synchronizing object | Carrier10_EMI_spring_1_1
Fra:22 Mem:302.64M (Peak 302.64M) | Time:00:00.29 | Mem:0.00M, Peak:0.00M | C6420_4N_24SFF_v002_MASTER, ViewLayer | Synchronizing object | Carrier10_EMI_spring_1_2
Fra:22 Mem:302.66M (Peak 302.66M) | Time:00:00.29 | Mem:0.00M, Peak:0.00M | C6420_4N_24SFF_v002_MASTER, ViewLayer | Synchronizing object | Carrier10_EMI_spring_1_4
Fra:22 Mem:302.72M (Peak 302.72M) | Time:00:00.29 | Mem:0.00M, Peak:0.00M | C6420_4N_24SFF_v002_MASTER, ViewLayer | Synchronizing object | Carrier10_EMI_spring_1_5
Fra:22 Mem:302.72M (Peak 302.72M) | Time:00:00.29 | Mem:0.00M, Peak:0.00M | C6420_4N_24SFF_v002_MASTER, ViewLayer | Synchronizing object | Carrier10_EMI_spring_1_6
Fra:22 Mem:302.72M (Peak 302.72M) | Time:00:00.29 | Mem:0.00M, Peak:0.00M | C6420_4N_24SFF_v002_MASTER, ViewLayer | Synchronizing object | Carrier19_EMI_spring_-1_2
Fra:22 Mem:302.75M (Peak 302.75M) | Time:00:00.29 | Mem:0.00M, Peak:0.00M | C6420_4N_24SFF_v002_MASTER, ViewLayer | Synchronizing object | Carrier10_EMI_spring_1_7
Fra:22 Mem:302.77M (Peak 302.77M) | Time:00:00.29 | Mem:0.00M, Peak:0.00M | C6420_4N_24SFF_v002_MASTER, ViewLayer | Synchronizing object | Carrier10_EMI_spring_1_8
Fra:22 Mem:302.77M (Peak 302.77M) | Time:00:00.29 | Mem:0.00M, Peak:0.00M | C6420_4N_24SFF_v002_MASTER, ViewLayer | Synchronizing object | Carrier11_hinge_return_spring
Fra:22 Mem:302.82M (Peak 302.83M) | Time:00:00.29 | Mem:0.00M, Peak:0.00M | C6420_4N_24SFF_v002_MASTER, ViewLayer | Synchronizing object | Carrier11_activity_symbol
Fra:22 Mem:302.91M (Peak 302.91M) | Time:00:00.29 | Mem:0.00M, Peak:0.00M | C6420_4N_24SFF_v002_MASTER, ViewLayer | Synchronizing object | Carrier19_EMI_spring_-1_1
Fra:22 Mem:302.92M (Peak 302.92M) | Time:00:00.29 | Mem:0.00M, Peak:0.00M | C6420_4N_24SFF_v002_MASTER, ViewLayer | Synchronizing object | Carrier11_EMI_spring_-1_0
Fra:22 Mem:302.95M (Peak 302.95M) | Time:00:00.29 | Mem:0.00M, Peak:0.00M | C6420_4N_24SFF_v002_MASTER, ViewLayer | Synchronizing object | Carrier11_EMI_spring_-1_1
Fra:22 Mem:303.07M (Peak 303.07M) | Time:00:00.29 | Mem:0.00M, Peak:0.00M | C6420_4N_24SFF_v002_MASTER, ViewLayer | Synchronizing object | Carrier11_EMI_spring_-1_2
Fra:22 Mem:304.18M (Peak 304.18M) | Time:00:00.29 | Mem:0.00M, Peak:0.00M | C6420_4N_24SFF_v002_MASTER, ViewLayer | Synchronizing object | Carrier11_EMI_spring_-1_3
Fra:22 Mem:305.22M (Peak 305.22M) | Time:00:00.29 | Mem:0.00M, Peak:0.00M | C6420_4N_24SFF_v002_MASTER, ViewLayer | Synchronizing object | Carrier19_EMI_spring_-1_0
Fra:22 Mem:305.23M (Peak 305.23M) | Time:00:00.29 | Mem:0.00M, Peak:0.00M | C6420_4N_24SFF_v002_MASTER, ViewLayer | Synchronizing object | Carrier11_EMI_spring_-1_4
Fra:22 Mem:305.15M (Peak 305.23M) | Time:00:00.29 | Mem:0.00M, Peak:0.00M | C6420_4N_24SFF_v002_MASTER, ViewLayer | Synchronizing object | Carrier11_EMI_spring_-1_5
Fra:22 Mem:305.15M (Peak 305.23M) | Time:00:00.29 | Mem:0.00M, Peak:0.00M | C6420_4N_24SFF_v002_MASTER, ViewLayer | Synchronizing object | Carrier11_EMI_spring_-1_6
Fra:22 Mem:305.15M (Peak 305.23M) | Time:00:00.29 | Mem:0.00M, Peak:0.00M | C6420_4N_24SFF_v002_MASTER, ViewLayer | Synchronizing object | Carrier11_EMI_spring_-1_7
Fra:22 Mem:305.15M (Peak 305.23M) | Time:00:00.29 | Mem:0.00M, Peak:0.00M | C6420_4N_24SFF_v002_MASTER, ViewLayer | Synchronizing object | Carrier19_activity_symbol
Fra:22 Mem:305.17M (Peak 305.23M) | Time:00:00.29 | Mem:0.00M, Peak:0.00M | C6420_4N_24SFF_v002_MASTER, ViewLayer | Synchronizing object | Carrier11_EMI_spring_-1_8
Fra:22 Mem:305.14M (Peak 305.23M) | Time:00:00.29 | Mem:0.00M, Peak:0.00M | C6420_4N_24SFF_v002_MASTER, ViewLayer | Synchronizing object | Carrier11_EMI_spring_1_0
Fra:22 Mem:305.13M (Peak 305.23M) | Time:00:00.29 | Mem:0.00M, Peak:0.00M | C6420_4N_24SFF_v002_MASTER, ViewLayer | Synchronizing object | Carrier11_EMI_spring_1_2
Fra:22 Mem:305.16M (Peak 305.23M) | Time:00:00.29 | Mem:0.00M, Peak:0.00M | C6420_4N_24SFF_v002_MASTER, ViewLayer | Synchronizing object | Carrier19_hinge_return_spring
Fra:22 Mem:305.71M (Peak 305.71M) | Time:00:00.29 | Mem:0.00M, Peak:0.00M | C6420_4N_24SFF_v002_MASTER, ViewLayer | Synchronizing object | Carrier11_EMI_spring_1_3
Fra:22 Mem:305.89M (Peak 305.89M) | Time:00:00.29 | Mem:0.00M, Peak:0.00M | C6420_4N_24SFF_v002_MASTER, ViewLayer | Synchronizing object | Carrier11_EMI_spring_1_4
Fra:22 Mem:305.91M (Peak 305.91M) | Time:00:00.29 | Mem:0.00M, Peak:0.00M | C6420_4N_24SFF_v002_MASTER, ViewLayer | Synchronizing object | Carrier11_EMI_spring_1_5
Fra:22 Mem:306.02M (Peak 306.02M) | Time:00:00.29 | Mem:0.00M, Peak:0.00M | C6420_4N_24SFF_v002_MASTER, ViewLayer | Synchronizing object | Carrier11_EMI_spring_1_7
Fra:22 Mem:306.10M (Peak 306.10M) | Time:00:00.29 | Mem:0.00M, Peak:0.00M | C6420_4N_24SFF_v002_MASTER, ViewLayer | Synchronizing object | Carrier11_EMI_spring_1_8
Fra:22 Mem:306.09M (Peak 306.10M) | Time:00:00.29 | Mem:0.00M, Peak:0.00M | C6420_4N_24SFF_v002_MASTER, ViewLayer | Synchronizing object | Carrier12_hinge_return_spring
Fra:22 Mem:306.08M (Peak 306.10M) | Time:00:00.29 | Mem:0.00M, Peak:0.00M | C6420_4N_24SFF_v002_MASTER, ViewLayer | Synchronizing object | Carrier12_EMI_spring_-1_0
Fra:22 Mem:306.07M (Peak 306.10M) | Time:00:00.29 | Mem:0.00M, Peak:0.00M | C6420_4N_24SFF_v002_MASTER, ViewLayer | Synchronizing object | Carrier12_EMI_spring_-1_1
Fra:22 Mem:306.02M (Peak 306.10M) | Time:00:00.29 | Mem:0.00M, Peak:0.00M | C6420_4N_24SFF_v002_MASTER, ViewLayer | Synchronizing object | Carrier12_EMI_spring_-1_2
Fra:22 Mem:306.08M (Peak 306.10M) | Time:00:00.29 | Mem:0.00M, Peak:0.00M | C6420_4N_24SFF_v002_MASTER, ViewLayer | Synchronizing object | Carrier12_EMI_spring_-1_4
Fra:22 Mem:306.12M (Peak 306.12M) | Time:00:00.29 | Mem:0.00M, Peak:0.00M | C6420_4N_24SFF_v002_MASTER, ViewLayer | Synchronizing object | Carrier12_EMI_spring_-1_5
Fra:22 Mem:306.17M (Peak 306.17M) | Time:00:00.29 | Mem:0.00M, Peak:0.00M | C6420_4N_24SFF_v002_MASTER, ViewLayer | Synchronizing object | Carrier12_EMI_spring_-1_6
Fra:22 Mem:306.22M (Peak 306.22M) | Time:00:00.29 | Mem:0.00M, Peak:0.00M | C6420_4N_24SFF_v002_MASTER, ViewLayer | Synchronizing object | Carrier12_EMI_spring_-1_7
Fra:22 Mem:306.26M (Peak 306.26M) | Time:00:00.29 | Mem:0.00M, Peak:0.00M | C6420_4N_24SFF_v002_MASTER, ViewLayer | Synchronizing object | Carrier12_EMI_spring_-1_8
Fra:22 Mem:306.33M (Peak 306.33M) | Time:00:00.29 | Mem:0.00M, Peak:0.00M | C6420_4N_24SFF_v002_MASTER, ViewLayer | Synchronizing object | Carrier12_EMI_spring_1_0
Fra:22 Mem:306.32M (Peak 306.33M) | Time:00:00.29 | Mem:0.00M, Peak:0.00M | C6420_4N_24SFF_v002_MASTER, ViewLayer | Synchronizing object | Carrier12_EMI_spring_1_1
Fra:22 Mem:308.45M (Peak 308.45M) | Time:00:00.29 | Mem:0.00M, Peak:0.00M | C6420_4N_24SFF_v002_MASTER, ViewLayer | Synchronizing object | Carrier12_EMI_spring_1_2
Fra:22 Mem:308.37M (Peak 308.45M) | Time:00:00.29 | Mem:0.00M, Peak:0.00M | C6420_4N_24SFF_v002_MASTER, ViewLayer | Synchronizing object | Carrier12_EMI_spring_1_3
Fra:22 Mem:308.40M (Peak 308.45M) | Time:00:00.29 | Mem:0.00M, Peak:0.00M | C6420_4N_24SFF_v002_MASTER, ViewLayer | Synchronizing object | Carrier12_EMI_spring_1_4
Fra:22 Mem:308.36M (Peak 308.45M) | Time:00:00.29 | Mem:0.00M, Peak:0.00M | C6420_4N_24SFF_v002_MASTER, ViewLayer | Synchronizing object | Carrier12_EMI_spring_1_6
Fra:22 Mem:308.39M (Peak 308.45M) | Time:00:00.29 | Mem:0.00M, Peak:0.00M | C6420_4N_24SFF_v002_MASTER, ViewLayer | Synchronizing object | Carrier12_EMI_spring_1_7
Fra:22 Mem:308.43M (Peak 308.45M) | Time:00:00.29 | Mem:0.00M, Peak:0.00M | C6420_4N_24SFF_v002_MASTER, ViewLayer | Synchronizing object | Carrier12_EMI_spring_1_8
Fra:22 Mem:308.44M (Peak 308.45M) | Time:00:00.29 | Mem:0.00M, Peak:0.00M | C6420_4N_24SFF_v002_MASTER, ViewLayer | Synchronizing object | Carrier13_hinge_return_spring
Fra:22 Mem:308.42M (Peak 308.45M) | Time:00:00.29 | Mem:0.00M, Peak:0.00M | C6420_4N_24SFF_v002_MASTER, ViewLayer | Synchronizing object | Carrier13_EMI_spring_-1_0
Fra:22 Mem:308.43M (Peak 308.45M) | Time:00:00.29 | Mem:0.00M, Peak:0.00M | C6420_4N_24SFF_v002_MASTER, ViewLayer | Synchronizing object | Carrier13_EMI_spring_-1_1
Fra:22 Mem:308.53M (Peak 310.64M) | Time:00:00.29 | Mem:0.00M, Peak:0.00M | C6420_4N_24SFF_v002_MASTER, ViewLayer | Synchronizing object | Carrier13_EMI_spring_-1_2
Fra:22 Mem:310.65M (Peak 310.65M) | Time:00:00.29 | Mem:0.00M, Peak:0.00M | C6420_4N_24SFF_v002_MASTER, ViewLayer | Synchronizing object | Carrier13_EMI_spring_-1_3
Fra:22 Mem:310.67M (Peak 310.67M) | Time:00:00.29 | Mem:0.00M, Peak:0.00M | C6420_4N_24SFF_v002_MASTER, ViewLayer | Synchronizing object | Carrier13_EMI_spring_-1_4
Fra:22 Mem:310.65M (Peak 310.67M) | Time:00:00.29 | Mem:0.00M, Peak:0.00M | C6420_4N_24SFF_v002_MASTER, ViewLayer | Synchronizing object | Carrier13_EMI_spring_-1_5
Fra:22 Mem:310.67M (Peak 310.67M) | Time:00:00.29 | Mem:0.00M, Peak:0.00M | C6420_4N_24SFF_v002_MASTER, ViewLayer | Synchronizing object | Carrier13_EMI_spring_-1_6
Fra:22 Mem:310.68M (Peak 310.68M) | Time:00:00.29 | Mem:0.00M, Peak:0.00M | C6420_4N_24SFF_v002_MASTER, ViewLayer | Synchronizing object | Carrier13_EMI_spring_-1_7
Fra:22 Mem:310.72M (Peak 310.72M) | Time:00:00.29 | Mem:0.00M, Peak:0.00M | C6420_4N_24SFF_v002_MASTER, ViewLayer | Synchronizing object | Carrier13_EMI_spring_-1_8
Fra:22 Mem:310.71M (Peak 310.72M) | Time:00:00.29 | Mem:0.00M, Peak:0.00M | C6420_4N_24SFF_v002_MASTER, ViewLayer | Synchronizing object | Carrier13_EMI_spring_1_0
Fra:22 Mem:310.72M (Peak 310.72M) | Time:00:00.29 | Mem:0.00M, Peak:0.00M | C6420_4N_24SFF_v002_MASTER, ViewLayer | Synchronizing object | Carrier13_EMI_spring_1_1
Fra:22 Mem:310.77M (Peak 310.77M) | Time:00:00.29 | Mem:0.00M, Peak:0.00M | C6420_4N_24SFF_v002_MASTER, ViewLayer | Synchronizing object | Carrier13_EMI_spring_1_2
Fra:22 Mem:310.78M (Peak 310.78M) | Time:00:00.29 | Mem:0.00M, Peak:0.00M | C6420_4N_24SFF_v002_MASTER, ViewLayer | Synchronizing object | Carrier13_EMI_spring_1_3
Fra:22 Mem:310.81M (Peak 310.81M) | Time:00:00.29 | Mem:0.00M, Peak:0.00M | C6420_4N_24SFF_v002_MASTER, ViewLayer | Synchronizing object | Carrier13_EMI_spring_1_4
Fra:22 Mem:310.80M (Peak 310.81M) | Time:00:00.29 | Mem:0.00M, Peak:0.00M | C6420_4N_24SFF_v002_MASTER, ViewLayer | Synchronizing object | Carrier13_EMI_spring_1_5
Fra:22 Mem:310.81M (Peak 310.81M) | Time:00:00.29 | Mem:0.00M, Peak:0.00M | C6420_4N_24SFF_v002_MASTER, ViewLayer | Synchronizing object | Carrier13_EMI_spring_1_6
Fra:22 Mem:310.72M (Peak 310.81M) | Time:00:00.29 | Mem:0.00M, Peak:0.00M | C6420_4N_24SFF_v002_MASTER, ViewLayer | Synchronizing object | Carrier13_EMI_spring_1_7
Fra:22 Mem:310.75M (Peak 310.81M) | Time:00:00.29 | Mem:0.00M, Peak:0.00M | C6420_4N_24SFF_v002_MASTER, ViewLayer | Synchronizing object | Carrier13_EMI_spring_1_8
Fra:22 Mem:310.73M (Peak 310.81M) | Time:00:00.29 | Mem:0.00M, Peak:0.00M | C6420_4N_24SFF_v002_MASTER, ViewLayer | Synchronizing object | Carrier18_EMI_spring_1_8
Fra:22 Mem:310.71M (Peak 310.81M) | Time:00:00.29 | Mem:0.00M, Peak:0.00M | C6420_4N_24SFF_v002_MASTER, ViewLayer | Synchronizing object | Carrier14_hinge_return_spring
Fra:22 Mem:310.70M (Peak 310.81M) | Time:00:00.29 | Mem:0.00M, Peak:0.00M | C6420_4N_24SFF_v002_MASTER, ViewLayer | Synchronizing object | Carrier14_activity_symbol
Fra:22 Mem:310.78M (Peak 310.81M) | Time:00:00.29 | Mem:0.00M, Peak:0.00M | C6420_4N_24SFF_v002_MASTER, ViewLayer | Synchronizing object | Carrier14_EMI_spring_-1_0
Fra:22 Mem:310.79M (Peak 310.81M) | Time:00:00.29 | Mem:0.00M, Peak:0.00M | C6420_4N_24SFF_v002_MASTER, ViewLayer | Synchronizing object | Carrier14_EMI_spring_-1_2
Fra:22 Mem:310.80M (Peak 310.81M) | Time:00:00.29 | Mem:0.00M, Peak:0.00M | C6420_4N_24SFF_v002_MASTER, ViewLayer | Synchronizing object | Carrier14_EMI_spring_-1_4
Fra:22 Mem:310.81M (Peak 310.81M) | Time:00:00.29 | Mem:0.00M, Peak:0.00M | C6420_4N_24SFF_v002_MASTER, ViewLayer | Synchronizing object | Carrier18_EMI_spring_1_7
Fra:22 Mem:310.80M (Peak 310.81M) | Time:00:00.29 | Mem:0.00M, Peak:0.00M | C6420_4N_24SFF_v002_MASTER, ViewLayer | Synchronizing object | Carrier14_EMI_spring_-1_5
Fra:22 Mem:310.89M (Peak 310.89M) | Time:00:00.29 | Mem:0.00M, Peak:0.00M | C6420_4N_24SFF_v002_MASTER, ViewLayer | Synchronizing object | Carrier14_EMI_spring_-1_6
Fra:22 Mem:310.89M (Peak 310.89M) | Time:00:00.29 | Mem:0.00M, Peak:0.00M | C6420_4N_24SFF_v002_MASTER, ViewLayer | Synchronizing object | Carrier18_EMI_spring_1_6
Fra:22 Mem:310.89M (Peak 310.89M) | Time:00:00.29 | Mem:0.00M, Peak:0.00M | C6420_4N_24SFF_v002_MASTER, ViewLayer | Synchronizing object | Carrier14_EMI_spring_-1_7
Fra:22 Mem:310.95M (Peak 310.95M) | Time:00:00.29 | Mem:0.00M, Peak:0.00M | C6420_4N_24SFF_v002_MASTER, ViewLayer | Synchronizing object | Carrier14_EMI_spring_1_0
Fra:22 Mem:311.06M (Peak 311.06M) | Time:00:00.29 | Mem:0.00M, Peak:0.00M | C6420_4N_24SFF_v002_MASTER, ViewLayer | Synchronizing object | Carrier14_EMI_spring_1_1
Fra:22 Mem:311.17M (Peak 311.17M) | Time:00:00.29 | Mem:0.00M, Peak:0.00M | C6420_4N_24SFF_v002_MASTER, ViewLayer | Synchronizing object | Carrier14_EMI_spring_1_2
Fra:22 Mem:311.18M (Peak 311.18M) | Time:00:00.29 | Mem:0.00M, Peak:0.00M | C6420_4N_24SFF_v002_MASTER, ViewLayer | Synchronizing object | Carrier18_EMI_spring_1_5
Fra:22 Mem:311.19M (Peak 311.19M) | Time:00:00.29 | Mem:0.00M, Peak:0.00M | C6420_4N_24SFF_v002_MASTER, ViewLayer | Synchronizing object | Carrier14_EMI_spring_1_3
Fra:22 Mem:311.19M (Peak 311.19M) | Time:00:00.29 | Mem:0.00M, Peak:0.00M | C6420_4N_24SFF_v002_MASTER, ViewLayer | Synchronizing object | Carrier14_EMI_spring_1_4
Fra:22 Mem:311.20M (Peak 311.20M) | Time:00:00.29 | Mem:0.00M, Peak:0.00M | C6420_4N_24SFF_v002_MASTER, ViewLayer | Synchronizing object | Carrier14_EMI_spring_1_5
Fra:22 Mem:311.18M (Peak 311.20M) | Time:00:00.29 | Mem:0.00M, Peak:0.00M | C6420_4N_24SFF_v002_MASTER, ViewLayer | Synchronizing object | Carrier18_EMI_spring_1_4
Fra:22 Mem:311.19M (Peak 311.20M) | Time:00:00.29 | Mem:0.00M, Peak:0.00M | C6420_4N_24SFF_v002_MASTER, ViewLayer | Synchronizing object | Carrier14_EMI_spring_1_6
Fra:22 Mem:311.21M (Peak 311.21M) | Time:00:00.29 | Mem:0.00M, Peak:0.00M | C6420_4N_24SFF_v002_MASTER, ViewLayer | Synchronizing object | Carrier14_EMI_spring_1_7
Fra:22 Mem:311.23M (Peak 311.23M) | Time:00:00.29 | Mem:0.00M, Peak:0.00M | C6420_4N_24SFF_v002_MASTER, ViewLayer | Synchronizing object | Carrier14_EMI_spring_1_8
Fra:22 Mem:311.23M (Peak 311.23M) | Time:00:00.29 | Mem:0.00M, Peak:0.00M | C6420_4N_24SFF_v002_MASTER, ViewLayer | Synchronizing object | Carrier15_hinge_return_spring
Fra:22 Mem:311.24M (Peak 311.24M) | Time:00:00.29 | Mem:0.00M, Peak:0.00M | C6420_4N_24SFF_v002_MASTER, ViewLayer | Synchronizing object | Carrier15_activity_symbol
Fra:22 Mem:311.25M (Peak 311.25M) | Time:00:00.29 | Mem:0.00M, Peak:0.00M | C6420_4N_24SFF_v002_MASTER, ViewLayer | Synchronizing object | Carrier15_EMI_spring_-1_0
Fra:22 Mem:311.24M (Peak 311.25M) | Time:00:00.29 | Mem:0.00M, Peak:0.00M | C6420_4N_24SFF_v002_MASTER, ViewLayer | Synchronizing object | Carrier15_EMI_spring_-1_1
Fra:22 Mem:311.31M (Peak 311.31M) | Time:00:00.29 | Mem:0.00M, Peak:0.00M | C6420_4N_24SFF_v002_MASTER, ViewLayer | Synchronizing object | Carrier18_EMI_spring_1_2
Fra:22 Mem:311.35M (Peak 311.35M) | Time:00:00.29 | Mem:0.00M, Peak:0.00M | C6420_4N_24SFF_v002_MASTER, ViewLayer | Synchronizing object | Carrier15_EMI_spring_-1_2
Fra:22 Mem:311.47M (Peak 311.47M) | Time:00:00.29 | Mem:0.00M, Peak:0.00M | C6420_4N_24SFF_v002_MASTER, ViewLayer | Synchronizing object | Carrier18_EMI_spring_1_1
Fra:22 Mem:311.47M (Peak 311.47M) | Time:00:00.29 | Mem:0.00M, Peak:0.00M | C6420_4N_24SFF_v002_MASTER, ViewLayer | Synchronizing object | Carrier15_EMI_spring_-1_3
Fra:22 Mem:311.49M (Peak 311.49M) | Time:00:00.29 | Mem:0.00M, Peak:0.00M | C6420_4N_24SFF_v002_MASTER, ViewLayer | Synchronizing object | Carrier18_EMI_spring_1_0
Fra:22 Mem:311.97M (Peak 311.97M) | Time:00:00.29 | Mem:0.00M, Peak:0.00M | C6420_4N_24SFF_v002_MASTER, ViewLayer | Synchronizing object | Carrier15_EMI_spring_-1_4
Fra:22 Mem:311.99M (Peak 311.99M) | Time:00:00.29 | Mem:0.00M, Peak:0.00M | C6420_4N_24SFF_v002_MASTER, ViewLayer | Synchronizing object | Carrier18_EMI_spring_-1_8
Fra:22 Mem:312.01M (Peak 312.01M) | Time:00:00.29 | Mem:0.00M, Peak:0.00M | C6420_4N_24SFF_v002_MASTER, ViewLayer | Synchronizing object | Carrier15_EMI_spring_-1_5
Fra:22 Mem:312.14M (Peak 312.14M) | Time:00:00.29 | Mem:0.00M, Peak:0.00M | C6420_4N_24SFF_v002_MASTER, ViewLayer | Synchronizing object | Carrier18_EMI_spring_-1_7
Fra:22 Mem:312.14M (Peak 312.14M) | Time:00:00.29 | Mem:0.00M, Peak:0.00M | C6420_4N_24SFF_v002_MASTER, ViewLayer | Synchronizing object | Carrier15_EMI_spring_-1_6
Fra:22 Mem:312.16M (Peak 312.16M) | Time:00:00.29 | Mem:0.00M, Peak:0.00M | C6420_4N_24SFF_v002_MASTER, ViewLayer | Synchronizing object | Carrier18_EMI_spring_-1_6
Fra:22 Mem:312.16M (Peak 312.16M) | Time:00:00.29 | Mem:0.00M, Peak:0.00M | C6420_4N_24SFF_v002_MASTER, ViewLayer | Synchronizing object | Carrier15_EMI_spring_-1_7
Fra:22 Mem:312.07M (Peak 312.16M) | Time:00:00.29 | Mem:0.00M, Peak:0.00M | C6420_4N_24SFF_v002_MASTER, ViewLayer | Synchronizing object | Carrier15_EMI_spring_-1_8
Fra:22 Mem:312.06M (Peak 312.16M) | Time:00:00.29 | Mem:0.00M, Peak:0.00M | C6420_4N_24SFF_v002_MASTER, ViewLayer | Synchronizing object | Carrier18_EMI_spring_-1_5
Fra:22 Mem:312.07M (Peak 312.16M) | Time:00:00.29 | Mem:0.00M, Peak:0.00M | C6420_4N_24SFF_v002_MASTER, ViewLayer | Synchronizing object | Carrier15_EMI_spring_1_0
Fra:22 Mem:312.10M (Peak 312.16M) | Time:00:00.29 | Mem:0.00M, Peak:0.00M | C6420_4N_24SFF_v002_MASTER, ViewLayer | Synchronizing object | Carrier18_EMI_spring_-1_4
Fra:22 Mem:312.10M (Peak 312.16M) | Time:00:00.29 | Mem:0.00M, Peak:0.00M | C6420_4N_24SFF_v002_MASTER, ViewLayer | Synchronizing object | Carrier15_EMI_spring_1_1
Fra:22 Mem:312.11M (Peak 312.16M) | Time:00:00.29 | Mem:0.00M, Peak:0.00M | C6420_4N_24SFF_v002_MASTER, ViewLayer | Synchronizing object | Carrier15_EMI_spring_1_2
Fra:22 Mem:312.14M (Peak 312.16M) | Time:00:00.29 | Mem:0.00M, Peak:0.00M | C6420_4N_24SFF_v002_MASTER, ViewLayer | Synchronizing object | Carrier18_EMI_spring_-1_3
Fra:22 Mem:312.14M (Peak 312.16M) | Time:00:00.29 | Mem:0.00M, Peak:0.00M | C6420_4N_24SFF_v002_MASTER, ViewLayer | Synchronizing object | Carrier15_EMI_spring_1_3
Fra:22 Mem:312.14M (Peak 312.16M) | Time:00:00.29 | Mem:0.00M, Peak:0.00M | C6420_4N_24SFF_v002_MASTER, ViewLayer | Synchronizing object | Carrier15_EMI_spring_1_4
Fra:22 Mem:312.17M (Peak 312.17M) | Time:00:00.29 | Mem:0.00M, Peak:0.00M | C6420_4N_24SFF_v002_MASTER, ViewLayer | Synchronizing object | Carrier18_EMI_spring_-1_2
Fra:22 Mem:312.18M (Peak 312.18M) | Time:00:00.29 | Mem:0.00M, Peak:0.00M | C6420_4N_24SFF_v002_MASTER, ViewLayer | Synchronizing object | Carrier15_EMI_spring_1_5
Fra:22 Mem:312.18M (Peak 312.18M) | Time:00:00.29 | Mem:0.00M, Peak:0.00M | C6420_4N_24SFF_v002_MASTER, ViewLayer | Synchronizing object | Carrier15_EMI_spring_1_6
Fra:22 Mem:312.19M (Peak 312.19M) | Time:00:00.29 | Mem:0.00M, Peak:0.00M | C6420_4N_24SFF_v002_MASTER, ViewLayer | Synchronizing object | Carrier18_EMI_spring_-1_1
Fra:22 Mem:312.21M (Peak 312.21M) | Time:00:00.29 | Mem:0.00M, Peak:0.00M | C6420_4N_24SFF_v002_MASTER, ViewLayer | Synchronizing object | Carrier15_EMI_spring_1_7
Fra:22 Mem:312.22M (Peak 312.22M) | Time:00:00.29 | Mem:0.00M, Peak:0.00M | C6420_4N_24SFF_v002_MASTER, ViewLayer | Synchronizing object | Carrier15_EMI_spring_1_8
Fra:22 Mem:312.21M (Peak 312.22M) | Time:00:00.29 | Mem:0.00M, Peak:0.00M | C6420_4N_24SFF_v002_MASTER, ViewLayer | Synchronizing object | Carrier18_EMI_spring_-1_0
Fra:22 Mem:312.25M (Peak 312.25M) | Time:00:00.29 | Mem:0.00M, Peak:0.00M | C6420_4N_24SFF_v002_MASTER, ViewLayer | Synchronizing object | Carrier16_hinge_return_spring
Fra:22 Mem:312.23M (Peak 312.25M) | Time:00:00.29 | Mem:0.00M, Peak:0.00M | C6420_4N_24SFF_v002_MASTER, ViewLayer | Synchronizing object | Carrier18_activity_symbol
Fra:22 Mem:312.24M (Peak 312.25M) | Time:00:00.29 | Mem:0.00M, Peak:0.00M | C6420_4N_24SFF_v002_MASTER, ViewLayer | Synchronizing object | Carrier16_activity_symbol
Fra:22 Mem:312.33M (Peak 312.33M) | Time:00:00.29 | Mem:0.00M, Peak:0.00M | C6420_4N_24SFF_v002_MASTER, ViewLayer | Synchronizing object | Carrier18_hinge_return_spring
Fra:22 Mem:312.42M (Peak 312.42M) | Time:00:00.29 | Mem:0.00M, Peak:0.00M | C6420_4N_24SFF_v002_MASTER, ViewLayer | Synchronizing object | Carrier16_EMI_spring_-1_0
Fra:22 Mem:312.48M (Peak 312.48M) | Time:00:00.29 | Mem:0.00M, Peak:0.00M | C6420_4N_24SFF_v002_MASTER, ViewLayer | Synchronizing object | Carrier16_EMI_spring_-1_1
Fra:22 Mem:312.54M (Peak 312.54M) | Time:00:00.29 | Mem:0.00M, Peak:0.00M | C6420_4N_24SFF_v002_MASTER, ViewLayer | Synchronizing object | Carrier16_EMI_spring_-1_2
Fra:22 Mem:312.60M (Peak 312.60M) | Time:00:00.29 | Mem:0.00M, Peak:0.00M | C6420_4N_24SFF_v002_MASTER, ViewLayer | Synchronizing object | Carrier16_EMI_spring_-1_3
Fra:22 Mem:312.77M (Peak 312.77M) | Time:00:00.29 | Mem:0.00M, Peak:0.00M | C6420_4N_24SFF_v002_MASTER, ViewLayer | Synchronizing object | Carrier16_EMI_spring_-1_5
Fra:22 Mem:312.91M (Peak 312.91M) | Time:00:00.29 | Mem:0.00M, Peak:0.00M | C6420_4N_24SFF_v002_MASTER, ViewLayer | Synchronizing object | Carrier16_EMI_spring_-1_6
Fra:22 Mem:312.98M (Peak 312.98M) | Time:00:00.29 | Mem:0.00M, Peak:0.00M | C6420_4N_24SFF_v002_MASTER, ViewLayer | Synchronizing object | Carrier16_EMI_spring_-1_7
Fra:22 Mem:312.94M (Peak 312.98M) | Time:00:00.29 | Mem:0.00M, Peak:0.00M | C6420_4N_24SFF_v002_MASTER, ViewLayer | Synchronizing object | Carrier16_EMI_spring_-1_8
Fra:22 Mem:312.96M (Peak 312.98M) | Time:00:00.29 | Mem:0.00M, Peak:0.00M | C6420_4N_24SFF_v002_MASTER, ViewLayer | Synchronizing object | Carrier16_EMI_spring_1_0
Fra:22 Mem:313.05M (Peak 313.05M) | Time:00:00.29 | Mem:0.00M, Peak:0.00M | C6420_4N_24SFF_v002_MASTER, ViewLayer | Synchronizing object | Carrier16_EMI_spring_1_1
Fra:22 Mem:313.04M (Peak 313.05M) | Time:00:00.29 | Mem:0.00M, Peak:0.00M | C6420_4N_24SFF_v002_MASTER, ViewLayer | Synchronizing object | Carrier16_EMI_spring_1_2
Fra:22 Mem:313.73M (Peak 313.73M) | Time:00:00.30 | Mem:0.00M, Peak:0.00M | C6420_4N_24SFF_v002_MASTER, ViewLayer | Synchronizing object | Carrier16_EMI_spring_1_3
Fra:22 Mem:313.74M (Peak 313.74M) | Time:00:00.30 | Mem:0.00M, Peak:0.00M | C6420_4N_24SFF_v002_MASTER, ViewLayer | Synchronizing object | Carrier16_EMI_spring_1_4
Fra:22 Mem:313.76M (Peak 313.76M) | Time:00:00.30 | Mem:0.00M, Peak:0.00M | C6420_4N_24SFF_v002_MASTER, ViewLayer | Synchronizing object | Carrier16_EMI_spring_1_5
Fra:22 Mem:313.76M (Peak 313.76M) | Time:00:00.30 | Mem:0.00M, Peak:0.00M | C6420_4N_24SFF_v002_MASTER, ViewLayer | Synchronizing object | Carrier16_EMI_spring_1_6
Fra:22 Mem:313.67M (Peak 313.76M) | Time:00:00.30 | Mem:0.00M, Peak:0.00M | C6420_4N_24SFF_v002_MASTER, ViewLayer | Synchronizing object | Carrier16_EMI_spring_1_7
Fra:22 Mem:313.60M (Peak 313.76M) | Time:00:00.30 | Mem:0.00M, Peak:0.00M | C6420_4N_24SFF_v002_MASTER, ViewLayer | Synchronizing object | Carrier16_EMI_spring_1_8
Fra:22 Mem:313.57M (Peak 313.76M) | Time:00:00.30 | Mem:0.00M, Peak:0.00M | C6420_4N_24SFF_v002_MASTER, ViewLayer | Synchronizing object | Carrier17_hinge_return_spring
Fra:22 Mem:313.56M (Peak 313.76M) | Time:00:00.30 | Mem:0.00M, Peak:0.00M | C6420_4N_24SFF_v002_MASTER, ViewLayer | Synchronizing object | Carrier17_EMI_spring_1_8
Fra:22 Mem:313.53M (Peak 313.76M) | Time:00:00.30 | Mem:0.00M, Peak:0.00M | C6420_4N_24SFF_v002_MASTER, ViewLayer | Synchronizing object | Carrier17_activity_symbol
Fra:22 Mem:313.56M (Peak 313.76M) | Time:00:00.30 | Mem:0.00M, Peak:0.00M | C6420_4N_24SFF_v002_MASTER, ViewLayer | Synchronizing object | Carrier17_EMI_spring_-1_0
Fra:22 Mem:313.60M (Peak 313.76M) | Time:00:00.30 | Mem:0.00M, Peak:0.00M | C6420_4N_24SFF_v002_MASTER, ViewLayer | Synchronizing object | Carrier17_EMI_spring_1_7
Fra:22 Mem:313.60M (Peak 313.76M) | Time:00:00.30 | Mem:0.00M, Peak:0.00M | C6420_4N_24SFF_v002_MASTER, ViewLayer | Synchronizing object | Carrier17_EMI_spring_-1_1
Fra:22 Mem:313.63M (Peak 313.76M) | Time:00:00.30 | Mem:0.00M, Peak:0.00M | C6420_4N_24SFF_v002_MASTER, ViewLayer | Synchronizing object | Carrier17_EMI_spring_-1_2
Fra:22 Mem:313.63M (Peak 313.76M) | Time:00:00.30 | Mem:0.00M, Peak:0.00M | C6420_4N_24SFF_v002_MASTER, ViewLayer | Synchronizing object | Carrier17_EMI_spring_-1_3
Fra:22 Mem:313.63M (Peak 313.76M) | Time:00:00.30 | Mem:0.00M, Peak:0.00M | C6420_4N_24SFF_v002_MASTER, ViewLayer | Synchronizing object | Carrier17_EMI_spring_1_6
Fra:22 Mem:313.64M (Peak 313.76M) | Time:00:00.30 | Mem:0.00M, Peak:0.00M | C6420_4N_24SFF_v002_MASTER, ViewLayer | Synchronizing object | Carrier17_EMI_spring_-1_4
Fra:22 Mem:313.50M (Peak 313.76M) | Time:00:00.30 | Mem:0.00M, Peak:0.00M | C6420_4N_24SFF_v002_MASTER, ViewLayer | Synchronizing object | Carrier17_EMI_spring_-1_5
Fra:22 Mem:313.49M (Peak 313.76M) | Time:00:00.30 | Mem:0.00M, Peak:0.00M | C6420_4N_24SFF_v002_MASTER, ViewLayer | Synchronizing object | Carrier17_EMI_spring_-1_7
Fra:22 Mem:313.53M (Peak 313.76M) | Time:00:00.30 | Mem:0.00M, Peak:0.00M | C6420_4N_24SFF_v002_MASTER, ViewLayer | Synchronizing object | Carrier17_EMI_spring_-1_8
Fra:22 Mem:313.58M (Peak 313.76M) | Time:00:00.30 | Mem:0.00M, Peak:0.00M | C6420_4N_24SFF_v002_MASTER, ViewLayer | Synchronizing object | Carrier17_EMI_spring_1_0
Fra:22 Mem:313.64M (Peak 313.76M) | Time:00:00.30 | Mem:0.00M, Peak:0.00M | C6420_4N_24SFF_v002_MASTER, ViewLayer | Synchronizing object | Carrier17_EMI_spring_1_1
Fra:22 Mem:313.74M (Peak 313.76M) | Time:00:00.30 | Mem:0.00M, Peak:0.00M | C6420_4N_24SFF_v002_MASTER, ViewLayer | Synchronizing object | Carrier17_EMI_spring_1_2
Fra:22 Mem:313.80M (Peak 313.80M) | Time:00:00.30 | Mem:0.00M, Peak:0.00M | C6420_4N_24SFF_v002_MASTER, ViewLayer | Synchronizing object | Carrier17_EMI_spring_1_3
Fra:22 Mem:313.79M (Peak 313.80M) | Time:00:00.30 | Mem:0.00M, Peak:0.00M | C6420_4N_24SFF_v002_MASTER, ViewLayer | Synchronizing object | Carrier17_EMI_spring_1_4
Fra:22 Mem:304.84M (Peak 313.80M) | Time:00:00.39 | Mem:0.00M, Peak:0.00M | C6420_4N_24SFF_v002_MASTER, ViewLayer | Initializing
Fra:22 Mem:295.87M (Peak 313.80M) | Time:00:00.40 | Mem:0.00M, Peak:0.00M | C6420_4N_24SFF_v002_MASTER, ViewLayer | Updating Images | Loading nylon-normal.png.001
Fra:22 Mem:295.87M (Peak 313.80M) | Time:00:00.40 | Mem:0.00M, Peak:0.00M | C6420_4N_24SFF_v002_MASTER, ViewLayer | Updating Images | Loading nickel-base.png.001
Fra:22 Mem:295.87M (Peak 313.80M) | Time:00:00.40 | Mem:0.00M, Peak:0.00M | C6420_4N_24SFF_v002_MASTER, ViewLayer | Updating Images | Loading abs-normal.png
Fra:22 Mem:447.89M (Peak 463.89M) | Time:00:00.43 | Mem:8.00M, Peak:8.00M | C6420_4N_24SFF_v002_MASTER, ViewLayer | Updating Images | Loading abs-rough.png.001
Fra:22 Mem:591.93M (Peak 623.94M) | Time:00:00.52 | Mem:24.00M, Peak:24.00M | C6420_4N_24SFF_v002_MASTER, ViewLayer | Updating Images | Loading abs-normal.png.001
Fra:22 Mem:591.93M (Peak 623.94M) | Time:00:00.53 | Mem:40.00M, Peak:40.00M | C6420_4N_24SFF_v002_MASTER, ViewLayer | Updating Images | Loading dell-emc-official.png.001
Fra:22 Mem:576.27M (Peak 623.94M) | Time:00:00.53 | Mem:56.00M, Peak:56.00M | C6420_4N_24SFF_v002_MASTER, ViewLayer | Updating Images | Loading c6400-official.png.001
Fra:22 Mem:576.53M (Peak 623.94M) | Time:00:00.54 | Mem:56.35M, Peak:56.35M | C6420_4N_24SFF_v002_MASTER, ViewLayer | Updating Images | Loading abacus-clear-service
Fra:22 Mem:584.53M (Peak 623.94M) | Time:00:00.54 | Mem:56.62M, Peak:56.62M | C6420_4N_24SFF_v002_MASTER, ViewLayer | Updating Images | Loading abacus-clear-warning
Fra:22 Mem:618.11M (Peak 623.94M) | Time:00:00.56 | Mem:72.62M, Peak:72.62M | C6420_4N_24SFF_v002_MASTER, ViewLayer | Updating Images | Loading abacus-clear-regulatory
Fra:22 Mem:686.82M (Peak 689.95M) | Time:00:00.57 | Mem:74.18M, Peak:74.18M | C6420_4N_24SFF_v002_MASTER, ViewLayer | Updating Images | Loading nylon-base.png.001
Fra:22 Mem:699.68M (Peak 702.82M) | Time:00:00.57 | Mem:75.74M, Peak:75.74M | C6420_4N_24SFF_v002_MASTER, ViewLayer | Updating Images | Loading nylon-rough.png.001
Fra:22 Mem:469.85M (Peak 715.69M) | Time:00:00.73 | Mem:227.74M, Peak:227.74M | C6420_4N_24SFF_v002_MASTER, ViewLayer | Waiting for render to start
Fra:22 Mem:469.85M (Peak 715.69M) | Time:00:00.73 | Mem:227.74M, Peak:227.74M | C6420_4N_24SFF_v002_MASTER, ViewLayer | Loading render kernels (may take a few minutes the first time)
Fra:22 Mem:469.85M (Peak 715.69M) | Time:00:00.73 | Mem:227.74M, Peak:227.74M | C6420_4N_24SFF_v002_MASTER, ViewLayer | Updating Scene
Fra:22 Mem:469.85M (Peak 715.69M) | Time:00:00.73 | Mem:227.74M, Peak:227.74M | C6420_4N_24SFF_v002_MASTER, ViewLayer | Updating Shaders
Fra:22 Mem:469.95M (Peak 715.69M) | Time:00:00.73 | Mem:227.76M, Peak:227.76M | C6420_4N_24SFF_v002_MASTER, ViewLayer | Updating Procedurals
Fra:22 Mem:469.95M (Peak 715.69M) | Time:00:00.73 | Mem:227.76M, Peak:227.76M | C6420_4N_24SFF_v002_MASTER, ViewLayer | Updating Background
Fra:22 Mem:469.95M (Peak 715.69M) | Time:00:00.73 | Mem:227.76M, Peak:227.76M | C6420_4N_24SFF_v002_MASTER, ViewLayer | Updating Camera
Fra:22 Mem:469.95M (Peak 715.69M) | Time:00:00.73 | Mem:227.76M, Peak:227.76M | C6420_4N_24SFF_v002_MASTER, ViewLayer | Updating Meshes Flags
Fra:22 Mem:469.95M (Peak 715.69M) | Time:00:00.73 | Mem:227.76M, Peak:227.76M | C6420_4N_24SFF_v002_MASTER, ViewLayer | Updating Objects
Fra:22 Mem:469.95M (Peak 715.69M) | Time:00:00.73 | Mem:227.76M, Peak:227.76M | C6420_4N_24SFF_v002_MASTER, ViewLayer | Updating Objects | Copying Transformations to device
Fra:22 Mem:470.43M (Peak 715.69M) | Time:00:00.73 | Mem:228.22M, Peak:228.22M | C6420_4N_24SFF_v002_MASTER, ViewLayer | Updating Objects | Applying Static Transformations
Fra:22 Mem:470.43M (Peak 715.69M) | Time:00:00.73 | Mem:228.22M, Peak:228.22M | C6420_4N_24SFF_v002_MASTER, ViewLayer | Updating Particle Systems
Fra:22 Mem:470.43M (Peak 715.69M) | Time:00:00.73 | Mem:228.22M, Peak:228.22M | C6420_4N_24SFF_v002_MASTER, ViewLayer | Updating Particle Systems | Copying Particles to device
Fra:22 Mem:470.43M (Peak 715.69M) | Time:00:00.73 | Mem:228.22M, Peak:228.22M | C6420_4N_24SFF_v002_MASTER, ViewLayer | Updating Meshes
Fra:22 Mem:477.40M (Peak 715.69M) | Time:00:00.75 | Mem:228.22M, Peak:228.22M | C6420_4N_24SFF_v002_MASTER, ViewLayer | Updating Mesh | Computing attributes
Fra:22 Mem:510.23M (Peak 715.69M) | Time:00:00.79 | Mem:228.33M, Peak:228.33M | C6420_4N_24SFF_v002_MASTER, ViewLayer | Updating Mesh | Copying Attributes to device
Fra:22 Mem:509.91M (Peak 715.69M) | Time:00:00.79 | Mem:260.74M, Peak:260.74M | C6420_4N_24SFF_v002_MASTER, ViewLayer | Updating Geometry BVH Side_upper_inward_return_1_mesh 1/165 | Building BVH
Fra:22 Mem:509.91M (Peak 715.69M) | Time:00:00.79 | Mem:260.74M, Peak:260.74M | C6420_4N_24SFF_v002_MASTER, ViewLayer | Updating Geometry BVH Side_1_fastener_0_recess_floor_mesh 7/165 | Building BVH
Fra:22 Mem:509.91M (Peak 715.69M) | Time:00:00.79 | Mem:260.74M, Peak:260.74M | C6420_4N_24SFF_v002_MASTER, ViewLayer | Updating Geometry BVH Side_1_fastener_1_recessed_head_mesh 8/165 | Building BVH
Fra:22 Mem:509.91M (Peak 715.69M) | Time:00:00.79 | Mem:260.74M, Peak:260.74M | C6420_4N_24SFF_v002_MASTER, ViewLayer | Updating Geometry BVH PSU1_efficiency_exact_letters_font 165/165 | Building BVH
Fra:22 Mem:509.91M (Peak 715.69M) | Time:00:00.79 | Mem:260.79M, Peak:260.79M | C6420_4N_24SFF_v002_MASTER, ViewLayer | Updating Geometry BVH PSU1_efficiency_exact_letters_font 165/165 | Building BVH 0%
Fra:22 Mem:509.91M (Peak 715.69M) | Time:00:00.79 | Mem:260.84M, Peak:260.84M | C6420_4N_24SFF_v002_MASTER, ViewLayer | Updating Geometry BVH PSU1_efficiency_exact_letters_font 165/165 | Building BVH
Fra:22 Mem:509.91M (Peak 715.69M) | Time:00:00.79 | Mem:260.86M, Peak:260.86M | C6420_4N_24SFF_v002_MASTER, ViewLayer | Updating Geometry BVH Side_1_fastener_1_recess_floor_mesh 9/165 | Building BVH
Fra:22 Mem:509.91M (Peak 715.69M) | Time:00:00.79 | Mem:260.87M, Peak:260.87M | C6420_4N_24SFF_v002_MASTER, ViewLayer | Updating Geometry BVH Side_1_fastener_2_recessed_head_mesh 10/165 | Building BVH
Fra:22 Mem:509.91M (Peak 715.69M) | Time:00:00.79 | Mem:260.98M, Peak:260.98M | C6420_4N_24SFF_v002_MASTER, ViewLayer | Updating Geometry BVH Side_1_fastener_3_recessed_head_mesh 11/165 | Building BVH
Fra:22 Mem:509.91M (Peak 715.69M) | Time:00:00.79 | Mem:260.99M, Peak:260.99M | C6420_4N_24SFF_v002_MASTER, ViewLayer | Updating Geometry BVH Side_1_fastener_3_recess_floor_mesh 12/165 | Building BVH
Fra:22 Mem:509.91M (Peak 715.69M) | Time:00:00.79 | Mem:261.10M, Peak:261.10M | C6420_4N_24SFF_v002_MASTER, ViewLayer | Updating Geometry BVH Side_1_fastener_4_recessed_head_mesh 13/165 | Building BVH
Fra:22 Mem:509.91M (Peak 715.69M) | Time:00:00.79 | Mem:261.17M, Peak:261.17M | C6420_4N_24SFF_v002_MASTER, ViewLayer | Updating Geometry BVH Side_1_fastener_4_recess_floor_mesh 14/165 | Building BVH
Fra:22 Mem:509.91M (Peak 715.69M) | Time:00:00.79 | Mem:261.23M, Peak:261.23M | C6420_4N_24SFF_v002_MASTER, ViewLayer | Updating Geometry BVH Side_1_fastener_5_recessed_head_mesh 15/165 | Building BVH
Fra:22 Mem:509.91M (Peak 715.69M) | Time:00:00.79 | Mem:261.42M, Peak:261.42M | C6420_4N_24SFF_v002_MASTER, ViewLayer | Updating Geometry BVH Side_1_fastener_6_recessed_head_mesh 16/165 | Building BVH
Fra:22 Mem:509.91M (Peak 715.69M) | Time:00:00.79 | Mem:261.55M, Peak:261.55M | C6420_4N_24SFF_v002_MASTER, ViewLayer | Updating Geometry BVH Side_1_fastener_6_recess_floor_mesh 17/165 | Building BVH
Fra:22 Mem:509.91M (Peak 715.69M) | Time:00:00.79 | Mem:261.61M, Peak:261.64M | C6420_4N_24SFF_v002_MASTER, ViewLayer | Updating Geometry BVH Side_1_fastener_7_recessed_head_mesh 18/165 | Building BVH
Fra:22 Mem:509.91M (Peak 715.69M) | Time:00:00.79 | Mem:261.64M, Peak:261.64M | C6420_4N_24SFF_v002_MASTER, ViewLayer | Updating Geometry BVH PSU1_2400W_exact_letters_font 164/165 | Building BVH
Fra:22 Mem:509.91M (Peak 715.69M) | Time:00:00.79 | Mem:261.70M, Peak:261.76M | C6420_4N_24SFF_v002_MASTER, ViewLayer | Updating Geometry BVH Side_1_fastener_8_recessed_head_mesh 19/165 | Building BVH
Fra:22 Mem:509.91M (Peak 715.69M) | Time:00:00.79 | Mem:261.70M, Peak:261.76M | C6420_4N_24SFF_v002_MASTER, ViewLayer | Updating Geometry BVH Side_1_fastener_10_recessed_head_mesh 21/165 | Building BVH
Fra:22 Mem:509.91M (Peak 715.69M) | Time:00:00.79 | Mem:261.73M, Peak:261.76M | C6420_4N_24SFF_v002_MASTER, ViewLayer | Updating Geometry BVH Side_1_clinch_0_mesh 22/165 | Building BVH
Fra:22 Mem:509.91M (Peak 715.69M) | Time:00:00.79 | Mem:261.80M, Peak:261.80M | C6420_4N_24SFF_v002_MASTER, ViewLayer | Updating Geometry BVH PSU1_EPP_exact_letters_font 163/165 | Building BVH
Fra:22 Mem:509.91M (Peak 715.69M) | Time:00:00.79 | Mem:261.87M, Peak:261.91M | C6420_4N_24SFF_v002_MASTER, ViewLayer | Updating Geometry BVH Side_rail_latch_outline_1_mesh 23/165 | Building BVH
Fra:22 Mem:509.91M (Peak 715.69M) | Time:00:00.79 | Mem:261.97M, Peak:261.97M | C6420_4N_24SFF_v002_MASTER, ViewLayer | Updating Geometry BVH PSU1_EPP_green_upper_field_mesh 162/165 | Building BVH
Fra:22 Mem:509.91M (Peak 715.69M) | Time:00:00.79 | Mem:262.11M, Peak:262.11M | C6420_4N_24SFF_v002_MASTER, ViewLayer | Updating Geometry BVH PSU1_EPP_real_print_paper_mesh 161/165 | Building BVH
Fra:22 Mem:509.91M (Peak 715.69M) | Time:00:00.79 | Mem:262.30M, Peak:262.30M | C6420_4N_24SFF_v002_MASTER, ViewLayer | Updating Geometry BVH Underlapping_cover_seam_mesh 24/165 | Building BVH
Fra:22 Mem:509.91M (Peak 715.69M) | Time:00:00.79 | Mem:262.32M, Peak:262.32M | C6420_4N_24SFF_v002_MASTER, ViewLayer | Updating Geometry BVH PSU1_vertical_pull_anchor_mesh 160/165 | Building BVH
Fra:22 Mem:509.91M (Peak 715.69M) | Time:00:00.79 | Mem:262.33M, Peak:262.33M | C6420_4N_24SFF_v002_MASTER, ViewLayer | Updating Geometry BVH Front_cover_flush_screw_recess_floor_mesh 26/165 | Building BVH
Fra:22 Mem:509.91M (Peak 715.69M) | Time:00:00.79 | Mem:262.41M, Peak:262.41M | C6420_4N_24SFF_v002_MASTER, ViewLayer | Updating Geometry BVH PSU1_round_EPP_label_substrate_mesh 159/165 | Building BVH
Fra:22 Mem:509.91M (Peak 715.69M) | Time:00:00.79 | Mem:262.42M, Peak:262.42M | C6420_4N_24SFF_v002_MASTER, ViewLayer | Updating Geometry BVH Rear_cover_flush_screw_recessed_head_mesh.002 29/165 | Building BVH
Fra:22 Mem:509.91M (Peak 715.69M) | Time:00:00.79 | Mem:262.45M, Peak:262.45M | C6420_4N_24SFF_v002_MASTER, ViewLayer | Updating Geometry BVH Midheight_sled_shelf_mesh 31/165 | Building BVH
Fra:22 Mem:509.91M (Peak 715.69M) | Time:00:00.79 | Mem:262.46M, Peak:262.46M | C6420_4N_24SFF_v002_MASTER, ViewLayer | Updating Geometry BVH Central_PSU_channel_divider_mesh 32/165 | Building BVH
Fra:22 Mem:509.91M (Peak 715.69M) | Time:00:00.79 | Mem:262.57M, Peak:262.61M | C6420_4N_24SFF_v002_MASTER, ViewLayer | Updating Geometry BVH Hidden_backplane_socket_mesh 33/165 | Building BVH
Fra:22 Mem:509.91M (Peak 715.69M) | Time:00:00.79 | Mem:262.59M, Peak:262.61M | C6420_4N_24SFF_v002_MASTER, ViewLayer | Updating Geometry BVH Rack_ear_mount_-1_mesh 34/165 | Building BVH
Fra:22 Mem:509.91M (Peak 715.69M) | Time:00:00.79 | Mem:262.62M, Peak:262.62M | C6420_4N_24SFF_v002_MASTER, ViewLayer | Updating Geometry BVH Lower_ear_screw_boss_-1_mesh 36/165 | Building BVH
Fra:22 Mem:509.91M (Peak 715.69M) | Time:00:00.79 | Mem:262.76M, Peak:262.76M | C6420_4N_24SFF_v002_MASTER, ViewLayer | Updating Geometry BVH Front_punched_cheek_-1_mesh 37/165 | Building BVH
Fra:22 Mem:509.91M (Peak 715.69M) | Time:00:00.79 | Mem:262.81M, Peak:262.81M | C6420_4N_24SFF_v002_MASTER, ViewLayer | Updating Geometry BVH Handle_flat_anchor_-1_mesh 39/165 | Building BVH
Fra:22 Mem:509.91M (Peak 715.69M) | Time:00:00.79 | Mem:262.84M, Peak:262.84M | C6420_4N_24SFF_v002_MASTER, ViewLayer | Updating Geometry BVH Front_lower_rolled_hem_mesh 40/165 | Building BVH
Fra:22 Mem:509.91M (Peak 715.69M) | Time:00:00.79 | Mem:263.25M, Peak:263.29M | C6420_4N_24SFF_v002_MASTER, ViewLayer | Updating Geometry BVH PSU1_fan_screw_recessed_head_mesh.001 158/165 | Building BVH
Fra:22 Mem:509.91M (Peak 715.69M) | Time:00:00.79 | Mem:263.34M, Peak:263.34M | C6420_4N_24SFF_v002_MASTER, ViewLayer | Updating Geometry BVH Drive_bank_divider_0_mesh 41/165 | Building BVH
Fra:22 Mem:509.91M (Peak 715.69M) | Time:00:00.79 | Mem:263.38M, Peak:263.38M | C6420_4N_24SFF_v002_MASTER, ViewLayer | Updating Geometry BVH Control_face_inset_-1_mesh 42/165 | Building BVH
Fra:22 Mem:509.91M (Peak 715.69M) | Time:00:00.79 | Mem:263.35M, Peak:263.38M | C6420_4N_24SFF_v002_MASTER, ViewLayer | Updating Geometry BVH Control_face_bottom_clip_-1_mesh 43/165 | Building BVH
Fra:22 Mem:509.91M (Peak 715.69M) | Time:00:00.79 | Mem:263.41M, Peak:263.42M | C6420_4N_24SFF_v002_MASTER, ViewLayer | Updating Geometry BVH Power_button_lens_1_mesh 44/165 | Building BVH
Fra:22 Mem:509.91M (Peak 715.69M) | Time:00:00.79 | Mem:263.39M, Peak:263.42M | C6420_4N_24SFF_v002_MASTER, ViewLayer | Updating Geometry BVH Power_outer_white_print_1_mesh 45/165 | Building BVH
Fra:22 Mem:509.91M (Peak 715.69M) | Time:00:00.79 | Mem:263.41M, Peak:263.42M | C6420_4N_24SFF_v002_MASTER, ViewLayer | Updating Geometry BVH ID_inner_white_disc_1_mesh 48/165 | Building BVH
Fra:22 Mem:509.91M (Peak 715.69M) | Time:00:00.79 | Mem:263.49M, Peak:263.49M | C6420_4N_24SFF_v002_MASTER, ViewLayer | Updating Geometry BVH ID_information_symbol_1_font 49/165 | Building BVH
Fra:22 Mem:509.91M (Peak 715.69M) | Time:00:00.79 | Mem:263.50M, Peak:263.52M | C6420_4N_24SFF_v002_MASTER, ViewLayer | Updating Geometry BVH Front_mapping_arrow_1_mesh 50/165 | Building BVH
Fra:22 Mem:509.91M (Peak 715.69M) | Time:00:00.79 | Mem:263.54M, Peak:263.54M | C6420_4N_24SFF_v002_MASTER, ViewLayer | Updating Geometry BVH Captive_screw_metal_washer_-1_mesh 51/165 | Building BVH
Fra:22 Mem:509.91M (Peak 715.69M) | Time:00:00.79 | Mem:263.57M, Peak:263.57M | C6420_4N_24SFF_v002_MASTER, ViewLayer | Updating Geometry BVH Captive_screw_knurled_grip_-1_mesh 52/165 | Building BVH
Fra:22 Mem:509.91M (Peak 715.69M) | Time:00:00.79 | Mem:263.84M, Peak:263.84M | C6420_4N_24SFF_v002_MASTER, ViewLayer | Updating Geometry BVH Captive_screw_Phillips_-1_recessed_head_mesh 53/165 | Building BVH
Fra:22 Mem:509.91M (Peak 715.69M) | Time:00:00.79 | Mem:263.93M, Peak:263.94M | C6420_4N_24SFF_v002_MASTER, ViewLayer | Updating Geometry BVH Captive_screw_Phillips_-1_recess_floor_mesh 54/165 | Building BVH
Fra:22 Mem:509.91M (Peak 715.69M) | Time:00:00.79 | Mem:263.98M, Peak:263.98M | C6420_4N_24SFF_v002_MASTER, ViewLayer | Updating Geometry BVH Captive_screw_front_bead_-1_mesh 55/165 | Building BVH
Fra:22 Mem:509.91M (Peak 715.69M) | Time:00:00.79 | Mem:264.07M, Peak:264.07M | C6420_4N_24SFF_v002_MASTER, ViewLayer | Updating Geometry BVH Front_mapping_arrow_3_mesh 56/165 | Building BVH
Fra:22 Mem:509.91M (Peak 715.69M) | Time:00:00.79 | Mem:264.01M, Peak:264.09M | C6420_4N_24SFF_v002_MASTER, ViewLayer | Updating Geometry BVH PSU1_fan_screw_recess_floor_mesh 157/165 | Building BVH
Fra:22 Mem:509.91M (Peak 715.69M) | Time:00:00.79 | Mem:264.02M, Peak:264.09M | C6420_4N_24SFF_v002_MASTER, ViewLayer | Updating Geometry BVH Bay_mapping_triangle_0_mesh 57/165 | Building BVH
Fra:22 Mem:509.91M (Peak 715.69M) | Time:00:00.79 | Mem:264.09M, Peak:264.09M | C6420_4N_24SFF_v002_MASTER, ViewLayer | Updating Geometry BVH Node1_floor_mesh.001 58/165 | Building BVH
Fra:22 Mem:509.91M (Peak 715.69M) | Time:00:00.79 | Mem:264.10M, Peak:264.10M | C6420_4N_24SFF_v002_MASTER, ViewLayer | Updating Geometry BVH Node1_internal_air_shade_mesh 60/165 | Building BVH
Fra:22 Mem:509.91M (Peak 715.69M) | Time:00:00.79 | Mem:264.10M, Peak:264.13M | C6420_4N_24SFF_v002_MASTER, ViewLayer | Updating Geometry BVH PSU1_fan_screw_recessed_head_mesh 156/165 | Building BVH
Fra:22 Mem:509.91M (Peak 715.69M) | Time:00:00.79 | Mem:264.12M, Peak:264.13M | C6420_4N_24SFF_v002_MASTER, ViewLayer | Updating Geometry BVH Node1_visible_PCB_edge_mesh 61/165 | Building BVH
Fra:22 Mem:509.91M (Peak 715.69M) | Time:00:00.80 | Mem:264.23M, Peak:264.23M | C6420_4N_24SFF_v002_MASTER, ViewLayer | Updating Geometry BVH Node1_horizontal_rear_return_mesh 62/165 | Building BVH
Fra:22 Mem:509.91M (Peak 715.69M) | Time:00:00.80 | Mem:264.32M, Peak:264.32M | C6420_4N_24SFF_v002_MASTER, ViewLayer | Updating Geometry BVH Node1_vertical_rear_return_mesh 63/165 | Building BVH
Fra:22 Mem:509.91M (Peak 715.69M) | Time:00:00.80 | Mem:264.37M, Peak:264.37M | C6420_4N_24SFF_v002_MASTER, ViewLayer | Updating Geometry BVH Node1_USB_black_mask_mesh 64/165 | Building BVH
Fra:22 Mem:509.91M (Peak 715.69M) | Time:00:00.80 | Mem:264.38M, Peak:264.39M | C6420_4N_24SFF_v002_MASTER, ViewLayer | Updating Geometry BVH Node1_USB3A_0_metal_cavity_mesh 65/165 | Building BVH
Fra:22 Mem:509.91M (Peak 715.69M) | Time:00:00.80 | Mem:264.39M, Peak:264.39M | C6420_4N_24SFF_v002_MASTER, ViewLayer | Updating Geometry BVH Node1_USB3A_0_dark_back_mesh 66/165 | Building BVH
Fra:22 Mem:509.91M (Peak 715.69M) | Time:00:00.80 | Mem:264.47M, Peak:264.50M | C6420_4N_24SFF_v002_MASTER, ViewLayer | Updating Geometry BVH Node1_USB3A_0_blue_tongue_mesh 67/165 | Building BVH
Fra:22 Mem:509.91M (Peak 715.69M) | Time:00:00.80 | Mem:264.51M, Peak:264.51M | C6420_4N_24SFF_v002_MASTER, ViewLayer | Updating Geometry BVH Node1_USB3A_0_front_contact_0_mesh 68/165 | Building BVH
Fra:22 Mem:509.91M (Peak 715.69M) | Time:00:00.80 | Mem:264.53M, Peak:264.53M | C6420_4N_24SFF_v002_MASTER, ViewLayer | Updating Geometry BVH Node1_USB3A_0_rear_contact_0_mesh 69/165 | Building BVH
Fra:22 Mem:509.91M (Peak 715.69M) | Time:00:00.80 | Mem:264.65M, Peak:264.68M | C6420_4N_24SFF_v002_MASTER, ViewLayer | Updating Geometry BVH Node1_USB_retention_spring_mesh 70/165 | Building BVH
Fra:22 Mem:509.91M (Peak 715.69M) | Time:00:00.80 | Mem:264.74M, Peak:264.74M | C6420_4N_24SFF_v002_MASTER, ViewLayer | Updating Geometry BVH Node1_USB_icon_circle_mesh 71/165 | Building BVH
Fra:22 Mem:509.91M (Peak 715.69M) | Time:00:00.80 | Mem:264.76M, Peak:264.76M | C6420_4N_24SFF_v002_MASTER, ViewLayer | Updating Geometry BVH Node1_USB_icon_square_mesh 72/165 | Building BVH
Fra:22 Mem:509.91M (Peak 715.69M) | Time:00:00.80 | Mem:264.79M, Peak:264.80M | C6420_4N_24SFF_v002_MASTER, ViewLayer | Updating Geometry BVH Node1_USB_icon_arrow_mesh 73/165 | Building BVH
Fra:22 Mem:509.91M (Peak 715.69M) | Time:00:00.80 | Mem:264.83M, Peak:264.83M | C6420_4N_24SFF_v002_MASTER, ViewLayer | Updating Geometry BVH Node1_USB_icon_root_mesh 74/165 | Building BVH
Fra:22 Mem:509.91M (Peak 715.69M) | Time:00:00.80 | Mem:264.88M, Peak:264.88M | C6420_4N_24SFF_v002_MASTER, ViewLayer | Updating Geometry BVH Node1_USB_plate_fastener_recessed_head_mesh 75/165 | Building BVH
Fra:22 Mem:509.91M (Peak 715.69M) | Time:00:00.80 | Mem:264.88M, Peak:264.90M | C6420_4N_24SFF_v002_MASTER, ViewLayer | Updating Geometry BVH Node1_USB_plate_fastener_recess_floor_mesh 76/165 | Building BVH
Fra:22 Mem:509.91M (Peak 715.69M) | Time:00:00.80 | Mem:264.94M, Peak:264.94M | C6420_4N_24SFF_v002_MASTER, ViewLayer | Updating Geometry BVH Node1_dual_SFP_adapter_face_mesh 77/165 | Building BVH
Fra:22 Mem:509.91M (Peak 715.69M) | Time:00:00.80 | Mem:264.97M, Peak:264.97M | C6420_4N_24SFF_v002_MASTER, ViewLayer | Updating Geometry BVH Node1_SFP_cage_0_metal_cavity_mesh 78/165 | Building BVH
Fra:22 Mem:509.91M (Peak 715.69M) | Time:00:00.80 | Mem:265.01M, Peak:265.01M | C6420_4N_24SFF_v002_MASTER, ViewLayer | Updating Geometry BVH Node1_SFP_cage_0_dark_back_mesh 79/165 | Building BVH
Fra:22 Mem:509.91M (Peak 715.69M) | Time:00:00.80 | Mem:265.17M, Peak:265.21M | C6420_4N_24SFF_v002_MASTER, ViewLayer | Updating Geometry BVH PSU1_corner_washer_mesh 155/165 | Building BVH
Fra:22 Mem:509.91M (Peak 715.69M) | Time:00:00.80 | Mem:265.23M, Peak:265.23M | C6420_4N_24SFF_v002_MASTER, ViewLayer | Updating Geometry BVH Node1_SFP_0_side_spring_mesh 80/165 | Building BVH
Fra:22 Mem:509.91M (Peak 715.69M) | Time:00:00.80 | Mem:265.41M, Peak:265.41M | C6420_4N_24SFF_v002_MASTER, ViewLayer | Updating Geometry BVH Node1_SFP_0_top_tang_mesh 81/165 | Building BVH
Fra:22 Mem:509.91M (Peak 715.69M) | Time:00:00.80 | Mem:265.41M, Peak:265.44M | C6420_4N_24SFF_v002_MASTER, ViewLayer | Updating Geometry BVH Node1_SFP_0_lower_flange_mesh 82/165 | Building BVH
Fra:22 Mem:509.91M (Peak 715.69M) | Time:00:00.80 | Mem:265.57M, Peak:265.57M | C6420_4N_24SFF_v002_MASTER, ViewLayer | Updating Geometry BVH Node1_SFP_0_connector_insert_mesh 83/165 | Building BVH
Fra:22 Mem:509.91M (Peak 715.69M) | Time:00:00.80 | Mem:265.59M, Peak:265.63M | C6420_4N_24SFF_v002_MASTER, ViewLayer | Updating Geometry BVH Node1_SFP_0_contact_0_mesh 84/165 | Building BVH
Fra:22 Mem:509.91M (Peak 715.69M) | Time:00:00.80 | Mem:265.60M, Peak:265.63M | C6420_4N_24SFF_v002_MASTER, ViewLayer | Updating Geometry BVH Node1_SFP_index_1_font 86/165 | Building BVH
Fra:22 Mem:509.91M (Peak 715.69M) | Time:00:00.80 | Mem:265.62M, Peak:265.63M | C6420_4N_24SFF_v002_MASTER, ViewLayer | Updating Geometry BVH Node1_MicroUSB_metal_cavity_mesh 87/165 | Building BVH
Fra:22 Mem:509.91M (Peak 715.69M) | Time:00:00.80 | Mem:265.64M, Peak:265.64M | C6420_4N_24SFF_v002_MASTER, ViewLayer | Updating Geometry BVH Node1_MicroUSB_dark_back_mesh 88/165 | Building BVH
Fra:22 Mem:509.91M (Peak 715.69M) | Time:00:00.80 | Mem:265.64M, Peak:265.64M | C6420_4N_24SFF_v002_MASTER, ViewLayer | Updating Geometry BVH PSU1_flat_guard_crossbar_1_mesh 154/165 | Building BVH
Fra:22 Mem:509.91M (Peak 715.69M) | Time:00:00.80 | Mem:265.67M, Peak:265.67M | C6420_4N_24SFF_v002_MASTER, ViewLayer | Updating Geometry BVH Node1_MicroUSB_tongue_mesh 89/165 | Building BVH
Fra:22 Mem:509.91M (Peak 715.69M) | Time:00:00.80 | Mem:265.64M, Peak:265.68M | C6420_4N_24SFF_v002_MASTER, ViewLayer | Updating Geometry BVH Node1_MiniDisplayPort_metal_cavity_mesh 90/165 | Building BVH
Fra:22 Mem:509.91M (Peak 715.69M) | Time:00:00.80 | Mem:265.76M, Peak:265.76M | C6420_4N_24SFF_v002_MASTER, ViewLayer | Updating Geometry BVH Node1_MiniDisplayPort_dark_back_mesh 91/165 | Building BVH
Fra:22 Mem:509.91M (Peak 715.69M) | Time:00:00.80 | Mem:265.92M, Peak:265.92M | C6420_4N_24SFF_v002_MASTER, ViewLayer | Updating Geometry BVH Node1_MiniDP_inner_shield_metal_cavity_mesh 92/165 | Building BVH
Fra:22 Mem:509.91M (Peak 715.69M) | Time:00:00.80 | Mem:266.01M, Peak:266.02M | C6420_4N_24SFF_v002_MASTER, ViewLayer | Updating Geometry BVH Node1_MiniDP_inner_shield_dark_back_mesh 93/165 | Building BVH
Fra:22 Mem:509.91M (Peak 715.69M) | Time:00:00.80 | Mem:266.06M, Peak:266.07M | C6420_4N_24SFF_v002_MASTER, ViewLayer | Updating Geometry BVH Node1_MiniDP_tongue_mesh 94/165 | Building BVH
Fra:22 Mem:509.91M (Peak 715.69M) | Time:00:00.80 | Mem:265.90M, Peak:266.13M | C6420_4N_24SFF_v002_MASTER, ViewLayer | Updating Geometry BVH Node1_iDRAC_RJ45_metal_cavity_mesh 95/165 | Building BVH
Fra:22 Mem:509.91M (Peak 715.69M) | Time:00:00.80 | Mem:265.92M, Peak:266.13M | C6420_4N_24SFF_v002_MASTER, ViewLayer | Updating Geometry BVH Node1_iDRAC_RJ45_dark_back_mesh 96/165 | Building BVH
Fra:22 Mem:509.91M (Peak 715.69M) | Time:00:00.80 | Mem:265.97M, Peak:266.13M | C6420_4N_24SFF_v002_MASTER, ViewLayer | Updating Geometry BVH Node1_RJ45_LED_lens_mesh 97/165 | Building BVH
Fra:22 Mem:509.91M (Peak 715.69M) | Time:00:00.80 | Mem:265.99M, Peak:266.13M | C6420_4N_24SFF_v002_MASTER, ViewLayer | Updating Geometry BVH Node1_RJ45_LED_lens_mesh.001 98/165 | Building BVH
Fra:22 Mem:509.91M (Peak 715.69M) | Time:00:00.80 | Mem:266.05M, Peak:266.13M | C6420_4N_24SFF_v002_MASTER, ViewLayer | Updating Geometry BVH Node1_power_metal_rim_mesh 99/165 | Building BVH
Fra:22 Mem:509.91M (Peak 715.69M) | Time:00:00.80 | Mem:266.05M, Peak:266.13M | C6420_4N_24SFF_v002_MASTER, ViewLayer | Updating Geometry BVH Node1_power_button_lens_mesh 100/165 | Building BVH
Fra:22 Mem:509.91M (Peak 715.69M) | Time:00:00.80 | Mem:266.09M, Peak:266.13M | C6420_4N_24SFF_v002_MASTER, ViewLayer | Updating Geometry BVH Node1_long_grip_folded_frame_mesh 101/165 | Building BVH
Fra:22 Mem:509.91M (Peak 715.69M) | Time:00:00.80 | Mem:266.18M, Peak:266.18M | C6420_4N_24SFF_v002_MASTER, ViewLayer | Updating Geometry BVH PSU1_flat_guard_crossbar_-1_mesh 153/165 | Building BVH
Fra:22 Mem:509.91M (Peak 715.69M) | Time:00:00.80 | Mem:266.19M, Peak:266.21M | C6420_4N_24SFF_v002_MASTER, ViewLayer | Updating Geometry BVH Node1_long_black_grip_metal_cavity_mesh 102/165 | Building BVH
Fra:22 Mem:509.91M (Peak 715.69M) | Time:00:00.80 | Mem:266.20M, Peak:266.21M | C6420_4N_24SFF_v002_MASTER, ViewLayer | Updating Geometry BVH Node1_long_black_grip_dark_back_mesh 103/165 | Building BVH
Fra:22 Mem:509.91M (Peak 715.69M) | Time:00:00.80 | Mem:266.30M, Peak:266.30M | C6420_4N_24SFF_v002_MASTER, ViewLayer | Updating Geometry BVH Node1_grip_edge_fold_mesh 104/165 | Building BVH
Fra:22 Mem:509.91M (Peak 715.69M) | Time:00:00.80 | Mem:266.33M, Peak:266.33M | C6420_4N_24SFF_v002_MASTER, ViewLayer | Updating Geometry BVH PSU1_fan_motor_hub_mesh 152/165 | Building BVH
Fra:22 Mem:509.91M (Peak 715.69M) | Time:00:00.80 | Mem:266.41M, Peak:266.41M | C6420_4N_24SFF_v002_MASTER, ViewLayer | Updating Geometry BVH Node1_grip_press_lug_mesh 105/165 | Building BVH
Fra:22 Mem:509.91M (Peak 715.69M) | Time:00:00.80 | Mem:266.52M, Peak:266.52M | C6420_4N_24SFF_v002_MASTER, ViewLayer | Updating Geometry BVH Node1_grip_hinge_pin_mesh 106/165 | Building BVH
Fra:22 Mem:509.91M (Peak 715.69M) | Time:00:00.80 | Mem:266.54M, Peak:266.54M | C6420_4N_24SFF_v002_MASTER, ViewLayer | Updating Geometry BVH Node1_blue_paddle_face_mesh 107/165 | Building BVH
Fra:22 Mem:509.91M (Peak 715.69M) | Time:00:00.80 | Mem:266.61M, Peak:266.63M | C6420_4N_24SFF_v002_MASTER, ViewLayer | Updating Geometry BVH Node1_blue_hook_return_mesh 108/165 | Building BVH
Fra:22 Mem:509.91M (Peak 715.69M) | Time:00:00.80 | Mem:266.59M, Peak:266.63M | C6420_4N_24SFF_v002_MASTER, ViewLayer | Updating Geometry BVH Node1_blue_hook_cross_return_mesh 109/165 | Building BVH
Fra:22 Mem:509.91M (Peak 715.69M) | Time:00:00.80 | Mem:266.61M, Peak:266.63M | C6420_4N_24SFF_v002_MASTER, ViewLayer | Updating Geometry BVH Node1_blue_latch_mount_recessed_head_mesh 110/165 | Building BVH
Fra:22 Mem:509.91M (Peak 715.69M) | Time:00:00.80 | Mem:266.61M, Peak:266.63M | C6420_4N_24SFF_v002_MASTER, ViewLayer | Updating Geometry BVH Node1_latch_steel_back_mesh 111/165 | Building BVH
Fra:22 Mem:509.91M (Peak 715.69M) | Time:00:00.80 | Mem:266.74M, Peak:266.74M | C6420_4N_24SFF_v002_MASTER, ViewLayer | Updating Geometry BVH Node1_DP_mark_font 112/165 | Building BVH
Fra:22 Mem:509.91M (Peak 715.69M) | Time:00:00.80 | Mem:266.76M, Peak:266.76M | C6420_4N_24SFF_v002_MASTER, ViewLayer | Updating Geometry BVH Node1_iDRAC_mark_font 113/165 | Building BVH
Fra:22 Mem:509.91M (Peak 715.69M) | Time:00:00.80 | Mem:266.79M, Peak:266.79M | C6420_4N_24SFF_v002_MASTER, ViewLayer | Updating Geometry BVH Node1_MicroUSB_service_mark_font 114/165 | Building BVH
Fra:22 Mem:509.91M (Peak 715.69M) | Time:00:00.80 | Mem:266.81M, Peak:266.81M | C6420_4N_24SFF_v002_MASTER, ViewLayer | Updating Geometry BVH Node1_EST_tag_mesh 115/165 | Building BVH
Fra:22 Mem:509.91M (Peak 715.69M) | Time:00:00.80 | Mem:266.82M, Peak:266.82M | C6420_4N_24SFF_v002_MASTER, ViewLayer | Updating Geometry BVH Node1_EST_blue_print_mesh 116/165 | Building BVH
Fra:22 Mem:509.91M (Peak 715.69M) | Time:00:00.80 | Mem:266.82M, Peak:266.82M | C6420_4N_24SFF_v002_MASTER, ViewLayer | Updating Geometry BVH Node1_EST_letters_font 117/165 | Building BVH
Fra:22 Mem:509.91M (Peak 715.69M) | Time:00:00.80 | Mem:266.93M, Peak:266.96M | C6420_4N_24SFF_v002_MASTER, ViewLayer | Updating Geometry BVH PSU1_fan_shroud_dark_back_mesh 151/165 | Building BVH
Fra:22 Mem:509.91M (Peak 715.69M) | Time:00:00.80 | Mem:266.98M, Peak:266.98M | C6420_4N_24SFF_v002_MASTER, ViewLayer | Updating Geometry BVH Drive00_metal_enclosure_mesh 118/165 | Building BVH
Fra:22 Mem:509.91M (Peak 715.69M) | Time:00:00.80 | Mem:266.98M, Peak:266.98M | C6420_4N_24SFF_v002_MASTER, ViewLayer | Updating Geometry BVH Carrier00_folded_runner_-1_mesh 120/165 | Building BVH
Fra:22 Mem:509.91M (Peak 715.69M) | Time:00:00.80 | Mem:266.99M, Peak:266.99M | C6420_4N_24SFF_v002_MASTER, ViewLayer | Updating Geometry BVH Carrier00_setback_honeycomb_mesh 121/165 | Building BVH
Fra:22 Mem:509.91M (Peak 715.69M) | Time:00:00.80 | Mem:267.01M, Peak:267.01M | C6420_4N_24SFF_v002_MASTER, ViewLayer | Updating Geometry BVH Carrier00_fixed_outer_bezel_mesh 122/165 | Building BVH
Fra:22 Mem:509.91M (Peak 715.69M) | Time:00:00.80 | Mem:267.05M, Peak:267.05M | C6420_4N_24SFF_v002_MASTER, ViewLayer | Updating Geometry BVH PSU1_fan_shroud_metal_cavity_mesh 150/165 | Building BVH
Fra:22 Mem:509.91M (Peak 715.69M) | Time:00:00.80 | Mem:267.06M, Peak:267.06M | C6420_4N_24SFF_v002_MASTER, ViewLayer | Updating Geometry BVH Carrier00_silver_handle_frame_mesh 124/165 | Building BVH
Fra:22 Mem:509.91M (Peak 715.69M) | Time:00:00.80 | Mem:267.07M, Peak:267.07M | C6420_4N_24SFF_v002_MASTER, ViewLayer | Updating Geometry BVH Carrier00_three_window_handle_mesh 125/165 | Building BVH
Fra:22 Mem:509.91M (Peak 715.69M) | Time:00:00.80 | Mem:267.12M, Peak:267.12M | C6420_4N_24SFF_v002_MASTER, ViewLayer | Updating Geometry BVH Carrier00_handle_top_thumb_land_mesh 126/165 | Building BVH
Fra:22 Mem:509.91M (Peak 715.69M) | Time:00:00.80 | Mem:267.32M, Peak:267.32M | C6420_4N_24SFF_v002_MASTER, ViewLayer | Updating Geometry BVH Carrier00_label_inset_pad_mesh 127/165 | Building BVH
Fra:22 Mem:509.91M (Peak 715.69M) | Time:00:00.80 | Mem:267.46M, Peak:267.48M | C6420_4N_24SFF_v002_MASTER, ViewLayer | Updating Geometry BVH Carrier00_hinge_axle_mesh 128/165 | Building BVH
Fra:22 Mem:509.91M (Peak 715.69M) | Time:00:00.80 | Mem:267.48M, Peak:267.48M | C6420_4N_24SFF_v002_MASTER, ViewLayer | Updating Geometry BVH Carrier00_hinge_end_bracket_mesh 129/165 | Building BVH
Fra:22 Mem:509.91M (Peak 715.69M) | Time:00:00.80 | Mem:267.62M, Peak:267.62M | C6420_4N_24SFF_v002_MASTER, ViewLayer | Updating Geometry BVH Carrier00_release_bezel_mesh 130/165 | Building BVH
Fra:22 Mem:509.91M (Peak 715.69M) | Time:00:00.80 | Mem:267.67M, Peak:267.67M | C6420_4N_24SFF_v002_MASTER, ViewLayer | Updating Geometry BVH Carrier00_square_release_pad_mesh 131/165 | Building BVH
Fra:22 Mem:509.91M (Peak 715.69M) | Time:00:00.80 | Mem:267.45M, Peak:267.70M | C6420_4N_24SFF_v002_MASTER, ViewLayer | Updating Geometry BVH Carrier00_round_release_button_mesh 132/165 | Building BVH
Fra:22 Mem:509.91M (Peak 715.69M) | Time:00:00.80 | Mem:267.47M, Peak:267.70M | C6420_4N_24SFF_v002_MASTER, ViewLayer | Updating Geometry BVH Carrier00_orange_release_ring_mesh 133/165 | Building BVH
Fra:22 Mem:509.91M (Peak 715.69M) | Time:00:00.80 | Mem:267.50M, Peak:267.70M | C6420_4N_24SFF_v002_MASTER, ViewLayer | Updating Geometry BVH Carrier00_button_inner_face_mesh 134/165 | Building BVH
Fra:22 Mem:509.91M (Peak 715.69M) | Time:00:00.80 | Mem:267.55M, Peak:267.70M | C6420_4N_24SFF_v002_MASTER, ViewLayer | Updating Geometry BVH Carrier00_indicator_strip_mesh 135/165 | Building BVH
Fra:22 Mem:509.91M (Peak 715.69M) | Time:00:00.80 | Mem:267.62M, Peak:267.70M | C6420_4N_24SFF_v002_MASTER, ViewLayer | Updating Geometry BVH Carrier00_status_lens_0_mesh 136/165 | Building BVH
Fra:22 Mem:509.91M (Peak 715.69M) | Time:00:00.80 | Mem:267.75M, Peak:267.75M | C6420_4N_24SFF_v002_MASTER, ViewLayer | Updating Geometry BVH Carrier00_disk_symbol_mesh 137/165 | Building BVH
Fra:22 Mem:509.91M (Peak 715.69M) | Time:00:00.80 | Mem:267.96M, Peak:268.01M | C6420_4N_24SFF_v002_MASTER, ViewLayer | Updating Geometry BVH PSU1_octagonal_fan_guard_mesh 149/165 | Building BVH
Fra:22 Mem:509.91M (Peak 715.69M) | Time:00:00.80 | Mem:268.02M, Peak:268.04M | C6420_4N_24SFF_v002_MASTER, ViewLayer | Updating Geometry BVH PSU1_latch_track_mesh 148/165 | Building BVH
Fra:22 Mem:509.91M (Peak 715.69M) | Time:00:00.80 | Mem:268.07M, Peak:268.08M | C6420_4N_24SFF_v002_MASTER, ViewLayer | Updating Geometry BVH PSU1_orange_release_paddle_mesh 147/165 | Building BVH
Fra:22 Mem:509.91M (Peak 715.69M) | Time:00:00.80 | Mem:268.12M, Peak:268.12M | C6420_4N_24SFF_v002_MASTER, ViewLayer | Updating Geometry BVH PSU1_horizontal_shell_mesh 140/165 | Building BVH
Fra:22 Mem:509.91M (Peak 715.69M) | Time:00:00.80 | Mem:268.13M, Peak:268.13M | C6420_4N_24SFF_v002_MASTER, ViewLayer | Updating Geometry BVH PSU1_AC_C20_recess_metal_cavity_mesh 144/165 | Building BVH
Fra:22 Mem:509.91M (Peak 715.69M) | Time:00:00.80 | Mem:268.26M, Peak:268.26M | C6420_4N_24SFF_v002_MASTER, ViewLayer | Updating Geometry BVH PSU1_AC_C20_recess_dark_back_mesh 145/165 | Building BVH
Fra:22 Mem:509.91M (Peak 715.69M) | Time:00:00.80 | Mem:268.27M, Peak:268.27M | C6420_4N_24SFF_v002_MASTER, ViewLayer | Updating Geometry BVH PSU1_AC_blade_0_mesh 146/165 | Building BVH
Fra:22 Mem:509.91M (Peak 715.69M) | Time:00:00.80 | Mem:268.45M, Peak:268.49M | C6420_4N_24SFF_v002_MASTER, ViewLayer | Updating Scene BVH | Building
Fra:22 Mem:509.93M (Peak 715.69M) | Time:00:00.80 | Mem:268.45M, Peak:268.49M | C6420_4N_24SFF_v002_MASTER, ViewLayer | Updating Scene BVH | Building BVH
Fra:22 Mem:509.93M (Peak 715.69M) | Time:00:00.84 | Mem:291.35M, Peak:302.10M | C6420_4N_24SFF_v002_MASTER, ViewLayer | Updating Scene BVH | Copying BVH to device
Fra:22 Mem:509.93M (Peak 715.69M) | Time:00:00.84 | Mem:291.35M, Peak:302.10M | C6420_4N_24SFF_v002_MASTER, ViewLayer | Updating Mesh | Computing normals
Fra:22 Mem:528.31M (Peak 715.69M) | Time:00:00.86 | Mem:291.35M, Peak:302.10M | C6420_4N_24SFF_v002_MASTER, ViewLayer | Updating Mesh | Copying Mesh to device
Fra:22 Mem:528.31M (Peak 715.69M) | Time:00:00.86 | Mem:309.73M, Peak:309.73M | C6420_4N_24SFF_v002_MASTER, ViewLayer | Updating Objects Flags
Fra:22 Mem:528.31M (Peak 715.69M) | Time:00:00.86 | Mem:309.74M, Peak:309.74M | C6420_4N_24SFF_v002_MASTER, ViewLayer | Updating Primitive Offsets
Fra:22 Mem:528.32M (Peak 715.69M) | Time:00:00.86 | Mem:309.75M, Peak:309.75M | C6420_4N_24SFF_v002_MASTER, ViewLayer | Updating Images
Fra:22 Mem:520.32M (Peak 715.69M) | Time:00:00.86 | Mem:301.75M, Peak:309.75M | C6420_4N_24SFF_v002_MASTER, ViewLayer | Updating Camera Volume
Fra:22 Mem:520.32M (Peak 715.69M) | Time:00:00.86 | Mem:301.75M, Peak:309.75M | C6420_4N_24SFF_v002_MASTER, ViewLayer | Updating Lookup Tables
Fra:22 Mem:520.32M (Peak 715.69M) | Time:00:00.86 | Mem:301.83M, Peak:309.75M | C6420_4N_24SFF_v002_MASTER, ViewLayer | Updating Lights
Fra:22 Mem:520.32M (Peak 715.69M) | Time:00:00.86 | Mem:301.83M, Peak:309.75M | C6420_4N_24SFF_v002_MASTER, ViewLayer | Updating Lights | Computing distribution
Fra:22 Mem:520.32M (Peak 715.69M) | Time:00:00.86 | Mem:301.83M, Peak:309.75M | C6420_4N_24SFF_v002_MASTER, ViewLayer | Updating Lights | Computing tree
Fra:22 Mem:520.34M (Peak 715.69M) | Time:00:00.86 | Mem:301.85M, Peak:309.75M | C6420_4N_24SFF_v002_MASTER, ViewLayer | Updating Integrator
Fra:22 Mem:521.34M (Peak 715.69M) | Time:00:00.86 | Mem:302.85M, Peak:309.75M | C6420_4N_24SFF_v002_MASTER, ViewLayer | Updating Film
Fra:22 Mem:521.34M (Peak 715.69M) | Time:00:00.86 | Mem:302.77M, Peak:309.75M | C6420_4N_24SFF_v002_MASTER, ViewLayer | Updating Lookup Tables
Fra:22 Mem:521.34M (Peak 715.69M) | Time:00:00.86 | Mem:302.85M, Peak:309.75M | C6420_4N_24SFF_v002_MASTER, ViewLayer | Updating Baking
Fra:22 Mem:521.34M (Peak 715.69M) | Time:00:00.86 | Mem:302.85M, Peak:309.75M | C6420_4N_24SFF_v002_MASTER, ViewLayer | Updating Device | Writing constant memory
Fra:22 Mem:521.37M (Peak 715.69M) | Time:00:00.86 | Mem:302.85M, Peak:309.75M | C6420_4N_24SFF_v002_MASTER, ViewLayer | Sample 0/192
Fra:22 Mem:586.31M (Peak 715.69M) | Time:00:01.23 | Remaining:01:10.23 | Mem:367.75M, Peak:367.75M | C6420_4N_24SFF_v002_MASTER, ViewLayer | Sample 1/192
Fra:22 Mem:586.31M (Peak 715.69M) | Time:00:15.50 | Remaining:00:28.59 | Mem:367.75M, Peak:367.75M | C6420_4N_24SFF_v002_MASTER, ViewLayer | Sample 65/192
Fra:22 Mem:586.31M (Peak 715.69M) | Time:00:18.92 | Remaining:00:25.27 | Mem:367.75M, Peak:367.75M | C6420_4N_24SFF_v002_MASTER, ViewLayer | Sample 80/192
Fra:22 Mem:586.31M (Peak 715.69M) | Time:00:21.29 | Remaining:00:20.42 | Mem:367.75M, Peak:367.75M | C6420_4N_24SFF_v002_MASTER, ViewLayer | Sample 96/192
Fra:22 Mem:586.31M (Peak 715.69M) | Time:00:23.44 | Remaining:00:16.12 | Mem:367.75M, Peak:367.75M | C6420_4N_24SFF_v002_MASTER, ViewLayer | Sample 112/192
Fra:22 Mem:586.31M (Peak 715.69M) | Time:00:25.49 | Remaining:00:12.31 | Mem:367.75M, Peak:367.75M | C6420_4N_24SFF_v002_MASTER, ViewLayer | Sample 128/192
Fra:22 Mem:586.31M (Peak 715.69M) | Time:00:27.42 | Remaining:00:08.85 | Mem:367.75M, Peak:367.75M | C6420_4N_24SFF_v002_MASTER, ViewLayer | Sample 144/192
Fra:22 Mem:586.31M (Peak 715.69M) | Time:00:29.28 | Remaining:00:05.68 | Mem:367.75M, Peak:367.75M | C6420_4N_24SFF_v002_MASTER, ViewLayer | Sample 160/192
Fra:22 Mem:586.31M (Peak 715.69M) | Time:00:31.09 | Remaining:00:02.74 | Mem:367.75M, Peak:367.75M | C6420_4N_24SFF_v002_MASTER, ViewLayer | Sample 176/192
Fra:22 Mem:615.15M (Peak 715.69M) | Time:00:32.88 | Mem:367.75M, Peak:367.75M | C6420_4N_24SFF_v002_MASTER, ViewLayer | Sample 192/192
Fra:22 Mem:615.15M (Peak 715.69M) | Time:00:32.88 | Mem:367.75M, Peak:367.75M | C6420_4N_24SFF_v002_MASTER, ViewLayer | Finished
Fra:22 Mem:215.41M (Peak 715.69M) | Time:00:32.93 | Compositing
Fra:22 Mem:215.41M (Peak 715.69M) | Time:00:32.93 | Compositing | Determining resolution
Fra:22 Mem:215.41M (Peak 715.69M) | Time:00:32.93 | Compositing | Initializing execution
Fra:22 Mem:244.31M (Peak 715.69M) | Time:00:32.94 | Compositing | Tile 2-40
Fra:22 Mem:244.31M (Peak 715.69M) | Time:00:32.94 | Compositing | Tile 1-40
Fra:22 Mem:244.31M (Peak 715.69M) | Time:00:32.94 | Compositing | Tile 5-40
Fra:22 Mem:244.31M (Peak 715.69M) | Time:00:32.94 | Compositing | Tile 10-40
Fra:22 Mem:244.31M (Peak 715.69M) | Time:00:32.94 | Compositing | Tile 3-40
Fra:22 Mem:244.31M (Peak 715.69M) | Time:00:32.94 | Compositing | Tile 4-40
Fra:22 Mem:244.31M (Peak 715.69M) | Time:00:32.94 | Compositing | Tile 7-40
Fra:22 Mem:244.31M (Peak 715.69M) | Time:00:32.94 | Compositing | Tile 9-40
Fra:22 Mem:244.31M (Peak 715.69M) | Time:00:32.94 | Compositing | Tile 8-40
Fra:22 Mem:244.31M (Peak 715.69M) | Time:00:32.94 | Compositing | Tile 6-40
Fra:22 Mem:244.31M (Peak 715.69M) | Time:00:32.94 | Compositing | Tile 11-40
Fra:22 Mem:244.31M (Peak 715.69M) | Time:00:32.94 | Compositing | Tile 13-40
Fra:22 Mem:244.31M (Peak 715.69M) | Time:00:32.94 | Compositing | Tile 12-40
Fra:22 Mem:244.31M (Peak 715.69M) | Time:00:32.94 | Compositing | Tile 14-40
Fra:22 Mem:244.31M (Peak 715.69M) | Time:00:32.94 | Compositing | Tile 15-40
Fra:22 Mem:244.31M (Peak 715.69M) | Time:00:32.94 | Compositing | Tile 16-40
Fra:22 Mem:244.31M (Peak 715.69M) | Time:00:32.94 | Compositing | Tile 17-40
Fra:22 Mem:244.31M (Peak 715.69M) | Time:00:32.94 | Compositing | Tile 18-40
Fra:22 Mem:244.31M (Peak 715.69M) | Time:00:32.94 | Compositing | Tile 19-40
Fra:22 Mem:244.31M (Peak 715.69M) | Time:00:32.94 | Compositing | Tile 20-40
Fra:22 Mem:244.31M (Peak 715.69M) | Time:00:32.94 | Compositing | Tile 21-40
Fra:22 Mem:244.31M (Peak 715.69M) | Time:00:32.94 | Compositing | Tile 22-40
Fra:22 Mem:244.31M (Peak 715.69M) | Time:00:32.94 | Compositing | Tile 23-40
Fra:22 Mem:244.31M (Peak 715.69M) | Time:00:32.94 | Compositing | Tile 24-40
Fra:22 Mem:244.31M (Peak 715.69M) | Time:00:32.94 | Compositing | Tile 25-40
Fra:22 Mem:244.31M (Peak 715.69M) | Time:00:32.94 | Compositing | Tile 28-40
Fra:22 Mem:244.31M (Peak 715.69M) | Time:00:32.94 | Compositing | Tile 27-40
Fra:22 Mem:244.31M (Peak 715.69M) | Time:00:32.94 | Compositing | Tile 26-40
Fra:22 Mem:244.31M (Peak 715.69M) | Time:00:32.94 | Compositing | Tile 29-40
Fra:22 Mem:244.31M (Peak 715.69M) | Time:00:32.94 | Compositing | Tile 30-40
Fra:22 Mem:244.31M (Peak 715.69M) | Time:00:32.94 | Compositing | Tile 31-40
Fra:22 Mem:244.31M (Peak 715.69M) | Time:00:32.94 | Compositing | Tile 32-40
Fra:22 Mem:244.31M (Peak 715.69M) | Time:00:32.94 | Compositing | Tile 33-40
Fra:22 Mem:244.31M (Peak 715.69M) | Time:00:32.94 | Compositing | Tile 34-40
Fra:22 Mem:244.31M (Peak 715.69M) | Time:00:32.94 | Compositing | Tile 35-40
Fra:22 Mem:244.31M (Peak 715.69M) | Time:00:32.94 | Compositing | Tile 36-40
Fra:22 Mem:244.31M (Peak 715.69M) | Time:00:32.94 | Compositing | Tile 37-40
Fra:22 Mem:244.31M (Peak 715.69M) | Time:00:32.94 | Compositing | Tile 38-40
Fra:22 Mem:244.31M (Peak 715.69M) | Time:00:32.94 | Compositing | Tile 39-40
Fra:22 Mem:244.31M (Peak 715.69M) | Time:00:32.94 | Compositing | Tile 40-40
Fra:22 Mem:244.25M (Peak 715.69M) | Time:00:32.94 | Compositing | De-initializing execution
Saved: '/root/Blender/DELL-C6420/v002/previews/rear-right.png'
Time: 00:33.17 (Saving: 00:00.22)

V002_RENDER_DONE rear-right
Fra:22 Mem:249.06M (Peak 251.68M) | Time:00:00.23 | Mem:0.00M, Peak:0.00M | C6420_4N_24SFF_v002_MASTER, ViewLayer | Synchronizing object | INFERRED_bottom_formed_sheet
Fra:22 Mem:249.07M (Peak 251.68M) | Time:00:00.23 | Mem:0.00M, Peak:0.00M | C6420_4N_24SFF_v002_MASTER, ViewLayer | Synchronizing object | Cover_skirt_screw_1_recess_floor
Fra:22 Mem:249.25M (Peak 251.68M) | Time:00:00.23 | Mem:0.00M, Peak:0.00M | C6420_4N_24SFF_v002_MASTER, ViewLayer | Synchronizing object | Side_1_fastener_0_recessed_head
Fra:22 Mem:249.94M (Peak 251.68M) | Time:00:00.23 | Mem:0.00M, Peak:0.00M | C6420_4N_24SFF_v002_MASTER, ViewLayer | Synchronizing object | Side_1_fastener_1_recessed_head
Fra:22 Mem:249.98M (Peak 251.68M) | Time:00:00.23 | Mem:0.00M, Peak:0.00M | C6420_4N_24SFF_v002_MASTER, ViewLayer | Synchronizing object | Side_1_fastener_2_recessed_head
Fra:22 Mem:250.03M (Peak 251.68M) | Time:00:00.23 | Mem:0.00M, Peak:0.00M | C6420_4N_24SFF_v002_MASTER, ViewLayer | Synchronizing object | Side_1_fastener_3_recessed_head
Fra:22 Mem:250.06M (Peak 251.68M) | Time:00:00.23 | Mem:0.00M, Peak:0.00M | C6420_4N_24SFF_v002_MASTER, ViewLayer | Synchronizing object | Side_1_fastener_3_recess_floor
Fra:22 Mem:250.46M (Peak 251.68M) | Time:00:00.23 | Mem:0.00M, Peak:0.00M | C6420_4N_24SFF_v002_MASTER, ViewLayer | Synchronizing object | Side_1_fastener_4_recessed_head
Fra:22 Mem:252.01M (Peak 252.01M) | Time:00:00.23 | Mem:0.00M, Peak:0.00M | C6420_4N_24SFF_v002_MASTER, ViewLayer | Synchronizing object | Side_1_fastener_4_recess_floor
Fra:22 Mem:251.80M (Peak 252.01M) | Time:00:00.23 | Mem:0.00M, Peak:0.00M | C6420_4N_24SFF_v002_MASTER, ViewLayer | Synchronizing object | Side_1_fastener_5_recessed_head
Fra:22 Mem:251.73M (Peak 252.01M) | Time:00:00.23 | Mem:0.00M, Peak:0.00M | C6420_4N_24SFF_v002_MASTER, ViewLayer | Synchronizing object | Side_1_fastener_6_recessed_head
Fra:22 Mem:251.70M (Peak 252.01M) | Time:00:00.23 | Mem:0.00M, Peak:0.00M | C6420_4N_24SFF_v002_MASTER, ViewLayer | Synchronizing object | Side_1_fastener_6_recess_floor
Fra:22 Mem:251.93M (Peak 252.01M) | Time:00:00.23 | Mem:0.00M, Peak:0.00M | C6420_4N_24SFF_v002_MASTER, ViewLayer | Synchronizing object | Side_1_fastener_7_recessed_head
Fra:22 Mem:252.04M (Peak 252.04M) | Time:00:00.23 | Mem:0.00M, Peak:0.00M | C6420_4N_24SFF_v002_MASTER, ViewLayer | Synchronizing object | Side_1_fastener_8_recessed_head
Fra:22 Mem:252.07M (Peak 252.07M) | Time:00:00.23 | Mem:0.00M, Peak:0.00M | C6420_4N_24SFF_v002_MASTER, ViewLayer | Synchronizing object | Side_1_fastener_9_recessed_head
Fra:22 Mem:252.06M (Peak 252.07M) | Time:00:00.23 | Mem:0.00M, Peak:0.00M | C6420_4N_24SFF_v002_MASTER, ViewLayer | Synchronizing object | Side_1_fastener_10_recessed_head
Fra:22 Mem:252.15M (Peak 252.15M) | Time:00:00.23 | Mem:0.00M, Peak:0.00M | C6420_4N_24SFF_v002_MASTER, ViewLayer | Synchronizing object | Side_1_clinch_0
Fra:22 Mem:252.91M (Peak 252.91M) | Time:00:00.23 | Mem:0.00M, Peak:0.00M | C6420_4N_24SFF_v002_MASTER, ViewLayer | Synchronizing object | Side_rail_latch_outline_1
Fra:22 Mem:253.06M (Peak 253.06M) | Time:00:00.23 | Mem:0.00M, Peak:0.00M | C6420_4N_24SFF_v002_MASTER, ViewLayer | Synchronizing object | Left_side_wall_estimated
Fra:22 Mem:253.99M (Peak 253.99M) | Time:00:00.23 | Mem:0.00M, Peak:0.00M | C6420_4N_24SFF_v002_MASTER, ViewLayer | Synchronizing object | Front_cover_integrated_pressings
Fra:22 Mem:253.91M (Peak 253.99M) | Time:00:00.23 | Mem:0.00M, Peak:0.00M | C6420_4N_24SFF_v002_MASTER, ViewLayer | Synchronizing object | Main_cover_with_label_pressing
Fra:22 Mem:254.47M (Peak 254.47M) | Time:00:00.23 | Mem:0.00M, Peak:0.00M | C6420_4N_24SFF_v002_MASTER, ViewLayer | Synchronizing object | Rear_cover_four_pressed_regions
Fra:22 Mem:255.10M (Peak 255.10M) | Time:00:00.23 | Mem:0.00M, Peak:0.00M | C6420_4N_24SFF_v002_MASTER, ViewLayer | Synchronizing object | Underlapping_cover_seam
Fra:22 Mem:254.80M (Peak 255.10M) | Time:00:00.23 | Mem:0.00M, Peak:0.00M | C6420_4N_24SFF_v002_MASTER, ViewLayer | Synchronizing object | Cover_traction_pad
Fra:22 Mem:255.89M (Peak 255.89M) | Time:00:00.23 | Mem:0.00M, Peak:0.00M | C6420_4N_24SFF_v002_MASTER, ViewLayer | Synchronizing object | Cover_release_recess_back
Fra:22 Mem:255.80M (Peak 255.89M) | Time:00:00.23 | Mem:0.00M, Peak:0.00M | C6420_4N_24SFF_v002_MASTER, ViewLayer | Synchronizing object | Cover_release_metal_tab
Fra:22 Mem:255.55M (Peak 255.89M) | Time:00:00.23 | Mem:0.00M, Peak:0.00M | C6420_4N_24SFF_v002_MASTER, ViewLayer | Synchronizing object | Front_cover_flush_screw_recessed_head
Fra:22 Mem:255.80M (Peak 255.89M) | Time:00:00.23 | Mem:0.00M, Peak:0.00M | C6420_4N_24SFF_v002_MASTER, ViewLayer | Synchronizing object | Front_cover_flush_screw_recess_floor
Fra:22 Mem:256.26M (Peak 256.26M) | Time:00:00.23 | Mem:0.00M, Peak:0.00M | C6420_4N_24SFF_v002_MASTER, ViewLayer | Synchronizing object | Front_cover_flush_screw_recessed_head.001
Fra:22 Mem:256.88M (Peak 256.88M) | Time:00:00.23 | Mem:0.00M, Peak:0.00M | C6420_4N_24SFF_v002_MASTER, ViewLayer | Synchronizing object | Front_cover_flush_screw_recessed_head.002
Fra:22 Mem:257.15M (Peak 257.15M) | Time:00:00.23 | Mem:0.00M, Peak:0.00M | C6420_4N_24SFF_v002_MASTER, ViewLayer | Synchronizing object | Front_cover_flush_screw_recessed_head.003
Fra:22 Mem:257.05M (Peak 257.15M) | Time:00:00.23 | Mem:0.00M, Peak:0.00M | C6420_4N_24SFF_v002_MASTER, ViewLayer | Synchronizing object | Front_cover_flush_screw_recessed_head.004
Fra:22 Mem:257.10M (Peak 257.15M) | Time:00:00.23 | Mem:0.00M, Peak:0.00M | C6420_4N_24SFF_v002_MASTER, ViewLayer | Synchronizing object | Front_cover_flush_screw_recessed_head.005
Fra:22 Mem:257.08M (Peak 257.15M) | Time:00:00.23 | Mem:0.00M, Peak:0.00M | C6420_4N_24SFF_v002_MASTER, ViewLayer | Synchronizing object | Front_cover_flush_screw_recessed_head.006
Fra:22 Mem:257.08M (Peak 257.15M) | Time:00:00.23 | Mem:0.00M, Peak:0.00M | C6420_4N_24SFF_v002_MASTER, ViewLayer | Synchronizing object | Front_cover_flush_screw_recessed_head.007
Fra:22 Mem:258.01M (Peak 258.01M) | Time:00:00.24 | Mem:0.00M, Peak:0.00M | C6420_4N_24SFF_v002_MASTER, ViewLayer | Synchronizing object | Front_cover_flush_screw_recessed_head.008
Fra:22 Mem:258.35M (Peak 258.35M) | Time:00:00.24 | Mem:0.00M, Peak:0.00M | C6420_4N_24SFF_v002_MASTER, ViewLayer | Synchronizing object | Front_cover_flush_screw_recessed_head.009
Fra:22 Mem:258.42M (Peak 258.42M) | Time:00:00.24 | Mem:0.00M, Peak:0.00M | C6420_4N_24SFF_v002_MASTER, ViewLayer | Synchronizing object | Front_cover_flush_screw_recessed_head.010
Fra:22 Mem:259.01M (Peak 259.01M) | Time:00:00.24 | Mem:0.00M, Peak:0.00M | C6420_4N_24SFF_v002_MASTER, ViewLayer | Synchronizing object | Front_cover_flush_screw_recessed_head.011
Fra:22 Mem:258.97M (Peak 259.01M) | Time:00:00.24 | Mem:0.00M, Peak:0.00M | C6420_4N_24SFF_v002_MASTER, ViewLayer | Synchronizing object | Front_cover_flush_screw_recessed_head.012
Fra:22 Mem:259.68M (Peak 259.68M) | Time:00:00.24 | Mem:0.00M, Peak:0.00M | C6420_4N_24SFF_v002_MASTER, ViewLayer | Synchronizing object | Front_cover_flush_screw_recessed_head.013
Fra:22 Mem:259.68M (Peak 259.68M) | Time:00:00.24 | Mem:0.00M, Peak:0.00M | C6420_4N_24SFF_v002_MASTER, ViewLayer | Synchronizing object | Front_cover_flush_screw_recessed_head.014
Fra:22 Mem:260.06M (Peak 260.06M) | Time:00:00.24 | Mem:0.00M, Peak:0.00M | C6420_4N_24SFF_v002_MASTER, ViewLayer | Synchronizing object | Front_cover_flush_screw_recessed_head.015
Fra:22 Mem:260.14M (Peak 260.14M) | Time:00:00.24 | Mem:0.00M, Peak:0.00M | C6420_4N_24SFF_v002_MASTER, ViewLayer | Synchronizing object | Front_cover_flush_screw_recessed_head.016
Fra:22 Mem:260.68M (Peak 260.68M) | Time:00:00.24 | Mem:0.00M, Peak:0.00M | C6420_4N_24SFF_v002_MASTER, ViewLayer | Synchronizing object | Front_cover_flush_screw_recessed_head.017
Fra:22 Mem:260.68M (Peak 260.68M) | Time:00:00.24 | Mem:0.00M, Peak:0.00M | C6420_4N_24SFF_v002_MASTER, ViewLayer | Synchronizing object | Front_cover_flush_screw_recessed_head.018
Fra:22 Mem:260.77M (Peak 260.77M) | Time:00:00.24 | Mem:0.00M, Peak:0.00M | C6420_4N_24SFF_v002_MASTER, ViewLayer | Synchronizing object | Front_cover_flush_screw_recessed_head.019
Fra:22 Mem:260.78M (Peak 260.78M) | Time:00:00.24 | Mem:0.00M, Peak:0.00M | C6420_4N_24SFF_v002_MASTER, ViewLayer | Synchronizing object | Front_cover_flush_screw_recessed_head.020
Fra:22 Mem:260.82M (Peak 260.82M) | Time:00:00.24 | Mem:0.00M, Peak:0.00M | C6420_4N_24SFF_v002_MASTER, ViewLayer | Synchronizing object | Front_cover_flush_screw_recessed_head.021
Fra:22 Mem:261.10M (Peak 261.10M) | Time:00:00.24 | Mem:0.00M, Peak:0.00M | C6420_4N_24SFF_v002_MASTER, ViewLayer | Synchronizing object | Front_cover_flush_screw_recessed_head.022
Fra:22 Mem:261.04M (Peak 261.10M) | Time:00:00.24 | Mem:0.00M, Peak:0.00M | C6420_4N_24SFF_v002_MASTER, ViewLayer | Synchronizing object | Front_cover_flush_screw_recessed_head.023
Fra:22 Mem:260.99M (Peak 261.10M) | Time:00:00.24 | Mem:0.00M, Peak:0.00M | C6420_4N_24SFF_v002_MASTER, ViewLayer | Synchronizing object | Rear_cover_flush_screw_recessed_head
Fra:22 Mem:261.42M (Peak 261.42M) | Time:00:00.24 | Mem:0.00M, Peak:0.00M | C6420_4N_24SFF_v002_MASTER, ViewLayer | Synchronizing object | Rear_cover_flush_screw_recessed_head.001
Fra:22 Mem:261.70M (Peak 261.70M) | Time:00:00.24 | Mem:0.00M, Peak:0.00M | C6420_4N_24SFF_v002_MASTER, ViewLayer | Synchronizing object | Rear_cover_flush_screw_recessed_head.002
Fra:22 Mem:262.15M (Peak 262.15M) | Time:00:00.24 | Mem:0.00M, Peak:0.00M | C6420_4N_24SFF_v002_MASTER, ViewLayer | Synchronizing object | PSU2_woven_edge_fibres
Fra:22 Mem:262.77M (Peak 262.77M) | Time:00:00.24 | Mem:0.00M, Peak:0.00M | C6420_4N_24SFF_v002_MASTER, ViewLayer | Synchronizing object | Rear_cover_flush_screw_recessed_head.003
Fra:22 Mem:263.23M (Peak 263.23M) | Time:00:00.24 | Mem:0.00M, Peak:0.00M | C6420_4N_24SFF_v002_MASTER, ViewLayer | Synchronizing object | Midheight_sled_shelf
Fra:22 Mem:263.33M (Peak 263.33M) | Time:00:00.24 | Mem:0.00M, Peak:0.00M | C6420_4N_24SFF_v002_MASTER, ViewLayer | Synchronizing object | Central_PSU_channel_divider
Fra:22 Mem:263.26M (Peak 263.33M) | Time:00:00.24 | Mem:0.00M, Peak:0.00M | C6420_4N_24SFF_v002_MASTER, ViewLayer | Synchronizing object | Front_backplane_shadow
Fra:22 Mem:263.33M (Peak 263.33M) | Time:00:00.24 | Mem:0.00M, Peak:0.00M | C6420_4N_24SFF_v002_MASTER, ViewLayer | Synchronizing object | Hidden_backplane_socket
Fra:22 Mem:263.25M (Peak 263.33M) | Time:00:00.24 | Mem:0.00M, Peak:0.00M | C6420_4N_24SFF_v002_MASTER, ViewLayer | Synchronizing object | Rack_ear_mount_-1
Fra:22 Mem:263.25M (Peak 263.33M) | Time:00:00.24 | Mem:0.00M, Peak:0.00M | C6420_4N_24SFF_v002_MASTER, ViewLayer | Synchronizing object | Control_ear_shell_-1
Fra:22 Mem:263.26M (Peak 263.33M) | Time:00:00.24 | Mem:0.00M, Peak:0.00M | C6420_4N_24SFF_v002_MASTER, ViewLayer | Synchronizing object | Front_punched_cheek_-1
Fra:22 Mem:263.22M (Peak 263.33M) | Time:00:00.24 | Mem:0.00M, Peak:0.00M | C6420_4N_24SFF_v002_MASTER, ViewLayer | Synchronizing object | Front_cage_side_return_-1
Fra:22 Mem:263.58M (Peak 263.58M) | Time:00:00.24 | Mem:0.00M, Peak:0.00M | C6420_4N_24SFF_v002_MASTER, ViewLayer | Synchronizing object | Chrome_lifting_handle_-1
Fra:22 Mem:263.60M (Peak 263.60M) | Time:00:00.24 | Mem:0.00M, Peak:0.00M | C6420_4N_24SFF_v002_MASTER, ViewLayer | Synchronizing object | Handle_flat_anchor_-1
Fra:22 Mem:263.57M (Peak 263.60M) | Time:00:00.24 | Mem:0.00M, Peak:0.00M | C6420_4N_24SFF_v002_MASTER, ViewLayer | Synchronizing object | Chrome_lifting_handle_1
Fra:22 Mem:263.93M (Peak 263.93M) | Time:00:00.24 | Mem:0.00M, Peak:0.00M | C6420_4N_24SFF_v002_MASTER, ViewLayer | Synchronizing object | Front_lower_rolled_hem
Fra:22 Mem:263.80M (Peak 263.93M) | Time:00:00.24 | Mem:0.00M, Peak:0.00M | C6420_4N_24SFF_v002_MASTER, ViewLayer | Synchronizing object | Drive_bank_divider_0
Fra:22 Mem:263.96M (Peak 263.96M) | Time:00:00.24 | Mem:0.00M, Peak:0.00M | C6420_4N_24SFF_v002_MASTER, ViewLayer | Synchronizing object | Control_face_inset_-1
Fra:22 Mem:263.96M (Peak 263.96M) | Time:00:00.24 | Mem:0.00M, Peak:0.00M | C6420_4N_24SFF_v002_MASTER, ViewLayer | Synchronizing object | Control_face_bottom_clip_-1
Fra:22 Mem:264.08M (Peak 264.08M) | Time:00:00.24 | Mem:0.00M, Peak:0.00M | C6420_4N_24SFF_v002_MASTER, ViewLayer | Synchronizing object | DELL_EMC_official_badge
Fra:22 Mem:264.17M (Peak 264.17M) | Time:00:00.24 | Mem:0.00M, Peak:0.00M | C6420_4N_24SFF_v002_MASTER, ViewLayer | Synchronizing object | Power_button_lens_1
Fra:22 Mem:264.25M (Peak 264.25M) | Time:00:00.24 | Mem:0.00M, Peak:0.00M | C6420_4N_24SFF_v002_MASTER, ViewLayer | Synchronizing object | Power_outer_white_print_1
Fra:22 Mem:264.25M (Peak 264.25M) | Time:00:00.24 | Mem:0.00M, Peak:0.00M | C6420_4N_24SFF_v002_MASTER, ViewLayer | Synchronizing object | Power_symbol_arc_1
Fra:22 Mem:264.34M (Peak 264.34M) | Time:00:00.24 | Mem:0.00M, Peak:0.00M | C6420_4N_24SFF_v002_MASTER, ViewLayer | Synchronizing object | Power_symbol_stem_1
Fra:22 Mem:264.37M (Peak 264.37M) | Time:00:00.24 | Mem:0.00M, Peak:0.00M | C6420_4N_24SFF_v002_MASTER, ViewLayer | Synchronizing object | ID_button_lens_1
Fra:22 Mem:264.35M (Peak 264.37M) | Time:00:00.24 | Mem:0.00M, Peak:0.00M | C6420_4N_24SFF_v002_MASTER, ViewLayer | Synchronizing object | ID_button_print_1
Fra:22 Mem:263.84M (Peak 264.37M) | Time:00:00.24 | Mem:0.00M, Peak:0.00M | C6420_4N_24SFF_v002_MASTER, ViewLayer | Synchronizing object | ID_inner_white_disc_1
Fra:22 Mem:263.84M (Peak 264.37M) | Time:00:00.24 | Mem:0.00M, Peak:0.00M | C6420_4N_24SFF_v002_MASTER, ViewLayer | Synchronizing object | ID_information_symbol_1
Fra:22 Mem:263.57M (Peak 264.37M) | Time:00:00.25 | Mem:0.00M, Peak:0.00M | C6420_4N_24SFF_v002_MASTER, ViewLayer | Synchronizing object | Front_node_number_1
Fra:22 Mem:263.51M (Peak 264.37M) | Time:00:00.25 | Mem:0.00M, Peak:0.00M | C6420_4N_24SFF_v002_MASTER, ViewLayer | Synchronizing object | Front_mapping_arrow_1
Fra:22 Mem:263.45M (Peak 264.37M) | Time:00:00.25 | Mem:0.00M, Peak:0.00M | C6420_4N_24SFF_v002_MASTER, ViewLayer | Synchronizing object | Power_symbol_arc_2
Fra:22 Mem:263.50M (Peak 264.37M) | Time:00:00.25 | Mem:0.00M, Peak:0.00M | C6420_4N_24SFF_v002_MASTER, ViewLayer | Synchronizing object | Power_symbol_stem_2
Fra:22 Mem:263.54M (Peak 264.37M) | Time:00:00.25 | Mem:0.00M, Peak:0.00M | C6420_4N_24SFF_v002_MASTER, ViewLayer | Synchronizing object | Front_node_number_2
Fra:22 Mem:263.58M (Peak 264.37M) | Time:00:00.25 | Mem:0.00M, Peak:0.00M | C6420_4N_24SFF_v002_MASTER, ViewLayer | Synchronizing object | Captive_screw_metal_washer_-1
Fra:22 Mem:263.58M (Peak 264.37M) | Time:00:00.25 | Mem:0.00M, Peak:0.00M | C6420_4N_24SFF_v002_MASTER, ViewLayer | Synchronizing object | Captive_screw_knurled_grip_-1
Fra:22 Mem:264.47M (Peak 264.47M) | Time:00:00.25 | Mem:0.00M, Peak:0.00M | C6420_4N_24SFF_v002_MASTER, ViewLayer | Synchronizing object | Captive_screw_Phillips_-1_recessed_head
Fra:22 Mem:264.60M (Peak 264.60M) | Time:00:00.25 | Mem:0.00M, Peak:0.00M | C6420_4N_24SFF_v002_MASTER, ViewLayer | Synchronizing object | Captive_screw_Phillips_-1_recess_floor
Fra:22 Mem:264.65M (Peak 264.65M) | Time:00:00.25 | Mem:0.00M, Peak:0.00M | C6420_4N_24SFF_v002_MASTER, ViewLayer | Synchronizing object | Captive_screw_front_bead_-1
Fra:22 Mem:264.28M (Peak 264.65M) | Time:00:00.25 | Mem:0.00M, Peak:0.00M | C6420_4N_24SFF_v002_MASTER, ViewLayer | Synchronizing object | C6400_official_badge
Fra:22 Mem:264.35M (Peak 264.65M) | Time:00:00.25 | Mem:0.00M, Peak:0.00M | C6420_4N_24SFF_v002_MASTER, ViewLayer | Synchronizing object | Power_symbol_arc_3
Fra:22 Mem:264.37M (Peak 264.65M) | Time:00:00.25 | Mem:0.00M, Peak:0.00M | C6420_4N_24SFF_v002_MASTER, ViewLayer | Synchronizing object | Power_symbol_stem_3
Fra:22 Mem:264.54M (Peak 264.65M) | Time:00:00.25 | Mem:0.00M, Peak:0.00M | C6420_4N_24SFF_v002_MASTER, ViewLayer | Synchronizing object | Front_node_number_3
Fra:22 Mem:264.55M (Peak 264.65M) | Time:00:00.25 | Mem:0.00M, Peak:0.00M | C6420_4N_24SFF_v002_MASTER, ViewLayer | Synchronizing object | Front_mapping_arrow_3
Fra:22 Mem:264.82M (Peak 264.82M) | Time:00:00.25 | Mem:0.00M, Peak:0.00M | C6420_4N_24SFF_v002_MASTER, ViewLayer | Synchronizing object | Power_symbol_arc_4
Fra:22 Mem:264.99M (Peak 264.99M) | Time:00:00.25 | Mem:0.00M, Peak:0.00M | C6420_4N_24SFF_v002_MASTER, ViewLayer | Synchronizing object | Power_symbol_stem_4
Fra:22 Mem:264.99M (Peak 264.99M) | Time:00:00.25 | Mem:0.00M, Peak:0.00M | C6420_4N_24SFF_v002_MASTER, ViewLayer | Synchronizing object | Front_node_number_4
Fra:22 Mem:265.08M (Peak 265.08M) | Time:00:00.25 | Mem:0.00M, Peak:0.00M | C6420_4N_24SFF_v002_MASTER, ViewLayer | Synchronizing object | EST_front_tag_blue_edge
Fra:22 Mem:266.14M (Peak 266.14M) | Time:00:00.25 | Mem:0.00M, Peak:0.00M | C6420_4N_24SFF_v002_MASTER, ViewLayer | Synchronizing object | Bay_index_00
Fra:22 Mem:266.28M (Peak 266.28M) | Time:00:00.25 | Mem:0.00M, Peak:0.00M | C6420_4N_24SFF_v002_MASTER, ViewLayer | Synchronizing object | Bay_mapping_triangle_0
Fra:22 Mem:266.40M (Peak 266.40M) | Time:00:00.25 | Mem:0.00M, Peak:0.00M | C6420_4N_24SFF_v002_MASTER, ViewLayer | Synchronizing object | Bay_index_02
Fra:22 Mem:266.54M (Peak 266.54M) | Time:00:00.25 | Mem:0.00M, Peak:0.00M | C6420_4N_24SFF_v002_MASTER, ViewLayer | Synchronizing object | Bay_index_03
Fra:22 Mem:266.54M (Peak 266.54M) | Time:00:00.25 | Mem:0.00M, Peak:0.00M | C6420_4N_24SFF_v002_MASTER, ViewLayer | Synchronizing object | Bay_index_04
Fra:22 Mem:266.56M (Peak 266.56M) | Time:00:00.25 | Mem:0.00M, Peak:0.00M | C6420_4N_24SFF_v002_MASTER, ViewLayer | Synchronizing object | Bay_index_05
Fra:22 Mem:266.57M (Peak 266.57M) | Time:00:00.25 | Mem:0.00M, Peak:0.00M | C6420_4N_24SFF_v002_MASTER, ViewLayer | Synchronizing object | Bay_index_06
Fra:22 Mem:266.69M (Peak 266.69M) | Time:00:00.25 | Mem:0.00M, Peak:0.00M | C6420_4N_24SFF_v002_MASTER, ViewLayer | Synchronizing object | Bay_index_08
Fra:22 Mem:266.69M (Peak 266.69M) | Time:00:00.25 | Mem:0.00M, Peak:0.00M | C6420_4N_24SFF_v002_MASTER, ViewLayer | Synchronizing object | Bay_index_10
Fra:22 Mem:265.93M (Peak 266.69M) | Time:00:00.25 | Mem:0.00M, Peak:0.00M | C6420_4N_24SFF_v002_MASTER, ViewLayer | Synchronizing object | Bay_index_11
Fra:22 Mem:265.93M (Peak 266.69M) | Time:00:00.25 | Mem:0.00M, Peak:0.00M | C6420_4N_24SFF_v002_MASTER, ViewLayer | Synchronizing object | Bay_index_12
Fra:22 Mem:265.96M (Peak 266.69M) | Time:00:00.25 | Mem:0.00M, Peak:0.00M | C6420_4N_24SFF_v002_MASTER, ViewLayer | Synchronizing object | Bay_index_13
Fra:22 Mem:266.16M (Peak 266.69M) | Time:00:00.25 | Mem:0.00M, Peak:0.00M | C6420_4N_24SFF_v002_MASTER, ViewLayer | Synchronizing object | Bay_index_14
Fra:22 Mem:266.22M (Peak 266.69M) | Time:00:00.25 | Mem:0.00M, Peak:0.00M | C6420_4N_24SFF_v002_MASTER, ViewLayer | Synchronizing object | Bay_index_16
Fra:22 Mem:266.24M (Peak 266.69M) | Time:00:00.25 | Mem:0.00M, Peak:0.00M | C6420_4N_24SFF_v002_MASTER, ViewLayer | Synchronizing object | Bay_index_17
Fra:22 Mem:266.26M (Peak 266.69M) | Time:00:00.25 | Mem:0.00M, Peak:0.00M | C6420_4N_24SFF_v002_MASTER, ViewLayer | Synchronizing object | Bay_index_18
Fra:22 Mem:266.28M (Peak 266.69M) | Time:00:00.25 | Mem:0.00M, Peak:0.00M | C6420_4N_24SFF_v002_MASTER, ViewLayer | Synchronizing object | Bay_index_19
Fra:22 Mem:266.29M (Peak 266.69M) | Time:00:00.25 | Mem:0.00M, Peak:0.00M | C6420_4N_24SFF_v002_MASTER, ViewLayer | Synchronizing object | Bay_index_21
Fra:22 Mem:266.29M (Peak 266.69M) | Time:00:00.25 | Mem:0.00M, Peak:0.00M | C6420_4N_24SFF_v002_MASTER, ViewLayer | Synchronizing object | Bay_index_23
Fra:22 Mem:266.30M (Peak 266.69M) | Time:00:00.25 | Mem:0.00M, Peak:0.00M | C6420_4N_24SFF_v002_MASTER, ViewLayer | Synchronizing object | Real_service_label_band
Fra:22 Mem:266.32M (Peak 266.69M) | Time:00:00.25 | Mem:0.00M, Peak:0.00M | C6420_4N_24SFF_v002_MASTER, ViewLayer | Synchronizing object | Real_yellow_warning_label
Fra:22 Mem:266.33M (Peak 266.69M) | Time:00:00.25 | Mem:0.00M, Peak:0.00M | C6420_4N_24SFF_v002_MASTER, ViewLayer | Synchronizing object | Real_regulatory_label
Fra:22 Mem:266.36M (Peak 266.69M) | Time:00:00.25 | Mem:0.00M, Peak:0.00M | C6420_4N_24SFF_v002_MASTER, ViewLayer | Synchronizing object | Node1_tray_side_-1
Fra:22 Mem:266.38M (Peak 266.69M) | Time:00:00.25 | Mem:0.00M, Peak:0.00M | C6420_4N_24SFF_v002_MASTER, ViewLayer | Synchronizing object | Node1_internal_air_shade
Fra:22 Mem:266.38M (Peak 266.69M) | Time:00:00.25 | Mem:0.00M, Peak:0.00M | C6420_4N_24SFF_v002_MASTER, ViewLayer | Synchronizing object | Node1_punched_rear_skin
Fra:22 Mem:269.01M (Peak 269.01M) | Time:00:00.25 | Mem:0.00M, Peak:0.00M | C6420_4N_24SFF_v002_MASTER, ViewLayer | Synchronizing object | Node1_horizontal_rear_return
Fra:22 Mem:269.01M (Peak 269.01M) | Time:00:00.25 | Mem:0.00M, Peak:0.00M | C6420_4N_24SFF_v002_MASTER, ViewLayer | Synchronizing object | Node1_USB_black_mask
Fra:22 Mem:268.53M (Peak 269.01M) | Time:00:00.25 | Mem:0.00M, Peak:0.00M | C6420_4N_24SFF_v002_MASTER, ViewLayer | Synchronizing object | Node1_USB3A_0_metal_cavity
Fra:22 Mem:268.52M (Peak 269.01M) | Time:00:00.25 | Mem:0.00M, Peak:0.00M | C6420_4N_24SFF_v002_MASTER, ViewLayer | Synchronizing object | Node1_USB3A_0_dark_back
Fra:22 Mem:268.54M (Peak 269.01M) | Time:00:00.25 | Mem:0.00M, Peak:0.00M | C6420_4N_24SFF_v002_MASTER, ViewLayer | Synchronizing object | Node1_USB_retention_spring
Fra:22 Mem:268.71M (Peak 269.01M) | Time:00:00.25 | Mem:0.00M, Peak:0.00M | C6420_4N_24SFF_v002_MASTER, ViewLayer | Synchronizing object | Node1_USB_icon_stem
Fra:22 Mem:268.84M (Peak 269.01M) | Time:00:00.25 | Mem:0.00M, Peak:0.00M | C6420_4N_24SFF_v002_MASTER, ViewLayer | Synchronizing object | Node1_USB_icon_branchA
Fra:22 Mem:268.88M (Peak 269.01M) | Time:00:00.25 | Mem:0.00M, Peak:0.00M | C6420_4N_24SFF_v002_MASTER, ViewLayer | Synchronizing object | Node1_USB_icon_branchB
Fra:22 Mem:269.01M (Peak 269.01M) | Time:00:00.25 | Mem:0.00M, Peak:0.00M | C6420_4N_24SFF_v002_MASTER, ViewLayer | Synchronizing object | Node1_USB_icon_circle
Fra:22 Mem:269.05M (Peak 269.05M) | Time:00:00.25 | Mem:0.00M, Peak:0.00M | C6420_4N_24SFF_v002_MASTER, ViewLayer | Synchronizing object | Node1_USB_icon_square
Fra:22 Mem:269.05M (Peak 269.05M) | Time:00:00.25 | Mem:0.00M, Peak:0.00M | C6420_4N_24SFF_v002_MASTER, ViewLayer | Synchronizing object | Node1_USB_icon_root
Fra:22 Mem:269.12M (Peak 269.12M) | Time:00:00.25 | Mem:0.00M, Peak:0.00M | C6420_4N_24SFF_v002_MASTER, ViewLayer | Synchronizing object | Node1_USB_plate_fastener_recessed_head
Fra:22 Mem:269.11M (Peak 269.12M) | Time:00:00.25 | Mem:0.00M, Peak:0.00M | C6420_4N_24SFF_v002_MASTER, ViewLayer | Synchronizing object | Node1_USB_plate_fastener_recess_floor
Fra:22 Mem:269.10M (Peak 269.12M) | Time:00:00.25 | Mem:0.00M, Peak:0.00M | C6420_4N_24SFF_v002_MASTER, ViewLayer | Synchronizing object | Node1_dual_SFP_adapter_face
Fra:22 Mem:269.23M (Peak 269.23M) | Time:00:00.25 | Mem:0.00M, Peak:0.00M | C6420_4N_24SFF_v002_MASTER, ViewLayer | Synchronizing object | Node1_SFP_cage_0_metal_cavity
Fra:22 Mem:269.32M (Peak 269.32M) | Time:00:00.25 | Mem:0.00M, Peak:0.00M | C6420_4N_24SFF_v002_MASTER, ViewLayer | Synchronizing object | Node1_SFP_cage_0_dark_back
Fra:22 Mem:269.44M (Peak 269.44M) | Time:00:00.25 | Mem:0.00M, Peak:0.00M | C6420_4N_24SFF_v002_MASTER, ViewLayer | Synchronizing object | Node1_SFP_0_side_spring
Fra:22 Mem:269.69M (Peak 269.69M) | Time:00:00.25 | Mem:0.00M, Peak:0.00M | C6420_4N_24SFF_v002_MASTER, ViewLayer | Synchronizing object | Node1_SFP_0_top_tang
Fra:22 Mem:269.24M (Peak 269.69M) | Time:00:00.25 | Mem:0.00M, Peak:0.00M | C6420_4N_24SFF_v002_MASTER, ViewLayer | Synchronizing object | Node1_SFP_0_lower_flange
Fra:22 Mem:269.27M (Peak 269.69M) | Time:00:00.25 | Mem:0.00M, Peak:0.00M | C6420_4N_24SFF_v002_MASTER, ViewLayer | Synchronizing object | Node1_SFP_0_connector_insert
Fra:22 Mem:269.18M (Peak 269.69M) | Time:00:00.25 | Mem:0.00M, Peak:0.00M | C6420_4N_24SFF_v002_MASTER, ViewLayer | Synchronizing object | Node1_SFP_0_contact_0
Fra:22 Mem:269.28M (Peak 269.69M) | Time:00:00.25 | Mem:0.00M, Peak:0.00M | C6420_4N_24SFF_v002_MASTER, ViewLayer | Synchronizing object | Node1_SFP_index_0
Fra:22 Mem:269.27M (Peak 269.69M) | Time:00:00.25 | Mem:0.00M, Peak:0.00M | C6420_4N_24SFF_v002_MASTER, ViewLayer | Synchronizing object | Node1_MicroUSB_metal_cavity
Fra:22 Mem:269.28M (Peak 269.69M) | Time:00:00.25 | Mem:0.00M, Peak:0.00M | C6420_4N_24SFF_v002_MASTER, ViewLayer | Synchronizing object | Node1_MicroUSB_dark_back
Fra:22 Mem:269.46M (Peak 269.69M) | Time:00:00.25 | Mem:0.00M, Peak:0.00M | C6420_4N_24SFF_v002_MASTER, ViewLayer | Synchronizing object | Node1_MicroUSB_tongue
Fra:22 Mem:269.58M (Peak 269.69M) | Time:00:00.25 | Mem:0.00M, Peak:0.00M | C6420_4N_24SFF_v002_MASTER, ViewLayer | Synchronizing object | Node1_MiniDisplayPort_metal_cavity
Fra:22 Mem:269.84M (Peak 269.84M) | Time:00:00.25 | Mem:0.00M, Peak:0.00M | C6420_4N_24SFF_v002_MASTER, ViewLayer | Synchronizing object | Node1_MiniDisplayPort_dark_back
Fra:22 Mem:270.66M (Peak 270.66M) | Time:00:00.25 | Mem:0.00M, Peak:0.00M | C6420_4N_24SFF_v002_MASTER, ViewLayer | Synchronizing object | Node1_MiniDP_inner_shield_metal_cavity
Fra:22 Mem:270.81M (Peak 270.81M) | Time:00:00.25 | Mem:0.00M, Peak:0.00M | C6420_4N_24SFF_v002_MASTER, ViewLayer | Synchronizing object | Node1_MiniDP_inner_shield_dark_back
Fra:22 Mem:270.88M (Peak 270.88M) | Time:00:00.25 | Mem:0.00M, Peak:0.00M | C6420_4N_24SFF_v002_MASTER, ViewLayer | Synchronizing object | Node1_MiniDP_tongue
Fra:22 Mem:271.31M (Peak 271.31M) | Time:00:00.25 | Mem:0.00M, Peak:0.00M | C6420_4N_24SFF_v002_MASTER, ViewLayer | Synchronizing object | Node1_iDRAC_RJ45_metal_cavity
Fra:22 Mem:270.80M (Peak 271.31M) | Time:00:00.25 | Mem:0.00M, Peak:0.00M | C6420_4N_24SFF_v002_MASTER, ViewLayer | Synchronizing object | Node1_iDRAC_RJ45_dark_back
Fra:22 Mem:271.07M (Peak 271.31M) | Time:00:00.25 | Mem:0.00M, Peak:0.00M | C6420_4N_24SFF_v002_MASTER, ViewLayer | Synchronizing object | Node1_RJ45_spring_contact_0
Fra:22 Mem:270.72M (Peak 271.31M) | Time:00:00.25 | Mem:0.00M, Peak:0.00M | C6420_4N_24SFF_v002_MASTER, ViewLayer | Synchronizing object | Node1_RJ45_spring_contact_1
Fra:22 Mem:270.68M (Peak 271.31M) | Time:00:00.25 | Mem:0.00M, Peak:0.00M | C6420_4N_24SFF_v002_MASTER, ViewLayer | Synchronizing object | Node1_RJ45_spring_contact_2
Fra:22 Mem:270.68M (Peak 271.31M) | Time:00:00.25 | Mem:0.00M, Peak:0.00M | C6420_4N_24SFF_v002_MASTER, ViewLayer | Synchronizing object | Node1_RJ45_spring_contact_3
Fra:22 Mem:270.67M (Peak 271.31M) | Time:00:00.25 | Mem:0.00M, Peak:0.00M | C6420_4N_24SFF_v002_MASTER, ViewLayer | Synchronizing object | Node1_RJ45_spring_contact_4
Fra:22 Mem:270.64M (Peak 271.31M) | Time:00:00.25 | Mem:0.00M, Peak:0.00M | C6420_4N_24SFF_v002_MASTER, ViewLayer | Synchronizing object | Node1_RJ45_spring_contact_5
Fra:22 Mem:270.57M (Peak 271.31M) | Time:00:00.25 | Mem:0.00M, Peak:0.00M | C6420_4N_24SFF_v002_MASTER, ViewLayer | Synchronizing object | Node1_RJ45_spring_contact_7
Fra:22 Mem:270.63M (Peak 271.31M) | Time:00:00.25 | Mem:0.00M, Peak:0.00M | C6420_4N_24SFF_v002_MASTER, ViewLayer | Synchronizing object | Node1_RJ45_LED_lens
Fra:22 Mem:270.67M (Peak 271.31M) | Time:00:00.25 | Mem:0.00M, Peak:0.00M | C6420_4N_24SFF_v002_MASTER, ViewLayer | Synchronizing object | Node1_RJ45_LED_lens.001
Fra:22 Mem:270.70M (Peak 271.31M) | Time:00:00.25 | Mem:0.00M, Peak:0.00M | C6420_4N_24SFF_v002_MASTER, ViewLayer | Synchronizing object | Node1_power_metal_rim
Fra:22 Mem:270.64M (Peak 271.31M) | Time:00:00.25 | Mem:0.00M, Peak:0.00M | C6420_4N_24SFF_v002_MASTER, ViewLayer | Synchronizing object | Node1_power_button_lens
Fra:22 Mem:270.86M (Peak 271.31M) | Time:00:00.25 | Mem:0.00M, Peak:0.00M | C6420_4N_24SFF_v002_MASTER, ViewLayer | Synchronizing object | Node1_long_grip_folded_frame
Fra:22 Mem:270.92M (Peak 271.31M) | Time:00:00.25 | Mem:0.00M, Peak:0.00M | C6420_4N_24SFF_v002_MASTER, ViewLayer | Synchronizing object | Node1_long_black_grip_metal_cavity
Fra:22 Mem:270.92M (Peak 271.31M) | Time:00:00.25 | Mem:0.00M, Peak:0.00M | C6420_4N_24SFF_v002_MASTER, ViewLayer | Synchronizing object | Node1_long_black_grip_dark_back
Fra:22 Mem:270.65M (Peak 271.31M) | Time:00:00.25 | Mem:0.00M, Peak:0.00M | C6420_4N_24SFF_v002_MASTER, ViewLayer | Synchronizing object | Node1_grip_edge_fold
Fra:22 Mem:270.64M (Peak 271.31M) | Time:00:00.25 | Mem:0.00M, Peak:0.00M | C6420_4N_24SFF_v002_MASTER, ViewLayer | Synchronizing object | Node1_grip_press_lug
Fra:22 Mem:270.69M (Peak 271.31M) | Time:00:00.25 | Mem:0.00M, Peak:0.00M | C6420_4N_24SFF_v002_MASTER, ViewLayer | Synchronizing object | Node1_grip_hinge_pin
Fra:22 Mem:270.22M (Peak 271.31M) | Time:00:00.25 | Mem:0.00M, Peak:0.00M | C6420_4N_24SFF_v002_MASTER, ViewLayer | Synchronizing object | Node1_blue_paddle_face
Fra:22 Mem:270.47M (Peak 271.31M) | Time:00:00.25 | Mem:0.00M, Peak:0.00M | C6420_4N_24SFF_v002_MASTER, ViewLayer | Synchronizing object | Node1_blue_hook_return
Fra:22 Mem:270.85M (Peak 271.31M) | Time:00:00.25 | Mem:0.00M, Peak:0.00M | C6420_4N_24SFF_v002_MASTER, ViewLayer | Synchronizing object | Node1_blue_hook_cross_return
Fra:22 Mem:270.89M (Peak 271.31M) | Time:00:00.25 | Mem:0.00M, Peak:0.00M | C6420_4N_24SFF_v002_MASTER, ViewLayer | Synchronizing object | Node1_blue_latch_mount_recessed_head
Fra:22 Mem:271.08M (Peak 271.31M) | Time:00:00.25 | Mem:0.00M, Peak:0.00M | C6420_4N_24SFF_v002_MASTER, ViewLayer | Synchronizing object | Node1_latch_steel_back
Fra:22 Mem:271.09M (Peak 271.31M) | Time:00:00.25 | Mem:0.00M, Peak:0.00M | C6420_4N_24SFF_v002_MASTER, ViewLayer | Synchronizing object | PSU1_efficiency_exact_letters
Fra:22 Mem:271.54M (Peak 271.54M) | Time:00:00.25 | Mem:0.00M, Peak:0.00M | C6420_4N_24SFF_v002_MASTER, ViewLayer | Synchronizing object | PSU1_2400W_exact_letters
Fra:22 Mem:271.37M (Peak 271.54M) | Time:00:00.25 | Mem:0.00M, Peak:0.00M | C6420_4N_24SFF_v002_MASTER, ViewLayer | Synchronizing object | PSU1_EPP_exact_letters
Fra:22 Mem:271.43M (Peak 271.54M) | Time:00:00.25 | Mem:0.00M, Peak:0.00M | C6420_4N_24SFF_v002_MASTER, ViewLayer | Synchronizing object | PSU1_EPP_green_upper_field
Fra:22 Mem:271.48M (Peak 271.54M) | Time:00:00.25 | Mem:0.00M, Peak:0.00M | C6420_4N_24SFF_v002_MASTER, ViewLayer | Synchronizing object | Node1_DP_mark
Fra:22 Mem:271.45M (Peak 271.54M) | Time:00:00.25 | Mem:0.00M, Peak:0.00M | C6420_4N_24SFF_v002_MASTER, ViewLayer | Synchronizing object | Node1_iDRAC_mark
Fra:22 Mem:271.46M (Peak 271.54M) | Time:00:00.25 | Mem:0.00M, Peak:0.00M | C6420_4N_24SFF_v002_MASTER, ViewLayer | Synchronizing object | Node1_MicroUSB_service_mark
Fra:22 Mem:271.46M (Peak 271.54M) | Time:00:00.25 | Mem:0.00M, Peak:0.00M | C6420_4N_24SFF_v002_MASTER, ViewLayer | Synchronizing object | Node1_EST_tag
Fra:22 Mem:271.48M (Peak 271.54M) | Time:00:00.25 | Mem:0.00M, Peak:0.00M | C6420_4N_24SFF_v002_MASTER, ViewLayer | Synchronizing object | Node1_EST_blue_print
Fra:22 Mem:271.47M (Peak 271.54M) | Time:00:00.25 | Mem:0.00M, Peak:0.00M | C6420_4N_24SFF_v002_MASTER, ViewLayer | Synchronizing object | Node1_EST_letters
Fra:22 Mem:271.50M (Peak 271.54M) | Time:00:00.25 | Mem:0.00M, Peak:0.00M | C6420_4N_24SFF_v002_MASTER, ViewLayer | Synchronizing object | PSU1_EPP_real_print_paper
Fra:22 Mem:271.51M (Peak 271.54M) | Time:00:00.25 | Mem:0.00M, Peak:0.00M | C6420_4N_24SFF_v002_MASTER, ViewLayer | Synchronizing object | Node2_punched_rear_skin
Fra:22 Mem:271.44M (Peak 271.54M) | Time:00:00.25 | Mem:0.00M, Peak:0.00M | C6420_4N_24SFF_v002_MASTER, ViewLayer | Synchronizing object | PSU2_woven_extraction_loop
Fra:22 Mem:271.45M (Peak 271.54M) | Time:00:00.25 | Mem:0.00M, Peak:0.00M | C6420_4N_24SFF_v002_MASTER, ViewLayer | Synchronizing object | Node2_USB_icon_stem
Fra:22 Mem:271.64M (Peak 271.64M) | Time:00:00.25 | Mem:0.00M, Peak:0.00M | C6420_4N_24SFF_v002_MASTER, ViewLayer | Synchronizing object | Node2_USB_icon_branchA
Fra:22 Mem:271.62M (Peak 271.64M) | Time:00:00.25 | Mem:0.00M, Peak:0.00M | C6420_4N_24SFF_v002_MASTER, ViewLayer | Synchronizing object | Node2_USB_icon_branchB
Fra:22 Mem:271.65M (Peak 271.65M) | Time:00:00.25 | Mem:0.00M, Peak:0.00M | C6420_4N_24SFF_v002_MASTER, ViewLayer | Synchronizing object | Node2_RJ45_spring_contact_0
Fra:22 Mem:271.82M (Peak 271.82M) | Time:00:00.26 | Mem:0.00M, Peak:0.00M | C6420_4N_24SFF_v002_MASTER, ViewLayer | Synchronizing object | Node2_RJ45_spring_contact_1
Fra:22 Mem:273.81M (Peak 273.81M) | Time:00:00.26 | Mem:0.00M, Peak:0.00M | C6420_4N_24SFF_v002_MASTER, ViewLayer | Synchronizing object | Node2_RJ45_spring_contact_3
Fra:22 Mem:273.95M (Peak 273.95M) | Time:00:00.26 | Mem:0.00M, Peak:0.00M | C6420_4N_24SFF_v002_MASTER, ViewLayer | Synchronizing object | Node2_RJ45_spring_contact_4
Fra:22 Mem:273.95M (Peak 273.95M) | Time:00:00.26 | Mem:0.00M, Peak:0.00M | C6420_4N_24SFF_v002_MASTER, ViewLayer | Synchronizing object | Node2_RJ45_spring_contact_5
Fra:22 Mem:276.04M (Peak 276.04M) | Time:00:00.26 | Mem:0.00M, Peak:0.00M | C6420_4N_24SFF_v002_MASTER, ViewLayer | Synchronizing object | Node2_RJ45_spring_contact_6
Fra:22 Mem:275.96M (Peak 276.04M) | Time:00:00.26 | Mem:0.00M, Peak:0.00M | C6420_4N_24SFF_v002_MASTER, ViewLayer | Synchronizing object | Node2_RJ45_spring_contact_7
Fra:22 Mem:275.96M (Peak 276.04M) | Time:00:00.26 | Mem:0.00M, Peak:0.00M | C6420_4N_24SFF_v002_MASTER, ViewLayer | Synchronizing object | Node3_punched_rear_skin
Fra:22 Mem:275.97M (Peak 276.04M) | Time:00:00.26 | Mem:0.00M, Peak:0.00M | C6420_4N_24SFF_v002_MASTER, ViewLayer | Synchronizing object | Node3_RJ45_spring_contact_0
Fra:22 Mem:278.12M (Peak 278.12M) | Time:00:00.26 | Mem:0.00M, Peak:0.00M | C6420_4N_24SFF_v002_MASTER, ViewLayer | Synchronizing object | Node3_RJ45_spring_contact_1
Fra:22 Mem:278.11M (Peak 278.12M) | Time:00:00.26 | Mem:0.00M, Peak:0.00M | C6420_4N_24SFF_v002_MASTER, ViewLayer | Synchronizing object | Node3_RJ45_spring_contact_2
Fra:22 Mem:278.11M (Peak 278.12M) | Time:00:00.26 | Mem:0.00M, Peak:0.00M | C6420_4N_24SFF_v002_MASTER, ViewLayer | Synchronizing object | Node3_RJ45_spring_contact_3
Fra:22 Mem:278.10M (Peak 278.12M) | Time:00:00.26 | Mem:0.00M, Peak:0.00M | C6420_4N_24SFF_v002_MASTER, ViewLayer | Synchronizing object | Node3_RJ45_spring_contact_4
Fra:22 Mem:278.00M (Peak 278.12M) | Time:00:00.26 | Mem:0.00M, Peak:0.00M | C6420_4N_24SFF_v002_MASTER, ViewLayer | Synchronizing object | Node3_RJ45_spring_contact_5
Fra:22 Mem:277.90M (Peak 278.12M) | Time:00:00.26 | Mem:0.00M, Peak:0.00M | C6420_4N_24SFF_v002_MASTER, ViewLayer | Synchronizing object | PSU2_curved_fan_vane_6
Fra:22 Mem:277.94M (Peak 278.12M) | Time:00:00.26 | Mem:0.00M, Peak:0.00M | C6420_4N_24SFF_v002_MASTER, ViewLayer | Synchronizing object | PSU2_curved_fan_vane_5
Fra:22 Mem:277.96M (Peak 278.12M) | Time:00:00.26 | Mem:0.00M, Peak:0.00M | C6420_4N_24SFF_v002_MASTER, ViewLayer | Synchronizing object | PSU2_curved_fan_vane_4
Fra:22 Mem:277.98M (Peak 278.12M) | Time:00:00.26 | Mem:0.00M, Peak:0.00M | C6420_4N_24SFF_v002_MASTER, ViewLayer | Synchronizing object | PSU2_curved_fan_vane_3
Fra:22 Mem:278.00M (Peak 278.12M) | Time:00:00.26 | Mem:0.00M, Peak:0.00M | C6420_4N_24SFF_v002_MASTER, ViewLayer | Synchronizing object | PSU2_curved_fan_vane_2
Fra:22 Mem:278.03M (Peak 278.12M) | Time:00:00.26 | Mem:0.00M, Peak:0.00M | C6420_4N_24SFF_v002_MASTER, ViewLayer | Synchronizing object | PSU2_curved_fan_vane_1
Fra:22 Mem:278.04M (Peak 278.12M) | Time:00:00.26 | Mem:0.00M, Peak:0.00M | C6420_4N_24SFF_v002_MASTER, ViewLayer | Synchronizing object | PSU2_curved_fan_vane_0
Fra:22 Mem:278.06M (Peak 278.12M) | Time:00:00.26 | Mem:0.00M, Peak:0.00M | C6420_4N_24SFF_v002_MASTER, ViewLayer | Synchronizing object | PSU1_woven_extraction_loop
Fra:22 Mem:278.15M (Peak 278.15M) | Time:00:00.26 | Mem:0.00M, Peak:0.00M | C6420_4N_24SFF_v002_MASTER, ViewLayer | Synchronizing object | Node3_RJ45_spring_contact_6
Fra:22 Mem:278.39M (Peak 278.39M) | Time:00:00.26 | Mem:0.00M, Peak:0.00M | C6420_4N_24SFF_v002_MASTER, ViewLayer | Synchronizing object | Node3_RJ45_spring_contact_7
Fra:22 Mem:278.39M (Peak 278.39M) | Time:00:00.26 | Mem:0.00M, Peak:0.00M | C6420_4N_24SFF_v002_MASTER, ViewLayer | Synchronizing object | Node4_punched_rear_skin
Fra:22 Mem:280.49M (Peak 280.49M) | Time:00:00.26 | Mem:0.00M, Peak:0.00M | C6420_4N_24SFF_v002_MASTER, ViewLayer | Synchronizing object | PSU1_vertical_pull_anchor
Fra:22 Mem:280.51M (Peak 280.51M) | Time:00:00.26 | Mem:0.00M, Peak:0.00M | C6420_4N_24SFF_v002_MASTER, ViewLayer | Synchronizing object | PSU1_round_EPP_label_substrate
Fra:22 Mem:280.71M (Peak 280.71M) | Time:00:00.26 | Mem:0.00M, Peak:0.00M | C6420_4N_24SFF_v002_MASTER, ViewLayer | Synchronizing object | Node4_USB_icon_stem
Fra:22 Mem:280.72M (Peak 280.72M) | Time:00:00.26 | Mem:0.00M, Peak:0.00M | C6420_4N_24SFF_v002_MASTER, ViewLayer | Synchronizing object | PSU1_fan_screw_recessed_head.001
Fra:22 Mem:281.89M (Peak 281.89M) | Time:00:00.26 | Mem:0.00M, Peak:0.00M | C6420_4N_24SFF_v002_MASTER, ViewLayer | Synchronizing object | Node4_USB_icon_branchA
Fra:22 Mem:282.04M (Peak 282.04M) | Time:00:00.26 | Mem:0.00M, Peak:0.00M | C6420_4N_24SFF_v002_MASTER, ViewLayer | Synchronizing object | PSU1_fan_screw_recess_floor
Fra:22 Mem:282.05M (Peak 282.05M) | Time:00:00.26 | Mem:0.00M, Peak:0.00M | C6420_4N_24SFF_v002_MASTER, ViewLayer | Synchronizing object | PSU1_fan_screw_recessed_head
Fra:22 Mem:282.00M (Peak 283.48M) | Time:00:00.27 | Mem:0.00M, Peak:0.00M | C6420_4N_24SFF_v002_MASTER, ViewLayer | Synchronizing object | PSU1_corner_washer
Fra:22 Mem:282.18M (Peak 283.48M) | Time:00:00.27 | Mem:0.00M, Peak:0.00M | C6420_4N_24SFF_v002_MASTER, ViewLayer | Synchronizing object | PSU1_flat_guard_crossbar_1
Fra:22 Mem:282.20M (Peak 283.48M) | Time:00:00.27 | Mem:0.00M, Peak:0.00M | C6420_4N_24SFF_v002_MASTER, ViewLayer | Synchronizing object | PSU1_flat_guard_crossbar_-1
Fra:22 Mem:282.22M (Peak 283.48M) | Time:00:00.27 | Mem:0.00M, Peak:0.00M | C6420_4N_24SFF_v002_MASTER, ViewLayer | Synchronizing object | Node4_USB_icon_branchB
Fra:22 Mem:283.02M (Peak 283.48M) | Time:00:00.27 | Mem:0.00M, Peak:0.00M | C6420_4N_24SFF_v002_MASTER, ViewLayer | Synchronizing object | PSU1_curved_fan_vane_6
Fra:22 Mem:284.85M (Peak 284.85M) | Time:00:00.27 | Mem:0.00M, Peak:0.00M | C6420_4N_24SFF_v002_MASTER, ViewLayer | Synchronizing object | PSU1_curved_fan_vane_5
Fra:22 Mem:284.89M (Peak 284.89M) | Time:00:00.27 | Mem:0.00M, Peak:0.00M | C6420_4N_24SFF_v002_MASTER, ViewLayer | Synchronizing object | Node4_RJ45_spring_contact_0
Fra:22 Mem:284.87M (Peak 284.89M) | Time:00:00.27 | Mem:0.00M, Peak:0.00M | C6420_4N_24SFF_v002_MASTER, ViewLayer | Synchronizing object | PSU1_curved_fan_vane_4
Fra:22 Mem:284.89M (Peak 284.89M) | Time:00:00.27 | Mem:0.00M, Peak:0.00M | C6420_4N_24SFF_v002_MASTER, ViewLayer | Synchronizing object | PSU1_curved_fan_vane_3
Fra:22 Mem:284.91M (Peak 284.91M) | Time:00:00.27 | Mem:0.00M, Peak:0.00M | C6420_4N_24SFF_v002_MASTER, ViewLayer | Synchronizing object | PSU1_curved_fan_vane_2
Fra:22 Mem:284.93M (Peak 284.93M) | Time:00:00.27 | Mem:0.00M, Peak:0.00M | C6420_4N_24SFF_v002_MASTER, ViewLayer | Synchronizing object | PSU1_curved_fan_vane_1
Fra:22 Mem:284.95M (Peak 284.95M) | Time:00:00.27 | Mem:0.00M, Peak:0.00M | C6420_4N_24SFF_v002_MASTER, ViewLayer | Synchronizing object | PSU1_curved_fan_vane_0
Fra:22 Mem:284.97M (Peak 284.97M) | Time:00:00.27 | Mem:0.00M, Peak:0.00M | C6420_4N_24SFF_v002_MASTER, ViewLayer | Synchronizing object | PSU1_fan_motor_hub
Fra:22 Mem:285.03M (Peak 285.03M) | Time:00:00.27 | Mem:0.00M, Peak:0.00M | C6420_4N_24SFF_v002_MASTER, ViewLayer | Synchronizing object | Node4_RJ45_spring_contact_1
Fra:22 Mem:285.04M (Peak 285.04M) | Time:00:00.27 | Mem:0.00M, Peak:0.00M | C6420_4N_24SFF_v002_MASTER, ViewLayer | Synchronizing object | Node4_RJ45_spring_contact_2
Fra:22 Mem:283.17M (Peak 285.04M) | Time:00:00.27 | Mem:0.00M, Peak:0.00M | C6420_4N_24SFF_v002_MASTER, ViewLayer | Synchronizing object | PSU1_fan_shroud_dark_back
Fra:22 Mem:283.18M (Peak 285.04M) | Time:00:00.27 | Mem:0.00M, Peak:0.00M | C6420_4N_24SFF_v002_MASTER, ViewLayer | Synchronizing object | PSU1_fan_shroud_metal_cavity
Fra:22 Mem:283.26M (Peak 285.04M) | Time:00:00.27 | Mem:0.00M, Peak:0.00M | C6420_4N_24SFF_v002_MASTER, ViewLayer | Synchronizing object | Node4_RJ45_spring_contact_3
Fra:22 Mem:285.87M (Peak 285.87M) | Time:00:00.27 | Mem:0.00M, Peak:0.00M | C6420_4N_24SFF_v002_MASTER, ViewLayer | Synchronizing object | PSU1_octagonal_fan_guard
Fra:22 Mem:285.95M (Peak 285.95M) | Time:00:00.27 | Mem:0.00M, Peak:0.00M | C6420_4N_24SFF_v002_MASTER, ViewLayer | Synchronizing object | PSU1_latch_track
Fra:22 Mem:285.96M (Peak 285.96M) | Time:00:00.27 | Mem:0.00M, Peak:0.00M | C6420_4N_24SFF_v002_MASTER, ViewLayer | Synchronizing object | PSU1_orange_release_paddle
Fra:22 Mem:286.05M (Peak 286.05M) | Time:00:00.27 | Mem:0.00M, Peak:0.00M | C6420_4N_24SFF_v002_MASTER, ViewLayer | Synchronizing object | PSU1_AC_blade_0
Fra:22 Mem:286.08M (Peak 286.08M) | Time:00:00.27 | Mem:0.00M, Peak:0.00M | C6420_4N_24SFF_v002_MASTER, ViewLayer | Synchronizing object | PSU1_AC_C20_recess_dark_back
Fra:22 Mem:286.08M (Peak 286.08M) | Time:00:00.27 | Mem:0.00M, Peak:0.00M | C6420_4N_24SFF_v002_MASTER, ViewLayer | Synchronizing object | PSU1_AC_C20_recess_metal_cavity
Fra:22 Mem:286.19M (Peak 286.19M) | Time:00:00.28 | Mem:0.00M, Peak:0.00M | C6420_4N_24SFF_v002_MASTER, ViewLayer | Synchronizing object | Node4_RJ45_spring_contact_4
Fra:22 Mem:285.01M (Peak 286.19M) | Time:00:00.28 | Mem:0.00M, Peak:0.00M | C6420_4N_24SFF_v002_MASTER, ViewLayer | Synchronizing object | Node4_RJ45_spring_contact_5
Fra:22 Mem:287.36M (Peak 287.47M) | Time:00:00.28 | Mem:0.00M, Peak:0.00M | C6420_4N_24SFF_v002_MASTER, ViewLayer | Synchronizing object | PSU1_AC_black_rim
Fra:22 Mem:287.94M (Peak 287.94M) | Time:00:00.28 | Mem:0.00M, Peak:0.00M | C6420_4N_24SFF_v002_MASTER, ViewLayer | Synchronizing object | Node4_RJ45_spring_contact_6
Fra:22 Mem:287.99M (Peak 287.99M) | Time:00:00.28 | Mem:0.00M, Peak:0.00M | C6420_4N_24SFF_v002_MASTER, ViewLayer | Synchronizing object | Node4_RJ45_spring_contact_7
Fra:22 Mem:287.95M (Peak 287.99M) | Time:00:00.28 | Mem:0.00M, Peak:0.00M | C6420_4N_24SFF_v002_MASTER, ViewLayer | Synchronizing object | Drive00_metal_enclosure
Fra:22 Mem:287.99M (Peak 287.99M) | Time:00:00.28 | Mem:0.00M, Peak:0.00M | C6420_4N_24SFF_v002_MASTER, ViewLayer | Synchronizing object | PSU1_front_sheet
Fra:22 Mem:285.64M (Peak 287.99M) | Time:00:00.28 | Mem:0.00M, Peak:0.00M | C6420_4N_24SFF_v002_MASTER, ViewLayer | Synchronizing object | Carrier00_sheet_side_-1
Fra:22 Mem:286.29M (Peak 287.99M) | Time:00:00.28 | Mem:0.00M, Peak:0.00M | C6420_4N_24SFF_v002_MASTER, ViewLayer | Synchronizing object | Carrier00_folded_runner_-1
Fra:22 Mem:286.83M (Peak 287.99M) | Time:00:00.28 | Mem:0.00M, Peak:0.00M | C6420_4N_24SFF_v002_MASTER, ViewLayer | Synchronizing object | Carrier00_setback_honeycomb
Fra:22 Mem:286.87M (Peak 287.99M) | Time:00:00.28 | Mem:0.00M, Peak:0.00M | C6420_4N_24SFF_v002_MASTER, ViewLayer | Synchronizing object | Carrier00_fixed_vertical_land
Fra:22 Mem:287.70M (Peak 287.99M) | Time:00:00.28 | Mem:0.00M, Peak:0.00M | C6420_4N_24SFF_v002_MASTER, ViewLayer | Synchronizing object | Carrier00_silver_handle_frame
Fra:22 Mem:287.35M (Peak 289.82M) | Time:00:00.28 | Mem:0.00M, Peak:0.00M | C6420_4N_24SFF_v002_MASTER, ViewLayer | Synchronizing object | Carrier00_three_window_handle
Fra:22 Mem:286.71M (Peak 289.82M) | Time:00:00.28 | Mem:0.00M, Peak:0.00M | C6420_4N_24SFF_v002_MASTER, ViewLayer | Synchronizing object | PSU1_internal_end
Fra:22 Mem:287.92M (Peak 289.82M) | Time:00:00.28 | Mem:0.00M, Peak:0.00M | C6420_4N_24SFF_v002_MASTER, ViewLayer | Synchronizing object | Carrier00_handle_top_thumb_land
Fra:22 Mem:288.01M (Peak 289.82M) | Time:00:00.28 | Mem:0.00M, Peak:0.00M | C6420_4N_24SFF_v002_MASTER, ViewLayer | Synchronizing object | PSU1_horizontal_shell
Fra:22 Mem:288.12M (Peak 289.82M) | Time:00:00.28 | Mem:0.00M, Peak:0.00M | C6420_4N_24SFF_v002_MASTER, ViewLayer | Synchronizing object | Carrier00_hinge_axle
Fra:22 Mem:288.13M (Peak 289.82M) | Time:00:00.28 | Mem:0.00M, Peak:0.00M | C6420_4N_24SFF_v002_MASTER, ViewLayer | Synchronizing object | Carrier00_hinge_return_spring
Fra:22 Mem:288.46M (Peak 289.82M) | Time:00:00.28 | Mem:0.00M, Peak:0.00M | C6420_4N_24SFF_v002_MASTER, ViewLayer | Synchronizing object | Carrier00_hinge_end_bracket
Fra:22 Mem:288.59M (Peak 289.82M) | Time:00:00.28 | Mem:0.00M, Peak:0.00M | C6420_4N_24SFF_v002_MASTER, ViewLayer | Synchronizing object | PSU1_side_shell
Fra:22 Mem:288.83M (Peak 289.82M) | Time:00:00.28 | Mem:0.00M, Peak:0.00M | C6420_4N_24SFF_v002_MASTER, ViewLayer | Synchronizing object | Carrier00_release_bezel
Fra:22 Mem:288.85M (Peak 289.82M) | Time:00:00.28 | Mem:0.00M, Peak:0.00M | C6420_4N_24SFF_v002_MASTER, ViewLayer | Synchronizing object | Carrier00_square_release_pad
Fra:22 Mem:288.88M (Peak 289.82M) | Time:00:00.28 | Mem:0.00M, Peak:0.00M | C6420_4N_24SFF_v002_MASTER, ViewLayer | Synchronizing object | Carrier00_setback_dark_air_shade
Fra:22 Mem:289.37M (Peak 289.82M) | Time:00:00.28 | Mem:0.00M, Peak:0.00M | C6420_4N_24SFF_v002_MASTER, ViewLayer | Synchronizing object | Carrier00_round_release_button
Fra:22 Mem:289.58M (Peak 289.82M) | Time:00:00.28 | Mem:0.00M, Peak:0.00M | C6420_4N_24SFF_v002_MASTER, ViewLayer | Synchronizing object | Carrier00_orange_release_ring
Fra:22 Mem:289.53M (Peak 289.82M) | Time:00:00.28 | Mem:0.00M, Peak:0.00M | C6420_4N_24SFF_v002_MASTER, ViewLayer | Synchronizing object | Carrier23_EMI_spring_1_8
Fra:22 Mem:289.89M (Peak 289.89M) | Time:00:00.28 | Mem:0.00M, Peak:0.00M | C6420_4N_24SFF_v002_MASTER, ViewLayer | Synchronizing object | Carrier00_button_inner_face
Fra:22 Mem:289.89M (Peak 289.89M) | Time:00:00.28 | Mem:0.00M, Peak:0.00M | C6420_4N_24SFF_v002_MASTER, ViewLayer | Synchronizing object | Carrier00_indicator_strip
Fra:22 Mem:292.56M (Peak 292.56M) | Time:00:00.28 | Mem:0.00M, Peak:0.00M | C6420_4N_24SFF_v002_MASTER, ViewLayer | Synchronizing object | Carrier00_status_lens_0
Fra:22 Mem:292.57M (Peak 292.57M) | Time:00:00.28 | Mem:0.00M, Peak:0.00M | C6420_4N_24SFF_v002_MASTER, ViewLayer | Synchronizing object | Carrier00_activity_symbol
Fra:22 Mem:292.71M (Peak 292.71M) | Time:00:00.28 | Mem:0.00M, Peak:0.00M | C6420_4N_24SFF_v002_MASTER, ViewLayer | Synchronizing object | Carrier00_disk_symbol
Fra:22 Mem:294.67M (Peak 294.67M) | Time:00:00.28 | Mem:0.00M, Peak:0.00M | C6420_4N_24SFF_v002_MASTER, ViewLayer | Synchronizing object | Carrier00_EMI_spring_-1_0
Fra:22 Mem:294.68M (Peak 294.68M) | Time:00:00.28 | Mem:0.00M, Peak:0.00M | C6420_4N_24SFF_v002_MASTER, ViewLayer | Synchronizing object | Carrier00_EMI_spring_-1_1
Fra:22 Mem:294.70M (Peak 294.70M) | Time:00:00.28 | Mem:0.00M, Peak:0.00M | C6420_4N_24SFF_v002_MASTER, ViewLayer | Synchronizing object | Carrier00_EMI_spring_-1_2
Fra:22 Mem:294.71M (Peak 294.71M) | Time:00:00.28 | Mem:0.00M, Peak:0.00M | C6420_4N_24SFF_v002_MASTER, ViewLayer | Synchronizing object | Carrier00_EMI_spring_-1_3
Fra:22 Mem:296.85M (Peak 296.85M) | Time:00:00.28 | Mem:0.00M, Peak:0.00M | C6420_4N_24SFF_v002_MASTER, ViewLayer | Synchronizing object | Carrier00_EMI_spring_-1_4
Fra:22 Mem:296.84M (Peak 296.85M) | Time:00:00.28 | Mem:0.00M, Peak:0.00M | C6420_4N_24SFF_v002_MASTER, ViewLayer | Synchronizing object | Carrier00_EMI_spring_-1_5
Fra:22 Mem:296.44M (Peak 296.85M) | Time:00:00.28 | Mem:0.00M, Peak:0.00M | C6420_4N_24SFF_v002_MASTER, ViewLayer | Synchronizing object | Carrier00_EMI_spring_-1_6
Fra:22 Mem:296.44M (Peak 296.85M) | Time:00:00.28 | Mem:0.00M, Peak:0.00M | C6420_4N_24SFF_v002_MASTER, ViewLayer | Synchronizing object | Carrier00_EMI_spring_-1_7
Fra:22 Mem:296.41M (Peak 296.85M) | Time:00:00.28 | Mem:0.00M, Peak:0.00M | C6420_4N_24SFF_v002_MASTER, ViewLayer | Synchronizing object | Carrier00_EMI_spring_-1_8
Fra:22 Mem:296.47M (Peak 296.85M) | Time:00:00.28 | Mem:0.00M, Peak:0.00M | C6420_4N_24SFF_v002_MASTER, ViewLayer | Synchronizing object | Carrier00_EMI_spring_1_0
Fra:22 Mem:296.53M (Peak 296.85M) | Time:00:00.28 | Mem:0.00M, Peak:0.00M | C6420_4N_24SFF_v002_MASTER, ViewLayer | Synchronizing object | Carrier00_EMI_spring_1_1
Fra:22 Mem:296.52M (Peak 296.85M) | Time:00:00.28 | Mem:0.00M, Peak:0.00M | C6420_4N_24SFF_v002_MASTER, ViewLayer | Synchronizing object | Carrier00_EMI_spring_1_2
Fra:22 Mem:296.57M (Peak 296.85M) | Time:00:00.28 | Mem:0.00M, Peak:0.00M | C6420_4N_24SFF_v002_MASTER, ViewLayer | Synchronizing object | Carrier23_EMI_spring_1_7
Fra:22 Mem:296.63M (Peak 296.85M) | Time:00:00.28 | Mem:0.00M, Peak:0.00M | C6420_4N_24SFF_v002_MASTER, ViewLayer | Synchronizing object | Carrier00_EMI_spring_1_3
Fra:22 Mem:296.63M (Peak 296.85M) | Time:00:00.28 | Mem:0.00M, Peak:0.00M | C6420_4N_24SFF_v002_MASTER, ViewLayer | Synchronizing object | Carrier23_EMI_spring_1_6
Fra:22 Mem:296.70M (Peak 296.85M) | Time:00:00.28 | Mem:0.00M, Peak:0.00M | C6420_4N_24SFF_v002_MASTER, ViewLayer | Synchronizing object | Carrier00_EMI_spring_1_4
Fra:22 Mem:296.71M (Peak 296.85M) | Time:00:00.28 | Mem:0.00M, Peak:0.00M | C6420_4N_24SFF_v002_MASTER, ViewLayer | Synchronizing object | Carrier00_EMI_spring_1_5
Fra:22 Mem:296.71M (Peak 296.85M) | Time:00:00.28 | Mem:0.00M, Peak:0.00M | C6420_4N_24SFF_v002_MASTER, ViewLayer | Synchronizing object | Carrier00_EMI_spring_1_6
Fra:22 Mem:297.25M (Peak 297.25M) | Time:00:00.28 | Mem:0.00M, Peak:0.00M | C6420_4N_24SFF_v002_MASTER, ViewLayer | Synchronizing object | Carrier00_EMI_spring_1_8
Fra:22 Mem:297.24M (Peak 297.25M) | Time:00:00.28 | Mem:0.00M, Peak:0.00M | C6420_4N_24SFF_v002_MASTER, ViewLayer | Synchronizing object | Carrier23_EMI_spring_1_5
Fra:22 Mem:297.31M (Peak 297.31M) | Time:00:00.28 | Mem:0.00M, Peak:0.00M | C6420_4N_24SFF_v002_MASTER, ViewLayer | Synchronizing object | Carrier01_hinge_return_spring
Fra:22 Mem:297.60M (Peak 297.60M) | Time:00:00.28 | Mem:0.00M, Peak:0.00M | C6420_4N_24SFF_v002_MASTER, ViewLayer | Synchronizing object | Carrier23_EMI_spring_1_4
Fra:22 Mem:297.58M (Peak 297.60M) | Time:00:00.28 | Mem:0.00M, Peak:0.00M | C6420_4N_24SFF_v002_MASTER, ViewLayer | Synchronizing object | Carrier01_activity_symbol
Fra:22 Mem:299.24M (Peak 299.25M) | Time:00:00.28 | Mem:0.00M, Peak:0.00M | C6420_4N_24SFF_v002_MASTER, ViewLayer | Synchronizing object | Carrier01_EMI_spring_-1_0
Fra:22 Mem:299.29M (Peak 299.29M) | Time:00:00.28 | Mem:0.00M, Peak:0.00M | C6420_4N_24SFF_v002_MASTER, ViewLayer | Synchronizing object | Carrier23_EMI_spring_1_3
Fra:22 Mem:299.58M (Peak 299.58M) | Time:00:00.29 | Mem:0.00M, Peak:0.00M | C6420_4N_24SFF_v002_MASTER, ViewLayer | Synchronizing object | Carrier23_EMI_spring_1_2
Fra:22 Mem:299.57M (Peak 299.58M) | Time:00:00.29 | Mem:0.00M, Peak:0.00M | C6420_4N_24SFF_v002_MASTER, ViewLayer | Synchronizing object | Carrier23_EMI_spring_1_1
Fra:22 Mem:300.20M (Peak 300.20M) | Time:00:00.29 | Mem:0.00M, Peak:0.00M | C6420_4N_24SFF_v002_MASTER, ViewLayer | Synchronizing object | Carrier23_EMI_spring_1_0
Fra:22 Mem:300.84M (Peak 300.84M) | Time:00:00.29 | Mem:0.00M, Peak:0.00M | C6420_4N_24SFF_v002_MASTER, ViewLayer | Synchronizing object | Carrier23_EMI_spring_-1_8
Fra:22 Mem:300.86M (Peak 300.86M) | Time:00:00.29 | Mem:0.00M, Peak:0.00M | C6420_4N_24SFF_v002_MASTER, ViewLayer | Synchronizing object | Carrier23_EMI_spring_-1_7
Fra:22 Mem:300.87M (Peak 300.87M) | Time:00:00.29 | Mem:0.00M, Peak:0.00M | C6420_4N_24SFF_v002_MASTER, ViewLayer | Synchronizing object | Carrier23_EMI_spring_-1_6
Fra:22 Mem:301.12M (Peak 301.12M) | Time:00:00.29 | Mem:0.00M, Peak:0.00M | C6420_4N_24SFF_v002_MASTER, ViewLayer | Synchronizing object | Carrier23_EMI_spring_-1_5
Fra:22 Mem:301.17M (Peak 301.17M) | Time:00:00.29 | Mem:0.00M, Peak:0.00M | C6420_4N_24SFF_v002_MASTER, ViewLayer | Synchronizing object | Carrier23_EMI_spring_-1_4
Fra:22 Mem:301.66M (Peak 301.66M) | Time:00:00.29 | Mem:0.00M, Peak:0.00M | C6420_4N_24SFF_v002_MASTER, ViewLayer | Synchronizing object | Carrier23_EMI_spring_-1_3
Fra:22 Mem:301.67M (Peak 301.67M) | Time:00:00.29 | Mem:0.00M, Peak:0.00M | C6420_4N_24SFF_v002_MASTER, ViewLayer | Synchronizing object | Carrier01_EMI_spring_-1_1
Fra:22 Mem:301.68M (Peak 301.68M) | Time:00:00.29 | Mem:0.00M, Peak:0.00M | C6420_4N_24SFF_v002_MASTER, ViewLayer | Synchronizing object | Carrier01_EMI_spring_-1_2
Fra:22 Mem:301.78M (Peak 301.78M) | Time:00:00.29 | Mem:0.00M, Peak:0.00M | C6420_4N_24SFF_v002_MASTER, ViewLayer | Synchronizing object | Carrier01_EMI_spring_-1_4
Fra:22 Mem:301.76M (Peak 301.78M) | Time:00:00.29 | Mem:0.00M, Peak:0.00M | C6420_4N_24SFF_v002_MASTER, ViewLayer | Synchronizing object | Carrier01_EMI_spring_-1_6
Fra:22 Mem:301.76M (Peak 301.78M) | Time:00:00.29 | Mem:0.00M, Peak:0.00M | C6420_4N_24SFF_v002_MASTER, ViewLayer | Synchronizing object | Carrier23_EMI_spring_-1_2
Fra:22 Mem:301.27M (Peak 301.78M) | Time:00:00.29 | Mem:0.00M, Peak:0.00M | C6420_4N_24SFF_v002_MASTER, ViewLayer | Synchronizing object | Carrier23_EMI_spring_-1_1
Fra:22 Mem:301.81M (Peak 301.81M) | Time:00:00.29 | Mem:0.00M, Peak:0.00M | C6420_4N_24SFF_v002_MASTER, ViewLayer | Synchronizing object | Carrier23_EMI_spring_-1_0
Fra:22 Mem:301.82M (Peak 301.82M) | Time:00:00.29 | Mem:0.00M, Peak:0.00M | C6420_4N_24SFF_v002_MASTER, ViewLayer | Synchronizing object | Carrier01_EMI_spring_-1_7
Fra:22 Mem:302.00M (Peak 302.00M) | Time:00:00.29 | Mem:0.00M, Peak:0.00M | C6420_4N_24SFF_v002_MASTER, ViewLayer | Synchronizing object | Carrier23_activity_symbol
Fra:22 Mem:302.00M (Peak 302.00M) | Time:00:00.29 | Mem:0.00M, Peak:0.00M | C6420_4N_24SFF_v002_MASTER, ViewLayer | Synchronizing object | Carrier01_EMI_spring_-1_8
Fra:22 Mem:302.04M (Peak 302.04M) | Time:00:00.29 | Mem:0.00M, Peak:0.00M | C6420_4N_24SFF_v002_MASTER, ViewLayer | Synchronizing object | Carrier01_EMI_spring_1_0
Fra:22 Mem:302.04M (Peak 302.04M) | Time:00:00.29 | Mem:0.00M, Peak:0.00M | C6420_4N_24SFF_v002_MASTER, ViewLayer | Synchronizing object | Carrier01_EMI_spring_1_1
Fra:22 Mem:302.64M (Peak 302.64M) | Time:00:00.29 | Mem:0.00M, Peak:0.00M | C6420_4N_24SFF_v002_MASTER, ViewLayer | Synchronizing object | Carrier23_hinge_return_spring
Fra:22 Mem:302.65M (Peak 302.65M) | Time:00:00.29 | Mem:0.00M, Peak:0.00M | C6420_4N_24SFF_v002_MASTER, ViewLayer | Synchronizing object | Carrier01_EMI_spring_1_4
Fra:22 Mem:302.66M (Peak 302.67M) | Time:00:00.29 | Mem:0.00M, Peak:0.00M | C6420_4N_24SFF_v002_MASTER, ViewLayer | Synchronizing object | Carrier01_EMI_spring_1_5
Fra:22 Mem:300.12M (Peak 302.67M) | Time:00:00.29 | Mem:0.00M, Peak:0.00M | C6420_4N_24SFF_v002_MASTER, ViewLayer | Synchronizing object | Carrier01_EMI_spring_1_6
Fra:22 Mem:300.14M (Peak 302.67M) | Time:00:00.29 | Mem:0.00M, Peak:0.00M | C6420_4N_24SFF_v002_MASTER, ViewLayer | Synchronizing object | Carrier01_EMI_spring_1_7
Fra:22 Mem:300.79M (Peak 302.67M) | Time:00:00.29 | Mem:0.00M, Peak:0.00M | C6420_4N_24SFF_v002_MASTER, ViewLayer | Synchronizing object | Carrier01_EMI_spring_1_8
Fra:22 Mem:300.79M (Peak 302.67M) | Time:00:00.29 | Mem:0.00M, Peak:0.00M | C6420_4N_24SFF_v002_MASTER, ViewLayer | Synchronizing object | Carrier02_hinge_return_spring
Fra:22 Mem:300.78M (Peak 302.67M) | Time:00:00.29 | Mem:0.00M, Peak:0.00M | C6420_4N_24SFF_v002_MASTER, ViewLayer | Synchronizing object | Carrier02_activity_symbol
Fra:22 Mem:301.13M (Peak 302.67M) | Time:00:00.29 | Mem:0.00M, Peak:0.00M | C6420_4N_24SFF_v002_MASTER, ViewLayer | Synchronizing object | Carrier02_EMI_spring_-1_0
Fra:22 Mem:301.19M (Peak 302.67M) | Time:00:00.29 | Mem:0.00M, Peak:0.00M | C6420_4N_24SFF_v002_MASTER, ViewLayer | Synchronizing object | Carrier02_EMI_spring_-1_1
Fra:22 Mem:301.17M (Peak 302.67M) | Time:00:00.29 | Mem:0.00M, Peak:0.00M | C6420_4N_24SFF_v002_MASTER, ViewLayer | Synchronizing object | Carrier02_EMI_spring_-1_2
Fra:22 Mem:302.25M (Peak 302.67M) | Time:00:00.29 | Mem:0.00M, Peak:0.00M | C6420_4N_24SFF_v002_MASTER, ViewLayer | Synchronizing object | Carrier02_EMI_spring_-1_3
Fra:22 Mem:299.91M (Peak 302.67M) | Time:00:00.29 | Mem:0.00M, Peak:0.00M | C6420_4N_24SFF_v002_MASTER, ViewLayer | Synchronizing object | Carrier02_EMI_spring_-1_4
Fra:22 Mem:300.14M (Peak 302.67M) | Time:00:00.29 | Mem:0.00M, Peak:0.00M | C6420_4N_24SFF_v002_MASTER, ViewLayer | Synchronizing object | Carrier02_EMI_spring_-1_5
Fra:22 Mem:300.34M (Peak 302.67M) | Time:00:00.29 | Mem:0.00M, Peak:0.00M | C6420_4N_24SFF_v002_MASTER, ViewLayer | Synchronizing object | Carrier02_EMI_spring_-1_6
Fra:22 Mem:302.04M (Peak 302.67M) | Time:00:00.29 | Mem:0.00M, Peak:0.00M | C6420_4N_24SFF_v002_MASTER, ViewLayer | Synchronizing object | Carrier02_EMI_spring_-1_7
Fra:22 Mem:302.04M (Peak 302.67M) | Time:00:00.29 | Mem:0.00M, Peak:0.00M | C6420_4N_24SFF_v002_MASTER, ViewLayer | Synchronizing object | Carrier02_EMI_spring_-1_8
Fra:22 Mem:302.06M (Peak 302.67M) | Time:00:00.29 | Mem:0.00M, Peak:0.00M | C6420_4N_24SFF_v002_MASTER, ViewLayer | Synchronizing object | Carrier02_EMI_spring_1_0
Fra:22 Mem:302.07M (Peak 302.67M) | Time:00:00.29 | Mem:0.00M, Peak:0.00M | C6420_4N_24SFF_v002_MASTER, ViewLayer | Synchronizing object | Carrier02_EMI_spring_1_1
Fra:22 Mem:302.59M (Peak 302.67M) | Time:00:00.29 | Mem:0.00M, Peak:0.00M | C6420_4N_24SFF_v002_MASTER, ViewLayer | Synchronizing object | Carrier02_EMI_spring_1_2
Fra:22 Mem:302.57M (Peak 302.67M) | Time:00:00.29 | Mem:0.00M, Peak:0.00M | C6420_4N_24SFF_v002_MASTER, ViewLayer | Synchronizing object | Carrier02_EMI_spring_1_3
Fra:22 Mem:302.58M (Peak 302.67M) | Time:00:00.29 | Mem:0.00M, Peak:0.00M | C6420_4N_24SFF_v002_MASTER, ViewLayer | Synchronizing object | Carrier02_EMI_spring_1_4
Fra:22 Mem:302.61M (Peak 302.67M) | Time:00:00.29 | Mem:0.00M, Peak:0.00M | C6420_4N_24SFF_v002_MASTER, ViewLayer | Synchronizing object | Carrier02_EMI_spring_1_5
Fra:22 Mem:302.51M (Peak 302.67M) | Time:00:00.29 | Mem:0.00M, Peak:0.00M | C6420_4N_24SFF_v002_MASTER, ViewLayer | Synchronizing object | Carrier02_EMI_spring_1_6
Fra:22 Mem:302.58M (Peak 302.67M) | Time:00:00.29 | Mem:0.00M, Peak:0.00M | C6420_4N_24SFF_v002_MASTER, ViewLayer | Synchronizing object | Carrier02_EMI_spring_1_7
Fra:22 Mem:302.53M (Peak 302.67M) | Time:00:00.29 | Mem:0.00M, Peak:0.00M | C6420_4N_24SFF_v002_MASTER, ViewLayer | Synchronizing object | Carrier22_EMI_spring_1_8
Fra:22 Mem:302.55M (Peak 302.67M) | Time:00:00.29 | Mem:0.00M, Peak:0.00M | C6420_4N_24SFF_v002_MASTER, ViewLayer | Synchronizing object | Carrier02_EMI_spring_1_8
Fra:22 Mem:302.55M (Peak 302.67M) | Time:00:00.29 | Mem:0.00M, Peak:0.00M | C6420_4N_24SFF_v002_MASTER, ViewLayer | Synchronizing object | Carrier03_hinge_return_spring
Fra:22 Mem:302.62M (Peak 302.67M) | Time:00:00.29 | Mem:0.00M, Peak:0.00M | C6420_4N_24SFF_v002_MASTER, ViewLayer | Synchronizing object | Carrier03_activity_symbol
Fra:22 Mem:303.11M (Peak 303.11M) | Time:00:00.29 | Mem:0.00M, Peak:0.00M | C6420_4N_24SFF_v002_MASTER, ViewLayer | Synchronizing object | Carrier03_EMI_spring_-1_0
Fra:22 Mem:302.86M (Peak 303.11M) | Time:00:00.29 | Mem:0.00M, Peak:0.00M | C6420_4N_24SFF_v002_MASTER, ViewLayer | Synchronizing object | Carrier22_EMI_spring_1_7
Fra:22 Mem:303.03M (Peak 303.11M) | Time:00:00.29 | Mem:0.00M, Peak:0.00M | C6420_4N_24SFF_v002_MASTER, ViewLayer | Synchronizing object | Carrier03_EMI_spring_-1_1
Fra:22 Mem:303.01M (Peak 303.11M) | Time:00:00.29 | Mem:0.00M, Peak:0.00M | C6420_4N_24SFF_v002_MASTER, ViewLayer | Synchronizing object | Carrier22_EMI_spring_1_6
Fra:22 Mem:303.43M (Peak 303.43M) | Time:00:00.29 | Mem:0.00M, Peak:0.00M | C6420_4N_24SFF_v002_MASTER, ViewLayer | Synchronizing object | Carrier03_EMI_spring_-1_2
Fra:22 Mem:303.44M (Peak 303.44M) | Time:00:00.29 | Mem:0.00M, Peak:0.00M | C6420_4N_24SFF_v002_MASTER, ViewLayer | Synchronizing object | Carrier22_EMI_spring_1_5
Fra:22 Mem:303.46M (Peak 303.46M) | Time:00:00.29 | Mem:0.00M, Peak:0.00M | C6420_4N_24SFF_v002_MASTER, ViewLayer | Synchronizing object | Carrier03_EMI_spring_-1_3
Fra:22 Mem:303.45M (Peak 303.46M) | Time:00:00.29 | Mem:0.00M, Peak:0.00M | C6420_4N_24SFF_v002_MASTER, ViewLayer | Synchronizing object | Carrier03_EMI_spring_-1_4
Fra:22 Mem:303.48M (Peak 303.48M) | Time:00:00.29 | Mem:0.00M, Peak:0.00M | C6420_4N_24SFF_v002_MASTER, ViewLayer | Synchronizing object | Carrier03_EMI_spring_-1_5
Fra:22 Mem:303.49M (Peak 303.49M) | Time:00:00.29 | Mem:0.00M, Peak:0.00M | C6420_4N_24SFF_v002_MASTER, ViewLayer | Synchronizing object | Carrier03_EMI_spring_-1_6
Fra:22 Mem:303.51M (Peak 303.51M) | Time:00:00.29 | Mem:0.00M, Peak:0.00M | C6420_4N_24SFF_v002_MASTER, ViewLayer | Synchronizing object | Carrier03_EMI_spring_-1_7
Fra:22 Mem:303.49M (Peak 303.51M) | Time:00:00.29 | Mem:0.00M, Peak:0.00M | C6420_4N_24SFF_v002_MASTER, ViewLayer | Synchronizing object | Carrier22_EMI_spring_1_3
Fra:22 Mem:303.53M (Peak 303.53M) | Time:00:00.29 | Mem:0.00M, Peak:0.00M | C6420_4N_24SFF_v002_MASTER, ViewLayer | Synchronizing object | Carrier03_EMI_spring_-1_8
Fra:22 Mem:304.60M (Peak 304.64M) | Time:00:00.29 | Mem:0.00M, Peak:0.00M | C6420_4N_24SFF_v002_MASTER, ViewLayer | Synchronizing object | Carrier22_EMI_spring_1_2
Fra:22 Mem:304.65M (Peak 304.65M) | Time:00:00.29 | Mem:0.00M, Peak:0.00M | C6420_4N_24SFF_v002_MASTER, ViewLayer | Synchronizing object | Carrier03_EMI_spring_1_1
Fra:22 Mem:304.68M (Peak 304.68M) | Time:00:00.29 | Mem:0.00M, Peak:0.00M | C6420_4N_24SFF_v002_MASTER, ViewLayer | Synchronizing object | Carrier03_EMI_spring_1_2
Fra:22 Mem:304.70M (Peak 304.70M) | Time:00:00.29 | Mem:0.00M, Peak:0.00M | C6420_4N_24SFF_v002_MASTER, ViewLayer | Synchronizing object | Carrier03_EMI_spring_1_3
Fra:22 Mem:304.75M (Peak 304.76M) | Time:00:00.29 | Mem:0.00M, Peak:0.00M | C6420_4N_24SFF_v002_MASTER, ViewLayer | Synchronizing object | Carrier03_EMI_spring_1_4
Fra:22 Mem:304.84M (Peak 304.84M) | Time:00:00.29 | Mem:0.00M, Peak:0.00M | C6420_4N_24SFF_v002_MASTER, ViewLayer | Synchronizing object | Carrier22_EMI_spring_1_1
Fra:22 Mem:304.86M (Peak 304.86M) | Time:00:00.29 | Mem:0.00M, Peak:0.00M | C6420_4N_24SFF_v002_MASTER, ViewLayer | Synchronizing object | Carrier03_EMI_spring_1_5
Fra:22 Mem:304.92M (Peak 304.92M) | Time:00:00.29 | Mem:0.00M, Peak:0.00M | C6420_4N_24SFF_v002_MASTER, ViewLayer | Synchronizing object | Carrier22_EMI_spring_1_0
Fra:22 Mem:304.91M (Peak 304.92M) | Time:00:00.29 | Mem:0.00M, Peak:0.00M | C6420_4N_24SFF_v002_MASTER, ViewLayer | Synchronizing object | Carrier03_EMI_spring_1_7
Fra:22 Mem:304.90M (Peak 304.92M) | Time:00:00.29 | Mem:0.00M, Peak:0.00M | C6420_4N_24SFF_v002_MASTER, ViewLayer | Synchronizing object | Carrier03_EMI_spring_1_8
Fra:22 Mem:304.90M (Peak 304.92M) | Time:00:00.29 | Mem:0.00M, Peak:0.00M | C6420_4N_24SFF_v002_MASTER, ViewLayer | Synchronizing object | Carrier04_activity_symbol
Fra:22 Mem:304.97M (Peak 304.97M) | Time:00:00.29 | Mem:0.00M, Peak:0.00M | C6420_4N_24SFF_v002_MASTER, ViewLayer | Synchronizing object | Carrier22_EMI_spring_-1_8
Fra:22 Mem:305.04M (Peak 305.04M) | Time:00:00.29 | Mem:0.00M, Peak:0.00M | C6420_4N_24SFF_v002_MASTER, ViewLayer | Synchronizing object | Carrier04_EMI_spring_-1_0
Fra:22 Mem:305.03M (Peak 305.04M) | Time:00:00.29 | Mem:0.00M, Peak:0.00M | C6420_4N_24SFF_v002_MASTER, ViewLayer | Synchronizing object | Carrier04_EMI_spring_-1_1
Fra:22 Mem:305.03M (Peak 305.04M) | Time:00:00.29 | Mem:0.00M, Peak:0.00M | C6420_4N_24SFF_v002_MASTER, ViewLayer | Synchronizing object | Carrier04_EMI_spring_-1_2
Fra:22 Mem:305.66M (Peak 305.66M) | Time:00:00.29 | Mem:0.00M, Peak:0.00M | C6420_4N_24SFF_v002_MASTER, ViewLayer | Synchronizing object | Carrier22_EMI_spring_-1_7
Fra:22 Mem:305.72M (Peak 305.72M) | Time:00:00.29 | Mem:0.00M, Peak:0.00M | C6420_4N_24SFF_v002_MASTER, ViewLayer | Synchronizing object | Carrier04_EMI_spring_-1_3
Fra:22 Mem:305.71M (Peak 305.72M) | Time:00:00.29 | Mem:0.00M, Peak:0.00M | C6420_4N_24SFF_v002_MASTER, ViewLayer | Synchronizing object | Carrier04_EMI_spring_-1_4
Fra:22 Mem:305.73M (Peak 305.73M) | Time:00:00.29 | Mem:0.00M, Peak:0.00M | C6420_4N_24SFF_v002_MASTER, ViewLayer | Synchronizing object | Carrier04_EMI_spring_-1_5
Fra:22 Mem:305.73M (Peak 305.73M) | Time:00:00.29 | Mem:0.00M, Peak:0.00M | C6420_4N_24SFF_v002_MASTER, ViewLayer | Synchronizing object | Carrier22_EMI_spring_-1_6
Fra:22 Mem:305.74M (Peak 305.74M) | Time:00:00.29 | Mem:0.00M, Peak:0.00M | C6420_4N_24SFF_v002_MASTER, ViewLayer | Synchronizing object | Carrier04_EMI_spring_-1_6
Fra:22 Mem:305.74M (Peak 305.74M) | Time:00:00.29 | Mem:0.00M, Peak:0.00M | C6420_4N_24SFF_v002_MASTER, ViewLayer | Synchronizing object | Carrier22_EMI_spring_-1_5
Fra:22 Mem:305.16M (Peak 305.74M) | Time:00:00.29 | Mem:0.00M, Peak:0.00M | C6420_4N_24SFF_v002_MASTER, ViewLayer | Synchronizing object | Carrier22_EMI_spring_-1_4
Fra:22 Mem:307.28M (Peak 307.29M) | Time:00:00.29 | Mem:0.00M, Peak:0.00M | C6420_4N_24SFF_v002_MASTER, ViewLayer | Synchronizing object | Carrier22_EMI_spring_-1_3
Fra:22 Mem:307.29M (Peak 307.29M) | Time:00:00.29 | Mem:0.00M, Peak:0.00M | C6420_4N_24SFF_v002_MASTER, ViewLayer | Synchronizing object | Carrier22_EMI_spring_-1_2
Fra:22 Mem:307.30M (Peak 307.30M) | Time:00:00.29 | Mem:0.00M, Peak:0.00M | C6420_4N_24SFF_v002_MASTER, ViewLayer | Synchronizing object | Carrier22_EMI_spring_-1_1
Fra:22 Mem:308.37M (Peak 308.37M) | Time:00:00.29 | Mem:0.00M, Peak:0.00M | C6420_4N_24SFF_v002_MASTER, ViewLayer | Synchronizing object | Carrier22_EMI_spring_-1_0
Fra:22 Mem:308.47M (Peak 308.47M) | Time:00:00.29 | Mem:0.00M, Peak:0.00M | C6420_4N_24SFF_v002_MASTER, ViewLayer | Synchronizing object | Carrier22_activity_symbol
Fra:22 Mem:308.97M (Peak 308.97M) | Time:00:00.29 | Mem:0.00M, Peak:0.00M | C6420_4N_24SFF_v002_MASTER, ViewLayer | Synchronizing object | Carrier22_hinge_return_spring
Fra:22 Mem:308.80M (Peak 308.97M) | Time:00:00.29 | Mem:0.00M, Peak:0.00M | C6420_4N_24SFF_v002_MASTER, ViewLayer | Synchronizing object | Carrier21_EMI_spring_1_8
Fra:22 Mem:310.03M (Peak 310.03M) | Time:00:00.29 | Mem:0.00M, Peak:0.00M | C6420_4N_24SFF_v002_MASTER, ViewLayer | Synchronizing object | Carrier21_EMI_spring_1_7
Fra:22 Mem:310.05M (Peak 310.05M) | Time:00:00.29 | Mem:0.00M, Peak:0.00M | C6420_4N_24SFF_v002_MASTER, ViewLayer | Synchronizing object | Carrier21_EMI_spring_1_6
Fra:22 Mem:310.06M (Peak 310.06M) | Time:00:00.29 | Mem:0.00M, Peak:0.00M | C6420_4N_24SFF_v002_MASTER, ViewLayer | Synchronizing object | Carrier21_EMI_spring_1_5
Fra:22 Mem:310.07M (Peak 310.07M) | Time:00:00.29 | Mem:0.00M, Peak:0.00M | C6420_4N_24SFF_v002_MASTER, ViewLayer | Synchronizing object | Carrier21_EMI_spring_1_4
Fra:22 Mem:310.55M (Peak 310.55M) | Time:00:00.29 | Mem:0.00M, Peak:0.00M | C6420_4N_24SFF_v002_MASTER, ViewLayer | Synchronizing object | Carrier21_EMI_spring_1_3
Fra:22 Mem:310.56M (Peak 310.56M) | Time:00:00.29 | Mem:0.00M, Peak:0.00M | C6420_4N_24SFF_v002_MASTER, ViewLayer | Synchronizing object | Carrier21_EMI_spring_1_2
Fra:22 Mem:310.57M (Peak 310.57M) | Time:00:00.29 | Mem:0.00M, Peak:0.00M | C6420_4N_24SFF_v002_MASTER, ViewLayer | Synchronizing object | Carrier21_EMI_spring_1_1
Fra:22 Mem:310.58M (Peak 310.58M) | Time:00:00.29 | Mem:0.00M, Peak:0.00M | C6420_4N_24SFF_v002_MASTER, ViewLayer | Synchronizing object | Carrier21_EMI_spring_1_0
Fra:22 Mem:310.60M (Peak 310.60M) | Time:00:00.30 | Mem:0.00M, Peak:0.00M | C6420_4N_24SFF_v002_MASTER, ViewLayer | Synchronizing object | Carrier21_EMI_spring_-1_8
Fra:22 Mem:310.61M (Peak 310.61M) | Time:00:00.30 | Mem:0.00M, Peak:0.00M | C6420_4N_24SFF_v002_MASTER, ViewLayer | Synchronizing object | Carrier21_EMI_spring_-1_7
Fra:22 Mem:310.62M (Peak 310.62M) | Time:00:00.30 | Mem:0.00M, Peak:0.00M | C6420_4N_24SFF_v002_MASTER, ViewLayer | Synchronizing object | Carrier04_EMI_spring_-1_7
Fra:22 Mem:311.17M (Peak 311.17M) | Time:00:00.30 | Mem:0.00M, Peak:0.00M | C6420_4N_24SFF_v002_MASTER, ViewLayer | Synchronizing object | Carrier21_EMI_spring_-1_6
Fra:22 Mem:311.17M (Peak 311.17M) | Time:00:00.30 | Mem:0.00M, Peak:0.00M | C6420_4N_24SFF_v002_MASTER, ViewLayer | Synchronizing object | Carrier21_EMI_spring_-1_5
Fra:22 Mem:311.18M (Peak 311.18M) | Time:00:00.30 | Mem:0.00M, Peak:0.00M | C6420_4N_24SFF_v002_MASTER, ViewLayer | Synchronizing object | Carrier21_EMI_spring_-1_4
Fra:22 Mem:311.19M (Peak 311.19M) | Time:00:00.30 | Mem:0.00M, Peak:0.00M | C6420_4N_24SFF_v002_MASTER, ViewLayer | Synchronizing object | Carrier21_EMI_spring_-1_3
Fra:22 Mem:311.20M (Peak 311.20M) | Time:00:00.30 | Mem:0.00M, Peak:0.00M | C6420_4N_24SFF_v002_MASTER, ViewLayer | Synchronizing object | Carrier21_EMI_spring_-1_2
Fra:22 Mem:311.69M (Peak 311.69M) | Time:00:00.30 | Mem:0.00M, Peak:0.00M | C6420_4N_24SFF_v002_MASTER, ViewLayer | Synchronizing object | Carrier21_EMI_spring_-1_1
Fra:22 Mem:311.70M (Peak 311.70M) | Time:00:00.30 | Mem:0.00M, Peak:0.00M | C6420_4N_24SFF_v002_MASTER, ViewLayer | Synchronizing object | Carrier21_EMI_spring_-1_0
Fra:22 Mem:311.71M (Peak 311.71M) | Time:00:00.30 | Mem:0.00M, Peak:0.00M | C6420_4N_24SFF_v002_MASTER, ViewLayer | Synchronizing object | Carrier21_activity_symbol
Fra:22 Mem:311.72M (Peak 311.72M) | Time:00:00.30 | Mem:0.00M, Peak:0.00M | C6420_4N_24SFF_v002_MASTER, ViewLayer | Synchronizing object | Carrier21_hinge_return_spring
Fra:22 Mem:311.99M (Peak 311.99M) | Time:00:00.30 | Mem:0.00M, Peak:0.00M | C6420_4N_24SFF_v002_MASTER, ViewLayer | Synchronizing object | Carrier04_EMI_spring_-1_8
Fra:22 Mem:311.88M (Peak 311.99M) | Time:00:00.30 | Mem:0.00M, Peak:0.00M | C6420_4N_24SFF_v002_MASTER, ViewLayer | Synchronizing object | Carrier20_EMI_spring_1_8
Fra:22 Mem:312.95M (Peak 312.96M) | Time:00:00.30 | Mem:0.00M, Peak:0.00M | C6420_4N_24SFF_v002_MASTER, ViewLayer | Synchronizing object | Carrier20_EMI_spring_1_7
Fra:22 Mem:312.96M (Peak 312.96M) | Time:00:00.30 | Mem:0.00M, Peak:0.00M | C6420_4N_24SFF_v002_MASTER, ViewLayer | Synchronizing object | Carrier20_EMI_spring_1_6
Fra:22 Mem:312.97M (Peak 312.97M) | Time:00:00.30 | Mem:0.00M, Peak:0.00M | C6420_4N_24SFF_v002_MASTER, ViewLayer | Synchronizing object | Carrier04_EMI_spring_1_0
Fra:22 Mem:312.98M (Peak 312.98M) | Time:00:00.30 | Mem:0.00M, Peak:0.00M | C6420_4N_24SFF_v002_MASTER, ViewLayer | Synchronizing object | Carrier20_EMI_spring_1_5
Fra:22 Mem:313.01M (Peak 313.01M) | Time:00:00.30 | Mem:0.00M, Peak:0.00M | C6420_4N_24SFF_v002_MASTER, ViewLayer | Synchronizing object | Carrier20_EMI_spring_1_4
Fra:22 Mem:313.01M (Peak 313.01M) | Time:00:00.30 | Mem:0.00M, Peak:0.00M | C6420_4N_24SFF_v002_MASTER, ViewLayer | Synchronizing object | Carrier20_EMI_spring_1_3
Fra:22 Mem:313.02M (Peak 313.02M) | Time:00:00.30 | Mem:0.00M, Peak:0.00M | C6420_4N_24SFF_v002_MASTER, ViewLayer | Synchronizing object | Carrier20_EMI_spring_1_2
Fra:22 Mem:313.03M (Peak 313.03M) | Time:00:00.30 | Mem:0.00M, Peak:0.00M | C6420_4N_24SFF_v002_MASTER, ViewLayer | Synchronizing object | Carrier20_EMI_spring_1_1
Fra:22 Mem:313.04M (Peak 313.04M) | Time:00:00.30 | Mem:0.00M, Peak:0.00M | C6420_4N_24SFF_v002_MASTER, ViewLayer | Synchronizing object | Carrier20_EMI_spring_1_0
Fra:22 Mem:313.05M (Peak 313.05M) | Time:00:00.30 | Mem:0.00M, Peak:0.00M | C6420_4N_24SFF_v002_MASTER, ViewLayer | Synchronizing object | Carrier20_EMI_spring_-1_8
Fra:22 Mem:315.17M (Peak 315.19M) | Time:00:00.30 | Mem:0.00M, Peak:0.00M | C6420_4N_24SFF_v002_MASTER, ViewLayer | Synchronizing object | Carrier20_EMI_spring_-1_7
Fra:22 Mem:315.19M (Peak 315.19M) | Time:00:00.30 | Mem:0.00M, Peak:0.00M | C6420_4N_24SFF_v002_MASTER, ViewLayer | Synchronizing object | Carrier20_EMI_spring_-1_6
Fra:22 Mem:315.20M (Peak 315.20M) | Time:00:00.30 | Mem:0.00M, Peak:0.00M | C6420_4N_24SFF_v002_MASTER, ViewLayer | Synchronizing object | Carrier20_EMI_spring_-1_5
Fra:22 Mem:315.21M (Peak 315.21M) | Time:00:00.30 | Mem:0.00M, Peak:0.00M | C6420_4N_24SFF_v002_MASTER, ViewLayer | Synchronizing object | Carrier20_EMI_spring_-1_4
Fra:22 Mem:315.22M (Peak 315.22M) | Time:00:00.30 | Mem:0.00M, Peak:0.00M | C6420_4N_24SFF_v002_MASTER, ViewLayer | Synchronizing object | Carrier20_EMI_spring_-1_3
Fra:22 Mem:315.23M (Peak 315.23M) | Time:00:00.30 | Mem:0.00M, Peak:0.00M | C6420_4N_24SFF_v002_MASTER, ViewLayer | Synchronizing object | Carrier20_EMI_spring_-1_2
Fra:22 Mem:315.24M (Peak 315.24M) | Time:00:00.30 | Mem:0.00M, Peak:0.00M | C6420_4N_24SFF_v002_MASTER, ViewLayer | Synchronizing object | Carrier20_EMI_spring_-1_1
Fra:22 Mem:315.25M (Peak 315.25M) | Time:00:00.30 | Mem:0.00M, Peak:0.00M | C6420_4N_24SFF_v002_MASTER, ViewLayer | Synchronizing object | Carrier20_EMI_spring_-1_0
Fra:22 Mem:315.26M (Peak 315.26M) | Time:00:00.30 | Mem:0.00M, Peak:0.00M | C6420_4N_24SFF_v002_MASTER, ViewLayer | Synchronizing object | Carrier20_activity_symbol
Fra:22 Mem:315.27M (Peak 315.27M) | Time:00:00.30 | Mem:0.00M, Peak:0.00M | C6420_4N_24SFF_v002_MASTER, ViewLayer | Synchronizing object | Carrier20_hinge_return_spring
Fra:22 Mem:315.95M (Peak 315.95M) | Time:00:00.30 | Mem:0.00M, Peak:0.00M | C6420_4N_24SFF_v002_MASTER, ViewLayer | Synchronizing object | Carrier19_EMI_spring_1_8
Fra:22 Mem:315.97M (Peak 315.97M) | Time:00:00.30 | Mem:0.00M, Peak:0.00M | C6420_4N_24SFF_v002_MASTER, ViewLayer | Synchronizing object | Carrier19_EMI_spring_1_7
Fra:22 Mem:315.98M (Peak 315.98M) | Time:00:00.30 | Mem:0.00M, Peak:0.00M | C6420_4N_24SFF_v002_MASTER, ViewLayer | Synchronizing object | Carrier19_EMI_spring_1_6
Fra:22 Mem:315.99M (Peak 315.99M) | Time:00:00.30 | Mem:0.00M, Peak:0.00M | C6420_4N_24SFF_v002_MASTER, ViewLayer | Synchronizing object | Carrier19_EMI_spring_1_5
Fra:22 Mem:316.00M (Peak 316.00M) | Time:00:00.30 | Mem:0.00M, Peak:0.00M | C6420_4N_24SFF_v002_MASTER, ViewLayer | Synchronizing object | Carrier19_EMI_spring_1_4
Fra:22 Mem:316.01M (Peak 316.01M) | Time:00:00.30 | Mem:0.00M, Peak:0.00M | C6420_4N_24SFF_v002_MASTER, ViewLayer | Synchronizing object | Carrier19_EMI_spring_1_3
Fra:22 Mem:316.02M (Peak 316.02M) | Time:00:00.31 | Mem:0.00M, Peak:0.00M | C6420_4N_24SFF_v002_MASTER, ViewLayer | Synchronizing object | Carrier19_EMI_spring_1_2
Fra:22 Mem:316.03M (Peak 316.03M) | Time:00:00.31 | Mem:0.00M, Peak:0.00M | C6420_4N_24SFF_v002_MASTER, ViewLayer | Synchronizing object | Carrier19_EMI_spring_1_1
Fra:22 Mem:316.04M (Peak 316.04M) | Time:00:00.31 | Mem:0.00M, Peak:0.00M | C6420_4N_24SFF_v002_MASTER, ViewLayer | Synchronizing object | Carrier19_EMI_spring_1_0
Fra:22 Mem:316.05M (Peak 316.05M) | Time:00:00.31 | Mem:0.00M, Peak:0.00M | C6420_4N_24SFF_v002_MASTER, ViewLayer | Synchronizing object | Carrier19_EMI_spring_-1_8
Fra:22 Mem:316.06M (Peak 316.06M) | Time:00:00.31 | Mem:0.00M, Peak:0.00M | C6420_4N_24SFF_v002_MASTER, ViewLayer | Synchronizing object | Carrier19_EMI_spring_-1_7
Fra:22 Mem:316.08M (Peak 316.08M) | Time:00:00.31 | Mem:0.00M, Peak:0.00M | C6420_4N_24SFF_v002_MASTER, ViewLayer | Synchronizing object | Carrier04_EMI_spring_1_1
Fra:22 Mem:316.10M (Peak 316.10M) | Time:00:00.31 | Mem:0.00M, Peak:0.00M | C6420_4N_24SFF_v002_MASTER, ViewLayer | Synchronizing object | Carrier19_EMI_spring_-1_6
Fra:22 Mem:316.10M (Peak 316.10M) | Time:00:00.31 | Mem:0.00M, Peak:0.00M | C6420_4N_24SFF_v002_MASTER, ViewLayer | Synchronizing object | Carrier19_EMI_spring_-1_5
Fra:22 Mem:316.11M (Peak 316.11M) | Time:00:00.31 | Mem:0.00M, Peak:0.00M | C6420_4N_24SFF_v002_MASTER, ViewLayer | Synchronizing object | Carrier19_EMI_spring_-1_4
Fra:22 Mem:316.12M (Peak 316.12M) | Time:00:00.31 | Mem:0.00M, Peak:0.00M | C6420_4N_24SFF_v002_MASTER, ViewLayer | Synchronizing object | Carrier19_EMI_spring_-1_3
Fra:22 Mem:316.13M (Peak 316.13M) | Time:00:00.31 | Mem:0.00M, Peak:0.00M | C6420_4N_24SFF_v002_MASTER, ViewLayer | Synchronizing object | Carrier19_EMI_spring_-1_2
Fra:22 Mem:316.14M (Peak 316.14M) | Time:00:00.31 | Mem:0.00M, Peak:0.00M | C6420_4N_24SFF_v002_MASTER, ViewLayer | Synchronizing object | Carrier19_EMI_spring_-1_1
Fra:22 Mem:316.15M (Peak 316.15M) | Time:00:00.31 | Mem:0.00M, Peak:0.00M | C6420_4N_24SFF_v002_MASTER, ViewLayer | Synchronizing object | Carrier19_EMI_spring_-1_0
Fra:22 Mem:316.17M (Peak 316.17M) | Time:00:00.31 | Mem:0.00M, Peak:0.00M | C6420_4N_24SFF_v002_MASTER, ViewLayer | Synchronizing object | Carrier04_EMI_spring_1_2
Fra:22 Mem:316.17M (Peak 316.17M) | Time:00:00.31 | Mem:0.00M, Peak:0.00M | C6420_4N_24SFF_v002_MASTER, ViewLayer | Synchronizing object | Carrier19_activity_symbol
Fra:22 Mem:316.19M (Peak 316.19M) | Time:00:00.31 | Mem:0.00M, Peak:0.00M | C6420_4N_24SFF_v002_MASTER, ViewLayer | Synchronizing object | Carrier19_hinge_return_spring
Fra:22 Mem:316.25M (Peak 316.25M) | Time:00:00.31 | Mem:0.00M, Peak:0.00M | C6420_4N_24SFF_v002_MASTER, ViewLayer | Synchronizing object | Carrier04_EMI_spring_1_3
Fra:22 Mem:316.31M (Peak 316.31M) | Time:00:00.31 | Mem:0.00M, Peak:0.00M | C6420_4N_24SFF_v002_MASTER, ViewLayer | Synchronizing object | Carrier04_EMI_spring_1_4
Fra:22 Mem:316.36M (Peak 316.36M) | Time:00:00.31 | Mem:0.00M, Peak:0.00M | C6420_4N_24SFF_v002_MASTER, ViewLayer | Synchronizing object | Carrier18_EMI_spring_1_8
Fra:22 Mem:316.37M (Peak 316.37M) | Time:00:00.31 | Mem:0.00M, Peak:0.00M | C6420_4N_24SFF_v002_MASTER, ViewLayer | Synchronizing object | Carrier18_EMI_spring_1_7
Fra:22 Mem:316.38M (Peak 316.38M) | Time:00:00.31 | Mem:0.00M, Peak:0.00M | C6420_4N_24SFF_v002_MASTER, ViewLayer | Synchronizing object | Carrier18_EMI_spring_1_6
Fra:22 Mem:316.39M (Peak 316.39M) | Time:00:00.31 | Mem:0.00M, Peak:0.00M | C6420_4N_24SFF_v002_MASTER, ViewLayer | Synchronizing object | Carrier18_EMI_spring_1_5
Fra:22 Mem:316.40M (Peak 316.40M) | Time:00:00.31 | Mem:0.00M, Peak:0.00M | C6420_4N_24SFF_v002_MASTER, ViewLayer | Synchronizing object | Carrier18_EMI_spring_1_4
Fra:22 Mem:316.41M (Peak 316.41M) | Time:00:00.31 | Mem:0.00M, Peak:0.00M | C6420_4N_24SFF_v002_MASTER, ViewLayer | Synchronizing object | Carrier18_EMI_spring_1_3
Fra:22 Mem:316.42M (Peak 316.42M) | Time:00:00.31 | Mem:0.00M, Peak:0.00M | C6420_4N_24SFF_v002_MASTER, ViewLayer | Synchronizing object | Carrier18_EMI_spring_1_2
Fra:22 Mem:316.44M (Peak 316.44M) | Time:00:00.31 | Mem:0.00M, Peak:0.00M | C6420_4N_24SFF_v002_MASTER, ViewLayer | Synchronizing object | Carrier18_EMI_spring_1_1
Fra:22 Mem:316.45M (Peak 316.45M) | Time:00:00.31 | Mem:0.00M, Peak:0.00M | C6420_4N_24SFF_v002_MASTER, ViewLayer | Synchronizing object | Carrier18_EMI_spring_1_0
Fra:22 Mem:316.46M (Peak 316.46M) | Time:00:00.31 | Mem:0.00M, Peak:0.00M | C6420_4N_24SFF_v002_MASTER, ViewLayer | Synchronizing object | Carrier18_EMI_spring_-1_8
Fra:22 Mem:316.47M (Peak 316.47M) | Time:00:00.31 | Mem:0.00M, Peak:0.00M | C6420_4N_24SFF_v002_MASTER, ViewLayer | Synchronizing object | Carrier18_EMI_spring_-1_7
Fra:22 Mem:316.48M (Peak 316.48M) | Time:00:00.31 | Mem:0.00M, Peak:0.00M | C6420_4N_24SFF_v002_MASTER, ViewLayer | Synchronizing object | Carrier18_EMI_spring_-1_6
Fra:22 Mem:316.49M (Peak 316.49M) | Time:00:00.31 | Mem:0.00M, Peak:0.00M | C6420_4N_24SFF_v002_MASTER, ViewLayer | Synchronizing object | Carrier18_EMI_spring_-1_5
Fra:22 Mem:316.50M (Peak 316.50M) | Time:00:00.31 | Mem:0.00M, Peak:0.00M | C6420_4N_24SFF_v002_MASTER, ViewLayer | Synchronizing object | Carrier18_EMI_spring_-1_4
Fra:22 Mem:316.51M (Peak 316.51M) | Time:00:00.31 | Mem:0.00M, Peak:0.00M | C6420_4N_24SFF_v002_MASTER, ViewLayer | Synchronizing object | Carrier18_EMI_spring_-1_3
Fra:22 Mem:316.52M (Peak 316.52M) | Time:00:00.31 | Mem:0.00M, Peak:0.00M | C6420_4N_24SFF_v002_MASTER, ViewLayer | Synchronizing object | Carrier18_EMI_spring_-1_2
Fra:22 Mem:316.53M (Peak 316.53M) | Time:00:00.31 | Mem:0.00M, Peak:0.00M | C6420_4N_24SFF_v002_MASTER, ViewLayer | Synchronizing object | Carrier18_EMI_spring_-1_1
Fra:22 Mem:316.55M (Peak 316.55M) | Time:00:00.31 | Mem:0.00M, Peak:0.00M | C6420_4N_24SFF_v002_MASTER, ViewLayer | Synchronizing object | Carrier18_EMI_spring_-1_0
Fra:22 Mem:316.56M (Peak 316.56M) | Time:00:00.31 | Mem:0.00M, Peak:0.00M | C6420_4N_24SFF_v002_MASTER, ViewLayer | Synchronizing object | Carrier18_activity_symbol
Fra:22 Mem:316.56M (Peak 316.56M) | Time:00:00.32 | Mem:0.00M, Peak:0.00M | C6420_4N_24SFF_v002_MASTER, ViewLayer | Synchronizing object | Carrier18_hinge_return_spring
Fra:22 Mem:316.68M (Peak 316.68M) | Time:00:00.32 | Mem:0.00M, Peak:0.00M | C6420_4N_24SFF_v002_MASTER, ViewLayer | Synchronizing object | Carrier04_EMI_spring_1_5
Fra:22 Mem:316.66M (Peak 316.68M) | Time:00:00.32 | Mem:0.00M, Peak:0.00M | C6420_4N_24SFF_v002_MASTER, ViewLayer | Synchronizing object | Carrier04_EMI_spring_1_6
Fra:22 Mem:316.86M (Peak 316.86M) | Time:00:00.32 | Mem:0.00M, Peak:0.00M | C6420_4N_24SFF_v002_MASTER, ViewLayer | Synchronizing object | Carrier04_EMI_spring_1_7
Fra:22 Mem:316.87M (Peak 316.87M) | Time:00:00.32 | Mem:0.00M, Peak:0.00M | C6420_4N_24SFF_v002_MASTER, ViewLayer | Synchronizing object | Carrier04_EMI_spring_1_8
Fra:22 Mem:316.88M (Peak 316.88M) | Time:00:00.32 | Mem:0.00M, Peak:0.00M | C6420_4N_24SFF_v002_MASTER, ViewLayer | Synchronizing object | Carrier05_hinge_return_spring
Fra:22 Mem:316.90M (Peak 316.90M) | Time:00:00.32 | Mem:0.00M, Peak:0.00M | C6420_4N_24SFF_v002_MASTER, ViewLayer | Synchronizing object | Carrier17_EMI_spring_1_8
Fra:22 Mem:317.05M (Peak 317.05M) | Time:00:00.32 | Mem:0.00M, Peak:0.00M | C6420_4N_24SFF_v002_MASTER, ViewLayer | Synchronizing object | Carrier17_EMI_spring_1_7
Fra:22 Mem:317.06M (Peak 317.06M) | Time:00:00.32 | Mem:0.00M, Peak:0.00M | C6420_4N_24SFF_v002_MASTER, ViewLayer | Synchronizing object | Carrier17_EMI_spring_1_6
Fra:22 Mem:317.07M (Peak 317.07M) | Time:00:00.32 | Mem:0.00M, Peak:0.00M | C6420_4N_24SFF_v002_MASTER, ViewLayer | Synchronizing object | Carrier17_EMI_spring_1_5
Fra:22 Mem:317.08M (Peak 317.08M) | Time:00:00.32 | Mem:0.00M, Peak:0.00M | C6420_4N_24SFF_v002_MASTER, ViewLayer | Synchronizing object | Carrier17_EMI_spring_1_4
Fra:22 Mem:317.09M (Peak 317.09M) | Time:00:00.32 | Mem:0.00M, Peak:0.00M | C6420_4N_24SFF_v002_MASTER, ViewLayer | Synchronizing object | Carrier17_EMI_spring_1_3
Fra:22 Mem:317.10M (Peak 317.11M) | Time:00:00.32 | Mem:0.00M, Peak:0.00M | C6420_4N_24SFF_v002_MASTER, ViewLayer | Synchronizing object | Carrier05_activity_symbol
Fra:22 Mem:317.11M (Peak 317.11M) | Time:00:00.32 | Mem:0.00M, Peak:0.00M | C6420_4N_24SFF_v002_MASTER, ViewLayer | Synchronizing object | Carrier17_EMI_spring_1_2
Fra:22 Mem:317.02M (Peak 317.11M) | Time:00:00.32 | Mem:0.00M, Peak:0.00M | C6420_4N_24SFF_v002_MASTER, ViewLayer | Synchronizing object | Carrier17_EMI_spring_1_1
Fra:22 Mem:317.01M (Peak 317.11M) | Time:00:00.32 | Mem:0.00M, Peak:0.00M | C6420_4N_24SFF_v002_MASTER, ViewLayer | Synchronizing object | Carrier17_EMI_spring_1_0
Fra:22 Mem:317.03M (Peak 317.11M) | Time:00:00.32 | Mem:0.00M, Peak:0.00M | C6420_4N_24SFF_v002_MASTER, ViewLayer | Synchronizing object | Carrier17_EMI_spring_-1_8
Fra:22 Mem:317.05M (Peak 317.11M) | Time:00:00.32 | Mem:0.00M, Peak:0.00M | C6420_4N_24SFF_v002_MASTER, ViewLayer | Synchronizing object | Carrier05_EMI_spring_-1_0
Fra:22 Mem:317.05M (Peak 317.11M) | Time:00:00.32 | Mem:0.00M, Peak:0.00M | C6420_4N_24SFF_v002_MASTER, ViewLayer | Synchronizing object | Carrier17_EMI_spring_-1_7
Fra:22 Mem:317.06M (Peak 317.11M) | Time:00:00.32 | Mem:0.00M, Peak:0.00M | C6420_4N_24SFF_v002_MASTER, ViewLayer | Synchronizing object | Carrier05_EMI_spring_-1_1
Fra:22 Mem:317.08M (Peak 317.11M) | Time:00:00.32 | Mem:0.00M, Peak:0.00M | C6420_4N_24SFF_v002_MASTER, ViewLayer | Synchronizing object | Carrier05_EMI_spring_-1_2
Fra:22 Mem:317.09M (Peak 317.11M) | Time:00:00.32 | Mem:0.00M, Peak:0.00M | C6420_4N_24SFF_v002_MASTER, ViewLayer | Synchronizing object | Carrier17_EMI_spring_-1_6
Fra:22 Mem:317.09M (Peak 317.11M) | Time:00:00.32 | Mem:0.00M, Peak:0.00M | C6420_4N_24SFF_v002_MASTER, ViewLayer | Synchronizing object | Carrier17_EMI_spring_-1_5
Fra:22 Mem:317.10M (Peak 317.11M) | Time:00:00.32 | Mem:0.00M, Peak:0.00M | C6420_4N_24SFF_v002_MASTER, ViewLayer | Synchronizing object | Carrier05_EMI_spring_-1_4
Fra:22 Mem:317.12M (Peak 317.12M) | Time:00:00.32 | Mem:0.00M, Peak:0.00M | C6420_4N_24SFF_v002_MASTER, ViewLayer | Synchronizing object | Carrier17_EMI_spring_-1_4
Fra:22 Mem:317.14M (Peak 317.14M) | Time:00:00.32 | Mem:0.00M, Peak:0.00M | C6420_4N_24SFF_v002_MASTER, ViewLayer | Synchronizing object | Carrier17_EMI_spring_-1_3
Fra:22 Mem:317.16M (Peak 317.16M) | Time:00:00.32 | Mem:0.00M, Peak:0.00M | C6420_4N_24SFF_v002_MASTER, ViewLayer | Synchronizing object | Carrier05_EMI_spring_-1_5
Fra:22 Mem:317.17M (Peak 317.17M) | Time:00:00.32 | Mem:0.00M, Peak:0.00M | C6420_4N_24SFF_v002_MASTER, ViewLayer | Synchronizing object | Carrier05_EMI_spring_-1_6
Fra:22 Mem:317.16M (Peak 317.17M) | Time:00:00.32 | Mem:0.00M, Peak:0.00M | C6420_4N_24SFF_v002_MASTER, ViewLayer | Synchronizing object | Carrier05_EMI_spring_1_0
Fra:22 Mem:317.19M (Peak 317.19M) | Time:00:00.32 | Mem:0.00M, Peak:0.00M | C6420_4N_24SFF_v002_MASTER, ViewLayer | Synchronizing object | Carrier17_EMI_spring_-1_2
Fra:22 Mem:317.21M (Peak 317.21M) | Time:00:00.32 | Mem:0.00M, Peak:0.00M | C6420_4N_24SFF_v002_MASTER, ViewLayer | Synchronizing object | Carrier05_EMI_spring_1_1
Fra:22 Mem:317.24M (Peak 317.24M) | Time:00:00.32 | Mem:0.00M, Peak:0.00M | C6420_4N_24SFF_v002_MASTER, ViewLayer | Synchronizing object | Carrier17_EMI_spring_-1_1
Fra:22 Mem:317.23M (Peak 317.24M) | Time:00:00.32 | Mem:0.00M, Peak:0.00M | C6420_4N_24SFF_v002_MASTER, ViewLayer | Synchronizing object | Carrier05_EMI_spring_1_3
Fra:22 Mem:317.27M (Peak 317.27M) | Time:00:00.32 | Mem:0.00M, Peak:0.00M | C6420_4N_24SFF_v002_MASTER, ViewLayer | Synchronizing object | Carrier17_EMI_spring_-1_0
Fra:22 Mem:317.28M (Peak 317.28M) | Time:00:00.32 | Mem:0.00M, Peak:0.00M | C6420_4N_24SFF_v002_MASTER, ViewLayer | Synchronizing object | Carrier05_EMI_spring_1_4
Fra:22 Mem:317.29M (Peak 317.29M) | Time:00:00.32 | Mem:0.00M, Peak:0.00M | C6420_4N_24SFF_v002_MASTER, ViewLayer | Synchronizing object | Carrier17_activity_symbol
Fra:22 Mem:317.31M (Peak 317.31M) | Time:00:00.32 | Mem:0.00M, Peak:0.00M | C6420_4N_24SFF_v002_MASTER, ViewLayer | Synchronizing object | Carrier05_EMI_spring_1_5
Fra:22 Mem:317.29M (Peak 317.31M) | Time:00:00.32 | Mem:0.00M, Peak:0.00M | C6420_4N_24SFF_v002_MASTER, ViewLayer | Synchronizing object | Carrier17_hinge_return_spring
Fra:22 Mem:317.30M (Peak 317.31M) | Time:00:00.32 | Mem:0.00M, Peak:0.00M | C6420_4N_24SFF_v002_MASTER, ViewLayer | Synchronizing object | Carrier05_EMI_spring_1_6
Fra:22 Mem:317.38M (Peak 317.38M) | Time:00:00.32 | Mem:0.00M, Peak:0.00M | C6420_4N_24SFF_v002_MASTER, ViewLayer | Synchronizing object | Carrier05_EMI_spring_1_7
Fra:22 Mem:317.59M (Peak 317.59M) | Time:00:00.33 | Mem:0.00M, Peak:0.00M | C6420_4N_24SFF_v002_MASTER, ViewLayer | Synchronizing object | Carrier05_EMI_spring_1_8
Fra:22 Mem:317.61M (Peak 317.61M) | Time:00:00.33 | Mem:0.00M, Peak:0.00M | C6420_4N_24SFF_v002_MASTER, ViewLayer | Synchronizing object | Carrier06_hinge_return_spring
Fra:22 Mem:317.52M (Peak 317.61M) | Time:00:00.33 | Mem:0.00M, Peak:0.00M | C6420_4N_24SFF_v002_MASTER, ViewLayer | Synchronizing object | Carrier06_activity_symbol
Fra:22 Mem:317.54M (Peak 317.61M) | Time:00:00.33 | Mem:0.00M, Peak:0.00M | C6420_4N_24SFF_v002_MASTER, ViewLayer | Synchronizing object | Carrier06_EMI_spring_-1_0
Fra:22 Mem:317.57M (Peak 317.61M) | Time:00:00.33 | Mem:0.00M, Peak:0.00M | C6420_4N_24SFF_v002_MASTER, ViewLayer | Synchronizing object | Carrier16_EMI_spring_1_8
Fra:22 Mem:317.59M (Peak 317.61M) | Time:00:00.33 | Mem:0.00M, Peak:0.00M | C6420_4N_24SFF_v002_MASTER, ViewLayer | Synchronizing object | Carrier06_EMI_spring_-1_1
Fra:22 Mem:317.61M (Peak 317.61M) | Time:00:00.33 | Mem:0.00M, Peak:0.00M | C6420_4N_24SFF_v002_MASTER, ViewLayer | Synchronizing object | Carrier06_EMI_spring_-1_2
Fra:22 Mem:317.62M (Peak 317.62M) | Time:00:00.33 | Mem:0.00M, Peak:0.00M | C6420_4N_24SFF_v002_MASTER, ViewLayer | Synchronizing object | Carrier06_EMI_spring_-1_3
Fra:22 Mem:317.62M (Peak 317.62M) | Time:00:00.33 | Mem:0.00M, Peak:0.00M | C6420_4N_24SFF_v002_MASTER, ViewLayer | Synchronizing object | Carrier06_EMI_spring_-1_4
Fra:22 Mem:317.64M (Peak 317.65M) | Time:00:00.33 | Mem:0.00M, Peak:0.00M | C6420_4N_24SFF_v002_MASTER, ViewLayer | Synchronizing object | Carrier06_EMI_spring_-1_5
Fra:22 Mem:313.46M (Peak 317.65M) | Time:00:00.33 | Mem:0.00M, Peak:0.00M | C6420_4N_24SFF_v002_MASTER, ViewLayer | Synchronizing object | Carrier16_EMI_spring_1_7
Fra:22 Mem:313.94M (Peak 317.65M) | Time:00:00.33 | Mem:0.00M, Peak:0.00M | C6420_4N_24SFF_v002_MASTER, ViewLayer | Synchronizing object | Carrier06_EMI_spring_-1_6
Fra:22 Mem:313.94M (Peak 317.65M) | Time:00:00.33 | Mem:0.00M, Peak:0.00M | C6420_4N_24SFF_v002_MASTER, ViewLayer | Synchronizing object | Carrier16_EMI_spring_1_6
Fra:22 Mem:313.99M (Peak 317.65M) | Time:00:00.33 | Mem:0.00M, Peak:0.00M | C6420_4N_24SFF_v002_MASTER, ViewLayer | Synchronizing object | Carrier16_EMI_spring_1_5
Fra:22 Mem:314.58M (Peak 317.65M) | Time:00:00.33 | Mem:0.00M, Peak:0.00M | C6420_4N_24SFF_v002_MASTER, ViewLayer | Synchronizing object | Carrier16_EMI_spring_1_4
Fra:22 Mem:314.24M (Peak 317.65M) | Time:00:00.33 | Mem:0.00M, Peak:0.00M | C6420_4N_24SFF_v002_MASTER, ViewLayer | Synchronizing object | Carrier06_EMI_spring_-1_7
Fra:22 Mem:313.54M (Peak 317.65M) | Time:00:00.33 | Mem:0.00M, Peak:0.00M | C6420_4N_24SFF_v002_MASTER, ViewLayer | Synchronizing object | Carrier06_EMI_spring_-1_8
Fra:22 Mem:313.55M (Peak 317.65M) | Time:00:00.33 | Mem:0.00M, Peak:0.00M | C6420_4N_24SFF_v002_MASTER, ViewLayer | Synchronizing object | Carrier06_EMI_spring_1_0
Fra:22 Mem:313.55M (Peak 317.65M) | Time:00:00.33 | Mem:0.00M, Peak:0.00M | C6420_4N_24SFF_v002_MASTER, ViewLayer | Synchronizing object | Carrier06_EMI_spring_1_1
Fra:22 Mem:313.60M (Peak 317.65M) | Time:00:00.33 | Mem:0.00M, Peak:0.00M | C6420_4N_24SFF_v002_MASTER, ViewLayer | Synchronizing object | Carrier06_EMI_spring_1_2
Fra:22 Mem:313.60M (Peak 317.65M) | Time:00:00.33 | Mem:0.00M, Peak:0.00M | C6420_4N_24SFF_v002_MASTER, ViewLayer | Synchronizing object | Carrier06_EMI_spring_1_3
Fra:22 Mem:313.62M (Peak 317.65M) | Time:00:00.33 | Mem:0.00M, Peak:0.00M | C6420_4N_24SFF_v002_MASTER, ViewLayer | Synchronizing object | Carrier06_EMI_spring_1_4
Fra:22 Mem:313.65M (Peak 317.65M) | Time:00:00.33 | Mem:0.00M, Peak:0.00M | C6420_4N_24SFF_v002_MASTER, ViewLayer | Synchronizing object | Carrier06_EMI_spring_1_5
Fra:22 Mem:313.78M (Peak 317.65M) | Time:00:00.33 | Mem:0.00M, Peak:0.00M | C6420_4N_24SFF_v002_MASTER, ViewLayer | Synchronizing object | Carrier06_EMI_spring_1_6
Fra:22 Mem:313.80M (Peak 317.65M) | Time:00:00.33 | Mem:0.00M, Peak:0.00M | C6420_4N_24SFF_v002_MASTER, ViewLayer | Synchronizing object | Carrier06_EMI_spring_1_7
Fra:22 Mem:314.04M (Peak 317.65M) | Time:00:00.33 | Mem:0.00M, Peak:0.00M | C6420_4N_24SFF_v002_MASTER, ViewLayer | Synchronizing object | Carrier07_hinge_return_spring
Fra:22 Mem:314.05M (Peak 317.65M) | Time:00:00.33 | Mem:0.00M, Peak:0.00M | C6420_4N_24SFF_v002_MASTER, ViewLayer | Synchronizing object | Carrier07_activity_symbol
Fra:22 Mem:314.12M (Peak 317.65M) | Time:00:00.33 | Mem:0.00M, Peak:0.00M | C6420_4N_24SFF_v002_MASTER, ViewLayer | Synchronizing object | Carrier07_EMI_spring_-1_0
Fra:22 Mem:314.20M (Peak 317.65M) | Time:00:00.33 | Mem:0.00M, Peak:0.00M | C6420_4N_24SFF_v002_MASTER, ViewLayer | Synchronizing object | Carrier07_EMI_spring_-1_1
Fra:22 Mem:314.38M (Peak 317.65M) | Time:00:00.33 | Mem:0.00M, Peak:0.00M | C6420_4N_24SFF_v002_MASTER, ViewLayer | Synchronizing object | Carrier16_EMI_spring_1_3
Fra:22 Mem:314.39M (Peak 317.65M) | Time:00:00.33 | Mem:0.00M, Peak:0.00M | C6420_4N_24SFF_v002_MASTER, ViewLayer | Synchronizing object | Carrier16_EMI_spring_1_2
Fra:22 Mem:314.28M (Peak 317.65M) | Time:00:00.33 | Mem:0.00M, Peak:0.00M | C6420_4N_24SFF_v002_MASTER, ViewLayer | Synchronizing object | Carrier16_EMI_spring_1_1
Fra:22 Mem:314.29M (Peak 317.65M) | Time:00:00.33 | Mem:0.00M, Peak:0.00M | C6420_4N_24SFF_v002_MASTER, ViewLayer | Synchronizing object | Carrier07_EMI_spring_-1_2
Fra:22 Mem:314.31M (Peak 317.65M) | Time:00:00.33 | Mem:0.00M, Peak:0.00M | C6420_4N_24SFF_v002_MASTER, ViewLayer | Synchronizing object | Carrier16_EMI_spring_1_0
Fra:22 Mem:314.32M (Peak 317.65M) | Time:00:00.33 | Mem:0.00M, Peak:0.00M | C6420_4N_24SFF_v002_MASTER, ViewLayer | Synchronizing object | Carrier16_EMI_spring_-1_8
Fra:22 Mem:314.32M (Peak 317.65M) | Time:00:00.33 | Mem:0.00M, Peak:0.00M | C6420_4N_24SFF_v002_MASTER, ViewLayer | Synchronizing object | Carrier07_EMI_spring_-1_3
Fra:22 Mem:314.35M (Peak 317.65M) | Time:00:00.33 | Mem:0.00M, Peak:0.00M | C6420_4N_24SFF_v002_MASTER, ViewLayer | Synchronizing object | Carrier16_EMI_spring_-1_7
Fra:22 Mem:314.35M (Peak 317.65M) | Time:00:00.33 | Mem:0.00M, Peak:0.00M | C6420_4N_24SFF_v002_MASTER, ViewLayer | Synchronizing object | Carrier16_EMI_spring_-1_6
Fra:22 Mem:314.36M (Peak 317.65M) | Time:00:00.33 | Mem:0.00M, Peak:0.00M | C6420_4N_24SFF_v002_MASTER, ViewLayer | Synchronizing object | Carrier07_EMI_spring_-1_5
Fra:22 Mem:314.37M (Peak 317.65M) | Time:00:00.33 | Mem:0.00M, Peak:0.00M | C6420_4N_24SFF_v002_MASTER, ViewLayer | Synchronizing object | Carrier07_EMI_spring_-1_6
Fra:22 Mem:314.38M (Peak 317.65M) | Time:00:00.33 | Mem:0.00M, Peak:0.00M | C6420_4N_24SFF_v002_MASTER, ViewLayer | Synchronizing object | Carrier07_EMI_spring_-1_7
Fra:22 Mem:314.40M (Peak 317.65M) | Time:00:00.33 | Mem:0.00M, Peak:0.00M | C6420_4N_24SFF_v002_MASTER, ViewLayer | Synchronizing object | Carrier07_EMI_spring_-1_8
Fra:22 Mem:314.43M (Peak 317.65M) | Time:00:00.33 | Mem:0.00M, Peak:0.00M | C6420_4N_24SFF_v002_MASTER, ViewLayer | Synchronizing object | Carrier16_EMI_spring_-1_5
Fra:22 Mem:314.46M (Peak 317.65M) | Time:00:00.33 | Mem:0.00M, Peak:0.00M | C6420_4N_24SFF_v002_MASTER, ViewLayer | Synchronizing object | Carrier07_EMI_spring_1_0
Fra:22 Mem:314.47M (Peak 317.65M) | Time:00:00.33 | Mem:0.00M, Peak:0.00M | C6420_4N_24SFF_v002_MASTER, ViewLayer | Synchronizing object | Carrier07_EMI_spring_1_1
Fra:22 Mem:314.49M (Peak 317.65M) | Time:00:00.33 | Mem:0.00M, Peak:0.00M | C6420_4N_24SFF_v002_MASTER, ViewLayer | Synchronizing object | Carrier07_EMI_spring_1_2
Fra:22 Mem:314.46M (Peak 317.65M) | Time:00:00.33 | Mem:0.00M, Peak:0.00M | C6420_4N_24SFF_v002_MASTER, ViewLayer | Synchronizing object | Carrier07_EMI_spring_1_3
Fra:22 Mem:314.48M (Peak 317.65M) | Time:00:00.33 | Mem:0.00M, Peak:0.00M | C6420_4N_24SFF_v002_MASTER, ViewLayer | Synchronizing object | Carrier07_EMI_spring_1_4
Fra:22 Mem:314.50M (Peak 317.65M) | Time:00:00.33 | Mem:0.00M, Peak:0.00M | C6420_4N_24SFF_v002_MASTER, ViewLayer | Synchronizing object | Carrier07_EMI_spring_1_5
Fra:22 Mem:314.52M (Peak 317.65M) | Time:00:00.33 | Mem:0.00M, Peak:0.00M | C6420_4N_24SFF_v002_MASTER, ViewLayer | Synchronizing object | Carrier07_EMI_spring_1_6
Fra:22 Mem:314.53M (Peak 317.65M) | Time:00:00.33 | Mem:0.00M, Peak:0.00M | C6420_4N_24SFF_v002_MASTER, ViewLayer | Synchronizing object | Carrier07_EMI_spring_1_7
Fra:22 Mem:314.54M (Peak 317.65M) | Time:00:00.33 | Mem:0.00M, Peak:0.00M | C6420_4N_24SFF_v002_MASTER, ViewLayer | Synchronizing object | Carrier07_EMI_spring_1_8
Fra:22 Mem:314.54M (Peak 317.65M) | Time:00:00.33 | Mem:0.00M, Peak:0.00M | C6420_4N_24SFF_v002_MASTER, ViewLayer | Synchronizing object | Carrier08_hinge_return_spring
Fra:22 Mem:314.56M (Peak 317.65M) | Time:00:00.33 | Mem:0.00M, Peak:0.00M | C6420_4N_24SFF_v002_MASTER, ViewLayer | Synchronizing object | Carrier08_activity_symbol
Fra:22 Mem:314.62M (Peak 317.65M) | Time:00:00.33 | Mem:0.00M, Peak:0.00M | C6420_4N_24SFF_v002_MASTER, ViewLayer | Synchronizing object | Carrier08_EMI_spring_-1_0
Fra:22 Mem:314.62M (Peak 317.65M) | Time:00:00.33 | Mem:0.00M, Peak:0.00M | C6420_4N_24SFF_v002_MASTER, ViewLayer | Synchronizing object | Carrier08_EMI_spring_-1_1
Fra:22 Mem:314.63M (Peak 317.65M) | Time:00:00.33 | Mem:0.00M, Peak:0.00M | C6420_4N_24SFF_v002_MASTER, ViewLayer | Synchronizing object | Carrier08_EMI_spring_-1_2
Fra:22 Mem:314.65M (Peak 317.65M) | Time:00:00.33 | Mem:0.00M, Peak:0.00M | C6420_4N_24SFF_v002_MASTER, ViewLayer | Synchronizing object | Carrier08_EMI_spring_-1_3
Fra:22 Mem:314.71M (Peak 317.65M) | Time:00:00.33 | Mem:0.00M, Peak:0.00M | C6420_4N_24SFF_v002_MASTER, ViewLayer | Synchronizing object | Carrier08_EMI_spring_-1_4
Fra:22 Mem:314.71M (Peak 317.65M) | Time:00:00.33 | Mem:0.00M, Peak:0.00M | C6420_4N_24SFF_v002_MASTER, ViewLayer | Synchronizing object | Carrier08_EMI_spring_-1_5
Fra:22 Mem:314.73M (Peak 317.65M) | Time:00:00.33 | Mem:0.00M, Peak:0.00M | C6420_4N_24SFF_v002_MASTER, ViewLayer | Synchronizing object | Carrier08_EMI_spring_-1_7
Fra:22 Mem:314.74M (Peak 317.65M) | Time:00:00.33 | Mem:0.00M, Peak:0.00M | C6420_4N_24SFF_v002_MASTER, ViewLayer | Synchronizing object | Carrier08_EMI_spring_-1_8
Fra:22 Mem:314.77M (Peak 317.65M) | Time:00:00.33 | Mem:0.00M, Peak:0.00M | C6420_4N_24SFF_v002_MASTER, ViewLayer | Synchronizing object | Carrier08_EMI_spring_1_0
Fra:22 Mem:314.77M (Peak 317.65M) | Time:00:00.33 | Mem:0.00M, Peak:0.00M | C6420_4N_24SFF_v002_MASTER, ViewLayer | Synchronizing object | Carrier08_EMI_spring_1_1
Fra:22 Mem:314.72M (Peak 317.65M) | Time:00:00.33 | Mem:0.00M, Peak:0.00M | C6420_4N_24SFF_v002_MASTER, ViewLayer | Synchronizing object | Carrier08_EMI_spring_1_2
Fra:22 Mem:314.73M (Peak 317.65M) | Time:00:00.33 | Mem:0.00M, Peak:0.00M | C6420_4N_24SFF_v002_MASTER, ViewLayer | Synchronizing object | Carrier08_EMI_spring_1_3
Fra:22 Mem:314.77M (Peak 317.65M) | Time:00:00.33 | Mem:0.00M, Peak:0.00M | C6420_4N_24SFF_v002_MASTER, ViewLayer | Synchronizing object | Carrier08_EMI_spring_1_4
Fra:22 Mem:314.84M (Peak 317.65M) | Time:00:00.33 | Mem:0.00M, Peak:0.00M | C6420_4N_24SFF_v002_MASTER, ViewLayer | Synchronizing object | Carrier08_EMI_spring_1_5
Fra:22 Mem:314.69M (Peak 317.65M) | Time:00:00.33 | Mem:0.00M, Peak:0.00M | C6420_4N_24SFF_v002_MASTER, ViewLayer | Synchronizing object | Carrier08_EMI_spring_1_6
Fra:22 Mem:314.82M (Peak 317.65M) | Time:00:00.33 | Mem:0.00M, Peak:0.00M | C6420_4N_24SFF_v002_MASTER, ViewLayer | Synchronizing object | Carrier08_EMI_spring_1_7
Fra:22 Mem:315.08M (Peak 317.65M) | Time:00:00.33 | Mem:0.00M, Peak:0.00M | C6420_4N_24SFF_v002_MASTER, ViewLayer | Synchronizing object | Carrier08_EMI_spring_1_8
Fra:22 Mem:315.08M (Peak 317.65M) | Time:00:00.33 | Mem:0.00M, Peak:0.00M | C6420_4N_24SFF_v002_MASTER, ViewLayer | Synchronizing object | Carrier09_hinge_return_spring
Fra:22 Mem:314.90M (Peak 317.65M) | Time:00:00.33 | Mem:0.00M, Peak:0.00M | C6420_4N_24SFF_v002_MASTER, ViewLayer | Synchronizing object | Carrier09_activity_symbol
Fra:22 Mem:314.90M (Peak 317.65M) | Time:00:00.33 | Mem:0.00M, Peak:0.00M | C6420_4N_24SFF_v002_MASTER, ViewLayer | Synchronizing object | Carrier09_EMI_spring_-1_1
Fra:22 Mem:314.93M (Peak 317.65M) | Time:00:00.33 | Mem:0.00M, Peak:0.00M | C6420_4N_24SFF_v002_MASTER, ViewLayer | Synchronizing object | Carrier09_EMI_spring_-1_0
Fra:22 Mem:314.93M (Peak 317.65M) | Time:00:00.33 | Mem:0.00M, Peak:0.00M | C6420_4N_24SFF_v002_MASTER, ViewLayer | Synchronizing object | Carrier09_EMI_spring_-1_2
Fra:22 Mem:314.98M (Peak 317.65M) | Time:00:00.33 | Mem:0.00M, Peak:0.00M | C6420_4N_24SFF_v002_MASTER, ViewLayer | Synchronizing object | Carrier09_EMI_spring_-1_3
Fra:22 Mem:315.00M (Peak 317.65M) | Time:00:00.33 | Mem:0.00M, Peak:0.00M | C6420_4N_24SFF_v002_MASTER, ViewLayer | Synchronizing object | Carrier09_EMI_spring_-1_4
Fra:22 Mem:315.03M (Peak 317.65M) | Time:00:00.33 | Mem:0.00M, Peak:0.00M | C6420_4N_24SFF_v002_MASTER, ViewLayer | Synchronizing object | Carrier09_EMI_spring_-1_5
Fra:22 Mem:315.01M (Peak 317.65M) | Time:00:00.33 | Mem:0.00M, Peak:0.00M | C6420_4N_24SFF_v002_MASTER, ViewLayer | Synchronizing object | Carrier09_EMI_spring_-1_6
Fra:22 Mem:315.02M (Peak 317.65M) | Time:00:00.33 | Mem:0.00M, Peak:0.00M | C6420_4N_24SFF_v002_MASTER, ViewLayer | Synchronizing object | Carrier09_EMI_spring_-1_7
Fra:22 Mem:315.03M (Peak 317.65M) | Time:00:00.33 | Mem:0.00M, Peak:0.00M | C6420_4N_24SFF_v002_MASTER, ViewLayer | Synchronizing object | Carrier09_EMI_spring_-1_8
Fra:22 Mem:315.02M (Peak 317.65M) | Time:00:00.33 | Mem:0.00M, Peak:0.00M | C6420_4N_24SFF_v002_MASTER, ViewLayer | Synchronizing object | Carrier09_EMI_spring_1_0
Fra:22 Mem:315.01M (Peak 317.65M) | Time:00:00.33 | Mem:0.00M, Peak:0.00M | C6420_4N_24SFF_v002_MASTER, ViewLayer | Synchronizing object | Carrier09_EMI_spring_1_1
Fra:22 Mem:315.03M (Peak 317.65M) | Time:00:00.33 | Mem:0.00M, Peak:0.00M | C6420_4N_24SFF_v002_MASTER, ViewLayer | Synchronizing object | Carrier09_EMI_spring_1_2
Fra:22 Mem:315.07M (Peak 317.65M) | Time:00:00.33 | Mem:0.00M, Peak:0.00M | C6420_4N_24SFF_v002_MASTER, ViewLayer | Synchronizing object | Carrier09_EMI_spring_1_3
Fra:22 Mem:315.07M (Peak 317.65M) | Time:00:00.33 | Mem:0.00M, Peak:0.00M | C6420_4N_24SFF_v002_MASTER, ViewLayer | Synchronizing object | Carrier09_EMI_spring_1_4
Fra:22 Mem:315.15M (Peak 317.65M) | Time:00:00.33 | Mem:0.00M, Peak:0.00M | C6420_4N_24SFF_v002_MASTER, ViewLayer | Synchronizing object | Carrier09_EMI_spring_1_5
Fra:22 Mem:315.11M (Peak 317.65M) | Time:00:00.33 | Mem:0.00M, Peak:0.00M | C6420_4N_24SFF_v002_MASTER, ViewLayer | Synchronizing object | Carrier09_EMI_spring_1_6
Fra:22 Mem:315.16M (Peak 317.65M) | Time:00:00.33 | Mem:0.00M, Peak:0.00M | C6420_4N_24SFF_v002_MASTER, ViewLayer | Synchronizing object | Carrier09_EMI_spring_1_7
Fra:22 Mem:315.17M (Peak 317.65M) | Time:00:00.33 | Mem:0.00M, Peak:0.00M | C6420_4N_24SFF_v002_MASTER, ViewLayer | Synchronizing object | Carrier09_EMI_spring_1_8
Fra:22 Mem:315.22M (Peak 317.65M) | Time:00:00.33 | Mem:0.00M, Peak:0.00M | C6420_4N_24SFF_v002_MASTER, ViewLayer | Synchronizing object | Carrier10_hinge_return_spring
Fra:22 Mem:315.21M (Peak 317.65M) | Time:00:00.33 | Mem:0.00M, Peak:0.00M | C6420_4N_24SFF_v002_MASTER, ViewLayer | Synchronizing object | Carrier10_activity_symbol
Fra:22 Mem:315.22M (Peak 317.65M) | Time:00:00.33 | Mem:0.00M, Peak:0.00M | C6420_4N_24SFF_v002_MASTER, ViewLayer | Synchronizing object | Carrier10_EMI_spring_-1_0
Fra:22 Mem:315.22M (Peak 317.65M) | Time:00:00.33 | Mem:0.00M, Peak:0.00M | C6420_4N_24SFF_v002_MASTER, ViewLayer | Synchronizing object | Carrier10_EMI_spring_-1_1
Fra:22 Mem:315.31M (Peak 317.65M) | Time:00:00.33 | Mem:0.00M, Peak:0.00M | C6420_4N_24SFF_v002_MASTER, ViewLayer | Synchronizing object | Carrier10_EMI_spring_-1_2
Fra:22 Mem:315.30M (Peak 317.65M) | Time:00:00.33 | Mem:0.00M, Peak:0.00M | C6420_4N_24SFF_v002_MASTER, ViewLayer | Synchronizing object | Carrier10_EMI_spring_-1_3
Fra:22 Mem:315.31M (Peak 317.65M) | Time:00:00.33 | Mem:0.00M, Peak:0.00M | C6420_4N_24SFF_v002_MASTER, ViewLayer | Synchronizing object | Carrier10_EMI_spring_-1_4
Fra:22 Mem:315.36M (Peak 317.65M) | Time:00:00.33 | Mem:0.00M, Peak:0.00M | C6420_4N_24SFF_v002_MASTER, ViewLayer | Synchronizing object | Carrier10_EMI_spring_-1_5
Fra:22 Mem:315.39M (Peak 317.65M) | Time:00:00.33 | Mem:0.00M, Peak:0.00M | C6420_4N_24SFF_v002_MASTER, ViewLayer | Synchronizing object | Carrier10_EMI_spring_-1_6
Fra:22 Mem:315.40M (Peak 317.65M) | Time:00:00.33 | Mem:0.00M, Peak:0.00M | C6420_4N_24SFF_v002_MASTER, ViewLayer | Synchronizing object | Carrier10_EMI_spring_-1_7
Fra:22 Mem:315.39M (Peak 317.65M) | Time:00:00.33 | Mem:0.00M, Peak:0.00M | C6420_4N_24SFF_v002_MASTER, ViewLayer | Synchronizing object | Carrier10_EMI_spring_-1_8
Fra:22 Mem:315.41M (Peak 317.65M) | Time:00:00.33 | Mem:0.00M, Peak:0.00M | C6420_4N_24SFF_v002_MASTER, ViewLayer | Synchronizing object | Carrier10_EMI_spring_1_0
Fra:22 Mem:315.44M (Peak 317.65M) | Time:00:00.33 | Mem:0.00M, Peak:0.00M | C6420_4N_24SFF_v002_MASTER, ViewLayer | Synchronizing object | Carrier10_EMI_spring_1_1
Fra:22 Mem:315.38M (Peak 317.65M) | Time:00:00.33 | Mem:0.00M, Peak:0.00M | C6420_4N_24SFF_v002_MASTER, ViewLayer | Synchronizing object | Carrier10_EMI_spring_1_2
Fra:22 Mem:315.37M (Peak 317.65M) | Time:00:00.33 | Mem:0.00M, Peak:0.00M | C6420_4N_24SFF_v002_MASTER, ViewLayer | Synchronizing object | Carrier10_EMI_spring_1_3
Fra:22 Mem:315.42M (Peak 317.65M) | Time:00:00.33 | Mem:0.00M, Peak:0.00M | C6420_4N_24SFF_v002_MASTER, ViewLayer | Synchronizing object | Carrier10_EMI_spring_1_4
Fra:22 Mem:315.51M (Peak 317.65M) | Time:00:00.33 | Mem:0.00M, Peak:0.00M | C6420_4N_24SFF_v002_MASTER, ViewLayer | Synchronizing object | Carrier10_EMI_spring_1_5
Fra:22 Mem:315.54M (Peak 317.65M) | Time:00:00.33 | Mem:0.00M, Peak:0.00M | C6420_4N_24SFF_v002_MASTER, ViewLayer | Synchronizing object | Carrier10_EMI_spring_1_6
Fra:22 Mem:315.54M (Peak 317.65M) | Time:00:00.33 | Mem:0.00M, Peak:0.00M | C6420_4N_24SFF_v002_MASTER, ViewLayer | Synchronizing object | Carrier10_EMI_spring_1_7
Fra:22 Mem:315.58M (Peak 317.65M) | Time:00:00.33 | Mem:0.00M, Peak:0.00M | C6420_4N_24SFF_v002_MASTER, ViewLayer | Synchronizing object | Carrier10_EMI_spring_1_8
Fra:22 Mem:315.68M (Peak 317.65M) | Time:00:00.33 | Mem:0.00M, Peak:0.00M | C6420_4N_24SFF_v002_MASTER, ViewLayer | Synchronizing object | Carrier11_hinge_return_spring
Fra:22 Mem:315.57M (Peak 317.65M) | Time:00:00.33 | Mem:0.00M, Peak:0.00M | C6420_4N_24SFF_v002_MASTER, ViewLayer | Synchronizing object | Carrier11_activity_symbol
Fra:22 Mem:315.65M (Peak 317.65M) | Time:00:00.33 | Mem:0.00M, Peak:0.00M | C6420_4N_24SFF_v002_MASTER, ViewLayer | Synchronizing object | Carrier11_EMI_spring_-1_0
Fra:22 Mem:315.69M (Peak 317.65M) | Time:00:00.33 | Mem:0.00M, Peak:0.00M | C6420_4N_24SFF_v002_MASTER, ViewLayer | Synchronizing object | Carrier11_EMI_spring_-1_1
Fra:22 Mem:315.64M (Peak 317.65M) | Time:00:00.33 | Mem:0.00M, Peak:0.00M | C6420_4N_24SFF_v002_MASTER, ViewLayer | Synchronizing object | Carrier11_EMI_spring_-1_2
Fra:22 Mem:315.71M (Peak 317.65M) | Time:00:00.33 | Mem:0.00M, Peak:0.00M | C6420_4N_24SFF_v002_MASTER, ViewLayer | Synchronizing object | Carrier11_EMI_spring_-1_3
Fra:22 Mem:315.73M (Peak 317.65M) | Time:00:00.33 | Mem:0.00M, Peak:0.00M | C6420_4N_24SFF_v002_MASTER, ViewLayer | Synchronizing object | Carrier11_EMI_spring_-1_4
Fra:22 Mem:315.75M (Peak 317.65M) | Time:00:00.33 | Mem:0.00M, Peak:0.00M | C6420_4N_24SFF_v002_MASTER, ViewLayer | Synchronizing object | Carrier11_EMI_spring_-1_5
Fra:22 Mem:315.77M (Peak 317.65M) | Time:00:00.33 | Mem:0.00M, Peak:0.00M | C6420_4N_24SFF_v002_MASTER, ViewLayer | Synchronizing object | Carrier16_EMI_spring_-1_3
Fra:22 Mem:315.77M (Peak 317.65M) | Time:00:00.33 | Mem:0.00M, Peak:0.00M | C6420_4N_24SFF_v002_MASTER, ViewLayer | Synchronizing object | Carrier11_EMI_spring_-1_6
Fra:22 Mem:315.77M (Peak 317.65M) | Time:00:00.33 | Mem:0.00M, Peak:0.00M | C6420_4N_24SFF_v002_MASTER, ViewLayer | Synchronizing object | Carrier11_EMI_spring_-1_8
Fra:22 Mem:315.80M (Peak 317.65M) | Time:00:00.33 | Mem:0.00M, Peak:0.00M | C6420_4N_24SFF_v002_MASTER, ViewLayer | Synchronizing object | Carrier11_EMI_spring_1_0
Fra:22 Mem:315.80M (Peak 317.65M) | Time:00:00.33 | Mem:0.00M, Peak:0.00M | C6420_4N_24SFF_v002_MASTER, ViewLayer | Synchronizing object | Carrier16_EMI_spring_-1_2
Fra:22 Mem:315.79M (Peak 317.65M) | Time:00:00.33 | Mem:0.00M, Peak:0.00M | C6420_4N_24SFF_v002_MASTER, ViewLayer | Synchronizing object | Carrier11_EMI_spring_1_1
Fra:22 Mem:315.80M (Peak 317.65M) | Time:00:00.33 | Mem:0.00M, Peak:0.00M | C6420_4N_24SFF_v002_MASTER, ViewLayer | Synchronizing object | Carrier11_EMI_spring_1_2
Fra:22 Mem:315.81M (Peak 317.65M) | Time:00:00.33 | Mem:0.00M, Peak:0.00M | C6420_4N_24SFF_v002_MASTER, ViewLayer | Synchronizing object | Carrier11_EMI_spring_1_3
Fra:22 Mem:315.81M (Peak 317.65M) | Time:00:00.33 | Mem:0.00M, Peak:0.00M | C6420_4N_24SFF_v002_MASTER, ViewLayer | Synchronizing object | Carrier16_EMI_spring_-1_1
Fra:22 Mem:315.83M (Peak 317.65M) | Time:00:00.33 | Mem:0.00M, Peak:0.00M | C6420_4N_24SFF_v002_MASTER, ViewLayer | Synchronizing object | Carrier11_EMI_spring_1_4
Fra:22 Mem:315.85M (Peak 317.65M) | Time:00:00.33 | Mem:0.00M, Peak:0.00M | C6420_4N_24SFF_v002_MASTER, ViewLayer | Synchronizing object | Carrier11_EMI_spring_1_5
Fra:22 Mem:315.85M (Peak 317.65M) | Time:00:00.33 | Mem:0.00M, Peak:0.00M | C6420_4N_24SFF_v002_MASTER, ViewLayer | Synchronizing object | Carrier11_EMI_spring_1_6
Fra:22 Mem:315.82M (Peak 317.65M) | Time:00:00.33 | Mem:0.00M, Peak:0.00M | C6420_4N_24SFF_v002_MASTER, ViewLayer | Synchronizing object | Carrier11_EMI_spring_1_7
Fra:22 Mem:315.77M (Peak 317.65M) | Time:00:00.33 | Mem:0.00M, Peak:0.00M | C6420_4N_24SFF_v002_MASTER, ViewLayer | Synchronizing object | Carrier11_EMI_spring_1_8
Fra:22 Mem:315.84M (Peak 317.65M) | Time:00:00.33 | Mem:0.00M, Peak:0.00M | C6420_4N_24SFF_v002_MASTER, ViewLayer | Synchronizing object | Carrier16_EMI_spring_-1_0
Fra:22 Mem:315.83M (Peak 317.65M) | Time:00:00.33 | Mem:0.00M, Peak:0.00M | C6420_4N_24SFF_v002_MASTER, ViewLayer | Synchronizing object | Carrier12_hinge_return_spring
Fra:22 Mem:315.87M (Peak 317.65M) | Time:00:00.33 | Mem:0.00M, Peak:0.00M | C6420_4N_24SFF_v002_MASTER, ViewLayer | Synchronizing object | Carrier12_activity_symbol
Fra:22 Mem:315.89M (Peak 317.65M) | Time:00:00.33 | Mem:0.00M, Peak:0.00M | C6420_4N_24SFF_v002_MASTER, ViewLayer | Synchronizing object | Carrier12_EMI_spring_-1_0
Fra:22 Mem:315.89M (Peak 317.65M) | Time:00:00.33 | Mem:0.00M, Peak:0.00M | C6420_4N_24SFF_v002_MASTER, ViewLayer | Synchronizing object | Carrier12_EMI_spring_-1_1
Fra:22 Mem:316.07M (Peak 317.65M) | Time:00:00.33 | Mem:0.00M, Peak:0.00M | C6420_4N_24SFF_v002_MASTER, ViewLayer | Synchronizing object | Carrier12_EMI_spring_-1_2
Fra:22 Mem:316.09M (Peak 317.65M) | Time:00:00.33 | Mem:0.00M, Peak:0.00M | C6420_4N_24SFF_v002_MASTER, ViewLayer | Synchronizing object | Carrier16_activity_symbol
Fra:22 Mem:316.11M (Peak 317.65M) | Time:00:00.33 | Mem:0.00M, Peak:0.00M | C6420_4N_24SFF_v002_MASTER, ViewLayer | Synchronizing object | Carrier12_EMI_spring_-1_3
Fra:22 Mem:316.15M (Peak 317.65M) | Time:00:00.33 | Mem:0.00M, Peak:0.00M | C6420_4N_24SFF_v002_MASTER, ViewLayer | Synchronizing object | Carrier12_EMI_spring_-1_5
Fra:22 Mem:316.15M (Peak 317.65M) | Time:00:00.33 | Mem:0.00M, Peak:0.00M | C6420_4N_24SFF_v002_MASTER, ViewLayer | Synchronizing object | Carrier12_EMI_spring_-1_6
Fra:22 Mem:316.17M (Peak 317.65M) | Time:00:00.33 | Mem:0.00M, Peak:0.00M | C6420_4N_24SFF_v002_MASTER, ViewLayer | Synchronizing object | Carrier16_hinge_return_spring
Fra:22 Mem:316.25M (Peak 317.65M) | Time:00:00.33 | Mem:0.00M, Peak:0.00M | C6420_4N_24SFF_v002_MASTER, ViewLayer | Synchronizing object | Carrier12_EMI_spring_-1_7
Fra:22 Mem:316.24M (Peak 317.65M) | Time:00:00.33 | Mem:0.00M, Peak:0.00M | C6420_4N_24SFF_v002_MASTER, ViewLayer | Synchronizing object | Carrier12_EMI_spring_1_0
Fra:22 Mem:316.27M (Peak 317.65M) | Time:00:00.33 | Mem:0.00M, Peak:0.00M | C6420_4N_24SFF_v002_MASTER, ViewLayer | Synchronizing object | Carrier12_EMI_spring_1_1
Fra:22 Mem:316.29M (Peak 317.65M) | Time:00:00.33 | Mem:0.00M, Peak:0.00M | C6420_4N_24SFF_v002_MASTER, ViewLayer | Synchronizing object | Carrier12_EMI_spring_1_2
Fra:22 Mem:316.31M (Peak 317.65M) | Time:00:00.33 | Mem:0.00M, Peak:0.00M | C6420_4N_24SFF_v002_MASTER, ViewLayer | Synchronizing object | Carrier12_EMI_spring_1_3
Fra:22 Mem:316.31M (Peak 317.65M) | Time:00:00.33 | Mem:0.00M, Peak:0.00M | C6420_4N_24SFF_v002_MASTER, ViewLayer | Synchronizing object | Carrier12_EMI_spring_1_4
Fra:22 Mem:316.40M (Peak 317.65M) | Time:00:00.33 | Mem:0.00M, Peak:0.00M | C6420_4N_24SFF_v002_MASTER, ViewLayer | Synchronizing object | Carrier12_EMI_spring_1_5
Fra:22 Mem:316.40M (Peak 317.65M) | Time:00:00.33 | Mem:0.00M, Peak:0.00M | C6420_4N_24SFF_v002_MASTER, ViewLayer | Synchronizing object | Carrier12_EMI_spring_1_6
Fra:22 Mem:316.39M (Peak 317.65M) | Time:00:00.33 | Mem:0.00M, Peak:0.00M | C6420_4N_24SFF_v002_MASTER, ViewLayer | Synchronizing object | Carrier12_EMI_spring_1_7
Fra:22 Mem:316.42M (Peak 317.65M) | Time:00:00.33 | Mem:0.00M, Peak:0.00M | C6420_4N_24SFF_v002_MASTER, ViewLayer | Synchronizing object | Carrier12_EMI_spring_1_8
Fra:22 Mem:316.41M (Peak 317.65M) | Time:00:00.33 | Mem:0.00M, Peak:0.00M | C6420_4N_24SFF_v002_MASTER, ViewLayer | Synchronizing object | Carrier13_hinge_return_spring
Fra:22 Mem:316.38M (Peak 317.65M) | Time:00:00.33 | Mem:0.00M, Peak:0.00M | C6420_4N_24SFF_v002_MASTER, ViewLayer | Synchronizing object | Carrier13_activity_symbol
Fra:22 Mem:316.35M (Peak 317.65M) | Time:00:00.33 | Mem:0.00M, Peak:0.00M | C6420_4N_24SFF_v002_MASTER, ViewLayer | Synchronizing object | Carrier13_EMI_spring_-1_0
Fra:22 Mem:316.46M (Peak 317.65M) | Time:00:00.33 | Mem:0.00M, Peak:0.00M | C6420_4N_24SFF_v002_MASTER, ViewLayer | Synchronizing object | Carrier13_EMI_spring_-1_1
Fra:22 Mem:316.45M (Peak 317.65M) | Time:00:00.33 | Mem:0.00M, Peak:0.00M | C6420_4N_24SFF_v002_MASTER, ViewLayer | Synchronizing object | Carrier13_EMI_spring_-1_2
Fra:22 Mem:316.77M (Peak 317.65M) | Time:00:00.33 | Mem:0.00M, Peak:0.00M | C6420_4N_24SFF_v002_MASTER, ViewLayer | Synchronizing object | Carrier13_EMI_spring_-1_3
Fra:22 Mem:316.78M (Peak 317.65M) | Time:00:00.33 | Mem:0.00M, Peak:0.00M | C6420_4N_24SFF_v002_MASTER, ViewLayer | Synchronizing object | Carrier13_EMI_spring_-1_4
Fra:22 Mem:316.77M (Peak 317.65M) | Time:00:00.33 | Mem:0.00M, Peak:0.00M | C6420_4N_24SFF_v002_MASTER, ViewLayer | Synchronizing object | Carrier13_EMI_spring_-1_5
Fra:22 Mem:316.78M (Peak 317.65M) | Time:00:00.33 | Mem:0.00M, Peak:0.00M | C6420_4N_24SFF_v002_MASTER, ViewLayer | Synchronizing object | Carrier13_EMI_spring_-1_6
Fra:22 Mem:316.81M (Peak 317.65M) | Time:00:00.34 | Mem:0.00M, Peak:0.00M | C6420_4N_24SFF_v002_MASTER, ViewLayer | Synchronizing object | Carrier13_EMI_spring_-1_7
Fra:22 Mem:316.81M (Peak 317.65M) | Time:00:00.34 | Mem:0.00M, Peak:0.00M | C6420_4N_24SFF_v002_MASTER, ViewLayer | Synchronizing object | Carrier13_EMI_spring_-1_8
Fra:22 Mem:316.82M (Peak 317.65M) | Time:00:00.34 | Mem:0.00M, Peak:0.00M | C6420_4N_24SFF_v002_MASTER, ViewLayer | Synchronizing object | Carrier13_EMI_spring_1_1
Fra:22 Mem:316.84M (Peak 317.65M) | Time:00:00.34 | Mem:0.00M, Peak:0.00M | C6420_4N_24SFF_v002_MASTER, ViewLayer | Synchronizing object | Carrier13_EMI_spring_1_2
Fra:22 Mem:316.78M (Peak 317.65M) | Time:00:00.34 | Mem:0.00M, Peak:0.00M | C6420_4N_24SFF_v002_MASTER, ViewLayer | Synchronizing object | Carrier15_EMI_spring_1_8
Fra:22 Mem:316.79M (Peak 317.65M) | Time:00:00.34 | Mem:0.00M, Peak:0.00M | C6420_4N_24SFF_v002_MASTER, ViewLayer | Synchronizing object | Carrier15_EMI_spring_1_7
Fra:22 Mem:316.68M (Peak 317.65M) | Time:00:00.34 | Mem:0.00M, Peak:0.00M | C6420_4N_24SFF_v002_MASTER, ViewLayer | Synchronizing object | Carrier15_EMI_spring_1_6
Fra:22 Mem:316.69M (Peak 317.65M) | Time:00:00.34 | Mem:0.00M, Peak:0.00M | C6420_4N_24SFF_v002_MASTER, ViewLayer | Synchronizing object | Carrier15_EMI_spring_1_5
Fra:22 Mem:316.70M (Peak 317.65M) | Time:00:00.34 | Mem:0.00M, Peak:0.00M | C6420_4N_24SFF_v002_MASTER, ViewLayer | Synchronizing object | Carrier15_EMI_spring_1_4
Fra:22 Mem:316.71M (Peak 317.65M) | Time:00:00.34 | Mem:0.00M, Peak:0.00M | C6420_4N_24SFF_v002_MASTER, ViewLayer | Synchronizing object | Carrier15_EMI_spring_1_3
Fra:22 Mem:316.72M (Peak 317.65M) | Time:00:00.34 | Mem:0.00M, Peak:0.00M | C6420_4N_24SFF_v002_MASTER, ViewLayer | Synchronizing object | Carrier15_EMI_spring_1_2
Fra:22 Mem:316.74M (Peak 317.65M) | Time:00:00.34 | Mem:0.00M, Peak:0.00M | C6420_4N_24SFF_v002_MASTER, ViewLayer | Synchronizing object | Carrier15_EMI_spring_1_1
Fra:22 Mem:316.75M (Peak 317.65M) | Time:00:00.34 | Mem:0.00M, Peak:0.00M | C6420_4N_24SFF_v002_MASTER, ViewLayer | Synchronizing object | Carrier15_EMI_spring_1_0
Fra:22 Mem:316.76M (Peak 317.65M) | Time:00:00.34 | Mem:0.00M, Peak:0.00M | C6420_4N_24SFF_v002_MASTER, ViewLayer | Synchronizing object | Carrier15_EMI_spring_-1_8
Fra:22 Mem:316.77M (Peak 317.65M) | Time:00:00.34 | Mem:0.00M, Peak:0.00M | C6420_4N_24SFF_v002_MASTER, ViewLayer | Synchronizing object | Carrier13_EMI_spring_1_3
Fra:22 Mem:316.79M (Peak 317.65M) | Time:00:00.34 | Mem:0.00M, Peak:0.00M | C6420_4N_24SFF_v002_MASTER, ViewLayer | Synchronizing object | Carrier15_EMI_spring_-1_7
Fra:22 Mem:316.80M (Peak 317.65M) | Time:00:00.34 | Mem:0.00M, Peak:0.00M | C6420_4N_24SFF_v002_MASTER, ViewLayer | Synchronizing object | Carrier13_EMI_spring_1_4
Fra:22 Mem:316.80M (Peak 317.65M) | Time:00:00.34 | Mem:0.00M, Peak:0.00M | C6420_4N_24SFF_v002_MASTER, ViewLayer | Synchronizing object | Carrier15_EMI_spring_-1_6
Fra:22 Mem:316.81M (Peak 317.65M) | Time:00:00.34 | Mem:0.00M, Peak:0.00M | C6420_4N_24SFF_v002_MASTER, ViewLayer | Synchronizing object | Carrier15_EMI_spring_-1_5
Fra:22 Mem:316.82M (Peak 317.65M) | Time:00:00.34 | Mem:0.00M, Peak:0.00M | C6420_4N_24SFF_v002_MASTER, ViewLayer | Synchronizing object | Carrier15_EMI_spring_-1_4
Fra:22 Mem:316.83M (Peak 317.65M) | Time:00:00.34 | Mem:0.00M, Peak:0.00M | C6420_4N_24SFF_v002_MASTER, ViewLayer | Synchronizing object | Carrier15_EMI_spring_-1_3
Fra:22 Mem:316.84M (Peak 317.65M) | Time:00:00.34 | Mem:0.00M, Peak:0.00M | C6420_4N_24SFF_v002_MASTER, ViewLayer | Synchronizing object | Carrier15_EMI_spring_-1_2
Fra:22 Mem:316.86M (Peak 317.65M) | Time:00:00.34 | Mem:0.00M, Peak:0.00M | C6420_4N_24SFF_v002_MASTER, ViewLayer | Synchronizing object | Carrier13_EMI_spring_1_5
Fra:22 Mem:316.88M (Peak 317.65M) | Time:00:00.34 | Mem:0.00M, Peak:0.00M | C6420_4N_24SFF_v002_MASTER, ViewLayer | Synchronizing object | Carrier15_EMI_spring_-1_1
Fra:22 Mem:316.88M (Peak 317.65M) | Time:00:00.34 | Mem:0.00M, Peak:0.00M | C6420_4N_24SFF_v002_MASTER, ViewLayer | Synchronizing object | Carrier15_EMI_spring_-1_0
Fra:22 Mem:316.89M (Peak 317.65M) | Time:00:00.34 | Mem:0.00M, Peak:0.00M | C6420_4N_24SFF_v002_MASTER, ViewLayer | Synchronizing object | Carrier15_activity_symbol
Fra:22 Mem:316.90M (Peak 317.65M) | Time:00:00.34 | Mem:0.00M, Peak:0.00M | C6420_4N_24SFF_v002_MASTER, ViewLayer | Synchronizing object | Carrier15_hinge_return_spring
Fra:22 Mem:317.17M (Peak 317.65M) | Time:00:00.34 | Mem:0.00M, Peak:0.00M | C6420_4N_24SFF_v002_MASTER, ViewLayer | Synchronizing object | Carrier13_EMI_spring_1_6
Fra:22 Mem:317.18M (Peak 317.65M) | Time:00:00.34 | Mem:0.00M, Peak:0.00M | C6420_4N_24SFF_v002_MASTER, ViewLayer | Synchronizing object | Carrier13_EMI_spring_1_7
Fra:22 Mem:317.19M (Peak 317.65M) | Time:00:00.34 | Mem:0.00M, Peak:0.00M | C6420_4N_24SFF_v002_MASTER, ViewLayer | Synchronizing object | Carrier13_EMI_spring_1_8
Fra:22 Mem:317.20M (Peak 317.65M) | Time:00:00.34 | Mem:0.00M, Peak:0.00M | C6420_4N_24SFF_v002_MASTER, ViewLayer | Synchronizing object | Carrier14_hinge_return_spring
Fra:22 Mem:317.21M (Peak 317.65M) | Time:00:00.34 | Mem:0.00M, Peak:0.00M | C6420_4N_24SFF_v002_MASTER, ViewLayer | Synchronizing object | Carrier14_activity_symbol
Fra:22 Mem:317.27M (Peak 317.65M) | Time:00:00.34 | Mem:0.00M, Peak:0.00M | C6420_4N_24SFF_v002_MASTER, ViewLayer | Synchronizing object | Carrier14_EMI_spring_-1_0
Fra:22 Mem:317.28M (Peak 317.65M) | Time:00:00.34 | Mem:0.00M, Peak:0.00M | C6420_4N_24SFF_v002_MASTER, ViewLayer | Synchronizing object | Carrier14_EMI_spring_-1_4
Fra:22 Mem:317.43M (Peak 317.65M) | Time:00:00.34 | Mem:0.00M, Peak:0.00M | C6420_4N_24SFF_v002_MASTER, ViewLayer | Synchronizing object | Carrier14_EMI_spring_-1_5
Fra:22 Mem:317.43M (Peak 317.65M) | Time:00:00.34 | Mem:0.00M, Peak:0.00M | C6420_4N_24SFF_v002_MASTER, ViewLayer | Synchronizing object | Carrier14_EMI_spring_-1_6
Fra:22 Mem:317.42M (Peak 317.65M) | Time:00:00.34 | Mem:0.00M, Peak:0.00M | C6420_4N_24SFF_v002_MASTER, ViewLayer | Synchronizing object | Carrier14_EMI_spring_-1_7
Fra:22 Mem:317.43M (Peak 317.65M) | Time:00:00.34 | Mem:0.00M, Peak:0.00M | C6420_4N_24SFF_v002_MASTER, ViewLayer | Synchronizing object | Carrier14_EMI_spring_-1_8
Fra:22 Mem:317.45M (Peak 317.65M) | Time:00:00.34 | Mem:0.00M, Peak:0.00M | C6420_4N_24SFF_v002_MASTER, ViewLayer | Synchronizing object | Carrier14_EMI_spring_1_0
Fra:22 Mem:317.40M (Peak 317.65M) | Time:00:00.34 | Mem:0.00M, Peak:0.00M | C6420_4N_24SFF_v002_MASTER, ViewLayer | Synchronizing object | Carrier14_EMI_spring_1_1
Fra:22 Mem:317.41M (Peak 317.65M) | Time:00:00.34 | Mem:0.00M, Peak:0.00M | C6420_4N_24SFF_v002_MASTER, ViewLayer | Synchronizing object | Carrier14_EMI_spring_1_2
Fra:22 Mem:317.45M (Peak 317.65M) | Time:00:00.34 | Mem:0.00M, Peak:0.00M | C6420_4N_24SFF_v002_MASTER, ViewLayer | Synchronizing object | Carrier14_EMI_spring_1_3
Fra:22 Mem:317.45M (Peak 317.65M) | Time:00:00.34 | Mem:0.00M, Peak:0.00M | C6420_4N_24SFF_v002_MASTER, ViewLayer | Synchronizing object | Carrier14_EMI_spring_1_5
Fra:22 Mem:317.46M (Peak 317.65M) | Time:00:00.34 | Mem:0.00M, Peak:0.00M | C6420_4N_24SFF_v002_MASTER, ViewLayer | Synchronizing object | Carrier14_EMI_spring_1_6
Fra:22 Mem:317.42M (Peak 317.65M) | Time:00:00.34 | Mem:0.00M, Peak:0.00M | C6420_4N_24SFF_v002_MASTER, ViewLayer | Synchronizing object | Carrier14_EMI_spring_1_7
Fra:22 Mem:317.39M (Peak 317.65M) | Time:00:00.34 | Mem:0.00M, Peak:0.00M | C6420_4N_24SFF_v002_MASTER, ViewLayer | Synchronizing object | Carrier14_EMI_spring_1_8
Fra:22 Mem:304.85M (Peak 317.65M) | Time:00:00.35 | Mem:0.00M, Peak:0.00M | C6420_4N_24SFF_v002_MASTER, ViewLayer | Initializing
Fra:22 Mem:295.87M (Peak 317.65M) | Time:00:00.37 | Mem:0.00M, Peak:0.00M | C6420_4N_24SFF_v002_MASTER, ViewLayer | Updating Images | Loading nylon-normal.png.001
Fra:22 Mem:295.87M (Peak 317.65M) | Time:00:00.37 | Mem:0.00M, Peak:0.00M | C6420_4N_24SFF_v002_MASTER, ViewLayer | Updating Images | Loading nickel-rough.png.001
Fra:22 Mem:327.87M (Peak 327.87M) | Time:00:00.37 | Mem:0.00M, Peak:0.00M | C6420_4N_24SFF_v002_MASTER, ViewLayer | Updating Images | Loading abs-base.png.001
Fra:22 Mem:447.89M (Peak 463.89M) | Time:00:00.41 | Mem:8.00M, Peak:8.00M | C6420_4N_24SFF_v002_MASTER, ViewLayer | Updating Images | Loading abs-rough.png.001
Fra:22 Mem:527.91M (Peak 559.92M) | Time:00:00.47 | Mem:24.00M, Peak:24.00M | C6420_4N_24SFF_v002_MASTER, ViewLayer | Updating Images | Loading abs-normal.png.001
Fra:22 Mem:511.90M (Peak 559.92M) | Time:00:00.49 | Mem:40.00M, Peak:40.00M | C6420_4N_24SFF_v002_MASTER, ViewLayer | Updating Images | Loading dell-emc-official.png.001
Fra:22 Mem:512.25M (Peak 559.92M) | Time:00:00.50 | Mem:40.35M, Peak:40.35M | C6420_4N_24SFF_v002_MASTER, ViewLayer | Updating Images | Loading c6400-official.png.001
Fra:22 Mem:512.52M (Peak 559.92M) | Time:00:00.50 | Mem:40.62M, Peak:40.62M | C6420_4N_24SFF_v002_MASTER, ViewLayer | Updating Images | Loading abacus-clear-service
Fra:22 Mem:616.54M (Peak 616.55M) | Time:00:00.52 | Mem:56.62M, Peak:56.62M | C6420_4N_24SFF_v002_MASTER, ViewLayer | Updating Images | Loading abacus-clear-warning
Fra:22 Mem:682.12M (Peak 685.26M) | Time:00:00.53 | Mem:58.18M, Peak:58.18M | C6420_4N_24SFF_v002_MASTER, ViewLayer | Updating Images | Loading abacus-clear-regulatory
Fra:22 Mem:683.68M (Peak 686.82M) | Time:00:00.55 | Mem:59.74M, Peak:59.74M | C6420_4N_24SFF_v002_MASTER, ViewLayer | Updating Images | Loading nylon-base.png.001
Fra:22 Mem:715.69M (Peak 747.70M) | Time:00:00.56 | Mem:75.74M, Peak:75.74M | C6420_4N_24SFF_v002_MASTER, ViewLayer | Updating Images | Loading nylon-rough.png.001
Fra:22 Mem:469.85M (Peak 747.70M) | Time:00:00.71 | Mem:227.74M, Peak:227.74M | C6420_4N_24SFF_v002_MASTER, ViewLayer | Waiting for render to start
Fra:22 Mem:469.85M (Peak 747.70M) | Time:00:00.71 | Mem:227.74M, Peak:227.74M | C6420_4N_24SFF_v002_MASTER, ViewLayer | Loading render kernels (may take a few minutes the first time)
Fra:22 Mem:469.85M (Peak 747.70M) | Time:00:00.71 | Mem:227.74M, Peak:227.74M | C6420_4N_24SFF_v002_MASTER, ViewLayer | Updating Scene
Fra:22 Mem:469.85M (Peak 747.70M) | Time:00:00.71 | Mem:227.74M, Peak:227.74M | C6420_4N_24SFF_v002_MASTER, ViewLayer | Updating Shaders
Fra:22 Mem:469.95M (Peak 747.70M) | Time:00:00.71 | Mem:227.76M, Peak:227.76M | C6420_4N_24SFF_v002_MASTER, ViewLayer | Updating Procedurals
Fra:22 Mem:469.95M (Peak 747.70M) | Time:00:00.71 | Mem:227.76M, Peak:227.76M | C6420_4N_24SFF_v002_MASTER, ViewLayer | Updating Background
Fra:22 Mem:469.95M (Peak 747.70M) | Time:00:00.71 | Mem:227.76M, Peak:227.76M | C6420_4N_24SFF_v002_MASTER, ViewLayer | Updating Camera
Fra:22 Mem:469.95M (Peak 747.70M) | Time:00:00.71 | Mem:227.76M, Peak:227.76M | C6420_4N_24SFF_v002_MASTER, ViewLayer | Updating Meshes Flags
Fra:22 Mem:469.95M (Peak 747.70M) | Time:00:00.71 | Mem:227.76M, Peak:227.76M | C6420_4N_24SFF_v002_MASTER, ViewLayer | Updating Objects
Fra:22 Mem:469.95M (Peak 747.70M) | Time:00:00.71 | Mem:227.76M, Peak:227.76M | C6420_4N_24SFF_v002_MASTER, ViewLayer | Updating Objects | Copying Transformations to device
Fra:22 Mem:470.43M (Peak 747.70M) | Time:00:00.71 | Mem:228.22M, Peak:228.22M | C6420_4N_24SFF_v002_MASTER, ViewLayer | Updating Objects | Applying Static Transformations
Fra:22 Mem:470.43M (Peak 747.70M) | Time:00:00.71 | Mem:228.22M, Peak:228.22M | C6420_4N_24SFF_v002_MASTER, ViewLayer | Updating Particle Systems
Fra:22 Mem:470.43M (Peak 747.70M) | Time:00:00.71 | Mem:228.22M, Peak:228.22M | C6420_4N_24SFF_v002_MASTER, ViewLayer | Updating Particle Systems | Copying Particles to device
Fra:22 Mem:470.43M (Peak 747.70M) | Time:00:00.71 | Mem:228.22M, Peak:228.22M | C6420_4N_24SFF_v002_MASTER, ViewLayer | Updating Meshes
Fra:22 Mem:477.40M (Peak 747.70M) | Time:00:00.73 | Mem:228.22M, Peak:228.22M | C6420_4N_24SFF_v002_MASTER, ViewLayer | Updating Mesh | Computing attributes
Fra:22 Mem:510.23M (Peak 747.70M) | Time:00:00.77 | Mem:228.33M, Peak:228.33M | C6420_4N_24SFF_v002_MASTER, ViewLayer | Updating Mesh | Copying Attributes to device
Fra:22 Mem:509.91M (Peak 747.70M) | Time:00:00.77 | Mem:260.74M, Peak:260.74M | C6420_4N_24SFF_v002_MASTER, ViewLayer | Updating Geometry BVH PSU1_efficiency_exact_letters_font 165/165 | Building BVH
Fra:22 Mem:509.91M (Peak 747.70M) | Time:00:00.77 | Mem:260.76M, Peak:260.76M | C6420_4N_24SFF_v002_MASTER, ViewLayer | Updating Geometry BVH PSU1_efficiency_exact_letters_font 165/165 | Building BVH 0%
Fra:22 Mem:509.91M (Peak 747.70M) | Time:00:00.77 | Mem:260.79M, Peak:260.82M | C6420_4N_24SFF_v002_MASTER, ViewLayer | Updating Geometry BVH PSU1_2400W_exact_letters_font 164/165 | Building BVH
Fra:22 Mem:509.91M (Peak 747.70M) | Time:00:00.77 | Mem:260.82M, Peak:260.83M | C6420_4N_24SFF_v002_MASTER, ViewLayer | Updating Geometry BVH PSU1_EPP_exact_letters_font 163/165 | Building BVH
Fra:22 Mem:509.91M (Peak 747.70M) | Time:00:00.77 | Mem:260.83M, Peak:260.83M | C6420_4N_24SFF_v002_MASTER, ViewLayer | Updating Geometry BVH PSU1_EPP_green_upper_field_mesh 162/165 | Building BVH
Fra:22 Mem:509.91M (Peak 747.70M) | Time:00:00.77 | Mem:260.84M, Peak:260.85M | C6420_4N_24SFF_v002_MASTER, ViewLayer | Updating Geometry BVH PSU1_EPP_real_print_paper_mesh 161/165 | Building BVH
Fra:22 Mem:509.91M (Peak 747.70M) | Time:00:00.77 | Mem:260.87M, Peak:260.87M | C6420_4N_24SFF_v002_MASTER, ViewLayer | Updating Geometry BVH PSU1_vertical_pull_anchor_mesh 160/165 | Building BVH
Fra:22 Mem:509.91M (Peak 747.70M) | Time:00:00.77 | Mem:260.88M, Peak:260.89M | C6420_4N_24SFF_v002_MASTER, ViewLayer | Updating Geometry BVH PSU1_round_EPP_label_substrate_mesh 159/165 | Building BVH
Fra:22 Mem:509.91M (Peak 747.70M) | Time:00:00.77 | Mem:260.95M, Peak:260.98M | C6420_4N_24SFF_v002_MASTER, ViewLayer | Updating Geometry BVH PSU1_fan_screw_recessed_head_mesh.001 158/165 | Building BVH
Fra:22 Mem:509.91M (Peak 747.70M) | Time:00:00.77 | Mem:261.05M, Peak:261.10M | C6420_4N_24SFF_v002_MASTER, ViewLayer | Updating Geometry BVH PSU1_fan_screw_recess_floor_mesh 157/165 | Building BVH
Fra:22 Mem:509.91M (Peak 747.70M) | Time:00:00.77 | Mem:261.06M, Peak:261.10M | C6420_4N_24SFF_v002_MASTER, ViewLayer | Updating Geometry BVH PSU1_fan_screw_recessed_head_mesh 156/165 | Building BVH
Fra:22 Mem:509.91M (Peak 747.70M) | Time:00:00.77 | Mem:261.17M, Peak:261.21M | C6420_4N_24SFF_v002_MASTER, ViewLayer | Updating Geometry BVH PSU1_corner_washer_mesh 155/165 | Building BVH
Fra:22 Mem:509.91M (Peak 747.70M) | Time:00:00.77 | Mem:261.21M, Peak:261.21M | C6420_4N_24SFF_v002_MASTER, ViewLayer | Updating Geometry BVH Top_cover_side_skirt_1_mesh 3/165 | Building BVH
Fra:22 Mem:509.91M (Peak 747.70M) | Time:00:00.77 | Mem:261.21M, Peak:261.21M | C6420_4N_24SFF_v002_MASTER, ViewLayer | Updating Geometry BVH Side_lower_inward_hem_1_mesh 2/165 | Building BVH
Fra:22 Mem:509.91M (Peak 747.70M) | Time:00:00.77 | Mem:261.22M, Peak:261.22M | C6420_4N_24SFF_v002_MASTER, ViewLayer | Updating Geometry BVH Cover_skirt_screw_1_recessed_head_mesh 4/165 | Building BVH
Fra:22 Mem:509.91M (Peak 747.70M) | Time:00:00.77 | Mem:261.24M, Peak:261.24M | C6420_4N_24SFF_v002_MASTER, ViewLayer | Updating Geometry BVH Cover_skirt_screw_1_recess_floor_mesh 5/165 | Building BVH
Fra:22 Mem:509.91M (Peak 747.70M) | Time:00:00.77 | Mem:261.26M, Peak:261.26M | C6420_4N_24SFF_v002_MASTER, ViewLayer | Updating Geometry BVH Side_1_fastener_2_recessed_head_mesh 10/165 | Building BVH
Fra:22 Mem:509.91M (Peak 747.70M) | Time:00:00.77 | Mem:261.34M, Peak:261.37M | C6420_4N_24SFF_v002_MASTER, ViewLayer | Updating Geometry BVH PSU1_flat_guard_crossbar_1_mesh 154/165 | Building BVH
Fra:22 Mem:509.91M (Peak 747.70M) | Time:00:00.77 | Mem:261.35M, Peak:261.37M | C6420_4N_24SFF_v002_MASTER, ViewLayer | Updating Geometry BVH Side_1_fastener_3_recessed_head_mesh 11/165 | Building BVH
Fra:22 Mem:509.91M (Peak 747.70M) | Time:00:00.77 | Mem:261.41M, Peak:261.42M | C6420_4N_24SFF_v002_MASTER, ViewLayer | Updating Geometry BVH PSU1_flat_guard_crossbar_-1_mesh 153/165 | Building BVH
Fra:22 Mem:509.91M (Peak 747.70M) | Time:00:00.77 | Mem:261.47M, Peak:261.47M | C6420_4N_24SFF_v002_MASTER, ViewLayer | Updating Geometry BVH PSU1_fan_motor_hub_mesh 152/165 | Building BVH
Fra:22 Mem:509.91M (Peak 747.70M) | Time:00:00.77 | Mem:261.73M, Peak:261.77M | C6420_4N_24SFF_v002_MASTER, ViewLayer | Updating Geometry BVH Side_1_fastener_3_recess_floor_mesh 12/165 | Building BVH
Fra:22 Mem:509.91M (Peak 747.70M) | Time:00:00.77 | Mem:261.72M, Peak:261.77M | C6420_4N_24SFF_v002_MASTER, ViewLayer | Updating Geometry BVH PSU1_fan_shroud_dark_back_mesh 151/165 | Building BVH
Fra:22 Mem:509.91M (Peak 747.70M) | Time:00:00.77 | Mem:261.72M, Peak:261.77M | C6420_4N_24SFF_v002_MASTER, ViewLayer | Updating Geometry BVH Side_1_fastener_4_recessed_head_mesh 13/165 | Building BVH
Fra:22 Mem:509.91M (Peak 747.70M) | Time:00:00.77 | Mem:261.68M, Peak:261.77M | C6420_4N_24SFF_v002_MASTER, ViewLayer | Updating Geometry BVH Side_1_fastener_4_recess_floor_mesh 14/165 | Building BVH
Fra:22 Mem:509.91M (Peak 747.70M) | Time:00:00.77 | Mem:261.68M, Peak:261.77M | C6420_4N_24SFF_v002_MASTER, ViewLayer | Updating Geometry BVH Side_1_fastener_5_recessed_head_mesh 15/165 | Building BVH
Fra:22 Mem:509.91M (Peak 747.70M) | Time:00:00.77 | Mem:261.85M, Peak:261.85M | C6420_4N_24SFF_v002_MASTER, ViewLayer | Updating Geometry BVH Side_1_fastener_6_recessed_head_mesh 16/165 | Building BVH
Fra:22 Mem:509.91M (Peak 747.70M) | Time:00:00.77 | Mem:262.10M, Peak:262.14M | C6420_4N_24SFF_v002_MASTER, ViewLayer | Updating Geometry BVH Side_1_fastener_6_recess_floor_mesh 17/165 | Building BVH
Fra:22 Mem:509.91M (Peak 747.70M) | Time:00:00.77 | Mem:262.15M, Peak:262.15M | C6420_4N_24SFF_v002_MASTER, ViewLayer | Updating Geometry BVH Side_1_fastener_7_recessed_head_mesh 18/165 | Building BVH
Fra:22 Mem:509.91M (Peak 747.70M) | Time:00:00.77 | Mem:262.20M, Peak:262.24M | C6420_4N_24SFF_v002_MASTER, ViewLayer | Updating Geometry BVH Side_1_fastener_8_recessed_head_mesh 19/165 | Building BVH
Fra:22 Mem:509.91M (Peak 747.70M) | Time:00:00.77 | Mem:262.26M, Peak:262.30M | C6420_4N_24SFF_v002_MASTER, ViewLayer | Updating Geometry BVH PSU1_octagonal_fan_guard_mesh 149/165 | Building BVH
Fra:22 Mem:509.91M (Peak 747.70M) | Time:00:00.77 | Mem:262.28M, Peak:262.31M | C6420_4N_24SFF_v002_MASTER, ViewLayer | Updating Geometry BVH Side_1_fastener_9_recessed_head_mesh 20/165 | Building BVH
Fra:22 Mem:509.91M (Peak 747.70M) | Time:00:00.77 | Mem:262.48M, Peak:262.50M | C6420_4N_24SFF_v002_MASTER, ViewLayer | Updating Geometry BVH PSU1_latch_track_mesh 148/165 | Building BVH
Fra:22 Mem:509.91M (Peak 747.70M) | Time:00:00.77 | Mem:262.52M, Peak:262.55M | C6420_4N_24SFF_v002_MASTER, ViewLayer | Updating Geometry BVH Side_1_fastener_10_recessed_head_mesh 21/165 | Building BVH
Fra:22 Mem:509.91M (Peak 747.70M) | Time:00:00.77 | Mem:262.53M, Peak:262.55M | C6420_4N_24SFF_v002_MASTER, ViewLayer | Updating Geometry BVH PSU1_orange_release_paddle_mesh 147/165 | Building BVH
Fra:22 Mem:509.91M (Peak 747.70M) | Time:00:00.77 | Mem:262.58M, Peak:262.62M | C6420_4N_24SFF_v002_MASTER, ViewLayer | Updating Geometry BVH Side_1_clinch_0_mesh 22/165 | Building BVH
Fra:22 Mem:509.91M (Peak 747.70M) | Time:00:00.77 | Mem:262.71M, Peak:262.74M | C6420_4N_24SFF_v002_MASTER, ViewLayer | Updating Geometry BVH Side_rail_latch_outline_1_mesh 23/165 | Building BVH
Fra:22 Mem:509.91M (Peak 747.70M) | Time:00:00.77 | Mem:262.73M, Peak:262.76M | C6420_4N_24SFF_v002_MASTER, ViewLayer | Updating Geometry BVH PSU1_AC_blade_0_mesh 146/165 | Building BVH
Fra:22 Mem:509.91M (Peak 747.70M) | Time:00:00.77 | Mem:262.76M, Peak:262.76M | C6420_4N_24SFF_v002_MASTER, ViewLayer | Updating Geometry BVH Underlapping_cover_seam_mesh 24/165 | Building BVH
Fra:22 Mem:509.91M (Peak 747.70M) | Time:00:00.77 | Mem:262.79M, Peak:262.79M | C6420_4N_24SFF_v002_MASTER, ViewLayer | Updating Geometry BVH PSU1_AC_C20_recess_dark_back_mesh 145/165 | Building BVH
Fra:22 Mem:509.91M (Peak 747.70M) | Time:00:00.77 | Mem:262.83M, Peak:262.84M | C6420_4N_24SFF_v002_MASTER, ViewLayer | Updating Geometry BVH Cover_traction_pad_mesh 25/165 | Building BVH
Fra:22 Mem:509.91M (Peak 747.70M) | Time:00:00.77 | Mem:262.88M, Peak:262.88M | C6420_4N_24SFF_v002_MASTER, ViewLayer | Updating Geometry BVH PSU1_AC_C20_recess_metal_cavity_mesh 144/165 | Building BVH
Fra:22 Mem:509.91M (Peak 747.70M) | Time:00:00.77 | Mem:262.89M, Peak:262.93M | C6420_4N_24SFF_v002_MASTER, ViewLayer | Updating Geometry BVH Front_cover_flush_screw_recess_floor_mesh 26/165 | Building BVH
Fra:22 Mem:509.91M (Peak 747.70M) | Time:00:00.77 | Mem:263.01M, Peak:263.01M | C6420_4N_24SFF_v002_MASTER, ViewLayer | Updating Geometry BVH Rear_cover_flush_screw_recessed_head_mesh 27/165 | Building BVH
Fra:22 Mem:509.91M (Peak 747.70M) | Time:00:00.77 | Mem:263.02M, Peak:263.02M | C6420_4N_24SFF_v002_MASTER, ViewLayer | Updating Geometry BVH Rear_cover_flush_screw_recessed_head_mesh.001 28/165 | Building BVH
Fra:22 Mem:509.91M (Peak 747.70M) | Time:00:00.77 | Mem:263.18M, Peak:263.22M | C6420_4N_24SFF_v002_MASTER, ViewLayer | Updating Geometry BVH PSU1_AC_black_rim_mesh 143/165 | Building BVH
Fra:22 Mem:509.91M (Peak 747.70M) | Time:00:00.77 | Mem:263.29M, Peak:263.32M | C6420_4N_24SFF_v002_MASTER, ViewLayer | Updating Geometry BVH Rear_cover_flush_screw_recessed_head_mesh.002 29/165 | Building BVH
Fra:22 Mem:509.91M (Peak 747.70M) | Time:00:00.77 | Mem:263.43M, Peak:263.47M | C6420_4N_24SFF_v002_MASTER, ViewLayer | Updating Geometry BVH Rear_cover_flush_screw_recessed_head_mesh.003 30/165 | Building BVH
Fra:22 Mem:509.91M (Peak 747.70M) | Time:00:00.77 | Mem:263.50M, Peak:263.52M | C6420_4N_24SFF_v002_MASTER, ViewLayer | Updating Geometry BVH Midheight_sled_shelf_mesh 31/165 | Building BVH
Fra:22 Mem:509.91M (Peak 747.70M) | Time:00:00.77 | Mem:263.54M, Peak:263.54M | C6420_4N_24SFF_v002_MASTER, ViewLayer | Updating Geometry BVH PSU1_front_sheet_mesh 142/165 | Building BVH
Fra:22 Mem:509.91M (Peak 747.70M) | Time:00:00.77 | Mem:263.67M, Peak:263.67M | C6420_4N_24SFF_v002_MASTER, ViewLayer | Updating Geometry BVH Central_PSU_channel_divider_mesh 32/165 | Building BVH
Fra:22 Mem:509.91M (Peak 747.70M) | Time:00:00.77 | Mem:263.71M, Peak:263.71M | C6420_4N_24SFF_v002_MASTER, ViewLayer | Updating Geometry BVH Hidden_backplane_socket_mesh 33/165 | Building BVH
Fra:22 Mem:509.91M (Peak 747.70M) | Time:00:00.77 | Mem:263.71M, Peak:263.75M | C6420_4N_24SFF_v002_MASTER, ViewLayer | Updating Geometry BVH Rack_ear_mount_-1_mesh 34/165 | Building BVH
Fra:22 Mem:509.91M (Peak 747.70M) | Time:00:00.77 | Mem:263.72M, Peak:263.75M | C6420_4N_24SFF_v002_MASTER, ViewLayer | Updating Geometry BVH Control_ear_shell_-1_mesh 35/165 | Building BVH
Fra:22 Mem:509.91M (Peak 747.70M) | Time:00:00.77 | Mem:263.76M, Peak:263.76M | C6420_4N_24SFF_v002_MASTER, ViewLayer | Updating Geometry BVH Lower_ear_screw_boss_-1_mesh 36/165 | Building BVH
Fra:22 Mem:509.91M (Peak 747.70M) | Time:00:00.77 | Mem:263.85M, Peak:263.86M | C6420_4N_24SFF_v002_MASTER, ViewLayer | Updating Geometry BVH Front_cage_side_return_-1_mesh 38/165 | Building BVH
Fra:22 Mem:509.91M (Peak 747.70M) | Time:00:00.77 | Mem:263.86M, Peak:263.86M | C6420_4N_24SFF_v002_MASTER, ViewLayer | Updating Geometry BVH Front_punched_cheek_-1_mesh 37/165 | Building BVH
Fra:22 Mem:509.91M (Peak 747.70M) | Time:00:00.77 | Mem:264.16M, Peak:264.16M | C6420_4N_24SFF_v002_MASTER, ViewLayer | Updating Geometry BVH Handle_flat_anchor_-1_mesh 39/165 | Building BVH
Fra:22 Mem:509.91M (Peak 747.70M) | Time:00:00.77 | Mem:264.18M, Peak:264.22M | C6420_4N_24SFF_v002_MASTER, ViewLayer | Updating Geometry BVH Front_lower_rolled_hem_mesh 40/165 | Building BVH
Fra:22 Mem:509.91M (Peak 747.70M) | Time:00:00.77 | Mem:264.24M, Peak:264.25M | C6420_4N_24SFF_v002_MASTER, ViewLayer | Updating Geometry BVH Drive_bank_divider_0_mesh 41/165 | Building BVH
Fra:22 Mem:509.91M (Peak 747.70M) | Time:00:00.77 | Mem:264.25M, Peak:264.25M | C6420_4N_24SFF_v002_MASTER, ViewLayer | Updating Geometry BVH Control_face_inset_-1_mesh 42/165 | Building BVH
Fra:22 Mem:509.91M (Peak 747.70M) | Time:00:00.77 | Mem:264.24M, Peak:264.25M | C6420_4N_24SFF_v002_MASTER, ViewLayer | Updating Geometry BVH Control_face_bottom_clip_-1_mesh 43/165 | Building BVH
Fra:22 Mem:509.91M (Peak 747.70M) | Time:00:00.77 | Mem:264.29M, Peak:264.29M | C6420_4N_24SFF_v002_MASTER, ViewLayer | Updating Geometry BVH Power_button_lens_1_mesh 44/165 | Building BVH
Fra:22 Mem:509.91M (Peak 747.70M) | Time:00:00.77 | Mem:264.25M, Peak:264.29M | C6420_4N_24SFF_v002_MASTER, ViewLayer | Updating Geometry BVH PSU1_internal_end_mesh 141/165 | Building BVH
Fra:22 Mem:509.91M (Peak 747.70M) | Time:00:00.77 | Mem:264.35M, Peak:264.36M | C6420_4N_24SFF_v002_MASTER, ViewLayer | Updating Geometry BVH ID_button_lens_1_mesh 46/165 | Building BVH
Fra:22 Mem:509.91M (Peak 747.70M) | Time:00:00.77 | Mem:264.36M, Peak:264.36M | C6420_4N_24SFF_v002_MASTER, ViewLayer | Updating Geometry BVH PSU1_horizontal_shell_mesh 140/165 | Building BVH
Fra:22 Mem:509.91M (Peak 747.70M) | Time:00:00.77 | Mem:264.39M, Peak:264.39M | C6420_4N_24SFF_v002_MASTER, ViewLayer | Updating Geometry BVH ID_button_print_1_mesh 47/165 | Building BVH
Fra:22 Mem:509.91M (Peak 747.70M) | Time:00:00.77 | Mem:264.47M, Peak:264.48M | C6420_4N_24SFF_v002_MASTER, ViewLayer | Updating Geometry BVH ID_inner_white_disc_1_mesh 48/165 | Building BVH
Fra:22 Mem:509.91M (Peak 747.70M) | Time:00:00.77 | Mem:264.49M, Peak:264.50M | C6420_4N_24SFF_v002_MASTER, ViewLayer | Updating Geometry BVH PSU1_side_shell_mesh 139/165 | Building BVH
Fra:22 Mem:509.91M (Peak 747.70M) | Time:00:00.77 | Mem:264.59M, Peak:264.59M | C6420_4N_24SFF_v002_MASTER, ViewLayer | Updating Geometry BVH ID_information_symbol_1_font 49/165 | Building BVH
Fra:22 Mem:509.91M (Peak 747.70M) | Time:00:00.77 | Mem:264.58M, Peak:264.61M | C6420_4N_24SFF_v002_MASTER, ViewLayer | Updating Geometry BVH Front_mapping_arrow_1_mesh 50/165 | Building BVH
Fra:22 Mem:509.91M (Peak 747.70M) | Time:00:00.77 | Mem:264.58M, Peak:264.61M | C6420_4N_24SFF_v002_MASTER, ViewLayer | Updating Geometry BVH Captive_screw_metal_washer_-1_mesh 51/165 | Building BVH
Fra:22 Mem:509.91M (Peak 747.70M) | Time:00:00.77 | Mem:264.59M, Peak:264.61M | C6420_4N_24SFF_v002_MASTER, ViewLayer | Updating Geometry BVH Captive_screw_knurled_grip_-1_mesh 52/165 | Building BVH
Fra:22 Mem:509.91M (Peak 747.70M) | Time:00:00.77 | Mem:264.64M, Peak:264.66M | C6420_4N_24SFF_v002_MASTER, ViewLayer | Updating Geometry BVH Captive_screw_Phillips_-1_recessed_head_mesh 53/165 | Building BVH
Fra:22 Mem:509.91M (Peak 747.70M) | Time:00:00.77 | Mem:264.65M, Peak:264.66M | C6420_4N_24SFF_v002_MASTER, ViewLayer | Updating Geometry BVH Captive_screw_front_bead_-1_mesh 55/165 | Building BVH
Fra:22 Mem:509.91M (Peak 747.70M) | Time:00:00.77 | Mem:264.95M, Peak:264.95M | C6420_4N_24SFF_v002_MASTER, ViewLayer | Updating Geometry BVH Front_mapping_arrow_3_mesh 56/165 | Building BVH
Fra:22 Mem:509.91M (Peak 747.70M) | Time:00:00.77 | Mem:265.00M, Peak:265.00M | C6420_4N_24SFF_v002_MASTER, ViewLayer | Updating Geometry BVH Bay_mapping_triangle_0_mesh 57/165 | Building BVH
Fra:22 Mem:509.91M (Peak 747.70M) | Time:00:00.77 | Mem:265.13M, Peak:265.13M | C6420_4N_24SFF_v002_MASTER, ViewLayer | Updating Geometry BVH Node1_floor_mesh.001 58/165 | Building BVH
Fra:22 Mem:509.91M (Peak 747.70M) | Time:00:00.77 | Mem:265.28M, Peak:265.28M | C6420_4N_24SFF_v002_MASTER, ViewLayer | Updating Geometry BVH Carrier00_disk_symbol_mesh 137/165 | Building BVH
Fra:22 Mem:509.91M (Peak 747.70M) | Time:00:00.77 | Mem:265.29M, Peak:265.29M | C6420_4N_24SFF_v002_MASTER, ViewLayer | Updating Geometry BVH Node1_tray_side_-1_mesh 59/165 | Building BVH
Fra:22 Mem:509.91M (Peak 747.70M) | Time:00:00.77 | Mem:265.36M, Peak:265.38M | C6420_4N_24SFF_v002_MASTER, ViewLayer | Updating Geometry BVH Node1_internal_air_shade_mesh 60/165 | Building BVH
Fra:22 Mem:509.91M (Peak 747.70M) | Time:00:00.77 | Mem:265.34M, Peak:265.39M | C6420_4N_24SFF_v002_MASTER, ViewLayer | Updating Geometry BVH Carrier00_status_lens_0_mesh 136/165 | Building BVH
Fra:22 Mem:509.91M (Peak 747.70M) | Time:00:00.77 | Mem:265.31M, Peak:265.39M | C6420_4N_24SFF_v002_MASTER, ViewLayer | Updating Geometry BVH Node1_visible_PCB_edge_mesh 61/165 | Building BVH
Fra:22 Mem:509.91M (Peak 747.70M) | Time:00:00.77 | Mem:265.37M, Peak:265.39M | C6420_4N_24SFF_v002_MASTER, ViewLayer | Updating Geometry BVH Node1_horizontal_rear_return_mesh 62/165 | Building BVH
Fra:22 Mem:509.91M (Peak 747.70M) | Time:00:00.77 | Mem:265.41M, Peak:265.41M | C6420_4N_24SFF_v002_MASTER, ViewLayer | Updating Geometry BVH Node1_vertical_rear_return_mesh 63/165 | Building BVH
Fra:22 Mem:509.91M (Peak 747.70M) | Time:00:00.77 | Mem:265.42M, Peak:265.42M | C6420_4N_24SFF_v002_MASTER, ViewLayer | Updating Geometry BVH Node1_USB_black_mask_mesh 64/165 | Building BVH
Fra:22 Mem:509.91M (Peak 747.70M) | Time:00:00.77 | Mem:265.50M, Peak:265.50M | C6420_4N_24SFF_v002_MASTER, ViewLayer | Updating Geometry BVH Node1_USB3A_0_metal_cavity_mesh 65/165 | Building BVH
Fra:22 Mem:509.91M (Peak 747.70M) | Time:00:00.78 | Mem:265.56M, Peak:265.57M | C6420_4N_24SFF_v002_MASTER, ViewLayer | Updating Geometry BVH Node1_USB3A_0_dark_back_mesh 66/165 | Building BVH
Fra:22 Mem:509.91M (Peak 747.70M) | Time:00:00.78 | Mem:265.57M, Peak:265.57M | C6420_4N_24SFF_v002_MASTER, ViewLayer | Updating Geometry BVH Node1_USB3A_0_blue_tongue_mesh 67/165 | Building BVH
Fra:22 Mem:509.91M (Peak 747.70M) | Time:00:00.78 | Mem:265.69M, Peak:265.69M | C6420_4N_24SFF_v002_MASTER, ViewLayer | Updating Geometry BVH Node1_USB3A_0_front_contact_0_mesh 68/165 | Building BVH
Fra:22 Mem:509.91M (Peak 747.70M) | Time:00:00.78 | Mem:265.71M, Peak:265.71M | C6420_4N_24SFF_v002_MASTER, ViewLayer | Updating Geometry BVH Node1_USB3A_0_rear_contact_0_mesh 69/165 | Building BVH
Fra:22 Mem:509.91M (Peak 747.70M) | Time:00:00.78 | Mem:265.74M, Peak:265.74M | C6420_4N_24SFF_v002_MASTER, ViewLayer | Updating Geometry BVH Carrier00_indicator_strip_mesh 135/165 | Building BVH
Fra:22 Mem:509.91M (Peak 747.70M) | Time:00:00.78 | Mem:265.83M, Peak:265.83M | C6420_4N_24SFF_v002_MASTER, ViewLayer | Updating Geometry BVH Node1_USB_retention_spring_mesh 70/165 | Building BVH
Fra:22 Mem:509.91M (Peak 747.70M) | Time:00:00.78 | Mem:265.87M, Peak:265.87M | C6420_4N_24SFF_v002_MASTER, ViewLayer | Updating Geometry BVH Node1_USB_icon_circle_mesh 71/165 | Building BVH
Fra:22 Mem:509.91M (Peak 747.70M) | Time:00:00.78 | Mem:265.88M, Peak:265.88M | C6420_4N_24SFF_v002_MASTER, ViewLayer | Updating Geometry BVH Carrier00_button_inner_face_mesh 134/165 | Building BVH
Fra:22 Mem:509.91M (Peak 747.70M) | Time:00:00.78 | Mem:265.96M, Peak:265.96M | C6420_4N_24SFF_v002_MASTER, ViewLayer | Updating Geometry BVH Node1_USB_icon_square_mesh 72/165 | Building BVH
Fra:22 Mem:509.91M (Peak 747.70M) | Time:00:00.78 | Mem:265.97M, Peak:265.97M | C6420_4N_24SFF_v002_MASTER, ViewLayer | Updating Geometry BVH Node1_USB_icon_arrow_mesh 73/165 | Building BVH
Fra:22 Mem:509.91M (Peak 747.70M) | Time:00:00.78 | Mem:265.98M, Peak:265.98M | C6420_4N_24SFF_v002_MASTER, ViewLayer | Updating Geometry BVH Node1_USB_icon_root_mesh 74/165 | Building BVH
Fra:22 Mem:509.91M (Peak 747.70M) | Time:00:00.78 | Mem:265.99M, Peak:265.99M | C6420_4N_24SFF_v002_MASTER, ViewLayer | Updating Geometry BVH Node1_USB_plate_fastener_recessed_head_mesh 75/165 | Building BVH
Fra:22 Mem:509.91M (Peak 747.70M) | Time:00:00.78 | Mem:265.99M, Peak:266.03M | C6420_4N_24SFF_v002_MASTER, ViewLayer | Updating Geometry BVH Node1_USB_plate_fastener_recess_floor_mesh 76/165 | Building BVH
Fra:22 Mem:509.91M (Peak 747.70M) | Time:00:00.78 | Mem:266.04M, Peak:266.04M | C6420_4N_24SFF_v002_MASTER, ViewLayer | Updating Geometry BVH Node1_SFP_cage_0_metal_cavity_mesh 78/165 | Building BVH
Fra:22 Mem:509.91M (Peak 747.70M) | Time:00:00.78 | Mem:266.11M, Peak:266.11M | C6420_4N_24SFF_v002_MASTER, ViewLayer | Updating Geometry BVH Node1_SFP_cage_0_dark_back_mesh 79/165 | Building BVH
Fra:22 Mem:509.91M (Peak 747.70M) | Time:00:00.78 | Mem:266.15M, Peak:266.17M | C6420_4N_24SFF_v002_MASTER, ViewLayer | Updating Geometry BVH Carrier00_orange_release_ring_mesh 133/165 | Building BVH
Fra:22 Mem:509.91M (Peak 747.70M) | Time:00:00.78 | Mem:266.21M, Peak:266.21M | C6420_4N_24SFF_v002_MASTER, ViewLayer | Updating Geometry BVH Node1_SFP_0_side_spring_mesh 80/165 | Building BVH
Fra:22 Mem:509.91M (Peak 747.70M) | Time:00:00.78 | Mem:266.30M, Peak:266.31M | C6420_4N_24SFF_v002_MASTER, ViewLayer | Updating Geometry BVH Node1_SFP_0_top_tang_mesh 81/165 | Building BVH
Fra:22 Mem:509.91M (Peak 747.70M) | Time:00:00.78 | Mem:266.37M, Peak:266.37M | C6420_4N_24SFF_v002_MASTER, ViewLayer | Updating Geometry BVH Node1_SFP_0_lower_flange_mesh 82/165 | Building BVH
Fra:22 Mem:509.91M (Peak 747.70M) | Time:00:00.78 | Mem:266.47M, Peak:266.47M | C6420_4N_24SFF_v002_MASTER, ViewLayer | Updating Geometry BVH Node1_SFP_0_connector_insert_mesh 83/165 | Building BVH
Fra:22 Mem:509.91M (Peak 747.70M) | Time:00:00.78 | Mem:266.53M, Peak:266.56M | C6420_4N_24SFF_v002_MASTER, ViewLayer | Updating Geometry BVH Node1_SFP_index_0_font 85/165 | Building BVH
Fra:22 Mem:509.91M (Peak 747.70M) | Time:00:00.78 | Mem:266.55M, Peak:266.56M | C6420_4N_24SFF_v002_MASTER, ViewLayer | Updating Geometry BVH Node1_SFP_0_contact_0_mesh 84/165 | Building BVH
Fra:22 Mem:509.91M (Peak 747.70M) | Time:00:00.78 | Mem:266.59M, Peak:266.62M | C6420_4N_24SFF_v002_MASTER, ViewLayer | Updating Geometry BVH Node1_SFP_index_1_font 86/165 | Building BVH
Fra:22 Mem:509.91M (Peak 747.70M) | Time:00:00.78 | Mem:266.61M, Peak:266.62M | C6420_4N_24SFF_v002_MASTER, ViewLayer | Updating Geometry BVH Carrier00_round_release_button_mesh 132/165 | Building BVH
Fra:22 Mem:509.91M (Peak 747.70M) | Time:00:00.78 | Mem:266.65M, Peak:266.65M | C6420_4N_24SFF_v002_MASTER, ViewLayer | Updating Geometry BVH Node1_MicroUSB_metal_cavity_mesh 87/165 | Building BVH
Fra:22 Mem:509.91M (Peak 747.70M) | Time:00:00.78 | Mem:266.52M, Peak:266.66M | C6420_4N_24SFF_v002_MASTER, ViewLayer | Updating Geometry BVH Node1_MicroUSB_dark_back_mesh 88/165 | Building BVH
Fra:22 Mem:509.91M (Peak 747.70M) | Time:00:00.78 | Mem:266.57M, Peak:266.66M | C6420_4N_24SFF_v002_MASTER, ViewLayer | Updating Geometry BVH Node1_MicroUSB_tongue_mesh 89/165 | Building BVH
Fra:22 Mem:509.91M (Peak 747.70M) | Time:00:00.78 | Mem:266.66M, Peak:266.67M | C6420_4N_24SFF_v002_MASTER, ViewLayer | Updating Geometry BVH Node1_MiniDisplayPort_metal_cavity_mesh 90/165 | Building BVH
Fra:22 Mem:509.91M (Peak 747.70M) | Time:00:00.78 | Mem:266.70M, Peak:266.70M | C6420_4N_24SFF_v002_MASTER, ViewLayer | Updating Geometry BVH Node1_MiniDisplayPort_dark_back_mesh 91/165 | Building BVH
Fra:22 Mem:509.91M (Peak 747.70M) | Time:00:00.78 | Mem:266.75M, Peak:266.75M | C6420_4N_24SFF_v002_MASTER, ViewLayer | Updating Geometry BVH Node1_MiniDP_inner_shield_metal_cavity_mesh 92/165 | Building BVH
Fra:22 Mem:509.91M (Peak 747.70M) | Time:00:00.78 | Mem:266.75M, Peak:266.77M | C6420_4N_24SFF_v002_MASTER, ViewLayer | Updating Geometry BVH Node1_MiniDP_inner_shield_dark_back_mesh 93/165 | Building BVH
Fra:22 Mem:509.91M (Peak 747.70M) | Time:00:00.78 | Mem:266.84M, Peak:266.84M | C6420_4N_24SFF_v002_MASTER, ViewLayer | Updating Geometry BVH Node1_MiniDP_tongue_mesh 94/165 | Building BVH
Fra:22 Mem:509.91M (Peak 747.70M) | Time:00:00.78 | Mem:266.85M, Peak:266.87M | C6420_4N_24SFF_v002_MASTER, ViewLayer | Updating Geometry BVH Carrier00_square_release_pad_mesh 131/165 | Building BVH
Fra:22 Mem:509.91M (Peak 747.70M) | Time:00:00.78 | Mem:266.89M, Peak:266.91M | C6420_4N_24SFF_v002_MASTER, ViewLayer | Updating Geometry BVH Node1_iDRAC_RJ45_metal_cavity_mesh 95/165 | Building BVH
Fra:22 Mem:509.91M (Peak 747.70M) | Time:00:00.78 | Mem:266.90M, Peak:266.91M | C6420_4N_24SFF_v002_MASTER, ViewLayer | Updating Geometry BVH Node1_iDRAC_RJ45_dark_back_mesh 96/165 | Building BVH
Fra:22 Mem:509.91M (Peak 747.70M) | Time:00:00.78 | Mem:266.98M, Peak:266.98M | C6420_4N_24SFF_v002_MASTER, ViewLayer | Updating Geometry BVH Node1_RJ45_LED_lens_mesh 97/165 | Building BVH
Fra:22 Mem:509.91M (Peak 747.70M) | Time:00:00.78 | Mem:267.03M, Peak:267.03M | C6420_4N_24SFF_v002_MASTER, ViewLayer | Updating Geometry BVH Node1_RJ45_LED_lens_mesh.001 98/165 | Building BVH
Fra:22 Mem:509.91M (Peak 747.70M) | Time:00:00.78 | Mem:267.10M, Peak:267.12M | C6420_4N_24SFF_v002_MASTER, ViewLayer | Updating Geometry BVH Node1_power_metal_rim_mesh 99/165 | Building BVH
Fra:22 Mem:509.91M (Peak 747.70M) | Time:00:00.78 | Mem:267.12M, Peak:267.12M | C6420_4N_24SFF_v002_MASTER, ViewLayer | Updating Geometry BVH Node1_power_button_lens_mesh 100/165 | Building BVH
Fra:22 Mem:509.91M (Peak 747.70M) | Time:00:00.78 | Mem:267.18M, Peak:267.18M | C6420_4N_24SFF_v002_MASTER, ViewLayer | Updating Geometry BVH Node1_long_grip_folded_frame_mesh 101/165 | Building BVH
Fra:22 Mem:509.91M (Peak 747.70M) | Time:00:00.78 | Mem:267.25M, Peak:267.25M | C6420_4N_24SFF_v002_MASTER, ViewLayer | Updating Geometry BVH Node1_long_black_grip_metal_cavity_mesh 102/165 | Building BVH
Fra:22 Mem:509.91M (Peak 747.70M) | Time:00:00.78 | Mem:267.26M, Peak:267.26M | C6420_4N_24SFF_v002_MASTER, ViewLayer | Updating Geometry BVH Node1_long_black_grip_dark_back_mesh 103/165 | Building BVH
Fra:22 Mem:509.91M (Peak 747.70M) | Time:00:00.78 | Mem:267.24M, Peak:267.26M | C6420_4N_24SFF_v002_MASTER, ViewLayer | Updating Geometry BVH Carrier00_release_bezel_mesh 130/165 | Building BVH
Fra:22 Mem:509.91M (Peak 747.70M) | Time:00:00.78 | Mem:267.12M, Peak:267.39M | C6420_4N_24SFF_v002_MASTER, ViewLayer | Updating Geometry BVH Node1_grip_edge_fold_mesh 104/165 | Building BVH
Fra:22 Mem:509.91M (Peak 747.70M) | Time:00:00.78 | Mem:267.14M, Peak:267.39M | C6420_4N_24SFF_v002_MASTER, ViewLayer | Updating Geometry BVH Node1_grip_press_lug_mesh 105/165 | Building BVH
Fra:22 Mem:509.91M (Peak 747.70M) | Time:00:00.78 | Mem:267.15M, Peak:267.39M | C6420_4N_24SFF_v002_MASTER, ViewLayer | Updating Geometry BVH Carrier00_hinge_end_bracket_mesh 129/165 | Building BVH
Fra:22 Mem:509.91M (Peak 747.70M) | Time:00:00.78 | Mem:267.25M, Peak:267.39M | C6420_4N_24SFF_v002_MASTER, ViewLayer | Updating Geometry BVH Node1_grip_hinge_pin_mesh 106/165 | Building BVH
Fra:22 Mem:509.91M (Peak 747.70M) | Time:00:00.78 | Mem:267.27M, Peak:267.39M | C6420_4N_24SFF_v002_MASTER, ViewLayer | Updating Geometry BVH Carrier00_hinge_axle_mesh 128/165 | Building BVH
Fra:22 Mem:509.91M (Peak 747.70M) | Time:00:00.78 | Mem:267.26M, Peak:267.39M | C6420_4N_24SFF_v002_MASTER, ViewLayer | Updating Geometry BVH Node1_blue_hook_return_mesh 108/165 | Building BVH
Fra:22 Mem:509.91M (Peak 747.70M) | Time:00:00.78 | Mem:267.28M, Peak:267.39M | C6420_4N_24SFF_v002_MASTER, ViewLayer | Updating Geometry BVH Node1_blue_hook_cross_return_mesh 109/165 | Building BVH
Fra:22 Mem:509.91M (Peak 747.70M) | Time:00:00.78 | Mem:267.30M, Peak:267.39M | C6420_4N_24SFF_v002_MASTER, ViewLayer | Updating Geometry BVH Node1_blue_latch_mount_recessed_head_mesh 110/165 | Building BVH
Fra:22 Mem:509.91M (Peak 747.70M) | Time:00:00.78 | Mem:267.42M, Peak:267.42M | C6420_4N_24SFF_v002_MASTER, ViewLayer | Updating Geometry BVH Node1_latch_steel_back_mesh 111/165 | Building BVH
Fra:22 Mem:509.91M (Peak 747.70M) | Time:00:00.78 | Mem:267.44M, Peak:267.44M | C6420_4N_24SFF_v002_MASTER, ViewLayer | Updating Geometry BVH Node1_DP_mark_font 112/165 | Building BVH
Fra:22 Mem:509.91M (Peak 747.70M) | Time:00:00.78 | Mem:267.43M, Peak:267.44M | C6420_4N_24SFF_v002_MASTER, ViewLayer | Updating Geometry BVH Node1_iDRAC_mark_font 113/165 | Building BVH
Fra:22 Mem:509.91M (Peak 747.70M) | Time:00:00.78 | Mem:267.45M, Peak:267.45M | C6420_4N_24SFF_v002_MASTER, ViewLayer | Updating Geometry BVH Carrier00_label_inset_pad_mesh 127/165 | Building BVH
Fra:22 Mem:509.91M (Peak 747.70M) | Time:00:00.78 | Mem:267.52M, Peak:267.52M | C6420_4N_24SFF_v002_MASTER, ViewLayer | Updating Geometry BVH Node1_MicroUSB_service_mark_font 114/165 | Building BVH
Fra:22 Mem:509.91M (Peak 747.70M) | Time:00:00.78 | Mem:267.52M, Peak:267.53M | C6420_4N_24SFF_v002_MASTER, ViewLayer | Updating Geometry BVH Node1_EST_tag_mesh 115/165 | Building BVH
Fra:22 Mem:509.91M (Peak 747.70M) | Time:00:00.78 | Mem:267.55M, Peak:267.55M | C6420_4N_24SFF_v002_MASTER, ViewLayer | Updating Geometry BVH Node1_EST_blue_print_mesh 116/165 | Building BVH
Fra:22 Mem:509.91M (Peak 747.70M) | Time:00:00.78 | Mem:267.56M, Peak:267.56M | C6420_4N_24SFF_v002_MASTER, ViewLayer | Updating Geometry BVH Node1_EST_letters_font 117/165 | Building BVH
Fra:22 Mem:509.91M (Peak 747.70M) | Time:00:00.78 | Mem:267.65M, Peak:267.67M | C6420_4N_24SFF_v002_MASTER, ViewLayer | Updating Geometry BVH Carrier00_handle_top_thumb_land_mesh 126/165 | Building BVH
Fra:22 Mem:509.91M (Peak 747.70M) | Time:00:00.78 | Mem:267.67M, Peak:267.67M | C6420_4N_24SFF_v002_MASTER, ViewLayer | Updating Geometry BVH Drive00_metal_enclosure_mesh 118/165 | Building BVH
Fra:22 Mem:509.91M (Peak 747.70M) | Time:00:00.78 | Mem:267.67M, Peak:267.67M | C6420_4N_24SFF_v002_MASTER, ViewLayer | Updating Geometry BVH Carrier00_folded_runner_-1_mesh 120/165 | Building BVH
Fra:22 Mem:509.91M (Peak 747.70M) | Time:00:00.78 | Mem:267.69M, Peak:267.69M | C6420_4N_24SFF_v002_MASTER, ViewLayer | Updating Geometry BVH Carrier00_setback_honeycomb_mesh 121/165 | Building BVH
Fra:22 Mem:509.91M (Peak 747.70M) | Time:00:00.78 | Mem:267.83M, Peak:267.83M | C6420_4N_24SFF_v002_MASTER, ViewLayer | Updating Geometry BVH Carrier00_three_window_handle_mesh 125/165 | Building BVH
Fra:22 Mem:509.91M (Peak 747.70M) | Time:00:00.78 | Mem:267.87M, Peak:267.91M | C6420_4N_24SFF_v002_MASTER, ViewLayer | Updating Geometry BVH Carrier00_fixed_outer_bezel_mesh 122/165 | Building BVH
Fra:22 Mem:509.91M (Peak 747.70M) | Time:00:00.78 | Mem:267.87M, Peak:267.91M | C6420_4N_24SFF_v002_MASTER, ViewLayer | Updating Geometry BVH Carrier00_fixed_vertical_land_mesh 123/165 | Building BVH
Fra:22 Mem:509.91M (Peak 747.70M) | Time:00:00.78 | Mem:267.90M, Peak:267.91M | C6420_4N_24SFF_v002_MASTER, ViewLayer | Updating Geometry BVH Carrier00_silver_handle_frame_mesh 124/165 | Building BVH
Fra:22 Mem:509.91M (Peak 747.70M) | Time:00:00.78 | Mem:268.45M, Peak:268.50M | C6420_4N_24SFF_v002_MASTER, ViewLayer | Updating Scene BVH | Building
Fra:22 Mem:509.93M (Peak 747.70M) | Time:00:00.78 | Mem:268.45M, Peak:268.50M | C6420_4N_24SFF_v002_MASTER, ViewLayer | Updating Scene BVH | Building BVH
Fra:22 Mem:509.93M (Peak 747.70M) | Time:00:00.81 | Mem:291.35M, Peak:302.10M | C6420_4N_24SFF_v002_MASTER, ViewLayer | Updating Scene BVH | Copying BVH to device
Fra:22 Mem:509.93M (Peak 747.70M) | Time:00:00.81 | Mem:291.35M, Peak:302.10M | C6420_4N_24SFF_v002_MASTER, ViewLayer | Updating Mesh | Computing normals
Fra:22 Mem:528.31M (Peak 747.70M) | Time:00:00.83 | Mem:291.35M, Peak:302.10M | C6420_4N_24SFF_v002_MASTER, ViewLayer | Updating Mesh | Copying Mesh to device
Fra:22 Mem:528.31M (Peak 747.70M) | Time:00:00.83 | Mem:309.73M, Peak:309.73M | C6420_4N_24SFF_v002_MASTER, ViewLayer | Updating Objects Flags
Fra:22 Mem:528.31M (Peak 747.70M) | Time:00:00.83 | Mem:309.74M, Peak:309.74M | C6420_4N_24SFF_v002_MASTER, ViewLayer | Updating Primitive Offsets
Fra:22 Mem:528.32M (Peak 747.70M) | Time:00:00.83 | Mem:309.75M, Peak:309.75M | C6420_4N_24SFF_v002_MASTER, ViewLayer | Updating Images
Fra:22 Mem:520.32M (Peak 747.70M) | Time:00:00.83 | Mem:301.75M, Peak:309.75M | C6420_4N_24SFF_v002_MASTER, ViewLayer | Updating Camera Volume
Fra:22 Mem:520.32M (Peak 747.70M) | Time:00:00.83 | Mem:301.75M, Peak:309.75M | C6420_4N_24SFF_v002_MASTER, ViewLayer | Updating Lookup Tables
Fra:22 Mem:520.32M (Peak 747.70M) | Time:00:00.83 | Mem:301.83M, Peak:309.75M | C6420_4N_24SFF_v002_MASTER, ViewLayer | Updating Lights
Fra:22 Mem:520.32M (Peak 747.70M) | Time:00:00.83 | Mem:301.83M, Peak:309.75M | C6420_4N_24SFF_v002_MASTER, ViewLayer | Updating Lights | Computing distribution
Fra:22 Mem:520.32M (Peak 747.70M) | Time:00:00.83 | Mem:301.83M, Peak:309.75M | C6420_4N_24SFF_v002_MASTER, ViewLayer | Updating Lights | Computing tree
Fra:22 Mem:520.34M (Peak 747.70M) | Time:00:00.83 | Mem:301.85M, Peak:309.75M | C6420_4N_24SFF_v002_MASTER, ViewLayer | Updating Integrator
Fra:22 Mem:521.34M (Peak 747.70M) | Time:00:00.83 | Mem:302.85M, Peak:309.75M | C6420_4N_24SFF_v002_MASTER, ViewLayer | Updating Film
Fra:22 Mem:521.34M (Peak 747.70M) | Time:00:00.83 | Mem:302.77M, Peak:309.75M | C6420_4N_24SFF_v002_MASTER, ViewLayer | Updating Lookup Tables
Fra:22 Mem:521.34M (Peak 747.70M) | Time:00:00.83 | Mem:302.85M, Peak:309.75M | C6420_4N_24SFF_v002_MASTER, ViewLayer | Updating Baking
Fra:22 Mem:521.34M (Peak 747.70M) | Time:00:00.83 | Mem:302.85M, Peak:309.75M | C6420_4N_24SFF_v002_MASTER, ViewLayer | Updating Device | Writing constant memory
Fra:22 Mem:521.38M (Peak 747.70M) | Time:00:00.83 | Mem:302.85M, Peak:309.75M | C6420_4N_24SFF_v002_MASTER, ViewLayer | Sample 0/192
Fra:22 Mem:559.74M (Peak 747.70M) | Time:00:01.17 | Remaining:01:03.99 | Mem:341.18M, Peak:341.18M | C6420_4N_24SFF_v002_MASTER, ViewLayer | Sample 1/192
Fra:22 Mem:559.74M (Peak 747.70M) | Time:00:20.77 | Remaining:00:27.90 | Mem:341.18M, Peak:341.18M | C6420_4N_24SFF_v002_MASTER, ViewLayer | Sample 80/192
Fra:22 Mem:559.74M (Peak 747.70M) | Time:00:23.02 | Remaining:00:22.19 | Mem:341.18M, Peak:341.18M | C6420_4N_24SFF_v002_MASTER, ViewLayer | Sample 96/192
Fra:22 Mem:559.74M (Peak 747.70M) | Time:00:25.02 | Remaining:00:17.27 | Mem:341.18M, Peak:341.18M | C6420_4N_24SFF_v002_MASTER, ViewLayer | Sample 112/192
Fra:22 Mem:559.74M (Peak 747.70M) | Time:00:26.84 | Remaining:00:13.00 | Mem:341.18M, Peak:341.18M | C6420_4N_24SFF_v002_MASTER, ViewLayer | Sample 128/192
Fra:22 Mem:559.74M (Peak 747.70M) | Time:00:28.59 | Remaining:00:09.25 | Mem:341.18M, Peak:341.18M | C6420_4N_24SFF_v002_MASTER, ViewLayer | Sample 144/192
Fra:22 Mem:559.74M (Peak 747.70M) | Time:00:30.23 | Remaining:00:05.88 | Mem:341.18M, Peak:341.18M | C6420_4N_24SFF_v002_MASTER, ViewLayer | Sample 160/192
Fra:22 Mem:559.74M (Peak 747.70M) | Time:00:31.81 | Remaining:00:02.81 | Mem:341.18M, Peak:341.18M | C6420_4N_24SFF_v002_MASTER, ViewLayer | Sample 176/192
Fra:22 Mem:576.77M (Peak 747.70M) | Time:00:33.39 | Mem:341.18M, Peak:341.18M | C6420_4N_24SFF_v002_MASTER, ViewLayer | Sample 192/192
Fra:22 Mem:576.77M (Peak 747.70M) | Time:00:33.39 | Mem:341.18M, Peak:341.18M | C6420_4N_24SFF_v002_MASTER, ViewLayer | Finished
Fra:22 Mem:203.60M (Peak 747.70M) | Time:00:33.43 | Compositing
Fra:22 Mem:203.60M (Peak 747.70M) | Time:00:33.43 | Compositing | Determining resolution
Fra:22 Mem:203.60M (Peak 747.70M) | Time:00:33.43 | Compositing | Initializing execution
Fra:22 Mem:220.69M (Peak 747.70M) | Time:00:33.43 | Compositing | Tile 1-24
Fra:22 Mem:220.69M (Peak 747.70M) | Time:00:33.43 | Compositing | Tile 2-24
Fra:22 Mem:220.69M (Peak 747.70M) | Time:00:33.43 | Compositing | Tile 3-24
Fra:22 Mem:220.69M (Peak 747.70M) | Time:00:33.44 | Compositing | Tile 8-24
Fra:22 Mem:220.69M (Peak 747.70M) | Time:00:33.44 | Compositing | Tile 9-24
Fra:22 Mem:220.69M (Peak 747.70M) | Time:00:33.44 | Compositing | Tile 10-24
Fra:22 Mem:220.69M (Peak 747.70M) | Time:00:33.44 | Compositing | Tile 11-24
Fra:22 Mem:220.69M (Peak 747.70M) | Time:00:33.44 | Compositing | Tile 12-24
Fra:22 Mem:220.69M (Peak 747.70M) | Time:00:33.44 | Compositing | Tile 13-24
Fra:22 Mem:220.69M (Peak 747.70M) | Time:00:33.44 | Compositing | Tile 14-24
Fra:22 Mem:220.69M (Peak 747.70M) | Time:00:33.44 | Compositing | Tile 15-24
Fra:22 Mem:220.69M (Peak 747.70M) | Time:00:33.44 | Compositing | Tile 16-24
Fra:22 Mem:220.69M (Peak 747.70M) | Time:00:33.44 | Compositing | Tile 17-24
Fra:22 Mem:220.69M (Peak 747.70M) | Time:00:33.44 | Compositing | Tile 18-24
Fra:22 Mem:220.69M (Peak 747.70M) | Time:00:33.44 | Compositing | Tile 19-24
Fra:22 Mem:220.69M (Peak 747.70M) | Time:00:33.43 | Compositing | Tile 5-24
Fra:22 Mem:220.69M (Peak 747.70M) | Time:00:33.43 | Compositing | Tile 4-24
Fra:22 Mem:220.69M (Peak 747.70M) | Time:00:33.43 | Compositing | Tile 6-24
Fra:22 Mem:220.69M (Peak 747.70M) | Time:00:33.43 | Compositing | Tile 7-24
Fra:22 Mem:220.69M (Peak 747.70M) | Time:00:33.44 | Compositing | Tile 20-24
Fra:22 Mem:220.69M (Peak 747.70M) | Time:00:33.44 | Compositing | Tile 21-24
Fra:22 Mem:220.69M (Peak 747.70M) | Time:00:33.44 | Compositing | Tile 22-24
Fra:22 Mem:220.69M (Peak 747.70M) | Time:00:33.44 | Compositing | Tile 23-24
Fra:22 Mem:220.69M (Peak 747.70M) | Time:00:33.44 | Compositing | Tile 24-24
Fra:22 Mem:220.63M (Peak 747.70M) | Time:00:33.44 | Compositing | De-initializing execution
Saved: '/root/Blender/DELL-C6420/v002/previews/front.png'
Time: 00:33.58 (Saving: 00:00.13)

V002_RENDER_DONE front
Fra:22 Mem:249.06M (Peak 252.77M) | Time:00:00.22 | Mem:0.00M, Peak:0.00M | C6420_4N_24SFF_v002_MASTER, ViewLayer | Synchronizing object | INFERRED_bottom_formed_sheet
Fra:22 Mem:249.07M (Peak 252.77M) | Time:00:00.22 | Mem:0.00M, Peak:0.00M | C6420_4N_24SFF_v002_MASTER, ViewLayer | Synchronizing object | Cover_skirt_screw_1_recess_floor
Fra:22 Mem:249.25M (Peak 252.77M) | Time:00:00.22 | Mem:0.00M, Peak:0.00M | C6420_4N_24SFF_v002_MASTER, ViewLayer | Synchronizing object | Side_1_fastener_0_recess_floor
Fra:22 Mem:249.95M (Peak 252.77M) | Time:00:00.22 | Mem:0.00M, Peak:0.00M | C6420_4N_24SFF_v002_MASTER, ViewLayer | Synchronizing object | Side_1_fastener_1_recessed_head
Fra:22 Mem:250.01M (Peak 252.77M) | Time:00:00.22 | Mem:0.00M, Peak:0.00M | C6420_4N_24SFF_v002_MASTER, ViewLayer | Synchronizing object | Side_1_fastener_1_recess_floor
Fra:22 Mem:250.07M (Peak 252.77M) | Time:00:00.22 | Mem:0.00M, Peak:0.00M | C6420_4N_24SFF_v002_MASTER, ViewLayer | Synchronizing object | Side_1_fastener_2_recessed_head
Fra:22 Mem:250.26M (Peak 252.77M) | Time:00:00.22 | Mem:0.00M, Peak:0.00M | C6420_4N_24SFF_v002_MASTER, ViewLayer | Synchronizing object | Side_1_fastener_4_recessed_head
Fra:22 Mem:250.48M (Peak 252.77M) | Time:00:00.22 | Mem:0.00M, Peak:0.00M | C6420_4N_24SFF_v002_MASTER, ViewLayer | Synchronizing object | Side_1_fastener_4_recess_floor
Fra:22 Mem:250.49M (Peak 252.77M) | Time:00:00.22 | Mem:0.00M, Peak:0.00M | C6420_4N_24SFF_v002_MASTER, ViewLayer | Synchronizing object | Side_1_fastener_6_recessed_head
Fra:22 Mem:252.27M (Peak 252.77M) | Time:00:00.22 | Mem:0.00M, Peak:0.00M | C6420_4N_24SFF_v002_MASTER, ViewLayer | Synchronizing object | Side_1_fastener_6_recess_floor
Fra:22 Mem:252.76M (Peak 252.77M) | Time:00:00.22 | Mem:0.00M, Peak:0.00M | C6420_4N_24SFF_v002_MASTER, ViewLayer | Synchronizing object | Side_1_fastener_7_recessed_head
Fra:22 Mem:252.58M (Peak 252.77M) | Time:00:00.22 | Mem:0.00M, Peak:0.00M | C6420_4N_24SFF_v002_MASTER, ViewLayer | Synchronizing object | Side_1_fastener_8_recessed_head
Fra:22 Mem:252.57M (Peak 252.77M) | Time:00:00.22 | Mem:0.00M, Peak:0.00M | C6420_4N_24SFF_v002_MASTER, ViewLayer | Synchronizing object | Side_1_fastener_9_recessed_head
Fra:22 Mem:252.98M (Peak 252.98M) | Time:00:00.22 | Mem:0.00M, Peak:0.00M | C6420_4N_24SFF_v002_MASTER, ViewLayer | Synchronizing object | Side_1_fastener_10_recessed_head
Fra:22 Mem:252.91M (Peak 252.98M) | Time:00:00.22 | Mem:0.00M, Peak:0.00M | C6420_4N_24SFF_v002_MASTER, ViewLayer | Synchronizing object | Side_1_clinch_0
Fra:22 Mem:253.33M (Peak 253.33M) | Time:00:00.22 | Mem:0.00M, Peak:0.00M | C6420_4N_24SFF_v002_MASTER, ViewLayer | Synchronizing object | Side_rail_latch_outline_1
Fra:22 Mem:253.44M (Peak 253.46M) | Time:00:00.22 | Mem:0.00M, Peak:0.00M | C6420_4N_24SFF_v002_MASTER, ViewLayer | Synchronizing object | Left_side_wall_estimated
Fra:22 Mem:254.24M (Peak 254.24M) | Time:00:00.22 | Mem:0.00M, Peak:0.00M | C6420_4N_24SFF_v002_MASTER, ViewLayer | Synchronizing object | Front_cover_integrated_pressings
Fra:22 Mem:254.29M (Peak 254.29M) | Time:00:00.22 | Mem:0.00M, Peak:0.00M | C6420_4N_24SFF_v002_MASTER, ViewLayer | Synchronizing object | Main_cover_with_label_pressing
Fra:22 Mem:254.31M (Peak 254.31M) | Time:00:00.22 | Mem:0.00M, Peak:0.00M | C6420_4N_24SFF_v002_MASTER, ViewLayer | Synchronizing object | Rear_cover_four_pressed_regions
Fra:22 Mem:254.78M (Peak 254.78M) | Time:00:00.22 | Mem:0.00M, Peak:0.00M | C6420_4N_24SFF_v002_MASTER, ViewLayer | Synchronizing object | Underlapping_cover_seam
Fra:22 Mem:254.74M (Peak 254.78M) | Time:00:00.22 | Mem:0.00M, Peak:0.00M | C6420_4N_24SFF_v002_MASTER, ViewLayer | Synchronizing object | Cover_traction_pad
Fra:22 Mem:254.50M (Peak 254.78M) | Time:00:00.22 | Mem:0.00M, Peak:0.00M | C6420_4N_24SFF_v002_MASTER, ViewLayer | Synchronizing object | Cover_release_recess_back
Fra:22 Mem:254.51M (Peak 254.78M) | Time:00:00.22 | Mem:0.00M, Peak:0.00M | C6420_4N_24SFF_v002_MASTER, ViewLayer | Synchronizing object | Cover_release_metal_tab
Fra:22 Mem:254.64M (Peak 254.78M) | Time:00:00.22 | Mem:0.00M, Peak:0.00M | C6420_4N_24SFF_v002_MASTER, ViewLayer | Synchronizing object | Front_cover_flush_screw_recessed_head
Fra:22 Mem:254.47M (Peak 254.78M) | Time:00:00.22 | Mem:0.00M, Peak:0.00M | C6420_4N_24SFF_v002_MASTER, ViewLayer | Synchronizing object | Front_cover_flush_screw_recess_floor
Fra:22 Mem:254.33M (Peak 254.78M) | Time:00:00.22 | Mem:0.00M, Peak:0.00M | C6420_4N_24SFF_v002_MASTER, ViewLayer | Synchronizing object | Front_cover_flush_screw_recessed_head.001
Fra:22 Mem:254.06M (Peak 254.78M) | Time:00:00.22 | Mem:0.00M, Peak:0.00M | C6420_4N_24SFF_v002_MASTER, ViewLayer | Synchronizing object | Front_cover_flush_screw_recessed_head.002
Fra:22 Mem:254.56M (Peak 254.78M) | Time:00:00.22 | Mem:0.00M, Peak:0.00M | C6420_4N_24SFF_v002_MASTER, ViewLayer | Synchronizing object | Front_cover_flush_screw_recessed_head.003
Fra:22 Mem:256.09M (Peak 256.09M) | Time:00:00.23 | Mem:0.00M, Peak:0.00M | C6420_4N_24SFF_v002_MASTER, ViewLayer | Synchronizing object | Front_cover_flush_screw_recessed_head.004
Fra:22 Mem:257.48M (Peak 257.48M) | Time:00:00.23 | Mem:0.00M, Peak:0.00M | C6420_4N_24SFF_v002_MASTER, ViewLayer | Synchronizing object | Front_cover_flush_screw_recessed_head.005
Fra:22 Mem:257.48M (Peak 257.48M) | Time:00:00.23 | Mem:0.00M, Peak:0.00M | C6420_4N_24SFF_v002_MASTER, ViewLayer | Synchronizing object | Front_cover_flush_screw_recessed_head.006
Fra:22 Mem:257.62M (Peak 257.62M) | Time:00:00.23 | Mem:0.00M, Peak:0.00M | C6420_4N_24SFF_v002_MASTER, ViewLayer | Synchronizing object | Front_cover_flush_screw_recessed_head.007
Fra:22 Mem:257.72M (Peak 257.72M) | Time:00:00.23 | Mem:0.00M, Peak:0.00M | C6420_4N_24SFF_v002_MASTER, ViewLayer | Synchronizing object | Front_cover_flush_screw_recessed_head.008
Fra:22 Mem:257.79M (Peak 257.79M) | Time:00:00.23 | Mem:0.00M, Peak:0.00M | C6420_4N_24SFF_v002_MASTER, ViewLayer | Synchronizing object | Front_cover_flush_screw_recessed_head.009
Fra:22 Mem:257.80M (Peak 257.80M) | Time:00:00.23 | Mem:0.00M, Peak:0.00M | C6420_4N_24SFF_v002_MASTER, ViewLayer | Synchronizing object | Front_cover_flush_screw_recessed_head.011
Fra:22 Mem:258.01M (Peak 258.01M) | Time:00:00.23 | Mem:0.00M, Peak:0.00M | C6420_4N_24SFF_v002_MASTER, ViewLayer | Synchronizing object | Front_cover_flush_screw_recessed_head.012
Fra:22 Mem:257.99M (Peak 258.01M) | Time:00:00.23 | Mem:0.00M, Peak:0.00M | C6420_4N_24SFF_v002_MASTER, ViewLayer | Synchronizing object | Front_cover_flush_screw_recessed_head.013
Fra:22 Mem:257.89M (Peak 258.01M) | Time:00:00.23 | Mem:0.00M, Peak:0.00M | C6420_4N_24SFF_v002_MASTER, ViewLayer | Synchronizing object | Front_cover_flush_screw_recessed_head.014
Fra:22 Mem:258.14M (Peak 258.14M) | Time:00:00.23 | Mem:0.00M, Peak:0.00M | C6420_4N_24SFF_v002_MASTER, ViewLayer | Synchronizing object | Front_cover_flush_screw_recessed_head.015
Fra:22 Mem:258.67M (Peak 258.67M) | Time:00:00.23 | Mem:0.00M, Peak:0.00M | C6420_4N_24SFF_v002_MASTER, ViewLayer | Synchronizing object | PSU2_woven_edge_fibres
Fra:22 Mem:259.01M (Peak 259.01M) | Time:00:00.23 | Mem:0.00M, Peak:0.00M | C6420_4N_24SFF_v002_MASTER, ViewLayer | Synchronizing object | Front_cover_flush_screw_recessed_head.016
Fra:22 Mem:259.39M (Peak 259.39M) | Time:00:00.23 | Mem:0.00M, Peak:0.00M | C6420_4N_24SFF_v002_MASTER, ViewLayer | Synchronizing object | Front_cover_flush_screw_recessed_head.017
Fra:22 Mem:259.58M (Peak 259.58M) | Time:00:00.23 | Mem:0.00M, Peak:0.00M | C6420_4N_24SFF_v002_MASTER, ViewLayer | Synchronizing object | Front_cover_flush_screw_recessed_head.018
Fra:22 Mem:259.59M (Peak 259.59M) | Time:00:00.23 | Mem:0.00M, Peak:0.00M | C6420_4N_24SFF_v002_MASTER, ViewLayer | Synchronizing object | Front_cover_flush_screw_recessed_head.019
Fra:22 Mem:259.76M (Peak 259.76M) | Time:00:00.23 | Mem:0.00M, Peak:0.00M | C6420_4N_24SFF_v002_MASTER, ViewLayer | Synchronizing object | Front_cover_flush_screw_recessed_head.020
Fra:22 Mem:260.26M (Peak 260.26M) | Time:00:00.23 | Mem:0.00M, Peak:0.00M | C6420_4N_24SFF_v002_MASTER, ViewLayer | Synchronizing object | Front_cover_flush_screw_recessed_head.021
Fra:22 Mem:260.87M (Peak 260.87M) | Time:00:00.24 | Mem:0.00M, Peak:0.00M | C6420_4N_24SFF_v002_MASTER, ViewLayer | Synchronizing object | Front_cover_flush_screw_recessed_head.022
Fra:22 Mem:260.80M (Peak 260.87M) | Time:00:00.24 | Mem:0.00M, Peak:0.00M | C6420_4N_24SFF_v002_MASTER, ViewLayer | Synchronizing object | Front_cover_flush_screw_recessed_head.023
Fra:22 Mem:260.77M (Peak 260.87M) | Time:00:00.24 | Mem:0.00M, Peak:0.00M | C6420_4N_24SFF_v002_MASTER, ViewLayer | Synchronizing object | Rear_cover_flush_screw_recessed_head
Fra:22 Mem:262.05M (Peak 262.05M) | Time:00:00.24 | Mem:0.00M, Peak:0.00M | C6420_4N_24SFF_v002_MASTER, ViewLayer | Synchronizing object | Rear_cover_flush_screw_recessed_head.001
Fra:22 Mem:262.09M (Peak 262.09M) | Time:00:00.24 | Mem:0.00M, Peak:0.00M | C6420_4N_24SFF_v002_MASTER, ViewLayer | Synchronizing object | Rear_cover_flush_screw_recessed_head.002
Fra:22 Mem:263.41M (Peak 263.41M) | Time:00:00.24 | Mem:0.00M, Peak:0.00M | C6420_4N_24SFF_v002_MASTER, ViewLayer | Synchronizing object | Rear_cover_flush_screw_recessed_head.003
Fra:22 Mem:264.04M (Peak 264.04M) | Time:00:00.24 | Mem:0.00M, Peak:0.00M | C6420_4N_24SFF_v002_MASTER, ViewLayer | Synchronizing object | Midheight_sled_shelf
Fra:22 Mem:263.93M (Peak 264.04M) | Time:00:00.24 | Mem:0.00M, Peak:0.00M | C6420_4N_24SFF_v002_MASTER, ViewLayer | Synchronizing object | Hidden_backplane_socket
Fra:22 Mem:264.28M (Peak 264.28M) | Time:00:00.24 | Mem:0.00M, Peak:0.00M | C6420_4N_24SFF_v002_MASTER, ViewLayer | Synchronizing object | Rack_ear_mount_-1
Fra:22 Mem:264.31M (Peak 264.31M) | Time:00:00.24 | Mem:0.00M, Peak:0.00M | C6420_4N_24SFF_v002_MASTER, ViewLayer | Synchronizing object | Control_ear_shell_-1
Fra:22 Mem:264.32M (Peak 264.32M) | Time:00:00.24 | Mem:0.00M, Peak:0.00M | C6420_4N_24SFF_v002_MASTER, ViewLayer | Synchronizing object | Lower_ear_screw_boss_-1
Fra:22 Mem:264.46M (Peak 264.46M) | Time:00:00.24 | Mem:0.00M, Peak:0.00M | C6420_4N_24SFF_v002_MASTER, ViewLayer | Synchronizing object | Front_punched_cheek_-1
Fra:22 Mem:264.90M (Peak 264.90M) | Time:00:00.24 | Mem:0.00M, Peak:0.00M | C6420_4N_24SFF_v002_MASTER, ViewLayer | Synchronizing object | Front_cage_side_return_-1
Fra:22 Mem:265.36M (Peak 265.36M) | Time:00:00.24 | Mem:0.00M, Peak:0.00M | C6420_4N_24SFF_v002_MASTER, ViewLayer | Synchronizing object | Chrome_lifting_handle_-1
Fra:22 Mem:265.40M (Peak 265.40M) | Time:00:00.24 | Mem:0.00M, Peak:0.00M | C6420_4N_24SFF_v002_MASTER, ViewLayer | Synchronizing object | Handle_flat_anchor_-1
Fra:22 Mem:265.37M (Peak 265.40M) | Time:00:00.24 | Mem:0.00M, Peak:0.00M | C6420_4N_24SFF_v002_MASTER, ViewLayer | Synchronizing object | Chrome_lifting_handle_1
Fra:22 Mem:265.35M (Peak 265.40M) | Time:00:00.24 | Mem:0.00M, Peak:0.00M | C6420_4N_24SFF_v002_MASTER, ViewLayer | Synchronizing object | Front_lower_rolled_hem
Fra:22 Mem:265.40M (Peak 265.40M) | Time:00:00.24 | Mem:0.00M, Peak:0.00M | C6420_4N_24SFF_v002_MASTER, ViewLayer | Synchronizing object | Drive_bank_divider_0
Fra:22 Mem:265.60M (Peak 265.60M) | Time:00:00.25 | Mem:0.00M, Peak:0.00M | C6420_4N_24SFF_v002_MASTER, ViewLayer | Synchronizing object | Control_face_inset_-1
Fra:22 Mem:265.46M (Peak 265.60M) | Time:00:00.25 | Mem:0.00M, Peak:0.00M | C6420_4N_24SFF_v002_MASTER, ViewLayer | Synchronizing object | Control_face_bottom_clip_-1
Fra:22 Mem:265.48M (Peak 265.60M) | Time:00:00.25 | Mem:0.00M, Peak:0.00M | C6420_4N_24SFF_v002_MASTER, ViewLayer | Synchronizing object | DELL_EMC_official_badge
Fra:22 Mem:265.65M (Peak 265.65M) | Time:00:00.25 | Mem:0.00M, Peak:0.00M | C6420_4N_24SFF_v002_MASTER, ViewLayer | Synchronizing object | Power_outer_white_print_1
Fra:22 Mem:265.60M (Peak 265.65M) | Time:00:00.25 | Mem:0.00M, Peak:0.00M | C6420_4N_24SFF_v002_MASTER, ViewLayer | Synchronizing object | Power_symbol_arc_1
Fra:22 Mem:265.55M (Peak 265.65M) | Time:00:00.25 | Mem:0.00M, Peak:0.00M | C6420_4N_24SFF_v002_MASTER, ViewLayer | Synchronizing object | Power_symbol_stem_1
Fra:22 Mem:265.88M (Peak 265.88M) | Time:00:00.25 | Mem:0.00M, Peak:0.00M | C6420_4N_24SFF_v002_MASTER, ViewLayer | Synchronizing object | ID_button_print_1
Fra:22 Mem:265.87M (Peak 265.88M) | Time:00:00.25 | Mem:0.00M, Peak:0.00M | C6420_4N_24SFF_v002_MASTER, ViewLayer | Synchronizing object | ID_inner_white_disc_1
Fra:22 Mem:266.05M (Peak 266.05M) | Time:00:00.25 | Mem:0.00M, Peak:0.00M | C6420_4N_24SFF_v002_MASTER, ViewLayer | Synchronizing object | ID_information_symbol_1
Fra:22 Mem:266.22M (Peak 266.22M) | Time:00:00.25 | Mem:0.00M, Peak:0.00M | C6420_4N_24SFF_v002_MASTER, ViewLayer | Synchronizing object | Front_node_number_1
Fra:22 Mem:266.23M (Peak 266.23M) | Time:00:00.25 | Mem:0.00M, Peak:0.00M | C6420_4N_24SFF_v002_MASTER, ViewLayer | Synchronizing object | Front_mapping_arrow_1
Fra:22 Mem:266.23M (Peak 266.23M) | Time:00:00.25 | Mem:0.00M, Peak:0.00M | C6420_4N_24SFF_v002_MASTER, ViewLayer | Synchronizing object | Power_symbol_arc_2
Fra:22 Mem:266.27M (Peak 266.27M) | Time:00:00.25 | Mem:0.00M, Peak:0.00M | C6420_4N_24SFF_v002_MASTER, ViewLayer | Synchronizing object | Power_symbol_stem_2
Fra:22 Mem:266.30M (Peak 266.30M) | Time:00:00.25 | Mem:0.00M, Peak:0.00M | C6420_4N_24SFF_v002_MASTER, ViewLayer | Synchronizing object | Front_node_number_2
Fra:22 Mem:266.30M (Peak 266.30M) | Time:00:00.25 | Mem:0.00M, Peak:0.00M | C6420_4N_24SFF_v002_MASTER, ViewLayer | Synchronizing object | Captive_screw_metal_washer_-1
Fra:22 Mem:266.35M (Peak 266.35M) | Time:00:00.25 | Mem:0.00M, Peak:0.00M | C6420_4N_24SFF_v002_MASTER, ViewLayer | Synchronizing object | Captive_screw_knurled_grip_-1
Fra:22 Mem:266.30M (Peak 266.35M) | Time:00:00.25 | Mem:0.00M, Peak:0.00M | C6420_4N_24SFF_v002_MASTER, ViewLayer | Synchronizing object | Captive_screw_Phillips_-1_recessed_head
Fra:22 Mem:266.28M (Peak 266.35M) | Time:00:00.25 | Mem:0.00M, Peak:0.00M | C6420_4N_24SFF_v002_MASTER, ViewLayer | Synchronizing object | Captive_screw_Phillips_-1_recess_floor
Fra:22 Mem:266.61M (Peak 266.61M) | Time:00:00.25 | Mem:0.00M, Peak:0.00M | C6420_4N_24SFF_v002_MASTER, ViewLayer | Synchronizing object | C6400_official_badge
Fra:22 Mem:266.86M (Peak 266.86M) | Time:00:00.25 | Mem:0.00M, Peak:0.00M | C6420_4N_24SFF_v002_MASTER, ViewLayer | Synchronizing object | Power_symbol_arc_3
Fra:22 Mem:266.81M (Peak 266.86M) | Time:00:00.25 | Mem:0.00M, Peak:0.00M | C6420_4N_24SFF_v002_MASTER, ViewLayer | Synchronizing object | Power_symbol_stem_3
Fra:22 Mem:266.90M (Peak 266.90M) | Time:00:00.25 | Mem:0.00M, Peak:0.00M | C6420_4N_24SFF_v002_MASTER, ViewLayer | Synchronizing object | Front_mapping_arrow_3
Fra:22 Mem:266.97M (Peak 266.97M) | Time:00:00.25 | Mem:0.00M, Peak:0.00M | C6420_4N_24SFF_v002_MASTER, ViewLayer | Synchronizing object | Power_symbol_arc_4
Fra:22 Mem:267.17M (Peak 267.17M) | Time:00:00.25 | Mem:0.00M, Peak:0.00M | C6420_4N_24SFF_v002_MASTER, ViewLayer | Synchronizing object | Power_symbol_stem_4
Fra:22 Mem:267.17M (Peak 267.17M) | Time:00:00.25 | Mem:0.00M, Peak:0.00M | C6420_4N_24SFF_v002_MASTER, ViewLayer | Synchronizing object | Front_node_number_4
Fra:22 Mem:267.19M (Peak 267.19M) | Time:00:00.25 | Mem:0.00M, Peak:0.00M | C6420_4N_24SFF_v002_MASTER, ViewLayer | Synchronizing object | EST_front_tag_blue_edge
Fra:22 Mem:267.19M (Peak 267.19M) | Time:00:00.25 | Mem:0.00M, Peak:0.00M | C6420_4N_24SFF_v002_MASTER, ViewLayer | Synchronizing object | Bay_index_00
Fra:22 Mem:267.22M (Peak 267.22M) | Time:00:00.25 | Mem:0.00M, Peak:0.00M | C6420_4N_24SFF_v002_MASTER, ViewLayer | Synchronizing object | Bay_mapping_triangle_0
Fra:22 Mem:267.22M (Peak 267.22M) | Time:00:00.25 | Mem:0.00M, Peak:0.00M | C6420_4N_24SFF_v002_MASTER, ViewLayer | Synchronizing object | Bay_index_01
Fra:22 Mem:267.23M (Peak 267.23M) | Time:00:00.25 | Mem:0.00M, Peak:0.00M | C6420_4N_24SFF_v002_MASTER, ViewLayer | Synchronizing object | Bay_index_02
Fra:22 Mem:267.18M (Peak 267.23M) | Time:00:00.25 | Mem:0.00M, Peak:0.00M | C6420_4N_24SFF_v002_MASTER, ViewLayer | Synchronizing object | Bay_index_03
Fra:22 Mem:267.17M (Peak 267.23M) | Time:00:00.25 | Mem:0.00M, Peak:0.00M | C6420_4N_24SFF_v002_MASTER, ViewLayer | Synchronizing object | Bay_index_04
Fra:22 Mem:267.15M (Peak 267.23M) | Time:00:00.25 | Mem:0.00M, Peak:0.00M | C6420_4N_24SFF_v002_MASTER, ViewLayer | Synchronizing object | Bay_index_05
Fra:22 Mem:267.23M (Peak 267.23M) | Time:00:00.25 | Mem:0.00M, Peak:0.00M | C6420_4N_24SFF_v002_MASTER, ViewLayer | Synchronizing object | Bay_index_06
Fra:22 Mem:267.27M (Peak 267.27M) | Time:00:00.25 | Mem:0.00M, Peak:0.00M | C6420_4N_24SFF_v002_MASTER, ViewLayer | Synchronizing object | Bay_index_07
Fra:22 Mem:267.48M (Peak 267.48M) | Time:00:00.25 | Mem:0.00M, Peak:0.00M | C6420_4N_24SFF_v002_MASTER, ViewLayer | Synchronizing object | Bay_index_08
Fra:22 Mem:267.42M (Peak 267.48M) | Time:00:00.25 | Mem:0.00M, Peak:0.00M | C6420_4N_24SFF_v002_MASTER, ViewLayer | Synchronizing object | Bay_index_09
Fra:22 Mem:267.34M (Peak 267.48M) | Time:00:00.25 | Mem:0.00M, Peak:0.00M | C6420_4N_24SFF_v002_MASTER, ViewLayer | Synchronizing object | Bay_index_10
Fra:22 Mem:267.34M (Peak 267.48M) | Time:00:00.25 | Mem:0.00M, Peak:0.00M | C6420_4N_24SFF_v002_MASTER, ViewLayer | Synchronizing object | Bay_index_11
Fra:22 Mem:267.32M (Peak 267.48M) | Time:00:00.25 | Mem:0.00M, Peak:0.00M | C6420_4N_24SFF_v002_MASTER, ViewLayer | Synchronizing object | Bay_index_12
Fra:22 Mem:267.42M (Peak 267.48M) | Time:00:00.25 | Mem:0.00M, Peak:0.00M | C6420_4N_24SFF_v002_MASTER, ViewLayer | Synchronizing object | Bay_index_13
Fra:22 Mem:267.43M (Peak 267.48M) | Time:00:00.25 | Mem:0.00M, Peak:0.00M | C6420_4N_24SFF_v002_MASTER, ViewLayer | Synchronizing object | Bay_index_15
Fra:22 Mem:267.71M (Peak 267.71M) | Time:00:00.25 | Mem:0.00M, Peak:0.00M | C6420_4N_24SFF_v002_MASTER, ViewLayer | Synchronizing object | Bay_index_16
Fra:22 Mem:267.67M (Peak 267.71M) | Time:00:00.25 | Mem:0.00M, Peak:0.00M | C6420_4N_24SFF_v002_MASTER, ViewLayer | Synchronizing object | Bay_index_17
Fra:22 Mem:267.23M (Peak 267.71M) | Time:00:00.25 | Mem:0.00M, Peak:0.00M | C6420_4N_24SFF_v002_MASTER, ViewLayer | Synchronizing object | Bay_index_18
Fra:22 Mem:267.25M (Peak 267.71M) | Time:00:00.25 | Mem:0.00M, Peak:0.00M | C6420_4N_24SFF_v002_MASTER, ViewLayer | Synchronizing object | Bay_index_19
Fra:22 Mem:267.01M (Peak 267.71M) | Time:00:00.25 | Mem:0.00M, Peak:0.00M | C6420_4N_24SFF_v002_MASTER, ViewLayer | Synchronizing object | Bay_index_21
Fra:22 Mem:267.02M (Peak 267.71M) | Time:00:00.25 | Mem:0.00M, Peak:0.00M | C6420_4N_24SFF_v002_MASTER, ViewLayer | Synchronizing object | Bay_index_22
Fra:22 Mem:266.95M (Peak 267.71M) | Time:00:00.25 | Mem:0.00M, Peak:0.00M | C6420_4N_24SFF_v002_MASTER, ViewLayer | Synchronizing object | PSU1_efficiency_exact_letters
Fra:22 Mem:266.43M (Peak 267.71M) | Time:00:00.25 | Mem:0.00M, Peak:0.00M | C6420_4N_24SFF_v002_MASTER, ViewLayer | Synchronizing object | Real_yellow_warning_label
Fra:22 Mem:266.56M (Peak 267.71M) | Time:00:00.25 | Mem:0.00M, Peak:0.00M | C6420_4N_24SFF_v002_MASTER, ViewLayer | Synchronizing object | PSU1_2400W_exact_letters
Fra:22 Mem:266.56M (Peak 267.71M) | Time:00:00.25 | Mem:0.00M, Peak:0.00M | C6420_4N_24SFF_v002_MASTER, ViewLayer | Synchronizing object | Real_regulatory_label
Fra:22 Mem:266.59M (Peak 267.71M) | Time:00:00.25 | Mem:0.00M, Peak:0.00M | C6420_4N_24SFF_v002_MASTER, ViewLayer | Synchronizing object | PSU1_EPP_exact_letters
Fra:22 Mem:266.76M (Peak 267.71M) | Time:00:00.25 | Mem:0.00M, Peak:0.00M | C6420_4N_24SFF_v002_MASTER, ViewLayer | Synchronizing object | Node1_floor
Fra:22 Mem:266.76M (Peak 267.71M) | Time:00:00.25 | Mem:0.00M, Peak:0.00M | C6420_4N_24SFF_v002_MASTER, ViewLayer | Synchronizing object | PSU1_EPP_green_upper_field
Fra:22 Mem:266.81M (Peak 267.71M) | Time:00:00.25 | Mem:0.00M, Peak:0.00M | C6420_4N_24SFF_v002_MASTER, ViewLayer | Synchronizing object | Node1_tray_side_-1
Fra:22 Mem:266.85M (Peak 267.71M) | Time:00:00.25 | Mem:0.00M, Peak:0.00M | C6420_4N_24SFF_v002_MASTER, ViewLayer | Synchronizing object | Node1_internal_air_shade
Fra:22 Mem:266.85M (Peak 267.71M) | Time:00:00.25 | Mem:0.00M, Peak:0.00M | C6420_4N_24SFF_v002_MASTER, ViewLayer | Synchronizing object | Node1_visible_PCB_edge
Fra:22 Mem:266.89M (Peak 267.71M) | Time:00:00.25 | Mem:0.00M, Peak:0.00M | C6420_4N_24SFF_v002_MASTER, ViewLayer | Synchronizing object | Node1_punched_rear_skin
Fra:22 Mem:269.03M (Peak 269.03M) | Time:00:00.25 | Mem:0.00M, Peak:0.00M | C6420_4N_24SFF_v002_MASTER, ViewLayer | Synchronizing object | PSU1_EPP_real_print_paper
Fra:22 Mem:269.26M (Peak 269.26M) | Time:00:00.25 | Mem:0.00M, Peak:0.00M | C6420_4N_24SFF_v002_MASTER, ViewLayer | Synchronizing object | Node1_horizontal_rear_return
Fra:22 Mem:269.32M (Peak 269.32M) | Time:00:00.25 | Mem:0.00M, Peak:0.00M | C6420_4N_24SFF_v002_MASTER, ViewLayer | Synchronizing object | PSU2_woven_extraction_loop
Fra:22 Mem:269.47M (Peak 269.47M) | Time:00:00.25 | Mem:0.00M, Peak:0.00M | C6420_4N_24SFF_v002_MASTER, ViewLayer | Synchronizing object | Node1_vertical_rear_return
Fra:22 Mem:269.80M (Peak 269.80M) | Time:00:00.25 | Mem:0.00M, Peak:0.00M | C6420_4N_24SFF_v002_MASTER, ViewLayer | Synchronizing object | Node1_USB_black_mask
Fra:22 Mem:270.02M (Peak 270.02M) | Time:00:00.25 | Mem:0.00M, Peak:0.00M | C6420_4N_24SFF_v002_MASTER, ViewLayer | Synchronizing object | Node1_USB3A_0_metal_cavity
Fra:22 Mem:269.38M (Peak 270.02M) | Time:00:00.25 | Mem:0.00M, Peak:0.00M | C6420_4N_24SFF_v002_MASTER, ViewLayer | Synchronizing object | Node1_USB3A_0_dark_back
Fra:22 Mem:269.39M (Peak 270.02M) | Time:00:00.25 | Mem:0.00M, Peak:0.00M | C6420_4N_24SFF_v002_MASTER, ViewLayer | Synchronizing object | Node1_USB3A_0_blue_tongue
Fra:22 Mem:269.40M (Peak 270.02M) | Time:00:00.25 | Mem:0.00M, Peak:0.00M | C6420_4N_24SFF_v002_MASTER, ViewLayer | Synchronizing object | Node1_USB3A_0_front_contact_0
Fra:22 Mem:269.40M (Peak 270.02M) | Time:00:00.25 | Mem:0.00M, Peak:0.00M | C6420_4N_24SFF_v002_MASTER, ViewLayer | Synchronizing object | Node1_USB3A_0_rear_contact_0
Fra:22 Mem:269.44M (Peak 270.02M) | Time:00:00.25 | Mem:0.00M, Peak:0.00M | C6420_4N_24SFF_v002_MASTER, ViewLayer | Synchronizing object | Node1_USB_retention_spring
Fra:22 Mem:269.45M (Peak 270.02M) | Time:00:00.25 | Mem:0.00M, Peak:0.00M | C6420_4N_24SFF_v002_MASTER, ViewLayer | Synchronizing object | Node1_USB_icon_stem
Fra:22 Mem:269.40M (Peak 270.02M) | Time:00:00.25 | Mem:0.00M, Peak:0.00M | C6420_4N_24SFF_v002_MASTER, ViewLayer | Synchronizing object | Node1_USB_icon_branchA
Fra:22 Mem:269.43M (Peak 270.02M) | Time:00:00.25 | Mem:0.00M, Peak:0.00M | C6420_4N_24SFF_v002_MASTER, ViewLayer | Synchronizing object | Node1_USB_icon_branchB
Fra:22 Mem:269.41M (Peak 270.02M) | Time:00:00.25 | Mem:0.00M, Peak:0.00M | C6420_4N_24SFF_v002_MASTER, ViewLayer | Synchronizing object | PSU2_curved_fan_vane_6
Fra:22 Mem:269.41M (Peak 270.02M) | Time:00:00.25 | Mem:0.00M, Peak:0.00M | C6420_4N_24SFF_v002_MASTER, ViewLayer | Synchronizing object | Node1_USB_icon_circle
Fra:22 Mem:269.42M (Peak 270.02M) | Time:00:00.25 | Mem:0.00M, Peak:0.00M | C6420_4N_24SFF_v002_MASTER, ViewLayer | Synchronizing object | Node1_USB_icon_square
Fra:22 Mem:269.43M (Peak 270.02M) | Time:00:00.25 | Mem:0.00M, Peak:0.00M | C6420_4N_24SFF_v002_MASTER, ViewLayer | Synchronizing object | Node1_USB_icon_arrow
Fra:22 Mem:269.44M (Peak 270.02M) | Time:00:00.25 | Mem:0.00M, Peak:0.00M | C6420_4N_24SFF_v002_MASTER, ViewLayer | Synchronizing object | Node1_USB_icon_root
Fra:22 Mem:269.45M (Peak 270.02M) | Time:00:00.25 | Mem:0.00M, Peak:0.00M | C6420_4N_24SFF_v002_MASTER, ViewLayer | Synchronizing object | Node1_USB_plate_fastener_recessed_head
Fra:22 Mem:269.44M (Peak 270.02M) | Time:00:00.25 | Mem:0.00M, Peak:0.00M | C6420_4N_24SFF_v002_MASTER, ViewLayer | Synchronizing object | PSU2_curved_fan_vane_5
Fra:22 Mem:269.51M (Peak 270.02M) | Time:00:00.25 | Mem:0.00M, Peak:0.00M | C6420_4N_24SFF_v002_MASTER, ViewLayer | Synchronizing object | Node1_USB_plate_fastener_recess_floor
Fra:22 Mem:269.60M (Peak 270.02M) | Time:00:00.25 | Mem:0.00M, Peak:0.00M | C6420_4N_24SFF_v002_MASTER, ViewLayer | Synchronizing object | PSU2_curved_fan_vane_4
Fra:22 Mem:269.60M (Peak 270.02M) | Time:00:00.25 | Mem:0.00M, Peak:0.00M | C6420_4N_24SFF_v002_MASTER, ViewLayer | Synchronizing object | Node1_dual_SFP_adapter_face
Fra:22 Mem:269.71M (Peak 270.02M) | Time:00:00.25 | Mem:0.00M, Peak:0.00M | C6420_4N_24SFF_v002_MASTER, ViewLayer | Synchronizing object | PSU2_curved_fan_vane_3
Fra:22 Mem:269.66M (Peak 270.02M) | Time:00:00.25 | Mem:0.00M, Peak:0.00M | C6420_4N_24SFF_v002_MASTER, ViewLayer | Synchronizing object | PSU2_curved_fan_vane_2
Fra:22 Mem:269.91M (Peak 270.02M) | Time:00:00.25 | Mem:0.00M, Peak:0.00M | C6420_4N_24SFF_v002_MASTER, ViewLayer | Synchronizing object | PSU2_curved_fan_vane_1
Fra:22 Mem:270.04M (Peak 270.04M) | Time:00:00.25 | Mem:0.00M, Peak:0.00M | C6420_4N_24SFF_v002_MASTER, ViewLayer | Synchronizing object | PSU2_curved_fan_vane_0
Fra:22 Mem:270.07M (Peak 270.07M) | Time:00:00.25 | Mem:0.00M, Peak:0.00M | C6420_4N_24SFF_v002_MASTER, ViewLayer | Synchronizing object | PSU1_woven_extraction_loop
Fra:22 Mem:270.40M (Peak 270.40M) | Time:00:00.25 | Mem:0.00M, Peak:0.00M | C6420_4N_24SFF_v002_MASTER, ViewLayer | Synchronizing object | Node1_SFP_cage_0_metal_cavity
Fra:22 Mem:270.47M (Peak 270.47M) | Time:00:00.25 | Mem:0.00M, Peak:0.00M | C6420_4N_24SFF_v002_MASTER, ViewLayer | Synchronizing object | Node1_SFP_cage_0_dark_back
Fra:22 Mem:270.56M (Peak 270.56M) | Time:00:00.25 | Mem:0.00M, Peak:0.00M | C6420_4N_24SFF_v002_MASTER, ViewLayer | Synchronizing object | Node1_SFP_0_side_spring
Fra:22 Mem:270.72M (Peak 270.72M) | Time:00:00.25 | Mem:0.00M, Peak:0.00M | C6420_4N_24SFF_v002_MASTER, ViewLayer | Synchronizing object | Node1_SFP_0_top_tang
Fra:22 Mem:270.83M (Peak 270.83M) | Time:00:00.25 | Mem:0.00M, Peak:0.00M | C6420_4N_24SFF_v002_MASTER, ViewLayer | Synchronizing object | Node1_SFP_0_lower_flange
Fra:22 Mem:270.84M (Peak 270.84M) | Time:00:00.25 | Mem:0.00M, Peak:0.00M | C6420_4N_24SFF_v002_MASTER, ViewLayer | Synchronizing object | Node1_SFP_0_connector_insert
Fra:22 Mem:270.92M (Peak 270.92M) | Time:00:00.25 | Mem:0.00M, Peak:0.00M | C6420_4N_24SFF_v002_MASTER, ViewLayer | Synchronizing object | Node1_SFP_0_contact_0
Fra:22 Mem:271.13M (Peak 271.13M) | Time:00:00.25 | Mem:0.00M, Peak:0.00M | C6420_4N_24SFF_v002_MASTER, ViewLayer | Synchronizing object | Node1_SFP_index_0
Fra:22 Mem:271.13M (Peak 271.13M) | Time:00:00.25 | Mem:0.00M, Peak:0.00M | C6420_4N_24SFF_v002_MASTER, ViewLayer | Synchronizing object | Node1_SFP_index_1
Fra:22 Mem:271.15M (Peak 271.15M) | Time:00:00.25 | Mem:0.00M, Peak:0.00M | C6420_4N_24SFF_v002_MASTER, ViewLayer | Synchronizing object | Node1_MicroUSB_dark_back
Fra:22 Mem:271.31M (Peak 271.31M) | Time:00:00.25 | Mem:0.00M, Peak:0.00M | C6420_4N_24SFF_v002_MASTER, ViewLayer | Synchronizing object | Node1_MicroUSB_tongue
Fra:22 Mem:270.80M (Peak 271.31M) | Time:00:00.25 | Mem:0.00M, Peak:0.00M | C6420_4N_24SFF_v002_MASTER, ViewLayer | Synchronizing object | Node1_MiniDisplayPort_metal_cavity
Fra:22 Mem:270.92M (Peak 271.31M) | Time:00:00.25 | Mem:0.00M, Peak:0.00M | C6420_4N_24SFF_v002_MASTER, ViewLayer | Synchronizing object | Node1_MiniDisplayPort_dark_back
Fra:22 Mem:270.98M (Peak 271.31M) | Time:00:00.25 | Mem:0.00M, Peak:0.00M | C6420_4N_24SFF_v002_MASTER, ViewLayer | Synchronizing object | Node1_MiniDP_inner_shield_metal_cavity
Fra:22 Mem:271.26M (Peak 271.31M) | Time:00:00.25 | Mem:0.00M, Peak:0.00M | C6420_4N_24SFF_v002_MASTER, ViewLayer | Synchronizing object | Node1_MiniDP_inner_shield_dark_back
Fra:22 Mem:271.40M (Peak 271.40M) | Time:00:00.25 | Mem:0.00M, Peak:0.00M | C6420_4N_24SFF_v002_MASTER, ViewLayer | Synchronizing object | Node1_MiniDP_tongue
Fra:22 Mem:271.50M (Peak 271.50M) | Time:00:00.25 | Mem:0.00M, Peak:0.00M | C6420_4N_24SFF_v002_MASTER, ViewLayer | Synchronizing object | Node1_iDRAC_RJ45_metal_cavity
Fra:22 Mem:272.00M (Peak 272.00M) | Time:00:00.25 | Mem:0.00M, Peak:0.00M | C6420_4N_24SFF_v002_MASTER, ViewLayer | Synchronizing object | Node1_iDRAC_RJ45_dark_back
Fra:22 Mem:271.33M (Peak 272.00M) | Time:00:00.25 | Mem:0.00M, Peak:0.00M | C6420_4N_24SFF_v002_MASTER, ViewLayer | Synchronizing object | Node1_RJ45_spring_contact_0
Fra:22 Mem:271.79M (Peak 272.00M) | Time:00:00.25 | Mem:0.00M, Peak:0.00M | C6420_4N_24SFF_v002_MASTER, ViewLayer | Synchronizing object | Node1_RJ45_spring_contact_1
Fra:22 Mem:271.97M (Peak 272.00M) | Time:00:00.25 | Mem:0.00M, Peak:0.00M | C6420_4N_24SFF_v002_MASTER, ViewLayer | Synchronizing object | Node1_RJ45_spring_contact_2
Fra:22 Mem:271.61M (Peak 272.00M) | Time:00:00.25 | Mem:0.00M, Peak:0.00M | C6420_4N_24SFF_v002_MASTER, ViewLayer | Synchronizing object | PSU1_vertical_pull_anchor
Fra:22 Mem:271.69M (Peak 272.00M) | Time:00:00.25 | Mem:0.00M, Peak:0.00M | C6420_4N_24SFF_v002_MASTER, ViewLayer | Synchronizing object | Node1_RJ45_spring_contact_4
Fra:22 Mem:271.71M (Peak 272.00M) | Time:00:00.25 | Mem:0.00M, Peak:0.00M | C6420_4N_24SFF_v002_MASTER, ViewLayer | Synchronizing object | Node1_RJ45_spring_contact_5
Fra:22 Mem:271.76M (Peak 272.00M) | Time:00:00.26 | Mem:0.00M, Peak:0.00M | C6420_4N_24SFF_v002_MASTER, ViewLayer | Synchronizing object | Node1_RJ45_spring_contact_6
Fra:22 Mem:271.70M (Peak 272.00M) | Time:00:00.26 | Mem:0.00M, Peak:0.00M | C6420_4N_24SFF_v002_MASTER, ViewLayer | Synchronizing object | Node1_RJ45_spring_contact_7
Fra:22 Mem:271.83M (Peak 272.00M) | Time:00:00.26 | Mem:0.00M, Peak:0.00M | C6420_4N_24SFF_v002_MASTER, ViewLayer | Synchronizing object | PSU1_round_EPP_label_substrate
Fra:22 Mem:271.86M (Peak 272.00M) | Time:00:00.26 | Mem:0.00M, Peak:0.00M | C6420_4N_24SFF_v002_MASTER, ViewLayer | Synchronizing object | Node1_RJ45_LED_lens.001
Fra:22 Mem:271.97M (Peak 272.00M) | Time:00:00.26 | Mem:0.00M, Peak:0.00M | C6420_4N_24SFF_v002_MASTER, ViewLayer | Synchronizing object | Node1_power_metal_rim
Fra:22 Mem:271.93M (Peak 272.00M) | Time:00:00.26 | Mem:0.00M, Peak:0.00M | C6420_4N_24SFF_v002_MASTER, ViewLayer | Synchronizing object | Node1_power_button_lens
Fra:22 Mem:272.13M (Peak 272.13M) | Time:00:00.26 | Mem:0.00M, Peak:0.00M | C6420_4N_24SFF_v002_MASTER, ViewLayer | Synchronizing object | Node1_long_grip_folded_frame
Fra:22 Mem:272.15M (Peak 272.15M) | Time:00:00.26 | Mem:0.00M, Peak:0.00M | C6420_4N_24SFF_v002_MASTER, ViewLayer | Synchronizing object | Node1_long_black_grip_metal_cavity
Fra:22 Mem:271.97M (Peak 272.15M) | Time:00:00.26 | Mem:0.00M, Peak:0.00M | C6420_4N_24SFF_v002_MASTER, ViewLayer | Synchronizing object | Node1_long_black_grip_dark_back
Fra:22 Mem:271.97M (Peak 272.15M) | Time:00:00.26 | Mem:0.00M, Peak:0.00M | C6420_4N_24SFF_v002_MASTER, ViewLayer | Synchronizing object | Node1_grip_edge_fold
Fra:22 Mem:271.95M (Peak 272.15M) | Time:00:00.26 | Mem:0.00M, Peak:0.00M | C6420_4N_24SFF_v002_MASTER, ViewLayer | Synchronizing object | Node1_grip_press_lug
Fra:22 Mem:272.03M (Peak 272.15M) | Time:00:00.26 | Mem:0.00M, Peak:0.00M | C6420_4N_24SFF_v002_MASTER, ViewLayer | Synchronizing object | PSU1_fan_screw_recessed_head.001
Fra:22 Mem:272.12M (Peak 272.15M) | Time:00:00.26 | Mem:0.00M, Peak:0.00M | C6420_4N_24SFF_v002_MASTER, ViewLayer | Synchronizing object | Node1_grip_hinge_pin
Fra:22 Mem:272.17M (Peak 272.17M) | Time:00:00.26 | Mem:0.00M, Peak:0.00M | C6420_4N_24SFF_v002_MASTER, ViewLayer | Synchronizing object | Node1_blue_paddle_face
Fra:22 Mem:272.25M (Peak 272.25M) | Time:00:00.26 | Mem:0.00M, Peak:0.00M | C6420_4N_24SFF_v002_MASTER, ViewLayer | Synchronizing object | Node1_blue_hook_return
Fra:22 Mem:272.40M (Peak 272.40M) | Time:00:00.26 | Mem:0.00M, Peak:0.00M | C6420_4N_24SFF_v002_MASTER, ViewLayer | Synchronizing object | Node1_blue_hook_cross_return
Fra:22 Mem:272.52M (Peak 272.52M) | Time:00:00.26 | Mem:0.00M, Peak:0.00M | C6420_4N_24SFF_v002_MASTER, ViewLayer | Synchronizing object | Node1_blue_latch_mount_recessed_head
Fra:22 Mem:272.54M (Peak 272.54M) | Time:00:00.26 | Mem:0.00M, Peak:0.00M | C6420_4N_24SFF_v002_MASTER, ViewLayer | Synchronizing object | Node1_latch_steel_back
Fra:22 Mem:272.53M (Peak 272.54M) | Time:00:00.26 | Mem:0.00M, Peak:0.00M | C6420_4N_24SFF_v002_MASTER, ViewLayer | Synchronizing object | Node1_DP_mark
Fra:22 Mem:272.58M (Peak 272.58M) | Time:00:00.26 | Mem:0.00M, Peak:0.00M | C6420_4N_24SFF_v002_MASTER, ViewLayer | Synchronizing object | Node1_iDRAC_mark
Fra:22 Mem:272.65M (Peak 272.65M) | Time:00:00.26 | Mem:0.00M, Peak:0.00M | C6420_4N_24SFF_v002_MASTER, ViewLayer | Synchronizing object | Node1_MicroUSB_service_mark
Fra:22 Mem:272.70M (Peak 272.70M) | Time:00:00.26 | Mem:0.00M, Peak:0.00M | C6420_4N_24SFF_v002_MASTER, ViewLayer | Synchronizing object | Node1_EST_tag
Fra:22 Mem:272.67M (Peak 272.70M) | Time:00:00.26 | Mem:0.00M, Peak:0.00M | C6420_4N_24SFF_v002_MASTER, ViewLayer | Synchronizing object | Node1_EST_blue_print
Fra:22 Mem:272.76M (Peak 272.76M) | Time:00:00.26 | Mem:0.00M, Peak:0.00M | C6420_4N_24SFF_v002_MASTER, ViewLayer | Synchronizing object | Node1_EST_letters
Fra:22 Mem:272.68M (Peak 272.76M) | Time:00:00.26 | Mem:0.00M, Peak:0.00M | C6420_4N_24SFF_v002_MASTER, ViewLayer | Synchronizing object | Node2_punched_rear_skin
Fra:22 Mem:272.59M (Peak 272.76M) | Time:00:00.26 | Mem:0.00M, Peak:0.00M | C6420_4N_24SFF_v002_MASTER, ViewLayer | Synchronizing object | Node2_USB_icon_stem
Fra:22 Mem:272.55M (Peak 272.76M) | Time:00:00.26 | Mem:0.00M, Peak:0.00M | C6420_4N_24SFF_v002_MASTER, ViewLayer | Synchronizing object | Node2_USB_icon_branchB
Fra:22 Mem:272.65M (Peak 272.76M) | Time:00:00.26 | Mem:0.00M, Peak:0.00M | C6420_4N_24SFF_v002_MASTER, ViewLayer | Synchronizing object | Node2_RJ45_spring_contact_1
Fra:22 Mem:272.70M (Peak 272.76M) | Time:00:00.26 | Mem:0.00M, Peak:0.00M | C6420_4N_24SFF_v002_MASTER, ViewLayer | Synchronizing object | Node2_RJ45_spring_contact_2
Fra:22 Mem:272.70M (Peak 272.76M) | Time:00:00.26 | Mem:0.00M, Peak:0.00M | C6420_4N_24SFF_v002_MASTER, ViewLayer | Synchronizing object | Node2_RJ45_spring_contact_3
Fra:22 Mem:272.69M (Peak 272.76M) | Time:00:00.26 | Mem:0.00M, Peak:0.00M | C6420_4N_24SFF_v002_MASTER, ViewLayer | Synchronizing object | Node2_RJ45_spring_contact_4
Fra:22 Mem:272.70M (Peak 272.76M) | Time:00:00.26 | Mem:0.00M, Peak:0.00M | C6420_4N_24SFF_v002_MASTER, ViewLayer | Synchronizing object | Node2_RJ45_spring_contact_5
Fra:22 Mem:274.80M (Peak 274.80M) | Time:00:00.26 | Mem:0.00M, Peak:0.00M | C6420_4N_24SFF_v002_MASTER, ViewLayer | Synchronizing object | Node2_RJ45_spring_contact_6
Fra:22 Mem:274.77M (Peak 274.80M) | Time:00:00.26 | Mem:0.00M, Peak:0.00M | C6420_4N_24SFF_v002_MASTER, ViewLayer | Synchronizing object | Node2_RJ45_spring_contact_7
Fra:22 Mem:274.73M (Peak 274.80M) | Time:00:00.26 | Mem:0.00M, Peak:0.00M | C6420_4N_24SFF_v002_MASTER, ViewLayer | Synchronizing object | Node3_USB_icon_stem
Fra:22 Mem:276.90M (Peak 276.90M) | Time:00:00.26 | Mem:0.00M, Peak:0.00M | C6420_4N_24SFF_v002_MASTER, ViewLayer | Synchronizing object | Node3_USB_icon_branchA
Fra:22 Mem:277.10M (Peak 277.10M) | Time:00:00.26 | Mem:0.00M, Peak:0.00M | C6420_4N_24SFF_v002_MASTER, ViewLayer | Synchronizing object | Node3_USB_icon_branchB
Fra:22 Mem:277.12M (Peak 277.12M) | Time:00:00.26 | Mem:0.00M, Peak:0.00M | C6420_4N_24SFF_v002_MASTER, ViewLayer | Synchronizing object | Node3_RJ45_spring_contact_0
Fra:22 Mem:276.99M (Peak 277.12M) | Time:00:00.26 | Mem:0.00M, Peak:0.00M | C6420_4N_24SFF_v002_MASTER, ViewLayer | Synchronizing object | PSU1_fan_screw_recess_floor
Fra:22 Mem:277.00M (Peak 277.12M) | Time:00:00.26 | Mem:0.00M, Peak:0.00M | C6420_4N_24SFF_v002_MASTER, ViewLayer | Synchronizing object | PSU1_fan_screw_recessed_head
Fra:22 Mem:277.07M (Peak 277.12M) | Time:00:00.26 | Mem:0.00M, Peak:0.00M | C6420_4N_24SFF_v002_MASTER, ViewLayer | Synchronizing object | Node3_RJ45_spring_contact_1
Fra:22 Mem:277.08M (Peak 277.12M) | Time:00:00.26 | Mem:0.00M, Peak:0.00M | C6420_4N_24SFF_v002_MASTER, ViewLayer | Synchronizing object | Node3_RJ45_spring_contact_2
Fra:22 Mem:276.99M (Peak 277.12M) | Time:00:00.26 | Mem:0.00M, Peak:0.00M | C6420_4N_24SFF_v002_MASTER, ViewLayer | Synchronizing object | Node3_RJ45_spring_contact_3
Fra:22 Mem:277.03M (Peak 277.12M) | Time:00:00.26 | Mem:0.00M, Peak:0.00M | C6420_4N_24SFF_v002_MASTER, ViewLayer | Synchronizing object | Node3_RJ45_spring_contact_4
Fra:22 Mem:277.01M (Peak 277.12M) | Time:00:00.26 | Mem:0.00M, Peak:0.00M | C6420_4N_24SFF_v002_MASTER, ViewLayer | Synchronizing object | Node3_RJ45_spring_contact_5
Fra:22 Mem:277.02M (Peak 277.12M) | Time:00:00.26 | Mem:0.00M, Peak:0.00M | C6420_4N_24SFF_v002_MASTER, ViewLayer | Synchronizing object | Node3_RJ45_spring_contact_6
Fra:22 Mem:277.03M (Peak 277.12M) | Time:00:00.26 | Mem:0.00M, Peak:0.00M | C6420_4N_24SFF_v002_MASTER, ViewLayer | Synchronizing object | Node3_RJ45_spring_contact_7
Fra:22 Mem:277.04M (Peak 277.12M) | Time:00:00.26 | Mem:0.00M, Peak:0.00M | C6420_4N_24SFF_v002_MASTER, ViewLayer | Synchronizing object | Node4_punched_rear_skin
Fra:22 Mem:277.04M (Peak 277.12M) | Time:00:00.26 | Mem:0.00M, Peak:0.00M | C6420_4N_24SFF_v002_MASTER, ViewLayer | Synchronizing object | Node4_USB_icon_stem
Fra:22 Mem:277.03M (Peak 277.12M) | Time:00:00.26 | Mem:0.00M, Peak:0.00M | C6420_4N_24SFF_v002_MASTER, ViewLayer | Synchronizing object | Node4_USB_icon_branchA
Fra:22 Mem:277.04M (Peak 277.12M) | Time:00:00.26 | Mem:0.00M, Peak:0.00M | C6420_4N_24SFF_v002_MASTER, ViewLayer | Synchronizing object | Node4_USB_icon_branchB
Fra:22 Mem:277.04M (Peak 277.12M) | Time:00:00.26 | Mem:0.00M, Peak:0.00M | C6420_4N_24SFF_v002_MASTER, ViewLayer | Synchronizing object | Node4_RJ45_spring_contact_0
Fra:22 Mem:277.04M (Peak 277.12M) | Time:00:00.26 | Mem:0.00M, Peak:0.00M | C6420_4N_24SFF_v002_MASTER, ViewLayer | Synchronizing object | Node4_RJ45_spring_contact_1
Fra:22 Mem:277.04M (Peak 277.12M) | Time:00:00.26 | Mem:0.00M, Peak:0.00M | C6420_4N_24SFF_v002_MASTER, ViewLayer | Synchronizing object | Node4_RJ45_spring_contact_2
Fra:22 Mem:279.09M (Peak 279.09M) | Time:00:00.26 | Mem:0.00M, Peak:0.00M | C6420_4N_24SFF_v002_MASTER, ViewLayer | Synchronizing object | Node4_RJ45_spring_contact_3
Fra:22 Mem:279.09M (Peak 279.09M) | Time:00:00.26 | Mem:0.00M, Peak:0.00M | C6420_4N_24SFF_v002_MASTER, ViewLayer | Synchronizing object | Node4_RJ45_spring_contact_4
Fra:22 Mem:279.13M (Peak 279.13M) | Time:00:00.26 | Mem:0.00M, Peak:0.00M | C6420_4N_24SFF_v002_MASTER, ViewLayer | Synchronizing object | Node4_RJ45_spring_contact_5
Fra:22 Mem:279.13M (Peak 279.13M) | Time:00:00.26 | Mem:0.00M, Peak:0.00M | C6420_4N_24SFF_v002_MASTER, ViewLayer | Synchronizing object | Node4_RJ45_spring_contact_6
Fra:22 Mem:279.19M (Peak 279.19M) | Time:00:00.26 | Mem:0.00M, Peak:0.00M | C6420_4N_24SFF_v002_MASTER, ViewLayer | Synchronizing object | Node4_RJ45_spring_contact_7
Fra:22 Mem:279.20M (Peak 279.20M) | Time:00:00.26 | Mem:0.00M, Peak:0.00M | C6420_4N_24SFF_v002_MASTER, ViewLayer | Synchronizing object | Drive00_metal_enclosure
Fra:22 Mem:279.27M (Peak 279.27M) | Time:00:00.26 | Mem:0.00M, Peak:0.00M | C6420_4N_24SFF_v002_MASTER, ViewLayer | Synchronizing object | Carrier00_sheet_side_-1
Fra:22 Mem:279.40M (Peak 279.40M) | Time:00:00.26 | Mem:0.00M, Peak:0.00M | C6420_4N_24SFF_v002_MASTER, ViewLayer | Synchronizing object | Carrier00_folded_runner_-1
Fra:22 Mem:279.43M (Peak 279.43M) | Time:00:00.26 | Mem:0.00M, Peak:0.00M | C6420_4N_24SFF_v002_MASTER, ViewLayer | Synchronizing object | Carrier00_setback_honeycomb
Fra:22 Mem:279.42M (Peak 279.43M) | Time:00:00.26 | Mem:0.00M, Peak:0.00M | C6420_4N_24SFF_v002_MASTER, ViewLayer | Synchronizing object | Carrier00_fixed_outer_bezel
Fra:22 Mem:279.42M (Peak 279.43M) | Time:00:00.26 | Mem:0.00M, Peak:0.00M | C6420_4N_24SFF_v002_MASTER, ViewLayer | Synchronizing object | Carrier00_fixed_vertical_land
Fra:22 Mem:279.69M (Peak 279.69M) | Time:00:00.26 | Mem:0.00M, Peak:0.00M | C6420_4N_24SFF_v002_MASTER, ViewLayer | Synchronizing object | Carrier00_silver_handle_frame
Fra:22 Mem:279.75M (Peak 279.75M) | Time:00:00.26 | Mem:0.00M, Peak:0.00M | C6420_4N_24SFF_v002_MASTER, ViewLayer | Synchronizing object | Carrier00_three_window_handle
Fra:22 Mem:279.75M (Peak 279.75M) | Time:00:00.26 | Mem:0.00M, Peak:0.00M | C6420_4N_24SFF_v002_MASTER, ViewLayer | Synchronizing object | Carrier00_handle_top_thumb_land
Fra:22 Mem:279.76M (Peak 279.76M) | Time:00:00.26 | Mem:0.00M, Peak:0.00M | C6420_4N_24SFF_v002_MASTER, ViewLayer | Synchronizing object | Carrier00_label_inset_pad
Fra:22 Mem:279.87M (Peak 279.87M) | Time:00:00.26 | Mem:0.00M, Peak:0.00M | C6420_4N_24SFF_v002_MASTER, ViewLayer | Synchronizing object | PSU1_corner_washer
Fra:22 Mem:279.99M (Peak 279.99M) | Time:00:00.26 | Mem:0.00M, Peak:0.00M | C6420_4N_24SFF_v002_MASTER, ViewLayer | Synchronizing object | Carrier00_hinge_axle
Fra:22 Mem:280.00M (Peak 280.00M) | Time:00:00.26 | Mem:0.00M, Peak:0.00M | C6420_4N_24SFF_v002_MASTER, ViewLayer | Synchronizing object | Carrier00_hinge_return_spring
Fra:22 Mem:280.33M (Peak 280.33M) | Time:00:00.26 | Mem:0.00M, Peak:0.00M | C6420_4N_24SFF_v002_MASTER, ViewLayer | Synchronizing object | Carrier00_hinge_end_bracket
Fra:22 Mem:280.33M (Peak 280.33M) | Time:00:00.26 | Mem:0.00M, Peak:0.00M | C6420_4N_24SFF_v002_MASTER, ViewLayer | Synchronizing object | Carrier00_release_bezel
Fra:22 Mem:280.62M (Peak 280.62M) | Time:00:00.26 | Mem:0.00M, Peak:0.00M | C6420_4N_24SFF_v002_MASTER, ViewLayer | Synchronizing object | PSU1_flat_guard_crossbar_1
Fra:22 Mem:280.64M (Peak 280.64M) | Time:00:00.26 | Mem:0.00M, Peak:0.00M | C6420_4N_24SFF_v002_MASTER, ViewLayer | Synchronizing object | Carrier00_square_release_pad
Fra:22 Mem:280.79M (Peak 280.79M) | Time:00:00.26 | Mem:0.00M, Peak:0.00M | C6420_4N_24SFF_v002_MASTER, ViewLayer | Synchronizing object | PSU1_flat_guard_crossbar_-1
Fra:22 Mem:280.90M (Peak 280.90M) | Time:00:00.26 | Mem:0.00M, Peak:0.00M | C6420_4N_24SFF_v002_MASTER, ViewLayer | Synchronizing object | Carrier00_round_release_button
Fra:22 Mem:281.06M (Peak 281.06M) | Time:00:00.26 | Mem:0.00M, Peak:0.00M | C6420_4N_24SFF_v002_MASTER, ViewLayer | Synchronizing object | PSU1_curved_fan_vane_6
Fra:22 Mem:281.11M (Peak 281.11M) | Time:00:00.26 | Mem:0.00M, Peak:0.00M | C6420_4N_24SFF_v002_MASTER, ViewLayer | Synchronizing object | PSU1_curved_fan_vane_5
Fra:22 Mem:281.28M (Peak 281.28M) | Time:00:00.26 | Mem:0.00M, Peak:0.00M | C6420_4N_24SFF_v002_MASTER, ViewLayer | Synchronizing object | Carrier00_orange_release_ring
Fra:22 Mem:281.30M (Peak 281.30M) | Time:00:00.26 | Mem:0.00M, Peak:0.00M | C6420_4N_24SFF_v002_MASTER, ViewLayer | Synchronizing object | PSU1_curved_fan_vane_4
Fra:22 Mem:281.36M (Peak 281.36M) | Time:00:00.26 | Mem:0.00M, Peak:0.00M | C6420_4N_24SFF_v002_MASTER, ViewLayer | Synchronizing object | PSU1_curved_fan_vane_3
Fra:22 Mem:281.43M (Peak 281.43M) | Time:00:00.26 | Mem:0.00M, Peak:0.00M | C6420_4N_24SFF_v002_MASTER, ViewLayer | Synchronizing object | Carrier00_indicator_strip
Fra:22 Mem:281.38M (Peak 281.43M) | Time:00:00.26 | Mem:0.00M, Peak:0.00M | C6420_4N_24SFF_v002_MASTER, ViewLayer | Synchronizing object | PSU1_curved_fan_vane_2
Fra:22 Mem:281.46M (Peak 281.46M) | Time:00:00.26 | Mem:0.00M, Peak:0.00M | C6420_4N_24SFF_v002_MASTER, ViewLayer | Synchronizing object | PSU1_curved_fan_vane_1
Fra:22 Mem:281.52M (Peak 281.52M) | Time:00:00.26 | Mem:0.00M, Peak:0.00M | C6420_4N_24SFF_v002_MASTER, ViewLayer | Synchronizing object | Carrier00_status_lens_0
Fra:22 Mem:281.53M (Peak 281.53M) | Time:00:00.26 | Mem:0.00M, Peak:0.00M | C6420_4N_24SFF_v002_MASTER, ViewLayer | Synchronizing object | PSU1_curved_fan_vane_0
Fra:22 Mem:281.53M (Peak 281.53M) | Time:00:00.26 | Mem:0.00M, Peak:0.00M | C6420_4N_24SFF_v002_MASTER, ViewLayer | Synchronizing object | Carrier00_activity_symbol
Fra:22 Mem:281.54M (Peak 281.54M) | Time:00:00.26 | Mem:0.00M, Peak:0.00M | C6420_4N_24SFF_v002_MASTER, ViewLayer | Synchronizing object | Carrier00_disk_symbol
Fra:22 Mem:281.53M (Peak 281.54M) | Time:00:00.26 | Mem:0.00M, Peak:0.00M | C6420_4N_24SFF_v002_MASTER, ViewLayer | Synchronizing object | Carrier00_EMI_spring_-1_0
Fra:22 Mem:281.53M (Peak 281.54M) | Time:00:00.26 | Mem:0.00M, Peak:0.00M | C6420_4N_24SFF_v002_MASTER, ViewLayer | Synchronizing object | PSU1_fan_motor_hub
Fra:22 Mem:281.61M (Peak 281.61M) | Time:00:00.26 | Mem:0.00M, Peak:0.00M | C6420_4N_24SFF_v002_MASTER, ViewLayer | Synchronizing object | Carrier00_EMI_spring_-1_1
Fra:22 Mem:281.61M (Peak 281.61M) | Time:00:00.26 | Mem:0.00M, Peak:0.00M | C6420_4N_24SFF_v002_MASTER, ViewLayer | Synchronizing object | Carrier00_EMI_spring_-1_2
Fra:22 Mem:281.62M (Peak 281.62M) | Time:00:00.26 | Mem:0.00M, Peak:0.00M | C6420_4N_24SFF_v002_MASTER, ViewLayer | Synchronizing object | Carrier00_EMI_spring_-1_3
Fra:22 Mem:281.63M (Peak 281.63M) | Time:00:00.26 | Mem:0.00M, Peak:0.00M | C6420_4N_24SFF_v002_MASTER, ViewLayer | Synchronizing object | Carrier00_EMI_spring_-1_4
Fra:22 Mem:281.87M (Peak 281.87M) | Time:00:00.26 | Mem:0.00M, Peak:0.00M | C6420_4N_24SFF_v002_MASTER, ViewLayer | Synchronizing object | Carrier00_EMI_spring_-1_5
Fra:22 Mem:281.87M (Peak 281.87M) | Time:00:00.26 | Mem:0.00M, Peak:0.00M | C6420_4N_24SFF_v002_MASTER, ViewLayer | Synchronizing object | Carrier00_EMI_spring_-1_6
Fra:22 Mem:281.93M (Peak 281.93M) | Time:00:00.26 | Mem:0.00M, Peak:0.00M | C6420_4N_24SFF_v002_MASTER, ViewLayer | Synchronizing object | Carrier00_EMI_spring_-1_7
Fra:22 Mem:281.94M (Peak 281.94M) | Time:00:00.26 | Mem:0.00M, Peak:0.00M | C6420_4N_24SFF_v002_MASTER, ViewLayer | Synchronizing object | Carrier00_EMI_spring_-1_8
Fra:22 Mem:281.42M (Peak 281.94M) | Time:00:00.26 | Mem:0.00M, Peak:0.00M | C6420_4N_24SFF_v002_MASTER, ViewLayer | Synchronizing object | Carrier00_EMI_spring_1_0
Fra:22 Mem:281.42M (Peak 281.94M) | Time:00:00.26 | Mem:0.00M, Peak:0.00M | C6420_4N_24SFF_v002_MASTER, ViewLayer | Synchronizing object | Carrier00_EMI_spring_1_1
Fra:22 Mem:281.42M (Peak 281.94M) | Time:00:00.26 | Mem:0.00M, Peak:0.00M | C6420_4N_24SFF_v002_MASTER, ViewLayer | Synchronizing object | PSU1_fan_shroud_dark_back
Fra:22 Mem:281.42M (Peak 281.94M) | Time:00:00.26 | Mem:0.00M, Peak:0.00M | C6420_4N_24SFF_v002_MASTER, ViewLayer | Synchronizing object | Carrier00_EMI_spring_1_2
Fra:22 Mem:281.63M (Peak 281.94M) | Time:00:00.27 | Mem:0.00M, Peak:0.00M | C6420_4N_24SFF_v002_MASTER, ViewLayer | Synchronizing object | Carrier00_EMI_spring_1_3
Fra:22 Mem:281.63M (Peak 281.94M) | Time:00:00.27 | Mem:0.00M, Peak:0.00M | C6420_4N_24SFF_v002_MASTER, ViewLayer | Synchronizing object | PSU1_fan_shroud_metal_cavity
Fra:22 Mem:281.71M (Peak 281.94M) | Time:00:00.27 | Mem:0.00M, Peak:0.00M | C6420_4N_24SFF_v002_MASTER, ViewLayer | Synchronizing object | Carrier00_EMI_spring_1_4
Fra:22 Mem:281.42M (Peak 281.94M) | Time:00:00.27 | Mem:0.00M, Peak:0.00M | C6420_4N_24SFF_v002_MASTER, ViewLayer | Synchronizing object | Carrier00_EMI_spring_1_5
Fra:22 Mem:281.31M (Peak 281.94M) | Time:00:00.27 | Mem:0.00M, Peak:0.00M | C6420_4N_24SFF_v002_MASTER, ViewLayer | Synchronizing object | Carrier00_EMI_spring_1_6
Fra:22 Mem:281.32M (Peak 281.94M) | Time:00:00.27 | Mem:0.00M, Peak:0.00M | C6420_4N_24SFF_v002_MASTER, ViewLayer | Synchronizing object | Carrier00_EMI_spring_1_7
Fra:22 Mem:281.01M (Peak 281.94M) | Time:00:00.27 | Mem:0.00M, Peak:0.00M | C6420_4N_24SFF_v002_MASTER, ViewLayer | Synchronizing object | Carrier00_EMI_spring_1_8
Fra:22 Mem:281.15M (Peak 281.94M) | Time:00:00.27 | Mem:0.00M, Peak:0.00M | C6420_4N_24SFF_v002_MASTER, ViewLayer | Synchronizing object | Carrier01_hinge_return_spring
Fra:22 Mem:281.16M (Peak 281.94M) | Time:00:00.27 | Mem:0.00M, Peak:0.00M | C6420_4N_24SFF_v002_MASTER, ViewLayer | Synchronizing object | Carrier01_activity_symbol
Fra:22 Mem:281.06M (Peak 281.94M) | Time:00:00.27 | Mem:0.00M, Peak:0.00M | C6420_4N_24SFF_v002_MASTER, ViewLayer | Synchronizing object | Carrier01_EMI_spring_-1_0
Fra:22 Mem:281.07M (Peak 281.94M) | Time:00:00.27 | Mem:0.00M, Peak:0.00M | C6420_4N_24SFF_v002_MASTER, ViewLayer | Synchronizing object | Carrier01_EMI_spring_-1_1
Fra:22 Mem:281.07M (Peak 281.94M) | Time:00:00.27 | Mem:0.00M, Peak:0.00M | C6420_4N_24SFF_v002_MASTER, ViewLayer | Synchronizing object | Carrier01_EMI_spring_-1_3
Fra:22 Mem:281.11M (Peak 281.94M) | Time:00:00.27 | Mem:0.00M, Peak:0.00M | C6420_4N_24SFF_v002_MASTER, ViewLayer | Synchronizing object | Carrier01_EMI_spring_-1_4
Fra:22 Mem:281.12M (Peak 281.94M) | Time:00:00.27 | Mem:0.00M, Peak:0.00M | C6420_4N_24SFF_v002_MASTER, ViewLayer | Synchronizing object | Carrier01_EMI_spring_-1_5
Fra:22 Mem:281.12M (Peak 281.94M) | Time:00:00.27 | Mem:0.00M, Peak:0.00M | C6420_4N_24SFF_v002_MASTER, ViewLayer | Synchronizing object | Carrier01_EMI_spring_-1_7
Fra:22 Mem:281.13M (Peak 281.94M) | Time:00:00.27 | Mem:0.00M, Peak:0.00M | C6420_4N_24SFF_v002_MASTER, ViewLayer | Synchronizing object | Carrier01_EMI_spring_-1_8
Fra:22 Mem:281.17M (Peak 281.94M) | Time:00:00.27 | Mem:0.00M, Peak:0.00M | C6420_4N_24SFF_v002_MASTER, ViewLayer | Synchronizing object | Carrier01_EMI_spring_1_0
Fra:22 Mem:281.11M (Peak 281.94M) | Time:00:00.27 | Mem:0.00M, Peak:0.00M | C6420_4N_24SFF_v002_MASTER, ViewLayer | Synchronizing object | Carrier01_EMI_spring_1_1
Fra:22 Mem:281.13M (Peak 281.94M) | Time:00:00.27 | Mem:0.00M, Peak:0.00M | C6420_4N_24SFF_v002_MASTER, ViewLayer | Synchronizing object | Carrier01_EMI_spring_1_3
Fra:22 Mem:281.15M (Peak 281.94M) | Time:00:00.27 | Mem:0.00M, Peak:0.00M | C6420_4N_24SFF_v002_MASTER, ViewLayer | Synchronizing object | Carrier01_EMI_spring_1_4
Fra:22 Mem:281.30M (Peak 281.94M) | Time:00:00.27 | Mem:0.00M, Peak:0.00M | C6420_4N_24SFF_v002_MASTER, ViewLayer | Synchronizing object | Carrier01_EMI_spring_1_5
Fra:22 Mem:281.32M (Peak 281.94M) | Time:00:00.27 | Mem:0.00M, Peak:0.00M | C6420_4N_24SFF_v002_MASTER, ViewLayer | Synchronizing object | Carrier01_EMI_spring_1_6
Fra:22 Mem:281.22M (Peak 281.94M) | Time:00:00.27 | Mem:0.00M, Peak:0.00M | C6420_4N_24SFF_v002_MASTER, ViewLayer | Synchronizing object | Carrier01_EMI_spring_1_7
Fra:22 Mem:281.24M (Peak 281.94M) | Time:00:00.27 | Mem:0.00M, Peak:0.00M | C6420_4N_24SFF_v002_MASTER, ViewLayer | Synchronizing object | Carrier01_EMI_spring_1_8
Fra:22 Mem:281.45M (Peak 281.94M) | Time:00:00.27 | Mem:0.00M, Peak:0.00M | C6420_4N_24SFF_v002_MASTER, ViewLayer | Synchronizing object | Carrier02_hinge_return_spring
Fra:22 Mem:281.45M (Peak 281.94M) | Time:00:00.27 | Mem:0.00M, Peak:0.00M | C6420_4N_24SFF_v002_MASTER, ViewLayer | Synchronizing object | Carrier02_activity_symbol
Fra:22 Mem:281.54M (Peak 281.94M) | Time:00:00.27 | Mem:0.00M, Peak:0.00M | C6420_4N_24SFF_v002_MASTER, ViewLayer | Synchronizing object | Carrier02_EMI_spring_-1_0
Fra:22 Mem:281.54M (Peak 281.94M) | Time:00:00.27 | Mem:0.00M, Peak:0.00M | C6420_4N_24SFF_v002_MASTER, ViewLayer | Synchronizing object | Carrier02_EMI_spring_-1_1
Fra:22 Mem:281.56M (Peak 281.94M) | Time:00:00.27 | Mem:0.00M, Peak:0.00M | C6420_4N_24SFF_v002_MASTER, ViewLayer | Synchronizing object | Carrier02_EMI_spring_-1_2
Fra:22 Mem:281.57M (Peak 281.94M) | Time:00:00.27 | Mem:0.00M, Peak:0.00M | C6420_4N_24SFF_v002_MASTER, ViewLayer | Synchronizing object | Carrier02_EMI_spring_-1_3
Fra:22 Mem:281.61M (Peak 281.94M) | Time:00:00.27 | Mem:0.00M, Peak:0.00M | C6420_4N_24SFF_v002_MASTER, ViewLayer | Synchronizing object | Carrier02_EMI_spring_-1_4
Fra:22 Mem:281.60M (Peak 281.94M) | Time:00:00.27 | Mem:0.00M, Peak:0.00M | C6420_4N_24SFF_v002_MASTER, ViewLayer | Synchronizing object | Carrier02_EMI_spring_-1_5
Fra:22 Mem:281.61M (Peak 281.94M) | Time:00:00.27 | Mem:0.00M, Peak:0.00M | C6420_4N_24SFF_v002_MASTER, ViewLayer | Synchronizing object | Carrier02_EMI_spring_-1_6
Fra:22 Mem:281.68M (Peak 281.94M) | Time:00:00.27 | Mem:0.00M, Peak:0.00M | C6420_4N_24SFF_v002_MASTER, ViewLayer | Synchronizing object | Carrier02_EMI_spring_-1_7
Fra:22 Mem:281.68M (Peak 281.94M) | Time:00:00.27 | Mem:0.00M, Peak:0.00M | C6420_4N_24SFF_v002_MASTER, ViewLayer | Synchronizing object | Carrier02_EMI_spring_-1_8
Fra:22 Mem:281.69M (Peak 281.94M) | Time:00:00.27 | Mem:0.00M, Peak:0.00M | C6420_4N_24SFF_v002_MASTER, ViewLayer | Synchronizing object | Carrier02_EMI_spring_1_0
Fra:22 Mem:281.71M (Peak 281.94M) | Time:00:00.27 | Mem:0.00M, Peak:0.00M | C6420_4N_24SFF_v002_MASTER, ViewLayer | Synchronizing object | Carrier02_EMI_spring_1_1
Fra:22 Mem:281.72M (Peak 281.94M) | Time:00:00.27 | Mem:0.00M, Peak:0.00M | C6420_4N_24SFF_v002_MASTER, ViewLayer | Synchronizing object | Carrier02_EMI_spring_1_2
Fra:22 Mem:281.72M (Peak 281.94M) | Time:00:00.27 | Mem:0.00M, Peak:0.00M | C6420_4N_24SFF_v002_MASTER, ViewLayer | Synchronizing object | Carrier02_EMI_spring_1_3
Fra:22 Mem:281.69M (Peak 281.94M) | Time:00:00.27 | Mem:0.00M, Peak:0.00M | C6420_4N_24SFF_v002_MASTER, ViewLayer | Synchronizing object | Carrier02_EMI_spring_1_4
Fra:22 Mem:281.71M (Peak 281.94M) | Time:00:00.27 | Mem:0.00M, Peak:0.00M | C6420_4N_24SFF_v002_MASTER, ViewLayer | Synchronizing object | Carrier02_EMI_spring_1_5
Fra:22 Mem:281.79M (Peak 281.94M) | Time:00:00.27 | Mem:0.00M, Peak:0.00M | C6420_4N_24SFF_v002_MASTER, ViewLayer | Synchronizing object | Carrier02_EMI_spring_1_6
Fra:22 Mem:281.83M (Peak 281.94M) | Time:00:00.27 | Mem:0.00M, Peak:0.00M | C6420_4N_24SFF_v002_MASTER, ViewLayer | Synchronizing object | Carrier02_EMI_spring_1_7
Fra:22 Mem:281.87M (Peak 281.94M) | Time:00:00.27 | Mem:0.00M, Peak:0.00M | C6420_4N_24SFF_v002_MASTER, ViewLayer | Synchronizing object | Carrier02_EMI_spring_1_8
Fra:22 Mem:282.00M (Peak 282.00M) | Time:00:00.27 | Mem:0.00M, Peak:0.00M | C6420_4N_24SFF_v002_MASTER, ViewLayer | Synchronizing object | Carrier03_hinge_return_spring
Fra:22 Mem:282.01M (Peak 282.01M) | Time:00:00.27 | Mem:0.00M, Peak:0.00M | C6420_4N_24SFF_v002_MASTER, ViewLayer | Synchronizing object | Carrier03_activity_symbol
Fra:22 Mem:282.07M (Peak 282.07M) | Time:00:00.27 | Mem:0.00M, Peak:0.00M | C6420_4N_24SFF_v002_MASTER, ViewLayer | Synchronizing object | Carrier03_EMI_spring_-1_0
Fra:22 Mem:282.15M (Peak 282.15M) | Time:00:00.27 | Mem:0.00M, Peak:0.00M | C6420_4N_24SFF_v002_MASTER, ViewLayer | Synchronizing object | Carrier03_EMI_spring_-1_1
Fra:22 Mem:282.20M (Peak 282.20M) | Time:00:00.27 | Mem:0.00M, Peak:0.00M | C6420_4N_24SFF_v002_MASTER, ViewLayer | Synchronizing object | Carrier03_EMI_spring_-1_2
Fra:22 Mem:282.02M (Peak 282.20M) | Time:00:00.27 | Mem:0.00M, Peak:0.00M | C6420_4N_24SFF_v002_MASTER, ViewLayer | Synchronizing object | PSU1_octagonal_fan_guard
Fra:22 Mem:282.07M (Peak 282.20M) | Time:00:00.27 | Mem:0.00M, Peak:0.00M | C6420_4N_24SFF_v002_MASTER, ViewLayer | Synchronizing object | Carrier03_EMI_spring_-1_4
Fra:22 Mem:282.09M (Peak 282.20M) | Time:00:00.27 | Mem:0.00M, Peak:0.00M | C6420_4N_24SFF_v002_MASTER, ViewLayer | Synchronizing object | Carrier03_EMI_spring_-1_5
Fra:22 Mem:282.10M (Peak 282.20M) | Time:00:00.27 | Mem:0.00M, Peak:0.00M | C6420_4N_24SFF_v002_MASTER, ViewLayer | Synchronizing object | Carrier03_EMI_spring_-1_6
Fra:22 Mem:282.11M (Peak 282.20M) | Time:00:00.27 | Mem:0.00M, Peak:0.00M | C6420_4N_24SFF_v002_MASTER, ViewLayer | Synchronizing object | Carrier03_EMI_spring_-1_8
Fra:22 Mem:282.15M (Peak 282.20M) | Time:00:00.27 | Mem:0.00M, Peak:0.00M | C6420_4N_24SFF_v002_MASTER, ViewLayer | Synchronizing object | Carrier03_EMI_spring_1_0
Fra:22 Mem:282.17M (Peak 282.20M) | Time:00:00.27 | Mem:0.00M, Peak:0.00M | C6420_4N_24SFF_v002_MASTER, ViewLayer | Synchronizing object | Carrier03_EMI_spring_1_1
Fra:22 Mem:282.18M (Peak 282.20M) | Time:00:00.27 | Mem:0.00M, Peak:0.00M | C6420_4N_24SFF_v002_MASTER, ViewLayer | Synchronizing object | Carrier03_EMI_spring_1_2
Fra:22 Mem:282.47M (Peak 282.47M) | Time:00:00.27 | Mem:0.00M, Peak:0.00M | C6420_4N_24SFF_v002_MASTER, ViewLayer | Synchronizing object | Carrier03_EMI_spring_1_3
Fra:22 Mem:282.54M (Peak 282.54M) | Time:00:00.27 | Mem:0.00M, Peak:0.00M | C6420_4N_24SFF_v002_MASTER, ViewLayer | Synchronizing object | Carrier03_EMI_spring_1_4
Fra:22 Mem:282.54M (Peak 282.54M) | Time:00:00.27 | Mem:0.00M, Peak:0.00M | C6420_4N_24SFF_v002_MASTER, ViewLayer | Synchronizing object | Carrier03_EMI_spring_1_5
Fra:22 Mem:282.64M (Peak 282.64M) | Time:00:00.27 | Mem:0.00M, Peak:0.00M | C6420_4N_24SFF_v002_MASTER, ViewLayer | Synchronizing object | Carrier03_EMI_spring_1_6
Fra:22 Mem:282.64M (Peak 282.64M) | Time:00:00.27 | Mem:0.00M, Peak:0.00M | C6420_4N_24SFF_v002_MASTER, ViewLayer | Synchronizing object | Carrier03_EMI_spring_1_7
Fra:22 Mem:282.65M (Peak 282.65M) | Time:00:00.27 | Mem:0.00M, Peak:0.00M | C6420_4N_24SFF_v002_MASTER, ViewLayer | Synchronizing object | Carrier03_EMI_spring_1_8
Fra:22 Mem:282.67M (Peak 282.67M) | Time:00:00.27 | Mem:0.00M, Peak:0.00M | C6420_4N_24SFF_v002_MASTER, ViewLayer | Synchronizing object | Carrier04_hinge_return_spring
Fra:22 Mem:282.67M (Peak 282.67M) | Time:00:00.27 | Mem:0.00M, Peak:0.00M | C6420_4N_24SFF_v002_MASTER, ViewLayer | Synchronizing object | Carrier04_activity_symbol
Fra:22 Mem:282.74M (Peak 282.74M) | Time:00:00.27 | Mem:0.00M, Peak:0.00M | C6420_4N_24SFF_v002_MASTER, ViewLayer | Synchronizing object | Carrier04_EMI_spring_-1_0
Fra:22 Mem:282.91M (Peak 282.91M) | Time:00:00.27 | Mem:0.00M, Peak:0.00M | C6420_4N_24SFF_v002_MASTER, ViewLayer | Synchronizing object | Carrier04_EMI_spring_-1_1
Fra:22 Mem:282.83M (Peak 282.91M) | Time:00:00.27 | Mem:0.00M, Peak:0.00M | C6420_4N_24SFF_v002_MASTER, ViewLayer | Synchronizing object | PSU1_latch_track
Fra:22 Mem:282.84M (Peak 282.91M) | Time:00:00.27 | Mem:0.00M, Peak:0.00M | C6420_4N_24SFF_v002_MASTER, ViewLayer | Synchronizing object | Carrier04_EMI_spring_-1_2
Fra:22 Mem:282.86M (Peak 282.91M) | Time:00:00.27 | Mem:0.00M, Peak:0.00M | C6420_4N_24SFF_v002_MASTER, ViewLayer | Synchronizing object | PSU1_orange_release_paddle
Fra:22 Mem:282.89M (Peak 282.91M) | Time:00:00.27 | Mem:0.00M, Peak:0.00M | C6420_4N_24SFF_v002_MASTER, ViewLayer | Synchronizing object | Carrier04_EMI_spring_-1_3
Fra:22 Mem:282.89M (Peak 282.91M) | Time:00:00.27 | Mem:0.00M, Peak:0.00M | C6420_4N_24SFF_v002_MASTER, ViewLayer | Synchronizing object | Carrier04_EMI_spring_-1_4
Fra:22 Mem:284.14M (Peak 284.68M) | Time:00:00.27 | Mem:0.00M, Peak:0.00M | C6420_4N_24SFF_v002_MASTER, ViewLayer | Synchronizing object | Carrier04_EMI_spring_-1_5
Fra:22 Mem:284.62M (Peak 284.68M) | Time:00:00.27 | Mem:0.00M, Peak:0.00M | C6420_4N_24SFF_v002_MASTER, ViewLayer | Synchronizing object | Carrier04_EMI_spring_-1_6
Fra:22 Mem:284.53M (Peak 284.68M) | Time:00:00.27 | Mem:0.00M, Peak:0.00M | C6420_4N_24SFF_v002_MASTER, ViewLayer | Synchronizing object | Carrier04_EMI_spring_-1_7
Fra:22 Mem:284.58M (Peak 284.68M) | Time:00:00.27 | Mem:0.00M, Peak:0.00M | C6420_4N_24SFF_v002_MASTER, ViewLayer | Synchronizing object | Carrier04_EMI_spring_-1_8
Fra:22 Mem:284.67M (Peak 284.68M) | Time:00:00.27 | Mem:0.00M, Peak:0.00M | C6420_4N_24SFF_v002_MASTER, ViewLayer | Synchronizing object | Carrier04_EMI_spring_1_0
Fra:22 Mem:284.67M (Peak 284.68M) | Time:00:00.27 | Mem:0.00M, Peak:0.00M | C6420_4N_24SFF_v002_MASTER, ViewLayer | Synchronizing object | Carrier04_EMI_spring_1_1
Fra:22 Mem:284.63M (Peak 284.68M) | Time:00:00.27 | Mem:0.00M, Peak:0.00M | C6420_4N_24SFF_v002_MASTER, ViewLayer | Synchronizing object | Carrier04_EMI_spring_1_2
Fra:22 Mem:284.63M (Peak 284.68M) | Time:00:00.27 | Mem:0.00M, Peak:0.00M | C6420_4N_24SFF_v002_MASTER, ViewLayer | Synchronizing object | Carrier04_EMI_spring_1_3
Fra:22 Mem:288.31M (Peak 288.31M) | Time:00:00.27 | Mem:0.00M, Peak:0.00M | C6420_4N_24SFF_v002_MASTER, ViewLayer | Synchronizing object | Carrier04_EMI_spring_1_4
Fra:22 Mem:288.46M (Peak 288.46M) | Time:00:00.27 | Mem:0.00M, Peak:0.00M | C6420_4N_24SFF_v002_MASTER, ViewLayer | Synchronizing object | PSU1_AC_blade_0
Fra:22 Mem:288.48M (Peak 288.48M) | Time:00:00.27 | Mem:0.00M, Peak:0.00M | C6420_4N_24SFF_v002_MASTER, ViewLayer | Synchronizing object | PSU1_AC_C20_recess_dark_back
Fra:22 Mem:288.55M (Peak 288.55M) | Time:00:00.27 | Mem:0.00M, Peak:0.00M | C6420_4N_24SFF_v002_MASTER, ViewLayer | Synchronizing object | PSU1_AC_C20_recess_metal_cavity
Fra:22 Mem:288.73M (Peak 288.73M) | Time:00:00.27 | Mem:0.00M, Peak:0.00M | C6420_4N_24SFF_v002_MASTER, ViewLayer | Synchronizing object | PSU1_AC_black_rim
Fra:22 Mem:290.67M (Peak 290.67M) | Time:00:00.27 | Mem:0.00M, Peak:0.00M | C6420_4N_24SFF_v002_MASTER, ViewLayer | Synchronizing object | PSU1_front_sheet
Fra:22 Mem:290.73M (Peak 290.73M) | Time:00:00.27 | Mem:0.00M, Peak:0.00M | C6420_4N_24SFF_v002_MASTER, ViewLayer | Synchronizing object | Carrier04_EMI_spring_1_5
Fra:22 Mem:290.64M (Peak 290.73M) | Time:00:00.27 | Mem:0.00M, Peak:0.00M | C6420_4N_24SFF_v002_MASTER, ViewLayer | Synchronizing object | Carrier04_EMI_spring_1_6
Fra:22 Mem:290.73M (Peak 290.73M) | Time:00:00.28 | Mem:0.00M, Peak:0.00M | C6420_4N_24SFF_v002_MASTER, ViewLayer | Synchronizing object | PSU1_internal_end
Fra:22 Mem:290.74M (Peak 290.74M) | Time:00:00.28 | Mem:0.00M, Peak:0.00M | C6420_4N_24SFF_v002_MASTER, ViewLayer | Synchronizing object | PSU1_horizontal_shell
Fra:22 Mem:290.76M (Peak 290.76M) | Time:00:00.28 | Mem:0.00M, Peak:0.00M | C6420_4N_24SFF_v002_MASTER, ViewLayer | Synchronizing object | PSU1_side_shell
Fra:22 Mem:290.78M (Peak 290.78M) | Time:00:00.28 | Mem:0.00M, Peak:0.00M | C6420_4N_24SFF_v002_MASTER, ViewLayer | Synchronizing object | Carrier00_setback_dark_air_shade
Fra:22 Mem:290.79M (Peak 290.79M) | Time:00:00.28 | Mem:0.00M, Peak:0.00M | C6420_4N_24SFF_v002_MASTER, ViewLayer | Synchronizing object | Carrier23_EMI_spring_1_8
Fra:22 Mem:290.80M (Peak 290.80M) | Time:00:00.28 | Mem:0.00M, Peak:0.00M | C6420_4N_24SFF_v002_MASTER, ViewLayer | Synchronizing object | Carrier23_EMI_spring_1_7
Fra:22 Mem:290.81M (Peak 290.81M) | Time:00:00.28 | Mem:0.00M, Peak:0.00M | C6420_4N_24SFF_v002_MASTER, ViewLayer | Synchronizing object | Carrier23_EMI_spring_1_6
Fra:22 Mem:290.83M (Peak 290.83M) | Time:00:00.28 | Mem:0.00M, Peak:0.00M | C6420_4N_24SFF_v002_MASTER, ViewLayer | Synchronizing object | Carrier23_EMI_spring_1_5
Fra:22 Mem:290.84M (Peak 290.84M) | Time:00:00.28 | Mem:0.00M, Peak:0.00M | C6420_4N_24SFF_v002_MASTER, ViewLayer | Synchronizing object | Carrier23_EMI_spring_1_4
Fra:22 Mem:290.85M (Peak 290.85M) | Time:00:00.28 | Mem:0.00M, Peak:0.00M | C6420_4N_24SFF_v002_MASTER, ViewLayer | Synchronizing object | Carrier23_EMI_spring_1_3
Fra:22 Mem:290.86M (Peak 290.86M) | Time:00:00.28 | Mem:0.00M, Peak:0.00M | C6420_4N_24SFF_v002_MASTER, ViewLayer | Synchronizing object | Carrier23_EMI_spring_1_2
Fra:22 Mem:290.87M (Peak 290.87M) | Time:00:00.28 | Mem:0.00M, Peak:0.00M | C6420_4N_24SFF_v002_MASTER, ViewLayer | Synchronizing object | Carrier23_EMI_spring_1_1
Fra:22 Mem:290.88M (Peak 290.88M) | Time:00:00.28 | Mem:0.00M, Peak:0.00M | C6420_4N_24SFF_v002_MASTER, ViewLayer | Synchronizing object | Carrier23_EMI_spring_1_0
Fra:22 Mem:290.89M (Peak 290.89M) | Time:00:00.28 | Mem:0.00M, Peak:0.00M | C6420_4N_24SFF_v002_MASTER, ViewLayer | Synchronizing object | Carrier23_EMI_spring_-1_8
Fra:22 Mem:290.90M (Peak 290.90M) | Time:00:00.28 | Mem:0.00M, Peak:0.00M | C6420_4N_24SFF_v002_MASTER, ViewLayer | Synchronizing object | Carrier23_EMI_spring_-1_7
Fra:22 Mem:290.91M (Peak 290.91M) | Time:00:00.28 | Mem:0.00M, Peak:0.00M | C6420_4N_24SFF_v002_MASTER, ViewLayer | Synchronizing object | Carrier23_EMI_spring_-1_6
Fra:22 Mem:290.92M (Peak 290.92M) | Time:00:00.28 | Mem:0.00M, Peak:0.00M | C6420_4N_24SFF_v002_MASTER, ViewLayer | Synchronizing object | Carrier23_EMI_spring_-1_5
Fra:22 Mem:290.93M (Peak 290.93M) | Time:00:00.28 | Mem:0.00M, Peak:0.00M | C6420_4N_24SFF_v002_MASTER, ViewLayer | Synchronizing object | Carrier23_EMI_spring_-1_4
Fra:22 Mem:290.95M (Peak 290.95M) | Time:00:00.28 | Mem:0.00M, Peak:0.00M | C6420_4N_24SFF_v002_MASTER, ViewLayer | Synchronizing object | Carrier23_EMI_spring_-1_3
Fra:22 Mem:290.96M (Peak 290.96M) | Time:00:00.28 | Mem:0.00M, Peak:0.00M | C6420_4N_24SFF_v002_MASTER, ViewLayer | Synchronizing object | Carrier23_EMI_spring_-1_2
Fra:22 Mem:290.97M (Peak 290.97M) | Time:00:00.28 | Mem:0.00M, Peak:0.00M | C6420_4N_24SFF_v002_MASTER, ViewLayer | Synchronizing object | Carrier23_EMI_spring_-1_1
Fra:22 Mem:290.98M (Peak 290.98M) | Time:00:00.28 | Mem:0.00M, Peak:0.00M | C6420_4N_24SFF_v002_MASTER, ViewLayer | Synchronizing object | Carrier23_EMI_spring_-1_0
Fra:22 Mem:290.99M (Peak 290.99M) | Time:00:00.28 | Mem:0.00M, Peak:0.00M | C6420_4N_24SFF_v002_MASTER, ViewLayer | Synchronizing object | Carrier23_activity_symbol
Fra:22 Mem:291.00M (Peak 291.00M) | Time:00:00.28 | Mem:0.00M, Peak:0.00M | C6420_4N_24SFF_v002_MASTER, ViewLayer | Synchronizing object | Carrier23_hinge_return_spring
Fra:22 Mem:291.15M (Peak 291.15M) | Time:00:00.28 | Mem:0.00M, Peak:0.00M | C6420_4N_24SFF_v002_MASTER, ViewLayer | Synchronizing object | Carrier22_EMI_spring_1_8
Fra:22 Mem:291.16M (Peak 291.16M) | Time:00:00.28 | Mem:0.00M, Peak:0.00M | C6420_4N_24SFF_v002_MASTER, ViewLayer | Synchronizing object | Carrier22_EMI_spring_1_7
Fra:22 Mem:291.17M (Peak 291.17M) | Time:00:00.28 | Mem:0.00M, Peak:0.00M | C6420_4N_24SFF_v002_MASTER, ViewLayer | Synchronizing object | Carrier22_EMI_spring_1_6
Fra:22 Mem:291.19M (Peak 291.19M) | Time:00:00.28 | Mem:0.00M, Peak:0.00M | C6420_4N_24SFF_v002_MASTER, ViewLayer | Synchronizing object | Carrier22_EMI_spring_1_5
Fra:22 Mem:291.20M (Peak 291.20M) | Time:00:00.28 | Mem:0.00M, Peak:0.00M | C6420_4N_24SFF_v002_MASTER, ViewLayer | Synchronizing object | Carrier22_EMI_spring_1_4
Fra:22 Mem:291.21M (Peak 291.21M) | Time:00:00.28 | Mem:0.00M, Peak:0.00M | C6420_4N_24SFF_v002_MASTER, ViewLayer | Synchronizing object | Carrier22_EMI_spring_1_3
Fra:22 Mem:291.22M (Peak 291.22M) | Time:00:00.28 | Mem:0.00M, Peak:0.00M | C6420_4N_24SFF_v002_MASTER, ViewLayer | Synchronizing object | Carrier22_EMI_spring_1_2
Fra:22 Mem:291.23M (Peak 291.23M) | Time:00:00.28 | Mem:0.00M, Peak:0.00M | C6420_4N_24SFF_v002_MASTER, ViewLayer | Synchronizing object | Carrier22_EMI_spring_1_1
Fra:22 Mem:291.24M (Peak 291.24M) | Time:00:00.28 | Mem:0.00M, Peak:0.00M | C6420_4N_24SFF_v002_MASTER, ViewLayer | Synchronizing object | Carrier22_EMI_spring_1_0
Fra:22 Mem:291.25M (Peak 291.25M) | Time:00:00.28 | Mem:0.00M, Peak:0.00M | C6420_4N_24SFF_v002_MASTER, ViewLayer | Synchronizing object | Carrier22_EMI_spring_-1_8
Fra:22 Mem:291.26M (Peak 291.26M) | Time:00:00.28 | Mem:0.00M, Peak:0.00M | C6420_4N_24SFF_v002_MASTER, ViewLayer | Synchronizing object | Carrier22_EMI_spring_-1_7
Fra:22 Mem:291.27M (Peak 291.27M) | Time:00:00.28 | Mem:0.00M, Peak:0.00M | C6420_4N_24SFF_v002_MASTER, ViewLayer | Synchronizing object | Carrier22_EMI_spring_-1_6
Fra:22 Mem:291.29M (Peak 291.29M) | Time:00:00.28 | Mem:0.00M, Peak:0.00M | C6420_4N_24SFF_v002_MASTER, ViewLayer | Synchronizing object | Carrier22_EMI_spring_-1_5
Fra:22 Mem:291.30M (Peak 291.30M) | Time:00:00.28 | Mem:0.00M, Peak:0.00M | C6420_4N_24SFF_v002_MASTER, ViewLayer | Synchronizing object | Carrier22_EMI_spring_-1_4
Fra:22 Mem:291.31M (Peak 291.31M) | Time:00:00.28 | Mem:0.00M, Peak:0.00M | C6420_4N_24SFF_v002_MASTER, ViewLayer | Synchronizing object | Carrier22_EMI_spring_-1_3
Fra:22 Mem:291.32M (Peak 291.32M) | Time:00:00.28 | Mem:0.00M, Peak:0.00M | C6420_4N_24SFF_v002_MASTER, ViewLayer | Synchronizing object | Carrier22_EMI_spring_-1_2
Fra:22 Mem:291.33M (Peak 291.33M) | Time:00:00.28 | Mem:0.00M, Peak:0.00M | C6420_4N_24SFF_v002_MASTER, ViewLayer | Synchronizing object | Carrier22_EMI_spring_-1_1
Fra:22 Mem:291.34M (Peak 291.34M) | Time:00:00.28 | Mem:0.00M, Peak:0.00M | C6420_4N_24SFF_v002_MASTER, ViewLayer | Synchronizing object | Carrier22_EMI_spring_-1_0
Fra:22 Mem:291.35M (Peak 291.35M) | Time:00:00.28 | Mem:0.00M, Peak:0.00M | C6420_4N_24SFF_v002_MASTER, ViewLayer | Synchronizing object | Carrier22_activity_symbol
Fra:22 Mem:291.36M (Peak 291.36M) | Time:00:00.28 | Mem:0.00M, Peak:0.00M | C6420_4N_24SFF_v002_MASTER, ViewLayer | Synchronizing object | Carrier22_hinge_return_spring
Fra:22 Mem:291.47M (Peak 291.47M) | Time:00:00.28 | Mem:0.00M, Peak:0.00M | C6420_4N_24SFF_v002_MASTER, ViewLayer | Synchronizing object | Carrier04_EMI_spring_1_7
Fra:22 Mem:289.63M (Peak 291.47M) | Time:00:00.28 | Mem:0.00M, Peak:0.00M | C6420_4N_24SFF_v002_MASTER, ViewLayer | Synchronizing object | Carrier21_EMI_spring_1_8
Fra:22 Mem:289.65M (Peak 291.47M) | Time:00:00.28 | Mem:0.00M, Peak:0.00M | C6420_4N_24SFF_v002_MASTER, ViewLayer | Synchronizing object | Carrier21_EMI_spring_1_7
Fra:22 Mem:289.66M (Peak 291.47M) | Time:00:00.28 | Mem:0.00M, Peak:0.00M | C6420_4N_24SFF_v002_MASTER, ViewLayer | Synchronizing object | Carrier21_EMI_spring_1_6
Fra:22 Mem:289.67M (Peak 291.47M) | Time:00:00.28 | Mem:0.00M, Peak:0.00M | C6420_4N_24SFF_v002_MASTER, ViewLayer | Synchronizing object | Carrier21_EMI_spring_1_5
Fra:22 Mem:289.68M (Peak 291.47M) | Time:00:00.28 | Mem:0.00M, Peak:0.00M | C6420_4N_24SFF_v002_MASTER, ViewLayer | Synchronizing object | Carrier21_EMI_spring_1_4
Fra:22 Mem:289.69M (Peak 291.47M) | Time:00:00.29 | Mem:0.00M, Peak:0.00M | C6420_4N_24SFF_v002_MASTER, ViewLayer | Synchronizing object | Carrier21_EMI_spring_1_3
Fra:22 Mem:289.70M (Peak 291.47M) | Time:00:00.29 | Mem:0.00M, Peak:0.00M | C6420_4N_24SFF_v002_MASTER, ViewLayer | Synchronizing object | Carrier21_EMI_spring_1_2
Fra:22 Mem:289.71M (Peak 291.47M) | Time:00:00.29 | Mem:0.00M, Peak:0.00M | C6420_4N_24SFF_v002_MASTER, ViewLayer | Synchronizing object | Carrier21_EMI_spring_1_1
Fra:22 Mem:289.72M (Peak 291.47M) | Time:00:00.29 | Mem:0.00M, Peak:0.00M | C6420_4N_24SFF_v002_MASTER, ViewLayer | Synchronizing object | Carrier04_EMI_spring_1_8
Fra:22 Mem:289.75M (Peak 291.47M) | Time:00:00.29 | Mem:0.00M, Peak:0.00M | C6420_4N_24SFF_v002_MASTER, ViewLayer | Synchronizing object | Carrier05_hinge_return_spring
Fra:22 Mem:289.74M (Peak 291.47M) | Time:00:00.29 | Mem:0.00M, Peak:0.00M | C6420_4N_24SFF_v002_MASTER, ViewLayer | Synchronizing object | Carrier21_EMI_spring_1_0
Fra:22 Mem:289.28M (Peak 291.47M) | Time:00:00.29 | Mem:0.00M, Peak:0.00M | C6420_4N_24SFF_v002_MASTER, ViewLayer | Synchronizing object | Carrier21_EMI_spring_-1_8
Fra:22 Mem:289.36M (Peak 291.47M) | Time:00:00.29 | Mem:0.00M, Peak:0.00M | C6420_4N_24SFF_v002_MASTER, ViewLayer | Synchronizing object | Carrier21_EMI_spring_-1_7
Fra:22 Mem:289.39M (Peak 291.47M) | Time:00:00.29 | Mem:0.00M, Peak:0.00M | C6420_4N_24SFF_v002_MASTER, ViewLayer | Synchronizing object | Carrier21_EMI_spring_-1_6
Fra:22 Mem:289.65M (Peak 291.47M) | Time:00:00.29 | Mem:0.00M, Peak:0.00M | C6420_4N_24SFF_v002_MASTER, ViewLayer | Synchronizing object | Carrier21_EMI_spring_-1_5
Fra:22 Mem:289.75M (Peak 291.47M) | Time:00:00.29 | Mem:0.00M, Peak:0.00M | C6420_4N_24SFF_v002_MASTER, ViewLayer | Synchronizing object | Carrier21_EMI_spring_-1_4
Fra:22 Mem:289.86M (Peak 291.47M) | Time:00:00.29 | Mem:0.00M, Peak:0.00M | C6420_4N_24SFF_v002_MASTER, ViewLayer | Synchronizing object | Carrier21_EMI_spring_-1_3
Fra:22 Mem:289.88M (Peak 291.47M) | Time:00:00.29 | Mem:0.00M, Peak:0.00M | C6420_4N_24SFF_v002_MASTER, ViewLayer | Synchronizing object | Carrier05_activity_symbol
Fra:22 Mem:289.88M (Peak 291.47M) | Time:00:00.29 | Mem:0.00M, Peak:0.00M | C6420_4N_24SFF_v002_MASTER, ViewLayer | Synchronizing object | Carrier21_EMI_spring_-1_2
Fra:22 Mem:289.91M (Peak 291.47M) | Time:00:00.29 | Mem:0.00M, Peak:0.00M | C6420_4N_24SFF_v002_MASTER, ViewLayer | Synchronizing object | Carrier21_EMI_spring_-1_1
Fra:22 Mem:287.48M (Peak 291.47M) | Time:00:00.29 | Mem:0.00M, Peak:0.00M | C6420_4N_24SFF_v002_MASTER, ViewLayer | Synchronizing object | Carrier21_EMI_spring_-1_0
Fra:22 Mem:287.51M (Peak 291.47M) | Time:00:00.29 | Mem:0.00M, Peak:0.00M | C6420_4N_24SFF_v002_MASTER, ViewLayer | Synchronizing object | Carrier05_EMI_spring_-1_0
Fra:22 Mem:288.02M (Peak 291.47M) | Time:00:00.29 | Mem:0.00M, Peak:0.00M | C6420_4N_24SFF_v002_MASTER, ViewLayer | Synchronizing object | Carrier21_activity_symbol
Fra:22 Mem:288.79M (Peak 291.47M) | Time:00:00.29 | Mem:0.00M, Peak:0.00M | C6420_4N_24SFF_v002_MASTER, ViewLayer | Synchronizing object | Carrier21_hinge_return_spring
Fra:22 Mem:288.83M (Peak 291.47M) | Time:00:00.29 | Mem:0.00M, Peak:0.00M | C6420_4N_24SFF_v002_MASTER, ViewLayer | Synchronizing object | Carrier05_EMI_spring_-1_1
Fra:22 Mem:289.00M (Peak 291.47M) | Time:00:00.29 | Mem:0.00M, Peak:0.00M | C6420_4N_24SFF_v002_MASTER, ViewLayer | Synchronizing object | Carrier05_EMI_spring_-1_2
Fra:22 Mem:289.01M (Peak 291.47M) | Time:00:00.29 | Mem:0.00M, Peak:0.00M | C6420_4N_24SFF_v002_MASTER, ViewLayer | Synchronizing object | Carrier05_EMI_spring_-1_3
Fra:22 Mem:288.52M (Peak 291.47M) | Time:00:00.29 | Mem:0.00M, Peak:0.00M | C6420_4N_24SFF_v002_MASTER, ViewLayer | Synchronizing object | Carrier05_EMI_spring_-1_4
Fra:22 Mem:288.54M (Peak 291.47M) | Time:00:00.29 | Mem:0.00M, Peak:0.00M | C6420_4N_24SFF_v002_MASTER, ViewLayer | Synchronizing object | Carrier05_EMI_spring_-1_5
Fra:22 Mem:288.56M (Peak 291.47M) | Time:00:00.29 | Mem:0.00M, Peak:0.00M | C6420_4N_24SFF_v002_MASTER, ViewLayer | Synchronizing object | Carrier05_EMI_spring_-1_6
Fra:22 Mem:288.45M (Peak 291.47M) | Time:00:00.29 | Mem:0.00M, Peak:0.00M | C6420_4N_24SFF_v002_MASTER, ViewLayer | Synchronizing object | Carrier20_EMI_spring_1_8
Fra:22 Mem:288.46M (Peak 291.47M) | Time:00:00.29 | Mem:0.00M, Peak:0.00M | C6420_4N_24SFF_v002_MASTER, ViewLayer | Synchronizing object | Carrier20_EMI_spring_1_7
Fra:22 Mem:288.48M (Peak 291.47M) | Time:00:00.29 | Mem:0.00M, Peak:0.00M | C6420_4N_24SFF_v002_MASTER, ViewLayer | Synchronizing object | Carrier20_EMI_spring_1_6
Fra:22 Mem:288.49M (Peak 291.47M) | Time:00:00.29 | Mem:0.00M, Peak:0.00M | C6420_4N_24SFF_v002_MASTER, ViewLayer | Synchronizing object | Carrier20_EMI_spring_1_5
Fra:22 Mem:288.49M (Peak 291.47M) | Time:00:00.29 | Mem:0.00M, Peak:0.00M | C6420_4N_24SFF_v002_MASTER, ViewLayer | Synchronizing object | Carrier05_EMI_spring_-1_8
Fra:22 Mem:288.51M (Peak 291.47M) | Time:00:00.29 | Mem:0.00M, Peak:0.00M | C6420_4N_24SFF_v002_MASTER, ViewLayer | Synchronizing object | Carrier05_EMI_spring_1_0
Fra:22 Mem:288.55M (Peak 291.47M) | Time:00:00.29 | Mem:0.00M, Peak:0.00M | C6420_4N_24SFF_v002_MASTER, ViewLayer | Synchronizing object | Carrier20_EMI_spring_1_4
Fra:22 Mem:288.86M (Peak 291.47M) | Time:00:00.29 | Mem:0.00M, Peak:0.00M | C6420_4N_24SFF_v002_MASTER, ViewLayer | Synchronizing object | Carrier05_EMI_spring_1_1
Fra:22 Mem:288.81M (Peak 291.47M) | Time:00:00.29 | Mem:0.00M, Peak:0.00M | C6420_4N_24SFF_v002_MASTER, ViewLayer | Synchronizing object | Carrier20_EMI_spring_1_3
Fra:22 Mem:288.85M (Peak 291.47M) | Time:00:00.29 | Mem:0.00M, Peak:0.00M | C6420_4N_24SFF_v002_MASTER, ViewLayer | Synchronizing object | Carrier05_EMI_spring_1_2
Fra:22 Mem:288.85M (Peak 291.47M) | Time:00:00.29 | Mem:0.00M, Peak:0.00M | C6420_4N_24SFF_v002_MASTER, ViewLayer | Synchronizing object | Carrier20_EMI_spring_1_2
Fra:22 Mem:288.87M (Peak 291.47M) | Time:00:00.29 | Mem:0.00M, Peak:0.00M | C6420_4N_24SFF_v002_MASTER, ViewLayer | Synchronizing object | Carrier05_EMI_spring_1_3
Fra:22 Mem:288.87M (Peak 291.47M) | Time:00:00.29 | Mem:0.00M, Peak:0.00M | C6420_4N_24SFF_v002_MASTER, ViewLayer | Synchronizing object | Carrier05_EMI_spring_1_5
Fra:22 Mem:288.89M (Peak 291.47M) | Time:00:00.29 | Mem:0.00M, Peak:0.00M | C6420_4N_24SFF_v002_MASTER, ViewLayer | Synchronizing object | Carrier05_EMI_spring_1_7
Fra:22 Mem:288.89M (Peak 291.47M) | Time:00:00.29 | Mem:0.00M, Peak:0.00M | C6420_4N_24SFF_v002_MASTER, ViewLayer | Synchronizing object | Carrier05_EMI_spring_1_8
Fra:22 Mem:286.55M (Peak 291.47M) | Time:00:00.29 | Mem:0.00M, Peak:0.00M | C6420_4N_24SFF_v002_MASTER, ViewLayer | Synchronizing object | Carrier06_hinge_return_spring
Fra:22 Mem:286.53M (Peak 291.47M) | Time:00:00.29 | Mem:0.00M, Peak:0.00M | C6420_4N_24SFF_v002_MASTER, ViewLayer | Synchronizing object | Carrier20_EMI_spring_1_0
Fra:22 Mem:286.59M (Peak 291.47M) | Time:00:00.29 | Mem:0.00M, Peak:0.00M | C6420_4N_24SFF_v002_MASTER, ViewLayer | Synchronizing object | Carrier06_activity_symbol
Fra:22 Mem:286.59M (Peak 291.47M) | Time:00:00.29 | Mem:0.00M, Peak:0.00M | C6420_4N_24SFF_v002_MASTER, ViewLayer | Synchronizing object | Carrier06_EMI_spring_-1_2
Fra:22 Mem:286.63M (Peak 291.47M) | Time:00:00.29 | Mem:0.00M, Peak:0.00M | C6420_4N_24SFF_v002_MASTER, ViewLayer | Synchronizing object | Carrier20_EMI_spring_-1_8
Fra:22 Mem:287.23M (Peak 291.47M) | Time:00:00.29 | Mem:0.00M, Peak:0.00M | C6420_4N_24SFF_v002_MASTER, ViewLayer | Synchronizing object | Carrier06_EMI_spring_-1_4
Fra:22 Mem:288.06M (Peak 291.47M) | Time:00:00.29 | Mem:0.00M, Peak:0.00M | C6420_4N_24SFF_v002_MASTER, ViewLayer | Synchronizing object | Carrier06_EMI_spring_-1_5
Fra:22 Mem:288.08M (Peak 291.47M) | Time:00:00.29 | Mem:0.00M, Peak:0.00M | C6420_4N_24SFF_v002_MASTER, ViewLayer | Synchronizing object | Carrier20_EMI_spring_-1_7
Fra:22 Mem:288.09M (Peak 291.47M) | Time:00:00.29 | Mem:0.00M, Peak:0.00M | C6420_4N_24SFF_v002_MASTER, ViewLayer | Synchronizing object | Carrier06_EMI_spring_-1_6
Fra:22 Mem:288.09M (Peak 291.47M) | Time:00:00.29 | Mem:0.00M, Peak:0.00M | C6420_4N_24SFF_v002_MASTER, ViewLayer | Synchronizing object | Carrier06_EMI_spring_-1_7
Fra:22 Mem:288.08M (Peak 291.47M) | Time:00:00.29 | Mem:0.00M, Peak:0.00M | C6420_4N_24SFF_v002_MASTER, ViewLayer | Synchronizing object | Carrier06_EMI_spring_-1_8
Fra:22 Mem:288.05M (Peak 291.47M) | Time:00:00.29 | Mem:0.00M, Peak:0.00M | C6420_4N_24SFF_v002_MASTER, ViewLayer | Synchronizing object | Carrier20_EMI_spring_-1_6
Fra:22 Mem:288.12M (Peak 291.47M) | Time:00:00.29 | Mem:0.00M, Peak:0.00M | C6420_4N_24SFF_v002_MASTER, ViewLayer | Synchronizing object | Carrier20_EMI_spring_-1_5
Fra:22 Mem:288.27M (Peak 291.47M) | Time:00:00.29 | Mem:0.00M, Peak:0.00M | C6420_4N_24SFF_v002_MASTER, ViewLayer | Synchronizing object | Carrier06_EMI_spring_1_0
Fra:22 Mem:288.28M (Peak 291.47M) | Time:00:00.29 | Mem:0.00M, Peak:0.00M | C6420_4N_24SFF_v002_MASTER, ViewLayer | Synchronizing object | Carrier20_EMI_spring_-1_4
Fra:22 Mem:288.31M (Peak 291.47M) | Time:00:00.29 | Mem:0.00M, Peak:0.00M | C6420_4N_24SFF_v002_MASTER, ViewLayer | Synchronizing object | Carrier06_EMI_spring_1_1
Fra:22 Mem:285.89M (Peak 291.47M) | Time:00:00.29 | Mem:0.00M, Peak:0.00M | C6420_4N_24SFF_v002_MASTER, ViewLayer | Synchronizing object | Carrier20_EMI_spring_-1_3
Fra:22 Mem:285.90M (Peak 291.47M) | Time:00:00.29 | Mem:0.00M, Peak:0.00M | C6420_4N_24SFF_v002_MASTER, ViewLayer | Synchronizing object | Carrier20_EMI_spring_-1_2
Fra:22 Mem:286.44M (Peak 291.47M) | Time:00:00.29 | Mem:0.00M, Peak:0.00M | C6420_4N_24SFF_v002_MASTER, ViewLayer | Synchronizing object | Carrier20_EMI_spring_-1_1
Fra:22 Mem:286.46M (Peak 291.47M) | Time:00:00.29 | Mem:0.00M, Peak:0.00M | C6420_4N_24SFF_v002_MASTER, ViewLayer | Synchronizing object | Carrier06_EMI_spring_1_2
Fra:22 Mem:286.46M (Peak 291.47M) | Time:00:00.29 | Mem:0.00M, Peak:0.00M | C6420_4N_24SFF_v002_MASTER, ViewLayer | Synchronizing object | Carrier20_EMI_spring_-1_0
Fra:22 Mem:286.49M (Peak 291.47M) | Time:00:00.29 | Mem:0.00M, Peak:0.00M | C6420_4N_24SFF_v002_MASTER, ViewLayer | Synchronizing object | Carrier06_EMI_spring_1_3
Fra:22 Mem:286.49M (Peak 291.47M) | Time:00:00.29 | Mem:0.00M, Peak:0.00M | C6420_4N_24SFF_v002_MASTER, ViewLayer | Synchronizing object | Carrier06_EMI_spring_1_4
Fra:22 Mem:286.49M (Peak 291.47M) | Time:00:00.29 | Mem:0.00M, Peak:0.00M | C6420_4N_24SFF_v002_MASTER, ViewLayer | Synchronizing object | Carrier06_EMI_spring_1_6
Fra:22 Mem:286.49M (Peak 291.47M) | Time:00:00.29 | Mem:0.00M, Peak:0.00M | C6420_4N_24SFF_v002_MASTER, ViewLayer | Synchronizing object | Carrier06_EMI_spring_1_7
Fra:22 Mem:286.39M (Peak 291.47M) | Time:00:00.29 | Mem:0.00M, Peak:0.00M | C6420_4N_24SFF_v002_MASTER, ViewLayer | Synchronizing object | Carrier20_activity_symbol
Fra:22 Mem:287.85M (Peak 291.47M) | Time:00:00.29 | Mem:0.00M, Peak:0.00M | C6420_4N_24SFF_v002_MASTER, ViewLayer | Synchronizing object | Carrier07_hinge_return_spring
Fra:22 Mem:287.79M (Peak 291.47M) | Time:00:00.29 | Mem:0.00M, Peak:0.00M | C6420_4N_24SFF_v002_MASTER, ViewLayer | Synchronizing object | Carrier07_EMI_spring_-1_1
Fra:22 Mem:287.95M (Peak 291.47M) | Time:00:00.29 | Mem:0.00M, Peak:0.00M | C6420_4N_24SFF_v002_MASTER, ViewLayer | Synchronizing object | Carrier07_EMI_spring_-1_2
Fra:22 Mem:288.05M (Peak 291.47M) | Time:00:00.29 | Mem:0.00M, Peak:0.00M | C6420_4N_24SFF_v002_MASTER, ViewLayer | Synchronizing object | Carrier07_EMI_spring_-1_3
Fra:22 Mem:288.06M (Peak 291.47M) | Time:00:00.29 | Mem:0.00M, Peak:0.00M | C6420_4N_24SFF_v002_MASTER, ViewLayer | Synchronizing object | Carrier07_EMI_spring_-1_4
Fra:22 Mem:288.09M (Peak 291.47M) | Time:00:00.29 | Mem:0.00M, Peak:0.00M | C6420_4N_24SFF_v002_MASTER, ViewLayer | Synchronizing object | Carrier07_EMI_spring_-1_5
Fra:22 Mem:289.84M (Peak 291.47M) | Time:00:00.29 | Mem:0.00M, Peak:0.00M | C6420_4N_24SFF_v002_MASTER, ViewLayer | Synchronizing object | Carrier07_EMI_spring_-1_6
Fra:22 Mem:290.12M (Peak 291.47M) | Time:00:00.29 | Mem:0.00M, Peak:0.00M | C6420_4N_24SFF_v002_MASTER, ViewLayer | Synchronizing object | Carrier07_EMI_spring_-1_7
Fra:22 Mem:289.93M (Peak 291.47M) | Time:00:00.29 | Mem:0.00M, Peak:0.00M | C6420_4N_24SFF_v002_MASTER, ViewLayer | Synchronizing object | Carrier19_EMI_spring_1_8
Fra:22 Mem:289.97M (Peak 291.47M) | Time:00:00.29 | Mem:0.00M, Peak:0.00M | C6420_4N_24SFF_v002_MASTER, ViewLayer | Synchronizing object | Carrier19_EMI_spring_1_7
Fra:22 Mem:290.26M (Peak 291.47M) | Time:00:00.29 | Mem:0.00M, Peak:0.00M | C6420_4N_24SFF_v002_MASTER, ViewLayer | Synchronizing object | Carrier19_EMI_spring_1_6
Fra:22 Mem:290.28M (Peak 291.47M) | Time:00:00.29 | Mem:0.00M, Peak:0.00M | C6420_4N_24SFF_v002_MASTER, ViewLayer | Synchronizing object | Carrier19_EMI_spring_1_5
Fra:22 Mem:291.09M (Peak 291.47M) | Time:00:00.29 | Mem:0.00M, Peak:0.00M | C6420_4N_24SFF_v002_MASTER, ViewLayer | Synchronizing object | Carrier19_EMI_spring_1_4
Fra:22 Mem:291.09M (Peak 291.47M) | Time:00:00.29 | Mem:0.00M, Peak:0.00M | C6420_4N_24SFF_v002_MASTER, ViewLayer | Synchronizing object | Carrier07_EMI_spring_-1_8
Fra:22 Mem:291.10M (Peak 291.47M) | Time:00:00.29 | Mem:0.00M, Peak:0.00M | C6420_4N_24SFF_v002_MASTER, ViewLayer | Synchronizing object | Carrier07_EMI_spring_1_0
Fra:22 Mem:291.14M (Peak 291.47M) | Time:00:00.29 | Mem:0.00M, Peak:0.00M | C6420_4N_24SFF_v002_MASTER, ViewLayer | Synchronizing object | Carrier19_EMI_spring_1_3
Fra:22 Mem:291.14M (Peak 291.47M) | Time:00:00.29 | Mem:0.00M, Peak:0.00M | C6420_4N_24SFF_v002_MASTER, ViewLayer | Synchronizing object | Carrier07_EMI_spring_1_2
Fra:22 Mem:291.17M (Peak 291.47M) | Time:00:00.29 | Mem:0.00M, Peak:0.00M | C6420_4N_24SFF_v002_MASTER, ViewLayer | Synchronizing object | Carrier07_EMI_spring_1_3
Fra:22 Mem:291.20M (Peak 291.47M) | Time:00:00.29 | Mem:0.00M, Peak:0.00M | C6420_4N_24SFF_v002_MASTER, ViewLayer | Synchronizing object | Carrier19_EMI_spring_1_2
Fra:22 Mem:291.18M (Peak 291.47M) | Time:00:00.29 | Mem:0.00M, Peak:0.00M | C6420_4N_24SFF_v002_MASTER, ViewLayer | Synchronizing object | Carrier19_EMI_spring_1_1
Fra:22 Mem:291.98M (Peak 291.98M) | Time:00:00.29 | Mem:0.00M, Peak:0.00M | C6420_4N_24SFF_v002_MASTER, ViewLayer | Synchronizing object | Carrier19_EMI_spring_1_0
Fra:22 Mem:292.00M (Peak 292.00M) | Time:00:00.29 | Mem:0.00M, Peak:0.00M | C6420_4N_24SFF_v002_MASTER, ViewLayer | Synchronizing object | Carrier19_EMI_spring_-1_8
Fra:22 Mem:292.01M (Peak 292.01M) | Time:00:00.29 | Mem:0.00M, Peak:0.00M | C6420_4N_24SFF_v002_MASTER, ViewLayer | Synchronizing object | Carrier07_EMI_spring_1_4
Fra:22 Mem:292.06M (Peak 292.06M) | Time:00:00.29 | Mem:0.00M, Peak:0.00M | C6420_4N_24SFF_v002_MASTER, ViewLayer | Synchronizing object | Carrier19_EMI_spring_-1_7
Fra:22 Mem:292.59M (Peak 292.59M) | Time:00:00.30 | Mem:0.00M, Peak:0.00M | C6420_4N_24SFF_v002_MASTER, ViewLayer | Synchronizing object | Carrier19_EMI_spring_-1_6
Fra:22 Mem:292.61M (Peak 292.61M) | Time:00:00.30 | Mem:0.00M, Peak:0.00M | C6420_4N_24SFF_v002_MASTER, ViewLayer | Synchronizing object | Carrier19_EMI_spring_-1_5
Fra:22 Mem:292.62M (Peak 292.62M) | Time:00:00.30 | Mem:0.00M, Peak:0.00M | C6420_4N_24SFF_v002_MASTER, ViewLayer | Synchronizing object | Carrier19_EMI_spring_-1_4
Fra:22 Mem:292.63M (Peak 292.63M) | Time:00:00.30 | Mem:0.00M, Peak:0.00M | C6420_4N_24SFF_v002_MASTER, ViewLayer | Synchronizing object | Carrier19_EMI_spring_-1_3
Fra:22 Mem:292.64M (Peak 292.64M) | Time:00:00.30 | Mem:0.00M, Peak:0.00M | C6420_4N_24SFF_v002_MASTER, ViewLayer | Synchronizing object | Carrier07_EMI_spring_1_5
Fra:22 Mem:292.66M (Peak 292.66M) | Time:00:00.30 | Mem:0.00M, Peak:0.00M | C6420_4N_24SFF_v002_MASTER, ViewLayer | Synchronizing object | Carrier19_EMI_spring_-1_2
Fra:22 Mem:292.66M (Peak 292.66M) | Time:00:00.30 | Mem:0.00M, Peak:0.00M | C6420_4N_24SFF_v002_MASTER, ViewLayer | Synchronizing object | Carrier19_EMI_spring_-1_1
Fra:22 Mem:293.23M (Peak 293.23M) | Time:00:00.30 | Mem:0.00M, Peak:0.00M | C6420_4N_24SFF_v002_MASTER, ViewLayer | Synchronizing object | Carrier19_EMI_spring_-1_0
Fra:22 Mem:293.25M (Peak 293.25M) | Time:00:00.30 | Mem:0.00M, Peak:0.00M | C6420_4N_24SFF_v002_MASTER, ViewLayer | Synchronizing object | Carrier07_EMI_spring_1_6
Fra:22 Mem:293.26M (Peak 293.26M) | Time:00:00.30 | Mem:0.00M, Peak:0.00M | C6420_4N_24SFF_v002_MASTER, ViewLayer | Synchronizing object | Carrier07_EMI_spring_1_7
Fra:22 Mem:293.27M (Peak 293.27M) | Time:00:00.30 | Mem:0.00M, Peak:0.00M | C6420_4N_24SFF_v002_MASTER, ViewLayer | Synchronizing object | Carrier08_activity_symbol
Fra:22 Mem:293.54M (Peak 293.54M) | Time:00:00.30 | Mem:0.00M, Peak:0.00M | C6420_4N_24SFF_v002_MASTER, ViewLayer | Synchronizing object | Carrier08_EMI_spring_-1_0
Fra:22 Mem:293.57M (Peak 293.57M) | Time:00:00.30 | Mem:0.00M, Peak:0.00M | C6420_4N_24SFF_v002_MASTER, ViewLayer | Synchronizing object | Carrier19_activity_symbol
Fra:22 Mem:295.86M (Peak 295.86M) | Time:00:00.30 | Mem:0.00M, Peak:0.00M | C6420_4N_24SFF_v002_MASTER, ViewLayer | Synchronizing object | Carrier19_hinge_return_spring
Fra:22 Mem:296.31M (Peak 296.31M) | Time:00:00.30 | Mem:0.00M, Peak:0.00M | C6420_4N_24SFF_v002_MASTER, ViewLayer | Synchronizing object | Carrier08_EMI_spring_-1_1
Fra:22 Mem:296.34M (Peak 296.34M) | Time:00:00.30 | Mem:0.00M, Peak:0.00M | C6420_4N_24SFF_v002_MASTER, ViewLayer | Synchronizing object | Carrier08_EMI_spring_-1_2
Fra:22 Mem:297.11M (Peak 297.11M) | Time:00:00.30 | Mem:0.00M, Peak:0.00M | C6420_4N_24SFF_v002_MASTER, ViewLayer | Synchronizing object | Carrier08_EMI_spring_-1_3
Fra:22 Mem:297.13M (Peak 297.13M) | Time:00:00.30 | Mem:0.00M, Peak:0.00M | C6420_4N_24SFF_v002_MASTER, ViewLayer | Synchronizing object | Carrier08_EMI_spring_-1_4
Fra:22 Mem:297.14M (Peak 297.14M) | Time:00:00.30 | Mem:0.00M, Peak:0.00M | C6420_4N_24SFF_v002_MASTER, ViewLayer | Synchronizing object | Carrier08_EMI_spring_-1_5
Fra:22 Mem:297.24M (Peak 297.24M) | Time:00:00.30 | Mem:0.00M, Peak:0.00M | C6420_4N_24SFF_v002_MASTER, ViewLayer | Synchronizing object | Carrier08_EMI_spring_-1_6
Fra:22 Mem:297.23M (Peak 297.24M) | Time:00:00.30 | Mem:0.00M, Peak:0.00M | C6420_4N_24SFF_v002_MASTER, ViewLayer | Synchronizing object | Carrier08_EMI_spring_-1_7
Fra:22 Mem:297.05M (Peak 297.24M) | Time:00:00.30 | Mem:0.00M, Peak:0.00M | C6420_4N_24SFF_v002_MASTER, ViewLayer | Synchronizing object | Carrier08_EMI_spring_-1_8
Fra:22 Mem:297.11M (Peak 297.24M) | Time:00:00.30 | Mem:0.00M, Peak:0.00M | C6420_4N_24SFF_v002_MASTER, ViewLayer | Synchronizing object | Carrier08_EMI_spring_1_0
Fra:22 Mem:298.01M (Peak 298.01M) | Time:00:00.30 | Mem:0.00M, Peak:0.00M | C6420_4N_24SFF_v002_MASTER, ViewLayer | Synchronizing object | Carrier08_EMI_spring_1_1
Fra:22 Mem:298.02M (Peak 298.02M) | Time:00:00.30 | Mem:0.00M, Peak:0.00M | C6420_4N_24SFF_v002_MASTER, ViewLayer | Synchronizing object | Carrier18_EMI_spring_1_8
Fra:22 Mem:298.03M (Peak 298.03M) | Time:00:00.30 | Mem:0.00M, Peak:0.00M | C6420_4N_24SFF_v002_MASTER, ViewLayer | Synchronizing object | Carrier08_EMI_spring_1_2
Fra:22 Mem:298.04M (Peak 298.04M) | Time:00:00.30 | Mem:0.00M, Peak:0.00M | C6420_4N_24SFF_v002_MASTER, ViewLayer | Synchronizing object | Carrier08_EMI_spring_1_3
Fra:22 Mem:298.05M (Peak 298.05M) | Time:00:00.30 | Mem:0.00M, Peak:0.00M | C6420_4N_24SFF_v002_MASTER, ViewLayer | Synchronizing object | Carrier08_EMI_spring_1_4
Fra:22 Mem:298.07M (Peak 298.07M) | Time:00:00.30 | Mem:0.00M, Peak:0.00M | C6420_4N_24SFF_v002_MASTER, ViewLayer | Synchronizing object | Carrier08_EMI_spring_1_6
Fra:22 Mem:298.62M (Peak 298.62M) | Time:00:00.30 | Mem:0.00M, Peak:0.00M | C6420_4N_24SFF_v002_MASTER, ViewLayer | Synchronizing object | Carrier18_EMI_spring_1_7
Fra:22 Mem:298.66M (Peak 298.66M) | Time:00:00.30 | Mem:0.00M, Peak:0.00M | C6420_4N_24SFF_v002_MASTER, ViewLayer | Synchronizing object | Carrier08_EMI_spring_1_7
Fra:22 Mem:298.70M (Peak 298.70M) | Time:00:00.30 | Mem:0.00M, Peak:0.00M | C6420_4N_24SFF_v002_MASTER, ViewLayer | Synchronizing object | Carrier08_EMI_spring_1_8
Fra:22 Mem:298.96M (Peak 298.95M) | Time:00:00.30 | Mem:0.00M, Peak:0.00M | C6420_4N_24SFF_v002_MASTER, ViewLayer | Synchronizing object | Carrier09_hinge_return_spring
Fra:22 Mem:298.98M (Peak 298.98M) | Time:00:00.30 | Mem:0.00M, Peak:0.00M | C6420_4N_24SFF_v002_MASTER, ViewLayer | Synchronizing object | Carrier18_EMI_spring_1_6
Fra:22 Mem:299.51M (Peak 299.51M) | Time:00:00.30 | Mem:0.00M, Peak:0.00M | C6420_4N_24SFF_v002_MASTER, ViewLayer | Synchronizing object | Carrier09_EMI_spring_-1_0
Fra:22 Mem:301.77M (Peak 301.77M) | Time:00:00.30 | Mem:0.00M, Peak:0.00M | C6420_4N_24SFF_v002_MASTER, ViewLayer | Synchronizing object | Carrier09_EMI_spring_-1_1
Fra:22 Mem:302.39M (Peak 302.39M) | Time:00:00.30 | Mem:0.00M, Peak:0.00M | C6420_4N_24SFF_v002_MASTER, ViewLayer | Synchronizing object | Carrier18_EMI_spring_1_5
Fra:22 Mem:302.38M (Peak 302.39M) | Time:00:00.30 | Mem:0.00M, Peak:0.00M | C6420_4N_24SFF_v002_MASTER, ViewLayer | Synchronizing object | Carrier09_EMI_spring_-1_2
Fra:22 Mem:302.44M (Peak 302.44M) | Time:00:00.30 | Mem:0.00M, Peak:0.00M | C6420_4N_24SFF_v002_MASTER, ViewLayer | Synchronizing object | Carrier18_EMI_spring_1_4
Fra:22 Mem:302.67M (Peak 302.67M) | Time:00:00.30 | Mem:0.00M, Peak:0.00M | C6420_4N_24SFF_v002_MASTER, ViewLayer | Synchronizing object | Carrier18_EMI_spring_1_3
Fra:22 Mem:302.46M (Peak 302.67M) | Time:00:00.30 | Mem:0.00M, Peak:0.00M | C6420_4N_24SFF_v002_MASTER, ViewLayer | Synchronizing object | Carrier18_EMI_spring_1_2
Fra:22 Mem:302.71M (Peak 302.71M) | Time:00:00.30 | Mem:0.00M, Peak:0.00M | C6420_4N_24SFF_v002_MASTER, ViewLayer | Synchronizing object | Carrier18_EMI_spring_1_1
Fra:22 Mem:302.87M (Peak 302.87M) | Time:00:00.30 | Mem:0.00M, Peak:0.00M | C6420_4N_24SFF_v002_MASTER, ViewLayer | Synchronizing object | Carrier18_EMI_spring_1_0
Fra:22 Mem:300.12M (Peak 302.87M) | Time:00:00.30 | Mem:0.00M, Peak:0.00M | C6420_4N_24SFF_v002_MASTER, ViewLayer | Synchronizing object | Carrier09_EMI_spring_-1_3
Fra:22 Mem:300.13M (Peak 302.87M) | Time:00:00.30 | Mem:0.00M, Peak:0.00M | C6420_4N_24SFF_v002_MASTER, ViewLayer | Synchronizing object | Carrier18_EMI_spring_-1_8
Fra:22 Mem:300.14M (Peak 302.87M) | Time:00:00.30 | Mem:0.00M, Peak:0.00M | C6420_4N_24SFF_v002_MASTER, ViewLayer | Synchronizing object | Carrier18_EMI_spring_-1_7
Fra:22 Mem:300.07M (Peak 302.87M) | Time:00:00.30 | Mem:0.00M, Peak:0.00M | C6420_4N_24SFF_v002_MASTER, ViewLayer | Synchronizing object | Carrier18_EMI_spring_-1_6
Fra:22 Mem:300.08M (Peak 302.87M) | Time:00:00.30 | Mem:0.00M, Peak:0.00M | C6420_4N_24SFF_v002_MASTER, ViewLayer | Synchronizing object | Carrier18_EMI_spring_-1_5
Fra:22 Mem:299.99M (Peak 302.87M) | Time:00:00.30 | Mem:0.00M, Peak:0.00M | C6420_4N_24SFF_v002_MASTER, ViewLayer | Synchronizing object | Carrier18_EMI_spring_-1_4
Fra:22 Mem:299.99M (Peak 302.87M) | Time:00:00.30 | Mem:0.00M, Peak:0.00M | C6420_4N_24SFF_v002_MASTER, ViewLayer | Synchronizing object | Carrier09_EMI_spring_-1_4
Fra:22 Mem:300.05M (Peak 302.87M) | Time:00:00.30 | Mem:0.00M, Peak:0.00M | C6420_4N_24SFF_v002_MASTER, ViewLayer | Synchronizing object | Carrier18_EMI_spring_-1_3
Fra:22 Mem:300.57M (Peak 302.87M) | Time:00:00.30 | Mem:0.00M, Peak:0.00M | C6420_4N_24SFF_v002_MASTER, ViewLayer | Synchronizing object | Carrier09_EMI_spring_-1_5
Fra:22 Mem:300.58M (Peak 302.87M) | Time:00:00.30 | Mem:0.00M, Peak:0.00M | C6420_4N_24SFF_v002_MASTER, ViewLayer | Synchronizing object | Carrier09_EMI_spring_-1_8
Fra:22 Mem:301.81M (Peak 302.87M) | Time:00:00.30 | Mem:0.00M, Peak:0.00M | C6420_4N_24SFF_v002_MASTER, ViewLayer | Synchronizing object | Carrier09_EMI_spring_1_1
Fra:22 Mem:302.97M (Peak 302.97M) | Time:00:00.30 | Mem:0.00M, Peak:0.00M | C6420_4N_24SFF_v002_MASTER, ViewLayer | Synchronizing object | Carrier18_EMI_spring_-1_2
Fra:22 Mem:302.99M (Peak 302.99M) | Time:00:00.30 | Mem:0.00M, Peak:0.00M | C6420_4N_24SFF_v002_MASTER, ViewLayer | Synchronizing object | Carrier09_EMI_spring_1_2
Fra:22 Mem:303.02M (Peak 303.02M) | Time:00:00.30 | Mem:0.00M, Peak:0.00M | C6420_4N_24SFF_v002_MASTER, ViewLayer | Synchronizing object | Carrier09_EMI_spring_1_3
Fra:22 Mem:303.03M (Peak 303.03M) | Time:00:00.30 | Mem:0.00M, Peak:0.00M | C6420_4N_24SFF_v002_MASTER, ViewLayer | Synchronizing object | Carrier18_EMI_spring_-1_1
Fra:22 Mem:303.07M (Peak 303.07M) | Time:00:00.30 | Mem:0.00M, Peak:0.00M | C6420_4N_24SFF_v002_MASTER, ViewLayer | Synchronizing object | Carrier09_EMI_spring_1_4
Fra:22 Mem:303.08M (Peak 303.08M) | Time:00:00.30 | Mem:0.00M, Peak:0.00M | C6420_4N_24SFF_v002_MASTER, ViewLayer | Synchronizing object | Carrier09_EMI_spring_1_5
Fra:22 Mem:303.07M (Peak 303.08M) | Time:00:00.30 | Mem:0.00M, Peak:0.00M | C6420_4N_24SFF_v002_MASTER, ViewLayer | Synchronizing object | Carrier09_EMI_spring_1_6
Fra:22 Mem:303.08M (Peak 303.08M) | Time:00:00.30 | Mem:0.00M, Peak:0.00M | C6420_4N_24SFF_v002_MASTER, ViewLayer | Synchronizing object | Carrier09_EMI_spring_1_7
Fra:22 Mem:303.10M (Peak 303.10M) | Time:00:00.30 | Mem:0.00M, Peak:0.00M | C6420_4N_24SFF_v002_MASTER, ViewLayer | Synchronizing object | Carrier18_EMI_spring_-1_0
Fra:22 Mem:302.67M (Peak 303.10M) | Time:00:00.30 | Mem:0.00M, Peak:0.00M | C6420_4N_24SFF_v002_MASTER, ViewLayer | Synchronizing object | Carrier10_EMI_spring_-1_0
Fra:22 Mem:303.82M (Peak 303.82M) | Time:00:00.30 | Mem:0.00M, Peak:0.00M | C6420_4N_24SFF_v002_MASTER, ViewLayer | Synchronizing object | Carrier10_EMI_spring_-1_1
Fra:22 Mem:304.24M (Peak 304.24M) | Time:00:00.30 | Mem:0.00M, Peak:0.00M | C6420_4N_24SFF_v002_MASTER, ViewLayer | Synchronizing object | Carrier10_EMI_spring_-1_2
Fra:22 Mem:304.25M (Peak 304.25M) | Time:00:00.30 | Mem:0.00M, Peak:0.00M | C6420_4N_24SFF_v002_MASTER, ViewLayer | Synchronizing object | Carrier10_EMI_spring_-1_3
Fra:22 Mem:304.26M (Peak 304.26M) | Time:00:00.30 | Mem:0.00M, Peak:0.00M | C6420_4N_24SFF_v002_MASTER, ViewLayer | Synchronizing object | Carrier10_EMI_spring_-1_4
Fra:22 Mem:304.24M (Peak 304.26M) | Time:00:00.30 | Mem:0.00M, Peak:0.00M | C6420_4N_24SFF_v002_MASTER, ViewLayer | Synchronizing object | Carrier10_EMI_spring_-1_5
Fra:22 Mem:304.09M (Peak 304.26M) | Time:00:00.30 | Mem:0.00M, Peak:0.00M | C6420_4N_24SFF_v002_MASTER, ViewLayer | Synchronizing object | Carrier10_EMI_spring_-1_6
Fra:22 Mem:304.15M (Peak 304.26M) | Time:00:00.30 | Mem:0.00M, Peak:0.00M | C6420_4N_24SFF_v002_MASTER, ViewLayer | Synchronizing object | Carrier10_EMI_spring_-1_7
Fra:22 Mem:304.13M (Peak 304.26M) | Time:00:00.30 | Mem:0.00M, Peak:0.00M | C6420_4N_24SFF_v002_MASTER, ViewLayer | Synchronizing object | Carrier10_EMI_spring_1_0
Fra:22 Mem:304.13M (Peak 304.26M) | Time:00:00.30 | Mem:0.00M, Peak:0.00M | C6420_4N_24SFF_v002_MASTER, ViewLayer | Synchronizing object | Carrier18_hinge_return_spring
Fra:22 Mem:304.12M (Peak 304.26M) | Time:00:00.30 | Mem:0.00M, Peak:0.00M | C6420_4N_24SFF_v002_MASTER, ViewLayer | Synchronizing object | Carrier10_EMI_spring_1_1
Fra:22 Mem:303.62M (Peak 304.26M) | Time:00:00.30 | Mem:0.00M, Peak:0.00M | C6420_4N_24SFF_v002_MASTER, ViewLayer | Synchronizing object | Carrier10_EMI_spring_1_2
Fra:22 Mem:301.08M (Peak 304.26M) | Time:00:00.30 | Mem:0.00M, Peak:0.00M | C6420_4N_24SFF_v002_MASTER, ViewLayer | Synchronizing object | Carrier10_EMI_spring_1_3
Fra:22 Mem:301.16M (Peak 304.26M) | Time:00:00.30 | Mem:0.00M, Peak:0.00M | C6420_4N_24SFF_v002_MASTER, ViewLayer | Synchronizing object | Carrier10_EMI_spring_1_4
Fra:22 Mem:301.53M (Peak 304.26M) | Time:00:00.30 | Mem:0.00M, Peak:0.00M | C6420_4N_24SFF_v002_MASTER, ViewLayer | Synchronizing object | Carrier10_EMI_spring_1_5
Fra:22 Mem:301.53M (Peak 304.26M) | Time:00:00.30 | Mem:0.00M, Peak:0.00M | C6420_4N_24SFF_v002_MASTER, ViewLayer | Synchronizing object | Carrier10_EMI_spring_1_6
Fra:22 Mem:302.77M (Peak 304.26M) | Time:00:00.30 | Mem:0.00M, Peak:0.00M | C6420_4N_24SFF_v002_MASTER, ViewLayer | Synchronizing object | Carrier11_hinge_return_spring
Fra:22 Mem:302.78M (Peak 304.26M) | Time:00:00.30 | Mem:0.00M, Peak:0.00M | C6420_4N_24SFF_v002_MASTER, ViewLayer | Synchronizing object | Carrier11_activity_symbol
Fra:22 Mem:300.26M (Peak 304.26M) | Time:00:00.30 | Mem:0.00M, Peak:0.00M | C6420_4N_24SFF_v002_MASTER, ViewLayer | Synchronizing object | Carrier11_EMI_spring_-1_0
Fra:22 Mem:301.40M (Peak 304.26M) | Time:00:00.30 | Mem:0.00M, Peak:0.00M | C6420_4N_24SFF_v002_MASTER, ViewLayer | Synchronizing object | Carrier11_EMI_spring_-1_1
Fra:22 Mem:301.41M (Peak 304.26M) | Time:00:00.30 | Mem:0.00M, Peak:0.00M | C6420_4N_24SFF_v002_MASTER, ViewLayer | Synchronizing object | Carrier11_EMI_spring_-1_2
Fra:22 Mem:301.33M (Peak 304.26M) | Time:00:00.30 | Mem:0.00M, Peak:0.00M | C6420_4N_24SFF_v002_MASTER, ViewLayer | Synchronizing object | Carrier11_EMI_spring_-1_3
Fra:22 Mem:301.91M (Peak 304.26M) | Time:00:00.30 | Mem:0.00M, Peak:0.00M | C6420_4N_24SFF_v002_MASTER, ViewLayer | Synchronizing object | Carrier11_EMI_spring_-1_4
Fra:22 Mem:302.97M (Peak 304.26M) | Time:00:00.30 | Mem:0.00M, Peak:0.00M | C6420_4N_24SFF_v002_MASTER, ViewLayer | Synchronizing object | Carrier11_EMI_spring_-1_5
Fra:22 Mem:303.75M (Peak 304.26M) | Time:00:00.30 | Mem:0.00M, Peak:0.00M | C6420_4N_24SFF_v002_MASTER, ViewLayer | Synchronizing object | Carrier11_EMI_spring_-1_6
Fra:22 Mem:303.81M (Peak 304.26M) | Time:00:00.30 | Mem:0.00M, Peak:0.00M | C6420_4N_24SFF_v002_MASTER, ViewLayer | Synchronizing object | Carrier11_EMI_spring_-1_7
Fra:22 Mem:303.84M (Peak 304.26M) | Time:00:00.30 | Mem:0.00M, Peak:0.00M | C6420_4N_24SFF_v002_MASTER, ViewLayer | Synchronizing object | Carrier11_EMI_spring_-1_8
Fra:22 Mem:304.93M (Peak 304.93M) | Time:00:00.30 | Mem:0.00M, Peak:0.00M | C6420_4N_24SFF_v002_MASTER, ViewLayer | Synchronizing object | Carrier11_EMI_spring_1_0
Fra:22 Mem:304.92M (Peak 304.93M) | Time:00:00.30 | Mem:0.00M, Peak:0.00M | C6420_4N_24SFF_v002_MASTER, ViewLayer | Synchronizing object | Carrier11_EMI_spring_1_1
Fra:22 Mem:304.86M (Peak 304.93M) | Time:00:00.30 | Mem:0.00M, Peak:0.00M | C6420_4N_24SFF_v002_MASTER, ViewLayer | Synchronizing object | Carrier11_EMI_spring_1_3
Fra:22 Mem:304.83M (Peak 304.93M) | Time:00:00.30 | Mem:0.00M, Peak:0.00M | C6420_4N_24SFF_v002_MASTER, ViewLayer | Synchronizing object | Carrier17_EMI_spring_1_8
Fra:22 Mem:304.88M (Peak 304.93M) | Time:00:00.30 | Mem:0.00M, Peak:0.00M | C6420_4N_24SFF_v002_MASTER, ViewLayer | Synchronizing object | Carrier11_EMI_spring_1_4
Fra:22 Mem:305.11M (Peak 305.11M) | Time:00:00.30 | Mem:0.00M, Peak:0.00M | C6420_4N_24SFF_v002_MASTER, ViewLayer | Synchronizing object | Carrier11_EMI_spring_1_5
Fra:22 Mem:305.10M (Peak 305.11M) | Time:00:00.30 | Mem:0.00M, Peak:0.00M | C6420_4N_24SFF_v002_MASTER, ViewLayer | Synchronizing object | Carrier11_EMI_spring_1_6
Fra:22 Mem:305.10M (Peak 305.11M) | Time:00:00.30 | Mem:0.00M, Peak:0.00M | C6420_4N_24SFF_v002_MASTER, ViewLayer | Synchronizing object | Carrier17_EMI_spring_1_7
Fra:22 Mem:305.60M (Peak 305.60M) | Time:00:00.30 | Mem:0.00M, Peak:0.00M | C6420_4N_24SFF_v002_MASTER, ViewLayer | Synchronizing object | Carrier11_EMI_spring_1_7
Fra:22 Mem:305.63M (Peak 305.63M) | Time:00:00.30 | Mem:0.00M, Peak:0.00M | C6420_4N_24SFF_v002_MASTER, ViewLayer | Synchronizing object | Carrier11_EMI_spring_1_8
Fra:22 Mem:305.64M (Peak 305.64M) | Time:00:00.30 | Mem:0.00M, Peak:0.00M | C6420_4N_24SFF_v002_MASTER, ViewLayer | Synchronizing object | Carrier12_hinge_return_spring
Fra:22 Mem:305.64M (Peak 305.64M) | Time:00:00.30 | Mem:0.00M, Peak:0.00M | C6420_4N_24SFF_v002_MASTER, ViewLayer | Synchronizing object | Carrier17_EMI_spring_1_6
Fra:22 Mem:305.70M (Peak 305.70M) | Time:00:00.30 | Mem:0.00M, Peak:0.00M | C6420_4N_24SFF_v002_MASTER, ViewLayer | Synchronizing object | Carrier12_activity_symbol
Fra:22 Mem:305.69M (Peak 305.70M) | Time:00:00.30 | Mem:0.00M, Peak:0.00M | C6420_4N_24SFF_v002_MASTER, ViewLayer | Synchronizing object | Carrier12_EMI_spring_-1_0
Fra:22 Mem:305.72M (Peak 305.72M) | Time:00:00.30 | Mem:0.00M, Peak:0.00M | C6420_4N_24SFF_v002_MASTER, ViewLayer | Synchronizing object | Carrier12_EMI_spring_-1_1
Fra:22 Mem:305.73M (Peak 305.73M) | Time:00:00.30 | Mem:0.00M, Peak:0.00M | C6420_4N_24SFF_v002_MASTER, ViewLayer | Synchronizing object | Carrier12_EMI_spring_-1_2
Fra:22 Mem:305.73M (Peak 305.73M) | Time:00:00.30 | Mem:0.00M, Peak:0.00M | C6420_4N_24SFF_v002_MASTER, ViewLayer | Synchronizing object | Carrier17_EMI_spring_1_5
Fra:22 Mem:305.75M (Peak 305.76M) | Time:00:00.30 | Mem:0.00M, Peak:0.00M | C6420_4N_24SFF_v002_MASTER, ViewLayer | Synchronizing object | Carrier12_EMI_spring_-1_3
Fra:22 Mem:305.69M (Peak 305.76M) | Time:00:00.30 | Mem:0.00M, Peak:0.00M | C6420_4N_24SFF_v002_MASTER, ViewLayer | Synchronizing object | Carrier12_EMI_spring_-1_4
Fra:22 Mem:305.68M (Peak 305.76M) | Time:00:00.30 | Mem:0.00M, Peak:0.00M | C6420_4N_24SFF_v002_MASTER, ViewLayer | Synchronizing object | Carrier17_EMI_spring_1_4
Fra:22 Mem:305.65M (Peak 305.76M) | Time:00:00.30 | Mem:0.00M, Peak:0.00M | C6420_4N_24SFF_v002_MASTER, ViewLayer | Synchronizing object | Carrier12_EMI_spring_-1_5
Fra:22 Mem:305.67M (Peak 305.76M) | Time:00:00.30 | Mem:0.00M, Peak:0.00M | C6420_4N_24SFF_v002_MASTER, ViewLayer | Synchronizing object | Carrier12_EMI_spring_-1_6
Fra:22 Mem:305.73M (Peak 305.76M) | Time:00:00.30 | Mem:0.00M, Peak:0.00M | C6420_4N_24SFF_v002_MASTER, ViewLayer | Synchronizing object | Carrier12_EMI_spring_-1_7
Fra:22 Mem:305.76M (Peak 305.76M) | Time:00:00.30 | Mem:0.00M, Peak:0.00M | C6420_4N_24SFF_v002_MASTER, ViewLayer | Synchronizing object | Carrier12_EMI_spring_-1_8
Fra:22 Mem:305.76M (Peak 305.76M) | Time:00:00.30 | Mem:0.00M, Peak:0.00M | C6420_4N_24SFF_v002_MASTER, ViewLayer | Synchronizing object | Carrier12_EMI_spring_1_0
Fra:22 Mem:305.77M (Peak 305.77M) | Time:00:00.30 | Mem:0.00M, Peak:0.00M | C6420_4N_24SFF_v002_MASTER, ViewLayer | Synchronizing object | Carrier17_EMI_spring_1_3
Fra:22 Mem:305.81M (Peak 305.81M) | Time:00:00.30 | Mem:0.00M, Peak:0.00M | C6420_4N_24SFF_v002_MASTER, ViewLayer | Synchronizing object | Carrier12_EMI_spring_1_1
Fra:22 Mem:306.85M (Peak 306.85M) | Time:00:00.30 | Mem:0.00M, Peak:0.00M | C6420_4N_24SFF_v002_MASTER, ViewLayer | Synchronizing object | Carrier12_EMI_spring_1_4
Fra:22 Mem:306.84M (Peak 306.85M) | Time:00:00.30 | Mem:0.00M, Peak:0.00M | C6420_4N_24SFF_v002_MASTER, ViewLayer | Synchronizing object | Carrier12_EMI_spring_1_5
Fra:22 Mem:306.85M (Peak 306.85M) | Time:00:00.30 | Mem:0.00M, Peak:0.00M | C6420_4N_24SFF_v002_MASTER, ViewLayer | Synchronizing object | Carrier17_EMI_spring_1_2
Fra:22 Mem:306.93M (Peak 306.93M) | Time:00:00.30 | Mem:0.00M, Peak:0.00M | C6420_4N_24SFF_v002_MASTER, ViewLayer | Synchronizing object | Carrier12_EMI_spring_1_6
Fra:22 Mem:306.91M (Peak 306.93M) | Time:00:00.30 | Mem:0.00M, Peak:0.00M | C6420_4N_24SFF_v002_MASTER, ViewLayer | Synchronizing object | Carrier17_EMI_spring_1_1
Fra:22 Mem:306.92M (Peak 306.93M) | Time:00:00.30 | Mem:0.00M, Peak:0.00M | C6420_4N_24SFF_v002_MASTER, ViewLayer | Synchronizing object | Carrier12_EMI_spring_1_8
Fra:22 Mem:306.95M (Peak 306.95M) | Time:00:00.30 | Mem:0.00M, Peak:0.00M | C6420_4N_24SFF_v002_MASTER, ViewLayer | Synchronizing object | Carrier13_hinge_return_spring
Fra:22 Mem:309.14M (Peak 309.14M) | Time:00:00.30 | Mem:0.00M, Peak:0.00M | C6420_4N_24SFF_v002_MASTER, ViewLayer | Synchronizing object | Carrier13_activity_symbol
Fra:22 Mem:309.22M (Peak 309.22M) | Time:00:00.30 | Mem:0.00M, Peak:0.00M | C6420_4N_24SFF_v002_MASTER, ViewLayer | Synchronizing object | Carrier17_EMI_spring_1_0
Fra:22 Mem:309.27M (Peak 309.27M) | Time:00:00.30 | Mem:0.00M, Peak:0.00M | C6420_4N_24SFF_v002_MASTER, ViewLayer | Synchronizing object | Carrier13_EMI_spring_-1_0
Fra:22 Mem:309.26M (Peak 309.27M) | Time:00:00.30 | Mem:0.00M, Peak:0.00M | C6420_4N_24SFF_v002_MASTER, ViewLayer | Synchronizing object | Carrier13_EMI_spring_-1_1
Fra:22 Mem:309.27M (Peak 309.27M) | Time:00:00.30 | Mem:0.00M, Peak:0.00M | C6420_4N_24SFF_v002_MASTER, ViewLayer | Synchronizing object | Carrier13_EMI_spring_-1_2
Fra:22 Mem:309.28M (Peak 309.28M) | Time:00:00.30 | Mem:0.00M, Peak:0.00M | C6420_4N_24SFF_v002_MASTER, ViewLayer | Synchronizing object | Carrier13_EMI_spring_-1_3
Fra:22 Mem:309.77M (Peak 309.77M) | Time:00:00.30 | Mem:0.00M, Peak:0.00M | C6420_4N_24SFF_v002_MASTER, ViewLayer | Synchronizing object | Carrier17_EMI_spring_-1_7
Fra:22 Mem:309.77M (Peak 309.77M) | Time:00:00.30 | Mem:0.00M, Peak:0.00M | C6420_4N_24SFF_v002_MASTER, ViewLayer | Synchronizing object | Carrier13_EMI_spring_-1_4
Fra:22 Mem:309.76M (Peak 309.77M) | Time:00:00.30 | Mem:0.00M, Peak:0.00M | C6420_4N_24SFF_v002_MASTER, ViewLayer | Synchronizing object | Carrier17_EMI_spring_-1_6
Fra:22 Mem:309.85M (Peak 309.85M) | Time:00:00.30 | Mem:0.00M, Peak:0.00M | C6420_4N_24SFF_v002_MASTER, ViewLayer | Synchronizing object | Carrier17_EMI_spring_-1_5
Fra:22 Mem:309.97M (Peak 309.97M) | Time:00:00.30 | Mem:0.00M, Peak:0.00M | C6420_4N_24SFF_v002_MASTER, ViewLayer | Synchronizing object | Carrier17_EMI_spring_-1_4
Fra:22 Mem:311.97M (Peak 312.09M) | Time:00:00.30 | Mem:0.00M, Peak:0.00M | C6420_4N_24SFF_v002_MASTER, ViewLayer | Synchronizing object | Carrier17_EMI_spring_-1_3
Fra:22 Mem:311.99M (Peak 312.09M) | Time:00:00.30 | Mem:0.00M, Peak:0.00M | C6420_4N_24SFF_v002_MASTER, ViewLayer | Synchronizing object | Carrier13_EMI_spring_-1_5
Fra:22 Mem:312.01M (Peak 312.09M) | Time:00:00.30 | Mem:0.00M, Peak:0.00M | C6420_4N_24SFF_v002_MASTER, ViewLayer | Synchronizing object | Carrier13_EMI_spring_-1_6
Fra:22 Mem:312.02M (Peak 312.09M) | Time:00:00.30 | Mem:0.00M, Peak:0.00M | C6420_4N_24SFF_v002_MASTER, ViewLayer | Synchronizing object | Carrier13_EMI_spring_-1_7
Fra:22 Mem:312.01M (Peak 312.09M) | Time:00:00.30 | Mem:0.00M, Peak:0.00M | C6420_4N_24SFF_v002_MASTER, ViewLayer | Synchronizing object | Carrier17_EMI_spring_-1_2
Fra:22 Mem:312.05M (Peak 312.09M) | Time:00:00.30 | Mem:0.00M, Peak:0.00M | C6420_4N_24SFF_v002_MASTER, ViewLayer | Synchronizing object | Carrier13_EMI_spring_-1_8
Fra:22 Mem:312.08M (Peak 312.09M) | Time:00:00.30 | Mem:0.00M, Peak:0.00M | C6420_4N_24SFF_v002_MASTER, ViewLayer | Synchronizing object | Carrier13_EMI_spring_1_0
Fra:22 Mem:312.09M (Peak 312.09M) | Time:00:00.30 | Mem:0.00M, Peak:0.00M | C6420_4N_24SFF_v002_MASTER, ViewLayer | Synchronizing object | Carrier17_EMI_spring_-1_1
Fra:22 Mem:312.69M (Peak 312.69M) | Time:00:00.30 | Mem:0.00M, Peak:0.00M | C6420_4N_24SFF_v002_MASTER, ViewLayer | Synchronizing object | Carrier13_EMI_spring_1_1
Fra:22 Mem:312.71M (Peak 312.71M) | Time:00:00.30 | Mem:0.00M, Peak:0.00M | C6420_4N_24SFF_v002_MASTER, ViewLayer | Synchronizing object | Carrier13_EMI_spring_1_2
Fra:22 Mem:312.71M (Peak 312.71M) | Time:00:00.30 | Mem:0.00M, Peak:0.00M | C6420_4N_24SFF_v002_MASTER, ViewLayer | Synchronizing object | Carrier17_EMI_spring_-1_0
Fra:22 Mem:312.71M (Peak 312.71M) | Time:00:00.30 | Mem:0.00M, Peak:0.00M | C6420_4N_24SFF_v002_MASTER, ViewLayer | Synchronizing object | Carrier13_EMI_spring_1_3
Fra:22 Mem:312.64M (Peak 312.71M) | Time:00:00.31 | Mem:0.00M, Peak:0.00M | C6420_4N_24SFF_v002_MASTER, ViewLayer | Synchronizing object | Carrier13_EMI_spring_1_4
Fra:22 Mem:312.63M (Peak 312.71M) | Time:00:00.31 | Mem:0.00M, Peak:0.00M | C6420_4N_24SFF_v002_MASTER, ViewLayer | Synchronizing object | Carrier17_activity_symbol
Fra:22 Mem:312.64M (Peak 312.71M) | Time:00:00.31 | Mem:0.00M, Peak:0.00M | C6420_4N_24SFF_v002_MASTER, ViewLayer | Synchronizing object | Carrier13_EMI_spring_1_6
Fra:22 Mem:312.22M (Peak 312.71M) | Time:00:00.31 | Mem:0.00M, Peak:0.00M | C6420_4N_24SFF_v002_MASTER, ViewLayer | Synchronizing object | Carrier13_EMI_spring_1_7
Fra:22 Mem:312.23M (Peak 312.71M) | Time:00:00.31 | Mem:0.00M, Peak:0.00M | C6420_4N_24SFF_v002_MASTER, ViewLayer | Synchronizing object | Carrier17_hinge_return_spring
Fra:22 Mem:312.25M (Peak 312.71M) | Time:00:00.31 | Mem:0.00M, Peak:0.00M | C6420_4N_24SFF_v002_MASTER, ViewLayer | Synchronizing object | Carrier13_EMI_spring_1_8
Fra:22 Mem:312.69M (Peak 312.71M) | Time:00:00.31 | Mem:0.00M, Peak:0.00M | C6420_4N_24SFF_v002_MASTER, ViewLayer | Synchronizing object | Carrier14_hinge_return_spring
Fra:22 Mem:312.55M (Peak 312.71M) | Time:00:00.31 | Mem:0.00M, Peak:0.00M | C6420_4N_24SFF_v002_MASTER, ViewLayer | Synchronizing object | Carrier14_activity_symbol
Fra:22 Mem:312.58M (Peak 312.71M) | Time:00:00.31 | Mem:0.00M, Peak:0.00M | C6420_4N_24SFF_v002_MASTER, ViewLayer | Synchronizing object | Carrier14_EMI_spring_-1_0
Fra:22 Mem:312.63M (Peak 312.71M) | Time:00:00.31 | Mem:0.00M, Peak:0.00M | C6420_4N_24SFF_v002_MASTER, ViewLayer | Synchronizing object | Carrier14_EMI_spring_-1_1
Fra:22 Mem:311.71M (Peak 312.71M) | Time:00:00.31 | Mem:0.00M, Peak:0.00M | C6420_4N_24SFF_v002_MASTER, ViewLayer | Synchronizing object | Carrier14_EMI_spring_-1_2
Fra:22 Mem:312.20M (Peak 312.71M) | Time:00:00.31 | Mem:0.00M, Peak:0.00M | C6420_4N_24SFF_v002_MASTER, ViewLayer | Synchronizing object | Carrier14_EMI_spring_-1_3
Fra:22 Mem:313.17M (Peak 313.17M) | Time:00:00.31 | Mem:0.00M, Peak:0.00M | C6420_4N_24SFF_v002_MASTER, ViewLayer | Synchronizing object | Carrier14_EMI_spring_-1_4
Fra:22 Mem:313.17M (Peak 313.17M) | Time:00:00.31 | Mem:0.00M, Peak:0.00M | C6420_4N_24SFF_v002_MASTER, ViewLayer | Synchronizing object | Carrier14_EMI_spring_-1_5
Fra:22 Mem:313.66M (Peak 313.66M) | Time:00:00.31 | Mem:0.00M, Peak:0.00M | C6420_4N_24SFF_v002_MASTER, ViewLayer | Synchronizing object | Carrier14_EMI_spring_-1_6
Fra:22 Mem:313.66M (Peak 313.66M) | Time:00:00.31 | Mem:0.00M, Peak:0.00M | C6420_4N_24SFF_v002_MASTER, ViewLayer | Synchronizing object | Carrier14_EMI_spring_-1_7
Fra:22 Mem:314.21M (Peak 314.21M) | Time:00:00.31 | Mem:0.00M, Peak:0.00M | C6420_4N_24SFF_v002_MASTER, ViewLayer | Synchronizing object | Carrier14_EMI_spring_-1_8
Fra:22 Mem:314.22M (Peak 314.22M) | Time:00:00.31 | Mem:0.00M, Peak:0.00M | C6420_4N_24SFF_v002_MASTER, ViewLayer | Synchronizing object | Carrier14_EMI_spring_1_0
Fra:22 Mem:314.26M (Peak 314.26M) | Time:00:00.31 | Mem:0.00M, Peak:0.00M | C6420_4N_24SFF_v002_MASTER, ViewLayer | Synchronizing object | Carrier14_EMI_spring_1_1
Fra:22 Mem:314.26M (Peak 314.26M) | Time:00:00.31 | Mem:0.00M, Peak:0.00M | C6420_4N_24SFF_v002_MASTER, ViewLayer | Synchronizing object | Carrier14_EMI_spring_1_2
Fra:22 Mem:314.30M (Peak 314.30M) | Time:00:00.31 | Mem:0.00M, Peak:0.00M | C6420_4N_24SFF_v002_MASTER, ViewLayer | Synchronizing object | Carrier14_EMI_spring_1_3
Fra:22 Mem:314.29M (Peak 314.30M) | Time:00:00.31 | Mem:0.00M, Peak:0.00M | C6420_4N_24SFF_v002_MASTER, ViewLayer | Synchronizing object | Carrier14_EMI_spring_1_4
Fra:22 Mem:314.29M (Peak 314.30M) | Time:00:00.31 | Mem:0.00M, Peak:0.00M | C6420_4N_24SFF_v002_MASTER, ViewLayer | Synchronizing object | Carrier14_EMI_spring_1_5
Fra:22 Mem:314.31M (Peak 314.31M) | Time:00:00.31 | Mem:0.00M, Peak:0.00M | C6420_4N_24SFF_v002_MASTER, ViewLayer | Synchronizing object | Carrier14_EMI_spring_1_6
Fra:22 Mem:314.25M (Peak 314.31M) | Time:00:00.31 | Mem:0.00M, Peak:0.00M | C6420_4N_24SFF_v002_MASTER, ViewLayer | Synchronizing object | Carrier14_EMI_spring_1_7
Fra:22 Mem:316.34M (Peak 316.36M) | Time:00:00.31 | Mem:0.00M, Peak:0.00M | C6420_4N_24SFF_v002_MASTER, ViewLayer | Synchronizing object | Carrier14_EMI_spring_1_8
Fra:22 Mem:316.24M (Peak 316.36M) | Time:00:00.31 | Mem:0.00M, Peak:0.00M | C6420_4N_24SFF_v002_MASTER, ViewLayer | Synchronizing object | Carrier15_activity_symbol
Fra:22 Mem:316.29M (Peak 316.36M) | Time:00:00.31 | Mem:0.00M, Peak:0.00M | C6420_4N_24SFF_v002_MASTER, ViewLayer | Synchronizing object | Carrier15_EMI_spring_-1_0
Fra:22 Mem:316.27M (Peak 316.36M) | Time:00:00.31 | Mem:0.00M, Peak:0.00M | C6420_4N_24SFF_v002_MASTER, ViewLayer | Synchronizing object | Carrier16_EMI_spring_1_8
Fra:22 Mem:316.35M (Peak 316.36M) | Time:00:00.31 | Mem:0.00M, Peak:0.00M | C6420_4N_24SFF_v002_MASTER, ViewLayer | Synchronizing object | Carrier15_EMI_spring_-1_1
Fra:22 Mem:316.35M (Peak 316.36M) | Time:00:00.31 | Mem:0.00M, Peak:0.00M | C6420_4N_24SFF_v002_MASTER, ViewLayer | Synchronizing object | Carrier15_EMI_spring_-1_2
Fra:22 Mem:316.35M (Peak 316.36M) | Time:00:00.31 | Mem:0.00M, Peak:0.00M | C6420_4N_24SFF_v002_MASTER, ViewLayer | Synchronizing object | Carrier15_EMI_spring_-1_3
Fra:22 Mem:316.41M (Peak 316.41M) | Time:00:00.31 | Mem:0.00M, Peak:0.00M | C6420_4N_24SFF_v002_MASTER, ViewLayer | Synchronizing object | Carrier15_EMI_spring_-1_4
Fra:22 Mem:316.43M (Peak 316.43M) | Time:00:00.31 | Mem:0.00M, Peak:0.00M | C6420_4N_24SFF_v002_MASTER, ViewLayer | Synchronizing object | Carrier16_EMI_spring_1_7
Fra:22 Mem:316.46M (Peak 316.46M) | Time:00:00.31 | Mem:0.00M, Peak:0.00M | C6420_4N_24SFF_v002_MASTER, ViewLayer | Synchronizing object | Carrier15_EMI_spring_-1_5
Fra:22 Mem:316.44M (Peak 316.46M) | Time:00:00.31 | Mem:0.00M, Peak:0.00M | C6420_4N_24SFF_v002_MASTER, ViewLayer | Synchronizing object | Carrier15_EMI_spring_-1_6
Fra:22 Mem:316.45M (Peak 316.46M) | Time:00:00.31 | Mem:0.00M, Peak:0.00M | C6420_4N_24SFF_v002_MASTER, ViewLayer | Synchronizing object | Carrier15_EMI_spring_-1_7
Fra:22 Mem:316.45M (Peak 316.46M) | Time:00:00.31 | Mem:0.00M, Peak:0.00M | C6420_4N_24SFF_v002_MASTER, ViewLayer | Synchronizing object | Carrier15_EMI_spring_-1_8
Fra:22 Mem:316.46M (Peak 316.46M) | Time:00:00.31 | Mem:0.00M, Peak:0.00M | C6420_4N_24SFF_v002_MASTER, ViewLayer | Synchronizing object | Carrier16_EMI_spring_1_6
Fra:22 Mem:316.43M (Peak 316.46M) | Time:00:00.31 | Mem:0.00M, Peak:0.00M | C6420_4N_24SFF_v002_MASTER, ViewLayer | Synchronizing object | Carrier15_EMI_spring_1_0
Fra:22 Mem:316.45M (Peak 316.46M) | Time:00:00.31 | Mem:0.00M, Peak:0.00M | C6420_4N_24SFF_v002_MASTER, ViewLayer | Synchronizing object | Carrier15_EMI_spring_1_2
Fra:22 Mem:316.47M (Peak 316.48M) | Time:00:00.31 | Mem:0.00M, Peak:0.00M | C6420_4N_24SFF_v002_MASTER, ViewLayer | Synchronizing object | Carrier16_EMI_spring_1_5
Fra:22 Mem:316.98M (Peak 316.98M) | Time:00:00.31 | Mem:0.00M, Peak:0.00M | C6420_4N_24SFF_v002_MASTER, ViewLayer | Synchronizing object | Carrier15_EMI_spring_1_3
Fra:22 Mem:317.02M (Peak 317.02M) | Time:00:00.31 | Mem:0.00M, Peak:0.00M | C6420_4N_24SFF_v002_MASTER, ViewLayer | Synchronizing object | Carrier15_EMI_spring_1_4
Fra:22 Mem:316.99M (Peak 317.02M) | Time:00:00.31 | Mem:0.00M, Peak:0.00M | C6420_4N_24SFF_v002_MASTER, ViewLayer | Synchronizing object | Carrier15_EMI_spring_1_5
Fra:22 Mem:317.00M (Peak 317.02M) | Time:00:00.31 | Mem:0.00M, Peak:0.00M | C6420_4N_24SFF_v002_MASTER, ViewLayer | Synchronizing object | Carrier15_EMI_spring_1_7
Fra:22 Mem:317.00M (Peak 317.02M) | Time:00:00.31 | Mem:0.00M, Peak:0.00M | C6420_4N_24SFF_v002_MASTER, ViewLayer | Synchronizing object | Carrier16_EMI_spring_1_4
Fra:22 Mem:317.11M (Peak 317.11M) | Time:00:00.31 | Mem:0.00M, Peak:0.00M | C6420_4N_24SFF_v002_MASTER, ViewLayer | Synchronizing object | Carrier15_EMI_spring_1_8
Fra:22 Mem:317.12M (Peak 317.12M) | Time:00:00.31 | Mem:0.00M, Peak:0.00M | C6420_4N_24SFF_v002_MASTER, ViewLayer | Synchronizing object | Carrier16_hinge_return_spring
Fra:22 Mem:317.08M (Peak 317.12M) | Time:00:00.31 | Mem:0.00M, Peak:0.00M | C6420_4N_24SFF_v002_MASTER, ViewLayer | Synchronizing object | Carrier16_activity_symbol
Fra:22 Mem:317.15M (Peak 317.15M) | Time:00:00.31 | Mem:0.00M, Peak:0.00M | C6420_4N_24SFF_v002_MASTER, ViewLayer | Synchronizing object | Carrier16_EMI_spring_1_3
Fra:22 Mem:317.19M (Peak 317.19M) | Time:00:00.31 | Mem:0.00M, Peak:0.00M | C6420_4N_24SFF_v002_MASTER, ViewLayer | Synchronizing object | Carrier16_EMI_spring_-1_0
Fra:22 Mem:317.35M (Peak 317.35M) | Time:00:00.31 | Mem:0.00M, Peak:0.00M | C6420_4N_24SFF_v002_MASTER, ViewLayer | Synchronizing object | Carrier16_EMI_spring_-1_1
Fra:22 Mem:317.34M (Peak 317.35M) | Time:00:00.31 | Mem:0.00M, Peak:0.00M | C6420_4N_24SFF_v002_MASTER, ViewLayer | Synchronizing object | Carrier16_EMI_spring_-1_2
Fra:22 Mem:317.35M (Peak 317.35M) | Time:00:00.31 | Mem:0.00M, Peak:0.00M | C6420_4N_24SFF_v002_MASTER, ViewLayer | Synchronizing object | Carrier16_EMI_spring_1_2
Fra:22 Mem:317.42M (Peak 317.42M) | Time:00:00.31 | Mem:0.00M, Peak:0.00M | C6420_4N_24SFF_v002_MASTER, ViewLayer | Synchronizing object | Carrier16_EMI_spring_-1_3
Fra:22 Mem:317.42M (Peak 317.42M) | Time:00:00.31 | Mem:0.00M, Peak:0.00M | C6420_4N_24SFF_v002_MASTER, ViewLayer | Synchronizing object | Carrier16_EMI_spring_-1_4
Fra:22 Mem:317.42M (Peak 317.42M) | Time:00:00.31 | Mem:0.00M, Peak:0.00M | C6420_4N_24SFF_v002_MASTER, ViewLayer | Synchronizing object | Carrier16_EMI_spring_1_1
Fra:22 Mem:317.46M (Peak 317.46M) | Time:00:00.31 | Mem:0.00M, Peak:0.00M | C6420_4N_24SFF_v002_MASTER, ViewLayer | Synchronizing object | Carrier16_EMI_spring_-1_6
Fra:22 Mem:317.42M (Peak 317.46M) | Time:00:00.31 | Mem:0.00M, Peak:0.00M | C6420_4N_24SFF_v002_MASTER, ViewLayer | Synchronizing object | Carrier16_EMI_spring_-1_7
Fra:22 Mem:317.42M (Peak 317.46M) | Time:00:00.31 | Mem:0.00M, Peak:0.00M | C6420_4N_24SFF_v002_MASTER, ViewLayer | Synchronizing object | Carrier16_EMI_spring_1_0
Fra:22 Mem:304.85M (Peak 321.12M) | Time:00:00.37 | Mem:0.00M, Peak:0.00M | C6420_4N_24SFF_v002_MASTER, ViewLayer | Initializing
Fra:22 Mem:295.87M (Peak 321.12M) | Time:00:00.38 | Mem:0.00M, Peak:0.00M | C6420_4N_24SFF_v002_MASTER, ViewLayer | Updating Images | Loading nylon-normal.png.001
Fra:22 Mem:295.87M (Peak 321.12M) | Time:00:00.38 | Mem:0.00M, Peak:0.00M | C6420_4N_24SFF_v002_MASTER, ViewLayer | Updating Images | Loading zinc-rough.png.001
Fra:22 Mem:311.87M (Peak 321.12M) | Time:00:00.38 | Mem:0.00M, Peak:0.00M | C6420_4N_24SFF_v002_MASTER, ViewLayer | Updating Images | Loading abs-normal.png
Fra:22 Mem:311.87M (Peak 321.12M) | Time:00:00.38 | Mem:0.00M, Peak:0.00M | C6420_4N_24SFF_v002_MASTER, ViewLayer | Updating Images | Loading abs-base.png.001
Fra:22 Mem:447.89M (Peak 463.89M) | Time:00:00.42 | Mem:8.00M, Peak:8.00M | C6420_4N_24SFF_v002_MASTER, ViewLayer | Updating Images | Loading abs-rough.png.001
Fra:22 Mem:559.92M (Peak 559.93M) | Time:00:00.50 | Mem:24.00M, Peak:24.00M | C6420_4N_24SFF_v002_MASTER, ViewLayer | Updating Images | Loading abs-normal.png.001
Fra:22 Mem:703.95M (Peak 703.96M) | Time:00:00.53 | Mem:40.00M, Peak:40.00M | C6420_4N_24SFF_v002_MASTER, ViewLayer | Updating Images | Loading dell-emc-official.png.001
Fra:22 Mem:704.30M (Peak 705.00M) | Time:00:00.53 | Mem:40.35M, Peak:40.35M | C6420_4N_24SFF_v002_MASTER, ViewLayer | Updating Images | Loading c6400-official.png.001
Fra:22 Mem:688.57M (Peak 705.00M) | Time:00:00.53 | Mem:40.62M, Peak:40.62M | C6420_4N_24SFF_v002_MASTER, ViewLayer | Updating Images | Loading abacus-clear-service
Fra:22 Mem:680.56M (Peak 705.00M) | Time:00:00.54 | Mem:56.62M, Peak:56.62M | C6420_4N_24SFF_v002_MASTER, ViewLayer | Updating Images | Loading abacus-clear-warning
Fra:22 Mem:714.13M (Peak 717.27M) | Time:00:00.57 | Mem:58.18M, Peak:58.18M | C6420_4N_24SFF_v002_MASTER, ViewLayer | Updating Images | Loading abacus-clear-regulatory
Fra:22 Mem:715.69M (Peak 718.83M) | Time:00:00.59 | Mem:59.74M, Peak:59.74M | C6420_4N_24SFF_v002_MASTER, ViewLayer | Updating Images | Loading nylon-base.png.001
Fra:22 Mem:587.69M (Peak 747.70M) | Time:00:00.61 | Mem:75.74M, Peak:75.74M | C6420_4N_24SFF_v002_MASTER, ViewLayer | Updating Images | Loading nylon-rough.png.001
Fra:22 Mem:469.85M (Peak 747.70M) | Time:00:00.76 | Mem:227.74M, Peak:227.74M | C6420_4N_24SFF_v002_MASTER, ViewLayer | Waiting for render to start
Fra:22 Mem:469.85M (Peak 747.70M) | Time:00:00.76 | Mem:227.74M, Peak:227.74M | C6420_4N_24SFF_v002_MASTER, ViewLayer | Loading render kernels (may take a few minutes the first time)
Fra:22 Mem:469.85M (Peak 747.70M) | Time:00:00.76 | Mem:227.74M, Peak:227.74M | C6420_4N_24SFF_v002_MASTER, ViewLayer | Updating Scene
Fra:22 Mem:469.85M (Peak 747.70M) | Time:00:00.76 | Mem:227.74M, Peak:227.74M | C6420_4N_24SFF_v002_MASTER, ViewLayer | Updating Shaders
Fra:22 Mem:469.95M (Peak 747.70M) | Time:00:00.76 | Mem:227.76M, Peak:227.76M | C6420_4N_24SFF_v002_MASTER, ViewLayer | Updating Procedurals
Fra:22 Mem:469.95M (Peak 747.70M) | Time:00:00.76 | Mem:227.76M, Peak:227.76M | C6420_4N_24SFF_v002_MASTER, ViewLayer | Updating Background
Fra:22 Mem:469.95M (Peak 747.70M) | Time:00:00.76 | Mem:227.76M, Peak:227.76M | C6420_4N_24SFF_v002_MASTER, ViewLayer | Updating Camera
Fra:22 Mem:469.95M (Peak 747.70M) | Time:00:00.76 | Mem:227.76M, Peak:227.76M | C6420_4N_24SFF_v002_MASTER, ViewLayer | Updating Meshes Flags
Fra:22 Mem:469.95M (Peak 747.70M) | Time:00:00.76 | Mem:227.76M, Peak:227.76M | C6420_4N_24SFF_v002_MASTER, ViewLayer | Updating Objects
Fra:22 Mem:469.95M (Peak 747.70M) | Time:00:00.76 | Mem:227.76M, Peak:227.76M | C6420_4N_24SFF_v002_MASTER, ViewLayer | Updating Objects | Copying Transformations to device
Fra:22 Mem:470.43M (Peak 747.70M) | Time:00:00.76 | Mem:228.22M, Peak:228.22M | C6420_4N_24SFF_v002_MASTER, ViewLayer | Updating Objects | Applying Static Transformations
Fra:22 Mem:470.43M (Peak 747.70M) | Time:00:00.76 | Mem:228.22M, Peak:228.22M | C6420_4N_24SFF_v002_MASTER, ViewLayer | Updating Particle Systems
Fra:22 Mem:470.43M (Peak 747.70M) | Time:00:00.76 | Mem:228.22M, Peak:228.22M | C6420_4N_24SFF_v002_MASTER, ViewLayer | Updating Particle Systems | Copying Particles to device
Fra:22 Mem:470.43M (Peak 747.70M) | Time:00:00.76 | Mem:228.22M, Peak:228.22M | C6420_4N_24SFF_v002_MASTER, ViewLayer | Updating Meshes
Fra:22 Mem:477.40M (Peak 747.70M) | Time:00:00.77 | Mem:228.22M, Peak:228.22M | C6420_4N_24SFF_v002_MASTER, ViewLayer | Updating Mesh | Computing attributes
Fra:22 Mem:510.23M (Peak 747.70M) | Time:00:00.81 | Mem:228.33M, Peak:228.33M | C6420_4N_24SFF_v002_MASTER, ViewLayer | Updating Mesh | Copying Attributes to device
Fra:22 Mem:509.91M (Peak 747.70M) | Time:00:00.81 | Mem:260.74M, Peak:260.74M | C6420_4N_24SFF_v002_MASTER, ViewLayer | Updating Geometry BVH Side_upper_inward_return_1_mesh 1/165 | Building BVH
Fra:22 Mem:509.91M (Peak 747.70M) | Time:00:00.81 | Mem:260.74M, Peak:260.74M | C6420_4N_24SFF_v002_MASTER, ViewLayer | Updating Geometry BVH Cover_skirt_screw_1_recessed_head_mesh 4/165 | Building BVH
Fra:22 Mem:509.91M (Peak 747.70M) | Time:00:00.81 | Mem:260.74M, Peak:260.74M | C6420_4N_24SFF_v002_MASTER, ViewLayer | Updating Geometry BVH Side_1_fastener_0_recess_floor_mesh 7/165 | Building BVH
Fra:22 Mem:509.91M (Peak 747.70M) | Time:00:00.81 | Mem:260.74M, Peak:260.74M | C6420_4N_24SFF_v002_MASTER, ViewLayer | Updating Geometry BVH Side_1_fastener_1_recess_floor_mesh 9/165 | Building BVH
Fra:22 Mem:509.91M (Peak 747.70M) | Time:00:00.81 | Mem:260.74M, Peak:260.74M | C6420_4N_24SFF_v002_MASTER, ViewLayer | Updating Geometry BVH Side_1_fastener_1_recessed_head_mesh 8/165 | Building BVH
Fra:22 Mem:509.91M (Peak 747.70M) | Time:00:00.81 | Mem:260.75M, Peak:260.75M | C6420_4N_24SFF_v002_MASTER, ViewLayer | Updating Geometry BVH PSU1_efficiency_exact_letters_font 165/165 | Building BVH
Fra:22 Mem:509.91M (Peak 747.70M) | Time:00:00.81 | Mem:260.80M, Peak:260.80M | C6420_4N_24SFF_v002_MASTER, ViewLayer | Updating Geometry BVH PSU1_efficiency_exact_letters_font 165/165 | Building BVH 0%
Fra:22 Mem:509.91M (Peak 747.70M) | Time:00:00.81 | Mem:260.80M, Peak:260.80M | C6420_4N_24SFF_v002_MASTER, ViewLayer | Updating Geometry BVH PSU1_efficiency_exact_letters_font 165/165 | Building BVH
Fra:22 Mem:509.91M (Peak 747.70M) | Time:00:00.81 | Mem:260.91M, Peak:260.91M | C6420_4N_24SFF_v002_MASTER, ViewLayer | Updating Geometry BVH Side_1_fastener_2_recessed_head_mesh 10/165 | Building BVH
Fra:22 Mem:509.91M (Peak 747.70M) | Time:00:00.81 | Mem:260.97M, Peak:260.97M | C6420_4N_24SFF_v002_MASTER, ViewLayer | Updating Geometry BVH Side_1_fastener_3_recessed_head_mesh 11/165 | Building BVH
Fra:22 Mem:509.91M (Peak 747.70M) | Time:00:00.81 | Mem:261.21M, Peak:261.21M | C6420_4N_24SFF_v002_MASTER, ViewLayer | Updating Geometry BVH Side_1_fastener_3_recess_floor_mesh 12/165 | Building BVH
Fra:22 Mem:509.91M (Peak 747.70M) | Time:00:00.81 | Mem:261.24M, Peak:261.24M | C6420_4N_24SFF_v002_MASTER, ViewLayer | Updating Geometry BVH Side_1_fastener_4_recessed_head_mesh 13/165 | Building BVH
Fra:22 Mem:509.91M (Peak 747.70M) | Time:00:00.81 | Mem:261.29M, Peak:261.29M | C6420_4N_24SFF_v002_MASTER, ViewLayer | Updating Geometry BVH Side_1_fastener_4_recess_floor_mesh 14/165 | Building BVH
Fra:22 Mem:509.91M (Peak 747.70M) | Time:00:00.81 | Mem:261.38M, Peak:261.38M | C6420_4N_24SFF_v002_MASTER, ViewLayer | Updating Geometry BVH Side_1_fastener_5_recessed_head_mesh 15/165 | Building BVH
Fra:22 Mem:509.91M (Peak 747.70M) | Time:00:00.81 | Mem:261.52M, Peak:261.52M | C6420_4N_24SFF_v002_MASTER, ViewLayer | Updating Geometry BVH PSU1_2400W_exact_letters_font 164/165 | Building BVH
Fra:22 Mem:509.91M (Peak 747.70M) | Time:00:00.81 | Mem:261.58M, Peak:261.58M | C6420_4N_24SFF_v002_MASTER, ViewLayer | Updating Geometry BVH Side_1_fastener_6_recessed_head_mesh 16/165 | Building BVH
Fra:22 Mem:509.91M (Peak 747.70M) | Time:00:00.81 | Mem:261.62M, Peak:261.62M | C6420_4N_24SFF_v002_MASTER, ViewLayer | Updating Geometry BVH Side_1_fastener_6_recess_floor_mesh 17/165 | Building BVH
Fra:22 Mem:509.91M (Peak 747.70M) | Time:00:00.81 | Mem:261.70M, Peak:261.70M | C6420_4N_24SFF_v002_MASTER, ViewLayer | Updating Geometry BVH PSU1_EPP_exact_letters_font 163/165 | Building BVH
Fra:22 Mem:509.91M (Peak 747.70M) | Time:00:00.81 | Mem:261.69M, Peak:261.70M | C6420_4N_24SFF_v002_MASTER, ViewLayer | Updating Geometry BVH Side_1_fastener_7_recessed_head_mesh 18/165 | Building BVH
Fra:22 Mem:509.91M (Peak 747.70M) | Time:00:00.81 | Mem:261.73M, Peak:261.74M | C6420_4N_24SFF_v002_MASTER, ViewLayer | Updating Geometry BVH Side_1_fastener_9_recessed_head_mesh 20/165 | Building BVH
Fra:22 Mem:509.91M (Peak 747.70M) | Time:00:00.81 | Mem:261.82M, Peak:261.83M | C6420_4N_24SFF_v002_MASTER, ViewLayer | Updating Geometry BVH Side_1_fastener_10_recessed_head_mesh 21/165 | Building BVH
Fra:22 Mem:509.91M (Peak 747.70M) | Time:00:00.81 | Mem:261.85M, Peak:261.85M | C6420_4N_24SFF_v002_MASTER, ViewLayer | Updating Geometry BVH Side_rail_latch_outline_1_mesh 23/165 | Building BVH
Fra:22 Mem:509.91M (Peak 747.70M) | Time:00:00.81 | Mem:261.93M, Peak:261.93M | C6420_4N_24SFF_v002_MASTER, ViewLayer | Updating Geometry BVH PSU1_EPP_real_print_paper_mesh 161/165 | Building BVH
Fra:22 Mem:509.91M (Peak 747.70M) | Time:00:00.81 | Mem:262.21M, Peak:262.23M | C6420_4N_24SFF_v002_MASTER, ViewLayer | Updating Geometry BVH Underlapping_cover_seam_mesh 24/165 | Building BVH
Fra:22 Mem:509.91M (Peak 747.70M) | Time:00:00.81 | Mem:262.24M, Peak:262.24M | C6420_4N_24SFF_v002_MASTER, ViewLayer | Updating Geometry BVH Front_cover_flush_screw_recess_floor_mesh 26/165 | Building BVH
Fra:22 Mem:509.91M (Peak 747.70M) | Time:00:00.81 | Mem:262.35M, Peak:262.44M | C6420_4N_24SFF_v002_MASTER, ViewLayer | Updating Geometry BVH Rear_cover_flush_screw_recessed_head_mesh 27/165 | Building BVH
Fra:22 Mem:509.91M (Peak 747.70M) | Time:00:00.81 | Mem:262.36M, Peak:262.44M | C6420_4N_24SFF_v002_MASTER, ViewLayer | Updating Geometry BVH Rear_cover_flush_screw_recessed_head_mesh.003 30/165 | Building BVH
Fra:22 Mem:509.91M (Peak 747.70M) | Time:00:00.81 | Mem:262.37M, Peak:262.44M | C6420_4N_24SFF_v002_MASTER, ViewLayer | Updating Geometry BVH PSU1_vertical_pull_anchor_mesh 160/165 | Building BVH
Fra:22 Mem:509.91M (Peak 747.70M) | Time:00:00.81 | Mem:262.43M, Peak:262.44M | C6420_4N_24SFF_v002_MASTER, ViewLayer | Updating Geometry BVH Hidden_backplane_socket_mesh 33/165 | Building BVH
Fra:22 Mem:509.91M (Peak 747.70M) | Time:00:00.81 | Mem:262.49M, Peak:262.49M | C6420_4N_24SFF_v002_MASTER, ViewLayer | Updating Geometry BVH Rack_ear_mount_-1_mesh 34/165 | Building BVH
Fra:22 Mem:509.91M (Peak 747.70M) | Time:00:00.81 | Mem:262.50M, Peak:262.50M | C6420_4N_24SFF_v002_MASTER, ViewLayer | Updating Geometry BVH Control_ear_shell_-1_mesh 35/165 | Building BVH
Fra:22 Mem:509.91M (Peak 747.70M) | Time:00:00.81 | Mem:262.58M, Peak:262.58M | C6420_4N_24SFF_v002_MASTER, ViewLayer | Updating Geometry BVH Lower_ear_screw_boss_-1_mesh 36/165 | Building BVH
Fra:22 Mem:509.91M (Peak 747.70M) | Time:00:00.81 | Mem:262.61M, Peak:262.61M | C6420_4N_24SFF_v002_MASTER, ViewLayer | Updating Geometry BVH Front_punched_cheek_-1_mesh 37/165 | Building BVH
Fra:22 Mem:509.91M (Peak 747.70M) | Time:00:00.81 | Mem:262.92M, Peak:262.92M | C6420_4N_24SFF_v002_MASTER, ViewLayer | Updating Geometry BVH Front_cage_side_return_-1_mesh 38/165 | Building BVH
Fra:22 Mem:509.91M (Peak 747.70M) | Time:00:00.81 | Mem:263.01M, Peak:263.01M | C6420_4N_24SFF_v002_MASTER, ViewLayer | Updating Geometry BVH Handle_flat_anchor_-1_mesh 39/165 | Building BVH
Fra:22 Mem:509.91M (Peak 747.70M) | Time:00:00.81 | Mem:263.04M, Peak:263.04M | C6420_4N_24SFF_v002_MASTER, ViewLayer | Updating Geometry BVH Front_lower_rolled_hem_mesh 40/165 | Building BVH
Fra:22 Mem:509.91M (Peak 747.70M) | Time:00:00.81 | Mem:262.99M, Peak:263.05M | C6420_4N_24SFF_v002_MASTER, ViewLayer | Updating Geometry BVH PSU1_round_EPP_label_substrate_mesh 159/165 | Building BVH
Fra:22 Mem:509.91M (Peak 747.70M) | Time:00:00.81 | Mem:263.00M, Peak:263.05M | C6420_4N_24SFF_v002_MASTER, ViewLayer | Updating Geometry BVH Control_face_inset_-1_mesh 42/165 | Building BVH
Fra:22 Mem:509.91M (Peak 747.70M) | Time:00:00.81 | Mem:263.00M, Peak:263.05M | C6420_4N_24SFF_v002_MASTER, ViewLayer | Updating Geometry BVH Control_face_bottom_clip_-1_mesh 43/165 | Building BVH
Fra:22 Mem:509.91M (Peak 747.70M) | Time:00:00.81 | Mem:263.15M, Peak:263.15M | C6420_4N_24SFF_v002_MASTER, ViewLayer | Updating Geometry BVH Power_button_lens_1_mesh 44/165 | Building BVH
Fra:22 Mem:509.91M (Peak 747.70M) | Time:00:00.81 | Mem:263.16M, Peak:263.16M | C6420_4N_24SFF_v002_MASTER, ViewLayer | Updating Geometry BVH Power_outer_white_print_1_mesh 45/165 | Building BVH
Fra:22 Mem:509.91M (Peak 747.70M) | Time:00:00.81 | Mem:263.24M, Peak:263.24M | C6420_4N_24SFF_v002_MASTER, ViewLayer | Updating Geometry BVH ID_button_lens_1_mesh 46/165 | Building BVH
Fra:22 Mem:509.91M (Peak 747.70M) | Time:00:00.81 | Mem:263.28M, Peak:263.28M | C6420_4N_24SFF_v002_MASTER, ViewLayer | Updating Geometry BVH ID_button_print_1_mesh 47/165 | Building BVH
Fra:22 Mem:509.91M (Peak 747.70M) | Time:00:00.81 | Mem:263.32M, Peak:263.32M | C6420_4N_24SFF_v002_MASTER, ViewLayer | Updating Geometry BVH ID_inner_white_disc_1_mesh 48/165 | Building BVH
Fra:22 Mem:509.91M (Peak 747.70M) | Time:00:00.81 | Mem:263.54M, Peak:263.54M | C6420_4N_24SFF_v002_MASTER, ViewLayer | Updating Geometry BVH ID_information_symbol_1_font 49/165 | Building BVH
Fra:22 Mem:509.91M (Peak 747.70M) | Time:00:00.81 | Mem:263.56M, Peak:263.56M | C6420_4N_24SFF_v002_MASTER, ViewLayer | Updating Geometry BVH Front_mapping_arrow_1_mesh 50/165 | Building BVH
Fra:22 Mem:509.91M (Peak 747.70M) | Time:00:00.81 | Mem:263.58M, Peak:263.60M | C6420_4N_24SFF_v002_MASTER, ViewLayer | Updating Geometry BVH Captive_screw_metal_washer_-1_mesh 51/165 | Building BVH
Fra:22 Mem:509.91M (Peak 747.70M) | Time:00:00.81 | Mem:263.58M, Peak:263.60M | C6420_4N_24SFF_v002_MASTER, ViewLayer | Updating Geometry BVH Captive_screw_knurled_grip_-1_mesh 52/165 | Building BVH
Fra:22 Mem:509.91M (Peak 747.70M) | Time:00:00.81 | Mem:263.64M, Peak:263.64M | C6420_4N_24SFF_v002_MASTER, ViewLayer | Updating Geometry BVH Captive_screw_Phillips_-1_recessed_head_mesh 53/165 | Building BVH
Fra:22 Mem:509.91M (Peak 747.70M) | Time:00:00.81 | Mem:263.60M, Peak:263.64M | C6420_4N_24SFF_v002_MASTER, ViewLayer | Updating Geometry BVH Captive_screw_Phillips_-1_recess_floor_mesh 54/165 | Building BVH
Fra:22 Mem:509.91M (Peak 747.70M) | Time:00:00.81 | Mem:263.60M, Peak:263.64M | C6420_4N_24SFF_v002_MASTER, ViewLayer | Updating Geometry BVH Captive_screw_front_bead_-1_mesh 55/165 | Building BVH
Fra:22 Mem:509.91M (Peak 747.70M) | Time:00:00.81 | Mem:264.09M, Peak:264.09M | C6420_4N_24SFF_v002_MASTER, ViewLayer | Updating Geometry BVH Front_mapping_arrow_3_mesh 56/165 | Building BVH
Fra:22 Mem:509.91M (Peak 747.70M) | Time:00:00.81 | Mem:264.14M, Peak:264.18M | C6420_4N_24SFF_v002_MASTER, ViewLayer | Updating Geometry BVH Bay_mapping_triangle_0_mesh 57/165 | Building BVH
Fra:22 Mem:509.91M (Peak 747.70M) | Time:00:00.81 | Mem:264.18M, Peak:264.18M | C6420_4N_24SFF_v002_MASTER, ViewLayer | Updating Geometry BVH Node1_floor_mesh.001 58/165 | Building BVH
Fra:22 Mem:509.91M (Peak 747.70M) | Time:00:00.81 | Mem:264.25M, Peak:264.25M | C6420_4N_24SFF_v002_MASTER, ViewLayer | Updating Geometry BVH Node1_tray_side_-1_mesh 59/165 | Building BVH
Fra:22 Mem:509.91M (Peak 747.70M) | Time:00:00.81 | Mem:264.35M, Peak:264.35M | C6420_4N_24SFF_v002_MASTER, ViewLayer | Updating Geometry BVH Node1_internal_air_shade_mesh 60/165 | Building BVH
Fra:22 Mem:509.91M (Peak 747.70M) | Time:00:00.81 | Mem:264.38M, Peak:264.38M | C6420_4N_24SFF_v002_MASTER, ViewLayer | Updating Geometry BVH Node1_visible_PCB_edge_mesh 61/165 | Building BVH
Fra:22 Mem:509.91M (Peak 747.70M) | Time:00:00.81 | Mem:264.36M, Peak:264.40M | C6420_4N_24SFF_v002_MASTER, ViewLayer | Updating Geometry BVH Node1_horizontal_rear_return_mesh 62/165 | Building BVH
Fra:22 Mem:509.91M (Peak 747.70M) | Time:00:00.81 | Mem:264.39M, Peak:264.40M | C6420_4N_24SFF_v002_MASTER, ViewLayer | Updating Geometry BVH Node1_vertical_rear_return_mesh 63/165 | Building BVH
Fra:22 Mem:509.91M (Peak 747.70M) | Time:00:00.81 | Mem:264.39M, Peak:264.40M | C6420_4N_24SFF_v002_MASTER, ViewLayer | Updating Geometry BVH Node1_USB_black_mask_mesh 64/165 | Building BVH
Fra:22 Mem:509.91M (Peak 747.70M) | Time:00:00.81 | Mem:264.48M, Peak:264.48M | C6420_4N_24SFF_v002_MASTER, ViewLayer | Updating Geometry BVH Node1_USB3A_0_metal_cavity_mesh 65/165 | Building BVH
Fra:22 Mem:509.91M (Peak 747.70M) | Time:00:00.81 | Mem:264.56M, Peak:264.56M | C6420_4N_24SFF_v002_MASTER, ViewLayer | Updating Geometry BVH PSU1_fan_screw_recessed_head_mesh 156/165 | Building BVH
Fra:22 Mem:509.91M (Peak 747.70M) | Time:00:00.81 | Mem:264.61M, Peak:264.61M | C6420_4N_24SFF_v002_MASTER, ViewLayer | Updating Geometry BVH Node1_USB3A_0_dark_back_mesh 66/165 | Building BVH
Fra:22 Mem:509.91M (Peak 747.70M) | Time:00:00.81 | Mem:264.69M, Peak:264.69M | C6420_4N_24SFF_v002_MASTER, ViewLayer | Updating Geometry BVH Node1_USB3A_0_blue_tongue_mesh 67/165 | Building BVH
Fra:22 Mem:509.91M (Peak 747.70M) | Time:00:00.81 | Mem:264.82M, Peak:264.82M | C6420_4N_24SFF_v002_MASTER, ViewLayer | Updating Geometry BVH Node1_USB3A_0_front_contact_0_mesh 68/165 | Building BVH
Fra:22 Mem:509.91M (Peak 747.70M) | Time:00:00.81 | Mem:264.89M, Peak:264.91M | C6420_4N_24SFF_v002_MASTER, ViewLayer | Updating Geometry BVH Node1_USB3A_0_rear_contact_0_mesh 69/165 | Building BVH
Fra:22 Mem:509.91M (Peak 747.70M) | Time:00:00.81 | Mem:264.91M, Peak:264.91M | C6420_4N_24SFF_v002_MASTER, ViewLayer | Updating Geometry BVH Node1_USB_retention_spring_mesh 70/165 | Building BVH
Fra:22 Mem:509.91M (Peak 747.70M) | Time:00:00.81 | Mem:264.99M, Peak:265.00M | C6420_4N_24SFF_v002_MASTER, ViewLayer | Updating Geometry BVH Node1_USB_icon_circle_mesh 71/165 | Building BVH
Fra:22 Mem:509.91M (Peak 747.70M) | Time:00:00.81 | Mem:265.00M, Peak:265.00M | C6420_4N_24SFF_v002_MASTER, ViewLayer | Updating Geometry BVH Node1_USB_icon_square_mesh 72/165 | Building BVH
Fra:22 Mem:509.91M (Peak 747.70M) | Time:00:00.81 | Mem:265.00M, Peak:265.00M | C6420_4N_24SFF_v002_MASTER, ViewLayer | Updating Geometry BVH Node1_USB_icon_arrow_mesh 73/165 | Building BVH
Fra:22 Mem:509.91M (Peak 747.70M) | Time:00:00.81 | Mem:265.07M, Peak:265.07M | C6420_4N_24SFF_v002_MASTER, ViewLayer | Updating Geometry BVH Node1_USB_icon_root_mesh 74/165 | Building BVH
Fra:22 Mem:509.91M (Peak 747.70M) | Time:00:00.81 | Mem:265.07M, Peak:265.07M | C6420_4N_24SFF_v002_MASTER, ViewLayer | Updating Geometry BVH Node1_USB_plate_fastener_recess_floor_mesh 76/165 | Building BVH
Fra:22 Mem:509.91M (Peak 747.70M) | Time:00:00.81 | Mem:265.05M, Peak:265.10M | C6420_4N_24SFF_v002_MASTER, ViewLayer | Updating Geometry BVH PSU1_corner_washer_mesh 155/165 | Building BVH
Fra:22 Mem:509.91M (Peak 747.70M) | Time:00:00.81 | Mem:265.14M, Peak:265.15M | C6420_4N_24SFF_v002_MASTER, ViewLayer | Updating Geometry BVH Node1_dual_SFP_adapter_face_mesh 77/165 | Building BVH
Fra:22 Mem:509.91M (Peak 747.70M) | Time:00:00.81 | Mem:265.14M, Peak:265.15M | C6420_4N_24SFF_v002_MASTER, ViewLayer | Updating Geometry BVH Node1_SFP_cage_0_metal_cavity_mesh 78/165 | Building BVH
Fra:22 Mem:509.91M (Peak 747.70M) | Time:00:00.81 | Mem:265.39M, Peak:265.42M | C6420_4N_24SFF_v002_MASTER, ViewLayer | Updating Geometry BVH PSU1_flat_guard_crossbar_1_mesh 154/165 | Building BVH
Fra:22 Mem:509.91M (Peak 747.70M) | Time:00:00.81 | Mem:265.50M, Peak:265.50M | C6420_4N_24SFF_v002_MASTER, ViewLayer | Updating Geometry BVH PSU1_flat_guard_crossbar_-1_mesh 153/165 | Building BVH
Fra:22 Mem:509.91M (Peak 747.70M) | Time:00:00.81 | Mem:265.56M, Peak:265.57M | C6420_4N_24SFF_v002_MASTER, ViewLayer | Updating Geometry BVH PSU1_fan_motor_hub_mesh 152/165 | Building BVH
Fra:22 Mem:509.91M (Peak 747.70M) | Time:00:00.81 | Mem:265.62M, Peak:265.77M | C6420_4N_24SFF_v002_MASTER, ViewLayer | Updating Geometry BVH Node1_SFP_cage_0_dark_back_mesh 79/165 | Building BVH
Fra:22 Mem:509.91M (Peak 747.70M) | Time:00:00.81 | Mem:265.61M, Peak:265.77M | C6420_4N_24SFF_v002_MASTER, ViewLayer | Updating Geometry BVH Node1_SFP_0_side_spring_mesh 80/165 | Building BVH
Fra:22 Mem:509.91M (Peak 747.70M) | Time:00:00.81 | Mem:265.69M, Peak:265.77M | C6420_4N_24SFF_v002_MASTER, ViewLayer | Updating Geometry BVH Node1_SFP_0_top_tang_mesh 81/165 | Building BVH
Fra:22 Mem:509.91M (Peak 747.70M) | Time:00:00.81 | Mem:265.68M, Peak:265.77M | C6420_4N_24SFF_v002_MASTER, ViewLayer | Updating Geometry BVH PSU1_fan_shroud_dark_back_mesh 151/165 | Building BVH
Fra:22 Mem:509.91M (Peak 747.70M) | Time:00:00.81 | Mem:265.70M, Peak:265.77M | C6420_4N_24SFF_v002_MASTER, ViewLayer | Updating Geometry BVH Node1_SFP_0_lower_flange_mesh 82/165 | Building BVH
Fra:22 Mem:509.91M (Peak 747.70M) | Time:00:00.81 | Mem:265.77M, Peak:265.77M | C6420_4N_24SFF_v002_MASTER, ViewLayer | Updating Geometry BVH Node1_SFP_0_connector_insert_mesh 83/165 | Building BVH
Fra:22 Mem:509.91M (Peak 747.70M) | Time:00:00.81 | Mem:265.79M, Peak:265.79M | C6420_4N_24SFF_v002_MASTER, ViewLayer | Updating Geometry BVH PSU1_fan_shroud_metal_cavity_mesh 150/165 | Building BVH
Fra:22 Mem:509.91M (Peak 747.70M) | Time:00:00.81 | Mem:265.78M, Peak:265.79M | C6420_4N_24SFF_v002_MASTER, ViewLayer | Updating Geometry BVH Node1_SFP_0_contact_0_mesh 84/165 | Building BVH
Fra:22 Mem:509.91M (Peak 747.70M) | Time:00:00.81 | Mem:265.88M, Peak:265.88M | C6420_4N_24SFF_v002_MASTER, ViewLayer | Updating Geometry BVH Node1_SFP_index_0_font 85/165 | Building BVH
Fra:22 Mem:509.91M (Peak 747.70M) | Time:00:00.81 | Mem:265.83M, Peak:265.90M | C6420_4N_24SFF_v002_MASTER, ViewLayer | Updating Geometry BVH Node1_SFP_index_1_font 86/165 | Building BVH
Fra:22 Mem:509.91M (Peak 747.70M) | Time:00:00.81 | Mem:265.83M, Peak:265.90M | C6420_4N_24SFF_v002_MASTER, ViewLayer | Updating Geometry BVH Node1_MicroUSB_dark_back_mesh 88/165 | Building BVH
Fra:22 Mem:509.91M (Peak 747.70M) | Time:00:00.81 | Mem:265.84M, Peak:265.90M | C6420_4N_24SFF_v002_MASTER, ViewLayer | Updating Geometry BVH Node1_MicroUSB_tongue_mesh 89/165 | Building BVH
Fra:22 Mem:509.91M (Peak 747.70M) | Time:00:00.81 | Mem:265.94M, Peak:265.94M | C6420_4N_24SFF_v002_MASTER, ViewLayer | Updating Geometry BVH Node1_MiniDisplayPort_metal_cavity_mesh 90/165 | Building BVH
Fra:22 Mem:509.91M (Peak 747.70M) | Time:00:00.81 | Mem:265.98M, Peak:265.98M | C6420_4N_24SFF_v002_MASTER, ViewLayer | Updating Geometry BVH Node1_MiniDisplayPort_dark_back_mesh 91/165 | Building BVH
Fra:22 Mem:509.91M (Peak 747.70M) | Time:00:00.81 | Mem:266.07M, Peak:266.07M | C6420_4N_24SFF_v002_MASTER, ViewLayer | Updating Geometry BVH Node1_MiniDP_inner_shield_metal_cavity_mesh 92/165 | Building BVH
Fra:22 Mem:509.91M (Peak 747.70M) | Time:00:00.81 | Mem:265.96M, Peak:266.20M | C6420_4N_24SFF_v002_MASTER, ViewLayer | Updating Geometry BVH Node1_MiniDP_inner_shield_dark_back_mesh 93/165 | Building BVH
Fra:22 Mem:509.91M (Peak 747.70M) | Time:00:00.81 | Mem:265.97M, Peak:266.20M | C6420_4N_24SFF_v002_MASTER, ViewLayer | Updating Geometry BVH Node1_MiniDP_tongue_mesh 94/165 | Building BVH
Fra:22 Mem:509.91M (Peak 747.70M) | Time:00:00.81 | Mem:266.06M, Peak:266.20M | C6420_4N_24SFF_v002_MASTER, ViewLayer | Updating Geometry BVH Node1_iDRAC_RJ45_metal_cavity_mesh 95/165 | Building BVH
Fra:22 Mem:509.91M (Peak 747.70M) | Time:00:00.81 | Mem:266.00M, Peak:266.20M | C6420_4N_24SFF_v002_MASTER, ViewLayer | Updating Geometry BVH PSU1_octagonal_fan_guard_mesh 149/165 | Building BVH
Fra:22 Mem:509.91M (Peak 747.70M) | Time:00:00.81 | Mem:266.00M, Peak:266.20M | C6420_4N_24SFF_v002_MASTER, ViewLayer | Updating Geometry BVH Node1_iDRAC_RJ45_dark_back_mesh 96/165 | Building BVH
Fra:22 Mem:509.91M (Peak 747.70M) | Time:00:00.81 | Mem:266.06M, Peak:266.20M | C6420_4N_24SFF_v002_MASTER, ViewLayer | Updating Geometry BVH Node1_RJ45_LED_lens_mesh 97/165 | Building BVH
Fra:22 Mem:509.91M (Peak 747.70M) | Time:00:00.81 | Mem:266.06M, Peak:266.20M | C6420_4N_24SFF_v002_MASTER, ViewLayer | Updating Geometry BVH Node1_RJ45_LED_lens_mesh.001 98/165 | Building BVH
Fra:22 Mem:509.91M (Peak 747.70M) | Time:00:00.81 | Mem:266.10M, Peak:266.20M | C6420_4N_24SFF_v002_MASTER, ViewLayer | Updating Geometry BVH Node1_power_metal_rim_mesh 99/165 | Building BVH
Fra:22 Mem:509.91M (Peak 747.70M) | Time:00:00.81 | Mem:266.11M, Peak:266.20M | C6420_4N_24SFF_v002_MASTER, ViewLayer | Updating Geometry BVH Node1_power_button_lens_mesh 100/165 | Building BVH
Fra:22 Mem:509.91M (Peak 747.70M) | Time:00:00.81 | Mem:266.19M, Peak:266.20M | C6420_4N_24SFF_v002_MASTER, ViewLayer | Updating Geometry BVH Node1_long_grip_folded_frame_mesh 101/165 | Building BVH
Fra:22 Mem:509.91M (Peak 747.70M) | Time:00:00.81 | Mem:266.25M, Peak:266.27M | C6420_4N_24SFF_v002_MASTER, ViewLayer | Updating Geometry BVH PSU1_latch_track_mesh 148/165 | Building BVH
Fra:22 Mem:509.91M (Peak 747.70M) | Time:00:00.82 | Mem:266.26M, Peak:266.27M | C6420_4N_24SFF_v002_MASTER, ViewLayer | Updating Geometry BVH Node1_long_black_grip_metal_cavity_mesh 102/165 | Building BVH
Fra:22 Mem:509.91M (Peak 747.70M) | Time:00:00.82 | Mem:266.33M, Peak:266.33M | C6420_4N_24SFF_v002_MASTER, ViewLayer | Updating Geometry BVH PSU1_orange_release_paddle_mesh 147/165 | Building BVH
Fra:22 Mem:509.91M (Peak 747.70M) | Time:00:00.82 | Mem:266.42M, Peak:266.43M | C6420_4N_24SFF_v002_MASTER, ViewLayer | Updating Geometry BVH Node1_long_black_grip_dark_back_mesh 103/165 | Building BVH
Fra:22 Mem:509.91M (Peak 747.70M) | Time:00:00.82 | Mem:266.52M, Peak:266.52M | C6420_4N_24SFF_v002_MASTER, ViewLayer | Updating Geometry BVH Node1_grip_edge_fold_mesh 104/165 | Building BVH
Fra:22 Mem:509.91M (Peak 747.70M) | Time:00:00.82 | Mem:266.52M, Peak:266.53M | C6420_4N_24SFF_v002_MASTER, ViewLayer | Updating Geometry BVH Node1_grip_press_lug_mesh 105/165 | Building BVH
Fra:22 Mem:509.91M (Peak 747.70M) | Time:00:00.82 | Mem:266.53M, Peak:266.56M | C6420_4N_24SFF_v002_MASTER, ViewLayer | Updating Geometry BVH Node1_grip_hinge_pin_mesh 106/165 | Building BVH
Fra:22 Mem:509.91M (Peak 747.70M) | Time:00:00.82 | Mem:266.53M, Peak:266.56M | C6420_4N_24SFF_v002_MASTER, ViewLayer | Updating Geometry BVH PSU1_AC_blade_0_mesh 146/165 | Building BVH
Fra:22 Mem:509.91M (Peak 747.70M) | Time:00:00.82 | Mem:266.52M, Peak:266.56M | C6420_4N_24SFF_v002_MASTER, ViewLayer | Updating Geometry BVH Node1_blue_paddle_face_mesh 107/165 | Building BVH
Fra:22 Mem:509.91M (Peak 747.70M) | Time:00:00.82 | Mem:266.52M, Peak:266.56M | C6420_4N_24SFF_v002_MASTER, ViewLayer | Updating Geometry BVH Node1_blue_hook_return_mesh 108/165 | Building BVH
Fra:22 Mem:509.91M (Peak 747.70M) | Time:00:00.82 | Mem:266.60M, Peak:266.61M | C6420_4N_24SFF_v002_MASTER, ViewLayer | Updating Geometry BVH PSU1_AC_C20_recess_dark_back_mesh 145/165 | Building BVH
Fra:22 Mem:509.91M (Peak 747.70M) | Time:00:00.82 | Mem:266.69M, Peak:266.69M | C6420_4N_24SFF_v002_MASTER, ViewLayer | Updating Geometry BVH PSU1_AC_C20_recess_metal_cavity_mesh 144/165 | Building BVH
Fra:22 Mem:509.91M (Peak 747.70M) | Time:00:00.82 | Mem:266.74M, Peak:266.75M | C6420_4N_24SFF_v002_MASTER, ViewLayer | Updating Geometry BVH Node1_blue_latch_mount_recessed_head_mesh 110/165 | Building BVH
Fra:22 Mem:509.91M (Peak 747.70M) | Time:00:00.82 | Mem:266.81M, Peak:266.83M | C6420_4N_24SFF_v002_MASTER, ViewLayer | Updating Geometry BVH Node1_latch_steel_back_mesh 111/165 | Building BVH
Fra:22 Mem:509.91M (Peak 747.70M) | Time:00:00.82 | Mem:266.82M, Peak:266.84M | C6420_4N_24SFF_v002_MASTER, ViewLayer | Updating Geometry BVH Node1_DP_mark_font 112/165 | Building BVH
Fra:22 Mem:509.91M (Peak 747.70M) | Time:00:00.82 | Mem:266.84M, Peak:266.85M | C6420_4N_24SFF_v002_MASTER, ViewLayer | Updating Geometry BVH Node1_iDRAC_mark_font 113/165 | Building BVH
Fra:22 Mem:509.91M (Peak 747.70M) | Time:00:00.82 | Mem:266.88M, Peak:266.88M | C6420_4N_24SFF_v002_MASTER, ViewLayer | Updating Geometry BVH Node1_MicroUSB_service_mark_font 114/165 | Building BVH
Fra:22 Mem:509.91M (Peak 747.70M) | Time:00:00.82 | Mem:266.91M, Peak:266.91M | C6420_4N_24SFF_v002_MASTER, ViewLayer | Updating Geometry BVH Node1_EST_tag_mesh 115/165 | Building BVH
Fra:22 Mem:509.91M (Peak 747.70M) | Time:00:00.82 | Mem:266.93M, Peak:266.93M | C6420_4N_24SFF_v002_MASTER, ViewLayer | Updating Geometry BVH Node1_EST_blue_print_mesh 116/165 | Building BVH
Fra:22 Mem:509.91M (Peak 747.70M) | Time:00:00.82 | Mem:267.01M, Peak:267.01M | C6420_4N_24SFF_v002_MASTER, ViewLayer | Updating Geometry BVH Node1_EST_letters_font 117/165 | Building BVH
Fra:22 Mem:509.91M (Peak 747.70M) | Time:00:00.82 | Mem:267.04M, Peak:267.06M | C6420_4N_24SFF_v002_MASTER, ViewLayer | Updating Geometry BVH PSU1_AC_black_rim_mesh 143/165 | Building BVH
Fra:22 Mem:509.91M (Peak 747.70M) | Time:00:00.82 | Mem:267.17M, Peak:267.17M | C6420_4N_24SFF_v002_MASTER, ViewLayer | Updating Geometry BVH Drive00_metal_enclosure_mesh 118/165 | Building BVH
Fra:22 Mem:509.91M (Peak 747.70M) | Time:00:00.82 | Mem:267.18M, Peak:267.18M | C6420_4N_24SFF_v002_MASTER, ViewLayer | Updating Geometry BVH Carrier00_folded_runner_-1_mesh 120/165 | Building BVH
Fra:22 Mem:509.91M (Peak 747.70M) | Time:00:00.82 | Mem:267.18M, Peak:267.20M | C6420_4N_24SFF_v002_MASTER, ViewLayer | Updating Geometry BVH Carrier00_setback_honeycomb_mesh 121/165 | Building BVH
Fra:22 Mem:509.91M (Peak 747.70M) | Time:00:00.82 | Mem:267.32M, Peak:267.36M | C6420_4N_24SFF_v002_MASTER, ViewLayer | Updating Geometry BVH Carrier00_fixed_outer_bezel_mesh 122/165 | Building BVH
Fra:22 Mem:509.91M (Peak 747.70M) | Time:00:00.82 | Mem:267.33M, Peak:267.36M | C6420_4N_24SFF_v002_MASTER, ViewLayer | Updating Geometry BVH Carrier00_fixed_vertical_land_mesh 123/165 | Building BVH
Fra:22 Mem:509.91M (Peak 747.70M) | Time:00:00.82 | Mem:267.37M, Peak:267.37M | C6420_4N_24SFF_v002_MASTER, ViewLayer | Updating Geometry BVH Carrier00_silver_handle_frame_mesh 124/165 | Building BVH
Fra:22 Mem:509.91M (Peak 747.70M) | Time:00:00.82 | Mem:267.35M, Peak:267.38M | C6420_4N_24SFF_v002_MASTER, ViewLayer | Updating Geometry BVH PSU1_front_sheet_mesh 142/165 | Building BVH
Fra:22 Mem:509.91M (Peak 747.70M) | Time:00:00.82 | Mem:267.52M, Peak:267.52M | C6420_4N_24SFF_v002_MASTER, ViewLayer | Updating Geometry BVH Carrier00_label_inset_pad_mesh 127/165 | Building BVH
Fra:22 Mem:509.91M (Peak 747.70M) | Time:00:00.82 | Mem:267.59M, Peak:267.59M | C6420_4N_24SFF_v002_MASTER, ViewLayer | Updating Geometry BVH Carrier00_hinge_axle_mesh 128/165 | Building BVH
Fra:22 Mem:509.91M (Peak 747.70M) | Time:00:00.82 | Mem:267.74M, Peak:267.74M | C6420_4N_24SFF_v002_MASTER, ViewLayer | Updating Geometry BVH Carrier00_hinge_end_bracket_mesh 129/165 | Building BVH
Fra:22 Mem:509.91M (Peak 747.70M) | Time:00:00.82 | Mem:267.81M, Peak:267.81M | C6420_4N_24SFF_v002_MASTER, ViewLayer | Updating Geometry BVH Carrier00_release_bezel_mesh 130/165 | Building BVH
Fra:22 Mem:509.91M (Peak 747.70M) | Time:00:00.82 | Mem:267.88M, Peak:267.89M | C6420_4N_24SFF_v002_MASTER, ViewLayer | Updating Geometry BVH Carrier00_square_release_pad_mesh 131/165 | Building BVH
Fra:22 Mem:509.91M (Peak 747.70M) | Time:00:00.82 | Mem:267.86M, Peak:267.89M | C6420_4N_24SFF_v002_MASTER, ViewLayer | Updating Geometry BVH Carrier00_round_release_button_mesh 132/165 | Building BVH
Fra:22 Mem:509.91M (Peak 747.70M) | Time:00:00.82 | Mem:267.91M, Peak:267.91M | C6420_4N_24SFF_v002_MASTER, ViewLayer | Updating Geometry BVH Carrier00_orange_release_ring_mesh 133/165 | Building BVH
Fra:22 Mem:509.91M (Peak 747.70M) | Time:00:00.82 | Mem:267.91M, Peak:267.92M | C6420_4N_24SFF_v002_MASTER, ViewLayer | Updating Geometry BVH Carrier00_button_inner_face_mesh 134/165 | Building BVH
Fra:22 Mem:509.91M (Peak 747.70M) | Time:00:00.82 | Mem:268.00M, Peak:268.04M | C6420_4N_24SFF_v002_MASTER, ViewLayer | Updating Geometry BVH PSU1_internal_end_mesh 141/165 | Building BVH
Fra:22 Mem:509.91M (Peak 747.70M) | Time:00:00.82 | Mem:268.11M, Peak:268.11M | C6420_4N_24SFF_v002_MASTER, ViewLayer | Updating Geometry BVH PSU1_horizontal_shell_mesh 140/165 | Building BVH
Fra:22 Mem:509.91M (Peak 747.70M) | Time:00:00.82 | Mem:268.24M, Peak:268.24M | C6420_4N_24SFF_v002_MASTER, ViewLayer | Updating Geometry BVH Carrier00_indicator_strip_mesh 135/165 | Building BVH
Fra:22 Mem:509.91M (Peak 747.70M) | Time:00:00.82 | Mem:268.25M, Peak:268.32M | C6420_4N_24SFF_v002_MASTER, ViewLayer | Updating Geometry BVH PSU1_side_shell_mesh 139/165 | Building BVH
Fra:22 Mem:509.91M (Peak 747.70M) | Time:00:00.82 | Mem:268.27M, Peak:268.32M | C6420_4N_24SFF_v002_MASTER, ViewLayer | Updating Geometry BVH Carrier00_disk_symbol_mesh 137/165 | Building BVH
Fra:22 Mem:509.91M (Peak 747.70M) | Time:00:00.82 | Mem:268.39M, Peak:268.39M | C6420_4N_24SFF_v002_MASTER, ViewLayer | Updating Geometry BVH Carrier00_setback_dark_air_shade_mesh 138/165 | Building BVH
Fra:22 Mem:509.91M (Peak 747.70M) | Time:00:00.82 | Mem:268.45M, Peak:268.55M | C6420_4N_24SFF_v002_MASTER, ViewLayer | Updating Scene BVH | Building
Fra:22 Mem:509.93M (Peak 747.70M) | Time:00:00.82 | Mem:268.45M, Peak:268.55M | C6420_4N_24SFF_v002_MASTER, ViewLayer | Updating Scene BVH | Building BVH
Fra:22 Mem:509.93M (Peak 747.70M) | Time:00:00.85 | Mem:291.35M, Peak:302.10M | C6420_4N_24SFF_v002_MASTER, ViewLayer | Updating Scene BVH | Copying BVH to device
Fra:22 Mem:509.93M (Peak 747.70M) | Time:00:00.85 | Mem:291.35M, Peak:302.10M | C6420_4N_24SFF_v002_MASTER, ViewLayer | Updating Mesh | Computing normals
Fra:22 Mem:528.32M (Peak 747.70M) | Time:00:00.86 | Mem:291.35M, Peak:302.10M | C6420_4N_24SFF_v002_MASTER, ViewLayer | Updating Mesh | Copying Mesh to device
Fra:22 Mem:528.32M (Peak 747.70M) | Time:00:00.86 | Mem:309.73M, Peak:309.73M | C6420_4N_24SFF_v002_MASTER, ViewLayer | Updating Objects Flags
Fra:22 Mem:528.32M (Peak 747.70M) | Time:00:00.86 | Mem:309.74M, Peak:309.74M | C6420_4N_24SFF_v002_MASTER, ViewLayer | Updating Primitive Offsets
Fra:22 Mem:528.32M (Peak 747.70M) | Time:00:00.86 | Mem:309.75M, Peak:309.75M | C6420_4N_24SFF_v002_MASTER, ViewLayer | Updating Images
Fra:22 Mem:520.32M (Peak 747.70M) | Time:00:00.86 | Mem:301.75M, Peak:309.75M | C6420_4N_24SFF_v002_MASTER, ViewLayer | Updating Camera Volume
Fra:22 Mem:520.32M (Peak 747.70M) | Time:00:00.86 | Mem:301.75M, Peak:309.75M | C6420_4N_24SFF_v002_MASTER, ViewLayer | Updating Lookup Tables
Fra:22 Mem:520.32M (Peak 747.70M) | Time:00:00.86 | Mem:301.83M, Peak:309.75M | C6420_4N_24SFF_v002_MASTER, ViewLayer | Updating Lights
Fra:22 Mem:520.32M (Peak 747.70M) | Time:00:00.86 | Mem:301.83M, Peak:309.75M | C6420_4N_24SFF_v002_MASTER, ViewLayer | Updating Lights | Computing distribution
Fra:22 Mem:520.32M (Peak 747.70M) | Time:00:00.86 | Mem:301.83M, Peak:309.75M | C6420_4N_24SFF_v002_MASTER, ViewLayer | Updating Lights | Computing tree
Fra:22 Mem:520.34M (Peak 747.70M) | Time:00:00.86 | Mem:301.85M, Peak:309.75M | C6420_4N_24SFF_v002_MASTER, ViewLayer | Updating Integrator
Fra:22 Mem:521.34M (Peak 747.70M) | Time:00:00.86 | Mem:302.85M, Peak:309.75M | C6420_4N_24SFF_v002_MASTER, ViewLayer | Updating Film
Fra:22 Mem:521.34M (Peak 747.70M) | Time:00:00.86 | Mem:302.77M, Peak:309.75M | C6420_4N_24SFF_v002_MASTER, ViewLayer | Updating Lookup Tables
Fra:22 Mem:521.34M (Peak 747.70M) | Time:00:00.86 | Mem:302.85M, Peak:309.75M | C6420_4N_24SFF_v002_MASTER, ViewLayer | Updating Baking
Fra:22 Mem:521.34M (Peak 747.70M) | Time:00:00.86 | Mem:302.85M, Peak:309.75M | C6420_4N_24SFF_v002_MASTER, ViewLayer | Updating Device | Writing constant memory
Fra:22 Mem:521.38M (Peak 747.70M) | Time:00:00.86 | Mem:302.85M, Peak:309.75M | C6420_4N_24SFF_v002_MASTER, ViewLayer | Sample 0/192
Fra:22 Mem:559.74M (Peak 747.70M) | Time:00:01.23 | Remaining:01:09.62 | Mem:341.18M, Peak:341.18M | C6420_4N_24SFF_v002_MASTER, ViewLayer | Sample 1/192
Fra:22 Mem:559.74M (Peak 747.70M) | Time:00:17.06 | Remaining:00:31.64 | Mem:341.18M, Peak:341.18M | C6420_4N_24SFF_v002_MASTER, ViewLayer | Sample 65/192
Fra:22 Mem:559.74M (Peak 747.70M) | Time:00:21.08 | Remaining:00:28.30 | Mem:341.18M, Peak:341.18M | C6420_4N_24SFF_v002_MASTER, ViewLayer | Sample 80/192
Fra:22 Mem:559.74M (Peak 747.70M) | Time:00:23.07 | Remaining:00:22.21 | Mem:341.18M, Peak:341.18M | C6420_4N_24SFF_v002_MASTER, ViewLayer | Sample 96/192
Fra:22 Mem:559.74M (Peak 747.70M) | Time:00:24.91 | Remaining:00:17.18 | Mem:341.18M, Peak:341.18M | C6420_4N_24SFF_v002_MASTER, ViewLayer | Sample 112/192
