WARN (bke.modifier): ./source/blender/blenkernel/intern/modifier.cc:461 BKE_modifier_set_error: Object: "Front_cover_flush_screw_recessed_head.014", Modifier: "Face weighted corner normals", Enable 'Auto Smooth' in Object Data Properties
WARN (bke.modifier): ./source/blender/blenkernel/intern/modifier.cc:461 BKE_modifier_set_error: Object: "Front_cover_flush_screw_recessed_head.015", Modifier: "Face weighted corner normals", Enable 'Auto Smooth' in Object Data Properties
WARN (bke.modifier): ./source/blender/blenkernel/intern/modifier.cc:461 BKE_modifier_set_error: Object: "Front_cover_flush_screw_recessed_head.016", Modifier: "Face weighted corner normals", Enable 'Auto Smooth' in Object Data Properties
WARN (bke.modifier): ./source/blender/blenkernel/intern/modifier.cc:461 BKE_modifier_set_error: Object: "Front_cover_flush_screw_recessed_head.019", Modifier: "Face weighted corner normals", Enable 'Auto Smooth' in Object Data Properties
WARN (bke.modifier): ./source/blender/blenkernel/intern/modifier.cc:461 BKE_modifier_set_error: Object: "Front_cover_flush_screw_recessed_head.018", Modifier: "Face weighted corner normals", Enable 'Auto Smooth' in Object Data Properties
WARN (bke.modifier): ./source/blender/blenkernel/intern/modifier.cc:461 BKE_modifier_set_error: Object: "Front_cover_flush_screw_recessed_head.017", Modifier: "Face weighted corner normals", Enable 'Auto Smooth' in Object Data Properties
WARN (bke.modifier): ./source/blender/blenkernel/intern/modifier.cc:461 BKE_modifier_set_error: Object: "Front_cover_flush_screw_recessed_head.022", Modifier: "Face weighted corner normals", Enable 'Auto Smooth' in Object Data Properties
WARN (bke.modifier): ./source/blender/blenkernel/intern/modifier.cc:461 BKE_modifier_set_error: Object: "Front_cover_flush_screw_recessed_head.021", Modifier: "Face weighted corner normals", Enable 'Auto Smooth' in Object Data Properties
WARN (bke.modifier): ./source/blender/blenkernel/intern/modifier.cc:461 BKE_modifier_set_error: Object: "Front_cover_flush_screw_recessed_head.020", Modifier: "Face weighted corner normals", Enable 'Auto Smooth' in Object Data Properties
WARN (bke.modifier): ./source/blender/blenkernel/intern/modifier.cc:461 BKE_modifier_set_error: Object: "Front_cover_flush_screw_recessed_head.013", Modifier: "Face weighted corner normals", Enable 'Auto Smooth' in Object Data Properties
WARN (bke.modifier): ./source/blender/blenkernel/intern/modifier.cc:461 BKE_modifier_set_error: Object: "Rear_cover_flush_screw_recessed_head.001", Modifier: "Face weighted corner normals", Enable 'Auto Smooth' in Object Data Properties
WARN (bke.modifier): ./source/blender/blenkernel/intern/modifier.cc:461 BKE_modifier_set_error: Object: "Rear_cover_flush_screw_recessed_head.002", Modifier: "Face weighted corner normals", Enable 'Auto Smooth' in Object Data Properties
WARN (bke.modifier): ./source/blender/blenkernel/intern/modifier.cc:461 BKE_modifier_set_error: Object: "Rear_cover_flush_screw_recessed_head.003", Modifier: "Face weighted corner normals", Enable 'Auto Smooth' in Object Data Properties
WARN (bke.modifier): ./source/blender/blenkernel/intern/modifier.cc:461 BKE_modifier_set_error: Object: "Rear_cover_flush_screw_recessed_head.004", Modifier: "Face weighted corner normals", Enable 'Auto Smooth' in Object Data Properties
WARN (bke.modifier): ./source/blender/blenkernel/intern/modifier.cc:461 BKE_modifier_set_error: Object: "Rear_cover_flush_screw_recessed_head", Modifier: "Face weighted corner normals", Enable 'Auto Smooth' in Object Data Properties
WARN (bke.modifier): ./source/blender/blenkernel/intern/modifier.cc:461 BKE_modifier_set_error: Object: "Midheight_sled_shelf", Modifier: "Face weighted corner normals", Enable 'Auto Smooth' in Object Data Properties
WARN (bke.modifier): ./source/blender/blenkernel/intern/modifier.cc:461 BKE_modifier_set_error: Object: "Front_cover_flush_screw_recessed_head.023", Modifier: "Face weighted corner normals", Enable 'Auto Smooth' in Object Data Properties
WARN (bke.modifier): ./source/blender/blenkernel/intern/modifier.cc:461 BKE_modifier_set_error: Object: "Rear_cover_flush_screw_recessed_head.005", Modifier: "Face weighted corner normals", Enable 'Auto Smooth' in Object Data Properties
WARN (bke.modifier): ./source/blender/blenkernel/intern/modifier.cc:461 BKE_modifier_set_error: Object: "Midheight_sled_shelf.001", Modifier: "Face weighted corner normals", Enable 'Auto Smooth' in Object Data Properties
WARN (bke.modifier): ./source/blender/blenkernel/intern/modifier.cc:461 BKE_modifier_set_error: Object: "Central_PSU_channel_divider", Modifier: "Face weighted corner normals", Enable 'Auto Smooth' in Object Data Properties
WARN (bke.modifier): ./source/blender/blenkernel/intern/modifier.cc:461 BKE_modifier_set_error: Object: "Front_backplane_shadow", Modifier: "Face weighted corner normals", Enable 'Auto Smooth' in Object Data Properties
WARN (bke.modifier): ./source/blender/blenkernel/intern/modifier.cc:461 BKE_modifier_set_error: Object: "Central_PSU_channel_divider.001", Modifier: "Face weighted corner normals", Enable 'Auto Smooth' in Object Data Properties
WARN (bke.modifier): ./source/blender/blenkernel/intern/modifier.cc:461 BKE_modifier_set_error: Object: "Rear_cover_flush_screw_recessed_head.006", Modifier: "Face weighted corner normals", Enable 'Auto Smooth' in Object Data Properties
WARN (bke.modifier): ./source/blender/blenkernel/intern/modifier.cc:461 BKE_modifier_set_error: Object: "Hidden_backplane_socket.001", Modifier: "Face weighted corner normals", Enable 'Auto Smooth' in Object Data Properties
WARN (bke.modifier): ./source/blender/blenkernel/intern/modifier.cc:461 BKE_modifier_set_error: Object: "Hidden_backplane_socket", Modifier: "Face weighted corner normals", Enable 'Auto Smooth' in Object Data Properties
WARN (bke.modifier): ./source/blender/blenkernel/intern/modifier.cc:461 BKE_modifier_set_error: Object: "Hidden_backplane_socket.002", Modifier: "Face weighted corner normals", Enable 'Auto Smooth' in Object Data Properties
WARN (bke.modifier): ./source/blender/blenkernel/intern/modifier.cc:461 BKE_modifier_set_error: Object: "Hidden_backplane_socket.003", Modifier: "Face weighted corner normals", Enable 'Auto Smooth' in Object Data Properties
WARN (bke.modifier): ./source/blender/blenkernel/intern/modifier.cc:461 BKE_modifier_set_error: Object: "Rack_ear_mount_-1", Modifier: "Face weighted corner normals", Enable 'Auto Smooth' in Object Data Properties
WARN (bke.modifier): ./source/blender/blenkernel/intern/modifier.cc:461 BKE_modifier_set_error: Object: "Control_ear_shell_-1", Modifier: "Face weighted corner normals", Enable 'Auto Smooth' in Object Data Properties
WARN (bke.modifier): ./source/blender/blenkernel/intern/modifier.cc:461 BKE_modifier_set_error: Object: "Front_cage_side_return_-1", Modifier: "Face weighted corner normals", Enable 'Auto Smooth' in Object Data Properties
WARN (bke.modifier): ./source/blender/blenkernel/intern/modifier.cc:461 BKE_modifier_set_error: Object: "Lower_ear_screw_boss_-1", Modifier: "Face weighted corner normals", Enable 'Auto Smooth' in Object Data Properties
WARN (bke.modifier): ./source/blender/blenkernel/intern/modifier.cc:461 BKE_modifier_set_error: Object: "Handle_flat_anchor_-1", Modifier: "Face weighted corner normals", Enable 'Auto Smooth' in Object Data Properties
WARN (bke.modifier): ./source/blender/blenkernel/intern/modifier.cc:461 BKE_modifier_set_error: Object: "Handle_flat_anchor_-1.001", Modifier: "Face weighted corner normals", Enable 'Auto Smooth' in Object Data Properties
WARN (bke.modifier): ./source/blender/blenkernel/intern/modifier.cc:461 BKE_modifier_set_error: Object: "Rack_ear_mount_1", Modifier: "Face weighted corner normals", Enable 'Auto Smooth' in Object Data Properties
WARN (bke.modifier): ./source/blender/blenkernel/intern/modifier.cc:461 BKE_modifier_set_error: Object: "Front_cover_flush_screw_recessed_head.012", Modifier: "Face weighted corner normals", Enable 'Auto Smooth' in Object Data Properties
WARN (bke.modifier): ./source/blender/blenkernel/intern/modifier.cc:461 BKE_modifier_set_error: Object: "Control_ear_shell_1", Modifier: "Face weighted corner normals", Enable 'Auto Smooth' in Object Data Properties
WARN (bke.modifier): ./source/blender/blenkernel/intern/modifier.cc:461 BKE_modifier_set_error: Object: "Lower_ear_screw_boss_1", Modifier: "Face weighted corner normals", Enable 'Auto Smooth' in Object Data Properties
WARN (bke.modifier): ./source/blender/blenkernel/intern/modifier.cc:461 BKE_modifier_set_error: Object: "Front_cage_side_return_1", Modifier: "Face weighted corner normals", Enable 'Auto Smooth' in Object Data Properties
WARN (bke.modifier): ./source/blender/blenkernel/intern/modifier.cc:461 BKE_modifier_set_error: Object: "Handle_flat_anchor_1", Modifier: "Face weighted corner normals", Enable 'Auto Smooth' in Object Data Properties
WARN (bke.modifier): ./source/blender/blenkernel/intern/modifier.cc:461 BKE_modifier_set_error: Object: "Rear_cover_flush_screw_recessed_head.007", Modifier: "Face weighted corner normals", Enable 'Auto Smooth' in Object Data Properties
WARN (bke.modifier): ./source/blender/blenkernel/intern/modifier.cc:461 BKE_modifier_set_error: Object: "Drive_bank_divider_2", Modifier: "Face weighted corner normals", Enable 'Auto Smooth' in Object Data Properties
WARN (bke.modifier): ./source/blender/blenkernel/intern/modifier.cc:461 BKE_modifier_set_error: Object: "Drive_bank_divider_3", Modifier: "Face weighted corner normals", Enable 'Auto Smooth' in Object Data Properties
WARN (bke.modifier): ./source/blender/blenkernel/intern/modifier.cc:461 BKE_modifier_set_error: Object: "Front_upper_rolled_hem", Modifier: "Face weighted corner normals", Enable 'Auto Smooth' in Object Data Properties
WARN (bke.modifier): ./source/blender/blenkernel/intern/modifier.cc:461 BKE_modifier_set_error: Object: "Handle_flat_anchor_1.001", Modifier: "Face weighted corner normals", Enable 'Auto Smooth' in Object Data Properties
WARN (bke.modifier): ./source/blender/blenkernel/intern/modifier.cc:461 BKE_modifier_set_error: Object: "Drive_bank_divider_4", Modifier: "Face weighted corner normals", Enable 'Auto Smooth' in Object Data Properties
WARN (bke.modifier): ./source/blender/blenkernel/intern/modifier.cc:461 BKE_modifier_set_error: Object: "Front_lower_rolled_hem", Modifier: "Face weighted corner normals", Enable 'Auto Smooth' in Object Data Properties
WARN (bke.modifier): ./source/blender/blenkernel/intern/modifier.cc:461 BKE_modifier_set_error: Object: "Control_face_bottom_clip_-1", Modifier: "Face weighted corner normals", Enable 'Auto Smooth' in Object Data Properties
WARN (bke.modifier): ./source/blender/blenkernel/intern/modifier.cc:461 BKE_modifier_set_error: Object: "Drive_bank_divider_0", Modifier: "Face weighted corner normals", Enable 'Auto Smooth' in Object Data Properties
WARN (bke.modifier): ./source/blender/blenkernel/intern/modifier.cc:461 BKE_modifier_set_error: Object: "Drive_bank_divider_1", Modifier: "Face weighted corner normals", Enable 'Auto Smooth' in Object Data Properties
WARN (bke.modifier): ./source/blender/blenkernel/intern/modifier.cc:461 BKE_modifier_set_error: Object: "Front_cover_flush_screw_recessed_head.011", Modifier: "Face weighted corner normals", Enable 'Auto Smooth' in Object Data Properties
WARN (bke.modifier): ./source/blender/blenkernel/intern/modifier.cc:461 BKE_modifier_set_error: Object: "Control_face_inset_-1", Modifier: "Face weighted corner normals", Enable 'Auto Smooth' in Object Data Properties
WARN (bke.modifier): ./source/blender/blenkernel/intern/modifier.cc:461 BKE_modifier_set_error: Object: "Power_button_lens_1", Modifier: "Face weighted corner normals", Enable 'Auto Smooth' in Object Data Properties
WARN (bke.modifier): ./source/blender/blenkernel/intern/modifier.cc:461 BKE_modifier_set_error: Object: "ID_button_lens_1", Modifier: "Face weighted corner normals", Enable 'Auto Smooth' in Object Data Properties
WARN (bke.modifier): ./source/blender/blenkernel/intern/modifier.cc:461 BKE_modifier_set_error: Object: "Power_outer_white_print_1", Modifier: "Face weighted corner normals", Enable 'Auto Smooth' in Object Data Properties
WARN (bke.modifier): ./source/blender/blenkernel/intern/modifier.cc:461 BKE_modifier_set_error: Object: "Power_button_lens_2", Modifier: "Face weighted corner normals", Enable 'Auto Smooth' in Object Data Properties
WARN (bke.modifier): ./source/blender/blenkernel/intern/modifier.cc:461 BKE_modifier_set_error: Object: "ID_button_print_1", Modifier: "Face weighted corner normals", Enable 'Auto Smooth' in Object Data Properties
WARN (bke.modifier): ./source/blender/blenkernel/intern/modifier.cc:461 BKE_modifier_set_error: Object: "Front_cover_flush_screw_recessed_head.010", Modifier: "Face weighted corner normals", Enable 'Auto Smooth' in Object Data Properties
WARN (bke.modifier): ./source/blender/blenkernel/intern/modifier.cc:461 BKE_modifier_set_error: Object: "ID_button_lens_2", Modifier: "Face weighted corner normals", Enable 'Auto Smooth' in Object Data Properties
WARN (bke.modifier): ./source/blender/blenkernel/intern/modifier.cc:461 BKE_modifier_set_error: Object: "Power_outer_white_print_2", Modifier: "Face weighted corner normals", Enable 'Auto Smooth' in Object Data Properties
WARN (bke.modifier): ./source/blender/blenkernel/intern/modifier.cc:461 BKE_modifier_set_error: Object: "ID_button_print_2", Modifier: "Face weighted corner normals", Enable 'Auto Smooth' in Object Data Properties
WARN (bke.modifier): ./source/blender/blenkernel/intern/modifier.cc:461 BKE_modifier_set_error: Object: "Control_face_bottom_clip_1", Modifier: "Face weighted corner normals", Enable 'Auto Smooth' in Object Data Properties
WARN (bke.modifier): ./source/blender/blenkernel/intern/modifier.cc:461 BKE_modifier_set_error: Object: "Control_face_inset_1", Modifier: "Face weighted corner normals", Enable 'Auto Smooth' in Object Data Properties
WARN (bke.modifier): ./source/blender/blenkernel/intern/modifier.cc:461 BKE_modifier_set_error: Object: "Front_cover_flush_screw_recessed_head.009", Modifier: "Face weighted corner normals", Enable 'Auto Smooth' in Object Data Properties
WARN (bke.modifier): ./source/blender/blenkernel/intern/modifier.cc:461 BKE_modifier_set_error: Object: "Power_button_lens_3", Modifier: "Face weighted corner normals", Enable 'Auto Smooth' in Object Data Properties
WARN (bke.modifier): ./source/blender/blenkernel/intern/modifier.cc:461 BKE_modifier_set_error: Object: "Captive_screw_Phillips_-1_recessed_head", Modifier: "Face weighted corner normals", Enable 'Auto Smooth' in Object Data Properties
WARN (bke.modifier): ./source/blender/blenkernel/intern/modifier.cc:461 BKE_modifier_set_error: Object: "Captive_screw_front_bead_-1", Modifier: "Face weighted corner normals", Enable 'Auto Smooth' in Object Data Properties
WARN (bke.modifier): ./source/blender/blenkernel/intern/modifier.cc:461 BKE_modifier_set_error: Object: "Power_outer_white_print_3", Modifier: "Face weighted corner normals", Enable 'Auto Smooth' in Object Data Properties
WARN (bke.modifier): ./source/blender/blenkernel/intern/modifier.cc:461 BKE_modifier_set_error: Object: "ID_button_lens_3", Modifier: "Face weighted corner normals", Enable 'Auto Smooth' in Object Data Properties
WARN (bke.modifier): ./source/blender/blenkernel/intern/modifier.cc:461 BKE_modifier_set_error: Object: "Front_cover_flush_screw_recessed_head.008", Modifier: "Face weighted corner normals", Enable 'Auto Smooth' in Object Data Properties
WARN (bke.modifier): ./source/blender/blenkernel/intern/modifier.cc:461 BKE_modifier_set_error: Object: "Captive_screw_metal_washer_-1", Modifier: "Face weighted corner normals", Enable 'Auto Smooth' in Object Data Properties
WARN (bke.modifier): ./source/blender/blenkernel/intern/modifier.cc:461 BKE_modifier_set_error: Object: "ID_button_print_3", Modifier: "Face weighted corner normals", Enable 'Auto Smooth' in Object Data Properties
WARN (bke.modifier): ./source/blender/blenkernel/intern/modifier.cc:461 BKE_modifier_set_error: Object: "Power_button_lens_4", Modifier: "Face weighted corner normals", Enable 'Auto Smooth' in Object Data Properties
WARN (bke.modifier): ./source/blender/blenkernel/intern/modifier.cc:461 BKE_modifier_set_error: Object: "ID_button_lens_4", Modifier: "Face weighted corner normals", Enable 'Auto Smooth' in Object Data Properties
WARN (bke.modifier): ./source/blender/blenkernel/intern/modifier.cc:461 BKE_modifier_set_error: Object: "Power_outer_white_print_4", Modifier: "Face weighted corner normals", Enable 'Auto Smooth' in Object Data Properties
WARN (bke.modifier): ./source/blender/blenkernel/intern/modifier.cc:461 BKE_modifier_set_error: Object: "Front_cover_flush_screw_recessed_head.007", Modifier: "Face weighted corner normals", Enable 'Auto Smooth' in Object Data Properties
WARN (bke.modifier): ./source/blender/blenkernel/intern/modifier.cc:461 BKE_modifier_set_error: Object: "ID_button_print_4", Modifier: "Face weighted corner normals", Enable 'Auto Smooth' in Object Data Properties
WARN (bke.modifier): ./source/blender/blenkernel/intern/modifier.cc:461 BKE_modifier_set_error: Object: "EST_front_tag_blue_edge", Modifier: "Face weighted corner normals", Enable 'Auto Smooth' in Object Data Properties
WARN (bke.modifier): ./source/blender/blenkernel/intern/modifier.cc:461 BKE_modifier_set_error: Object: "Filler00_inner_sidewall_-1", Modifier: "Face weighted corner normals", Enable 'Auto Smooth' in Object Data Properties
WARN (bke.modifier): ./source/blender/blenkernel/intern/modifier.cc:461 BKE_modifier_set_error: Object: "Captive_screw_metal_washer_1", Modifier: "Face weighted corner normals", Enable 'Auto Smooth' in Object Data Properties
WARN (bke.modifier): ./source/blender/blenkernel/intern/modifier.cc:461 BKE_modifier_set_error: Object: "Filler00_outer_mold_rail", Modifier: "Face weighted corner normals", Enable 'Auto Smooth' in Object Data Properties
WARN (bke.modifier): ./source/blender/blenkernel/intern/modifier.cc:461 BKE_modifier_set_error: Object: "Front_cover_flush_screw_recessed_head.006", Modifier: "Face weighted corner normals", Enable 'Auto Smooth' in Object Data Properties
WARN (bke.modifier): ./source/blender/blenkernel/intern/modifier.cc:461 BKE_modifier_set_error: Object: "Filler00_outer_mold_rail.001", Modifier: "Face weighted corner normals", Enable 'Auto Smooth' in Object Data Properties
WARN (bke.modifier): ./source/blender/blenkernel/intern/modifier.cc:461 BKE_modifier_set_error: Object: "Captive_screw_Phillips_1_recessed_head", Modifier: "Face weighted corner normals", Enable 'Auto Smooth' in Object Data Properties
WARN (bke.modifier): ./source/blender/blenkernel/intern/modifier.cc:461 BKE_modifier_set_error: Object: "Filler00_outer_mold_rail.002", Modifier: "Face weighted corner normals", Enable 'Auto Smooth' in Object Data Properties
WARN (bke.modifier): ./source/blender/blenkernel/intern/modifier.cc:461 BKE_modifier_set_error: Object: "Filler00_inner_sidewall_1", Modifier: "Face weighted corner normals", Enable 'Auto Smooth' in Object Data Properties
WARN (bke.modifier): ./source/blender/blenkernel/intern/modifier.cc:461 BKE_modifier_set_error: Object: "Filler00_outer_mold_rail.003", Modifier: "Face weighted corner normals", Enable 'Auto Smooth' in Object Data Properties
WARN (bke.modifier): ./source/blender/blenkernel/intern/modifier.cc:461 BKE_modifier_set_error: Object: "Filler00_outer_mold_rail.004", Modifier: "Face weighted corner normals", Enable 'Auto Smooth' in Object Data Properties
WARN (bke.modifier): ./source/blender/blenkernel/intern/modifier.cc:461 BKE_modifier_set_error: Object: "Filler00_outer_mold_rail.005", Modifier: "Face weighted corner normals", Enable 'Auto Smooth' in Object Data Properties
WARN (bke.modifier): ./source/blender/blenkernel/intern/modifier.cc:461 BKE_modifier_set_error: Object: "Filler00_internal_cross_rib", Modifier: "Face weighted corner normals", Enable 'Auto Smooth' in Object Data Properties
WARN (bke.modifier): ./source/blender/blenkernel/intern/modifier.cc:461 BKE_modifier_set_error: Object: "Filler00_internal_cross_rib.001", Modifier: "Face weighted corner normals", Enable 'Auto Smooth' in Object Data Properties
WARN (bke.modifier): ./source/blender/blenkernel/intern/modifier.cc:461 BKE_modifier_set_error: Object: "Filler00_internal_cross_rib.002", Modifier: "Face weighted corner normals", Enable 'Auto Smooth' in Object Data Properties
WARN (bke.modifier): ./source/blender/blenkernel/intern/modifier.cc:461 BKE_modifier_set_error: Object: "Filler00_internal_cross_rib.003", Modifier: "Face weighted corner normals", Enable 'Auto Smooth' in Object Data Properties
WARN (bke.modifier): ./source/blender/blenkernel/intern/modifier.cc:461 BKE_modifier_set_error: Object: "Filler00_internal_cross_rib.004", Modifier: "Face weighted corner normals", Enable 'Auto Smooth' in Object Data Properties
WARN (bke.modifier): ./source/blender/blenkernel/intern/modifier.cc:461 BKE_modifier_set_error: Object: "Filler00_fine_vertical_pad_rib.001", Modifier: "Face weighted corner normals", Enable 'Auto Smooth' in Object Data Properties
WARN (bke.modifier): ./source/blender/blenkernel/intern/modifier.cc:461 BKE_modifier_set_error: Object: "Filler00_mold_parting_land.001", Modifier: "Face weighted corner normals", Enable 'Auto Smooth' in Object Data Properties
WARN (bke.modifier): ./source/blender/blenkernel/intern/modifier.cc:461 BKE_modifier_set_error: Object: "Filler00_upper_inset_pad", Modifier: "Face weighted corner normals", Enable 'Auto Smooth' in Object Data Properties
WARN (bke.modifier): ./source/blender/blenkernel/intern/modifier.cc:461 BKE_modifier_set_error: Object: "Front_cover_flush_screw_recessed_head.005", Modifier: "Face weighted corner normals", Enable 'Auto Smooth' in Object Data Properties
WARN (bke.modifier): ./source/blender/blenkernel/intern/modifier.cc:461 BKE_modifier_set_error: Object: "Filler00_top_cross_cap", Modifier: "Face weighted corner normals", Enable 'Auto Smooth' in Object Data Properties
WARN (bke.modifier): ./source/blender/blenkernel/intern/modifier.cc:461 BKE_modifier_set_error: Object: "Filler00_fine_vertical_pad_rib", Modifier: "Face weighted corner normals", Enable 'Auto Smooth' in Object Data Properties
WARN (bke.modifier): ./source/blender/blenkernel/intern/modifier.cc:461 BKE_modifier_set_error: Object: "Filler00_mold_parting_land", Modifier: "Face weighted corner normals", Enable 'Auto Smooth' in Object Data Properties
WARN (bke.modifier): ./source/blender/blenkernel/intern/modifier.cc:461 BKE_modifier_set_error: Object: "Filler00_top_hook_cheek", Modifier: "Face weighted corner normals", Enable 'Auto Smooth' in Object Data Properties
WARN (bke.modifier): ./source/blender/blenkernel/intern/modifier.cc:461 BKE_modifier_set_error: Object: "Captive_screw_front_bead_1", Modifier: "Face weighted corner normals", Enable 'Auto Smooth' in Object Data Properties
WARN (bke.modifier): ./source/blender/blenkernel/intern/modifier.cc:461 BKE_modifier_set_error: Object: "Filler00_top_hook_cheek.001", Modifier: "Face weighted corner normals", Enable 'Auto Smooth' in Object Data Properties
WARN (bke.modifier): ./source/blender/blenkernel/intern/modifier.cc:461 BKE_modifier_set_error: Object: "Filler00_lower_step_top", Modifier: "Face weighted corner normals", Enable 'Auto Smooth' in Object Data Properties
WARN (bke.modifier): ./source/blender/blenkernel/intern/modifier.cc:461 BKE_modifier_set_error: Object: "Filler00_long_center_pad", Modifier: "Face weighted corner normals", Enable 'Auto Smooth' in Object Data Properties
WARN (bke.modifier): ./source/blender/blenkernel/intern/modifier.cc:461 BKE_modifier_set_error: Object: "Filler00_lower_step_bottom", Modifier: "Face weighted corner normals", Enable 'Auto Smooth' in Object Data Properties
WARN (bke.modifier): ./source/blender/blenkernel/intern/modifier.cc:461 BKE_modifier_set_error: Object: "Filler00_recessed_contact_sliver", Modifier: "Face weighted corner normals", Enable 'Auto Smooth' in Object Data Properties
WARN (bke.modifier): ./source/blender/blenkernel/intern/modifier.cc:461 BKE_modifier_set_error: Object: "Filler00_frame_bottom_bar", Modifier: "Face weighted corner normals", Enable 'Auto Smooth' in Object Data Properties
WARN (bke.modifier): ./source/blender/blenkernel/intern/modifier.cc:461 BKE_modifier_set_error: Object: "Front_punched_cheek_-1", Modifier: "Face weighted corner normals", Enable 'Auto Smooth' in Object Data Properties
WARN (bke.modifier): ./source/blender/blenkernel/intern/modifier.cc:461 BKE_modifier_set_error: Object: "Filler00_recessed_contact_sliver.005", Modifier: "Face weighted corner normals", Enable 'Auto Smooth' in Object Data Properties
WARN (bke.modifier): ./source/blender/blenkernel/intern/modifier.cc:461 BKE_modifier_set_error: Object: "Filler00_recessed_contact_sliver.001", Modifier: "Face weighted corner normals", Enable 'Auto Smooth' in Object Data Properties
WARN (bke.modifier): ./source/blender/blenkernel/intern/modifier.cc:461 BKE_modifier_set_error: Object: "Filler00_recessed_contact_sliver.003", Modifier: "Face weighted corner normals", Enable 'Auto Smooth' in Object Data Properties
WARN (bke.modifier): ./source/blender/blenkernel/intern/modifier.cc:461 BKE_modifier_set_error: Object: "Filler00_recessed_contact_sliver.002", Modifier: "Face weighted corner normals", Enable 'Auto Smooth' in Object Data Properties
WARN (bke.modifier): ./source/blender/blenkernel/intern/modifier.cc:461 BKE_modifier_set_error: Object: "Filler00_recessed_contact_sliver.004", Modifier: "Face weighted corner normals", Enable 'Auto Smooth' in Object Data Properties
WARN (bke.modifier): ./source/blender/blenkernel/intern/modifier.cc:461 BKE_modifier_set_error: Object: "Front_punched_cheek_1", Modifier: "Face weighted corner normals", Enable 'Auto Smooth' in Object Data Properties
WARN (bke.modifier): ./source/blender/blenkernel/intern/modifier.cc:461 BKE_modifier_set_error: Object: "Filler00_recessed_contact_sliver.006", Modifier: "Face weighted corner normals", Enable 'Auto Smooth' in Object Data Properties
WARN (bke.modifier): ./source/blender/blenkernel/intern/modifier.cc:461 BKE_modifier_set_error: Object: "Filler00_lower_shaped_foot", Modifier: "Face weighted corner normals", Enable 'Auto Smooth' in Object Data Properties
WARN (bke.modifier): ./source/blender/blenkernel/intern/modifier.cc:461 BKE_modifier_set_error: Object: "Filler00_recessed_contact_sliver.007", Modifier: "Face weighted corner normals", Enable 'Auto Smooth' in Object Data Properties
WARN (bke.modifier): ./source/blender/blenkernel/intern/modifier.cc:461 BKE_modifier_set_error: Object: "Filler00_recessed_contact_sliver.008", Modifier: "Face weighted corner normals", Enable 'Auto Smooth' in Object Data Properties
WARN (bke.modifier): ./source/blender/blenkernel/intern/modifier.cc:461 BKE_modifier_set_error: Object: "Filler00_retention_edge", Modifier: "Face weighted corner normals", Enable 'Auto Smooth' in Object Data Properties
WARN (bke.modifier): ./source/blender/blenkernel/intern/modifier.cc:461 BKE_modifier_set_error: Object: "Filler00_recessed_contact_sliver.009", Modifier: "Face weighted corner normals", Enable 'Auto Smooth' in Object Data Properties
WARN (bke.modifier): ./source/blender/blenkernel/intern/modifier.cc:461 BKE_modifier_set_error: Object: "Filler01_outer_mold_rail", Modifier: "Face weighted corner normals", Enable 'Auto Smooth' in Object Data Properties
WARN (bke.modifier): ./source/blender/blenkernel/intern/modifier.cc:461 BKE_modifier_set_error: Object: "Filler01_inner_sidewall_-1", Modifier: "Face weighted corner normals", Enable 'Auto Smooth' in Object Data Properties
WARN (bke.modifier): ./source/blender/blenkernel/intern/modifier.cc:461 BKE_modifier_set_error: Object: "Filler01_outer_mold_rail.001", Modifier: "Face weighted corner normals", Enable 'Auto Smooth' in Object Data Properties
WARN (bke.modifier): ./source/blender/blenkernel/intern/modifier.cc:461 BKE_modifier_set_error: Object: "Filler01_outer_mold_rail.002", Modifier: "Face weighted corner normals", Enable 'Auto Smooth' in Object Data Properties
WARN (bke.modifier): ./source/blender/blenkernel/intern/modifier.cc:461 BKE_modifier_set_error: Object: "Filler01_inner_sidewall_1", Modifier: "Face weighted corner normals", Enable 'Auto Smooth' in Object Data Properties
WARN (bke.modifier): ./source/blender/blenkernel/intern/modifier.cc:461 BKE_modifier_set_error: Object: "Front_cover_flush_screw_recessed_head.004", Modifier: "Face weighted corner normals", Enable 'Auto Smooth' in Object Data Properties
WARN (bke.modifier): ./source/blender/blenkernel/intern/modifier.cc:461 BKE_modifier_set_error: Object: "Filler01_outer_mold_rail.004", Modifier: "Face weighted corner normals", Enable 'Auto Smooth' in Object Data Properties
WARN (bke.modifier): ./source/blender/blenkernel/intern/modifier.cc:461 BKE_modifier_set_error: Object: "Filler01_internal_cross_rib.003", Modifier: "Face weighted corner normals", Enable 'Auto Smooth' in Object Data Properties
WARN (bke.modifier): ./source/blender/blenkernel/intern/modifier.cc:461 BKE_modifier_set_error: Object: "Filler01_internal_cross_rib.004", Modifier: "Face weighted corner normals", Enable 'Auto Smooth' in Object Data Properties
WARN (bke.modifier): ./source/blender/blenkernel/intern/modifier.cc:461 BKE_modifier_set_error: Object: "Filler01_outer_mold_rail.003", Modifier: "Face weighted corner normals", Enable 'Auto Smooth' in Object Data Properties
WARN (bke.modifier): ./source/blender/blenkernel/intern/modifier.cc:461 BKE_modifier_set_error: Object: "Filler01_outer_mold_rail.005", Modifier: "Face weighted corner normals", Enable 'Auto Smooth' in Object Data Properties
WARN (bke.modifier): ./source/blender/blenkernel/intern/modifier.cc:461 BKE_modifier_set_error: Object: "Filler01_internal_cross_rib", Modifier: "Face weighted corner normals", Enable 'Auto Smooth' in Object Data Properties
WARN (bke.modifier): ./source/blender/blenkernel/intern/modifier.cc:461 BKE_modifier_set_error: Object: "Filler01_internal_cross_rib.001", Modifier: "Face weighted corner normals", Enable 'Auto Smooth' in Object Data Properties
WARN (bke.modifier): ./source/blender/blenkernel/intern/modifier.cc:461 BKE_modifier_set_error: Object: "Filler01_internal_cross_rib.002", Modifier: "Face weighted corner normals", Enable 'Auto Smooth' in Object Data Properties
WARN (bke.modifier): ./source/blender/blenkernel/intern/modifier.cc:461 BKE_modifier_set_error: Object: "Filler01_fine_vertical_pad_rib", Modifier: "Face weighted corner normals", Enable 'Auto Smooth' in Object Data Properties
WARN (bke.modifier): ./source/blender/blenkernel/intern/modifier.cc:461 BKE_modifier_set_error: Object: "Filler01_mold_parting_land", Modifier: "Face weighted corner normals", Enable 'Auto Smooth' in Object Data Properties
WARN (bke.modifier): ./source/blender/blenkernel/intern/modifier.cc:461 BKE_modifier_set_error: Object: "Filler01_fine_vertical_pad_rib.001", Modifier: "Face weighted corner normals", Enable 'Auto Smooth' in Object Data Properties
WARN (bke.modifier): ./source/blender/blenkernel/intern/modifier.cc:461 BKE_modifier_set_error: Object: "Filler01_mold_parting_land.001", Modifier: "Face weighted corner normals", Enable 'Auto Smooth' in Object Data Properties
WARN (bke.modifier): ./source/blender/blenkernel/intern/modifier.cc:461 BKE_modifier_set_error: Object: "Filler01_top_cross_cap", Modifier: "Face weighted corner normals", Enable 'Auto Smooth' in Object Data Properties
WARN (bke.modifier): ./source/blender/blenkernel/intern/modifier.cc:461 BKE_modifier_set_error: Object: "Filler01_top_hook_cheek", Modifier: "Face weighted corner normals", Enable 'Auto Smooth' in Object Data Properties
WARN (bke.modifier): ./source/blender/blenkernel/intern/modifier.cc:461 BKE_modifier_set_error: Object: "Filler01_top_hook_cheek.001", Modifier: "Face weighted corner normals", Enable 'Auto Smooth' in Object Data Properties
WARN (bke.modifier): ./source/blender/blenkernel/intern/modifier.cc:461 BKE_modifier_set_error: Object: "Filler01_lower_step_top", Modifier: "Face weighted corner normals", Enable 'Auto Smooth' in Object Data Properties
WARN (bke.modifier): ./source/blender/blenkernel/intern/modifier.cc:461 BKE_modifier_set_error: Object: "Filler01_lower_step_bottom", Modifier: "Face weighted corner normals", Enable 'Auto Smooth' in Object Data Properties
WARN (bke.modifier): ./source/blender/blenkernel/intern/modifier.cc:461 BKE_modifier_set_error: Object: "Filler01_frame_bottom_bar", Modifier: "Face weighted corner normals", Enable 'Auto Smooth' in Object Data Properties
WARN (bke.modifier): ./source/blender/blenkernel/intern/modifier.cc:461 BKE_modifier_set_error: Object: "Filler01_long_center_pad", Modifier: "Face weighted corner normals", Enable 'Auto Smooth' in Object Data Properties
WARN (bke.modifier): ./source/blender/blenkernel/intern/modifier.cc:461 BKE_modifier_set_error: Object: "Filler01_recessed_contact_sliver", Modifier: "Face weighted corner normals", Enable 'Auto Smooth' in Object Data Properties
WARN (bke.modifier): ./source/blender/blenkernel/intern/modifier.cc:461 BKE_modifier_set_error: Object: "Filler01_upper_inset_pad", Modifier: "Face weighted corner normals", Enable 'Auto Smooth' in Object Data Properties
WARN (bke.modifier): ./source/blender/blenkernel/intern/modifier.cc:461 BKE_modifier_set_error: Object: "Filler01_recessed_contact_sliver.001", Modifier: "Face weighted corner normals", Enable 'Auto Smooth' in Object Data Properties
WARN (bke.modifier): ./source/blender/blenkernel/intern/modifier.cc:461 BKE_modifier_set_error: Object: "Filler01_recessed_contact_sliver.003", Modifier: "Face weighted corner normals", Enable 'Auto Smooth' in Object Data Properties
WARN (bke.modifier): ./source/blender/blenkernel/intern/modifier.cc:461 BKE_modifier_set_error: Object: "Filler01_recessed_contact_sliver.002", Modifier: "Face weighted corner normals", Enable 'Auto Smooth' in Object Data Properties
WARN (bke.modifier): ./source/blender/blenkernel/intern/modifier.cc:461 BKE_modifier_set_error: Object: "Filler01_recessed_contact_sliver.005", Modifier: "Face weighted corner normals", Enable 'Auto Smooth' in Object Data Properties
WARN (bke.modifier): ./source/blender/blenkernel/intern/modifier.cc:461 BKE_modifier_set_error: Object: "Filler01_recessed_contact_sliver.004", Modifier: "Face weighted corner normals", Enable 'Auto Smooth' in Object Data Properties
WARN (bke.modifier): ./source/blender/blenkernel/intern/modifier.cc:461 BKE_modifier_set_error: Object: "Filler01_recessed_contact_sliver.006", Modifier: "Face weighted corner normals", Enable 'Auto Smooth' in Object Data Properties
WARN (bke.modifier): ./source/blender/blenkernel/intern/modifier.cc:461 BKE_modifier_set_error: Object: "Filler01_recessed_contact_sliver.007", Modifier: "Face weighted corner normals", Enable 'Auto Smooth' in Object Data Properties
WARN (bke.modifier): ./source/blender/blenkernel/intern/modifier.cc:461 BKE_modifier_set_error: Object: "Filler01_recessed_contact_sliver.008", Modifier: "Face weighted corner normals", Enable 'Auto Smooth' in Object Data Properties
WARN (bke.modifier): ./source/blender/blenkernel/intern/modifier.cc:461 BKE_modifier_set_error: Object: "Filler01_recessed_contact_sliver.009", Modifier: "Face weighted corner normals", Enable 'Auto Smooth' in Object Data Properties
WARN (bke.modifier): ./source/blender/blenkernel/intern/modifier.cc:461 BKE_modifier_set_error: Object: "Filler01_retention_edge", Modifier: "Face weighted corner normals", Enable 'Auto Smooth' in Object Data Properties
WARN (bke.modifier): ./source/blender/blenkernel/intern/modifier.cc:461 BKE_modifier_set_error: Object: "Filler02_inner_sidewall_-1", Modifier: "Face weighted corner normals", Enable 'Auto Smooth' in Object Data Properties
WARN (bke.modifier): ./source/blender/blenkernel/intern/modifier.cc:461 BKE_modifier_set_error: Object: "Filler02_outer_mold_rail", Modifier: "Face weighted corner normals", Enable 'Auto Smooth' in Object Data Properties
WARN (bke.modifier): ./source/blender/blenkernel/intern/modifier.cc:461 BKE_modifier_set_error: Object: "Filler02_outer_mold_rail.001", Modifier: "Face weighted corner normals", Enable 'Auto Smooth' in Object Data Properties
WARN (bke.modifier): ./source/blender/blenkernel/intern/modifier.cc:461 BKE_modifier_set_error: Object: "Filler02_outer_mold_rail.002", Modifier: "Face weighted corner normals", Enable 'Auto Smooth' in Object Data Properties
WARN (bke.modifier): ./source/blender/blenkernel/intern/modifier.cc:461 BKE_modifier_set_error: Object: "Front_cover_flush_screw_recessed_head.003", Modifier: "Face weighted corner normals", Enable 'Auto Smooth' in Object Data Properties
WARN (bke.modifier): ./source/blender/blenkernel/intern/modifier.cc:461 BKE_modifier_set_error: Object: "Filler02_internal_cross_rib.001", Modifier: "Face weighted corner normals", Enable 'Auto Smooth' in Object Data Properties
WARN (bke.modifier): ./source/blender/blenkernel/intern/modifier.cc:461 BKE_modifier_set_error: Object: "Filler02_internal_cross_rib.002", Modifier: "Face weighted corner normals", Enable 'Auto Smooth' in Object Data Properties
WARN (bke.modifier): ./source/blender/blenkernel/intern/modifier.cc:461 BKE_modifier_set_error: Object: "Filler02_internal_cross_rib.003", Modifier: "Face weighted corner normals", Enable 'Auto Smooth' in Object Data Properties
WARN (bke.modifier): ./source/blender/blenkernel/intern/modifier.cc:461 BKE_modifier_set_error: Object: "Filler02_internal_cross_rib.004", Modifier: "Face weighted corner normals", Enable 'Auto Smooth' in Object Data Properties
WARN (bke.modifier): ./source/blender/blenkernel/intern/modifier.cc:461 BKE_modifier_set_error: Object: "Filler02_inner_sidewall_1", Modifier: "Face weighted corner normals", Enable 'Auto Smooth' in Object Data Properties
WARN (bke.modifier): ./source/blender/blenkernel/intern/modifier.cc:461 BKE_modifier_set_error: Object: "Filler02_outer_mold_rail.003", Modifier: "Face weighted corner normals", Enable 'Auto Smooth' in Object Data Properties
WARN (bke.modifier): ./source/blender/blenkernel/intern/modifier.cc:461 BKE_modifier_set_error: Object: "Filler01_lower_shaped_foot", Modifier: "Face weighted corner normals", Enable 'Auto Smooth' in Object Data Properties
WARN (bke.modifier): ./source/blender/blenkernel/intern/modifier.cc:461 BKE_modifier_set_error: Object: "Filler02_outer_mold_rail.005", Modifier: "Face weighted corner normals", Enable 'Auto Smooth' in Object Data Properties
WARN (bke.modifier): ./source/blender/blenkernel/intern/modifier.cc:461 BKE_modifier_set_error: Object: "Filler02_outer_mold_rail.004", Modifier: "Face weighted corner normals", Enable 'Auto Smooth' in Object Data Properties
WARN (bke.modifier): ./source/blender/blenkernel/intern/modifier.cc:461 BKE_modifier_set_error: Object: "Filler02_internal_cross_rib", Modifier: "Face weighted corner normals", Enable 'Auto Smooth' in Object Data Properties
WARN (bke.modifier): ./source/blender/blenkernel/intern/modifier.cc:461 BKE_modifier_set_error: Object: "Filler02_fine_vertical_pad_rib", Modifier: "Face weighted corner normals", Enable 'Auto Smooth' in Object Data Properties
WARN (bke.modifier): ./source/blender/blenkernel/intern/modifier.cc:461 BKE_modifier_set_error: Object: "Filler02_long_center_pad", Modifier: "Face weighted corner normals", Enable 'Auto Smooth' in Object Data Properties
WARN (bke.modifier): ./source/blender/blenkernel/intern/modifier.cc:461 BKE_modifier_set_error: Object: "Filler02_mold_parting_land", Modifier: "Face weighted corner normals", Enable 'Auto Smooth' in Object Data Properties
WARN (bke.modifier): ./source/blender/blenkernel/intern/modifier.cc:461 BKE_modifier_set_error: Object: "Filler02_mold_parting_land.001", Modifier: "Face weighted corner normals", Enable 'Auto Smooth' in Object Data Properties
WARN (bke.modifier): ./source/blender/blenkernel/intern/modifier.cc:461 BKE_modifier_set_error: Object: "Filler02_fine_vertical_pad_rib.001", Modifier: "Face weighted corner normals", Enable 'Auto Smooth' in Object Data Properties
WARN (bke.modifier): ./source/blender/blenkernel/intern/modifier.cc:461 BKE_modifier_set_error: Object: "Filler02_top_cross_cap", Modifier: "Face weighted corner normals", Enable 'Auto Smooth' in Object Data Properties
WARN (bke.modifier): ./source/blender/blenkernel/intern/modifier.cc:461 BKE_modifier_set_error: Object: "Filler02_top_hook_cheek", Modifier: "Face weighted corner normals", Enable 'Auto Smooth' in Object Data Properties
WARN (bke.modifier): ./source/blender/blenkernel/intern/modifier.cc:461 BKE_modifier_set_error: Object: "Filler02_top_hook_cheek.001", Modifier: "Face weighted corner normals", Enable 'Auto Smooth' in Object Data Properties
WARN (bke.modifier): ./source/blender/blenkernel/intern/modifier.cc:461 BKE_modifier_set_error: Object: "Filler02_lower_step_top", Modifier: "Face weighted corner normals", Enable 'Auto Smooth' in Object Data Properties
WARN (bke.modifier): ./source/blender/blenkernel/intern/modifier.cc:461 BKE_modifier_set_error: Object: "Filler02_lower_step_bottom", Modifier: "Face weighted corner normals", Enable 'Auto Smooth' in Object Data Properties
WARN (bke.modifier): ./source/blender/blenkernel/intern/modifier.cc:461 BKE_modifier_set_error: Object: "Front_cover_flush_screw_recessed_head.002", Modifier: "Face weighted corner normals", Enable 'Auto Smooth' in Object Data Properties
WARN (bke.modifier): ./source/blender/blenkernel/intern/modifier.cc:461 BKE_modifier_set_error: Object: "Filler02_recessed_contact_sliver", Modifier: "Face weighted corner normals", Enable 'Auto Smooth' in Object Data Properties
WARN (bke.modifier): ./source/blender/blenkernel/intern/modifier.cc:461 BKE_modifier_set_error: Object: "Filler02_frame_bottom_bar", Modifier: "Face weighted corner normals", Enable 'Auto Smooth' in Object Data Properties
WARN (bke.modifier): ./source/blender/blenkernel/intern/modifier.cc:461 BKE_modifier_set_error: Object: "Filler02_recessed_contact_sliver.001", Modifier: "Face weighted corner normals", Enable 'Auto Smooth' in Object Data Properties
WARN (bke.modifier): ./source/blender/blenkernel/intern/modifier.cc:461 BKE_modifier_set_error: Object: "Filler02_upper_inset_pad", Modifier: "Face weighted corner normals", Enable 'Auto Smooth' in Object Data Properties
WARN (bke.modifier): ./source/blender/blenkernel/intern/modifier.cc:461 BKE_modifier_set_error: Object: "Filler02_recessed_contact_sliver.002", Modifier: "Face weighted corner normals", Enable 'Auto Smooth' in Object Data Properties
WARN (bke.modifier): ./source/blender/blenkernel/intern/modifier.cc:461 BKE_modifier_set_error: Object: "Filler02_recessed_contact_sliver.003", Modifier: "Face weighted corner normals", Enable 'Auto Smooth' in Object Data Properties
WARN (bke.modifier): ./source/blender/blenkernel/intern/modifier.cc:461 BKE_modifier_set_error: Object: "Filler02_recessed_contact_sliver.004", Modifier: "Face weighted corner normals", Enable 'Auto Smooth' in Object Data Properties
WARN (bke.modifier): ./source/blender/blenkernel/intern/modifier.cc:461 BKE_modifier_set_error: Object: "Filler02_recessed_contact_sliver.005", Modifier: "Face weighted corner normals", Enable 'Auto Smooth' in Object Data Properties
WARN (bke.modifier): ./source/blender/blenkernel/intern/modifier.cc:461 BKE_modifier_set_error: Object: "Filler02_recessed_contact_sliver.006", Modifier: "Face weighted corner normals", Enable 'Auto Smooth' in Object Data Properties
WARN (bke.modifier): ./source/blender/blenkernel/intern/modifier.cc:461 BKE_modifier_set_error: Object: "Filler02_recessed_contact_sliver.007", Modifier: "Face weighted corner normals", Enable 'Auto Smooth' in Object Data Properties
WARN (bke.modifier): ./source/blender/blenkernel/intern/modifier.cc:461 BKE_modifier_set_error: Object: "Filler02_recessed_contact_sliver.008", Modifier: "Face weighted corner normals", Enable 'Auto Smooth' in Object Data Properties
WARN (bke.modifier): ./source/blender/blenkernel/intern/modifier.cc:461 BKE_modifier_set_error: Object: "Filler02_recessed_contact_sliver.009", Modifier: "Face weighted corner normals", Enable 'Auto Smooth' in Object Data Properties
WARN (bke.modifier): ./source/blender/blenkernel/intern/modifier.cc:461 BKE_modifier_set_error: Object: "Filler02_retention_edge", Modifier: "Face weighted corner normals", Enable 'Auto Smooth' in Object Data Properties
WARN (bke.modifier): ./source/blender/blenkernel/intern/modifier.cc:461 BKE_modifier_set_error: Object: "Filler03_inner_sidewall_-1", Modifier: "Face weighted corner normals", Enable 'Auto Smooth' in Object Data Properties
WARN (bke.modifier): ./source/blender/blenkernel/intern/modifier.cc:461 BKE_modifier_set_error: Object: "Filler03_outer_mold_rail", Modifier: "Face weighted corner normals", Enable 'Auto Smooth' in Object Data Properties
WARN (bke.modifier): ./source/blender/blenkernel/intern/modifier.cc:461 BKE_modifier_set_error: Object: "Filler03_outer_mold_rail.001", Modifier: "Face weighted corner normals", Enable 'Auto Smooth' in Object Data Properties
WARN (bke.modifier): ./source/blender/blenkernel/intern/modifier.cc:461 BKE_modifier_set_error: Object: "Filler03_outer_mold_rail.002", Modifier: "Face weighted corner normals", Enable 'Auto Smooth' in Object Data Properties
WARN (bke.modifier): ./source/blender/blenkernel/intern/modifier.cc:461 BKE_modifier_set_error: Object: "Filler03_inner_sidewall_1", Modifier: "Face weighted corner normals", Enable 'Auto Smooth' in Object Data Properties
WARN (bke.modifier): ./source/blender/blenkernel/intern/modifier.cc:461 BKE_modifier_set_error: Object: "Filler03_outer_mold_rail.003", Modifier: "Face weighted corner normals", Enable 'Auto Smooth' in Object Data Properties
WARN (bke.modifier): ./source/blender/blenkernel/intern/modifier.cc:461 BKE_modifier_set_error: Object: "Filler03_outer_mold_rail.004", Modifier: "Face weighted corner normals", Enable 'Auto Smooth' in Object Data Properties
WARN (bke.modifier): ./source/blender/blenkernel/intern/modifier.cc:461 BKE_modifier_set_error: Object: "Filler03_outer_mold_rail.005", Modifier: "Face weighted corner normals", Enable 'Auto Smooth' in Object Data Properties
WARN (bke.modifier): ./source/blender/blenkernel/intern/modifier.cc:461 BKE_modifier_set_error: Object: "Filler02_lower_shaped_foot", Modifier: "Face weighted corner normals", Enable 'Auto Smooth' in Object Data Properties
WARN (bke.modifier): ./source/blender/blenkernel/intern/modifier.cc:461 BKE_modifier_set_error: Object: "Filler03_internal_cross_rib", Modifier: "Face weighted corner normals", Enable 'Auto Smooth' in Object Data Properties
WARN (bke.modifier): ./source/blender/blenkernel/intern/modifier.cc:461 BKE_modifier_set_error: Object: "Filler03_internal_cross_rib.001", Modifier: "Face weighted corner normals", Enable 'Auto Smooth' in Object Data Properties
WARN (bke.modifier): ./source/blender/blenkernel/intern/modifier.cc:461 BKE_modifier_set_error: Object: "Filler03_internal_cross_rib.003", Modifier: "Face weighted corner normals", Enable 'Auto Smooth' in Object Data Properties
WARN (bke.modifier): ./source/blender/blenkernel/intern/modifier.cc:461 BKE_modifier_set_error: Object: "Filler03_internal_cross_rib.002", Modifier: "Face weighted corner normals", Enable 'Auto Smooth' in Object Data Properties
WARN (bke.modifier): ./source/blender/blenkernel/intern/modifier.cc:461 BKE_modifier_set_error: Object: "Filler03_internal_cross_rib.004", Modifier: "Face weighted corner normals", Enable 'Auto Smooth' in Object Data Properties
WARN (bke.modifier): ./source/blender/blenkernel/intern/modifier.cc:461 BKE_modifier_set_error: Object: "Filler03_fine_vertical_pad_rib", Modifier: "Face weighted corner normals", Enable 'Auto Smooth' in Object Data Properties
WARN (bke.modifier): ./source/blender/blenkernel/intern/modifier.cc:461 BKE_modifier_set_error: Object: "Filler03_mold_parting_land", Modifier: "Face weighted corner normals", Enable 'Auto Smooth' in Object Data Properties
WARN (bke.modifier): ./source/blender/blenkernel/intern/modifier.cc:461 BKE_modifier_set_error: Object: "Filler03_fine_vertical_pad_rib.001", Modifier: "Face weighted corner normals", Enable 'Auto Smooth' in Object Data Properties
WARN (bke.modifier): ./source/blender/blenkernel/intern/modifier.cc:461 BKE_modifier_set_error: Object: "Filler03_mold_parting_land.001", Modifier: "Face weighted corner normals", Enable 'Auto Smooth' in Object Data Properties
WARN (bke.modifier): ./source/blender/blenkernel/intern/modifier.cc:461 BKE_modifier_set_error: Object: "Filler03_long_center_pad", Modifier: "Face weighted corner normals", Enable 'Auto Smooth' in Object Data Properties
WARN (bke.modifier): ./source/blender/blenkernel/intern/modifier.cc:461 BKE_modifier_set_error: Object: "Filler03_top_cross_cap", Modifier: "Face weighted corner normals", Enable 'Auto Smooth' in Object Data Properties
WARN (bke.modifier): ./source/blender/blenkernel/intern/modifier.cc:461 BKE_modifier_set_error: Object: "Front_cover_flush_screw_recessed_head.001", Modifier: "Face weighted corner normals", Enable 'Auto Smooth' in Object Data Properties
WARN (bke.modifier): ./source/blender/blenkernel/intern/modifier.cc:461 BKE_modifier_set_error: Object: "Filler03_lower_step_bottom", Modifier: "Face weighted corner normals", Enable 'Auto Smooth' in Object Data Properties
WARN (bke.modifier): ./source/blender/blenkernel/intern/modifier.cc:461 BKE_modifier_set_error: Object: "Filler03_recessed_contact_sliver", Modifier: "Face weighted corner normals", Enable 'Auto Smooth' in Object Data Properties
WARN (bke.modifier): ./source/blender/blenkernel/intern/modifier.cc:461 BKE_modifier_set_error: Object: "Filler03_lower_step_top", Modifier: "Face weighted corner normals", Enable 'Auto Smooth' in Object Data Properties
WARN (bke.modifier): ./source/blender/blenkernel/intern/modifier.cc:461 BKE_modifier_set_error: Object: "Filler03_top_hook_cheek", Modifier: "Face weighted corner normals", Enable 'Auto Smooth' in Object Data Properties
WARN (bke.modifier): ./source/blender/blenkernel/intern/modifier.cc:461 BKE_modifier_set_error: Object: "Filler03_top_hook_cheek.001", Modifier: "Face weighted corner normals", Enable 'Auto Smooth' in Object Data Properties
WARN (bke.modifier): ./source/blender/blenkernel/intern/modifier.cc:461 BKE_modifier_set_error: Object: "Filler03_recessed_contact_sliver.001", Modifier: "Face weighted corner normals", Enable 'Auto Smooth' in Object Data Properties
WARN (bke.modifier): ./source/blender/blenkernel/intern/modifier.cc:461 BKE_modifier_set_error: Object: "Filler03_frame_bottom_bar", Modifier: "Face weighted corner normals", Enable 'Auto Smooth' in Object Data Properties
WARN (bke.modifier): ./source/blender/blenkernel/intern/modifier.cc:461 BKE_modifier_set_error: Object: "Filler03_upper_inset_pad", Modifier: "Face weighted corner normals", Enable 'Auto Smooth' in Object Data Properties
WARN (bke.modifier): ./source/blender/blenkernel/intern/modifier.cc:461 BKE_modifier_set_error: Object: "Filler03_recessed_contact_sliver.002", Modifier: "Face weighted corner normals", Enable 'Auto Smooth' in Object Data Properties
WARN (bke.modifier): ./source/blender/blenkernel/intern/modifier.cc:461 BKE_modifier_set_error: Object: "Filler03_recessed_contact_sliver.003", Modifier: "Face weighted corner normals", Enable 'Auto Smooth' in Object Data Properties
WARN (bke.modifier): ./source/blender/blenkernel/intern/modifier.cc:461 BKE_modifier_set_error: Object: "Filler03_recessed_contact_sliver.004", Modifier: "Face weighted corner normals", Enable 'Auto Smooth' in Object Data Properties
WARN (bke.modifier): ./source/blender/blenkernel/intern/modifier.cc:461 BKE_modifier_set_error: Object: "Filler03_recessed_contact_sliver.006", Modifier: "Face weighted corner normals", Enable 'Auto Smooth' in Object Data Properties
WARN (bke.modifier): ./source/blender/blenkernel/intern/modifier.cc:461 BKE_modifier_set_error: Object: "Filler03_recessed_contact_sliver.005", Modifier: "Face weighted corner normals", Enable 'Auto Smooth' in Object Data Properties
WARN (bke.modifier): ./source/blender/blenkernel/intern/modifier.cc:461 BKE_modifier_set_error: Object: "Filler03_recessed_contact_sliver.007", Modifier: "Face weighted corner normals", Enable 'Auto Smooth' in Object Data Properties
WARN (bke.modifier): ./source/blender/blenkernel/intern/modifier.cc:461 BKE_modifier_set_error: Object: "Filler03_recessed_contact_sliver.008", Modifier: "Face weighted corner normals", Enable 'Auto Smooth' in Object Data Properties
WARN (bke.modifier): ./source/blender/blenkernel/intern/modifier.cc:461 BKE_modifier_set_error: Object: "Filler03_retention_edge", Modifier: "Face weighted corner normals", Enable 'Auto Smooth' in Object Data Properties
WARN (bke.modifier): ./source/blender/blenkernel/intern/modifier.cc:461 BKE_modifier_set_error: Object: "Filler03_recessed_contact_sliver.009", Modifier: "Face weighted corner normals", Enable 'Auto Smooth' in Object Data Properties
WARN (bke.modifier): ./source/blender/blenkernel/intern/modifier.cc:461 BKE_modifier_set_error: Object: "Filler04_inner_sidewall_-1", Modifier: "Face weighted corner normals", Enable 'Auto Smooth' in Object Data Properties
WARN (bke.modifier): ./source/blender/blenkernel/intern/modifier.cc:461 BKE_modifier_set_error: Object: "Filler04_outer_mold_rail", Modifier: "Face weighted corner normals", Enable 'Auto Smooth' in Object Data Properties
WARN (bke.modifier): ./source/blender/blenkernel/intern/modifier.cc:461 BKE_modifier_set_error: Object: "Filler04_outer_mold_rail.002", Modifier: "Face weighted corner normals", Enable 'Auto Smooth' in Object Data Properties
WARN (bke.modifier): ./source/blender/blenkernel/intern/modifier.cc:461 BKE_modifier_set_error: Object: "Filler04_inner_sidewall_1", Modifier: "Face weighted corner normals", Enable 'Auto Smooth' in Object Data Properties
WARN (bke.modifier): ./source/blender/blenkernel/intern/modifier.cc:461 BKE_modifier_set_error: Object: "Filler04_outer_mold_rail.001", Modifier: "Face weighted corner normals", Enable 'Auto Smooth' in Object Data Properties
WARN (bke.modifier): ./source/blender/blenkernel/intern/modifier.cc:461 BKE_modifier_set_error: Object: "Filler04_outer_mold_rail.003", Modifier: "Face weighted corner normals", Enable 'Auto Smooth' in Object Data Properties
WARN (bke.modifier): ./source/blender/blenkernel/intern/modifier.cc:461 BKE_modifier_set_error: Object: "Filler04_outer_mold_rail.004", Modifier: "Face weighted corner normals", Enable 'Auto Smooth' in Object Data Properties
WARN (bke.modifier): ./source/blender/blenkernel/intern/modifier.cc:461 BKE_modifier_set_error: Object: "Filler04_outer_mold_rail.005", Modifier: "Face weighted corner normals", Enable 'Auto Smooth' in Object Data Properties
WARN (bke.modifier): ./source/blender/blenkernel/intern/modifier.cc:461 BKE_modifier_set_error: Object: "Filler03_lower_shaped_foot", Modifier: "Face weighted corner normals", Enable 'Auto Smooth' in Object Data Properties
WARN (bke.modifier): ./source/blender/blenkernel/intern/modifier.cc:461 BKE_modifier_set_error: Object: "Filler04_internal_cross_rib", Modifier: "Face weighted corner normals", Enable 'Auto Smooth' in Object Data Properties
WARN (bke.modifier): ./source/blender/blenkernel/intern/modifier.cc:461 BKE_modifier_set_error: Object: "Filler04_internal_cross_rib.002", Modifier: "Face weighted corner normals", Enable 'Auto Smooth' in Object Data Properties
WARN (bke.modifier): ./source/blender/blenkernel/intern/modifier.cc:461 BKE_modifier_set_error: Object: "Filler04_internal_cross_rib.001", Modifier: "Face weighted corner normals", Enable 'Auto Smooth' in Object Data Properties
WARN (bke.modifier): ./source/blender/blenkernel/intern/modifier.cc:461 BKE_modifier_set_error: Object: "Filler04_internal_cross_rib.004", Modifier: "Face weighted corner normals", Enable 'Auto Smooth' in Object Data Properties
WARN (bke.modifier): ./source/blender/blenkernel/intern/modifier.cc:461 BKE_modifier_set_error: Object: "Filler04_internal_cross_rib.003", Modifier: "Face weighted corner normals", Enable 'Auto Smooth' in Object Data Properties
WARN (bke.modifier): ./source/blender/blenkernel/intern/modifier.cc:461 BKE_modifier_set_error: Object: "Filler04_fine_vertical_pad_rib", Modifier: "Face weighted corner normals", Enable 'Auto Smooth' in Object Data Properties
WARN (bke.modifier): ./source/blender/blenkernel/intern/modifier.cc:461 BKE_modifier_set_error: Object: "Filler04_mold_parting_land", Modifier: "Face weighted corner normals", Enable 'Auto Smooth' in Object Data Properties
WARN (bke.modifier): ./source/blender/blenkernel/intern/modifier.cc:461 BKE_modifier_set_error: Object: "Filler04_fine_vertical_pad_rib.001", Modifier: "Face weighted corner normals", Enable 'Auto Smooth' in Object Data Properties
WARN (bke.modifier): ./source/blender/blenkernel/intern/modifier.cc:461 BKE_modifier_set_error: Object: "Front_cover_flush_screw_recessed_head", Modifier: "Face weighted corner normals", Enable 'Auto Smooth' in Object Data Properties
WARN (bke.modifier): ./source/blender/blenkernel/intern/modifier.cc:461 BKE_modifier_set_error: Object: "Filler04_top_hook_cheek.001", Modifier: "Face weighted corner normals", Enable 'Auto Smooth' in Object Data Properties
WARN (bke.modifier): ./source/blender/blenkernel/intern/modifier.cc:461 BKE_modifier_set_error: Object: "Filler04_upper_inset_pad", Modifier: "Face weighted corner normals", Enable 'Auto Smooth' in Object Data Properties
WARN (bke.modifier): ./source/blender/blenkernel/intern/modifier.cc:461 BKE_modifier_set_error: Object: "Cover_release_metal_tab", Modifier: "Face weighted corner normals", Enable 'Auto Smooth' in Object Data Properties
WARN (bke.modifier): ./source/blender/blenkernel/intern/modifier.cc:461 BKE_modifier_set_error: Object: "Filler04_lower_step_top", Modifier: "Face weighted corner normals", Enable 'Auto Smooth' in Object Data Properties
WARN (bke.modifier): ./source/blender/blenkernel/intern/modifier.cc:461 BKE_modifier_set_error: Object: "Cover_release_recess_back", Modifier: "Face weighted corner normals", Enable 'Auto Smooth' in Object Data Properties
WARN (bke.modifier): ./source/blender/blenkernel/intern/modifier.cc:461 BKE_modifier_set_error: Object: "Cover_traction_pad.001", Modifier: "Face weighted corner normals", Enable 'Auto Smooth' in Object Data Properties
WARN (bke.modifier): ./source/blender/blenkernel/intern/modifier.cc:461 BKE_modifier_set_error: Object: "Filler04_lower_step_bottom", Modifier: "Face weighted corner normals", Enable 'Auto Smooth' in Object Data Properties
WARN (bke.modifier): ./source/blender/blenkernel/intern/modifier.cc:461 BKE_modifier_set_error: Object: "Cover_traction_pad", Modifier: "Face weighted corner normals", Enable 'Auto Smooth' in Object Data Properties
WARN (bke.modifier): ./source/blender/blenkernel/intern/modifier.cc:461 BKE_modifier_set_error: Object: "Filler04_frame_bottom_bar", Modifier: "Face weighted corner normals", Enable 'Auto Smooth' in Object Data Properties
WARN (bke.modifier): ./source/blender/blenkernel/intern/modifier.cc:461 BKE_modifier_set_error: Object: "Underlapping_cover_seam.001", Modifier: "Face weighted corner normals", Enable 'Auto Smooth' in Object Data Properties
WARN (bke.modifier): ./source/blender/blenkernel/intern/modifier.cc:461 BKE_modifier_set_error: Object: "Filler04_lower_shaped_foot", Modifier: "Face weighted corner normals", Enable 'Auto Smooth' in Object Data Properties
WARN (bke.modifier): ./source/blender/blenkernel/intern/modifier.cc:461 BKE_modifier_set_error: Object: "Filler04_recessed_contact_sliver", Modifier: "Face weighted corner normals", Enable 'Auto Smooth' in Object Data Properties
WARN (bke.modifier): ./source/blender/blenkernel/intern/modifier.cc:461 BKE_modifier_set_error: Object: "Underlapping_cover_seam", Modifier: "Face weighted corner normals", Enable 'Auto Smooth' in Object Data Properties
WARN (bke.modifier): ./source/blender/blenkernel/intern/modifier.cc:461 BKE_modifier_set_error: Object: "Filler04_recessed_contact_sliver.002", Modifier: "Face weighted corner normals", Enable 'Auto Smooth' in Object Data Properties
WARN (bke.modifier): ./source/blender/blenkernel/intern/modifier.cc:461 BKE_modifier_set_error: Object: "Filler04_recessed_contact_sliver.001", Modifier: "Face weighted corner normals", Enable 'Auto Smooth' in Object Data Properties
WARN (bke.modifier): ./source/blender/blenkernel/intern/modifier.cc:461 BKE_modifier_set_error: Object: "Filler04_mold_parting_land.001", Modifier: "Face weighted corner normals", Enable 'Auto Smooth' in Object Data Properties
WARN (bke.modifier): ./source/blender/blenkernel/intern/modifier.cc:461 BKE_modifier_set_error: Object: "Filler04_recessed_contact_sliver.003", Modifier: "Face weighted corner normals", Enable 'Auto Smooth' in Object Data Properties
WARN (bke.modifier): ./source/blender/blenkernel/intern/modifier.cc:461 BKE_modifier_set_error: Object: "Filler04_top_cross_cap", Modifier: "Face weighted corner normals", Enable 'Auto Smooth' in Object Data Properties
WARN (bke.modifier): ./source/blender/blenkernel/intern/modifier.cc:461 BKE_modifier_set_error: Object: "Filler04_recessed_contact_sliver.004", Modifier: "Face weighted corner normals", Enable 'Auto Smooth' in Object Data Properties
WARN (bke.modifier): ./source/blender/blenkernel/intern/modifier.cc:461 BKE_modifier_set_error: Object: "Filler04_recessed_contact_sliver.005", Modifier: "Face weighted corner normals", Enable 'Auto Smooth' in Object Data Properties
WARN (bke.modifier): ./source/blender/blenkernel/intern/modifier.cc:461 BKE_modifier_set_error: Object: "Filler04_recessed_contact_sliver.007", Modifier: "Face weighted corner normals", Enable 'Auto Smooth' in Object Data Properties
WARN (bke.modifier): ./source/blender/blenkernel/intern/modifier.cc:461 BKE_modifier_set_error: Object: "Filler04_recessed_contact_sliver.008", Modifier: "Face weighted corner normals", Enable 'Auto Smooth' in Object Data Properties
WARN (bke.modifier): ./source/blender/blenkernel/intern/modifier.cc:461 BKE_modifier_set_error: Object: "Filler04_recessed_contact_sliver.006", Modifier: "Face weighted corner normals", Enable 'Auto Smooth' in Object Data Properties
WARN (bke.modifier): ./source/blender/blenkernel/intern/modifier.cc:461 BKE_modifier_set_error: Object: "Filler04_recessed_contact_sliver.009", Modifier: "Face weighted corner normals", Enable 'Auto Smooth' in Object Data Properties
WARN (bke.modifier): ./source/blender/blenkernel/intern/modifier.cc:461 BKE_modifier_set_error: Object: "Filler04_retention_edge", Modifier: "Face weighted corner normals", Enable 'Auto Smooth' in Object Data Properties
WARN (bke.modifier): ./source/blender/blenkernel/intern/modifier.cc:461 BKE_modifier_set_error: Object: "Filler04_long_center_pad", Modifier: "Face weighted corner normals", Enable 'Auto Smooth' in Object Data Properties
WARN (bke.modifier): ./source/blender/blenkernel/intern/modifier.cc:461 BKE_modifier_set_error: Object: "Filler05_inner_sidewall_-1", Modifier: "Face weighted corner normals", Enable 'Auto Smooth' in Object Data Properties
WARN (bke.modifier): ./source/blender/blenkernel/intern/modifier.cc:461 BKE_modifier_set_error: Object: "Filler05_outer_mold_rail", Modifier: "Face weighted corner normals", Enable 'Auto Smooth' in Object Data Properties
WARN (bke.modifier): ./source/blender/blenkernel/intern/modifier.cc:461 BKE_modifier_set_error: Object: "Filler05_outer_mold_rail.001", Modifier: "Face weighted corner normals", Enable 'Auto Smooth' in Object Data Properties
WARN (bke.modifier): ./source/blender/blenkernel/intern/modifier.cc:461 BKE_modifier_set_error: Object: "Filler05_outer_mold_rail.002", Modifier: "Face weighted corner normals", Enable 'Auto Smooth' in Object Data Properties
WARN (bke.modifier): ./source/blender/blenkernel/intern/modifier.cc:461 BKE_modifier_set_error: Object: "Filler05_outer_mold_rail.004", Modifier: "Face weighted corner normals", Enable 'Auto Smooth' in Object Data Properties
WARN (bke.modifier): ./source/blender/blenkernel/intern/modifier.cc:461 BKE_modifier_set_error: Object: "Filler05_outer_mold_rail.005", Modifier: "Face weighted corner normals", Enable 'Auto Smooth' in Object Data Properties
WARN (bke.modifier): ./source/blender/blenkernel/intern/modifier.cc:461 BKE_modifier_set_error: Object: "Filler05_internal_cross_rib", Modifier: "Face weighted corner normals", Enable 'Auto Smooth' in Object Data Properties
WARN (bke.modifier): ./source/blender/blenkernel/intern/modifier.cc:461 BKE_modifier_set_error: Object: "Filler05_internal_cross_rib.001", Modifier: "Face weighted corner normals", Enable 'Auto Smooth' in Object Data Properties
WARN (bke.modifier): ./source/blender/blenkernel/intern/modifier.cc:461 BKE_modifier_set_error: Object: "Filler05_internal_cross_rib.002", Modifier: "Face weighted corner normals", Enable 'Auto Smooth' in Object Data Properties
WARN (bke.modifier): ./source/blender/blenkernel/intern/modifier.cc:461 BKE_modifier_set_error: Object: "Filler05_internal_cross_rib.003", Modifier: "Face weighted corner normals", Enable 'Auto Smooth' in Object Data Properties
WARN (bke.modifier): ./source/blender/blenkernel/intern/modifier.cc:461 BKE_modifier_set_error: Object: "Filler05_internal_cross_rib.004", Modifier: "Face weighted corner normals", Enable 'Auto Smooth' in Object Data Properties
WARN (bke.modifier): ./source/blender/blenkernel/intern/modifier.cc:461 BKE_modifier_set_error: Object: "Filler05_fine_vertical_pad_rib", Modifier: "Face weighted corner normals", Enable 'Auto Smooth' in Object Data Properties
WARN (bke.modifier): ./source/blender/blenkernel/intern/modifier.cc:461 BKE_modifier_set_error: Object: "Filler05_mold_parting_land", Modifier: "Face weighted corner normals", Enable 'Auto Smooth' in Object Data Properties
WARN (bke.modifier): ./source/blender/blenkernel/intern/modifier.cc:461 BKE_modifier_set_error: Object: "Filler05_fine_vertical_pad_rib.001", Modifier: "Face weighted corner normals", Enable 'Auto Smooth' in Object Data Properties
WARN (bke.modifier): ./source/blender/blenkernel/intern/modifier.cc:461 BKE_modifier_set_error: Object: "Filler05_mold_parting_land.001", Modifier: "Face weighted corner normals", Enable 'Auto Smooth' in Object Data Properties
WARN (bke.modifier): ./source/blender/blenkernel/intern/modifier.cc:461 BKE_modifier_set_error: Object: "Filler05_top_cross_cap", Modifier: "Face weighted corner normals", Enable 'Auto Smooth' in Object Data Properties
WARN (bke.modifier): ./source/blender/blenkernel/intern/modifier.cc:461 BKE_modifier_set_error: Object: "Filler05_long_center_pad", Modifier: "Face weighted corner normals", Enable 'Auto Smooth' in Object Data Properties
WARN (bke.modifier): ./source/blender/blenkernel/intern/modifier.cc:461 BKE_modifier_set_error: Object: "Filler05_top_hook_cheek", Modifier: "Face weighted corner normals", Enable 'Auto Smooth' in Object Data Properties
WARN (bke.modifier): ./source/blender/blenkernel/intern/modifier.cc:461 BKE_modifier_set_error: Object: "Filler05_upper_inset_pad", Modifier: "Face weighted corner normals", Enable 'Auto Smooth' in Object Data Properties
WARN (bke.modifier): ./source/blender/blenkernel/intern/modifier.cc:461 BKE_modifier_set_error: Object: "Filler05_lower_step_top", Modifier: "Face weighted corner normals", Enable 'Auto Smooth' in Object Data Properties
WARN (bke.modifier): ./source/blender/blenkernel/intern/modifier.cc:461 BKE_modifier_set_error: Object: "Filler04_top_hook_cheek", Modifier: "Face weighted corner normals", Enable 'Auto Smooth' in Object Data Properties
WARN (bke.modifier): ./source/blender/blenkernel/intern/modifier.cc:461 BKE_modifier_set_error: Object: "Filler05_frame_bottom_bar", Modifier: "Face weighted corner normals", Enable 'Auto Smooth' in Object Data Properties
WARN (bke.modifier): ./source/blender/blenkernel/intern/modifier.cc:461 BKE_modifier_set_error: Object: "Filler05_lower_step_bottom", Modifier: "Face weighted corner normals", Enable 'Auto Smooth' in Object Data Properties
WARN (bke.modifier): ./source/blender/blenkernel/intern/modifier.cc:461 BKE_modifier_set_error: Object: "Filler05_recessed_contact_sliver", Modifier: "Face weighted corner normals", Enable 'Auto Smooth' in Object Data Properties
WARN (bke.modifier): ./source/blender/blenkernel/intern/modifier.cc:461 BKE_modifier_set_error: Object: "Filler05_recessed_contact_sliver.001", Modifier: "Face weighted corner normals", Enable 'Auto Smooth' in Object Data Properties
WARN (bke.modifier): ./source/blender/blenkernel/intern/modifier.cc:461 BKE_modifier_set_error: Object: "Filler05_recessed_contact_sliver.003", Modifier: "Face weighted corner normals", Enable 'Auto Smooth' in Object Data Properties
WARN (bke.modifier): ./source/blender/blenkernel/intern/modifier.cc:461 BKE_modifier_set_error: Object: "Filler05_outer_mold_rail.003", Modifier: "Face weighted corner normals", Enable 'Auto Smooth' in Object Data Properties
WARN (bke.modifier): ./source/blender/blenkernel/intern/modifier.cc:461 BKE_modifier_set_error: Object: "Filler05_inner_sidewall_1", Modifier: "Face weighted corner normals", Enable 'Auto Smooth' in Object Data Properties
WARN (bke.modifier): ./source/blender/blenkernel/intern/modifier.cc:461 BKE_modifier_set_error: Object: "Filler05_recessed_contact_sliver.004", Modifier: "Face weighted corner normals", Enable 'Auto Smooth' in Object Data Properties
WARN (bke.modifier): ./source/blender/blenkernel/intern/modifier.cc:461 BKE_modifier_set_error: Object: "Filler05_recessed_contact_sliver.005", Modifier: "Face weighted corner normals", Enable 'Auto Smooth' in Object Data Properties
WARN (bke.modifier): ./source/blender/blenkernel/intern/modifier.cc:461 BKE_modifier_set_error: Object: "Filler05_recessed_contact_sliver.006", Modifier: "Face weighted corner normals", Enable 'Auto Smooth' in Object Data Properties
WARN (bke.modifier): ./source/blender/blenkernel/intern/modifier.cc:461 BKE_modifier_set_error: Object: "Filler05_lower_shaped_foot", Modifier: "Face weighted corner normals", Enable 'Auto Smooth' in Object Data Properties
WARN (bke.modifier): ./source/blender/blenkernel/intern/modifier.cc:461 BKE_modifier_set_error: Object: "Filler05_recessed_contact_sliver.007", Modifier: "Face weighted corner normals", Enable 'Auto Smooth' in Object Data Properties
WARN (bke.modifier): ./source/blender/blenkernel/intern/modifier.cc:461 BKE_modifier_set_error: Object: "Filler05_top_hook_cheek.001", Modifier: "Face weighted corner normals", Enable 'Auto Smooth' in Object Data Properties
WARN (bke.modifier): ./source/blender/blenkernel/intern/modifier.cc:461 BKE_modifier_set_error: Object: "Filler05_recessed_contact_sliver.002", Modifier: "Face weighted corner normals", Enable 'Auto Smooth' in Object Data Properties
WARN (bke.modifier): ./source/blender/blenkernel/intern/modifier.cc:461 BKE_modifier_set_error: Object: "Filler05_recessed_contact_sliver.008", Modifier: "Face weighted corner normals", Enable 'Auto Smooth' in Object Data Properties
WARN (bke.modifier): ./source/blender/blenkernel/intern/modifier.cc:461 BKE_modifier_set_error: Object: "Filler05_recessed_contact_sliver.009", Modifier: "Face weighted corner normals", Enable 'Auto Smooth' in Object Data Properties
WARN (bke.modifier): ./source/blender/blenkernel/intern/modifier.cc:461 BKE_modifier_set_error: Object: "Filler05_retention_edge", Modifier: "Face weighted corner normals", Enable 'Auto Smooth' in Object Data Properties
WARN (bke.modifier): ./source/blender/blenkernel/intern/modifier.cc:461 BKE_modifier_set_error: Object: "Filler06_inner_sidewall_-1", Modifier: "Face weighted corner normals", Enable 'Auto Smooth' in Object Data Properties
WARN (bke.modifier): ./source/blender/blenkernel/intern/modifier.cc:461 BKE_modifier_set_error: Object: "Filler06_outer_mold_rail", Modifier: "Face weighted corner normals", Enable 'Auto Smooth' in Object Data Properties
WARN (bke.modifier): ./source/blender/blenkernel/intern/modifier.cc:461 BKE_modifier_set_error: Object: "Filler06_inner_sidewall_1", Modifier: "Face weighted corner normals", Enable 'Auto Smooth' in Object Data Properties
WARN (bke.modifier): ./source/blender/blenkernel/intern/modifier.cc:461 BKE_modifier_set_error: Object: "Filler06_outer_mold_rail.002", Modifier: "Face weighted corner normals", Enable 'Auto Smooth' in Object Data Properties
WARN (bke.modifier): ./source/blender/blenkernel/intern/modifier.cc:461 BKE_modifier_set_error: Object: "Filler06_outer_mold_rail.001", Modifier: "Face weighted corner normals", Enable 'Auto Smooth' in Object Data Properties
WARN (bke.modifier): ./source/blender/blenkernel/intern/modifier.cc:461 BKE_modifier_set_error: Object: "Filler06_outer_mold_rail.003", Modifier: "Face weighted corner normals", Enable 'Auto Smooth' in Object Data Properties
WARN (bke.modifier): ./source/blender/blenkernel/intern/modifier.cc:461 BKE_modifier_set_error: Object: "Filler06_outer_mold_rail.004", Modifier: "Face weighted corner normals", Enable 'Auto Smooth' in Object Data Properties
WARN (bke.modifier): ./source/blender/blenkernel/intern/modifier.cc:461 BKE_modifier_set_error: Object: "Filler06_outer_mold_rail.005", Modifier: "Face weighted corner normals", Enable 'Auto Smooth' in Object Data Properties
WARN (bke.modifier): ./source/blender/blenkernel/intern/modifier.cc:461 BKE_modifier_set_error: Object: "Rear_cover_four_pressed_regions", Modifier: "Face weighted corner normals", Enable 'Auto Smooth' in Object Data Properties
WARN (bke.modifier): ./source/blender/blenkernel/intern/modifier.cc:461 BKE_modifier_set_error: Object: "Filler06_internal_cross_rib", Modifier: "Face weighted corner normals", Enable 'Auto Smooth' in Object Data Properties
WARN (bke.modifier): ./source/blender/blenkernel/intern/modifier.cc:461 BKE_modifier_set_error: Object: "Filler06_internal_cross_rib.002", Modifier: "Face weighted corner normals", Enable 'Auto Smooth' in Object Data Properties
WARN (bke.modifier): ./source/blender/blenkernel/intern/modifier.cc:461 BKE_modifier_set_error: Object: "Filler06_internal_cross_rib.001", Modifier: "Face weighted corner normals", Enable 'Auto Smooth' in Object Data Properties
WARN (bke.modifier): ./source/blender/blenkernel/intern/modifier.cc:461 BKE_modifier_set_error: Object: "Filler06_internal_cross_rib.003", Modifier: "Face weighted corner normals", Enable 'Auto Smooth' in Object Data Properties
WARN (bke.modifier): ./source/blender/blenkernel/intern/modifier.cc:461 BKE_modifier_set_error: Object: "Filler06_internal_cross_rib.004", Modifier: "Face weighted corner normals", Enable 'Auto Smooth' in Object Data Properties
WARN (bke.modifier): ./source/blender/blenkernel/intern/modifier.cc:461 BKE_modifier_set_error: Object: "Filler06_fine_vertical_pad_rib", Modifier: "Face weighted corner normals", Enable 'Auto Smooth' in Object Data Properties
WARN (bke.modifier): ./source/blender/blenkernel/intern/modifier.cc:461 BKE_modifier_set_error: Object: "Filler06_fine_vertical_pad_rib.001", Modifier: "Face weighted corner normals", Enable 'Auto Smooth' in Object Data Properties
WARN (bke.modifier): ./source/blender/blenkernel/intern/modifier.cc:461 BKE_modifier_set_error: Object: "Filler06_mold_parting_land", Modifier: "Face weighted corner normals", Enable 'Auto Smooth' in Object Data Properties
WARN (bke.modifier): ./source/blender/blenkernel/intern/modifier.cc:461 BKE_modifier_set_error: Object: "Filler06_mold_parting_land.001", Modifier: "Face weighted corner normals", Enable 'Auto Smooth' in Object Data Properties
WARN (bke.modifier): ./source/blender/blenkernel/intern/modifier.cc:461 BKE_modifier_set_error: Object: "Filler06_top_cross_cap", Modifier: "Face weighted corner normals", Enable 'Auto Smooth' in Object Data Properties
WARN (bke.modifier): ./source/blender/blenkernel/intern/modifier.cc:461 BKE_modifier_set_error: Object: "Filler06_top_hook_cheek", Modifier: "Face weighted corner normals", Enable 'Auto Smooth' in Object Data Properties
WARN (bke.modifier): ./source/blender/blenkernel/intern/modifier.cc:461 BKE_modifier_set_error: Object: "Filler06_top_hook_cheek.001", Modifier: "Face weighted corner normals", Enable 'Auto Smooth' in Object Data Properties
WARN (bke.modifier): ./source/blender/blenkernel/intern/modifier.cc:461 BKE_modifier_set_error: Object: "Filler06_lower_step_top", Modifier: "Face weighted corner normals", Enable 'Auto Smooth' in Object Data Properties
WARN (bke.modifier): ./source/blender/blenkernel/intern/modifier.cc:461 BKE_modifier_set_error: Object: "Filler06_lower_step_bottom", Modifier: "Face weighted corner normals", Enable 'Auto Smooth' in Object Data Properties
WARN (bke.modifier): ./source/blender/blenkernel/intern/modifier.cc:461 BKE_modifier_set_error: Object: "Filler06_upper_inset_pad", Modifier: "Face weighted corner normals", Enable 'Auto Smooth' in Object Data Properties
WARN (bke.modifier): ./source/blender/blenkernel/intern/modifier.cc:461 BKE_modifier_set_error: Object: "Filler06_frame_bottom_bar", Modifier: "Face weighted corner normals", Enable 'Auto Smooth' in Object Data Properties
WARN (bke.modifier): ./source/blender/blenkernel/intern/modifier.cc:461 BKE_modifier_set_error: Object: "Filler06_long_center_pad", Modifier: "Face weighted corner normals", Enable 'Auto Smooth' in Object Data Properties
WARN (bke.modifier): ./source/blender/blenkernel/intern/modifier.cc:461 BKE_modifier_set_error: Object: "Filler06_recessed_contact_sliver", Modifier: "Face weighted corner normals", Enable 'Auto Smooth' in Object Data Properties
WARN (bke.modifier): ./source/blender/blenkernel/intern/modifier.cc:461 BKE_modifier_set_error: Object: "Filler06_recessed_contact_sliver.001", Modifier: "Face weighted corner normals", Enable 'Auto Smooth' in Object Data Properties
WARN (bke.modifier): ./source/blender/blenkernel/intern/modifier.cc:461 BKE_modifier_set_error: Object: "Filler06_recessed_contact_sliver.002", Modifier: "Face weighted corner normals", Enable 'Auto Smooth' in Object Data Properties
WARN (bke.modifier): ./source/blender/blenkernel/intern/modifier.cc:461 BKE_modifier_set_error: Object: "Filler06_recessed_contact_sliver.004", Modifier: "Face weighted corner normals", Enable 'Auto Smooth' in Object Data Properties
WARN (bke.modifier): ./source/blender/blenkernel/intern/modifier.cc:461 BKE_modifier_set_error: Object: "Filler06_recessed_contact_sliver.006", Modifier: "Face weighted corner normals", Enable 'Auto Smooth' in Object Data Properties
WARN (bke.modifier): ./source/blender/blenkernel/intern/modifier.cc:461 BKE_modifier_set_error: Object: "Filler06_recessed_contact_sliver.003", Modifier: "Face weighted corner normals", Enable 'Auto Smooth' in Object Data Properties
WARN (bke.modifier): ./source/blender/blenkernel/intern/modifier.cc:461 BKE_modifier_set_error: Object: "Filler06_recessed_contact_sliver.007", Modifier: "Face weighted corner normals", Enable 'Auto Smooth' in Object Data Properties
WARN (bke.modifier): ./source/blender/blenkernel/intern/modifier.cc:461 BKE_modifier_set_error: Object: "Filler06_recessed_contact_sliver.008", Modifier: "Face weighted corner normals", Enable 'Auto Smooth' in Object Data Properties
WARN (bke.modifier): ./source/blender/blenkernel/intern/modifier.cc:461 BKE_modifier_set_error: Object: "Filler06_recessed_contact_sliver.005", Modifier: "Face weighted corner normals", Enable 'Auto Smooth' in Object Data Properties
WARN (bke.modifier): ./source/blender/blenkernel/intern/modifier.cc:461 BKE_modifier_set_error: Object: "Filler06_recessed_contact_sliver.009", Modifier: "Face weighted corner normals", Enable 'Auto Smooth' in Object Data Properties
WARN (bke.modifier): ./source/blender/blenkernel/intern/modifier.cc:461 BKE_modifier_set_error: Object: "Filler06_retention_edge", Modifier: "Face weighted corner normals", Enable 'Auto Smooth' in Object Data Properties
WARN (bke.modifier): ./source/blender/blenkernel/intern/modifier.cc:461 BKE_modifier_set_error: Object: "Filler07_inner_sidewall_-1", Modifier: "Face weighted corner normals", Enable 'Auto Smooth' in Object Data Properties
WARN (bke.modifier): ./source/blender/blenkernel/intern/modifier.cc:461 BKE_modifier_set_error: Object: "Filler07_outer_mold_rail", Modifier: "Face weighted corner normals", Enable 'Auto Smooth' in Object Data Properties
WARN (bke.modifier): ./source/blender/blenkernel/intern/modifier.cc:461 BKE_modifier_set_error: Object: "Filler07_outer_mold_rail.001", Modifier: "Face weighted corner normals", Enable 'Auto Smooth' in Object Data Properties
WARN (bke.modifier): ./source/blender/blenkernel/intern/modifier.cc:461 BKE_modifier_set_error: Object: "Filler07_outer_mold_rail.002", Modifier: "Face weighted corner normals", Enable 'Auto Smooth' in Object Data Properties
WARN (bke.modifier): ./source/blender/blenkernel/intern/modifier.cc:461 BKE_modifier_set_error: Object: "Filler06_lower_shaped_foot", Modifier: "Face weighted corner normals", Enable 'Auto Smooth' in Object Data Properties
WARN (bke.modifier): ./source/blender/blenkernel/intern/modifier.cc:461 BKE_modifier_set_error: Object: "Filler07_outer_mold_rail.004", Modifier: "Face weighted corner normals", Enable 'Auto Smooth' in Object Data Properties
WARN (bke.modifier): ./source/blender/blenkernel/intern/modifier.cc:461 BKE_modifier_set_error: Object: "Filler07_outer_mold_rail.003", Modifier: "Face weighted corner normals", Enable 'Auto Smooth' in Object Data Properties
WARN (bke.modifier): ./source/blender/blenkernel/intern/modifier.cc:461 BKE_modifier_set_error: Object: "Filler07_outer_mold_rail.005", Modifier: "Face weighted corner normals", Enable 'Auto Smooth' in Object Data Properties
WARN (bke.modifier): ./source/blender/blenkernel/intern/modifier.cc:461 BKE_modifier_set_error: Object: "Filler07_internal_cross_rib", Modifier: "Face weighted corner normals", Enable 'Auto Smooth' in Object Data Properties
WARN (bke.modifier): ./source/blender/blenkernel/intern/modifier.cc:461 BKE_modifier_set_error: Object: "Filler07_inner_sidewall_1", Modifier: "Face weighted corner normals", Enable 'Auto Smooth' in Object Data Properties
WARN (bke.modifier): ./source/blender/blenkernel/intern/modifier.cc:461 BKE_modifier_set_error: Object: "Filler07_internal_cross_rib.001", Modifier: "Face weighted corner normals", Enable 'Auto Smooth' in Object Data Properties
WARN (bke.modifier): ./source/blender/blenkernel/intern/modifier.cc:461 BKE_modifier_set_error: Object: "Filler07_internal_cross_rib.002", Modifier: "Face weighted corner normals", Enable 'Auto Smooth' in Object Data Properties
WARN (bke.modifier): ./source/blender/blenkernel/intern/modifier.cc:461 BKE_modifier_set_error: Object: "Filler07_internal_cross_rib.004", Modifier: "Face weighted corner normals", Enable 'Auto Smooth' in Object Data Properties
WARN (bke.modifier): ./source/blender/blenkernel/intern/modifier.cc:461 BKE_modifier_set_error: Object: "Filler07_internal_cross_rib.003", Modifier: "Face weighted corner normals", Enable 'Auto Smooth' in Object Data Properties
WARN (bke.modifier): ./source/blender/blenkernel/intern/modifier.cc:461 BKE_modifier_set_error: Object: "Filler07_fine_vertical_pad_rib", Modifier: "Face weighted corner normals", Enable 'Auto Smooth' in Object Data Properties
WARN (bke.modifier): ./source/blender/blenkernel/intern/modifier.cc:461 BKE_modifier_set_error: Object: "Filler07_mold_parting_land", Modifier: "Face weighted corner normals", Enable 'Auto Smooth' in Object Data Properties
WARN (bke.modifier): ./source/blender/blenkernel/intern/modifier.cc:461 BKE_modifier_set_error: Object: "Filler07_fine_vertical_pad_rib.001", Modifier: "Face weighted corner normals", Enable 'Auto Smooth' in Object Data Properties
WARN (bke.modifier): ./source/blender/blenkernel/intern/modifier.cc:461 BKE_modifier_set_error: Object: "Filler07_mold_parting_land.001", Modifier: "Face weighted corner normals", Enable 'Auto Smooth' in Object Data Properties
WARN (bke.modifier): ./source/blender/blenkernel/intern/modifier.cc:461 BKE_modifier_set_error: Object: "Captive_screw_knurled_grip_-1", Modifier: "Face weighted corner normals", Enable 'Auto Smooth' in Object Data Properties
WARN (bke.modifier): ./source/blender/blenkernel/intern/modifier.cc:461 BKE_modifier_set_error: Object: "Filler07_top_cross_cap", Modifier: "Face weighted corner normals", Enable 'Auto Smooth' in Object Data Properties
WARN (bke.modifier): ./source/blender/blenkernel/intern/modifier.cc:461 BKE_modifier_set_error: Object: "Filler07_top_hook_cheek", Modifier: "Face weighted corner normals", Enable 'Auto Smooth' in Object Data Properties
WARN (bke.modifier): ./source/blender/blenkernel/intern/modifier.cc:461 BKE_modifier_set_error: Object: "Filler07_top_hook_cheek.001", Modifier: "Face weighted corner normals", Enable 'Auto Smooth' in Object Data Properties
WARN (bke.modifier): ./source/blender/blenkernel/intern/modifier.cc:461 BKE_modifier_set_error: Object: "Filler07_lower_step_top", Modifier: "Face weighted corner normals", Enable 'Auto Smooth' in Object Data Properties
WARN (bke.modifier): ./source/blender/blenkernel/intern/modifier.cc:461 BKE_modifier_set_error: Object: "Filler07_lower_step_bottom", Modifier: "Face weighted corner normals", Enable 'Auto Smooth' in Object Data Properties
WARN (bke.modifier): ./source/blender/blenkernel/intern/modifier.cc:461 BKE_modifier_set_error: Object: "Filler07_frame_bottom_bar", Modifier: "Face weighted corner normals", Enable 'Auto Smooth' in Object Data Properties
WARN (bke.modifier): ./source/blender/blenkernel/intern/modifier.cc:461 BKE_modifier_set_error: Object: "Filler07_recessed_contact_sliver", Modifier: "Face weighted corner normals", Enable 'Auto Smooth' in Object Data Properties
WARN (bke.modifier): ./source/blender/blenkernel/intern/modifier.cc:461 BKE_modifier_set_error: Object: "Filler07_recessed_contact_sliver.001", Modifier: "Face weighted corner normals", Enable 'Auto Smooth' in Object Data Properties
WARN (bke.modifier): ./source/blender/blenkernel/intern/modifier.cc:461 BKE_modifier_set_error: Object: "Filler07_upper_inset_pad", Modifier: "Face weighted corner normals", Enable 'Auto Smooth' in Object Data Properties
WARN (bke.modifier): ./source/blender/blenkernel/intern/modifier.cc:461 BKE_modifier_set_error: Object: "Filler07_recessed_contact_sliver.004", Modifier: "Face weighted corner normals", Enable 'Auto Smooth' in Object Data Properties
WARN (bke.modifier): ./source/blender/blenkernel/intern/modifier.cc:461 BKE_modifier_set_error: Object: "Filler07_recessed_contact_sliver.003", Modifier: "Face weighted corner normals", Enable 'Auto Smooth' in Object Data Properties
WARN (bke.modifier): ./source/blender/blenkernel/intern/modifier.cc:461 BKE_modifier_set_error: Object: "Filler07_recessed_contact_sliver.002", Modifier: "Face weighted corner normals", Enable 'Auto Smooth' in Object Data Properties
WARN (bke.modifier): ./source/blender/blenkernel/intern/modifier.cc:461 BKE_modifier_set_error: Object: "Filler07_long_center_pad", Modifier: "Face weighted corner normals", Enable 'Auto Smooth' in Object Data Properties
WARN (bke.modifier): ./source/blender/blenkernel/intern/modifier.cc:461 BKE_modifier_set_error: Object: "Filler07_recessed_contact_sliver.005", Modifier: "Face weighted corner normals", Enable 'Auto Smooth' in Object Data Properties
WARN (bke.modifier): ./source/blender/blenkernel/intern/modifier.cc:461 BKE_modifier_set_error: Object: "Filler07_recessed_contact_sliver.006", Modifier: "Face weighted corner normals", Enable 'Auto Smooth' in Object Data Properties
WARN (bke.modifier): ./source/blender/blenkernel/intern/modifier.cc:461 BKE_modifier_set_error: Object: "Filler07_recessed_contact_sliver.009", Modifier: "Face weighted corner normals", Enable 'Auto Smooth' in Object Data Properties
WARN (bke.modifier): ./source/blender/blenkernel/intern/modifier.cc:461 BKE_modifier_set_error: Object: "Filler07_recessed_contact_sliver.008", Modifier: "Face weighted corner normals", Enable 'Auto Smooth' in Object Data Properties
WARN (bke.modifier): ./source/blender/blenkernel/intern/modifier.cc:461 BKE_modifier_set_error: Object: "Filler07_retention_edge", Modifier: "Face weighted corner normals", Enable 'Auto Smooth' in Object Data Properties
WARN (bke.modifier): ./source/blender/blenkernel/intern/modifier.cc:461 BKE_modifier_set_error: Object: "Filler07_recessed_contact_sliver.007", Modifier: "Face weighted corner normals", Enable 'Auto Smooth' in Object Data Properties
WARN (bke.modifier): ./source/blender/blenkernel/intern/modifier.cc:461 BKE_modifier_set_error: Object: "Filler07_lower_shaped_foot", Modifier: "Face weighted corner normals", Enable 'Auto Smooth' in Object Data Properties
WARN (bke.modifier): ./source/blender/blenkernel/intern/modifier.cc:461 BKE_modifier_set_error: Object: "Filler08_outer_mold_rail.001", Modifier: "Face weighted corner normals", Enable 'Auto Smooth' in Object Data Properties
WARN (bke.modifier): ./source/blender/blenkernel/intern/modifier.cc:461 BKE_modifier_set_error: Object: "Main_cover_with_label_pressing", Modifier: "Face weighted corner normals", Enable 'Auto Smooth' in Object Data Properties
WARN (bke.modifier): ./source/blender/blenkernel/intern/modifier.cc:461 BKE_modifier_set_error: Object: "Filler08_outer_mold_rail.003", Modifier: "Face weighted corner normals", Enable 'Auto Smooth' in Object Data Properties
WARN (bke.modifier): ./source/blender/blenkernel/intern/modifier.cc:461 BKE_modifier_set_error: Object: "Filler08_inner_sidewall_-1", Modifier: "Face weighted corner normals", Enable 'Auto Smooth' in Object Data Properties
WARN (bke.modifier): ./source/blender/blenkernel/intern/modifier.cc:461 BKE_modifier_set_error: Object: "Filler08_outer_mold_rail.005", Modifier: "Face weighted corner normals", Enable 'Auto Smooth' in Object Data Properties
WARN (bke.modifier): ./source/blender/blenkernel/intern/modifier.cc:461 BKE_modifier_set_error: Object: "Filler08_internal_cross_rib", Modifier: "Face weighted corner normals", Enable 'Auto Smooth' in Object Data Properties
WARN (bke.modifier): ./source/blender/blenkernel/intern/modifier.cc:461 BKE_modifier_set_error: Object: "Filler08_internal_cross_rib.001", Modifier: "Face weighted corner normals", Enable 'Auto Smooth' in Object Data Properties
WARN (bke.modifier): ./source/blender/blenkernel/intern/modifier.cc:461 BKE_modifier_set_error: Object: "Filler08_outer_mold_rail", Modifier: "Face weighted corner normals", Enable 'Auto Smooth' in Object Data Properties
WARN (bke.modifier): ./source/blender/blenkernel/intern/modifier.cc:461 BKE_modifier_set_error: Object: "Filler08_outer_mold_rail.002", Modifier: "Face weighted corner normals", Enable 'Auto Smooth' in Object Data Properties
WARN (bke.modifier): ./source/blender/blenkernel/intern/modifier.cc:461 BKE_modifier_set_error: Object: "Filler08_internal_cross_rib.003", Modifier: "Face weighted corner normals", Enable 'Auto Smooth' in Object Data Properties
WARN (bke.modifier): ./source/blender/blenkernel/intern/modifier.cc:461 BKE_modifier_set_error: Object: "Filler08_internal_cross_rib.004", Modifier: "Face weighted corner normals", Enable 'Auto Smooth' in Object Data Properties
WARN (bke.modifier): ./source/blender/blenkernel/intern/modifier.cc:461 BKE_modifier_set_error: Object: "Filler08_internal_cross_rib.002", Modifier: "Face weighted corner normals", Enable 'Auto Smooth' in Object Data Properties
WARN (bke.modifier): ./source/blender/blenkernel/intern/modifier.cc:461 BKE_modifier_set_error: Object: "Filler08_inner_sidewall_1", Modifier: "Face weighted corner normals", Enable 'Auto Smooth' in Object Data Properties
WARN (bke.modifier): ./source/blender/blenkernel/intern/modifier.cc:461 BKE_modifier_set_error: Object: "Filler08_fine_vertical_pad_rib.001", Modifier: "Face weighted corner normals", Enable 'Auto Smooth' in Object Data Properties
WARN (bke.modifier): ./source/blender/blenkernel/intern/modifier.cc:461 BKE_modifier_set_error: Object: "Filler08_outer_mold_rail.004", Modifier: "Face weighted corner normals", Enable 'Auto Smooth' in Object Data Properties
WARN (bke.modifier): ./source/blender/blenkernel/intern/modifier.cc:461 BKE_modifier_set_error: Object: "Filler08_mold_parting_land", Modifier: "Face weighted corner normals", Enable 'Auto Smooth' in Object Data Properties
WARN (bke.modifier): ./source/blender/blenkernel/intern/modifier.cc:461 BKE_modifier_set_error: Object: "Filler08_mold_parting_land.001", Modifier: "Face weighted corner normals", Enable 'Auto Smooth' in Object Data Properties
WARN (bke.modifier): ./source/blender/blenkernel/intern/modifier.cc:461 BKE_modifier_set_error: Object: "Filler08_fine_vertical_pad_rib", Modifier: "Face weighted corner normals", Enable 'Auto Smooth' in Object Data Properties
WARN (bke.modifier): ./source/blender/blenkernel/intern/modifier.cc:461 BKE_modifier_set_error: Object: "Filler08_top_cross_cap", Modifier: "Face weighted corner normals", Enable 'Auto Smooth' in Object Data Properties
WARN (bke.modifier): ./source/blender/blenkernel/intern/modifier.cc:461 BKE_modifier_set_error: Object: "Filler08_lower_step_top", Modifier: "Face weighted corner normals", Enable 'Auto Smooth' in Object Data Properties
WARN (bke.modifier): ./source/blender/blenkernel/intern/modifier.cc:461 BKE_modifier_set_error: Object: "Filler08_long_center_pad", Modifier: "Face weighted corner normals", Enable 'Auto Smooth' in Object Data Properties
WARN (bke.modifier): ./source/blender/blenkernel/intern/modifier.cc:461 BKE_modifier_set_error: Object: "Filler08_frame_bottom_bar", Modifier: "Face weighted corner normals", Enable 'Auto Smooth' in Object Data Properties
WARN (bke.modifier): ./source/blender/blenkernel/intern/modifier.cc:461 BKE_modifier_set_error: Object: "Filler08_top_hook_cheek", Modifier: "Face weighted corner normals", Enable 'Auto Smooth' in Object Data Properties
WARN (bke.modifier): ./source/blender/blenkernel/intern/modifier.cc:461 BKE_modifier_set_error: Object: "Filler08_top_hook_cheek.001", Modifier: "Face weighted corner normals", Enable 'Auto Smooth' in Object Data Properties
WARN (bke.modifier): ./source/blender/blenkernel/intern/modifier.cc:461 BKE_modifier_set_error: Object: "Filler08_lower_step_bottom", Modifier: "Face weighted corner normals", Enable 'Auto Smooth' in Object Data Properties
WARN (bke.modifier): ./source/blender/blenkernel/intern/modifier.cc:461 BKE_modifier_set_error: Object: "Filler08_recessed_contact_sliver", Modifier: "Face weighted corner normals", Enable 'Auto Smooth' in Object Data Properties
WARN (bke.modifier): ./source/blender/blenkernel/intern/modifier.cc:461 BKE_modifier_set_error: Object: "Filler08_recessed_contact_sliver.001", Modifier: "Face weighted corner normals", Enable 'Auto Smooth' in Object Data Properties
WARN (bke.modifier): ./source/blender/blenkernel/intern/modifier.cc:461 BKE_modifier_set_error: Object: "Filler08_recessed_contact_sliver.002", Modifier: "Face weighted corner normals", Enable 'Auto Smooth' in Object Data Properties
WARN (bke.modifier): ./source/blender/blenkernel/intern/modifier.cc:461 BKE_modifier_set_error: Object: "Filler08_recessed_contact_sliver.003", Modifier: "Face weighted corner normals", Enable 'Auto Smooth' in Object Data Properties
WARN (bke.modifier): ./source/blender/blenkernel/intern/modifier.cc:461 BKE_modifier_set_error: Object: "Filler08_recessed_contact_sliver.004", Modifier: "Face weighted corner normals", Enable 'Auto Smooth' in Object Data Properties
WARN (bke.modifier): ./source/blender/blenkernel/intern/modifier.cc:461 BKE_modifier_set_error: Object: "Filler08_recessed_contact_sliver.005", Modifier: "Face weighted corner normals", Enable 'Auto Smooth' in Object Data Properties
WARN (bke.modifier): ./source/blender/blenkernel/intern/modifier.cc:461 BKE_modifier_set_error: Object: "Filler08_upper_inset_pad", Modifier: "Face weighted corner normals", Enable 'Auto Smooth' in Object Data Properties
WARN (bke.modifier): ./source/blender/blenkernel/intern/modifier.cc:461 BKE_modifier_set_error: Object: "Filler08_recessed_contact_sliver.006", Modifier: "Face weighted corner normals", Enable 'Auto Smooth' in Object Data Properties
WARN (bke.modifier): ./source/blender/blenkernel/intern/modifier.cc:461 BKE_modifier_set_error: Object: "Filler08_recessed_contact_sliver.007", Modifier: "Face weighted corner normals", Enable 'Auto Smooth' in Object Data Properties
WARN (bke.modifier): ./source/blender/blenkernel/intern/modifier.cc:461 BKE_modifier_set_error: Object: "Filler08_recessed_contact_sliver.008", Modifier: "Face weighted corner normals", Enable 'Auto Smooth' in Object Data Properties
WARN (bke.modifier): ./source/blender/blenkernel/intern/modifier.cc:461 BKE_modifier_set_error: Object: "Filler08_recessed_contact_sliver.009", Modifier: "Face weighted corner normals", Enable 'Auto Smooth' in Object Data Properties
WARN (bke.modifier): ./source/blender/blenkernel/intern/modifier.cc:461 BKE_modifier_set_error: Object: "Filler08_retention_edge", Modifier: "Face weighted corner normals", Enable 'Auto Smooth' in Object Data Properties
WARN (bke.modifier): ./source/blender/blenkernel/intern/modifier.cc:461 BKE_modifier_set_error: Object: "Filler09_inner_sidewall_-1", Modifier: "Face weighted corner normals", Enable 'Auto Smooth' in Object Data Properties
WARN (bke.modifier): ./source/blender/blenkernel/intern/modifier.cc:461 BKE_modifier_set_error: Object: "Filler09_outer_mold_rail.001", Modifier: "Face weighted corner normals", Enable 'Auto Smooth' in Object Data Properties
WARN (bke.modifier): ./source/blender/blenkernel/intern/modifier.cc:461 BKE_modifier_set_error: Object: "Filler09_outer_mold_rail", Modifier: "Face weighted corner normals", Enable 'Auto Smooth' in Object Data Properties
WARN (bke.modifier): ./source/blender/blenkernel/intern/modifier.cc:461 BKE_modifier_set_error: Object: "Filler09_outer_mold_rail.002", Modifier: "Face weighted corner normals", Enable 'Auto Smooth' in Object Data Properties
WARN (bke.modifier): ./source/blender/blenkernel/intern/modifier.cc:461 BKE_modifier_set_error: Object: "Filler09_inner_sidewall_1", Modifier: "Face weighted corner normals", Enable 'Auto Smooth' in Object Data Properties
WARN (bke.modifier): ./source/blender/blenkernel/intern/modifier.cc:461 BKE_modifier_set_error: Object: "Filler09_outer_mold_rail.003", Modifier: "Face weighted corner normals", Enable 'Auto Smooth' in Object Data Properties
WARN (bke.modifier): ./source/blender/blenkernel/intern/modifier.cc:461 BKE_modifier_set_error: Object: "Filler09_internal_cross_rib", Modifier: "Face weighted corner normals", Enable 'Auto Smooth' in Object Data Properties
WARN (bke.modifier): ./source/blender/blenkernel/intern/modifier.cc:461 BKE_modifier_set_error: Object: "Filler09_internal_cross_rib.001", Modifier: "Face weighted corner normals", Enable 'Auto Smooth' in Object Data Properties
WARN (bke.modifier): ./source/blender/blenkernel/intern/modifier.cc:461 BKE_modifier_set_error: Object: "Filler09_internal_cross_rib.003", Modifier: "Face weighted corner normals", Enable 'Auto Smooth' in Object Data Properties
WARN (bke.modifier): ./source/blender/blenkernel/intern/modifier.cc:461 BKE_modifier_set_error: Object: "Filler09_internal_cross_rib.002", Modifier: "Face weighted corner normals", Enable 'Auto Smooth' in Object Data Properties
WARN (bke.modifier): ./source/blender/blenkernel/intern/modifier.cc:461 BKE_modifier_set_error: Object: "Filler09_outer_mold_rail.004", Modifier: "Face weighted corner normals", Enable 'Auto Smooth' in Object Data Properties
WARN (bke.modifier): ./source/blender/blenkernel/intern/modifier.cc:461 BKE_modifier_set_error: Object: "Filler09_outer_mold_rail.005", Modifier: "Face weighted corner normals", Enable 'Auto Smooth' in Object Data Properties
WARN (bke.modifier): ./source/blender/blenkernel/intern/modifier.cc:461 BKE_modifier_set_error: Object: "Filler09_internal_cross_rib.004", Modifier: "Face weighted corner normals", Enable 'Auto Smooth' in Object Data Properties
WARN (bke.modifier): ./source/blender/blenkernel/intern/modifier.cc:461 BKE_modifier_set_error: Object: "Filler09_fine_vertical_pad_rib", Modifier: "Face weighted corner normals", Enable 'Auto Smooth' in Object Data Properties
WARN (bke.modifier): ./source/blender/blenkernel/intern/modifier.cc:461 BKE_modifier_set_error: Object: "Filler09_mold_parting_land", Modifier: "Face weighted corner normals", Enable 'Auto Smooth' in Object Data Properties
WARN (bke.modifier): ./source/blender/blenkernel/intern/modifier.cc:461 BKE_modifier_set_error: Object: "Filler09_fine_vertical_pad_rib.001", Modifier: "Face weighted corner normals", Enable 'Auto Smooth' in Object Data Properties
WARN (bke.modifier): ./source/blender/blenkernel/intern/modifier.cc:461 BKE_modifier_set_error: Object: "Filler09_mold_parting_land.001", Modifier: "Face weighted corner normals", Enable 'Auto Smooth' in Object Data Properties
WARN (bke.modifier): ./source/blender/blenkernel/intern/modifier.cc:461 BKE_modifier_set_error: Object: "Filler09_top_hook_cheek", Modifier: "Face weighted corner normals", Enable 'Auto Smooth' in Object Data Properties
WARN (bke.modifier): ./source/blender/blenkernel/intern/modifier.cc:461 BKE_modifier_set_error: Object: "Filler09_top_cross_cap", Modifier: "Face weighted corner normals", Enable 'Auto Smooth' in Object Data Properties
WARN (bke.modifier): ./source/blender/blenkernel/intern/modifier.cc:461 BKE_modifier_set_error: Object: "Filler09_top_hook_cheek.001", Modifier: "Face weighted corner normals", Enable 'Auto Smooth' in Object Data Properties
WARN (bke.modifier): ./source/blender/blenkernel/intern/modifier.cc:461 BKE_modifier_set_error: Object: "Filler09_lower_step_top", Modifier: "Face weighted corner normals", Enable 'Auto Smooth' in Object Data Properties
WARN (bke.modifier): ./source/blender/blenkernel/intern/modifier.cc:461 BKE_modifier_set_error: Object: "Filler09_lower_step_bottom", Modifier: "Face weighted corner normals", Enable 'Auto Smooth' in Object Data Properties
WARN (bke.modifier): ./source/blender/blenkernel/intern/modifier.cc:461 BKE_modifier_set_error: Object: "Filler09_frame_bottom_bar", Modifier: "Face weighted corner normals", Enable 'Auto Smooth' in Object Data Properties
WARN (bke.modifier): ./source/blender/blenkernel/intern/modifier.cc:461 BKE_modifier_set_error: Object: "Filler09_recessed_contact_sliver", Modifier: "Face weighted corner normals", Enable 'Auto Smooth' in Object Data Properties
WARN (bke.modifier): ./source/blender/blenkernel/intern/modifier.cc:461 BKE_modifier_set_error: Object: "Filler09_recessed_contact_sliver.001", Modifier: "Face weighted corner normals", Enable 'Auto Smooth' in Object Data Properties
WARN (bke.modifier): ./source/blender/blenkernel/intern/modifier.cc:461 BKE_modifier_set_error: Object: "Filler09_long_center_pad", Modifier: "Face weighted corner normals", Enable 'Auto Smooth' in Object Data Properties
WARN (bke.modifier): ./source/blender/blenkernel/intern/modifier.cc:461 BKE_modifier_set_error: Object: "Filler09_recessed_contact_sliver.002", Modifier: "Face weighted corner normals", Enable 'Auto Smooth' in Object Data Properties
WARN (bke.modifier): ./source/blender/blenkernel/intern/modifier.cc:461 BKE_modifier_set_error: Object: "Filler09_recessed_contact_sliver.005", Modifier: "Face weighted corner normals", Enable 'Auto Smooth' in Object Data Properties
WARN (bke.modifier): ./source/blender/blenkernel/intern/modifier.cc:461 BKE_modifier_set_error: Object: "Filler09_recessed_contact_sliver.003", Modifier: "Face weighted corner normals", Enable 'Auto Smooth' in Object Data Properties
WARN (bke.modifier): ./source/blender/blenkernel/intern/modifier.cc:461 BKE_modifier_set_error: Object: "Filler09_upper_inset_pad", Modifier: "Face weighted corner normals", Enable 'Auto Smooth' in Object Data Properties
WARN (bke.modifier): ./source/blender/blenkernel/intern/modifier.cc:461 BKE_modifier_set_error: Object: "Filler09_recessed_contact_sliver.004", Modifier: "Face weighted corner normals", Enable 'Auto Smooth' in Object Data Properties
WARN (bke.modifier): ./source/blender/blenkernel/intern/modifier.cc:461 BKE_modifier_set_error: Object: "Filler08_lower_shaped_foot", Modifier: "Face weighted corner normals", Enable 'Auto Smooth' in Object Data Properties
WARN (bke.modifier): ./source/blender/blenkernel/intern/modifier.cc:461 BKE_modifier_set_error: Object: "Filler09_recessed_contact_sliver.006", Modifier: "Face weighted corner normals", Enable 'Auto Smooth' in Object Data Properties
WARN (bke.modifier): ./source/blender/blenkernel/intern/modifier.cc:461 BKE_modifier_set_error: Object: "Filler09_recessed_contact_sliver.007", Modifier: "Face weighted corner normals", Enable 'Auto Smooth' in Object Data Properties
WARN (bke.modifier): ./source/blender/blenkernel/intern/modifier.cc:461 BKE_modifier_set_error: Object: "Captive_screw_knurled_grip_1", Modifier: "Face weighted corner normals", Enable 'Auto Smooth' in Object Data Properties
WARN (bke.modifier): ./source/blender/blenkernel/intern/modifier.cc:461 BKE_modifier_set_error: Object: "Filler09_recessed_contact_sliver.008", Modifier: "Face weighted corner normals", Enable 'Auto Smooth' in Object Data Properties
WARN (bke.modifier): ./source/blender/blenkernel/intern/modifier.cc:461 BKE_modifier_set_error: Object: "Filler10_inner_sidewall_-1", Modifier: "Face weighted corner normals", Enable 'Auto Smooth' in Object Data Properties
WARN (bke.modifier): ./source/blender/blenkernel/intern/modifier.cc:461 BKE_modifier_set_error: Object: "Filler09_recessed_contact_sliver.009", Modifier: "Face weighted corner normals", Enable 'Auto Smooth' in Object Data Properties
WARN (bke.modifier): ./source/blender/blenkernel/intern/modifier.cc:461 BKE_modifier_set_error: Object: "Filler10_outer_mold_rail.002", Modifier: "Face weighted corner normals", Enable 'Auto Smooth' in Object Data Properties
WARN (bke.modifier): ./source/blender/blenkernel/intern/modifier.cc:461 BKE_modifier_set_error: Object: "Filler09_lower_shaped_foot", Modifier: "Face weighted corner normals", Enable 'Auto Smooth' in Object Data Properties
WARN (bke.modifier): ./source/blender/blenkernel/intern/modifier.cc:461 BKE_modifier_set_error: Object: "Filler10_inner_sidewall_1", Modifier: "Face weighted corner normals", Enable 'Auto Smooth' in Object Data Properties
WARN (bke.modifier): ./source/blender/blenkernel/intern/modifier.cc:461 BKE_modifier_set_error: Object: "Filler10_outer_mold_rail.003", Modifier: "Face weighted corner normals", Enable 'Auto Smooth' in Object Data Properties
WARN (bke.modifier): ./source/blender/blenkernel/intern/modifier.cc:461 BKE_modifier_set_error: Object: "Filler10_outer_mold_rail.005", Modifier: "Face weighted corner normals", Enable 'Auto Smooth' in Object Data Properties
WARN (bke.modifier): ./source/blender/blenkernel/intern/modifier.cc:461 BKE_modifier_set_error: Object: "Filler10_outer_mold_rail.004", Modifier: "Face weighted corner normals", Enable 'Auto Smooth' in Object Data Properties
WARN (bke.modifier): ./source/blender/blenkernel/intern/modifier.cc:461 BKE_modifier_set_error: Object: "Filler10_internal_cross_rib", Modifier: "Face weighted corner normals", Enable 'Auto Smooth' in Object Data Properties
WARN (bke.modifier): ./source/blender/blenkernel/intern/modifier.cc:461 BKE_modifier_set_error: Object: "Filler10_internal_cross_rib.001", Modifier: "Face weighted corner normals", Enable 'Auto Smooth' in Object Data Properties
WARN (bke.modifier): ./source/blender/blenkernel/intern/modifier.cc:461 BKE_modifier_set_error: Object: "Filler10_internal_cross_rib.002", Modifier: "Face weighted corner normals", Enable 'Auto Smooth' in Object Data Properties
WARN (bke.modifier): ./source/blender/blenkernel/intern/modifier.cc:461 BKE_modifier_set_error: Object: "Filler10_internal_cross_rib.003", Modifier: "Face weighted corner normals", Enable 'Auto Smooth' in Object Data Properties
WARN (bke.modifier): ./source/blender/blenkernel/intern/modifier.cc:461 BKE_modifier_set_error: Object: "Filler10_internal_cross_rib.004", Modifier: "Face weighted corner normals", Enable 'Auto Smooth' in Object Data Properties
WARN (bke.modifier): ./source/blender/blenkernel/intern/modifier.cc:461 BKE_modifier_set_error: Object: "Filler10_fine_vertical_pad_rib", Modifier: "Face weighted corner normals", Enable 'Auto Smooth' in Object Data Properties
WARN (bke.modifier): ./source/blender/blenkernel/intern/modifier.cc:461 BKE_modifier_set_error: Object: "Filler10_mold_parting_land", Modifier: "Face weighted corner normals", Enable 'Auto Smooth' in Object Data Properties
WARN (bke.modifier): ./source/blender/blenkernel/intern/modifier.cc:461 BKE_modifier_set_error: Object: "Filler10_fine_vertical_pad_rib.001", Modifier: "Face weighted corner normals", Enable 'Auto Smooth' in Object Data Properties
WARN (bke.modifier): ./source/blender/blenkernel/intern/modifier.cc:461 BKE_modifier_set_error: Object: "Filler10_mold_parting_land.001", Modifier: "Face weighted corner normals", Enable 'Auto Smooth' in Object Data Properties
WARN (bke.modifier): ./source/blender/blenkernel/intern/modifier.cc:461 BKE_modifier_set_error: Object: "Filler10_top_cross_cap", Modifier: "Face weighted corner normals", Enable 'Auto Smooth' in Object Data Properties
WARN (bke.modifier): ./source/blender/blenkernel/intern/modifier.cc:461 BKE_modifier_set_error: Object: "Filler10_top_hook_cheek", Modifier: "Face weighted corner normals", Enable 'Auto Smooth' in Object Data Properties
WARN (bke.modifier): ./source/blender/blenkernel/intern/modifier.cc:461 BKE_modifier_set_error: Object: "Filler10_top_hook_cheek.001", Modifier: "Face weighted corner normals", Enable 'Auto Smooth' in Object Data Properties
WARN (bke.modifier): ./source/blender/blenkernel/intern/modifier.cc:461 BKE_modifier_set_error: Object: "Filler10_long_center_pad", Modifier: "Face weighted corner normals", Enable 'Auto Smooth' in Object Data Properties
WARN (bke.modifier): ./source/blender/blenkernel/intern/modifier.cc:461 BKE_modifier_set_error: Object: "Filler10_upper_inset_pad", Modifier: "Face weighted corner normals", Enable 'Auto Smooth' in Object Data Properties
WARN (bke.modifier): ./source/blender/blenkernel/intern/modifier.cc:461 BKE_modifier_set_error: Object: "Filler10_lower_step_top", Modifier: "Face weighted corner normals", Enable 'Auto Smooth' in Object Data Properties
WARN (bke.modifier): ./source/blender/blenkernel/intern/modifier.cc:461 BKE_modifier_set_error: Object: "Filler10_lower_step_bottom", Modifier: "Face weighted corner normals", Enable 'Auto Smooth' in Object Data Properties
WARN (bke.modifier): ./source/blender/blenkernel/intern/modifier.cc:461 BKE_modifier_set_error: Object: "Filler10_recessed_contact_sliver", Modifier: "Face weighted corner normals", Enable 'Auto Smooth' in Object Data Properties
WARN (bke.modifier): ./source/blender/blenkernel/intern/modifier.cc:461 BKE_modifier_set_error: Object: "Filler10_recessed_contact_sliver.001", Modifier: "Face weighted corner normals", Enable 'Auto Smooth' in Object Data Properties
WARN (bke.modifier): ./source/blender/blenkernel/intern/modifier.cc:461 BKE_modifier_set_error: Object: "Filler10_frame_bottom_bar", Modifier: "Face weighted corner normals", Enable 'Auto Smooth' in Object Data Properties
WARN (bke.modifier): ./source/blender/blenkernel/intern/modifier.cc:461 BKE_modifier_set_error: Object: "Filler10_recessed_contact_sliver.002", Modifier: "Face weighted corner normals", Enable 'Auto Smooth' in Object Data Properties
WARN (bke.modifier): ./source/blender/blenkernel/intern/modifier.cc:461 BKE_modifier_set_error: Object: "Filler10_recessed_contact_sliver.003", Modifier: "Face weighted corner normals", Enable 'Auto Smooth' in Object Data Properties
WARN (bke.modifier): ./source/blender/blenkernel/intern/modifier.cc:461 BKE_modifier_set_error: Object: "Filler10_recessed_contact_sliver.004", Modifier: "Face weighted corner normals", Enable 'Auto Smooth' in Object Data Properties
WARN (bke.modifier): ./source/blender/blenkernel/intern/modifier.cc:461 BKE_modifier_set_error: Object: "Filler10_recessed_contact_sliver.006", Modifier: "Face weighted corner normals", Enable 'Auto Smooth' in Object Data Properties
WARN (bke.modifier): ./source/blender/blenkernel/intern/modifier.cc:461 BKE_modifier_set_error: Object: "Filler10_recessed_contact_sliver.005", Modifier: "Face weighted corner normals", Enable 'Auto Smooth' in Object Data Properties
WARN (bke.modifier): ./source/blender/blenkernel/intern/modifier.cc:461 BKE_modifier_set_error: Object: "Filler09_retention_edge", Modifier: "Face weighted corner normals", Enable 'Auto Smooth' in Object Data Properties
WARN (bke.modifier): ./source/blender/blenkernel/intern/modifier.cc:461 BKE_modifier_set_error: Object: "Filler10_recessed_contact_sliver.008", Modifier: "Face weighted corner normals", Enable 'Auto Smooth' in Object Data Properties
WARN (bke.modifier): ./source/blender/blenkernel/intern/modifier.cc:461 BKE_modifier_set_error: Object: "Filler10_recessed_contact_sliver.007", Modifier: "Face weighted corner normals", Enable 'Auto Smooth' in Object Data Properties
WARN (bke.modifier): ./source/blender/blenkernel/intern/modifier.cc:461 BKE_modifier_set_error: Object: "Filler10_outer_mold_rail", Modifier: "Face weighted corner normals", Enable 'Auto Smooth' in Object Data Properties
WARN (bke.modifier): ./source/blender/blenkernel/intern/modifier.cc:461 BKE_modifier_set_error: Object: "Filler10_outer_mold_rail.001", Modifier: "Face weighted corner normals", Enable 'Auto Smooth' in Object Data Properties
WARN (bke.modifier): ./source/blender/blenkernel/intern/modifier.cc:461 BKE_modifier_set_error: Object: "Filler10_retention_edge", Modifier: "Face weighted corner normals", Enable 'Auto Smooth' in Object Data Properties
WARN (bke.modifier): ./source/blender/blenkernel/intern/modifier.cc:461 BKE_modifier_set_error: Object: "Filler10_recessed_contact_sliver.009", Modifier: "Face weighted corner normals", Enable 'Auto Smooth' in Object Data Properties
WARN (bke.modifier): ./source/blender/blenkernel/intern/modifier.cc:461 BKE_modifier_set_error: Object: "Filler11_inner_sidewall_-1", Modifier: "Face weighted corner normals", Enable 'Auto Smooth' in Object Data Properties
WARN (bke.modifier): ./source/blender/blenkernel/intern/modifier.cc:461 BKE_modifier_set_error: Object: "Filler11_outer_mold_rail", Modifier: "Face weighted corner normals", Enable 'Auto Smooth' in Object Data Properties
WARN (bke.modifier): ./source/blender/blenkernel/intern/modifier.cc:461 BKE_modifier_set_error: Object: "Filler11_outer_mold_rail.001", Modifier: "Face weighted corner normals", Enable 'Auto Smooth' in Object Data Properties
WARN (bke.modifier): ./source/blender/blenkernel/intern/modifier.cc:461 BKE_modifier_set_error: Object: "Filler11_outer_mold_rail.002", Modifier: "Face weighted corner normals", Enable 'Auto Smooth' in Object Data Properties
WARN (bke.modifier): ./source/blender/blenkernel/intern/modifier.cc:461 BKE_modifier_set_error: Object: "Filler11_outer_mold_rail.003", Modifier: "Face weighted corner normals", Enable 'Auto Smooth' in Object Data Properties
WARN (bke.modifier): ./source/blender/blenkernel/intern/modifier.cc:461 BKE_modifier_set_error: Object: "Filler11_outer_mold_rail.004", Modifier: "Face weighted corner normals", Enable 'Auto Smooth' in Object Data Properties
WARN (bke.modifier): ./source/blender/blenkernel/intern/modifier.cc:461 BKE_modifier_set_error: Object: "Filler11_outer_mold_rail.005", Modifier: "Face weighted corner normals", Enable 'Auto Smooth' in Object Data Properties
WARN (bke.modifier): ./source/blender/blenkernel/intern/modifier.cc:461 BKE_modifier_set_error: Object: "Filler11_internal_cross_rib", Modifier: "Face weighted corner normals", Enable 'Auto Smooth' in Object Data Properties
WARN (bke.modifier): ./source/blender/blenkernel/intern/modifier.cc:461 BKE_modifier_set_error: Object: "Filler11_internal_cross_rib.002", Modifier: "Face weighted corner normals", Enable 'Auto Smooth' in Object Data Properties
WARN (bke.modifier): ./source/blender/blenkernel/intern/modifier.cc:461 BKE_modifier_set_error: Object: "Filler11_internal_cross_rib.003", Modifier: "Face weighted corner normals", Enable 'Auto Smooth' in Object Data Properties
WARN (bke.modifier): ./source/blender/blenkernel/intern/modifier.cc:461 BKE_modifier_set_error: Object: "Filler11_internal_cross_rib.001", Modifier: "Face weighted corner normals", Enable 'Auto Smooth' in Object Data Properties
WARN (bke.modifier): ./source/blender/blenkernel/intern/modifier.cc:461 BKE_modifier_set_error: Object: "Filler11_inner_sidewall_1", Modifier: "Face weighted corner normals", Enable 'Auto Smooth' in Object Data Properties
WARN (bke.modifier): ./source/blender/blenkernel/intern/modifier.cc:461 BKE_modifier_set_error: Object: "Filler11_internal_cross_rib.004", Modifier: "Face weighted corner normals", Enable 'Auto Smooth' in Object Data Properties
WARN (bke.modifier): ./source/blender/blenkernel/intern/modifier.cc:461 BKE_modifier_set_error: Object: "Filler10_lower_shaped_foot", Modifier: "Face weighted corner normals", Enable 'Auto Smooth' in Object Data Properties
WARN (bke.modifier): ./source/blender/blenkernel/intern/modifier.cc:461 BKE_modifier_set_error: Object: "Filler11_fine_vertical_pad_rib", Modifier: "Face weighted corner normals", Enable 'Auto Smooth' in Object Data Properties
WARN (bke.modifier): ./source/blender/blenkernel/intern/modifier.cc:461 BKE_modifier_set_error: Object: "Filler11_mold_parting_land", Modifier: "Face weighted corner normals", Enable 'Auto Smooth' in Object Data Properties
WARN (bke.modifier): ./source/blender/blenkernel/intern/modifier.cc:461 BKE_modifier_set_error: Object: "Filler11_fine_vertical_pad_rib.001", Modifier: "Face weighted corner normals", Enable 'Auto Smooth' in Object Data Properties
WARN (bke.modifier): ./source/blender/blenkernel/intern/modifier.cc:461 BKE_modifier_set_error: Object: "Filler11_mold_parting_land.001", Modifier: "Face weighted corner normals", Enable 'Auto Smooth' in Object Data Properties
WARN (bke.modifier): ./source/blender/blenkernel/intern/modifier.cc:461 BKE_modifier_set_error: Object: "Filler11_top_cross_cap", Modifier: "Face weighted corner normals", Enable 'Auto Smooth' in Object Data Properties
WARN (bke.modifier): ./source/blender/blenkernel/intern/modifier.cc:461 BKE_modifier_set_error: Object: "Filler11_top_hook_cheek", Modifier: "Face weighted corner normals", Enable 'Auto Smooth' in Object Data Properties
WARN (bke.modifier): ./source/blender/blenkernel/intern/modifier.cc:461 BKE_modifier_set_error: Object: "Filler11_top_hook_cheek.001", Modifier: "Face weighted corner normals", Enable 'Auto Smooth' in Object Data Properties
WARN (bke.modifier): ./source/blender/blenkernel/intern/modifier.cc:461 BKE_modifier_set_error: Object: "Filler11_lower_step_top", Modifier: "Face weighted corner normals", Enable 'Auto Smooth' in Object Data Properties
WARN (bke.modifier): ./source/blender/blenkernel/intern/modifier.cc:461 BKE_modifier_set_error: Object: "Filler11_lower_step_bottom", Modifier: "Face weighted corner normals", Enable 'Auto Smooth' in Object Data Properties
WARN (bke.modifier): ./source/blender/blenkernel/intern/modifier.cc:461 BKE_modifier_set_error: Object: "Filler11_frame_bottom_bar", Modifier: "Face weighted corner normals", Enable 'Auto Smooth' in Object Data Properties
WARN (bke.modifier): ./source/blender/blenkernel/intern/modifier.cc:461 BKE_modifier_set_error: Object: "Filler11_recessed_contact_sliver", Modifier: "Face weighted corner normals", Enable 'Auto Smooth' in Object Data Properties
WARN (bke.modifier): ./source/blender/blenkernel/intern/modifier.cc:461 BKE_modifier_set_error: Object: "Filler11_recessed_contact_sliver.001", Modifier: "Face weighted corner normals", Enable 'Auto Smooth' in Object Data Properties
WARN (bke.modifier): ./source/blender/blenkernel/intern/modifier.cc:461 BKE_modifier_set_error: Object: "Filler11_recessed_contact_sliver.003", Modifier: "Face weighted corner normals", Enable 'Auto Smooth' in Object Data Properties
WARN (bke.modifier): ./source/blender/blenkernel/intern/modifier.cc:461 BKE_modifier_set_error: Object: "Filler11_recessed_contact_sliver.002", Modifier: "Face weighted corner normals", Enable 'Auto Smooth' in Object Data Properties
WARN (bke.modifier): ./source/blender/blenkernel/intern/modifier.cc:461 BKE_modifier_set_error: Object: "Filler11_recessed_contact_sliver.004", Modifier: "Face weighted corner normals", Enable 'Auto Smooth' in Object Data Properties
WARN (bke.modifier): ./source/blender/blenkernel/intern/modifier.cc:461 BKE_modifier_set_error: Object: "Filler11_upper_inset_pad", Modifier: "Face weighted corner normals", Enable 'Auto Smooth' in Object Data Properties
WARN (bke.modifier): ./source/blender/blenkernel/intern/modifier.cc:461 BKE_modifier_set_error: Object: "Filler11_long_center_pad", Modifier: "Face weighted corner normals", Enable 'Auto Smooth' in Object Data Properties
WARN (bke.modifier): ./source/blender/blenkernel/intern/modifier.cc:461 BKE_modifier_set_error: Object: "Filler11_recessed_contact_sliver.005", Modifier: "Face weighted corner normals", Enable 'Auto Smooth' in Object Data Properties
WARN (bke.modifier): ./source/blender/blenkernel/intern/modifier.cc:461 BKE_modifier_set_error: Object: "Filler11_recessed_contact_sliver.006", Modifier: "Face weighted corner normals", Enable 'Auto Smooth' in Object Data Properties
WARN (bke.modifier): ./source/blender/blenkernel/intern/modifier.cc:461 BKE_modifier_set_error: Object: "Filler11_recessed_contact_sliver.007", Modifier: "Face weighted corner normals", Enable 'Auto Smooth' in Object Data Properties
WARN (bke.modifier): ./source/blender/blenkernel/intern/modifier.cc:461 BKE_modifier_set_error: Object: "Filler11_recessed_contact_sliver.008", Modifier: "Face weighted corner normals", Enable 'Auto Smooth' in Object Data Properties
WARN (bke.modifier): ./source/blender/blenkernel/intern/modifier.cc:461 BKE_modifier_set_error: Object: "Filler11_recessed_contact_sliver.009", Modifier: "Face weighted corner normals", Enable 'Auto Smooth' in Object Data Properties
WARN (bke.modifier): ./source/blender/blenkernel/intern/modifier.cc:461 BKE_modifier_set_error: Object: "Filler11_retention_edge", Modifier: "Face weighted corner normals", Enable 'Auto Smooth' in Object Data Properties
WARN (bke.modifier): ./source/blender/blenkernel/intern/modifier.cc:461 BKE_modifier_set_error: Object: "Filler12_outer_mold_rail", Modifier: "Face weighted corner normals", Enable 'Auto Smooth' in Object Data Properties
WARN (bke.modifier): ./source/blender/blenkernel/intern/modifier.cc:461 BKE_modifier_set_error: Object: "Filler12_outer_mold_rail.001", Modifier: "Face weighted corner normals", Enable 'Auto Smooth' in Object Data Properties
WARN (bke.modifier): ./source/blender/blenkernel/intern/modifier.cc:461 BKE_modifier_set_error: Object: "Filler12_inner_sidewall_1", Modifier: "Face weighted corner normals", Enable 'Auto Smooth' in Object Data Properties
WARN (bke.modifier): ./source/blender/blenkernel/intern/modifier.cc:461 BKE_modifier_set_error: Object: "Filler12_outer_mold_rail.002", Modifier: "Face weighted corner normals", Enable 'Auto Smooth' in Object Data Properties
WARN (bke.modifier): ./source/blender/blenkernel/intern/modifier.cc:461 BKE_modifier_set_error: Object: "Filler12_inner_sidewall_-1", Modifier: "Face weighted corner normals", Enable 'Auto Smooth' in Object Data Properties
WARN (bke.modifier): ./source/blender/blenkernel/intern/modifier.cc:461 BKE_modifier_set_error: Object: "Filler12_outer_mold_rail.004", Modifier: "Face weighted corner normals", Enable 'Auto Smooth' in Object Data Properties
WARN (bke.modifier): ./source/blender/blenkernel/intern/modifier.cc:461 BKE_modifier_set_error: Object: "Filler12_outer_mold_rail.003", Modifier: "Face weighted corner normals", Enable 'Auto Smooth' in Object Data Properties
WARN (bke.modifier): ./source/blender/blenkernel/intern/modifier.cc:461 BKE_modifier_set_error: Object: "Filler12_outer_mold_rail.005", Modifier: "Face weighted corner normals", Enable 'Auto Smooth' in Object Data Properties
WARN (bke.modifier): ./source/blender/blenkernel/intern/modifier.cc:461 BKE_modifier_set_error: Object: "Filler12_internal_cross_rib", Modifier: "Face weighted corner normals", Enable 'Auto Smooth' in Object Data Properties
WARN (bke.modifier): ./source/blender/blenkernel/intern/modifier.cc:461 BKE_modifier_set_error: Object: "Filler12_internal_cross_rib.001", Modifier: "Face weighted corner normals", Enable 'Auto Smooth' in Object Data Properties
WARN (bke.modifier): ./source/blender/blenkernel/intern/modifier.cc:461 BKE_modifier_set_error: Object: "Filler12_internal_cross_rib.003", Modifier: "Face weighted corner normals", Enable 'Auto Smooth' in Object Data Properties
WARN (bke.modifier): ./source/blender/blenkernel/intern/modifier.cc:461 BKE_modifier_set_error: Object: "Filler12_internal_cross_rib.002", Modifier: "Face weighted corner normals", Enable 'Auto Smooth' in Object Data Properties
WARN (bke.modifier): ./source/blender/blenkernel/intern/modifier.cc:461 BKE_modifier_set_error: Object: "Filler12_mold_parting_land", Modifier: "Face weighted corner normals", Enable 'Auto Smooth' in Object Data Properties
WARN (bke.modifier): ./source/blender/blenkernel/intern/modifier.cc:461 BKE_modifier_set_error: Object: "Filler12_fine_vertical_pad_rib.001", Modifier: "Face weighted corner normals", Enable 'Auto Smooth' in Object Data Properties
WARN (bke.modifier): ./source/blender/blenkernel/intern/modifier.cc:461 BKE_modifier_set_error: Object: "Filler12_mold_parting_land.001", Modifier: "Face weighted corner normals", Enable 'Auto Smooth' in Object Data Properties
WARN (bke.modifier): ./source/blender/blenkernel/intern/modifier.cc:461 BKE_modifier_set_error: Object: "Filler12_top_cross_cap", Modifier: "Face weighted corner normals", Enable 'Auto Smooth' in Object Data Properties
WARN (bke.modifier): ./source/blender/blenkernel/intern/modifier.cc:461 BKE_modifier_set_error: Object: "Filler12_top_hook_cheek", Modifier: "Face weighted corner normals", Enable 'Auto Smooth' in Object Data Properties
WARN (bke.modifier): ./source/blender/blenkernel/intern/modifier.cc:461 BKE_modifier_set_error: Object: "Filler12_top_hook_cheek.001", Modifier: "Face weighted corner normals", Enable 'Auto Smooth' in Object Data Properties
WARN (bke.modifier): ./source/blender/blenkernel/intern/modifier.cc:461 BKE_modifier_set_error: Object: "Filler12_lower_step_top", Modifier: "Face weighted corner normals", Enable 'Auto Smooth' in Object Data Properties
WARN (bke.modifier): ./source/blender/blenkernel/intern/modifier.cc:461 BKE_modifier_set_error: Object: "Filler12_upper_inset_pad", Modifier: "Face weighted corner normals", Enable 'Auto Smooth' in Object Data Properties
WARN (bke.modifier): ./source/blender/blenkernel/intern/modifier.cc:461 BKE_modifier_set_error: Object: "Filler12_lower_step_bottom", Modifier: "Face weighted corner normals", Enable 'Auto Smooth' in Object Data Properties
WARN (bke.modifier): ./source/blender/blenkernel/intern/modifier.cc:461 BKE_modifier_set_error: Object: "Filler12_frame_bottom_bar", Modifier: "Face weighted corner normals", Enable 'Auto Smooth' in Object Data Properties
WARN (bke.modifier): ./source/blender/blenkernel/intern/modifier.cc:461 BKE_modifier_set_error: Object: "Filler12_long_center_pad", Modifier: "Face weighted corner normals", Enable 'Auto Smooth' in Object Data Properties
WARN (bke.modifier): ./source/blender/blenkernel/intern/modifier.cc:461 BKE_modifier_set_error: Object: "Filler12_recessed_contact_sliver", Modifier: "Face weighted corner normals", Enable 'Auto Smooth' in Object Data Properties
WARN (bke.modifier): ./source/blender/blenkernel/intern/modifier.cc:461 BKE_modifier_set_error: Object: "Filler12_recessed_contact_sliver.003", Modifier: "Face weighted corner normals", Enable 'Auto Smooth' in Object Data Properties
WARN (bke.modifier): ./source/blender/blenkernel/intern/modifier.cc:461 BKE_modifier_set_error: Object: "Filler12_recessed_contact_sliver.002", Modifier: "Face weighted corner normals", Enable 'Auto Smooth' in Object Data Properties
WARN (bke.modifier): ./source/blender/blenkernel/intern/modifier.cc:461 BKE_modifier_set_error: Object: "Filler12_recessed_contact_sliver.001", Modifier: "Face weighted corner normals", Enable 'Auto Smooth' in Object Data Properties
WARN (bke.modifier): ./source/blender/blenkernel/intern/modifier.cc:461 BKE_modifier_set_error: Object: "Filler12_recessed_contact_sliver.005", Modifier: "Face weighted corner normals", Enable 'Auto Smooth' in Object Data Properties
WARN (bke.modifier): ./source/blender/blenkernel/intern/modifier.cc:461 BKE_modifier_set_error: Object: "Filler12_recessed_contact_sliver.004", Modifier: "Face weighted corner normals", Enable 'Auto Smooth' in Object Data Properties
WARN (bke.modifier): ./source/blender/blenkernel/intern/modifier.cc:461 BKE_modifier_set_error: Object: "Filler12_recessed_contact_sliver.006", Modifier: "Face weighted corner normals", Enable 'Auto Smooth' in Object Data Properties
WARN (bke.modifier): ./source/blender/blenkernel/intern/modifier.cc:461 BKE_modifier_set_error: Object: "Filler12_recessed_contact_sliver.008", Modifier: "Face weighted corner normals", Enable 'Auto Smooth' in Object Data Properties
WARN (bke.modifier): ./source/blender/blenkernel/intern/modifier.cc:461 BKE_modifier_set_error: Object: "Filler12_recessed_contact_sliver.009", Modifier: "Face weighted corner normals", Enable 'Auto Smooth' in Object Data Properties
WARN (bke.modifier): ./source/blender/blenkernel/intern/modifier.cc:461 BKE_modifier_set_error: Object: "Filler12_recessed_contact_sliver.007", Modifier: "Face weighted corner normals", Enable 'Auto Smooth' in Object Data Properties
WARN (bke.modifier): ./source/blender/blenkernel/intern/modifier.cc:461 BKE_modifier_set_error: Object: "Filler12_retention_edge", Modifier: "Face weighted corner normals", Enable 'Auto Smooth' in Object Data Properties
WARN (bke.modifier): ./source/blender/blenkernel/intern/modifier.cc:461 BKE_modifier_set_error: Object: "Filler13_inner_sidewall_-1", Modifier: "Face weighted corner normals", Enable 'Auto Smooth' in Object Data Properties
WARN (bke.modifier): ./source/blender/blenkernel/intern/modifier.cc:461 BKE_modifier_set_error: Object: "Filler13_outer_mold_rail", Modifier: "Face weighted corner normals", Enable 'Auto Smooth' in Object Data Properties
WARN (bke.modifier): ./source/blender/blenkernel/intern/modifier.cc:461 BKE_modifier_set_error: Object: "Filler13_outer_mold_rail.001", Modifier: "Face weighted corner normals", Enable 'Auto Smooth' in Object Data Properties
WARN (bke.modifier): ./source/blender/blenkernel/intern/modifier.cc:461 BKE_modifier_set_error: Object: "Filler13_outer_mold_rail.002", Modifier: "Face weighted corner normals", Enable 'Auto Smooth' in Object Data Properties
WARN (bke.modifier): ./source/blender/blenkernel/intern/modifier.cc:461 BKE_modifier_set_error: Object: "Filler13_inner_sidewall_1", Modifier: "Face weighted corner normals", Enable 'Auto Smooth' in Object Data Properties
WARN (bke.modifier): ./source/blender/blenkernel/intern/modifier.cc:461 BKE_modifier_set_error: Object: "Filler13_outer_mold_rail.003", Modifier: "Face weighted corner normals", Enable 'Auto Smooth' in Object Data Properties
WARN (bke.modifier): ./source/blender/blenkernel/intern/modifier.cc:461 BKE_modifier_set_error: Object: "Filler13_outer_mold_rail.005", Modifier: "Face weighted corner normals", Enable 'Auto Smooth' in Object Data Properties
WARN (bke.modifier): ./source/blender/blenkernel/intern/modifier.cc:461 BKE_modifier_set_error: Object: "Filler13_outer_mold_rail.004", Modifier: "Face weighted corner normals", Enable 'Auto Smooth' in Object Data Properties
WARN (bke.modifier): ./source/blender/blenkernel/intern/modifier.cc:461 BKE_modifier_set_error: Object: "Filler13_internal_cross_rib", Modifier: "Face weighted corner normals", Enable 'Auto Smooth' in Object Data Properties
WARN (bke.modifier): ./source/blender/blenkernel/intern/modifier.cc:461 BKE_modifier_set_error: Object: "Filler13_internal_cross_rib.001", Modifier: "Face weighted corner normals", Enable 'Auto Smooth' in Object Data Properties
WARN (bke.modifier): ./source/blender/blenkernel/intern/modifier.cc:461 BKE_modifier_set_error: Object: "Filler11_lower_shaped_foot", Modifier: "Face weighted corner normals", Enable 'Auto Smooth' in Object Data Properties
WARN (bke.modifier): ./source/blender/blenkernel/intern/modifier.cc:461 BKE_modifier_set_error: Object: "Filler13_internal_cross_rib.002", Modifier: "Face weighted corner normals", Enable 'Auto Smooth' in Object Data Properties
WARN (bke.modifier): ./source/blender/blenkernel/intern/modifier.cc:461 BKE_modifier_set_error: Object: "Filler12_internal_cross_rib.004", Modifier: "Face weighted corner normals", Enable 'Auto Smooth' in Object Data Properties
WARN (bke.modifier): ./source/blender/blenkernel/intern/modifier.cc:461 BKE_modifier_set_error: Object: "Filler13_internal_cross_rib.004", Modifier: "Face weighted corner normals", Enable 'Auto Smooth' in Object Data Properties
WARN (bke.modifier): ./source/blender/blenkernel/intern/modifier.cc:461 BKE_modifier_set_error: Object: "Filler13_internal_cross_rib.003", Modifier: "Face weighted corner normals", Enable 'Auto Smooth' in Object Data Properties
WARN (bke.modifier): ./source/blender/blenkernel/intern/modifier.cc:461 BKE_modifier_set_error: Object: "Filler12_fine_vertical_pad_rib", Modifier: "Face weighted corner normals", Enable 'Auto Smooth' in Object Data Properties
WARN (bke.modifier): ./source/blender/blenkernel/intern/modifier.cc:461 BKE_modifier_set_error: Object: "Filler13_fine_vertical_pad_rib", Modifier: "Face weighted corner normals", Enable 'Auto Smooth' in Object Data Properties
WARN (bke.modifier): ./source/blender/blenkernel/intern/modifier.cc:461 BKE_modifier_set_error: Object: "Filler13_mold_parting_land.001", Modifier: "Face weighted corner normals", Enable 'Auto Smooth' in Object Data Properties
WARN (bke.modifier): ./source/blender/blenkernel/intern/modifier.cc:461 BKE_modifier_set_error: Object: "Filler13_fine_vertical_pad_rib.001", Modifier: "Face weighted corner normals", Enable 'Auto Smooth' in Object Data Properties
WARN (bke.modifier): ./source/blender/blenkernel/intern/modifier.cc:461 BKE_modifier_set_error: Object: "Filler13_mold_parting_land", Modifier: "Face weighted corner normals", Enable 'Auto Smooth' in Object Data Properties
WARN (bke.modifier): ./source/blender/blenkernel/intern/modifier.cc:461 BKE_modifier_set_error: Object: "Filler13_top_cross_cap", Modifier: "Face weighted corner normals", Enable 'Auto Smooth' in Object Data Properties
WARN (bke.modifier): ./source/blender/blenkernel/intern/modifier.cc:461 BKE_modifier_set_error: Object: "Filler13_top_hook_cheek", Modifier: "Face weighted corner normals", Enable 'Auto Smooth' in Object Data Properties
WARN (bke.modifier): ./source/blender/blenkernel/intern/modifier.cc:461 BKE_modifier_set_error: Object: "Filler13_top_hook_cheek.001", Modifier: "Face weighted corner normals", Enable 'Auto Smooth' in Object Data Properties
WARN (bke.modifier): ./source/blender/blenkernel/intern/modifier.cc:461 BKE_modifier_set_error: Object: "Filler13_lower_step_top", Modifier: "Face weighted corner normals", Enable 'Auto Smooth' in Object Data Properties
WARN (bke.modifier): ./source/blender/blenkernel/intern/modifier.cc:461 BKE_modifier_set_error: Object: "Filler13_lower_step_bottom", Modifier: "Face weighted corner normals", Enable 'Auto Smooth' in Object Data Properties
WARN (bke.modifier): ./source/blender/blenkernel/intern/modifier.cc:461 BKE_modifier_set_error: Object: "Filler13_frame_bottom_bar", Modifier: "Face weighted corner normals", Enable 'Auto Smooth' in Object Data Properties
WARN (bke.modifier): ./source/blender/blenkernel/intern/modifier.cc:461 BKE_modifier_set_error: Object: "Filler13_recessed_contact_sliver", Modifier: "Face weighted corner normals", Enable 'Auto Smooth' in Object Data Properties
WARN (bke.modifier): ./source/blender/blenkernel/intern/modifier.cc:461 BKE_modifier_set_error: Object: "Filler13_recessed_contact_sliver.001", Modifier: "Face weighted corner normals", Enable 'Auto Smooth' in Object Data Properties
WARN (bke.modifier): ./source/blender/blenkernel/intern/modifier.cc:461 BKE_modifier_set_error: Object: "Filler13_long_center_pad", Modifier: "Face weighted corner normals", Enable 'Auto Smooth' in Object Data Properties
WARN (bke.modifier): ./source/blender/blenkernel/intern/modifier.cc:461 BKE_modifier_set_error: Object: "Filler13_recessed_contact_sliver.002", Modifier: "Face weighted corner normals", Enable 'Auto Smooth' in Object Data Properties
WARN (bke.modifier): ./source/blender/blenkernel/intern/modifier.cc:461 BKE_modifier_set_error: Object: "Filler13_upper_inset_pad", Modifier: "Face weighted corner normals", Enable 'Auto Smooth' in Object Data Properties
WARN (bke.modifier): ./source/blender/blenkernel/intern/modifier.cc:461 BKE_modifier_set_error: Object: "Filler13_recessed_contact_sliver.003", Modifier: "Face weighted corner normals", Enable 'Auto Smooth' in Object Data Properties
WARN (bke.modifier): ./source/blender/blenkernel/intern/modifier.cc:461 BKE_modifier_set_error: Object: "Filler13_recessed_contact_sliver.004", Modifier: "Face weighted corner normals", Enable 'Auto Smooth' in Object Data Properties
WARN (bke.modifier): ./source/blender/blenkernel/intern/modifier.cc:461 BKE_modifier_set_error: Object: "Filler13_recessed_contact_sliver.006", Modifier: "Face weighted corner normals", Enable 'Auto Smooth' in Object Data Properties
WARN (bke.modifier): ./source/blender/blenkernel/intern/modifier.cc:461 BKE_modifier_set_error: Object: "Filler13_recessed_contact_sliver.005", Modifier: "Face weighted corner normals", Enable 'Auto Smooth' in Object Data Properties
WARN (bke.modifier): ./source/blender/blenkernel/intern/modifier.cc:461 BKE_modifier_set_error: Object: "Filler13_recessed_contact_sliver.007", Modifier: "Face weighted corner normals", Enable 'Auto Smooth' in Object Data Properties
WARN (bke.modifier): ./source/blender/blenkernel/intern/modifier.cc:461 BKE_modifier_set_error: Object: "Filler13_recessed_contact_sliver.008", Modifier: "Face weighted corner normals", Enable 'Auto Smooth' in Object Data Properties
WARN (bke.modifier): ./source/blender/blenkernel/intern/modifier.cc:461 BKE_modifier_set_error: Object: "Filler13_retention_edge", Modifier: "Face weighted corner normals", Enable 'Auto Smooth' in Object Data Properties
WARN (bke.modifier): ./source/blender/blenkernel/intern/modifier.cc:461 BKE_modifier_set_error: Object: "Filler13_recessed_contact_sliver.009", Modifier: "Face weighted corner normals", Enable 'Auto Smooth' in Object Data Properties
WARN (bke.modifier): ./source/blender/blenkernel/intern/modifier.cc:461 BKE_modifier_set_error: Object: "Filler14_outer_mold_rail", Modifier: "Face weighted corner normals", Enable 'Auto Smooth' in Object Data Properties
WARN (bke.modifier): ./source/blender/blenkernel/intern/modifier.cc:461 BKE_modifier_set_error: Object: "Filler14_inner_sidewall_-1", Modifier: "Face weighted corner normals", Enable 'Auto Smooth' in Object Data Properties
WARN (bke.modifier): ./source/blender/blenkernel/intern/modifier.cc:461 BKE_modifier_set_error: Object: "Filler14_outer_mold_rail.001", Modifier: "Face weighted corner normals", Enable 'Auto Smooth' in Object Data Properties
WARN (bke.modifier): ./source/blender/blenkernel/intern/modifier.cc:461 BKE_modifier_set_error: Object: "Filler14_outer_mold_rail.002", Modifier: "Face weighted corner normals", Enable 'Auto Smooth' in Object Data Properties
WARN (bke.modifier): ./source/blender/blenkernel/intern/modifier.cc:461 BKE_modifier_set_error: Object: "Filler14_inner_sidewall_1", Modifier: "Face weighted corner normals", Enable 'Auto Smooth' in Object Data Properties
WARN (bke.modifier): ./source/blender/blenkernel/intern/modifier.cc:461 BKE_modifier_set_error: Object: "Filler14_outer_mold_rail.003", Modifier: "Face weighted corner normals", Enable 'Auto Smooth' in Object Data Properties
WARN (bke.modifier): ./source/blender/blenkernel/intern/modifier.cc:461 BKE_modifier_set_error: Object: "Filler14_outer_mold_rail.004", Modifier: "Face weighted corner normals", Enable 'Auto Smooth' in Object Data Properties
WARN (bke.modifier): ./source/blender/blenkernel/intern/modifier.cc:461 BKE_modifier_set_error: Object: "Filler12_lower_shaped_foot", Modifier: "Face weighted corner normals", Enable 'Auto Smooth' in Object Data Properties
WARN (bke.modifier): ./source/blender/blenkernel/intern/modifier.cc:461 BKE_modifier_set_error: Object: "Filler13_lower_shaped_foot", Modifier: "Face weighted corner normals", Enable 'Auto Smooth' in Object Data Properties
WARN (bke.modifier): ./source/blender/blenkernel/intern/modifier.cc:461 BKE_modifier_set_error: Object: "Filler14_outer_mold_rail.005", Modifier: "Face weighted corner normals", Enable 'Auto Smooth' in Object Data Properties
WARN (bke.modifier): ./source/blender/blenkernel/intern/modifier.cc:461 BKE_modifier_set_error: Object: "Filler14_internal_cross_rib", Modifier: "Face weighted corner normals", Enable 'Auto Smooth' in Object Data Properties
WARN (bke.modifier): ./source/blender/blenkernel/intern/modifier.cc:461 BKE_modifier_set_error: Object: "Filler14_internal_cross_rib.001", Modifier: "Face weighted corner normals", Enable 'Auto Smooth' in Object Data Properties
WARN (bke.modifier): ./source/blender/blenkernel/intern/modifier.cc:461 BKE_modifier_set_error: Object: "Filler14_internal_cross_rib.003", Modifier: "Face weighted corner normals", Enable 'Auto Smooth' in Object Data Properties
WARN (bke.modifier): ./source/blender/blenkernel/intern/modifier.cc:461 BKE_modifier_set_error: Object: "Filler14_internal_cross_rib.002", Modifier: "Face weighted corner normals", Enable 'Auto Smooth' in Object Data Properties
WARN (bke.modifier): ./source/blender/blenkernel/intern/modifier.cc:461 BKE_modifier_set_error: Object: "Filler14_internal_cross_rib.004", Modifier: "Face weighted corner normals", Enable 'Auto Smooth' in Object Data Properties
WARN (bke.modifier): ./source/blender/blenkernel/intern/modifier.cc:461 BKE_modifier_set_error: Object: "Filler14_mold_parting_land", Modifier: "Face weighted corner normals", Enable 'Auto Smooth' in Object Data Properties
WARN (bke.modifier): ./source/blender/blenkernel/intern/modifier.cc:461 BKE_modifier_set_error: Object: "Filler14_mold_parting_land.001", Modifier: "Face weighted corner normals", Enable 'Auto Smooth' in Object Data Properties
WARN (bke.modifier): ./source/blender/blenkernel/intern/modifier.cc:461 BKE_modifier_set_error: Object: "Filler14_fine_vertical_pad_rib.001", Modifier: "Face weighted corner normals", Enable 'Auto Smooth' in Object Data Properties
WARN (bke.modifier): ./source/blender/blenkernel/intern/modifier.cc:461 BKE_modifier_set_error: Object: "Filler14_top_hook_cheek", Modifier: "Face weighted corner normals", Enable 'Auto Smooth' in Object Data Properties
WARN (bke.modifier): ./source/blender/blenkernel/intern/modifier.cc:461 BKE_modifier_set_error: Object: "Filler14_top_hook_cheek.001", Modifier: "Face weighted corner normals", Enable 'Auto Smooth' in Object Data Properties
WARN (bke.modifier): ./source/blender/blenkernel/intern/modifier.cc:461 BKE_modifier_set_error: Object: "Filler14_lower_step_bottom", Modifier: "Face weighted corner normals", Enable 'Auto Smooth' in Object Data Properties
WARN (bke.modifier): ./source/blender/blenkernel/intern/modifier.cc:461 BKE_modifier_set_error: Object: "Filler14_lower_step_top", Modifier: "Face weighted corner normals", Enable 'Auto Smooth' in Object Data Properties
WARN (bke.modifier): ./source/blender/blenkernel/intern/modifier.cc:461 BKE_modifier_set_error: Object: "Filler14_frame_bottom_bar", Modifier: "Face weighted corner normals", Enable 'Auto Smooth' in Object Data Properties
WARN (bke.modifier): ./source/blender/blenkernel/intern/modifier.cc:461 BKE_modifier_set_error: Object: "Filler14_recessed_contact_sliver", Modifier: "Face weighted corner normals", Enable 'Auto Smooth' in Object Data Properties
WARN (bke.modifier): ./source/blender/blenkernel/intern/modifier.cc:461 BKE_modifier_set_error: Object: "Filler14_upper_inset_pad", Modifier: "Face weighted corner normals", Enable 'Auto Smooth' in Object Data Properties
WARN (bke.modifier): ./source/blender/blenkernel/intern/modifier.cc:461 BKE_modifier_set_error: Object: "Filler14_recessed_contact_sliver.001", Modifier: "Face weighted corner normals", Enable 'Auto Smooth' in Object Data Properties
WARN (bke.modifier): ./source/blender/blenkernel/intern/modifier.cc:461 BKE_modifier_set_error: Object: "Filler14_recessed_contact_sliver.002", Modifier: "Face weighted corner normals", Enable 'Auto Smooth' in Object Data Properties
WARN (bke.modifier): ./source/blender/blenkernel/intern/modifier.cc:461 BKE_modifier_set_error: Object: "Filler14_long_center_pad", Modifier: "Face weighted corner normals", Enable 'Auto Smooth' in Object Data Properties
WARN (bke.modifier): ./source/blender/blenkernel/intern/modifier.cc:461 BKE_modifier_set_error: Object: "Filler14_recessed_contact_sliver.003", Modifier: "Face weighted corner normals", Enable 'Auto Smooth' in Object Data Properties
WARN (bke.modifier): ./source/blender/blenkernel/intern/modifier.cc:461 BKE_modifier_set_error: Object: "Filler14_recessed_contact_sliver.004", Modifier: "Face weighted corner normals", Enable 'Auto Smooth' in Object Data Properties
WARN (bke.modifier): ./source/blender/blenkernel/intern/modifier.cc:461 BKE_modifier_set_error: Object: "Filler14_recessed_contact_sliver.005", Modifier: "Face weighted corner normals", Enable 'Auto Smooth' in Object Data Properties
WARN (bke.modifier): ./source/blender/blenkernel/intern/modifier.cc:461 BKE_modifier_set_error: Object: "Filler14_recessed_contact_sliver.006", Modifier: "Face weighted corner normals", Enable 'Auto Smooth' in Object Data Properties
WARN (bke.modifier): ./source/blender/blenkernel/intern/modifier.cc:461 BKE_modifier_set_error: Object: "Filler14_recessed_contact_sliver.007", Modifier: "Face weighted corner normals", Enable 'Auto Smooth' in Object Data Properties
WARN (bke.modifier): ./source/blender/blenkernel/intern/modifier.cc:461 BKE_modifier_set_error: Object: "Filler14_recessed_contact_sliver.008", Modifier: "Face weighted corner normals", Enable 'Auto Smooth' in Object Data Properties
WARN (bke.modifier): ./source/blender/blenkernel/intern/modifier.cc:461 BKE_modifier_set_error: Object: "Filler14_retention_edge", Modifier: "Face weighted corner normals", Enable 'Auto Smooth' in Object Data Properties
WARN (bke.modifier): ./source/blender/blenkernel/intern/modifier.cc:461 BKE_modifier_set_error: Object: "Filler14_recessed_contact_sliver.009", Modifier: "Face weighted corner normals", Enable 'Auto Smooth' in Object Data Properties
WARN (bke.modifier): ./source/blender/blenkernel/intern/modifier.cc:461 BKE_modifier_set_error: Object: "Filler14_top_cross_cap", Modifier: "Face weighted corner normals", Enable 'Auto Smooth' in Object Data Properties
WARN (bke.modifier): ./source/blender/blenkernel/intern/modifier.cc:461 BKE_modifier_set_error: Object: "Filler14_fine_vertical_pad_rib", Modifier: "Face weighted corner normals", Enable 'Auto Smooth' in Object Data Properties
WARN (bke.modifier): ./source/blender/blenkernel/intern/modifier.cc:461 BKE_modifier_set_error: Object: "Filler15_inner_sidewall_-1", Modifier: "Face weighted corner normals", Enable 'Auto Smooth' in Object Data Properties
WARN (bke.modifier): ./source/blender/blenkernel/intern/modifier.cc:461 BKE_modifier_set_error: Object: "Filler15_outer_mold_rail.001", Modifier: "Face weighted corner normals", Enable 'Auto Smooth' in Object Data Properties
WARN (bke.modifier): ./source/blender/blenkernel/intern/modifier.cc:461 BKE_modifier_set_error: Object: "Filler15_outer_mold_rail.002", Modifier: "Face weighted corner normals", Enable 'Auto Smooth' in Object Data Properties
WARN (bke.modifier): ./source/blender/blenkernel/intern/modifier.cc:461 BKE_modifier_set_error: Object: "Filler15_inner_sidewall_1", Modifier: "Face weighted corner normals", Enable 'Auto Smooth' in Object Data Properties
WARN (bke.modifier): ./source/blender/blenkernel/intern/modifier.cc:461 BKE_modifier_set_error: Object: "Filler15_outer_mold_rail", Modifier: "Face weighted corner normals", Enable 'Auto Smooth' in Object Data Properties
WARN (bke.modifier): ./source/blender/blenkernel/intern/modifier.cc:461 BKE_modifier_set_error: Object: "Filler15_outer_mold_rail.003", Modifier: "Face weighted corner normals", Enable 'Auto Smooth' in Object Data Properties
WARN (bke.modifier): ./source/blender/blenkernel/intern/modifier.cc:461 BKE_modifier_set_error: Object: "Filler15_outer_mold_rail.004", Modifier: "Face weighted corner normals", Enable 'Auto Smooth' in Object Data Properties
WARN (bke.modifier): ./source/blender/blenkernel/intern/modifier.cc:461 BKE_modifier_set_error: Object: "Filler15_outer_mold_rail.005", Modifier: "Face weighted corner normals", Enable 'Auto Smooth' in Object Data Properties
WARN (bke.modifier): ./source/blender/blenkernel/intern/modifier.cc:461 BKE_modifier_set_error: Object: "Filler14_lower_shaped_foot", Modifier: "Face weighted corner normals", Enable 'Auto Smooth' in Object Data Properties
WARN (bke.modifier): ./source/blender/blenkernel/intern/modifier.cc:461 BKE_modifier_set_error: Object: "Filler15_internal_cross_rib.001", Modifier: "Face weighted corner normals", Enable 'Auto Smooth' in Object Data Properties
WARN (bke.modifier): ./source/blender/blenkernel/intern/modifier.cc:461 BKE_modifier_set_error: Object: "Filler15_internal_cross_rib.002", Modifier: "Face weighted corner normals", Enable 'Auto Smooth' in Object Data Properties
WARN (bke.modifier): ./source/blender/blenkernel/intern/modifier.cc:461 BKE_modifier_set_error: Object: "Filler15_internal_cross_rib", Modifier: "Face weighted corner normals", Enable 'Auto Smooth' in Object Data Properties
WARN (bke.modifier): ./source/blender/blenkernel/intern/modifier.cc:461 BKE_modifier_set_error: Object: "Filler15_internal_cross_rib.003", Modifier: "Face weighted corner normals", Enable 'Auto Smooth' in Object Data Properties
WARN (bke.modifier): ./source/blender/blenkernel/intern/modifier.cc:461 BKE_modifier_set_error: Object: "Filler15_internal_cross_rib.004", Modifier: "Face weighted corner normals", Enable 'Auto Smooth' in Object Data Properties
WARN (bke.modifier): ./source/blender/blenkernel/intern/modifier.cc:461 BKE_modifier_set_error: Object: "Filler15_fine_vertical_pad_rib", Modifier: "Face weighted corner normals", Enable 'Auto Smooth' in Object Data Properties
WARN (bke.modifier): ./source/blender/blenkernel/intern/modifier.cc:461 BKE_modifier_set_error: Object: "Filler15_mold_parting_land", Modifier: "Face weighted corner normals", Enable 'Auto Smooth' in Object Data Properties
WARN (bke.modifier): ./source/blender/blenkernel/intern/modifier.cc:461 BKE_modifier_set_error: Object: "Filler15_mold_parting_land.001", Modifier: "Face weighted corner normals", Enable 'Auto Smooth' in Object Data Properties
WARN (bke.modifier): ./source/blender/blenkernel/intern/modifier.cc:461 BKE_modifier_set_error: Object: "Filler15_fine_vertical_pad_rib.001", Modifier: "Face weighted corner normals", Enable 'Auto Smooth' in Object Data Properties
WARN (bke.modifier): ./source/blender/blenkernel/intern/modifier.cc:461 BKE_modifier_set_error: Object: "Filler15_top_hook_cheek", Modifier: "Face weighted corner normals", Enable 'Auto Smooth' in Object Data Properties
WARN (bke.modifier): ./source/blender/blenkernel/intern/modifier.cc:461 BKE_modifier_set_error: Object: "Filler15_top_cross_cap", Modifier: "Face weighted corner normals", Enable 'Auto Smooth' in Object Data Properties
WARN (bke.modifier): ./source/blender/blenkernel/intern/modifier.cc:461 BKE_modifier_set_error: Object: "Filler15_top_hook_cheek.001", Modifier: "Face weighted corner normals", Enable 'Auto Smooth' in Object Data Properties
WARN (bke.modifier): ./source/blender/blenkernel/intern/modifier.cc:461 BKE_modifier_set_error: Object: "Filler15_frame_bottom_bar", Modifier: "Face weighted corner normals", Enable 'Auto Smooth' in Object Data Properties
WARN (bke.modifier): ./source/blender/blenkernel/intern/modifier.cc:461 BKE_modifier_set_error: Object: "Filler15_recessed_contact_sliver", Modifier: "Face weighted corner normals", Enable 'Auto Smooth' in Object Data Properties
WARN (bke.modifier): ./source/blender/blenkernel/intern/modifier.cc:461 BKE_modifier_set_error: Object: "Filler15_recessed_contact_sliver.001", Modifier: "Face weighted corner normals", Enable 'Auto Smooth' in Object Data Properties
WARN (bke.modifier): ./source/blender/blenkernel/intern/modifier.cc:461 BKE_modifier_set_error: Object: "Filler15_lower_step_top", Modifier: "Face weighted corner normals", Enable 'Auto Smooth' in Object Data Properties
WARN (bke.modifier): ./source/blender/blenkernel/intern/modifier.cc:461 BKE_modifier_set_error: Object: "Filler15_recessed_contact_sliver.002", Modifier: "Face weighted corner normals", Enable 'Auto Smooth' in Object Data Properties
WARN (bke.modifier): ./source/blender/blenkernel/intern/modifier.cc:461 BKE_modifier_set_error: Object: "Filler15_lower_step_bottom", Modifier: "Face weighted corner normals", Enable 'Auto Smooth' in Object Data Properties
WARN (bke.modifier): ./source/blender/blenkernel/intern/modifier.cc:461 BKE_modifier_set_error: Object: "Filler15_upper_inset_pad", Modifier: "Face weighted corner normals", Enable 'Auto Smooth' in Object Data Properties
WARN (bke.modifier): ./source/blender/blenkernel/intern/modifier.cc:461 BKE_modifier_set_error: Object: "Filler15_recessed_contact_sliver.003", Modifier: "Face weighted corner normals", Enable 'Auto Smooth' in Object Data Properties
WARN (bke.modifier): ./source/blender/blenkernel/intern/modifier.cc:461 BKE_modifier_set_error: Object: "Filler15_recessed_contact_sliver.004", Modifier: "Face weighted corner normals", Enable 'Auto Smooth' in Object Data Properties
WARN (bke.modifier): ./source/blender/blenkernel/intern/modifier.cc:461 BKE_modifier_set_error: Object: "Filler15_long_center_pad", Modifier: "Face weighted corner normals", Enable 'Auto Smooth' in Object Data Properties
WARN (bke.modifier): ./source/blender/blenkernel/intern/modifier.cc:461 BKE_modifier_set_error: Object: "Filler15_recessed_contact_sliver.005", Modifier: "Face weighted corner normals", Enable 'Auto Smooth' in Object Data Properties
WARN (bke.modifier): ./source/blender/blenkernel/intern/modifier.cc:461 BKE_modifier_set_error: Object: "Filler15_recessed_contact_sliver.007", Modifier: "Face weighted corner normals", Enable 'Auto Smooth' in Object Data Properties
WARN (bke.modifier): ./source/blender/blenkernel/intern/modifier.cc:461 BKE_modifier_set_error: Object: "Filler15_recessed_contact_sliver.008", Modifier: "Face weighted corner normals", Enable 'Auto Smooth' in Object Data Properties
WARN (bke.modifier): ./source/blender/blenkernel/intern/modifier.cc:461 BKE_modifier_set_error: Object: "Filler15_recessed_contact_sliver.006", Modifier: "Face weighted corner normals", Enable 'Auto Smooth' in Object Data Properties
WARN (bke.modifier): ./source/blender/blenkernel/intern/modifier.cc:461 BKE_modifier_set_error: Object: "Filler15_recessed_contact_sliver.009", Modifier: "Face weighted corner normals", Enable 'Auto Smooth' in Object Data Properties
WARN (bke.modifier): ./source/blender/blenkernel/intern/modifier.cc:461 BKE_modifier_set_error: Object: "Filler15_retention_edge", Modifier: "Face weighted corner normals", Enable 'Auto Smooth' in Object Data Properties
WARN (bke.modifier): ./source/blender/blenkernel/intern/modifier.cc:461 BKE_modifier_set_error: Object: "Filler16_inner_sidewall_-1", Modifier: "Face weighted corner normals", Enable 'Auto Smooth' in Object Data Properties
WARN (bke.modifier): ./source/blender/blenkernel/intern/modifier.cc:461 BKE_modifier_set_error: Object: "Filler16_outer_mold_rail", Modifier: "Face weighted corner normals", Enable 'Auto Smooth' in Object Data Properties
WARN (bke.modifier): ./source/blender/blenkernel/intern/modifier.cc:461 BKE_modifier_set_error: Object: "Filler16_outer_mold_rail.001", Modifier: "Face weighted corner normals", Enable 'Auto Smooth' in Object Data Properties
WARN (bke.modifier): ./source/blender/blenkernel/intern/modifier.cc:461 BKE_modifier_set_error: Object: "Filler16_outer_mold_rail.002", Modifier: "Face weighted corner normals", Enable 'Auto Smooth' in Object Data Properties
WARN (bke.modifier): ./source/blender/blenkernel/intern/modifier.cc:461 BKE_modifier_set_error: Object: "Filler16_outer_mold_rail.003", Modifier: "Face weighted corner normals", Enable 'Auto Smooth' in Object Data Properties
WARN (bke.modifier): ./source/blender/blenkernel/intern/modifier.cc:461 BKE_modifier_set_error: Object: "Filler16_inner_sidewall_1", Modifier: "Face weighted corner normals", Enable 'Auto Smooth' in Object Data Properties
WARN (bke.modifier): ./source/blender/blenkernel/intern/modifier.cc:461 BKE_modifier_set_error: Object: "Filler16_outer_mold_rail.004", Modifier: "Face weighted corner normals", Enable 'Auto Smooth' in Object Data Properties
WARN (bke.modifier): ./source/blender/blenkernel/intern/modifier.cc:461 BKE_modifier_set_error: Object: "Filler16_outer_mold_rail.005", Modifier: "Face weighted corner normals", Enable 'Auto Smooth' in Object Data Properties
WARN (bke.modifier): ./source/blender/blenkernel/intern/modifier.cc:461 BKE_modifier_set_error: Object: "Filler16_internal_cross_rib", Modifier: "Face weighted corner normals", Enable 'Auto Smooth' in Object Data Properties
WARN (bke.modifier): ./source/blender/blenkernel/intern/modifier.cc:461 BKE_modifier_set_error: Object: "Filler16_internal_cross_rib.002", Modifier: "Face weighted corner normals", Enable 'Auto Smooth' in Object Data Properties
WARN (bke.modifier): ./source/blender/blenkernel/intern/modifier.cc:461 BKE_modifier_set_error: Object: "Filler16_internal_cross_rib.001", Modifier: "Face weighted corner normals", Enable 'Auto Smooth' in Object Data Properties
WARN (bke.modifier): ./source/blender/blenkernel/intern/modifier.cc:461 BKE_modifier_set_error: Object: "Filler16_internal_cross_rib.004", Modifier: "Face weighted corner normals", Enable 'Auto Smooth' in Object Data Properties
WARN (bke.modifier): ./source/blender/blenkernel/intern/modifier.cc:461 BKE_modifier_set_error: Object: "Filler16_internal_cross_rib.003", Modifier: "Face weighted corner normals", Enable 'Auto Smooth' in Object Data Properties
WARN (bke.modifier): ./source/blender/blenkernel/intern/modifier.cc:461 BKE_modifier_set_error: Object: "Filler15_lower_shaped_foot", Modifier: "Face weighted corner normals", Enable 'Auto Smooth' in Object Data Properties
WARN (bke.modifier): ./source/blender/blenkernel/intern/modifier.cc:461 BKE_modifier_set_error: Object: "Filler16_mold_parting_land", Modifier: "Face weighted corner normals", Enable 'Auto Smooth' in Object Data Properties
WARN (bke.modifier): ./source/blender/blenkernel/intern/modifier.cc:461 BKE_modifier_set_error: Object: "Filler16_fine_vertical_pad_rib", Modifier: "Face weighted corner normals", Enable 'Auto Smooth' in Object Data Properties
WARN (bke.modifier): ./source/blender/blenkernel/intern/modifier.cc:461 BKE_modifier_set_error: Object: "Filler16_mold_parting_land.001", Modifier: "Face weighted corner normals", Enable 'Auto Smooth' in Object Data Properties
WARN (bke.modifier): ./source/blender/blenkernel/intern/modifier.cc:461 BKE_modifier_set_error: Object: "Filler16_top_cross_cap", Modifier: "Face weighted corner normals", Enable 'Auto Smooth' in Object Data Properties
WARN (bke.modifier): ./source/blender/blenkernel/intern/modifier.cc:461 BKE_modifier_set_error: Object: "Filler16_top_hook_cheek", Modifier: "Face weighted corner normals", Enable 'Auto Smooth' in Object Data Properties
WARN (bke.modifier): ./source/blender/blenkernel/intern/modifier.cc:461 BKE_modifier_set_error: Object: "Filler16_lower_step_top", Modifier: "Face weighted corner normals", Enable 'Auto Smooth' in Object Data Properties
WARN (bke.modifier): ./source/blender/blenkernel/intern/modifier.cc:461 BKE_modifier_set_error: Object: "Filler16_fine_vertical_pad_rib.001", Modifier: "Face weighted corner normals", Enable 'Auto Smooth' in Object Data Properties
WARN (bke.modifier): ./source/blender/blenkernel/intern/modifier.cc:461 BKE_modifier_set_error: Object: "Filler16_top_hook_cheek.001", Modifier: "Face weighted corner normals", Enable 'Auto Smooth' in Object Data Properties
WARN (bke.modifier): ./source/blender/blenkernel/intern/modifier.cc:461 BKE_modifier_set_error: Object: "Filler16_lower_step_bottom", Modifier: "Face weighted corner normals", Enable 'Auto Smooth' in Object Data Properties
WARN (bke.modifier): ./source/blender/blenkernel/intern/modifier.cc:461 BKE_modifier_set_error: Object: "Filler16_frame_bottom_bar", Modifier: "Face weighted corner normals", Enable 'Auto Smooth' in Object Data Properties
WARN (bke.modifier): ./source/blender/blenkernel/intern/modifier.cc:461 BKE_modifier_set_error: Object: "Filler16_recessed_contact_sliver", Modifier: "Face weighted corner normals", Enable 'Auto Smooth' in Object Data Properties
WARN (bke.modifier): ./source/blender/blenkernel/intern/modifier.cc:461 BKE_modifier_set_error: Object: "Filler16_recessed_contact_sliver.001", Modifier: "Face weighted corner normals", Enable 'Auto Smooth' in Object Data Properties
WARN (bke.modifier): ./source/blender/blenkernel/intern/modifier.cc:461 BKE_modifier_set_error: Object: "Filler16_recessed_contact_sliver.002", Modifier: "Face weighted corner normals", Enable 'Auto Smooth' in Object Data Properties
WARN (bke.modifier): ./source/blender/blenkernel/intern/modifier.cc:461 BKE_modifier_set_error: Object: "Filler16_upper_inset_pad", Modifier: "Face weighted corner normals", Enable 'Auto Smooth' in Object Data Properties
WARN (bke.modifier): ./source/blender/blenkernel/intern/modifier.cc:461 BKE_modifier_set_error: Object: "Filler16_recessed_contact_sliver.004", Modifier: "Face weighted corner normals", Enable 'Auto Smooth' in Object Data Properties
WARN (bke.modifier): ./source/blender/blenkernel/intern/modifier.cc:461 BKE_modifier_set_error: Object: "Filler16_long_center_pad", Modifier: "Face weighted corner normals", Enable 'Auto Smooth' in Object Data Properties
WARN (bke.modifier): ./source/blender/blenkernel/intern/modifier.cc:461 BKE_modifier_set_error: Object: "Filler16_recessed_contact_sliver.003", Modifier: "Face weighted corner normals", Enable 'Auto Smooth' in Object Data Properties
WARN (bke.modifier): ./source/blender/blenkernel/intern/modifier.cc:461 BKE_modifier_set_error: Object: "Filler16_recessed_contact_sliver.005", Modifier: "Face weighted corner normals", Enable 'Auto Smooth' in Object Data Properties
WARN (bke.modifier): ./source/blender/blenkernel/intern/modifier.cc:461 BKE_modifier_set_error: Object: "Filler16_recessed_contact_sliver.006", Modifier: "Face weighted corner normals", Enable 'Auto Smooth' in Object Data Properties
WARN (bke.modifier): ./source/blender/blenkernel/intern/modifier.cc:461 BKE_modifier_set_error: Object: "Filler16_recessed_contact_sliver.008", Modifier: "Face weighted corner normals", Enable 'Auto Smooth' in Object Data Properties
WARN (bke.modifier): ./source/blender/blenkernel/intern/modifier.cc:461 BKE_modifier_set_error: Object: "Filler16_recessed_contact_sliver.007", Modifier: "Face weighted corner normals", Enable 'Auto Smooth' in Object Data Properties
WARN (bke.modifier): ./source/blender/blenkernel/intern/modifier.cc:461 BKE_modifier_set_error: Object: "Filler16_retention_edge", Modifier: "Face weighted corner normals", Enable 'Auto Smooth' in Object Data Properties
WARN (bke.modifier): ./source/blender/blenkernel/intern/modifier.cc:461 BKE_modifier_set_error: Object: "Filler16_recessed_contact_sliver.009", Modifier: "Face weighted corner normals", Enable 'Auto Smooth' in Object Data Properties
WARN (bke.modifier): ./source/blender/blenkernel/intern/modifier.cc:461 BKE_modifier_set_error: Object: "Filler17_inner_sidewall_-1", Modifier: "Face weighted corner normals", Enable 'Auto Smooth' in Object Data Properties
WARN (bke.modifier): ./source/blender/blenkernel/intern/modifier.cc:461 BKE_modifier_set_error: Object: "Filler17_outer_mold_rail", Modifier: "Face weighted corner normals", Enable 'Auto Smooth' in Object Data Properties
WARN (bke.modifier): ./source/blender/blenkernel/intern/modifier.cc:461 BKE_modifier_set_error: Object: "Filler17_outer_mold_rail.001", Modifier: "Face weighted corner normals", Enable 'Auto Smooth' in Object Data Properties
WARN (bke.modifier): ./source/blender/blenkernel/intern/modifier.cc:461 BKE_modifier_set_error: Object: "Filler17_outer_mold_rail.002", Modifier: "Face weighted corner normals", Enable 'Auto Smooth' in Object Data Properties
WARN (bke.modifier): ./source/blender/blenkernel/intern/modifier.cc:461 BKE_modifier_set_error: Object: "Filler17_inner_sidewall_1", Modifier: "Face weighted corner normals", Enable 'Auto Smooth' in Object Data Properties
WARN (bke.modifier): ./source/blender/blenkernel/intern/modifier.cc:461 BKE_modifier_set_error: Object: "Filler17_outer_mold_rail.003", Modifier: "Face weighted corner normals", Enable 'Auto Smooth' in Object Data Properties
WARN (bke.modifier): ./source/blender/blenkernel/intern/modifier.cc:461 BKE_modifier_set_error: Object: "Filler17_outer_mold_rail.004", Modifier: "Face weighted corner normals", Enable 'Auto Smooth' in Object Data Properties
WARN (bke.modifier): ./source/blender/blenkernel/intern/modifier.cc:461 BKE_modifier_set_error: Object: "Filler17_outer_mold_rail.005", Modifier: "Face weighted corner normals", Enable 'Auto Smooth' in Object Data Properties
WARN (bke.modifier): ./source/blender/blenkernel/intern/modifier.cc:461 BKE_modifier_set_error: Object: "Filler17_internal_cross_rib", Modifier: "Face weighted corner normals", Enable 'Auto Smooth' in Object Data Properties
WARN (bke.modifier): ./source/blender/blenkernel/intern/modifier.cc:461 BKE_modifier_set_error: Object: "Filler17_internal_cross_rib.001", Modifier: "Face weighted corner normals", Enable 'Auto Smooth' in Object Data Properties
WARN (bke.modifier): ./source/blender/blenkernel/intern/modifier.cc:461 BKE_modifier_set_error: Object: "Front_cover_integrated_pressings", Modifier: "Face weighted corner normals", Enable 'Auto Smooth' in Object Data Properties
WARN (bke.modifier): ./source/blender/blenkernel/intern/modifier.cc:461 BKE_modifier_set_error: Object: "Filler16_lower_shaped_foot", Modifier: "Face weighted corner normals", Enable 'Auto Smooth' in Object Data Properties
WARN (bke.modifier): ./source/blender/blenkernel/intern/modifier.cc:461 BKE_modifier_set_error: Object: "Filler17_internal_cross_rib.002", Modifier: "Face weighted corner normals", Enable 'Auto Smooth' in Object Data Properties
WARN (bke.modifier): ./source/blender/blenkernel/intern/modifier.cc:461 BKE_modifier_set_error: Object: "Filler17_internal_cross_rib.003", Modifier: "Face weighted corner normals", Enable 'Auto Smooth' in Object Data Properties
WARN (bke.modifier): ./source/blender/blenkernel/intern/modifier.cc:461 BKE_modifier_set_error: Object: "Filler17_fine_vertical_pad_rib", Modifier: "Face weighted corner normals", Enable 'Auto Smooth' in Object Data Properties
WARN (bke.modifier): ./source/blender/blenkernel/intern/modifier.cc:461 BKE_modifier_set_error: Object: "Filler17_internal_cross_rib.004", Modifier: "Face weighted corner normals", Enable 'Auto Smooth' in Object Data Properties
WARN (bke.modifier): ./source/blender/blenkernel/intern/modifier.cc:461 BKE_modifier_set_error: Object: "Filler17_mold_parting_land", Modifier: "Face weighted corner normals", Enable 'Auto Smooth' in Object Data Properties
WARN (bke.modifier): ./source/blender/blenkernel/intern/modifier.cc:461 BKE_modifier_set_error: Object: "Filler17_fine_vertical_pad_rib.001", Modifier: "Face weighted corner normals", Enable 'Auto Smooth' in Object Data Properties
WARN (bke.modifier): ./source/blender/blenkernel/intern/modifier.cc:461 BKE_modifier_set_error: Object: "Filler17_mold_parting_land.001", Modifier: "Face weighted corner normals", Enable 'Auto Smooth' in Object Data Properties
WARN (bke.modifier): ./source/blender/blenkernel/intern/modifier.cc:461 BKE_modifier_set_error: Object: "Filler17_top_hook_cheek", Modifier: "Face weighted corner normals", Enable 'Auto Smooth' in Object Data Properties
WARN (bke.modifier): ./source/blender/blenkernel/intern/modifier.cc:461 BKE_modifier_set_error: Object: "Filler17_top_cross_cap", Modifier: "Face weighted corner normals", Enable 'Auto Smooth' in Object Data Properties
WARN (bke.modifier): ./source/blender/blenkernel/intern/modifier.cc:461 BKE_modifier_set_error: Object: "Filler17_top_hook_cheek.001", Modifier: "Face weighted corner normals", Enable 'Auto Smooth' in Object Data Properties
WARN (bke.modifier): ./source/blender/blenkernel/intern/modifier.cc:461 BKE_modifier_set_error: Object: "Filler17_lower_step_top", Modifier: "Face weighted corner normals", Enable 'Auto Smooth' in Object Data Properties
WARN (bke.modifier): ./source/blender/blenkernel/intern/modifier.cc:461 BKE_modifier_set_error: Object: "Filler17_lower_step_bottom", Modifier: "Face weighted corner normals", Enable 'Auto Smooth' in Object Data Properties
WARN (bke.modifier): ./source/blender/blenkernel/intern/modifier.cc:461 BKE_modifier_set_error: Object: "Filler17_frame_bottom_bar", Modifier: "Face weighted corner normals", Enable 'Auto Smooth' in Object Data Properties
WARN (bke.modifier): ./source/blender/blenkernel/intern/modifier.cc:461 BKE_modifier_set_error: Object: "Filler17_recessed_contact_sliver", Modifier: "Face weighted corner normals", Enable 'Auto Smooth' in Object Data Properties
WARN (bke.modifier): ./source/blender/blenkernel/intern/modifier.cc:461 BKE_modifier_set_error: Object: "Filler17_recessed_contact_sliver.001", Modifier: "Face weighted corner normals", Enable 'Auto Smooth' in Object Data Properties
WARN (bke.modifier): ./source/blender/blenkernel/intern/modifier.cc:461 BKE_modifier_set_error: Object: "Filler17_recessed_contact_sliver.002", Modifier: "Face weighted corner normals", Enable 'Auto Smooth' in Object Data Properties
WARN (bke.modifier): ./source/blender/blenkernel/intern/modifier.cc:461 BKE_modifier_set_error: Object: "Filler17_recessed_contact_sliver.003", Modifier: "Face weighted corner normals", Enable 'Auto Smooth' in Object Data Properties
WARN (bke.modifier): ./source/blender/blenkernel/intern/modifier.cc:461 BKE_modifier_set_error: Object: "Filler17_recessed_contact_sliver.004", Modifier: "Face weighted corner normals", Enable 'Auto Smooth' in Object Data Properties
WARN (bke.modifier): ./source/blender/blenkernel/intern/modifier.cc:461 BKE_modifier_set_error: Object: "Filler17_recessed_contact_sliver.005", Modifier: "Face weighted corner normals", Enable 'Auto Smooth' in Object Data Properties
WARN (bke.modifier): ./source/blender/blenkernel/intern/modifier.cc:461 BKE_modifier_set_error: Object: "Filler17_long_center_pad", Modifier: "Face weighted corner normals", Enable 'Auto Smooth' in Object Data Properties
WARN (bke.modifier): ./source/blender/blenkernel/intern/modifier.cc:461 BKE_modifier_set_error: Object: "Filler17_upper_inset_pad", Modifier: "Face weighted corner normals", Enable 'Auto Smooth' in Object Data Properties
WARN (bke.modifier): ./source/blender/blenkernel/intern/modifier.cc:461 BKE_modifier_set_error: Object: "Filler17_recessed_contact_sliver.006", Modifier: "Face weighted corner normals", Enable 'Auto Smooth' in Object Data Properties
WARN (bke.modifier): ./source/blender/blenkernel/intern/modifier.cc:461 BKE_modifier_set_error: Object: "Filler17_recessed_contact_sliver.007", Modifier: "Face weighted corner normals", Enable 'Auto Smooth' in Object Data Properties
WARN (bke.modifier): ./source/blender/blenkernel/intern/modifier.cc:461 BKE_modifier_set_error: Object: "Filler17_recessed_contact_sliver.008", Modifier: "Face weighted corner normals", Enable 'Auto Smooth' in Object Data Properties
WARN (bke.modifier): ./source/blender/blenkernel/intern/modifier.cc:461 BKE_modifier_set_error: Object: "Filler17_recessed_contact_sliver.009", Modifier: "Face weighted corner normals", Enable 'Auto Smooth' in Object Data Properties
WARN (bke.modifier): ./source/blender/blenkernel/intern/modifier.cc:461 BKE_modifier_set_error: Object: "Filler17_retention_edge", Modifier: "Face weighted corner normals", Enable 'Auto Smooth' in Object Data Properties
WARN (bke.modifier): ./source/blender/blenkernel/intern/modifier.cc:461 BKE_modifier_set_error: Object: "Filler18_inner_sidewall_-1", Modifier: "Face weighted corner normals", Enable 'Auto Smooth' in Object Data Properties
WARN (bke.modifier): ./source/blender/blenkernel/intern/modifier.cc:461 BKE_modifier_set_error: Object: "Filler18_outer_mold_rail", Modifier: "Face weighted corner normals", Enable 'Auto Smooth' in Object Data Properties
WARN (bke.modifier): ./source/blender/blenkernel/intern/modifier.cc:461 BKE_modifier_set_error: Object: "Filler18_outer_mold_rail.001", Modifier: "Face weighted corner normals", Enable 'Auto Smooth' in Object Data Properties
WARN (bke.modifier): ./source/blender/blenkernel/intern/modifier.cc:461 BKE_modifier_set_error: Object: "Filler18_inner_sidewall_1", Modifier: "Face weighted corner normals", Enable 'Auto Smooth' in Object Data Properties
WARN (bke.modifier): ./source/blender/blenkernel/intern/modifier.cc:461 BKE_modifier_set_error: Object: "Filler18_outer_mold_rail.003", Modifier: "Face weighted corner normals", Enable 'Auto Smooth' in Object Data Properties
WARN (bke.modifier): ./source/blender/blenkernel/intern/modifier.cc:461 BKE_modifier_set_error: Object: "Filler18_outer_mold_rail.004", Modifier: "Face weighted corner normals", Enable 'Auto Smooth' in Object Data Properties
WARN (bke.modifier): ./source/blender/blenkernel/intern/modifier.cc:461 BKE_modifier_set_error: Object: "Filler18_outer_mold_rail.005", Modifier: "Face weighted corner normals", Enable 'Auto Smooth' in Object Data Properties
WARN (bke.modifier): ./source/blender/blenkernel/intern/modifier.cc:461 BKE_modifier_set_error: Object: "Filler18_outer_mold_rail.002", Modifier: "Face weighted corner normals", Enable 'Auto Smooth' in Object Data Properties
WARN (bke.modifier): ./source/blender/blenkernel/intern/modifier.cc:461 BKE_modifier_set_error: Object: "Filler18_internal_cross_rib", Modifier: "Face weighted corner normals", Enable 'Auto Smooth' in Object Data Properties
WARN (bke.modifier): ./source/blender/blenkernel/intern/modifier.cc:461 BKE_modifier_set_error: Object: "Filler18_internal_cross_rib.001", Modifier: "Face weighted corner normals", Enable 'Auto Smooth' in Object Data Properties
WARN (bke.modifier): ./source/blender/blenkernel/intern/modifier.cc:461 BKE_modifier_set_error: Object: "Filler18_internal_cross_rib.003", Modifier: "Face weighted corner normals", Enable 'Auto Smooth' in Object Data Properties
WARN (bke.modifier): ./source/blender/blenkernel/intern/modifier.cc:461 BKE_modifier_set_error: Object: "Filler17_lower_shaped_foot", Modifier: "Face weighted corner normals", Enable 'Auto Smooth' in Object Data Properties
WARN (bke.modifier): ./source/blender/blenkernel/intern/modifier.cc:461 BKE_modifier_set_error: Object: "Filler18_internal_cross_rib.004", Modifier: "Face weighted corner normals", Enable 'Auto Smooth' in Object Data Properties
WARN (bke.modifier): ./source/blender/blenkernel/intern/modifier.cc:461 BKE_modifier_set_error: Object: "Filler18_fine_vertical_pad_rib", Modifier: "Face weighted corner normals", Enable 'Auto Smooth' in Object Data Properties
WARN (bke.modifier): ./source/blender/blenkernel/intern/modifier.cc:461 BKE_modifier_set_error: Object: "Filler18_internal_cross_rib.002", Modifier: "Face weighted corner normals", Enable 'Auto Smooth' in Object Data Properties
WARN (bke.modifier): ./source/blender/blenkernel/intern/modifier.cc:461 BKE_modifier_set_error: Object: "Filler18_mold_parting_land", Modifier: "Face weighted corner normals", Enable 'Auto Smooth' in Object Data Properties
WARN (bke.modifier): ./source/blender/blenkernel/intern/modifier.cc:461 BKE_modifier_set_error: Object: "Filler18_fine_vertical_pad_rib.001", Modifier: "Face weighted corner normals", Enable 'Auto Smooth' in Object Data Properties
WARN (bke.modifier): ./source/blender/blenkernel/intern/modifier.cc:461 BKE_modifier_set_error: Object: "Filler18_mold_parting_land.001", Modifier: "Face weighted corner normals", Enable 'Auto Smooth' in Object Data Properties
WARN (bke.modifier): ./source/blender/blenkernel/intern/modifier.cc:461 BKE_modifier_set_error: Object: "Side_rail_latch_outline_-1", Modifier: "Face weighted corner normals", Enable 'Auto Smooth' in Object Data Properties
WARN (bke.modifier): ./source/blender/blenkernel/intern/modifier.cc:461 BKE_modifier_set_error: Object: "Filler18_top_cross_cap", Modifier: "Face weighted corner normals", Enable 'Auto Smooth' in Object Data Properties
WARN (bke.modifier): ./source/blender/blenkernel/intern/modifier.cc:461 BKE_modifier_set_error: Object: "Filler18_top_hook_cheek", Modifier: "Face weighted corner normals", Enable 'Auto Smooth' in Object Data Properties
WARN (bke.modifier): ./source/blender/blenkernel/intern/modifier.cc:461 BKE_modifier_set_error: Object: "Filler18_top_hook_cheek.001", Modifier: "Face weighted corner normals", Enable 'Auto Smooth' in Object Data Properties
WARN (bke.modifier): ./source/blender/blenkernel/intern/modifier.cc:461 BKE_modifier_set_error: Object: "Filler18_lower_step_top", Modifier: "Face weighted corner normals", Enable 'Auto Smooth' in Object Data Properties
WARN (bke.modifier): ./source/blender/blenkernel/intern/modifier.cc:461 BKE_modifier_set_error: Object: "Filler18_lower_step_bottom", Modifier: "Face weighted corner normals", Enable 'Auto Smooth' in Object Data Properties
WARN (bke.modifier): ./source/blender/blenkernel/intern/modifier.cc:461 BKE_modifier_set_error: Object: "Filler18_frame_bottom_bar", Modifier: "Face weighted corner normals", Enable 'Auto Smooth' in Object Data Properties
WARN (bke.modifier): ./source/blender/blenkernel/intern/modifier.cc:461 BKE_modifier_set_error: Object: "Filler18_recessed_contact_sliver", Modifier: "Face weighted corner normals", Enable 'Auto Smooth' in Object Data Properties
WARN (bke.modifier): ./source/blender/blenkernel/intern/modifier.cc:461 BKE_modifier_set_error: Object: "Filler18_recessed_contact_sliver.001", Modifier: "Face weighted corner normals", Enable 'Auto Smooth' in Object Data Properties
WARN (bke.modifier): ./source/blender/blenkernel/intern/modifier.cc:461 BKE_modifier_set_error: Object: "Filler18_recessed_contact_sliver.002", Modifier: "Face weighted corner normals", Enable 'Auto Smooth' in Object Data Properties
WARN (bke.modifier): ./source/blender/blenkernel/intern/modifier.cc:461 BKE_modifier_set_error: Object: "Filler18_upper_inset_pad", Modifier: "Face weighted corner normals", Enable 'Auto Smooth' in Object Data Properties
WARN (bke.modifier): ./source/blender/blenkernel/intern/modifier.cc:461 BKE_modifier_set_error: Object: "Filler18_recessed_contact_sliver.003", Modifier: "Face weighted corner normals", Enable 'Auto Smooth' in Object Data Properties
WARN (bke.modifier): ./source/blender/blenkernel/intern/modifier.cc:461 BKE_modifier_set_error: Object: "Filler18_long_center_pad", Modifier: "Face weighted corner normals", Enable 'Auto Smooth' in Object Data Properties
WARN (bke.modifier): ./source/blender/blenkernel/intern/modifier.cc:461 BKE_modifier_set_error: Object: "Filler18_recessed_contact_sliver.004", Modifier: "Face weighted corner normals", Enable 'Auto Smooth' in Object Data Properties
WARN (bke.modifier): ./source/blender/blenkernel/intern/modifier.cc:461 BKE_modifier_set_error: Object: "Filler18_recessed_contact_sliver.005", Modifier: "Face weighted corner normals", Enable 'Auto Smooth' in Object Data Properties
WARN (bke.modifier): ./source/blender/blenkernel/intern/modifier.cc:461 BKE_modifier_set_error: Object: "Filler18_recessed_contact_sliver.006", Modifier: "Face weighted corner normals", Enable 'Auto Smooth' in Object Data Properties
WARN (bke.modifier): ./source/blender/blenkernel/intern/modifier.cc:461 BKE_modifier_set_error: Object: "Filler18_recessed_contact_sliver.008", Modifier: "Face weighted corner normals", Enable 'Auto Smooth' in Object Data Properties
WARN (bke.modifier): ./source/blender/blenkernel/intern/modifier.cc:461 BKE_modifier_set_error: Object: "Filler18_recessed_contact_sliver.007", Modifier: "Face weighted corner normals", Enable 'Auto Smooth' in Object Data Properties
WARN (bke.modifier): ./source/blender/blenkernel/intern/modifier.cc:461 BKE_modifier_set_error: Object: "Filler18_recessed_contact_sliver.009", Modifier: "Face weighted corner normals", Enable 'Auto Smooth' in Object Data Properties
WARN (bke.modifier): ./source/blender/blenkernel/intern/modifier.cc:461 BKE_modifier_set_error: Object: "Filler18_retention_edge", Modifier: "Face weighted corner normals", Enable 'Auto Smooth' in Object Data Properties
WARN (bke.modifier): ./source/blender/blenkernel/intern/modifier.cc:461 BKE_modifier_set_error: Object: "Filler19_outer_mold_rail", Modifier: "Face weighted corner normals", Enable 'Auto Smooth' in Object Data Properties
WARN (bke.modifier): ./source/blender/blenkernel/intern/modifier.cc:461 BKE_modifier_set_error: Object: "Filler19_outer_mold_rail.002", Modifier: "Face weighted corner normals", Enable 'Auto Smooth' in Object Data Properties
WARN (bke.modifier): ./source/blender/blenkernel/intern/modifier.cc:461 BKE_modifier_set_error: Object: "Filler19_outer_mold_rail.001", Modifier: "Face weighted corner normals", Enable 'Auto Smooth' in Object Data Properties
WARN (bke.modifier): ./source/blender/blenkernel/intern/modifier.cc:461 BKE_modifier_set_error: Object: "Filler19_inner_sidewall_-1", Modifier: "Face weighted corner normals", Enable 'Auto Smooth' in Object Data Properties
WARN (bke.modifier): ./source/blender/blenkernel/intern/modifier.cc:461 BKE_modifier_set_error: Object: "Filler19_inner_sidewall_1", Modifier: "Face weighted corner normals", Enable 'Auto Smooth' in Object Data Properties
WARN (bke.modifier): ./source/blender/blenkernel/intern/modifier.cc:461 BKE_modifier_set_error: Object: "Filler19_outer_mold_rail.003", Modifier: "Face weighted corner normals", Enable 'Auto Smooth' in Object Data Properties
WARN (bke.modifier): ./source/blender/blenkernel/intern/modifier.cc:461 BKE_modifier_set_error: Object: "Filler19_outer_mold_rail.005", Modifier: "Face weighted corner normals", Enable 'Auto Smooth' in Object Data Properties
WARN (bke.modifier): ./source/blender/blenkernel/intern/modifier.cc:461 BKE_modifier_set_error: Object: "Filler19_outer_mold_rail.004", Modifier: "Face weighted corner normals", Enable 'Auto Smooth' in Object Data Properties
WARN (bke.modifier): ./source/blender/blenkernel/intern/modifier.cc:461 BKE_modifier_set_error: Object: "Filler19_internal_cross_rib", Modifier: "Face weighted corner normals", Enable 'Auto Smooth' in Object Data Properties
WARN (bke.modifier): ./source/blender/blenkernel/intern/modifier.cc:461 BKE_modifier_set_error: Object: "Filler19_internal_cross_rib.001", Modifier: "Face weighted corner normals", Enable 'Auto Smooth' in Object Data Properties
WARN (bke.modifier): ./source/blender/blenkernel/intern/modifier.cc:461 BKE_modifier_set_error: Object: "Filler19_internal_cross_rib.002", Modifier: "Face weighted corner normals", Enable 'Auto Smooth' in Object Data Properties
WARN (bke.modifier): ./source/blender/blenkernel/intern/modifier.cc:461 BKE_modifier_set_error: Object: "Filler19_internal_cross_rib.003", Modifier: "Face weighted corner normals", Enable 'Auto Smooth' in Object Data Properties
WARN (bke.modifier): ./source/blender/blenkernel/intern/modifier.cc:461 BKE_modifier_set_error: Object: "Filler19_internal_cross_rib.004", Modifier: "Face weighted corner normals", Enable 'Auto Smooth' in Object Data Properties
WARN (bke.modifier): ./source/blender/blenkernel/intern/modifier.cc:461 BKE_modifier_set_error: Object: "Side_-1_clinch_7", Modifier: "Face weighted corner normals", Enable 'Auto Smooth' in Object Data Properties
WARN (bke.modifier): ./source/blender/blenkernel/intern/modifier.cc:461 BKE_modifier_set_error: Object: "Filler18_lower_shaped_foot", Modifier: "Face weighted corner normals", Enable 'Auto Smooth' in Object Data Properties
WARN (bke.modifier): ./source/blender/blenkernel/intern/modifier.cc:461 BKE_modifier_set_error: Object: "Filler19_fine_vertical_pad_rib", Modifier: "Face weighted corner normals", Enable 'Auto Smooth' in Object Data Properties
WARN (bke.modifier): ./source/blender/blenkernel/intern/modifier.cc:461 BKE_modifier_set_error: Object: "Filler19_mold_parting_land", Modifier: "Face weighted corner normals", Enable 'Auto Smooth' in Object Data Properties
WARN (bke.modifier): ./source/blender/blenkernel/intern/modifier.cc:461 BKE_modifier_set_error: Object: "Filler19_fine_vertical_pad_rib.001", Modifier: "Face weighted corner normals", Enable 'Auto Smooth' in Object Data Properties
WARN (bke.modifier): ./source/blender/blenkernel/intern/modifier.cc:461 BKE_modifier_set_error: Object: "Filler19_mold_parting_land.001", Modifier: "Face weighted corner normals", Enable 'Auto Smooth' in Object Data Properties
WARN (bke.modifier): ./source/blender/blenkernel/intern/modifier.cc:461 BKE_modifier_set_error: Object: "Filler19_top_hook_cheek", Modifier: "Face weighted corner normals", Enable 'Auto Smooth' in Object Data Properties
WARN (bke.modifier): ./source/blender/blenkernel/intern/modifier.cc:461 BKE_modifier_set_error: Object: "Filler19_top_cross_cap", Modifier: "Face weighted corner normals", Enable 'Auto Smooth' in Object Data Properties
WARN (bke.modifier): ./source/blender/blenkernel/intern/modifier.cc:461 BKE_modifier_set_error: Object: "Filler19_top_hook_cheek.001", Modifier: "Face weighted corner normals", Enable 'Auto Smooth' in Object Data Properties
WARN (bke.modifier): ./source/blender/blenkernel/intern/modifier.cc:461 BKE_modifier_set_error: Object: "Filler19_lower_step_top", Modifier: "Face weighted corner normals", Enable 'Auto Smooth' in Object Data Properties
WARN (bke.modifier): ./source/blender/blenkernel/intern/modifier.cc:461 BKE_modifier_set_error: Object: "Filler19_frame_bottom_bar", Modifier: "Face weighted corner normals", Enable 'Auto Smooth' in Object Data Properties
WARN (bke.modifier): ./source/blender/blenkernel/intern/modifier.cc:461 BKE_modifier_set_error: Object: "Filler19_lower_step_bottom", Modifier: "Face weighted corner normals", Enable 'Auto Smooth' in Object Data Properties
WARN (bke.modifier): ./source/blender/blenkernel/intern/modifier.cc:461 BKE_modifier_set_error: Object: "Filler19_recessed_contact_sliver", Modifier: "Face weighted corner normals", Enable 'Auto Smooth' in Object Data Properties
WARN (bke.modifier): ./source/blender/blenkernel/intern/modifier.cc:461 BKE_modifier_set_error: Object: "Filler19_recessed_contact_sliver.001", Modifier: "Face weighted corner normals", Enable 'Auto Smooth' in Object Data Properties
WARN (bke.modifier): ./source/blender/blenkernel/intern/modifier.cc:461 BKE_modifier_set_error: Object: "Filler19_recessed_contact_sliver.002", Modifier: "Face weighted corner normals", Enable 'Auto Smooth' in Object Data Properties
WARN (bke.modifier): ./source/blender/blenkernel/intern/modifier.cc:461 BKE_modifier_set_error: Object: "Filler19_recessed_contact_sliver.003", Modifier: "Face weighted corner normals", Enable 'Auto Smooth' in Object Data Properties
WARN (bke.modifier): ./source/blender/blenkernel/intern/modifier.cc:461 BKE_modifier_set_error: Object: "Filler19_upper_inset_pad", Modifier: "Face weighted corner normals", Enable 'Auto Smooth' in Object Data Properties
WARN (bke.modifier): ./source/blender/blenkernel/intern/modifier.cc:461 BKE_modifier_set_error: Object: "Filler19_recessed_contact_sliver.004", Modifier: "Face weighted corner normals", Enable 'Auto Smooth' in Object Data Properties
WARN (bke.modifier): ./source/blender/blenkernel/intern/modifier.cc:461 BKE_modifier_set_error: Object: "Filler19_recessed_contact_sliver.005", Modifier: "Face weighted corner normals", Enable 'Auto Smooth' in Object Data Properties
WARN (bke.modifier): ./source/blender/blenkernel/intern/modifier.cc:461 BKE_modifier_set_error: Object: "Filler19_recessed_contact_sliver.006", Modifier: "Face weighted corner normals", Enable 'Auto Smooth' in Object Data Properties
WARN (bke.modifier): ./source/blender/blenkernel/intern/modifier.cc:461 BKE_modifier_set_error: Object: "Filler19_long_center_pad", Modifier: "Face weighted corner normals", Enable 'Auto Smooth' in Object Data Properties
WARN (bke.modifier): ./source/blender/blenkernel/intern/modifier.cc:461 BKE_modifier_set_error: Object: "Filler19_recessed_contact_sliver.007", Modifier: "Face weighted corner normals", Enable 'Auto Smooth' in Object Data Properties
WARN (bke.modifier): ./source/blender/blenkernel/intern/modifier.cc:461 BKE_modifier_set_error: Object: "Filler19_recessed_contact_sliver.008", Modifier: "Face weighted corner normals", Enable 'Auto Smooth' in Object Data Properties
WARN (bke.modifier): ./source/blender/blenkernel/intern/modifier.cc:461 BKE_modifier_set_error: Object: "Filler19_recessed_contact_sliver.009", Modifier: "Face weighted corner normals", Enable 'Auto Smooth' in Object Data Properties
WARN (bke.modifier): ./source/blender/blenkernel/intern/modifier.cc:461 BKE_modifier_set_error: Object: "Filler19_retention_edge", Modifier: "Face weighted corner normals", Enable 'Auto Smooth' in Object Data Properties
WARN (bke.modifier): ./source/blender/blenkernel/intern/modifier.cc:461 BKE_modifier_set_error: Object: "Filler20_outer_mold_rail", Modifier: "Face weighted corner normals", Enable 'Auto Smooth' in Object Data Properties
WARN (bke.modifier): ./source/blender/blenkernel/intern/modifier.cc:461 BKE_modifier_set_error: Object: "Filler20_outer_mold_rail.001", Modifier: "Face weighted corner normals", Enable 'Auto Smooth' in Object Data Properties
WARN (bke.modifier): ./source/blender/blenkernel/intern/modifier.cc:461 BKE_modifier_set_error: Object: "Filler20_inner_sidewall_1", Modifier: "Face weighted corner normals", Enable 'Auto Smooth' in Object Data Properties
WARN (bke.modifier): ./source/blender/blenkernel/intern/modifier.cc:461 BKE_modifier_set_error: Object: "Filler20_outer_mold_rail.003", Modifier: "Face weighted corner normals", Enable 'Auto Smooth' in Object Data Properties
WARN (bke.modifier): ./source/blender/blenkernel/intern/modifier.cc:461 BKE_modifier_set_error: Object: "Filler20_outer_mold_rail.002", Modifier: "Face weighted corner normals", Enable 'Auto Smooth' in Object Data Properties
WARN (bke.modifier): ./source/blender/blenkernel/intern/modifier.cc:461 BKE_modifier_set_error: Object: "Filler20_inner_sidewall_-1", Modifier: "Face weighted corner normals", Enable 'Auto Smooth' in Object Data Properties
WARN (bke.modifier): ./source/blender/blenkernel/intern/modifier.cc:461 BKE_modifier_set_error: Object: "Side_-1_clinch_6", Modifier: "Face weighted corner normals", Enable 'Auto Smooth' in Object Data Properties
WARN (bke.modifier): ./source/blender/blenkernel/intern/modifier.cc:461 BKE_modifier_set_error: Object: "Filler20_outer_mold_rail.004", Modifier: "Face weighted corner normals", Enable 'Auto Smooth' in Object Data Properties
WARN (bke.modifier): ./source/blender/blenkernel/intern/modifier.cc:461 BKE_modifier_set_error: Object: "Filler20_outer_mold_rail.005", Modifier: "Face weighted corner normals", Enable 'Auto Smooth' in Object Data Properties
WARN (bke.modifier): ./source/blender/blenkernel/intern/modifier.cc:461 BKE_modifier_set_error: Object: "Filler20_internal_cross_rib", Modifier: "Face weighted corner normals", Enable 'Auto Smooth' in Object Data Properties
WARN (bke.modifier): ./source/blender/blenkernel/intern/modifier.cc:461 BKE_modifier_set_error: Object: "Filler20_internal_cross_rib.001", Modifier: "Face weighted corner normals", Enable 'Auto Smooth' in Object Data Properties
WARN (bke.modifier): ./source/blender/blenkernel/intern/modifier.cc:461 BKE_modifier_set_error: Object: "Filler20_internal_cross_rib.002", Modifier: "Face weighted corner normals", Enable 'Auto Smooth' in Object Data Properties
WARN (bke.modifier): ./source/blender/blenkernel/intern/modifier.cc:461 BKE_modifier_set_error: Object: "Filler20_internal_cross_rib.003", Modifier: "Face weighted corner normals", Enable 'Auto Smooth' in Object Data Properties
WARN (bke.modifier): ./source/blender/blenkernel/intern/modifier.cc:461 BKE_modifier_set_error: Object: "Filler19_lower_shaped_foot", Modifier: "Face weighted corner normals", Enable 'Auto Smooth' in Object Data Properties
WARN (bke.modifier): ./source/blender/blenkernel/intern/modifier.cc:461 BKE_modifier_set_error: Object: "Filler20_internal_cross_rib.004", Modifier: "Face weighted corner normals", Enable 'Auto Smooth' in Object Data Properties
WARN (bke.modifier): ./source/blender/blenkernel/intern/modifier.cc:461 BKE_modifier_set_error: Object: "Filler20_fine_vertical_pad_rib", Modifier: "Face weighted corner normals", Enable 'Auto Smooth' in Object Data Properties
WARN (bke.modifier): ./source/blender/blenkernel/intern/modifier.cc:461 BKE_modifier_set_error: Object: "Filler20_mold_parting_land", Modifier: "Face weighted corner normals", Enable 'Auto Smooth' in Object Data Properties
WARN (bke.modifier): ./source/blender/blenkernel/intern/modifier.cc:461 BKE_modifier_set_error: Object: "Filler20_mold_parting_land.001", Modifier: "Face weighted corner normals", Enable 'Auto Smooth' in Object Data Properties
WARN (bke.modifier): ./source/blender/blenkernel/intern/modifier.cc:461 BKE_modifier_set_error: Object: "Filler20_fine_vertical_pad_rib.001", Modifier: "Face weighted corner normals", Enable 'Auto Smooth' in Object Data Properties
WARN (bke.modifier): ./source/blender/blenkernel/intern/modifier.cc:461 BKE_modifier_set_error: Object: "Filler20_top_cross_cap", Modifier: "Face weighted corner normals", Enable 'Auto Smooth' in Object Data Properties
WARN (bke.modifier): ./source/blender/blenkernel/intern/modifier.cc:461 BKE_modifier_set_error: Object: "Filler20_top_hook_cheek", Modifier: "Face weighted corner normals", Enable 'Auto Smooth' in Object Data Properties
WARN (bke.modifier): ./source/blender/blenkernel/intern/modifier.cc:461 BKE_modifier_set_error: Object: "Filler20_top_hook_cheek.001", Modifier: "Face weighted corner normals", Enable 'Auto Smooth' in Object Data Properties
WARN (bke.modifier): ./source/blender/blenkernel/intern/modifier.cc:461 BKE_modifier_set_error: Object: "Filler20_lower_step_top", Modifier: "Face weighted corner normals", Enable 'Auto Smooth' in Object Data Properties
WARN (bke.modifier): ./source/blender/blenkernel/intern/modifier.cc:461 BKE_modifier_set_error: Object: "Filler20_lower_step_bottom", Modifier: "Face weighted corner normals", Enable 'Auto Smooth' in Object Data Properties
WARN (bke.modifier): ./source/blender/blenkernel/intern/modifier.cc:461 BKE_modifier_set_error: Object: "Filler20_frame_bottom_bar", Modifier: "Face weighted corner normals", Enable 'Auto Smooth' in Object Data Properties
WARN (bke.modifier): ./source/blender/blenkernel/intern/modifier.cc:461 BKE_modifier_set_error: Object: "Filler20_recessed_contact_sliver", Modifier: "Face weighted corner normals", Enable 'Auto Smooth' in Object Data Properties
WARN (bke.modifier): ./source/blender/blenkernel/intern/modifier.cc:461 BKE_modifier_set_error: Object: "Filler20_recessed_contact_sliver.001", Modifier: "Face weighted corner normals", Enable 'Auto Smooth' in Object Data Properties
WARN (bke.modifier): ./source/blender/blenkernel/intern/modifier.cc:461 BKE_modifier_set_error: Object: "Filler20_upper_inset_pad", Modifier: "Face weighted corner normals", Enable 'Auto Smooth' in Object Data Properties
WARN (bke.modifier): ./source/blender/blenkernel/intern/modifier.cc:461 BKE_modifier_set_error: Object: "Filler20_recessed_contact_sliver.002", Modifier: "Face weighted corner normals", Enable 'Auto Smooth' in Object Data Properties
WARN (bke.modifier): ./source/blender/blenkernel/intern/modifier.cc:461 BKE_modifier_set_error: Object: "Filler20_recessed_contact_sliver.004", Modifier: "Face weighted corner normals", Enable 'Auto Smooth' in Object Data Properties
WARN (bke.modifier): ./source/blender/blenkernel/intern/modifier.cc:461 BKE_modifier_set_error: Object: "Filler20_recessed_contact_sliver.003", Modifier: "Face weighted corner normals", Enable 'Auto Smooth' in Object Data Properties
WARN (bke.modifier): ./source/blender/blenkernel/intern/modifier.cc:461 BKE_modifier_set_error: Object: "Filler20_long_center_pad", Modifier: "Face weighted corner normals", Enable 'Auto Smooth' in Object Data Properties
WARN (bke.modifier): ./source/blender/blenkernel/intern/modifier.cc:461 BKE_modifier_set_error: Object: "Filler20_recessed_contact_sliver.005", Modifier: "Face weighted corner normals", Enable 'Auto Smooth' in Object Data Properties
WARN (bke.modifier): ./source/blender/blenkernel/intern/modifier.cc:461 BKE_modifier_set_error: Object: "Filler20_recessed_contact_sliver.006", Modifier: "Face weighted corner normals", Enable 'Auto Smooth' in Object Data Properties
WARN (bke.modifier): ./source/blender/blenkernel/intern/modifier.cc:461 BKE_modifier_set_error: Object: "Filler20_recessed_contact_sliver.008", Modifier: "Face weighted corner normals", Enable 'Auto Smooth' in Object Data Properties
WARN (bke.modifier): ./source/blender/blenkernel/intern/modifier.cc:461 BKE_modifier_set_error: Object: "Side_-1_clinch_5", Modifier: "Face weighted corner normals", Enable 'Auto Smooth' in Object Data Properties
WARN (bke.modifier): ./source/blender/blenkernel/intern/modifier.cc:461 BKE_modifier_set_error: Object: "Filler20_recessed_contact_sliver.009", Modifier: "Face weighted corner normals", Enable 'Auto Smooth' in Object Data Properties
WARN (bke.modifier): ./source/blender/blenkernel/intern/modifier.cc:461 BKE_modifier_set_error: Object: "Filler21_inner_sidewall_-1", Modifier: "Face weighted corner normals", Enable 'Auto Smooth' in Object Data Properties
WARN (bke.modifier): ./source/blender/blenkernel/intern/modifier.cc:461 BKE_modifier_set_error: Object: "Filler20_retention_edge", Modifier: "Face weighted corner normals", Enable 'Auto Smooth' in Object Data Properties
WARN (bke.modifier): ./source/blender/blenkernel/intern/modifier.cc:461 BKE_modifier_set_error: Object: "Filler20_recessed_contact_sliver.007", Modifier: "Face weighted corner normals", Enable 'Auto Smooth' in Object Data Properties
WARN (bke.modifier): ./source/blender/blenkernel/intern/modifier.cc:461 BKE_modifier_set_error: Object: "Filler21_outer_mold_rail", Modifier: "Face weighted corner normals", Enable 'Auto Smooth' in Object Data Properties
WARN (bke.modifier): ./source/blender/blenkernel/intern/modifier.cc:461 BKE_modifier_set_error: Object: "Filler21_outer_mold_rail.001", Modifier: "Face weighted corner normals", Enable 'Auto Smooth' in Object Data Properties
WARN (bke.modifier): ./source/blender/blenkernel/intern/modifier.cc:461 BKE_modifier_set_error: Object: "Filler21_outer_mold_rail.002", Modifier: "Face weighted corner normals", Enable 'Auto Smooth' in Object Data Properties
WARN (bke.modifier): ./source/blender/blenkernel/intern/modifier.cc:461 BKE_modifier_set_error: Object: "Filler21_inner_sidewall_1", Modifier: "Face weighted corner normals", Enable 'Auto Smooth' in Object Data Properties
WARN (bke.modifier): ./source/blender/blenkernel/intern/modifier.cc:461 BKE_modifier_set_error: Object: "Filler21_outer_mold_rail.003", Modifier: "Face weighted corner normals", Enable 'Auto Smooth' in Object Data Properties
WARN (bke.modifier): ./source/blender/blenkernel/intern/modifier.cc:461 BKE_modifier_set_error: Object: "Filler21_outer_mold_rail.004", Modifier: "Face weighted corner normals", Enable 'Auto Smooth' in Object Data Properties
WARN (bke.modifier): ./source/blender/blenkernel/intern/modifier.cc:461 BKE_modifier_set_error: Object: "Filler21_outer_mold_rail.005", Modifier: "Face weighted corner normals", Enable 'Auto Smooth' in Object Data Properties
WARN (bke.modifier): ./source/blender/blenkernel/intern/modifier.cc:461 BKE_modifier_set_error: Object: "Filler21_internal_cross_rib", Modifier: "Face weighted corner normals", Enable 'Auto Smooth' in Object Data Properties
WARN (bke.modifier): ./source/blender/blenkernel/intern/modifier.cc:461 BKE_modifier_set_error: Object: "Filler21_internal_cross_rib.001", Modifier: "Face weighted corner normals", Enable 'Auto Smooth' in Object Data Properties
WARN (bke.modifier): ./source/blender/blenkernel/intern/modifier.cc:461 BKE_modifier_set_error: Object: "Filler21_internal_cross_rib.002", Modifier: "Face weighted corner normals", Enable 'Auto Smooth' in Object Data Properties
WARN (bke.modifier): ./source/blender/blenkernel/intern/modifier.cc:461 BKE_modifier_set_error: Object: "Filler21_internal_cross_rib.003", Modifier: "Face weighted corner normals", Enable 'Auto Smooth' in Object Data Properties
WARN (bke.modifier): ./source/blender/blenkernel/intern/modifier.cc:461 BKE_modifier_set_error: Object: "Filler21_internal_cross_rib.004", Modifier: "Face weighted corner normals", Enable 'Auto Smooth' in Object Data Properties
WARN (bke.modifier): ./source/blender/blenkernel/intern/modifier.cc:461 BKE_modifier_set_error: Object: "Filler21_fine_vertical_pad_rib", Modifier: "Face weighted corner normals", Enable 'Auto Smooth' in Object Data Properties
WARN (bke.modifier): ./source/blender/blenkernel/intern/modifier.cc:461 BKE_modifier_set_error: Object: "Filler21_mold_parting_land", Modifier: "Face weighted corner normals", Enable 'Auto Smooth' in Object Data Properties
WARN (bke.modifier): ./source/blender/blenkernel/intern/modifier.cc:461 BKE_modifier_set_error: Object: "Filler21_fine_vertical_pad_rib.001", Modifier: "Face weighted corner normals", Enable 'Auto Smooth' in Object Data Properties
WARN (bke.modifier): ./source/blender/blenkernel/intern/modifier.cc:461 BKE_modifier_set_error: Object: "Filler21_mold_parting_land.001", Modifier: "Face weighted corner normals", Enable 'Auto Smooth' in Object Data Properties
WARN (bke.modifier): ./source/blender/blenkernel/intern/modifier.cc:461 BKE_modifier_set_error: Object: "Filler20_lower_shaped_foot", Modifier: "Face weighted corner normals", Enable 'Auto Smooth' in Object Data Properties
WARN (bke.modifier): ./source/blender/blenkernel/intern/modifier.cc:461 BKE_modifier_set_error: Object: "Filler21_top_hook_cheek", Modifier: "Face weighted corner normals", Enable 'Auto Smooth' in Object Data Properties
WARN (bke.modifier): ./source/blender/blenkernel/intern/modifier.cc:461 BKE_modifier_set_error: Object: "Filler21_top_cross_cap", Modifier: "Face weighted corner normals", Enable 'Auto Smooth' in Object Data Properties
WARN (bke.modifier): ./source/blender/blenkernel/intern/modifier.cc:461 BKE_modifier_set_error: Object: "Filler21_top_hook_cheek.001", Modifier: "Face weighted corner normals", Enable 'Auto Smooth' in Object Data Properties
WARN (bke.modifier): ./source/blender/blenkernel/intern/modifier.cc:461 BKE_modifier_set_error: Object: "Filler21_lower_step_top", Modifier: "Face weighted corner normals", Enable 'Auto Smooth' in Object Data Properties
WARN (bke.modifier): ./source/blender/blenkernel/intern/modifier.cc:461 BKE_modifier_set_error: Object: "Filler21_lower_step_bottom", Modifier: "Face weighted corner normals", Enable 'Auto Smooth' in Object Data Properties
WARN (bke.modifier): ./source/blender/blenkernel/intern/modifier.cc:461 BKE_modifier_set_error: Object: "Filler21_frame_bottom_bar", Modifier: "Face weighted corner normals", Enable 'Auto Smooth' in Object Data Properties
WARN (bke.modifier): ./source/blender/blenkernel/intern/modifier.cc:461 BKE_modifier_set_error: Object: "Filler21_recessed_contact_sliver", Modifier: "Face weighted corner normals", Enable 'Auto Smooth' in Object Data Properties
WARN (bke.modifier): ./source/blender/blenkernel/intern/modifier.cc:461 BKE_modifier_set_error: Object: "Filler21_upper_inset_pad", Modifier: "Face weighted corner normals", Enable 'Auto Smooth' in Object Data Properties
WARN (bke.modifier): ./source/blender/blenkernel/intern/modifier.cc:461 BKE_modifier_set_error: Object: "Filler21_recessed_contact_sliver.002", Modifier: "Face weighted corner normals", Enable 'Auto Smooth' in Object Data Properties
WARN (bke.modifier): ./source/blender/blenkernel/intern/modifier.cc:461 BKE_modifier_set_error: Object: "Filler21_recessed_contact_sliver.001", Modifier: "Face weighted corner normals", Enable 'Auto Smooth' in Object Data Properties
WARN (bke.modifier): ./source/blender/blenkernel/intern/modifier.cc:461 BKE_modifier_set_error: Object: "Side_-1_clinch_4", Modifier: "Face weighted corner normals", Enable 'Auto Smooth' in Object Data Properties
WARN (bke.modifier): ./source/blender/blenkernel/intern/modifier.cc:461 BKE_modifier_set_error: Object: "Filler21_recessed_contact_sliver.003", Modifier: "Face weighted corner normals", Enable 'Auto Smooth' in Object Data Properties
WARN (bke.modifier): ./source/blender/blenkernel/intern/modifier.cc:461 BKE_modifier_set_error: Object: "Filler21_recessed_contact_sliver.006", Modifier: "Face weighted corner normals", Enable 'Auto Smooth' in Object Data Properties
WARN (bke.modifier): ./source/blender/blenkernel/intern/modifier.cc:461 BKE_modifier_set_error: Object: "Filler21_long_center_pad", Modifier: "Face weighted corner normals", Enable 'Auto Smooth' in Object Data Properties
WARN (bke.modifier): ./source/blender/blenkernel/intern/modifier.cc:461 BKE_modifier_set_error: Object: "Filler21_recessed_contact_sliver.004", Modifier: "Face weighted corner normals", Enable 'Auto Smooth' in Object Data Properties
WARN (bke.modifier): ./source/blender/blenkernel/intern/modifier.cc:461 BKE_modifier_set_error: Object: "Filler21_retention_edge", Modifier: "Face weighted corner normals", Enable 'Auto Smooth' in Object Data Properties
WARN (bke.modifier): ./source/blender/blenkernel/intern/modifier.cc:461 BKE_modifier_set_error: Object: "Filler21_recessed_contact_sliver.008", Modifier: "Face weighted corner normals", Enable 'Auto Smooth' in Object Data Properties
WARN (bke.modifier): ./source/blender/blenkernel/intern/modifier.cc:461 BKE_modifier_set_error: Object: "Filler22_inner_sidewall_-1", Modifier: "Face weighted corner normals", Enable 'Auto Smooth' in Object Data Properties
WARN (bke.modifier): ./source/blender/blenkernel/intern/modifier.cc:461 BKE_modifier_set_error: Object: "Filler22_outer_mold_rail", Modifier: "Face weighted corner normals", Enable 'Auto Smooth' in Object Data Properties
WARN (bke.modifier): ./source/blender/blenkernel/intern/modifier.cc:461 BKE_modifier_set_error: Object: "Filler22_outer_mold_rail.001", Modifier: "Face weighted corner normals", Enable 'Auto Smooth' in Object Data Properties
WARN (bke.modifier): ./source/blender/blenkernel/intern/modifier.cc:461 BKE_modifier_set_error: Object: "Filler22_inner_sidewall_1", Modifier: "Face weighted corner normals", Enable 'Auto Smooth' in Object Data Properties
WARN (bke.modifier): ./source/blender/blenkernel/intern/modifier.cc:461 BKE_modifier_set_error: Object: "Filler21_recessed_contact_sliver.005", Modifier: "Face weighted corner normals", Enable 'Auto Smooth' in Object Data Properties
WARN (bke.modifier): ./source/blender/blenkernel/intern/modifier.cc:461 BKE_modifier_set_error: Object: "Filler21_lower_shaped_foot", Modifier: "Face weighted corner normals", Enable 'Auto Smooth' in Object Data Properties
WARN (bke.modifier): ./source/blender/blenkernel/intern/modifier.cc:461 BKE_modifier_set_error: Object: "Filler21_recessed_contact_sliver.007", Modifier: "Face weighted corner normals", Enable 'Auto Smooth' in Object Data Properties
WARN (bke.modifier): ./source/blender/blenkernel/intern/modifier.cc:461 BKE_modifier_set_error: Object: "Filler22_outer_mold_rail.002", Modifier: "Face weighted corner normals", Enable 'Auto Smooth' in Object Data Properties
WARN (bke.modifier): ./source/blender/blenkernel/intern/modifier.cc:461 BKE_modifier_set_error: Object: "Filler22_outer_mold_rail.003", Modifier: "Face weighted corner normals", Enable 'Auto Smooth' in Object Data Properties
WARN (bke.modifier): ./source/blender/blenkernel/intern/modifier.cc:461 BKE_modifier_set_error: Object: "Filler21_recessed_contact_sliver.009", Modifier: "Face weighted corner normals", Enable 'Auto Smooth' in Object Data Properties
WARN (bke.modifier): ./source/blender/blenkernel/intern/modifier.cc:461 BKE_modifier_set_error: Object: "Filler22_outer_mold_rail.004", Modifier: "Face weighted corner normals", Enable 'Auto Smooth' in Object Data Properties
WARN (bke.modifier): ./source/blender/blenkernel/intern/modifier.cc:461 BKE_modifier_set_error: Object: "Filler22_outer_mold_rail.005", Modifier: "Face weighted corner normals", Enable 'Auto Smooth' in Object Data Properties
WARN (bke.modifier): ./source/blender/blenkernel/intern/modifier.cc:461 BKE_modifier_set_error: Object: "Filler22_internal_cross_rib", Modifier: "Face weighted corner normals", Enable 'Auto Smooth' in Object Data Properties
WARN (bke.modifier): ./source/blender/blenkernel/intern/modifier.cc:461 BKE_modifier_set_error: Object: "Filler22_internal_cross_rib.001", Modifier: "Face weighted corner normals", Enable 'Auto Smooth' in Object Data Properties
WARN (bke.modifier): ./source/blender/blenkernel/intern/modifier.cc:461 BKE_modifier_set_error: Object: "Filler22_internal_cross_rib.004", Modifier: "Face weighted corner normals", Enable 'Auto Smooth' in Object Data Properties
WARN (bke.modifier): ./source/blender/blenkernel/intern/modifier.cc:461 BKE_modifier_set_error: Object: "Filler22_internal_cross_rib.002", Modifier: "Face weighted corner normals", Enable 'Auto Smooth' in Object Data Properties
WARN (bke.modifier): ./source/blender/blenkernel/intern/modifier.cc:461 BKE_modifier_set_error: Object: "Filler22_mold_parting_land", Modifier: "Face weighted corner normals", Enable 'Auto Smooth' in Object Data Properties
WARN (bke.modifier): ./source/blender/blenkernel/intern/modifier.cc:461 BKE_modifier_set_error: Object: "Filler22_fine_vertical_pad_rib", Modifier: "Face weighted corner normals", Enable 'Auto Smooth' in Object Data Properties
WARN (bke.modifier): ./source/blender/blenkernel/intern/modifier.cc:461 BKE_modifier_set_error: Object: "Filler22_mold_parting_land.001", Modifier: "Face weighted corner normals", Enable 'Auto Smooth' in Object Data Properties
WARN (bke.modifier): ./source/blender/blenkernel/intern/modifier.cc:461 BKE_modifier_set_error: Object: "Filler22_fine_vertical_pad_rib.001", Modifier: "Face weighted corner normals", Enable 'Auto Smooth' in Object Data Properties
WARN (bke.modifier): ./source/blender/blenkernel/intern/modifier.cc:461 BKE_modifier_set_error: Object: "Filler22_internal_cross_rib.003", Modifier: "Face weighted corner normals", Enable 'Auto Smooth' in Object Data Properties
WARN (bke.modifier): ./source/blender/blenkernel/intern/modifier.cc:461 BKE_modifier_set_error: Object: "Side_-1_clinch_3", Modifier: "Face weighted corner normals", Enable 'Auto Smooth' in Object Data Properties
WARN (bke.modifier): ./source/blender/blenkernel/intern/modifier.cc:461 BKE_modifier_set_error: Object: "Filler22_top_cross_cap", Modifier: "Face weighted corner normals", Enable 'Auto Smooth' in Object Data Properties
WARN (bke.modifier): ./source/blender/blenkernel/intern/modifier.cc:461 BKE_modifier_set_error: Object: "Filler22_top_hook_cheek", Modifier: "Face weighted corner normals", Enable 'Auto Smooth' in Object Data Properties
WARN (bke.modifier): ./source/blender/blenkernel/intern/modifier.cc:461 BKE_modifier_set_error: Object: "Filler22_top_hook_cheek.001", Modifier: "Face weighted corner normals", Enable 'Auto Smooth' in Object Data Properties
WARN (bke.modifier): ./source/blender/blenkernel/intern/modifier.cc:461 BKE_modifier_set_error: Object: "Filler22_lower_step_top", Modifier: "Face weighted corner normals", Enable 'Auto Smooth' in Object Data Properties
WARN (bke.modifier): ./source/blender/blenkernel/intern/modifier.cc:461 BKE_modifier_set_error: Object: "Filler22_lower_step_bottom", Modifier: "Face weighted corner normals", Enable 'Auto Smooth' in Object Data Properties
WARN (bke.modifier): ./source/blender/blenkernel/intern/modifier.cc:461 BKE_modifier_set_error: Object: "Filler22_frame_bottom_bar", Modifier: "Face weighted corner normals", Enable 'Auto Smooth' in Object Data Properties
WARN (bke.modifier): ./source/blender/blenkernel/intern/modifier.cc:461 BKE_modifier_set_error: Object: "Filler22_recessed_contact_sliver", Modifier: "Face weighted corner normals", Enable 'Auto Smooth' in Object Data Properties
WARN (bke.modifier): ./source/blender/blenkernel/intern/modifier.cc:461 BKE_modifier_set_error: Object: "Filler22_recessed_contact_sliver.001", Modifier: "Face weighted corner normals", Enable 'Auto Smooth' in Object Data Properties
WARN (bke.modifier): ./source/blender/blenkernel/intern/modifier.cc:461 BKE_modifier_set_error: Object: "Filler22_recessed_contact_sliver.002", Modifier: "Face weighted corner normals", Enable 'Auto Smooth' in Object Data Properties
WARN (bke.modifier): ./source/blender/blenkernel/intern/modifier.cc:461 BKE_modifier_set_error: Object: "Filler22_recessed_contact_sliver.004", Modifier: "Face weighted corner normals", Enable 'Auto Smooth' in Object Data Properties
WARN (bke.modifier): ./source/blender/blenkernel/intern/modifier.cc:461 BKE_modifier_set_error: Object: "Filler22_recessed_contact_sliver.003", Modifier: "Face weighted corner normals", Enable 'Auto Smooth' in Object Data Properties
WARN (bke.modifier): ./source/blender/blenkernel/intern/modifier.cc:461 BKE_modifier_set_error: Object: "Filler22_upper_inset_pad", Modifier: "Face weighted corner normals", Enable 'Auto Smooth' in Object Data Properties
WARN (bke.modifier): ./source/blender/blenkernel/intern/modifier.cc:461 BKE_modifier_set_error: Object: "Filler22_recessed_contact_sliver.005", Modifier: "Face weighted corner normals", Enable 'Auto Smooth' in Object Data Properties
WARN (bke.modifier): ./source/blender/blenkernel/intern/modifier.cc:461 BKE_modifier_set_error: Object: "Filler22_long_center_pad", Modifier: "Face weighted corner normals", Enable 'Auto Smooth' in Object Data Properties
WARN (bke.modifier): ./source/blender/blenkernel/intern/modifier.cc:461 BKE_modifier_set_error: Object: "Filler22_recessed_contact_sliver.007", Modifier: "Face weighted corner normals", Enable 'Auto Smooth' in Object Data Properties
WARN (bke.modifier): ./source/blender/blenkernel/intern/modifier.cc:461 BKE_modifier_set_error: Object: "Filler22_recessed_contact_sliver.006", Modifier: "Face weighted corner normals", Enable 'Auto Smooth' in Object Data Properties
WARN (bke.modifier): ./source/blender/blenkernel/intern/modifier.cc:461 BKE_modifier_set_error: Object: "Filler22_recessed_contact_sliver.008", Modifier: "Face weighted corner normals", Enable 'Auto Smooth' in Object Data Properties
WARN (bke.modifier): ./source/blender/blenkernel/intern/modifier.cc:461 BKE_modifier_set_error: Object: "Filler22_recessed_contact_sliver.009", Modifier: "Face weighted corner normals", Enable 'Auto Smooth' in Object Data Properties
WARN (bke.modifier): ./source/blender/blenkernel/intern/modifier.cc:461 BKE_modifier_set_error: Object: "Filler22_retention_edge", Modifier: "Face weighted corner normals", Enable 'Auto Smooth' in Object Data Properties
WARN (bke.modifier): ./source/blender/blenkernel/intern/modifier.cc:461 BKE_modifier_set_error: Object: "Filler23_inner_sidewall_-1", Modifier: "Face weighted corner normals", Enable 'Auto Smooth' in Object Data Properties
WARN (bke.modifier): ./source/blender/blenkernel/intern/modifier.cc:461 BKE_modifier_set_error: Object: "Filler23_outer_mold_rail", Modifier: "Face weighted corner normals", Enable 'Auto Smooth' in Object Data Properties
WARN (bke.modifier): ./source/blender/blenkernel/intern/modifier.cc:461 BKE_modifier_set_error: Object: "Filler23_outer_mold_rail.001", Modifier: "Face weighted corner normals", Enable 'Auto Smooth' in Object Data Properties
WARN (bke.modifier): ./source/blender/blenkernel/intern/modifier.cc:461 BKE_modifier_set_error: Object: "Filler23_outer_mold_rail.002", Modifier: "Face weighted corner normals", Enable 'Auto Smooth' in Object Data Properties
WARN (bke.modifier): ./source/blender/blenkernel/intern/modifier.cc:461 BKE_modifier_set_error: Object: "Filler23_inner_sidewall_1", Modifier: "Face weighted corner normals", Enable 'Auto Smooth' in Object Data Properties
WARN (bke.modifier): ./source/blender/blenkernel/intern/modifier.cc:461 BKE_modifier_set_error: Object: "Filler23_outer_mold_rail.004", Modifier: "Face weighted corner normals", Enable 'Auto Smooth' in Object Data Properties
WARN (bke.modifier): ./source/blender/blenkernel/intern/modifier.cc:461 BKE_modifier_set_error: Object: "Filler23_outer_mold_rail.003", Modifier: "Face weighted corner normals", Enable 'Auto Smooth' in Object Data Properties
WARN (bke.modifier): ./source/blender/blenkernel/intern/modifier.cc:461 BKE_modifier_set_error: Object: "Filler23_outer_mold_rail.005", Modifier: "Face weighted corner normals", Enable 'Auto Smooth' in Object Data Properties
WARN (bke.modifier): ./source/blender/blenkernel/intern/modifier.cc:461 BKE_modifier_set_error: Object: "Filler23_internal_cross_rib", Modifier: "Face weighted corner normals", Enable 'Auto Smooth' in Object Data Properties
WARN (bke.modifier): ./source/blender/blenkernel/intern/modifier.cc:461 BKE_modifier_set_error: Object: "Side_-1_clinch_2", Modifier: "Face weighted corner normals", Enable 'Auto Smooth' in Object Data Properties
WARN (bke.modifier): ./source/blender/blenkernel/intern/modifier.cc:461 BKE_modifier_set_error: Object: "Filler23_internal_cross_rib.003", Modifier: "Face weighted corner normals", Enable 'Auto Smooth' in Object Data Properties
WARN (bke.modifier): ./source/blender/blenkernel/intern/modifier.cc:461 BKE_modifier_set_error: Object: "Filler23_internal_cross_rib.001", Modifier: "Face weighted corner normals", Enable 'Auto Smooth' in Object Data Properties
WARN (bke.modifier): ./source/blender/blenkernel/intern/modifier.cc:461 BKE_modifier_set_error: Object: "Filler23_internal_cross_rib.004", Modifier: "Face weighted corner normals", Enable 'Auto Smooth' in Object Data Properties
WARN (bke.modifier): ./source/blender/blenkernel/intern/modifier.cc:461 BKE_modifier_set_error: Object: "Filler23_fine_vertical_pad_rib", Modifier: "Face weighted corner normals", Enable 'Auto Smooth' in Object Data Properties
WARN (bke.modifier): ./source/blender/blenkernel/intern/modifier.cc:461 BKE_modifier_set_error: Object: "Filler23_mold_parting_land", Modifier: "Face weighted corner normals", Enable 'Auto Smooth' in Object Data Properties
WARN (bke.modifier): ./source/blender/blenkernel/intern/modifier.cc:461 BKE_modifier_set_error: Object: "Filler23_internal_cross_rib.002", Modifier: "Face weighted corner normals", Enable 'Auto Smooth' in Object Data Properties
WARN (bke.modifier): ./source/blender/blenkernel/intern/modifier.cc:461 BKE_modifier_set_error: Object: "Filler23_fine_vertical_pad_rib.001", Modifier: "Face weighted corner normals", Enable 'Auto Smooth' in Object Data Properties
WARN (bke.modifier): ./source/blender/blenkernel/intern/modifier.cc:461 BKE_modifier_set_error: Object: "Filler23_mold_parting_land.001", Modifier: "Face weighted corner normals", Enable 'Auto Smooth' in Object Data Properties
WARN (bke.modifier): ./source/blender/blenkernel/intern/modifier.cc:461 BKE_modifier_set_error: Object: "Filler22_lower_shaped_foot", Modifier: "Face weighted corner normals", Enable 'Auto Smooth' in Object Data Properties
WARN (bke.modifier): ./source/blender/blenkernel/intern/modifier.cc:461 BKE_modifier_set_error: Object: "Filler23_top_cross_cap", Modifier: "Face weighted corner normals", Enable 'Auto Smooth' in Object Data Properties
WARN (bke.modifier): ./source/blender/blenkernel/intern/modifier.cc:461 BKE_modifier_set_error: Object: "Filler23_top_hook_cheek.001", Modifier: "Face weighted corner normals", Enable 'Auto Smooth' in Object Data Properties
WARN (bke.modifier): ./source/blender/blenkernel/intern/modifier.cc:461 BKE_modifier_set_error: Object: "Filler23_top_hook_cheek", Modifier: "Face weighted corner normals", Enable 'Auto Smooth' in Object Data Properties
WARN (bke.modifier): ./source/blender/blenkernel/intern/modifier.cc:461 BKE_modifier_set_error: Object: "Filler23_lower_step_top", Modifier: "Face weighted corner normals", Enable 'Auto Smooth' in Object Data Properties
WARN (bke.modifier): ./source/blender/blenkernel/intern/modifier.cc:461 BKE_modifier_set_error: Object: "Filler23_lower_step_bottom", Modifier: "Face weighted corner normals", Enable 'Auto Smooth' in Object Data Properties
WARN (bke.modifier): ./source/blender/blenkernel/intern/modifier.cc:461 BKE_modifier_set_error: Object: "Filler23_frame_bottom_bar", Modifier: "Face weighted corner normals", Enable 'Auto Smooth' in Object Data Properties
WARN (bke.modifier): ./source/blender/blenkernel/intern/modifier.cc:461 BKE_modifier_set_error: Object: "Filler23_recessed_contact_sliver", Modifier: "Face weighted corner normals", Enable 'Auto Smooth' in Object Data Properties
WARN (bke.modifier): ./source/blender/blenkernel/intern/modifier.cc:461 BKE_modifier_set_error: Object: "Filler23_recessed_contact_sliver.001", Modifier: "Face weighted corner normals", Enable 'Auto Smooth' in Object Data Properties
WARN (bke.modifier): ./source/blender/blenkernel/intern/modifier.cc:461 BKE_modifier_set_error: Object: "Filler23_recessed_contact_sliver.002", Modifier: "Face weighted corner normals", Enable 'Auto Smooth' in Object Data Properties
WARN (bke.modifier): ./source/blender/blenkernel/intern/modifier.cc:461 BKE_modifier_set_error: Object: "Filler23_upper_inset_pad", Modifier: "Face weighted corner normals", Enable 'Auto Smooth' in Object Data Properties
WARN (bke.modifier): ./source/blender/blenkernel/intern/modifier.cc:461 BKE_modifier_set_error: Object: "Filler23_recessed_contact_sliver.003", Modifier: "Face weighted corner normals", Enable 'Auto Smooth' in Object Data Properties
WARN (bke.modifier): ./source/blender/blenkernel/intern/modifier.cc:461 BKE_modifier_set_error: Object: "Filler23_long_center_pad", Modifier: "Face weighted corner normals", Enable 'Auto Smooth' in Object Data Properties
WARN (bke.modifier): ./source/blender/blenkernel/intern/modifier.cc:461 BKE_modifier_set_error: Object: "Filler23_recessed_contact_sliver.004", Modifier: "Face weighted corner normals", Enable 'Auto Smooth' in Object Data Properties
WARN (bke.modifier): ./source/blender/blenkernel/intern/modifier.cc:461 BKE_modifier_set_error: Object: "Filler23_recessed_contact_sliver.005", Modifier: "Face weighted corner normals", Enable 'Auto Smooth' in Object Data Properties
WARN (bke.modifier): ./source/blender/blenkernel/intern/modifier.cc:461 BKE_modifier_set_error: Object: "Filler23_recessed_contact_sliver.006", Modifier: "Face weighted corner normals", Enable 'Auto Smooth' in Object Data Properties
WARN (bke.modifier): ./source/blender/blenkernel/intern/modifier.cc:461 BKE_modifier_set_error: Object: "Filler23_recessed_contact_sliver.008", Modifier: "Face weighted corner normals", Enable 'Auto Smooth' in Object Data Properties
WARN (bke.modifier): ./source/blender/blenkernel/intern/modifier.cc:461 BKE_modifier_set_error: Object: "Filler23_recessed_contact_sliver.007", Modifier: "Face weighted corner normals", Enable 'Auto Smooth' in Object Data Properties
WARN (bke.modifier): ./source/blender/blenkernel/intern/modifier.cc:461 BKE_modifier_set_error: Object: "Filler23_retention_edge", Modifier: "Face weighted corner normals", Enable 'Auto Smooth' in Object Data Properties
WARN (bke.modifier): ./source/blender/blenkernel/intern/modifier.cc:461 BKE_modifier_set_error: Object: "Filler23_recessed_contact_sliver.009", Modifier: "Face weighted corner normals", Enable 'Auto Smooth' in Object Data Properties
WARN (bke.modifier): ./source/blender/blenkernel/intern/modifier.cc:461 BKE_modifier_set_error: Object: "Side_-1_clinch_1", Modifier: "Face weighted corner normals", Enable 'Auto Smooth' in Object Data Properties
WARN (bke.modifier): ./source/blender/blenkernel/intern/modifier.cc:461 BKE_modifier_set_error: Object: "Filler23_lower_shaped_foot", Modifier: "Face weighted corner normals", Enable 'Auto Smooth' in Object Data Properties
WARN (bke.modifier): ./source/blender/blenkernel/intern/modifier.cc:461 BKE_modifier_set_error: Object: "Side_-1_clinch_0", Modifier: "Face weighted corner normals", Enable 'Auto Smooth' in Object Data Properties
WARN (bke.modifier): ./source/blender/blenkernel/intern/modifier.cc:461 BKE_modifier_set_error: Object: "Side_-1_fastener_10_recessed_head", Modifier: "Face weighted corner normals", Enable 'Auto Smooth' in Object Data Properties
WARN (bke.modifier): ./source/blender/blenkernel/intern/modifier.cc:461 BKE_modifier_set_error: Object: "Side_-1_fastener_9_recessed_head", Modifier: "Face weighted corner normals", Enable 'Auto Smooth' in Object Data Properties
WARN (bke.modifier): ./source/blender/blenkernel/intern/modifier.cc:461 BKE_modifier_set_error: Object: "Side_-1_fastener_8_recessed_head", Modifier: "Face weighted corner normals", Enable 'Auto Smooth' in Object Data Properties
WARN (bke.modifier): ./source/blender/blenkernel/intern/modifier.cc:461 BKE_modifier_set_error: Object: "Side_-1_fastener_7_recessed_head", Modifier: "Face weighted corner normals", Enable 'Auto Smooth' in Object Data Properties
WARN (bke.modifier): ./source/blender/blenkernel/intern/modifier.cc:461 BKE_modifier_set_error: Object: "Side_-1_fastener_6_recessed_head", Modifier: "Face weighted corner normals", Enable 'Auto Smooth' in Object Data Properties
WARN (bke.modifier): ./source/blender/blenkernel/intern/modifier.cc:461 BKE_modifier_set_error: Object: "Side_-1_fastener_5_recessed_head", Modifier: "Face weighted corner normals", Enable 'Auto Smooth' in Object Data Properties
WARN (bke.modifier): ./source/blender/blenkernel/intern/modifier.cc:461 BKE_modifier_set_error: Object: "Side_-1_fastener_4_recessed_head", Modifier: "Face weighted corner normals", Enable 'Auto Smooth' in Object Data Properties
WARN (bke.modifier): ./source/blender/blenkernel/intern/modifier.cc:461 BKE_modifier_set_error: Object: "Side_-1_fastener_3_recessed_head", Modifier: "Face weighted corner normals", Enable 'Auto Smooth' in Object Data Properties
WARN (bke.modifier): ./source/blender/blenkernel/intern/modifier.cc:461 BKE_modifier_set_error: Object: "Side_upper_inward_return_1", Modifier: "Face weighted corner normals", Enable 'Auto Smooth' in Object Data Properties
WARN (bke.modifier): ./source/blender/blenkernel/intern/modifier.cc:461 BKE_modifier_set_error: Object: "Side_-1_fastener_2_recessed_head", Modifier: "Face weighted corner normals", Enable 'Auto Smooth' in Object Data Properties
WARN (bke.modifier): ./source/blender/blenkernel/intern/modifier.cc:461 BKE_modifier_set_error: Object: "Side_lower_inward_hem_1", Modifier: "Face weighted corner normals", Enable 'Auto Smooth' in Object Data Properties
WARN (bke.modifier): ./source/blender/blenkernel/intern/modifier.cc:461 BKE_modifier_set_error: Object: "Top_cover_side_skirt_1", Modifier: "Face weighted corner normals", Enable 'Auto Smooth' in Object Data Properties
WARN (bke.modifier): ./source/blender/blenkernel/intern/modifier.cc:461 BKE_modifier_set_error: Object: "Side_-1_fastener_1_recessed_head", Modifier: "Face weighted corner normals", Enable 'Auto Smooth' in Object Data Properties
WARN (bke.modifier): ./source/blender/blenkernel/intern/modifier.cc:461 BKE_modifier_set_error: Object: "Cover_skirt_screw_1_recessed_head", Modifier: "Face weighted corner normals", Enable 'Auto Smooth' in Object Data Properties
WARN (bke.modifier): ./source/blender/blenkernel/intern/modifier.cc:461 BKE_modifier_set_error: Object: "Cover_skirt_screw_1_recessed_head.001", Modifier: "Face weighted corner normals", Enable 'Auto Smooth' in Object Data Properties
WARN (bke.modifier): ./source/blender/blenkernel/intern/modifier.cc:461 BKE_modifier_set_error: Object: "Cover_skirt_screw_1_recessed_head.002", Modifier: "Face weighted corner normals", Enable 'Auto Smooth' in Object Data Properties
WARN (bke.modifier): ./source/blender/blenkernel/intern/modifier.cc:461 BKE_modifier_set_error: Object: "Side_-1_fastener_0_recessed_head", Modifier: "Face weighted corner normals", Enable 'Auto Smooth' in Object Data Properties
WARN (bke.modifier): ./source/blender/blenkernel/intern/modifier.cc:461 BKE_modifier_set_error: Object: "Cover_skirt_screw_1_recessed_head.003", Modifier: "Face weighted corner normals", Enable 'Auto Smooth' in Object Data Properties
WARN (bke.modifier): ./source/blender/blenkernel/intern/modifier.cc:461 BKE_modifier_set_error: Object: "Side_1_fastener_0_recessed_head", Modifier: "Face weighted corner normals", Enable 'Auto Smooth' in Object Data Properties
WARN (bke.modifier): ./source/blender/blenkernel/intern/modifier.cc:461 BKE_modifier_set_error: Object: "Side_1_fastener_1_recessed_head", Modifier: "Face weighted corner normals", Enable 'Auto Smooth' in Object Data Properties
WARN (bke.modifier): ./source/blender/blenkernel/intern/modifier.cc:461 BKE_modifier_set_error: Object: "INFERRED_bottom_formed_sheet", Modifier: "Face weighted corner normals", Enable 'Auto Smooth' in Object Data Properties
WARN (bke.modifier): ./source/blender/blenkernel/intern/modifier.cc:461 BKE_modifier_set_error: Object: "Cover_skirt_screw_-1_recessed_head.003", Modifier: "Face weighted corner normals", Enable 'Auto Smooth' in Object Data Properties
WARN (bke.modifier): ./source/blender/blenkernel/intern/modifier.cc:461 BKE_modifier_set_error: Object: "Side_1_fastener_4_recessed_head", Modifier: "Face weighted corner normals", Enable 'Auto Smooth' in Object Data Properties
WARN (bke.modifier): ./source/blender/blenkernel/intern/modifier.cc:461 BKE_modifier_set_error: Object: "Side_1_fastener_5_recessed_head", Modifier: "Face weighted corner normals", Enable 'Auto Smooth' in Object Data Properties
WARN (bke.modifier): ./source/blender/blenkernel/intern/modifier.cc:461 BKE_modifier_set_error: Object: "Side_1_fastener_6_recessed_head", Modifier: "Face weighted corner normals", Enable 'Auto Smooth' in Object Data Properties
WARN (bke.modifier): ./source/blender/blenkernel/intern/modifier.cc:461 BKE_modifier_set_error: Object: "Side_1_fastener_8_recessed_head", Modifier: "Face weighted corner normals", Enable 'Auto Smooth' in Object Data Properties
WARN (bke.modifier): ./source/blender/blenkernel/intern/modifier.cc:461 BKE_modifier_set_error: Object: "Side_1_fastener_7_recessed_head", Modifier: "Face weighted corner normals", Enable 'Auto Smooth' in Object Data Properties
WARN (bke.modifier): ./source/blender/blenkernel/intern/modifier.cc:461 BKE_modifier_set_error: Object: "Side_1_fastener_2_recessed_head", Modifier: "Face weighted corner normals", Enable 'Auto Smooth' in Object Data Properties
WARN (bke.modifier): ./source/blender/blenkernel/intern/modifier.cc:461 BKE_modifier_set_error: Object: "Side_1_clinch_0", Modifier: "Face weighted corner normals", Enable 'Auto Smooth' in Object Data Properties
WARN (bke.modifier): ./source/blender/blenkernel/intern/modifier.cc:461 BKE_modifier_set_error: Object: "Side_1_clinch_1", Modifier: "Face weighted corner normals", Enable 'Auto Smooth' in Object Data Properties
WARN (bke.modifier): ./source/blender/blenkernel/intern/modifier.cc:461 BKE_modifier_set_error: Object: "Side_1_clinch_2", Modifier: "Face weighted corner normals", Enable 'Auto Smooth' in Object Data Properties
WARN (bke.modifier): ./source/blender/blenkernel/intern/modifier.cc:461 BKE_modifier_set_error: Object: "Cover_skirt_screw_-1_recessed_head.002", Modifier: "Face weighted corner normals", Enable 'Auto Smooth' in Object Data Properties
WARN (bke.modifier): ./source/blender/blenkernel/intern/modifier.cc:461 BKE_modifier_set_error: Object: "Side_1_fastener_10_recessed_head", Modifier: "Face weighted corner normals", Enable 'Auto Smooth' in Object Data Properties
WARN (bke.modifier): ./source/blender/blenkernel/intern/modifier.cc:461 BKE_modifier_set_error: Object: "Side_1_clinch_3", Modifier: "Face weighted corner normals", Enable 'Auto Smooth' in Object Data Properties
WARN (bke.modifier): ./source/blender/blenkernel/intern/modifier.cc:461 BKE_modifier_set_error: Object: "Side_1_clinch_4", Modifier: "Face weighted corner normals", Enable 'Auto Smooth' in Object Data Properties
WARN (bke.modifier): ./source/blender/blenkernel/intern/modifier.cc:461 BKE_modifier_set_error: Object: "Side_1_clinch_6", Modifier: "Face weighted corner normals", Enable 'Auto Smooth' in Object Data Properties
WARN (bke.modifier): ./source/blender/blenkernel/intern/modifier.cc:461 BKE_modifier_set_error: Object: "Side_1_clinch_5", Modifier: "Face weighted corner normals", Enable 'Auto Smooth' in Object Data Properties
WARN (bke.modifier): ./source/blender/blenkernel/intern/modifier.cc:461 BKE_modifier_set_error: Object: "Side_1_fastener_9_recessed_head", Modifier: "Face weighted corner normals", Enable 'Auto Smooth' in Object Data Properties
WARN (bke.modifier): ./source/blender/blenkernel/intern/modifier.cc:461 BKE_modifier_set_error: Object: "Side_upper_inward_return_-1", Modifier: "Face weighted corner normals", Enable 'Auto Smooth' in Object Data Properties
WARN (bke.modifier): ./source/blender/blenkernel/intern/modifier.cc:461 BKE_modifier_set_error: Object: "Side_lower_inward_hem_-1", Modifier: "Face weighted corner normals", Enable 'Auto Smooth' in Object Data Properties
WARN (bke.modifier): ./source/blender/blenkernel/intern/modifier.cc:461 BKE_modifier_set_error: Object: "Side_1_clinch_7", Modifier: "Face weighted corner normals", Enable 'Auto Smooth' in Object Data Properties
WARN (bke.modifier): ./source/blender/blenkernel/intern/modifier.cc:461 BKE_modifier_set_error: Object: "Top_cover_side_skirt_-1", Modifier: "Face weighted corner normals", Enable 'Auto Smooth' in Object Data Properties
WARN (bke.modifier): ./source/blender/blenkernel/intern/modifier.cc:461 BKE_modifier_set_error: Object: "Side_rail_latch_outline_1", Modifier: "Face weighted corner normals", Enable 'Auto Smooth' in Object Data Properties
WARN (bke.modifier): ./source/blender/blenkernel/intern/modifier.cc:461 BKE_modifier_set_error: Object: "Side_1_fastener_3_recessed_head", Modifier: "Face weighted corner normals", Enable 'Auto Smooth' in Object Data Properties
WARN (bke.modifier): ./source/blender/blenkernel/intern/modifier.cc:461 BKE_modifier_set_error: Object: "Cover_skirt_screw_-1_recessed_head.001", Modifier: "Face weighted corner normals", Enable 'Auto Smooth' in Object Data Properties
WARN (bke.modifier): ./source/blender/blenkernel/intern/modifier.cc:461 BKE_modifier_set_error: Object: "Cover_skirt_screw_-1_recessed_head", Modifier: "Face weighted corner normals", Enable 'Auto Smooth' in Object Data Properties
WARN (bke.modifier): ./source/blender/blenkernel/intern/modifier.cc:461 BKE_modifier_set_error: Object: "Right_side_wall", Modifier: "Face weighted corner normals", Enable 'Auto Smooth' in Object Data Properties
WARN (bke.modifier): ./source/blender/blenkernel/intern/modifier.cc:461 BKE_modifier_set_error: Object: "Left_side_wall_estimated", Modifier: "Face weighted corner normals", Enable 'Auto Smooth' in Object Data Properties
WARN (bke.modifier): ./source/blender/blenkernel/intern/modifier.cc:461 BKE_modifier_set_error: Object: "Side_upper_inward_return_1", Modifier: "Face weighted corner normals", Enable 'Auto Smooth' in Object Data Properties
WARN (bke.modifier): ./source/blender/blenkernel/intern/modifier.cc:461 BKE_modifier_set_error: Object: "Top_cover_side_skirt_1", Modifier: "Face weighted corner normals", Enable 'Auto Smooth' in Object Data Properties
WARN (bke.modifier): ./source/blender/blenkernel/intern/modifier.cc:461 BKE_modifier_set_error: Object: "Side_lower_inward_hem_1", Modifier: "Face weighted corner normals", Enable 'Auto Smooth' in Object Data Properties
WARN (bke.modifier): ./source/blender/blenkernel/intern/modifier.cc:461 BKE_modifier_set_error: Object: "Cover_skirt_screw_1_recessed_head.001", Modifier: "Face weighted corner normals", Enable 'Auto Smooth' in Object Data Properties
WARN (bke.modifier): ./source/blender/blenkernel/intern/modifier.cc:461 BKE_modifier_set_error: Object: "Cover_skirt_screw_1_recessed_head.003", Modifier: "Face weighted corner normals", Enable 'Auto Smooth' in Object Data Properties
WARN (bke.modifier): ./source/blender/blenkernel/intern/modifier.cc:461 BKE_modifier_set_error: Object: "Side_1_fastener_0_recessed_head", Modifier: "Face weighted corner normals", Enable 'Auto Smooth' in Object Data Properties
WARN (bke.modifier): ./source/blender/blenkernel/intern/modifier.cc:461 BKE_modifier_set_error: Object: "Side_1_fastener_1_recessed_head", Modifier: "Face weighted corner normals", Enable 'Auto Smooth' in Object Data Properties
WARN (bke.modifier): ./source/blender/blenkernel/intern/modifier.cc:461 BKE_modifier_set_error: Object: "Filler23_retention_edge", Modifier: "Face weighted corner normals", Enable 'Auto Smooth' in Object Data Properties
WARN (bke.modifier): ./source/blender/blenkernel/intern/modifier.cc:461 BKE_modifier_set_error: Object: "Filler23_recessed_contact_sliver.009", Modifier: "Face weighted corner normals", Enable 'Auto Smooth' in Object Data Properties
WARN (bke.modifier): ./source/blender/blenkernel/intern/modifier.cc:461 BKE_modifier_set_error: Object: "Filler23_recessed_contact_sliver.008", Modifier: "Face weighted corner normals", Enable 'Auto Smooth' in Object Data Properties
WARN (bke.modifier): ./source/blender/blenkernel/intern/modifier.cc:461 BKE_modifier_set_error: Object: "Filler23_recessed_contact_sliver.007", Modifier: "Face weighted corner normals", Enable 'Auto Smooth' in Object Data Properties
WARN (bke.modifier): ./source/blender/blenkernel/intern/modifier.cc:461 BKE_modifier_set_error: Object: "Cover_skirt_screw_1_recessed_head.002", Modifier: "Face weighted corner normals", Enable 'Auto Smooth' in Object Data Properties
WARN (bke.modifier): ./source/blender/blenkernel/intern/modifier.cc:461 BKE_modifier_set_error: Object: "Side_1_fastener_4_recessed_head", Modifier: "Face weighted corner normals", Enable 'Auto Smooth' in Object Data Properties
WARN (bke.modifier): ./source/blender/blenkernel/intern/modifier.cc:461 BKE_modifier_set_error: Object: "Filler23_recessed_contact_sliver.006", Modifier: "Face weighted corner normals", Enable 'Auto Smooth' in Object Data Properties
WARN (bke.modifier): ./source/blender/blenkernel/intern/modifier.cc:461 BKE_modifier_set_error: Object: "Side_1_fastener_2_recessed_head", Modifier: "Face weighted corner normals", Enable 'Auto Smooth' in Object Data Properties
WARN (bke.modifier): ./source/blender/blenkernel/intern/modifier.cc:461 BKE_modifier_set_error: Object: "Filler23_recessed_contact_sliver.005", Modifier: "Face weighted corner normals", Enable 'Auto Smooth' in Object Data Properties
WARN (bke.modifier): ./source/blender/blenkernel/intern/modifier.cc:461 BKE_modifier_set_error: Object: "Cover_skirt_screw_1_recessed_head", Modifier: "Face weighted corner normals", Enable 'Auto Smooth' in Object Data Properties
WARN (bke.modifier): ./source/blender/blenkernel/intern/modifier.cc:461 BKE_modifier_set_error: Object: "Side_1_fastener_5_recessed_head", Modifier: "Face weighted corner normals", Enable 'Auto Smooth' in Object Data Properties
WARN (bke.modifier): ./source/blender/blenkernel/intern/modifier.cc:461 BKE_modifier_set_error: Object: "Side_1_fastener_7_recessed_head", Modifier: "Face weighted corner normals", Enable 'Auto Smooth' in Object Data Properties
WARN (bke.modifier): ./source/blender/blenkernel/intern/modifier.cc:461 BKE_modifier_set_error: Object: "Side_1_fastener_6_recessed_head", Modifier: "Face weighted corner normals", Enable 'Auto Smooth' in Object Data Properties
WARN (bke.modifier): ./source/blender/blenkernel/intern/modifier.cc:461 BKE_modifier_set_error: Object: "Filler23_recessed_contact_sliver.004", Modifier: "Face weighted corner normals", Enable 'Auto Smooth' in Object Data Properties
WARN (bke.modifier): ./source/blender/blenkernel/intern/modifier.cc:461 BKE_modifier_set_error: Object: "Filler23_recessed_contact_sliver.003", Modifier: "Face weighted corner normals", Enable 'Auto Smooth' in Object Data Properties
WARN (bke.modifier): ./source/blender/blenkernel/intern/modifier.cc:461 BKE_modifier_set_error: Object: "Filler23_recessed_contact_sliver.002", Modifier: "Face weighted corner normals", Enable 'Auto Smooth' in Object Data Properties
WARN (bke.modifier): ./source/blender/blenkernel/intern/modifier.cc:461 BKE_modifier_set_error: Object: "Filler23_recessed_contact_sliver.001", Modifier: "Face weighted corner normals", Enable 'Auto Smooth' in Object Data Properties
WARN (bke.modifier): ./source/blender/blenkernel/intern/modifier.cc:461 BKE_modifier_set_error: Object: "Filler23_recessed_contact_sliver", Modifier: "Face weighted corner normals", Enable 'Auto Smooth' in Object Data Properties
WARN (bke.modifier): ./source/blender/blenkernel/intern/modifier.cc:461 BKE_modifier_set_error: Object: "Side_1_clinch_0", Modifier: "Face weighted corner normals", Enable 'Auto Smooth' in Object Data Properties
WARN (bke.modifier): ./source/blender/blenkernel/intern/modifier.cc:461 BKE_modifier_set_error: Object: "Filler23_frame_bottom_bar", Modifier: "Face weighted corner normals", Enable 'Auto Smooth' in Object Data Properties
WARN (bke.modifier): ./source/blender/blenkernel/intern/modifier.cc:461 BKE_modifier_set_error: Object: "Side_1_fastener_3_recessed_head", Modifier: "Face weighted corner normals", Enable 'Auto Smooth' in Object Data Properties
WARN (bke.modifier): ./source/blender/blenkernel/intern/modifier.cc:461 BKE_modifier_set_error: Object: "Filler23_lower_step_bottom", Modifier: "Face weighted corner normals", Enable 'Auto Smooth' in Object Data Properties
WARN (bke.modifier): ./source/blender/blenkernel/intern/modifier.cc:461 BKE_modifier_set_error: Object: "Side_1_fastener_8_recessed_head", Modifier: "Face weighted corner normals", Enable 'Auto Smooth' in Object Data Properties
WARN (bke.modifier): ./source/blender/blenkernel/intern/modifier.cc:461 BKE_modifier_set_error: Object: "Filler23_lower_step_top", Modifier: "Face weighted corner normals", Enable 'Auto Smooth' in Object Data Properties
WARN (bke.modifier): ./source/blender/blenkernel/intern/modifier.cc:461 BKE_modifier_set_error: Object: "Side_1_fastener_10_recessed_head", Modifier: "Face weighted corner normals", Enable 'Auto Smooth' in Object Data Properties
WARN (bke.modifier): ./source/blender/blenkernel/intern/modifier.cc:461 BKE_modifier_set_error: Object: "Side_1_fastener_9_recessed_head", Modifier: "Face weighted corner normals", Enable 'Auto Smooth' in Object Data Properties
WARN (bke.modifier): ./source/blender/blenkernel/intern/modifier.cc:461 BKE_modifier_set_error: Object: "Side_1_clinch_4", Modifier: "Face weighted corner normals", Enable 'Auto Smooth' in Object Data Properties
WARN (bke.modifier): ./source/blender/blenkernel/intern/modifier.cc:461 BKE_modifier_set_error: Object: "Side_1_clinch_3", Modifier: "Face weighted corner normals", Enable 'Auto Smooth' in Object Data Properties
WARN (bke.modifier): ./source/blender/blenkernel/intern/modifier.cc:461 BKE_modifier_set_error: Object: "Side_1_clinch_2", Modifier: "Face weighted corner normals", Enable 'Auto Smooth' in Object Data Properties
WARN (bke.modifier): ./source/blender/blenkernel/intern/modifier.cc:461 BKE_modifier_set_error: Object: "Side_1_clinch_1", Modifier: "Face weighted corner normals", Enable 'Auto Smooth' in Object Data Properties
WARN (bke.modifier): ./source/blender/blenkernel/intern/modifier.cc:461 BKE_modifier_set_error: Object: "Side_upper_inward_return_-1", Modifier: "Face weighted corner normals", Enable 'Auto Smooth' in Object Data Properties
WARN (bke.modifier): ./source/blender/blenkernel/intern/modifier.cc:461 BKE_modifier_set_error: Object: "Side_1_clinch_5", Modifier: "Face weighted corner normals", Enable 'Auto Smooth' in Object Data Properties
WARN (bke.modifier): ./source/blender/blenkernel/intern/modifier.cc:461 BKE_modifier_set_error: Object: "Side_lower_inward_hem_-1", Modifier: "Face weighted corner normals", Enable 'Auto Smooth' in Object Data Properties
WARN (bke.modifier): ./source/blender/blenkernel/intern/modifier.cc:461 BKE_modifier_set_error: Object: "INFERRED_bottom_formed_sheet", Modifier: "Face weighted corner normals", Enable 'Auto Smooth' in Object Data Properties
WARN (bke.modifier): ./source/blender/blenkernel/intern/modifier.cc:461 BKE_modifier_set_error: Object: "Side_1_clinch_6", Modifier: "Face weighted corner normals", Enable 'Auto Smooth' in Object Data Properties
WARN (bke.modifier): ./source/blender/blenkernel/intern/modifier.cc:461 BKE_modifier_set_error: Object: "Top_cover_side_skirt_-1", Modifier: "Face weighted corner normals", Enable 'Auto Smooth' in Object Data Properties
WARN (bke.modifier): ./source/blender/blenkernel/intern/modifier.cc:461 BKE_modifier_set_error: Object: "Filler23_lower_shaped_foot", Modifier: "Face weighted corner normals", Enable 'Auto Smooth' in Object Data Properties
WARN (bke.modifier): ./source/blender/blenkernel/intern/modifier.cc:461 BKE_modifier_set_error: Object: "Side_1_clinch_7", Modifier: "Face weighted corner normals", Enable 'Auto Smooth' in Object Data Properties
WARN (bke.modifier): ./source/blender/blenkernel/intern/modifier.cc:461 BKE_modifier_set_error: Object: "Filler23_top_hook_cheek.001", Modifier: "Face weighted corner normals", Enable 'Auto Smooth' in Object Data Properties
WARN (bke.modifier): ./source/blender/blenkernel/intern/modifier.cc:461 BKE_modifier_set_error: Object: "Side_rail_latch_outline_1", Modifier: "Face weighted corner normals", Enable 'Auto Smooth' in Object Data Properties
WARN (bke.modifier): ./source/blender/blenkernel/intern/modifier.cc:461 BKE_modifier_set_error: Object: "Filler23_top_hook_cheek", Modifier: "Face weighted corner normals", Enable 'Auto Smooth' in Object Data Properties
WARN (bke.modifier): ./source/blender/blenkernel/intern/modifier.cc:461 BKE_modifier_set_error: Object: "Filler23_top_cross_cap", Modifier: "Face weighted corner normals", Enable 'Auto Smooth' in Object Data Properties
WARN (bke.modifier): ./source/blender/blenkernel/intern/modifier.cc:461 BKE_modifier_set_error: Object: "Filler23_upper_inset_pad", Modifier: "Face weighted corner normals", Enable 'Auto Smooth' in Object Data Properties
WARN (bke.modifier): ./source/blender/blenkernel/intern/modifier.cc:461 BKE_modifier_set_error: Object: "Filler23_mold_parting_land.001", Modifier: "Face weighted corner normals", Enable 'Auto Smooth' in Object Data Properties
WARN (bke.modifier): ./source/blender/blenkernel/intern/modifier.cc:461 BKE_modifier_set_error: Object: "Cover_skirt_screw_-1_recessed_head", Modifier: "Face weighted corner normals", Enable 'Auto Smooth' in Object Data Properties
WARN (bke.modifier): ./source/blender/blenkernel/intern/modifier.cc:461 BKE_modifier_set_error: Object: "Filler23_fine_vertical_pad_rib.001", Modifier: "Face weighted corner normals", Enable 'Auto Smooth' in Object Data Properties
WARN (bke.modifier): ./source/blender/blenkernel/intern/modifier.cc:461 BKE_modifier_set_error: Object: "Cover_skirt_screw_-1_recessed_head.002", Modifier: "Face weighted corner normals", Enable 'Auto Smooth' in Object Data Properties
WARN (bke.modifier): ./source/blender/blenkernel/intern/modifier.cc:461 BKE_modifier_set_error: Object: "Cover_skirt_screw_-1_recessed_head.001", Modifier: "Face weighted corner normals", Enable 'Auto Smooth' in Object Data Properties
WARN (bke.modifier): ./source/blender/blenkernel/intern/modifier.cc:461 BKE_modifier_set_error: Object: "Filler23_mold_parting_land", Modifier: "Face weighted corner normals", Enable 'Auto Smooth' in Object Data Properties
WARN (bke.modifier): ./source/blender/blenkernel/intern/modifier.cc:461 BKE_modifier_set_error: Object: "Side_-1_fastener_1_recessed_head", Modifier: "Face weighted corner normals", Enable 'Auto Smooth' in Object Data Properties
WARN (bke.modifier): ./source/blender/blenkernel/intern/modifier.cc:461 BKE_modifier_set_error: Object: "Side_-1_fastener_0_recessed_head", Modifier: "Face weighted corner normals", Enable 'Auto Smooth' in Object Data Properties
WARN (bke.modifier): ./source/blender/blenkernel/intern/modifier.cc:461 BKE_modifier_set_error: Object: "Filler23_fine_vertical_pad_rib", Modifier: "Face weighted corner normals", Enable 'Auto Smooth' in Object Data Properties
WARN (bke.modifier): ./source/blender/blenkernel/intern/modifier.cc:461 BKE_modifier_set_error: Object: "Side_-1_fastener_2_recessed_head", Modifier: "Face weighted corner normals", Enable 'Auto Smooth' in Object Data Properties
WARN (bke.modifier): ./source/blender/blenkernel/intern/modifier.cc:461 BKE_modifier_set_error: Object: "Filler23_long_center_pad", Modifier: "Face weighted corner normals", Enable 'Auto Smooth' in Object Data Properties
WARN (bke.modifier): ./source/blender/blenkernel/intern/modifier.cc:461 BKE_modifier_set_error: Object: "Filler23_internal_cross_rib.004", Modifier: "Face weighted corner normals", Enable 'Auto Smooth' in Object Data Properties
WARN (bke.modifier): ./source/blender/blenkernel/intern/modifier.cc:461 BKE_modifier_set_error: Object: "Filler23_internal_cross_rib.003", Modifier: "Face weighted corner normals", Enable 'Auto Smooth' in Object Data Properties
WARN (bke.modifier): ./source/blender/blenkernel/intern/modifier.cc:461 BKE_modifier_set_error: Object: "Side_-1_fastener_5_recessed_head", Modifier: "Face weighted corner normals", Enable 'Auto Smooth' in Object Data Properties
WARN (bke.modifier): ./source/blender/blenkernel/intern/modifier.cc:461 BKE_modifier_set_error: Object: "Side_-1_fastener_3_recessed_head", Modifier: "Face weighted corner normals", Enable 'Auto Smooth' in Object Data Properties
WARN (bke.modifier): ./source/blender/blenkernel/intern/modifier.cc:461 BKE_modifier_set_error: Object: "Side_-1_fastener_4_recessed_head", Modifier: "Face weighted corner normals", Enable 'Auto Smooth' in Object Data Properties
WARN (bke.modifier): ./source/blender/blenkernel/intern/modifier.cc:461 BKE_modifier_set_error: Object: "Filler23_internal_cross_rib.002", Modifier: "Face weighted corner normals", Enable 'Auto Smooth' in Object Data Properties
WARN (bke.modifier): ./source/blender/blenkernel/intern/modifier.cc:461 BKE_modifier_set_error: Object: "Cover_skirt_screw_-1_recessed_head.003", Modifier: "Face weighted corner normals", Enable 'Auto Smooth' in Object Data Properties
WARN (bke.modifier): ./source/blender/blenkernel/intern/modifier.cc:461 BKE_modifier_set_error: Object: "Filler23_internal_cross_rib.001", Modifier: "Face weighted corner normals", Enable 'Auto Smooth' in Object Data Properties
WARN (bke.modifier): ./source/blender/blenkernel/intern/modifier.cc:461 BKE_modifier_set_error: Object: "Side_-1_fastener_7_recessed_head", Modifier: "Face weighted corner normals", Enable 'Auto Smooth' in Object Data Properties
WARN (bke.modifier): ./source/blender/blenkernel/intern/modifier.cc:461 BKE_modifier_set_error: Object: "Side_-1_fastener_8_recessed_head", Modifier: "Face weighted corner normals", Enable 'Auto Smooth' in Object Data Properties
WARN (bke.modifier): ./source/blender/blenkernel/intern/modifier.cc:461 BKE_modifier_set_error: Object: "Filler23_internal_cross_rib", Modifier: "Face weighted corner normals", Enable 'Auto Smooth' in Object Data Properties
WARN (bke.modifier): ./source/blender/blenkernel/intern/modifier.cc:461 BKE_modifier_set_error: Object: "Side_-1_fastener_9_recessed_head", Modifier: "Face weighted corner normals", Enable 'Auto Smooth' in Object Data Properties
WARN (bke.modifier): ./source/blender/blenkernel/intern/modifier.cc:461 BKE_modifier_set_error: Object: "Side_-1_fastener_10_recessed_head", Modifier: "Face weighted corner normals", Enable 'Auto Smooth' in Object Data Properties
WARN (bke.modifier): ./source/blender/blenkernel/intern/modifier.cc:461 BKE_modifier_set_error: Object: "Filler23_outer_mold_rail.005", Modifier: "Face weighted corner normals", Enable 'Auto Smooth' in Object Data Properties
WARN (bke.modifier): ./source/blender/blenkernel/intern/modifier.cc:461 BKE_modifier_set_error: Object: "Filler23_outer_mold_rail.004", Modifier: "Face weighted corner normals", Enable 'Auto Smooth' in Object Data Properties
WARN (bke.modifier): ./source/blender/blenkernel/intern/modifier.cc:461 BKE_modifier_set_error: Object: "Side_-1_clinch_1", Modifier: "Face weighted corner normals", Enable 'Auto Smooth' in Object Data Properties
WARN (bke.modifier): ./source/blender/blenkernel/intern/modifier.cc:461 BKE_modifier_set_error: Object: "Side_-1_clinch_2", Modifier: "Face weighted corner normals", Enable 'Auto Smooth' in Object Data Properties
WARN (bke.modifier): ./source/blender/blenkernel/intern/modifier.cc:461 BKE_modifier_set_error: Object: "Right_side_wall", Modifier: "Face weighted corner normals", Enable 'Auto Smooth' in Object Data Properties
WARN (bke.modifier): ./source/blender/blenkernel/intern/modifier.cc:461 BKE_modifier_set_error: Object: "Side_-1_clinch_0", Modifier: "Face weighted corner normals", Enable 'Auto Smooth' in Object Data Properties
WARN (bke.modifier): ./source/blender/blenkernel/intern/modifier.cc:461 BKE_modifier_set_error: Object: "Filler23_outer_mold_rail.003", Modifier: "Face weighted corner normals", Enable 'Auto Smooth' in Object Data Properties
WARN (bke.modifier): ./source/blender/blenkernel/intern/modifier.cc:461 BKE_modifier_set_error: Object: "Side_-1_clinch_3", Modifier: "Face weighted corner normals", Enable 'Auto Smooth' in Object Data Properties
WARN (bke.modifier): ./source/blender/blenkernel/intern/modifier.cc:461 BKE_modifier_set_error: Object: "Side_-1_fastener_6_recessed_head", Modifier: "Face weighted corner normals", Enable 'Auto Smooth' in Object Data Properties
WARN (bke.modifier): ./source/blender/blenkernel/intern/modifier.cc:461 BKE_modifier_set_error: Object: "Side_-1_clinch_4", Modifier: "Face weighted corner normals", Enable 'Auto Smooth' in Object Data Properties
WARN (bke.modifier): ./source/blender/blenkernel/intern/modifier.cc:461 BKE_modifier_set_error: Object: "Filler23_inner_sidewall_1", Modifier: "Face weighted corner normals", Enable 'Auto Smooth' in Object Data Properties
WARN (bke.modifier): ./source/blender/blenkernel/intern/modifier.cc:461 BKE_modifier_set_error: Object: "Side_-1_clinch_5", Modifier: "Face weighted corner normals", Enable 'Auto Smooth' in Object Data Properties
WARN (bke.modifier): ./source/blender/blenkernel/intern/modifier.cc:461 BKE_modifier_set_error: Object: "Filler23_outer_mold_rail.002", Modifier: "Face weighted corner normals", Enable 'Auto Smooth' in Object Data Properties
WARN (bke.modifier): ./source/blender/blenkernel/intern/modifier.cc:461 BKE_modifier_set_error: Object: "Underlapping_cover_seam", Modifier: "Face weighted corner normals", Enable 'Auto Smooth' in Object Data Properties
WARN (bke.modifier): ./source/blender/blenkernel/intern/modifier.cc:461 BKE_modifier_set_error: Object: "Side_-1_clinch_6", Modifier: "Face weighted corner normals", Enable 'Auto Smooth' in Object Data Properties
WARN (bke.modifier): ./source/blender/blenkernel/intern/modifier.cc:461 BKE_modifier_set_error: Object: "Filler23_outer_mold_rail.001", Modifier: "Face weighted corner normals", Enable 'Auto Smooth' in Object Data Properties
WARN (bke.modifier): ./source/blender/blenkernel/intern/modifier.cc:461 BKE_modifier_set_error: Object: "Underlapping_cover_seam.001", Modifier: "Face weighted corner normals", Enable 'Auto Smooth' in Object Data Properties
WARN (bke.modifier): ./source/blender/blenkernel/intern/modifier.cc:461 BKE_modifier_set_error: Object: "Cover_traction_pad", Modifier: "Face weighted corner normals", Enable 'Auto Smooth' in Object Data Properties
WARN (bke.modifier): ./source/blender/blenkernel/intern/modifier.cc:461 BKE_modifier_set_error: Object: "Side_-1_clinch_7", Modifier: "Face weighted corner normals", Enable 'Auto Smooth' in Object Data Properties
WARN (bke.modifier): ./source/blender/blenkernel/intern/modifier.cc:461 BKE_modifier_set_error: Object: "Filler23_outer_mold_rail", Modifier: "Face weighted corner normals", Enable 'Auto Smooth' in Object Data Properties
WARN (bke.modifier): ./source/blender/blenkernel/intern/modifier.cc:461 BKE_modifier_set_error: Object: "Cover_traction_pad.001", Modifier: "Face weighted corner normals", Enable 'Auto Smooth' in Object Data Properties
WARN (bke.modifier): ./source/blender/blenkernel/intern/modifier.cc:461 BKE_modifier_set_error: Object: "Side_rail_latch_outline_-1", Modifier: "Face weighted corner normals", Enable 'Auto Smooth' in Object Data Properties
WARN (bke.modifier): ./source/blender/blenkernel/intern/modifier.cc:461 BKE_modifier_set_error: Object: "Cover_release_recess_back", Modifier: "Face weighted corner normals", Enable 'Auto Smooth' in Object Data Properties
WARN (bke.modifier): ./source/blender/blenkernel/intern/modifier.cc:461 BKE_modifier_set_error: Object: "Cover_release_metal_tab", Modifier: "Face weighted corner normals", Enable 'Auto Smooth' in Object Data Properties
WARN (bke.modifier): ./source/blender/blenkernel/intern/modifier.cc:461 BKE_modifier_set_error: Object: "Filler23_inner_sidewall_-1", Modifier: "Face weighted corner normals", Enable 'Auto Smooth' in Object Data Properties
WARN (bke.modifier): ./source/blender/blenkernel/intern/modifier.cc:461 BKE_modifier_set_error: Object: "Filler22_retention_edge", Modifier: "Face weighted corner normals", Enable 'Auto Smooth' in Object Data Properties
WARN (bke.modifier): ./source/blender/blenkernel/intern/modifier.cc:461 BKE_modifier_set_error: Object: "Filler22_recessed_contact_sliver.009", Modifier: "Face weighted corner normals", Enable 'Auto Smooth' in Object Data Properties
WARN (bke.modifier): ./source/blender/blenkernel/intern/modifier.cc:461 BKE_modifier_set_error: Object: "Filler22_recessed_contact_sliver.008", Modifier: "Face weighted corner normals", Enable 'Auto Smooth' in Object Data Properties
WARN (bke.modifier): ./source/blender/blenkernel/intern/modifier.cc:461 BKE_modifier_set_error: Object: "Filler22_recessed_contact_sliver.007", Modifier: "Face weighted corner normals", Enable 'Auto Smooth' in Object Data Properties
WARN (bke.modifier): ./source/blender/blenkernel/intern/modifier.cc:461 BKE_modifier_set_error: Object: "Filler22_recessed_contact_sliver.006", Modifier: "Face weighted corner normals", Enable 'Auto Smooth' in Object Data Properties
WARN (bke.modifier): ./source/blender/blenkernel/intern/modifier.cc:461 BKE_modifier_set_error: Object: "Filler22_recessed_contact_sliver.005", Modifier: "Face weighted corner normals", Enable 'Auto Smooth' in Object Data Properties
WARN (bke.modifier): ./source/blender/blenkernel/intern/modifier.cc:461 BKE_modifier_set_error: Object: "Filler22_recessed_contact_sliver.004", Modifier: "Face weighted corner normals", Enable 'Auto Smooth' in Object Data Properties
WARN (bke.modifier): ./source/blender/blenkernel/intern/modifier.cc:461 BKE_modifier_set_error: Object: "Front_cover_flush_screw_recessed_head", Modifier: "Face weighted corner normals", Enable 'Auto Smooth' in Object Data Properties
WARN (bke.modifier): ./source/blender/blenkernel/intern/modifier.cc:461 BKE_modifier_set_error: Object: "Front_cover_flush_screw_recessed_head.002", Modifier: "Face weighted corner normals", Enable 'Auto Smooth' in Object Data Properties
WARN (bke.modifier): ./source/blender/blenkernel/intern/modifier.cc:461 BKE_modifier_set_error: Object: "Front_cover_flush_screw_recessed_head.004", Modifier: "Face weighted corner normals", Enable 'Auto Smooth' in Object Data Properties
WARN (bke.modifier): ./source/blender/blenkernel/intern/modifier.cc:461 BKE_modifier_set_error: Object: "Front_cover_flush_screw_recessed_head.003", Modifier: "Face weighted corner normals", Enable 'Auto Smooth' in Object Data Properties
WARN (bke.modifier): ./source/blender/blenkernel/intern/modifier.cc:461 BKE_modifier_set_error: Object: "Filler22_recessed_contact_sliver.003", Modifier: "Face weighted corner normals", Enable 'Auto Smooth' in Object Data Properties
WARN (bke.modifier): ./source/blender/blenkernel/intern/modifier.cc:461 BKE_modifier_set_error: Object: "Front_cover_flush_screw_recessed_head.001", Modifier: "Face weighted corner normals", Enable 'Auto Smooth' in Object Data Properties
WARN (bke.modifier): ./source/blender/blenkernel/intern/modifier.cc:461 BKE_modifier_set_error: Object: "Filler22_recessed_contact_sliver.002", Modifier: "Face weighted corner normals", Enable 'Auto Smooth' in Object Data Properties
WARN (bke.modifier): ./source/blender/blenkernel/intern/modifier.cc:461 BKE_modifier_set_error: Object: "Main_cover_with_label_pressing", Modifier: "Face weighted corner normals", Enable 'Auto Smooth' in Object Data Properties
WARN (bke.modifier): ./source/blender/blenkernel/intern/modifier.cc:461 BKE_modifier_set_error: Object: "Filler22_recessed_contact_sliver.001", Modifier: "Face weighted corner normals", Enable 'Auto Smooth' in Object Data Properties
WARN (bke.modifier): ./source/blender/blenkernel/intern/modifier.cc:461 BKE_modifier_set_error: Object: "Filler22_recessed_contact_sliver", Modifier: "Face weighted corner normals", Enable 'Auto Smooth' in Object Data Properties
WARN (bke.modifier): ./source/blender/blenkernel/intern/modifier.cc:461 BKE_modifier_set_error: Object: "Filler22_frame_bottom_bar", Modifier: "Face weighted corner normals", Enable 'Auto Smooth' in Object Data Properties
WARN (bke.modifier): ./source/blender/blenkernel/intern/modifier.cc:461 BKE_modifier_set_error: Object: "Rear_cover_four_pressed_regions", Modifier: "Face weighted corner normals", Enable 'Auto Smooth' in Object Data Properties
WARN (bke.modifier): ./source/blender/blenkernel/intern/modifier.cc:461 BKE_modifier_set_error: Object: "Filler22_lower_step_bottom", Modifier: "Face weighted corner normals", Enable 'Auto Smooth' in Object Data Properties
WARN (bke.modifier): ./source/blender/blenkernel/intern/modifier.cc:461 BKE_modifier_set_error: Object: "Filler22_lower_step_top", Modifier: "Face weighted corner normals", Enable 'Auto Smooth' in Object Data Properties
WARN (bke.modifier): ./source/blender/blenkernel/intern/modifier.cc:461 BKE_modifier_set_error: Object: "Front_cover_flush_screw_recessed_head.005", Modifier: "Face weighted corner normals", Enable 'Auto Smooth' in Object Data Properties
WARN (bke.modifier): ./source/blender/blenkernel/intern/modifier.cc:461 BKE_modifier_set_error: Object: "Front_cover_flush_screw_recessed_head.006", Modifier: "Face weighted corner normals", Enable 'Auto Smooth' in Object Data Properties
WARN (bke.modifier): ./source/blender/blenkernel/intern/modifier.cc:461 BKE_modifier_set_error: Object: "Front_cover_flush_screw_recessed_head.008", Modifier: "Face weighted corner normals", Enable 'Auto Smooth' in Object Data Properties
WARN (bke.modifier): ./source/blender/blenkernel/intern/modifier.cc:461 BKE_modifier_set_error: Object: "Front_cover_flush_screw_recessed_head.007", Modifier: "Face weighted corner normals", Enable 'Auto Smooth' in Object Data Properties
WARN (bke.modifier): ./source/blender/blenkernel/intern/modifier.cc:461 BKE_modifier_set_error: Object: "Front_cover_flush_screw_recessed_head.010", Modifier: "Face weighted corner normals", Enable 'Auto Smooth' in Object Data Properties
WARN (bke.modifier): ./source/blender/blenkernel/intern/modifier.cc:461 BKE_modifier_set_error: Object: "Front_cover_flush_screw_recessed_head.009", Modifier: "Face weighted corner normals", Enable 'Auto Smooth' in Object Data Properties
WARN (bke.modifier): ./source/blender/blenkernel/intern/modifier.cc:461 BKE_modifier_set_error: Object: "Filler22_lower_shaped_foot", Modifier: "Face weighted corner normals", Enable 'Auto Smooth' in Object Data Properties
WARN (bke.modifier): ./source/blender/blenkernel/intern/modifier.cc:461 BKE_modifier_set_error: Object: "Filler22_top_hook_cheek.001", Modifier: "Face weighted corner normals", Enable 'Auto Smooth' in Object Data Properties
WARN (bke.modifier): ./source/blender/blenkernel/intern/modifier.cc:461 BKE_modifier_set_error: Object: "Filler22_top_hook_cheek", Modifier: "Face weighted corner normals", Enable 'Auto Smooth' in Object Data Properties
WARN (bke.modifier): ./source/blender/blenkernel/intern/modifier.cc:461 BKE_modifier_set_error: Object: "Front_cover_flush_screw_recessed_head.011", Modifier: "Face weighted corner normals", Enable 'Auto Smooth' in Object Data Properties
WARN (bke.modifier): ./source/blender/blenkernel/intern/modifier.cc:461 BKE_modifier_set_error: Object: "Filler22_top_cross_cap", Modifier: "Face weighted corner normals", Enable 'Auto Smooth' in Object Data Properties
WARN (bke.modifier): ./source/blender/blenkernel/intern/modifier.cc:461 BKE_modifier_set_error: Object: "Left_side_wall_estimated", Modifier: "Face weighted corner normals", Enable 'Auto Smooth' in Object Data Properties
WARN (bke.modifier): ./source/blender/blenkernel/intern/modifier.cc:461 BKE_modifier_set_error: Object: "Front_cover_flush_screw_recessed_head.012", Modifier: "Face weighted corner normals", Enable 'Auto Smooth' in Object Data Properties
WARN (bke.modifier): ./source/blender/blenkernel/intern/modifier.cc:461 BKE_modifier_set_error: Object: "Front_cover_flush_screw_recessed_head.013", Modifier: "Face weighted corner normals", Enable 'Auto Smooth' in Object Data Properties
WARN (bke.modifier): ./source/blender/blenkernel/intern/modifier.cc:461 BKE_modifier_set_error: Object: "Filler22_upper_inset_pad", Modifier: "Face weighted corner normals", Enable 'Auto Smooth' in Object Data Properties
WARN (bke.modifier): ./source/blender/blenkernel/intern/modifier.cc:461 BKE_modifier_set_error: Object: "Front_cover_flush_screw_recessed_head.015", Modifier: "Face weighted corner normals", Enable 'Auto Smooth' in Object Data Properties
WARN (bke.modifier): ./source/blender/blenkernel/intern/modifier.cc:461 BKE_modifier_set_error: Object: "Front_cover_flush_screw_recessed_head.014", Modifier: "Face weighted corner normals", Enable 'Auto Smooth' in Object Data Properties
WARN (bke.modifier): ./source/blender/blenkernel/intern/modifier.cc:461 BKE_modifier_set_error: Object: "Filler22_mold_parting_land.001", Modifier: "Face weighted corner normals", Enable 'Auto Smooth' in Object Data Properties
WARN (bke.modifier): ./source/blender/blenkernel/intern/modifier.cc:461 BKE_modifier_set_error: Object: "Front_cover_flush_screw_recessed_head.017", Modifier: "Face weighted corner normals", Enable 'Auto Smooth' in Object Data Properties
WARN (bke.modifier): ./source/blender/blenkernel/intern/modifier.cc:461 BKE_modifier_set_error: Object: "Front_cover_flush_screw_recessed_head.016", Modifier: "Face weighted corner normals", Enable 'Auto Smooth' in Object Data Properties
WARN (bke.modifier): ./source/blender/blenkernel/intern/modifier.cc:461 BKE_modifier_set_error: Object: "Filler22_fine_vertical_pad_rib.001", Modifier: "Face weighted corner normals", Enable 'Auto Smooth' in Object Data Properties
WARN (bke.modifier): ./source/blender/blenkernel/intern/modifier.cc:461 BKE_modifier_set_error: Object: "Front_cover_flush_screw_recessed_head.018", Modifier: "Face weighted corner normals", Enable 'Auto Smooth' in Object Data Properties
WARN (bke.modifier): ./source/blender/blenkernel/intern/modifier.cc:461 BKE_modifier_set_error: Object: "Filler22_mold_parting_land", Modifier: "Face weighted corner normals", Enable 'Auto Smooth' in Object Data Properties
WARN (bke.modifier): ./source/blender/blenkernel/intern/modifier.cc:461 BKE_modifier_set_error: Object: "Filler22_fine_vertical_pad_rib", Modifier: "Face weighted corner normals", Enable 'Auto Smooth' in Object Data Properties
WARN (bke.modifier): ./source/blender/blenkernel/intern/modifier.cc:461 BKE_modifier_set_error: Object: "Front_cover_flush_screw_recessed_head.019", Modifier: "Face weighted corner normals", Enable 'Auto Smooth' in Object Data Properties
WARN (bke.modifier): ./source/blender/blenkernel/intern/modifier.cc:461 BKE_modifier_set_error: Object: "Front_cover_flush_screw_recessed_head.020", Modifier: "Face weighted corner normals", Enable 'Auto Smooth' in Object Data Properties
WARN (bke.modifier): ./source/blender/blenkernel/intern/modifier.cc:461 BKE_modifier_set_error: Object: "Front_cover_flush_screw_recessed_head.021", Modifier: "Face weighted corner normals", Enable 'Auto Smooth' in Object Data Properties
WARN (bke.modifier): ./source/blender/blenkernel/intern/modifier.cc:461 BKE_modifier_set_error: Object: "Filler22_long_center_pad", Modifier: "Face weighted corner normals", Enable 'Auto Smooth' in Object Data Properties
WARN (bke.modifier): ./source/blender/blenkernel/intern/modifier.cc:461 BKE_modifier_set_error: Object: "Filler22_internal_cross_rib.004", Modifier: "Face weighted corner normals", Enable 'Auto Smooth' in Object Data Properties
WARN (bke.modifier): ./source/blender/blenkernel/intern/modifier.cc:461 BKE_modifier_set_error: Object: "Rear_cover_flush_screw_recessed_head", Modifier: "Face weighted corner normals", Enable 'Auto Smooth' in Object Data Properties
WARN (bke.modifier): ./source/blender/blenkernel/intern/modifier.cc:461 BKE_modifier_set_error: Object: "Filler22_internal_cross_rib.003", Modifier: "Face weighted corner normals", Enable 'Auto Smooth' in Object Data Properties
WARN (bke.modifier): ./source/blender/blenkernel/intern/modifier.cc:461 BKE_modifier_set_error: Object: "Rear_cover_flush_screw_recessed_head.001", Modifier: "Face weighted corner normals", Enable 'Auto Smooth' in Object Data Properties
WARN (bke.modifier): ./source/blender/blenkernel/intern/modifier.cc:461 BKE_modifier_set_error: Object: "Front_cover_flush_screw_recessed_head.023", Modifier: "Face weighted corner normals", Enable 'Auto Smooth' in Object Data Properties
WARN (bke.modifier): ./source/blender/blenkernel/intern/modifier.cc:461 BKE_modifier_set_error: Object: "Filler22_internal_cross_rib.002", Modifier: "Face weighted corner normals", Enable 'Auto Smooth' in Object Data Properties
WARN (bke.modifier): ./source/blender/blenkernel/intern/modifier.cc:461 BKE_modifier_set_error: Object: "Rear_cover_flush_screw_recessed_head.002", Modifier: "Face weighted corner normals", Enable 'Auto Smooth' in Object Data Properties
WARN (bke.modifier): ./source/blender/blenkernel/intern/modifier.cc:461 BKE_modifier_set_error: Object: "Front_cover_flush_screw_recessed_head.022", Modifier: "Face weighted corner normals", Enable 'Auto Smooth' in Object Data Properties
WARN (bke.modifier): ./source/blender/blenkernel/intern/modifier.cc:461 BKE_modifier_set_error: Object: "Filler22_internal_cross_rib.001", Modifier: "Face weighted corner normals", Enable 'Auto Smooth' in Object Data Properties
WARN (bke.modifier): ./source/blender/blenkernel/intern/modifier.cc:461 BKE_modifier_set_error: Object: "Midheight_sled_shelf", Modifier: "Face weighted corner normals", Enable 'Auto Smooth' in Object Data Properties
WARN (bke.modifier): ./source/blender/blenkernel/intern/modifier.cc:461 BKE_modifier_set_error: Object: "Filler22_internal_cross_rib", Modifier: "Face weighted corner normals", Enable 'Auto Smooth' in Object Data Properties
WARN (bke.modifier): ./source/blender/blenkernel/intern/modifier.cc:461 BKE_modifier_set_error: Object: "Central_PSU_channel_divider.001", Modifier: "Face weighted corner normals", Enable 'Auto Smooth' in Object Data Properties
WARN (bke.modifier): ./source/blender/blenkernel/intern/modifier.cc:461 BKE_modifier_set_error: Object: "Midheight_sled_shelf.001", Modifier: "Face weighted corner normals", Enable 'Auto Smooth' in Object Data Properties
WARN (bke.modifier): ./source/blender/blenkernel/intern/modifier.cc:461 BKE_modifier_set_error: Object: "Central_PSU_channel_divider", Modifier: "Face weighted corner normals", Enable 'Auto Smooth' in Object Data Properties
WARN (bke.modifier): ./source/blender/blenkernel/intern/modifier.cc:461 BKE_modifier_set_error: Object: "Filler22_outer_mold_rail.005", Modifier: "Face weighted corner normals", Enable 'Auto Smooth' in Object Data Properties
WARN (bke.modifier): ./source/blender/blenkernel/intern/modifier.cc:461 BKE_modifier_set_error: Object: "Front_backplane_shadow", Modifier: "Face weighted corner normals", Enable 'Auto Smooth' in Object Data Properties
WARN (bke.modifier): ./source/blender/blenkernel/intern/modifier.cc:461 BKE_modifier_set_error: Object: "Hidden_backplane_socket", Modifier: "Face weighted corner normals", Enable 'Auto Smooth' in Object Data Properties
WARN (bke.modifier): ./source/blender/blenkernel/intern/modifier.cc:461 BKE_modifier_set_error: Object: "Hidden_backplane_socket.001", Modifier: "Face weighted corner normals", Enable 'Auto Smooth' in Object Data Properties
WARN (bke.modifier): ./source/blender/blenkernel/intern/modifier.cc:461 BKE_modifier_set_error: Object: "Filler22_outer_mold_rail.004", Modifier: "Face weighted corner normals", Enable 'Auto Smooth' in Object Data Properties
WARN (bke.modifier): ./source/blender/blenkernel/intern/modifier.cc:461 BKE_modifier_set_error: Object: "Hidden_backplane_socket.002", Modifier: "Face weighted corner normals", Enable 'Auto Smooth' in Object Data Properties
WARN (bke.modifier): ./source/blender/blenkernel/intern/modifier.cc:461 BKE_modifier_set_error: Object: "Hidden_backplane_socket.003", Modifier: "Face weighted corner normals", Enable 'Auto Smooth' in Object Data Properties
WARN (bke.modifier): ./source/blender/blenkernel/intern/modifier.cc:461 BKE_modifier_set_error: Object: "Filler22_outer_mold_rail.003", Modifier: "Face weighted corner normals", Enable 'Auto Smooth' in Object Data Properties
WARN (bke.modifier): ./source/blender/blenkernel/intern/modifier.cc:461 BKE_modifier_set_error: Object: "Control_ear_shell_-1", Modifier: "Face weighted corner normals", Enable 'Auto Smooth' in Object Data Properties
WARN (bke.modifier): ./source/blender/blenkernel/intern/modifier.cc:461 BKE_modifier_set_error: Object: "Lower_ear_screw_boss_-1", Modifier: "Face weighted corner normals", Enable 'Auto Smooth' in Object Data Properties
WARN (bke.modifier): ./source/blender/blenkernel/intern/modifier.cc:461 BKE_modifier_set_error: Object: "Filler22_inner_sidewall_1", Modifier: "Face weighted corner normals", Enable 'Auto Smooth' in Object Data Properties
WARN (bke.modifier): ./source/blender/blenkernel/intern/modifier.cc:461 BKE_modifier_set_error: Object: "Rear_cover_flush_screw_recessed_head.005", Modifier: "Face weighted corner normals", Enable 'Auto Smooth' in Object Data Properties
WARN (bke.modifier): ./source/blender/blenkernel/intern/modifier.cc:461 BKE_modifier_set_error: Object: "Front_cage_side_return_-1", Modifier: "Face weighted corner normals", Enable 'Auto Smooth' in Object Data Properties
WARN (bke.modifier): ./source/blender/blenkernel/intern/modifier.cc:461 BKE_modifier_set_error: Object: "Rear_cover_flush_screw_recessed_head.006", Modifier: "Face weighted corner normals", Enable 'Auto Smooth' in Object Data Properties
WARN (bke.modifier): ./source/blender/blenkernel/intern/modifier.cc:461 BKE_modifier_set_error: Object: "Filler22_outer_mold_rail.002", Modifier: "Face weighted corner normals", Enable 'Auto Smooth' in Object Data Properties
WARN (bke.modifier): ./source/blender/blenkernel/intern/modifier.cc:461 BKE_modifier_set_error: Object: "Handle_flat_anchor_-1", Modifier: "Face weighted corner normals", Enable 'Auto Smooth' in Object Data Properties
WARN (bke.modifier): ./source/blender/blenkernel/intern/modifier.cc:461 BKE_modifier_set_error: Object: "Filler22_outer_mold_rail.001", Modifier: "Face weighted corner normals", Enable 'Auto Smooth' in Object Data Properties
WARN (bke.modifier): ./source/blender/blenkernel/intern/modifier.cc:461 BKE_modifier_set_error: Object: "Handle_flat_anchor_-1.001", Modifier: "Face weighted corner normals", Enable 'Auto Smooth' in Object Data Properties
WARN (bke.modifier): ./source/blender/blenkernel/intern/modifier.cc:461 BKE_modifier_set_error: Object: "Rack_ear_mount_1", Modifier: "Face weighted corner normals", Enable 'Auto Smooth' in Object Data Properties
WARN (bke.modifier): ./source/blender/blenkernel/intern/modifier.cc:461 BKE_modifier_set_error: Object: "Control_ear_shell_1", Modifier: "Face weighted corner normals", Enable 'Auto Smooth' in Object Data Properties
WARN (bke.modifier): ./source/blender/blenkernel/intern/modifier.cc:461 BKE_modifier_set_error: Object: "Filler22_outer_mold_rail", Modifier: "Face weighted corner normals", Enable 'Auto Smooth' in Object Data Properties
WARN (bke.modifier): ./source/blender/blenkernel/intern/modifier.cc:461 BKE_modifier_set_error: Object: "Lower_ear_screw_boss_1", Modifier: "Face weighted corner normals", Enable 'Auto Smooth' in Object Data Properties
WARN (bke.modifier): ./source/blender/blenkernel/intern/modifier.cc:461 BKE_modifier_set_error: Object: "Front_cage_side_return_1", Modifier: "Face weighted corner normals", Enable 'Auto Smooth' in Object Data Properties
WARN (bke.modifier): ./source/blender/blenkernel/intern/modifier.cc:461 BKE_modifier_set_error: Object: "Filler22_inner_sidewall_-1", Modifier: "Face weighted corner normals", Enable 'Auto Smooth' in Object Data Properties
WARN (bke.modifier): ./source/blender/blenkernel/intern/modifier.cc:461 BKE_modifier_set_error: Object: "Filler21_retention_edge", Modifier: "Face weighted corner normals", Enable 'Auto Smooth' in Object Data Properties
WARN (bke.modifier): ./source/blender/blenkernel/intern/modifier.cc:461 BKE_modifier_set_error: Object: "Filler21_recessed_contact_sliver.009", Modifier: "Face weighted corner normals", Enable 'Auto Smooth' in Object Data Properties
WARN (bke.modifier): ./source/blender/blenkernel/intern/modifier.cc:461 BKE_modifier_set_error: Object: "Filler21_recessed_contact_sliver.008", Modifier: "Face weighted corner normals", Enable 'Auto Smooth' in Object Data Properties
WARN (bke.modifier): ./source/blender/blenkernel/intern/modifier.cc:461 BKE_modifier_set_error: Object: "Rear_cover_flush_screw_recessed_head.004", Modifier: "Face weighted corner normals", Enable 'Auto Smooth' in Object Data Properties
WARN (bke.modifier): ./source/blender/blenkernel/intern/modifier.cc:461 BKE_modifier_set_error: Object: "Filler21_recessed_contact_sliver.007", Modifier: "Face weighted corner normals", Enable 'Auto Smooth' in Object Data Properties
WARN (bke.modifier): ./source/blender/blenkernel/intern/modifier.cc:461 BKE_modifier_set_error: Object: "Handle_flat_anchor_1.001", Modifier: "Face weighted corner normals", Enable 'Auto Smooth' in Object Data Properties
WARN (bke.modifier): ./source/blender/blenkernel/intern/modifier.cc:461 BKE_modifier_set_error: Object: "Filler21_recessed_contact_sliver.006", Modifier: "Face weighted corner normals", Enable 'Auto Smooth' in Object Data Properties
WARN (bke.modifier): ./source/blender/blenkernel/intern/modifier.cc:461 BKE_modifier_set_error: Object: "Front_lower_rolled_hem", Modifier: "Face weighted corner normals", Enable 'Auto Smooth' in Object Data Properties
WARN (bke.modifier): ./source/blender/blenkernel/intern/modifier.cc:461 BKE_modifier_set_error: Object: "Front_upper_rolled_hem", Modifier: "Face weighted corner normals", Enable 'Auto Smooth' in Object Data Properties
WARN (bke.modifier): ./source/blender/blenkernel/intern/modifier.cc:461 BKE_modifier_set_error: Object: "Filler21_recessed_contact_sliver.005", Modifier: "Face weighted corner normals", Enable 'Auto Smooth' in Object Data Properties
WARN (bke.modifier): ./source/blender/blenkernel/intern/modifier.cc:461 BKE_modifier_set_error: Object: "Rear_cover_flush_screw_recessed_head.003", Modifier: "Face weighted corner normals", Enable 'Auto Smooth' in Object Data Properties
WARN (bke.modifier): ./source/blender/blenkernel/intern/modifier.cc:461 BKE_modifier_set_error: Object: "Rack_ear_mount_-1", Modifier: "Face weighted corner normals", Enable 'Auto Smooth' in Object Data Properties
WARN (bke.modifier): ./source/blender/blenkernel/intern/modifier.cc:461 BKE_modifier_set_error: Object: "Drive_bank_divider_0", Modifier: "Face weighted corner normals", Enable 'Auto Smooth' in Object Data Properties
WARN (bke.modifier): ./source/blender/blenkernel/intern/modifier.cc:461 BKE_modifier_set_error: Object: "Filler21_recessed_contact_sliver.004", Modifier: "Face weighted corner normals", Enable 'Auto Smooth' in Object Data Properties
WARN (bke.modifier): ./source/blender/blenkernel/intern/modifier.cc:461 BKE_modifier_set_error: Object: "Handle_flat_anchor_1", Modifier: "Face weighted corner normals", Enable 'Auto Smooth' in Object Data Properties
WARN (bke.modifier): ./source/blender/blenkernel/intern/modifier.cc:461 BKE_modifier_set_error: Object: "Drive_bank_divider_1", Modifier: "Face weighted corner normals", Enable 'Auto Smooth' in Object Data Properties
WARN (bke.modifier): ./source/blender/blenkernel/intern/modifier.cc:461 BKE_modifier_set_error: Object: "Drive_bank_divider_3", Modifier: "Face weighted corner normals", Enable 'Auto Smooth' in Object Data Properties
WARN (bke.modifier): ./source/blender/blenkernel/intern/modifier.cc:461 BKE_modifier_set_error: Object: "Filler21_recessed_contact_sliver.003", Modifier: "Face weighted corner normals", Enable 'Auto Smooth' in Object Data Properties
WARN (bke.modifier): ./source/blender/blenkernel/intern/modifier.cc:461 BKE_modifier_set_error: Object: "Drive_bank_divider_2", Modifier: "Face weighted corner normals", Enable 'Auto Smooth' in Object Data Properties
WARN (bke.modifier): ./source/blender/blenkernel/intern/modifier.cc:461 BKE_modifier_set_error: Object: "Drive_bank_divider_4", Modifier: "Face weighted corner normals", Enable 'Auto Smooth' in Object Data Properties
WARN (bke.modifier): ./source/blender/blenkernel/intern/modifier.cc:461 BKE_modifier_set_error: Object: "Control_face_bottom_clip_-1", Modifier: "Face weighted corner normals", Enable 'Auto Smooth' in Object Data Properties
WARN (bke.modifier): ./source/blender/blenkernel/intern/modifier.cc:461 BKE_modifier_set_error: Object: "Filler21_recessed_contact_sliver.002", Modifier: "Face weighted corner normals", Enable 'Auto Smooth' in Object Data Properties
WARN (bke.modifier): ./source/blender/blenkernel/intern/modifier.cc:461 BKE_modifier_set_error: Object: "Filler21_recessed_contact_sliver.001", Modifier: "Face weighted corner normals", Enable 'Auto Smooth' in Object Data Properties
WARN (bke.modifier): ./source/blender/blenkernel/intern/modifier.cc:461 BKE_modifier_set_error: Object: "Rear_cover_flush_screw_recessed_head.007", Modifier: "Face weighted corner normals", Enable 'Auto Smooth' in Object Data Properties
WARN (bke.modifier): ./source/blender/blenkernel/intern/modifier.cc:461 BKE_modifier_set_error: Object: "Filler21_recessed_contact_sliver", Modifier: "Face weighted corner normals", Enable 'Auto Smooth' in Object Data Properties
WARN (bke.modifier): ./source/blender/blenkernel/intern/modifier.cc:461 BKE_modifier_set_error: Object: "Control_face_inset_-1", Modifier: "Face weighted corner normals", Enable 'Auto Smooth' in Object Data Properties
WARN (bke.modifier): ./source/blender/blenkernel/intern/modifier.cc:461 BKE_modifier_set_error: Object: "Filler21_frame_bottom_bar", Modifier: "Face weighted corner normals", Enable 'Auto Smooth' in Object Data Properties
WARN (bke.modifier): ./source/blender/blenkernel/intern/modifier.cc:461 BKE_modifier_set_error: Object: "Power_button_lens_1", Modifier: "Face weighted corner normals", Enable 'Auto Smooth' in Object Data Properties
WARN (bke.modifier): ./source/blender/blenkernel/intern/modifier.cc:461 BKE_modifier_set_error: Object: "Filler21_lower_step_bottom", Modifier: "Face weighted corner normals", Enable 'Auto Smooth' in Object Data Properties
WARN (bke.modifier): ./source/blender/blenkernel/intern/modifier.cc:461 BKE_modifier_set_error: Object: "ID_button_lens_1", Modifier: "Face weighted corner normals", Enable 'Auto Smooth' in Object Data Properties
WARN (bke.modifier): ./source/blender/blenkernel/intern/modifier.cc:461 BKE_modifier_set_error: Object: "Filler21_lower_step_top", Modifier: "Face weighted corner normals", Enable 'Auto Smooth' in Object Data Properties
WARN (bke.modifier): ./source/blender/blenkernel/intern/modifier.cc:461 BKE_modifier_set_error: Object: "Power_button_lens_2", Modifier: "Face weighted corner normals", Enable 'Auto Smooth' in Object Data Properties
WARN (bke.modifier): ./source/blender/blenkernel/intern/modifier.cc:461 BKE_modifier_set_error: Object: "Power_outer_white_print_1", Modifier: "Face weighted corner normals", Enable 'Auto Smooth' in Object Data Properties
WARN (bke.modifier): ./source/blender/blenkernel/intern/modifier.cc:461 BKE_modifier_set_error: Object: "Filler21_lower_shaped_foot", Modifier: "Face weighted corner normals", Enable 'Auto Smooth' in Object Data Properties
WARN (bke.modifier): ./source/blender/blenkernel/intern/modifier.cc:461 BKE_modifier_set_error: Object: "ID_button_print_1", Modifier: "Face weighted corner normals", Enable 'Auto Smooth' in Object Data Properties
WARN (bke.modifier): ./source/blender/blenkernel/intern/modifier.cc:461 BKE_modifier_set_error: Object: "ID_button_lens_2", Modifier: "Face weighted corner normals", Enable 'Auto Smooth' in Object Data Properties
WARN (bke.modifier): ./source/blender/blenkernel/intern/modifier.cc:461 BKE_modifier_set_error: Object: "Filler21_top_hook_cheek.001", Modifier: "Face weighted corner normals", Enable 'Auto Smooth' in Object Data Properties
WARN (bke.modifier): ./source/blender/blenkernel/intern/modifier.cc:461 BKE_modifier_set_error: Object: "Power_outer_white_print_2", Modifier: "Face weighted corner normals", Enable 'Auto Smooth' in Object Data Properties
WARN (bke.modifier): ./source/blender/blenkernel/intern/modifier.cc:461 BKE_modifier_set_error: Object: "Filler21_top_hook_cheek", Modifier: "Face weighted corner normals", Enable 'Auto Smooth' in Object Data Properties
WARN (bke.modifier): ./source/blender/blenkernel/intern/modifier.cc:461 BKE_modifier_set_error: Object: "Filler21_top_cross_cap", Modifier: "Face weighted corner normals", Enable 'Auto Smooth' in Object Data Properties
WARN (bke.modifier): ./source/blender/blenkernel/intern/modifier.cc:461 BKE_modifier_set_error: Object: "ID_button_print_2", Modifier: "Face weighted corner normals", Enable 'Auto Smooth' in Object Data Properties
WARN (bke.modifier): ./source/blender/blenkernel/intern/modifier.cc:461 BKE_modifier_set_error: Object: "Captive_screw_metal_washer_-1", Modifier: "Face weighted corner normals", Enable 'Auto Smooth' in Object Data Properties
WARN (bke.modifier): ./source/blender/blenkernel/intern/modifier.cc:461 BKE_modifier_set_error: Object: "Filler21_upper_inset_pad", Modifier: "Face weighted corner normals", Enable 'Auto Smooth' in Object Data Properties
WARN (bke.modifier): ./source/blender/blenkernel/intern/modifier.cc:461 BKE_modifier_set_error: Object: "Control_face_bottom_clip_1", Modifier: "Face weighted corner normals", Enable 'Auto Smooth' in Object Data Properties
WARN (bke.modifier): ./source/blender/blenkernel/intern/modifier.cc:461 BKE_modifier_set_error: Object: "Filler21_mold_parting_land.001", Modifier: "Face weighted corner normals", Enable 'Auto Smooth' in Object Data Properties
WARN (bke.modifier): ./source/blender/blenkernel/intern/modifier.cc:461 BKE_modifier_set_error: Object: "Control_face_inset_1", Modifier: "Face weighted corner normals", Enable 'Auto Smooth' in Object Data Properties
WARN (bke.modifier): ./source/blender/blenkernel/intern/modifier.cc:461 BKE_modifier_set_error: Object: "Filler21_fine_vertical_pad_rib.001", Modifier: "Face weighted corner normals", Enable 'Auto Smooth' in Object Data Properties
WARN (bke.modifier): ./source/blender/blenkernel/intern/modifier.cc:461 BKE_modifier_set_error: Object: "Filler21_mold_parting_land", Modifier: "Face weighted corner normals", Enable 'Auto Smooth' in Object Data Properties
WARN (bke.modifier): ./source/blender/blenkernel/intern/modifier.cc:461 BKE_modifier_set_error: Object: "Captive_screw_Phillips_-1_recessed_head", Modifier: "Face weighted corner normals", Enable 'Auto Smooth' in Object Data Properties
WARN (bke.modifier): ./source/blender/blenkernel/intern/modifier.cc:461 BKE_modifier_set_error: Object: "Power_button_lens_3", Modifier: "Face weighted corner normals", Enable 'Auto Smooth' in Object Data Properties
WARN (bke.modifier): ./source/blender/blenkernel/intern/modifier.cc:461 BKE_modifier_set_error: Object: "Filler21_fine_vertical_pad_rib", Modifier: "Face weighted corner normals", Enable 'Auto Smooth' in Object Data Properties
WARN (bke.modifier): ./source/blender/blenkernel/intern/modifier.cc:461 BKE_modifier_set_error: Object: "Captive_screw_front_bead_-1", Modifier: "Face weighted corner normals", Enable 'Auto Smooth' in Object Data Properties
WARN (bke.modifier): ./source/blender/blenkernel/intern/modifier.cc:461 BKE_modifier_set_error: Object: "ID_button_lens_3", Modifier: "Face weighted corner normals", Enable 'Auto Smooth' in Object Data Properties
WARN (bke.modifier): ./source/blender/blenkernel/intern/modifier.cc:461 BKE_modifier_set_error: Object: "Filler21_long_center_pad", Modifier: "Face weighted corner normals", Enable 'Auto Smooth' in Object Data Properties
WARN (bke.modifier): ./source/blender/blenkernel/intern/modifier.cc:461 BKE_modifier_set_error: Object: "Power_outer_white_print_3", Modifier: "Face weighted corner normals", Enable 'Auto Smooth' in Object Data Properties
WARN (bke.modifier): ./source/blender/blenkernel/intern/modifier.cc:461 BKE_modifier_set_error: Object: "Power_button_lens_4", Modifier: "Face weighted corner normals", Enable 'Auto Smooth' in Object Data Properties
WARN (bke.modifier): ./source/blender/blenkernel/intern/modifier.cc:461 BKE_modifier_set_error: Object: "Filler21_internal_cross_rib.004", Modifier: "Face weighted corner normals", Enable 'Auto Smooth' in Object Data Properties
WARN (bke.modifier): ./source/blender/blenkernel/intern/modifier.cc:461 BKE_modifier_set_error: Object: "Filler21_internal_cross_rib.003", Modifier: "Face weighted corner normals", Enable 'Auto Smooth' in Object Data Properties
WARN (bke.modifier): ./source/blender/blenkernel/intern/modifier.cc:461 BKE_modifier_set_error: Object: "Front_cover_integrated_pressings", Modifier: "Face weighted corner normals", Enable 'Auto Smooth' in Object Data Properties
WARN (bke.modifier): ./source/blender/blenkernel/intern/modifier.cc:461 BKE_modifier_set_error: Object: "Filler21_internal_cross_rib.002", Modifier: "Face weighted corner normals", Enable 'Auto Smooth' in Object Data Properties
WARN (bke.modifier): ./source/blender/blenkernel/intern/modifier.cc:461 BKE_modifier_set_error: Object: "Filler21_internal_cross_rib.001", Modifier: "Face weighted corner normals", Enable 'Auto Smooth' in Object Data Properties
WARN (bke.modifier): ./source/blender/blenkernel/intern/modifier.cc:461 BKE_modifier_set_error: Object: "ID_button_lens_4", Modifier: "Face weighted corner normals", Enable 'Auto Smooth' in Object Data Properties
WARN (bke.modifier): ./source/blender/blenkernel/intern/modifier.cc:461 BKE_modifier_set_error: Object: "ID_button_print_3", Modifier: "Face weighted corner normals", Enable 'Auto Smooth' in Object Data Properties
WARN (bke.modifier): ./source/blender/blenkernel/intern/modifier.cc:461 BKE_modifier_set_error: Object: "Filler21_internal_cross_rib", Modifier: "Face weighted corner normals", Enable 'Auto Smooth' in Object Data Properties
WARN (bke.modifier): ./source/blender/blenkernel/intern/modifier.cc:461 BKE_modifier_set_error: Object: "Filler21_outer_mold_rail.005", Modifier: "Face weighted corner normals", Enable 'Auto Smooth' in Object Data Properties
WARN (bke.modifier): ./source/blender/blenkernel/intern/modifier.cc:461 BKE_modifier_set_error: Object: "EST_front_tag_blue_edge", Modifier: "Face weighted corner normals", Enable 'Auto Smooth' in Object Data Properties
WARN (bke.modifier): ./source/blender/blenkernel/intern/modifier.cc:461 BKE_modifier_set_error: Object: "Filler21_outer_mold_rail.004", Modifier: "Face weighted corner normals", Enable 'Auto Smooth' in Object Data Properties
WARN (bke.modifier): ./source/blender/blenkernel/intern/modifier.cc:461 BKE_modifier_set_error: Object: "Filler00_inner_sidewall_-1", Modifier: "Face weighted corner normals", Enable 'Auto Smooth' in Object Data Properties
WARN (bke.modifier): ./source/blender/blenkernel/intern/modifier.cc:461 BKE_modifier_set_error: Object: "Filler21_outer_mold_rail.003", Modifier: "Face weighted corner normals", Enable 'Auto Smooth' in Object Data Properties
WARN (bke.modifier): ./source/blender/blenkernel/intern/modifier.cc:461 BKE_modifier_set_error: Object: "Filler00_outer_mold_rail", Modifier: "Face weighted corner normals", Enable 'Auto Smooth' in Object Data Properties
WARN (bke.modifier): ./source/blender/blenkernel/intern/modifier.cc:461 BKE_modifier_set_error: Object: "Filler21_inner_sidewall_1", Modifier: "Face weighted corner normals", Enable 'Auto Smooth' in Object Data Properties
WARN (bke.modifier): ./source/blender/blenkernel/intern/modifier.cc:461 BKE_modifier_set_error: Object: "Filler21_outer_mold_rail.002", Modifier: "Face weighted corner normals", Enable 'Auto Smooth' in Object Data Properties
WARN (bke.modifier): ./source/blender/blenkernel/intern/modifier.cc:461 BKE_modifier_set_error: Object: "Filler21_outer_mold_rail.001", Modifier: "Face weighted corner normals", Enable 'Auto Smooth' in Object Data Properties
WARN (bke.modifier): ./source/blender/blenkernel/intern/modifier.cc:461 BKE_modifier_set_error: Object: "Captive_screw_metal_washer_1", Modifier: "Face weighted corner normals", Enable 'Auto Smooth' in Object Data Properties
WARN (bke.modifier): ./source/blender/blenkernel/intern/modifier.cc:461 BKE_modifier_set_error: Object: "Filler21_outer_mold_rail", Modifier: "Face weighted corner normals", Enable 'Auto Smooth' in Object Data Properties
WARN (bke.modifier): ./source/blender/blenkernel/intern/modifier.cc:461 BKE_modifier_set_error: Object: "Filler00_outer_mold_rail.002", Modifier: "Face weighted corner normals", Enable 'Auto Smooth' in Object Data Properties
WARN (bke.modifier): ./source/blender/blenkernel/intern/modifier.cc:461 BKE_modifier_set_error: Object: "Filler21_inner_sidewall_-1", Modifier: "Face weighted corner normals", Enable 'Auto Smooth' in Object Data Properties
WARN (bke.modifier): ./source/blender/blenkernel/intern/modifier.cc:461 BKE_modifier_set_error: Object: "Filler20_retention_edge", Modifier: "Face weighted corner normals", Enable 'Auto Smooth' in Object Data Properties
WARN (bke.modifier): ./source/blender/blenkernel/intern/modifier.cc:461 BKE_modifier_set_error: Object: "Filler00_inner_sidewall_1", Modifier: "Face weighted corner normals", Enable 'Auto Smooth' in Object Data Properties
WARN (bke.modifier): ./source/blender/blenkernel/intern/modifier.cc:461 BKE_modifier_set_error: Object: "Filler00_outer_mold_rail.001", Modifier: "Face weighted corner normals", Enable 'Auto Smooth' in Object Data Properties
WARN (bke.modifier): ./source/blender/blenkernel/intern/modifier.cc:461 BKE_modifier_set_error: Object: "ID_button_print_4", Modifier: "Face weighted corner normals", Enable 'Auto Smooth' in Object Data Properties
WARN (bke.modifier): ./source/blender/blenkernel/intern/modifier.cc:461 BKE_modifier_set_error: Object: "Filler20_recessed_contact_sliver.009", Modifier: "Face weighted corner normals", Enable 'Auto Smooth' in Object Data Properties
WARN (bke.modifier): ./source/blender/blenkernel/intern/modifier.cc:461 BKE_modifier_set_error: Object: "Filler00_outer_mold_rail.003", Modifier: "Face weighted corner normals", Enable 'Auto Smooth' in Object Data Properties
WARN (bke.modifier): ./source/blender/blenkernel/intern/modifier.cc:461 BKE_modifier_set_error: Object: "Filler20_recessed_contact_sliver.008", Modifier: "Face weighted corner normals", Enable 'Auto Smooth' in Object Data Properties
WARN (bke.modifier): ./source/blender/blenkernel/intern/modifier.cc:461 BKE_modifier_set_error: Object: "Filler00_outer_mold_rail.004", Modifier: "Face weighted corner normals", Enable 'Auto Smooth' in Object Data Properties
WARN (bke.modifier): ./source/blender/blenkernel/intern/modifier.cc:461 BKE_modifier_set_error: Object: "Filler00_internal_cross_rib.001", Modifier: "Face weighted corner normals", Enable 'Auto Smooth' in Object Data Properties
WARN (bke.modifier): ./source/blender/blenkernel/intern/modifier.cc:461 BKE_modifier_set_error: Object: "Filler00_outer_mold_rail.005", Modifier: "Face weighted corner normals", Enable 'Auto Smooth' in Object Data Properties
WARN (bke.modifier): ./source/blender/blenkernel/intern/modifier.cc:461 BKE_modifier_set_error: Object: "Filler00_internal_cross_rib", Modifier: "Face weighted corner normals", Enable 'Auto Smooth' in Object Data Properties
WARN (bke.modifier): ./source/blender/blenkernel/intern/modifier.cc:461 BKE_modifier_set_error: Object: "Front_punched_cheek_-1", Modifier: "Face weighted corner normals", Enable 'Auto Smooth' in Object Data Properties
WARN (bke.modifier): ./source/blender/blenkernel/intern/modifier.cc:461 BKE_modifier_set_error: Object: "Filler20_recessed_contact_sliver.007", Modifier: "Face weighted corner normals", Enable 'Auto Smooth' in Object Data Properties
WARN (bke.modifier): ./source/blender/blenkernel/intern/modifier.cc:461 BKE_modifier_set_error: Object: "Filler00_internal_cross_rib.002", Modifier: "Face weighted corner normals", Enable 'Auto Smooth' in Object Data Properties
WARN (bke.modifier): ./source/blender/blenkernel/intern/modifier.cc:461 BKE_modifier_set_error: Object: "Filler00_internal_cross_rib.003", Modifier: "Face weighted corner normals", Enable 'Auto Smooth' in Object Data Properties
WARN (bke.modifier): ./source/blender/blenkernel/intern/modifier.cc:461 BKE_modifier_set_error: Object: "Filler20_recessed_contact_sliver.006", Modifier: "Face weighted corner normals", Enable 'Auto Smooth' in Object Data Properties
WARN (bke.modifier): ./source/blender/blenkernel/intern/modifier.cc:461 BKE_modifier_set_error: Object: "Filler00_internal_cross_rib.004", Modifier: "Face weighted corner normals", Enable 'Auto Smooth' in Object Data Properties
WARN (bke.modifier): ./source/blender/blenkernel/intern/modifier.cc:461 BKE_modifier_set_error: Object: "Filler20_recessed_contact_sliver.005", Modifier: "Face weighted corner normals", Enable 'Auto Smooth' in Object Data Properties
WARN (bke.modifier): ./source/blender/blenkernel/intern/modifier.cc:461 BKE_modifier_set_error: Object: "Filler00_fine_vertical_pad_rib", Modifier: "Face weighted corner normals", Enable 'Auto Smooth' in Object Data Properties
WARN (bke.modifier): ./source/blender/blenkernel/intern/modifier.cc:461 BKE_modifier_set_error: Object: "Filler00_mold_parting_land", Modifier: "Face weighted corner normals", Enable 'Auto Smooth' in Object Data Properties
WARN (bke.modifier): ./source/blender/blenkernel/intern/modifier.cc:461 BKE_modifier_set_error: Object: "Captive_screw_Phillips_1_recessed_head", Modifier: "Face weighted corner normals", Enable 'Auto Smooth' in Object Data Properties
WARN (bke.modifier): ./source/blender/blenkernel/intern/modifier.cc:461 BKE_modifier_set_error: Object: "Filler20_recessed_contact_sliver.004", Modifier: "Face weighted corner normals", Enable 'Auto Smooth' in Object Data Properties
WARN (bke.modifier): ./source/blender/blenkernel/intern/modifier.cc:461 BKE_modifier_set_error: Object: "Filler00_fine_vertical_pad_rib.001", Modifier: "Face weighted corner normals", Enable 'Auto Smooth' in Object Data Properties
WARN (bke.modifier): ./source/blender/blenkernel/intern/modifier.cc:461 BKE_modifier_set_error: Object: "Filler00_mold_parting_land.001", Modifier: "Face weighted corner normals", Enable 'Auto Smooth' in Object Data Properties
WARN (bke.modifier): ./source/blender/blenkernel/intern/modifier.cc:461 BKE_modifier_set_error: Object: "Filler20_recessed_contact_sliver.003", Modifier: "Face weighted corner normals", Enable 'Auto Smooth' in Object Data Properties
WARN (bke.modifier): ./source/blender/blenkernel/intern/modifier.cc:461 BKE_modifier_set_error: Object: "Filler00_top_hook_cheek", Modifier: "Face weighted corner normals", Enable 'Auto Smooth' in Object Data Properties
WARN (bke.modifier): ./source/blender/blenkernel/intern/modifier.cc:461 BKE_modifier_set_error: Object: "Filler00_top_cross_cap", Modifier: "Face weighted corner normals", Enable 'Auto Smooth' in Object Data Properties
WARN (bke.modifier): ./source/blender/blenkernel/intern/modifier.cc:461 BKE_modifier_set_error: Object: "Filler00_top_hook_cheek.001", Modifier: "Face weighted corner normals", Enable 'Auto Smooth' in Object Data Properties
WARN (bke.modifier): ./source/blender/blenkernel/intern/modifier.cc:461 BKE_modifier_set_error: Object: "Filler00_long_center_pad", Modifier: "Face weighted corner normals", Enable 'Auto Smooth' in Object Data Properties
WARN (bke.modifier): ./source/blender/blenkernel/intern/modifier.cc:461 BKE_modifier_set_error: Object: "Filler20_recessed_contact_sliver.002", Modifier: "Face weighted corner normals", Enable 'Auto Smooth' in Object Data Properties
WARN (bke.modifier): ./source/blender/blenkernel/intern/modifier.cc:461 BKE_modifier_set_error: Object: "Captive_screw_front_bead_1", Modifier: "Face weighted corner normals", Enable 'Auto Smooth' in Object Data Properties
WARN (bke.modifier): ./source/blender/blenkernel/intern/modifier.cc:461 BKE_modifier_set_error: Object: "Filler00_lower_step_top", Modifier: "Face weighted corner normals", Enable 'Auto Smooth' in Object Data Properties
WARN (bke.modifier): ./source/blender/blenkernel/intern/modifier.cc:461 BKE_modifier_set_error: Object: "Filler00_lower_step_bottom", Modifier: "Face weighted corner normals", Enable 'Auto Smooth' in Object Data Properties
WARN (bke.modifier): ./source/blender/blenkernel/intern/modifier.cc:461 BKE_modifier_set_error: Object: "Filler00_upper_inset_pad", Modifier: "Face weighted corner normals", Enable 'Auto Smooth' in Object Data Properties
WARN (bke.modifier): ./source/blender/blenkernel/intern/modifier.cc:461 BKE_modifier_set_error: Object: "Filler20_recessed_contact_sliver.001", Modifier: "Face weighted corner normals", Enable 'Auto Smooth' in Object Data Properties
WARN (bke.modifier): ./source/blender/blenkernel/intern/modifier.cc:461 BKE_modifier_set_error: Object: "Filler00_frame_bottom_bar", Modifier: "Face weighted corner normals", Enable 'Auto Smooth' in Object Data Properties
WARN (bke.modifier): ./source/blender/blenkernel/intern/modifier.cc:461 BKE_modifier_set_error: Object: "Filler00_recessed_contact_sliver", Modifier: "Face weighted corner normals", Enable 'Auto Smooth' in Object Data Properties
WARN (bke.modifier): ./source/blender/blenkernel/intern/modifier.cc:461 BKE_modifier_set_error: Object: "Filler00_recessed_contact_sliver.002", Modifier: "Face weighted corner normals", Enable 'Auto Smooth' in Object Data Properties
WARN (bke.modifier): ./source/blender/blenkernel/intern/modifier.cc:461 BKE_modifier_set_error: Object: "Filler00_recessed_contact_sliver.001", Modifier: "Face weighted corner normals", Enable 'Auto Smooth' in Object Data Properties
WARN (bke.modifier): ./source/blender/blenkernel/intern/modifier.cc:461 BKE_modifier_set_error: Object: "Filler00_recessed_contact_sliver.003", Modifier: "Face weighted corner normals", Enable 'Auto Smooth' in Object Data Properties
WARN (bke.modifier): ./source/blender/blenkernel/intern/modifier.cc:461 BKE_modifier_set_error: Object: "Filler00_recessed_contact_sliver.004", Modifier: "Face weighted corner normals", Enable 'Auto Smooth' in Object Data Properties
WARN (bke.modifier): ./source/blender/blenkernel/intern/modifier.cc:461 BKE_modifier_set_error: Object: "Filler00_recessed_contact_sliver.005", Modifier: "Face weighted corner normals", Enable 'Auto Smooth' in Object Data Properties
WARN (bke.modifier): ./source/blender/blenkernel/intern/modifier.cc:461 BKE_modifier_set_error: Object: "Filler20_recessed_contact_sliver", Modifier: "Face weighted corner normals", Enable 'Auto Smooth' in Object Data Properties
WARN (bke.modifier): ./source/blender/blenkernel/intern/modifier.cc:461 BKE_modifier_set_error: Object: "Filler00_recessed_contact_sliver.006", Modifier: "Face weighted corner normals", Enable 'Auto Smooth' in Object Data Properties
WARN (bke.modifier): ./source/blender/blenkernel/intern/modifier.cc:461 BKE_modifier_set_error: Object: "Filler00_recessed_contact_sliver.007", Modifier: "Face weighted corner normals", Enable 'Auto Smooth' in Object Data Properties
WARN (bke.modifier): ./source/blender/blenkernel/intern/modifier.cc:461 BKE_modifier_set_error: Object: "Filler00_recessed_contact_sliver.008", Modifier: "Face weighted corner normals", Enable 'Auto Smooth' in Object Data Properties
WARN (bke.modifier): ./source/blender/blenkernel/intern/modifier.cc:461 BKE_modifier_set_error: Object: "Filler00_recessed_contact_sliver.009", Modifier: "Face weighted corner normals", Enable 'Auto Smooth' in Object Data Properties
WARN (bke.modifier): ./source/blender/blenkernel/intern/modifier.cc:461 BKE_modifier_set_error: Object: "Filler00_retention_edge", Modifier: "Face weighted corner normals", Enable 'Auto Smooth' in Object Data Properties
WARN (bke.modifier): ./source/blender/blenkernel/intern/modifier.cc:461 BKE_modifier_set_error: Object: "Filler01_inner_sidewall_-1", Modifier: "Face weighted corner normals", Enable 'Auto Smooth' in Object Data Properties
WARN (bke.modifier): ./source/blender/blenkernel/intern/modifier.cc:461 BKE_modifier_set_error: Object: "Filler01_outer_mold_rail", Modifier: "Face weighted corner normals", Enable 'Auto Smooth' in Object Data Properties
WARN (bke.modifier): ./source/blender/blenkernel/intern/modifier.cc:461 BKE_modifier_set_error: Object: "Filler20_frame_bottom_bar", Modifier: "Face weighted corner normals", Enable 'Auto Smooth' in Object Data Properties
WARN (bke.modifier): ./source/blender/blenkernel/intern/modifier.cc:461 BKE_modifier_set_error: Object: "Filler00_lower_shaped_foot", Modifier: "Face weighted corner normals", Enable 'Auto Smooth' in Object Data Properties
WARN (bke.modifier): ./source/blender/blenkernel/intern/modifier.cc:461 BKE_modifier_set_error: Object: "Filler01_outer_mold_rail.001", Modifier: "Face weighted corner normals", Enable 'Auto Smooth' in Object Data Properties
WARN (bke.modifier): ./source/blender/blenkernel/intern/modifier.cc:461 BKE_modifier_set_error: Object: "Filler01_outer_mold_rail.002", Modifier: "Face weighted corner normals", Enable 'Auto Smooth' in Object Data Properties
WARN (bke.modifier): ./source/blender/blenkernel/intern/modifier.cc:461 BKE_modifier_set_error: Object: "Filler01_inner_sidewall_1", Modifier: "Face weighted corner normals", Enable 'Auto Smooth' in Object Data Properties
WARN (bke.modifier): ./source/blender/blenkernel/intern/modifier.cc:461 BKE_modifier_set_error: Object: "Filler01_outer_mold_rail.003", Modifier: "Face weighted corner normals", Enable 'Auto Smooth' in Object Data Properties
WARN (bke.modifier): ./source/blender/blenkernel/intern/modifier.cc:461 BKE_modifier_set_error: Object: "Filler01_outer_mold_rail.004", Modifier: "Face weighted corner normals", Enable 'Auto Smooth' in Object Data Properties
WARN (bke.modifier): ./source/blender/blenkernel/intern/modifier.cc:461 BKE_modifier_set_error: Object: "Filler20_lower_step_bottom", Modifier: "Face weighted corner normals", Enable 'Auto Smooth' in Object Data Properties
WARN (bke.modifier): ./source/blender/blenkernel/intern/modifier.cc:461 BKE_modifier_set_error: Object: "Filler01_outer_mold_rail.005", Modifier: "Face weighted corner normals", Enable 'Auto Smooth' in Object Data Properties
WARN (bke.modifier): ./source/blender/blenkernel/intern/modifier.cc:461 BKE_modifier_set_error: Object: "Filler01_internal_cross_rib", Modifier: "Face weighted corner normals", Enable 'Auto Smooth' in Object Data Properties
WARN (bke.modifier): ./source/blender/blenkernel/intern/modifier.cc:461 BKE_modifier_set_error: Object: "Filler01_internal_cross_rib.001", Modifier: "Face weighted corner normals", Enable 'Auto Smooth' in Object Data Properties
WARN (bke.modifier): ./source/blender/blenkernel/intern/modifier.cc:461 BKE_modifier_set_error: Object: "Filler20_lower_step_top", Modifier: "Face weighted corner normals", Enable 'Auto Smooth' in Object Data Properties
WARN (bke.modifier): ./source/blender/blenkernel/intern/modifier.cc:461 BKE_modifier_set_error: Object: "Filler01_internal_cross_rib.002", Modifier: "Face weighted corner normals", Enable 'Auto Smooth' in Object Data Properties
WARN (bke.modifier): ./source/blender/blenkernel/intern/modifier.cc:461 BKE_modifier_set_error: Object: "Filler01_internal_cross_rib.003", Modifier: "Face weighted corner normals", Enable 'Auto Smooth' in Object Data Properties
WARN (bke.modifier): ./source/blender/blenkernel/intern/modifier.cc:461 BKE_modifier_set_error: Object: "Filler01_internal_cross_rib.004", Modifier: "Face weighted corner normals", Enable 'Auto Smooth' in Object Data Properties
WARN (bke.modifier): ./source/blender/blenkernel/intern/modifier.cc:461 BKE_modifier_set_error: Object: "Filler01_mold_parting_land", Modifier: "Face weighted corner normals", Enable 'Auto Smooth' in Object Data Properties
WARN (bke.modifier): ./source/blender/blenkernel/intern/modifier.cc:461 BKE_modifier_set_error: Object: "Filler01_fine_vertical_pad_rib.001", Modifier: "Face weighted corner normals", Enable 'Auto Smooth' in Object Data Properties
WARN (bke.modifier): ./source/blender/blenkernel/intern/modifier.cc:461 BKE_modifier_set_error: Object: "Filler01_fine_vertical_pad_rib", Modifier: "Face weighted corner normals", Enable 'Auto Smooth' in Object Data Properties
WARN (bke.modifier): ./source/blender/blenkernel/intern/modifier.cc:461 BKE_modifier_set_error: Object: "Filler01_mold_parting_land.001", Modifier: "Face weighted corner normals", Enable 'Auto Smooth' in Object Data Properties
WARN (bke.modifier): ./source/blender/blenkernel/intern/modifier.cc:461 BKE_modifier_set_error: Object: "Filler01_top_cross_cap", Modifier: "Face weighted corner normals", Enable 'Auto Smooth' in Object Data Properties
WARN (bke.modifier): ./source/blender/blenkernel/intern/modifier.cc:461 BKE_modifier_set_error: Object: "Filler01_top_hook_cheek", Modifier: "Face weighted corner normals", Enable 'Auto Smooth' in Object Data Properties
WARN (bke.modifier): ./source/blender/blenkernel/intern/modifier.cc:461 BKE_modifier_set_error: Object: "Filler01_top_hook_cheek.001", Modifier: "Face weighted corner normals", Enable 'Auto Smooth' in Object Data Properties
WARN (bke.modifier): ./source/blender/blenkernel/intern/modifier.cc:461 BKE_modifier_set_error: Object: "Filler01_upper_inset_pad", Modifier: "Face weighted corner normals", Enable 'Auto Smooth' in Object Data Properties
WARN (bke.modifier): ./source/blender/blenkernel/intern/modifier.cc:461 BKE_modifier_set_error: Object: "Filler01_lower_step_top", Modifier: "Face weighted corner normals", Enable 'Auto Smooth' in Object Data Properties
WARN (bke.modifier): ./source/blender/blenkernel/intern/modifier.cc:461 BKE_modifier_set_error: Object: "Filler01_long_center_pad", Modifier: "Face weighted corner normals", Enable 'Auto Smooth' in Object Data Properties
WARN (bke.modifier): ./source/blender/blenkernel/intern/modifier.cc:461 BKE_modifier_set_error: Object: "Filler01_lower_step_bottom", Modifier: "Face weighted corner normals", Enable 'Auto Smooth' in Object Data Properties
WARN (bke.modifier): ./source/blender/blenkernel/intern/modifier.cc:461 BKE_modifier_set_error: Object: "Filler01_frame_bottom_bar", Modifier: "Face weighted corner normals", Enable 'Auto Smooth' in Object Data Properties
WARN (bke.modifier): ./source/blender/blenkernel/intern/modifier.cc:461 BKE_modifier_set_error: Object: "Filler01_recessed_contact_sliver", Modifier: "Face weighted corner normals", Enable 'Auto Smooth' in Object Data Properties
WARN (bke.modifier): ./source/blender/blenkernel/intern/modifier.cc:461 BKE_modifier_set_error: Object: "Front_punched_cheek_1", Modifier: "Face weighted corner normals", Enable 'Auto Smooth' in Object Data Properties
WARN (bke.modifier): ./source/blender/blenkernel/intern/modifier.cc:461 BKE_modifier_set_error: Object: "Filler01_recessed_contact_sliver.001", Modifier: "Face weighted corner normals", Enable 'Auto Smooth' in Object Data Properties
WARN (bke.modifier): ./source/blender/blenkernel/intern/modifier.cc:461 BKE_modifier_set_error: Object: "Filler01_recessed_contact_sliver.002", Modifier: "Face weighted corner normals", Enable 'Auto Smooth' in Object Data Properties
WARN (bke.modifier): ./source/blender/blenkernel/intern/modifier.cc:461 BKE_modifier_set_error: Object: "Filler01_recessed_contact_sliver.003", Modifier: "Face weighted corner normals", Enable 'Auto Smooth' in Object Data Properties
WARN (bke.modifier): ./source/blender/blenkernel/intern/modifier.cc:461 BKE_modifier_set_error: Object: "Filler01_recessed_contact_sliver.004", Modifier: "Face weighted corner normals", Enable 'Auto Smooth' in Object Data Properties
WARN (bke.modifier): ./source/blender/blenkernel/intern/modifier.cc:461 BKE_modifier_set_error: Object: "Filler01_recessed_contact_sliver.005", Modifier: "Face weighted corner normals", Enable 'Auto Smooth' in Object Data Properties
WARN (bke.modifier): ./source/blender/blenkernel/intern/modifier.cc:461 BKE_modifier_set_error: Object: "Filler20_lower_shaped_foot", Modifier: "Face weighted corner normals", Enable 'Auto Smooth' in Object Data Properties
WARN (bke.modifier): ./source/blender/blenkernel/intern/modifier.cc:461 BKE_modifier_set_error: Object: "Filler01_recessed_contact_sliver.006", Modifier: "Face weighted corner normals", Enable 'Auto Smooth' in Object Data Properties
WARN (bke.modifier): ./source/blender/blenkernel/intern/modifier.cc:461 BKE_modifier_set_error: Object: "Filler01_recessed_contact_sliver.007", Modifier: "Face weighted corner normals", Enable 'Auto Smooth' in Object Data Properties
WARN (bke.modifier): ./source/blender/blenkernel/intern/modifier.cc:461 BKE_modifier_set_error: Object: "Filler01_recessed_contact_sliver.008", Modifier: "Face weighted corner normals", Enable 'Auto Smooth' in Object Data Properties
WARN (bke.modifier): ./source/blender/blenkernel/intern/modifier.cc:461 BKE_modifier_set_error: Object: "Filler01_recessed_contact_sliver.009", Modifier: "Face weighted corner normals", Enable 'Auto Smooth' in Object Data Properties
WARN (bke.modifier): ./source/blender/blenkernel/intern/modifier.cc:461 BKE_modifier_set_error: Object: "Filler01_retention_edge", Modifier: "Face weighted corner normals", Enable 'Auto Smooth' in Object Data Properties
WARN (bke.modifier): ./source/blender/blenkernel/intern/modifier.cc:461 BKE_modifier_set_error: Object: "Filler02_inner_sidewall_-1", Modifier: "Face weighted corner normals", Enable 'Auto Smooth' in Object Data Properties
WARN (bke.modifier): ./source/blender/blenkernel/intern/modifier.cc:461 BKE_modifier_set_error: Object: "Filler20_top_hook_cheek.001", Modifier: "Face weighted corner normals", Enable 'Auto Smooth' in Object Data Properties
WARN (bke.modifier): ./source/blender/blenkernel/intern/modifier.cc:461 BKE_modifier_set_error: Object: "Filler02_outer_mold_rail.001", Modifier: "Face weighted corner normals", Enable 'Auto Smooth' in Object Data Properties
WARN (bke.modifier): ./source/blender/blenkernel/intern/modifier.cc:461 BKE_modifier_set_error: Object: "Filler02_outer_mold_rail", Modifier: "Face weighted corner normals", Enable 'Auto Smooth' in Object Data Properties
WARN (bke.modifier): ./source/blender/blenkernel/intern/modifier.cc:461 BKE_modifier_set_error: Object: "Filler02_outer_mold_rail.002", Modifier: "Face weighted corner normals", Enable 'Auto Smooth' in Object Data Properties
WARN (bke.modifier): ./source/blender/blenkernel/intern/modifier.cc:461 BKE_modifier_set_error: Object: "Filler02_inner_sidewall_1", Modifier: "Face weighted corner normals", Enable 'Auto Smooth' in Object Data Properties
WARN (bke.modifier): ./source/blender/blenkernel/intern/modifier.cc:461 BKE_modifier_set_error: Object: "Filler01_lower_shaped_foot", Modifier: "Face weighted corner normals", Enable 'Auto Smooth' in Object Data Properties
WARN (bke.modifier): ./source/blender/blenkernel/intern/modifier.cc:461 BKE_modifier_set_error: Object: "Filler02_outer_mold_rail.004", Modifier: "Face weighted corner normals", Enable 'Auto Smooth' in Object Data Properties
WARN (bke.modifier): ./source/blender/blenkernel/intern/modifier.cc:461 BKE_modifier_set_error: Object: "Filler20_top_hook_cheek", Modifier: "Face weighted corner normals", Enable 'Auto Smooth' in Object Data Properties
WARN (bke.modifier): ./source/blender/blenkernel/intern/modifier.cc:461 BKE_modifier_set_error: Object: "Filler02_outer_mold_rail.003", Modifier: "Face weighted corner normals", Enable 'Auto Smooth' in Object Data Properties
WARN (bke.modifier): ./source/blender/blenkernel/intern/modifier.cc:461 BKE_modifier_set_error: Object: "Filler02_outer_mold_rail.005", Modifier: "Face weighted corner normals", Enable 'Auto Smooth' in Object Data Properties
WARN (bke.modifier): ./source/blender/blenkernel/intern/modifier.cc:461 BKE_modifier_set_error: Object: "Filler02_internal_cross_rib", Modifier: "Face weighted corner normals", Enable 'Auto Smooth' in Object Data Properties
WARN (bke.modifier): ./source/blender/blenkernel/intern/modifier.cc:461 BKE_modifier_set_error: Object: "Filler02_internal_cross_rib.001", Modifier: "Face weighted corner normals", Enable 'Auto Smooth' in Object Data Properties
WARN (bke.modifier): ./source/blender/blenkernel/intern/modifier.cc:461 BKE_modifier_set_error: Object: "Filler02_internal_cross_rib.002", Modifier: "Face weighted corner normals", Enable 'Auto Smooth' in Object Data Properties
WARN (bke.modifier): ./source/blender/blenkernel/intern/modifier.cc:461 BKE_modifier_set_error: Object: "Filler02_internal_cross_rib.004", Modifier: "Face weighted corner normals", Enable 'Auto Smooth' in Object Data Properties
WARN (bke.modifier): ./source/blender/blenkernel/intern/modifier.cc:461 BKE_modifier_set_error: Object: "Filler02_internal_cross_rib.003", Modifier: "Face weighted corner normals", Enable 'Auto Smooth' in Object Data Properties
WARN (bke.modifier): ./source/blender/blenkernel/intern/modifier.cc:461 BKE_modifier_set_error: Object: "Filler20_top_cross_cap", Modifier: "Face weighted corner normals", Enable 'Auto Smooth' in Object Data Properties
WARN (bke.modifier): ./source/blender/blenkernel/intern/modifier.cc:461 BKE_modifier_set_error: Object: "Filler02_fine_vertical_pad_rib", Modifier: "Face weighted corner normals", Enable 'Auto Smooth' in Object Data Properties
WARN (bke.modifier): ./source/blender/blenkernel/intern/modifier.cc:461 BKE_modifier_set_error: Object: "Filler02_mold_parting_land", Modifier: "Face weighted corner normals", Enable 'Auto Smooth' in Object Data Properties
WARN (bke.modifier): ./source/blender/blenkernel/intern/modifier.cc:461 BKE_modifier_set_error: Object: "Filler02_fine_vertical_pad_rib.001", Modifier: "Face weighted corner normals", Enable 'Auto Smooth' in Object Data Properties
WARN (bke.modifier): ./source/blender/blenkernel/intern/modifier.cc:461 BKE_modifier_set_error: Object: "Filler02_mold_parting_land.001", Modifier: "Face weighted corner normals", Enable 'Auto Smooth' in Object Data Properties
WARN (bke.modifier): ./source/blender/blenkernel/intern/modifier.cc:461 BKE_modifier_set_error: Object: "Filler02_top_cross_cap", Modifier: "Face weighted corner normals", Enable 'Auto Smooth' in Object Data Properties
WARN (bke.modifier): ./source/blender/blenkernel/intern/modifier.cc:461 BKE_modifier_set_error: Object: "Filler02_top_hook_cheek", Modifier: "Face weighted corner normals", Enable 'Auto Smooth' in Object Data Properties
WARN (bke.modifier): ./source/blender/blenkernel/intern/modifier.cc:461 BKE_modifier_set_error: Object: "Filler02_top_hook_cheek.001", Modifier: "Face weighted corner normals", Enable 'Auto Smooth' in Object Data Properties
WARN (bke.modifier): ./source/blender/blenkernel/intern/modifier.cc:461 BKE_modifier_set_error: Object: "Filler02_lower_step_top", Modifier: "Face weighted corner normals", Enable 'Auto Smooth' in Object Data Properties
WARN (bke.modifier): ./source/blender/blenkernel/intern/modifier.cc:461 BKE_modifier_set_error: Object: "Filler02_lower_step_bottom", Modifier: "Face weighted corner normals", Enable 'Auto Smooth' in Object Data Properties
WARN (bke.modifier): ./source/blender/blenkernel/intern/modifier.cc:461 BKE_modifier_set_error: Object: "Filler02_frame_bottom_bar", Modifier: "Face weighted corner normals", Enable 'Auto Smooth' in Object Data Properties
WARN (bke.modifier): ./source/blender/blenkernel/intern/modifier.cc:461 BKE_modifier_set_error: Object: "Filler02_upper_inset_pad", Modifier: "Face weighted corner normals", Enable 'Auto Smooth' in Object Data Properties
WARN (bke.modifier): ./source/blender/blenkernel/intern/modifier.cc:461 BKE_modifier_set_error: Object: "Filler02_recessed_contact_sliver", Modifier: "Face weighted corner normals", Enable 'Auto Smooth' in Object Data Properties
WARN (bke.modifier): ./source/blender/blenkernel/intern/modifier.cc:461 BKE_modifier_set_error: Object: "Filler20_upper_inset_pad", Modifier: "Face weighted corner normals", Enable 'Auto Smooth' in Object Data Properties
WARN (bke.modifier): ./source/blender/blenkernel/intern/modifier.cc:461 BKE_modifier_set_error: Object: "Filler02_recessed_contact_sliver.001", Modifier: "Face weighted corner normals", Enable 'Auto Smooth' in Object Data Properties
WARN (bke.modifier): ./source/blender/blenkernel/intern/modifier.cc:461 BKE_modifier_set_error: Object: "Filler02_long_center_pad", Modifier: "Face weighted corner normals", Enable 'Auto Smooth' in Object Data Properties
WARN (bke.modifier): ./source/blender/blenkernel/intern/modifier.cc:461 BKE_modifier_set_error: Object: "Filler02_recessed_contact_sliver.002", Modifier: "Face weighted corner normals", Enable 'Auto Smooth' in Object Data Properties
WARN (bke.modifier): ./source/blender/blenkernel/intern/modifier.cc:461 BKE_modifier_set_error: Object: "Filler02_recessed_contact_sliver.003", Modifier: "Face weighted corner normals", Enable 'Auto Smooth' in Object Data Properties
WARN (bke.modifier): ./source/blender/blenkernel/intern/modifier.cc:461 BKE_modifier_set_error: Object: "Filler02_recessed_contact_sliver.004", Modifier: "Face weighted corner normals", Enable 'Auto Smooth' in Object Data Properties
WARN (bke.modifier): ./source/blender/blenkernel/intern/modifier.cc:461 BKE_modifier_set_error: Object: "Filler02_recessed_contact_sliver.005", Modifier: "Face weighted corner normals", Enable 'Auto Smooth' in Object Data Properties
WARN (bke.modifier): ./source/blender/blenkernel/intern/modifier.cc:461 BKE_modifier_set_error: Object: "Filler20_mold_parting_land.001", Modifier: "Face weighted corner normals", Enable 'Auto Smooth' in Object Data Properties
WARN (bke.modifier): ./source/blender/blenkernel/intern/modifier.cc:461 BKE_modifier_set_error: Object: "Filler02_recessed_contact_sliver.006", Modifier: "Face weighted corner normals", Enable 'Auto Smooth' in Object Data Properties
WARN (bke.modifier): ./source/blender/blenkernel/intern/modifier.cc:461 BKE_modifier_set_error: Object: "Filler02_recessed_contact_sliver.007", Modifier: "Face weighted corner normals", Enable 'Auto Smooth' in Object Data Properties
WARN (bke.modifier): ./source/blender/blenkernel/intern/modifier.cc:461 BKE_modifier_set_error: Object: "Filler02_recessed_contact_sliver.008", Modifier: "Face weighted corner normals", Enable 'Auto Smooth' in Object Data Properties
WARN (bke.modifier): ./source/blender/blenkernel/intern/modifier.cc:461 BKE_modifier_set_error: Object: "Filler02_recessed_contact_sliver.009", Modifier: "Face weighted corner normals", Enable 'Auto Smooth' in Object Data Properties
WARN (bke.modifier): ./source/blender/blenkernel/intern/modifier.cc:461 BKE_modifier_set_error: Object: "Filler02_retention_edge", Modifier: "Face weighted corner normals", Enable 'Auto Smooth' in Object Data Properties
WARN (bke.modifier): ./source/blender/blenkernel/intern/modifier.cc:461 BKE_modifier_set_error: Object: "Filler03_outer_mold_rail", Modifier: "Face weighted corner normals", Enable 'Auto Smooth' in Object Data Properties
WARN (bke.modifier): ./source/blender/blenkernel/intern/modifier.cc:461 BKE_modifier_set_error: Object: "Filler20_fine_vertical_pad_rib.001", Modifier: "Face weighted corner normals", Enable 'Auto Smooth' in Object Data Properties
WARN (bke.modifier): ./source/blender/blenkernel/intern/modifier.cc:461 BKE_modifier_set_error: Object: "Filler03_inner_sidewall_-1", Modifier: "Face weighted corner normals", Enable 'Auto Smooth' in Object Data Properties
WARN (bke.modifier): ./source/blender/blenkernel/intern/modifier.cc:461 BKE_modifier_set_error: Object: "Filler03_outer_mold_rail.001", Modifier: "Face weighted corner normals", Enable 'Auto Smooth' in Object Data Properties
WARN (bke.modifier): ./source/blender/blenkernel/intern/modifier.cc:461 BKE_modifier_set_error: Object: "Filler03_outer_mold_rail.002", Modifier: "Face weighted corner normals", Enable 'Auto Smooth' in Object Data Properties
WARN (bke.modifier): ./source/blender/blenkernel/intern/modifier.cc:461 BKE_modifier_set_error: Object: "Filler03_inner_sidewall_1", Modifier: "Face weighted corner normals", Enable 'Auto Smooth' in Object Data Properties
WARN (bke.modifier): ./source/blender/blenkernel/intern/modifier.cc:461 BKE_modifier_set_error: Object: "Filler03_outer_mold_rail.004", Modifier: "Face weighted corner normals", Enable 'Auto Smooth' in Object Data Properties
WARN (bke.modifier): ./source/blender/blenkernel/intern/modifier.cc:461 BKE_modifier_set_error: Object: "Filler20_mold_parting_land", Modifier: "Face weighted corner normals", Enable 'Auto Smooth' in Object Data Properties
WARN (bke.modifier): ./source/blender/blenkernel/intern/modifier.cc:461 BKE_modifier_set_error: Object: "Filler03_outer_mold_rail.005", Modifier: "Face weighted corner normals", Enable 'Auto Smooth' in Object Data Properties
WARN (bke.modifier): ./source/blender/blenkernel/intern/modifier.cc:461 BKE_modifier_set_error: Object: "Filler03_outer_mold_rail.003", Modifier: "Face weighted corner normals", Enable 'Auto Smooth' in Object Data Properties
WARN (bke.modifier): ./source/blender/blenkernel/intern/modifier.cc:461 BKE_modifier_set_error: Object: "Filler03_internal_cross_rib", Modifier: "Face weighted corner normals", Enable 'Auto Smooth' in Object Data Properties
WARN (bke.modifier): ./source/blender/blenkernel/intern/modifier.cc:461 BKE_modifier_set_error: Object: "Filler03_internal_cross_rib.001", Modifier: "Face weighted corner normals", Enable 'Auto Smooth' in Object Data Properties
WARN (bke.modifier): ./source/blender/blenkernel/intern/modifier.cc:461 BKE_modifier_set_error: Object: "Filler03_internal_cross_rib.002", Modifier: "Face weighted corner normals", Enable 'Auto Smooth' in Object Data Properties
WARN (bke.modifier): ./source/blender/blenkernel/intern/modifier.cc:461 BKE_modifier_set_error: Object: "Filler20_fine_vertical_pad_rib", Modifier: "Face weighted corner normals", Enable 'Auto Smooth' in Object Data Properties
WARN (bke.modifier): ./source/blender/blenkernel/intern/modifier.cc:461 BKE_modifier_set_error: Object: "Filler03_internal_cross_rib.004", Modifier: "Face weighted corner normals", Enable 'Auto Smooth' in Object Data Properties
WARN (bke.modifier): ./source/blender/blenkernel/intern/modifier.cc:461 BKE_modifier_set_error: Object: "Filler03_fine_vertical_pad_rib", Modifier: "Face weighted corner normals", Enable 'Auto Smooth' in Object Data Properties
WARN (bke.modifier): ./source/blender/blenkernel/intern/modifier.cc:461 BKE_modifier_set_error: Object: "Filler03_internal_cross_rib.003", Modifier: "Face weighted corner normals", Enable 'Auto Smooth' in Object Data Properties
WARN (bke.modifier): ./source/blender/blenkernel/intern/modifier.cc:461 BKE_modifier_set_error: Object: "Filler03_mold_parting_land", Modifier: "Face weighted corner normals", Enable 'Auto Smooth' in Object Data Properties
WARN (bke.modifier): ./source/blender/blenkernel/intern/modifier.cc:461 BKE_modifier_set_error: Object: "Filler03_fine_vertical_pad_rib.001", Modifier: "Face weighted corner normals", Enable 'Auto Smooth' in Object Data Properties
WARN (bke.modifier): ./source/blender/blenkernel/intern/modifier.cc:461 BKE_modifier_set_error: Object: "Filler03_mold_parting_land.001", Modifier: "Face weighted corner normals", Enable 'Auto Smooth' in Object Data Properties
WARN (bke.modifier): ./source/blender/blenkernel/intern/modifier.cc:461 BKE_modifier_set_error: Object: "Filler03_top_cross_cap", Modifier: "Face weighted corner normals", Enable 'Auto Smooth' in Object Data Properties
WARN (bke.modifier): ./source/blender/blenkernel/intern/modifier.cc:461 BKE_modifier_set_error: Object: "Filler03_top_hook_cheek", Modifier: "Face weighted corner normals", Enable 'Auto Smooth' in Object Data Properties
WARN (bke.modifier): ./source/blender/blenkernel/intern/modifier.cc:461 BKE_modifier_set_error: Object: "Filler03_top_hook_cheek.001", Modifier: "Face weighted corner normals", Enable 'Auto Smooth' in Object Data Properties
WARN (bke.modifier): ./source/blender/blenkernel/intern/modifier.cc:461 BKE_modifier_set_error: Object: "Filler03_lower_step_top", Modifier: "Face weighted corner normals", Enable 'Auto Smooth' in Object Data Properties
WARN (bke.modifier): ./source/blender/blenkernel/intern/modifier.cc:461 BKE_modifier_set_error: Object: "Filler03_frame_bottom_bar", Modifier: "Face weighted corner normals", Enable 'Auto Smooth' in Object Data Properties
WARN (bke.modifier): ./source/blender/blenkernel/intern/modifier.cc:461 BKE_modifier_set_error: Object: "Filler03_lower_step_bottom", Modifier: "Face weighted corner normals", Enable 'Auto Smooth' in Object Data Properties
WARN (bke.modifier): ./source/blender/blenkernel/intern/modifier.cc:461 BKE_modifier_set_error: Object: "Filler03_recessed_contact_sliver", Modifier: "Face weighted corner normals", Enable 'Auto Smooth' in Object Data Properties
WARN (bke.modifier): ./source/blender/blenkernel/intern/modifier.cc:461 BKE_modifier_set_error: Object: "Filler03_upper_inset_pad", Modifier: "Face weighted corner normals", Enable 'Auto Smooth' in Object Data Properties
WARN (bke.modifier): ./source/blender/blenkernel/intern/modifier.cc:461 BKE_modifier_set_error: Object: "Filler03_recessed_contact_sliver.002", Modifier: "Face weighted corner normals", Enable 'Auto Smooth' in Object Data Properties
WARN (bke.modifier): ./source/blender/blenkernel/intern/modifier.cc:461 BKE_modifier_set_error: Object: "Filler03_recessed_contact_sliver.003", Modifier: "Face weighted corner normals", Enable 'Auto Smooth' in Object Data Properties
WARN (bke.modifier): ./source/blender/blenkernel/intern/modifier.cc:461 BKE_modifier_set_error: Object: "Filler03_recessed_contact_sliver.001", Modifier: "Face weighted corner normals", Enable 'Auto Smooth' in Object Data Properties
WARN (bke.modifier): ./source/blender/blenkernel/intern/modifier.cc:461 BKE_modifier_set_error: Object: "Filler20_long_center_pad", Modifier: "Face weighted corner normals", Enable 'Auto Smooth' in Object Data Properties
WARN (bke.modifier): ./source/blender/blenkernel/intern/modifier.cc:461 BKE_modifier_set_error: Object: "Filler03_long_center_pad", Modifier: "Face weighted corner normals", Enable 'Auto Smooth' in Object Data Properties
WARN (bke.modifier): ./source/blender/blenkernel/intern/modifier.cc:461 BKE_modifier_set_error: Object: "Filler03_recessed_contact_sliver.004", Modifier: "Face weighted corner normals", Enable 'Auto Smooth' in Object Data Properties
WARN (bke.modifier): ./source/blender/blenkernel/intern/modifier.cc:461 BKE_modifier_set_error: Object: "Filler03_recessed_contact_sliver.005", Modifier: "Face weighted corner normals", Enable 'Auto Smooth' in Object Data Properties
WARN (bke.modifier): ./source/blender/blenkernel/intern/modifier.cc:461 BKE_modifier_set_error: Object: "Filler02_lower_shaped_foot", Modifier: "Face weighted corner normals", Enable 'Auto Smooth' in Object Data Properties
WARN (bke.modifier): ./source/blender/blenkernel/intern/modifier.cc:461 BKE_modifier_set_error: Object: "Filler03_recessed_contact_sliver.007", Modifier: "Face weighted corner normals", Enable 'Auto Smooth' in Object Data Properties
WARN (bke.modifier): ./source/blender/blenkernel/intern/modifier.cc:461 BKE_modifier_set_error: Object: "Filler03_recessed_contact_sliver.006", Modifier: "Face weighted corner normals", Enable 'Auto Smooth' in Object Data Properties
WARN (bke.modifier): ./source/blender/blenkernel/intern/modifier.cc:461 BKE_modifier_set_error: Object: "Filler03_retention_edge", Modifier: "Face weighted corner normals", Enable 'Auto Smooth' in Object Data Properties
WARN (bke.modifier): ./source/blender/blenkernel/intern/modifier.cc:461 BKE_modifier_set_error: Object: "Filler03_recessed_contact_sliver.009", Modifier: "Face weighted corner normals", Enable 'Auto Smooth' in Object Data Properties
WARN (bke.modifier): ./source/blender/blenkernel/intern/modifier.cc:461 BKE_modifier_set_error: Object: "Filler03_recessed_contact_sliver.008", Modifier: "Face weighted corner normals", Enable 'Auto Smooth' in Object Data Properties
WARN (bke.modifier): ./source/blender/blenkernel/intern/modifier.cc:461 BKE_modifier_set_error: Object: "Filler04_outer_mold_rail", Modifier: "Face weighted corner normals", Enable 'Auto Smooth' in Object Data Properties
WARN (bke.modifier): ./source/blender/blenkernel/intern/modifier.cc:461 BKE_modifier_set_error: Object: "Filler20_internal_cross_rib.004", Modifier: "Face weighted corner normals", Enable 'Auto Smooth' in Object Data Properties
WARN (bke.modifier): ./source/blender/blenkernel/intern/modifier.cc:461 BKE_modifier_set_error: Object: "Filler04_outer_mold_rail.001", Modifier: "Face weighted corner normals", Enable 'Auto Smooth' in Object Data Properties
WARN (bke.modifier): ./source/blender/blenkernel/intern/modifier.cc:461 BKE_modifier_set_error: Object: "Filler04_inner_sidewall_-1", Modifier: "Face weighted corner normals", Enable 'Auto Smooth' in Object Data Properties
WARN (bke.modifier): ./source/blender/blenkernel/intern/modifier.cc:461 BKE_modifier_set_error: Object: "Filler04_outer_mold_rail.002", Modifier: "Face weighted corner normals", Enable 'Auto Smooth' in Object Data Properties
WARN (bke.modifier): ./source/blender/blenkernel/intern/modifier.cc:461 BKE_modifier_set_error: Object: "Filler04_inner_sidewall_1", Modifier: "Face weighted corner normals", Enable 'Auto Smooth' in Object Data Properties
WARN (bke.modifier): ./source/blender/blenkernel/intern/modifier.cc:461 BKE_modifier_set_error: Object: "Filler04_outer_mold_rail.003", Modifier: "Face weighted corner normals", Enable 'Auto Smooth' in Object Data Properties
WARN (bke.modifier): ./source/blender/blenkernel/intern/modifier.cc:461 BKE_modifier_set_error: Object: "Filler03_lower_shaped_foot", Modifier: "Face weighted corner normals", Enable 'Auto Smooth' in Object Data Properties
WARN (bke.modifier): ./source/blender/blenkernel/intern/modifier.cc:461 BKE_modifier_set_error: Object: "Filler04_outer_mold_rail.004", Modifier: "Face weighted corner normals", Enable 'Auto Smooth' in Object Data Properties
WARN (bke.modifier): ./source/blender/blenkernel/intern/modifier.cc:461 BKE_modifier_set_error: Object: "Filler04_outer_mold_rail.005", Modifier: "Face weighted corner normals", Enable 'Auto Smooth' in Object Data Properties
WARN (bke.modifier): ./source/blender/blenkernel/intern/modifier.cc:461 BKE_modifier_set_error: Object: "Filler20_internal_cross_rib.003", Modifier: "Face weighted corner normals", Enable 'Auto Smooth' in Object Data Properties
WARN (bke.modifier): ./source/blender/blenkernel/intern/modifier.cc:461 BKE_modifier_set_error: Object: "Filler04_internal_cross_rib", Modifier: "Face weighted corner normals", Enable 'Auto Smooth' in Object Data Properties
WARN (bke.modifier): ./source/blender/blenkernel/intern/modifier.cc:461 BKE_modifier_set_error: Object: "Filler04_internal_cross_rib.001", Modifier: "Face weighted corner normals", Enable 'Auto Smooth' in Object Data Properties
WARN (bke.modifier): ./source/blender/blenkernel/intern/modifier.cc:461 BKE_modifier_set_error: Object: "Filler04_internal_cross_rib.003", Modifier: "Face weighted corner normals", Enable 'Auto Smooth' in Object Data Properties
WARN (bke.modifier): ./source/blender/blenkernel/intern/modifier.cc:461 BKE_modifier_set_error: Object: "Filler04_internal_cross_rib.004", Modifier: "Face weighted corner normals", Enable 'Auto Smooth' in Object Data Properties
WARN (bke.modifier): ./source/blender/blenkernel/intern/modifier.cc:461 BKE_modifier_set_error: Object: "Filler04_internal_cross_rib.002", Modifier: "Face weighted corner normals", Enable 'Auto Smooth' in Object Data Properties
WARN (bke.modifier): ./source/blender/blenkernel/intern/modifier.cc:461 BKE_modifier_set_error: Object: "Filler04_fine_vertical_pad_rib", Modifier: "Face weighted corner normals", Enable 'Auto Smooth' in Object Data Properties
WARN (bke.modifier): ./source/blender/blenkernel/intern/modifier.cc:461 BKE_modifier_set_error: Object: "Filler20_internal_cross_rib.002", Modifier: "Face weighted corner normals", Enable 'Auto Smooth' in Object Data Properties
WARN (bke.modifier): ./source/blender/blenkernel/intern/modifier.cc:461 BKE_modifier_set_error: Object: "Filler04_mold_parting_land", Modifier: "Face weighted corner normals", Enable 'Auto Smooth' in Object Data Properties
WARN (bke.modifier): ./source/blender/blenkernel/intern/modifier.cc:461 BKE_modifier_set_error: Object: "Filler04_fine_vertical_pad_rib.001", Modifier: "Face weighted corner normals", Enable 'Auto Smooth' in Object Data Properties
WARN (bke.modifier): ./source/blender/blenkernel/intern/modifier.cc:461 BKE_modifier_set_error: Object: "Filler04_mold_parting_land.001", Modifier: "Face weighted corner normals", Enable 'Auto Smooth' in Object Data Properties
WARN (bke.modifier): ./source/blender/blenkernel/intern/modifier.cc:461 BKE_modifier_set_error: Object: "Filler04_top_hook_cheek", Modifier: "Face weighted corner normals", Enable 'Auto Smooth' in Object Data Properties
WARN (bke.modifier): ./source/blender/blenkernel/intern/modifier.cc:461 BKE_modifier_set_error: Object: "Filler04_top_cross_cap", Modifier: "Face weighted corner normals", Enable 'Auto Smooth' in Object Data Properties
WARN (bke.modifier): ./source/blender/blenkernel/intern/modifier.cc:461 BKE_modifier_set_error: Object: "Filler20_internal_cross_rib.001", Modifier: "Face weighted corner normals", Enable 'Auto Smooth' in Object Data Properties
WARN (bke.modifier): ./source/blender/blenkernel/intern/modifier.cc:461 BKE_modifier_set_error: Object: "Filler04_top_hook_cheek.001", Modifier: "Face weighted corner normals", Enable 'Auto Smooth' in Object Data Properties
WARN (bke.modifier): ./source/blender/blenkernel/intern/modifier.cc:461 BKE_modifier_set_error: Object: "Filler04_lower_step_top", Modifier: "Face weighted corner normals", Enable 'Auto Smooth' in Object Data Properties
WARN (bke.modifier): ./source/blender/blenkernel/intern/modifier.cc:461 BKE_modifier_set_error: Object: "Filler04_lower_step_bottom", Modifier: "Face weighted corner normals", Enable 'Auto Smooth' in Object Data Properties
WARN (bke.modifier): ./source/blender/blenkernel/intern/modifier.cc:461 BKE_modifier_set_error: Object: "Filler20_internal_cross_rib", Modifier: "Face weighted corner normals", Enable 'Auto Smooth' in Object Data Properties
WARN (bke.modifier): ./source/blender/blenkernel/intern/modifier.cc:461 BKE_modifier_set_error: Object: "Filler04_frame_bottom_bar", Modifier: "Face weighted corner normals", Enable 'Auto Smooth' in Object Data Properties
WARN (bke.modifier): ./source/blender/blenkernel/intern/modifier.cc:461 BKE_modifier_set_error: Object: "Filler04_recessed_contact_sliver", Modifier: "Face weighted corner normals", Enable 'Auto Smooth' in Object Data Properties
WARN (bke.modifier): ./source/blender/blenkernel/intern/modifier.cc:461 BKE_modifier_set_error: Object: "Filler04_long_center_pad", Modifier: "Face weighted corner normals", Enable 'Auto Smooth' in Object Data Properties
WARN (bke.modifier): ./source/blender/blenkernel/intern/modifier.cc:461 BKE_modifier_set_error: Object: "Filler04_upper_inset_pad", Modifier: "Face weighted corner normals", Enable 'Auto Smooth' in Object Data Properties
WARN (bke.modifier): ./source/blender/blenkernel/intern/modifier.cc:461 BKE_modifier_set_error: Object: "Filler04_recessed_contact_sliver.002", Modifier: "Face weighted corner normals", Enable 'Auto Smooth' in Object Data Properties
WARN (bke.modifier): ./source/blender/blenkernel/intern/modifier.cc:461 BKE_modifier_set_error: Object: "Filler20_outer_mold_rail.005", Modifier: "Face weighted corner normals", Enable 'Auto Smooth' in Object Data Properties
WARN (bke.modifier): ./source/blender/blenkernel/intern/modifier.cc:461 BKE_modifier_set_error: Object: "Filler04_recessed_contact_sliver.003", Modifier: "Face weighted corner normals", Enable 'Auto Smooth' in Object Data Properties
WARN (bke.modifier): ./source/blender/blenkernel/intern/modifier.cc:461 BKE_modifier_set_error: Object: "Filler04_recessed_contact_sliver.001", Modifier: "Face weighted corner normals", Enable 'Auto Smooth' in Object Data Properties
WARN (bke.modifier): ./source/blender/blenkernel/intern/modifier.cc:461 BKE_modifier_set_error: Object: "Filler04_recessed_contact_sliver.004", Modifier: "Face weighted corner normals", Enable 'Auto Smooth' in Object Data Properties
WARN (bke.modifier): ./source/blender/blenkernel/intern/modifier.cc:461 BKE_modifier_set_error: Object: "Filler04_recessed_contact_sliver.005", Modifier: "Face weighted corner normals", Enable 'Auto Smooth' in Object Data Properties
WARN (bke.modifier): ./source/blender/blenkernel/intern/modifier.cc:461 BKE_modifier_set_error: Object: "Filler04_recessed_contact_sliver.006", Modifier: "Face weighted corner normals", Enable 'Auto Smooth' in Object Data Properties
WARN (bke.modifier): ./source/blender/blenkernel/intern/modifier.cc:461 BKE_modifier_set_error: Object: "Filler04_recessed_contact_sliver.007", Modifier: "Face weighted corner normals", Enable 'Auto Smooth' in Object Data Properties
WARN (bke.modifier): ./source/blender/blenkernel/intern/modifier.cc:461 BKE_modifier_set_error: Object: "Filler20_outer_mold_rail.004", Modifier: "Face weighted corner normals", Enable 'Auto Smooth' in Object Data Properties
WARN (bke.modifier): ./source/blender/blenkernel/intern/modifier.cc:461 BKE_modifier_set_error: Object: "Filler04_recessed_contact_sliver.009", Modifier: "Face weighted corner normals", Enable 'Auto Smooth' in Object Data Properties
WARN (bke.modifier): ./source/blender/blenkernel/intern/modifier.cc:461 BKE_modifier_set_error: Object: "Filler04_recessed_contact_sliver.008", Modifier: "Face weighted corner normals", Enable 'Auto Smooth' in Object Data Properties
WARN (bke.modifier): ./source/blender/blenkernel/intern/modifier.cc:461 BKE_modifier_set_error: Object: "Filler04_retention_edge", Modifier: "Face weighted corner normals", Enable 'Auto Smooth' in Object Data Properties
WARN (bke.modifier): ./source/blender/blenkernel/intern/modifier.cc:461 BKE_modifier_set_error: Object: "Filler05_outer_mold_rail", Modifier: "Face weighted corner normals", Enable 'Auto Smooth' in Object Data Properties
WARN (bke.modifier): ./source/blender/blenkernel/intern/modifier.cc:461 BKE_modifier_set_error: Object: "Filler05_inner_sidewall_-1", Modifier: "Face weighted corner normals", Enable 'Auto Smooth' in Object Data Properties
WARN (bke.modifier): ./source/blender/blenkernel/intern/modifier.cc:461 BKE_modifier_set_error: Object: "Filler05_outer_mold_rail.001", Modifier: "Face weighted corner normals", Enable 'Auto Smooth' in Object Data Properties
WARN (bke.modifier): ./source/blender/blenkernel/intern/modifier.cc:461 BKE_modifier_set_error: Object: "Filler20_outer_mold_rail.003", Modifier: "Face weighted corner normals", Enable 'Auto Smooth' in Object Data Properties
WARN (bke.modifier): ./source/blender/blenkernel/intern/modifier.cc:461 BKE_modifier_set_error: Object: "Filler05_outer_mold_rail.002", Modifier: "Face weighted corner normals", Enable 'Auto Smooth' in Object Data Properties
WARN (bke.modifier): ./source/blender/blenkernel/intern/modifier.cc:461 BKE_modifier_set_error: Object: "Filler05_inner_sidewall_1", Modifier: "Face weighted corner normals", Enable 'Auto Smooth' in Object Data Properties
WARN (bke.modifier): ./source/blender/blenkernel/intern/modifier.cc:461 BKE_modifier_set_error: Object: "Filler05_outer_mold_rail.003", Modifier: "Face weighted corner normals", Enable 'Auto Smooth' in Object Data Properties
WARN (bke.modifier): ./source/blender/blenkernel/intern/modifier.cc:461 BKE_modifier_set_error: Object: "Filler04_lower_shaped_foot", Modifier: "Face weighted corner normals", Enable 'Auto Smooth' in Object Data Properties
WARN (bke.modifier): ./source/blender/blenkernel/intern/modifier.cc:461 BKE_modifier_set_error: Object: "Filler05_outer_mold_rail.004", Modifier: "Face weighted corner normals", Enable 'Auto Smooth' in Object Data Properties
WARN (bke.modifier): ./source/blender/blenkernel/intern/modifier.cc:461 BKE_modifier_set_error: Object: "Filler05_outer_mold_rail.005", Modifier: "Face weighted corner normals", Enable 'Auto Smooth' in Object Data Properties
WARN (bke.modifier): ./source/blender/blenkernel/intern/modifier.cc:461 BKE_modifier_set_error: Object: "Filler05_internal_cross_rib", Modifier: "Face weighted corner normals", Enable 'Auto Smooth' in Object Data Properties
WARN (bke.modifier): ./source/blender/blenkernel/intern/modifier.cc:461 BKE_modifier_set_error: Object: "Filler20_inner_sidewall_1", Modifier: "Face weighted corner normals", Enable 'Auto Smooth' in Object Data Properties
WARN (bke.modifier): ./source/blender/blenkernel/intern/modifier.cc:461 BKE_modifier_set_error: Object: "Filler05_internal_cross_rib.001", Modifier: "Face weighted corner normals", Enable 'Auto Smooth' in Object Data Properties
WARN (bke.modifier): ./source/blender/blenkernel/intern/modifier.cc:461 BKE_modifier_set_error: Object: "Filler05_internal_cross_rib.003", Modifier: "Face weighted corner normals", Enable 'Auto Smooth' in Object Data Properties
WARN (bke.modifier): ./source/blender/blenkernel/intern/modifier.cc:461 BKE_modifier_set_error: Object: "Filler05_internal_cross_rib.002", Modifier: "Face weighted corner normals", Enable 'Auto Smooth' in Object Data Properties
WARN (bke.modifier): ./source/blender/blenkernel/intern/modifier.cc:461 BKE_modifier_set_error: Object: "Filler05_fine_vertical_pad_rib", Modifier: "Face weighted corner normals", Enable 'Auto Smooth' in Object Data Properties
WARN (bke.modifier): ./source/blender/blenkernel/intern/modifier.cc:461 BKE_modifier_set_error: Object: "Filler05_internal_cross_rib.004", Modifier: "Face weighted corner normals", Enable 'Auto Smooth' in Object Data Properties
WARN (bke.modifier): ./source/blender/blenkernel/intern/modifier.cc:461 BKE_modifier_set_error: Object: "Filler05_mold_parting_land", Modifier: "Face weighted corner normals", Enable 'Auto Smooth' in Object Data Properties
WARN (bke.modifier): ./source/blender/blenkernel/intern/modifier.cc:461 BKE_modifier_set_error: Object: "Filler20_outer_mold_rail.002", Modifier: "Face weighted corner normals", Enable 'Auto Smooth' in Object Data Properties
WARN (bke.modifier): ./source/blender/blenkernel/intern/modifier.cc:461 BKE_modifier_set_error: Object: "Filler05_fine_vertical_pad_rib.001", Modifier: "Face weighted corner normals", Enable 'Auto Smooth' in Object Data Properties
WARN (bke.modifier): ./source/blender/blenkernel/intern/modifier.cc:461 BKE_modifier_set_error: Object: "Filler05_top_cross_cap", Modifier: "Face weighted corner normals", Enable 'Auto Smooth' in Object Data Properties
WARN (bke.modifier): ./source/blender/blenkernel/intern/modifier.cc:461 BKE_modifier_set_error: Object: "Filler05_mold_parting_land.001", Modifier: "Face weighted corner normals", Enable 'Auto Smooth' in Object Data Properties
WARN (bke.modifier): ./source/blender/blenkernel/intern/modifier.cc:461 BKE_modifier_set_error: Object: "Filler05_top_hook_cheek", Modifier: "Face weighted corner normals", Enable 'Auto Smooth' in Object Data Properties
WARN (bke.modifier): ./source/blender/blenkernel/intern/modifier.cc:461 BKE_modifier_set_error: Object: "Filler20_outer_mold_rail.001", Modifier: "Face weighted corner normals", Enable 'Auto Smooth' in Object Data Properties
WARN (bke.modifier): ./source/blender/blenkernel/intern/modifier.cc:461 BKE_modifier_set_error: Object: "Filler05_top_hook_cheek.001", Modifier: "Face weighted corner normals", Enable 'Auto Smooth' in Object Data Properties
WARN (bke.modifier): ./source/blender/blenkernel/intern/modifier.cc:461 BKE_modifier_set_error: Object: "Filler05_lower_step_top", Modifier: "Face weighted corner normals", Enable 'Auto Smooth' in Object Data Properties
WARN (bke.modifier): ./source/blender/blenkernel/intern/modifier.cc:461 BKE_modifier_set_error: Object: "Filler05_lower_step_bottom", Modifier: "Face weighted corner normals", Enable 'Auto Smooth' in Object Data Properties
WARN (bke.modifier): ./source/blender/blenkernel/intern/modifier.cc:461 BKE_modifier_set_error: Object: "Filler05_frame_bottom_bar", Modifier: "Face weighted corner normals", Enable 'Auto Smooth' in Object Data Properties
WARN (bke.modifier): ./source/blender/blenkernel/intern/modifier.cc:461 BKE_modifier_set_error: Object: "Filler20_outer_mold_rail", Modifier: "Face weighted corner normals", Enable 'Auto Smooth' in Object Data Properties
WARN (bke.modifier): ./source/blender/blenkernel/intern/modifier.cc:461 BKE_modifier_set_error: Object: "Filler05_recessed_contact_sliver", Modifier: "Face weighted corner normals", Enable 'Auto Smooth' in Object Data Properties
WARN (bke.modifier): ./source/blender/blenkernel/intern/modifier.cc:461 BKE_modifier_set_error: Object: "Filler05_upper_inset_pad", Modifier: "Face weighted corner normals", Enable 'Auto Smooth' in Object Data Properties
WARN (bke.modifier): ./source/blender/blenkernel/intern/modifier.cc:461 BKE_modifier_set_error: Object: "Filler05_long_center_pad", Modifier: "Face weighted corner normals", Enable 'Auto Smooth' in Object Data Properties
WARN (bke.modifier): ./source/blender/blenkernel/intern/modifier.cc:461 BKE_modifier_set_error: Object: "Filler05_recessed_contact_sliver.002", Modifier: "Face weighted corner normals", Enable 'Auto Smooth' in Object Data Properties
WARN (bke.modifier): ./source/blender/blenkernel/intern/modifier.cc:461 BKE_modifier_set_error: Object: "Filler05_recessed_contact_sliver.001", Modifier: "Face weighted corner normals", Enable 'Auto Smooth' in Object Data Properties
WARN (bke.modifier): ./source/blender/blenkernel/intern/modifier.cc:461 BKE_modifier_set_error: Object: "Filler05_recessed_contact_sliver.003", Modifier: "Face weighted corner normals", Enable 'Auto Smooth' in Object Data Properties
WARN (bke.modifier): ./source/blender/blenkernel/intern/modifier.cc:461 BKE_modifier_set_error: Object: "Filler20_inner_sidewall_-1", Modifier: "Face weighted corner normals", Enable 'Auto Smooth' in Object Data Properties
WARN (bke.modifier): ./source/blender/blenkernel/intern/modifier.cc:461 BKE_modifier_set_error: Object: "Filler05_recessed_contact_sliver.004", Modifier: "Face weighted corner normals", Enable 'Auto Smooth' in Object Data Properties
WARN (bke.modifier): ./source/blender/blenkernel/intern/modifier.cc:461 BKE_modifier_set_error: Object: "Filler05_recessed_contact_sliver.006", Modifier: "Face weighted corner normals", Enable 'Auto Smooth' in Object Data Properties
WARN (bke.modifier): ./source/blender/blenkernel/intern/modifier.cc:461 BKE_modifier_set_error: Object: "Filler05_recessed_contact_sliver.005", Modifier: "Face weighted corner normals", Enable 'Auto Smooth' in Object Data Properties
WARN (bke.modifier): ./source/blender/blenkernel/intern/modifier.cc:461 BKE_modifier_set_error: Object: "Filler05_recessed_contact_sliver.007", Modifier: "Face weighted corner normals", Enable 'Auto Smooth' in Object Data Properties
WARN (bke.modifier): ./source/blender/blenkernel/intern/modifier.cc:461 BKE_modifier_set_error: Object: "Filler19_retention_edge", Modifier: "Face weighted corner normals", Enable 'Auto Smooth' in Object Data Properties
WARN (bke.modifier): ./source/blender/blenkernel/intern/modifier.cc:461 BKE_modifier_set_error: Object: "Filler05_recessed_contact_sliver.009", Modifier: "Face weighted corner normals", Enable 'Auto Smooth' in Object Data Properties
WARN (bke.modifier): ./source/blender/blenkernel/intern/modifier.cc:461 BKE_modifier_set_error: Object: "Filler05_recessed_contact_sliver.008", Modifier: "Face weighted corner normals", Enable 'Auto Smooth' in Object Data Properties
WARN (bke.modifier): ./source/blender/blenkernel/intern/modifier.cc:461 BKE_modifier_set_error: Object: "Filler05_retention_edge", Modifier: "Face weighted corner normals", Enable 'Auto Smooth' in Object Data Properties
WARN (bke.modifier): ./source/blender/blenkernel/intern/modifier.cc:461 BKE_modifier_set_error: Object: "Filler06_inner_sidewall_-1", Modifier: "Face weighted corner normals", Enable 'Auto Smooth' in Object Data Properties
WARN (bke.modifier): ./source/blender/blenkernel/intern/modifier.cc:461 BKE_modifier_set_error: Object: "Filler06_outer_mold_rail", Modifier: "Face weighted corner normals", Enable 'Auto Smooth' in Object Data Properties
WARN (bke.modifier): ./source/blender/blenkernel/intern/modifier.cc:461 BKE_modifier_set_error: Object: "Filler19_recessed_contact_sliver.009", Modifier: "Face weighted corner normals", Enable 'Auto Smooth' in Object Data Properties
WARN (bke.modifier): ./source/blender/blenkernel/intern/modifier.cc:461 BKE_modifier_set_error: Object: "Filler06_outer_mold_rail.001", Modifier: "Face weighted corner normals", Enable 'Auto Smooth' in Object Data Properties
WARN (bke.modifier): ./source/blender/blenkernel/intern/modifier.cc:461 BKE_modifier_set_error: Object: "Filler06_inner_sidewall_1", Modifier: "Face weighted corner normals", Enable 'Auto Smooth' in Object Data Properties
WARN (bke.modifier): ./source/blender/blenkernel/intern/modifier.cc:461 BKE_modifier_set_error: Object: "Filler06_outer_mold_rail.003", Modifier: "Face weighted corner normals", Enable 'Auto Smooth' in Object Data Properties
WARN (bke.modifier): ./source/blender/blenkernel/intern/modifier.cc:461 BKE_modifier_set_error: Object: "Filler06_outer_mold_rail.002", Modifier: "Face weighted corner normals", Enable 'Auto Smooth' in Object Data Properties
WARN (bke.modifier): ./source/blender/blenkernel/intern/modifier.cc:461 BKE_modifier_set_error: Object: "Filler06_outer_mold_rail.004", Modifier: "Face weighted corner normals", Enable 'Auto Smooth' in Object Data Properties
WARN (bke.modifier): ./source/blender/blenkernel/intern/modifier.cc:461 BKE_modifier_set_error: Object: "Filler05_lower_shaped_foot", Modifier: "Face weighted corner normals", Enable 'Auto Smooth' in Object Data Properties
WARN (bke.modifier): ./source/blender/blenkernel/intern/modifier.cc:461 BKE_modifier_set_error: Object: "Filler06_outer_mold_rail.005", Modifier: "Face weighted corner normals", Enable 'Auto Smooth' in Object Data Properties
WARN (bke.modifier): ./source/blender/blenkernel/intern/modifier.cc:461 BKE_modifier_set_error: Object: "Filler19_recessed_contact_sliver.008", Modifier: "Face weighted corner normals", Enable 'Auto Smooth' in Object Data Properties
WARN (bke.modifier): ./source/blender/blenkernel/intern/modifier.cc:461 BKE_modifier_set_error: Object: "Filler06_internal_cross_rib", Modifier: "Face weighted corner normals", Enable 'Auto Smooth' in Object Data Properties
WARN (bke.modifier): ./source/blender/blenkernel/intern/modifier.cc:461 BKE_modifier_set_error: Object: "Filler06_internal_cross_rib.001", Modifier: "Face weighted corner normals", Enable 'Auto Smooth' in Object Data Properties
WARN (bke.modifier): ./source/blender/blenkernel/intern/modifier.cc:461 BKE_modifier_set_error: Object: "Filler06_internal_cross_rib.002", Modifier: "Face weighted corner normals", Enable 'Auto Smooth' in Object Data Properties
WARN (bke.modifier): ./source/blender/blenkernel/intern/modifier.cc:461 BKE_modifier_set_error: Object: "Filler06_internal_cross_rib.003", Modifier: "Face weighted corner normals", Enable 'Auto Smooth' in Object Data Properties
WARN (bke.modifier): ./source/blender/blenkernel/intern/modifier.cc:461 BKE_modifier_set_error: Object: "Filler06_internal_cross_rib.004", Modifier: "Face weighted corner normals", Enable 'Auto Smooth' in Object Data Properties
WARN (bke.modifier): ./source/blender/blenkernel/intern/modifier.cc:461 BKE_modifier_set_error: Object: "Filler19_recessed_contact_sliver.007", Modifier: "Face weighted corner normals", Enable 'Auto Smooth' in Object Data Properties
WARN (bke.modifier): ./source/blender/blenkernel/intern/modifier.cc:461 BKE_modifier_set_error: Object: "Filler06_mold_parting_land", Modifier: "Face weighted corner normals", Enable 'Auto Smooth' in Object Data Properties
WARN (bke.modifier): ./source/blender/blenkernel/intern/modifier.cc:461 BKE_modifier_set_error: Object: "Filler06_fine_vertical_pad_rib.001", Modifier: "Face weighted corner normals", Enable 'Auto Smooth' in Object Data Properties
WARN (bke.modifier): ./source/blender/blenkernel/intern/modifier.cc:461 BKE_modifier_set_error: Object: "Filler06_fine_vertical_pad_rib", Modifier: "Face weighted corner normals", Enable 'Auto Smooth' in Object Data Properties
WARN (bke.modifier): ./source/blender/blenkernel/intern/modifier.cc:461 BKE_modifier_set_error: Object: "Filler06_mold_parting_land.001", Modifier: "Face weighted corner normals", Enable 'Auto Smooth' in Object Data Properties
WARN (bke.modifier): ./source/blender/blenkernel/intern/modifier.cc:461 BKE_modifier_set_error: Object: "Filler06_top_cross_cap", Modifier: "Face weighted corner normals", Enable 'Auto Smooth' in Object Data Properties
WARN (bke.modifier): ./source/blender/blenkernel/intern/modifier.cc:461 BKE_modifier_set_error: Object: "Filler19_recessed_contact_sliver.006", Modifier: "Face weighted corner normals", Enable 'Auto Smooth' in Object Data Properties
WARN (bke.modifier): ./source/blender/blenkernel/intern/modifier.cc:461 BKE_modifier_set_error: Object: "Filler06_top_hook_cheek", Modifier: "Face weighted corner normals", Enable 'Auto Smooth' in Object Data Properties
WARN (bke.modifier): ./source/blender/blenkernel/intern/modifier.cc:461 BKE_modifier_set_error: Object: "Filler06_top_hook_cheek.001", Modifier: "Face weighted corner normals", Enable 'Auto Smooth' in Object Data Properties
WARN (bke.modifier): ./source/blender/blenkernel/intern/modifier.cc:461 BKE_modifier_set_error: Object: "Filler06_lower_step_top", Modifier: "Face weighted corner normals", Enable 'Auto Smooth' in Object Data Properties
WARN (bke.modifier): ./source/blender/blenkernel/intern/modifier.cc:461 BKE_modifier_set_error: Object: "Filler06_lower_step_bottom", Modifier: "Face weighted corner normals", Enable 'Auto Smooth' in Object Data Properties
WARN (bke.modifier): ./source/blender/blenkernel/intern/modifier.cc:461 BKE_modifier_set_error: Object: "Filler06_frame_bottom_bar", Modifier: "Face weighted corner normals", Enable 'Auto Smooth' in Object Data Properties
WARN (bke.modifier): ./source/blender/blenkernel/intern/modifier.cc:461 BKE_modifier_set_error: Object: "Filler19_recessed_contact_sliver.005", Modifier: "Face weighted corner normals", Enable 'Auto Smooth' in Object Data Properties
WARN (bke.modifier): ./source/blender/blenkernel/intern/modifier.cc:461 BKE_modifier_set_error: Object: "Filler06_recessed_contact_sliver", Modifier: "Face weighted corner normals", Enable 'Auto Smooth' in Object Data Properties
WARN (bke.modifier): ./source/blender/blenkernel/intern/modifier.cc:461 BKE_modifier_set_error: Object: "Filler06_upper_inset_pad", Modifier: "Face weighted corner normals", Enable 'Auto Smooth' in Object Data Properties
WARN (bke.modifier): ./source/blender/blenkernel/intern/modifier.cc:461 BKE_modifier_set_error: Object: "Filler06_recessed_contact_sliver.002", Modifier: "Face weighted corner normals", Enable 'Auto Smooth' in Object Data Properties
WARN (bke.modifier): ./source/blender/blenkernel/intern/modifier.cc:461 BKE_modifier_set_error: Object: "Filler06_recessed_contact_sliver.001", Modifier: "Face weighted corner normals", Enable 'Auto Smooth' in Object Data Properties
WARN (bke.modifier): ./source/blender/blenkernel/intern/modifier.cc:461 BKE_modifier_set_error: Object: "Filler06_recessed_contact_sliver.004", Modifier: "Face weighted corner normals", Enable 'Auto Smooth' in Object Data Properties
WARN (bke.modifier): ./source/blender/blenkernel/intern/modifier.cc:461 BKE_modifier_set_error: Object: "Captive_screw_knurled_grip_-1", Modifier: "Face weighted corner normals", Enable 'Auto Smooth' in Object Data Properties
WARN (bke.modifier): ./source/blender/blenkernel/intern/modifier.cc:461 BKE_modifier_set_error: Object: "Filler19_recessed_contact_sliver.004", Modifier: "Face weighted corner normals", Enable 'Auto Smooth' in Object Data Properties
WARN (bke.modifier): ./source/blender/blenkernel/intern/modifier.cc:461 BKE_modifier_set_error: Object: "Filler06_recessed_contact_sliver.003", Modifier: "Face weighted corner normals", Enable 'Auto Smooth' in Object Data Properties
WARN (bke.modifier): ./source/blender/blenkernel/intern/modifier.cc:461 BKE_modifier_set_error: Object: "Filler06_long_center_pad", Modifier: "Face weighted corner normals", Enable 'Auto Smooth' in Object Data Properties
WARN (bke.modifier): ./source/blender/blenkernel/intern/modifier.cc:461 BKE_modifier_set_error: Object: "Filler06_recessed_contact_sliver.005", Modifier: "Face weighted corner normals", Enable 'Auto Smooth' in Object Data Properties
WARN (bke.modifier): ./source/blender/blenkernel/intern/modifier.cc:461 BKE_modifier_set_error: Object: "Filler06_recessed_contact_sliver.007", Modifier: "Face weighted corner normals", Enable 'Auto Smooth' in Object Data Properties
WARN (bke.modifier): ./source/blender/blenkernel/intern/modifier.cc:461 BKE_modifier_set_error: Object: "Filler06_recessed_contact_sliver.008", Modifier: "Face weighted corner normals", Enable 'Auto Smooth' in Object Data Properties
WARN (bke.modifier): ./source/blender/blenkernel/intern/modifier.cc:461 BKE_modifier_set_error: Object: "Filler19_recessed_contact_sliver.003", Modifier: "Face weighted corner normals", Enable 'Auto Smooth' in Object Data Properties
WARN (bke.modifier): ./source/blender/blenkernel/intern/modifier.cc:461 BKE_modifier_set_error: Object: "Filler06_recessed_contact_sliver.009", Modifier: "Face weighted corner normals", Enable 'Auto Smooth' in Object Data Properties
WARN (bke.modifier): ./source/blender/blenkernel/intern/modifier.cc:461 BKE_modifier_set_error: Object: "Filler06_recessed_contact_sliver.006", Modifier: "Face weighted corner normals", Enable 'Auto Smooth' in Object Data Properties
WARN (bke.modifier): ./source/blender/blenkernel/intern/modifier.cc:461 BKE_modifier_set_error: Object: "Filler06_retention_edge", Modifier: "Face weighted corner normals", Enable 'Auto Smooth' in Object Data Properties
WARN (bke.modifier): ./source/blender/blenkernel/intern/modifier.cc:461 BKE_modifier_set_error: Object: "Filler07_inner_sidewall_-1", Modifier: "Face weighted corner normals", Enable 'Auto Smooth' in Object Data Properties
WARN (bke.modifier): ./source/blender/blenkernel/intern/modifier.cc:461 BKE_modifier_set_error: Object: "Filler19_recessed_contact_sliver.002", Modifier: "Face weighted corner normals", Enable 'Auto Smooth' in Object Data Properties
WARN (bke.modifier): ./source/blender/blenkernel/intern/modifier.cc:461 BKE_modifier_set_error: Object: "Filler07_outer_mold_rail", Modifier: "Face weighted corner normals", Enable 'Auto Smooth' in Object Data Properties
WARN (bke.modifier): ./source/blender/blenkernel/intern/modifier.cc:461 BKE_modifier_set_error: Object: "Filler07_outer_mold_rail.001", Modifier: "Face weighted corner normals", Enable 'Auto Smooth' in Object Data Properties
WARN (bke.modifier): ./source/blender/blenkernel/intern/modifier.cc:461 BKE_modifier_set_error: Object: "Filler07_outer_mold_rail.002", Modifier: "Face weighted corner normals", Enable 'Auto Smooth' in Object Data Properties
WARN (bke.modifier): ./source/blender/blenkernel/intern/modifier.cc:461 BKE_modifier_set_error: Object: "Filler07_inner_sidewall_1", Modifier: "Face weighted corner normals", Enable 'Auto Smooth' in Object Data Properties
WARN (bke.modifier): ./source/blender/blenkernel/intern/modifier.cc:461 BKE_modifier_set_error: Object: "Filler07_outer_mold_rail.003", Modifier: "Face weighted corner normals", Enable 'Auto Smooth' in Object Data Properties
WARN (bke.modifier): ./source/blender/blenkernel/intern/modifier.cc:461 BKE_modifier_set_error: Object: "Filler07_outer_mold_rail.004", Modifier: "Face weighted corner normals", Enable 'Auto Smooth' in Object Data Properties
WARN (bke.modifier): ./source/blender/blenkernel/intern/modifier.cc:461 BKE_modifier_set_error: Object: "Filler19_recessed_contact_sliver.001", Modifier: "Face weighted corner normals", Enable 'Auto Smooth' in Object Data Properties
WARN (bke.modifier): ./source/blender/blenkernel/intern/modifier.cc:461 BKE_modifier_set_error: Object: "Filler07_internal_cross_rib", Modifier: "Face weighted corner normals", Enable 'Auto Smooth' in Object Data Properties
WARN (bke.modifier): ./source/blender/blenkernel/intern/modifier.cc:461 BKE_modifier_set_error: Object: "Filler07_internal_cross_rib.001", Modifier: "Face weighted corner normals", Enable 'Auto Smooth' in Object Data Properties
WARN (bke.modifier): ./source/blender/blenkernel/intern/modifier.cc:461 BKE_modifier_set_error: Object: "Filler07_outer_mold_rail.005", Modifier: "Face weighted corner normals", Enable 'Auto Smooth' in Object Data Properties
WARN (bke.modifier): ./source/blender/blenkernel/intern/modifier.cc:461 BKE_modifier_set_error: Object: "Filler07_internal_cross_rib.002", Modifier: "Face weighted corner normals", Enable 'Auto Smooth' in Object Data Properties
WARN (bke.modifier): ./source/blender/blenkernel/intern/modifier.cc:461 BKE_modifier_set_error: Object: "Filler07_internal_cross_rib.003", Modifier: "Face weighted corner normals", Enable 'Auto Smooth' in Object Data Properties
WARN (bke.modifier): ./source/blender/blenkernel/intern/modifier.cc:461 BKE_modifier_set_error: Object: "Filler06_lower_shaped_foot", Modifier: "Face weighted corner normals", Enable 'Auto Smooth' in Object Data Properties
WARN (bke.modifier): ./source/blender/blenkernel/intern/modifier.cc:461 BKE_modifier_set_error: Object: "Filler07_fine_vertical_pad_rib", Modifier: "Face weighted corner normals", Enable 'Auto Smooth' in Object Data Properties
WARN (bke.modifier): ./source/blender/blenkernel/intern/modifier.cc:461 BKE_modifier_set_error: Object: "Filler07_internal_cross_rib.004", Modifier: "Face weighted corner normals", Enable 'Auto Smooth' in Object Data Properties
WARN (bke.modifier): ./source/blender/blenkernel/intern/modifier.cc:461 BKE_modifier_set_error: Object: "Filler19_recessed_contact_sliver", Modifier: "Face weighted corner normals", Enable 'Auto Smooth' in Object Data Properties
WARN (bke.modifier): ./source/blender/blenkernel/intern/modifier.cc:461 BKE_modifier_set_error: Object: "Filler07_mold_parting_land", Modifier: "Face weighted corner normals", Enable 'Auto Smooth' in Object Data Properties
WARN (bke.modifier): ./source/blender/blenkernel/intern/modifier.cc:461 BKE_modifier_set_error: Object: "Filler07_fine_vertical_pad_rib.001", Modifier: "Face weighted corner normals", Enable 'Auto Smooth' in Object Data Properties
WARN (bke.modifier): ./source/blender/blenkernel/intern/modifier.cc:461 BKE_modifier_set_error: Object: "Filler07_mold_parting_land.001", Modifier: "Face weighted corner normals", Enable 'Auto Smooth' in Object Data Properties
WARN (bke.modifier): ./source/blender/blenkernel/intern/modifier.cc:461 BKE_modifier_set_error: Object: "Filler07_top_hook_cheek", Modifier: "Face weighted corner normals", Enable 'Auto Smooth' in Object Data Properties
WARN (bke.modifier): ./source/blender/blenkernel/intern/modifier.cc:461 BKE_modifier_set_error: Object: "Filler07_top_cross_cap", Modifier: "Face weighted corner normals", Enable 'Auto Smooth' in Object Data Properties
WARN (bke.modifier): ./source/blender/blenkernel/intern/modifier.cc:461 BKE_modifier_set_error: Object: "Filler07_top_hook_cheek.001", Modifier: "Face weighted corner normals", Enable 'Auto Smooth' in Object Data Properties
WARN (bke.modifier): ./source/blender/blenkernel/intern/modifier.cc:461 BKE_modifier_set_error: Object: "Filler07_lower_step_top", Modifier: "Face weighted corner normals", Enable 'Auto Smooth' in Object Data Properties
WARN (bke.modifier): ./source/blender/blenkernel/intern/modifier.cc:461 BKE_modifier_set_error: Object: "Filler07_lower_step_bottom", Modifier: "Face weighted corner normals", Enable 'Auto Smooth' in Object Data Properties
WARN (bke.modifier): ./source/blender/blenkernel/intern/modifier.cc:461 BKE_modifier_set_error: Object: "Filler19_frame_bottom_bar", Modifier: "Face weighted corner normals", Enable 'Auto Smooth' in Object Data Properties
WARN (bke.modifier): ./source/blender/blenkernel/intern/modifier.cc:461 BKE_modifier_set_error: Object: "Filler07_frame_bottom_bar", Modifier: "Face weighted corner normals", Enable 'Auto Smooth' in Object Data Properties
WARN (bke.modifier): ./source/blender/blenkernel/intern/modifier.cc:461 BKE_modifier_set_error: Object: "Filler07_recessed_contact_sliver", Modifier: "Face weighted corner normals", Enable 'Auto Smooth' in Object Data Properties
WARN (bke.modifier): ./source/blender/blenkernel/intern/modifier.cc:461 BKE_modifier_set_error: Object: "Filler07_upper_inset_pad", Modifier: "Face weighted corner normals", Enable 'Auto Smooth' in Object Data Properties
WARN (bke.modifier): ./source/blender/blenkernel/intern/modifier.cc:461 BKE_modifier_set_error: Object: "Filler07_long_center_pad", Modifier: "Face weighted corner normals", Enable 'Auto Smooth' in Object Data Properties
WARN (bke.modifier): ./source/blender/blenkernel/intern/modifier.cc:461 BKE_modifier_set_error: Object: "Filler07_recessed_contact_sliver.001", Modifier: "Face weighted corner normals", Enable 'Auto Smooth' in Object Data Properties
WARN (bke.modifier): ./source/blender/blenkernel/intern/modifier.cc:461 BKE_modifier_set_error: Object: "Filler07_recessed_contact_sliver.002", Modifier: "Face weighted corner normals", Enable 'Auto Smooth' in Object Data Properties
WARN (bke.modifier): ./source/blender/blenkernel/intern/modifier.cc:461 BKE_modifier_set_error: Object: "Filler07_recessed_contact_sliver.003", Modifier: "Face weighted corner normals", Enable 'Auto Smooth' in Object Data Properties
WARN (bke.modifier): ./source/blender/blenkernel/intern/modifier.cc:461 BKE_modifier_set_error: Object: "Filler19_lower_step_bottom", Modifier: "Face weighted corner normals", Enable 'Auto Smooth' in Object Data Properties
WARN (bke.modifier): ./source/blender/blenkernel/intern/modifier.cc:461 BKE_modifier_set_error: Object: "Filler07_recessed_contact_sliver.004", Modifier: "Face weighted corner normals", Enable 'Auto Smooth' in Object Data Properties
WARN (bke.modifier): ./source/blender/blenkernel/intern/modifier.cc:461 BKE_modifier_set_error: Object: "Filler07_recessed_contact_sliver.005", Modifier: "Face weighted corner normals", Enable 'Auto Smooth' in Object Data Properties
WARN (bke.modifier): ./source/blender/blenkernel/intern/modifier.cc:461 BKE_modifier_set_error: Object: "Filler07_recessed_contact_sliver.006", Modifier: "Face weighted corner normals", Enable 'Auto Smooth' in Object Data Properties
WARN (bke.modifier): ./source/blender/blenkernel/intern/modifier.cc:461 BKE_modifier_set_error: Object: "Filler07_recessed_contact_sliver.008", Modifier: "Face weighted corner normals", Enable 'Auto Smooth' in Object Data Properties
WARN (bke.modifier): ./source/blender/blenkernel/intern/modifier.cc:461 BKE_modifier_set_error: Object: "Filler07_recessed_contact_sliver.007", Modifier: "Face weighted corner normals", Enable 'Auto Smooth' in Object Data Properties
WARN (bke.modifier): ./source/blender/blenkernel/intern/modifier.cc:461 BKE_modifier_set_error: Object: "Filler07_recessed_contact_sliver.009", Modifier: "Face weighted corner normals", Enable 'Auto Smooth' in Object Data Properties
WARN (bke.modifier): ./source/blender/blenkernel/intern/modifier.cc:461 BKE_modifier_set_error: Object: "Filler07_retention_edge", Modifier: "Face weighted corner normals", Enable 'Auto Smooth' in Object Data Properties
WARN (bke.modifier): ./source/blender/blenkernel/intern/modifier.cc:461 BKE_modifier_set_error: Object: "Filler19_lower_step_top", Modifier: "Face weighted corner normals", Enable 'Auto Smooth' in Object Data Properties
WARN (bke.modifier): ./source/blender/blenkernel/intern/modifier.cc:461 BKE_modifier_set_error: Object: "Filler08_inner_sidewall_-1", Modifier: "Face weighted corner normals", Enable 'Auto Smooth' in Object Data Properties
WARN (bke.modifier): ./source/blender/blenkernel/intern/modifier.cc:461 BKE_modifier_set_error: Object: "Filler08_outer_mold_rail", Modifier: "Face weighted corner normals", Enable 'Auto Smooth' in Object Data Properties
WARN (bke.modifier): ./source/blender/blenkernel/intern/modifier.cc:461 BKE_modifier_set_error: Object: "Filler08_outer_mold_rail.001", Modifier: "Face weighted corner normals", Enable 'Auto Smooth' in Object Data Properties
WARN (bke.modifier): ./source/blender/blenkernel/intern/modifier.cc:461 BKE_modifier_set_error: Object: "Filler08_inner_sidewall_1", Modifier: "Face weighted corner normals", Enable 'Auto Smooth' in Object Data Properties
WARN (bke.modifier): ./source/blender/blenkernel/intern/modifier.cc:461 BKE_modifier_set_error: Object: "Filler08_outer_mold_rail.003", Modifier: "Face weighted corner normals", Enable 'Auto Smooth' in Object Data Properties
WARN (bke.modifier): ./source/blender/blenkernel/intern/modifier.cc:461 BKE_modifier_set_error: Object: "Filler08_outer_mold_rail.002", Modifier: "Face weighted corner normals", Enable 'Auto Smooth' in Object Data Properties
WARN (bke.modifier): ./source/blender/blenkernel/intern/modifier.cc:461 BKE_modifier_set_error: Object: "Filler08_outer_mold_rail.004", Modifier: "Face weighted corner normals", Enable 'Auto Smooth' in Object Data Properties
WARN (bke.modifier): ./source/blender/blenkernel/intern/modifier.cc:461 BKE_modifier_set_error: Object: "Filler08_outer_mold_rail.005", Modifier: "Face weighted corner normals", Enable 'Auto Smooth' in Object Data Properties
WARN (bke.modifier): ./source/blender/blenkernel/intern/modifier.cc:461 BKE_modifier_set_error: Object: "Filler08_internal_cross_rib", Modifier: "Face weighted corner normals", Enable 'Auto Smooth' in Object Data Properties
WARN (bke.modifier): ./source/blender/blenkernel/intern/modifier.cc:461 BKE_modifier_set_error: Object: "Filler08_internal_cross_rib.002", Modifier: "Face weighted corner normals", Enable 'Auto Smooth' in Object Data Properties
WARN (bke.modifier): ./source/blender/blenkernel/intern/modifier.cc:461 BKE_modifier_set_error: Object: "Filler08_internal_cross_rib.001", Modifier: "Face weighted corner normals", Enable 'Auto Smooth' in Object Data Properties
WARN (bke.modifier): ./source/blender/blenkernel/intern/modifier.cc:461 BKE_modifier_set_error: Object: "Filler08_internal_cross_rib.003", Modifier: "Face weighted corner normals", Enable 'Auto Smooth' in Object Data Properties
WARN (bke.modifier): ./source/blender/blenkernel/intern/modifier.cc:461 BKE_modifier_set_error: Object: "Filler08_internal_cross_rib.004", Modifier: "Face weighted corner normals", Enable 'Auto Smooth' in Object Data Properties
WARN (bke.modifier): ./source/blender/blenkernel/intern/modifier.cc:461 BKE_modifier_set_error: Object: "Filler08_fine_vertical_pad_rib.001", Modifier: "Face weighted corner normals", Enable 'Auto Smooth' in Object Data Properties
WARN (bke.modifier): ./source/blender/blenkernel/intern/modifier.cc:461 BKE_modifier_set_error: Object: "Filler08_mold_parting_land", Modifier: "Face weighted corner normals", Enable 'Auto Smooth' in Object Data Properties
WARN (bke.modifier): ./source/blender/blenkernel/intern/modifier.cc:461 BKE_modifier_set_error: Object: "Filler08_fine_vertical_pad_rib", Modifier: "Face weighted corner normals", Enable 'Auto Smooth' in Object Data Properties
WARN (bke.modifier): ./source/blender/blenkernel/intern/modifier.cc:461 BKE_modifier_set_error: Object: "Filler08_mold_parting_land.001", Modifier: "Face weighted corner normals", Enable 'Auto Smooth' in Object Data Properties
WARN (bke.modifier): ./source/blender/blenkernel/intern/modifier.cc:461 BKE_modifier_set_error: Object: "Filler08_top_hook_cheek", Modifier: "Face weighted corner normals", Enable 'Auto Smooth' in Object Data Properties
WARN (bke.modifier): ./source/blender/blenkernel/intern/modifier.cc:461 BKE_modifier_set_error: Object: "Filler07_lower_shaped_foot", Modifier: "Face weighted corner normals", Enable 'Auto Smooth' in Object Data Properties
WARN (bke.modifier): ./source/blender/blenkernel/intern/modifier.cc:461 BKE_modifier_set_error: Object: "Filler08_top_cross_cap", Modifier: "Face weighted corner normals", Enable 'Auto Smooth' in Object Data Properties
WARN (bke.modifier): ./source/blender/blenkernel/intern/modifier.cc:461 BKE_modifier_set_error: Object: "Filler08_top_hook_cheek.001", Modifier: "Face weighted corner normals", Enable 'Auto Smooth' in Object Data Properties
WARN (bke.modifier): ./source/blender/blenkernel/intern/modifier.cc:461 BKE_modifier_set_error: Object: "Filler08_lower_step_bottom", Modifier: "Face weighted corner normals", Enable 'Auto Smooth' in Object Data Properties
WARN (bke.modifier): ./source/blender/blenkernel/intern/modifier.cc:461 BKE_modifier_set_error: Object: "Filler08_lower_step_top", Modifier: "Face weighted corner normals", Enable 'Auto Smooth' in Object Data Properties
WARN (bke.modifier): ./source/blender/blenkernel/intern/modifier.cc:461 BKE_modifier_set_error: Object: "Filler08_frame_bottom_bar", Modifier: "Face weighted corner normals", Enable 'Auto Smooth' in Object Data Properties
WARN (bke.modifier): ./source/blender/blenkernel/intern/modifier.cc:461 BKE_modifier_set_error: Object: "Filler08_recessed_contact_sliver", Modifier: "Face weighted corner normals", Enable 'Auto Smooth' in Object Data Properties
WARN (bke.modifier): ./source/blender/blenkernel/intern/modifier.cc:461 BKE_modifier_set_error: Object: "Filler08_upper_inset_pad", Modifier: "Face weighted corner normals", Enable 'Auto Smooth' in Object Data Properties
WARN (bke.modifier): ./source/blender/blenkernel/intern/modifier.cc:461 BKE_modifier_set_error: Object: "Filler08_recessed_contact_sliver.001", Modifier: "Face weighted corner normals", Enable 'Auto Smooth' in Object Data Properties
WARN (bke.modifier): ./source/blender/blenkernel/intern/modifier.cc:461 BKE_modifier_set_error: Object: "Filler08_long_center_pad", Modifier: "Face weighted corner normals", Enable 'Auto Smooth' in Object Data Properties
WARN (bke.modifier): ./source/blender/blenkernel/intern/modifier.cc:461 BKE_modifier_set_error: Object: "Filler08_recessed_contact_sliver.003", Modifier: "Face weighted corner normals", Enable 'Auto Smooth' in Object Data Properties
WARN (bke.modifier): ./source/blender/blenkernel/intern/modifier.cc:461 BKE_modifier_set_error: Object: "Filler08_recessed_contact_sliver.002", Modifier: "Face weighted corner normals", Enable 'Auto Smooth' in Object Data Properties
WARN (bke.modifier): ./source/blender/blenkernel/intern/modifier.cc:461 BKE_modifier_set_error: Object: "Filler19_lower_shaped_foot", Modifier: "Face weighted corner normals", Enable 'Auto Smooth' in Object Data Properties
WARN (bke.modifier): ./source/blender/blenkernel/intern/modifier.cc:461 BKE_modifier_set_error: Object: "Filler08_recessed_contact_sliver.004", Modifier: "Face weighted corner normals", Enable 'Auto Smooth' in Object Data Properties
WARN (bke.modifier): ./source/blender/blenkernel/intern/modifier.cc:461 BKE_modifier_set_error: Object: "Filler08_recessed_contact_sliver.005", Modifier: "Face weighted corner normals", Enable 'Auto Smooth' in Object Data Properties
WARN (bke.modifier): ./source/blender/blenkernel/intern/modifier.cc:461 BKE_modifier_set_error: Object: "Filler08_recessed_contact_sliver.006", Modifier: "Face weighted corner normals", Enable 'Auto Smooth' in Object Data Properties
WARN (bke.modifier): ./source/blender/blenkernel/intern/modifier.cc:461 BKE_modifier_set_error: Object: "Filler08_recessed_contact_sliver.008", Modifier: "Face weighted corner normals", Enable 'Auto Smooth' in Object Data Properties
WARN (bke.modifier): ./source/blender/blenkernel/intern/modifier.cc:461 BKE_modifier_set_error: Object: "Filler08_recessed_contact_sliver.007", Modifier: "Face weighted corner normals", Enable 'Auto Smooth' in Object Data Properties
WARN (bke.modifier): ./source/blender/blenkernel/intern/modifier.cc:461 BKE_modifier_set_error: Object: "Filler08_recessed_contact_sliver.009", Modifier: "Face weighted corner normals", Enable 'Auto Smooth' in Object Data Properties
WARN (bke.modifier): ./source/blender/blenkernel/intern/modifier.cc:461 BKE_modifier_set_error: Object: "Filler08_retention_edge", Modifier: "Face weighted corner normals", Enable 'Auto Smooth' in Object Data Properties
WARN (bke.modifier): ./source/blender/blenkernel/intern/modifier.cc:461 BKE_modifier_set_error: Object: "Filler09_outer_mold_rail", Modifier: "Face weighted corner normals", Enable 'Auto Smooth' in Object Data Properties
WARN (bke.modifier): ./source/blender/blenkernel/intern/modifier.cc:461 BKE_modifier_set_error: Object: "Filler19_top_hook_cheek.001", Modifier: "Face weighted corner normals", Enable 'Auto Smooth' in Object Data Properties
WARN (bke.modifier): ./source/blender/blenkernel/intern/modifier.cc:461 BKE_modifier_set_error: Object: "Filler09_inner_sidewall_-1", Modifier: "Face weighted corner normals", Enable 'Auto Smooth' in Object Data Properties
WARN (bke.modifier): ./source/blender/blenkernel/intern/modifier.cc:461 BKE_modifier_set_error: Object: "Filler09_outer_mold_rail.001", Modifier: "Face weighted corner normals", Enable 'Auto Smooth' in Object Data Properties
WARN (bke.modifier): ./source/blender/blenkernel/intern/modifier.cc:461 BKE_modifier_set_error: Object: "Filler09_outer_mold_rail.002", Modifier: "Face weighted corner normals", Enable 'Auto Smooth' in Object Data Properties
WARN (bke.modifier): ./source/blender/blenkernel/intern/modifier.cc:461 BKE_modifier_set_error: Object: "Filler09_outer_mold_rail.003", Modifier: "Face weighted corner normals", Enable 'Auto Smooth' in Object Data Properties
WARN (bke.modifier): ./source/blender/blenkernel/intern/modifier.cc:461 BKE_modifier_set_error: Object: "Filler09_inner_sidewall_1", Modifier: "Face weighted corner normals", Enable 'Auto Smooth' in Object Data Properties
WARN (bke.modifier): ./source/blender/blenkernel/intern/modifier.cc:461 BKE_modifier_set_error: Object: "Filler09_outer_mold_rail.004", Modifier: "Face weighted corner normals", Enable 'Auto Smooth' in Object Data Properties
WARN (bke.modifier): ./source/blender/blenkernel/intern/modifier.cc:461 BKE_modifier_set_error: Object: "Filler09_outer_mold_rail.005", Modifier: "Face weighted corner normals", Enable 'Auto Smooth' in Object Data Properties
WARN (bke.modifier): ./source/blender/blenkernel/intern/modifier.cc:461 BKE_modifier_set_error: Object: "Filler19_top_hook_cheek", Modifier: "Face weighted corner normals", Enable 'Auto Smooth' in Object Data Properties
WARN (bke.modifier): ./source/blender/blenkernel/intern/modifier.cc:461 BKE_modifier_set_error: Object: "Filler09_internal_cross_rib", Modifier: "Face weighted corner normals", Enable 'Auto Smooth' in Object Data Properties
WARN (bke.modifier): ./source/blender/blenkernel/intern/modifier.cc:461 BKE_modifier_set_error: Object: "Filler08_lower_shaped_foot", Modifier: "Face weighted corner normals", Enable 'Auto Smooth' in Object Data Properties
WARN (bke.modifier): ./source/blender/blenkernel/intern/modifier.cc:461 BKE_modifier_set_error: Object: "Filler09_internal_cross_rib.001", Modifier: "Face weighted corner normals", Enable 'Auto Smooth' in Object Data Properties
WARN (bke.modifier): ./source/blender/blenkernel/intern/modifier.cc:461 BKE_modifier_set_error: Object: "Filler09_internal_cross_rib.002", Modifier: "Face weighted corner normals", Enable 'Auto Smooth' in Object Data Properties
WARN (bke.modifier): ./source/blender/blenkernel/intern/modifier.cc:461 BKE_modifier_set_error: Object: "Filler09_internal_cross_rib.003", Modifier: "Face weighted corner normals", Enable 'Auto Smooth' in Object Data Properties
WARN (bke.modifier): ./source/blender/blenkernel/intern/modifier.cc:461 BKE_modifier_set_error: Object: "Filler09_internal_cross_rib.004", Modifier: "Face weighted corner normals", Enable 'Auto Smooth' in Object Data Properties
WARN (bke.modifier): ./source/blender/blenkernel/intern/modifier.cc:461 BKE_modifier_set_error: Object: "Filler19_top_cross_cap", Modifier: "Face weighted corner normals", Enable 'Auto Smooth' in Object Data Properties
WARN (bke.modifier): ./source/blender/blenkernel/intern/modifier.cc:461 BKE_modifier_set_error: Object: "Filler09_fine_vertical_pad_rib", Modifier: "Face weighted corner normals", Enable 'Auto Smooth' in Object Data Properties
WARN (bke.modifier): ./source/blender/blenkernel/intern/modifier.cc:461 BKE_modifier_set_error: Object: "Filler09_mold_parting_land", Modifier: "Face weighted corner normals", Enable 'Auto Smooth' in Object Data Properties
WARN (bke.modifier): ./source/blender/blenkernel/intern/modifier.cc:461 BKE_modifier_set_error: Object: "Filler09_fine_vertical_pad_rib.001", Modifier: "Face weighted corner normals", Enable 'Auto Smooth' in Object Data Properties
WARN (bke.modifier): ./source/blender/blenkernel/intern/modifier.cc:461 BKE_modifier_set_error: Object: "Filler09_mold_parting_land.001", Modifier: "Face weighted corner normals", Enable 'Auto Smooth' in Object Data Properties
WARN (bke.modifier): ./source/blender/blenkernel/intern/modifier.cc:461 BKE_modifier_set_error: Object: "Filler09_top_cross_cap", Modifier: "Face weighted corner normals", Enable 'Auto Smooth' in Object Data Properties
WARN (bke.modifier): ./source/blender/blenkernel/intern/modifier.cc:461 BKE_modifier_set_error: Object: "Filler09_top_hook_cheek", Modifier: "Face weighted corner normals", Enable 'Auto Smooth' in Object Data Properties
WARN (bke.modifier): ./source/blender/blenkernel/intern/modifier.cc:461 BKE_modifier_set_error: Object: "Filler09_top_hook_cheek.001", Modifier: "Face weighted corner normals", Enable 'Auto Smooth' in Object Data Properties
WARN (bke.modifier): ./source/blender/blenkernel/intern/modifier.cc:461 BKE_modifier_set_error: Object: "Filler09_lower_step_bottom", Modifier: "Face weighted corner normals", Enable 'Auto Smooth' in Object Data Properties
WARN (bke.modifier): ./source/blender/blenkernel/intern/modifier.cc:461 BKE_modifier_set_error: Object: "Filler09_lower_step_top", Modifier: "Face weighted corner normals", Enable 'Auto Smooth' in Object Data Properties
WARN (bke.modifier): ./source/blender/blenkernel/intern/modifier.cc:461 BKE_modifier_set_error: Object: "Filler09_frame_bottom_bar", Modifier: "Face weighted corner normals", Enable 'Auto Smooth' in Object Data Properties
WARN (bke.modifier): ./source/blender/blenkernel/intern/modifier.cc:461 BKE_modifier_set_error: Object: "Filler09_recessed_contact_sliver.001", Modifier: "Face weighted corner normals", Enable 'Auto Smooth' in Object Data Properties
WARN (bke.modifier): ./source/blender/blenkernel/intern/modifier.cc:461 BKE_modifier_set_error: Object: "Filler09_recessed_contact_sliver", Modifier: "Face weighted corner normals", Enable 'Auto Smooth' in Object Data Properties
WARN (bke.modifier): ./source/blender/blenkernel/intern/modifier.cc:461 BKE_modifier_set_error: Object: "Filler09_recessed_contact_sliver.002", Modifier: "Face weighted corner normals", Enable 'Auto Smooth' in Object Data Properties
WARN (bke.modifier): ./source/blender/blenkernel/intern/modifier.cc:461 BKE_modifier_set_error: Object: "Filler19_upper_inset_pad", Modifier: "Face weighted corner normals", Enable 'Auto Smooth' in Object Data Properties
WARN (bke.modifier): ./source/blender/blenkernel/intern/modifier.cc:461 BKE_modifier_set_error: Object: "Filler09_long_center_pad", Modifier: "Face weighted corner normals", Enable 'Auto Smooth' in Object Data Properties
WARN (bke.modifier): ./source/blender/blenkernel/intern/modifier.cc:461 BKE_modifier_set_error: Object: "Filler09_recessed_contact_sliver.003", Modifier: "Face weighted corner normals", Enable 'Auto Smooth' in Object Data Properties
WARN (bke.modifier): ./source/blender/blenkernel/intern/modifier.cc:461 BKE_modifier_set_error: Object: "Filler09_recessed_contact_sliver.004", Modifier: "Face weighted corner normals", Enable 'Auto Smooth' in Object Data Properties
WARN (bke.modifier): ./source/blender/blenkernel/intern/modifier.cc:461 BKE_modifier_set_error: Object: "Filler09_upper_inset_pad", Modifier: "Face weighted corner normals", Enable 'Auto Smooth' in Object Data Properties
WARN (bke.modifier): ./source/blender/blenkernel/intern/modifier.cc:461 BKE_modifier_set_error: Object: "Filler09_recessed_contact_sliver.005", Modifier: "Face weighted corner normals", Enable 'Auto Smooth' in Object Data Properties
WARN (bke.modifier): ./source/blender/blenkernel/intern/modifier.cc:461 BKE_modifier_set_error: Object: "Filler09_recessed_contact_sliver.006", Modifier: "Face weighted corner normals", Enable 'Auto Smooth' in Object Data Properties
WARN (bke.modifier): ./source/blender/blenkernel/intern/modifier.cc:461 BKE_modifier_set_error: Object: "Filler09_recessed_contact_sliver.007", Modifier: "Face weighted corner normals", Enable 'Auto Smooth' in Object Data Properties
WARN (bke.modifier): ./source/blender/blenkernel/intern/modifier.cc:461 BKE_modifier_set_error: Object: "Filler19_mold_parting_land.001", Modifier: "Face weighted corner normals", Enable 'Auto Smooth' in Object Data Properties
WARN (bke.modifier): ./source/blender/blenkernel/intern/modifier.cc:461 BKE_modifier_set_error: Object: "Filler09_recessed_contact_sliver.008", Modifier: "Face weighted corner normals", Enable 'Auto Smooth' in Object Data Properties
WARN (bke.modifier): ./source/blender/blenkernel/intern/modifier.cc:461 BKE_modifier_set_error: Object: "Filler09_recessed_contact_sliver.009", Modifier: "Face weighted corner normals", Enable 'Auto Smooth' in Object Data Properties
WARN (bke.modifier): ./source/blender/blenkernel/intern/modifier.cc:461 BKE_modifier_set_error: Object: "Filler09_retention_edge", Modifier: "Face weighted corner normals", Enable 'Auto Smooth' in Object Data Properties
WARN (bke.modifier): ./source/blender/blenkernel/intern/modifier.cc:461 BKE_modifier_set_error: Object: "Filler10_inner_sidewall_-1", Modifier: "Face weighted corner normals", Enable 'Auto Smooth' in Object Data Properties
WARN (bke.modifier): ./source/blender/blenkernel/intern/modifier.cc:461 BKE_modifier_set_error: Object: "Filler10_outer_mold_rail.001", Modifier: "Face weighted corner normals", Enable 'Auto Smooth' in Object Data Properties
WARN (bke.modifier): ./source/blender/blenkernel/intern/modifier.cc:461 BKE_modifier_set_error: Object: "Filler10_outer_mold_rail.002", Modifier: "Face weighted corner normals", Enable 'Auto Smooth' in Object Data Properties
WARN (bke.modifier): ./source/blender/blenkernel/intern/modifier.cc:461 BKE_modifier_set_error: Object: "Filler10_inner_sidewall_1", Modifier: "Face weighted corner normals", Enable 'Auto Smooth' in Object Data Properties
WARN (bke.modifier): ./source/blender/blenkernel/intern/modifier.cc:461 BKE_modifier_set_error: Object: "Filler19_fine_vertical_pad_rib.001", Modifier: "Face weighted corner normals", Enable 'Auto Smooth' in Object Data Properties
WARN (bke.modifier): ./source/blender/blenkernel/intern/modifier.cc:461 BKE_modifier_set_error: Object: "Filler10_outer_mold_rail.003", Modifier: "Face weighted corner normals", Enable 'Auto Smooth' in Object Data Properties
WARN (bke.modifier): ./source/blender/blenkernel/intern/modifier.cc:461 BKE_modifier_set_error: Object: "Filler10_outer_mold_rail.004", Modifier: "Face weighted corner normals", Enable 'Auto Smooth' in Object Data Properties
WARN (bke.modifier): ./source/blender/blenkernel/intern/modifier.cc:461 BKE_modifier_set_error: Object: "Filler10_outer_mold_rail.005", Modifier: "Face weighted corner normals", Enable 'Auto Smooth' in Object Data Properties
WARN (bke.modifier): ./source/blender/blenkernel/intern/modifier.cc:461 BKE_modifier_set_error: Object: "Filler10_outer_mold_rail", Modifier: "Face weighted corner normals", Enable 'Auto Smooth' in Object Data Properties
WARN (bke.modifier): ./source/blender/blenkernel/intern/modifier.cc:461 BKE_modifier_set_error: Object: "Captive_screw_knurled_grip_1", Modifier: "Face weighted corner normals", Enable 'Auto Smooth' in Object Data Properties
WARN (bke.modifier): ./source/blender/blenkernel/intern/modifier.cc:461 BKE_modifier_set_error: Object: "Filler10_internal_cross_rib", Modifier: "Face weighted corner normals", Enable 'Auto Smooth' in Object Data Properties
WARN (bke.modifier): ./source/blender/blenkernel/intern/modifier.cc:461 BKE_modifier_set_error: Object: "Filler10_internal_cross_rib.003", Modifier: "Face weighted corner normals", Enable 'Auto Smooth' in Object Data Properties
WARN (bke.modifier): ./source/blender/blenkernel/intern/modifier.cc:461 BKE_modifier_set_error: Object: "Filler09_lower_shaped_foot", Modifier: "Face weighted corner normals", Enable 'Auto Smooth' in Object Data Properties
WARN (bke.modifier): ./source/blender/blenkernel/intern/modifier.cc:461 BKE_modifier_set_error: Object: "Filler10_internal_cross_rib.001", Modifier: "Face weighted corner normals", Enable 'Auto Smooth' in Object Data Properties
WARN (bke.modifier): ./source/blender/blenkernel/intern/modifier.cc:461 BKE_modifier_set_error: Object: "Filler10_internal_cross_rib.002", Modifier: "Face weighted corner normals", Enable 'Auto Smooth' in Object Data Properties
WARN (bke.modifier): ./source/blender/blenkernel/intern/modifier.cc:461 BKE_modifier_set_error: Object: "Filler19_mold_parting_land", Modifier: "Face weighted corner normals", Enable 'Auto Smooth' in Object Data Properties
WARN (bke.modifier): ./source/blender/blenkernel/intern/modifier.cc:461 BKE_modifier_set_error: Object: "Filler10_internal_cross_rib.004", Modifier: "Face weighted corner normals", Enable 'Auto Smooth' in Object Data Properties
WARN (bke.modifier): ./source/blender/blenkernel/intern/modifier.cc:461 BKE_modifier_set_error: Object: "Filler10_fine_vertical_pad_rib", Modifier: "Face weighted corner normals", Enable 'Auto Smooth' in Object Data Properties
WARN (bke.modifier): ./source/blender/blenkernel/intern/modifier.cc:461 BKE_modifier_set_error: Object: "Power_outer_white_print_4", Modifier: "Face weighted corner normals", Enable 'Auto Smooth' in Object Data Properties
WARN (bke.modifier): ./source/blender/blenkernel/intern/modifier.cc:461 BKE_modifier_set_error: Object: "Filler10_mold_parting_land", Modifier: "Face weighted corner normals", Enable 'Auto Smooth' in Object Data Properties
WARN (bke.modifier): ./source/blender/blenkernel/intern/modifier.cc:461 BKE_modifier_set_error: Object: "Filler10_fine_vertical_pad_rib.001", Modifier: "Face weighted corner normals", Enable 'Auto Smooth' in Object Data Properties
WARN (bke.modifier): ./source/blender/blenkernel/intern/modifier.cc:461 BKE_modifier_set_error: Object: "Filler10_mold_parting_land.001", Modifier: "Face weighted corner normals", Enable 'Auto Smooth' in Object Data Properties
WARN (bke.modifier): ./source/blender/blenkernel/intern/modifier.cc:461 BKE_modifier_set_error: Object: "Filler19_fine_vertical_pad_rib", Modifier: "Face weighted corner normals", Enable 'Auto Smooth' in Object Data Properties
WARN (bke.modifier): ./source/blender/blenkernel/intern/modifier.cc:461 BKE_modifier_set_error: Object: "Filler10_top_cross_cap", Modifier: "Face weighted corner normals", Enable 'Auto Smooth' in Object Data Properties
WARN (bke.modifier): ./source/blender/blenkernel/intern/modifier.cc:461 BKE_modifier_set_error: Object: "Filler10_top_hook_cheek", Modifier: "Face weighted corner normals", Enable 'Auto Smooth' in Object Data Properties
WARN (bke.modifier): ./source/blender/blenkernel/intern/modifier.cc:461 BKE_modifier_set_error: Object: "Filler10_top_hook_cheek.001", Modifier: "Face weighted corner normals", Enable 'Auto Smooth' in Object Data Properties
WARN (bke.modifier): ./source/blender/blenkernel/intern/modifier.cc:461 BKE_modifier_set_error: Object: "Filler10_lower_step_top", Modifier: "Face weighted corner normals", Enable 'Auto Smooth' in Object Data Properties
WARN (bke.modifier): ./source/blender/blenkernel/intern/modifier.cc:461 BKE_modifier_set_error: Object: "Filler10_frame_bottom_bar", Modifier: "Face weighted corner normals", Enable 'Auto Smooth' in Object Data Properties
WARN (bke.modifier): ./source/blender/blenkernel/intern/modifier.cc:461 BKE_modifier_set_error: Object: "Filler10_lower_step_bottom", Modifier: "Face weighted corner normals", Enable 'Auto Smooth' in Object Data Properties
WARN (bke.modifier): ./source/blender/blenkernel/intern/modifier.cc:461 BKE_modifier_set_error: Object: "Filler10_recessed_contact_sliver.001", Modifier: "Face weighted corner normals", Enable 'Auto Smooth' in Object Data Properties
WARN (bke.modifier): ./source/blender/blenkernel/intern/modifier.cc:461 BKE_modifier_set_error: Object: "Filler10_recessed_contact_sliver", Modifier: "Face weighted corner normals", Enable 'Auto Smooth' in Object Data Properties
WARN (bke.modifier): ./source/blender/blenkernel/intern/modifier.cc:461 BKE_modifier_set_error: Object: "Filler10_recessed_contact_sliver.002", Modifier: "Face weighted corner normals", Enable 'Auto Smooth' in Object Data Properties
WARN (bke.modifier): ./source/blender/blenkernel/intern/modifier.cc:461 BKE_modifier_set_error: Object: "Filler10_upper_inset_pad", Modifier: "Face weighted corner normals", Enable 'Auto Smooth' in Object Data Properties
WARN (bke.modifier): ./source/blender/blenkernel/intern/modifier.cc:461 BKE_modifier_set_error: Object: "Filler10_long_center_pad", Modifier: "Face weighted corner normals", Enable 'Auto Smooth' in Object Data Properties
WARN (bke.modifier): ./source/blender/blenkernel/intern/modifier.cc:461 BKE_modifier_set_error: Object: "Filler10_recessed_contact_sliver.003", Modifier: "Face weighted corner normals", Enable 'Auto Smooth' in Object Data Properties
WARN (bke.modifier): ./source/blender/blenkernel/intern/modifier.cc:461 BKE_modifier_set_error: Object: "Filler10_recessed_contact_sliver.004", Modifier: "Face weighted corner normals", Enable 'Auto Smooth' in Object Data Properties
WARN (bke.modifier): ./source/blender/blenkernel/intern/modifier.cc:461 BKE_modifier_set_error: Object: "Filler10_recessed_contact_sliver.005", Modifier: "Face weighted corner normals", Enable 'Auto Smooth' in Object Data Properties
WARN (bke.modifier): ./source/blender/blenkernel/intern/modifier.cc:461 BKE_modifier_set_error: Object: "Filler10_recessed_contact_sliver.006", Modifier: "Face weighted corner normals", Enable 'Auto Smooth' in Object Data Properties
WARN (bke.modifier): ./source/blender/blenkernel/intern/modifier.cc:461 BKE_modifier_set_error: Object: "Filler10_recessed_contact_sliver.007", Modifier: "Face weighted corner normals", Enable 'Auto Smooth' in Object Data Properties
WARN (bke.modifier): ./source/blender/blenkernel/intern/modifier.cc:461 BKE_modifier_set_error: Object: "Filler10_recessed_contact_sliver.008", Modifier: "Face weighted corner normals", Enable 'Auto Smooth' in Object Data Properties
WARN (bke.modifier): ./source/blender/blenkernel/intern/modifier.cc:461 BKE_modifier_set_error: Object: "Filler11_inner_sidewall_-1", Modifier: "Face weighted corner normals", Enable 'Auto Smooth' in Object Data Properties
WARN (bke.modifier): ./source/blender/blenkernel/intern/modifier.cc:461 BKE_modifier_set_error: Object: "Filler10_recessed_contact_sliver.009", Modifier: "Face weighted corner normals", Enable 'Auto Smooth' in Object Data Properties
WARN (bke.modifier): ./source/blender/blenkernel/intern/modifier.cc:461 BKE_modifier_set_error: Object: "Filler11_outer_mold_rail", Modifier: "Face weighted corner normals", Enable 'Auto Smooth' in Object Data Properties
WARN (bke.modifier): ./source/blender/blenkernel/intern/modifier.cc:461 BKE_modifier_set_error: Object: "Filler10_retention_edge", Modifier: "Face weighted corner normals", Enable 'Auto Smooth' in Object Data Properties
WARN (bke.modifier): ./source/blender/blenkernel/intern/modifier.cc:461 BKE_modifier_set_error: Object: "Filler11_outer_mold_rail.002", Modifier: "Face weighted corner normals", Enable 'Auto Smooth' in Object Data Properties
WARN (bke.modifier): ./source/blender/blenkernel/intern/modifier.cc:461 BKE_modifier_set_error: Object: "Filler11_outer_mold_rail.001", Modifier: "Face weighted corner normals", Enable 'Auto Smooth' in Object Data Properties
WARN (bke.modifier): ./source/blender/blenkernel/intern/modifier.cc:461 BKE_modifier_set_error: Object: "Filler11_inner_sidewall_1", Modifier: "Face weighted corner normals", Enable 'Auto Smooth' in Object Data Properties
WARN (bke.modifier): ./source/blender/blenkernel/intern/modifier.cc:461 BKE_modifier_set_error: Object: "Filler11_outer_mold_rail.003", Modifier: "Face weighted corner normals", Enable 'Auto Smooth' in Object Data Properties
WARN (bke.modifier): ./source/blender/blenkernel/intern/modifier.cc:461 BKE_modifier_set_error: Object: "Filler11_outer_mold_rail.005", Modifier: "Face weighted corner normals", Enable 'Auto Smooth' in Object Data Properties
WARN (bke.modifier): ./source/blender/blenkernel/intern/modifier.cc:461 BKE_modifier_set_error: Object: "Filler11_internal_cross_rib", Modifier: "Face weighted corner normals", Enable 'Auto Smooth' in Object Data Properties
WARN (bke.modifier): ./source/blender/blenkernel/intern/modifier.cc:461 BKE_modifier_set_error: Object: "Filler11_outer_mold_rail.004", Modifier: "Face weighted corner normals", Enable 'Auto Smooth' in Object Data Properties
WARN (bke.modifier): ./source/blender/blenkernel/intern/modifier.cc:461 BKE_modifier_set_error: Object: "Filler11_internal_cross_rib.001", Modifier: "Face weighted corner normals", Enable 'Auto Smooth' in Object Data Properties
WARN (bke.modifier): ./source/blender/blenkernel/intern/modifier.cc:461 BKE_modifier_set_error: Object: "Filler11_internal_cross_rib.003", Modifier: "Face weighted corner normals", Enable 'Auto Smooth' in Object Data Properties
WARN (bke.modifier): ./source/blender/blenkernel/intern/modifier.cc:461 BKE_modifier_set_error: Object: "Filler11_internal_cross_rib.002", Modifier: "Face weighted corner normals", Enable 'Auto Smooth' in Object Data Properties
WARN (bke.modifier): ./source/blender/blenkernel/intern/modifier.cc:461 BKE_modifier_set_error: Object: "Filler19_long_center_pad", Modifier: "Face weighted corner normals", Enable 'Auto Smooth' in Object Data Properties
WARN (bke.modifier): ./source/blender/blenkernel/intern/modifier.cc:461 BKE_modifier_set_error: Object: "Filler11_internal_cross_rib.004", Modifier: "Face weighted corner normals", Enable 'Auto Smooth' in Object Data Properties
WARN (bke.modifier): ./source/blender/blenkernel/intern/modifier.cc:461 BKE_modifier_set_error: Object: "Filler10_lower_shaped_foot", Modifier: "Face weighted corner normals", Enable 'Auto Smooth' in Object Data Properties
WARN (bke.modifier): ./source/blender/blenkernel/intern/modifier.cc:461 BKE_modifier_set_error: Object: "Filler11_fine_vertical_pad_rib", Modifier: "Face weighted corner normals", Enable 'Auto Smooth' in Object Data Properties
WARN (bke.modifier): ./source/blender/blenkernel/intern/modifier.cc:461 BKE_modifier_set_error: Object: "Filler11_fine_vertical_pad_rib.001", Modifier: "Face weighted corner normals", Enable 'Auto Smooth' in Object Data Properties
WARN (bke.modifier): ./source/blender/blenkernel/intern/modifier.cc:461 BKE_modifier_set_error: Object: "Filler11_top_cross_cap", Modifier: "Face weighted corner normals", Enable 'Auto Smooth' in Object Data Properties
WARN (bke.modifier): ./source/blender/blenkernel/intern/modifier.cc:461 BKE_modifier_set_error: Object: "Filler11_mold_parting_land.001", Modifier: "Face weighted corner normals", Enable 'Auto Smooth' in Object Data Properties
WARN (bke.modifier): ./source/blender/blenkernel/intern/modifier.cc:461 BKE_modifier_set_error: Object: "Filler11_mold_parting_land", Modifier: "Face weighted corner normals", Enable 'Auto Smooth' in Object Data Properties
WARN (bke.modifier): ./source/blender/blenkernel/intern/modifier.cc:461 BKE_modifier_set_error: Object: "Filler11_top_hook_cheek", Modifier: "Face weighted corner normals", Enable 'Auto Smooth' in Object Data Properties
WARN (bke.modifier): ./source/blender/blenkernel/intern/modifier.cc:461 BKE_modifier_set_error: Object: "Filler19_internal_cross_rib.004", Modifier: "Face weighted corner normals", Enable 'Auto Smooth' in Object Data Properties
WARN (bke.modifier): ./source/blender/blenkernel/intern/modifier.cc:461 BKE_modifier_set_error: Object: "Filler11_top_hook_cheek.001", Modifier: "Face weighted corner normals", Enable 'Auto Smooth' in Object Data Properties
WARN (bke.modifier): ./source/blender/blenkernel/intern/modifier.cc:461 BKE_modifier_set_error: Object: "Filler11_lower_step_top", Modifier: "Face weighted corner normals", Enable 'Auto Smooth' in Object Data Properties
WARN (bke.modifier): ./source/blender/blenkernel/intern/modifier.cc:461 BKE_modifier_set_error: Object: "Filler11_lower_step_bottom", Modifier: "Face weighted corner normals", Enable 'Auto Smooth' in Object Data Properties
WARN (bke.modifier): ./source/blender/blenkernel/intern/modifier.cc:461 BKE_modifier_set_error: Object: "Filler11_frame_bottom_bar", Modifier: "Face weighted corner normals", Enable 'Auto Smooth' in Object Data Properties
WARN (bke.modifier): ./source/blender/blenkernel/intern/modifier.cc:461 BKE_modifier_set_error: Object: "Filler11_recessed_contact_sliver", Modifier: "Face weighted corner normals", Enable 'Auto Smooth' in Object Data Properties
WARN (bke.modifier): ./source/blender/blenkernel/intern/modifier.cc:461 BKE_modifier_set_error: Object: "Filler11_recessed_contact_sliver.001", Modifier: "Face weighted corner normals", Enable 'Auto Smooth' in Object Data Properties
WARN (bke.modifier): ./source/blender/blenkernel/intern/modifier.cc:461 BKE_modifier_set_error: Object: "Filler19_internal_cross_rib.003", Modifier: "Face weighted corner normals", Enable 'Auto Smooth' in Object Data Properties
WARN (bke.modifier): ./source/blender/blenkernel/intern/modifier.cc:461 BKE_modifier_set_error: Object: "Filler11_upper_inset_pad", Modifier: "Face weighted corner normals", Enable 'Auto Smooth' in Object Data Properties
WARN (bke.modifier): ./source/blender/blenkernel/intern/modifier.cc:461 BKE_modifier_set_error: Object: "Filler11_recessed_contact_sliver.003", Modifier: "Face weighted corner normals", Enable 'Auto Smooth' in Object Data Properties
WARN (bke.modifier): ./source/blender/blenkernel/intern/modifier.cc:461 BKE_modifier_set_error: Object: "Filler11_recessed_contact_sliver.004", Modifier: "Face weighted corner normals", Enable 'Auto Smooth' in Object Data Properties
WARN (bke.modifier): ./source/blender/blenkernel/intern/modifier.cc:461 BKE_modifier_set_error: Object: "Filler11_recessed_contact_sliver.005", Modifier: "Face weighted corner normals", Enable 'Auto Smooth' in Object Data Properties
WARN (bke.modifier): ./source/blender/blenkernel/intern/modifier.cc:461 BKE_modifier_set_error: Object: "Filler11_recessed_contact_sliver.006", Modifier: "Face weighted corner normals", Enable 'Auto Smooth' in Object Data Properties
WARN (bke.modifier): ./source/blender/blenkernel/intern/modifier.cc:461 BKE_modifier_set_error: Object: "Filler11_recessed_contact_sliver.007", Modifier: "Face weighted corner normals", Enable 'Auto Smooth' in Object Data Properties
WARN (bke.modifier): ./source/blender/blenkernel/intern/modifier.cc:461 BKE_modifier_set_error: Object: "Filler11_recessed_contact_sliver.002", Modifier: "Face weighted corner normals", Enable 'Auto Smooth' in Object Data Properties
WARN (bke.modifier): ./source/blender/blenkernel/intern/modifier.cc:461 BKE_modifier_set_error: Object: "Filler19_internal_cross_rib.002", Modifier: "Face weighted corner normals", Enable 'Auto Smooth' in Object Data Properties
WARN (bke.modifier): ./source/blender/blenkernel/intern/modifier.cc:461 BKE_modifier_set_error: Object: "Filler11_recessed_contact_sliver.009", Modifier: "Face weighted corner normals", Enable 'Auto Smooth' in Object Data Properties
WARN (bke.modifier): ./source/blender/blenkernel/intern/modifier.cc:461 BKE_modifier_set_error: Object: "Filler11_retention_edge", Modifier: "Face weighted corner normals", Enable 'Auto Smooth' in Object Data Properties
WARN (bke.modifier): ./source/blender/blenkernel/intern/modifier.cc:461 BKE_modifier_set_error: Object: "Filler12_inner_sidewall_-1", Modifier: "Face weighted corner normals", Enable 'Auto Smooth' in Object Data Properties
WARN (bke.modifier): ./source/blender/blenkernel/intern/modifier.cc:461 BKE_modifier_set_error: Object: "Filler11_recessed_contact_sliver.008", Modifier: "Face weighted corner normals", Enable 'Auto Smooth' in Object Data Properties
WARN (bke.modifier): ./source/blender/blenkernel/intern/modifier.cc:461 BKE_modifier_set_error: Object: "Filler11_long_center_pad", Modifier: "Face weighted corner normals", Enable 'Auto Smooth' in Object Data Properties
WARN (bke.modifier): ./source/blender/blenkernel/intern/modifier.cc:461 BKE_modifier_set_error: Object: "Filler12_outer_mold_rail.001", Modifier: "Face weighted corner normals", Enable 'Auto Smooth' in Object Data Properties
WARN (bke.modifier): ./source/blender/blenkernel/intern/modifier.cc:461 BKE_modifier_set_error: Object: "Filler12_outer_mold_rail.002", Modifier: "Face weighted corner normals", Enable 'Auto Smooth' in Object Data Properties
WARN (bke.modifier): ./source/blender/blenkernel/intern/modifier.cc:461 BKE_modifier_set_error: Object: "Filler12_inner_sidewall_1", Modifier: "Face weighted corner normals", Enable 'Auto Smooth' in Object Data Properties
WARN (bke.modifier): ./source/blender/blenkernel/intern/modifier.cc:461 BKE_modifier_set_error: Object: "Filler19_internal_cross_rib.001", Modifier: "Face weighted corner normals", Enable 'Auto Smooth' in Object Data Properties
WARN (bke.modifier): ./source/blender/blenkernel/intern/modifier.cc:461 BKE_modifier_set_error: Object: "Filler12_outer_mold_rail", Modifier: "Face weighted corner normals", Enable 'Auto Smooth' in Object Data Properties
WARN (bke.modifier): ./source/blender/blenkernel/intern/modifier.cc:461 BKE_modifier_set_error: Object: "Filler12_outer_mold_rail.003", Modifier: "Face weighted corner normals", Enable 'Auto Smooth' in Object Data Properties
WARN (bke.modifier): ./source/blender/blenkernel/intern/modifier.cc:461 BKE_modifier_set_error: Object: "Filler12_outer_mold_rail.004", Modifier: "Face weighted corner normals", Enable 'Auto Smooth' in Object Data Properties
WARN (bke.modifier): ./source/blender/blenkernel/intern/modifier.cc:461 BKE_modifier_set_error: Object: "Filler12_outer_mold_rail.005", Modifier: "Face weighted corner normals", Enable 'Auto Smooth' in Object Data Properties
WARN (bke.modifier): ./source/blender/blenkernel/intern/modifier.cc:461 BKE_modifier_set_error: Object: "Filler12_internal_cross_rib", Modifier: "Face weighted corner normals", Enable 'Auto Smooth' in Object Data Properties
WARN (bke.modifier): ./source/blender/blenkernel/intern/modifier.cc:461 BKE_modifier_set_error: Object: "Filler12_internal_cross_rib.001", Modifier: "Face weighted corner normals", Enable 'Auto Smooth' in Object Data Properties
WARN (bke.modifier): ./source/blender/blenkernel/intern/modifier.cc:461 BKE_modifier_set_error: Object: "Filler12_internal_cross_rib.002", Modifier: "Face weighted corner normals", Enable 'Auto Smooth' in Object Data Properties
WARN (bke.modifier): ./source/blender/blenkernel/intern/modifier.cc:461 BKE_modifier_set_error: Object: "Filler19_internal_cross_rib", Modifier: "Face weighted corner normals", Enable 'Auto Smooth' in Object Data Properties
WARN (bke.modifier): ./source/blender/blenkernel/intern/modifier.cc:461 BKE_modifier_set_error: Object: "Filler12_internal_cross_rib.003", Modifier: "Face weighted corner normals", Enable 'Auto Smooth' in Object Data Properties
WARN (bke.modifier): ./source/blender/blenkernel/intern/modifier.cc:461 BKE_modifier_set_error: Object: "Filler12_internal_cross_rib.004", Modifier: "Face weighted corner normals", Enable 'Auto Smooth' in Object Data Properties
WARN (bke.modifier): ./source/blender/blenkernel/intern/modifier.cc:461 BKE_modifier_set_error: Object: "Filler12_fine_vertical_pad_rib", Modifier: "Face weighted corner normals", Enable 'Auto Smooth' in Object Data Properties
WARN (bke.modifier): ./source/blender/blenkernel/intern/modifier.cc:461 BKE_modifier_set_error: Object: "Filler12_mold_parting_land", Modifier: "Face weighted corner normals", Enable 'Auto Smooth' in Object Data Properties
WARN (bke.modifier): ./source/blender/blenkernel/intern/modifier.cc:461 BKE_modifier_set_error: Object: "Filler12_fine_vertical_pad_rib.001", Modifier: "Face weighted corner normals", Enable 'Auto Smooth' in Object Data Properties
WARN (bke.modifier): ./source/blender/blenkernel/intern/modifier.cc:461 BKE_modifier_set_error: Object: "Filler12_mold_parting_land.001", Modifier: "Face weighted corner normals", Enable 'Auto Smooth' in Object Data Properties
WARN (bke.modifier): ./source/blender/blenkernel/intern/modifier.cc:461 BKE_modifier_set_error: Object: "Filler19_outer_mold_rail.005", Modifier: "Face weighted corner normals", Enable 'Auto Smooth' in Object Data Properties
WARN (bke.modifier): ./source/blender/blenkernel/intern/modifier.cc:461 BKE_modifier_set_error: Object: "Filler12_top_cross_cap", Modifier: "Face weighted corner normals", Enable 'Auto Smooth' in Object Data Properties
WARN (bke.modifier): ./source/blender/blenkernel/intern/modifier.cc:461 BKE_modifier_set_error: Object: "Filler12_top_hook_cheek.001", Modifier: "Face weighted corner normals", Enable 'Auto Smooth' in Object Data Properties
WARN (bke.modifier): ./source/blender/blenkernel/intern/modifier.cc:461 BKE_modifier_set_error: Object: "Filler12_lower_step_top", Modifier: "Face weighted corner normals", Enable 'Auto Smooth' in Object Data Properties
WARN (bke.modifier): ./source/blender/blenkernel/intern/modifier.cc:461 BKE_modifier_set_error: Object: "Filler12_lower_step_bottom", Modifier: "Face weighted corner normals", Enable 'Auto Smooth' in Object Data Properties
WARN (bke.modifier): ./source/blender/blenkernel/intern/modifier.cc:461 BKE_modifier_set_error: Object: "Filler12_frame_bottom_bar", Modifier: "Face weighted corner normals", Enable 'Auto Smooth' in Object Data Properties
WARN (bke.modifier): ./source/blender/blenkernel/intern/modifier.cc:461 BKE_modifier_set_error: Object: "Filler19_outer_mold_rail.004", Modifier: "Face weighted corner normals", Enable 'Auto Smooth' in Object Data Properties
WARN (bke.modifier): ./source/blender/blenkernel/intern/modifier.cc:461 BKE_modifier_set_error: Object: "Filler12_recessed_contact_sliver", Modifier: "Face weighted corner normals", Enable 'Auto Smooth' in Object Data Properties
WARN (bke.modifier): ./source/blender/blenkernel/intern/modifier.cc:461 BKE_modifier_set_error: Object: "Filler12_top_hook_cheek", Modifier: "Face weighted corner normals", Enable 'Auto Smooth' in Object Data Properties
WARN (bke.modifier): ./source/blender/blenkernel/intern/modifier.cc:461 BKE_modifier_set_error: Object: "Filler12_recessed_contact_sliver.001", Modifier: "Face weighted corner normals", Enable 'Auto Smooth' in Object Data Properties
WARN (bke.modifier): ./source/blender/blenkernel/intern/modifier.cc:461 BKE_modifier_set_error: Object: "Filler12_upper_inset_pad", Modifier: "Face weighted corner normals", Enable 'Auto Smooth' in Object Data Properties
WARN (bke.modifier): ./source/blender/blenkernel/intern/modifier.cc:461 BKE_modifier_set_error: Object: "Filler11_lower_shaped_foot", Modifier: "Face weighted corner normals", Enable 'Auto Smooth' in Object Data Properties
WARN (bke.modifier): ./source/blender/blenkernel/intern/modifier.cc:461 BKE_modifier_set_error: Object: "Filler12_recessed_contact_sliver.003", Modifier: "Face weighted corner normals", Enable 'Auto Smooth' in Object Data Properties
WARN (bke.modifier): ./source/blender/blenkernel/intern/modifier.cc:461 BKE_modifier_set_error: Object: "Filler12_recessed_contact_sliver.002", Modifier: "Face weighted corner normals", Enable 'Auto Smooth' in Object Data Properties
WARN (bke.modifier): ./source/blender/blenkernel/intern/modifier.cc:461 BKE_modifier_set_error: Object: "Filler12_recessed_contact_sliver.004", Modifier: "Face weighted corner normals", Enable 'Auto Smooth' in Object Data Properties
WARN (bke.modifier): ./source/blender/blenkernel/intern/modifier.cc:461 BKE_modifier_set_error: Object: "Filler19_outer_mold_rail.003", Modifier: "Face weighted corner normals", Enable 'Auto Smooth' in Object Data Properties
WARN (bke.modifier): ./source/blender/blenkernel/intern/modifier.cc:461 BKE_modifier_set_error: Object: "Filler12_long_center_pad", Modifier: "Face weighted corner normals", Enable 'Auto Smooth' in Object Data Properties
WARN (bke.modifier): ./source/blender/blenkernel/intern/modifier.cc:461 BKE_modifier_set_error: Object: "Filler12_recessed_contact_sliver.005", Modifier: "Face weighted corner normals", Enable 'Auto Smooth' in Object Data Properties
WARN (bke.modifier): ./source/blender/blenkernel/intern/modifier.cc:461 BKE_modifier_set_error: Object: "Filler12_recessed_contact_sliver.006", Modifier: "Face weighted corner normals", Enable 'Auto Smooth' in Object Data Properties
WARN (bke.modifier): ./source/blender/blenkernel/intern/modifier.cc:461 BKE_modifier_set_error: Object: "Filler12_recessed_contact_sliver.007", Modifier: "Face weighted corner normals", Enable 'Auto Smooth' in Object Data Properties
WARN (bke.modifier): ./source/blender/blenkernel/intern/modifier.cc:461 BKE_modifier_set_error: Object: "Filler12_recessed_contact_sliver.009", Modifier: "Face weighted corner normals", Enable 'Auto Smooth' in Object Data Properties
WARN (bke.modifier): ./source/blender/blenkernel/intern/modifier.cc:461 BKE_modifier_set_error: Object: "Filler12_recessed_contact_sliver.008", Modifier: "Face weighted corner normals", Enable 'Auto Smooth' in Object Data Properties
WARN (bke.modifier): ./source/blender/blenkernel/intern/modifier.cc:461 BKE_modifier_set_error: Object: "Filler13_inner_sidewall_-1", Modifier: "Face weighted corner normals", Enable 'Auto Smooth' in Object Data Properties
WARN (bke.modifier): ./source/blender/blenkernel/intern/modifier.cc:461 BKE_modifier_set_error: Object: "Filler12_retention_edge", Modifier: "Face weighted corner normals", Enable 'Auto Smooth' in Object Data Properties
WARN (bke.modifier): ./source/blender/blenkernel/intern/modifier.cc:461 BKE_modifier_set_error: Object: "Filler19_inner_sidewall_1", Modifier: "Face weighted corner normals", Enable 'Auto Smooth' in Object Data Properties
WARN (bke.modifier): ./source/blender/blenkernel/intern/modifier.cc:461 BKE_modifier_set_error: Object: "Filler13_outer_mold_rail", Modifier: "Face weighted corner normals", Enable 'Auto Smooth' in Object Data Properties
WARN (bke.modifier): ./source/blender/blenkernel/intern/modifier.cc:461 BKE_modifier_set_error: Object: "Filler13_outer_mold_rail.001", Modifier: "Face weighted corner normals", Enable 'Auto Smooth' in Object Data Properties
WARN (bke.modifier): ./source/blender/blenkernel/intern/modifier.cc:461 BKE_modifier_set_error: Object: "Filler13_outer_mold_rail.002", Modifier: "Face weighted corner normals", Enable 'Auto Smooth' in Object Data Properties
WARN (bke.modifier): ./source/blender/blenkernel/intern/modifier.cc:461 BKE_modifier_set_error: Object: "Filler13_inner_sidewall_1", Modifier: "Face weighted corner normals", Enable 'Auto Smooth' in Object Data Properties
WARN (bke.modifier): ./source/blender/blenkernel/intern/modifier.cc:461 BKE_modifier_set_error: Object: "Filler13_outer_mold_rail.003", Modifier: "Face weighted corner normals", Enable 'Auto Smooth' in Object Data Properties
WARN (bke.modifier): ./source/blender/blenkernel/intern/modifier.cc:461 BKE_modifier_set_error: Object: "Filler13_outer_mold_rail.004", Modifier: "Face weighted corner normals", Enable 'Auto Smooth' in Object Data Properties
WARN (bke.modifier): ./source/blender/blenkernel/intern/modifier.cc:461 BKE_modifier_set_error: Object: "Filler19_outer_mold_rail.002", Modifier: "Face weighted corner normals", Enable 'Auto Smooth' in Object Data Properties
WARN (bke.modifier): ./source/blender/blenkernel/intern/modifier.cc:461 BKE_modifier_set_error: Object: "Filler13_internal_cross_rib", Modifier: "Face weighted corner normals", Enable 'Auto Smooth' in Object Data Properties
WARN (bke.modifier): ./source/blender/blenkernel/intern/modifier.cc:461 BKE_modifier_set_error: Object: "Filler13_outer_mold_rail.005", Modifier: "Face weighted corner normals", Enable 'Auto Smooth' in Object Data Properties
WARN (bke.modifier): ./source/blender/blenkernel/intern/modifier.cc:461 BKE_modifier_set_error: Object: "Filler13_internal_cross_rib.001", Modifier: "Face weighted corner normals", Enable 'Auto Smooth' in Object Data Properties
WARN (bke.modifier): ./source/blender/blenkernel/intern/modifier.cc:461 BKE_modifier_set_error: Object: "Filler13_internal_cross_rib.002", Modifier: "Face weighted corner normals", Enable 'Auto Smooth' in Object Data Properties
WARN (bke.modifier): ./source/blender/blenkernel/intern/modifier.cc:461 BKE_modifier_set_error: Object: "Filler12_lower_shaped_foot", Modifier: "Face weighted corner normals", Enable 'Auto Smooth' in Object Data Properties
WARN (bke.modifier): ./source/blender/blenkernel/intern/modifier.cc:461 BKE_modifier_set_error: Object: "Filler13_internal_cross_rib.003", Modifier: "Face weighted corner normals", Enable 'Auto Smooth' in Object Data Properties
WARN (bke.modifier): ./source/blender/blenkernel/intern/modifier.cc:461 BKE_modifier_set_error: Object: "Filler13_internal_cross_rib.004", Modifier: "Face weighted corner normals", Enable 'Auto Smooth' in Object Data Properties
WARN (bke.modifier): ./source/blender/blenkernel/intern/modifier.cc:461 BKE_modifier_set_error: Object: "Filler19_outer_mold_rail.001", Modifier: "Face weighted corner normals", Enable 'Auto Smooth' in Object Data Properties
WARN (bke.modifier): ./source/blender/blenkernel/intern/modifier.cc:461 BKE_modifier_set_error: Object: "Filler13_fine_vertical_pad_rib", Modifier: "Face weighted corner normals", Enable 'Auto Smooth' in Object Data Properties
WARN (bke.modifier): ./source/blender/blenkernel/intern/modifier.cc:461 BKE_modifier_set_error: Object: "Filler13_mold_parting_land", Modifier: "Face weighted corner normals", Enable 'Auto Smooth' in Object Data Properties
WARN (bke.modifier): ./source/blender/blenkernel/intern/modifier.cc:461 BKE_modifier_set_error: Object: "Filler13_mold_parting_land.001", Modifier: "Face weighted corner normals", Enable 'Auto Smooth' in Object Data Properties
WARN (bke.modifier): ./source/blender/blenkernel/intern/modifier.cc:461 BKE_modifier_set_error: Object: "Filler13_top_cross_cap", Modifier: "Face weighted corner normals", Enable 'Auto Smooth' in Object Data Properties
WARN (bke.modifier): ./source/blender/blenkernel/intern/modifier.cc:461 BKE_modifier_set_error: Object: "Filler13_top_hook_cheek", Modifier: "Face weighted corner normals", Enable 'Auto Smooth' in Object Data Properties
WARN (bke.modifier): ./source/blender/blenkernel/intern/modifier.cc:461 BKE_modifier_set_error: Object: "Filler13_fine_vertical_pad_rib.001", Modifier: "Face weighted corner normals", Enable 'Auto Smooth' in Object Data Properties
WARN (bke.modifier): ./source/blender/blenkernel/intern/modifier.cc:461 BKE_modifier_set_error: Object: "Filler13_top_hook_cheek.001", Modifier: "Face weighted corner normals", Enable 'Auto Smooth' in Object Data Properties
WARN (bke.modifier): ./source/blender/blenkernel/intern/modifier.cc:461 BKE_modifier_set_error: Object: "Filler19_outer_mold_rail", Modifier: "Face weighted corner normals", Enable 'Auto Smooth' in Object Data Properties
WARN (bke.modifier): ./source/blender/blenkernel/intern/modifier.cc:461 BKE_modifier_set_error: Object: "Filler13_lower_step_bottom", Modifier: "Face weighted corner normals", Enable 'Auto Smooth' in Object Data Properties
WARN (bke.modifier): ./source/blender/blenkernel/intern/modifier.cc:461 BKE_modifier_set_error: Object: "Filler13_lower_step_top", Modifier: "Face weighted corner normals", Enable 'Auto Smooth' in Object Data Properties
WARN (bke.modifier): ./source/blender/blenkernel/intern/modifier.cc:461 BKE_modifier_set_error: Object: "Filler13_frame_bottom_bar", Modifier: "Face weighted corner normals", Enable 'Auto Smooth' in Object Data Properties
WARN (bke.modifier): ./source/blender/blenkernel/intern/modifier.cc:461 BKE_modifier_set_error: Object: "Filler13_recessed_contact_sliver", Modifier: "Face weighted corner normals", Enable 'Auto Smooth' in Object Data Properties
WARN (bke.modifier): ./source/blender/blenkernel/intern/modifier.cc:461 BKE_modifier_set_error: Object: "Filler13_recessed_contact_sliver.001", Modifier: "Face weighted corner normals", Enable 'Auto Smooth' in Object Data Properties
WARN (bke.modifier): ./source/blender/blenkernel/intern/modifier.cc:461 BKE_modifier_set_error: Object: "Filler19_inner_sidewall_-1", Modifier: "Face weighted corner normals", Enable 'Auto Smooth' in Object Data Properties
WARN (bke.modifier): ./source/blender/blenkernel/intern/modifier.cc:461 BKE_modifier_set_error: Object: "Filler13_recessed_contact_sliver.002", Modifier: "Face weighted corner normals", Enable 'Auto Smooth' in Object Data Properties
WARN (bke.modifier): ./source/blender/blenkernel/intern/modifier.cc:461 BKE_modifier_set_error: Object: "Filler13_upper_inset_pad", Modifier: "Face weighted corner normals", Enable 'Auto Smooth' in Object Data Properties
WARN (bke.modifier): ./source/blender/blenkernel/intern/modifier.cc:461 BKE_modifier_set_error: Object: "Filler13_recessed_contact_sliver.003", Modifier: "Face weighted corner normals", Enable 'Auto Smooth' in Object Data Properties
WARN (bke.modifier): ./source/blender/blenkernel/intern/modifier.cc:461 BKE_modifier_set_error: Object: "Filler13_recessed_contact_sliver.005", Modifier: "Face weighted corner normals", Enable 'Auto Smooth' in Object Data Properties
WARN (bke.modifier): ./source/blender/blenkernel/intern/modifier.cc:461 BKE_modifier_set_error: Object: "Filler13_recessed_contact_sliver.004", Modifier: "Face weighted corner normals", Enable 'Auto Smooth' in Object Data Properties
WARN (bke.modifier): ./source/blender/blenkernel/intern/modifier.cc:461 BKE_modifier_set_error: Object: "Filler18_retention_edge", Modifier: "Face weighted corner normals", Enable 'Auto Smooth' in Object Data Properties
WARN (bke.modifier): ./source/blender/blenkernel/intern/modifier.cc:461 BKE_modifier_set_error: Object: "Filler13_recessed_contact_sliver.006", Modifier: "Face weighted corner normals", Enable 'Auto Smooth' in Object Data Properties
WARN (bke.modifier): ./source/blender/blenkernel/intern/modifier.cc:461 BKE_modifier_set_error: Object: "Filler13_recessed_contact_sliver.007", Modifier: "Face weighted corner normals", Enable 'Auto Smooth' in Object Data Properties
WARN (bke.modifier): ./source/blender/blenkernel/intern/modifier.cc:461 BKE_modifier_set_error: Object: "Filler13_recessed_contact_sliver.008", Modifier: "Face weighted corner normals", Enable 'Auto Smooth' in Object Data Properties
WARN (bke.modifier): ./source/blender/blenkernel/intern/modifier.cc:461 BKE_modifier_set_error: Object: "Filler14_inner_sidewall_-1", Modifier: "Face weighted corner normals", Enable 'Auto Smooth' in Object Data Properties
WARN (bke.modifier): ./source/blender/blenkernel/intern/modifier.cc:461 BKE_modifier_set_error: Object: "Filler14_outer_mold_rail", Modifier: "Face weighted corner normals", Enable 'Auto Smooth' in Object Data Properties
WARN (bke.modifier): ./source/blender/blenkernel/intern/modifier.cc:461 BKE_modifier_set_error: Object: "Filler18_recessed_contact_sliver.009", Modifier: "Face weighted corner normals", Enable 'Auto Smooth' in Object Data Properties
WARN (bke.modifier): ./source/blender/blenkernel/intern/modifier.cc:461 BKE_modifier_set_error: Object: "Filler14_outer_mold_rail.003", Modifier: "Face weighted corner normals", Enable 'Auto Smooth' in Object Data Properties
WARN (bke.modifier): ./source/blender/blenkernel/intern/modifier.cc:461 BKE_modifier_set_error: Object: "Filler14_outer_mold_rail.004", Modifier: "Face weighted corner normals", Enable 'Auto Smooth' in Object Data Properties
WARN (bke.modifier): ./source/blender/blenkernel/intern/modifier.cc:461 BKE_modifier_set_error: Object: "Filler18_recessed_contact_sliver.008", Modifier: "Face weighted corner normals", Enable 'Auto Smooth' in Object Data Properties
WARN (bke.modifier): ./source/blender/blenkernel/intern/modifier.cc:461 BKE_modifier_set_error: Object: "Filler14_internal_cross_rib", Modifier: "Face weighted corner normals", Enable 'Auto Smooth' in Object Data Properties
WARN (bke.modifier): ./source/blender/blenkernel/intern/modifier.cc:461 BKE_modifier_set_error: Object: "Filler18_recessed_contact_sliver.007", Modifier: "Face weighted corner normals", Enable 'Auto Smooth' in Object Data Properties
WARN (bke.modifier): ./source/blender/blenkernel/intern/modifier.cc:461 BKE_modifier_set_error: Object: "Filler14_outer_mold_rail.005", Modifier: "Face weighted corner normals", Enable 'Auto Smooth' in Object Data Properties
WARN (bke.modifier): ./source/blender/blenkernel/intern/modifier.cc:461 BKE_modifier_set_error: Object: "Filler14_internal_cross_rib.001", Modifier: "Face weighted corner normals", Enable 'Auto Smooth' in Object Data Properties
WARN (bke.modifier): ./source/blender/blenkernel/intern/modifier.cc:461 BKE_modifier_set_error: Object: "Filler18_recessed_contact_sliver.006", Modifier: "Face weighted corner normals", Enable 'Auto Smooth' in Object Data Properties
WARN (bke.modifier): ./source/blender/blenkernel/intern/modifier.cc:461 BKE_modifier_set_error: Object: "Filler14_internal_cross_rib.002", Modifier: "Face weighted corner normals", Enable 'Auto Smooth' in Object Data Properties
WARN (bke.modifier): ./source/blender/blenkernel/intern/modifier.cc:461 BKE_modifier_set_error: Object: "Filler18_recessed_contact_sliver.005", Modifier: "Face weighted corner normals", Enable 'Auto Smooth' in Object Data Properties
WARN (bke.modifier): ./source/blender/blenkernel/intern/modifier.cc:461 BKE_modifier_set_error: Object: "Filler14_internal_cross_rib.003", Modifier: "Face weighted corner normals", Enable 'Auto Smooth' in Object Data Properties
WARN (bke.modifier): ./source/blender/blenkernel/intern/modifier.cc:461 BKE_modifier_set_error: Object: "Filler14_internal_cross_rib.004", Modifier: "Face weighted corner normals", Enable 'Auto Smooth' in Object Data Properties
WARN (bke.modifier): ./source/blender/blenkernel/intern/modifier.cc:461 BKE_modifier_set_error: Object: "Filler18_recessed_contact_sliver.004", Modifier: "Face weighted corner normals", Enable 'Auto Smooth' in Object Data Properties
WARN (bke.modifier): ./source/blender/blenkernel/intern/modifier.cc:461 BKE_modifier_set_error: Object: "Filler14_fine_vertical_pad_rib", Modifier: "Face weighted corner normals", Enable 'Auto Smooth' in Object Data Properties
WARN (bke.modifier): ./source/blender/blenkernel/intern/modifier.cc:461 BKE_modifier_set_error: Object: "Filler18_recessed_contact_sliver.003", Modifier: "Face weighted corner normals", Enable 'Auto Smooth' in Object Data Properties
WARN (bke.modifier): ./source/blender/blenkernel/intern/modifier.cc:461 BKE_modifier_set_error: Object: "Filler14_mold_parting_land", Modifier: "Face weighted corner normals", Enable 'Auto Smooth' in Object Data Properties
WARN (bke.modifier): ./source/blender/blenkernel/intern/modifier.cc:461 BKE_modifier_set_error: Object: "Filler18_recessed_contact_sliver.002", Modifier: "Face weighted corner normals", Enable 'Auto Smooth' in Object Data Properties
WARN (bke.modifier): ./source/blender/blenkernel/intern/modifier.cc:461 BKE_modifier_set_error: Object: "Filler14_fine_vertical_pad_rib.001", Modifier: "Face weighted corner normals", Enable 'Auto Smooth' in Object Data Properties
WARN (bke.modifier): ./source/blender/blenkernel/intern/modifier.cc:461 BKE_modifier_set_error: Object: "Filler14_long_center_pad", Modifier: "Face weighted corner normals", Enable 'Auto Smooth' in Object Data Properties
WARN (bke.modifier): ./source/blender/blenkernel/intern/modifier.cc:461 BKE_modifier_set_error: Object: "Filler18_recessed_contact_sliver.001", Modifier: "Face weighted corner normals", Enable 'Auto Smooth' in Object Data Properties
WARN (bke.modifier): ./source/blender/blenkernel/intern/modifier.cc:461 BKE_modifier_set_error: Object: "Filler14_mold_parting_land.001", Modifier: "Face weighted corner normals", Enable 'Auto Smooth' in Object Data Properties
WARN (bke.modifier): ./source/blender/blenkernel/intern/modifier.cc:461 BKE_modifier_set_error: Object: "Filler18_recessed_contact_sliver", Modifier: "Face weighted corner normals", Enable 'Auto Smooth' in Object Data Properties
WARN (bke.modifier): ./source/blender/blenkernel/intern/modifier.cc:461 BKE_modifier_set_error: Object: "Filler13_retention_edge", Modifier: "Face weighted corner normals", Enable 'Auto Smooth' in Object Data Properties
WARN (bke.modifier): ./source/blender/blenkernel/intern/modifier.cc:461 BKE_modifier_set_error: Object: "Filler14_outer_mold_rail.001", Modifier: "Face weighted corner normals", Enable 'Auto Smooth' in Object Data Properties
WARN (bke.modifier): ./source/blender/blenkernel/intern/modifier.cc:461 BKE_modifier_set_error: Object: "Filler14_top_cross_cap", Modifier: "Face weighted corner normals", Enable 'Auto Smooth' in Object Data Properties
WARN (bke.modifier): ./source/blender/blenkernel/intern/modifier.cc:461 BKE_modifier_set_error: Object: "Filler14_outer_mold_rail.002", Modifier: "Face weighted corner normals", Enable 'Auto Smooth' in Object Data Properties
WARN (bke.modifier): ./source/blender/blenkernel/intern/modifier.cc:461 BKE_modifier_set_error: Object: "Filler13_long_center_pad", Modifier: "Face weighted corner normals", Enable 'Auto Smooth' in Object Data Properties
WARN (bke.modifier): ./source/blender/blenkernel/intern/modifier.cc:461 BKE_modifier_set_error: Object: "Filler18_frame_bottom_bar", Modifier: "Face weighted corner normals", Enable 'Auto Smooth' in Object Data Properties
WARN (bke.modifier): ./source/blender/blenkernel/intern/modifier.cc:461 BKE_modifier_set_error: Object: "Filler14_upper_inset_pad", Modifier: "Face weighted corner normals", Enable 'Auto Smooth' in Object Data Properties
WARN (bke.modifier): ./source/blender/blenkernel/intern/modifier.cc:461 BKE_modifier_set_error: Object: "Filler14_top_hook_cheek", Modifier: "Face weighted corner normals", Enable 'Auto Smooth' in Object Data Properties
WARN (bke.modifier): ./source/blender/blenkernel/intern/modifier.cc:461 BKE_modifier_set_error: Object: "Filler14_top_hook_cheek.001", Modifier: "Face weighted corner normals", Enable 'Auto Smooth' in Object Data Properties
WARN (bke.modifier): ./source/blender/blenkernel/intern/modifier.cc:461 BKE_modifier_set_error: Object: "Filler18_lower_step_bottom", Modifier: "Face weighted corner normals", Enable 'Auto Smooth' in Object Data Properties
WARN (bke.modifier): ./source/blender/blenkernel/intern/modifier.cc:461 BKE_modifier_set_error: Object: "Filler14_lower_step_top", Modifier: "Face weighted corner normals", Enable 'Auto Smooth' in Object Data Properties
WARN (bke.modifier): ./source/blender/blenkernel/intern/modifier.cc:461 BKE_modifier_set_error: Object: "Filler14_lower_step_bottom", Modifier: "Face weighted corner normals", Enable 'Auto Smooth' in Object Data Properties
WARN (bke.modifier): ./source/blender/blenkernel/intern/modifier.cc:461 BKE_modifier_set_error: Object: "Filler14_frame_bottom_bar", Modifier: "Face weighted corner normals", Enable 'Auto Smooth' in Object Data Properties
WARN (bke.modifier): ./source/blender/blenkernel/intern/modifier.cc:461 BKE_modifier_set_error: Object: "Filler14_recessed_contact_sliver", Modifier: "Face weighted corner normals", Enable 'Auto Smooth' in Object Data Properties
WARN (bke.modifier): ./source/blender/blenkernel/intern/modifier.cc:461 BKE_modifier_set_error: Object: "Filler18_lower_step_top", Modifier: "Face weighted corner normals", Enable 'Auto Smooth' in Object Data Properties
WARN (bke.modifier): ./source/blender/blenkernel/intern/modifier.cc:461 BKE_modifier_set_error: Object: "Filler14_recessed_contact_sliver.001", Modifier: "Face weighted corner normals", Enable 'Auto Smooth' in Object Data Properties
WARN (bke.modifier): ./source/blender/blenkernel/intern/modifier.cc:461 BKE_modifier_set_error: Object: "Filler14_recessed_contact_sliver.003", Modifier: "Face weighted corner normals", Enable 'Auto Smooth' in Object Data Properties
WARN (bke.modifier): ./source/blender/blenkernel/intern/modifier.cc:461 BKE_modifier_set_error: Object: "Filler14_recessed_contact_sliver.004", Modifier: "Face weighted corner normals", Enable 'Auto Smooth' in Object Data Properties
WARN (bke.modifier): ./source/blender/blenkernel/intern/modifier.cc:461 BKE_modifier_set_error: Object: "Filler14_recessed_contact_sliver.002", Modifier: "Face weighted corner normals", Enable 'Auto Smooth' in Object Data Properties
WARN (bke.modifier): ./source/blender/blenkernel/intern/modifier.cc:461 BKE_modifier_set_error: Object: "Filler14_recessed_contact_sliver.005", Modifier: "Face weighted corner normals", Enable 'Auto Smooth' in Object Data Properties
WARN (bke.modifier): ./source/blender/blenkernel/intern/modifier.cc:461 BKE_modifier_set_error: Object: "Filler14_recessed_contact_sliver.007", Modifier: "Face weighted corner normals", Enable 'Auto Smooth' in Object Data Properties
WARN (bke.modifier): ./source/blender/blenkernel/intern/modifier.cc:461 BKE_modifier_set_error: Object: "Filler14_recessed_contact_sliver.008", Modifier: "Face weighted corner normals", Enable 'Auto Smooth' in Object Data Properties
WARN (bke.modifier): ./source/blender/blenkernel/intern/modifier.cc:461 BKE_modifier_set_error: Object: "Filler14_recessed_contact_sliver.006", Modifier: "Face weighted corner normals", Enable 'Auto Smooth' in Object Data Properties
WARN (bke.modifier): ./source/blender/blenkernel/intern/modifier.cc:461 BKE_modifier_set_error: Object: "Filler14_recessed_contact_sliver.009", Modifier: "Face weighted corner normals", Enable 'Auto Smooth' in Object Data Properties
WARN (bke.modifier): ./source/blender/blenkernel/intern/modifier.cc:461 BKE_modifier_set_error: Object: "Filler14_retention_edge", Modifier: "Face weighted corner normals", Enable 'Auto Smooth' in Object Data Properties
WARN (bke.modifier): ./source/blender/blenkernel/intern/modifier.cc:461 BKE_modifier_set_error: Object: "Filler15_inner_sidewall_-1", Modifier: "Face weighted corner normals", Enable 'Auto Smooth' in Object Data Properties
WARN (bke.modifier): ./source/blender/blenkernel/intern/modifier.cc:461 BKE_modifier_set_error: Object: "Filler15_outer_mold_rail", Modifier: "Face weighted corner normals", Enable 'Auto Smooth' in Object Data Properties
WARN (bke.modifier): ./source/blender/blenkernel/intern/modifier.cc:461 BKE_modifier_set_error: Object: "Filler15_outer_mold_rail.001", Modifier: "Face weighted corner normals", Enable 'Auto Smooth' in Object Data Properties
WARN (bke.modifier): ./source/blender/blenkernel/intern/modifier.cc:461 BKE_modifier_set_error: Object: "Filler15_outer_mold_rail.002", Modifier: "Face weighted corner normals", Enable 'Auto Smooth' in Object Data Properties
WARN (bke.modifier): ./source/blender/blenkernel/intern/modifier.cc:461 BKE_modifier_set_error: Object: "Filler15_inner_sidewall_1", Modifier: "Face weighted corner normals", Enable 'Auto Smooth' in Object Data Properties
WARN (bke.modifier): ./source/blender/blenkernel/intern/modifier.cc:461 BKE_modifier_set_error: Object: "Filler15_outer_mold_rail.003", Modifier: "Face weighted corner normals", Enable 'Auto Smooth' in Object Data Properties
WARN (bke.modifier): ./source/blender/blenkernel/intern/modifier.cc:461 BKE_modifier_set_error: Object: "Filler15_outer_mold_rail.004", Modifier: "Face weighted corner normals", Enable 'Auto Smooth' in Object Data Properties
WARN (bke.modifier): ./source/blender/blenkernel/intern/modifier.cc:461 BKE_modifier_set_error: Object: "Filler15_outer_mold_rail.005", Modifier: "Face weighted corner normals", Enable 'Auto Smooth' in Object Data Properties
WARN (bke.modifier): ./source/blender/blenkernel/intern/modifier.cc:461 BKE_modifier_set_error: Object: "Filler15_internal_cross_rib", Modifier: "Face weighted corner normals", Enable 'Auto Smooth' in Object Data Properties
WARN (bke.modifier): ./source/blender/blenkernel/intern/modifier.cc:461 BKE_modifier_set_error: Object: "Filler18_lower_shaped_foot", Modifier: "Face weighted corner normals", Enable 'Auto Smooth' in Object Data Properties
WARN (bke.modifier): ./source/blender/blenkernel/intern/modifier.cc:461 BKE_modifier_set_error: Object: "Filler13_recessed_contact_sliver.009", Modifier: "Face weighted corner normals", Enable 'Auto Smooth' in Object Data Properties
WARN (bke.modifier): ./source/blender/blenkernel/intern/modifier.cc:461 BKE_modifier_set_error: Object: "Filler14_inner_sidewall_1", Modifier: "Face weighted corner normals", Enable 'Auto Smooth' in Object Data Properties
WARN (bke.modifier): ./source/blender/blenkernel/intern/modifier.cc:461 BKE_modifier_set_error: Object: "Filler15_internal_cross_rib.004", Modifier: "Face weighted corner normals", Enable 'Auto Smooth' in Object Data Properties
WARN (bke.modifier): ./source/blender/blenkernel/intern/modifier.cc:461 BKE_modifier_set_error: Object: "Filler15_internal_cross_rib.003", Modifier: "Face weighted corner normals", Enable 'Auto Smooth' in Object Data Properties
WARN (bke.modifier): ./source/blender/blenkernel/intern/modifier.cc:461 BKE_modifier_set_error: Object: "Filler18_top_hook_cheek.001", Modifier: "Face weighted corner normals", Enable 'Auto Smooth' in Object Data Properties
WARN (bke.modifier): ./source/blender/blenkernel/intern/modifier.cc:461 BKE_modifier_set_error: Object: "Filler15_fine_vertical_pad_rib", Modifier: "Face weighted corner normals", Enable 'Auto Smooth' in Object Data Properties
WARN (bke.modifier): ./source/blender/blenkernel/intern/modifier.cc:461 BKE_modifier_set_error: Object: "Filler15_mold_parting_land", Modifier: "Face weighted corner normals", Enable 'Auto Smooth' in Object Data Properties
WARN (bke.modifier): ./source/blender/blenkernel/intern/modifier.cc:461 BKE_modifier_set_error: Object: "Filler15_mold_parting_land.001", Modifier: "Face weighted corner normals", Enable 'Auto Smooth' in Object Data Properties
WARN (bke.modifier): ./source/blender/blenkernel/intern/modifier.cc:461 BKE_modifier_set_error: Object: "Filler15_fine_vertical_pad_rib.001", Modifier: "Face weighted corner normals", Enable 'Auto Smooth' in Object Data Properties
WARN (bke.modifier): ./source/blender/blenkernel/intern/modifier.cc:461 BKE_modifier_set_error: Object: "Filler18_top_hook_cheek", Modifier: "Face weighted corner normals", Enable 'Auto Smooth' in Object Data Properties
WARN (bke.modifier): ./source/blender/blenkernel/intern/modifier.cc:461 BKE_modifier_set_error: Object: "Filler13_lower_shaped_foot", Modifier: "Face weighted corner normals", Enable 'Auto Smooth' in Object Data Properties
WARN (bke.modifier): ./source/blender/blenkernel/intern/modifier.cc:461 BKE_modifier_set_error: Object: "Filler15_top_cross_cap", Modifier: "Face weighted corner normals", Enable 'Auto Smooth' in Object Data Properties
WARN (bke.modifier): ./source/blender/blenkernel/intern/modifier.cc:461 BKE_modifier_set_error: Object: "Filler15_top_hook_cheek", Modifier: "Face weighted corner normals", Enable 'Auto Smooth' in Object Data Properties
WARN (bke.modifier): ./source/blender/blenkernel/intern/modifier.cc:461 BKE_modifier_set_error: Object: "Filler15_top_hook_cheek.001", Modifier: "Face weighted corner normals", Enable 'Auto Smooth' in Object Data Properties
WARN (bke.modifier): ./source/blender/blenkernel/intern/modifier.cc:461 BKE_modifier_set_error: Object: "Filler18_top_cross_cap", Modifier: "Face weighted corner normals", Enable 'Auto Smooth' in Object Data Properties
WARN (bke.modifier): ./source/blender/blenkernel/intern/modifier.cc:461 BKE_modifier_set_error: Object: "Filler15_long_center_pad", Modifier: "Face weighted corner normals", Enable 'Auto Smooth' in Object Data Properties
WARN (bke.modifier): ./source/blender/blenkernel/intern/modifier.cc:461 BKE_modifier_set_error: Object: "Filler15_lower_step_top", Modifier: "Face weighted corner normals", Enable 'Auto Smooth' in Object Data Properties
WARN (bke.modifier): ./source/blender/blenkernel/intern/modifier.cc:461 BKE_modifier_set_error: Object: "Filler15_lower_step_bottom", Modifier: "Face weighted corner normals", Enable 'Auto Smooth' in Object Data Properties
WARN (bke.modifier): ./source/blender/blenkernel/intern/modifier.cc:461 BKE_modifier_set_error: Object: "Filler15_frame_bottom_bar", Modifier: "Face weighted corner normals", Enable 'Auto Smooth' in Object Data Properties
WARN (bke.modifier): ./source/blender/blenkernel/intern/modifier.cc:461 BKE_modifier_set_error: Object: "Filler15_recessed_contact_sliver", Modifier: "Face weighted corner normals", Enable 'Auto Smooth' in Object Data Properties
WARN (bke.modifier): ./source/blender/blenkernel/intern/modifier.cc:461 BKE_modifier_set_error: Object: "Filler15_upper_inset_pad", Modifier: "Face weighted corner normals", Enable 'Auto Smooth' in Object Data Properties
WARN (bke.modifier): ./source/blender/blenkernel/intern/modifier.cc:461 BKE_modifier_set_error: Object: "Filler15_recessed_contact_sliver.001", Modifier: "Face weighted corner normals", Enable 'Auto Smooth' in Object Data Properties
WARN (bke.modifier): ./source/blender/blenkernel/intern/modifier.cc:461 BKE_modifier_set_error: Object: "Filler15_recessed_contact_sliver.002", Modifier: "Face weighted corner normals", Enable 'Auto Smooth' in Object Data Properties
WARN (bke.modifier): ./source/blender/blenkernel/intern/modifier.cc:461 BKE_modifier_set_error: Object: "Filler14_lower_shaped_foot", Modifier: "Face weighted corner normals", Enable 'Auto Smooth' in Object Data Properties
WARN (bke.modifier): ./source/blender/blenkernel/intern/modifier.cc:461 BKE_modifier_set_error: Object: "Filler18_upper_inset_pad", Modifier: "Face weighted corner normals", Enable 'Auto Smooth' in Object Data Properties
WARN (bke.modifier): ./source/blender/blenkernel/intern/modifier.cc:461 BKE_modifier_set_error: Object: "Filler15_recessed_contact_sliver.003", Modifier: "Face weighted corner normals", Enable 'Auto Smooth' in Object Data Properties
WARN (bke.modifier): ./source/blender/blenkernel/intern/modifier.cc:461 BKE_modifier_set_error: Object: "Filler15_recessed_contact_sliver.005", Modifier: "Face weighted corner normals", Enable 'Auto Smooth' in Object Data Properties
WARN (bke.modifier): ./source/blender/blenkernel/intern/modifier.cc:461 BKE_modifier_set_error: Object: "Filler15_recessed_contact_sliver.004", Modifier: "Face weighted corner normals", Enable 'Auto Smooth' in Object Data Properties
WARN (bke.modifier): ./source/blender/blenkernel/intern/modifier.cc:461 BKE_modifier_set_error: Object: "Filler18_mold_parting_land.001", Modifier: "Face weighted corner normals", Enable 'Auto Smooth' in Object Data Properties
WARN (bke.modifier): ./source/blender/blenkernel/intern/modifier.cc:461 BKE_modifier_set_error: Object: "Filler15_recessed_contact_sliver.006", Modifier: "Face weighted corner normals", Enable 'Auto Smooth' in Object Data Properties
WARN (bke.modifier): ./source/blender/blenkernel/intern/modifier.cc:461 BKE_modifier_set_error: Object: "Filler15_recessed_contact_sliver.008", Modifier: "Face weighted corner normals", Enable 'Auto Smooth' in Object Data Properties
WARN (bke.modifier): ./source/blender/blenkernel/intern/modifier.cc:461 BKE_modifier_set_error: Object: "Filler15_recessed_contact_sliver.007", Modifier: "Face weighted corner normals", Enable 'Auto Smooth' in Object Data Properties
WARN (bke.modifier): ./source/blender/blenkernel/intern/modifier.cc:461 BKE_modifier_set_error: Object: "Filler15_recessed_contact_sliver.009", Modifier: "Face weighted corner normals", Enable 'Auto Smooth' in Object Data Properties
WARN (bke.modifier): ./source/blender/blenkernel/intern/modifier.cc:461 BKE_modifier_set_error: Object: "Filler18_fine_vertical_pad_rib.001", Modifier: "Face weighted corner normals", Enable 'Auto Smooth' in Object Data Properties
WARN (bke.modifier): ./source/blender/blenkernel/intern/modifier.cc:461 BKE_modifier_set_error: Object: "Filler15_retention_edge", Modifier: "Face weighted corner normals", Enable 'Auto Smooth' in Object Data Properties
WARN (bke.modifier): ./source/blender/blenkernel/intern/modifier.cc:461 BKE_modifier_set_error: Object: "Filler16_inner_sidewall_-1", Modifier: "Face weighted corner normals", Enable 'Auto Smooth' in Object Data Properties
WARN (bke.modifier): ./source/blender/blenkernel/intern/modifier.cc:461 BKE_modifier_set_error: Object: "Filler18_mold_parting_land", Modifier: "Face weighted corner normals", Enable 'Auto Smooth' in Object Data Properties
WARN (bke.modifier): ./source/blender/blenkernel/intern/modifier.cc:461 BKE_modifier_set_error: Object: "Filler16_outer_mold_rail", Modifier: "Face weighted corner normals", Enable 'Auto Smooth' in Object Data Properties
WARN (bke.modifier): ./source/blender/blenkernel/intern/modifier.cc:461 BKE_modifier_set_error: Object: "Filler16_outer_mold_rail.001", Modifier: "Face weighted corner normals", Enable 'Auto Smooth' in Object Data Properties
WARN (bke.modifier): ./source/blender/blenkernel/intern/modifier.cc:461 BKE_modifier_set_error: Object: "Filler16_outer_mold_rail.002", Modifier: "Face weighted corner normals", Enable 'Auto Smooth' in Object Data Properties
WARN (bke.modifier): ./source/blender/blenkernel/intern/modifier.cc:461 BKE_modifier_set_error: Object: "Filler16_inner_sidewall_1", Modifier: "Face weighted corner normals", Enable 'Auto Smooth' in Object Data Properties
WARN (bke.modifier): ./source/blender/blenkernel/intern/modifier.cc:461 BKE_modifier_set_error: Object: "Filler18_fine_vertical_pad_rib", Modifier: "Face weighted corner normals", Enable 'Auto Smooth' in Object Data Properties
WARN (bke.modifier): ./source/blender/blenkernel/intern/modifier.cc:461 BKE_modifier_set_error: Object: "Filler16_outer_mold_rail.005", Modifier: "Face weighted corner normals", Enable 'Auto Smooth' in Object Data Properties
WARN (bke.modifier): ./source/blender/blenkernel/intern/modifier.cc:461 BKE_modifier_set_error: Object: "Filler16_outer_mold_rail.003", Modifier: "Face weighted corner normals", Enable 'Auto Smooth' in Object Data Properties
WARN (bke.modifier): ./source/blender/blenkernel/intern/modifier.cc:461 BKE_modifier_set_error: Object: "Filler16_outer_mold_rail.004", Modifier: "Face weighted corner normals", Enable 'Auto Smooth' in Object Data Properties
WARN (bke.modifier): ./source/blender/blenkernel/intern/modifier.cc:461 BKE_modifier_set_error: Object: "Filler16_internal_cross_rib", Modifier: "Face weighted corner normals", Enable 'Auto Smooth' in Object Data Properties
WARN (bke.modifier): ./source/blender/blenkernel/intern/modifier.cc:461 BKE_modifier_set_error: Object: "Filler16_internal_cross_rib.002", Modifier: "Face weighted corner normals", Enable 'Auto Smooth' in Object Data Properties
WARN (bke.modifier): ./source/blender/blenkernel/intern/modifier.cc:461 BKE_modifier_set_error: Object: "Filler16_internal_cross_rib.004", Modifier: "Face weighted corner normals", Enable 'Auto Smooth' in Object Data Properties
WARN (bke.modifier): ./source/blender/blenkernel/intern/modifier.cc:461 BKE_modifier_set_error: Object: "Filler15_internal_cross_rib.002", Modifier: "Face weighted corner normals", Enable 'Auto Smooth' in Object Data Properties
WARN (bke.modifier): ./source/blender/blenkernel/intern/modifier.cc:461 BKE_modifier_set_error: Object: "Filler16_fine_vertical_pad_rib", Modifier: "Face weighted corner normals", Enable 'Auto Smooth' in Object Data Properties
WARN (bke.modifier): ./source/blender/blenkernel/intern/modifier.cc:461 BKE_modifier_set_error: Object: "Filler16_mold_parting_land", Modifier: "Face weighted corner normals", Enable 'Auto Smooth' in Object Data Properties
WARN (bke.modifier): ./source/blender/blenkernel/intern/modifier.cc:461 BKE_modifier_set_error: Object: "Filler16_fine_vertical_pad_rib.001", Modifier: "Face weighted corner normals", Enable 'Auto Smooth' in Object Data Properties
WARN (bke.modifier): ./source/blender/blenkernel/intern/modifier.cc:461 BKE_modifier_set_error: Object: "Filler16_mold_parting_land.001", Modifier: "Face weighted corner normals", Enable 'Auto Smooth' in Object Data Properties
WARN (bke.modifier): ./source/blender/blenkernel/intern/modifier.cc:461 BKE_modifier_set_error: Object: "Filler15_internal_cross_rib.001", Modifier: "Face weighted corner normals", Enable 'Auto Smooth' in Object Data Properties
WARN (bke.modifier): ./source/blender/blenkernel/intern/modifier.cc:461 BKE_modifier_set_error: Object: "Filler16_top_cross_cap", Modifier: "Face weighted corner normals", Enable 'Auto Smooth' in Object Data Properties
WARN (bke.modifier): ./source/blender/blenkernel/intern/modifier.cc:461 BKE_modifier_set_error: Object: "Filler18_long_center_pad", Modifier: "Face weighted corner normals", Enable 'Auto Smooth' in Object Data Properties
WARN (bke.modifier): ./source/blender/blenkernel/intern/modifier.cc:461 BKE_modifier_set_error: Object: "Filler16_top_hook_cheek", Modifier: "Face weighted corner normals", Enable 'Auto Smooth' in Object Data Properties
WARN (bke.modifier): ./source/blender/blenkernel/intern/modifier.cc:461 BKE_modifier_set_error: Object: "Filler16_top_hook_cheek.001", Modifier: "Face weighted corner normals", Enable 'Auto Smooth' in Object Data Properties
WARN (bke.modifier): ./source/blender/blenkernel/intern/modifier.cc:461 BKE_modifier_set_error: Object: "Filler16_long_center_pad", Modifier: "Face weighted corner normals", Enable 'Auto Smooth' in Object Data Properties
WARN (bke.modifier): ./source/blender/blenkernel/intern/modifier.cc:461 BKE_modifier_set_error: Object: "Filler15_lower_shaped_foot", Modifier: "Face weighted corner normals", Enable 'Auto Smooth' in Object Data Properties
WARN (bke.modifier): ./source/blender/blenkernel/intern/modifier.cc:461 BKE_modifier_set_error: Object: "Filler16_upper_inset_pad", Modifier: "Face weighted corner normals", Enable 'Auto Smooth' in Object Data Properties
WARN (bke.modifier): ./source/blender/blenkernel/intern/modifier.cc:461 BKE_modifier_set_error: Object: "Filler16_lower_step_bottom", Modifier: "Face weighted corner normals", Enable 'Auto Smooth' in Object Data Properties
WARN (bke.modifier): ./source/blender/blenkernel/intern/modifier.cc:461 BKE_modifier_set_error: Object: "Filler16_internal_cross_rib.001", Modifier: "Face weighted corner normals", Enable 'Auto Smooth' in Object Data Properties
WARN (bke.modifier): ./source/blender/blenkernel/intern/modifier.cc:461 BKE_modifier_set_error: Object: "Filler16_lower_step_top", Modifier: "Face weighted corner normals", Enable 'Auto Smooth' in Object Data Properties
WARN (bke.modifier): ./source/blender/blenkernel/intern/modifier.cc:461 BKE_modifier_set_error: Object: "Filler16_frame_bottom_bar", Modifier: "Face weighted corner normals", Enable 'Auto Smooth' in Object Data Properties
WARN (bke.modifier): ./source/blender/blenkernel/intern/modifier.cc:461 BKE_modifier_set_error: Object: "Filler16_internal_cross_rib.003", Modifier: "Face weighted corner normals", Enable 'Auto Smooth' in Object Data Properties
WARN (bke.modifier): ./source/blender/blenkernel/intern/modifier.cc:461 BKE_modifier_set_error: Object: "Filler18_internal_cross_rib.004", Modifier: "Face weighted corner normals", Enable 'Auto Smooth' in Object Data Properties
WARN (bke.modifier): ./source/blender/blenkernel/intern/modifier.cc:461 BKE_modifier_set_error: Object: "Filler16_recessed_contact_sliver", Modifier: "Face weighted corner normals", Enable 'Auto Smooth' in Object Data Properties
WARN (bke.modifier): ./source/blender/blenkernel/intern/modifier.cc:461 BKE_modifier_set_error: Object: "Filler16_recessed_contact_sliver.001", Modifier: "Face weighted corner normals", Enable 'Auto Smooth' in Object Data Properties
WARN (bke.modifier): ./source/blender/blenkernel/intern/modifier.cc:461 BKE_modifier_set_error: Object: "Filler16_recessed_contact_sliver.003", Modifier: "Face weighted corner normals", Enable 'Auto Smooth' in Object Data Properties
WARN (bke.modifier): ./source/blender/blenkernel/intern/modifier.cc:461 BKE_modifier_set_error: Object: "Filler16_recessed_contact_sliver.004", Modifier: "Face weighted corner normals", Enable 'Auto Smooth' in Object Data Properties
WARN (bke.modifier): ./source/blender/blenkernel/intern/modifier.cc:461 BKE_modifier_set_error: Object: "Filler16_recessed_contact_sliver.005", Modifier: "Face weighted corner normals", Enable 'Auto Smooth' in Object Data Properties
WARN (bke.modifier): ./source/blender/blenkernel/intern/modifier.cc:461 BKE_modifier_set_error: Object: "Filler16_recessed_contact_sliver.006", Modifier: "Face weighted corner normals", Enable 'Auto Smooth' in Object Data Properties
WARN (bke.modifier): ./source/blender/blenkernel/intern/modifier.cc:461 BKE_modifier_set_error: Object: "Filler16_recessed_contact_sliver.002", Modifier: "Face weighted corner normals", Enable 'Auto Smooth' in Object Data Properties
WARN (bke.modifier): ./source/blender/blenkernel/intern/modifier.cc:461 BKE_modifier_set_error: Object: "Filler16_recessed_contact_sliver.007", Modifier: "Face weighted corner normals", Enable 'Auto Smooth' in Object Data Properties
WARN (bke.modifier): ./source/blender/blenkernel/intern/modifier.cc:461 BKE_modifier_set_error: Object: "Filler18_internal_cross_rib.003", Modifier: "Face weighted corner normals", Enable 'Auto Smooth' in Object Data Properties
WARN (bke.modifier): ./source/blender/blenkernel/intern/modifier.cc:461 BKE_modifier_set_error: Object: "Filler16_recessed_contact_sliver.008", Modifier: "Face weighted corner normals", Enable 'Auto Smooth' in Object Data Properties
WARN (bke.modifier): ./source/blender/blenkernel/intern/modifier.cc:461 BKE_modifier_set_error: Object: "Filler16_recessed_contact_sliver.009", Modifier: "Face weighted corner normals", Enable 'Auto Smooth' in Object Data Properties
WARN (bke.modifier): ./source/blender/blenkernel/intern/modifier.cc:461 BKE_modifier_set_error: Object: "Filler16_retention_edge", Modifier: "Face weighted corner normals", Enable 'Auto Smooth' in Object Data Properties
WARN (bke.modifier): ./source/blender/blenkernel/intern/modifier.cc:461 BKE_modifier_set_error: Object: "Filler17_inner_sidewall_-1", Modifier: "Face weighted corner normals", Enable 'Auto Smooth' in Object Data Properties
WARN (bke.modifier): ./source/blender/blenkernel/intern/modifier.cc:461 BKE_modifier_set_error: Object: "Filler17_outer_mold_rail", Modifier: "Face weighted corner normals", Enable 'Auto Smooth' in Object Data Properties
WARN (bke.modifier): ./source/blender/blenkernel/intern/modifier.cc:461 BKE_modifier_set_error: Object: "Filler17_outer_mold_rail.001", Modifier: "Face weighted corner normals", Enable 'Auto Smooth' in Object Data Properties
WARN (bke.modifier): ./source/blender/blenkernel/intern/modifier.cc:461 BKE_modifier_set_error: Object: "Filler17_outer_mold_rail.002", Modifier: "Face weighted corner normals", Enable 'Auto Smooth' in Object Data Properties
WARN (bke.modifier): ./source/blender/blenkernel/intern/modifier.cc:461 BKE_modifier_set_error: Object: "Filler17_inner_sidewall_1", Modifier: "Face weighted corner normals", Enable 'Auto Smooth' in Object Data Properties
WARN (bke.modifier): ./source/blender/blenkernel/intern/modifier.cc:461 BKE_modifier_set_error: Object: "Filler18_internal_cross_rib.002", Modifier: "Face weighted corner normals", Enable 'Auto Smooth' in Object Data Properties
WARN (bke.modifier): ./source/blender/blenkernel/intern/modifier.cc:461 BKE_modifier_set_error: Object: "Filler17_outer_mold_rail.003", Modifier: "Face weighted corner normals", Enable 'Auto Smooth' in Object Data Properties
WARN (bke.modifier): ./source/blender/blenkernel/intern/modifier.cc:461 BKE_modifier_set_error: Object: "Filler17_outer_mold_rail.004", Modifier: "Face weighted corner normals", Enable 'Auto Smooth' in Object Data Properties
WARN (bke.modifier): ./source/blender/blenkernel/intern/modifier.cc:461 BKE_modifier_set_error: Object: "Filler17_outer_mold_rail.005", Modifier: "Face weighted corner normals", Enable 'Auto Smooth' in Object Data Properties
WARN (bke.modifier): ./source/blender/blenkernel/intern/modifier.cc:461 BKE_modifier_set_error: Object: "Filler17_internal_cross_rib", Modifier: "Face weighted corner normals", Enable 'Auto Smooth' in Object Data Properties
WARN (bke.modifier): ./source/blender/blenkernel/intern/modifier.cc:461 BKE_modifier_set_error: Object: "Filler17_internal_cross_rib.001", Modifier: "Face weighted corner normals", Enable 'Auto Smooth' in Object Data Properties
WARN (bke.modifier): ./source/blender/blenkernel/intern/modifier.cc:461 BKE_modifier_set_error: Object: "Filler16_lower_shaped_foot", Modifier: "Face weighted corner normals", Enable 'Auto Smooth' in Object Data Properties
WARN (bke.modifier): ./source/blender/blenkernel/intern/modifier.cc:461 BKE_modifier_set_error: Object: "Filler17_internal_cross_rib.002", Modifier: "Face weighted corner normals", Enable 'Auto Smooth' in Object Data Properties
WARN (bke.modifier): ./source/blender/blenkernel/intern/modifier.cc:461 BKE_modifier_set_error: Object: "Filler17_internal_cross_rib.003", Modifier: "Face weighted corner normals", Enable 'Auto Smooth' in Object Data Properties
WARN (bke.modifier): ./source/blender/blenkernel/intern/modifier.cc:461 BKE_modifier_set_error: Object: "Filler17_internal_cross_rib.004", Modifier: "Face weighted corner normals", Enable 'Auto Smooth' in Object Data Properties
WARN (bke.modifier): ./source/blender/blenkernel/intern/modifier.cc:461 BKE_modifier_set_error: Object: "Filler18_internal_cross_rib.001", Modifier: "Face weighted corner normals", Enable 'Auto Smooth' in Object Data Properties
WARN (bke.modifier): ./source/blender/blenkernel/intern/modifier.cc:461 BKE_modifier_set_error: Object: "Filler17_fine_vertical_pad_rib", Modifier: "Face weighted corner normals", Enable 'Auto Smooth' in Object Data Properties
WARN (bke.modifier): ./source/blender/blenkernel/intern/modifier.cc:461 BKE_modifier_set_error: Object: "Filler17_mold_parting_land", Modifier: "Face weighted corner normals", Enable 'Auto Smooth' in Object Data Properties
WARN (bke.modifier): ./source/blender/blenkernel/intern/modifier.cc:461 BKE_modifier_set_error: Object: "Filler17_fine_vertical_pad_rib.001", Modifier: "Face weighted corner normals", Enable 'Auto Smooth' in Object Data Properties
WARN (bke.modifier): ./source/blender/blenkernel/intern/modifier.cc:461 BKE_modifier_set_error: Object: "Filler17_mold_parting_land.001", Modifier: "Face weighted corner normals", Enable 'Auto Smooth' in Object Data Properties
WARN (bke.modifier): ./source/blender/blenkernel/intern/modifier.cc:461 BKE_modifier_set_error: Object: "Filler17_top_cross_cap", Modifier: "Face weighted corner normals", Enable 'Auto Smooth' in Object Data Properties
WARN (bke.modifier): ./source/blender/blenkernel/intern/modifier.cc:461 BKE_modifier_set_error: Object: "Filler17_top_hook_cheek.001", Modifier: "Face weighted corner normals", Enable 'Auto Smooth' in Object Data Properties
WARN (bke.modifier): ./source/blender/blenkernel/intern/modifier.cc:461 BKE_modifier_set_error: Object: "Filler17_top_hook_cheek", Modifier: "Face weighted corner normals", Enable 'Auto Smooth' in Object Data Properties
WARN (bke.modifier): ./source/blender/blenkernel/intern/modifier.cc:461 BKE_modifier_set_error: Object: "Filler18_internal_cross_rib", Modifier: "Face weighted corner normals", Enable 'Auto Smooth' in Object Data Properties
WARN (bke.modifier): ./source/blender/blenkernel/intern/modifier.cc:461 BKE_modifier_set_error: Object: "Filler17_lower_step_top", Modifier: "Face weighted corner normals", Enable 'Auto Smooth' in Object Data Properties
WARN (bke.modifier): ./source/blender/blenkernel/intern/modifier.cc:461 BKE_modifier_set_error: Object: "Filler17_lower_step_bottom", Modifier: "Face weighted corner normals", Enable 'Auto Smooth' in Object Data Properties
WARN (bke.modifier): ./source/blender/blenkernel/intern/modifier.cc:461 BKE_modifier_set_error: Object: "Filler17_frame_bottom_bar", Modifier: "Face weighted corner normals", Enable 'Auto Smooth' in Object Data Properties
WARN (bke.modifier): ./source/blender/blenkernel/intern/modifier.cc:461 BKE_modifier_set_error: Object: "Filler17_recessed_contact_sliver.001", Modifier: "Face weighted corner normals", Enable 'Auto Smooth' in Object Data Properties
WARN (bke.modifier): ./source/blender/blenkernel/intern/modifier.cc:461 BKE_modifier_set_error: Object: "Filler17_recessed_contact_sliver", Modifier: "Face weighted corner normals", Enable 'Auto Smooth' in Object Data Properties
WARN (bke.modifier): ./source/blender/blenkernel/intern/modifier.cc:461 BKE_modifier_set_error: Object: "Filler18_outer_mold_rail.005", Modifier: "Face weighted corner normals", Enable 'Auto Smooth' in Object Data Properties
WARN (bke.modifier): ./source/blender/blenkernel/intern/modifier.cc:461 BKE_modifier_set_error: Object: "Filler17_recessed_contact_sliver.002", Modifier: "Face weighted corner normals", Enable 'Auto Smooth' in Object Data Properties
WARN (bke.modifier): ./source/blender/blenkernel/intern/modifier.cc:461 BKE_modifier_set_error: Object: "Filler17_recessed_contact_sliver.003", Modifier: "Face weighted corner normals", Enable 'Auto Smooth' in Object Data Properties
WARN (bke.modifier): ./source/blender/blenkernel/intern/modifier.cc:461 BKE_modifier_set_error: Object: "Filler17_recessed_contact_sliver.004", Modifier: "Face weighted corner normals", Enable 'Auto Smooth' in Object Data Properties
WARN (bke.modifier): ./source/blender/blenkernel/intern/modifier.cc:461 BKE_modifier_set_error: Object: "Filler17_long_center_pad", Modifier: "Face weighted corner normals", Enable 'Auto Smooth' in Object Data Properties
WARN (bke.modifier): ./source/blender/blenkernel/intern/modifier.cc:461 BKE_modifier_set_error: Object: "Filler17_upper_inset_pad", Modifier: "Face weighted corner normals", Enable 'Auto Smooth' in Object Data Properties
WARN (bke.modifier): ./source/blender/blenkernel/intern/modifier.cc:461 BKE_modifier_set_error: Object: "Filler17_recessed_contact_sliver.005", Modifier: "Face weighted corner normals", Enable 'Auto Smooth' in Object Data Properties
WARN (bke.modifier): ./source/blender/blenkernel/intern/modifier.cc:461 BKE_modifier_set_error: Object: "Filler17_recessed_contact_sliver.006", Modifier: "Face weighted corner normals", Enable 'Auto Smooth' in Object Data Properties
WARN (bke.modifier): ./source/blender/blenkernel/intern/modifier.cc:461 BKE_modifier_set_error: Object: "Filler17_recessed_contact_sliver.007", Modifier: "Face weighted corner normals", Enable 'Auto Smooth' in Object Data Properties
WARN (bke.modifier): ./source/blender/blenkernel/intern/modifier.cc:461 BKE_modifier_set_error: Object: "Filler18_outer_mold_rail.004", Modifier: "Face weighted corner normals", Enable 'Auto Smooth' in Object Data Properties
WARN (bke.modifier): ./source/blender/blenkernel/intern/modifier.cc:461 BKE_modifier_set_error: Object: "Filler17_recessed_contact_sliver.008", Modifier: "Face weighted corner normals", Enable 'Auto Smooth' in Object Data Properties
WARN (bke.modifier): ./source/blender/blenkernel/intern/modifier.cc:461 BKE_modifier_set_error: Object: "Filler17_retention_edge", Modifier: "Face weighted corner normals", Enable 'Auto Smooth' in Object Data Properties
WARN (bke.modifier): ./source/blender/blenkernel/intern/modifier.cc:461 BKE_modifier_set_error: Object: "Filler18_inner_sidewall_-1", Modifier: "Face weighted corner normals", Enable 'Auto Smooth' in Object Data Properties
WARN (bke.modifier): ./source/blender/blenkernel/intern/modifier.cc:461 BKE_modifier_set_error: Object: "Filler17_recessed_contact_sliver.009", Modifier: "Face weighted corner normals", Enable 'Auto Smooth' in Object Data Properties
WARN (bke.modifier): ./source/blender/blenkernel/intern/modifier.cc:461 BKE_modifier_set_error: Object: "Filler18_outer_mold_rail", Modifier: "Face weighted corner normals", Enable 'Auto Smooth' in Object Data Properties
WARN (bke.modifier): ./source/blender/blenkernel/intern/modifier.cc:461 BKE_modifier_set_error: Object: "Filler18_outer_mold_rail.001", Modifier: "Face weighted corner normals", Enable 'Auto Smooth' in Object Data Properties
WARN (bke.modifier): ./source/blender/blenkernel/intern/modifier.cc:461 BKE_modifier_set_error: Object: "Filler18_outer_mold_rail.002", Modifier: "Face weighted corner normals", Enable 'Auto Smooth' in Object Data Properties
WARN (bke.modifier): ./source/blender/blenkernel/intern/modifier.cc:461 BKE_modifier_set_error: Object: "Filler18_outer_mold_rail.003", Modifier: "Face weighted corner normals", Enable 'Auto Smooth' in Object Data Properties
WARN (bke.modifier): ./source/blender/blenkernel/intern/modifier.cc:461 BKE_modifier_set_error: Object: "Filler18_inner_sidewall_1", Modifier: "Face weighted corner normals", Enable 'Auto Smooth' in Object Data Properties
WARN (bke.modifier): ./source/blender/blenkernel/intern/modifier.cc:461 BKE_modifier_set_error: Object: "Filler17_lower_shaped_foot", Modifier: "Face weighted corner normals", Enable 'Auto Smooth' in Object Data Properties
Blender 4.0.2
Read prefs: "/root/.config/blender/4.0/config/userpref.blend"
Read blend: "/root/Blender/DELL-C6420/v002/model/03b-front-material-corrected.blend"
Fra:1 Mem:221.44M (Peak 223.43M) | Time:00:00.25 | Mem:0.00M, Peak:0.00M | C6420_4N_24SFF_v002_MASTER, ViewLayer | Synchronizing object | INFERRED_bottom_formed_sheet
Fra:1 Mem:221.48M (Peak 223.43M) | Time:00:00.25 | Mem:0.00M, Peak:0.00M | C6420_4N_24SFF_v002_MASTER, ViewLayer | Synchronizing object | Side_upper_inward_return_1
Fra:1 Mem:221.48M (Peak 223.43M) | Time:00:00.25 | Mem:0.00M, Peak:0.00M | C6420_4N_24SFF_v002_MASTER, ViewLayer | Synchronizing object | Cover_skirt_screw_1_recessed_head
Fra:1 Mem:221.67M (Peak 223.43M) | Time:00:00.25 | Mem:0.00M, Peak:0.00M | C6420_4N_24SFF_v002_MASTER, ViewLayer | Synchronizing object | Cover_skirt_screw_1_recess_floor
Fra:1 Mem:221.73M (Peak 223.43M) | Time:00:00.25 | Mem:0.00M, Peak:0.00M | C6420_4N_24SFF_v002_MASTER, ViewLayer | Synchronizing object | Cover_skirt_screw_1_recess_floor.001
Fra:1 Mem:222.52M (Peak 223.43M) | Time:00:00.25 | Mem:0.00M, Peak:0.00M | C6420_4N_24SFF_v002_MASTER, ViewLayer | Synchronizing object | Cover_skirt_screw_1_recessed_head.002
Fra:1 Mem:222.62M (Peak 223.43M) | Time:00:00.25 | Mem:0.00M, Peak:0.00M | C6420_4N_24SFF_v002_MASTER, ViewLayer | Synchronizing object | Cover_skirt_screw_1_recess_floor.002
Fra:1 Mem:222.74M (Peak 223.43M) | Time:00:00.25 | Mem:0.00M, Peak:0.00M | C6420_4N_24SFF_v002_MASTER, ViewLayer | Synchronizing object | Cover_skirt_screw_1_recessed_head.003
Fra:1 Mem:222.95M (Peak 223.43M) | Time:00:00.25 | Mem:0.00M, Peak:0.00M | C6420_4N_24SFF_v002_MASTER, ViewLayer | Synchronizing object | Cover_skirt_screw_1_recess_floor.003
Fra:1 Mem:222.99M (Peak 223.43M) | Time:00:00.25 | Mem:0.00M, Peak:0.00M | C6420_4N_24SFF_v002_MASTER, ViewLayer | Synchronizing object | Side_1_fastener_0_recessed_head
Fra:1 Mem:223.26M (Peak 223.43M) | Time:00:00.25 | Mem:0.00M, Peak:0.00M | C6420_4N_24SFF_v002_MASTER, ViewLayer | Synchronizing object | Side_1_fastener_0_recess_floor
Fra:1 Mem:223.55M (Peak 223.55M) | Time:00:00.25 | Mem:0.00M, Peak:0.00M | C6420_4N_24SFF_v002_MASTER, ViewLayer | Synchronizing object | Side_1_fastener_1_recessed_head
Fra:1 Mem:223.64M (Peak 223.64M) | Time:00:00.25 | Mem:0.00M, Peak:0.00M | C6420_4N_24SFF_v002_MASTER, ViewLayer | Synchronizing object | Side_1_fastener_1_recess_floor
Fra:1 Mem:223.81M (Peak 223.81M) | Time:00:00.25 | Mem:0.00M, Peak:0.00M | C6420_4N_24SFF_v002_MASTER, ViewLayer | Synchronizing object | Side_1_fastener_2_recessed_head
Fra:1 Mem:224.68M (Peak 224.68M) | Time:00:00.25 | Mem:0.00M, Peak:0.00M | C6420_4N_24SFF_v002_MASTER, ViewLayer | Synchronizing object | Side_1_fastener_2_recess_floor
Fra:1 Mem:224.68M (Peak 224.68M) | Time:00:00.25 | Mem:0.00M, Peak:0.00M | C6420_4N_24SFF_v002_MASTER, ViewLayer | Synchronizing object | Side_1_fastener_3_recessed_head
Fra:1 Mem:224.89M (Peak 224.89M) | Time:00:00.25 | Mem:0.00M, Peak:0.00M | C6420_4N_24SFF_v002_MASTER, ViewLayer | Synchronizing object | Side_1_fastener_3_recess_floor
Fra:1 Mem:224.89M (Peak 224.89M) | Time:00:00.25 | Mem:0.00M, Peak:0.00M | C6420_4N_24SFF_v002_MASTER, ViewLayer | Synchronizing object | Side_1_fastener_4_recessed_head
Fra:1 Mem:224.99M (Peak 224.99M) | Time:00:00.25 | Mem:0.00M, Peak:0.00M | C6420_4N_24SFF_v002_MASTER, ViewLayer | Synchronizing object | Side_1_fastener_4_recess_floor
Fra:1 Mem:225.15M (Peak 225.15M) | Time:00:00.25 | Mem:0.00M, Peak:0.00M | C6420_4N_24SFF_v002_MASTER, ViewLayer | Synchronizing object | Side_1_fastener_5_recessed_head
Fra:1 Mem:225.15M (Peak 225.15M) | Time:00:00.25 | Mem:0.00M, Peak:0.00M | C6420_4N_24SFF_v002_MASTER, ViewLayer | Synchronizing object | Side_1_fastener_5_recess_floor
Fra:1 Mem:225.23M (Peak 225.23M) | Time:00:00.25 | Mem:0.00M, Peak:0.00M | C6420_4N_24SFF_v002_MASTER, ViewLayer | Synchronizing object | Side_1_fastener_6_recessed_head
Fra:1 Mem:225.34M (Peak 225.34M) | Time:00:00.25 | Mem:0.00M, Peak:0.00M | C6420_4N_24SFF_v002_MASTER, ViewLayer | Synchronizing object | Side_1_fastener_6_recess_floor
Fra:1 Mem:225.39M (Peak 225.39M) | Time:00:00.25 | Mem:0.00M, Peak:0.00M | C6420_4N_24SFF_v002_MASTER, ViewLayer | Synchronizing object | Side_1_fastener_7_recessed_head
Fra:1 Mem:225.41M (Peak 225.41M) | Time:00:00.25 | Mem:0.00M, Peak:0.00M | C6420_4N_24SFF_v002_MASTER, ViewLayer | Synchronizing object | Side_1_fastener_7_recess_floor
Fra:1 Mem:225.45M (Peak 225.45M) | Time:00:00.25 | Mem:0.00M, Peak:0.00M | C6420_4N_24SFF_v002_MASTER, ViewLayer | Synchronizing object | Side_1_fastener_8_recessed_head
Fra:1 Mem:225.66M (Peak 225.66M) | Time:00:00.25 | Mem:0.00M, Peak:0.00M | C6420_4N_24SFF_v002_MASTER, ViewLayer | Synchronizing object | Side_1_fastener_8_recess_floor
Fra:1 Mem:225.79M (Peak 225.79M) | Time:00:00.25 | Mem:0.00M, Peak:0.00M | C6420_4N_24SFF_v002_MASTER, ViewLayer | Synchronizing object | Side_1_fastener_9_recessed_head
Fra:1 Mem:226.14M (Peak 226.14M) | Time:00:00.25 | Mem:0.00M, Peak:0.00M | C6420_4N_24SFF_v002_MASTER, ViewLayer | Synchronizing object | Side_1_fastener_9_recess_floor
Fra:1 Mem:226.15M (Peak 226.15M) | Time:00:00.25 | Mem:0.00M, Peak:0.00M | C6420_4N_24SFF_v002_MASTER, ViewLayer | Synchronizing object | Side_1_fastener_10_recessed_head
Fra:1 Mem:226.21M (Peak 226.21M) | Time:00:00.25 | Mem:0.00M, Peak:0.00M | C6420_4N_24SFF_v002_MASTER, ViewLayer | Synchronizing object | Chrome_lifting_handle_-1
Fra:1 Mem:226.38M (Peak 226.38M) | Time:00:00.25 | Mem:0.00M, Peak:0.00M | C6420_4N_24SFF_v002_MASTER, ViewLayer | Synchronizing object | Side_1_fastener_10_recess_floor
Fra:1 Mem:226.41M (Peak 226.41M) | Time:00:00.25 | Mem:0.00M, Peak:0.00M | C6420_4N_24SFF_v002_MASTER, ViewLayer | Synchronizing object | Side_1_clinch_0
Fra:1 Mem:226.58M (Peak 226.58M) | Time:00:00.25 | Mem:0.00M, Peak:0.00M | C6420_4N_24SFF_v002_MASTER, ViewLayer | Synchronizing object | Side_1_clinch_1
Fra:1 Mem:226.62M (Peak 226.62M) | Time:00:00.25 | Mem:0.00M, Peak:0.00M | C6420_4N_24SFF_v002_MASTER, ViewLayer | Synchronizing object | Side_1_clinch_2
Fra:1 Mem:226.79M (Peak 226.79M) | Time:00:00.25 | Mem:0.00M, Peak:0.00M | C6420_4N_24SFF_v002_MASTER, ViewLayer | Synchronizing object | Side_1_clinch_3
Fra:1 Mem:226.78M (Peak 226.79M) | Time:00:00.25 | Mem:0.00M, Peak:0.00M | C6420_4N_24SFF_v002_MASTER, ViewLayer | Synchronizing object | Side_1_clinch_4
Fra:1 Mem:226.84M (Peak 226.84M) | Time:00:00.25 | Mem:0.00M, Peak:0.00M | C6420_4N_24SFF_v002_MASTER, ViewLayer | Synchronizing object | Side_1_clinch_5
Fra:1 Mem:227.05M (Peak 227.05M) | Time:00:00.25 | Mem:0.00M, Peak:0.00M | C6420_4N_24SFF_v002_MASTER, ViewLayer | Synchronizing object | Side_1_clinch_6
Fra:1 Mem:227.23M (Peak 227.23M) | Time:00:00.25 | Mem:0.00M, Peak:0.00M | C6420_4N_24SFF_v002_MASTER, ViewLayer | Synchronizing object | Chrome_lifting_handle_1
Fra:1 Mem:227.30M (Peak 227.30M) | Time:00:00.25 | Mem:0.00M, Peak:0.00M | C6420_4N_24SFF_v002_MASTER, ViewLayer | Synchronizing object | Side_1_clinch_7
Fra:1 Mem:227.34M (Peak 227.34M) | Time:00:00.25 | Mem:0.00M, Peak:0.00M | C6420_4N_24SFF_v002_MASTER, ViewLayer | Synchronizing object | Side_rail_latch_outline_1
Fra:1 Mem:227.40M (Peak 227.40M) | Time:00:00.25 | Mem:0.00M, Peak:0.00M | C6420_4N_24SFF_v002_MASTER, ViewLayer | Synchronizing object | Left_side_wall_estimated
Fra:1 Mem:227.41M (Peak 227.41M) | Time:00:00.25 | Mem:0.00M, Peak:0.00M | C6420_4N_24SFF_v002_MASTER, ViewLayer | Synchronizing object | Side_lower_inward_hem_-1
Fra:1 Mem:227.58M (Peak 227.58M) | Time:00:00.25 | Mem:0.00M, Peak:0.00M | C6420_4N_24SFF_v002_MASTER, ViewLayer | Synchronizing object | Top_cover_side_skirt_-1
Fra:1 Mem:227.80M (Peak 227.80M) | Time:00:00.25 | Mem:0.00M, Peak:0.00M | C6420_4N_24SFF_v002_MASTER, ViewLayer | Synchronizing object | Cover_skirt_screw_-1_recessed_head
Fra:1 Mem:227.93M (Peak 227.93M) | Time:00:00.25 | Mem:0.00M, Peak:0.00M | C6420_4N_24SFF_v002_MASTER, ViewLayer | Synchronizing object | Cover_skirt_screw_-1_recess_floor
Fra:1 Mem:228.10M (Peak 228.10M) | Time:00:00.25 | Mem:0.00M, Peak:0.00M | C6420_4N_24SFF_v002_MASTER, ViewLayer | Synchronizing object | Cover_skirt_screw_-1_recessed_head.001
Fra:1 Mem:228.10M (Peak 228.10M) | Time:00:00.25 | Mem:0.00M, Peak:0.00M | C6420_4N_24SFF_v002_MASTER, ViewLayer | Synchronizing object | Cover_skirt_screw_-1_recess_floor.001
Fra:1 Mem:228.15M (Peak 228.15M) | Time:00:00.25 | Mem:0.00M, Peak:0.00M | C6420_4N_24SFF_v002_MASTER, ViewLayer | Synchronizing object | Cover_skirt_screw_-1_recessed_head.002
Fra:1 Mem:228.28M (Peak 228.28M) | Time:00:00.25 | Mem:0.00M, Peak:0.00M | C6420_4N_24SFF_v002_MASTER, ViewLayer | Synchronizing object | Cover_skirt_screw_-1_recess_floor.002
Fra:1 Mem:228.45M (Peak 228.45M) | Time:00:00.25 | Mem:0.00M, Peak:0.00M | C6420_4N_24SFF_v002_MASTER, ViewLayer | Synchronizing object | Cover_skirt_screw_-1_recessed_head.003
Fra:1 Mem:228.75M (Peak 228.75M) | Time:00:00.25 | Mem:0.00M, Peak:0.00M | C6420_4N_24SFF_v002_MASTER, ViewLayer | Synchronizing object | Cover_skirt_screw_-1_recess_floor.003
Fra:1 Mem:228.79M (Peak 228.79M) | Time:00:00.25 | Mem:0.00M, Peak:0.00M | C6420_4N_24SFF_v002_MASTER, ViewLayer | Synchronizing object | Side_-1_fastener_0_recessed_head
Fra:1 Mem:228.87M (Peak 228.87M) | Time:00:00.25 | Mem:0.00M, Peak:0.00M | C6420_4N_24SFF_v002_MASTER, ViewLayer | Synchronizing object | Side_-1_fastener_0_recess_floor
Fra:1 Mem:228.93M (Peak 228.93M) | Time:00:00.25 | Mem:0.00M, Peak:0.00M | C6420_4N_24SFF_v002_MASTER, ViewLayer | Synchronizing object | Side_-1_fastener_1_recessed_head
Fra:1 Mem:229.46M (Peak 229.46M) | Time:00:00.25 | Mem:0.00M, Peak:0.00M | C6420_4N_24SFF_v002_MASTER, ViewLayer | Synchronizing object | Power_symbol_arc_1
Fra:1 Mem:229.46M (Peak 229.46M) | Time:00:00.25 | Mem:0.00M, Peak:0.00M | C6420_4N_24SFF_v002_MASTER, ViewLayer | Synchronizing object | Side_-1_fastener_1_recess_floor
Fra:1 Mem:229.91M (Peak 229.91M) | Time:00:00.25 | Mem:0.00M, Peak:0.00M | C6420_4N_24SFF_v002_MASTER, ViewLayer | Synchronizing object | Side_-1_fastener_2_recessed_head
Fra:1 Mem:229.93M (Peak 229.93M) | Time:00:00.25 | Mem:0.00M, Peak:0.00M | C6420_4N_24SFF_v002_MASTER, ViewLayer | Synchronizing object | Power_symbol_stem_1
Fra:1 Mem:230.12M (Peak 230.12M) | Time:00:00.25 | Mem:0.00M, Peak:0.00M | C6420_4N_24SFF_v002_MASTER, ViewLayer | Synchronizing object | ID_information_symbol_1
Fra:1 Mem:230.12M (Peak 230.12M) | Time:00:00.25 | Mem:0.00M, Peak:0.00M | C6420_4N_24SFF_v002_MASTER, ViewLayer | Synchronizing object | Front_node_number_1
Fra:1 Mem:230.12M (Peak 230.12M) | Time:00:00.25 | Mem:0.00M, Peak:0.00M | C6420_4N_24SFF_v002_MASTER, ViewLayer | Synchronizing object | Power_symbol_arc_2
Fra:1 Mem:230.16M (Peak 230.16M) | Time:00:00.25 | Mem:0.00M, Peak:0.00M | C6420_4N_24SFF_v002_MASTER, ViewLayer | Synchronizing object | Power_symbol_stem_2
Fra:1 Mem:230.34M (Peak 230.34M) | Time:00:00.25 | Mem:0.00M, Peak:0.00M | C6420_4N_24SFF_v002_MASTER, ViewLayer | Synchronizing object | ID_information_symbol_2
Fra:1 Mem:230.27M (Peak 230.34M) | Time:00:00.25 | Mem:0.00M, Peak:0.00M | C6420_4N_24SFF_v002_MASTER, ViewLayer | Synchronizing object | Front_node_number_2
Fra:1 Mem:230.28M (Peak 230.34M) | Time:00:00.25 | Mem:0.00M, Peak:0.00M | C6420_4N_24SFF_v002_MASTER, ViewLayer | Synchronizing object | Side_-1_fastener_2_recess_floor
Fra:1 Mem:230.28M (Peak 230.34M) | Time:00:00.25 | Mem:0.00M, Peak:0.00M | C6420_4N_24SFF_v002_MASTER, ViewLayer | Synchronizing object | Side_-1_fastener_3_recessed_head
Fra:1 Mem:230.47M (Peak 230.47M) | Time:00:00.25 | Mem:0.00M, Peak:0.00M | C6420_4N_24SFF_v002_MASTER, ViewLayer | Synchronizing object | Side_-1_fastener_3_recess_floor
Fra:1 Mem:230.49M (Peak 230.49M) | Time:00:00.25 | Mem:0.00M, Peak:0.00M | C6420_4N_24SFF_v002_MASTER, ViewLayer | Synchronizing object | Power_symbol_arc_3
Fra:1 Mem:230.50M (Peak 230.50M) | Time:00:00.25 | Mem:0.00M, Peak:0.00M | C6420_4N_24SFF_v002_MASTER, ViewLayer | Synchronizing object | Side_-1_fastener_4_recessed_head
Fra:1 Mem:230.72M (Peak 230.72M) | Time:00:00.25 | Mem:0.00M, Peak:0.00M | C6420_4N_24SFF_v002_MASTER, ViewLayer | Synchronizing object | Power_symbol_stem_3
Fra:1 Mem:230.81M (Peak 230.81M) | Time:00:00.25 | Mem:0.00M, Peak:0.00M | C6420_4N_24SFF_v002_MASTER, ViewLayer | Synchronizing object | ID_information_symbol_3
Fra:1 Mem:230.76M (Peak 230.81M) | Time:00:00.25 | Mem:0.00M, Peak:0.00M | C6420_4N_24SFF_v002_MASTER, ViewLayer | Synchronizing object | Side_-1_fastener_4_recess_floor
Fra:1 Mem:230.75M (Peak 230.81M) | Time:00:00.25 | Mem:0.00M, Peak:0.00M | C6420_4N_24SFF_v002_MASTER, ViewLayer | Synchronizing object | Side_-1_fastener_5_recessed_head
Fra:1 Mem:230.83M (Peak 230.83M) | Time:00:00.25 | Mem:0.00M, Peak:0.00M | C6420_4N_24SFF_v002_MASTER, ViewLayer | Synchronizing object | Front_node_number_3
Fra:1 Mem:230.90M (Peak 230.90M) | Time:00:00.25 | Mem:0.00M, Peak:0.00M | C6420_4N_24SFF_v002_MASTER, ViewLayer | Synchronizing object | Side_-1_fastener_5_recess_floor
Fra:1 Mem:230.88M (Peak 230.90M) | Time:00:00.25 | Mem:0.00M, Peak:0.00M | C6420_4N_24SFF_v002_MASTER, ViewLayer | Synchronizing object | Side_-1_fastener_6_recessed_head
Fra:1 Mem:230.96M (Peak 230.96M) | Time:00:00.25 | Mem:0.00M, Peak:0.00M | C6420_4N_24SFF_v002_MASTER, ViewLayer | Synchronizing object | Side_-1_fastener_6_recess_floor
Fra:1 Mem:231.04M (Peak 231.04M) | Time:00:00.25 | Mem:0.00M, Peak:0.00M | C6420_4N_24SFF_v002_MASTER, ViewLayer | Synchronizing object | Power_symbol_arc_4
Fra:1 Mem:231.10M (Peak 231.10M) | Time:00:00.25 | Mem:0.00M, Peak:0.00M | C6420_4N_24SFF_v002_MASTER, ViewLayer | Synchronizing object | Side_-1_fastener_7_recessed_head
Fra:1 Mem:231.31M (Peak 231.31M) | Time:00:00.25 | Mem:0.00M, Peak:0.00M | C6420_4N_24SFF_v002_MASTER, ViewLayer | Synchronizing object | Power_symbol_stem_4
Fra:1 Mem:231.42M (Peak 231.42M) | Time:00:00.25 | Mem:0.00M, Peak:0.00M | C6420_4N_24SFF_v002_MASTER, ViewLayer | Synchronizing object | Side_-1_fastener_7_recess_floor
Fra:1 Mem:231.49M (Peak 231.49M) | Time:00:00.25 | Mem:0.00M, Peak:0.00M | C6420_4N_24SFF_v002_MASTER, ViewLayer | Synchronizing object | ID_information_symbol_4
Fra:1 Mem:231.44M (Peak 231.49M) | Time:00:00.25 | Mem:0.00M, Peak:0.00M | C6420_4N_24SFF_v002_MASTER, ViewLayer | Synchronizing object | Side_-1_fastener_8_recessed_head
Fra:1 Mem:231.43M (Peak 231.49M) | Time:00:00.25 | Mem:0.00M, Peak:0.00M | C6420_4N_24SFF_v002_MASTER, ViewLayer | Synchronizing object | Side_-1_fastener_8_recess_floor
Fra:1 Mem:231.50M (Peak 231.50M) | Time:00:00.25 | Mem:0.00M, Peak:0.00M | C6420_4N_24SFF_v002_MASTER, ViewLayer | Synchronizing object | Front_node_number_4
Fra:1 Mem:231.51M (Peak 231.51M) | Time:00:00.25 | Mem:0.00M, Peak:0.00M | C6420_4N_24SFF_v002_MASTER, ViewLayer | Synchronizing object | Side_-1_fastener_9_recessed_head
Fra:1 Mem:231.84M (Peak 231.84M) | Time:00:00.25 | Mem:0.00M, Peak:0.00M | C6420_4N_24SFF_v002_MASTER, ViewLayer | Synchronizing object | Side_-1_fastener_9_recess_floor
Fra:1 Mem:231.85M (Peak 231.85M) | Time:00:00.25 | Mem:0.00M, Peak:0.00M | C6420_4N_24SFF_v002_MASTER, ViewLayer | Synchronizing object | Side_-1_fastener_10_recessed_head
Fra:1 Mem:232.05M (Peak 232.05M) | Time:00:00.25 | Mem:0.00M, Peak:0.00M | C6420_4N_24SFF_v002_MASTER, ViewLayer | Synchronizing object | Side_-1_fastener_10_recess_floor
Fra:1 Mem:232.06M (Peak 232.06M) | Time:00:00.25 | Mem:0.00M, Peak:0.00M | C6420_4N_24SFF_v002_MASTER, ViewLayer | Synchronizing object | Side_-1_clinch_0
Fra:1 Mem:232.15M (Peak 232.15M) | Time:00:00.25 | Mem:0.00M, Peak:0.00M | C6420_4N_24SFF_v002_MASTER, ViewLayer | Synchronizing object | Side_-1_clinch_1
Fra:1 Mem:232.24M (Peak 232.24M) | Time:00:00.25 | Mem:0.00M, Peak:0.00M | C6420_4N_24SFF_v002_MASTER, ViewLayer | Synchronizing object | Side_-1_clinch_2
Fra:1 Mem:232.34M (Peak 232.34M) | Time:00:00.25 | Mem:0.00M, Peak:0.00M | C6420_4N_24SFF_v002_MASTER, ViewLayer | Synchronizing object | Side_-1_clinch_3
Fra:1 Mem:232.37M (Peak 232.37M) | Time:00:00.25 | Mem:0.00M, Peak:0.00M | C6420_4N_24SFF_v002_MASTER, ViewLayer | Synchronizing object | Side_-1_clinch_4
Fra:1 Mem:232.39M (Peak 232.39M) | Time:00:00.25 | Mem:0.00M, Peak:0.00M | C6420_4N_24SFF_v002_MASTER, ViewLayer | Synchronizing object | Side_-1_clinch_5
Fra:1 Mem:232.48M (Peak 232.48M) | Time:00:00.25 | Mem:0.00M, Peak:0.00M | C6420_4N_24SFF_v002_MASTER, ViewLayer | Synchronizing object | Side_-1_clinch_6
Fra:1 Mem:232.70M (Peak 232.70M) | Time:00:00.25 | Mem:0.00M, Peak:0.00M | C6420_4N_24SFF_v002_MASTER, ViewLayer | Synchronizing object | Side_-1_clinch_7
Fra:1 Mem:232.80M (Peak 232.80M) | Time:00:00.25 | Mem:0.00M, Peak:0.00M | C6420_4N_24SFF_v002_MASTER, ViewLayer | Synchronizing object | Side_rail_latch_outline_-1
Fra:1 Mem:232.80M (Peak 232.80M) | Time:00:00.25 | Mem:0.00M, Peak:0.00M | C6420_4N_24SFF_v002_MASTER, ViewLayer | Synchronizing object | Front_cover_integrated_pressings
Fra:1 Mem:233.31M (Peak 233.31M) | Time:00:00.25 | Mem:0.00M, Peak:0.00M | C6420_4N_24SFF_v002_MASTER, ViewLayer | Synchronizing object | Main_cover_with_label_pressing
Fra:1 Mem:233.41M (Peak 233.41M) | Time:00:00.25 | Mem:0.00M, Peak:0.00M | C6420_4N_24SFF_v002_MASTER, ViewLayer | Synchronizing object | Rear_cover_four_pressed_regions
Fra:1 Mem:233.63M (Peak 233.63M) | Time:00:00.26 | Mem:0.00M, Peak:0.00M | C6420_4N_24SFF_v002_MASTER, ViewLayer | Synchronizing object | Underlapping_cover_seam
Fra:1 Mem:233.95M (Peak 233.95M) | Time:00:00.26 | Mem:0.00M, Peak:0.00M | C6420_4N_24SFF_v002_MASTER, ViewLayer | Synchronizing object | Underlapping_cover_seam.001
Fra:1 Mem:234.25M (Peak 234.25M) | Time:00:00.26 | Mem:0.00M, Peak:0.00M | C6420_4N_24SFF_v002_MASTER, ViewLayer | Synchronizing object | Cover_traction_pad
Fra:1 Mem:234.29M (Peak 234.29M) | Time:00:00.26 | Mem:0.00M, Peak:0.00M | C6420_4N_24SFF_v002_MASTER, ViewLayer | Synchronizing object | Cover_traction_pad.001
Fra:1 Mem:234.26M (Peak 234.29M) | Time:00:00.26 | Mem:0.00M, Peak:0.00M | C6420_4N_24SFF_v002_MASTER, ViewLayer | Synchronizing object | Cover_release_metal_tab
Fra:1 Mem:234.71M (Peak 234.71M) | Time:00:00.26 | Mem:0.00M, Peak:0.00M | C6420_4N_24SFF_v002_MASTER, ViewLayer | Synchronizing object | Front_cover_flush_screw_recessed_head
Fra:1 Mem:234.82M (Peak 234.82M) | Time:00:00.26 | Mem:0.00M, Peak:0.00M | C6420_4N_24SFF_v002_MASTER, ViewLayer | Synchronizing object | Front_cover_flush_screw_recess_floor
Fra:1 Mem:234.84M (Peak 234.84M) | Time:00:00.26 | Mem:0.00M, Peak:0.00M | C6420_4N_24SFF_v002_MASTER, ViewLayer | Synchronizing object | Front_cover_flush_screw_recessed_head.001
Fra:1 Mem:235.19M (Peak 235.19M) | Time:00:00.26 | Mem:0.00M, Peak:0.00M | C6420_4N_24SFF_v002_MASTER, ViewLayer | Synchronizing object | Front_cover_flush_screw_recess_floor.001
Fra:1 Mem:235.27M (Peak 235.27M) | Time:00:00.26 | Mem:0.00M, Peak:0.00M | C6420_4N_24SFF_v002_MASTER, ViewLayer | Synchronizing object | Front_cover_flush_screw_recessed_head.002
Fra:1 Mem:235.48M (Peak 235.48M) | Time:00:00.26 | Mem:0.00M, Peak:0.00M | C6420_4N_24SFF_v002_MASTER, ViewLayer | Synchronizing object | Front_cover_flush_screw_recess_floor.002
Fra:1 Mem:235.49M (Peak 235.49M) | Time:00:00.26 | Mem:0.00M, Peak:0.00M | C6420_4N_24SFF_v002_MASTER, ViewLayer | Synchronizing object | Front_cover_flush_screw_recessed_head.003
Fra:1 Mem:235.70M (Peak 235.70M) | Time:00:00.26 | Mem:0.00M, Peak:0.00M | C6420_4N_24SFF_v002_MASTER, ViewLayer | Synchronizing object | Front_cover_flush_screw_recess_floor.003
Fra:1 Mem:235.71M (Peak 235.71M) | Time:00:00.26 | Mem:0.00M, Peak:0.00M | C6420_4N_24SFF_v002_MASTER, ViewLayer | Synchronizing object | Front_cover_flush_screw_recessed_head.004
Fra:1 Mem:235.78M (Peak 235.78M) | Time:00:00.26 | Mem:0.00M, Peak:0.00M | C6420_4N_24SFF_v002_MASTER, ViewLayer | Synchronizing object | Front_cover_flush_screw_recess_floor.004
Fra:1 Mem:235.83M (Peak 235.83M) | Time:00:00.26 | Mem:0.00M, Peak:0.00M | C6420_4N_24SFF_v002_MASTER, ViewLayer | Synchronizing object | Front_cover_flush_screw_recessed_head.005
Fra:1 Mem:236.29M (Peak 236.29M) | Time:00:00.26 | Mem:0.00M, Peak:0.00M | C6420_4N_24SFF_v002_MASTER, ViewLayer | Synchronizing object | Front_cover_flush_screw_recess_floor.005
Fra:1 Mem:236.23M (Peak 236.29M) | Time:00:00.26 | Mem:0.00M, Peak:0.00M | C6420_4N_24SFF_v002_MASTER, ViewLayer | Synchronizing object | Front_cover_flush_screw_recessed_head.006
Fra:1 Mem:236.12M (Peak 236.29M) | Time:00:00.26 | Mem:0.00M, Peak:0.00M | C6420_4N_24SFF_v002_MASTER, ViewLayer | Synchronizing object | Front_cover_flush_screw_recessed_head.007
Fra:1 Mem:236.22M (Peak 236.29M) | Time:00:00.26 | Mem:0.00M, Peak:0.00M | C6420_4N_24SFF_v002_MASTER, ViewLayer | Synchronizing object | Front_cover_flush_screw_recess_floor.007
Fra:1 Mem:236.44M (Peak 236.44M) | Time:00:00.26 | Mem:0.00M, Peak:0.00M | C6420_4N_24SFF_v002_MASTER, ViewLayer | Synchronizing object | Front_cover_flush_screw_recessed_head.008
Fra:1 Mem:236.59M (Peak 236.59M) | Time:00:00.26 | Mem:0.00M, Peak:0.00M | C6420_4N_24SFF_v002_MASTER, ViewLayer | Synchronizing object | Front_cover_flush_screw_recess_floor.008
Fra:1 Mem:236.77M (Peak 236.77M) | Time:00:00.26 | Mem:0.00M, Peak:0.00M | C6420_4N_24SFF_v002_MASTER, ViewLayer | Synchronizing object | Front_cover_flush_screw_recess_floor.010
Fra:1 Mem:236.79M (Peak 236.79M) | Time:00:00.26 | Mem:0.00M, Peak:0.00M | C6420_4N_24SFF_v002_MASTER, ViewLayer | Synchronizing object | Front_cover_flush_screw_recessed_head.011
Fra:1 Mem:236.88M (Peak 236.88M) | Time:00:00.26 | Mem:0.00M, Peak:0.00M | C6420_4N_24SFF_v002_MASTER, ViewLayer | Synchronizing object | Front_cover_flush_screw_recess_floor.011
Fra:1 Mem:237.03M (Peak 237.03M) | Time:00:00.26 | Mem:0.00M, Peak:0.00M | C6420_4N_24SFF_v002_MASTER, ViewLayer | Synchronizing object | Front_cover_flush_screw_recessed_head.012
Fra:1 Mem:237.18M (Peak 237.18M) | Time:00:00.26 | Mem:0.00M, Peak:0.00M | C6420_4N_24SFF_v002_MASTER, ViewLayer | Synchronizing object | Front_cover_flush_screw_recess_floor.012
Fra:1 Mem:237.37M (Peak 237.37M) | Time:00:00.26 | Mem:0.00M, Peak:0.00M | C6420_4N_24SFF_v002_MASTER, ViewLayer | Synchronizing object | Front_cover_flush_screw_recessed_head.013
Fra:1 Mem:237.83M (Peak 237.83M) | Time:00:00.26 | Mem:0.00M, Peak:0.00M | C6420_4N_24SFF_v002_MASTER, ViewLayer | Synchronizing object | Front_cover_flush_screw_recess_floor.013
Fra:1 Mem:237.83M (Peak 237.83M) | Time:00:00.26 | Mem:0.00M, Peak:0.00M | C6420_4N_24SFF_v002_MASTER, ViewLayer | Synchronizing object | Front_cover_flush_screw_recessed_head.014
Fra:1 Mem:238.10M (Peak 238.10M) | Time:00:00.26 | Mem:0.00M, Peak:0.00M | C6420_4N_24SFF_v002_MASTER, ViewLayer | Synchronizing object | Front_cover_flush_screw_recess_floor.014
Fra:1 Mem:238.04M (Peak 238.10M) | Time:00:00.26 | Mem:0.00M, Peak:0.00M | C6420_4N_24SFF_v002_MASTER, ViewLayer | Synchronizing object | Front_cover_flush_screw_recessed_head.015
Fra:1 Mem:238.09M (Peak 238.10M) | Time:00:00.26 | Mem:0.00M, Peak:0.00M | C6420_4N_24SFF_v002_MASTER, ViewLayer | Synchronizing object | Front_cover_flush_screw_recess_floor.015
Fra:1 Mem:238.13M (Peak 238.13M) | Time:00:00.26 | Mem:0.00M, Peak:0.00M | C6420_4N_24SFF_v002_MASTER, ViewLayer | Synchronizing object | Front_cover_flush_screw_recessed_head.016
Fra:1 Mem:238.25M (Peak 238.25M) | Time:00:00.26 | Mem:0.00M, Peak:0.00M | C6420_4N_24SFF_v002_MASTER, ViewLayer | Synchronizing object | Front_cover_flush_screw_recess_floor.016
Fra:1 Mem:238.39M (Peak 238.39M) | Time:00:00.26 | Mem:0.00M, Peak:0.00M | C6420_4N_24SFF_v002_MASTER, ViewLayer | Synchronizing object | Front_cover_flush_screw_recessed_head.017
Fra:1 Mem:238.44M (Peak 238.44M) | Time:00:00.26 | Mem:0.00M, Peak:0.00M | C6420_4N_24SFF_v002_MASTER, ViewLayer | Synchronizing object | Front_cover_flush_screw_recess_floor.017
Fra:1 Mem:238.65M (Peak 238.65M) | Time:00:00.26 | Mem:0.00M, Peak:0.00M | C6420_4N_24SFF_v002_MASTER, ViewLayer | Synchronizing object | Front_cover_flush_screw_recessed_head.018
Fra:1 Mem:238.74M (Peak 238.74M) | Time:00:00.26 | Mem:0.00M, Peak:0.00M | C6420_4N_24SFF_v002_MASTER, ViewLayer | Synchronizing object | Front_cover_flush_screw_recess_floor.018
Fra:1 Mem:238.79M (Peak 238.79M) | Time:00:00.26 | Mem:0.00M, Peak:0.00M | C6420_4N_24SFF_v002_MASTER, ViewLayer | Synchronizing object | Front_cover_flush_screw_recessed_head.019
Fra:1 Mem:239.06M (Peak 239.06M) | Time:00:00.26 | Mem:0.00M, Peak:0.00M | C6420_4N_24SFF_v002_MASTER, ViewLayer | Synchronizing object | Front_cover_flush_screw_recess_floor.019
Fra:1 Mem:239.08M (Peak 239.08M) | Time:00:00.26 | Mem:0.00M, Peak:0.00M | C6420_4N_24SFF_v002_MASTER, ViewLayer | Synchronizing object | Front_cover_flush_screw_recessed_head.020
Fra:1 Mem:239.29M (Peak 239.29M) | Time:00:00.26 | Mem:0.00M, Peak:0.00M | C6420_4N_24SFF_v002_MASTER, ViewLayer | Synchronizing object | Front_cover_flush_screw_recess_floor.020
Fra:1 Mem:239.29M (Peak 239.29M) | Time:00:00.26 | Mem:0.00M, Peak:0.00M | C6420_4N_24SFF_v002_MASTER, ViewLayer | Synchronizing object | Front_cover_flush_screw_recessed_head.021
Fra:1 Mem:239.50M (Peak 239.50M) | Time:00:00.26 | Mem:0.00M, Peak:0.00M | C6420_4N_24SFF_v002_MASTER, ViewLayer | Synchronizing object | Front_cover_flush_screw_recess_floor.021
Fra:1 Mem:239.50M (Peak 239.50M) | Time:00:00.26 | Mem:0.00M, Peak:0.00M | C6420_4N_24SFF_v002_MASTER, ViewLayer | Synchronizing object | Front_cover_flush_screw_recessed_head.022
Fra:1 Mem:239.69M (Peak 239.69M) | Time:00:00.26 | Mem:0.00M, Peak:0.00M | C6420_4N_24SFF_v002_MASTER, ViewLayer | Synchronizing object | Front_cover_flush_screw_recess_floor.022
Fra:1 Mem:239.71M (Peak 239.71M) | Time:00:00.26 | Mem:0.00M, Peak:0.00M | C6420_4N_24SFF_v002_MASTER, ViewLayer | Synchronizing object | Front_cover_flush_screw_recessed_head.023
Fra:1 Mem:239.73M (Peak 239.73M) | Time:00:00.26 | Mem:0.00M, Peak:0.00M | C6420_4N_24SFF_v002_MASTER, ViewLayer | Synchronizing object | Front_cover_flush_screw_recess_floor.023
Fra:1 Mem:239.79M (Peak 239.79M) | Time:00:00.26 | Mem:0.00M, Peak:0.00M | C6420_4N_24SFF_v002_MASTER, ViewLayer | Synchronizing object | Rear_cover_flush_screw_recessed_head
Fra:1 Mem:240.14M (Peak 240.14M) | Time:00:00.26 | Mem:0.00M, Peak:0.00M | C6420_4N_24SFF_v002_MASTER, ViewLayer | Synchronizing object | Rear_cover_flush_screw_recess_floor
Fra:1 Mem:240.12M (Peak 240.14M) | Time:00:00.26 | Mem:0.00M, Peak:0.00M | C6420_4N_24SFF_v002_MASTER, ViewLayer | Synchronizing object | Rear_cover_flush_screw_recessed_head.001
Fra:1 Mem:240.19M (Peak 240.19M) | Time:00:00.26 | Mem:0.00M, Peak:0.00M | C6420_4N_24SFF_v002_MASTER, ViewLayer | Synchronizing object | Rear_cover_flush_screw_recess_floor.001
Fra:1 Mem:240.25M (Peak 240.25M) | Time:00:00.26 | Mem:0.00M, Peak:0.00M | C6420_4N_24SFF_v002_MASTER, ViewLayer | Synchronizing object | Rear_cover_flush_screw_recessed_head.002
Fra:1 Mem:240.54M (Peak 240.54M) | Time:00:00.26 | Mem:0.00M, Peak:0.00M | C6420_4N_24SFF_v002_MASTER, ViewLayer | Synchronizing object | Rear_cover_flush_screw_recess_floor.002
Fra:1 Mem:240.55M (Peak 240.55M) | Time:00:00.26 | Mem:0.00M, Peak:0.00M | C6420_4N_24SFF_v002_MASTER, ViewLayer | Synchronizing object | Rear_cover_flush_screw_recessed_head.003
Fra:1 Mem:240.77M (Peak 240.77M) | Time:00:00.26 | Mem:0.00M, Peak:0.00M | C6420_4N_24SFF_v002_MASTER, ViewLayer | Synchronizing object | Rear_cover_flush_screw_recess_floor.003
Fra:1 Mem:240.79M (Peak 240.79M) | Time:00:00.26 | Mem:0.00M, Peak:0.00M | C6420_4N_24SFF_v002_MASTER, ViewLayer | Synchronizing object | Rear_cover_flush_screw_recessed_head.004
Fra:1 Mem:240.83M (Peak 240.83M) | Time:00:00.26 | Mem:0.00M, Peak:0.00M | C6420_4N_24SFF_v002_MASTER, ViewLayer | Synchronizing object | Rear_cover_flush_screw_recess_floor.004
Fra:1 Mem:240.87M (Peak 240.87M) | Time:00:00.26 | Mem:0.00M, Peak:0.00M | C6420_4N_24SFF_v002_MASTER, ViewLayer | Synchronizing object | Rear_cover_flush_screw_recessed_head.005
Fra:1 Mem:240.91M (Peak 240.91M) | Time:00:00.26 | Mem:0.00M, Peak:0.00M | C6420_4N_24SFF_v002_MASTER, ViewLayer | Synchronizing object | Rear_cover_flush_screw_recess_floor.005
Fra:1 Mem:241.05M (Peak 241.05M) | Time:00:00.26 | Mem:0.00M, Peak:0.00M | C6420_4N_24SFF_v002_MASTER, ViewLayer | Synchronizing object | Rear_cover_flush_screw_recessed_head.006
Fra:1 Mem:241.39M (Peak 241.39M) | Time:00:00.26 | Mem:0.00M, Peak:0.00M | C6420_4N_24SFF_v002_MASTER, ViewLayer | Synchronizing object | Rear_cover_flush_screw_recess_floor.006
Fra:1 Mem:241.40M (Peak 241.40M) | Time:00:00.26 | Mem:0.00M, Peak:0.00M | C6420_4N_24SFF_v002_MASTER, ViewLayer | Synchronizing object | Rear_cover_flush_screw_recessed_head.007
Fra:1 Mem:241.61M (Peak 241.61M) | Time:00:00.27 | Mem:0.00M, Peak:0.00M | C6420_4N_24SFF_v002_MASTER, ViewLayer | Synchronizing object | Rear_cover_flush_screw_recess_floor.007
Fra:1 Mem:241.61M (Peak 241.61M) | Time:00:00.27 | Mem:0.00M, Peak:0.00M | C6420_4N_24SFF_v002_MASTER, ViewLayer | Synchronizing object | Midheight_sled_shelf
Fra:1 Mem:241.62M (Peak 241.62M) | Time:00:00.27 | Mem:0.00M, Peak:0.00M | C6420_4N_24SFF_v002_MASTER, ViewLayer | Synchronizing object | Midheight_sled_shelf.001
Fra:1 Mem:241.63M (Peak 241.63M) | Time:00:00.27 | Mem:0.00M, Peak:0.00M | C6420_4N_24SFF_v002_MASTER, ViewLayer | Synchronizing object | Central_PSU_channel_divider
Fra:1 Mem:241.65M (Peak 241.65M) | Time:00:00.27 | Mem:0.00M, Peak:0.00M | C6420_4N_24SFF_v002_MASTER, ViewLayer | Synchronizing object | Central_PSU_channel_divider.001
Fra:1 Mem:241.72M (Peak 241.72M) | Time:00:00.27 | Mem:0.00M, Peak:0.00M | C6420_4N_24SFF_v002_MASTER, ViewLayer | Synchronizing object | Front_backplane_shadow
Fra:1 Mem:241.67M (Peak 241.72M) | Time:00:00.27 | Mem:0.00M, Peak:0.00M | C6420_4N_24SFF_v002_MASTER, ViewLayer | Synchronizing object | Hidden_backplane_socket
Fra:1 Mem:241.69M (Peak 241.72M) | Time:00:00.27 | Mem:0.00M, Peak:0.00M | C6420_4N_24SFF_v002_MASTER, ViewLayer | Synchronizing object | Hidden_backplane_socket.001
Fra:1 Mem:241.71M (Peak 241.72M) | Time:00:00.27 | Mem:0.00M, Peak:0.00M | C6420_4N_24SFF_v002_MASTER, ViewLayer | Synchronizing object | Hidden_backplane_socket.002
Fra:1 Mem:241.80M (Peak 241.80M) | Time:00:00.27 | Mem:0.00M, Peak:0.00M | C6420_4N_24SFF_v002_MASTER, ViewLayer | Synchronizing object | Hidden_backplane_socket.003
Fra:1 Mem:241.77M (Peak 241.80M) | Time:00:00.27 | Mem:0.00M, Peak:0.00M | C6420_4N_24SFF_v002_MASTER, ViewLayer | Synchronizing object | Rack_ear_mount_-1
Fra:1 Mem:241.71M (Peak 241.80M) | Time:00:00.27 | Mem:0.00M, Peak:0.00M | C6420_4N_24SFF_v002_MASTER, ViewLayer | Synchronizing object | Control_ear_shell_-1
Fra:1 Mem:241.72M (Peak 241.80M) | Time:00:00.27 | Mem:0.00M, Peak:0.00M | C6420_4N_24SFF_v002_MASTER, ViewLayer | Synchronizing object | Front_punched_cheek_-1
Fra:1 Mem:241.73M (Peak 241.80M) | Time:00:00.27 | Mem:0.00M, Peak:0.00M | C6420_4N_24SFF_v002_MASTER, ViewLayer | Synchronizing object | Front_cage_side_return_-1
Fra:1 Mem:241.90M (Peak 241.90M) | Time:00:00.27 | Mem:0.00M, Peak:0.00M | C6420_4N_24SFF_v002_MASTER, ViewLayer | Synchronizing object | Bay_index_01
Fra:1 Mem:242.18M (Peak 242.18M) | Time:00:00.27 | Mem:0.00M, Peak:0.00M | C6420_4N_24SFF_v002_MASTER, ViewLayer | Synchronizing object | Handle_flat_anchor_-1
Fra:1 Mem:242.19M (Peak 242.19M) | Time:00:00.27 | Mem:0.00M, Peak:0.00M | C6420_4N_24SFF_v002_MASTER, ViewLayer | Synchronizing object | Bay_index_02
Fra:1 Mem:242.21M (Peak 242.21M) | Time:00:00.27 | Mem:0.00M, Peak:0.00M | C6420_4N_24SFF_v002_MASTER, ViewLayer | Synchronizing object | Handle_flat_anchor_-1.001
Fra:1 Mem:242.30M (Peak 242.30M) | Time:00:00.27 | Mem:0.00M, Peak:0.00M | C6420_4N_24SFF_v002_MASTER, ViewLayer | Synchronizing object | Bay_index_03
Fra:1 Mem:242.31M (Peak 242.31M) | Time:00:00.27 | Mem:0.00M, Peak:0.00M | C6420_4N_24SFF_v002_MASTER, ViewLayer | Synchronizing object | Rack_ear_mount_1
Fra:1 Mem:242.32M (Peak 242.32M) | Time:00:00.27 | Mem:0.00M, Peak:0.00M | C6420_4N_24SFF_v002_MASTER, ViewLayer | Synchronizing object | Bay_index_04
Fra:1 Mem:242.35M (Peak 242.35M) | Time:00:00.27 | Mem:0.00M, Peak:0.00M | C6420_4N_24SFF_v002_MASTER, ViewLayer | Synchronizing object | Lower_ear_screw_boss_1
Fra:1 Mem:242.36M (Peak 242.36M) | Time:00:00.27 | Mem:0.00M, Peak:0.00M | C6420_4N_24SFF_v002_MASTER, ViewLayer | Synchronizing object | Bay_index_05
Fra:1 Mem:242.43M (Peak 242.43M) | Time:00:00.27 | Mem:0.00M, Peak:0.00M | C6420_4N_24SFF_v002_MASTER, ViewLayer | Synchronizing object | Bay_index_06
Fra:1 Mem:242.42M (Peak 242.43M) | Time:00:00.27 | Mem:0.00M, Peak:0.00M | C6420_4N_24SFF_v002_MASTER, ViewLayer | Synchronizing object | Front_punched_cheek_1
Fra:1 Mem:242.73M (Peak 242.73M) | Time:00:00.27 | Mem:0.00M, Peak:0.00M | C6420_4N_24SFF_v002_MASTER, ViewLayer | Synchronizing object | Front_cage_side_return_1
Fra:1 Mem:242.73M (Peak 242.73M) | Time:00:00.27 | Mem:0.00M, Peak:0.00M | C6420_4N_24SFF_v002_MASTER, ViewLayer | Synchronizing object | Handle_flat_anchor_1
Fra:1 Mem:242.74M (Peak 242.74M) | Time:00:00.27 | Mem:0.00M, Peak:0.00M | C6420_4N_24SFF_v002_MASTER, ViewLayer | Synchronizing object | Bay_index_07
Fra:1 Mem:242.79M (Peak 242.79M) | Time:00:00.27 | Mem:0.00M, Peak:0.00M | C6420_4N_24SFF_v002_MASTER, ViewLayer | Synchronizing object | Bay_index_08
Fra:1 Mem:242.84M (Peak 242.84M) | Time:00:00.27 | Mem:0.00M, Peak:0.00M | C6420_4N_24SFF_v002_MASTER, ViewLayer | Synchronizing object | Bay_index_09
Fra:1 Mem:242.89M (Peak 242.89M) | Time:00:00.27 | Mem:0.00M, Peak:0.00M | C6420_4N_24SFF_v002_MASTER, ViewLayer | Synchronizing object | Handle_flat_anchor_1.001
Fra:1 Mem:243.12M (Peak 243.12M) | Time:00:00.27 | Mem:0.00M, Peak:0.00M | C6420_4N_24SFF_v002_MASTER, ViewLayer | Synchronizing object | Front_lower_rolled_hem
Fra:1 Mem:243.52M (Peak 243.52M) | Time:00:00.27 | Mem:0.00M, Peak:0.00M | C6420_4N_24SFF_v002_MASTER, ViewLayer | Synchronizing object | Front_upper_rolled_hem
Fra:1 Mem:243.55M (Peak 243.55M) | Time:00:00.27 | Mem:0.00M, Peak:0.00M | C6420_4N_24SFF_v002_MASTER, ViewLayer | Synchronizing object | Drive_bank_divider_0
Fra:1 Mem:243.62M (Peak 243.62M) | Time:00:00.27 | Mem:0.00M, Peak:0.00M | C6420_4N_24SFF_v002_MASTER, ViewLayer | Synchronizing object | Bay_index_11
Fra:1 Mem:243.68M (Peak 243.68M) | Time:00:00.27 | Mem:0.00M, Peak:0.00M | C6420_4N_24SFF_v002_MASTER, ViewLayer | Synchronizing object | Bay_index_12
Fra:1 Mem:243.70M (Peak 243.70M) | Time:00:00.27 | Mem:0.00M, Peak:0.00M | C6420_4N_24SFF_v002_MASTER, ViewLayer | Synchronizing object | Drive_bank_divider_1
Fra:1 Mem:243.76M (Peak 243.76M) | Time:00:00.27 | Mem:0.00M, Peak:0.00M | C6420_4N_24SFF_v002_MASTER, ViewLayer | Synchronizing object | Bay_index_13
Fra:1 Mem:243.77M (Peak 243.77M) | Time:00:00.27 | Mem:0.00M, Peak:0.00M | C6420_4N_24SFF_v002_MASTER, ViewLayer | Synchronizing object | Drive_bank_divider_2
Fra:1 Mem:243.97M (Peak 243.97M) | Time:00:00.27 | Mem:0.00M, Peak:0.00M | C6420_4N_24SFF_v002_MASTER, ViewLayer | Synchronizing object | Bay_index_14
Fra:1 Mem:244.01M (Peak 244.01M) | Time:00:00.27 | Mem:0.00M, Peak:0.00M | C6420_4N_24SFF_v002_MASTER, ViewLayer | Synchronizing object | Drive_bank_divider_3
Fra:1 Mem:244.01M (Peak 244.01M) | Time:00:00.27 | Mem:0.00M, Peak:0.00M | C6420_4N_24SFF_v002_MASTER, ViewLayer | Synchronizing object | Drive_bank_divider_4
Fra:1 Mem:244.06M (Peak 244.06M) | Time:00:00.27 | Mem:0.00M, Peak:0.00M | C6420_4N_24SFF_v002_MASTER, ViewLayer | Synchronizing object | Bay_index_15
Fra:1 Mem:244.08M (Peak 244.08M) | Time:00:00.27 | Mem:0.00M, Peak:0.00M | C6420_4N_24SFF_v002_MASTER, ViewLayer | Synchronizing object | Control_face_inset_-1
Fra:1 Mem:244.11M (Peak 244.11M) | Time:00:00.27 | Mem:0.00M, Peak:0.00M | C6420_4N_24SFF_v002_MASTER, ViewLayer | Synchronizing object | Bay_index_16
Fra:1 Mem:244.31M (Peak 244.31M) | Time:00:00.27 | Mem:0.00M, Peak:0.00M | C6420_4N_24SFF_v002_MASTER, ViewLayer | Synchronizing object | Control_face_bottom_clip_-1
Fra:1 Mem:244.28M (Peak 244.31M) | Time:00:00.27 | Mem:0.00M, Peak:0.00M | C6420_4N_24SFF_v002_MASTER, ViewLayer | Synchronizing object | DELL_EMC_official_badge
Fra:1 Mem:244.30M (Peak 244.31M) | Time:00:00.27 | Mem:0.00M, Peak:0.00M | C6420_4N_24SFF_v002_MASTER, ViewLayer | Synchronizing object | Power_outer_white_print_1
Fra:1 Mem:244.69M (Peak 244.70M) | Time:00:00.27 | Mem:0.00M, Peak:0.00M | C6420_4N_24SFF_v002_MASTER, ViewLayer | Synchronizing object | ID_button_lens_1
Fra:1 Mem:244.77M (Peak 244.77M) | Time:00:00.27 | Mem:0.00M, Peak:0.00M | C6420_4N_24SFF_v002_MASTER, ViewLayer | Synchronizing object | ID_button_print_1
Fra:1 Mem:244.86M (Peak 244.86M) | Time:00:00.27 | Mem:0.00M, Peak:0.00M | C6420_4N_24SFF_v002_MASTER, ViewLayer | Synchronizing object | ID_inner_white_disc_1
Fra:1 Mem:244.87M (Peak 244.87M) | Time:00:00.27 | Mem:0.00M, Peak:0.00M | C6420_4N_24SFF_v002_MASTER, ViewLayer | Synchronizing object | Front_mapping_arrow_1
Fra:1 Mem:244.88M (Peak 244.88M) | Time:00:00.27 | Mem:0.00M, Peak:0.00M | C6420_4N_24SFF_v002_MASTER, ViewLayer | Synchronizing object | Power_button_lens_2
Fra:1 Mem:244.92M (Peak 244.92M) | Time:00:00.27 | Mem:0.00M, Peak:0.00M | C6420_4N_24SFF_v002_MASTER, ViewLayer | Synchronizing object | Bay_index_19
Fra:1 Mem:244.92M (Peak 244.92M) | Time:00:00.27 | Mem:0.00M, Peak:0.00M | C6420_4N_24SFF_v002_MASTER, ViewLayer | Synchronizing object | Power_outer_white_print_2
Fra:1 Mem:244.97M (Peak 244.97M) | Time:00:00.27 | Mem:0.00M, Peak:0.00M | C6420_4N_24SFF_v002_MASTER, ViewLayer | Synchronizing object | ID_button_print_2
Fra:1 Mem:244.99M (Peak 244.99M) | Time:00:00.27 | Mem:0.00M, Peak:0.00M | C6420_4N_24SFF_v002_MASTER, ViewLayer | Synchronizing object | Bay_index_20
Fra:1 Mem:245.05M (Peak 245.05M) | Time:00:00.27 | Mem:0.00M, Peak:0.00M | C6420_4N_24SFF_v002_MASTER, ViewLayer | Synchronizing object | ID_inner_white_disc_2
Fra:1 Mem:245.10M (Peak 245.10M) | Time:00:00.27 | Mem:0.00M, Peak:0.00M | C6420_4N_24SFF_v002_MASTER, ViewLayer | Synchronizing object | Front_mapping_arrow_2
Fra:1 Mem:245.10M (Peak 245.10M) | Time:00:00.27 | Mem:0.00M, Peak:0.00M | C6420_4N_24SFF_v002_MASTER, ViewLayer | Synchronizing object | Captive_screw_metal_washer_-1
Fra:1 Mem:245.13M (Peak 245.13M) | Time:00:00.27 | Mem:0.00M, Peak:0.00M | C6420_4N_24SFF_v002_MASTER, ViewLayer | Synchronizing object | Captive_screw_knurled_grip_-1
Fra:1 Mem:245.24M (Peak 245.24M) | Time:00:00.27 | Mem:0.00M, Peak:0.00M | C6420_4N_24SFF_v002_MASTER, ViewLayer | Synchronizing object | Bay_index_21
Fra:1 Mem:245.51M (Peak 245.51M) | Time:00:00.27 | Mem:0.00M, Peak:0.00M | C6420_4N_24SFF_v002_MASTER, ViewLayer | Synchronizing object | Bay_index_22
Fra:1 Mem:245.49M (Peak 245.51M) | Time:00:00.27 | Mem:0.00M, Peak:0.00M | C6420_4N_24SFF_v002_MASTER, ViewLayer | Synchronizing object | Bay_index_23
Fra:1 Mem:245.50M (Peak 245.51M) | Time:00:00.27 | Mem:0.00M, Peak:0.00M | C6420_4N_24SFF_v002_MASTER, ViewLayer | Synchronizing object | Captive_screw_Phillips_-1_recess_floor
Fra:1 Mem:245.68M (Peak 245.68M) | Time:00:00.27 | Mem:0.00M, Peak:0.00M | C6420_4N_24SFF_v002_MASTER, ViewLayer | Synchronizing object | Captive_screw_front_bead_-1
Fra:1 Mem:245.81M (Peak 245.81M) | Time:00:00.27 | Mem:0.00M, Peak:0.00M | C6420_4N_24SFF_v002_MASTER, ViewLayer | Synchronizing object | Bay_mapping_triangle_23
Fra:1 Mem:245.95M (Peak 245.95M) | Time:00:00.27 | Mem:0.00M, Peak:0.00M | C6420_4N_24SFF_v002_MASTER, ViewLayer | Synchronizing object | Bay_mapping_triangle_22
Fra:1 Mem:245.95M (Peak 245.95M) | Time:00:00.27 | Mem:0.00M, Peak:0.00M | C6420_4N_24SFF_v002_MASTER, ViewLayer | Synchronizing object | Control_face_inset_1
Fra:1 Mem:245.97M (Peak 245.97M) | Time:00:00.27 | Mem:0.00M, Peak:0.00M | C6420_4N_24SFF_v002_MASTER, ViewLayer | Synchronizing object | Bay_mapping_triangle_21
Fra:1 Mem:246.22M (Peak 246.22M) | Time:00:00.27 | Mem:0.00M, Peak:0.00M | C6420_4N_24SFF_v002_MASTER, ViewLayer | Synchronizing object | Bay_mapping_triangle_20
Fra:1 Mem:246.23M (Peak 246.23M) | Time:00:00.27 | Mem:0.00M, Peak:0.00M | C6420_4N_24SFF_v002_MASTER, ViewLayer | Synchronizing object | Bay_mapping_triangle_19
Fra:1 Mem:246.28M (Peak 246.28M) | Time:00:00.27 | Mem:0.00M, Peak:0.00M | C6420_4N_24SFF_v002_MASTER, ViewLayer | Synchronizing object | Bay_mapping_triangle_18
Fra:1 Mem:246.29M (Peak 246.29M) | Time:00:00.27 | Mem:0.00M, Peak:0.00M | C6420_4N_24SFF_v002_MASTER, ViewLayer | Synchronizing object | Bay_mapping_triangle_17
Fra:1 Mem:246.29M (Peak 246.29M) | Time:00:00.27 | Mem:0.00M, Peak:0.00M | C6420_4N_24SFF_v002_MASTER, ViewLayer | Synchronizing object | Bay_mapping_triangle_16
Fra:1 Mem:246.35M (Peak 246.35M) | Time:00:00.27 | Mem:0.00M, Peak:0.00M | C6420_4N_24SFF_v002_MASTER, ViewLayer | Synchronizing object | Bay_mapping_triangle_15
Fra:1 Mem:246.35M (Peak 246.35M) | Time:00:00.27 | Mem:0.00M, Peak:0.00M | C6420_4N_24SFF_v002_MASTER, ViewLayer | Synchronizing object | Bay_mapping_triangle_14
Fra:1 Mem:246.35M (Peak 246.35M) | Time:00:00.27 | Mem:0.00M, Peak:0.00M | C6420_4N_24SFF_v002_MASTER, ViewLayer | Synchronizing object | Bay_mapping_triangle_13
Fra:1 Mem:246.35M (Peak 246.35M) | Time:00:00.27 | Mem:0.00M, Peak:0.00M | C6420_4N_24SFF_v002_MASTER, ViewLayer | Synchronizing object | Bay_mapping_triangle_12
Fra:1 Mem:246.35M (Peak 246.35M) | Time:00:00.27 | Mem:0.00M, Peak:0.00M | C6420_4N_24SFF_v002_MASTER, ViewLayer | Synchronizing object | Bay_mapping_triangle_11
Fra:1 Mem:246.35M (Peak 246.35M) | Time:00:00.27 | Mem:0.00M, Peak:0.00M | C6420_4N_24SFF_v002_MASTER, ViewLayer | Synchronizing object | Bay_mapping_triangle_10
Fra:1 Mem:246.35M (Peak 246.35M) | Time:00:00.27 | Mem:0.00M, Peak:0.00M | C6420_4N_24SFF_v002_MASTER, ViewLayer | Synchronizing object | Bay_mapping_triangle_9
Fra:1 Mem:246.36M (Peak 246.36M) | Time:00:00.27 | Mem:0.00M, Peak:0.00M | C6420_4N_24SFF_v002_MASTER, ViewLayer | Synchronizing object | Bay_mapping_triangle_8
Fra:1 Mem:246.36M (Peak 246.36M) | Time:00:00.27 | Mem:0.00M, Peak:0.00M | C6420_4N_24SFF_v002_MASTER, ViewLayer | Synchronizing object | Bay_mapping_triangle_7
Fra:1 Mem:246.36M (Peak 246.36M) | Time:00:00.27 | Mem:0.00M, Peak:0.00M | C6420_4N_24SFF_v002_MASTER, ViewLayer | Synchronizing object | Bay_mapping_triangle_6
Fra:1 Mem:246.36M (Peak 246.36M) | Time:00:00.27 | Mem:0.00M, Peak:0.00M | C6420_4N_24SFF_v002_MASTER, ViewLayer | Synchronizing object | Bay_mapping_triangle_5
Fra:1 Mem:246.36M (Peak 246.36M) | Time:00:00.27 | Mem:0.00M, Peak:0.00M | C6420_4N_24SFF_v002_MASTER, ViewLayer | Synchronizing object | Bay_mapping_triangle_4
Fra:1 Mem:246.36M (Peak 246.36M) | Time:00:00.27 | Mem:0.00M, Peak:0.00M | C6420_4N_24SFF_v002_MASTER, ViewLayer | Synchronizing object | Bay_mapping_triangle_3
Fra:1 Mem:246.36M (Peak 246.36M) | Time:00:00.27 | Mem:0.00M, Peak:0.00M | C6420_4N_24SFF_v002_MASTER, ViewLayer | Synchronizing object | Bay_mapping_triangle_2
Fra:1 Mem:246.36M (Peak 246.36M) | Time:00:00.27 | Mem:0.00M, Peak:0.00M | C6420_4N_24SFF_v002_MASTER, ViewLayer | Synchronizing object | Bay_mapping_triangle_1
Fra:1 Mem:246.36M (Peak 246.36M) | Time:00:00.27 | Mem:0.00M, Peak:0.00M | C6420_4N_24SFF_v002_MASTER, ViewLayer | Synchronizing object | Bay_mapping_triangle_0
Fra:1 Mem:246.37M (Peak 246.37M) | Time:00:00.27 | Mem:0.00M, Peak:0.00M | C6420_4N_24SFF_v002_MASTER, ViewLayer | Synchronizing object | Filler23_retention_edge
Fra:1 Mem:246.39M (Peak 246.39M) | Time:00:00.27 | Mem:0.00M, Peak:0.00M | C6420_4N_24SFF_v002_MASTER, ViewLayer | Synchronizing object | Control_face_bottom_clip_1
Fra:1 Mem:246.40M (Peak 246.40M) | Time:00:00.27 | Mem:0.00M, Peak:0.00M | C6420_4N_24SFF_v002_MASTER, ViewLayer | Synchronizing object | C6400_official_badge
Fra:1 Mem:246.40M (Peak 246.40M) | Time:00:00.27 | Mem:0.00M, Peak:0.00M | C6420_4N_24SFF_v002_MASTER, ViewLayer | Synchronizing object | Power_button_lens_3
Fra:1 Mem:246.43M (Peak 246.43M) | Time:00:00.27 | Mem:0.00M, Peak:0.00M | C6420_4N_24SFF_v002_MASTER, ViewLayer | Synchronizing object | Power_outer_white_print_3
Fra:1 Mem:246.44M (Peak 246.44M) | Time:00:00.27 | Mem:0.00M, Peak:0.00M | C6420_4N_24SFF_v002_MASTER, ViewLayer | Synchronizing object | ID_button_lens_3
Fra:1 Mem:246.53M (Peak 246.53M) | Time:00:00.27 | Mem:0.00M, Peak:0.00M | C6420_4N_24SFF_v002_MASTER, ViewLayer | Synchronizing object | Filler23_recessed_contact_sliver.009
Fra:1 Mem:246.54M (Peak 246.54M) | Time:00:00.27 | Mem:0.00M, Peak:0.00M | C6420_4N_24SFF_v002_MASTER, ViewLayer | Synchronizing object | ID_button_print_3
Fra:1 Mem:246.55M (Peak 246.56M) | Time:00:00.27 | Mem:0.00M, Peak:0.00M | C6420_4N_24SFF_v002_MASTER, ViewLayer | Synchronizing object | ID_inner_white_disc_3
Fra:1 Mem:246.62M (Peak 246.62M) | Time:00:00.27 | Mem:0.00M, Peak:0.00M | C6420_4N_24SFF_v002_MASTER, ViewLayer | Synchronizing object | Front_mapping_arrow_3
Fra:1 Mem:246.63M (Peak 246.63M) | Time:00:00.27 | Mem:0.00M, Peak:0.00M | C6420_4N_24SFF_v002_MASTER, ViewLayer | Synchronizing object | Power_button_lens_4
Fra:1 Mem:246.63M (Peak 246.63M) | Time:00:00.27 | Mem:0.00M, Peak:0.00M | C6420_4N_24SFF_v002_MASTER, ViewLayer | Synchronizing object | Power_outer_white_print_4
Fra:1 Mem:246.71M (Peak 246.71M) | Time:00:00.27 | Mem:0.00M, Peak:0.00M | C6420_4N_24SFF_v002_MASTER, ViewLayer | Synchronizing object | ID_button_lens_4
Fra:1 Mem:246.75M (Peak 246.75M) | Time:00:00.27 | Mem:0.00M, Peak:0.00M | C6420_4N_24SFF_v002_MASTER, ViewLayer | Synchronizing object | ID_button_print_4
Fra:1 Mem:246.81M (Peak 246.81M) | Time:00:00.27 | Mem:0.00M, Peak:0.00M | C6420_4N_24SFF_v002_MASTER, ViewLayer | Synchronizing object | ID_inner_white_disc_4
Fra:1 Mem:246.82M (Peak 246.82M) | Time:00:00.27 | Mem:0.00M, Peak:0.00M | C6420_4N_24SFF_v002_MASTER, ViewLayer | Synchronizing object | Filler23_recessed_contact_sliver.008
Fra:1 Mem:246.84M (Peak 246.84M) | Time:00:00.27 | Mem:0.00M, Peak:0.00M | C6420_4N_24SFF_v002_MASTER, ViewLayer | Synchronizing object | Front_mapping_arrow_4
Fra:1 Mem:246.85M (Peak 246.85M) | Time:00:00.27 | Mem:0.00M, Peak:0.00M | C6420_4N_24SFF_v002_MASTER, ViewLayer | Synchronizing object | Captive_screw_metal_washer_1
Fra:1 Mem:246.88M (Peak 246.88M) | Time:00:00.27 | Mem:0.00M, Peak:0.00M | C6420_4N_24SFF_v002_MASTER, ViewLayer | Synchronizing object | Captive_screw_knurled_grip_1
Fra:1 Mem:247.05M (Peak 247.05M) | Time:00:00.27 | Mem:0.00M, Peak:0.00M | C6420_4N_24SFF_v002_MASTER, ViewLayer | Synchronizing object | Filler23_recessed_contact_sliver.007
Fra:1 Mem:247.43M (Peak 247.43M) | Time:00:00.27 | Mem:0.00M, Peak:0.00M | C6420_4N_24SFF_v002_MASTER, ViewLayer | Synchronizing object | Filler23_recessed_contact_sliver.006
Fra:1 Mem:247.76M (Peak 247.76M) | Time:00:00.27 | Mem:0.00M, Peak:0.00M | C6420_4N_24SFF_v002_MASTER, ViewLayer | Synchronizing object | Filler23_recessed_contact_sliver.005
Fra:1 Mem:247.79M (Peak 247.79M) | Time:00:00.27 | Mem:0.00M, Peak:0.00M | C6420_4N_24SFF_v002_MASTER, ViewLayer | Synchronizing object | Filler23_recessed_contact_sliver.004
Fra:1 Mem:247.82M (Peak 247.82M) | Time:00:00.27 | Mem:0.00M, Peak:0.00M | C6420_4N_24SFF_v002_MASTER, ViewLayer | Synchronizing object | Captive_screw_Phillips_1_recessed_head
Fra:1 Mem:247.90M (Peak 247.90M) | Time:00:00.27 | Mem:0.00M, Peak:0.00M | C6420_4N_24SFF_v002_MASTER, ViewLayer | Synchronizing object | Captive_screw_Phillips_1_recess_floor
Fra:1 Mem:247.91M (Peak 247.91M) | Time:00:00.27 | Mem:0.00M, Peak:0.00M | C6420_4N_24SFF_v002_MASTER, ViewLayer | Synchronizing object | Filler23_recessed_contact_sliver.003
Fra:1 Mem:247.91M (Peak 247.91M) | Time:00:00.27 | Mem:0.00M, Peak:0.00M | C6420_4N_24SFF_v002_MASTER, ViewLayer | Synchronizing object | Captive_screw_front_bead_1
Fra:1 Mem:248.01M (Peak 248.01M) | Time:00:00.27 | Mem:0.00M, Peak:0.00M | C6420_4N_24SFF_v002_MASTER, ViewLayer | Synchronizing object | EST_front_tag_blue_edge
Fra:1 Mem:248.02M (Peak 248.02M) | Time:00:00.27 | Mem:0.00M, Peak:0.00M | C6420_4N_24SFF_v002_MASTER, ViewLayer | Synchronizing object | Filler00_inner_sidewall_-1
Fra:1 Mem:248.05M (Peak 248.05M) | Time:00:00.27 | Mem:0.00M, Peak:0.00M | C6420_4N_24SFF_v002_MASTER, ViewLayer | Synchronizing object | Filler23_recessed_contact_sliver.002
Fra:1 Mem:248.08M (Peak 248.08M) | Time:00:00.27 | Mem:0.00M, Peak:0.00M | C6420_4N_24SFF_v002_MASTER, ViewLayer | Synchronizing object | Filler00_outer_mold_rail
Fra:1 Mem:248.13M (Peak 248.13M) | Time:00:00.27 | Mem:0.00M, Peak:0.00M | C6420_4N_24SFF_v002_MASTER, ViewLayer | Synchronizing object | Filler23_recessed_contact_sliver.001
Fra:1 Mem:248.14M (Peak 248.14M) | Time:00:00.27 | Mem:0.00M, Peak:0.00M | C6420_4N_24SFF_v002_MASTER, ViewLayer | Synchronizing object | Filler00_outer_mold_rail.001
Fra:1 Mem:248.18M (Peak 248.18M) | Time:00:00.27 | Mem:0.00M, Peak:0.00M | C6420_4N_24SFF_v002_MASTER, ViewLayer | Synchronizing object | Filler00_outer_mold_rail.002
Fra:1 Mem:248.21M (Peak 248.21M) | Time:00:00.27 | Mem:0.00M, Peak:0.00M | C6420_4N_24SFF_v002_MASTER, ViewLayer | Synchronizing object | Filler23_recessed_contact_sliver
Fra:1 Mem:248.23M (Peak 248.23M) | Time:00:00.27 | Mem:0.00M, Peak:0.00M | C6420_4N_24SFF_v002_MASTER, ViewLayer | Synchronizing object | Filler00_inner_sidewall_1
Fra:1 Mem:248.26M (Peak 248.26M) | Time:00:00.27 | Mem:0.00M, Peak:0.00M | C6420_4N_24SFF_v002_MASTER, ViewLayer | Synchronizing object | Filler00_outer_mold_rail.003
Fra:1 Mem:248.30M (Peak 248.30M) | Time:00:00.27 | Mem:0.00M, Peak:0.00M | C6420_4N_24SFF_v002_MASTER, ViewLayer | Synchronizing object | Filler00_outer_mold_rail.004
Fra:1 Mem:248.38M (Peak 248.38M) | Time:00:00.27 | Mem:0.00M, Peak:0.00M | C6420_4N_24SFF_v002_MASTER, ViewLayer | Synchronizing object | Filler23_frame_bottom_bar
Fra:1 Mem:248.34M (Peak 248.38M) | Time:00:00.27 | Mem:0.00M, Peak:0.00M | C6420_4N_24SFF_v002_MASTER, ViewLayer | Synchronizing object | Filler00_outer_mold_rail.005
Fra:1 Mem:248.34M (Peak 248.38M) | Time:00:00.27 | Mem:0.00M, Peak:0.00M | C6420_4N_24SFF_v002_MASTER, ViewLayer | Synchronizing object | Filler00_internal_cross_rib
Fra:1 Mem:248.39M (Peak 248.39M) | Time:00:00.27 | Mem:0.00M, Peak:0.00M | C6420_4N_24SFF_v002_MASTER, ViewLayer | Synchronizing object | Filler00_internal_cross_rib.001
Fra:1 Mem:248.39M (Peak 248.39M) | Time:00:00.27 | Mem:0.00M, Peak:0.00M | C6420_4N_24SFF_v002_MASTER, ViewLayer | Synchronizing object | Filler00_internal_cross_rib.002
Fra:1 Mem:248.44M (Peak 248.44M) | Time:00:00.27 | Mem:0.00M, Peak:0.00M | C6420_4N_24SFF_v002_MASTER, ViewLayer | Synchronizing object | Filler23_lower_step_bottom
Fra:1 Mem:248.46M (Peak 248.46M) | Time:00:00.27 | Mem:0.00M, Peak:0.00M | C6420_4N_24SFF_v002_MASTER, ViewLayer | Synchronizing object | Filler00_internal_cross_rib.003
Fra:1 Mem:248.47M (Peak 248.47M) | Time:00:00.27 | Mem:0.00M, Peak:0.00M | C6420_4N_24SFF_v002_MASTER, ViewLayer | Synchronizing object | Filler00_internal_cross_rib.004
Fra:1 Mem:248.51M (Peak 248.51M) | Time:00:00.27 | Mem:0.00M, Peak:0.00M | C6420_4N_24SFF_v002_MASTER, ViewLayer | Synchronizing object | Filler00_long_center_pad
Fra:1 Mem:248.54M (Peak 248.54M) | Time:00:00.27 | Mem:0.00M, Peak:0.00M | C6420_4N_24SFF_v002_MASTER, ViewLayer | Synchronizing object | Filler00_fine_vertical_pad_rib
Fra:1 Mem:248.63M (Peak 248.63M) | Time:00:00.27 | Mem:0.00M, Peak:0.00M | C6420_4N_24SFF_v002_MASTER, ViewLayer | Synchronizing object | Filler23_lower_step_top
Fra:1 Mem:248.64M (Peak 248.64M) | Time:00:00.27 | Mem:0.00M, Peak:0.00M | C6420_4N_24SFF_v002_MASTER, ViewLayer | Synchronizing object | Filler00_mold_parting_land
Fra:1 Mem:248.67M (Peak 248.67M) | Time:00:00.27 | Mem:0.00M, Peak:0.00M | C6420_4N_24SFF_v002_MASTER, ViewLayer | Synchronizing object | Filler00_fine_vertical_pad_rib.001
Fra:1 Mem:248.68M (Peak 248.68M) | Time:00:00.27 | Mem:0.00M, Peak:0.00M | C6420_4N_24SFF_v002_MASTER, ViewLayer | Synchronizing object | Filler00_mold_parting_land.001
Fra:1 Mem:248.70M (Peak 248.70M) | Time:00:00.27 | Mem:0.00M, Peak:0.00M | C6420_4N_24SFF_v002_MASTER, ViewLayer | Synchronizing object | Filler00_upper_inset_pad
Fra:1 Mem:248.70M (Peak 248.70M) | Time:00:00.27 | Mem:0.00M, Peak:0.00M | C6420_4N_24SFF_v002_MASTER, ViewLayer | Synchronizing object | Filler00_top_cross_cap
Fra:1 Mem:248.79M (Peak 248.79M) | Time:00:00.27 | Mem:0.00M, Peak:0.00M | C6420_4N_24SFF_v002_MASTER, ViewLayer | Synchronizing object | Filler23_lower_shaped_foot
Fra:1 Mem:248.84M (Peak 248.84M) | Time:00:00.27 | Mem:0.00M, Peak:0.00M | C6420_4N_24SFF_v002_MASTER, ViewLayer | Synchronizing object | Filler00_top_hook_cheek
Fra:1 Mem:248.94M (Peak 248.94M) | Time:00:00.27 | Mem:0.00M, Peak:0.00M | C6420_4N_24SFF_v002_MASTER, ViewLayer | Synchronizing object | Filler00_top_hook_cheek.001
Fra:1 Mem:248.96M (Peak 248.96M) | Time:00:00.27 | Mem:0.00M, Peak:0.00M | C6420_4N_24SFF_v002_MASTER, ViewLayer | Synchronizing object | Filler00_lower_shaped_foot
Fra:1 Mem:249.08M (Peak 249.08M) | Time:00:00.27 | Mem:0.00M, Peak:0.00M | C6420_4N_24SFF_v002_MASTER, ViewLayer | Synchronizing object | Filler00_lower_step_top
Fra:1 Mem:249.11M (Peak 249.11M) | Time:00:00.27 | Mem:0.00M, Peak:0.00M | C6420_4N_24SFF_v002_MASTER, ViewLayer | Synchronizing object | Filler00_lower_step_bottom
Fra:1 Mem:249.20M (Peak 249.20M) | Time:00:00.27 | Mem:0.00M, Peak:0.00M | C6420_4N_24SFF_v002_MASTER, ViewLayer | Synchronizing object | Filler00_recessed_contact_sliver
Fra:1 Mem:249.37M (Peak 249.37M) | Time:00:00.27 | Mem:0.00M, Peak:0.00M | C6420_4N_24SFF_v002_MASTER, ViewLayer | Synchronizing object | Filler00_recessed_contact_sliver.001
Fra:1 Mem:249.61M (Peak 249.61M) | Time:00:00.27 | Mem:0.00M, Peak:0.00M | C6420_4N_24SFF_v002_MASTER, ViewLayer | Synchronizing object | Filler00_recessed_contact_sliver.002
Fra:1 Mem:249.30M (Peak 249.61M) | Time:00:00.27 | Mem:0.00M, Peak:0.00M | C6420_4N_24SFF_v002_MASTER, ViewLayer | Synchronizing object | Filler00_recessed_contact_sliver.003
Fra:1 Mem:249.23M (Peak 249.61M) | Time:00:00.27 | Mem:0.00M, Peak:0.00M | C6420_4N_24SFF_v002_MASTER, ViewLayer | Synchronizing object | Filler00_recessed_contact_sliver.004
Fra:1 Mem:249.26M (Peak 249.61M) | Time:00:00.27 | Mem:0.00M, Peak:0.00M | C6420_4N_24SFF_v002_MASTER, ViewLayer | Synchronizing object | Filler23_top_hook_cheek.001
Fra:1 Mem:249.28M (Peak 249.61M) | Time:00:00.27 | Mem:0.00M, Peak:0.00M | C6420_4N_24SFF_v002_MASTER, ViewLayer | Synchronizing object | Filler00_recessed_contact_sliver.005
Fra:1 Mem:249.31M (Peak 249.61M) | Time:00:00.27 | Mem:0.00M, Peak:0.00M | C6420_4N_24SFF_v002_MASTER, ViewLayer | Synchronizing object | Filler00_recessed_contact_sliver.006
Fra:1 Mem:249.37M (Peak 249.61M) | Time:00:00.27 | Mem:0.00M, Peak:0.00M | C6420_4N_24SFF_v002_MASTER, ViewLayer | Synchronizing object | Filler00_recessed_contact_sliver.007
Fra:1 Mem:249.34M (Peak 249.61M) | Time:00:00.27 | Mem:0.00M, Peak:0.00M | C6420_4N_24SFF_v002_MASTER, ViewLayer | Synchronizing object | Filler00_recessed_contact_sliver.008
Fra:1 Mem:249.38M (Peak 249.61M) | Time:00:00.27 | Mem:0.00M, Peak:0.00M | C6420_4N_24SFF_v002_MASTER, ViewLayer | Synchronizing object | Filler23_top_hook_cheek
Fra:1 Mem:249.41M (Peak 249.61M) | Time:00:00.27 | Mem:0.00M, Peak:0.00M | C6420_4N_24SFF_v002_MASTER, ViewLayer | Synchronizing object | Filler00_recessed_contact_sliver.009
Fra:1 Mem:249.42M (Peak 249.61M) | Time:00:00.27 | Mem:0.00M, Peak:0.00M | C6420_4N_24SFF_v002_MASTER, ViewLayer | Synchronizing object | Filler00_retention_edge
Fra:1 Mem:249.46M (Peak 249.61M) | Time:00:00.27 | Mem:0.00M, Peak:0.00M | C6420_4N_24SFF_v002_MASTER, ViewLayer | Synchronizing object | Filler01_inner_sidewall_-1
Fra:1 Mem:249.46M (Peak 249.61M) | Time:00:00.27 | Mem:0.00M, Peak:0.00M | C6420_4N_24SFF_v002_MASTER, ViewLayer | Synchronizing object | Filler01_outer_mold_rail
Fra:1 Mem:249.51M (Peak 249.61M) | Time:00:00.27 | Mem:0.00M, Peak:0.00M | C6420_4N_24SFF_v002_MASTER, ViewLayer | Synchronizing object | Filler23_top_cross_cap
Fra:1 Mem:249.54M (Peak 249.61M) | Time:00:00.27 | Mem:0.00M, Peak:0.00M | C6420_4N_24SFF_v002_MASTER, ViewLayer | Synchronizing object | Filler01_outer_mold_rail.001
Fra:1 Mem:249.55M (Peak 249.61M) | Time:00:00.27 | Mem:0.00M, Peak:0.00M | C6420_4N_24SFF_v002_MASTER, ViewLayer | Synchronizing object | Filler01_outer_mold_rail.002
Fra:1 Mem:249.57M (Peak 249.61M) | Time:00:00.27 | Mem:0.00M, Peak:0.00M | C6420_4N_24SFF_v002_MASTER, ViewLayer | Synchronizing object | Filler01_inner_sidewall_1
Fra:1 Mem:249.61M (Peak 249.61M) | Time:00:00.27 | Mem:0.00M, Peak:0.00M | C6420_4N_24SFF_v002_MASTER, ViewLayer | Synchronizing object | Filler23_upper_inset_pad
Fra:1 Mem:249.65M (Peak 249.65M) | Time:00:00.27 | Mem:0.00M, Peak:0.00M | C6420_4N_24SFF_v002_MASTER, ViewLayer | Synchronizing object | Filler01_outer_mold_rail.004
Fra:1 Mem:249.69M (Peak 249.69M) | Time:00:00.27 | Mem:0.00M, Peak:0.00M | C6420_4N_24SFF_v002_MASTER, ViewLayer | Synchronizing object | Filler01_outer_mold_rail.005
Fra:1 Mem:249.73M (Peak 249.73M) | Time:00:00.27 | Mem:0.00M, Peak:0.00M | C6420_4N_24SFF_v002_MASTER, ViewLayer | Synchronizing object | Filler01_internal_cross_rib.001
Fra:1 Mem:249.74M (Peak 249.74M) | Time:00:00.27 | Mem:0.00M, Peak:0.00M | C6420_4N_24SFF_v002_MASTER, ViewLayer | Synchronizing object | Filler01_internal_cross_rib.002
Fra:1 Mem:249.78M (Peak 249.78M) | Time:00:00.27 | Mem:0.00M, Peak:0.00M | C6420_4N_24SFF_v002_MASTER, ViewLayer | Synchronizing object | Filler23_mold_parting_land.001
Fra:1 Mem:249.79M (Peak 249.79M) | Time:00:00.27 | Mem:0.00M, Peak:0.00M | C6420_4N_24SFF_v002_MASTER, ViewLayer | Synchronizing object | Filler01_internal_cross_rib.003
Fra:1 Mem:249.80M (Peak 249.80M) | Time:00:00.27 | Mem:0.00M, Peak:0.00M | C6420_4N_24SFF_v002_MASTER, ViewLayer | Synchronizing object | Filler23_fine_vertical_pad_rib.001
Fra:1 Mem:249.84M (Peak 249.84M) | Time:00:00.27 | Mem:0.00M, Peak:0.00M | C6420_4N_24SFF_v002_MASTER, ViewLayer | Synchronizing object | Filler01_internal_cross_rib.004
Fra:1 Mem:249.85M (Peak 249.85M) | Time:00:00.27 | Mem:0.00M, Peak:0.00M | C6420_4N_24SFF_v002_MASTER, ViewLayer | Synchronizing object | Filler23_mold_parting_land
Fra:1 Mem:249.88M (Peak 249.88M) | Time:00:00.27 | Mem:0.00M, Peak:0.00M | C6420_4N_24SFF_v002_MASTER, ViewLayer | Synchronizing object | Filler23_fine_vertical_pad_rib
Fra:1 Mem:249.91M (Peak 249.91M) | Time:00:00.27 | Mem:0.00M, Peak:0.00M | C6420_4N_24SFF_v002_MASTER, ViewLayer | Synchronizing object | Filler01_long_center_pad
Fra:1 Mem:249.96M (Peak 249.96M) | Time:00:00.27 | Mem:0.00M, Peak:0.00M | C6420_4N_24SFF_v002_MASTER, ViewLayer | Synchronizing object | Filler23_long_center_pad
Fra:1 Mem:250.16M (Peak 250.16M) | Time:00:00.27 | Mem:0.00M, Peak:0.00M | C6420_4N_24SFF_v002_MASTER, ViewLayer | Synchronizing object | Filler01_fine_vertical_pad_rib
Fra:1 Mem:250.32M (Peak 250.32M) | Time:00:00.27 | Mem:0.00M, Peak:0.00M | C6420_4N_24SFF_v002_MASTER, ViewLayer | Synchronizing object | Filler23_internal_cross_rib.004
Fra:1 Mem:250.24M (Peak 250.32M) | Time:00:00.27 | Mem:0.00M, Peak:0.00M | C6420_4N_24SFF_v002_MASTER, ViewLayer | Synchronizing object | Filler01_mold_parting_land
Fra:1 Mem:250.25M (Peak 250.32M) | Time:00:00.27 | Mem:0.00M, Peak:0.00M | C6420_4N_24SFF_v002_MASTER, ViewLayer | Synchronizing object | Filler23_internal_cross_rib.003
Fra:1 Mem:250.18M (Peak 250.32M) | Time:00:00.27 | Mem:0.00M, Peak:0.00M | C6420_4N_24SFF_v002_MASTER, ViewLayer | Synchronizing object | Filler01_fine_vertical_pad_rib.001
Fra:1 Mem:250.25M (Peak 250.32M) | Time:00:00.27 | Mem:0.00M, Peak:0.00M | C6420_4N_24SFF_v002_MASTER, ViewLayer | Synchronizing object | Filler01_mold_parting_land.001
Fra:1 Mem:250.42M (Peak 250.42M) | Time:00:00.27 | Mem:0.00M, Peak:0.00M | C6420_4N_24SFF_v002_MASTER, ViewLayer | Synchronizing object | Filler01_upper_inset_pad
Fra:1 Mem:250.48M (Peak 250.48M) | Time:00:00.27 | Mem:0.00M, Peak:0.00M | C6420_4N_24SFF_v002_MASTER, ViewLayer | Synchronizing object | Filler23_internal_cross_rib.002
Fra:1 Mem:250.88M (Peak 250.88M) | Time:00:00.28 | Mem:0.00M, Peak:0.00M | C6420_4N_24SFF_v002_MASTER, ViewLayer | Synchronizing object | Filler01_top_cross_cap
Fra:1 Mem:250.72M (Peak 250.88M) | Time:00:00.28 | Mem:0.00M, Peak:0.00M | C6420_4N_24SFF_v002_MASTER, ViewLayer | Synchronizing object | Filler23_internal_cross_rib.001
Fra:1 Mem:250.65M (Peak 250.88M) | Time:00:00.28 | Mem:0.00M, Peak:0.00M | C6420_4N_24SFF_v002_MASTER, ViewLayer | Synchronizing object | Filler01_top_hook_cheek
Fra:1 Mem:250.50M (Peak 250.88M) | Time:00:00.28 | Mem:0.00M, Peak:0.00M | C6420_4N_24SFF_v002_MASTER, ViewLayer | Synchronizing object | Filler01_top_hook_cheek.001
Fra:1 Mem:250.44M (Peak 250.88M) | Time:00:00.28 | Mem:0.00M, Peak:0.00M | C6420_4N_24SFF_v002_MASTER, ViewLayer | Synchronizing object | Filler01_lower_shaped_foot
Fra:1 Mem:250.49M (Peak 250.88M) | Time:00:00.28 | Mem:0.00M, Peak:0.00M | C6420_4N_24SFF_v002_MASTER, ViewLayer | Synchronizing object | Filler01_lower_step_top
Fra:1 Mem:250.61M (Peak 250.88M) | Time:00:00.28 | Mem:0.00M, Peak:0.00M | C6420_4N_24SFF_v002_MASTER, ViewLayer | Synchronizing object | Filler01_lower_step_bottom
Fra:1 Mem:250.60M (Peak 250.88M) | Time:00:00.28 | Mem:0.00M, Peak:0.00M | C6420_4N_24SFF_v002_MASTER, ViewLayer | Synchronizing object | Filler01_frame_bottom_bar
Fra:1 Mem:250.68M (Peak 250.88M) | Time:00:00.28 | Mem:0.00M, Peak:0.00M | C6420_4N_24SFF_v002_MASTER, ViewLayer | Synchronizing object | Filler01_recessed_contact_sliver
Fra:1 Mem:250.69M (Peak 250.88M) | Time:00:00.28 | Mem:0.00M, Peak:0.00M | C6420_4N_24SFF_v002_MASTER, ViewLayer | Synchronizing object | Filler01_recessed_contact_sliver.001
Fra:1 Mem:250.70M (Peak 250.88M) | Time:00:00.28 | Mem:0.00M, Peak:0.00M | C6420_4N_24SFF_v002_MASTER, ViewLayer | Synchronizing object | Filler01_recessed_contact_sliver.002
Fra:1 Mem:250.79M (Peak 250.88M) | Time:00:00.28 | Mem:0.00M, Peak:0.00M | C6420_4N_24SFF_v002_MASTER, ViewLayer | Synchronizing object | Filler23_outer_mold_rail.005
Fra:1 Mem:250.80M (Peak 250.88M) | Time:00:00.28 | Mem:0.00M, Peak:0.00M | C6420_4N_24SFF_v002_MASTER, ViewLayer | Synchronizing object | Filler01_recessed_contact_sliver.003
Fra:1 Mem:250.81M (Peak 250.88M) | Time:00:00.28 | Mem:0.00M, Peak:0.00M | C6420_4N_24SFF_v002_MASTER, ViewLayer | Synchronizing object | Filler01_recessed_contact_sliver.004
Fra:1 Mem:250.86M (Peak 250.88M) | Time:00:00.28 | Mem:0.00M, Peak:0.00M | C6420_4N_24SFF_v002_MASTER, ViewLayer | Synchronizing object | Filler01_recessed_contact_sliver.005
Fra:1 Mem:250.88M (Peak 250.88M) | Time:00:00.28 | Mem:0.00M, Peak:0.00M | C6420_4N_24SFF_v002_MASTER, ViewLayer | Synchronizing object | Filler01_recessed_contact_sliver.006
Fra:1 Mem:250.90M (Peak 250.90M) | Time:00:00.28 | Mem:0.00M, Peak:0.00M | C6420_4N_24SFF_v002_MASTER, ViewLayer | Synchronizing object | Filler01_recessed_contact_sliver.007
Fra:1 Mem:250.92M (Peak 250.92M) | Time:00:00.28 | Mem:0.00M, Peak:0.00M | C6420_4N_24SFF_v002_MASTER, ViewLayer | Synchronizing object | Filler23_outer_mold_rail.004
Fra:1 Mem:250.97M (Peak 250.97M) | Time:00:00.28 | Mem:0.00M, Peak:0.00M | C6420_4N_24SFF_v002_MASTER, ViewLayer | Synchronizing object | Filler01_recessed_contact_sliver.009
Fra:1 Mem:250.99M (Peak 250.99M) | Time:00:00.28 | Mem:0.00M, Peak:0.00M | C6420_4N_24SFF_v002_MASTER, ViewLayer | Synchronizing object | Filler01_retention_edge
Fra:1 Mem:251.03M (Peak 251.03M) | Time:00:00.28 | Mem:0.00M, Peak:0.00M | C6420_4N_24SFF_v002_MASTER, ViewLayer | Synchronizing object | Filler02_inner_sidewall_-1
Fra:1 Mem:251.06M (Peak 251.06M) | Time:00:00.28 | Mem:0.00M, Peak:0.00M | C6420_4N_24SFF_v002_MASTER, ViewLayer | Synchronizing object | Filler02_outer_mold_rail
Fra:1 Mem:251.11M (Peak 251.11M) | Time:00:00.28 | Mem:0.00M, Peak:0.00M | C6420_4N_24SFF_v002_MASTER, ViewLayer | Synchronizing object | Filler02_outer_mold_rail.001
Fra:1 Mem:251.09M (Peak 251.11M) | Time:00:00.28 | Mem:0.00M, Peak:0.00M | C6420_4N_24SFF_v002_MASTER, ViewLayer | Synchronizing object | Filler23_outer_mold_rail.003
Fra:1 Mem:251.09M (Peak 251.11M) | Time:00:00.28 | Mem:0.00M, Peak:0.00M | C6420_4N_24SFF_v002_MASTER, ViewLayer | Synchronizing object | Filler02_inner_sidewall_1
Fra:1 Mem:251.16M (Peak 251.16M) | Time:00:00.28 | Mem:0.00M, Peak:0.00M | C6420_4N_24SFF_v002_MASTER, ViewLayer | Synchronizing object | Filler02_outer_mold_rail.004
Fra:1 Mem:251.22M (Peak 251.22M) | Time:00:00.28 | Mem:0.00M, Peak:0.00M | C6420_4N_24SFF_v002_MASTER, ViewLayer | Synchronizing object | Filler02_outer_mold_rail.005
Fra:1 Mem:251.25M (Peak 251.25M) | Time:00:00.28 | Mem:0.00M, Peak:0.00M | C6420_4N_24SFF_v002_MASTER, ViewLayer | Synchronizing object | Filler02_internal_cross_rib
Fra:1 Mem:251.27M (Peak 251.27M) | Time:00:00.28 | Mem:0.00M, Peak:0.00M | C6420_4N_24SFF_v002_MASTER, ViewLayer | Synchronizing object | Filler02_internal_cross_rib.001
Fra:1 Mem:251.29M (Peak 251.29M) | Time:00:00.28 | Mem:0.00M, Peak:0.00M | C6420_4N_24SFF_v002_MASTER, ViewLayer | Synchronizing object | Filler02_internal_cross_rib.002
Fra:1 Mem:251.31M (Peak 251.31M) | Time:00:00.28 | Mem:0.00M, Peak:0.00M | C6420_4N_24SFF_v002_MASTER, ViewLayer | Synchronizing object | Filler23_inner_sidewall_1
Fra:1 Mem:251.37M (Peak 251.37M) | Time:00:00.28 | Mem:0.00M, Peak:0.00M | C6420_4N_24SFF_v002_MASTER, ViewLayer | Synchronizing object | Filler02_internal_cross_rib.003
Fra:1 Mem:251.37M (Peak 251.37M) | Time:00:00.28 | Mem:0.00M, Peak:0.00M | C6420_4N_24SFF_v002_MASTER, ViewLayer | Synchronizing object | Filler02_internal_cross_rib.004
Fra:1 Mem:251.40M (Peak 251.40M) | Time:00:00.28 | Mem:0.00M, Peak:0.00M | C6420_4N_24SFF_v002_MASTER, ViewLayer | Synchronizing object | Filler02_long_center_pad
Fra:1 Mem:251.45M (Peak 251.45M) | Time:00:00.28 | Mem:0.00M, Peak:0.00M | C6420_4N_24SFF_v002_MASTER, ViewLayer | Synchronizing object | Filler02_fine_vertical_pad_rib
Fra:1 Mem:251.47M (Peak 251.47M) | Time:00:00.28 | Mem:0.00M, Peak:0.00M | C6420_4N_24SFF_v002_MASTER, ViewLayer | Synchronizing object | Filler02_mold_parting_land
Fra:1 Mem:251.54M (Peak 251.54M) | Time:00:00.28 | Mem:0.00M, Peak:0.00M | C6420_4N_24SFF_v002_MASTER, ViewLayer | Synchronizing object | Filler02_fine_vertical_pad_rib.001
Fra:1 Mem:251.54M (Peak 251.54M) | Time:00:00.28 | Mem:0.00M, Peak:0.00M | C6420_4N_24SFF_v002_MASTER, ViewLayer | Synchronizing object | Filler02_upper_inset_pad
Fra:1 Mem:251.58M (Peak 251.58M) | Time:00:00.28 | Mem:0.00M, Peak:0.00M | C6420_4N_24SFF_v002_MASTER, ViewLayer | Synchronizing object | Filler23_outer_mold_rail.002
Fra:1 Mem:251.59M (Peak 251.59M) | Time:00:00.28 | Mem:0.00M, Peak:0.00M | C6420_4N_24SFF_v002_MASTER, ViewLayer | Synchronizing object | Filler02_top_cross_cap
Fra:1 Mem:251.62M (Peak 251.62M) | Time:00:00.28 | Mem:0.00M, Peak:0.00M | C6420_4N_24SFF_v002_MASTER, ViewLayer | Synchronizing object | Filler02_top_hook_cheek
Fra:1 Mem:251.68M (Peak 251.68M) | Time:00:00.28 | Mem:0.00M, Peak:0.00M | C6420_4N_24SFF_v002_MASTER, ViewLayer | Synchronizing object | Filler02_lower_shaped_foot
Fra:1 Mem:251.73M (Peak 251.73M) | Time:00:00.28 | Mem:0.00M, Peak:0.00M | C6420_4N_24SFF_v002_MASTER, ViewLayer | Synchronizing object | Filler02_lower_step_top
Fra:1 Mem:251.82M (Peak 251.82M) | Time:00:00.28 | Mem:0.00M, Peak:0.00M | C6420_4N_24SFF_v002_MASTER, ViewLayer | Synchronizing object | Filler02_lower_step_bottom
Fra:1 Mem:251.91M (Peak 251.91M) | Time:00:00.28 | Mem:0.00M, Peak:0.00M | C6420_4N_24SFF_v002_MASTER, ViewLayer | Synchronizing object | Filler02_frame_bottom_bar
Fra:1 Mem:251.93M (Peak 251.93M) | Time:00:00.28 | Mem:0.00M, Peak:0.00M | C6420_4N_24SFF_v002_MASTER, ViewLayer | Synchronizing object | Filler23_outer_mold_rail.001
Fra:1 Mem:251.93M (Peak 251.93M) | Time:00:00.28 | Mem:0.00M, Peak:0.00M | C6420_4N_24SFF_v002_MASTER, ViewLayer | Synchronizing object | Filler02_recessed_contact_sliver
Fra:1 Mem:251.99M (Peak 251.99M) | Time:00:00.28 | Mem:0.00M, Peak:0.00M | C6420_4N_24SFF_v002_MASTER, ViewLayer | Synchronizing object | Filler02_recessed_contact_sliver.001
Fra:1 Mem:252.02M (Peak 252.02M) | Time:00:00.28 | Mem:0.00M, Peak:0.00M | C6420_4N_24SFF_v002_MASTER, ViewLayer | Synchronizing object | Filler02_recessed_contact_sliver.002
Fra:1 Mem:252.04M (Peak 252.04M) | Time:00:00.28 | Mem:0.00M, Peak:0.00M | C6420_4N_24SFF_v002_MASTER, ViewLayer | Synchronizing object | Filler02_recessed_contact_sliver.003
Fra:1 Mem:252.07M (Peak 252.07M) | Time:00:00.28 | Mem:0.00M, Peak:0.00M | C6420_4N_24SFF_v002_MASTER, ViewLayer | Synchronizing object | Filler02_recessed_contact_sliver.004
Fra:1 Mem:252.10M (Peak 252.10M) | Time:00:00.28 | Mem:0.00M, Peak:0.00M | C6420_4N_24SFF_v002_MASTER, ViewLayer | Synchronizing object | Filler23_outer_mold_rail
Fra:1 Mem:252.12M (Peak 252.12M) | Time:00:00.28 | Mem:0.00M, Peak:0.00M | C6420_4N_24SFF_v002_MASTER, ViewLayer | Synchronizing object | Filler02_recessed_contact_sliver.005
Fra:1 Mem:252.11M (Peak 252.12M) | Time:00:00.28 | Mem:0.00M, Peak:0.00M | C6420_4N_24SFF_v002_MASTER, ViewLayer | Synchronizing object | Filler02_recessed_contact_sliver.006
Fra:1 Mem:252.16M (Peak 252.16M) | Time:00:00.28 | Mem:0.00M, Peak:0.00M | C6420_4N_24SFF_v002_MASTER, ViewLayer | Synchronizing object | Filler02_recessed_contact_sliver.007
Fra:1 Mem:252.19M (Peak 252.19M) | Time:00:00.28 | Mem:0.00M, Peak:0.00M | C6420_4N_24SFF_v002_MASTER, ViewLayer | Synchronizing object | Filler02_recessed_contact_sliver.008
Fra:1 Mem:252.23M (Peak 252.23M) | Time:00:00.28 | Mem:0.00M, Peak:0.00M | C6420_4N_24SFF_v002_MASTER, ViewLayer | Synchronizing object | Filler02_recessed_contact_sliver.009
Fra:1 Mem:252.22M (Peak 252.23M) | Time:00:00.28 | Mem:0.00M, Peak:0.00M | C6420_4N_24SFF_v002_MASTER, ViewLayer | Synchronizing object | Filler02_retention_edge
Fra:1 Mem:252.25M (Peak 252.25M) | Time:00:00.28 | Mem:0.00M, Peak:0.00M | C6420_4N_24SFF_v002_MASTER, ViewLayer | Synchronizing object | Filler03_inner_sidewall_-1
Fra:1 Mem:252.28M (Peak 252.28M) | Time:00:00.28 | Mem:0.00M, Peak:0.00M | C6420_4N_24SFF_v002_MASTER, ViewLayer | Synchronizing object | Filler23_inner_sidewall_-1
Fra:1 Mem:252.33M (Peak 252.33M) | Time:00:00.28 | Mem:0.00M, Peak:0.00M | C6420_4N_24SFF_v002_MASTER, ViewLayer | Synchronizing object | Filler03_outer_mold_rail
Fra:1 Mem:252.32M (Peak 252.33M) | Time:00:00.28 | Mem:0.00M, Peak:0.00M | C6420_4N_24SFF_v002_MASTER, ViewLayer | Synchronizing object | Filler03_outer_mold_rail.001
Fra:1 Mem:252.36M (Peak 252.36M) | Time:00:00.28 | Mem:0.00M, Peak:0.00M | C6420_4N_24SFF_v002_MASTER, ViewLayer | Synchronizing object | Filler03_outer_mold_rail.002
Fra:1 Mem:252.40M (Peak 252.40M) | Time:00:00.28 | Mem:0.00M, Peak:0.00M | C6420_4N_24SFF_v002_MASTER, ViewLayer | Synchronizing object | Filler03_inner_sidewall_1
Fra:1 Mem:252.42M (Peak 252.42M) | Time:00:00.28 | Mem:0.00M, Peak:0.00M | C6420_4N_24SFF_v002_MASTER, ViewLayer | Synchronizing object | Filler03_outer_mold_rail.003
Fra:1 Mem:252.46M (Peak 252.46M) | Time:00:00.28 | Mem:0.00M, Peak:0.00M | C6420_4N_24SFF_v002_MASTER, ViewLayer | Synchronizing object | Filler03_outer_mold_rail.004
Fra:1 Mem:252.46M (Peak 252.46M) | Time:00:00.28 | Mem:0.00M, Peak:0.00M | C6420_4N_24SFF_v002_MASTER, ViewLayer | Synchronizing object | Filler03_internal_cross_rib
Fra:1 Mem:252.48M (Peak 252.48M) | Time:00:00.28 | Mem:0.00M, Peak:0.00M | C6420_4N_24SFF_v002_MASTER, ViewLayer | Synchronizing object | Filler22_retention_edge
Fra:1 Mem:252.51M (Peak 252.50M) | Time:00:00.28 | Mem:0.00M, Peak:0.00M | C6420_4N_24SFF_v002_MASTER, ViewLayer | Synchronizing object | Filler03_internal_cross_rib.002
Fra:1 Mem:252.54M (Peak 252.54M) | Time:00:00.28 | Mem:0.00M, Peak:0.00M | C6420_4N_24SFF_v002_MASTER, ViewLayer | Synchronizing object | Filler03_internal_cross_rib.003
Fra:1 Mem:252.55M (Peak 252.55M) | Time:00:00.28 | Mem:0.00M, Peak:0.00M | C6420_4N_24SFF_v002_MASTER, ViewLayer | Synchronizing object | Filler03_internal_cross_rib.004
Fra:1 Mem:252.59M (Peak 252.59M) | Time:00:00.28 | Mem:0.00M, Peak:0.00M | C6420_4N_24SFF_v002_MASTER, ViewLayer | Synchronizing object | Filler03_long_center_pad
Fra:1 Mem:252.64M (Peak 252.64M) | Time:00:00.28 | Mem:0.00M, Peak:0.00M | C6420_4N_24SFF_v002_MASTER, ViewLayer | Synchronizing object | Filler03_fine_vertical_pad_rib
Fra:1 Mem:252.73M (Peak 252.73M) | Time:00:00.28 | Mem:0.00M, Peak:0.00M | C6420_4N_24SFF_v002_MASTER, ViewLayer | Synchronizing object | Filler03_mold_parting_land
Fra:1 Mem:252.78M (Peak 252.78M) | Time:00:00.28 | Mem:0.00M, Peak:0.00M | C6420_4N_24SFF_v002_MASTER, ViewLayer | Synchronizing object | Filler03_fine_vertical_pad_rib.001
Fra:1 Mem:252.77M (Peak 252.78M) | Time:00:00.28 | Mem:0.00M, Peak:0.00M | C6420_4N_24SFF_v002_MASTER, ViewLayer | Synchronizing object | Filler03_mold_parting_land.001
Fra:1 Mem:252.81M (Peak 252.81M) | Time:00:00.28 | Mem:0.00M, Peak:0.00M | C6420_4N_24SFF_v002_MASTER, ViewLayer | Synchronizing object | Filler03_upper_inset_pad
Fra:1 Mem:252.83M (Peak 252.83M) | Time:00:00.28 | Mem:0.00M, Peak:0.00M | C6420_4N_24SFF_v002_MASTER, ViewLayer | Synchronizing object | Filler03_top_cross_cap
Fra:1 Mem:252.85M (Peak 252.85M) | Time:00:00.28 | Mem:0.00M, Peak:0.00M | C6420_4N_24SFF_v002_MASTER, ViewLayer | Synchronizing object | Filler03_top_hook_cheek
Fra:1 Mem:252.88M (Peak 252.88M) | Time:00:00.28 | Mem:0.00M, Peak:0.00M | C6420_4N_24SFF_v002_MASTER, ViewLayer | Synchronizing object | Filler03_top_hook_cheek.001
Fra:1 Mem:252.91M (Peak 252.91M) | Time:00:00.28 | Mem:0.00M, Peak:0.00M | C6420_4N_24SFF_v002_MASTER, ViewLayer | Synchronizing object | Filler03_lower_step_top
Fra:1 Mem:253.08M (Peak 253.08M) | Time:00:00.28 | Mem:0.00M, Peak:0.00M | C6420_4N_24SFF_v002_MASTER, ViewLayer | Synchronizing object | Filler03_lower_step_bottom
Fra:1 Mem:253.09M (Peak 253.09M) | Time:00:00.28 | Mem:0.00M, Peak:0.00M | C6420_4N_24SFF_v002_MASTER, ViewLayer | Synchronizing object | Filler03_frame_bottom_bar
Fra:1 Mem:253.18M (Peak 253.18M) | Time:00:00.28 | Mem:0.00M, Peak:0.00M | C6420_4N_24SFF_v002_MASTER, ViewLayer | Synchronizing object | Filler03_recessed_contact_sliver
Fra:1 Mem:253.19M (Peak 253.19M) | Time:00:00.28 | Mem:0.00M, Peak:0.00M | C6420_4N_24SFF_v002_MASTER, ViewLayer | Synchronizing object | Filler22_recessed_contact_sliver.008
Fra:1 Mem:253.27M (Peak 253.27M) | Time:00:00.28 | Mem:0.00M, Peak:0.00M | C6420_4N_24SFF_v002_MASTER, ViewLayer | Synchronizing object | Filler03_recessed_contact_sliver.003
Fra:1 Mem:253.27M (Peak 253.27M) | Time:00:00.28 | Mem:0.00M, Peak:0.00M | C6420_4N_24SFF_v002_MASTER, ViewLayer | Synchronizing object | Filler03_recessed_contact_sliver.004
Fra:1 Mem:253.33M (Peak 253.33M) | Time:00:00.28 | Mem:0.00M, Peak:0.00M | C6420_4N_24SFF_v002_MASTER, ViewLayer | Synchronizing object | Filler03_recessed_contact_sliver.005
Fra:1 Mem:253.34M (Peak 253.34M) | Time:00:00.28 | Mem:0.00M, Peak:0.00M | C6420_4N_24SFF_v002_MASTER, ViewLayer | Synchronizing object | Filler03_recessed_contact_sliver.006
Fra:1 Mem:253.38M (Peak 253.38M) | Time:00:00.28 | Mem:0.00M, Peak:0.00M | C6420_4N_24SFF_v002_MASTER, ViewLayer | Synchronizing object | Filler03_recessed_contact_sliver.007
Fra:1 Mem:253.39M (Peak 253.39M) | Time:00:00.28 | Mem:0.00M, Peak:0.00M | C6420_4N_24SFF_v002_MASTER, ViewLayer | Synchronizing object | Filler22_recessed_contact_sliver.007
Fra:1 Mem:253.42M (Peak 253.42M) | Time:00:00.28 | Mem:0.00M, Peak:0.00M | C6420_4N_24SFF_v002_MASTER, ViewLayer | Synchronizing object | Filler03_recessed_contact_sliver.008
Fra:1 Mem:253.44M (Peak 253.44M) | Time:00:00.28 | Mem:0.00M, Peak:0.00M | C6420_4N_24SFF_v002_MASTER, ViewLayer | Synchronizing object | Filler03_retention_edge
Fra:1 Mem:253.50M (Peak 253.50M) | Time:00:00.28 | Mem:0.00M, Peak:0.00M | C6420_4N_24SFF_v002_MASTER, ViewLayer | Synchronizing object | Filler04_inner_sidewall_-1
Fra:1 Mem:253.51M (Peak 253.51M) | Time:00:00.28 | Mem:0.00M, Peak:0.00M | C6420_4N_24SFF_v002_MASTER, ViewLayer | Synchronizing object | Filler04_outer_mold_rail
Fra:1 Mem:253.53M (Peak 253.53M) | Time:00:00.28 | Mem:0.00M, Peak:0.00M | C6420_4N_24SFF_v002_MASTER, ViewLayer | Synchronizing object | Filler04_outer_mold_rail.001
Fra:1 Mem:253.58M (Peak 253.58M) | Time:00:00.28 | Mem:0.00M, Peak:0.00M | C6420_4N_24SFF_v002_MASTER, ViewLayer | Synchronizing object | Filler04_outer_mold_rail.002
Fra:1 Mem:253.59M (Peak 253.59M) | Time:00:00.28 | Mem:0.00M, Peak:0.00M | C6420_4N_24SFF_v002_MASTER, ViewLayer | Synchronizing object | Filler22_recessed_contact_sliver.006
Fra:1 Mem:253.64M (Peak 253.64M) | Time:00:00.28 | Mem:0.00M, Peak:0.00M | C6420_4N_24SFF_v002_MASTER, ViewLayer | Synchronizing object | Filler04_inner_sidewall_1
Fra:1 Mem:253.64M (Peak 253.64M) | Time:00:00.28 | Mem:0.00M, Peak:0.00M | C6420_4N_24SFF_v002_MASTER, ViewLayer | Synchronizing object | Filler04_outer_mold_rail.004
Fra:1 Mem:253.68M (Peak 253.68M) | Time:00:00.28 | Mem:0.00M, Peak:0.00M | C6420_4N_24SFF_v002_MASTER, ViewLayer | Synchronizing object | Filler04_outer_mold_rail.005
Fra:1 Mem:253.70M (Peak 253.70M) | Time:00:00.28 | Mem:0.00M, Peak:0.00M | C6420_4N_24SFF_v002_MASTER, ViewLayer | Synchronizing object | Filler04_internal_cross_rib
Fra:1 Mem:253.70M (Peak 253.70M) | Time:00:00.28 | Mem:0.00M, Peak:0.00M | C6420_4N_24SFF_v002_MASTER, ViewLayer | Synchronizing object | Filler04_internal_cross_rib.001
Fra:1 Mem:253.75M (Peak 253.75M) | Time:00:00.28 | Mem:0.00M, Peak:0.00M | C6420_4N_24SFF_v002_MASTER, ViewLayer | Synchronizing object | Filler04_internal_cross_rib.002
Fra:1 Mem:253.77M (Peak 253.77M) | Time:00:00.28 | Mem:0.00M, Peak:0.00M | C6420_4N_24SFF_v002_MASTER, ViewLayer | Synchronizing object | Filler22_recessed_contact_sliver.005
Fra:1 Mem:253.81M (Peak 253.81M) | Time:00:00.28 | Mem:0.00M, Peak:0.00M | C6420_4N_24SFF_v002_MASTER, ViewLayer | Synchronizing object | Filler04_internal_cross_rib.003
Fra:1 Mem:253.83M (Peak 253.83M) | Time:00:00.28 | Mem:0.00M, Peak:0.00M | C6420_4N_24SFF_v002_MASTER, ViewLayer | Synchronizing object | Filler04_internal_cross_rib.004
Fra:1 Mem:253.82M (Peak 253.83M) | Time:00:00.28 | Mem:0.00M, Peak:0.00M | C6420_4N_24SFF_v002_MASTER, ViewLayer | Synchronizing object | Filler04_long_center_pad
Fra:1 Mem:253.89M (Peak 253.89M) | Time:00:00.28 | Mem:0.00M, Peak:0.00M | C6420_4N_24SFF_v002_MASTER, ViewLayer | Synchronizing object | Filler04_fine_vertical_pad_rib
Fra:1 Mem:253.95M (Peak 253.95M) | Time:00:00.28 | Mem:0.00M, Peak:0.00M | C6420_4N_24SFF_v002_MASTER, ViewLayer | Synchronizing object | Filler04_mold_parting_land
Fra:1 Mem:253.95M (Peak 253.95M) | Time:00:00.28 | Mem:0.00M, Peak:0.00M | C6420_4N_24SFF_v002_MASTER, ViewLayer | Synchronizing object | Filler04_fine_vertical_pad_rib.001
Fra:1 Mem:254.00M (Peak 254.00M) | Time:00:00.28 | Mem:0.00M, Peak:0.00M | C6420_4N_24SFF_v002_MASTER, ViewLayer | Synchronizing object | Filler04_upper_inset_pad
Fra:1 Mem:254.08M (Peak 254.08M) | Time:00:00.28 | Mem:0.00M, Peak:0.00M | C6420_4N_24SFF_v002_MASTER, ViewLayer | Synchronizing object | Filler04_top_cross_cap
Fra:1 Mem:254.10M (Peak 254.10M) | Time:00:00.28 | Mem:0.00M, Peak:0.00M | C6420_4N_24SFF_v002_MASTER, ViewLayer | Synchronizing object | Filler04_top_hook_cheek
Fra:1 Mem:254.13M (Peak 254.13M) | Time:00:00.28 | Mem:0.00M, Peak:0.00M | C6420_4N_24SFF_v002_MASTER, ViewLayer | Synchronizing object | Filler04_top_hook_cheek.001
Fra:1 Mem:254.16M (Peak 254.16M) | Time:00:00.28 | Mem:0.00M, Peak:0.00M | C6420_4N_24SFF_v002_MASTER, ViewLayer | Synchronizing object | Filler04_lower_shaped_foot
Fra:1 Mem:254.28M (Peak 254.28M) | Time:00:00.28 | Mem:0.00M, Peak:0.00M | C6420_4N_24SFF_v002_MASTER, ViewLayer | Synchronizing object | Filler04_lower_step_top
Fra:1 Mem:254.29M (Peak 254.29M) | Time:00:00.28 | Mem:0.00M, Peak:0.00M | C6420_4N_24SFF_v002_MASTER, ViewLayer | Synchronizing object | Filler04_frame_bottom_bar
Fra:1 Mem:254.39M (Peak 254.39M) | Time:00:00.28 | Mem:0.00M, Peak:0.00M | C6420_4N_24SFF_v002_MASTER, ViewLayer | Synchronizing object | Filler04_recessed_contact_sliver
Fra:1 Mem:254.39M (Peak 254.39M) | Time:00:00.28 | Mem:0.00M, Peak:0.00M | C6420_4N_24SFF_v002_MASTER, ViewLayer | Synchronizing object | Filler04_recessed_contact_sliver.001
Fra:1 Mem:254.45M (Peak 254.45M) | Time:00:00.28 | Mem:0.00M, Peak:0.00M | C6420_4N_24SFF_v002_MASTER, ViewLayer | Synchronizing object | Filler22_recessed_contact_sliver.003
Fra:1 Mem:254.43M (Peak 254.45M) | Time:00:00.28 | Mem:0.00M, Peak:0.00M | C6420_4N_24SFF_v002_MASTER, ViewLayer | Synchronizing object | Filler04_recessed_contact_sliver.003
Fra:1 Mem:254.47M (Peak 254.47M) | Time:00:00.28 | Mem:0.00M, Peak:0.00M | C6420_4N_24SFF_v002_MASTER, ViewLayer | Synchronizing object | Filler04_recessed_contact_sliver.004
Fra:1 Mem:254.49M (Peak 254.49M) | Time:00:00.28 | Mem:0.00M, Peak:0.00M | C6420_4N_24SFF_v002_MASTER, ViewLayer | Synchronizing object | Filler04_recessed_contact_sliver.005
Fra:1 Mem:254.54M (Peak 254.54M) | Time:00:00.28 | Mem:0.00M, Peak:0.00M | C6420_4N_24SFF_v002_MASTER, ViewLayer | Synchronizing object | Filler04_recessed_contact_sliver.006
Fra:1 Mem:254.58M (Peak 254.58M) | Time:00:00.28 | Mem:0.00M, Peak:0.00M | C6420_4N_24SFF_v002_MASTER, ViewLayer | Synchronizing object | Filler04_recessed_contact_sliver.007
Fra:1 Mem:254.61M (Peak 254.61M) | Time:00:00.28 | Mem:0.00M, Peak:0.00M | C6420_4N_24SFF_v002_MASTER, ViewLayer | Synchronizing object | Filler04_recessed_contact_sliver.008
Fra:1 Mem:254.64M (Peak 254.64M) | Time:00:00.28 | Mem:0.00M, Peak:0.00M | C6420_4N_24SFF_v002_MASTER, ViewLayer | Synchronizing object | Filler04_recessed_contact_sliver.009
Fra:1 Mem:254.64M (Peak 254.64M) | Time:00:00.28 | Mem:0.00M, Peak:0.00M | C6420_4N_24SFF_v002_MASTER, ViewLayer | Synchronizing object | Filler22_recessed_contact_sliver.002
Fra:1 Mem:254.71M (Peak 254.71M) | Time:00:00.28 | Mem:0.00M, Peak:0.00M | C6420_4N_24SFF_v002_MASTER, ViewLayer | Synchronizing object | Filler05_inner_sidewall_-1
Fra:1 Mem:254.71M (Peak 254.71M) | Time:00:00.28 | Mem:0.00M, Peak:0.00M | C6420_4N_24SFF_v002_MASTER, ViewLayer | Synchronizing object | Filler05_outer_mold_rail.001
Fra:1 Mem:254.79M (Peak 254.79M) | Time:00:00.28 | Mem:0.00M, Peak:0.00M | C6420_4N_24SFF_v002_MASTER, ViewLayer | Synchronizing object | Filler05_outer_mold_rail.002
Fra:1 Mem:254.81M (Peak 254.81M) | Time:00:00.28 | Mem:0.00M, Peak:0.00M | C6420_4N_24SFF_v002_MASTER, ViewLayer | Synchronizing object | Filler05_inner_sidewall_1
Fra:1 Mem:254.81M (Peak 254.81M) | Time:00:00.28 | Mem:0.00M, Peak:0.00M | C6420_4N_24SFF_v002_MASTER, ViewLayer | Synchronizing object | Filler05_outer_mold_rail.003
Fra:1 Mem:254.89M (Peak 254.89M) | Time:00:00.28 | Mem:0.00M, Peak:0.00M | C6420_4N_24SFF_v002_MASTER, ViewLayer | Synchronizing object | Filler05_outer_mold_rail.004
Fra:1 Mem:254.89M (Peak 254.89M) | Time:00:00.28 | Mem:0.00M, Peak:0.00M | C6420_4N_24SFF_v002_MASTER, ViewLayer | Synchronizing object | Filler05_outer_mold_rail.005
Fra:1 Mem:254.92M (Peak 254.92M) | Time:00:00.28 | Mem:0.00M, Peak:0.00M | C6420_4N_24SFF_v002_MASTER, ViewLayer | Synchronizing object | Filler05_internal_cross_rib
Fra:1 Mem:254.94M (Peak 254.94M) | Time:00:00.28 | Mem:0.00M, Peak:0.00M | C6420_4N_24SFF_v002_MASTER, ViewLayer | Synchronizing object | Filler05_internal_cross_rib.001
Fra:1 Mem:254.99M (Peak 254.99M) | Time:00:00.28 | Mem:0.00M, Peak:0.00M | C6420_4N_24SFF_v002_MASTER, ViewLayer | Synchronizing object | Filler22_recessed_contact_sliver
Fra:1 Mem:255.00M (Peak 255.00M) | Time:00:00.28 | Mem:0.00M, Peak:0.00M | C6420_4N_24SFF_v002_MASTER, ViewLayer | Synchronizing object | Filler05_internal_cross_rib.002
Fra:1 Mem:255.02M (Peak 255.02M) | Time:00:00.28 | Mem:0.00M, Peak:0.00M | C6420_4N_24SFF_v002_MASTER, ViewLayer | Synchronizing object | Filler05_internal_cross_rib.003
Fra:1 Mem:255.07M (Peak 255.07M) | Time:00:00.28 | Mem:0.00M, Peak:0.00M | C6420_4N_24SFF_v002_MASTER, ViewLayer | Synchronizing object | Filler05_internal_cross_rib.004
Fra:1 Mem:255.08M (Peak 255.08M) | Time:00:00.28 | Mem:0.00M, Peak:0.00M | C6420_4N_24SFF_v002_MASTER, ViewLayer | Synchronizing object | Filler05_fine_vertical_pad_rib
Fra:1 Mem:255.08M (Peak 255.08M) | Time:00:00.28 | Mem:0.00M, Peak:0.00M | C6420_4N_24SFF_v002_MASTER, ViewLayer | Synchronizing object | Filler05_mold_parting_land
Fra:1 Mem:255.17M (Peak 255.17M) | Time:00:00.28 | Mem:0.00M, Peak:0.00M | C6420_4N_24SFF_v002_MASTER, ViewLayer | Synchronizing object | Filler22_frame_bottom_bar
Fra:1 Mem:255.22M (Peak 255.22M) | Time:00:00.28 | Mem:0.00M, Peak:0.00M | C6420_4N_24SFF_v002_MASTER, ViewLayer | Synchronizing object | Filler05_fine_vertical_pad_rib.001
Fra:1 Mem:255.26M (Peak 255.26M) | Time:00:00.28 | Mem:0.00M, Peak:0.00M | C6420_4N_24SFF_v002_MASTER, ViewLayer | Synchronizing object | Filler05_mold_parting_land.001
Fra:1 Mem:255.28M (Peak 255.28M) | Time:00:00.28 | Mem:0.00M, Peak:0.00M | C6420_4N_24SFF_v002_MASTER, ViewLayer | Synchronizing object | Filler05_upper_inset_pad
Fra:1 Mem:255.29M (Peak 255.29M) | Time:00:00.28 | Mem:0.00M, Peak:0.00M | C6420_4N_24SFF_v002_MASTER, ViewLayer | Synchronizing object | Filler05_top_hook_cheek
Fra:1 Mem:255.40M (Peak 255.40M) | Time:00:00.28 | Mem:0.00M, Peak:0.00M | C6420_4N_24SFF_v002_MASTER, ViewLayer | Synchronizing object | Filler05_top_hook_cheek.001
Fra:1 Mem:255.43M (Peak 255.43M) | Time:00:00.28 | Mem:0.00M, Peak:0.00M | C6420_4N_24SFF_v002_MASTER, ViewLayer | Synchronizing object | Filler22_lower_step_bottom
Fra:1 Mem:255.44M (Peak 255.44M) | Time:00:00.28 | Mem:0.00M, Peak:0.00M | C6420_4N_24SFF_v002_MASTER, ViewLayer | Synchronizing object | Filler05_lower_shaped_foot
Fra:1 Mem:255.50M (Peak 255.50M) | Time:00:00.28 | Mem:0.00M, Peak:0.00M | C6420_4N_24SFF_v002_MASTER, ViewLayer | Synchronizing object | Filler05_lower_step_top
Fra:1 Mem:255.57M (Peak 255.57M) | Time:00:00.28 | Mem:0.00M, Peak:0.00M | C6420_4N_24SFF_v002_MASTER, ViewLayer | Synchronizing object | Filler05_lower_step_bottom
Fra:1 Mem:255.62M (Peak 255.62M) | Time:00:00.28 | Mem:0.00M, Peak:0.00M | C6420_4N_24SFF_v002_MASTER, ViewLayer | Synchronizing object | Filler05_frame_bottom_bar
Fra:1 Mem:255.65M (Peak 255.65M) | Time:00:00.28 | Mem:0.00M, Peak:0.00M | C6420_4N_24SFF_v002_MASTER, ViewLayer | Synchronizing object | Filler22_lower_step_top
Fra:1 Mem:255.68M (Peak 255.68M) | Time:00:00.28 | Mem:0.00M, Peak:0.00M | C6420_4N_24SFF_v002_MASTER, ViewLayer | Synchronizing object | Filler05_recessed_contact_sliver
Fra:1 Mem:255.68M (Peak 255.68M) | Time:00:00.28 | Mem:0.00M, Peak:0.00M | C6420_4N_24SFF_v002_MASTER, ViewLayer | Synchronizing object | Filler05_recessed_contact_sliver.001
Fra:1 Mem:255.70M (Peak 255.70M) | Time:00:00.28 | Mem:0.00M, Peak:0.00M | C6420_4N_24SFF_v002_MASTER, ViewLayer | Synchronizing object | Filler05_recessed_contact_sliver.002
Fra:1 Mem:255.75M (Peak 255.75M) | Time:00:00.28 | Mem:0.00M, Peak:0.00M | C6420_4N_24SFF_v002_MASTER, ViewLayer | Synchronizing object | Filler05_recessed_contact_sliver.003
Fra:1 Mem:255.80M (Peak 255.80M) | Time:00:00.28 | Mem:0.00M, Peak:0.00M | C6420_4N_24SFF_v002_MASTER, ViewLayer | Synchronizing object | Filler05_recessed_contact_sliver.004
Fra:1 Mem:255.82M (Peak 255.82M) | Time:00:00.28 | Mem:0.00M, Peak:0.00M | C6420_4N_24SFF_v002_MASTER, ViewLayer | Synchronizing object | Filler05_recessed_contact_sliver.005
Fra:1 Mem:255.86M (Peak 255.86M) | Time:00:00.28 | Mem:0.00M, Peak:0.00M | C6420_4N_24SFF_v002_MASTER, ViewLayer | Synchronizing object | Filler22_lower_shaped_foot
Fra:1 Mem:255.91M (Peak 255.91M) | Time:00:00.28 | Mem:0.00M, Peak:0.00M | C6420_4N_24SFF_v002_MASTER, ViewLayer | Synchronizing object | Filler05_recessed_contact_sliver.006
Fra:1 Mem:255.93M (Peak 255.93M) | Time:00:00.28 | Mem:0.00M, Peak:0.00M | C6420_4N_24SFF_v002_MASTER, ViewLayer | Synchronizing object | Filler05_recessed_contact_sliver.007
Fra:1 Mem:256.00M (Peak 256.00M) | Time:00:00.28 | Mem:0.00M, Peak:0.00M | C6420_4N_24SFF_v002_MASTER, ViewLayer | Synchronizing object | Filler05_recessed_contact_sliver.008
Fra:1 Mem:256.01M (Peak 256.01M) | Time:00:00.28 | Mem:0.00M, Peak:0.00M | C6420_4N_24SFF_v002_MASTER, ViewLayer | Synchronizing object | Filler05_retention_edge
Fra:1 Mem:256.06M (Peak 256.06M) | Time:00:00.28 | Mem:0.00M, Peak:0.00M | C6420_4N_24SFF_v002_MASTER, ViewLayer | Synchronizing object | Filler06_inner_sidewall_-1
Fra:1 Mem:256.06M (Peak 256.06M) | Time:00:00.28 | Mem:0.00M, Peak:0.00M | C6420_4N_24SFF_v002_MASTER, ViewLayer | Synchronizing object | Filler06_outer_mold_rail
Fra:1 Mem:256.14M (Peak 256.14M) | Time:00:00.28 | Mem:0.00M, Peak:0.00M | C6420_4N_24SFF_v002_MASTER, ViewLayer | Synchronizing object | Filler06_outer_mold_rail.001
Fra:1 Mem:256.22M (Peak 256.22M) | Time:00:00.28 | Mem:0.00M, Peak:0.00M | C6420_4N_24SFF_v002_MASTER, ViewLayer | Synchronizing object | Filler06_outer_mold_rail.002
Fra:1 Mem:256.19M (Peak 256.22M) | Time:00:00.28 | Mem:0.00M, Peak:0.00M | C6420_4N_24SFF_v002_MASTER, ViewLayer | Synchronizing object | Filler06_inner_sidewall_1
Fra:1 Mem:256.24M (Peak 256.24M) | Time:00:00.28 | Mem:0.00M, Peak:0.00M | C6420_4N_24SFF_v002_MASTER, ViewLayer | Synchronizing object | Filler06_outer_mold_rail.004
Fra:1 Mem:256.24M (Peak 256.24M) | Time:00:00.28 | Mem:0.00M, Peak:0.00M | C6420_4N_24SFF_v002_MASTER, ViewLayer | Synchronizing object | Filler06_outer_mold_rail.005
Fra:1 Mem:256.26M (Peak 256.26M) | Time:00:00.28 | Mem:0.00M, Peak:0.00M | C6420_4N_24SFF_v002_MASTER, ViewLayer | Synchronizing object | Filler06_internal_cross_rib
Fra:1 Mem:256.27M (Peak 256.27M) | Time:00:00.28 | Mem:0.00M, Peak:0.00M | C6420_4N_24SFF_v002_MASTER, ViewLayer | Synchronizing object | Filler06_internal_cross_rib.001
Fra:1 Mem:256.32M (Peak 256.32M) | Time:00:00.28 | Mem:0.00M, Peak:0.00M | C6420_4N_24SFF_v002_MASTER, ViewLayer | Synchronizing object | Filler06_internal_cross_rib.002
Fra:1 Mem:256.38M (Peak 256.38M) | Time:00:00.28 | Mem:0.00M, Peak:0.00M | C6420_4N_24SFF_v002_MASTER, ViewLayer | Synchronizing object | Filler06_internal_cross_rib.003
Fra:1 Mem:256.39M (Peak 256.39M) | Time:00:00.28 | Mem:0.00M, Peak:0.00M | C6420_4N_24SFF_v002_MASTER, ViewLayer | Synchronizing object | Filler06_internal_cross_rib.004
Fra:1 Mem:256.41M (Peak 256.41M) | Time:00:00.28 | Mem:0.00M, Peak:0.00M | C6420_4N_24SFF_v002_MASTER, ViewLayer | Synchronizing object | Filler06_long_center_pad
Fra:1 Mem:256.46M (Peak 256.46M) | Time:00:00.28 | Mem:0.00M, Peak:0.00M | C6420_4N_24SFF_v002_MASTER, ViewLayer | Synchronizing object | Filler06_fine_vertical_pad_rib
Fra:1 Mem:256.52M (Peak 256.52M) | Time:00:00.28 | Mem:0.00M, Peak:0.00M | C6420_4N_24SFF_v002_MASTER, ViewLayer | Synchronizing object | Filler06_mold_parting_land
Fra:1 Mem:256.59M (Peak 256.59M) | Time:00:00.28 | Mem:0.00M, Peak:0.00M | C6420_4N_24SFF_v002_MASTER, ViewLayer | Synchronizing object | Filler06_mold_parting_land.001
Fra:1 Mem:256.69M (Peak 256.69M) | Time:00:00.28 | Mem:0.00M, Peak:0.00M | C6420_4N_24SFF_v002_MASTER, ViewLayer | Synchronizing object | Filler06_upper_inset_pad
Fra:1 Mem:256.72M (Peak 256.72M) | Time:00:00.28 | Mem:0.00M, Peak:0.00M | C6420_4N_24SFF_v002_MASTER, ViewLayer | Synchronizing object | Filler06_top_cross_cap
Fra:1 Mem:256.84M (Peak 256.84M) | Time:00:00.28 | Mem:0.00M, Peak:0.00M | C6420_4N_24SFF_v002_MASTER, ViewLayer | Synchronizing object | Filler06_top_hook_cheek
Fra:1 Mem:256.86M (Peak 256.86M) | Time:00:00.28 | Mem:0.00M, Peak:0.00M | C6420_4N_24SFF_v002_MASTER, ViewLayer | Synchronizing object | Filler06_lower_shaped_foot
Fra:1 Mem:256.87M (Peak 256.87M) | Time:00:00.28 | Mem:0.00M, Peak:0.00M | C6420_4N_24SFF_v002_MASTER, ViewLayer | Synchronizing object | Filler06_lower_step_top
Fra:1 Mem:256.87M (Peak 256.87M) | Time:00:00.28 | Mem:0.00M, Peak:0.00M | C6420_4N_24SFF_v002_MASTER, ViewLayer | Synchronizing object | Filler06_frame_bottom_bar
Fra:1 Mem:256.91M (Peak 256.91M) | Time:00:00.28 | Mem:0.00M, Peak:0.00M | C6420_4N_24SFF_v002_MASTER, ViewLayer | Synchronizing object | Filler06_lower_step_bottom
Fra:1 Mem:256.92M (Peak 256.92M) | Time:00:00.28 | Mem:0.00M, Peak:0.00M | C6420_4N_24SFF_v002_MASTER, ViewLayer | Synchronizing object | Filler06_recessed_contact_sliver.002
Fra:1 Mem:256.92M (Peak 256.92M) | Time:00:00.28 | Mem:0.00M, Peak:0.00M | C6420_4N_24SFF_v002_MASTER, ViewLayer | Synchronizing object | Filler22_top_hook_cheek.001
Fra:1 Mem:256.92M (Peak 256.92M) | Time:00:00.28 | Mem:0.00M, Peak:0.00M | C6420_4N_24SFF_v002_MASTER, ViewLayer | Synchronizing object | Filler06_recessed_contact_sliver.003
Fra:1 Mem:257.06M (Peak 257.06M) | Time:00:00.28 | Mem:0.00M, Peak:0.00M | C6420_4N_24SFF_v002_MASTER, ViewLayer | Synchronizing object | Filler06_recessed_contact_sliver.004
Fra:1 Mem:257.09M (Peak 257.09M) | Time:00:00.28 | Mem:0.00M, Peak:0.00M | C6420_4N_24SFF_v002_MASTER, ViewLayer | Synchronizing object | Filler06_recessed_contact_sliver.005
Fra:1 Mem:257.08M (Peak 257.09M) | Time:00:00.28 | Mem:0.00M, Peak:0.00M | C6420_4N_24SFF_v002_MASTER, ViewLayer | Synchronizing object | Filler06_recessed_contact_sliver.007
Fra:1 Mem:257.10M (Peak 257.10M) | Time:00:00.28 | Mem:0.00M, Peak:0.00M | C6420_4N_24SFF_v002_MASTER, ViewLayer | Synchronizing object | Filler22_top_hook_cheek
Fra:1 Mem:257.12M (Peak 257.12M) | Time:00:00.28 | Mem:0.00M, Peak:0.00M | C6420_4N_24SFF_v002_MASTER, ViewLayer | Synchronizing object | Filler06_retention_edge
Fra:1 Mem:257.16M (Peak 257.16M) | Time:00:00.28 | Mem:0.00M, Peak:0.00M | C6420_4N_24SFF_v002_MASTER, ViewLayer | Synchronizing object | Filler07_inner_sidewall_-1
Fra:1 Mem:257.24M (Peak 257.24M) | Time:00:00.28 | Mem:0.00M, Peak:0.00M | C6420_4N_24SFF_v002_MASTER, ViewLayer | Synchronizing object | Filler07_outer_mold_rail
Fra:1 Mem:257.26M (Peak 257.26M) | Time:00:00.28 | Mem:0.00M, Peak:0.00M | C6420_4N_24SFF_v002_MASTER, ViewLayer | Synchronizing object | Filler07_outer_mold_rail.001
Fra:1 Mem:257.28M (Peak 257.28M) | Time:00:00.28 | Mem:0.00M, Peak:0.00M | C6420_4N_24SFF_v002_MASTER, ViewLayer | Synchronizing object | Filler07_outer_mold_rail.002
Fra:1 Mem:257.34M (Peak 257.34M) | Time:00:00.28 | Mem:0.00M, Peak:0.00M | C6420_4N_24SFF_v002_MASTER, ViewLayer | Synchronizing object | Filler22_top_cross_cap
Fra:1 Mem:257.38M (Peak 257.38M) | Time:00:00.28 | Mem:0.00M, Peak:0.00M | C6420_4N_24SFF_v002_MASTER, ViewLayer | Synchronizing object | Filler07_inner_sidewall_1
Fra:1 Mem:257.40M (Peak 257.40M) | Time:00:00.28 | Mem:0.00M, Peak:0.00M | C6420_4N_24SFF_v002_MASTER, ViewLayer | Synchronizing object | Filler07_outer_mold_rail.003
Fra:1 Mem:257.41M (Peak 257.41M) | Time:00:00.28 | Mem:0.00M, Peak:0.00M | C6420_4N_24SFF_v002_MASTER, ViewLayer | Synchronizing object | Filler07_outer_mold_rail.004
Fra:1 Mem:257.47M (Peak 257.47M) | Time:00:00.28 | Mem:0.00M, Peak:0.00M | C6420_4N_24SFF_v002_MASTER, ViewLayer | Synchronizing object | Filler07_outer_mold_rail.005
Fra:1 Mem:257.47M (Peak 257.47M) | Time:00:00.28 | Mem:0.00M, Peak:0.00M | C6420_4N_24SFF_v002_MASTER, ViewLayer | Synchronizing object | Filler07_internal_cross_rib
Fra:1 Mem:257.50M (Peak 257.50M) | Time:00:00.28 | Mem:0.00M, Peak:0.00M | C6420_4N_24SFF_v002_MASTER, ViewLayer | Synchronizing object | Filler07_internal_cross_rib.001
Fra:1 Mem:257.51M (Peak 257.51M) | Time:00:00.28 | Mem:0.00M, Peak:0.00M | C6420_4N_24SFF_v002_MASTER, ViewLayer | Synchronizing object | Filler07_internal_cross_rib.002
Fra:1 Mem:257.53M (Peak 257.53M) | Time:00:00.28 | Mem:0.00M, Peak:0.00M | C6420_4N_24SFF_v002_MASTER, ViewLayer | Synchronizing object | Filler07_internal_cross_rib.004
Fra:1 Mem:257.58M (Peak 257.58M) | Time:00:00.28 | Mem:0.00M, Peak:0.00M | C6420_4N_24SFF_v002_MASTER, ViewLayer | Synchronizing object | Filler22_upper_inset_pad
Fra:1 Mem:257.60M (Peak 257.60M) | Time:00:00.28 | Mem:0.00M, Peak:0.00M | C6420_4N_24SFF_v002_MASTER, ViewLayer | Synchronizing object | Filler07_long_center_pad
Fra:1 Mem:257.60M (Peak 257.60M) | Time:00:00.28 | Mem:0.00M, Peak:0.00M | C6420_4N_24SFF_v002_MASTER, ViewLayer | Synchronizing object | Filler07_mold_parting_land
Fra:1 Mem:257.73M (Peak 257.73M) | Time:00:00.28 | Mem:0.00M, Peak:0.00M | C6420_4N_24SFF_v002_MASTER, ViewLayer | Synchronizing object | Filler07_fine_vertical_pad_rib.001
Fra:1 Mem:257.78M (Peak 257.78M) | Time:00:00.28 | Mem:0.00M, Peak:0.00M | C6420_4N_24SFF_v002_MASTER, ViewLayer | Synchronizing object | Filler07_upper_inset_pad
Fra:1 Mem:257.85M (Peak 257.85M) | Time:00:00.28 | Mem:0.00M, Peak:0.00M | C6420_4N_24SFF_v002_MASTER, ViewLayer | Synchronizing object | Filler07_top_cross_cap
Fra:1 Mem:257.88M (Peak 257.88M) | Time:00:00.28 | Mem:0.00M, Peak:0.00M | C6420_4N_24SFF_v002_MASTER, ViewLayer | Synchronizing object | Filler07_top_hook_cheek
Fra:1 Mem:257.89M (Peak 257.89M) | Time:00:00.28 | Mem:0.00M, Peak:0.00M | C6420_4N_24SFF_v002_MASTER, ViewLayer | Synchronizing object | Filler07_top_hook_cheek.001
Fra:1 Mem:257.99M (Peak 257.99M) | Time:00:00.28 | Mem:0.00M, Peak:0.00M | C6420_4N_24SFF_v002_MASTER, ViewLayer | Synchronizing object | Filler07_lower_shaped_foot
Fra:1 Mem:258.02M (Peak 258.02M) | Time:00:00.28 | Mem:0.00M, Peak:0.00M | C6420_4N_24SFF_v002_MASTER, ViewLayer | Synchronizing object | Filler07_lower_step_top
Fra:1 Mem:258.05M (Peak 258.05M) | Time:00:00.28 | Mem:0.00M, Peak:0.00M | C6420_4N_24SFF_v002_MASTER, ViewLayer | Synchronizing object | Filler07_lower_step_bottom
Fra:1 Mem:258.15M (Peak 258.15M) | Time:00:00.28 | Mem:0.00M, Peak:0.00M | C6420_4N_24SFF_v002_MASTER, ViewLayer | Synchronizing object | Filler07_frame_bottom_bar
Fra:1 Mem:258.17M (Peak 258.17M) | Time:00:00.28 | Mem:0.00M, Peak:0.00M | C6420_4N_24SFF_v002_MASTER, ViewLayer | Synchronizing object | Filler07_recessed_contact_sliver
Fra:1 Mem:258.21M (Peak 258.21M) | Time:00:00.28 | Mem:0.00M, Peak:0.00M | C6420_4N_24SFF_v002_MASTER, ViewLayer | Synchronizing object | Filler07_recessed_contact_sliver.001
Fra:1 Mem:258.22M (Peak 258.22M) | Time:00:00.28 | Mem:0.00M, Peak:0.00M | C6420_4N_24SFF_v002_MASTER, ViewLayer | Synchronizing object | Filler07_recessed_contact_sliver.002
Fra:1 Mem:258.27M (Peak 258.27M) | Time:00:00.28 | Mem:0.00M, Peak:0.00M | C6420_4N_24SFF_v002_MASTER, ViewLayer | Synchronizing object | Filler07_recessed_contact_sliver.003
Fra:1 Mem:258.27M (Peak 258.27M) | Time:00:00.28 | Mem:0.00M, Peak:0.00M | C6420_4N_24SFF_v002_MASTER, ViewLayer | Synchronizing object | Filler07_recessed_contact_sliver.004
Fra:1 Mem:258.28M (Peak 258.28M) | Time:00:00.28 | Mem:0.00M, Peak:0.00M | C6420_4N_24SFF_v002_MASTER, ViewLayer | Synchronizing object | Filler22_mold_parting_land.001
Fra:1 Mem:258.33M (Peak 258.33M) | Time:00:00.28 | Mem:0.00M, Peak:0.00M | C6420_4N_24SFF_v002_MASTER, ViewLayer | Synchronizing object | Filler07_recessed_contact_sliver.005
Fra:1 Mem:258.33M (Peak 258.33M) | Time:00:00.28 | Mem:0.00M, Peak:0.00M | C6420_4N_24SFF_v002_MASTER, ViewLayer | Synchronizing object | Filler22_fine_vertical_pad_rib.001
Fra:1 Mem:258.37M (Peak 258.37M) | Time:00:00.28 | Mem:0.00M, Peak:0.00M | C6420_4N_24SFF_v002_MASTER, ViewLayer | Synchronizing object | Filler07_recessed_contact_sliver.007
Fra:1 Mem:258.42M (Peak 258.42M) | Time:00:00.28 | Mem:0.00M, Peak:0.00M | C6420_4N_24SFF_v002_MASTER, ViewLayer | Synchronizing object | Filler07_recessed_contact_sliver.008
Fra:1 Mem:258.45M (Peak 258.45M) | Time:00:00.28 | Mem:0.00M, Peak:0.00M | C6420_4N_24SFF_v002_MASTER, ViewLayer | Synchronizing object | Filler07_recessed_contact_sliver.009
Fra:1 Mem:258.46M (Peak 258.46M) | Time:00:00.28 | Mem:0.00M, Peak:0.00M | C6420_4N_24SFF_v002_MASTER, ViewLayer | Synchronizing object | Filler07_retention_edge
Fra:1 Mem:258.49M (Peak 258.49M) | Time:00:00.28 | Mem:0.00M, Peak:0.00M | C6420_4N_24SFF_v002_MASTER, ViewLayer | Synchronizing object | Filler08_outer_mold_rail
Fra:1 Mem:258.52M (Peak 258.52M) | Time:00:00.28 | Mem:0.00M, Peak:0.00M | C6420_4N_24SFF_v002_MASTER, ViewLayer | Synchronizing object | Filler08_outer_mold_rail.001
Fra:1 Mem:258.54M (Peak 258.54M) | Time:00:00.28 | Mem:0.00M, Peak:0.00M | C6420_4N_24SFF_v002_MASTER, ViewLayer | Synchronizing object | Filler08_outer_mold_rail.002
Fra:1 Mem:258.58M (Peak 258.58M) | Time:00:00.28 | Mem:0.00M, Peak:0.00M | C6420_4N_24SFF_v002_MASTER, ViewLayer | Synchronizing object | Filler08_inner_sidewall_1
Fra:1 Mem:258.61M (Peak 258.61M) | Time:00:00.28 | Mem:0.00M, Peak:0.00M | C6420_4N_24SFF_v002_MASTER, ViewLayer | Synchronizing object | Filler08_outer_mold_rail.003
Fra:1 Mem:258.64M (Peak 258.64M) | Time:00:00.28 | Mem:0.00M, Peak:0.00M | C6420_4N_24SFF_v002_MASTER, ViewLayer | Synchronizing object | Filler08_outer_mold_rail.004
Fra:1 Mem:258.64M (Peak 258.64M) | Time:00:00.28 | Mem:0.00M, Peak:0.00M | C6420_4N_24SFF_v002_MASTER, ViewLayer | Synchronizing object | Filler22_fine_vertical_pad_rib
Fra:1 Mem:258.65M (Peak 258.65M) | Time:00:00.28 | Mem:0.00M, Peak:0.00M | C6420_4N_24SFF_v002_MASTER, ViewLayer | Synchronizing object | Filler08_outer_mold_rail.005
Fra:1 Mem:258.73M (Peak 258.73M) | Time:00:00.28 | Mem:0.00M, Peak:0.00M | C6420_4N_24SFF_v002_MASTER, ViewLayer | Synchronizing object | Filler08_internal_cross_rib
Fra:1 Mem:258.76M (Peak 258.76M) | Time:00:00.28 | Mem:0.00M, Peak:0.00M | C6420_4N_24SFF_v002_MASTER, ViewLayer | Synchronizing object | Filler08_internal_cross_rib.002
Fra:1 Mem:258.75M (Peak 258.76M) | Time:00:00.28 | Mem:0.00M, Peak:0.00M | C6420_4N_24SFF_v002_MASTER, ViewLayer | Synchronizing object | Filler08_internal_cross_rib.003
Fra:1 Mem:258.78M (Peak 258.78M) | Time:00:00.28 | Mem:0.00M, Peak:0.00M | C6420_4N_24SFF_v002_MASTER, ViewLayer | Synchronizing object | Filler08_internal_cross_rib.004
Fra:1 Mem:258.79M (Peak 258.79M) | Time:00:00.28 | Mem:0.00M, Peak:0.00M | C6420_4N_24SFF_v002_MASTER, ViewLayer | Synchronizing object | Filler08_long_center_pad
Fra:1 Mem:258.83M (Peak 258.83M) | Time:00:00.28 | Mem:0.00M, Peak:0.00M | C6420_4N_24SFF_v002_MASTER, ViewLayer | Synchronizing object | Filler08_fine_vertical_pad_rib
Fra:1 Mem:258.85M (Peak 258.85M) | Time:00:00.28 | Mem:0.00M, Peak:0.00M | C6420_4N_24SFF_v002_MASTER, ViewLayer | Synchronizing object | Filler08_mold_parting_land
Fra:1 Mem:258.87M (Peak 258.87M) | Time:00:00.28 | Mem:0.00M, Peak:0.00M | C6420_4N_24SFF_v002_MASTER, ViewLayer | Synchronizing object | Filler08_fine_vertical_pad_rib.001
Fra:1 Mem:259.01M (Peak 259.01M) | Time:00:00.28 | Mem:0.00M, Peak:0.00M | C6420_4N_24SFF_v002_MASTER, ViewLayer | Synchronizing object | Filler08_mold_parting_land.001
Fra:1 Mem:259.04M (Peak 259.04M) | Time:00:00.28 | Mem:0.00M, Peak:0.00M | C6420_4N_24SFF_v002_MASTER, ViewLayer | Synchronizing object | Filler08_upper_inset_pad
Fra:1 Mem:259.09M (Peak 259.09M) | Time:00:00.28 | Mem:0.00M, Peak:0.00M | C6420_4N_24SFF_v002_MASTER, ViewLayer | Synchronizing object | Filler08_top_cross_cap
Fra:1 Mem:259.12M (Peak 259.12M) | Time:00:00.28 | Mem:0.00M, Peak:0.00M | C6420_4N_24SFF_v002_MASTER, ViewLayer | Synchronizing object | Filler08_top_hook_cheek
Fra:1 Mem:259.22M (Peak 259.22M) | Time:00:00.28 | Mem:0.00M, Peak:0.00M | C6420_4N_24SFF_v002_MASTER, ViewLayer | Synchronizing object | Filler08_top_hook_cheek.001
Fra:1 Mem:259.23M (Peak 259.23M) | Time:00:00.28 | Mem:0.00M, Peak:0.00M | C6420_4N_24SFF_v002_MASTER, ViewLayer | Synchronizing object | Filler08_lower_shaped_foot
Fra:1 Mem:259.26M (Peak 259.26M) | Time:00:00.28 | Mem:0.00M, Peak:0.00M | C6420_4N_24SFF_v002_MASTER, ViewLayer | Synchronizing object | Filler08_lower_step_top
Fra:1 Mem:259.34M (Peak 259.34M) | Time:00:00.28 | Mem:0.00M, Peak:0.00M | C6420_4N_24SFF_v002_MASTER, ViewLayer | Synchronizing object | Filler08_lower_step_bottom
Fra:1 Mem:259.41M (Peak 259.41M) | Time:00:00.28 | Mem:0.00M, Peak:0.00M | C6420_4N_24SFF_v002_MASTER, ViewLayer | Synchronizing object | Filler08_frame_bottom_bar
Fra:1 Mem:259.42M (Peak 259.42M) | Time:00:00.28 | Mem:0.00M, Peak:0.00M | C6420_4N_24SFF_v002_MASTER, ViewLayer | Synchronizing object | Filler08_recessed_contact_sliver
Fra:1 Mem:259.46M (Peak 259.46M) | Time:00:00.28 | Mem:0.00M, Peak:0.00M | C6420_4N_24SFF_v002_MASTER, ViewLayer | Synchronizing object | Filler08_recessed_contact_sliver.001
Fra:1 Mem:259.49M (Peak 259.49M) | Time:00:00.28 | Mem:0.00M, Peak:0.00M | C6420_4N_24SFF_v002_MASTER, ViewLayer | Synchronizing object | Filler08_recessed_contact_sliver.002
Fra:1 Mem:259.52M (Peak 259.52M) | Time:00:00.28 | Mem:0.00M, Peak:0.00M | C6420_4N_24SFF_v002_MASTER, ViewLayer | Synchronizing object | Filler08_recessed_contact_sliver.003
Fra:1 Mem:259.54M (Peak 259.54M) | Time:00:00.28 | Mem:0.00M, Peak:0.00M | C6420_4N_24SFF_v002_MASTER, ViewLayer | Synchronizing object | Filler08_recessed_contact_sliver.004
Fra:1 Mem:259.56M (Peak 259.56M) | Time:00:00.28 | Mem:0.00M, Peak:0.00M | C6420_4N_24SFF_v002_MASTER, ViewLayer | Synchronizing object | Filler08_recessed_contact_sliver.005
Fra:1 Mem:259.57M (Peak 259.57M) | Time:00:00.28 | Mem:0.00M, Peak:0.00M | C6420_4N_24SFF_v002_MASTER, ViewLayer | Synchronizing object | Filler08_recessed_contact_sliver.006
Fra:1 Mem:259.61M (Peak 259.61M) | Time:00:00.28 | Mem:0.00M, Peak:0.00M | C6420_4N_24SFF_v002_MASTER, ViewLayer | Synchronizing object | Filler08_recessed_contact_sliver.007
Fra:1 Mem:259.61M (Peak 259.61M) | Time:00:00.28 | Mem:0.00M, Peak:0.00M | C6420_4N_24SFF_v002_MASTER, ViewLayer | Synchronizing object | Filler08_recessed_contact_sliver.008
Fra:1 Mem:259.67M (Peak 259.67M) | Time:00:00.28 | Mem:0.00M, Peak:0.00M | C6420_4N_24SFF_v002_MASTER, ViewLayer | Synchronizing object | Filler08_retention_edge
Fra:1 Mem:259.68M (Peak 259.68M) | Time:00:00.28 | Mem:0.00M, Peak:0.00M | C6420_4N_24SFF_v002_MASTER, ViewLayer | Synchronizing object | Filler09_inner_sidewall_-1
Fra:1 Mem:259.73M (Peak 259.73M) | Time:00:00.28 | Mem:0.00M, Peak:0.00M | C6420_4N_24SFF_v002_MASTER, ViewLayer | Synchronizing object | Filler09_outer_mold_rail
Fra:1 Mem:259.72M (Peak 259.73M) | Time:00:00.28 | Mem:0.00M, Peak:0.00M | C6420_4N_24SFF_v002_MASTER, ViewLayer | Synchronizing object | Filler22_internal_cross_rib.004
Fra:1 Mem:259.73M (Peak 259.73M) | Time:00:00.28 | Mem:0.00M, Peak:0.00M | C6420_4N_24SFF_v002_MASTER, ViewLayer | Synchronizing object | Filler09_outer_mold_rail.002
Fra:1 Mem:259.79M (Peak 259.79M) | Time:00:00.28 | Mem:0.00M, Peak:0.00M | C6420_4N_24SFF_v002_MASTER, ViewLayer | Synchronizing object | Filler09_inner_sidewall_1
Fra:1 Mem:259.83M (Peak 259.83M) | Time:00:00.28 | Mem:0.00M, Peak:0.00M | C6420_4N_24SFF_v002_MASTER, ViewLayer | Synchronizing object | Filler09_outer_mold_rail.003
Fra:1 Mem:259.87M (Peak 259.87M) | Time:00:00.28 | Mem:0.00M, Peak:0.00M | C6420_4N_24SFF_v002_MASTER, ViewLayer | Synchronizing object | Filler09_outer_mold_rail.004
Fra:1 Mem:259.88M (Peak 259.88M) | Time:00:00.28 | Mem:0.00M, Peak:0.00M | C6420_4N_24SFF_v002_MASTER, ViewLayer | Synchronizing object | Filler09_outer_mold_rail.005
Fra:1 Mem:259.92M (Peak 259.92M) | Time:00:00.28 | Mem:0.00M, Peak:0.00M | C6420_4N_24SFF_v002_MASTER, ViewLayer | Synchronizing object | Filler22_internal_cross_rib.003
Fra:1 Mem:259.93M (Peak 259.93M) | Time:00:00.28 | Mem:0.00M, Peak:0.00M | C6420_4N_24SFF_v002_MASTER, ViewLayer | Synchronizing object | Filler09_internal_cross_rib.001
Fra:1 Mem:259.96M (Peak 259.96M) | Time:00:00.28 | Mem:0.00M, Peak:0.00M | C6420_4N_24SFF_v002_MASTER, ViewLayer | Synchronizing object | Filler09_internal_cross_rib.002
Fra:1 Mem:260.03M (Peak 260.03M) | Time:00:00.28 | Mem:0.00M, Peak:0.00M | C6420_4N_24SFF_v002_MASTER, ViewLayer | Synchronizing object | Filler09_internal_cross_rib.003
Fra:1 Mem:260.03M (Peak 260.03M) | Time:00:00.28 | Mem:0.00M, Peak:0.00M | C6420_4N_24SFF_v002_MASTER, ViewLayer | Synchronizing object | Filler09_internal_cross_rib.004
Fra:1 Mem:260.06M (Peak 260.06M) | Time:00:00.28 | Mem:0.00M, Peak:0.00M | C6420_4N_24SFF_v002_MASTER, ViewLayer | Synchronizing object | Filler09_long_center_pad
Fra:1 Mem:260.11M (Peak 260.11M) | Time:00:00.28 | Mem:0.00M, Peak:0.00M | C6420_4N_24SFF_v002_MASTER, ViewLayer | Synchronizing object | Filler09_fine_vertical_pad_rib
Fra:1 Mem:260.17M (Peak 260.17M) | Time:00:00.28 | Mem:0.00M, Peak:0.00M | C6420_4N_24SFF_v002_MASTER, ViewLayer | Synchronizing object | Filler22_internal_cross_rib.002
Fra:1 Mem:260.22M (Peak 260.22M) | Time:00:00.28 | Mem:0.00M, Peak:0.00M | C6420_4N_24SFF_v002_MASTER, ViewLayer | Synchronizing object | Filler09_mold_parting_land
Fra:1 Mem:260.23M (Peak 260.23M) | Time:00:00.28 | Mem:0.00M, Peak:0.00M | C6420_4N_24SFF_v002_MASTER, ViewLayer | Synchronizing object | Filler09_fine_vertical_pad_rib.001
Fra:1 Mem:260.23M (Peak 260.23M) | Time:00:00.28 | Mem:0.00M, Peak:0.00M | C6420_4N_24SFF_v002_MASTER, ViewLayer | Synchronizing object | Filler09_upper_inset_pad
Fra:1 Mem:260.29M (Peak 260.29M) | Time:00:00.28 | Mem:0.00M, Peak:0.00M | C6420_4N_24SFF_v002_MASTER, ViewLayer | Synchronizing object | Filler09_top_cross_cap
Fra:1 Mem:260.30M (Peak 260.30M) | Time:00:00.28 | Mem:0.00M, Peak:0.00M | C6420_4N_24SFF_v002_MASTER, ViewLayer | Synchronizing object | Filler09_top_hook_cheek.001
Fra:1 Mem:260.38M (Peak 260.38M) | Time:00:00.29 | Mem:0.00M, Peak:0.00M | C6420_4N_24SFF_v002_MASTER, ViewLayer | Synchronizing object | Filler22_internal_cross_rib.001
Fra:1 Mem:260.39M (Peak 260.39M) | Time:00:00.29 | Mem:0.00M, Peak:0.00M | C6420_4N_24SFF_v002_MASTER, ViewLayer | Synchronizing object | Filler09_lower_shaped_foot
Fra:1 Mem:260.48M (Peak 260.48M) | Time:00:00.29 | Mem:0.00M, Peak:0.00M | C6420_4N_24SFF_v002_MASTER, ViewLayer | Synchronizing object | Filler09_lower_step_top
Fra:1 Mem:260.52M (Peak 260.52M) | Time:00:00.29 | Mem:0.00M, Peak:0.00M | C6420_4N_24SFF_v002_MASTER, ViewLayer | Synchronizing object | Filler09_lower_step_bottom
Fra:1 Mem:260.55M (Peak 260.55M) | Time:00:00.29 | Mem:0.00M, Peak:0.00M | C6420_4N_24SFF_v002_MASTER, ViewLayer | Synchronizing object | Filler09_frame_bottom_bar
Fra:1 Mem:260.58M (Peak 260.58M) | Time:00:00.29 | Mem:0.00M, Peak:0.00M | C6420_4N_24SFF_v002_MASTER, ViewLayer | Synchronizing object | Filler22_internal_cross_rib
Fra:1 Mem:260.63M (Peak 260.63M) | Time:00:00.29 | Mem:0.00M, Peak:0.00M | C6420_4N_24SFF_v002_MASTER, ViewLayer | Synchronizing object | Filler09_recessed_contact_sliver
Fra:1 Mem:260.65M (Peak 260.65M) | Time:00:00.29 | Mem:0.00M, Peak:0.00M | C6420_4N_24SFF_v002_MASTER, ViewLayer | Synchronizing object | Filler09_recessed_contact_sliver.001
Fra:1 Mem:260.69M (Peak 260.69M) | Time:00:00.29 | Mem:0.00M, Peak:0.00M | C6420_4N_24SFF_v002_MASTER, ViewLayer | Synchronizing object | Filler22_outer_mold_rail.005
Fra:1 Mem:260.70M (Peak 260.70M) | Time:00:00.29 | Mem:0.00M, Peak:0.00M | C6420_4N_24SFF_v002_MASTER, ViewLayer | Synchronizing object | Filler09_recessed_contact_sliver.002
Fra:1 Mem:260.71M (Peak 260.71M) | Time:00:00.29 | Mem:0.00M, Peak:0.00M | C6420_4N_24SFF_v002_MASTER, ViewLayer | Synchronizing object | Filler09_recessed_contact_sliver.003
Fra:1 Mem:260.71M (Peak 260.71M) | Time:00:00.29 | Mem:0.00M, Peak:0.00M | C6420_4N_24SFF_v002_MASTER, ViewLayer | Synchronizing object | Filler09_recessed_contact_sliver.004
Fra:1 Mem:260.78M (Peak 260.78M) | Time:00:00.29 | Mem:0.00M, Peak:0.00M | C6420_4N_24SFF_v002_MASTER, ViewLayer | Synchronizing object | Filler09_recessed_contact_sliver.005
Fra:1 Mem:260.79M (Peak 260.79M) | Time:00:00.29 | Mem:0.00M, Peak:0.00M | C6420_4N_24SFF_v002_MASTER, ViewLayer | Synchronizing object | Filler09_recessed_contact_sliver.006
Fra:1 Mem:260.81M (Peak 260.81M) | Time:00:00.29 | Mem:0.00M, Peak:0.00M | C6420_4N_24SFF_v002_MASTER, ViewLayer | Synchronizing object | Filler22_outer_mold_rail.004
Fra:1 Mem:260.85M (Peak 260.85M) | Time:00:00.29 | Mem:0.00M, Peak:0.00M | C6420_4N_24SFF_v002_MASTER, ViewLayer | Synchronizing object | Filler09_recessed_contact_sliver.007
Fra:1 Mem:260.86M (Peak 260.86M) | Time:00:00.29 | Mem:0.00M, Peak:0.00M | C6420_4N_24SFF_v002_MASTER, ViewLayer | Synchronizing object | Filler09_recessed_contact_sliver.008
Fra:1 Mem:260.89M (Peak 260.89M) | Time:00:00.29 | Mem:0.00M, Peak:0.00M | C6420_4N_24SFF_v002_MASTER, ViewLayer | Synchronizing object | Filler09_recessed_contact_sliver.009
Fra:1 Mem:260.93M (Peak 260.93M) | Time:00:00.29 | Mem:0.00M, Peak:0.00M | C6420_4N_24SFF_v002_MASTER, ViewLayer | Synchronizing object | Filler09_retention_edge
Fra:1 Mem:260.95M (Peak 260.95M) | Time:00:00.29 | Mem:0.00M, Peak:0.00M | C6420_4N_24SFF_v002_MASTER, ViewLayer | Synchronizing object | Filler22_outer_mold_rail.003
Fra:1 Mem:260.96M (Peak 260.96M) | Time:00:00.29 | Mem:0.00M, Peak:0.00M | C6420_4N_24SFF_v002_MASTER, ViewLayer | Synchronizing object | Filler10_inner_sidewall_-1
Fra:1 Mem:261.01M (Peak 261.01M) | Time:00:00.29 | Mem:0.00M, Peak:0.00M | C6420_4N_24SFF_v002_MASTER, ViewLayer | Synchronizing object | Filler10_outer_mold_rail
Fra:1 Mem:261.02M (Peak 261.02M) | Time:00:00.29 | Mem:0.00M, Peak:0.00M | C6420_4N_24SFF_v002_MASTER, ViewLayer | Synchronizing object | Filler10_outer_mold_rail.001
Fra:1 Mem:261.04M (Peak 261.04M) | Time:00:00.29 | Mem:0.00M, Peak:0.00M | C6420_4N_24SFF_v002_MASTER, ViewLayer | Synchronizing object | Filler10_outer_mold_rail.002
Fra:1 Mem:261.07M (Peak 261.07M) | Time:00:00.29 | Mem:0.00M, Peak:0.00M | C6420_4N_24SFF_v002_MASTER, ViewLayer | Synchronizing object | Filler10_inner_sidewall_1
Fra:1 Mem:261.09M (Peak 261.09M) | Time:00:00.29 | Mem:0.00M, Peak:0.00M | C6420_4N_24SFF_v002_MASTER, ViewLayer | Synchronizing object | Filler22_inner_sidewall_1
Fra:1 Mem:261.11M (Peak 261.11M) | Time:00:00.29 | Mem:0.00M, Peak:0.00M | C6420_4N_24SFF_v002_MASTER, ViewLayer | Synchronizing object | Filler10_outer_mold_rail.003
Fra:1 Mem:261.18M (Peak 261.18M) | Time:00:00.29 | Mem:0.00M, Peak:0.00M | C6420_4N_24SFF_v002_MASTER, ViewLayer | Synchronizing object | Filler10_outer_mold_rail.004
Fra:1 Mem:261.19M (Peak 261.19M) | Time:00:00.29 | Mem:0.00M, Peak:0.00M | C6420_4N_24SFF_v002_MASTER, ViewLayer | Synchronizing object | Filler22_outer_mold_rail.002
Fra:1 Mem:261.20M (Peak 261.20M) | Time:00:00.29 | Mem:0.00M, Peak:0.00M | C6420_4N_24SFF_v002_MASTER, ViewLayer | Synchronizing object | Filler10_internal_cross_rib
Fra:1 Mem:261.28M (Peak 261.28M) | Time:00:00.29 | Mem:0.00M, Peak:0.00M | C6420_4N_24SFF_v002_MASTER, ViewLayer | Synchronizing object | Filler10_internal_cross_rib.001
Fra:1 Mem:261.29M (Peak 261.29M) | Time:00:00.29 | Mem:0.00M, Peak:0.00M | C6420_4N_24SFF_v002_MASTER, ViewLayer | Synchronizing object | Filler10_internal_cross_rib.002
Fra:1 Mem:261.32M (Peak 261.32M) | Time:00:00.29 | Mem:0.00M, Peak:0.00M | C6420_4N_24SFF_v002_MASTER, ViewLayer | Synchronizing object | Filler10_internal_cross_rib.003
Fra:1 Mem:261.34M (Peak 261.34M) | Time:00:00.29 | Mem:0.00M, Peak:0.00M | C6420_4N_24SFF_v002_MASTER, ViewLayer | Synchronizing object | Filler10_internal_cross_rib.004
Fra:1 Mem:261.37M (Peak 261.37M) | Time:00:00.29 | Mem:0.00M, Peak:0.00M | C6420_4N_24SFF_v002_MASTER, ViewLayer | Synchronizing object | Filler10_long_center_pad
Fra:1 Mem:261.40M (Peak 261.40M) | Time:00:00.29 | Mem:0.00M, Peak:0.00M | C6420_4N_24SFF_v002_MASTER, ViewLayer | Synchronizing object | Filler22_outer_mold_rail.001
Fra:1 Mem:261.44M (Peak 261.44M) | Time:00:00.29 | Mem:0.00M, Peak:0.00M | C6420_4N_24SFF_v002_MASTER, ViewLayer | Synchronizing object | Filler10_fine_vertical_pad_rib
Fra:1 Mem:261.51M (Peak 261.51M) | Time:00:00.29 | Mem:0.00M, Peak:0.00M | C6420_4N_24SFF_v002_MASTER, ViewLayer | Synchronizing object | Filler10_mold_parting_land
Fra:1 Mem:261.53M (Peak 261.53M) | Time:00:00.29 | Mem:0.00M, Peak:0.00M | C6420_4N_24SFF_v002_MASTER, ViewLayer | Synchronizing object | Filler10_fine_vertical_pad_rib.001
Fra:1 Mem:261.55M (Peak 261.55M) | Time:00:00.29 | Mem:0.00M, Peak:0.00M | C6420_4N_24SFF_v002_MASTER, ViewLayer | Synchronizing object | Filler10_mold_parting_land.001
Fra:1 Mem:261.58M (Peak 261.58M) | Time:00:00.29 | Mem:0.00M, Peak:0.00M | C6420_4N_24SFF_v002_MASTER, ViewLayer | Synchronizing object | Filler10_upper_inset_pad
Fra:1 Mem:261.58M (Peak 261.58M) | Time:00:00.29 | Mem:0.00M, Peak:0.00M | C6420_4N_24SFF_v002_MASTER, ViewLayer | Synchronizing object | Filler10_top_hook_cheek
Fra:1 Mem:261.61M (Peak 261.61M) | Time:00:00.29 | Mem:0.00M, Peak:0.00M | C6420_4N_24SFF_v002_MASTER, ViewLayer | Synchronizing object | Filler10_top_hook_cheek.001
Fra:1 Mem:261.69M (Peak 261.69M) | Time:00:00.29 | Mem:0.00M, Peak:0.00M | C6420_4N_24SFF_v002_MASTER, ViewLayer | Synchronizing object | Filler22_outer_mold_rail
Fra:1 Mem:261.75M (Peak 261.75M) | Time:00:00.29 | Mem:0.00M, Peak:0.00M | C6420_4N_24SFF_v002_MASTER, ViewLayer | Synchronizing object | Filler10_lower_shaped_foot
Fra:1 Mem:261.79M (Peak 261.79M) | Time:00:00.29 | Mem:0.00M, Peak:0.00M | C6420_4N_24SFF_v002_MASTER, ViewLayer | Synchronizing object | Filler10_lower_step_top
Fra:1 Mem:261.89M (Peak 261.89M) | Time:00:00.29 | Mem:0.00M, Peak:0.00M | C6420_4N_24SFF_v002_MASTER, ViewLayer | Synchronizing object | Filler10_lower_step_bottom
Fra:1 Mem:261.89M (Peak 261.89M) | Time:00:00.29 | Mem:0.00M, Peak:0.00M | C6420_4N_24SFF_v002_MASTER, ViewLayer | Synchronizing object | Filler10_frame_bottom_bar
Fra:1 Mem:261.90M (Peak 261.90M) | Time:00:00.29 | Mem:0.00M, Peak:0.00M | C6420_4N_24SFF_v002_MASTER, ViewLayer | Synchronizing object | Filler22_inner_sidewall_-1
Fra:1 Mem:261.95M (Peak 261.95M) | Time:00:00.29 | Mem:0.00M, Peak:0.00M | C6420_4N_24SFF_v002_MASTER, ViewLayer | Synchronizing object | Filler10_recessed_contact_sliver
Fra:1 Mem:261.99M (Peak 261.99M) | Time:00:00.29 | Mem:0.00M, Peak:0.00M | C6420_4N_24SFF_v002_MASTER, ViewLayer | Synchronizing object | Filler10_recessed_contact_sliver.001
Fra:1 Mem:262.02M (Peak 262.02M) | Time:00:00.29 | Mem:0.00M, Peak:0.00M | C6420_4N_24SFF_v002_MASTER, ViewLayer | Synchronizing object | Filler10_recessed_contact_sliver.002
Fra:1 Mem:262.02M (Peak 262.02M) | Time:00:00.29 | Mem:0.00M, Peak:0.00M | C6420_4N_24SFF_v002_MASTER, ViewLayer | Synchronizing object | Filler10_recessed_contact_sliver.004
Fra:1 Mem:262.03M (Peak 262.03M) | Time:00:00.29 | Mem:0.00M, Peak:0.00M | C6420_4N_24SFF_v002_MASTER, ViewLayer | Synchronizing object | Filler10_recessed_contact_sliver.005
Fra:1 Mem:262.13M (Peak 262.13M) | Time:00:00.29 | Mem:0.00M, Peak:0.00M | C6420_4N_24SFF_v002_MASTER, ViewLayer | Synchronizing object | Filler10_recessed_contact_sliver.006
Fra:1 Mem:262.19M (Peak 262.19M) | Time:00:00.29 | Mem:0.00M, Peak:0.00M | C6420_4N_24SFF_v002_MASTER, ViewLayer | Synchronizing object | Filler10_recessed_contact_sliver.007
Fra:1 Mem:262.22M (Peak 262.22M) | Time:00:00.29 | Mem:0.00M, Peak:0.00M | C6420_4N_24SFF_v002_MASTER, ViewLayer | Synchronizing object | Filler10_recessed_contact_sliver.008
Fra:1 Mem:262.25M (Peak 262.25M) | Time:00:00.29 | Mem:0.00M, Peak:0.00M | C6420_4N_24SFF_v002_MASTER, ViewLayer | Synchronizing object | Filler21_recessed_contact_sliver.009
Fra:1 Mem:262.25M (Peak 262.25M) | Time:00:00.29 | Mem:0.00M, Peak:0.00M | C6420_4N_24SFF_v002_MASTER, ViewLayer | Synchronizing object | Filler10_retention_edge
Fra:1 Mem:262.28M (Peak 262.28M) | Time:00:00.29 | Mem:0.00M, Peak:0.00M | C6420_4N_24SFF_v002_MASTER, ViewLayer | Synchronizing object | Filler11_inner_sidewall_-1
Fra:1 Mem:262.31M (Peak 262.31M) | Time:00:00.29 | Mem:0.00M, Peak:0.00M | C6420_4N_24SFF_v002_MASTER, ViewLayer | Synchronizing object | Filler11_outer_mold_rail
Fra:1 Mem:262.33M (Peak 262.33M) | Time:00:00.29 | Mem:0.00M, Peak:0.00M | C6420_4N_24SFF_v002_MASTER, ViewLayer | Synchronizing object | Filler11_outer_mold_rail.002
Fra:1 Mem:262.35M (Peak 262.35M) | Time:00:00.29 | Mem:0.00M, Peak:0.00M | C6420_4N_24SFF_v002_MASTER, ViewLayer | Synchronizing object | Filler11_inner_sidewall_1
Fra:1 Mem:262.42M (Peak 262.42M) | Time:00:00.29 | Mem:0.00M, Peak:0.00M | C6420_4N_24SFF_v002_MASTER, ViewLayer | Synchronizing object | Filler21_recessed_contact_sliver.008
Fra:1 Mem:262.44M (Peak 262.44M) | Time:00:00.29 | Mem:0.00M, Peak:0.00M | C6420_4N_24SFF_v002_MASTER, ViewLayer | Synchronizing object | Filler11_outer_mold_rail.003
Fra:1 Mem:262.47M (Peak 262.47M) | Time:00:00.29 | Mem:0.00M, Peak:0.00M | C6420_4N_24SFF_v002_MASTER, ViewLayer | Synchronizing object | Filler11_outer_mold_rail.004
Fra:1 Mem:262.50M (Peak 262.50M) | Time:00:00.29 | Mem:0.00M, Peak:0.00M | C6420_4N_24SFF_v002_MASTER, ViewLayer | Synchronizing object | Filler11_outer_mold_rail.005
Fra:1 Mem:262.50M (Peak 262.50M) | Time:00:00.29 | Mem:0.00M, Peak:0.00M | C6420_4N_24SFF_v002_MASTER, ViewLayer | Synchronizing object | Filler11_internal_cross_rib
Fra:1 Mem:262.57M (Peak 262.57M) | Time:00:00.29 | Mem:0.00M, Peak:0.00M | C6420_4N_24SFF_v002_MASTER, ViewLayer | Synchronizing object | Filler11_internal_cross_rib.001
Fra:1 Mem:262.55M (Peak 262.57M) | Time:00:00.29 | Mem:0.00M, Peak:0.00M | C6420_4N_24SFF_v002_MASTER, ViewLayer | Synchronizing object | Filler11_internal_cross_rib.002
Fra:1 Mem:262.58M (Peak 262.58M) | Time:00:00.29 | Mem:0.00M, Peak:0.00M | C6420_4N_24SFF_v002_MASTER, ViewLayer | Synchronizing object | Filler21_recessed_contact_sliver.007
Fra:1 Mem:262.61M (Peak 262.61M) | Time:00:00.29 | Mem:0.00M, Peak:0.00M | C6420_4N_24SFF_v002_MASTER, ViewLayer | Synchronizing object | Filler11_internal_cross_rib.003
Fra:1 Mem:262.63M (Peak 262.63M) | Time:00:00.29 | Mem:0.00M, Peak:0.00M | C6420_4N_24SFF_v002_MASTER, ViewLayer | Synchronizing object | Filler11_internal_cross_rib.004
Fra:1 Mem:262.67M (Peak 262.67M) | Time:00:00.29 | Mem:0.00M, Peak:0.00M | C6420_4N_24SFF_v002_MASTER, ViewLayer | Synchronizing object | Filler11_long_center_pad
Fra:1 Mem:262.70M (Peak 262.70M) | Time:00:00.29 | Mem:0.00M, Peak:0.00M | C6420_4N_24SFF_v002_MASTER, ViewLayer | Synchronizing object | Filler11_fine_vertical_pad_rib
Fra:1 Mem:262.73M (Peak 262.73M) | Time:00:00.29 | Mem:0.00M, Peak:0.00M | C6420_4N_24SFF_v002_MASTER, ViewLayer | Synchronizing object | Filler11_mold_parting_land
Fra:1 Mem:262.80M (Peak 262.80M) | Time:00:00.29 | Mem:0.00M, Peak:0.00M | C6420_4N_24SFF_v002_MASTER, ViewLayer | Synchronizing object | Filler11_fine_vertical_pad_rib.001
Fra:1 Mem:262.80M (Peak 262.80M) | Time:00:00.29 | Mem:0.00M, Peak:0.00M | C6420_4N_24SFF_v002_MASTER, ViewLayer | Synchronizing object | Filler11_mold_parting_land.001
Fra:1 Mem:262.82M (Peak 262.82M) | Time:00:00.29 | Mem:0.00M, Peak:0.00M | C6420_4N_24SFF_v002_MASTER, ViewLayer | Synchronizing object | Filler11_upper_inset_pad
Fra:1 Mem:262.86M (Peak 262.86M) | Time:00:00.29 | Mem:0.00M, Peak:0.00M | C6420_4N_24SFF_v002_MASTER, ViewLayer | Synchronizing object | Filler21_recessed_contact_sliver.006
Fra:1 Mem:262.88M (Peak 262.88M) | Time:00:00.29 | Mem:0.00M, Peak:0.00M | C6420_4N_24SFF_v002_MASTER, ViewLayer | Synchronizing object | Filler11_top_cross_cap
Fra:1 Mem:262.94M (Peak 262.94M) | Time:00:00.29 | Mem:0.00M, Peak:0.00M | C6420_4N_24SFF_v002_MASTER, ViewLayer | Synchronizing object | Filler11_top_hook_cheek
Fra:1 Mem:262.97M (Peak 262.97M) | Time:00:00.29 | Mem:0.00M, Peak:0.00M | C6420_4N_24SFF_v002_MASTER, ViewLayer | Synchronizing object | Filler11_top_hook_cheek.001
Fra:1 Mem:263.00M (Peak 263.00M) | Time:00:00.29 | Mem:0.00M, Peak:0.00M | C6420_4N_24SFF_v002_MASTER, ViewLayer | Synchronizing object | Filler11_lower_shaped_foot
Fra:1 Mem:263.08M (Peak 263.08M) | Time:00:00.29 | Mem:0.00M, Peak:0.00M | C6420_4N_24SFF_v002_MASTER, ViewLayer | Synchronizing object | Filler11_lower_step_top
Fra:1 Mem:263.14M (Peak 263.14M) | Time:00:00.29 | Mem:0.00M, Peak:0.00M | C6420_4N_24SFF_v002_MASTER, ViewLayer | Synchronizing object | Filler21_recessed_contact_sliver.005
Fra:1 Mem:263.18M (Peak 263.18M) | Time:00:00.29 | Mem:0.00M, Peak:0.00M | C6420_4N_24SFF_v002_MASTER, ViewLayer | Synchronizing object | Filler11_lower_step_bottom
Fra:1 Mem:263.20M (Peak 263.20M) | Time:00:00.29 | Mem:0.00M, Peak:0.00M | C6420_4N_24SFF_v002_MASTER, ViewLayer | Synchronizing object | Filler11_frame_bottom_bar
Fra:1 Mem:263.25M (Peak 263.25M) | Time:00:00.29 | Mem:0.00M, Peak:0.00M | C6420_4N_24SFF_v002_MASTER, ViewLayer | Synchronizing object | Filler11_recessed_contact_sliver
Fra:1 Mem:263.29M (Peak 263.29M) | Time:00:00.29 | Mem:0.00M, Peak:0.00M | C6420_4N_24SFF_v002_MASTER, ViewLayer | Synchronizing object | Filler11_recessed_contact_sliver.001
Fra:1 Mem:263.28M (Peak 263.29M) | Time:00:00.29 | Mem:0.00M, Peak:0.00M | C6420_4N_24SFF_v002_MASTER, ViewLayer | Synchronizing object | Filler21_recessed_contact_sliver.004
Fra:1 Mem:263.31M (Peak 263.31M) | Time:00:00.29 | Mem:0.00M, Peak:0.00M | C6420_4N_24SFF_v002_MASTER, ViewLayer | Synchronizing object | Filler11_recessed_contact_sliver.002
Fra:1 Mem:263.34M (Peak 263.34M) | Time:00:00.29 | Mem:0.00M, Peak:0.00M | C6420_4N_24SFF_v002_MASTER, ViewLayer | Synchronizing object | Filler11_recessed_contact_sliver.003
Fra:1 Mem:263.38M (Peak 263.38M) | Time:00:00.29 | Mem:0.00M, Peak:0.00M | C6420_4N_24SFF_v002_MASTER, ViewLayer | Synchronizing object | Filler11_recessed_contact_sliver.004
Fra:1 Mem:263.39M (Peak 263.39M) | Time:00:00.29 | Mem:0.00M, Peak:0.00M | C6420_4N_24SFF_v002_MASTER, ViewLayer | Synchronizing object | Filler11_recessed_contact_sliver.005
Fra:1 Mem:263.44M (Peak 263.44M) | Time:00:00.29 | Mem:0.00M, Peak:0.00M | C6420_4N_24SFF_v002_MASTER, ViewLayer | Synchronizing object | Filler11_recessed_contact_sliver.006
Fra:1 Mem:263.44M (Peak 263.44M) | Time:00:00.29 | Mem:0.00M, Peak:0.00M | C6420_4N_24SFF_v002_MASTER, ViewLayer | Synchronizing object | Filler21_recessed_contact_sliver.003
Fra:1 Mem:263.48M (Peak 263.48M) | Time:00:00.29 | Mem:0.00M, Peak:0.00M | C6420_4N_24SFF_v002_MASTER, ViewLayer | Synchronizing object | Filler11_recessed_contact_sliver.009
Fra:1 Mem:263.47M (Peak 263.48M) | Time:00:00.29 | Mem:0.00M, Peak:0.00M | C6420_4N_24SFF_v002_MASTER, ViewLayer | Synchronizing object | Filler11_retention_edge
Fra:1 Mem:263.57M (Peak 263.57M) | Time:00:00.29 | Mem:0.00M, Peak:0.00M | C6420_4N_24SFF_v002_MASTER, ViewLayer | Synchronizing object | Filler12_inner_sidewall_-1
Fra:1 Mem:263.59M (Peak 263.59M) | Time:00:00.29 | Mem:0.00M, Peak:0.00M | C6420_4N_24SFF_v002_MASTER, ViewLayer | Synchronizing object | Filler12_outer_mold_rail
Fra:1 Mem:263.63M (Peak 263.63M) | Time:00:00.29 | Mem:0.00M, Peak:0.00M | C6420_4N_24SFF_v002_MASTER, ViewLayer | Synchronizing object | Filler12_outer_mold_rail.001
Fra:1 Mem:263.66M (Peak 263.66M) | Time:00:00.29 | Mem:0.00M, Peak:0.00M | C6420_4N_24SFF_v002_MASTER, ViewLayer | Synchronizing object | Filler12_outer_mold_rail.002
Fra:1 Mem:263.67M (Peak 263.68M) | Time:00:00.29 | Mem:0.00M, Peak:0.00M | C6420_4N_24SFF_v002_MASTER, ViewLayer | Synchronizing object | Filler21_recessed_contact_sliver.002
Fra:1 Mem:263.69M (Peak 263.69M) | Time:00:00.29 | Mem:0.00M, Peak:0.00M | C6420_4N_24SFF_v002_MASTER, ViewLayer | Synchronizing object | Filler12_outer_mold_rail.004
Fra:1 Mem:263.71M (Peak 263.71M) | Time:00:00.29 | Mem:0.00M, Peak:0.00M | C6420_4N_24SFF_v002_MASTER, ViewLayer | Synchronizing object | Filler12_internal_cross_rib
Fra:1 Mem:263.77M (Peak 263.77M) | Time:00:00.29 | Mem:0.00M, Peak:0.00M | C6420_4N_24SFF_v002_MASTER, ViewLayer | Synchronizing object | Filler12_internal_cross_rib.001
Fra:1 Mem:263.81M (Peak 263.81M) | Time:00:00.29 | Mem:0.00M, Peak:0.00M | C6420_4N_24SFF_v002_MASTER, ViewLayer | Synchronizing object | Filler12_internal_cross_rib.002
Fra:1 Mem:263.84M (Peak 263.84M) | Time:00:00.29 | Mem:0.00M, Peak:0.00M | C6420_4N_24SFF_v002_MASTER, ViewLayer | Synchronizing object | Filler12_internal_cross_rib.003
Fra:1 Mem:263.85M (Peak 263.85M) | Time:00:00.29 | Mem:0.00M, Peak:0.00M | C6420_4N_24SFF_v002_MASTER, ViewLayer | Synchronizing object | Filler21_recessed_contact_sliver.001
Fra:1 Mem:263.93M (Peak 263.93M) | Time:00:00.29 | Mem:0.00M, Peak:0.00M | C6420_4N_24SFF_v002_MASTER, ViewLayer | Synchronizing object | Filler12_internal_cross_rib.004
Fra:1 Mem:263.94M (Peak 263.94M) | Time:00:00.29 | Mem:0.00M, Peak:0.00M | C6420_4N_24SFF_v002_MASTER, ViewLayer | Synchronizing object | Filler12_fine_vertical_pad_rib
Fra:1 Mem:263.98M (Peak 263.98M) | Time:00:00.29 | Mem:0.00M, Peak:0.00M | C6420_4N_24SFF_v002_MASTER, ViewLayer | Synchronizing object | Filler12_mold_parting_land
Fra:1 Mem:263.99M (Peak 263.99M) | Time:00:00.29 | Mem:0.00M, Peak:0.00M | C6420_4N_24SFF_v002_MASTER, ViewLayer | Synchronizing object | Filler12_fine_vertical_pad_rib.001
Fra:1 Mem:264.05M (Peak 264.05M) | Time:00:00.29 | Mem:0.00M, Peak:0.00M | C6420_4N_24SFF_v002_MASTER, ViewLayer | Synchronizing object | Filler12_mold_parting_land.001
Fra:1 Mem:264.07M (Peak 264.07M) | Time:00:00.29 | Mem:0.00M, Peak:0.00M | C6420_4N_24SFF_v002_MASTER, ViewLayer | Synchronizing object | Filler12_upper_inset_pad
Fra:1 Mem:264.14M (Peak 264.14M) | Time:00:00.29 | Mem:0.00M, Peak:0.00M | C6420_4N_24SFF_v002_MASTER, ViewLayer | Synchronizing object | Filler12_top_cross_cap
Fra:1 Mem:264.17M (Peak 264.17M) | Time:00:00.29 | Mem:0.00M, Peak:0.00M | C6420_4N_24SFF_v002_MASTER, ViewLayer | Synchronizing object | Filler12_lower_shaped_foot
Fra:1 Mem:264.33M (Peak 264.33M) | Time:00:00.29 | Mem:0.00M, Peak:0.00M | C6420_4N_24SFF_v002_MASTER, ViewLayer | Synchronizing object | Filler12_lower_step_top
Fra:1 Mem:264.38M (Peak 264.38M) | Time:00:00.29 | Mem:0.00M, Peak:0.00M | C6420_4N_24SFF_v002_MASTER, ViewLayer | Synchronizing object | Filler12_lower_step_bottom
Fra:1 Mem:264.43M (Peak 264.43M) | Time:00:00.29 | Mem:0.00M, Peak:0.00M | C6420_4N_24SFF_v002_MASTER, ViewLayer | Synchronizing object | Filler21_frame_bottom_bar
Fra:1 Mem:264.49M (Peak 264.49M) | Time:00:00.29 | Mem:0.00M, Peak:0.00M | C6420_4N_24SFF_v002_MASTER, ViewLayer | Synchronizing object | Filler12_frame_bottom_bar
Fra:1 Mem:264.52M (Peak 264.52M) | Time:00:00.29 | Mem:0.00M, Peak:0.00M | C6420_4N_24SFF_v002_MASTER, ViewLayer | Synchronizing object | Filler12_recessed_contact_sliver
Fra:1 Mem:264.53M (Peak 264.53M) | Time:00:00.29 | Mem:0.00M, Peak:0.00M | C6420_4N_24SFF_v002_MASTER, ViewLayer | Synchronizing object | Filler12_recessed_contact_sliver.001
Fra:1 Mem:264.55M (Peak 264.55M) | Time:00:00.29 | Mem:0.00M, Peak:0.00M | C6420_4N_24SFF_v002_MASTER, ViewLayer | Synchronizing object | Filler12_recessed_contact_sliver.002
Fra:1 Mem:264.54M (Peak 264.55M) | Time:00:00.29 | Mem:0.00M, Peak:0.00M | C6420_4N_24SFF_v002_MASTER, ViewLayer | Synchronizing object | Filler12_recessed_contact_sliver.003
Fra:1 Mem:264.56M (Peak 264.56M) | Time:00:00.29 | Mem:0.00M, Peak:0.00M | C6420_4N_24SFF_v002_MASTER, ViewLayer | Synchronizing object | Filler21_lower_step_bottom
Fra:1 Mem:264.67M (Peak 264.67M) | Time:00:00.29 | Mem:0.00M, Peak:0.00M | C6420_4N_24SFF_v002_MASTER, ViewLayer | Synchronizing object | Filler12_recessed_contact_sliver.004
Fra:1 Mem:264.68M (Peak 264.68M) | Time:00:00.29 | Mem:0.00M, Peak:0.00M | C6420_4N_24SFF_v002_MASTER, ViewLayer | Synchronizing object | Filler12_recessed_contact_sliver.005
Fra:1 Mem:264.68M (Peak 264.68M) | Time:00:00.29 | Mem:0.00M, Peak:0.00M | C6420_4N_24SFF_v002_MASTER, ViewLayer | Synchronizing object | Filler12_recessed_contact_sliver.006
Fra:1 Mem:264.73M (Peak 264.73M) | Time:00:00.29 | Mem:0.00M, Peak:0.00M | C6420_4N_24SFF_v002_MASTER, ViewLayer | Synchronizing object | Filler12_recessed_contact_sliver.007
Fra:1 Mem:264.74M (Peak 264.74M) | Time:00:00.29 | Mem:0.00M, Peak:0.00M | C6420_4N_24SFF_v002_MASTER, ViewLayer | Synchronizing object | Filler12_recessed_contact_sliver.008
Fra:1 Mem:264.77M (Peak 264.77M) | Time:00:00.29 | Mem:0.00M, Peak:0.00M | C6420_4N_24SFF_v002_MASTER, ViewLayer | Synchronizing object | Filler21_lower_step_top
Fra:1 Mem:264.80M (Peak 264.80M) | Time:00:00.29 | Mem:0.00M, Peak:0.00M | C6420_4N_24SFF_v002_MASTER, ViewLayer | Synchronizing object | Filler12_recessed_contact_sliver.009
Fra:1 Mem:264.85M (Peak 264.85M) | Time:00:00.29 | Mem:0.00M, Peak:0.00M | C6420_4N_24SFF_v002_MASTER, ViewLayer | Synchronizing object | Filler12_retention_edge
Fra:1 Mem:264.86M (Peak 264.86M) | Time:00:00.29 | Mem:0.00M, Peak:0.00M | C6420_4N_24SFF_v002_MASTER, ViewLayer | Synchronizing object | Filler13_inner_sidewall_-1
Fra:1 Mem:264.92M (Peak 264.92M) | Time:00:00.29 | Mem:0.00M, Peak:0.00M | C6420_4N_24SFF_v002_MASTER, ViewLayer | Synchronizing object | Filler13_outer_mold_rail
Fra:1 Mem:264.93M (Peak 264.93M) | Time:00:00.29 | Mem:0.00M, Peak:0.00M | C6420_4N_24SFF_v002_MASTER, ViewLayer | Synchronizing object | Filler13_outer_mold_rail.002
Fra:1 Mem:264.93M (Peak 264.93M) | Time:00:00.29 | Mem:0.00M, Peak:0.00M | C6420_4N_24SFF_v002_MASTER, ViewLayer | Synchronizing object | Filler21_lower_shaped_foot
Fra:1 Mem:264.96M (Peak 264.96M) | Time:00:00.29 | Mem:0.00M, Peak:0.00M | C6420_4N_24SFF_v002_MASTER, ViewLayer | Synchronizing object | Filler13_outer_mold_rail.003
Fra:1 Mem:265.03M (Peak 265.03M) | Time:00:00.29 | Mem:0.00M, Peak:0.00M | C6420_4N_24SFF_v002_MASTER, ViewLayer | Synchronizing object | Filler13_outer_mold_rail.004
Fra:1 Mem:265.13M (Peak 265.13M) | Time:00:00.29 | Mem:0.00M, Peak:0.00M | C6420_4N_24SFF_v002_MASTER, ViewLayer | Synchronizing object | Filler13_outer_mold_rail.005
Fra:1 Mem:265.16M (Peak 265.16M) | Time:00:00.29 | Mem:0.00M, Peak:0.00M | C6420_4N_24SFF_v002_MASTER, ViewLayer | Synchronizing object | Filler13_internal_cross_rib
Fra:1 Mem:265.21M (Peak 265.21M) | Time:00:00.29 | Mem:0.00M, Peak:0.00M | C6420_4N_24SFF_v002_MASTER, ViewLayer | Synchronizing object | Filler13_internal_cross_rib.001
Fra:1 Mem:265.24M (Peak 265.24M) | Time:00:00.29 | Mem:0.00M, Peak:0.00M | C6420_4N_24SFF_v002_MASTER, ViewLayer | Synchronizing object | Filler13_internal_cross_rib.003
Fra:1 Mem:265.27M (Peak 265.27M) | Time:00:00.29 | Mem:0.00M, Peak:0.00M | C6420_4N_24SFF_v002_MASTER, ViewLayer | Synchronizing object | Filler13_internal_cross_rib.004
Fra:1 Mem:265.28M (Peak 265.28M) | Time:00:00.29 | Mem:0.00M, Peak:0.00M | C6420_4N_24SFF_v002_MASTER, ViewLayer | Synchronizing object | Filler13_long_center_pad
Fra:1 Mem:265.34M (Peak 265.34M) | Time:00:00.29 | Mem:0.00M, Peak:0.00M | C6420_4N_24SFF_v002_MASTER, ViewLayer | Synchronizing object | Filler13_fine_vertical_pad_rib
Fra:1 Mem:265.37M (Peak 265.37M) | Time:00:00.29 | Mem:0.00M, Peak:0.00M | C6420_4N_24SFF_v002_MASTER, ViewLayer | Synchronizing object | Filler13_mold_parting_land
Fra:1 Mem:265.43M (Peak 265.43M) | Time:00:00.29 | Mem:0.00M, Peak:0.00M | C6420_4N_24SFF_v002_MASTER, ViewLayer | Synchronizing object | Filler13_fine_vertical_pad_rib.001
Fra:1 Mem:265.42M (Peak 265.43M) | Time:00:00.29 | Mem:0.00M, Peak:0.00M | C6420_4N_24SFF_v002_MASTER, ViewLayer | Synchronizing object | Filler13_upper_inset_pad
Fra:1 Mem:265.46M (Peak 265.46M) | Time:00:00.29 | Mem:0.00M, Peak:0.00M | C6420_4N_24SFF_v002_MASTER, ViewLayer | Synchronizing object | Filler13_top_cross_cap
Fra:1 Mem:265.49M (Peak 265.49M) | Time:00:00.29 | Mem:0.00M, Peak:0.00M | C6420_4N_24SFF_v002_MASTER, ViewLayer | Synchronizing object | Filler13_top_hook_cheek
Fra:1 Mem:265.51M (Peak 265.51M) | Time:00:00.29 | Mem:0.00M, Peak:0.00M | C6420_4N_24SFF_v002_MASTER, ViewLayer | Synchronizing object | Filler13_lower_shaped_foot
Fra:1 Mem:265.56M (Peak 265.56M) | Time:00:00.29 | Mem:0.00M, Peak:0.00M | C6420_4N_24SFF_v002_MASTER, ViewLayer | Synchronizing object | Filler13_lower_step_top
Fra:1 Mem:265.63M (Peak 265.63M) | Time:00:00.29 | Mem:0.00M, Peak:0.00M | C6420_4N_24SFF_v002_MASTER, ViewLayer | Synchronizing object | Filler13_lower_step_bottom
Fra:1 Mem:265.72M (Peak 265.72M) | Time:00:00.29 | Mem:0.00M, Peak:0.00M | C6420_4N_24SFF_v002_MASTER, ViewLayer | Synchronizing object | Filler13_frame_bottom_bar
Fra:1 Mem:265.73M (Peak 265.73M) | Time:00:00.29 | Mem:0.00M, Peak:0.00M | C6420_4N_24SFF_v002_MASTER, ViewLayer | Synchronizing object | Filler13_recessed_contact_sliver
Fra:1 Mem:265.77M (Peak 265.77M) | Time:00:00.29 | Mem:0.00M, Peak:0.00M | C6420_4N_24SFF_v002_MASTER, ViewLayer | Synchronizing object | Filler21_top_hook_cheek.001
Fra:1 Mem:265.80M (Peak 265.80M) | Time:00:00.29 | Mem:0.00M, Peak:0.00M | C6420_4N_24SFF_v002_MASTER, ViewLayer | Synchronizing object | Filler13_recessed_contact_sliver.001
Fra:1 Mem:265.81M (Peak 265.81M) | Time:00:00.29 | Mem:0.00M, Peak:0.00M | C6420_4N_24SFF_v002_MASTER, ViewLayer | Synchronizing object | Filler13_recessed_contact_sliver.003
Fra:1 Mem:265.84M (Peak 265.84M) | Time:00:00.29 | Mem:0.00M, Peak:0.00M | C6420_4N_24SFF_v002_MASTER, ViewLayer | Synchronizing object | Filler13_recessed_contact_sliver.004
Fra:1 Mem:265.90M (Peak 265.90M) | Time:00:00.29 | Mem:0.00M, Peak:0.00M | C6420_4N_24SFF_v002_MASTER, ViewLayer | Synchronizing object | Filler21_top_hook_cheek
Fra:1 Mem:265.92M (Peak 265.92M) | Time:00:00.29 | Mem:0.00M, Peak:0.00M | C6420_4N_24SFF_v002_MASTER, ViewLayer | Synchronizing object | Filler13_recessed_contact_sliver.005
Fra:1 Mem:265.94M (Peak 265.94M) | Time:00:00.29 | Mem:0.00M, Peak:0.00M | C6420_4N_24SFF_v002_MASTER, ViewLayer | Synchronizing object | Filler13_recessed_contact_sliver.006
Fra:1 Mem:265.97M (Peak 265.97M) | Time:00:00.29 | Mem:0.00M, Peak:0.00M | C6420_4N_24SFF_v002_MASTER, ViewLayer | Synchronizing object | Filler13_recessed_contact_sliver.008
Fra:1 Mem:265.99M (Peak 265.99M) | Time:00:00.29 | Mem:0.00M, Peak:0.00M | C6420_4N_24SFF_v002_MASTER, ViewLayer | Synchronizing object | Filler13_recessed_contact_sliver.009
Fra:1 Mem:266.01M (Peak 266.01M) | Time:00:00.29 | Mem:0.00M, Peak:0.00M | C6420_4N_24SFF_v002_MASTER, ViewLayer | Synchronizing object | Filler21_top_cross_cap
Fra:1 Mem:266.10M (Peak 266.10M) | Time:00:00.29 | Mem:0.00M, Peak:0.00M | C6420_4N_24SFF_v002_MASTER, ViewLayer | Synchronizing object | Filler13_retention_edge
Fra:1 Mem:266.12M (Peak 266.12M) | Time:00:00.29 | Mem:0.00M, Peak:0.00M | C6420_4N_24SFF_v002_MASTER, ViewLayer | Synchronizing object | Filler14_inner_sidewall_-1
Fra:1 Mem:266.15M (Peak 266.15M) | Time:00:00.29 | Mem:0.00M, Peak:0.00M | C6420_4N_24SFF_v002_MASTER, ViewLayer | Synchronizing object | Filler14_outer_mold_rail
Fra:1 Mem:266.16M (Peak 266.16M) | Time:00:00.29 | Mem:0.00M, Peak:0.00M | C6420_4N_24SFF_v002_MASTER, ViewLayer | Synchronizing object | Filler14_outer_mold_rail.001
Fra:1 Mem:266.18M (Peak 266.18M) | Time:00:00.29 | Mem:0.00M, Peak:0.00M | C6420_4N_24SFF_v002_MASTER, ViewLayer | Synchronizing object | Filler14_inner_sidewall_1
Fra:1 Mem:266.28M (Peak 266.28M) | Time:00:00.29 | Mem:0.00M, Peak:0.00M | C6420_4N_24SFF_v002_MASTER, ViewLayer | Synchronizing object | Filler14_outer_mold_rail.003
Fra:1 Mem:266.32M (Peak 266.32M) | Time:00:00.29 | Mem:0.00M, Peak:0.00M | C6420_4N_24SFF_v002_MASTER, ViewLayer | Synchronizing object | Filler14_outer_mold_rail.004
Fra:1 Mem:266.37M (Peak 266.37M) | Time:00:00.29 | Mem:0.00M, Peak:0.00M | C6420_4N_24SFF_v002_MASTER, ViewLayer | Synchronizing object | Filler14_outer_mold_rail.005
Fra:1 Mem:266.40M (Peak 266.40M) | Time:00:00.29 | Mem:0.00M, Peak:0.00M | C6420_4N_24SFF_v002_MASTER, ViewLayer | Synchronizing object | Filler14_internal_cross_rib
Fra:1 Mem:266.42M (Peak 266.42M) | Time:00:00.29 | Mem:0.00M, Peak:0.00M | C6420_4N_24SFF_v002_MASTER, ViewLayer | Synchronizing object | Filler14_internal_cross_rib.001
Fra:1 Mem:266.42M (Peak 266.42M) | Time:00:00.29 | Mem:0.00M, Peak:0.00M | C6420_4N_24SFF_v002_MASTER, ViewLayer | Synchronizing object | Filler14_internal_cross_rib.002
Fra:1 Mem:266.46M (Peak 266.46M) | Time:00:00.29 | Mem:0.00M, Peak:0.00M | C6420_4N_24SFF_v002_MASTER, ViewLayer | Synchronizing object | Filler14_internal_cross_rib.003
Fra:1 Mem:266.47M (Peak 266.47M) | Time:00:00.29 | Mem:0.00M, Peak:0.00M | C6420_4N_24SFF_v002_MASTER, ViewLayer | Synchronizing object | Filler14_internal_cross_rib.004
Fra:1 Mem:266.52M (Peak 266.52M) | Time:00:00.29 | Mem:0.00M, Peak:0.00M | C6420_4N_24SFF_v002_MASTER, ViewLayer | Synchronizing object | Filler14_long_center_pad
Fra:1 Mem:266.56M (Peak 266.56M) | Time:00:00.29 | Mem:0.00M, Peak:0.00M | C6420_4N_24SFF_v002_MASTER, ViewLayer | Synchronizing object | Filler14_fine_vertical_pad_rib
Fra:1 Mem:266.63M (Peak 266.63M) | Time:00:00.29 | Mem:0.00M, Peak:0.00M | C6420_4N_24SFF_v002_MASTER, ViewLayer | Synchronizing object | Filler14_mold_parting_land
Fra:1 Mem:266.64M (Peak 266.64M) | Time:00:00.29 | Mem:0.00M, Peak:0.00M | C6420_4N_24SFF_v002_MASTER, ViewLayer | Synchronizing object | Filler14_fine_vertical_pad_rib.001
Fra:1 Mem:266.67M (Peak 266.67M) | Time:00:00.29 | Mem:0.00M, Peak:0.00M | C6420_4N_24SFF_v002_MASTER, ViewLayer | Synchronizing object | Filler14_mold_parting_land.001
Fra:1 Mem:266.67M (Peak 266.67M) | Time:00:00.29 | Mem:0.00M, Peak:0.00M | C6420_4N_24SFF_v002_MASTER, ViewLayer | Synchronizing object | Filler14_top_cross_cap
Fra:1 Mem:266.71M (Peak 266.71M) | Time:00:00.29 | Mem:0.00M, Peak:0.00M | C6420_4N_24SFF_v002_MASTER, ViewLayer | Synchronizing object | Filler21_mold_parting_land.001
Fra:1 Mem:266.72M (Peak 266.72M) | Time:00:00.29 | Mem:0.00M, Peak:0.00M | C6420_4N_24SFF_v002_MASTER, ViewLayer | Synchronizing object | Filler14_top_hook_cheek
Fra:1 Mem:266.80M (Peak 266.80M) | Time:00:00.29 | Mem:0.00M, Peak:0.00M | C6420_4N_24SFF_v002_MASTER, ViewLayer | Synchronizing object | Filler21_fine_vertical_pad_rib.001
Fra:1 Mem:266.83M (Peak 266.83M) | Time:00:00.29 | Mem:0.00M, Peak:0.00M | C6420_4N_24SFF_v002_MASTER, ViewLayer | Synchronizing object | Filler14_top_hook_cheek.001
Fra:1 Mem:266.87M (Peak 266.87M) | Time:00:00.29 | Mem:0.00M, Peak:0.00M | C6420_4N_24SFF_v002_MASTER, ViewLayer | Synchronizing object | Filler14_lower_shaped_foot
Fra:1 Mem:266.91M (Peak 266.91M) | Time:00:00.29 | Mem:0.00M, Peak:0.00M | C6420_4N_24SFF_v002_MASTER, ViewLayer | Synchronizing object | Filler14_lower_step_top
Fra:1 Mem:267.00M (Peak 267.00M) | Time:00:00.29 | Mem:0.00M, Peak:0.00M | C6420_4N_24SFF_v002_MASTER, ViewLayer | Synchronizing object | Filler14_lower_step_bottom
Fra:1 Mem:267.02M (Peak 267.02M) | Time:00:00.29 | Mem:0.00M, Peak:0.00M | C6420_4N_24SFF_v002_MASTER, ViewLayer | Synchronizing object | Filler14_frame_bottom_bar
Fra:1 Mem:267.05M (Peak 267.05M) | Time:00:00.29 | Mem:0.00M, Peak:0.00M | C6420_4N_24SFF_v002_MASTER, ViewLayer | Synchronizing object | Filler21_fine_vertical_pad_rib
Fra:1 Mem:267.10M (Peak 267.10M) | Time:00:00.29 | Mem:0.00M, Peak:0.00M | C6420_4N_24SFF_v002_MASTER, ViewLayer | Synchronizing object | Filler14_recessed_contact_sliver
Fra:1 Mem:267.17M (Peak 267.17M) | Time:00:00.29 | Mem:0.00M, Peak:0.00M | C6420_4N_24SFF_v002_MASTER, ViewLayer | Synchronizing object | Filler14_recessed_contact_sliver.001
Fra:1 Mem:267.17M (Peak 267.17M) | Time:00:00.29 | Mem:0.00M, Peak:0.00M | C6420_4N_24SFF_v002_MASTER, ViewLayer | Synchronizing object | Filler14_recessed_contact_sliver.003
Fra:1 Mem:267.20M (Peak 267.20M) | Time:00:00.29 | Mem:0.00M, Peak:0.00M | C6420_4N_24SFF_v002_MASTER, ViewLayer | Synchronizing object | Filler14_recessed_contact_sliver.004
Fra:1 Mem:267.27M (Peak 267.27M) | Time:00:00.29 | Mem:0.00M, Peak:0.00M | C6420_4N_24SFF_v002_MASTER, ViewLayer | Synchronizing object | Filler21_long_center_pad
Fra:1 Mem:267.31M (Peak 267.31M) | Time:00:00.29 | Mem:0.00M, Peak:0.00M | C6420_4N_24SFF_v002_MASTER, ViewLayer | Synchronizing object | Filler14_recessed_contact_sliver.005
Fra:1 Mem:267.34M (Peak 267.34M) | Time:00:00.29 | Mem:0.00M, Peak:0.00M | C6420_4N_24SFF_v002_MASTER, ViewLayer | Synchronizing object | Filler14_recessed_contact_sliver.006
Fra:1 Mem:267.39M (Peak 267.39M) | Time:00:00.29 | Mem:0.00M, Peak:0.00M | C6420_4N_24SFF_v002_MASTER, ViewLayer | Synchronizing object | Filler14_recessed_contact_sliver.007
Fra:1 Mem:267.41M (Peak 267.41M) | Time:00:00.29 | Mem:0.00M, Peak:0.00M | C6420_4N_24SFF_v002_MASTER, ViewLayer | Synchronizing object | Filler14_recessed_contact_sliver.008
Fra:1 Mem:267.48M (Peak 267.48M) | Time:00:00.29 | Mem:0.00M, Peak:0.00M | C6420_4N_24SFF_v002_MASTER, ViewLayer | Synchronizing object | Filler14_recessed_contact_sliver.009
Fra:1 Mem:267.47M (Peak 267.48M) | Time:00:00.29 | Mem:0.00M, Peak:0.00M | C6420_4N_24SFF_v002_MASTER, ViewLayer | Synchronizing object | Filler14_retention_edge
Fra:1 Mem:267.50M (Peak 267.50M) | Time:00:00.29 | Mem:0.00M, Peak:0.00M | C6420_4N_24SFF_v002_MASTER, ViewLayer | Synchronizing object | Filler15_inner_sidewall_-1
Fra:1 Mem:267.53M (Peak 267.53M) | Time:00:00.29 | Mem:0.00M, Peak:0.00M | C6420_4N_24SFF_v002_MASTER, ViewLayer | Synchronizing object | Filler15_outer_mold_rail
Fra:1 Mem:267.57M (Peak 267.57M) | Time:00:00.29 | Mem:0.00M, Peak:0.00M | C6420_4N_24SFF_v002_MASTER, ViewLayer | Synchronizing object | Filler15_outer_mold_rail.001
Fra:1 Mem:267.58M (Peak 267.58M) | Time:00:00.29 | Mem:0.00M, Peak:0.00M | C6420_4N_24SFF_v002_MASTER, ViewLayer | Synchronizing object | Filler15_outer_mold_rail.002
Fra:1 Mem:267.61M (Peak 267.61M) | Time:00:00.29 | Mem:0.00M, Peak:0.00M | C6420_4N_24SFF_v002_MASTER, ViewLayer | Synchronizing object | Filler15_inner_sidewall_1
Fra:1 Mem:267.63M (Peak 267.63M) | Time:00:00.29 | Mem:0.00M, Peak:0.00M | C6420_4N_24SFF_v002_MASTER, ViewLayer | Synchronizing object | Filler15_outer_mold_rail.003
Fra:1 Mem:267.63M (Peak 267.63M) | Time:00:00.29 | Mem:0.00M, Peak:0.00M | C6420_4N_24SFF_v002_MASTER, ViewLayer | Synchronizing object | Filler15_outer_mold_rail.004
Fra:1 Mem:267.70M (Peak 267.70M) | Time:00:00.29 | Mem:0.00M, Peak:0.00M | C6420_4N_24SFF_v002_MASTER, ViewLayer | Synchronizing object | Filler15_outer_mold_rail.005
Fra:1 Mem:267.70M (Peak 267.70M) | Time:00:00.29 | Mem:0.00M, Peak:0.00M | C6420_4N_24SFF_v002_MASTER, ViewLayer | Synchronizing object | Filler15_internal_cross_rib
Fra:1 Mem:267.75M (Peak 267.75M) | Time:00:00.29 | Mem:0.00M, Peak:0.00M | C6420_4N_24SFF_v002_MASTER, ViewLayer | Synchronizing object | Filler15_internal_cross_rib.001
Fra:1 Mem:267.76M (Peak 267.76M) | Time:00:00.29 | Mem:0.00M, Peak:0.00M | C6420_4N_24SFF_v002_MASTER, ViewLayer | Synchronizing object | Filler15_internal_cross_rib.002
Fra:1 Mem:267.78M (Peak 267.78M) | Time:00:00.29 | Mem:0.00M, Peak:0.00M | C6420_4N_24SFF_v002_MASTER, ViewLayer | Synchronizing object | Filler15_internal_cross_rib.003
Fra:1 Mem:267.86M (Peak 267.86M) | Time:00:00.29 | Mem:0.00M, Peak:0.00M | C6420_4N_24SFF_v002_MASTER, ViewLayer | Synchronizing object | Filler15_internal_cross_rib.004
Fra:1 Mem:267.83M (Peak 267.86M) | Time:00:00.29 | Mem:0.00M, Peak:0.00M | C6420_4N_24SFF_v002_MASTER, ViewLayer | Synchronizing object | Filler15_fine_vertical_pad_rib
Fra:1 Mem:267.86M (Peak 267.86M) | Time:00:00.29 | Mem:0.00M, Peak:0.00M | C6420_4N_24SFF_v002_MASTER, ViewLayer | Synchronizing object | Filler15_fine_vertical_pad_rib.001
Fra:1 Mem:267.86M (Peak 267.86M) | Time:00:00.29 | Mem:0.00M, Peak:0.00M | C6420_4N_24SFF_v002_MASTER, ViewLayer | Synchronizing object | Filler15_mold_parting_land.001
Fra:1 Mem:267.94M (Peak 267.94M) | Time:00:00.29 | Mem:0.00M, Peak:0.00M | C6420_4N_24SFF_v002_MASTER, ViewLayer | Synchronizing object | Filler15_upper_inset_pad
Fra:1 Mem:268.03M (Peak 268.03M) | Time:00:00.29 | Mem:0.00M, Peak:0.00M | C6420_4N_24SFF_v002_MASTER, ViewLayer | Synchronizing object | Filler15_top_cross_cap
Fra:1 Mem:268.06M (Peak 268.06M) | Time:00:00.29 | Mem:0.00M, Peak:0.00M | C6420_4N_24SFF_v002_MASTER, ViewLayer | Synchronizing object | Filler15_top_hook_cheek.001
Fra:1 Mem:268.09M (Peak 268.09M) | Time:00:00.29 | Mem:0.00M, Peak:0.00M | C6420_4N_24SFF_v002_MASTER, ViewLayer | Synchronizing object | Filler15_lower_shaped_foot
Fra:1 Mem:268.17M (Peak 268.17M) | Time:00:00.29 | Mem:0.00M, Peak:0.00M | C6420_4N_24SFF_v002_MASTER, ViewLayer | Synchronizing object | Filler15_lower_step_top
Fra:1 Mem:268.23M (Peak 268.23M) | Time:00:00.29 | Mem:0.00M, Peak:0.00M | C6420_4N_24SFF_v002_MASTER, ViewLayer | Synchronizing object | Filler15_lower_step_bottom
Fra:1 Mem:268.28M (Peak 268.28M) | Time:00:00.29 | Mem:0.00M, Peak:0.00M | C6420_4N_24SFF_v002_MASTER, ViewLayer | Synchronizing object | Filler15_frame_bottom_bar
Fra:1 Mem:268.35M (Peak 268.35M) | Time:00:00.29 | Mem:0.00M, Peak:0.00M | C6420_4N_24SFF_v002_MASTER, ViewLayer | Synchronizing object | Filler21_internal_cross_rib.004
Fra:1 Mem:268.35M (Peak 268.35M) | Time:00:00.29 | Mem:0.00M, Peak:0.00M | C6420_4N_24SFF_v002_MASTER, ViewLayer | Synchronizing object | Filler15_recessed_contact_sliver
Fra:1 Mem:268.36M (Peak 268.36M) | Time:00:00.29 | Mem:0.00M, Peak:0.00M | C6420_4N_24SFF_v002_MASTER, ViewLayer | Synchronizing object | Filler15_recessed_contact_sliver.001
Fra:1 Mem:268.43M (Peak 268.43M) | Time:00:00.29 | Mem:0.00M, Peak:0.00M | C6420_4N_24SFF_v002_MASTER, ViewLayer | Synchronizing object | Filler15_recessed_contact_sliver.002
Fra:1 Mem:268.45M (Peak 268.45M) | Time:00:00.29 | Mem:0.00M, Peak:0.00M | C6420_4N_24SFF_v002_MASTER, ViewLayer | Synchronizing object | Filler15_recessed_contact_sliver.003
Fra:1 Mem:268.48M (Peak 268.48M) | Time:00:00.29 | Mem:0.00M, Peak:0.00M | C6420_4N_24SFF_v002_MASTER, ViewLayer | Synchronizing object | Filler15_recessed_contact_sliver.004
Fra:1 Mem:268.49M (Peak 268.49M) | Time:00:00.29 | Mem:0.00M, Peak:0.00M | C6420_4N_24SFF_v002_MASTER, ViewLayer | Synchronizing object | Filler21_internal_cross_rib.003
Fra:1 Mem:268.52M (Peak 268.52M) | Time:00:00.29 | Mem:0.00M, Peak:0.00M | C6420_4N_24SFF_v002_MASTER, ViewLayer | Synchronizing object | Filler15_recessed_contact_sliver.006
Fra:1 Mem:268.51M (Peak 268.52M) | Time:00:00.29 | Mem:0.00M, Peak:0.00M | C6420_4N_24SFF_v002_MASTER, ViewLayer | Synchronizing object | Filler15_recessed_contact_sliver.007
Fra:1 Mem:268.58M (Peak 268.58M) | Time:00:00.29 | Mem:0.00M, Peak:0.00M | C6420_4N_24SFF_v002_MASTER, ViewLayer | Synchronizing object | Filler15_recessed_contact_sliver.008
Fra:1 Mem:268.63M (Peak 268.63M) | Time:00:00.29 | Mem:0.00M, Peak:0.00M | C6420_4N_24SFF_v002_MASTER, ViewLayer | Synchronizing object | Filler15_recessed_contact_sliver.009
Fra:1 Mem:268.68M (Peak 268.68M) | Time:00:00.29 | Mem:0.00M, Peak:0.00M | C6420_4N_24SFF_v002_MASTER, ViewLayer | Synchronizing object | Filler15_retention_edge
Fra:1 Mem:268.67M (Peak 268.68M) | Time:00:00.29 | Mem:0.00M, Peak:0.00M | C6420_4N_24SFF_v002_MASTER, ViewLayer | Synchronizing object | Filler16_inner_sidewall_-1
Fra:1 Mem:268.69M (Peak 268.69M) | Time:00:00.29 | Mem:0.00M, Peak:0.00M | C6420_4N_24SFF_v002_MASTER, ViewLayer | Synchronizing object | Filler21_internal_cross_rib.002
Fra:1 Mem:268.71M (Peak 268.71M) | Time:00:00.29 | Mem:0.00M, Peak:0.00M | C6420_4N_24SFF_v002_MASTER, ViewLayer | Synchronizing object | Filler16_outer_mold_rail.001
Fra:1 Mem:268.73M (Peak 268.73M) | Time:00:00.29 | Mem:0.00M, Peak:0.00M | C6420_4N_24SFF_v002_MASTER, ViewLayer | Synchronizing object | Filler16_outer_mold_rail.002
Fra:1 Mem:268.78M (Peak 268.78M) | Time:00:00.29 | Mem:0.00M, Peak:0.00M | C6420_4N_24SFF_v002_MASTER, ViewLayer | Synchronizing object | Filler16_inner_sidewall_1
Fra:1 Mem:268.81M (Peak 268.81M) | Time:00:00.29 | Mem:0.00M, Peak:0.00M | C6420_4N_24SFF_v002_MASTER, ViewLayer | Synchronizing object | Filler16_outer_mold_rail.003
Fra:1 Mem:268.86M (Peak 268.86M) | Time:00:00.29 | Mem:0.00M, Peak:0.00M | C6420_4N_24SFF_v002_MASTER, ViewLayer | Synchronizing object | Filler16_outer_mold_rail.004
Fra:1 Mem:268.86M (Peak 268.86M) | Time:00:00.29 | Mem:0.00M, Peak:0.00M | C6420_4N_24SFF_v002_MASTER, ViewLayer | Synchronizing object | Filler21_internal_cross_rib.001
Fra:1 Mem:268.87M (Peak 268.87M) | Time:00:00.29 | Mem:0.00M, Peak:0.00M | C6420_4N_24SFF_v002_MASTER, ViewLayer | Synchronizing object | Filler16_outer_mold_rail.005
Fra:1 Mem:268.90M (Peak 268.90M) | Time:00:00.29 | Mem:0.00M, Peak:0.00M | C6420_4N_24SFF_v002_MASTER, ViewLayer | Synchronizing object | Filler16_internal_cross_rib
Fra:1 Mem:268.92M (Peak 268.92M) | Time:00:00.29 | Mem:0.00M, Peak:0.00M | C6420_4N_24SFF_v002_MASTER, ViewLayer | Synchronizing object | Filler16_internal_cross_rib.001
Fra:1 Mem:268.99M (Peak 268.99M) | Time:00:00.29 | Mem:0.00M, Peak:0.00M | C6420_4N_24SFF_v002_MASTER, ViewLayer | Synchronizing object | Filler16_internal_cross_rib.002
Fra:1 Mem:268.99M (Peak 268.99M) | Time:00:00.29 | Mem:0.00M, Peak:0.00M | C6420_4N_24SFF_v002_MASTER, ViewLayer | Synchronizing object | Filler16_internal_cross_rib.003
Fra:1 Mem:269.02M (Peak 269.02M) | Time:00:00.29 | Mem:0.00M, Peak:0.00M | C6420_4N_24SFF_v002_MASTER, ViewLayer | Synchronizing object | Filler16_internal_cross_rib.004
Fra:1 Mem:269.06M (Peak 269.06M) | Time:00:00.29 | Mem:0.00M, Peak:0.00M | C6420_4N_24SFF_v002_MASTER, ViewLayer | Synchronizing object | Filler21_internal_cross_rib
Fra:1 Mem:269.10M (Peak 269.10M) | Time:00:00.29 | Mem:0.00M, Peak:0.00M | C6420_4N_24SFF_v002_MASTER, ViewLayer | Synchronizing object | Filler16_long_center_pad
Fra:1 Mem:269.12M (Peak 269.12M) | Time:00:00.29 | Mem:0.00M, Peak:0.00M | C6420_4N_24SFF_v002_MASTER, ViewLayer | Synchronizing object | Filler16_fine_vertical_pad_rib
Fra:1 Mem:269.13M (Peak 269.13M) | Time:00:00.29 | Mem:0.00M, Peak:0.00M | C6420_4N_24SFF_v002_MASTER, ViewLayer | Synchronizing object | Filler16_fine_vertical_pad_rib.001
Fra:1 Mem:269.21M (Peak 269.21M) | Time:00:00.29 | Mem:0.00M, Peak:0.00M | C6420_4N_24SFF_v002_MASTER, ViewLayer | Synchronizing object | Filler16_mold_parting_land.001
Fra:1 Mem:269.22M (Peak 269.22M) | Time:00:00.29 | Mem:0.00M, Peak:0.00M | C6420_4N_24SFF_v002_MASTER, ViewLayer | Synchronizing object | Filler16_upper_inset_pad
Fra:1 Mem:269.28M (Peak 269.28M) | Time:00:00.29 | Mem:0.00M, Peak:0.00M | C6420_4N_24SFF_v002_MASTER, ViewLayer | Synchronizing object | Filler16_top_cross_cap
Fra:1 Mem:269.30M (Peak 269.30M) | Time:00:00.29 | Mem:0.00M, Peak:0.00M | C6420_4N_24SFF_v002_MASTER, ViewLayer | Synchronizing object | Filler16_top_hook_cheek
Fra:1 Mem:269.35M (Peak 269.35M) | Time:00:00.29 | Mem:0.00M, Peak:0.00M | C6420_4N_24SFF_v002_MASTER, ViewLayer | Synchronizing object | Filler21_outer_mold_rail.005
Fra:1 Mem:269.37M (Peak 269.37M) | Time:00:00.29 | Mem:0.00M, Peak:0.00M | C6420_4N_24SFF_v002_MASTER, ViewLayer | Synchronizing object | Filler16_lower_shaped_foot
Fra:1 Mem:269.47M (Peak 269.47M) | Time:00:00.29 | Mem:0.00M, Peak:0.00M | C6420_4N_24SFF_v002_MASTER, ViewLayer | Synchronizing object | Filler16_lower_step_top
Fra:1 Mem:269.56M (Peak 269.56M) | Time:00:00.29 | Mem:0.00M, Peak:0.00M | C6420_4N_24SFF_v002_MASTER, ViewLayer | Synchronizing object | Filler16_lower_step_bottom
Fra:1 Mem:269.59M (Peak 269.59M) | Time:00:00.29 | Mem:0.00M, Peak:0.00M | C6420_4N_24SFF_v002_MASTER, ViewLayer | Synchronizing object | Filler16_frame_bottom_bar
Fra:1 Mem:269.59M (Peak 269.59M) | Time:00:00.29 | Mem:0.00M, Peak:0.00M | C6420_4N_24SFF_v002_MASTER, ViewLayer | Synchronizing object | Filler16_recessed_contact_sliver
Fra:1 Mem:269.67M (Peak 269.67M) | Time:00:00.29 | Mem:0.00M, Peak:0.00M | C6420_4N_24SFF_v002_MASTER, ViewLayer | Synchronizing object | Filler16_recessed_contact_sliver.001
Fra:1 Mem:269.67M (Peak 269.67M) | Time:00:00.29 | Mem:0.00M, Peak:0.00M | C6420_4N_24SFF_v002_MASTER, ViewLayer | Synchronizing object | Filler16_recessed_contact_sliver.002
Fra:1 Mem:269.72M (Peak 269.72M) | Time:00:00.29 | Mem:0.00M, Peak:0.00M | C6420_4N_24SFF_v002_MASTER, ViewLayer | Synchronizing object | Filler16_recessed_contact_sliver.003
Fra:1 Mem:269.74M (Peak 269.74M) | Time:00:00.29 | Mem:0.00M, Peak:0.00M | C6420_4N_24SFF_v002_MASTER, ViewLayer | Synchronizing object | Filler16_recessed_contact_sliver.004
Fra:1 Mem:269.75M (Peak 269.75M) | Time:00:00.29 | Mem:0.00M, Peak:0.00M | C6420_4N_24SFF_v002_MASTER, ViewLayer | Synchronizing object | Filler16_recessed_contact_sliver.005
Fra:1 Mem:269.77M (Peak 269.77M) | Time:00:00.29 | Mem:0.00M, Peak:0.00M | C6420_4N_24SFF_v002_MASTER, ViewLayer | Synchronizing object | Filler16_recessed_contact_sliver.006
Fra:1 Mem:269.83M (Peak 269.83M) | Time:00:00.29 | Mem:0.00M, Peak:0.00M | C6420_4N_24SFF_v002_MASTER, ViewLayer | Synchronizing object | Filler16_recessed_contact_sliver.007
Fra:1 Mem:269.83M (Peak 269.83M) | Time:00:00.29 | Mem:0.00M, Peak:0.00M | C6420_4N_24SFF_v002_MASTER, ViewLayer | Synchronizing object | Filler16_recessed_contact_sliver.008
Fra:1 Mem:269.88M (Peak 269.88M) | Time:00:00.29 | Mem:0.00M, Peak:0.00M | C6420_4N_24SFF_v002_MASTER, ViewLayer | Synchronizing object | Filler16_recessed_contact_sliver.009
Fra:1 Mem:269.88M (Peak 269.88M) | Time:00:00.29 | Mem:0.00M, Peak:0.00M | C6420_4N_24SFF_v002_MASTER, ViewLayer | Synchronizing object | Filler16_retention_edge
Fra:1 Mem:269.95M (Peak 269.95M) | Time:00:00.30 | Mem:0.00M, Peak:0.00M | C6420_4N_24SFF_v002_MASTER, ViewLayer | Synchronizing object | Filler17_inner_sidewall_-1
Fra:1 Mem:269.95M (Peak 269.95M) | Time:00:00.30 | Mem:0.00M, Peak:0.00M | C6420_4N_24SFF_v002_MASTER, ViewLayer | Synchronizing object | Filler17_outer_mold_rail
Fra:1 Mem:269.98M (Peak 269.98M) | Time:00:00.30 | Mem:0.00M, Peak:0.00M | C6420_4N_24SFF_v002_MASTER, ViewLayer | Synchronizing object | Filler21_inner_sidewall_1
Fra:1 Mem:270.02M (Peak 270.02M) | Time:00:00.30 | Mem:0.00M, Peak:0.00M | C6420_4N_24SFF_v002_MASTER, ViewLayer | Synchronizing object | Filler17_outer_mold_rail.001
Fra:1 Mem:270.03M (Peak 270.03M) | Time:00:00.30 | Mem:0.00M, Peak:0.00M | C6420_4N_24SFF_v002_MASTER, ViewLayer | Synchronizing object | Filler17_outer_mold_rail.002
Fra:1 Mem:270.05M (Peak 270.05M) | Time:00:00.30 | Mem:0.00M, Peak:0.00M | C6420_4N_24SFF_v002_MASTER, ViewLayer | Synchronizing object | Filler17_outer_mold_rail.003
Fra:1 Mem:270.06M (Peak 270.06M) | Time:00:00.30 | Mem:0.00M, Peak:0.00M | C6420_4N_24SFF_v002_MASTER, ViewLayer | Synchronizing object | Filler17_outer_mold_rail.004
Fra:1 Mem:270.15M (Peak 270.15M) | Time:00:00.30 | Mem:0.00M, Peak:0.00M | C6420_4N_24SFF_v002_MASTER, ViewLayer | Synchronizing object | Filler17_outer_mold_rail.005
Fra:1 Mem:270.16M (Peak 270.16M) | Time:00:00.30 | Mem:0.00M, Peak:0.00M | C6420_4N_24SFF_v002_MASTER, ViewLayer | Synchronizing object | Filler17_internal_cross_rib
Fra:1 Mem:270.16M (Peak 270.16M) | Time:00:00.30 | Mem:0.00M, Peak:0.00M | C6420_4N_24SFF_v002_MASTER, ViewLayer | Synchronizing object | Filler21_outer_mold_rail.002
Fra:1 Mem:270.22M (Peak 270.22M) | Time:00:00.30 | Mem:0.00M, Peak:0.00M | C6420_4N_24SFF_v002_MASTER, ViewLayer | Synchronizing object | Filler17_internal_cross_rib.002
Fra:1 Mem:270.24M (Peak 270.24M) | Time:00:00.30 | Mem:0.00M, Peak:0.00M | C6420_4N_24SFF_v002_MASTER, ViewLayer | Synchronizing object | Filler17_internal_cross_rib.003
Fra:1 Mem:270.24M (Peak 270.24M) | Time:00:00.30 | Mem:0.00M, Peak:0.00M | C6420_4N_24SFF_v002_MASTER, ViewLayer | Synchronizing object | Filler17_internal_cross_rib.004
Fra:1 Mem:270.28M (Peak 270.28M) | Time:00:00.30 | Mem:0.00M, Peak:0.00M | C6420_4N_24SFF_v002_MASTER, ViewLayer | Synchronizing object | Filler17_long_center_pad
Fra:1 Mem:270.36M (Peak 270.36M) | Time:00:00.30 | Mem:0.00M, Peak:0.00M | C6420_4N_24SFF_v002_MASTER, ViewLayer | Synchronizing object | Filler21_outer_mold_rail.001
Fra:1 Mem:270.39M (Peak 270.39M) | Time:00:00.30 | Mem:0.00M, Peak:0.00M | C6420_4N_24SFF_v002_MASTER, ViewLayer | Synchronizing object | Filler17_fine_vertical_pad_rib.001
Fra:1 Mem:270.48M (Peak 270.48M) | Time:00:00.30 | Mem:0.00M, Peak:0.00M | C6420_4N_24SFF_v002_MASTER, ViewLayer | Synchronizing object | Filler17_mold_parting_land.001
Fra:1 Mem:270.49M (Peak 270.49M) | Time:00:00.30 | Mem:0.00M, Peak:0.00M | C6420_4N_24SFF_v002_MASTER, ViewLayer | Synchronizing object | Filler17_upper_inset_pad
Fra:1 Mem:270.51M (Peak 270.51M) | Time:00:00.30 | Mem:0.00M, Peak:0.00M | C6420_4N_24SFF_v002_MASTER, ViewLayer | Synchronizing object | Filler17_top_hook_cheek
Fra:1 Mem:270.52M (Peak 270.52M) | Time:00:00.30 | Mem:0.00M, Peak:0.00M | C6420_4N_24SFF_v002_MASTER, ViewLayer | Synchronizing object | Filler17_top_hook_cheek.001
Fra:1 Mem:270.59M (Peak 270.59M) | Time:00:00.30 | Mem:0.00M, Peak:0.00M | C6420_4N_24SFF_v002_MASTER, ViewLayer | Synchronizing object | Filler17_lower_shaped_foot
Fra:1 Mem:270.66M (Peak 270.66M) | Time:00:00.30 | Mem:0.00M, Peak:0.00M | C6420_4N_24SFF_v002_MASTER, ViewLayer | Synchronizing object | Filler21_outer_mold_rail
Fra:1 Mem:270.70M (Peak 270.70M) | Time:00:00.30 | Mem:0.00M, Peak:0.00M | C6420_4N_24SFF_v002_MASTER, ViewLayer | Synchronizing object | Filler17_lower_step_top
Fra:1 Mem:270.80M (Peak 270.80M) | Time:00:00.30 | Mem:0.00M, Peak:0.00M | C6420_4N_24SFF_v002_MASTER, ViewLayer | Synchronizing object | Filler17_lower_step_bottom
Fra:1 Mem:270.82M (Peak 270.82M) | Time:00:00.30 | Mem:0.00M, Peak:0.00M | C6420_4N_24SFF_v002_MASTER, ViewLayer | Synchronizing object | Filler17_frame_bottom_bar
Fra:1 Mem:270.84M (Peak 270.84M) | Time:00:00.30 | Mem:0.00M, Peak:0.00M | C6420_4N_24SFF_v002_MASTER, ViewLayer | Synchronizing object | Filler17_recessed_contact_sliver
Fra:1 Mem:270.85M (Peak 270.85M) | Time:00:00.30 | Mem:0.00M, Peak:0.00M | C6420_4N_24SFF_v002_MASTER, ViewLayer | Synchronizing object | Filler21_inner_sidewall_-1
Fra:1 Mem:270.89M (Peak 270.89M) | Time:00:00.30 | Mem:0.00M, Peak:0.00M | C6420_4N_24SFF_v002_MASTER, ViewLayer | Synchronizing object | Filler17_recessed_contact_sliver.001
Fra:1 Mem:270.93M (Peak 270.93M) | Time:00:00.30 | Mem:0.00M, Peak:0.00M | C6420_4N_24SFF_v002_MASTER, ViewLayer | Synchronizing object | Filler17_recessed_contact_sliver.002
Fra:1 Mem:270.94M (Peak 270.94M) | Time:00:00.30 | Mem:0.00M, Peak:0.00M | C6420_4N_24SFF_v002_MASTER, ViewLayer | Synchronizing object | Filler17_recessed_contact_sliver.003
Fra:1 Mem:270.98M (Peak 270.98M) | Time:00:00.30 | Mem:0.00M, Peak:0.00M | C6420_4N_24SFF_v002_MASTER, ViewLayer | Synchronizing object | Filler17_recessed_contact_sliver.004
Fra:1 Mem:271.02M (Peak 271.02M) | Time:00:00.30 | Mem:0.00M, Peak:0.00M | C6420_4N_24SFF_v002_MASTER, ViewLayer | Synchronizing object | Filler17_recessed_contact_sliver.005
Fra:1 Mem:271.01M (Peak 271.02M) | Time:00:00.30 | Mem:0.00M, Peak:0.00M | C6420_4N_24SFF_v002_MASTER, ViewLayer | Synchronizing object | Filler20_retention_edge
Fra:1 Mem:271.02M (Peak 271.02M) | Time:00:00.30 | Mem:0.00M, Peak:0.00M | C6420_4N_24SFF_v002_MASTER, ViewLayer | Synchronizing object | Filler17_recessed_contact_sliver.007
Fra:1 Mem:271.11M (Peak 271.11M) | Time:00:00.30 | Mem:0.00M, Peak:0.00M | C6420_4N_24SFF_v002_MASTER, ViewLayer | Synchronizing object | Filler17_recessed_contact_sliver.008
Fra:1 Mem:271.13M (Peak 271.13M) | Time:00:00.30 | Mem:0.00M, Peak:0.00M | C6420_4N_24SFF_v002_MASTER, ViewLayer | Synchronizing object | Filler17_recessed_contact_sliver.009
Fra:1 Mem:271.14M (Peak 271.14M) | Time:00:00.30 | Mem:0.00M, Peak:0.00M | C6420_4N_24SFF_v002_MASTER, ViewLayer | Synchronizing object | Filler17_retention_edge
Fra:1 Mem:271.18M (Peak 271.18M) | Time:00:00.30 | Mem:0.00M, Peak:0.00M | C6420_4N_24SFF_v002_MASTER, ViewLayer | Synchronizing object | Filler18_inner_sidewall_-1
Fra:1 Mem:271.18M (Peak 271.18M) | Time:00:00.30 | Mem:0.00M, Peak:0.00M | C6420_4N_24SFF_v002_MASTER, ViewLayer | Synchronizing object | Filler18_outer_mold_rail.001
Fra:1 Mem:271.27M (Peak 271.27M) | Time:00:00.30 | Mem:0.00M, Peak:0.00M | C6420_4N_24SFF_v002_MASTER, ViewLayer | Synchronizing object | Filler18_outer_mold_rail.002
Fra:1 Mem:271.33M (Peak 271.33M) | Time:00:00.30 | Mem:0.00M, Peak:0.00M | C6420_4N_24SFF_v002_MASTER, ViewLayer | Synchronizing object | Filler18_inner_sidewall_1
Fra:1 Mem:271.33M (Peak 271.33M) | Time:00:00.30 | Mem:0.00M, Peak:0.00M | C6420_4N_24SFF_v002_MASTER, ViewLayer | Synchronizing object | Filler18_outer_mold_rail.003
Fra:1 Mem:271.34M (Peak 271.34M) | Time:00:00.30 | Mem:0.00M, Peak:0.00M | C6420_4N_24SFF_v002_MASTER, ViewLayer | Synchronizing object | Filler18_outer_mold_rail.004
Fra:1 Mem:271.37M (Peak 271.37M) | Time:00:00.30 | Mem:0.00M, Peak:0.00M | C6420_4N_24SFF_v002_MASTER, ViewLayer | Synchronizing object | Filler18_outer_mold_rail.005
Fra:1 Mem:271.39M (Peak 271.39M) | Time:00:00.30 | Mem:0.00M, Peak:0.00M | C6420_4N_24SFF_v002_MASTER, ViewLayer | Synchronizing object | Filler18_internal_cross_rib
Fra:1 Mem:271.40M (Peak 271.40M) | Time:00:00.30 | Mem:0.00M, Peak:0.00M | C6420_4N_24SFF_v002_MASTER, ViewLayer | Synchronizing object | Filler20_recessed_contact_sliver.008
Fra:1 Mem:271.45M (Peak 271.45M) | Time:00:00.30 | Mem:0.00M, Peak:0.00M | C6420_4N_24SFF_v002_MASTER, ViewLayer | Synchronizing object | Filler18_internal_cross_rib.001
Fra:1 Mem:271.48M (Peak 271.48M) | Time:00:00.30 | Mem:0.00M, Peak:0.00M | C6420_4N_24SFF_v002_MASTER, ViewLayer | Synchronizing object | Filler18_internal_cross_rib.002
Fra:1 Mem:271.51M (Peak 271.51M) | Time:00:00.30 | Mem:0.00M, Peak:0.00M | C6420_4N_24SFF_v002_MASTER, ViewLayer | Synchronizing object | Filler18_internal_cross_rib.003
Fra:1 Mem:271.54M (Peak 271.54M) | Time:00:00.30 | Mem:0.00M, Peak:0.00M | C6420_4N_24SFF_v002_MASTER, ViewLayer | Synchronizing object | Filler18_internal_cross_rib.004
Fra:1 Mem:271.56M (Peak 271.56M) | Time:00:00.30 | Mem:0.00M, Peak:0.00M | C6420_4N_24SFF_v002_MASTER, ViewLayer | Synchronizing object | Filler18_long_center_pad
Fra:1 Mem:271.57M (Peak 271.57M) | Time:00:00.30 | Mem:0.00M, Peak:0.00M | C6420_4N_24SFF_v002_MASTER, ViewLayer | Synchronizing object | Filler18_mold_parting_land
Fra:1 Mem:271.57M (Peak 271.57M) | Time:00:00.30 | Mem:0.00M, Peak:0.00M | C6420_4N_24SFF_v002_MASTER, ViewLayer | Synchronizing object | Filler20_recessed_contact_sliver.007
Fra:1 Mem:271.61M (Peak 271.61M) | Time:00:00.30 | Mem:0.00M, Peak:0.00M | C6420_4N_24SFF_v002_MASTER, ViewLayer | Synchronizing object | Filler18_fine_vertical_pad_rib.001
Fra:1 Mem:271.62M (Peak 271.62M) | Time:00:00.30 | Mem:0.00M, Peak:0.00M | C6420_4N_24SFF_v002_MASTER, ViewLayer | Synchronizing object | Filler18_mold_parting_land.001
Fra:1 Mem:271.67M (Peak 271.67M) | Time:00:00.30 | Mem:0.00M, Peak:0.00M | C6420_4N_24SFF_v002_MASTER, ViewLayer | Synchronizing object | Filler18_upper_inset_pad
Fra:1 Mem:271.76M (Peak 271.76M) | Time:00:00.30 | Mem:0.00M, Peak:0.00M | C6420_4N_24SFF_v002_MASTER, ViewLayer | Synchronizing object | Filler18_top_cross_cap
Fra:1 Mem:271.80M (Peak 271.80M) | Time:00:00.30 | Mem:0.00M, Peak:0.00M | C6420_4N_24SFF_v002_MASTER, ViewLayer | Synchronizing object | Filler18_top_hook_cheek
Fra:1 Mem:271.85M (Peak 271.85M) | Time:00:00.30 | Mem:0.00M, Peak:0.00M | C6420_4N_24SFF_v002_MASTER, ViewLayer | Synchronizing object | Filler18_top_hook_cheek.001
Fra:1 Mem:271.90M (Peak 271.90M) | Time:00:00.30 | Mem:0.00M, Peak:0.00M | C6420_4N_24SFF_v002_MASTER, ViewLayer | Synchronizing object | Filler20_recessed_contact_sliver.006
Fra:1 Mem:271.92M (Peak 271.92M) | Time:00:00.30 | Mem:0.00M, Peak:0.00M | C6420_4N_24SFF_v002_MASTER, ViewLayer | Synchronizing object | Filler18_lower_shaped_foot
Fra:1 Mem:271.97M (Peak 271.97M) | Time:00:00.30 | Mem:0.00M, Peak:0.00M | C6420_4N_24SFF_v002_MASTER, ViewLayer | Synchronizing object | Filler18_lower_step_top
Fra:1 Mem:272.02M (Peak 272.02M) | Time:00:00.30 | Mem:0.00M, Peak:0.00M | C6420_4N_24SFF_v002_MASTER, ViewLayer | Synchronizing object | Filler18_lower_step_bottom
Fra:1 Mem:272.07M (Peak 272.07M) | Time:00:00.30 | Mem:0.00M, Peak:0.00M | C6420_4N_24SFF_v002_MASTER, ViewLayer | Synchronizing object | Filler18_recessed_contact_sliver
Fra:1 Mem:272.12M (Peak 272.12M) | Time:00:00.30 | Mem:0.00M, Peak:0.00M | C6420_4N_24SFF_v002_MASTER, ViewLayer | Synchronizing object | Filler20_recessed_contact_sliver.005
Fra:1 Mem:272.17M (Peak 272.17M) | Time:00:00.30 | Mem:0.00M, Peak:0.00M | C6420_4N_24SFF_v002_MASTER, ViewLayer | Synchronizing object | Filler18_recessed_contact_sliver.001
Fra:1 Mem:272.20M (Peak 272.20M) | Time:00:00.30 | Mem:0.00M, Peak:0.00M | C6420_4N_24SFF_v002_MASTER, ViewLayer | Synchronizing object | Filler18_recessed_contact_sliver.002
Fra:1 Mem:272.22M (Peak 272.22M) | Time:00:00.30 | Mem:0.00M, Peak:0.00M | C6420_4N_24SFF_v002_MASTER, ViewLayer | Synchronizing object | Filler18_recessed_contact_sliver.003
Fra:1 Mem:272.27M (Peak 272.27M) | Time:00:00.30 | Mem:0.00M, Peak:0.00M | C6420_4N_24SFF_v002_MASTER, ViewLayer | Synchronizing object | Filler18_recessed_contact_sliver.004
Fra:1 Mem:272.27M (Peak 272.27M) | Time:00:00.30 | Mem:0.00M, Peak:0.00M | C6420_4N_24SFF_v002_MASTER, ViewLayer | Synchronizing object | Filler20_recessed_contact_sliver.004
Fra:1 Mem:272.29M (Peak 272.29M) | Time:00:00.30 | Mem:0.00M, Peak:0.00M | C6420_4N_24SFF_v002_MASTER, ViewLayer | Synchronizing object | Filler18_recessed_contact_sliver.006
Fra:1 Mem:272.39M (Peak 272.39M) | Time:00:00.30 | Mem:0.00M, Peak:0.00M | C6420_4N_24SFF_v002_MASTER, ViewLayer | Synchronizing object | Filler18_recessed_contact_sliver.007
Fra:1 Mem:272.39M (Peak 272.39M) | Time:00:00.30 | Mem:0.00M, Peak:0.00M | C6420_4N_24SFF_v002_MASTER, ViewLayer | Synchronizing object | Filler18_recessed_contact_sliver.008
Fra:1 Mem:272.40M (Peak 272.40M) | Time:00:00.30 | Mem:0.00M, Peak:0.00M | C6420_4N_24SFF_v002_MASTER, ViewLayer | Synchronizing object | Filler18_retention_edge
Fra:1 Mem:272.43M (Peak 272.43M) | Time:00:00.30 | Mem:0.00M, Peak:0.00M | C6420_4N_24SFF_v002_MASTER, ViewLayer | Synchronizing object | Filler19_inner_sidewall_-1
Fra:1 Mem:272.44M (Peak 272.44M) | Time:00:00.30 | Mem:0.00M, Peak:0.00M | C6420_4N_24SFF_v002_MASTER, ViewLayer | Synchronizing object | Filler19_outer_mold_rail
Fra:1 Mem:272.45M (Peak 272.45M) | Time:00:00.30 | Mem:0.00M, Peak:0.00M | C6420_4N_24SFF_v002_MASTER, ViewLayer | Synchronizing object | Filler19_outer_mold_rail.001
Fra:1 Mem:272.46M (Peak 272.46M) | Time:00:00.30 | Mem:0.00M, Peak:0.00M | C6420_4N_24SFF_v002_MASTER, ViewLayer | Synchronizing object | Filler19_outer_mold_rail.002
Fra:1 Mem:272.53M (Peak 272.53M) | Time:00:00.30 | Mem:0.00M, Peak:0.00M | C6420_4N_24SFF_v002_MASTER, ViewLayer | Synchronizing object | Filler19_inner_sidewall_1
Fra:1 Mem:272.62M (Peak 272.62M) | Time:00:00.30 | Mem:0.00M, Peak:0.00M | C6420_4N_24SFF_v002_MASTER, ViewLayer | Synchronizing object | Filler19_outer_mold_rail.003
Fra:1 Mem:272.67M (Peak 272.67M) | Time:00:00.30 | Mem:0.00M, Peak:0.00M | C6420_4N_24SFF_v002_MASTER, ViewLayer | Synchronizing object | Filler19_outer_mold_rail.004
Fra:1 Mem:272.66M (Peak 272.67M) | Time:00:00.30 | Mem:0.00M, Peak:0.00M | C6420_4N_24SFF_v002_MASTER, ViewLayer | Synchronizing object | Filler19_outer_mold_rail.005
Fra:1 Mem:272.69M (Peak 272.69M) | Time:00:00.30 | Mem:0.00M, Peak:0.00M | C6420_4N_24SFF_v002_MASTER, ViewLayer | Synchronizing object | Filler19_internal_cross_rib
Fra:1 Mem:272.71M (Peak 272.71M) | Time:00:00.30 | Mem:0.00M, Peak:0.00M | C6420_4N_24SFF_v002_MASTER, ViewLayer | Synchronizing object | Filler19_internal_cross_rib.002
Fra:1 Mem:272.72M (Peak 272.72M) | Time:00:00.30 | Mem:0.00M, Peak:0.00M | C6420_4N_24SFF_v002_MASTER, ViewLayer | Synchronizing object | Filler19_internal_cross_rib.003
Fra:1 Mem:272.73M (Peak 272.73M) | Time:00:00.30 | Mem:0.00M, Peak:0.00M | C6420_4N_24SFF_v002_MASTER, ViewLayer | Synchronizing object | Filler20_recessed_contact_sliver.002
Fra:1 Mem:272.75M (Peak 272.75M) | Time:00:00.30 | Mem:0.00M, Peak:0.00M | C6420_4N_24SFF_v002_MASTER, ViewLayer | Synchronizing object | Filler19_internal_cross_rib.004
Fra:1 Mem:272.81M (Peak 272.81M) | Time:00:00.30 | Mem:0.00M, Peak:0.00M | C6420_4N_24SFF_v002_MASTER, ViewLayer | Synchronizing object | Filler19_long_center_pad
Fra:1 Mem:272.86M (Peak 272.86M) | Time:00:00.30 | Mem:0.00M, Peak:0.00M | C6420_4N_24SFF_v002_MASTER, ViewLayer | Synchronizing object | Filler19_fine_vertical_pad_rib
Fra:1 Mem:272.90M (Peak 272.90M) | Time:00:00.30 | Mem:0.00M, Peak:0.00M | C6420_4N_24SFF_v002_MASTER, ViewLayer | Synchronizing object | Filler19_mold_parting_land
Fra:1 Mem:272.97M (Peak 272.97M) | Time:00:00.30 | Mem:0.00M, Peak:0.00M | C6420_4N_24SFF_v002_MASTER, ViewLayer | Synchronizing object | Filler19_fine_vertical_pad_rib.001
Fra:1 Mem:272.99M (Peak 272.99M) | Time:00:00.30 | Mem:0.00M, Peak:0.00M | C6420_4N_24SFF_v002_MASTER, ViewLayer | Synchronizing object | Filler19_top_cross_cap
Fra:1 Mem:273.03M (Peak 273.03M) | Time:00:00.30 | Mem:0.00M, Peak:0.00M | C6420_4N_24SFF_v002_MASTER, ViewLayer | Synchronizing object | Filler20_recessed_contact_sliver.001
Fra:1 Mem:273.03M (Peak 273.03M) | Time:00:00.30 | Mem:0.00M, Peak:0.00M | C6420_4N_24SFF_v002_MASTER, ViewLayer | Synchronizing object | Filler19_top_hook_cheek.001
Fra:1 Mem:273.10M (Peak 273.10M) | Time:00:00.30 | Mem:0.00M, Peak:0.00M | C6420_4N_24SFF_v002_MASTER, ViewLayer | Synchronizing object | Filler19_lower_shaped_foot
Fra:1 Mem:273.22M (Peak 273.22M) | Time:00:00.30 | Mem:0.00M, Peak:0.00M | C6420_4N_24SFF_v002_MASTER, ViewLayer | Synchronizing object | Filler19_lower_step_bottom
Fra:1 Mem:273.33M (Peak 273.33M) | Time:00:00.30 | Mem:0.00M, Peak:0.00M | C6420_4N_24SFF_v002_MASTER, ViewLayer | Synchronizing object | Filler19_frame_bottom_bar
Fra:1 Mem:273.33M (Peak 273.33M) | Time:00:00.30 | Mem:0.00M, Peak:0.00M | C6420_4N_24SFF_v002_MASTER, ViewLayer | Synchronizing object | Filler19_recessed_contact_sliver
Fra:1 Mem:273.38M (Peak 273.38M) | Time:00:00.30 | Mem:0.00M, Peak:0.00M | C6420_4N_24SFF_v002_MASTER, ViewLayer | Synchronizing object | Filler20_recessed_contact_sliver
Fra:1 Mem:273.40M (Peak 273.40M) | Time:00:00.30 | Mem:0.00M, Peak:0.00M | C6420_4N_24SFF_v002_MASTER, ViewLayer | Synchronizing object | Filler19_recessed_contact_sliver.001
Fra:1 Mem:273.41M (Peak 273.41M) | Time:00:00.30 | Mem:0.00M, Peak:0.00M | C6420_4N_24SFF_v002_MASTER, ViewLayer | Synchronizing object | Filler19_recessed_contact_sliver.002
Fra:1 Mem:273.44M (Peak 273.44M) | Time:00:00.30 | Mem:0.00M, Peak:0.00M | C6420_4N_24SFF_v002_MASTER, ViewLayer | Synchronizing object | Filler19_recessed_contact_sliver.003
Fra:1 Mem:273.48M (Peak 273.48M) | Time:00:00.30 | Mem:0.00M, Peak:0.00M | C6420_4N_24SFF_v002_MASTER, ViewLayer | Synchronizing object | Filler19_recessed_contact_sliver.004
Fra:1 Mem:273.48M (Peak 273.48M) | Time:00:00.30 | Mem:0.00M, Peak:0.00M | C6420_4N_24SFF_v002_MASTER, ViewLayer | Synchronizing object | Filler19_recessed_contact_sliver.005
Fra:1 Mem:273.51M (Peak 273.51M) | Time:00:00.30 | Mem:0.00M, Peak:0.00M | C6420_4N_24SFF_v002_MASTER, ViewLayer | Synchronizing object | Filler20_frame_bottom_bar
Fra:1 Mem:273.56M (Peak 273.56M) | Time:00:00.30 | Mem:0.00M, Peak:0.00M | C6420_4N_24SFF_v002_MASTER, ViewLayer | Synchronizing object | Filler19_recessed_contact_sliver.006
Fra:1 Mem:273.56M (Peak 273.56M) | Time:00:00.30 | Mem:0.00M, Peak:0.00M | C6420_4N_24SFF_v002_MASTER, ViewLayer | Synchronizing object | Filler19_recessed_contact_sliver.007
Fra:1 Mem:273.57M (Peak 273.57M) | Time:00:00.30 | Mem:0.00M, Peak:0.00M | C6420_4N_24SFF_v002_MASTER, ViewLayer | Synchronizing object | Filler19_recessed_contact_sliver.008
Fra:1 Mem:273.63M (Peak 273.63M) | Time:00:00.30 | Mem:0.00M, Peak:0.00M | C6420_4N_24SFF_v002_MASTER, ViewLayer | Synchronizing object | Filler19_recessed_contact_sliver.009
Fra:1 Mem:273.65M (Peak 273.65M) | Time:00:00.30 | Mem:0.00M, Peak:0.00M | C6420_4N_24SFF_v002_MASTER, ViewLayer | Synchronizing object | Filler19_retention_edge
Fra:1 Mem:273.71M (Peak 273.71M) | Time:00:00.30 | Mem:0.00M, Peak:0.00M | C6420_4N_24SFF_v002_MASTER, ViewLayer | Synchronizing object | Filler20_inner_sidewall_-1
Fra:1 Mem:273.69M (Peak 273.71M) | Time:00:00.30 | Mem:0.00M, Peak:0.00M | C6420_4N_24SFF_v002_MASTER, ViewLayer | Synchronizing object | Filler20_lower_step_bottom
Fra:1 Mem:273.74M (Peak 273.74M) | Time:00:00.30 | Mem:0.00M, Peak:0.00M | C6420_4N_24SFF_v002_MASTER, ViewLayer | Synchronizing object | Filler20_outer_mold_rail.001
Fra:1 Mem:273.79M (Peak 273.79M) | Time:00:00.30 | Mem:0.00M, Peak:0.00M | C6420_4N_24SFF_v002_MASTER, ViewLayer | Synchronizing object | Filler20_inner_sidewall_1
Fra:1 Mem:273.79M (Peak 273.79M) | Time:00:00.30 | Mem:0.00M, Peak:0.00M | C6420_4N_24SFF_v002_MASTER, ViewLayer | Synchronizing object | Filler20_outer_mold_rail.003
Fra:1 Mem:273.82M (Peak 273.82M) | Time:00:00.30 | Mem:0.00M, Peak:0.00M | C6420_4N_24SFF_v002_MASTER, ViewLayer | Synchronizing object | Filler20_outer_mold_rail.004
Fra:1 Mem:273.84M (Peak 273.84M) | Time:00:00.30 | Mem:0.00M, Peak:0.00M | C6420_4N_24SFF_v002_MASTER, ViewLayer | Synchronizing object | Filler20_outer_mold_rail.005
Fra:1 Mem:273.93M (Peak 273.93M) | Time:00:00.30 | Mem:0.00M, Peak:0.00M | C6420_4N_24SFF_v002_MASTER, ViewLayer | Synchronizing object | Filler20_internal_cross_rib
Fra:1 Mem:273.94M (Peak 273.94M) | Time:00:00.30 | Mem:0.00M, Peak:0.00M | C6420_4N_24SFF_v002_MASTER, ViewLayer | Synchronizing object | Filler20_lower_step_top
Fra:1 Mem:273.97M (Peak 273.97M) | Time:00:00.30 | Mem:0.00M, Peak:0.00M | C6420_4N_24SFF_v002_MASTER, ViewLayer | Synchronizing object | Filler20_internal_cross_rib.002
Fra:1 Mem:274.00M (Peak 274.00M) | Time:00:00.30 | Mem:0.00M, Peak:0.00M | C6420_4N_24SFF_v002_MASTER, ViewLayer | Synchronizing object | Filler20_internal_cross_rib.003
Fra:1 Mem:274.03M (Peak 274.03M) | Time:00:00.30 | Mem:0.00M, Peak:0.00M | C6420_4N_24SFF_v002_MASTER, ViewLayer | Synchronizing object | Filler20_internal_cross_rib.004
Fra:1 Mem:274.08M (Peak 274.08M) | Time:00:00.30 | Mem:0.00M, Peak:0.00M | C6420_4N_24SFF_v002_MASTER, ViewLayer | Synchronizing object | Filler20_long_center_pad
Fra:1 Mem:274.11M (Peak 274.11M) | Time:00:00.30 | Mem:0.00M, Peak:0.00M | C6420_4N_24SFF_v002_MASTER, ViewLayer | Synchronizing object | Filler20_mold_parting_land
Fra:1 Mem:274.18M (Peak 274.18M) | Time:00:00.30 | Mem:0.00M, Peak:0.00M | C6420_4N_24SFF_v002_MASTER, ViewLayer | Synchronizing object | Filler20_fine_vertical_pad_rib.001
Fra:1 Mem:274.24M (Peak 274.24M) | Time:00:00.30 | Mem:0.00M, Peak:0.00M | C6420_4N_24SFF_v002_MASTER, ViewLayer | Synchronizing object | Filler20_mold_parting_land.001
Fra:1 Mem:274.25M (Peak 274.25M) | Time:00:00.30 | Mem:0.00M, Peak:0.00M | C6420_4N_24SFF_v002_MASTER, ViewLayer | Synchronizing object | Filler20_upper_inset_pad
Fra:1 Mem:274.26M (Peak 274.26M) | Time:00:00.30 | Mem:0.00M, Peak:0.00M | C6420_4N_24SFF_v002_MASTER, ViewLayer | Synchronizing object | Filler20_top_hook_cheek
Fra:1 Mem:274.28M (Peak 274.28M) | Time:00:00.30 | Mem:0.00M, Peak:0.00M | C6420_4N_24SFF_v002_MASTER, ViewLayer | Synchronizing object | Filler20_lower_shaped_foot
Fra:1 Mem:274.30M (Peak 274.30M) | Time:00:00.30 | Mem:0.00M, Peak:0.00M | C6420_4N_24SFF_v002_MASTER, ViewLayer | Synchronizing object | Filler20_top_hook_cheek.001
Fra:1 Mem:274.51M (Peak 274.51M) | Time:00:00.30 | Mem:0.00M, Peak:0.00M | C6420_4N_24SFF_v002_MASTER, ViewLayer | Initializing
Fra:1 Mem:232.54M (Peak 274.51M) | Time:00:00.32 | Mem:0.00M, Peak:0.00M | C6420_4N_24SFF_v002_MASTER, ViewLayer | Updating Images | Loading c6400-official.png.001
Fra:1 Mem:232.54M (Peak 274.51M) | Time:00:00.32 | Mem:0.00M, Peak:0.00M | C6420_4N_24SFF_v002_MASTER, ViewLayer | Updating Images | Loading zinc-rough.png
Fra:1 Mem:232.54M (Peak 274.51M) | Time:00:00.32 | Mem:0.00M, Peak:0.00M | C6420_4N_24SFF_v002_MASTER, ViewLayer | Updating Images | Loading nickel-normal.png
Fra:1 Mem:232.54M (Peak 274.51M) | Time:00:00.32 | Mem:0.00M, Peak:0.00M | C6420_4N_24SFF_v002_MASTER, ViewLayer | Updating Images | Loading abs-rough.png
Fra:1 Mem:304.83M (Peak 304.83M) | Time:00:00.32 | Mem:0.27M, Peak:0.27M | C6420_4N_24SFF_v002_MASTER, ViewLayer | Updating Images | Loading dell-emc-official.png.001
Fra:1 Mem:353.18M (Peak 353.18M) | Time:00:00.32 | Mem:0.62M, Peak:0.62M | C6420_4N_24SFF_v002_MASTER, ViewLayer | Updating Images | Loading abs-normal.png
Fra:1 Mem:355.01M (Peak 545.22M) | Time:00:00.55 | Mem:152.62M, Peak:152.62M | C6420_4N_24SFF_v002_MASTER, ViewLayer | Waiting for render to start
Fra:1 Mem:355.01M (Peak 545.22M) | Time:00:00.55 | Mem:152.62M, Peak:152.62M | C6420_4N_24SFF_v002_MASTER, ViewLayer | Loading render kernels (may take a few minutes the first time)
Fra:1 Mem:355.01M (Peak 545.22M) | Time:00:00.55 | Mem:152.62M, Peak:152.62M | C6420_4N_24SFF_v002_MASTER, ViewLayer | Updating Scene
Fra:1 Mem:355.01M (Peak 545.22M) | Time:00:00.55 | Mem:152.62M, Peak:152.62M | C6420_4N_24SFF_v002_MASTER, ViewLayer | Updating Shaders
Fra:1 Mem:355.10M (Peak 545.22M) | Time:00:00.55 | Mem:152.63M, Peak:152.63M | C6420_4N_24SFF_v002_MASTER, ViewLayer | Updating Procedurals
Fra:1 Mem:355.10M (Peak 545.22M) | Time:00:00.55 | Mem:152.63M, Peak:152.63M | C6420_4N_24SFF_v002_MASTER, ViewLayer | Updating Background
Fra:1 Mem:355.10M (Peak 545.22M) | Time:00:00.55 | Mem:152.63M, Peak:152.63M | C6420_4N_24SFF_v002_MASTER, ViewLayer | Updating Camera
Fra:1 Mem:355.10M (Peak 545.22M) | Time:00:00.55 | Mem:152.63M, Peak:152.63M | C6420_4N_24SFF_v002_MASTER, ViewLayer | Updating Meshes Flags
Fra:1 Mem:355.10M (Peak 545.22M) | Time:00:00.55 | Mem:152.63M, Peak:152.63M | C6420_4N_24SFF_v002_MASTER, ViewLayer | Updating Objects
Fra:1 Mem:355.10M (Peak 545.22M) | Time:00:00.55 | Mem:152.63M, Peak:152.63M | C6420_4N_24SFF_v002_MASTER, ViewLayer | Updating Objects | Copying Transformations to device
Fra:1 Mem:355.38M (Peak 545.22M) | Time:00:00.55 | Mem:152.90M, Peak:152.90M | C6420_4N_24SFF_v002_MASTER, ViewLayer | Updating Objects | Applying Static Transformations
Fra:1 Mem:355.38M (Peak 545.22M) | Time:00:00.55 | Mem:152.90M, Peak:152.90M | C6420_4N_24SFF_v002_MASTER, ViewLayer | Updating Particle Systems
Fra:1 Mem:355.38M (Peak 545.22M) | Time:00:00.55 | Mem:152.90M, Peak:152.90M | C6420_4N_24SFF_v002_MASTER, ViewLayer | Updating Particle Systems | Copying Particles to device
Fra:1 Mem:355.38M (Peak 545.22M) | Time:00:00.55 | Mem:152.90M, Peak:152.90M | C6420_4N_24SFF_v002_MASTER, ViewLayer | Updating Meshes
Fra:1 Mem:361.80M (Peak 545.22M) | Time:00:00.57 | Mem:152.90M, Peak:152.90M | C6420_4N_24SFF_v002_MASTER, ViewLayer | Updating Mesh | Computing attributes
Fra:1 Mem:390.34M (Peak 545.22M) | Time:00:00.60 | Mem:153.06M, Peak:153.06M | C6420_4N_24SFF_v002_MASTER, ViewLayer | Updating Mesh | Copying Attributes to device
Fra:1 Mem:389.98M (Peak 545.22M) | Time:00:00.60 | Mem:181.08M, Peak:181.08M | C6420_4N_24SFF_v002_MASTER, ViewLayer | Updating Scene BVH | Building
Fra:1 Mem:390.00M (Peak 545.22M) | Time:00:00.60 | Mem:181.08M, Peak:181.08M | C6420_4N_24SFF_v002_MASTER, ViewLayer | Updating Scene BVH | Building BVH
Fra:1 Mem:390.00M (Peak 545.22M) | Time:00:00.61 | Mem:193.92M, Peak:193.92M | C6420_4N_24SFF_v002_MASTER, ViewLayer | Updating Scene BVH | Building BVH 0%
Fra:1 Mem:390.00M (Peak 545.22M) | Time:00:00.64 | Mem:209.22M, Peak:222.06M | C6420_4N_24SFF_v002_MASTER, ViewLayer | Updating Scene BVH | Copying BVH to device
Fra:1 Mem:390.00M (Peak 545.22M) | Time:00:00.64 | Mem:209.22M, Peak:222.06M | C6420_4N_24SFF_v002_MASTER, ViewLayer | Updating Mesh | Computing normals
Fra:1 Mem:404.57M (Peak 545.22M) | Time:00:00.66 | Mem:209.22M, Peak:222.06M | C6420_4N_24SFF_v002_MASTER, ViewLayer | Updating Mesh | Copying Mesh to device
Fra:1 Mem:404.57M (Peak 545.22M) | Time:00:00.66 | Mem:223.79M, Peak:223.79M | C6420_4N_24SFF_v002_MASTER, ViewLayer | Updating Objects Flags
Fra:1 Mem:404.57M (Peak 545.22M) | Time:00:00.66 | Mem:223.80M, Peak:223.80M | C6420_4N_24SFF_v002_MASTER, ViewLayer | Updating Primitive Offsets
Fra:1 Mem:404.57M (Peak 545.22M) | Time:00:00.66 | Mem:223.80M, Peak:223.80M | C6420_4N_24SFF_v002_MASTER, ViewLayer | Updating Images
Fra:1 Mem:396.57M (Peak 545.22M) | Time:00:00.66 | Mem:215.80M, Peak:223.80M | C6420_4N_24SFF_v002_MASTER, ViewLayer | Updating Camera Volume
Fra:1 Mem:396.57M (Peak 545.22M) | Time:00:00.66 | Mem:215.80M, Peak:223.80M | C6420_4N_24SFF_v002_MASTER, ViewLayer | Updating Lookup Tables
Fra:1 Mem:396.57M (Peak 545.22M) | Time:00:00.66 | Mem:215.88M, Peak:223.80M | C6420_4N_24SFF_v002_MASTER, ViewLayer | Updating Lights
Fra:1 Mem:396.57M (Peak 545.22M) | Time:00:00.66 | Mem:215.88M, Peak:223.80M | C6420_4N_24SFF_v002_MASTER, ViewLayer | Updating Lights | Computing distribution
Fra:1 Mem:396.57M (Peak 545.22M) | Time:00:00.66 | Mem:215.88M, Peak:223.80M | C6420_4N_24SFF_v002_MASTER, ViewLayer | Updating Lights | Computing tree
Fra:1 Mem:396.58M (Peak 545.22M) | Time:00:00.66 | Mem:215.89M, Peak:223.80M | C6420_4N_24SFF_v002_MASTER, ViewLayer | Updating Integrator
Fra:1 Mem:397.58M (Peak 545.22M) | Time:00:00.66 | Mem:216.89M, Peak:223.80M | C6420_4N_24SFF_v002_MASTER, ViewLayer | Updating Film
Fra:1 Mem:397.59M (Peak 545.22M) | Time:00:00.66 | Mem:216.81M, Peak:223.80M | C6420_4N_24SFF_v002_MASTER, ViewLayer | Updating Lookup Tables
Fra:1 Mem:397.59M (Peak 545.22M) | Time:00:00.66 | Mem:216.90M, Peak:223.80M | C6420_4N_24SFF_v002_MASTER, ViewLayer | Updating Baking
Fra:1 Mem:397.59M (Peak 545.22M) | Time:00:00.66 | Mem:216.90M, Peak:223.80M | C6420_4N_24SFF_v002_MASTER, ViewLayer | Updating Device | Writing constant memory
Fra:1 Mem:397.60M (Peak 545.22M) | Time:00:00.66 | Mem:216.90M, Peak:223.80M | C6420_4N_24SFF_v002_MASTER, ViewLayer | Sample 0/192
Fra:1 Mem:462.54M (Peak 545.22M) | Time:00:01.01 | Remaining:01:05.86 | Mem:281.80M, Peak:281.80M | C6420_4N_24SFF_v002_MASTER, ViewLayer | Sample 1/192
Fra:1 Mem:462.54M (Peak 545.22M) | Time:00:17.91 | Remaining:00:24.15 | Mem:281.80M, Peak:281.80M | C6420_4N_24SFF_v002_MASTER, ViewLayer | Sample 80/192
Fra:1 Mem:462.54M (Peak 545.22M) | Time:00:21.15 | Remaining:00:20.48 | Mem:281.80M, Peak:281.80M | C6420_4N_24SFF_v002_MASTER, ViewLayer | Sample 96/192
Fra:1 Mem:462.54M (Peak 545.22M) | Time:00:24.28 | Remaining:00:16.87 | Mem:281.80M, Peak:281.80M | C6420_4N_24SFF_v002_MASTER, ViewLayer | Sample 112/192
Fra:1 Mem:462.54M (Peak 545.22M) | Time:00:27.15 | Remaining:00:13.24 | Mem:281.80M, Peak:281.80M | C6420_4N_24SFF_v002_MASTER, ViewLayer | Sample 128/192
Fra:1 Mem:462.54M (Peak 545.22M) | Time:00:29.99 | Remaining:00:09.77 | Mem:281.80M, Peak:281.80M | C6420_4N_24SFF_v002_MASTER, ViewLayer | Sample 144/192
Fra:1 Mem:462.54M (Peak 545.22M) | Time:00:32.71 | Remaining:00:06.40 | Mem:281.80M, Peak:281.80M | C6420_4N_24SFF_v002_MASTER, ViewLayer | Sample 160/192
Fra:1 Mem:462.54M (Peak 545.22M) | Time:00:35.38 | Remaining:00:03.15 | Mem:281.80M, Peak:281.80M | C6420_4N_24SFF_v002_MASTER, ViewLayer | Sample 176/192
Fra:1 Mem:491.38M (Peak 549.06M) | Time:00:38.02 | Mem:281.80M, Peak:281.80M | C6420_4N_24SFF_v002_MASTER, ViewLayer | Sample 192/192
Fra:1 Mem:491.38M (Peak 549.06M) | Time:00:38.02 | Mem:281.80M, Peak:281.80M | C6420_4N_24SFF_v002_MASTER, ViewLayer | Finished
Fra:1 Mem:184.71M (Peak 549.06M) | Time:00:38.06 | Compositing
Fra:1 Mem:184.71M (Peak 549.06M) | Time:00:38.06 | Compositing | Determining resolution
Fra:1 Mem:184.71M (Peak 549.06M) | Time:00:38.06 | Compositing | Initializing execution
Fra:1 Mem:213.62M (Peak 549.06M) | Time:00:38.06 | Compositing | Tile 1-40
Fra:1 Mem:213.62M (Peak 549.06M) | Time:00:38.06 | Compositing | Tile 2-40
Fra:1 Mem:213.62M (Peak 549.06M) | Time:00:38.06 | Compositing | Tile 3-40
Fra:1 Mem:213.62M (Peak 549.06M) | Time:00:38.06 | Compositing | Tile 7-40
Fra:1 Mem:213.62M (Peak 549.06M) | Time:00:38.06 | Compositing | Tile 10-40
Fra:1 Mem:213.62M (Peak 549.06M) | Time:00:38.06 | Compositing | Tile 6-40
Fra:1 Mem:213.62M (Peak 549.06M) | Time:00:38.06 | Compositing | Tile 4-40
Fra:1 Mem:213.62M (Peak 549.06M) | Time:00:38.06 | Compositing | Tile 8-40
Fra:1 Mem:213.62M (Peak 549.06M) | Time:00:38.06 | Compositing | Tile 11-40
Fra:1 Mem:213.62M (Peak 549.06M) | Time:00:38.06 | Compositing | Tile 9-40
Fra:1 Mem:213.62M (Peak 549.06M) | Time:00:38.06 | Compositing | Tile 5-40
Fra:1 Mem:213.62M (Peak 549.06M) | Time:00:38.06 | Compositing | Tile 12-40
Fra:1 Mem:213.62M (Peak 549.06M) | Time:00:38.06 | Compositing | Tile 13-40
Fra:1 Mem:213.62M (Peak 549.06M) | Time:00:38.06 | Compositing | Tile 14-40
Fra:1 Mem:213.62M (Peak 549.06M) | Time:00:38.07 | Compositing | Tile 15-40
Fra:1 Mem:213.62M (Peak 549.06M) | Time:00:38.07 | Compositing | Tile 16-40
Fra:1 Mem:213.62M (Peak 549.06M) | Time:00:38.07 | Compositing | Tile 17-40
Fra:1 Mem:213.62M (Peak 549.06M) | Time:00:38.07 | Compositing | Tile 18-40
Fra:1 Mem:213.62M (Peak 549.06M) | Time:00:38.07 | Compositing | Tile 19-40
Fra:1 Mem:213.62M (Peak 549.06M) | Time:00:38.07 | Compositing | Tile 20-40
Fra:1 Mem:213.62M (Peak 549.06M) | Time:00:38.07 | Compositing | Tile 21-40
Fra:1 Mem:213.62M (Peak 549.06M) | Time:00:38.07 | Compositing | Tile 22-40
Fra:1 Mem:213.62M (Peak 549.06M) | Time:00:38.07 | Compositing | Tile 23-40
Fra:1 Mem:213.62M (Peak 549.06M) | Time:00:38.07 | Compositing | Tile 24-40
Fra:1 Mem:213.62M (Peak 549.06M) | Time:00:38.07 | Compositing | Tile 25-40
Fra:1 Mem:213.62M (Peak 549.06M) | Time:00:38.07 | Compositing | Tile 27-40
Fra:1 Mem:213.62M (Peak 549.06M) | Time:00:38.07 | Compositing | Tile 26-40
Fra:1 Mem:213.62M (Peak 549.06M) | Time:00:38.07 | Compositing | Tile 28-40
Fra:1 Mem:213.62M (Peak 549.06M) | Time:00:38.07 | Compositing | Tile 29-40
Fra:1 Mem:213.62M (Peak 549.06M) | Time:00:38.07 | Compositing | Tile 30-40
Fra:1 Mem:213.62M (Peak 549.06M) | Time:00:38.07 | Compositing | Tile 31-40
Fra:1 Mem:213.62M (Peak 549.06M) | Time:00:38.07 | Compositing | Tile 32-40
Fra:1 Mem:213.62M (Peak 549.06M) | Time:00:38.07 | Compositing | Tile 33-40
Fra:1 Mem:213.62M (Peak 549.06M) | Time:00:38.07 | Compositing | Tile 34-40
Fra:1 Mem:213.62M (Peak 549.06M) | Time:00:38.07 | Compositing | Tile 35-40
Fra:1 Mem:213.62M (Peak 549.06M) | Time:00:38.07 | Compositing | Tile 36-40
Fra:1 Mem:213.62M (Peak 549.06M) | Time:00:38.07 | Compositing | Tile 37-40
Fra:1 Mem:213.62M (Peak 549.06M) | Time:00:38.07 | Compositing | Tile 38-40
Fra:1 Mem:213.62M (Peak 549.06M) | Time:00:38.07 | Compositing | Tile 39-40
Fra:1 Mem:213.62M (Peak 549.06M) | Time:00:38.07 | Compositing | Tile 40-40
Fra:1 Mem:213.56M (Peak 549.06M) | Time:00:38.07 | Compositing | De-initializing execution
Saved: '/root/Blender/DELL-C6420/v002/previews/front-material-corrected0001.png'
Time: 00:38.43 (Saving: 00:00.36)

BlenderMCP: cannot start server in background mode (blender -b) - commands would never execute
BlenderMCP: run Blender with a GUI, or use a virtual display: xvfb-run -a blender
BlenderMCP addon registered
BlenderMCP server stopped
BlenderMCP addon unregistered

Blender quit
