Blender 4.0.2
Read prefs: "/root/.config/blender/4.0/config/userpref.blend"
Read blend: "/root/Project/rack-device-3d/Cisco-N9KC9336C-FX2/v001/model/06-first-complete-studio-review.blend"
Fra:1 Mem:133.99M (Peak 133.99M) | Time:00:00.08 | Mem:0.00M, Peak:0.00M | CISCO_N9K_C9336C_FX2_V001, ViewLayer | Synchronizing object | INFERRED_Bottom_folded_sheet
Fra:1 Mem:133.99M (Peak 133.99M) | Time:00:00.08 | Mem:0.00M, Peak:0.00M | CISCO_N9K_C9336C_FX2_V001, ViewLayer | Synchronizing object | Lid_vent_side_border_-1
Fra:1 Mem:134.12M (Peak 134.12M) | Time:00:00.08 | Mem:0.00M, Peak:0.00M | CISCO_N9K_C9336C_FX2_V001, ViewLayer | Synchronizing object | Lid_vent_side_border_1
Fra:1 Mem:136.39M (Peak 136.39M) | Time:00:00.08 | Mem:0.00M, Peak:0.00M | CISCO_N9K_C9336C_FX2_V001, ViewLayer | Synchronizing object | Interior_under_port_vent_baffle
Fra:1 Mem:136.92M (Peak 136.92M) | Time:00:00.08 | Mem:0.00M, Peak:0.00M | CISCO_N9K_C9336C_FX2_V001, ViewLayer | Synchronizing object | Port_face_solid_punched_panel
Fra:1 Mem:136.97M (Peak 136.97M) | Time:00:00.08 | Mem:0.00M, Peak:0.00M | CISCO_N9K_C9336C_FX2_V001, ViewLayer | Synchronizing object | Front_lower_rectangular_vent_strip
Fra:1 Mem:136.97M (Peak 136.97M) | Time:00:00.08 | Mem:0.00M, Peak:0.00M | CISCO_N9K_C9336C_FX2_V001, ViewLayer | Synchronizing object | Front_lower_control_label_land
Fra:1 Mem:141.95M (Peak 141.95M) | Time:00:00.08 | Mem:0.00M, Peak:0.00M | CISCO_N9K_C9336C_FX2_V001, ViewLayer | Synchronizing object | Front_lower_right_land
Fra:1 Mem:141.95M (Peak 141.95M) | Time:00:00.08 | Mem:0.00M, Peak:0.00M | CISCO_N9K_C9336C_FX2_V001, ViewLayer | Synchronizing object | Rear_horizontal_rim_1.25
Fra:1 Mem:142.46M (Peak 142.46M) | Time:00:00.08 | Mem:0.00M, Peak:0.00M | CISCO_N9K_C9336C_FX2_V001, ViewLayer | Synchronizing object | Rear_horizontal_rim_42.438
Fra:1 Mem:142.59M (Peak 142.59M) | Time:00:00.08 | Mem:0.00M, Peak:0.00M | CISCO_N9K_C9336C_FX2_V001, ViewLayer | Synchronizing object | Rear_side_rim_-218.46
Fra:1 Mem:142.58M (Peak 142.59M) | Time:00:00.08 | Mem:0.00M, Peak:0.00M | CISCO_N9K_C9336C_FX2_V001, ViewLayer | Synchronizing object | Rear_side_rim_218.46
Fra:1 Mem:142.58M (Peak 142.59M) | Time:00:00.08 | Mem:0.00M, Peak:0.00M | CISCO_N9K_C9336C_FX2_V001, ViewLayer | Synchronizing object | Rear_module_divider_160
Fra:1 Mem:142.84M (Peak 142.84M) | Time:00:00.08 | Mem:0.00M, Peak:0.00M | CISCO_N9K_C9336C_FX2_V001, ViewLayer | Synchronizing object | Rear_module_divider_70
Fra:1 Mem:142.88M (Peak 142.88M) | Time:00:00.08 | Mem:0.00M, Peak:0.00M | CISCO_N9K_C9336C_FX2_V001, ViewLayer | Synchronizing object | Rear_module_divider_-20
Fra:1 Mem:142.98M (Peak 142.98M) | Time:00:00.08 | Mem:0.00M, Peak:0.00M | CISCO_N9K_C9336C_FX2_V001, ViewLayer | Synchronizing object | Rear_module_divider_-110
Fra:1 Mem:143.30M (Peak 143.30M) | Time:00:00.08 | Mem:0.00M, Peak:0.00M | CISCO_N9K_C9336C_FX2_V001, ViewLayer | Synchronizing object | Rear_module_divider_-160
Fra:1 Mem:143.32M (Peak 143.32M) | Time:00:00.08 | Mem:0.00M, Peak:0.00M | CISCO_N9K_C9336C_FX2_V001, ViewLayer | Synchronizing object | Lid_flush_Phillips_00
Fra:1 Mem:143.37M (Peak 143.37M) | Time:00:00.08 | Mem:0.00M, Peak:0.00M | CISCO_N9K_C9336C_FX2_V001, ViewLayer | Synchronizing object | LEFT_ear_M4_-284_10.8
Fra:1 Mem:143.55M (Peak 143.55M) | Time:00:00.08 | Mem:0.00M, Peak:0.00M | CISCO_N9K_C9336C_FX2_V001, ViewLayer | Synchronizing object | LEFT_ear_M4_-284_32.8
Fra:1 Mem:143.51M (Peak 143.55M) | Time:00:00.08 | Mem:0.00M, Peak:0.00M | CISCO_N9K_C9336C_FX2_V001, ViewLayer | Synchronizing object | LEFT_ear_M4_-256_10.8
Fra:1 Mem:145.16M (Peak 145.16M) | Time:00:00.08 | Mem:0.00M, Peak:0.00M | CISCO_N9K_C9336C_FX2_V001, ViewLayer | Synchronizing object | LEFT_ear_M4_-256_32.8
Fra:1 Mem:145.17M (Peak 145.17M) | Time:00:00.08 | Mem:0.00M, Peak:0.00M | CISCO_N9K_C9336C_FX2_V001, ViewLayer | Synchronizing object | RIGHT_EAR_bent_opaque_solid_with_true_bores
Fra:1 Mem:145.51M (Peak 145.51M) | Time:00:00.08 | Mem:0.00M, Peak:0.00M | CISCO_N9K_C9336C_FX2_V001, ViewLayer | Synchronizing object | RIGHT_ear_M4_-284_10.8
Fra:1 Mem:146.44M (Peak 146.44M) | Time:00:00.08 | Mem:0.00M, Peak:0.00M | CISCO_N9K_C9336C_FX2_V001, ViewLayer | Synchronizing object | RIGHT_ear_M4_-284_32.8
Fra:1 Mem:146.58M (Peak 146.58M) | Time:00:00.08 | Mem:0.00M, Peak:0.00M | CISCO_N9K_C9336C_FX2_V001, ViewLayer | Synchronizing object | RIGHT_ear_M4_-256_10.8
Fra:1 Mem:146.72M (Peak 146.72M) | Time:00:00.08 | Mem:0.00M, Peak:0.00M | CISCO_N9K_C9336C_FX2_V001, ViewLayer | Synchronizing object | RIGHT_ear_M4_-256_32.8
Fra:1 Mem:146.76M (Peak 146.76M) | Time:00:00.08 | Mem:0.00M, Peak:0.00M | CISCO_N9K_C9336C_FX2_V001, ViewLayer | Synchronizing object | Pair01_stainless_shell_29mm_deep
Fra:1 Mem:146.91M (Peak 146.91M) | Time:00:00.08 | Mem:0.00M, Peak:0.00M | CISCO_N9K_C9336C_FX2_V001, ViewLayer | Synchronizing object | Pair01_front_separator_true_perforations
Fra:1 Mem:147.21M (Peak 147.21M) | Time:00:00.08 | Mem:0.00M, Peak:0.00M | CISCO_N9K_C9336C_FX2_V001, ViewLayer | Synchronizing object | Pair01_internal_cooling_shelf
Fra:1 Mem:147.27M (Peak 147.27M) | Time:00:00.08 | Mem:0.00M, Peak:0.00M | CISCO_N9K_C9336C_FX2_V001, ViewLayer | Synchronizing object | Port01_recessed_connector_stop
Fra:1 Mem:147.30M (Peak 147.30M) | Time:00:00.08 | Mem:0.00M, Peak:0.00M | CISCO_N9K_C9336C_FX2_V001, ViewLayer | Synchronizing object | Port01_connector_contact_surround
Fra:1 Mem:147.36M (Peak 147.36M) | Time:00:00.08 | Mem:0.00M, Peak:0.00M | CISCO_N9K_C9336C_FX2_V001, ViewLayer | Synchronizing object | Port01_guide_-1_-4.25
Fra:1 Mem:148.81M (Peak 148.81M) | Time:00:00.08 | Mem:0.00M, Peak:0.00M | CISCO_N9K_C9336C_FX2_V001, ViewLayer | Synchronizing object | Port01_guide_-1_4.25
Fra:1 Mem:148.83M (Peak 148.83M) | Time:00:00.08 | Mem:0.00M, Peak:0.00M | CISCO_N9K_C9336C_FX2_V001, ViewLayer | Synchronizing object | Port01_spring_-1_-2.8
Fra:1 Mem:148.85M (Peak 148.85M) | Time:00:00.09 | Mem:0.00M, Peak:0.00M | CISCO_N9K_C9336C_FX2_V001, ViewLayer | Synchronizing object | Port01_spring_-1_0
Fra:1 Mem:148.87M (Peak 148.87M) | Time:00:00.09 | Mem:0.00M, Peak:0.00M | CISCO_N9K_C9336C_FX2_V001, ViewLayer | Synchronizing object | Port01_spring_-1_2.8
Fra:1 Mem:149.00M (Peak 149.00M) | Time:00:00.09 | Mem:0.00M, Peak:0.00M | CISCO_N9K_C9336C_FX2_V001, ViewLayer | Synchronizing object | Port01_guide_1_-4.25
Fra:1 Mem:148.90M (Peak 149.00M) | Time:00:00.09 | Mem:0.00M, Peak:0.00M | CISCO_N9K_C9336C_FX2_V001, ViewLayer | Synchronizing object | Port01_guide_1_4.25
Fra:1 Mem:148.92M (Peak 149.00M) | Time:00:00.09 | Mem:0.00M, Peak:0.00M | CISCO_N9K_C9336C_FX2_V001, ViewLayer | Synchronizing object | Port01_spring_1_-2.8
Fra:1 Mem:148.92M (Peak 149.00M) | Time:00:00.09 | Mem:0.00M, Peak:0.00M | CISCO_N9K_C9336C_FX2_V001, ViewLayer | Synchronizing object | Port01_spring_1_0
Fra:1 Mem:148.95M (Peak 149.00M) | Time:00:00.09 | Mem:0.00M, Peak:0.00M | CISCO_N9K_C9336C_FX2_V001, ViewLayer | Synchronizing object | Port01_spring_1_2.8
Fra:1 Mem:148.96M (Peak 149.00M) | Time:00:00.09 | Mem:0.00M, Peak:0.00M | CISCO_N9K_C9336C_FX2_V001, ViewLayer | Synchronizing object | Port01_subtle_recessed_contact_row
Fra:1 Mem:148.98M (Peak 149.00M) | Time:00:00.09 | Mem:0.00M, Peak:0.00M | CISCO_N9K_C9336C_FX2_V001, ViewLayer | Synchronizing object | Port02_recessed_connector_stop
Fra:1 Mem:148.99M (Peak 149.00M) | Time:00:00.09 | Mem:0.00M, Peak:0.00M | CISCO_N9K_C9336C_FX2_V001, ViewLayer | Synchronizing object | Port02_connector_contact_surround
Fra:1 Mem:148.99M (Peak 149.00M) | Time:00:00.09 | Mem:0.00M, Peak:0.00M | CISCO_N9K_C9336C_FX2_V001, ViewLayer | Synchronizing object | Port02_guide_-1_-4.25
Fra:1 Mem:149.00M (Peak 149.00M) | Time:00:00.09 | Mem:0.00M, Peak:0.00M | CISCO_N9K_C9336C_FX2_V001, ViewLayer | Synchronizing object | Port02_guide_-1_4.25
Fra:1 Mem:150.78M (Peak 150.78M) | Time:00:00.09 | Mem:0.00M, Peak:0.00M | CISCO_N9K_C9336C_FX2_V001, ViewLayer | Synchronizing object | Port02_spring_-1_-2.8
Fra:1 Mem:150.79M (Peak 150.79M) | Time:00:00.09 | Mem:0.00M, Peak:0.00M | CISCO_N9K_C9336C_FX2_V001, ViewLayer | Synchronizing object | Port02_spring_-1_0
Fra:1 Mem:150.81M (Peak 150.81M) | Time:00:00.09 | Mem:0.00M, Peak:0.00M | CISCO_N9K_C9336C_FX2_V001, ViewLayer | Synchronizing object | Port02_spring_-1_2.8
Fra:1 Mem:150.83M (Peak 150.83M) | Time:00:00.09 | Mem:0.00M, Peak:0.00M | CISCO_N9K_C9336C_FX2_V001, ViewLayer | Synchronizing object | Port02_guide_1_-4.25
Fra:1 Mem:150.84M (Peak 150.84M) | Time:00:00.09 | Mem:0.00M, Peak:0.00M | CISCO_N9K_C9336C_FX2_V001, ViewLayer | Synchronizing object | Fan1_known_PID
Fra:1 Mem:150.86M (Peak 150.86M) | Time:00:00.09 | Mem:0.00M, Peak:0.00M | CISCO_N9K_C9336C_FX2_V001, ViewLayer | Synchronizing object | Port02_guide_1_4.25
Fra:1 Mem:150.88M (Peak 150.88M) | Time:00:00.09 | Mem:0.00M, Peak:0.00M | CISCO_N9K_C9336C_FX2_V001, ViewLayer | Synchronizing object | Port02_spring_1_-2.8
Fra:1 Mem:150.90M (Peak 150.90M) | Time:00:00.09 | Mem:0.00M, Peak:0.00M | CISCO_N9K_C9336C_FX2_V001, ViewLayer | Synchronizing object | Port02_spring_1_0
Fra:1 Mem:150.91M (Peak 150.91M) | Time:00:00.09 | Mem:0.00M, Peak:0.00M | CISCO_N9K_C9336C_FX2_V001, ViewLayer | Synchronizing object | Port02_spring_1_2.8
Fra:1 Mem:150.93M (Peak 150.93M) | Time:00:00.09 | Mem:0.00M, Peak:0.00M | CISCO_N9K_C9336C_FX2_V001, ViewLayer | Synchronizing object | Port02_subtle_recessed_contact_row
Fra:1 Mem:150.94M (Peak 150.94M) | Time:00:00.09 | Mem:0.00M, Peak:0.00M | CISCO_N9K_C9336C_FX2_V001, ViewLayer | Synchronizing object | Fan1_rotor_housing_-1
Fra:1 Mem:150.95M (Peak 150.95M) | Time:00:00.09 | Mem:0.00M, Peak:0.00M | CISCO_N9K_C9336C_FX2_V001, ViewLayer | Synchronizing object | Fan1_hub_-1
Fra:1 Mem:150.96M (Peak 150.96M) | Time:00:00.09 | Mem:0.00M, Peak:0.00M | CISCO_N9K_C9336C_FX2_V001, ViewLayer | Synchronizing object | Fan1_blade_-1_0
Fra:1 Mem:150.96M (Peak 150.96M) | Time:00:00.09 | Mem:0.00M, Peak:0.00M | CISCO_N9K_C9336C_FX2_V001, ViewLayer | Synchronizing object | Fan1_blade_-1_1
Fra:1 Mem:151.01M (Peak 151.01M) | Time:00:00.09 | Mem:0.00M, Peak:0.00M | CISCO_N9K_C9336C_FX2_V001, ViewLayer | Synchronizing object | Fan1_blade_-1_2
Fra:1 Mem:151.07M (Peak 151.07M) | Time:00:00.09 | Mem:0.00M, Peak:0.00M | CISCO_N9K_C9336C_FX2_V001, ViewLayer | Synchronizing object | Fan1_blade_-1_3
Fra:1 Mem:151.07M (Peak 151.07M) | Time:00:00.09 | Mem:0.00M, Peak:0.00M | CISCO_N9K_C9336C_FX2_V001, ViewLayer | Synchronizing object | Fan1_blade_-1_4
Fra:1 Mem:150.96M (Peak 151.07M) | Time:00:00.09 | Mem:0.00M, Peak:0.00M | CISCO_N9K_C9336C_FX2_V001, ViewLayer | Synchronizing object | Fan1_blade_-1_5
Fra:1 Mem:150.96M (Peak 151.07M) | Time:00:00.09 | Mem:0.00M, Peak:0.00M | CISCO_N9K_C9336C_FX2_V001, ViewLayer | Synchronizing object | Fan1_top_retention_rail_-1
Fra:1 Mem:150.98M (Peak 151.07M) | Time:00:00.09 | Mem:0.00M, Peak:0.00M | CISCO_N9K_C9336C_FX2_V001, ViewLayer | Synchronizing object | Fan1_rear_power_contact_block_-1
Fra:1 Mem:150.98M (Peak 151.07M) | Time:00:00.09 | Mem:0.00M, Peak:0.00M | CISCO_N9K_C9336C_FX2_V001, ViewLayer | Synchronizing object | Fan1_rotor_housing_1
Fra:1 Mem:151.00M (Peak 151.07M) | Time:00:00.09 | Mem:0.00M, Peak:0.00M | CISCO_N9K_C9336C_FX2_V001, ViewLayer | Synchronizing object | Fan1_hub_1
Fra:1 Mem:151.00M (Peak 151.07M) | Time:00:00.09 | Mem:0.00M, Peak:0.00M | CISCO_N9K_C9336C_FX2_V001, ViewLayer | Synchronizing object | Fan2_known_PID
Fra:1 Mem:151.01M (Peak 151.07M) | Time:00:00.09 | Mem:0.00M, Peak:0.00M | CISCO_N9K_C9336C_FX2_V001, ViewLayer | Synchronizing object | Fan1_blade_1_1
Fra:1 Mem:151.03M (Peak 151.07M) | Time:00:00.09 | Mem:0.00M, Peak:0.00M | CISCO_N9K_C9336C_FX2_V001, ViewLayer | Synchronizing object | Fan1_blade_1_2
Fra:1 Mem:151.03M (Peak 151.07M) | Time:00:00.09 | Mem:0.00M, Peak:0.00M | CISCO_N9K_C9336C_FX2_V001, ViewLayer | Synchronizing object | Fan1_blade_1_3
Fra:1 Mem:151.03M (Peak 151.07M) | Time:00:00.09 | Mem:0.00M, Peak:0.00M | CISCO_N9K_C9336C_FX2_V001, ViewLayer | Synchronizing object | Fan1_blade_1_4
Fra:1 Mem:151.03M (Peak 151.07M) | Time:00:00.09 | Mem:0.00M, Peak:0.00M | CISCO_N9K_C9336C_FX2_V001, ViewLayer | Synchronizing object | Fan1_blade_1_5
Fra:1 Mem:151.03M (Peak 151.07M) | Time:00:00.09 | Mem:0.00M, Peak:0.00M | CISCO_N9K_C9336C_FX2_V001, ViewLayer | Synchronizing object | Fan1_top_retention_rail_1
Fra:1 Mem:151.04M (Peak 151.07M) | Time:00:00.09 | Mem:0.00M, Peak:0.00M | CISCO_N9K_C9336C_FX2_V001, ViewLayer | Synchronizing object | Fan1_rear_power_contact_block_1
Fra:1 Mem:151.06M (Peak 151.07M) | Time:00:00.09 | Mem:0.00M, Peak:0.00M | CISCO_N9K_C9336C_FX2_V001, ViewLayer | Synchronizing object | Fan1_front_frame
Fra:1 Mem:151.06M (Peak 151.07M) | Time:00:00.09 | Mem:0.00M, Peak:0.00M | CISCO_N9K_C9336C_FX2_V001, ViewLayer | Synchronizing object | Fan1_true_honeycomb_front_grille
Fra:1 Mem:151.22M (Peak 151.22M) | Time:00:00.09 | Mem:0.00M, Peak:0.00M | CISCO_N9K_C9336C_FX2_V001, ViewLayer | Synchronizing object | Fan1_molded_trapezoid_pull_handle
Fra:1 Mem:151.24M (Peak 151.24M) | Time:00:00.09 | Mem:0.00M, Peak:0.00M | CISCO_N9K_C9336C_FX2_V001, ViewLayer | Synchronizing object | Fan1_BLUE_release_latch_-1
Fra:1 Mem:151.26M (Peak 151.26M) | Time:00:00.09 | Mem:0.00M, Peak:0.00M | CISCO_N9K_C9336C_FX2_V001, ViewLayer | Synchronizing object | Fan1_latch_thumb_flare_-1
Fra:1 Mem:151.58M (Peak 151.58M) | Time:00:00.09 | Mem:0.00M, Peak:0.00M | CISCO_N9K_C9336C_FX2_V001, ViewLayer | Synchronizing object | Fan1_latch_grip_rib_-1_14
Fra:1 Mem:151.58M (Peak 151.58M) | Time:00:00.09 | Mem:0.00M, Peak:0.00M | CISCO_N9K_C9336C_FX2_V001, ViewLayer | Synchronizing object | Fan1_latch_grip_rib_-1_17
Fra:1 Mem:151.59M (Peak 151.59M) | Time:00:00.09 | Mem:0.00M, Peak:0.00M | CISCO_N9K_C9336C_FX2_V001, ViewLayer | Synchronizing object | Fan1_latch_grip_rib_-1_20
Fra:1 Mem:151.69M (Peak 151.69M) | Time:00:00.09 | Mem:0.00M, Peak:0.00M | CISCO_N9K_C9336C_FX2_V001, ViewLayer | Synchronizing object | Fan1_latch_grip_rib_-1_23
Fra:1 Mem:151.70M (Peak 151.70M) | Time:00:00.09 | Mem:0.00M, Peak:0.00M | CISCO_N9K_C9336C_FX2_V001, ViewLayer | Synchronizing object | Fan1_latch_grip_rib_-1_26
Fra:1 Mem:151.71M (Peak 151.71M) | Time:00:00.09 | Mem:0.00M, Peak:0.00M | CISCO_N9K_C9336C_FX2_V001, ViewLayer | Synchronizing object | Fan1_BLUE_release_latch_1
Fra:1 Mem:151.71M (Peak 151.71M) | Time:00:00.09 | Mem:0.00M, Peak:0.00M | CISCO_N9K_C9336C_FX2_V001, ViewLayer | Synchronizing object | Fan1_latch_thumb_flare_1
Fra:1 Mem:151.71M (Peak 151.71M) | Time:00:00.09 | Mem:0.00M, Peak:0.00M | CISCO_N9K_C9336C_FX2_V001, ViewLayer | Synchronizing object | Fan1_latch_grip_rib_1_14
Fra:1 Mem:151.82M (Peak 151.82M) | Time:00:00.09 | Mem:0.00M, Peak:0.00M | CISCO_N9K_C9336C_FX2_V001, ViewLayer | Synchronizing object | Fan1_latch_grip_rib_1_17
Fra:1 Mem:151.82M (Peak 151.82M) | Time:00:00.09 | Mem:0.00M, Peak:0.00M | CISCO_N9K_C9336C_FX2_V001, ViewLayer | Synchronizing object | Fan1_latch_grip_rib_1_20
Fra:1 Mem:151.83M (Peak 151.83M) | Time:00:00.09 | Mem:0.00M, Peak:0.00M | CISCO_N9K_C9336C_FX2_V001, ViewLayer | Synchronizing object | Fan1_latch_grip_rib_1_23
Fra:1 Mem:151.83M (Peak 151.83M) | Time:00:00.09 | Mem:0.00M, Peak:0.00M | CISCO_N9K_C9336C_FX2_V001, ViewLayer | Synchronizing object | Fan3_known_PID
Fra:1 Mem:151.85M (Peak 151.85M) | Time:00:00.09 | Mem:0.00M, Peak:0.00M | CISCO_N9K_C9336C_FX2_V001, ViewLayer | Synchronizing object | Fan1_PID_label_recess
Fra:1 Mem:151.87M (Peak 151.87M) | Time:00:00.09 | Mem:0.00M, Peak:0.00M | CISCO_N9K_C9336C_FX2_V001, ViewLayer | Synchronizing object | Fan1_flush_lock_pin_-39
Fra:1 Mem:151.89M (Peak 151.89M) | Time:00:00.09 | Mem:0.00M, Peak:0.00M | CISCO_N9K_C9336C_FX2_V001, ViewLayer | Synchronizing object | Fan1_flush_lock_pin_39
Fra:1 Mem:151.90M (Peak 151.90M) | Time:00:00.09 | Mem:0.00M, Peak:0.00M | CISCO_N9K_C9336C_FX2_V001, ViewLayer | Synchronizing object | Fan2_rotor_housing_-1
Fra:1 Mem:151.96M (Peak 151.96M) | Time:00:00.09 | Mem:0.00M, Peak:0.00M | CISCO_N9K_C9336C_FX2_V001, ViewLayer | Synchronizing object | Fan2_hub_-1
Fra:1 Mem:151.97M (Peak 151.97M) | Time:00:00.09 | Mem:0.00M, Peak:0.00M | CISCO_N9K_C9336C_FX2_V001, ViewLayer | Synchronizing object | Fan2_blade_-1_0
Fra:1 Mem:151.97M (Peak 151.97M) | Time:00:00.09 | Mem:0.00M, Peak:0.00M | CISCO_N9K_C9336C_FX2_V001, ViewLayer | Synchronizing object | Fan2_blade_-1_1
Fra:1 Mem:152.27M (Peak 152.27M) | Time:00:00.09 | Mem:0.00M, Peak:0.00M | CISCO_N9K_C9336C_FX2_V001, ViewLayer | Synchronizing object | Fan2_blade_-1_2
Fra:1 Mem:152.28M (Peak 152.28M) | Time:00:00.09 | Mem:0.00M, Peak:0.00M | CISCO_N9K_C9336C_FX2_V001, ViewLayer | Synchronizing object | Fan2_blade_-1_3
Fra:1 Mem:152.28M (Peak 152.28M) | Time:00:00.09 | Mem:0.00M, Peak:0.00M | CISCO_N9K_C9336C_FX2_V001, ViewLayer | Synchronizing object | Fan2_blade_-1_4
Fra:1 Mem:152.28M (Peak 152.28M) | Time:00:00.09 | Mem:0.00M, Peak:0.00M | CISCO_N9K_C9336C_FX2_V001, ViewLayer | Synchronizing object | Fan2_blade_-1_5
Fra:1 Mem:152.28M (Peak 152.28M) | Time:00:00.09 | Mem:0.00M, Peak:0.00M | CISCO_N9K_C9336C_FX2_V001, ViewLayer | Synchronizing object | Fan2_blade_-1_6
Fra:1 Mem:152.28M (Peak 152.28M) | Time:00:00.09 | Mem:0.00M, Peak:0.00M | CISCO_N9K_C9336C_FX2_V001, ViewLayer | Synchronizing object | Fan2_top_retention_rail_-1
Fra:1 Mem:152.28M (Peak 152.28M) | Time:00:00.09 | Mem:0.00M, Peak:0.00M | CISCO_N9K_C9336C_FX2_V001, ViewLayer | Synchronizing object | PSU1_FAIL_legend
Fra:1 Mem:152.30M (Peak 152.30M) | Time:00:00.09 | Mem:0.00M, Peak:0.00M | CISCO_N9K_C9336C_FX2_V001, ViewLayer | Synchronizing object | Fan2_rear_power_contact_block_-1
Fra:1 Mem:152.30M (Peak 152.30M) | Time:00:00.09 | Mem:0.00M, Peak:0.00M | CISCO_N9K_C9336C_FX2_V001, ViewLayer | Synchronizing object | PSU1_OK_legend
Fra:1 Mem:152.31M (Peak 152.31M) | Time:00:00.09 | Mem:0.00M, Peak:0.00M | CISCO_N9K_C9336C_FX2_V001, ViewLayer | Synchronizing object | Fan2_rotor_housing_1
Fra:1 Mem:152.32M (Peak 152.32M) | Time:00:00.09 | Mem:0.00M, Peak:0.00M | CISCO_N9K_C9336C_FX2_V001, ViewLayer | Synchronizing object | Fan2_hub_1
Fra:1 Mem:152.33M (Peak 152.33M) | Time:00:00.09 | Mem:0.00M, Peak:0.00M | CISCO_N9K_C9336C_FX2_V001, ViewLayer | Synchronizing object | Fan2_blade_1_0
Fra:1 Mem:152.33M (Peak 152.33M) | Time:00:00.09 | Mem:0.00M, Peak:0.00M | CISCO_N9K_C9336C_FX2_V001, ViewLayer | Synchronizing object | Fan2_blade_1_1
Fra:1 Mem:152.33M (Peak 152.33M) | Time:00:00.09 | Mem:0.00M, Peak:0.00M | CISCO_N9K_C9336C_FX2_V001, ViewLayer | Synchronizing object | Fan2_blade_1_2
Fra:1 Mem:152.33M (Peak 152.33M) | Time:00:00.09 | Mem:0.00M, Peak:0.00M | CISCO_N9K_C9336C_FX2_V001, ViewLayer | Synchronizing object | Fan2_blade_1_3
Fra:1 Mem:152.33M (Peak 152.33M) | Time:00:00.09 | Mem:0.00M, Peak:0.00M | CISCO_N9K_C9336C_FX2_V001, ViewLayer | Synchronizing object | Fan2_blade_1_4
Fra:1 Mem:152.93M (Peak 152.93M) | Time:00:00.09 | Mem:0.00M, Peak:0.00M | CISCO_N9K_C9336C_FX2_V001, ViewLayer | Synchronizing object | Fan2_blade_1_5
Fra:1 Mem:152.93M (Peak 152.93M) | Time:00:00.09 | Mem:0.00M, Peak:0.00M | CISCO_N9K_C9336C_FX2_V001, ViewLayer | Synchronizing object | Fan2_blade_1_6
Fra:1 Mem:152.93M (Peak 152.93M) | Time:00:00.09 | Mem:0.00M, Peak:0.00M | CISCO_N9K_C9336C_FX2_V001, ViewLayer | Synchronizing object | Fan2_top_retention_rail_1
Fra:1 Mem:152.93M (Peak 152.93M) | Time:00:00.09 | Mem:0.00M, Peak:0.00M | CISCO_N9K_C9336C_FX2_V001, ViewLayer | Synchronizing object | Fan2_rear_power_contact_block_1
Fra:1 Mem:152.96M (Peak 152.96M) | Time:00:00.09 | Mem:0.00M, Peak:0.00M | CISCO_N9K_C9336C_FX2_V001, ViewLayer | Synchronizing object | Fan2_front_frame
Fra:1 Mem:152.96M (Peak 152.96M) | Time:00:00.09 | Mem:0.00M, Peak:0.00M | CISCO_N9K_C9336C_FX2_V001, ViewLayer | Synchronizing object | Fan2_true_honeycomb_front_grille
Fra:1 Mem:153.12M (Peak 153.12M) | Time:00:00.09 | Mem:0.00M, Peak:0.00M | CISCO_N9K_C9336C_FX2_V001, ViewLayer | Synchronizing object | Fan2_molded_trapezoid_pull_handle
Fra:1 Mem:153.12M (Peak 153.12M) | Time:00:00.09 | Mem:0.00M, Peak:0.00M | CISCO_N9K_C9336C_FX2_V001, ViewLayer | Synchronizing object | PSU2_FAIL_legend
Fra:1 Mem:153.14M (Peak 153.14M) | Time:00:00.09 | Mem:0.00M, Peak:0.00M | CISCO_N9K_C9336C_FX2_V001, ViewLayer | Synchronizing object | PSU2_OK_legend
Fra:1 Mem:153.47M (Peak 153.47M) | Time:00:00.09 | Mem:0.00M, Peak:0.00M | CISCO_N9K_C9336C_FX2_V001, ViewLayer | Synchronizing object | Fan2_BLUE_release_latch_-1
Fra:1 Mem:153.57M (Peak 153.57M) | Time:00:00.09 | Mem:0.00M, Peak:0.00M | CISCO_N9K_C9336C_FX2_V001, ViewLayer | Synchronizing object | Fan2_latch_thumb_flare_-1
Fra:1 Mem:153.58M (Peak 153.58M) | Time:00:00.09 | Mem:0.00M, Peak:0.00M | CISCO_N9K_C9336C_FX2_V001, ViewLayer | Synchronizing object | Fan2_latch_grip_rib_-1_14
Fra:1 Mem:153.69M (Peak 153.69M) | Time:00:00.09 | Mem:0.00M, Peak:0.00M | CISCO_N9K_C9336C_FX2_V001, ViewLayer | Synchronizing object | Fan2_latch_grip_rib_-1_17
Fra:1 Mem:153.69M (Peak 153.69M) | Time:00:00.09 | Mem:0.00M, Peak:0.00M | CISCO_N9K_C9336C_FX2_V001, ViewLayer | Synchronizing object | Fan2_latch_grip_rib_-1_20
Fra:1 Mem:153.74M (Peak 153.74M) | Time:00:00.09 | Mem:0.00M, Peak:0.00M | CISCO_N9K_C9336C_FX2_V001, ViewLayer | Synchronizing object | Fan2_latch_grip_rib_-1_23
Fra:1 Mem:153.83M (Peak 153.83M) | Time:00:00.09 | Mem:0.00M, Peak:0.00M | CISCO_N9K_C9336C_FX2_V001, ViewLayer | Synchronizing object | Fan2_latch_grip_rib_-1_26
Fra:1 Mem:153.97M (Peak 153.97M) | Time:00:00.09 | Mem:0.00M, Peak:0.00M | CISCO_N9K_C9336C_FX2_V001, ViewLayer | Synchronizing object | Fan2_BLUE_release_latch_1
Fra:1 Mem:154.17M (Peak 154.17M) | Time:00:00.09 | Mem:0.00M, Peak:0.00M | CISCO_N9K_C9336C_FX2_V001, ViewLayer | Synchronizing object | Fan2_latch_thumb_flare_1
Fra:1 Mem:153.93M (Peak 154.17M) | Time:00:00.09 | Mem:0.00M, Peak:0.00M | CISCO_N9K_C9336C_FX2_V001, ViewLayer | Synchronizing object | Fan2_latch_grip_rib_1_14
Fra:1 Mem:153.93M (Peak 154.17M) | Time:00:00.09 | Mem:0.00M, Peak:0.00M | CISCO_N9K_C9336C_FX2_V001, ViewLayer | Synchronizing object | Fan2_latch_grip_rib_1_20
Fra:1 Mem:154.25M (Peak 154.25M) | Time:00:00.09 | Mem:0.00M, Peak:0.00M | CISCO_N9K_C9336C_FX2_V001, ViewLayer | Synchronizing object | Fan2_latch_grip_rib_1_23
Fra:1 Mem:154.25M (Peak 154.25M) | Time:00:00.09 | Mem:0.00M, Peak:0.00M | CISCO_N9K_C9336C_FX2_V001, ViewLayer | Synchronizing object | Fan2_latch_grip_rib_1_26
Fra:1 Mem:154.26M (Peak 154.26M) | Time:00:00.09 | Mem:0.00M, Peak:0.00M | CISCO_N9K_C9336C_FX2_V001, ViewLayer | Synchronizing object | REAR_BCN_legend
Fra:1 Mem:154.27M (Peak 154.27M) | Time:00:00.09 | Mem:0.00M, Peak:0.00M | CISCO_N9K_C9336C_FX2_V001, ViewLayer | Synchronizing object | REAR_STS_legend
Fra:1 Mem:154.89M (Peak 154.89M) | Time:00:00.09 | Mem:0.00M, Peak:0.00M | CISCO_N9K_C9336C_FX2_V001, ViewLayer | Synchronizing object | Fan2_PID_label_recess
Fra:1 Mem:154.89M (Peak 154.89M) | Time:00:00.09 | Mem:0.00M, Peak:0.00M | CISCO_N9K_C9336C_FX2_V001, ViewLayer | Synchronizing object | Rear_P2_arrow_legend
Fra:1 Mem:154.90M (Peak 154.90M) | Time:00:00.09 | Mem:0.00M, Peak:0.00M | CISCO_N9K_C9336C_FX2_V001, ViewLayer | Synchronizing object | FRONT_BCN_legend
Fra:1 Mem:154.91M (Peak 154.91M) | Time:00:00.09 | Mem:0.00M, Peak:0.00M | CISCO_N9K_C9336C_FX2_V001, ViewLayer | Synchronizing object | FRONT_STS_legend
Fra:1 Mem:154.93M (Peak 154.93M) | Time:00:00.09 | Mem:0.00M, Peak:0.00M | CISCO_N9K_C9336C_FX2_V001, ViewLayer | Synchronizing object | FRONT_ENV_legend
Fra:1 Mem:154.93M (Peak 154.93M) | Time:00:00.09 | Mem:0.00M, Peak:0.00M | CISCO_N9K_C9336C_FX2_V001, ViewLayer | Synchronizing object | FRONT_1_legend
Fra:1 Mem:154.93M (Peak 154.93M) | Time:00:00.09 | Mem:0.00M, Peak:0.00M | CISCO_N9K_C9336C_FX2_V001, ViewLayer | Synchronizing object | FRONT_2_legend
Fra:1 Mem:154.94M (Peak 154.94M) | Time:00:00.09 | Mem:0.00M, Peak:0.00M | CISCO_N9K_C9336C_FX2_V001, ViewLayer | Synchronizing object | FRONT_3_legend
Fra:1 Mem:154.94M (Peak 154.94M) | Time:00:00.09 | Mem:0.00M, Peak:0.00M | CISCO_N9K_C9336C_FX2_V001, ViewLayer | Synchronizing object | FRONT_4_legend
Fra:1 Mem:154.94M (Peak 154.94M) | Time:00:00.09 | Mem:0.00M, Peak:0.00M | CISCO_N9K_C9336C_FX2_V001, ViewLayer | Synchronizing object | LS_selector_text
Fra:1 Mem:155.10M (Peak 155.10M) | Time:00:00.09 | Mem:0.00M, Peak:0.00M | CISCO_N9K_C9336C_FX2_V001, ViewLayer | Synchronizing object | Cisco_brand_wordmark
Fra:1 Mem:155.12M (Peak 155.12M) | Time:00:00.09 | Mem:0.00M, Peak:0.00M | CISCO_N9K_C9336C_FX2_V001, ViewLayer | Synchronizing object | Cisco_product_family_line_1
Fra:1 Mem:155.14M (Peak 155.14M) | Time:00:00.09 | Mem:0.00M, Peak:0.00M | CISCO_N9K_C9336C_FX2_V001, ViewLayer | Synchronizing object | Cisco_product_family_line_2
Fra:1 Mem:155.15M (Peak 155.15M) | Time:00:00.09 | Mem:0.00M, Peak:0.00M | CISCO_N9K_C9336C_FX2_V001, ViewLayer | Synchronizing object | Correct_factory_PID
Fra:1 Mem:155.20M (Peak 155.20M) | Time:00:00.09 | Mem:0.00M, Peak:0.00M | CISCO_N9K_C9336C_FX2_V001, ViewLayer | Synchronizing object | PORT_NUMBER_01
Fra:1 Mem:155.20M (Peak 155.20M) | Time:00:00.09 | Mem:0.00M, Peak:0.00M | CISCO_N9K_C9336C_FX2_V001, ViewLayer | Synchronizing object | PORT_NUMBER_02
Fra:1 Mem:155.20M (Peak 155.20M) | Time:00:00.09 | Mem:0.00M, Peak:0.00M | CISCO_N9K_C9336C_FX2_V001, ViewLayer | Synchronizing object | PORT_NUMBER_03
Fra:1 Mem:155.21M (Peak 155.21M) | Time:00:00.09 | Mem:0.00M, Peak:0.00M | CISCO_N9K_C9336C_FX2_V001, ViewLayer | Synchronizing object | PORT_NUMBER_04
Fra:1 Mem:155.21M (Peak 155.21M) | Time:00:00.09 | Mem:0.00M, Peak:0.00M | CISCO_N9K_C9336C_FX2_V001, ViewLayer | Synchronizing object | PORT_NUMBER_05
Fra:1 Mem:155.21M (Peak 155.21M) | Time:00:00.09 | Mem:0.00M, Peak:0.00M | CISCO_N9K_C9336C_FX2_V001, ViewLayer | Synchronizing object | PORT_NUMBER_06
Fra:1 Mem:155.22M (Peak 155.22M) | Time:00:00.09 | Mem:0.00M, Peak:0.00M | CISCO_N9K_C9336C_FX2_V001, ViewLayer | Synchronizing object | PORT_NUMBER_07
Fra:1 Mem:155.22M (Peak 155.22M) | Time:00:00.09 | Mem:0.00M, Peak:0.00M | CISCO_N9K_C9336C_FX2_V001, ViewLayer | Synchronizing object | PORT_NUMBER_08
Fra:1 Mem:155.23M (Peak 155.23M) | Time:00:00.09 | Mem:0.00M, Peak:0.00M | CISCO_N9K_C9336C_FX2_V001, ViewLayer | Synchronizing object | PORT_NUMBER_09
Fra:1 Mem:155.23M (Peak 155.23M) | Time:00:00.09 | Mem:0.00M, Peak:0.00M | CISCO_N9K_C9336C_FX2_V001, ViewLayer | Synchronizing object | PORT_NUMBER_10
Fra:1 Mem:155.24M (Peak 155.24M) | Time:00:00.09 | Mem:0.00M, Peak:0.00M | CISCO_N9K_C9336C_FX2_V001, ViewLayer | Synchronizing object | PORT_NUMBER_11
Fra:1 Mem:155.24M (Peak 155.24M) | Time:00:00.09 | Mem:0.00M, Peak:0.00M | CISCO_N9K_C9336C_FX2_V001, ViewLayer | Synchronizing object | PORT_NUMBER_12
Fra:1 Mem:155.25M (Peak 155.25M) | Time:00:00.09 | Mem:0.00M, Peak:0.00M | CISCO_N9K_C9336C_FX2_V001, ViewLayer | Synchronizing object | PORT_NUMBER_13
Fra:1 Mem:155.25M (Peak 155.25M) | Time:00:00.09 | Mem:0.00M, Peak:0.00M | CISCO_N9K_C9336C_FX2_V001, ViewLayer | Synchronizing object | PORT_NUMBER_14
Fra:1 Mem:155.26M (Peak 155.26M) | Time:00:00.09 | Mem:0.00M, Peak:0.00M | CISCO_N9K_C9336C_FX2_V001, ViewLayer | Synchronizing object | PORT_NUMBER_15
Fra:1 Mem:155.26M (Peak 155.26M) | Time:00:00.09 | Mem:0.00M, Peak:0.00M | CISCO_N9K_C9336C_FX2_V001, ViewLayer | Synchronizing object | PORT_NUMBER_16
Fra:1 Mem:155.27M (Peak 155.27M) | Time:00:00.09 | Mem:0.00M, Peak:0.00M | CISCO_N9K_C9336C_FX2_V001, ViewLayer | Synchronizing object | PORT_NUMBER_17
Fra:1 Mem:155.27M (Peak 155.27M) | Time:00:00.09 | Mem:0.00M, Peak:0.00M | CISCO_N9K_C9336C_FX2_V001, ViewLayer | Synchronizing object | PORT_NUMBER_18
Fra:1 Mem:155.28M (Peak 155.28M) | Time:00:00.09 | Mem:0.00M, Peak:0.00M | CISCO_N9K_C9336C_FX2_V001, ViewLayer | Synchronizing object | PORT_NUMBER_19
Fra:1 Mem:156.04M (Peak 156.04M) | Time:00:00.09 | Mem:0.00M, Peak:0.00M | CISCO_N9K_C9336C_FX2_V001, ViewLayer | Synchronizing object | PORT_NUMBER_20
Fra:1 Mem:156.05M (Peak 156.05M) | Time:00:00.09 | Mem:0.00M, Peak:0.00M | CISCO_N9K_C9336C_FX2_V001, ViewLayer | Synchronizing object | PORT_NUMBER_21
Fra:1 Mem:156.05M (Peak 156.05M) | Time:00:00.09 | Mem:0.00M, Peak:0.00M | CISCO_N9K_C9336C_FX2_V001, ViewLayer | Synchronizing object | PORT_NUMBER_22
Fra:1 Mem:156.06M (Peak 156.06M) | Time:00:00.09 | Mem:0.00M, Peak:0.00M | CISCO_N9K_C9336C_FX2_V001, ViewLayer | Synchronizing object | PORT_NUMBER_23
Fra:1 Mem:156.07M (Peak 156.07M) | Time:00:00.09 | Mem:0.00M, Peak:0.00M | CISCO_N9K_C9336C_FX2_V001, ViewLayer | Synchronizing object | PORT_NUMBER_24
Fra:1 Mem:156.08M (Peak 156.08M) | Time:00:00.09 | Mem:0.00M, Peak:0.00M | CISCO_N9K_C9336C_FX2_V001, ViewLayer | Synchronizing object | PORT_NUMBER_25
Fra:1 Mem:156.09M (Peak 156.09M) | Time:00:00.09 | Mem:0.00M, Peak:0.00M | CISCO_N9K_C9336C_FX2_V001, ViewLayer | Synchronizing object | PORT_NUMBER_26
Fra:1 Mem:156.10M (Peak 156.10M) | Time:00:00.09 | Mem:0.00M, Peak:0.00M | CISCO_N9K_C9336C_FX2_V001, ViewLayer | Synchronizing object | PORT_NUMBER_27
Fra:1 Mem:156.10M (Peak 156.10M) | Time:00:00.09 | Mem:0.00M, Peak:0.00M | CISCO_N9K_C9336C_FX2_V001, ViewLayer | Synchronizing object | PORT_NUMBER_28
Fra:1 Mem:156.12M (Peak 156.12M) | Time:00:00.09 | Mem:0.00M, Peak:0.00M | CISCO_N9K_C9336C_FX2_V001, ViewLayer | Synchronizing object | PORT_NUMBER_29
Fra:1 Mem:156.13M (Peak 156.13M) | Time:00:00.09 | Mem:0.00M, Peak:0.00M | CISCO_N9K_C9336C_FX2_V001, ViewLayer | Synchronizing object | PORT_NUMBER_30
Fra:1 Mem:156.14M (Peak 156.14M) | Time:00:00.09 | Mem:0.00M, Peak:0.00M | CISCO_N9K_C9336C_FX2_V001, ViewLayer | Synchronizing object | PORT_NUMBER_31
Fra:1 Mem:156.14M (Peak 156.14M) | Time:00:00.09 | Mem:0.00M, Peak:0.00M | CISCO_N9K_C9336C_FX2_V001, ViewLayer | Synchronizing object | PORT_NUMBER_32
Fra:1 Mem:156.15M (Peak 156.15M) | Time:00:00.09 | Mem:0.00M, Peak:0.00M | CISCO_N9K_C9336C_FX2_V001, ViewLayer | Synchronizing object | PORT_NUMBER_33
Fra:1 Mem:156.17M (Peak 156.17M) | Time:00:00.09 | Mem:0.00M, Peak:0.00M | CISCO_N9K_C9336C_FX2_V001, ViewLayer | Synchronizing object | PORT_NUMBER_34
Fra:1 Mem:156.17M (Peak 156.17M) | Time:00:00.09 | Mem:0.00M, Peak:0.00M | CISCO_N9K_C9336C_FX2_V001, ViewLayer | Synchronizing object | PORT_NUMBER_35
Fra:1 Mem:156.18M (Peak 156.18M) | Time:00:00.09 | Mem:0.00M, Peak:0.00M | CISCO_N9K_C9336C_FX2_V001, ViewLayer | Synchronizing object | Fan2_flush_lock_pin_-39
Fra:1 Mem:156.18M (Peak 156.18M) | Time:00:00.09 | Mem:0.00M, Peak:0.00M | CISCO_N9K_C9336C_FX2_V001, ViewLayer | Synchronizing object | PORT_NUMBER_36
Fra:1 Mem:156.21M (Peak 156.21M) | Time:00:00.09 | Mem:0.00M, Peak:0.00M | CISCO_N9K_C9336C_FX2_V001, ViewLayer | Synchronizing object | Studio_shadow_floor
Fra:1 Mem:156.21M (Peak 156.21M) | Time:00:00.09 | Mem:0.00M, Peak:0.00M | CISCO_N9K_C9336C_FX2_V001, ViewLayer | Synchronizing object | Original_photo_top_chassis_label
Fra:1 Mem:156.21M (Peak 156.21M) | Time:00:00.09 | Mem:0.00M, Peak:0.00M | CISCO_N9K_C9336C_FX2_V001, ViewLayer | Synchronizing object | Port_pair_18_direction_1
Fra:1 Mem:156.21M (Peak 156.21M) | Time:00:00.09 | Mem:0.00M, Peak:0.00M | CISCO_N9K_C9336C_FX2_V001, ViewLayer | Synchronizing object | Port_pair_18_direction_-1
Fra:1 Mem:156.21M (Peak 156.21M) | Time:00:00.09 | Mem:0.00M, Peak:0.00M | CISCO_N9K_C9336C_FX2_V001, ViewLayer | Synchronizing object | Port_pair_17_direction_1
Fra:1 Mem:156.21M (Peak 156.21M) | Time:00:00.09 | Mem:0.00M, Peak:0.00M | CISCO_N9K_C9336C_FX2_V001, ViewLayer | Synchronizing object | Port_pair_17_direction_-1
Fra:1 Mem:156.21M (Peak 156.21M) | Time:00:00.09 | Mem:0.00M, Peak:0.00M | CISCO_N9K_C9336C_FX2_V001, ViewLayer | Synchronizing object | Port_pair_16_direction_1
Fra:1 Mem:156.21M (Peak 156.21M) | Time:00:00.09 | Mem:0.00M, Peak:0.00M | CISCO_N9K_C9336C_FX2_V001, ViewLayer | Synchronizing object | Port_pair_16_direction_-1
Fra:1 Mem:156.21M (Peak 156.21M) | Time:00:00.09 | Mem:0.00M, Peak:0.00M | CISCO_N9K_C9336C_FX2_V001, ViewLayer | Synchronizing object | Port_pair_15_direction_1
Fra:1 Mem:156.21M (Peak 156.21M) | Time:00:00.09 | Mem:0.00M, Peak:0.00M | CISCO_N9K_C9336C_FX2_V001, ViewLayer | Synchronizing object | Port_pair_15_direction_-1
Fra:1 Mem:156.21M (Peak 156.21M) | Time:00:00.09 | Mem:0.00M, Peak:0.00M | CISCO_N9K_C9336C_FX2_V001, ViewLayer | Synchronizing object | Port_pair_14_direction_1
Fra:1 Mem:156.21M (Peak 156.21M) | Time:00:00.09 | Mem:0.00M, Peak:0.00M | CISCO_N9K_C9336C_FX2_V001, ViewLayer | Synchronizing object | Port_pair_14_direction_-1
Fra:1 Mem:156.21M (Peak 156.21M) | Time:00:00.09 | Mem:0.00M, Peak:0.00M | CISCO_N9K_C9336C_FX2_V001, ViewLayer | Synchronizing object | Port_pair_13_direction_1
Fra:1 Mem:156.21M (Peak 156.21M) | Time:00:00.09 | Mem:0.00M, Peak:0.00M | CISCO_N9K_C9336C_FX2_V001, ViewLayer | Synchronizing object | Port_pair_13_direction_-1
Fra:1 Mem:156.21M (Peak 156.21M) | Time:00:00.09 | Mem:0.00M, Peak:0.00M | CISCO_N9K_C9336C_FX2_V001, ViewLayer | Synchronizing object | Port_pair_12_direction_1
Fra:1 Mem:156.22M (Peak 156.22M) | Time:00:00.09 | Mem:0.00M, Peak:0.00M | CISCO_N9K_C9336C_FX2_V001, ViewLayer | Synchronizing object | Port_pair_12_direction_-1
Fra:1 Mem:156.22M (Peak 156.22M) | Time:00:00.09 | Mem:0.00M, Peak:0.00M | CISCO_N9K_C9336C_FX2_V001, ViewLayer | Synchronizing object | Port_pair_11_direction_1
Fra:1 Mem:156.22M (Peak 156.22M) | Time:00:00.09 | Mem:0.00M, Peak:0.00M | CISCO_N9K_C9336C_FX2_V001, ViewLayer | Synchronizing object | Port_pair_11_direction_-1
Fra:1 Mem:156.22M (Peak 156.22M) | Time:00:00.09 | Mem:0.00M, Peak:0.00M | CISCO_N9K_C9336C_FX2_V001, ViewLayer | Synchronizing object | Port_pair_10_direction_1
Fra:1 Mem:156.22M (Peak 156.22M) | Time:00:00.09 | Mem:0.00M, Peak:0.00M | CISCO_N9K_C9336C_FX2_V001, ViewLayer | Synchronizing object | Port_pair_10_direction_-1
Fra:1 Mem:156.22M (Peak 156.22M) | Time:00:00.09 | Mem:0.00M, Peak:0.00M | CISCO_N9K_C9336C_FX2_V001, ViewLayer | Synchronizing object | Port_pair_9_direction_1
Fra:1 Mem:156.22M (Peak 156.22M) | Time:00:00.09 | Mem:0.00M, Peak:0.00M | CISCO_N9K_C9336C_FX2_V001, ViewLayer | Synchronizing object | Port_pair_9_direction_-1
Fra:1 Mem:156.22M (Peak 156.22M) | Time:00:00.09 | Mem:0.00M, Peak:0.00M | CISCO_N9K_C9336C_FX2_V001, ViewLayer | Synchronizing object | Port_pair_8_direction_1
Fra:1 Mem:156.22M (Peak 156.22M) | Time:00:00.09 | Mem:0.00M, Peak:0.00M | CISCO_N9K_C9336C_FX2_V001, ViewLayer | Synchronizing object | Port_pair_8_direction_-1
Fra:1 Mem:156.22M (Peak 156.22M) | Time:00:00.09 | Mem:0.00M, Peak:0.00M | CISCO_N9K_C9336C_FX2_V001, ViewLayer | Synchronizing object | Port_pair_7_direction_1
Fra:1 Mem:156.22M (Peak 156.22M) | Time:00:00.09 | Mem:0.00M, Peak:0.00M | CISCO_N9K_C9336C_FX2_V001, ViewLayer | Synchronizing object | Port_pair_7_direction_-1
Fra:1 Mem:156.22M (Peak 156.22M) | Time:00:00.09 | Mem:0.00M, Peak:0.00M | CISCO_N9K_C9336C_FX2_V001, ViewLayer | Synchronizing object | Port_pair_6_direction_1
Fra:1 Mem:156.22M (Peak 156.22M) | Time:00:00.09 | Mem:0.00M, Peak:0.00M | CISCO_N9K_C9336C_FX2_V001, ViewLayer | Synchronizing object | Port_pair_6_direction_-1
Fra:1 Mem:160.74M (Peak 160.74M) | Time:00:00.09 | Mem:0.00M, Peak:0.00M | CISCO_N9K_C9336C_FX2_V001, ViewLayer | Synchronizing object | Port_pair_5_direction_1
Fra:1 Mem:160.75M (Peak 160.75M) | Time:00:00.09 | Mem:0.00M, Peak:0.00M | CISCO_N9K_C9336C_FX2_V001, ViewLayer | Synchronizing object | Port_pair_5_direction_-1
Fra:1 Mem:160.75M (Peak 160.75M) | Time:00:00.09 | Mem:0.00M, Peak:0.00M | CISCO_N9K_C9336C_FX2_V001, ViewLayer | Synchronizing object | Port_pair_4_direction_1
Fra:1 Mem:160.75M (Peak 160.75M) | Time:00:00.09 | Mem:0.00M, Peak:0.00M | CISCO_N9K_C9336C_FX2_V001, ViewLayer | Synchronizing object | Port_pair_4_direction_-1
Fra:1 Mem:160.75M (Peak 160.75M) | Time:00:00.09 | Mem:0.00M, Peak:0.00M | CISCO_N9K_C9336C_FX2_V001, ViewLayer | Synchronizing object | Port_pair_3_direction_1
Fra:1 Mem:160.75M (Peak 160.75M) | Time:00:00.09 | Mem:0.00M, Peak:0.00M | CISCO_N9K_C9336C_FX2_V001, ViewLayer | Synchronizing object | Port_pair_3_direction_-1
Fra:1 Mem:160.75M (Peak 160.75M) | Time:00:00.09 | Mem:0.00M, Peak:0.00M | CISCO_N9K_C9336C_FX2_V001, ViewLayer | Synchronizing object | Port_pair_2_direction_1
Fra:1 Mem:160.75M (Peak 160.75M) | Time:00:00.09 | Mem:0.00M, Peak:0.00M | CISCO_N9K_C9336C_FX2_V001, ViewLayer | Synchronizing object | Port_pair_2_direction_-1
Fra:1 Mem:160.75M (Peak 160.75M) | Time:00:00.09 | Mem:0.00M, Peak:0.00M | CISCO_N9K_C9336C_FX2_V001, ViewLayer | Synchronizing object | Port_pair_1_direction_1
Fra:1 Mem:160.75M (Peak 160.75M) | Time:00:00.09 | Mem:0.00M, Peak:0.00M | CISCO_N9K_C9336C_FX2_V001, ViewLayer | Synchronizing object | Port_pair_1_direction_-1
Fra:1 Mem:160.75M (Peak 160.75M) | Time:00:00.09 | Mem:0.00M, Peak:0.00M | CISCO_N9K_C9336C_FX2_V001, ViewLayer | Synchronizing object | Cisco_bridge_bar_9
Fra:1 Mem:160.76M (Peak 160.76M) | Time:00:00.09 | Mem:0.00M, Peak:0.00M | CISCO_N9K_C9336C_FX2_V001, ViewLayer | Synchronizing object | Cisco_bridge_bar_8
Fra:1 Mem:160.76M (Peak 160.76M) | Time:00:00.09 | Mem:0.00M, Peak:0.00M | CISCO_N9K_C9336C_FX2_V001, ViewLayer | Synchronizing object | Cisco_bridge_bar_7
Fra:1 Mem:160.77M (Peak 160.77M) | Time:00:00.09 | Mem:0.00M, Peak:0.00M | CISCO_N9K_C9336C_FX2_V001, ViewLayer | Synchronizing object | Cisco_bridge_bar_6
Fra:1 Mem:160.77M (Peak 160.77M) | Time:00:00.09 | Mem:0.00M, Peak:0.00M | CISCO_N9K_C9336C_FX2_V001, ViewLayer | Synchronizing object | Cisco_bridge_bar_5
Fra:1 Mem:160.78M (Peak 160.78M) | Time:00:00.09 | Mem:0.00M, Peak:0.00M | CISCO_N9K_C9336C_FX2_V001, ViewLayer | Synchronizing object | Cisco_bridge_bar_4
Fra:1 Mem:160.78M (Peak 160.78M) | Time:00:00.09 | Mem:0.00M, Peak:0.00M | CISCO_N9K_C9336C_FX2_V001, ViewLayer | Synchronizing object | Cisco_bridge_bar_3
Fra:1 Mem:160.79M (Peak 160.79M) | Time:00:00.09 | Mem:0.00M, Peak:0.00M | CISCO_N9K_C9336C_FX2_V001, ViewLayer | Synchronizing object | Cisco_bridge_bar_2
Fra:1 Mem:160.79M (Peak 160.79M) | Time:00:00.09 | Mem:0.00M, Peak:0.00M | CISCO_N9K_C9336C_FX2_V001, ViewLayer | Synchronizing object | Cisco_bridge_bar_1
Fra:1 Mem:160.80M (Peak 160.80M) | Time:00:00.09 | Mem:0.00M, Peak:0.00M | CISCO_N9K_C9336C_FX2_V001, ViewLayer | Synchronizing object | LS_selector_metal_button
Fra:1 Mem:160.84M (Peak 160.84M) | Time:00:00.09 | Mem:0.00M, Peak:0.00M | CISCO_N9K_C9336C_FX2_V001, ViewLayer | Synchronizing object | LS_selector_black_surround
Fra:1 Mem:160.85M (Peak 160.85M) | Time:00:00.09 | Mem:0.00M, Peak:0.00M | CISCO_N9K_C9336C_FX2_V001, ViewLayer | Synchronizing object | FRONT_4_unpowered_lens
Fra:1 Mem:160.86M (Peak 160.86M) | Time:00:00.09 | Mem:0.00M, Peak:0.00M | CISCO_N9K_C9336C_FX2_V001, ViewLayer | Synchronizing object | FRONT_3_unpowered_lens
Fra:1 Mem:160.87M (Peak 160.87M) | Time:00:00.09 | Mem:0.00M, Peak:0.00M | CISCO_N9K_C9336C_FX2_V001, ViewLayer | Synchronizing object | FRONT_2_unpowered_lens
Fra:1 Mem:160.87M (Peak 160.87M) | Time:00:00.09 | Mem:0.00M, Peak:0.00M | CISCO_N9K_C9336C_FX2_V001, ViewLayer | Synchronizing object | FRONT_1_unpowered_lens
Fra:1 Mem:160.88M (Peak 160.88M) | Time:00:00.09 | Mem:0.00M, Peak:0.00M | CISCO_N9K_C9336C_FX2_V001, ViewLayer | Synchronizing object | FRONT_ENV_unpowered_lens
Fra:1 Mem:160.89M (Peak 160.89M) | Time:00:00.09 | Mem:0.00M, Peak:0.00M | CISCO_N9K_C9336C_FX2_V001, ViewLayer | Synchronizing object | FRONT_STS_unpowered_lens
Fra:1 Mem:160.89M (Peak 160.89M) | Time:00:00.09 | Mem:0.00M, Peak:0.00M | CISCO_N9K_C9336C_FX2_V001, ViewLayer | Synchronizing object | FRONT_BCN_unpowered_lens
Fra:1 Mem:160.90M (Peak 160.90M) | Time:00:00.09 | Mem:0.00M, Peak:0.00M | CISCO_N9K_C9336C_FX2_V001, ViewLayer | Synchronizing object | USB_symbol_branch_B
Fra:1 Mem:160.90M (Peak 160.90M) | Time:00:00.09 | Mem:0.00M, Peak:0.00M | CISCO_N9K_C9336C_FX2_V001, ViewLayer | Synchronizing object | USB_symbol_branch_A
Fra:1 Mem:160.90M (Peak 160.90M) | Time:00:00.09 | Mem:0.00M, Peak:0.00M | CISCO_N9K_C9336C_FX2_V001, ViewLayer | Synchronizing object | USB_symbol_stem
Fra:1 Mem:160.90M (Peak 160.90M) | Time:00:00.09 | Mem:0.00M, Peak:0.00M | CISCO_N9K_C9336C_FX2_V001, ViewLayer | Synchronizing object | Console_terminal_symbol
Fra:1 Mem:160.91M (Peak 160.91M) | Time:00:00.09 | Mem:0.00M, Peak:0.00M | CISCO_N9K_C9336C_FX2_V001, ViewLayer | Synchronizing object | SFP_management_symbol_line.003
Fra:1 Mem:160.91M (Peak 160.91M) | Time:00:00.09 | Mem:0.00M, Peak:0.00M | CISCO_N9K_C9336C_FX2_V001, ViewLayer | Synchronizing object | SFP_management_symbol_line.002
Fra:1 Mem:160.91M (Peak 160.91M) | Time:00:00.09 | Mem:0.00M, Peak:0.00M | CISCO_N9K_C9336C_FX2_V001, ViewLayer | Synchronizing object | SFP_management_symbol_line.001
Fra:1 Mem:160.91M (Peak 160.91M) | Time:00:00.09 | Mem:0.00M, Peak:0.00M | CISCO_N9K_C9336C_FX2_V001, ViewLayer | Synchronizing object | SFP_management_symbol_line
Fra:1 Mem:160.91M (Peak 160.91M) | Time:00:00.09 | Mem:0.00M, Peak:0.00M | CISCO_N9K_C9336C_FX2_V001, ViewLayer | Synchronizing object | SFP_management_symbol_node_1.25
Fra:1 Mem:160.92M (Peak 160.92M) | Time:00:00.09 | Mem:0.00M, Peak:0.00M | CISCO_N9K_C9336C_FX2_V001, ViewLayer | Synchronizing object | SFP_management_symbol_node_-1.25
Fra:1 Mem:160.93M (Peak 160.93M) | Time:00:00.09 | Mem:0.00M, Peak:0.00M | CISCO_N9K_C9336C_FX2_V001, ViewLayer | Synchronizing object | SFP_management_symbol_node_0
Fra:1 Mem:160.94M (Peak 160.94M) | Time:00:00.09 | Mem:0.00M, Peak:0.00M | CISCO_N9K_C9336C_FX2_V001, ViewLayer | Synchronizing object | RJ45_management_symbol_line.003
Fra:1 Mem:160.94M (Peak 160.94M) | Time:00:00.09 | Mem:0.00M, Peak:0.00M | CISCO_N9K_C9336C_FX2_V001, ViewLayer | Synchronizing object | RJ45_management_symbol_line.002
Fra:1 Mem:160.94M (Peak 160.94M) | Time:00:00.09 | Mem:0.00M, Peak:0.00M | CISCO_N9K_C9336C_FX2_V001, ViewLayer | Synchronizing object | RJ45_management_symbol_line.001
Fra:1 Mem:160.94M (Peak 160.94M) | Time:00:00.09 | Mem:0.00M, Peak:0.00M | CISCO_N9K_C9336C_FX2_V001, ViewLayer | Synchronizing object | RJ45_management_symbol_line
Fra:1 Mem:160.94M (Peak 160.94M) | Time:00:00.09 | Mem:0.00M, Peak:0.00M | CISCO_N9K_C9336C_FX2_V001, ViewLayer | Synchronizing object | RJ45_management_symbol_node_1.25
Fra:1 Mem:160.95M (Peak 160.95M) | Time:00:00.09 | Mem:0.00M, Peak:0.00M | CISCO_N9K_C9336C_FX2_V001, ViewLayer | Synchronizing object | RJ45_management_symbol_node_-1.25
Fra:1 Mem:160.96M (Peak 160.96M) | Time:00:00.09 | Mem:0.00M, Peak:0.00M | CISCO_N9K_C9336C_FX2_V001, ViewLayer | Synchronizing object | RJ45_management_symbol_node_0
Fra:1 Mem:160.97M (Peak 160.97M) | Time:00:00.09 | Mem:0.00M, Peak:0.00M | CISCO_N9K_C9336C_FX2_V001, ViewLayer | Synchronizing object | Rear_service_retention_screw
Fra:1 Mem:160.99M (Peak 160.99M) | Time:00:00.10 | Mem:0.00M, Peak:0.00M | CISCO_N9K_C9336C_FX2_V001, ViewLayer | Synchronizing object | REAR_STS_unpowered_indicator
Fra:1 Mem:161.00M (Peak 161.00M) | Time:00:00.10 | Mem:0.00M, Peak:0.00M | CISCO_N9K_C9336C_FX2_V001, ViewLayer | Synchronizing object | REAR_BCN_unpowered_indicator
Fra:1 Mem:161.00M (Peak 161.00M) | Time:00:00.10 | Mem:0.00M, Peak:0.00M | CISCO_N9K_C9336C_FX2_V001, ViewLayer | Synchronizing object | USB_A_contact_3
Fra:1 Mem:161.01M (Peak 161.01M) | Time:00:00.10 | Mem:0.00M, Peak:0.00M | CISCO_N9K_C9336C_FX2_V001, ViewLayer | Synchronizing object | USB_A_contact_2
Fra:1 Mem:161.01M (Peak 161.01M) | Time:00:00.10 | Mem:0.00M, Peak:0.00M | CISCO_N9K_C9336C_FX2_V001, ViewLayer | Synchronizing object | USB_A_contact_1
Fra:1 Mem:161.02M (Peak 161.02M) | Time:00:00.10 | Mem:0.00M, Peak:0.00M | CISCO_N9K_C9336C_FX2_V001, ViewLayer | Synchronizing object | USB_A_contact_0
Fra:1 Mem:161.03M (Peak 161.03M) | Time:00:00.10 | Mem:0.00M, Peak:0.00M | CISCO_N9K_C9336C_FX2_V001, ViewLayer | Synchronizing object | USB_A_black_tongue
Fra:1 Mem:161.03M (Peak 161.03M) | Time:00:00.10 | Mem:0.00M, Peak:0.00M | CISCO_N9K_C9336C_FX2_V001, ViewLayer | Synchronizing object | USB_A_deep_stop
Fra:1 Mem:161.03M (Peak 161.03M) | Time:00:00.10 | Mem:0.00M, Peak:0.00M | CISCO_N9K_C9336C_FX2_V001, ViewLayer | Synchronizing object | USB_A_metal_shell
Fra:1 Mem:161.05M (Peak 161.05M) | Time:00:00.10 | Mem:0.00M, Peak:0.00M | CISCO_N9K_C9336C_FX2_V001, ViewLayer | Synchronizing object | Mgmt_SFP_contact_9
Fra:1 Mem:161.05M (Peak 161.05M) | Time:00:00.10 | Mem:0.00M, Peak:0.00M | CISCO_N9K_C9336C_FX2_V001, ViewLayer | Synchronizing object | Mgmt_SFP_contact_8
Fra:1 Mem:161.06M (Peak 161.06M) | Time:00:00.10 | Mem:0.00M, Peak:0.00M | CISCO_N9K_C9336C_FX2_V001, ViewLayer | Synchronizing object | Mgmt_SFP_contact_7
Fra:1 Mem:161.06M (Peak 161.06M) | Time:00:00.10 | Mem:0.00M, Peak:0.00M | CISCO_N9K_C9336C_FX2_V001, ViewLayer | Synchronizing object | Mgmt_SFP_contact_6
Fra:1 Mem:161.06M (Peak 161.06M) | Time:00:00.10 | Mem:0.00M, Peak:0.00M | CISCO_N9K_C9336C_FX2_V001, ViewLayer | Synchronizing object | Mgmt_SFP_contact_5
Fra:1 Mem:161.06M (Peak 161.06M) | Time:00:00.10 | Mem:0.00M, Peak:0.00M | CISCO_N9K_C9336C_FX2_V001, ViewLayer | Synchronizing object | Mgmt_SFP_contact_4
Fra:1 Mem:161.06M (Peak 161.06M) | Time:00:00.10 | Mem:0.00M, Peak:0.00M | CISCO_N9K_C9336C_FX2_V001, ViewLayer | Synchronizing object | Mgmt_SFP_contact_3
Fra:1 Mem:161.06M (Peak 161.06M) | Time:00:00.10 | Mem:0.00M, Peak:0.00M | CISCO_N9K_C9336C_FX2_V001, ViewLayer | Synchronizing object | Mgmt_SFP_contact_2
Fra:1 Mem:161.06M (Peak 161.06M) | Time:00:00.10 | Mem:0.00M, Peak:0.00M | CISCO_N9K_C9336C_FX2_V001, ViewLayer | Synchronizing object | Mgmt_SFP_contact_1
Fra:1 Mem:161.06M (Peak 161.06M) | Time:00:00.10 | Mem:0.00M, Peak:0.00M | CISCO_N9K_C9336C_FX2_V001, ViewLayer | Synchronizing object | Mgmt_SFP_contact_0
Fra:1 Mem:161.06M (Peak 161.06M) | Time:00:00.10 | Mem:0.00M, Peak:0.00M | CISCO_N9K_C9336C_FX2_V001, ViewLayer | Synchronizing object | Mgmt_SFP_guide_5.8
Fra:1 Mem:161.08M (Peak 161.08M) | Time:00:00.10 | Mem:0.00M, Peak:0.00M | CISCO_N9K_C9336C_FX2_V001, ViewLayer | Synchronizing object | Mgmt_SFP_guide_-5.8
Fra:1 Mem:161.09M (Peak 161.09M) | Time:00:00.10 | Mem:0.00M, Peak:0.00M | CISCO_N9K_C9336C_FX2_V001, ViewLayer | Synchronizing object | Fan2_flush_lock_pin_39
Fra:1 Mem:161.10M (Peak 161.10M) | Time:00:00.10 | Mem:0.00M, Peak:0.00M | CISCO_N9K_C9336C_FX2_V001, ViewLayer | Synchronizing object | Fan3_rotor_housing_-1
Fra:1 Mem:161.10M (Peak 161.10M) | Time:00:00.10 | Mem:0.00M, Peak:0.00M | CISCO_N9K_C9336C_FX2_V001, ViewLayer | Synchronizing object | Mgmt_SFP_recessed_connector_stop
Fra:1 Mem:161.11M (Peak 161.11M) | Time:00:00.10 | Mem:0.00M, Peak:0.00M | CISCO_N9K_C9336C_FX2_V001, ViewLayer | Synchronizing object | Mgmt_SFP_deep_metal_cage
Fra:1 Mem:161.13M (Peak 161.13M) | Time:00:00.10 | Mem:0.00M, Peak:0.00M | CISCO_N9K_C9336C_FX2_V001, ViewLayer | Synchronizing object | Fan3_hub_-1
Fra:1 Mem:161.14M (Peak 161.14M) | Time:00:00.10 | Mem:0.00M, Peak:0.00M | CISCO_N9K_C9336C_FX2_V001, ViewLayer | Synchronizing object | MANAGEMENT_RJ45_unpowered_corner_LED_5.6
Fra:1 Mem:161.14M (Peak 161.14M) | Time:00:00.10 | Mem:0.00M, Peak:0.00M | CISCO_N9K_C9336C_FX2_V001, ViewLayer | Synchronizing object | Fan3_blade_-1_0
Fra:1 Mem:161.15M (Peak 161.15M) | Time:00:00.10 | Mem:0.00M, Peak:0.00M | CISCO_N9K_C9336C_FX2_V001, ViewLayer | Synchronizing object | Fan3_blade_-1_1
Fra:1 Mem:161.15M (Peak 161.15M) | Time:00:00.10 | Mem:0.00M, Peak:0.00M | CISCO_N9K_C9336C_FX2_V001, ViewLayer | Synchronizing object | MANAGEMENT_RJ45_unpowered_corner_LED_-5.6
Fra:1 Mem:161.15M (Peak 161.15M) | Time:00:00.10 | Mem:0.00M, Peak:0.00M | CISCO_N9K_C9336C_FX2_V001, ViewLayer | Synchronizing object | Fan3_blade_-1_2
Fra:1 Mem:161.15M (Peak 161.15M) | Time:00:00.10 | Mem:0.00M, Peak:0.00M | CISCO_N9K_C9336C_FX2_V001, ViewLayer | Synchronizing object | MANAGEMENT_RJ45_contact_7
Fra:1 Mem:161.16M (Peak 161.16M) | Time:00:00.10 | Mem:0.00M, Peak:0.00M | CISCO_N9K_C9336C_FX2_V001, ViewLayer | Synchronizing object | Fan3_blade_-1_3
Fra:1 Mem:161.16M (Peak 161.16M) | Time:00:00.10 | Mem:0.00M, Peak:0.00M | CISCO_N9K_C9336C_FX2_V001, ViewLayer | Synchronizing object | MANAGEMENT_RJ45_contact_6
Fra:1 Mem:161.17M (Peak 161.17M) | Time:00:00.10 | Mem:0.00M, Peak:0.00M | CISCO_N9K_C9336C_FX2_V001, ViewLayer | Synchronizing object | Fan3_blade_-1_4
Fra:1 Mem:161.17M (Peak 161.17M) | Time:00:00.10 | Mem:0.00M, Peak:0.00M | CISCO_N9K_C9336C_FX2_V001, ViewLayer | Synchronizing object | MANAGEMENT_RJ45_contact_5
Fra:1 Mem:161.17M (Peak 161.17M) | Time:00:00.10 | Mem:0.00M, Peak:0.00M | CISCO_N9K_C9336C_FX2_V001, ViewLayer | Synchronizing object | MANAGEMENT_RJ45_contact_4
Fra:1 Mem:161.18M (Peak 161.18M) | Time:00:00.10 | Mem:0.00M, Peak:0.00M | CISCO_N9K_C9336C_FX2_V001, ViewLayer | Synchronizing object | MANAGEMENT_RJ45_contact_3
Fra:1 Mem:161.19M (Peak 161.19M) | Time:00:00.10 | Mem:0.00M, Peak:0.00M | CISCO_N9K_C9336C_FX2_V001, ViewLayer | Synchronizing object | MANAGEMENT_RJ45_contact_2
Fra:1 Mem:161.19M (Peak 161.19M) | Time:00:00.10 | Mem:0.00M, Peak:0.00M | CISCO_N9K_C9336C_FX2_V001, ViewLayer | Synchronizing object | MANAGEMENT_RJ45_contact_1
Fra:1 Mem:161.20M (Peak 161.20M) | Time:00:00.10 | Mem:0.00M, Peak:0.00M | CISCO_N9K_C9336C_FX2_V001, ViewLayer | Synchronizing object | MANAGEMENT_RJ45_contact_0
Fra:1 Mem:161.20M (Peak 161.20M) | Time:00:00.10 | Mem:0.00M, Peak:0.00M | CISCO_N9K_C9336C_FX2_V001, ViewLayer | Synchronizing object | Fan3_blade_-1_5
Fra:1 Mem:161.20M (Peak 161.20M) | Time:00:00.10 | Mem:0.00M, Peak:0.00M | CISCO_N9K_C9336C_FX2_V001, ViewLayer | Synchronizing object | MANAGEMENT_RJ45_deep_connector_stop
Fra:1 Mem:161.21M (Peak 161.21M) | Time:00:00.10 | Mem:0.00M, Peak:0.00M | CISCO_N9K_C9336C_FX2_V001, ViewLayer | Synchronizing object | MANAGEMENT_RJ45_keyed_plastic_body
Fra:1 Mem:161.21M (Peak 161.21M) | Time:00:00.10 | Mem:0.00M, Peak:0.00M | CISCO_N9K_C9336C_FX2_V001, ViewLayer | Synchronizing object | MANAGEMENT_RJ45_metal_shield
Fra:1 Mem:161.23M (Peak 161.23M) | Time:00:00.10 | Mem:0.00M, Peak:0.00M | CISCO_N9K_C9336C_FX2_V001, ViewLayer | Synchronizing object | CONSOLE_RJ45_unpowered_corner_LED_5.6
Fra:1 Mem:161.24M (Peak 161.24M) | Time:00:00.10 | Mem:0.00M, Peak:0.00M | CISCO_N9K_C9336C_FX2_V001, ViewLayer | Synchronizing object | CONSOLE_RJ45_unpowered_corner_LED_-5.6
Fra:1 Mem:161.24M (Peak 161.24M) | Time:00:00.10 | Mem:0.00M, Peak:0.00M | CISCO_N9K_C9336C_FX2_V001, ViewLayer | Synchronizing object | CONSOLE_RJ45_contact_7
Fra:1 Mem:161.25M (Peak 161.25M) | Time:00:00.10 | Mem:0.00M, Peak:0.00M | CISCO_N9K_C9336C_FX2_V001, ViewLayer | Synchronizing object | CONSOLE_RJ45_contact_6
Fra:1 Mem:161.25M (Peak 161.25M) | Time:00:00.10 | Mem:0.00M, Peak:0.00M | CISCO_N9K_C9336C_FX2_V001, ViewLayer | Synchronizing object | CONSOLE_RJ45_contact_5
Fra:1 Mem:161.26M (Peak 161.26M) | Time:00:00.10 | Mem:0.00M, Peak:0.00M | CISCO_N9K_C9336C_FX2_V001, ViewLayer | Synchronizing object | CONSOLE_RJ45_contact_4
Fra:1 Mem:161.27M (Peak 161.27M) | Time:00:00.10 | Mem:0.00M, Peak:0.00M | CISCO_N9K_C9336C_FX2_V001, ViewLayer | Synchronizing object | CONSOLE_RJ45_contact_3
Fra:1 Mem:161.27M (Peak 161.27M) | Time:00:00.10 | Mem:0.00M, Peak:0.00M | CISCO_N9K_C9336C_FX2_V001, ViewLayer | Synchronizing object | CONSOLE_RJ45_contact_2
Fra:1 Mem:161.28M (Peak 161.28M) | Time:00:00.10 | Mem:0.00M, Peak:0.00M | CISCO_N9K_C9336C_FX2_V001, ViewLayer | Synchronizing object | CONSOLE_RJ45_contact_1
Fra:1 Mem:161.28M (Peak 161.28M) | Time:00:00.10 | Mem:0.00M, Peak:0.00M | CISCO_N9K_C9336C_FX2_V001, ViewLayer | Synchronizing object | CONSOLE_RJ45_contact_0
Fra:1 Mem:161.29M (Peak 161.29M) | Time:00:00.10 | Mem:0.00M, Peak:0.00M | CISCO_N9K_C9336C_FX2_V001, ViewLayer | Synchronizing object | CONSOLE_RJ45_deep_connector_stop
Fra:1 Mem:161.29M (Peak 161.29M) | Time:00:00.10 | Mem:0.00M, Peak:0.00M | CISCO_N9K_C9336C_FX2_V001, ViewLayer | Synchronizing object | CONSOLE_RJ45_keyed_plastic_body
Fra:1 Mem:161.29M (Peak 161.29M) | Time:00:00.10 | Mem:0.00M, Peak:0.00M | CISCO_N9K_C9336C_FX2_V001, ViewLayer | Synchronizing object | CONSOLE_RJ45_metal_shield
Fra:1 Mem:161.31M (Peak 161.31M) | Time:00:00.10 | Mem:0.00M, Peak:0.00M | CISCO_N9K_C9336C_FX2_V001, ViewLayer | Synchronizing object | Rear_service_panel_true_apertures
Fra:1 Mem:161.34M (Peak 161.34M) | Time:00:00.10 | Mem:0.00M, Peak:0.00M | CISCO_N9K_C9336C_FX2_V001, ViewLayer | Synchronizing object | PSU2_face_screw_24.5_39.3
Fra:1 Mem:161.36M (Peak 161.36M) | Time:00:00.10 | Mem:0.00M, Peak:0.00M | CISCO_N9K_C9336C_FX2_V001, ViewLayer | Synchronizing object | PSU2_face_screw_24.5_4.1
Fra:1 Mem:161.38M (Peak 161.38M) | Time:00:00.10 | Mem:0.00M, Peak:0.00M | CISCO_N9K_C9336C_FX2_V001, ViewLayer | Synchronizing object | PSU2_face_screw_-24.5_39.3
Fra:1 Mem:161.40M (Peak 161.40M) | Time:00:00.10 | Mem:0.00M, Peak:0.00M | CISCO_N9K_C9336C_FX2_V001, ViewLayer | Synchronizing object | Fan3_blade_-1_6
Fra:1 Mem:161.40M (Peak 161.40M) | Time:00:00.10 | Mem:0.00M, Peak:0.00M | CISCO_N9K_C9336C_FX2_V001, ViewLayer | Synchronizing object | PSU2_face_screw_-24.5_4.1
Fra:1 Mem:161.43M (Peak 161.43M) | Time:00:00.10 | Mem:0.00M, Peak:0.00M | CISCO_N9K_C9336C_FX2_V001, ViewLayer | Synchronizing object | Fan3_top_retention_rail_-1
Fra:1 Mem:161.43M (Peak 161.43M) | Time:00:00.10 | Mem:0.00M, Peak:0.00M | CISCO_N9K_C9336C_FX2_V001, ViewLayer | Synchronizing object | PSU2_unpowered_LED_32.6
Fra:1 Mem:161.45M (Peak 161.45M) | Time:00:00.10 | Mem:0.00M, Peak:0.00M | CISCO_N9K_C9336C_FX2_V001, ViewLayer | Synchronizing object | PSU2_unpowered_LED_36.8
Fra:1 Mem:161.45M (Peak 161.45M) | Time:00:00.10 | Mem:0.00M, Peak:0.00M | CISCO_N9K_C9336C_FX2_V001, ViewLayer | Synchronizing object | PSU2_retainer_rib_315.4
Fra:1 Mem:161.46M (Peak 161.46M) | Time:00:00.10 | Mem:0.00M, Peak:0.00M | CISCO_N9K_C9336C_FX2_V001, ViewLayer | Synchronizing object | PSU2_retainer_rib_313.2
Fra:1 Mem:161.47M (Peak 161.47M) | Time:00:00.10 | Mem:0.00M, Peak:0.00M | CISCO_N9K_C9336C_FX2_V001, ViewLayer | Synchronizing object | PSU2_retainer_rib_311
Fra:1 Mem:161.47M (Peak 161.47M) | Time:00:00.10 | Mem:0.00M, Peak:0.00M | CISCO_N9K_C9336C_FX2_V001, ViewLayer | Synchronizing object | Fan3_hub_1
Fra:1 Mem:161.47M (Peak 161.47M) | Time:00:00.10 | Mem:0.00M, Peak:0.00M | CISCO_N9K_C9336C_FX2_V001, ViewLayer | Synchronizing object | Fan3_blade_1_1
Fra:1 Mem:161.49M (Peak 161.49M) | Time:00:00.10 | Mem:0.00M, Peak:0.00M | CISCO_N9K_C9336C_FX2_V001, ViewLayer | Synchronizing object | PSU2_retainer_rib_308.8
Fra:1 Mem:161.49M (Peak 161.49M) | Time:00:00.10 | Mem:0.00M, Peak:0.00M | CISCO_N9K_C9336C_FX2_V001, ViewLayer | Synchronizing object | Fan3_blade_1_4
Fra:1 Mem:161.49M (Peak 161.49M) | Time:00:00.10 | Mem:0.00M, Peak:0.00M | CISCO_N9K_C9336C_FX2_V001, ViewLayer | Synchronizing object | Fan3_blade_1_5
Fra:1 Mem:161.50M (Peak 161.50M) | Time:00:00.10 | Mem:0.00M, Peak:0.00M | CISCO_N9K_C9336C_FX2_V001, ViewLayer | Synchronizing object | Fan3_blade_1_6
Fra:1 Mem:161.50M (Peak 161.50M) | Time:00:00.10 | Mem:0.00M, Peak:0.00M | CISCO_N9K_C9336C_FX2_V001, ViewLayer | Synchronizing object | Fan3_top_retention_rail_1
Fra:1 Mem:161.50M (Peak 161.50M) | Time:00:00.10 | Mem:0.00M, Peak:0.00M | CISCO_N9K_C9336C_FX2_V001, ViewLayer | Synchronizing object | Fan3_front_frame
Fra:1 Mem:161.53M (Peak 161.53M) | Time:00:00.10 | Mem:0.00M, Peak:0.00M | CISCO_N9K_C9336C_FX2_V001, ViewLayer | Synchronizing object | Fan3_true_honeycomb_front_grille
Fra:1 Mem:161.53M (Peak 161.53M) | Time:00:00.10 | Mem:0.00M, Peak:0.00M | CISCO_N9K_C9336C_FX2_V001, ViewLayer | Synchronizing object | PSU2_retainer_rib_302.2
Fra:1 Mem:161.69M (Peak 161.69M) | Time:00:00.10 | Mem:0.00M, Peak:0.00M | CISCO_N9K_C9336C_FX2_V001, ViewLayer | Synchronizing object | PSU2_retainer_rib_300
Fra:1 Mem:161.70M (Peak 161.70M) | Time:00:00.10 | Mem:0.00M, Peak:0.00M | CISCO_N9K_C9336C_FX2_V001, ViewLayer | Synchronizing object | PSU2_stowed_nylon_retention_loop
Fra:1 Mem:161.71M (Peak 161.71M) | Time:00:00.10 | Mem:0.00M, Peak:0.00M | CISCO_N9K_C9336C_FX2_V001, ViewLayer | Synchronizing object | PSU2_cord_retainer_anchor
Fra:1 Mem:161.72M (Peak 161.72M) | Time:00:00.10 | Mem:0.00M, Peak:0.00M | CISCO_N9K_C9336C_FX2_V001, ViewLayer | Synchronizing object | PSU2_BLUE_release_latch
Fra:1 Mem:161.72M (Peak 161.72M) | Time:00:00.10 | Mem:0.00M, Peak:0.00M | CISCO_N9K_C9336C_FX2_V001, ViewLayer | Synchronizing object | PSU2_silver_U_pull_handle
Fra:1 Mem:161.73M (Peak 161.73M) | Time:00:00.10 | Mem:0.00M, Peak:0.00M | CISCO_N9K_C9336C_FX2_V001, ViewLayer | Synchronizing object | Fan3_BLUE_release_latch_-1
Fra:1 Mem:162.17M (Peak 162.17M) | Time:00:00.10 | Mem:0.00M, Peak:0.00M | CISCO_N9K_C9336C_FX2_V001, ViewLayer | Synchronizing object | Fan3_latch_thumb_flare_-1
Fra:1 Mem:162.20M (Peak 162.20M) | Time:00:00.10 | Mem:0.00M, Peak:0.00M | CISCO_N9K_C9336C_FX2_V001, ViewLayer | Synchronizing object | Fan3_latch_grip_rib_-1_14
Fra:1 Mem:162.31M (Peak 162.31M) | Time:00:00.10 | Mem:0.00M, Peak:0.00M | CISCO_N9K_C9336C_FX2_V001, ViewLayer | Synchronizing object | Fan3_latch_grip_rib_-1_17
Fra:1 Mem:162.31M (Peak 162.31M) | Time:00:00.10 | Mem:0.00M, Peak:0.00M | CISCO_N9K_C9336C_FX2_V001, ViewLayer | Synchronizing object | Fan3_latch_grip_rib_-1_20
Fra:1 Mem:162.31M (Peak 162.31M) | Time:00:00.10 | Mem:0.00M, Peak:0.00M | CISCO_N9K_C9336C_FX2_V001, ViewLayer | Synchronizing object | Fan3_latch_grip_rib_-1_23
Fra:1 Mem:162.32M (Peak 162.32M) | Time:00:00.10 | Mem:0.00M, Peak:0.00M | CISCO_N9K_C9336C_FX2_V001, ViewLayer | Synchronizing object | PSU2_IEC_pin_2
Fra:1 Mem:162.33M (Peak 162.33M) | Time:00:00.10 | Mem:0.00M, Peak:0.00M | CISCO_N9K_C9336C_FX2_V001, ViewLayer | Synchronizing object | Fan3_latch_grip_rib_-1_26
Fra:1 Mem:162.40M (Peak 162.40M) | Time:00:00.10 | Mem:0.00M, Peak:0.00M | CISCO_N9K_C9336C_FX2_V001, ViewLayer | Synchronizing object | Fan3_BLUE_release_latch_1
Fra:1 Mem:162.70M (Peak 162.70M) | Time:00:00.10 | Mem:0.00M, Peak:0.00M | CISCO_N9K_C9336C_FX2_V001, ViewLayer | Synchronizing object | Fan3_latch_thumb_flare_1
Fra:1 Mem:162.70M (Peak 162.70M) | Time:00:00.10 | Mem:0.00M, Peak:0.00M | CISCO_N9K_C9336C_FX2_V001, ViewLayer | Synchronizing object | PSU2_IEC_pin_1
Fra:1 Mem:162.71M (Peak 162.71M) | Time:00:00.10 | Mem:0.00M, Peak:0.00M | CISCO_N9K_C9336C_FX2_V001, ViewLayer | Synchronizing object | Fan3_latch_grip_rib_1_17
Fra:1 Mem:162.74M (Peak 162.74M) | Time:00:00.10 | Mem:0.00M, Peak:0.00M | CISCO_N9K_C9336C_FX2_V001, ViewLayer | Synchronizing object | Fan3_latch_grip_rib_1_20
Fra:1 Mem:162.74M (Peak 162.74M) | Time:00:00.10 | Mem:0.00M, Peak:0.00M | CISCO_N9K_C9336C_FX2_V001, ViewLayer | Synchronizing object | Fan3_latch_grip_rib_1_23
Fra:1 Mem:162.75M (Peak 162.75M) | Time:00:00.10 | Mem:0.00M, Peak:0.00M | CISCO_N9K_C9336C_FX2_V001, ViewLayer | Synchronizing object | Fan3_latch_grip_rib_1_26
Fra:1 Mem:162.75M (Peak 162.75M) | Time:00:00.10 | Mem:0.00M, Peak:0.00M | CISCO_N9K_C9336C_FX2_V001, ViewLayer | Synchronizing object | Fan3_PID_label_recess
Fra:1 Mem:162.76M (Peak 162.76M) | Time:00:00.10 | Mem:0.00M, Peak:0.00M | CISCO_N9K_C9336C_FX2_V001, ViewLayer | Synchronizing object | Fan3_flush_lock_pin_-39
Fra:1 Mem:162.76M (Peak 162.76M) | Time:00:00.10 | Mem:0.00M, Peak:0.00M | CISCO_N9K_C9336C_FX2_V001, ViewLayer | Synchronizing object | Fan3_flush_lock_pin_39
Fra:1 Mem:162.80M (Peak 162.80M) | Time:00:00.10 | Mem:0.00M, Peak:0.00M | CISCO_N9K_C9336C_FX2_V001, ViewLayer | Synchronizing object | PSU1_formed_silver_shell
Fra:1 Mem:162.81M (Peak 162.81M) | Time:00:00.10 | Mem:0.00M, Peak:0.00M | CISCO_N9K_C9336C_FX2_V001, ViewLayer | Synchronizing object | PSU2_IEC_recessed_black_floor
Fra:1 Mem:162.81M (Peak 162.81M) | Time:00:00.10 | Mem:0.00M, Peak:0.00M | CISCO_N9K_C9336C_FX2_V001, ViewLayer | Synchronizing object | PSU1_rear_internal_endcap
Fra:1 Mem:162.81M (Peak 162.81M) | Time:00:00.10 | Mem:0.00M, Peak:0.00M | CISCO_N9K_C9336C_FX2_V001, ViewLayer | Synchronizing object | PSU2_IEC_C14_black_inlet_housing
Fra:1 Mem:163.47M (Peak 163.47M) | Time:00:00.10 | Mem:0.00M, Peak:0.00M | CISCO_N9K_C9336C_FX2_V001, ViewLayer | Synchronizing object | PSU2_true_hex_cooling_vents
Fra:1 Mem:163.52M (Peak 163.52M) | Time:00:00.10 | Mem:0.00M, Peak:0.00M | CISCO_N9K_C9336C_FX2_V001, ViewLayer | Synchronizing object | PSU1_internal_mating_block
Fra:1 Mem:163.62M (Peak 163.62M) | Time:00:00.10 | Mem:0.00M, Peak:0.00M | CISCO_N9K_C9336C_FX2_V001, ViewLayer | Synchronizing object | PSU1_internal_opaque_baffle
Fra:1 Mem:163.65M (Peak 163.65M) | Time:00:00.10 | Mem:0.00M, Peak:0.00M | CISCO_N9K_C9336C_FX2_V001, ViewLayer | Synchronizing object | PSU1_front_face_rim
Fra:1 Mem:163.65M (Peak 163.65M) | Time:00:00.10 | Mem:0.00M, Peak:0.00M | CISCO_N9K_C9336C_FX2_V001, ViewLayer | Synchronizing object | PSU1_inlet_vent_divider
Fra:1 Mem:163.70M (Peak 163.70M) | Time:00:00.10 | Mem:0.00M, Peak:0.00M | CISCO_N9K_C9336C_FX2_V001, ViewLayer | Synchronizing object | PSU1_true_hex_cooling_vents
Fra:1 Mem:172.90M (Peak 172.90M) | Time:00:00.10 | Mem:0.00M, Peak:0.00M | CISCO_N9K_C9336C_FX2_V001, ViewLayer | Synchronizing object | PSU1_IEC_C14_black_inlet_housing
Fra:1 Mem:173.84M (Peak 173.84M) | Time:00:00.10 | Mem:0.00M, Peak:0.00M | CISCO_N9K_C9336C_FX2_V001, ViewLayer | Synchronizing object | PSU1_IEC_recessed_black_floor
Fra:1 Mem:173.99M (Peak 173.99M) | Time:00:00.10 | Mem:0.00M, Peak:0.00M | CISCO_N9K_C9336C_FX2_V001, ViewLayer | Synchronizing object | PSU1_IEC_pin_0
Fra:1 Mem:173.82M (Peak 173.99M) | Time:00:00.10 | Mem:0.00M, Peak:0.00M | CISCO_N9K_C9336C_FX2_V001, ViewLayer | Synchronizing object | PSU2_inlet_vent_divider
Fra:1 Mem:173.83M (Peak 173.99M) | Time:00:00.10 | Mem:0.00M, Peak:0.00M | CISCO_N9K_C9336C_FX2_V001, ViewLayer | Synchronizing object | PSU2_front_face_rim
Fra:1 Mem:173.85M (Peak 173.99M) | Time:00:00.10 | Mem:0.00M, Peak:0.00M | CISCO_N9K_C9336C_FX2_V001, ViewLayer | Synchronizing object | PSU2_internal_opaque_baffle
Fra:1 Mem:173.85M (Peak 173.99M) | Time:00:00.10 | Mem:0.00M, Peak:0.00M | CISCO_N9K_C9336C_FX2_V001, ViewLayer | Synchronizing object | PSU2_internal_mating_block
Fra:1 Mem:173.85M (Peak 173.99M) | Time:00:00.10 | Mem:0.00M, Peak:0.00M | CISCO_N9K_C9336C_FX2_V001, ViewLayer | Synchronizing object | PSU2_rear_internal_endcap
Fra:1 Mem:173.87M (Peak 173.99M) | Time:00:00.10 | Mem:0.00M, Peak:0.00M | CISCO_N9K_C9336C_FX2_V001, ViewLayer | Synchronizing object | PSU1_IEC_pin_1
Fra:1 Mem:173.87M (Peak 173.99M) | Time:00:00.10 | Mem:0.00M, Peak:0.00M | CISCO_N9K_C9336C_FX2_V001, ViewLayer | Synchronizing object | PSU1_IEC_pin_2
Fra:1 Mem:173.89M (Peak 173.99M) | Time:00:00.10 | Mem:0.00M, Peak:0.00M | CISCO_N9K_C9336C_FX2_V001, ViewLayer | Synchronizing object | PSU2_formed_silver_shell
Fra:1 Mem:173.92M (Peak 173.99M) | Time:00:00.10 | Mem:0.00M, Peak:0.00M | CISCO_N9K_C9336C_FX2_V001, ViewLayer | Synchronizing object | PSU1_silver_U_pull_handle
Fra:1 Mem:173.92M (Peak 173.99M) | Time:00:00.10 | Mem:0.00M, Peak:0.00M | CISCO_N9K_C9336C_FX2_V001, ViewLayer | Synchronizing object | PSU1_BLUE_release_latch
Fra:1 Mem:173.94M (Peak 173.99M) | Time:00:00.10 | Mem:0.00M, Peak:0.00M | CISCO_N9K_C9336C_FX2_V001, ViewLayer | Synchronizing object | PSU1_cord_retainer_anchor
Fra:1 Mem:173.96M (Peak 173.99M) | Time:00:00.10 | Mem:0.00M, Peak:0.00M | CISCO_N9K_C9336C_FX2_V001, ViewLayer | Synchronizing object | PSU1_face_screw_24.5_39.3
Fra:1 Mem:173.98M (Peak 173.99M) | Time:00:00.10 | Mem:0.00M, Peak:0.00M | CISCO_N9K_C9336C_FX2_V001, ViewLayer | Synchronizing object | PSU1_stowed_nylon_retention_loop
Fra:1 Mem:173.99M (Peak 173.99M) | Time:00:00.10 | Mem:0.00M, Peak:0.00M | CISCO_N9K_C9336C_FX2_V001, ViewLayer | Synchronizing object | PSU1_retainer_rib_300
Fra:1 Mem:173.99M (Peak 173.99M) | Time:00:00.10 | Mem:0.00M, Peak:0.00M | CISCO_N9K_C9336C_FX2_V001, ViewLayer | Synchronizing object | PSU1_retainer_rib_302.2
Fra:1 Mem:174.01M (Peak 174.01M) | Time:00:00.10 | Mem:0.00M, Peak:0.00M | CISCO_N9K_C9336C_FX2_V001, ViewLayer | Synchronizing object | PSU1_face_screw_24.5_4.1
Fra:1 Mem:174.02M (Peak 174.02M) | Time:00:00.10 | Mem:0.00M, Peak:0.00M | CISCO_N9K_C9336C_FX2_V001, ViewLayer | Synchronizing object | PSU1_retainer_rib_304.4
Fra:1 Mem:174.02M (Peak 174.02M) | Time:00:00.10 | Mem:0.00M, Peak:0.00M | CISCO_N9K_C9336C_FX2_V001, ViewLayer | Synchronizing object | PSU1_face_screw_-24.5_39.3
Fra:1 Mem:174.04M (Peak 174.04M) | Time:00:00.10 | Mem:0.00M, Peak:0.00M | CISCO_N9K_C9336C_FX2_V001, ViewLayer | Synchronizing object | PSU1_face_screw_-24.5_4.1
Fra:1 Mem:174.06M (Peak 174.06M) | Time:00:00.10 | Mem:0.00M, Peak:0.00M | CISCO_N9K_C9336C_FX2_V001, ViewLayer | Synchronizing object | PSU1_unpowered_LED_32.6
Fra:1 Mem:174.07M (Peak 174.07M) | Time:00:00.10 | Mem:0.00M, Peak:0.00M | CISCO_N9K_C9336C_FX2_V001, ViewLayer | Synchronizing object | PSU1_unpowered_LED_36.8
Fra:1 Mem:174.07M (Peak 174.07M) | Time:00:00.10 | Mem:0.00M, Peak:0.00M | CISCO_N9K_C9336C_FX2_V001, ViewLayer | Synchronizing object | PSU1_retainer_rib_315.4
Fra:1 Mem:174.08M (Peak 174.08M) | Time:00:00.10 | Mem:0.00M, Peak:0.00M | CISCO_N9K_C9336C_FX2_V001, ViewLayer | Synchronizing object | PSU1_retainer_rib_313.2
Fra:1 Mem:174.08M (Peak 174.08M) | Time:00:00.10 | Mem:0.00M, Peak:0.00M | CISCO_N9K_C9336C_FX2_V001, ViewLayer | Synchronizing object | PSU1_retainer_rib_311
Fra:1 Mem:174.09M (Peak 174.09M) | Time:00:00.10 | Mem:0.00M, Peak:0.00M | CISCO_N9K_C9336C_FX2_V001, ViewLayer | Synchronizing object | PSU1_retainer_rib_308.8
Fra:1 Mem:174.10M (Peak 174.10M) | Time:00:00.10 | Mem:0.00M, Peak:0.00M | CISCO_N9K_C9336C_FX2_V001, ViewLayer | Synchronizing object | PSU1_retainer_rib_306.6
Fra:1 Mem:176.36M (Peak 185.41M) | Time:00:00.23 | Mem:0.00M, Peak:0.00M | CISCO_N9K_C9336C_FX2_V001, ViewLayer | Initializing
Fra:1 Mem:170.26M (Peak 185.41M) | Time:00:00.24 | Mem:0.00M, Peak:0.00M | CISCO_N9K_C9336C_FX2_V001, ViewLayer | Updating Images | Loading NWR_original_chassis_label_baked
Fra:1 Mem:170.26M (Peak 185.41M) | Time:00:00.24 | Mem:0.00M, Peak:0.00M | CISCO_N9K_C9336C_FX2_V001, ViewLayer | Updating Images | Loading chassis-satin-nickel-roughness
Fra:1 Mem:170.26M (Peak 185.41M) | Time:00:00.24 | Mem:0.00M, Peak:0.00M | CISCO_N9K_C9336C_FX2_V001, ViewLayer | Updating Images | Loading dark-grille-metal-roughness
Fra:1 Mem:170.26M (Peak 185.41M) | Time:00:00.24 | Mem:0.00M, Peak:0.00M | CISCO_N9K_C9336C_FX2_V001, ViewLayer | Updating Images | Loading zinc-plated-brackets-roughness
Fra:1 Mem:158.23M (Peak 185.81M) | Time:00:00.27 | Mem:7.50M, Peak:7.50M | CISCO_N9K_C9336C_FX2_V001, ViewLayer | Waiting for render to start
Fra:1 Mem:158.23M (Peak 185.81M) | Time:00:00.27 | Mem:7.50M, Peak:7.50M | CISCO_N9K_C9336C_FX2_V001, ViewLayer | Loading render kernels (may take a few minutes the first time)
Fra:1 Mem:158.23M (Peak 185.81M) | Time:00:00.27 | Mem:7.50M, Peak:7.50M | CISCO_N9K_C9336C_FX2_V001, ViewLayer | Updating Scene
Fra:1 Mem:158.23M (Peak 185.81M) | Time:00:00.27 | Mem:7.50M, Peak:7.50M | CISCO_N9K_C9336C_FX2_V001, ViewLayer | Updating Shaders
Fra:1 Mem:158.32M (Peak 185.81M) | Time:00:00.27 | Mem:7.51M, Peak:7.51M | CISCO_N9K_C9336C_FX2_V001, ViewLayer | Updating Procedurals
Fra:1 Mem:158.32M (Peak 185.81M) | Time:00:00.27 | Mem:7.51M, Peak:7.51M | CISCO_N9K_C9336C_FX2_V001, ViewLayer | Updating Background
Fra:1 Mem:158.32M (Peak 185.81M) | Time:00:00.27 | Mem:7.51M, Peak:7.51M | CISCO_N9K_C9336C_FX2_V001, ViewLayer | Updating Camera
Fra:1 Mem:158.32M (Peak 185.81M) | Time:00:00.27 | Mem:7.51M, Peak:7.51M | CISCO_N9K_C9336C_FX2_V001, ViewLayer | Updating Meshes Flags
Fra:1 Mem:158.32M (Peak 185.81M) | Time:00:00.27 | Mem:7.51M, Peak:7.51M | CISCO_N9K_C9336C_FX2_V001, ViewLayer | Updating Objects
Fra:1 Mem:158.32M (Peak 185.81M) | Time:00:00.27 | Mem:7.51M, Peak:7.51M | CISCO_N9K_C9336C_FX2_V001, ViewLayer | Updating Objects | Copying Transformations to device
Fra:1 Mem:158.54M (Peak 185.81M) | Time:00:00.27 | Mem:7.73M, Peak:7.73M | CISCO_N9K_C9336C_FX2_V001, ViewLayer | Updating Objects | Applying Static Transformations
Fra:1 Mem:158.54M (Peak 185.81M) | Time:00:00.27 | Mem:7.73M, Peak:7.73M | CISCO_N9K_C9336C_FX2_V001, ViewLayer | Updating Particle Systems
Fra:1 Mem:158.54M (Peak 185.81M) | Time:00:00.27 | Mem:7.73M, Peak:7.73M | CISCO_N9K_C9336C_FX2_V001, ViewLayer | Updating Particle Systems | Copying Particles to device
Fra:1 Mem:158.54M (Peak 185.81M) | Time:00:00.27 | Mem:7.73M, Peak:7.73M | CISCO_N9K_C9336C_FX2_V001, ViewLayer | Updating Meshes
Fra:1 Mem:163.60M (Peak 185.81M) | Time:00:00.28 | Mem:7.73M, Peak:7.73M | CISCO_N9K_C9336C_FX2_V001, ViewLayer | Updating Mesh | Computing attributes
Fra:1 Mem:186.46M (Peak 186.46M) | Time:00:00.31 | Mem:7.76M, Peak:7.76M | CISCO_N9K_C9336C_FX2_V001, ViewLayer | Updating Mesh | Copying Attributes to device
Fra:1 Mem:186.34M (Peak 186.46M) | Time:00:00.31 | Mem:30.46M, Peak:30.46M | CISCO_N9K_C9336C_FX2_V001, ViewLayer | Updating Geometry BVH Pair01_stainless_shell_29mm_deep 2/30 | Building BVH
Fra:1 Mem:186.34M (Peak 186.46M) | Time:00:00.31 | Mem:30.46M, Peak:30.46M | CISCO_N9K_C9336C_FX2_V001, ViewLayer | Updating Geometry BVH Port01_connector_contact_surround 6/30 | Building BVH
Fra:1 Mem:186.34M (Peak 186.46M) | Time:00:00.31 | Mem:30.46M, Peak:30.46M | CISCO_N9K_C9336C_FX2_V001, ViewLayer | Updating Geometry BVH Port01_guide_-1_-4.25 7/30 | Building BVH
Fra:1 Mem:186.34M (Peak 186.46M) | Time:00:00.31 | Mem:30.46M, Peak:30.46M | CISCO_N9K_C9336C_FX2_V001, ViewLayer | Updating Geometry BVH Port02_subtle_recessed_contact_row 30/30 | Building BVH
Fra:1 Mem:186.34M (Peak 186.46M) | Time:00:00.31 | Mem:30.54M, Peak:30.54M | CISCO_N9K_C9336C_FX2_V001, ViewLayer | Updating Geometry BVH Port02_subtle_recessed_contact_row 30/30 | Building BVH 0%
Fra:1 Mem:186.34M (Peak 186.46M) | Time:00:00.31 | Mem:30.61M, Peak:30.62M | CISCO_N9K_C9336C_FX2_V001, ViewLayer | Updating Geometry BVH Port01_guide_-1_4.25 8/30 | Building BVH
Fra:1 Mem:186.34M (Peak 186.46M) | Time:00:00.31 | Mem:30.62M, Peak:30.62M | CISCO_N9K_C9336C_FX2_V001, ViewLayer | Updating Geometry BVH Port02_spring_1_2.8 29/30 | Building BVH
Fra:1 Mem:186.34M (Peak 186.46M) | Time:00:00.31 | Mem:30.64M, Peak:30.64M | CISCO_N9K_C9336C_FX2_V001, ViewLayer | Updating Geometry BVH Port01_spring_1_-2.8 14/30 | Building BVH
Fra:1 Mem:186.34M (Peak 186.46M) | Time:00:00.31 | Mem:30.67M, Peak:30.67M | CISCO_N9K_C9336C_FX2_V001, ViewLayer | Updating Geometry BVH Port01_spring_1_0 15/30 | Building BVH
Fra:1 Mem:186.34M (Peak 186.46M) | Time:00:00.31 | Mem:30.72M, Peak:30.72M | CISCO_N9K_C9336C_FX2_V001, ViewLayer | Updating Geometry BVH Port01_subtle_recessed_contact_row 17/30 | Building BVH
Fra:1 Mem:186.34M (Peak 186.46M) | Time:00:00.31 | Mem:30.73M, Peak:30.73M | CISCO_N9K_C9336C_FX2_V001, ViewLayer | Updating Geometry BVH Port02_recessed_connector_stop 18/30 | Building BVH
Fra:1 Mem:186.34M (Peak 186.46M) | Time:00:00.31 | Mem:30.76M, Peak:30.76M | CISCO_N9K_C9336C_FX2_V001, ViewLayer | Updating Geometry BVH Port02_connector_contact_surround 19/30 | Building BVH
Fra:1 Mem:186.34M (Peak 186.46M) | Time:00:00.31 | Mem:30.78M, Peak:30.78M | CISCO_N9K_C9336C_FX2_V001, ViewLayer | Updating Geometry BVH Port02_guide_-1_-4.25 20/30 | Building BVH
Fra:1 Mem:186.34M (Peak 186.46M) | Time:00:00.31 | Mem:30.81M, Peak:30.81M | CISCO_N9K_C9336C_FX2_V001, ViewLayer | Updating Geometry BVH Port02_guide_-1_4.25 21/30 | Building BVH
Fra:1 Mem:186.34M (Peak 186.46M) | Time:00:00.31 | Mem:30.89M, Peak:30.89M | CISCO_N9K_C9336C_FX2_V001, ViewLayer | Updating Geometry BVH Port02_spring_1_0 28/30 | Building BVH
Fra:1 Mem:186.34M (Peak 186.46M) | Time:00:00.31 | Mem:30.91M, Peak:30.91M | CISCO_N9K_C9336C_FX2_V001, ViewLayer | Updating Geometry BVH Port02_spring_-1_0 23/30 | Building BVH
Fra:1 Mem:186.34M (Peak 186.46M) | Time:00:00.31 | Mem:30.91M, Peak:30.91M | CISCO_N9K_C9336C_FX2_V001, ViewLayer | Updating Geometry BVH Port02_spring_-1_2.8 24/30 | Building BVH
Fra:1 Mem:186.34M (Peak 186.46M) | Time:00:00.31 | Mem:30.84M, Peak:30.92M | CISCO_N9K_C9336C_FX2_V001, ViewLayer | Updating Geometry BVH Port02_guide_1_-4.25 25/30 | Building BVH
Fra:1 Mem:186.34M (Peak 186.46M) | Time:00:00.31 | Mem:30.84M, Peak:30.92M | CISCO_N9K_C9336C_FX2_V001, ViewLayer | Updating Geometry BVH Port02_guide_1_4.25 26/30 | Building BVH
Fra:1 Mem:186.34M (Peak 186.46M) | Time:00:00.31 | Mem:30.89M, Peak:30.92M | CISCO_N9K_C9336C_FX2_V001, ViewLayer | Updating Geometry BVH Port02_spring_1_-2.8 27/30 | Building BVH
Fra:1 Mem:186.34M (Peak 186.46M) | Time:00:00.31 | Mem:30.94M, Peak:30.94M | CISCO_N9K_C9336C_FX2_V001, ViewLayer | Updating Scene BVH | Building
Fra:1 Mem:186.35M (Peak 186.46M) | Time:00:00.31 | Mem:30.94M, Peak:30.94M | CISCO_N9K_C9336C_FX2_V001, ViewLayer | Updating Scene BVH | Building BVH
Fra:1 Mem:186.35M (Peak 186.46M) | Time:00:00.34 | Mem:51.87M, Peak:61.81M | CISCO_N9K_C9336C_FX2_V001, ViewLayer | Updating Scene BVH | Copying BVH to device
Fra:1 Mem:186.35M (Peak 186.46M) | Time:00:00.34 | Mem:51.87M, Peak:61.81M | CISCO_N9K_C9336C_FX2_V001, ViewLayer | Updating Mesh | Computing normals
Fra:1 Mem:197.68M (Peak 197.68M) | Time:00:00.35 | Mem:51.87M, Peak:61.81M | CISCO_N9K_C9336C_FX2_V001, ViewLayer | Updating Mesh | Copying Mesh to device
Fra:1 Mem:197.68M (Peak 197.68M) | Time:00:00.35 | Mem:63.21M, Peak:63.21M | CISCO_N9K_C9336C_FX2_V001, ViewLayer | Updating Objects Flags
Fra:1 Mem:197.68M (Peak 197.68M) | Time:00:00.35 | Mem:63.21M, Peak:63.21M | CISCO_N9K_C9336C_FX2_V001, ViewLayer | Updating Primitive Offsets
Fra:1 Mem:197.69M (Peak 197.69M) | Time:00:00.35 | Mem:63.22M, Peak:63.22M | CISCO_N9K_C9336C_FX2_V001, ViewLayer | Updating Images
Fra:1 Mem:197.69M (Peak 197.69M) | Time:00:00.35 | Mem:63.22M, Peak:63.22M | CISCO_N9K_C9336C_FX2_V001, ViewLayer | Updating Camera Volume
Fra:1 Mem:197.69M (Peak 197.69M) | Time:00:00.35 | Mem:63.22M, Peak:63.22M | CISCO_N9K_C9336C_FX2_V001, ViewLayer | Updating Lookup Tables
Fra:1 Mem:197.69M (Peak 197.69M) | Time:00:00.35 | Mem:63.30M, Peak:63.30M | CISCO_N9K_C9336C_FX2_V001, ViewLayer | Updating Lights
Fra:1 Mem:197.69M (Peak 197.69M) | Time:00:00.35 | Mem:63.30M, Peak:63.30M | CISCO_N9K_C9336C_FX2_V001, ViewLayer | Updating Lights | Computing distribution
Fra:1 Mem:197.69M (Peak 197.69M) | Time:00:00.35 | Mem:63.30M, Peak:63.30M | CISCO_N9K_C9336C_FX2_V001, ViewLayer | Updating Lights | Computing tree
Fra:1 Mem:197.69M (Peak 197.69M) | Time:00:00.35 | Mem:63.31M, Peak:63.31M | CISCO_N9K_C9336C_FX2_V001, ViewLayer | Updating Integrator
Fra:1 Mem:198.69M (Peak 198.69M) | Time:00:00.35 | Mem:64.31M, Peak:64.31M | CISCO_N9K_C9336C_FX2_V001, ViewLayer | Updating Film
Fra:1 Mem:198.70M (Peak 198.70M) | Time:00:00.35 | Mem:64.22M, Peak:64.31M | CISCO_N9K_C9336C_FX2_V001, ViewLayer | Updating Lookup Tables
Fra:1 Mem:198.70M (Peak 198.70M) | Time:00:00.35 | Mem:64.31M, Peak:64.31M | CISCO_N9K_C9336C_FX2_V001, ViewLayer | Updating Baking
Fra:1 Mem:198.70M (Peak 198.70M) | Time:00:00.35 | Mem:64.31M, Peak:64.31M | CISCO_N9K_C9336C_FX2_V001, ViewLayer | Updating Device | Writing constant memory
Fra:1 Mem:198.71M (Peak 198.71M) | Time:00:00.35 | Mem:64.31M, Peak:64.31M | CISCO_N9K_C9336C_FX2_V001, ViewLayer | Sample 0/32
Fra:1 Mem:217.28M (Peak 217.28M) | Time:00:00.59 | Remaining:00:07.51 | Mem:82.86M, Peak:82.86M | CISCO_N9K_C9336C_FX2_V001, ViewLayer | Sample 1/32
Fra:1 Mem:225.52M (Peak 242.00M) | Time:00:06.62 | Mem:82.86M, Peak:82.86M | CISCO_N9K_C9336C_FX2_V001, ViewLayer | Sample 32/32
Fra:1 Mem:225.52M (Peak 242.00M) | Time:00:06.62 | Mem:82.86M, Peak:82.86M | CISCO_N9K_C9336C_FX2_V001, ViewLayer | Finished
Saved: '/root/Project/rack-device-3d/Cisco-N9KC9336C-FX2/v001/qa/lighting-factor-0.15.png'
Time: 00:06.97 (Saving: 00:00.34)

Fra:1 Mem:138.95M (Peak 138.95M) | Time:00:00.07 | Mem:0.00M, Peak:0.00M | CISCO_N9K_C9336C_FX2_V001, ViewLayer | Synchronizing object | INFERRED_Bottom_folded_sheet
Fra:1 Mem:138.95M (Peak 138.95M) | Time:00:00.07 | Mem:0.00M, Peak:0.00M | CISCO_N9K_C9336C_FX2_V001, ViewLayer | Synchronizing object | Lid_staggered_punched_vent_2028_through_holes
Fra:1 Mem:139.20M (Peak 139.20M) | Time:00:00.07 | Mem:0.00M, Peak:0.00M | CISCO_N9K_C9336C_FX2_V001, ViewLayer | Synchronizing object | Lid_vent_side_border_1
Fra:1 Mem:139.32M (Peak 139.32M) | Time:00:00.07 | Mem:0.00M, Peak:0.00M | CISCO_N9K_C9336C_FX2_V001, ViewLayer | Synchronizing object | Interior_under_port_vent_baffle
Fra:1 Mem:140.87M (Peak 140.87M) | Time:00:00.07 | Mem:0.00M, Peak:0.00M | CISCO_N9K_C9336C_FX2_V001, ViewLayer | Synchronizing object | Port_face_solid_punched_panel
Fra:1 Mem:144.24M (Peak 144.24M) | Time:00:00.07 | Mem:0.00M, Peak:0.00M | CISCO_N9K_C9336C_FX2_V001, ViewLayer | Synchronizing object | Front_lower_rectangular_vent_strip
Fra:1 Mem:144.34M (Peak 144.34M) | Time:00:00.07 | Mem:0.00M, Peak:0.00M | CISCO_N9K_C9336C_FX2_V001, ViewLayer | Synchronizing object | Front_lower_control_label_land
Fra:1 Mem:145.32M (Peak 145.32M) | Time:00:00.07 | Mem:0.00M, Peak:0.00M | CISCO_N9K_C9336C_FX2_V001, ViewLayer | Synchronizing object | Front_lower_right_land
Fra:1 Mem:145.33M (Peak 145.33M) | Time:00:00.07 | Mem:0.00M, Peak:0.00M | CISCO_N9K_C9336C_FX2_V001, ViewLayer | Synchronizing object | Rear_horizontal_rim_1.25
Fra:1 Mem:145.53M (Peak 145.53M) | Time:00:00.07 | Mem:0.00M, Peak:0.00M | CISCO_N9K_C9336C_FX2_V001, ViewLayer | Synchronizing object | Rear_horizontal_rim_42.438
Fra:1 Mem:145.53M (Peak 145.53M) | Time:00:00.07 | Mem:0.00M, Peak:0.00M | CISCO_N9K_C9336C_FX2_V001, ViewLayer | Synchronizing object | Rear_side_rim_-218.46
Fra:1 Mem:145.53M (Peak 145.53M) | Time:00:00.07 | Mem:0.00M, Peak:0.00M | CISCO_N9K_C9336C_FX2_V001, ViewLayer | Synchronizing object | Rear_side_rim_218.46
Fra:1 Mem:146.16M (Peak 146.16M) | Time:00:00.07 | Mem:0.00M, Peak:0.00M | CISCO_N9K_C9336C_FX2_V001, ViewLayer | Synchronizing object | Rear_module_divider_160
Fra:1 Mem:146.17M (Peak 146.17M) | Time:00:00.07 | Mem:0.00M, Peak:0.00M | CISCO_N9K_C9336C_FX2_V001, ViewLayer | Synchronizing object | Rear_module_divider_70
Fra:1 Mem:146.19M (Peak 146.19M) | Time:00:00.07 | Mem:0.00M, Peak:0.00M | CISCO_N9K_C9336C_FX2_V001, ViewLayer | Synchronizing object | Rear_module_divider_-20
Fra:1 Mem:147.45M (Peak 147.48M) | Time:00:00.07 | Mem:0.00M, Peak:0.00M | CISCO_N9K_C9336C_FX2_V001, ViewLayer | Synchronizing object | Rear_module_divider_-110
Fra:1 Mem:147.45M (Peak 147.48M) | Time:00:00.07 | Mem:0.00M, Peak:0.00M | CISCO_N9K_C9336C_FX2_V001, ViewLayer | Synchronizing object | Rear_module_divider_-160
Fra:1 Mem:147.47M (Peak 147.48M) | Time:00:00.07 | Mem:0.00M, Peak:0.00M | CISCO_N9K_C9336C_FX2_V001, ViewLayer | Synchronizing object | Lid_flush_Phillips_00
Fra:1 Mem:147.48M (Peak 147.48M) | Time:00:00.07 | Mem:0.00M, Peak:0.00M | CISCO_N9K_C9336C_FX2_V001, ViewLayer | Synchronizing object | LEFT_EAR_bent_opaque_solid_with_true_bores
Fra:1 Mem:147.84M (Peak 147.84M) | Time:00:00.07 | Mem:0.00M, Peak:0.00M | CISCO_N9K_C9336C_FX2_V001, ViewLayer | Synchronizing object | LEFT_ear_M4_-284_10.8
Fra:1 Mem:147.85M (Peak 147.85M) | Time:00:00.07 | Mem:0.00M, Peak:0.00M | CISCO_N9K_C9336C_FX2_V001, ViewLayer | Synchronizing object | LEFT_ear_M4_-284_32.8
Fra:1 Mem:149.89M (Peak 149.89M) | Time:00:00.07 | Mem:0.00M, Peak:0.00M | CISCO_N9K_C9336C_FX2_V001, ViewLayer | Synchronizing object | LEFT_ear_M4_-256_10.8
Fra:1 Mem:149.95M (Peak 149.95M) | Time:00:00.07 | Mem:0.00M, Peak:0.00M | CISCO_N9K_C9336C_FX2_V001, ViewLayer | Synchronizing object | LEFT_ear_M4_-256_32.8
Fra:1 Mem:149.99M (Peak 149.99M) | Time:00:00.07 | Mem:0.00M, Peak:0.00M | CISCO_N9K_C9336C_FX2_V001, ViewLayer | Synchronizing object | RIGHT_EAR_bent_opaque_solid_with_true_bores
Fra:1 Mem:150.20M (Peak 150.20M) | Time:00:00.07 | Mem:0.00M, Peak:0.00M | CISCO_N9K_C9336C_FX2_V001, ViewLayer | Synchronizing object | RIGHT_ear_M4_-284_10.8
Fra:1 Mem:150.21M (Peak 150.21M) | Time:00:00.07 | Mem:0.00M, Peak:0.00M | CISCO_N9K_C9336C_FX2_V001, ViewLayer | Synchronizing object | RIGHT_ear_M4_-284_32.8
Fra:1 Mem:150.62M (Peak 150.62M) | Time:00:00.07 | Mem:0.00M, Peak:0.00M | CISCO_N9K_C9336C_FX2_V001, ViewLayer | Synchronizing object | RIGHT_ear_M4_-256_10.8
Fra:1 Mem:150.64M (Peak 150.64M) | Time:00:00.07 | Mem:0.00M, Peak:0.00M | CISCO_N9K_C9336C_FX2_V001, ViewLayer | Synchronizing object | RIGHT_ear_M4_-256_32.8
Fra:1 Mem:150.72M (Peak 150.72M) | Time:00:00.07 | Mem:0.00M, Peak:0.00M | CISCO_N9K_C9336C_FX2_V001, ViewLayer | Synchronizing object | Pair01_stainless_shell_29mm_deep
Fra:1 Mem:150.75M (Peak 150.75M) | Time:00:00.07 | Mem:0.00M, Peak:0.00M | CISCO_N9K_C9336C_FX2_V001, ViewLayer | Synchronizing object | Pair01_front_separator_true_perforations
Fra:1 Mem:151.00M (Peak 151.00M) | Time:00:00.07 | Mem:0.00M, Peak:0.00M | CISCO_N9K_C9336C_FX2_V001, ViewLayer | Synchronizing object | Pair01_internal_cooling_shelf
Fra:1 Mem:152.50M (Peak 152.50M) | Time:00:00.07 | Mem:0.00M, Peak:0.00M | CISCO_N9K_C9336C_FX2_V001, ViewLayer | Synchronizing object | Fan1_known_PID
Fra:1 Mem:152.54M (Peak 152.54M) | Time:00:00.07 | Mem:0.00M, Peak:0.00M | CISCO_N9K_C9336C_FX2_V001, ViewLayer | Synchronizing object | Fan2_known_PID
Fra:1 Mem:152.57M (Peak 152.57M) | Time:00:00.07 | Mem:0.00M, Peak:0.00M | CISCO_N9K_C9336C_FX2_V001, ViewLayer | Synchronizing object | Fan3_known_PID
Fra:1 Mem:152.60M (Peak 152.60M) | Time:00:00.07 | Mem:0.00M, Peak:0.00M | CISCO_N9K_C9336C_FX2_V001, ViewLayer | Synchronizing object | PSU1_FAIL_legend
Fra:1 Mem:152.60M (Peak 152.60M) | Time:00:00.07 | Mem:0.00M, Peak:0.00M | CISCO_N9K_C9336C_FX2_V001, ViewLayer | Synchronizing object | PSU1_OK_legend
Fra:1 Mem:152.61M (Peak 152.61M) | Time:00:00.07 | Mem:0.00M, Peak:0.00M | CISCO_N9K_C9336C_FX2_V001, ViewLayer | Synchronizing object | Port01_recessed_connector_stop
Fra:1 Mem:152.62M (Peak 152.62M) | Time:00:00.07 | Mem:0.00M, Peak:0.00M | CISCO_N9K_C9336C_FX2_V001, ViewLayer | Synchronizing object | PSU2_FAIL_legend
Fra:1 Mem:152.62M (Peak 152.62M) | Time:00:00.07 | Mem:0.00M, Peak:0.00M | CISCO_N9K_C9336C_FX2_V001, ViewLayer | Synchronizing object | PSU2_OK_legend
Fra:1 Mem:152.63M (Peak 152.63M) | Time:00:00.07 | Mem:0.00M, Peak:0.00M | CISCO_N9K_C9336C_FX2_V001, ViewLayer | Synchronizing object | Port01_connector_contact_surround
Fra:1 Mem:152.64M (Peak 152.64M) | Time:00:00.07 | Mem:0.00M, Peak:0.00M | CISCO_N9K_C9336C_FX2_V001, ViewLayer | Synchronizing object | Port01_guide_-1_-4.25
Fra:1 Mem:152.69M (Peak 152.69M) | Time:00:00.07 | Mem:0.00M, Peak:0.00M | CISCO_N9K_C9336C_FX2_V001, ViewLayer | Synchronizing object | Port01_guide_-1_4.25
Fra:1 Mem:152.78M (Peak 152.78M) | Time:00:00.07 | Mem:0.00M, Peak:0.00M | CISCO_N9K_C9336C_FX2_V001, ViewLayer | Synchronizing object | REAR_BCN_legend
Fra:1 Mem:152.93M (Peak 152.93M) | Time:00:00.07 | Mem:0.00M, Peak:0.00M | CISCO_N9K_C9336C_FX2_V001, ViewLayer | Synchronizing object | REAR_STS_legend
Fra:1 Mem:152.69M (Peak 152.93M) | Time:00:00.07 | Mem:0.00M, Peak:0.00M | CISCO_N9K_C9336C_FX2_V001, ViewLayer | Synchronizing object | Rear_P2_arrow_legend
Fra:1 Mem:152.70M (Peak 152.93M) | Time:00:00.07 | Mem:0.00M, Peak:0.00M | CISCO_N9K_C9336C_FX2_V001, ViewLayer | Synchronizing object | FRONT_BCN_legend
Fra:1 Mem:152.71M (Peak 152.93M) | Time:00:00.07 | Mem:0.00M, Peak:0.00M | CISCO_N9K_C9336C_FX2_V001, ViewLayer | Synchronizing object | Port01_spring_-1_-2.8
Fra:1 Mem:152.72M (Peak 152.93M) | Time:00:00.07 | Mem:0.00M, Peak:0.00M | CISCO_N9K_C9336C_FX2_V001, ViewLayer | Synchronizing object | FRONT_STS_legend
Fra:1 Mem:152.73M (Peak 152.93M) | Time:00:00.07 | Mem:0.00M, Peak:0.00M | CISCO_N9K_C9336C_FX2_V001, ViewLayer | Synchronizing object | Port01_spring_-1_0
Fra:1 Mem:152.74M (Peak 152.93M) | Time:00:00.07 | Mem:0.00M, Peak:0.00M | CISCO_N9K_C9336C_FX2_V001, ViewLayer | Synchronizing object | FRONT_ENV_legend
Fra:1 Mem:152.75M (Peak 152.93M) | Time:00:00.07 | Mem:0.00M, Peak:0.00M | CISCO_N9K_C9336C_FX2_V001, ViewLayer | Synchronizing object | FRONT_1_legend
Fra:1 Mem:152.75M (Peak 152.93M) | Time:00:00.07 | Mem:0.00M, Peak:0.00M | CISCO_N9K_C9336C_FX2_V001, ViewLayer | Synchronizing object | FRONT_2_legend
Fra:1 Mem:152.76M (Peak 152.93M) | Time:00:00.07 | Mem:0.00M, Peak:0.00M | CISCO_N9K_C9336C_FX2_V001, ViewLayer | Synchronizing object | FRONT_3_legend
Fra:1 Mem:152.76M (Peak 152.93M) | Time:00:00.07 | Mem:0.00M, Peak:0.00M | CISCO_N9K_C9336C_FX2_V001, ViewLayer | Synchronizing object | FRONT_4_legend
Fra:1 Mem:152.76M (Peak 152.93M) | Time:00:00.07 | Mem:0.00M, Peak:0.00M | CISCO_N9K_C9336C_FX2_V001, ViewLayer | Synchronizing object | LS_selector_text
Fra:1 Mem:152.77M (Peak 152.93M) | Time:00:00.07 | Mem:0.00M, Peak:0.00M | CISCO_N9K_C9336C_FX2_V001, ViewLayer | Synchronizing object | Port01_spring_-1_2.8
Fra:1 Mem:152.78M (Peak 152.93M) | Time:00:00.07 | Mem:0.00M, Peak:0.00M | CISCO_N9K_C9336C_FX2_V001, ViewLayer | Synchronizing object | Port01_guide_1_-4.25
Fra:1 Mem:152.79M (Peak 152.93M) | Time:00:00.07 | Mem:0.00M, Peak:0.00M | CISCO_N9K_C9336C_FX2_V001, ViewLayer | Synchronizing object | Port01_guide_1_4.25
Fra:1 Mem:152.80M (Peak 152.93M) | Time:00:00.07 | Mem:0.00M, Peak:0.00M | CISCO_N9K_C9336C_FX2_V001, ViewLayer | Synchronizing object | Cisco_brand_wordmark
Fra:1 Mem:152.85M (Peak 152.93M) | Time:00:00.07 | Mem:0.00M, Peak:0.00M | CISCO_N9K_C9336C_FX2_V001, ViewLayer | Synchronizing object | Cisco_product_family_line_1
Fra:1 Mem:152.87M (Peak 152.93M) | Time:00:00.07 | Mem:0.00M, Peak:0.00M | CISCO_N9K_C9336C_FX2_V001, ViewLayer | Synchronizing object | Cisco_product_family_line_2
Fra:1 Mem:152.89M (Peak 152.93M) | Time:00:00.07 | Mem:0.00M, Peak:0.00M | CISCO_N9K_C9336C_FX2_V001, ViewLayer | Synchronizing object | Correct_factory_PID
Fra:1 Mem:152.89M (Peak 152.93M) | Time:00:00.07 | Mem:0.00M, Peak:0.00M | CISCO_N9K_C9336C_FX2_V001, ViewLayer | Synchronizing object | Port01_subtle_recessed_contact_row
Fra:1 Mem:152.96M (Peak 152.96M) | Time:00:00.07 | Mem:0.00M, Peak:0.00M | CISCO_N9K_C9336C_FX2_V001, ViewLayer | Synchronizing object | Port02_recessed_connector_stop
Fra:1 Mem:152.96M (Peak 152.96M) | Time:00:00.07 | Mem:0.00M, Peak:0.00M | CISCO_N9K_C9336C_FX2_V001, ViewLayer | Synchronizing object | PORT_NUMBER_01
Fra:1 Mem:152.96M (Peak 152.96M) | Time:00:00.07 | Mem:0.00M, Peak:0.00M | CISCO_N9K_C9336C_FX2_V001, ViewLayer | Synchronizing object | Port02_guide_-1_-4.25
Fra:1 Mem:152.96M (Peak 152.96M) | Time:00:00.07 | Mem:0.00M, Peak:0.00M | CISCO_N9K_C9336C_FX2_V001, ViewLayer | Synchronizing object | Port02_guide_-1_4.25
Fra:1 Mem:152.97M (Peak 152.97M) | Time:00:00.07 | Mem:0.00M, Peak:0.00M | CISCO_N9K_C9336C_FX2_V001, ViewLayer | Synchronizing object | PORT_NUMBER_02
Fra:1 Mem:153.02M (Peak 153.02M) | Time:00:00.07 | Mem:0.00M, Peak:0.00M | CISCO_N9K_C9336C_FX2_V001, ViewLayer | Synchronizing object | PORT_NUMBER_03
Fra:1 Mem:153.03M (Peak 153.03M) | Time:00:00.07 | Mem:0.00M, Peak:0.00M | CISCO_N9K_C9336C_FX2_V001, ViewLayer | Synchronizing object | Port02_spring_-1_2.8
Fra:1 Mem:153.04M (Peak 153.04M) | Time:00:00.07 | Mem:0.00M, Peak:0.00M | CISCO_N9K_C9336C_FX2_V001, ViewLayer | Synchronizing object | Port02_guide_1_-4.25
Fra:1 Mem:153.05M (Peak 153.05M) | Time:00:00.07 | Mem:0.00M, Peak:0.00M | CISCO_N9K_C9336C_FX2_V001, ViewLayer | Synchronizing object | PORT_NUMBER_04
Fra:1 Mem:153.06M (Peak 153.06M) | Time:00:00.07 | Mem:0.00M, Peak:0.00M | CISCO_N9K_C9336C_FX2_V001, ViewLayer | Synchronizing object | Port02_guide_1_4.25
Fra:1 Mem:157.59M (Peak 157.59M) | Time:00:00.07 | Mem:0.00M, Peak:0.00M | CISCO_N9K_C9336C_FX2_V001, ViewLayer | Synchronizing object | PORT_NUMBER_05
Fra:1 Mem:157.60M (Peak 157.60M) | Time:00:00.07 | Mem:0.00M, Peak:0.00M | CISCO_N9K_C9336C_FX2_V001, ViewLayer | Synchronizing object | PORT_NUMBER_06
Fra:1 Mem:157.60M (Peak 157.60M) | Time:00:00.07 | Mem:0.00M, Peak:0.00M | CISCO_N9K_C9336C_FX2_V001, ViewLayer | Synchronizing object | PORT_NUMBER_07
Fra:1 Mem:157.61M (Peak 157.61M) | Time:00:00.07 | Mem:0.00M, Peak:0.00M | CISCO_N9K_C9336C_FX2_V001, ViewLayer | Synchronizing object | PORT_NUMBER_08
Fra:1 Mem:157.61M (Peak 157.61M) | Time:00:00.07 | Mem:0.00M, Peak:0.00M | CISCO_N9K_C9336C_FX2_V001, ViewLayer | Synchronizing object | PORT_NUMBER_09
Fra:1 Mem:157.62M (Peak 157.62M) | Time:00:00.07 | Mem:0.00M, Peak:0.00M | CISCO_N9K_C9336C_FX2_V001, ViewLayer | Synchronizing object | PORT_NUMBER_10
Fra:1 Mem:157.62M (Peak 157.62M) | Time:00:00.08 | Mem:0.00M, Peak:0.00M | CISCO_N9K_C9336C_FX2_V001, ViewLayer | Synchronizing object | PORT_NUMBER_11
Fra:1 Mem:157.63M (Peak 157.63M) | Time:00:00.08 | Mem:0.00M, Peak:0.00M | CISCO_N9K_C9336C_FX2_V001, ViewLayer | Synchronizing object | PORT_NUMBER_12
Fra:1 Mem:157.63M (Peak 157.63M) | Time:00:00.08 | Mem:0.00M, Peak:0.00M | CISCO_N9K_C9336C_FX2_V001, ViewLayer | Synchronizing object | Port02_spring_1_-2.8
Fra:1 Mem:157.63M (Peak 157.63M) | Time:00:00.08 | Mem:0.00M, Peak:0.00M | CISCO_N9K_C9336C_FX2_V001, ViewLayer | Synchronizing object | Port02_spring_1_0
Fra:1 Mem:157.66M (Peak 157.66M) | Time:00:00.08 | Mem:0.00M, Peak:0.00M | CISCO_N9K_C9336C_FX2_V001, ViewLayer | Synchronizing object | PORT_NUMBER_14
Fra:1 Mem:157.67M (Peak 157.67M) | Time:00:00.08 | Mem:0.00M, Peak:0.00M | CISCO_N9K_C9336C_FX2_V001, ViewLayer | Synchronizing object | PORT_NUMBER_15
Fra:1 Mem:157.67M (Peak 157.67M) | Time:00:00.08 | Mem:0.00M, Peak:0.00M | CISCO_N9K_C9336C_FX2_V001, ViewLayer | Synchronizing object | PORT_NUMBER_16
Fra:1 Mem:157.68M (Peak 157.68M) | Time:00:00.08 | Mem:0.00M, Peak:0.00M | CISCO_N9K_C9336C_FX2_V001, ViewLayer | Synchronizing object | PORT_NUMBER_17
Fra:1 Mem:157.68M (Peak 157.68M) | Time:00:00.08 | Mem:0.00M, Peak:0.00M | CISCO_N9K_C9336C_FX2_V001, ViewLayer | Synchronizing object | PORT_NUMBER_18
Fra:1 Mem:157.69M (Peak 157.69M) | Time:00:00.08 | Mem:0.00M, Peak:0.00M | CISCO_N9K_C9336C_FX2_V001, ViewLayer | Synchronizing object | PORT_NUMBER_19
Fra:1 Mem:157.70M (Peak 157.70M) | Time:00:00.08 | Mem:0.00M, Peak:0.00M | CISCO_N9K_C9336C_FX2_V001, ViewLayer | Synchronizing object | PORT_NUMBER_20
Fra:1 Mem:157.70M (Peak 157.70M) | Time:00:00.08 | Mem:0.00M, Peak:0.00M | CISCO_N9K_C9336C_FX2_V001, ViewLayer | Synchronizing object | PORT_NUMBER_21
Fra:1 Mem:157.71M (Peak 157.71M) | Time:00:00.08 | Mem:0.00M, Peak:0.00M | CISCO_N9K_C9336C_FX2_V001, ViewLayer | Synchronizing object | PORT_NUMBER_22
Fra:1 Mem:157.72M (Peak 157.72M) | Time:00:00.08 | Mem:0.00M, Peak:0.00M | CISCO_N9K_C9336C_FX2_V001, ViewLayer | Synchronizing object | PORT_NUMBER_23
Fra:1 Mem:157.73M (Peak 157.73M) | Time:00:00.08 | Mem:0.00M, Peak:0.00M | CISCO_N9K_C9336C_FX2_V001, ViewLayer | Synchronizing object | PORT_NUMBER_24
Fra:1 Mem:157.73M (Peak 157.73M) | Time:00:00.08 | Mem:0.00M, Peak:0.00M | CISCO_N9K_C9336C_FX2_V001, ViewLayer | Synchronizing object | Port02_subtle_recessed_contact_row
Fra:1 Mem:157.73M (Peak 157.73M) | Time:00:00.08 | Mem:0.00M, Peak:0.00M | CISCO_N9K_C9336C_FX2_V001, ViewLayer | Synchronizing object | Fan1_rotor_housing_-1
Fra:1 Mem:157.75M (Peak 157.75M) | Time:00:00.08 | Mem:0.00M, Peak:0.00M | CISCO_N9K_C9336C_FX2_V001, ViewLayer | Synchronizing object | Fan1_hub_-1
Fra:1 Mem:157.75M (Peak 157.75M) | Time:00:00.08 | Mem:0.00M, Peak:0.00M | CISCO_N9K_C9336C_FX2_V001, ViewLayer | Synchronizing object | Fan1_blade_-1_1
Fra:1 Mem:157.76M (Peak 157.76M) | Time:00:00.08 | Mem:0.00M, Peak:0.00M | CISCO_N9K_C9336C_FX2_V001, ViewLayer | Synchronizing object | PORT_NUMBER_25
Fra:1 Mem:157.76M (Peak 157.76M) | Time:00:00.08 | Mem:0.00M, Peak:0.00M | CISCO_N9K_C9336C_FX2_V001, ViewLayer | Synchronizing object | Fan1_blade_-1_2
Fra:1 Mem:157.76M (Peak 157.76M) | Time:00:00.08 | Mem:0.00M, Peak:0.00M | CISCO_N9K_C9336C_FX2_V001, ViewLayer | Synchronizing object | Fan1_blade_-1_3
Fra:1 Mem:157.77M (Peak 157.77M) | Time:00:00.08 | Mem:0.00M, Peak:0.00M | CISCO_N9K_C9336C_FX2_V001, ViewLayer | Synchronizing object | Fan1_blade_-1_4
Fra:1 Mem:157.77M (Peak 157.77M) | Time:00:00.08 | Mem:0.00M, Peak:0.00M | CISCO_N9K_C9336C_FX2_V001, ViewLayer | Synchronizing object | PORT_NUMBER_26
Fra:1 Mem:157.79M (Peak 157.79M) | Time:00:00.08 | Mem:0.00M, Peak:0.00M | CISCO_N9K_C9336C_FX2_V001, ViewLayer | Synchronizing object | Fan1_top_retention_rail_-1
Fra:1 Mem:157.79M (Peak 157.79M) | Time:00:00.08 | Mem:0.00M, Peak:0.00M | CISCO_N9K_C9336C_FX2_V001, ViewLayer | Synchronizing object | PORT_NUMBER_27
Fra:1 Mem:157.79M (Peak 157.79M) | Time:00:00.08 | Mem:0.00M, Peak:0.00M | CISCO_N9K_C9336C_FX2_V001, ViewLayer | Synchronizing object | Fan1_rear_power_contact_block_-1
Fra:1 Mem:157.81M (Peak 157.81M) | Time:00:00.08 | Mem:0.00M, Peak:0.00M | CISCO_N9K_C9336C_FX2_V001, ViewLayer | Synchronizing object | Fan1_rotor_housing_1
Fra:1 Mem:157.80M (Peak 157.81M) | Time:00:00.08 | Mem:0.00M, Peak:0.00M | CISCO_N9K_C9336C_FX2_V001, ViewLayer | Synchronizing object | PORT_NUMBER_28
Fra:1 Mem:157.82M (Peak 157.82M) | Time:00:00.08 | Mem:0.00M, Peak:0.00M | CISCO_N9K_C9336C_FX2_V001, ViewLayer | Synchronizing object | Fan1_blade_1_0
Fra:1 Mem:157.83M (Peak 157.83M) | Time:00:00.08 | Mem:0.00M, Peak:0.00M | CISCO_N9K_C9336C_FX2_V001, ViewLayer | Synchronizing object | Fan1_blade_1_2
Fra:1 Mem:157.83M (Peak 157.83M) | Time:00:00.08 | Mem:0.00M, Peak:0.00M | CISCO_N9K_C9336C_FX2_V001, ViewLayer | Synchronizing object | Fan1_blade_1_3
Fra:1 Mem:157.83M (Peak 157.83M) | Time:00:00.08 | Mem:0.00M, Peak:0.00M | CISCO_N9K_C9336C_FX2_V001, ViewLayer | Synchronizing object | PORT_NUMBER_29
Fra:1 Mem:157.84M (Peak 157.84M) | Time:00:00.08 | Mem:0.00M, Peak:0.00M | CISCO_N9K_C9336C_FX2_V001, ViewLayer | Synchronizing object | Fan1_blade_1_5
Fra:1 Mem:157.85M (Peak 157.85M) | Time:00:00.08 | Mem:0.00M, Peak:0.00M | CISCO_N9K_C9336C_FX2_V001, ViewLayer | Synchronizing object | PORT_NUMBER_30
Fra:1 Mem:157.86M (Peak 157.86M) | Time:00:00.08 | Mem:0.00M, Peak:0.00M | CISCO_N9K_C9336C_FX2_V001, ViewLayer | Synchronizing object | Fan1_blade_1_6
Fra:1 Mem:157.86M (Peak 157.86M) | Time:00:00.08 | Mem:0.00M, Peak:0.00M | CISCO_N9K_C9336C_FX2_V001, ViewLayer | Synchronizing object | Fan1_rear_power_contact_block_1
Fra:1 Mem:157.86M (Peak 157.86M) | Time:00:00.08 | Mem:0.00M, Peak:0.00M | CISCO_N9K_C9336C_FX2_V001, ViewLayer | Synchronizing object | Fan1_front_frame
Fra:1 Mem:157.86M (Peak 157.86M) | Time:00:00.08 | Mem:0.00M, Peak:0.00M | CISCO_N9K_C9336C_FX2_V001, ViewLayer | Synchronizing object | Fan1_true_honeycomb_front_grille
Fra:1 Mem:158.27M (Peak 158.27M) | Time:00:00.08 | Mem:0.00M, Peak:0.00M | CISCO_N9K_C9336C_FX2_V001, ViewLayer | Synchronizing object | Fan1_molded_trapezoid_pull_handle
Fra:1 Mem:158.39M (Peak 158.39M) | Time:00:00.08 | Mem:0.00M, Peak:0.00M | CISCO_N9K_C9336C_FX2_V001, ViewLayer | Synchronizing object | Fan1_BLUE_release_latch_-1
Fra:1 Mem:158.40M (Peak 158.40M) | Time:00:00.08 | Mem:0.00M, Peak:0.00M | CISCO_N9K_C9336C_FX2_V001, ViewLayer | Synchronizing object | Fan1_latch_thumb_flare_-1
Fra:1 Mem:158.41M (Peak 158.41M) | Time:00:00.08 | Mem:0.00M, Peak:0.00M | CISCO_N9K_C9336C_FX2_V001, ViewLayer | Synchronizing object | PORT_NUMBER_32
Fra:1 Mem:158.71M (Peak 158.71M) | Time:00:00.08 | Mem:0.00M, Peak:0.00M | CISCO_N9K_C9336C_FX2_V001, ViewLayer | Synchronizing object | Fan1_latch_grip_rib_-1_20
Fra:1 Mem:158.75M (Peak 158.75M) | Time:00:00.08 | Mem:0.00M, Peak:0.00M | CISCO_N9K_C9336C_FX2_V001, ViewLayer | Synchronizing object | Fan1_latch_grip_rib_-1_23
Fra:1 Mem:158.75M (Peak 158.75M) | Time:00:00.08 | Mem:0.00M, Peak:0.00M | CISCO_N9K_C9336C_FX2_V001, ViewLayer | Synchronizing object | Fan1_BLUE_release_latch_1
Fra:1 Mem:158.76M (Peak 158.76M) | Time:00:00.08 | Mem:0.00M, Peak:0.00M | CISCO_N9K_C9336C_FX2_V001, ViewLayer | Synchronizing object | PORT_NUMBER_33
Fra:1 Mem:158.77M (Peak 158.77M) | Time:00:00.08 | Mem:0.00M, Peak:0.00M | CISCO_N9K_C9336C_FX2_V001, ViewLayer | Synchronizing object | Fan1_latch_grip_rib_1_14
Fra:1 Mem:158.78M (Peak 158.78M) | Time:00:00.08 | Mem:0.00M, Peak:0.00M | CISCO_N9K_C9336C_FX2_V001, ViewLayer | Synchronizing object | Fan1_latch_grip_rib_1_17
Fra:1 Mem:158.79M (Peak 158.79M) | Time:00:00.08 | Mem:0.00M, Peak:0.00M | CISCO_N9K_C9336C_FX2_V001, ViewLayer | Synchronizing object | PORT_NUMBER_34
Fra:1 Mem:158.80M (Peak 158.80M) | Time:00:00.08 | Mem:0.00M, Peak:0.00M | CISCO_N9K_C9336C_FX2_V001, ViewLayer | Synchronizing object | Fan1_latch_grip_rib_1_23
Fra:1 Mem:158.80M (Peak 158.80M) | Time:00:00.08 | Mem:0.00M, Peak:0.00M | CISCO_N9K_C9336C_FX2_V001, ViewLayer | Synchronizing object | Fan1_latch_grip_rib_1_26
Fra:1 Mem:159.41M (Peak 159.41M) | Time:00:00.08 | Mem:0.00M, Peak:0.00M | CISCO_N9K_C9336C_FX2_V001, ViewLayer | Synchronizing object | Fan1_flush_lock_pin_-39
Fra:1 Mem:159.41M (Peak 159.41M) | Time:00:00.08 | Mem:0.00M, Peak:0.00M | CISCO_N9K_C9336C_FX2_V001, ViewLayer | Synchronizing object | Fan1_flush_lock_pin_39
Fra:1 Mem:159.43M (Peak 159.43M) | Time:00:00.08 | Mem:0.00M, Peak:0.00M | CISCO_N9K_C9336C_FX2_V001, ViewLayer | Synchronizing object | Fan2_rotor_housing_-1
Fra:1 Mem:159.44M (Peak 159.44M) | Time:00:00.08 | Mem:0.00M, Peak:0.00M | CISCO_N9K_C9336C_FX2_V001, ViewLayer | Synchronizing object | Fan2_hub_-1
Fra:1 Mem:159.46M (Peak 159.46M) | Time:00:00.08 | Mem:0.00M, Peak:0.00M | CISCO_N9K_C9336C_FX2_V001, ViewLayer | Synchronizing object | Fan2_blade_-1_0
Fra:1 Mem:159.46M (Peak 159.46M) | Time:00:00.08 | Mem:0.00M, Peak:0.00M | CISCO_N9K_C9336C_FX2_V001, ViewLayer | Synchronizing object | Fan2_blade_-1_1
Fra:1 Mem:159.46M (Peak 159.46M) | Time:00:00.08 | Mem:0.00M, Peak:0.00M | CISCO_N9K_C9336C_FX2_V001, ViewLayer | Synchronizing object | Fan2_blade_-1_2
Fra:1 Mem:159.46M (Peak 159.46M) | Time:00:00.08 | Mem:0.00M, Peak:0.00M | CISCO_N9K_C9336C_FX2_V001, ViewLayer | Synchronizing object | Fan2_blade_-1_4
Fra:1 Mem:159.46M (Peak 159.46M) | Time:00:00.08 | Mem:0.00M, Peak:0.00M | CISCO_N9K_C9336C_FX2_V001, ViewLayer | Synchronizing object | Fan2_blade_-1_5
Fra:1 Mem:159.46M (Peak 159.46M) | Time:00:00.08 | Mem:0.00M, Peak:0.00M | CISCO_N9K_C9336C_FX2_V001, ViewLayer | Synchronizing object | Fan2_blade_-1_6
Fra:1 Mem:159.61M (Peak 159.61M) | Time:00:00.08 | Mem:0.00M, Peak:0.00M | CISCO_N9K_C9336C_FX2_V001, ViewLayer | Synchronizing object | Fan2_top_retention_rail_-1
Fra:1 Mem:159.61M (Peak 159.61M) | Time:00:00.08 | Mem:0.00M, Peak:0.00M | CISCO_N9K_C9336C_FX2_V001, ViewLayer | Synchronizing object | Fan2_rotor_housing_1
Fra:1 Mem:159.63M (Peak 159.63M) | Time:00:00.08 | Mem:0.00M, Peak:0.00M | CISCO_N9K_C9336C_FX2_V001, ViewLayer | Synchronizing object | PORT_NUMBER_36
Fra:1 Mem:159.65M (Peak 159.65M) | Time:00:00.08 | Mem:0.00M, Peak:0.00M | CISCO_N9K_C9336C_FX2_V001, ViewLayer | Synchronizing object | Fan2_blade_1_0
Fra:1 Mem:159.66M (Peak 159.66M) | Time:00:00.08 | Mem:0.00M, Peak:0.00M | CISCO_N9K_C9336C_FX2_V001, ViewLayer | Synchronizing object | Fan2_blade_1_1
Fra:1 Mem:159.66M (Peak 159.66M) | Time:00:00.08 | Mem:0.00M, Peak:0.00M | CISCO_N9K_C9336C_FX2_V001, ViewLayer | Synchronizing object | Fan2_blade_1_2
Fra:1 Mem:159.66M (Peak 159.66M) | Time:00:00.08 | Mem:0.00M, Peak:0.00M | CISCO_N9K_C9336C_FX2_V001, ViewLayer | Synchronizing object | Fan2_blade_1_5
Fra:1 Mem:159.66M (Peak 159.66M) | Time:00:00.08 | Mem:0.00M, Peak:0.00M | CISCO_N9K_C9336C_FX2_V001, ViewLayer | Synchronizing object | Studio_shadow_floor
Fra:1 Mem:159.66M (Peak 159.66M) | Time:00:00.08 | Mem:0.00M, Peak:0.00M | CISCO_N9K_C9336C_FX2_V001, ViewLayer | Synchronizing object | Fan2_blade_1_6
Fra:1 Mem:159.66M (Peak 159.66M) | Time:00:00.08 | Mem:0.00M, Peak:0.00M | CISCO_N9K_C9336C_FX2_V001, ViewLayer | Synchronizing object | Fan2_top_retention_rail_1
Fra:1 Mem:159.66M (Peak 159.67M) | Time:00:00.08 | Mem:0.00M, Peak:0.00M | CISCO_N9K_C9336C_FX2_V001, ViewLayer | Synchronizing object | Original_photo_top_chassis_label
Fra:1 Mem:159.67M (Peak 159.67M) | Time:00:00.08 | Mem:0.00M, Peak:0.00M | CISCO_N9K_C9336C_FX2_V001, ViewLayer | Synchronizing object | Fan2_rear_power_contact_block_1
Fra:1 Mem:159.67M (Peak 159.67M) | Time:00:00.08 | Mem:0.00M, Peak:0.00M | CISCO_N9K_C9336C_FX2_V001, ViewLayer | Synchronizing object | Port_pair_18_direction_1
Fra:1 Mem:159.67M (Peak 159.67M) | Time:00:00.08 | Mem:0.00M, Peak:0.00M | CISCO_N9K_C9336C_FX2_V001, ViewLayer | Synchronizing object | Fan2_front_frame
Fra:1 Mem:159.67M (Peak 159.67M) | Time:00:00.08 | Mem:0.00M, Peak:0.00M | CISCO_N9K_C9336C_FX2_V001, ViewLayer | Synchronizing object | Fan2_true_honeycomb_front_grille
Fra:1 Mem:159.68M (Peak 159.68M) | Time:00:00.08 | Mem:0.00M, Peak:0.00M | CISCO_N9K_C9336C_FX2_V001, ViewLayer | Synchronizing object | Fan2_molded_trapezoid_pull_handle
Fra:1 Mem:159.71M (Peak 159.71M) | Time:00:00.08 | Mem:0.00M, Peak:0.00M | CISCO_N9K_C9336C_FX2_V001, ViewLayer | Synchronizing object | Fan2_BLUE_release_latch_-1
Fra:1 Mem:159.72M (Peak 159.72M) | Time:00:00.08 | Mem:0.00M, Peak:0.00M | CISCO_N9K_C9336C_FX2_V001, ViewLayer | Synchronizing object | Port_pair_17_direction_1
Fra:1 Mem:159.72M (Peak 159.72M) | Time:00:00.08 | Mem:0.00M, Peak:0.00M | CISCO_N9K_C9336C_FX2_V001, ViewLayer | Synchronizing object | Fan2_latch_thumb_flare_-1
Fra:1 Mem:159.72M (Peak 159.72M) | Time:00:00.08 | Mem:0.00M, Peak:0.00M | CISCO_N9K_C9336C_FX2_V001, ViewLayer | Synchronizing object | Port_pair_17_direction_-1
Fra:1 Mem:159.97M (Peak 159.97M) | Time:00:00.08 | Mem:0.00M, Peak:0.00M | CISCO_N9K_C9336C_FX2_V001, ViewLayer | Synchronizing object | Fan2_latch_grip_rib_-1_17
Fra:1 Mem:160.14M (Peak 160.14M) | Time:00:00.08 | Mem:0.00M, Peak:0.00M | CISCO_N9K_C9336C_FX2_V001, ViewLayer | Synchronizing object | Port_pair_16_direction_1
Fra:1 Mem:160.14M (Peak 160.14M) | Time:00:00.08 | Mem:0.00M, Peak:0.00M | CISCO_N9K_C9336C_FX2_V001, ViewLayer | Synchronizing object | Fan2_latch_grip_rib_-1_20
Fra:1 Mem:160.14M (Peak 160.14M) | Time:00:00.08 | Mem:0.00M, Peak:0.00M | CISCO_N9K_C9336C_FX2_V001, ViewLayer | Synchronizing object | Port_pair_16_direction_-1
Fra:1 Mem:160.24M (Peak 160.24M) | Time:00:00.08 | Mem:0.00M, Peak:0.00M | CISCO_N9K_C9336C_FX2_V001, ViewLayer | Synchronizing object | Fan2_latch_grip_rib_-1_23
Fra:1 Mem:160.25M (Peak 160.25M) | Time:00:00.08 | Mem:0.00M, Peak:0.00M | CISCO_N9K_C9336C_FX2_V001, ViewLayer | Synchronizing object | Fan2_latch_grip_rib_-1_26
Fra:1 Mem:160.25M (Peak 160.25M) | Time:00:00.08 | Mem:0.00M, Peak:0.00M | CISCO_N9K_C9336C_FX2_V001, ViewLayer | Synchronizing object | Fan2_BLUE_release_latch_1
Fra:1 Mem:160.25M (Peak 160.25M) | Time:00:00.08 | Mem:0.00M, Peak:0.00M | CISCO_N9K_C9336C_FX2_V001, ViewLayer | Synchronizing object | Fan2_latch_grip_rib_1_14
Fra:1 Mem:160.26M (Peak 160.26M) | Time:00:00.08 | Mem:0.00M, Peak:0.00M | CISCO_N9K_C9336C_FX2_V001, ViewLayer | Synchronizing object | Port_pair_15_direction_-1
Fra:1 Mem:160.26M (Peak 160.26M) | Time:00:00.08 | Mem:0.00M, Peak:0.00M | CISCO_N9K_C9336C_FX2_V001, ViewLayer | Synchronizing object | Fan2_latch_grip_rib_1_20
Fra:1 Mem:160.58M (Peak 160.58M) | Time:00:00.08 | Mem:0.00M, Peak:0.00M | CISCO_N9K_C9336C_FX2_V001, ViewLayer | Synchronizing object | Port_pair_14_direction_1
Fra:1 Mem:160.58M (Peak 160.58M) | Time:00:00.08 | Mem:0.00M, Peak:0.00M | CISCO_N9K_C9336C_FX2_V001, ViewLayer | Synchronizing object | Port_pair_14_direction_-1
Fra:1 Mem:160.58M (Peak 160.58M) | Time:00:00.08 | Mem:0.00M, Peak:0.00M | CISCO_N9K_C9336C_FX2_V001, ViewLayer | Synchronizing object | Port_pair_13_direction_1
Fra:1 Mem:160.58M (Peak 160.58M) | Time:00:00.08 | Mem:0.00M, Peak:0.00M | CISCO_N9K_C9336C_FX2_V001, ViewLayer | Synchronizing object | Port_pair_13_direction_-1
Fra:1 Mem:160.58M (Peak 160.58M) | Time:00:00.08 | Mem:0.00M, Peak:0.00M | CISCO_N9K_C9336C_FX2_V001, ViewLayer | Synchronizing object | Port_pair_12_direction_1
Fra:1 Mem:160.58M (Peak 160.58M) | Time:00:00.08 | Mem:0.00M, Peak:0.00M | CISCO_N9K_C9336C_FX2_V001, ViewLayer | Synchronizing object | Port_pair_12_direction_-1
Fra:1 Mem:160.58M (Peak 160.58M) | Time:00:00.08 | Mem:0.00M, Peak:0.00M | CISCO_N9K_C9336C_FX2_V001, ViewLayer | Synchronizing object | Port_pair_11_direction_1
Fra:1 Mem:160.58M (Peak 160.58M) | Time:00:00.08 | Mem:0.00M, Peak:0.00M | CISCO_N9K_C9336C_FX2_V001, ViewLayer | Synchronizing object | Port_pair_11_direction_-1
Fra:1 Mem:160.58M (Peak 160.58M) | Time:00:00.08 | Mem:0.00M, Peak:0.00M | CISCO_N9K_C9336C_FX2_V001, ViewLayer | Synchronizing object | Port_pair_10_direction_1
Fra:1 Mem:160.58M (Peak 160.58M) | Time:00:00.08 | Mem:0.00M, Peak:0.00M | CISCO_N9K_C9336C_FX2_V001, ViewLayer | Synchronizing object | Port_pair_10_direction_-1
Fra:1 Mem:160.58M (Peak 160.58M) | Time:00:00.08 | Mem:0.00M, Peak:0.00M | CISCO_N9K_C9336C_FX2_V001, ViewLayer | Synchronizing object | Port_pair_9_direction_1
Fra:1 Mem:160.58M (Peak 160.58M) | Time:00:00.08 | Mem:0.00M, Peak:0.00M | CISCO_N9K_C9336C_FX2_V001, ViewLayer | Synchronizing object | Port_pair_9_direction_-1
Fra:1 Mem:160.58M (Peak 160.58M) | Time:00:00.08 | Mem:0.00M, Peak:0.00M | CISCO_N9K_C9336C_FX2_V001, ViewLayer | Synchronizing object | Port_pair_8_direction_1
Fra:1 Mem:160.58M (Peak 160.58M) | Time:00:00.08 | Mem:0.00M, Peak:0.00M | CISCO_N9K_C9336C_FX2_V001, ViewLayer | Synchronizing object | Port_pair_8_direction_-1
Fra:1 Mem:160.58M (Peak 160.58M) | Time:00:00.08 | Mem:0.00M, Peak:0.00M | CISCO_N9K_C9336C_FX2_V001, ViewLayer | Synchronizing object | Port_pair_7_direction_1
Fra:1 Mem:160.58M (Peak 160.58M) | Time:00:00.08 | Mem:0.00M, Peak:0.00M | CISCO_N9K_C9336C_FX2_V001, ViewLayer | Synchronizing object | Port_pair_7_direction_-1
Fra:1 Mem:160.58M (Peak 160.58M) | Time:00:00.08 | Mem:0.00M, Peak:0.00M | CISCO_N9K_C9336C_FX2_V001, ViewLayer | Synchronizing object | Port_pair_6_direction_1
Fra:1 Mem:160.58M (Peak 160.58M) | Time:00:00.08 | Mem:0.00M, Peak:0.00M | CISCO_N9K_C9336C_FX2_V001, ViewLayer | Synchronizing object | Port_pair_6_direction_-1
Fra:1 Mem:160.58M (Peak 160.58M) | Time:00:00.08 | Mem:0.00M, Peak:0.00M | CISCO_N9K_C9336C_FX2_V001, ViewLayer | Synchronizing object | Port_pair_5_direction_1
Fra:1 Mem:160.58M (Peak 160.58M) | Time:00:00.08 | Mem:0.00M, Peak:0.00M | CISCO_N9K_C9336C_FX2_V001, ViewLayer | Synchronizing object | Port_pair_5_direction_-1
Fra:1 Mem:160.59M (Peak 160.59M) | Time:00:00.08 | Mem:0.00M, Peak:0.00M | CISCO_N9K_C9336C_FX2_V001, ViewLayer | Synchronizing object | Port_pair_4_direction_1
Fra:1 Mem:160.59M (Peak 160.59M) | Time:00:00.08 | Mem:0.00M, Peak:0.00M | CISCO_N9K_C9336C_FX2_V001, ViewLayer | Synchronizing object | Port_pair_4_direction_-1
Fra:1 Mem:160.59M (Peak 160.59M) | Time:00:00.08 | Mem:0.00M, Peak:0.00M | CISCO_N9K_C9336C_FX2_V001, ViewLayer | Synchronizing object | Port_pair_3_direction_1
Fra:1 Mem:160.59M (Peak 160.59M) | Time:00:00.08 | Mem:0.00M, Peak:0.00M | CISCO_N9K_C9336C_FX2_V001, ViewLayer | Synchronizing object | Port_pair_3_direction_-1
Fra:1 Mem:161.19M (Peak 161.19M) | Time:00:00.08 | Mem:0.00M, Peak:0.00M | CISCO_N9K_C9336C_FX2_V001, ViewLayer | Synchronizing object | Port_pair_2_direction_1
Fra:1 Mem:161.19M (Peak 161.19M) | Time:00:00.08 | Mem:0.00M, Peak:0.00M | CISCO_N9K_C9336C_FX2_V001, ViewLayer | Synchronizing object | Port_pair_2_direction_-1
Fra:1 Mem:161.19M (Peak 161.19M) | Time:00:00.08 | Mem:0.00M, Peak:0.00M | CISCO_N9K_C9336C_FX2_V001, ViewLayer | Synchronizing object | Port_pair_1_direction_1
Fra:1 Mem:161.19M (Peak 161.19M) | Time:00:00.08 | Mem:0.00M, Peak:0.00M | CISCO_N9K_C9336C_FX2_V001, ViewLayer | Synchronizing object | Port_pair_1_direction_-1
Fra:1 Mem:161.19M (Peak 161.19M) | Time:00:00.08 | Mem:0.00M, Peak:0.00M | CISCO_N9K_C9336C_FX2_V001, ViewLayer | Synchronizing object | Cisco_bridge_bar_9
Fra:1 Mem:161.20M (Peak 161.20M) | Time:00:00.08 | Mem:0.00M, Peak:0.00M | CISCO_N9K_C9336C_FX2_V001, ViewLayer | Synchronizing object | Cisco_bridge_bar_8
Fra:1 Mem:161.20M (Peak 161.20M) | Time:00:00.08 | Mem:0.00M, Peak:0.00M | CISCO_N9K_C9336C_FX2_V001, ViewLayer | Synchronizing object | Cisco_bridge_bar_7
Fra:1 Mem:161.20M (Peak 161.20M) | Time:00:00.08 | Mem:0.00M, Peak:0.00M | CISCO_N9K_C9336C_FX2_V001, ViewLayer | Synchronizing object | Cisco_bridge_bar_6
Fra:1 Mem:161.21M (Peak 161.21M) | Time:00:00.08 | Mem:0.00M, Peak:0.00M | CISCO_N9K_C9336C_FX2_V001, ViewLayer | Synchronizing object | Cisco_bridge_bar_5
Fra:1 Mem:161.21M (Peak 161.21M) | Time:00:00.08 | Mem:0.00M, Peak:0.00M | CISCO_N9K_C9336C_FX2_V001, ViewLayer | Synchronizing object | Cisco_bridge_bar_4
Fra:1 Mem:161.21M (Peak 161.21M) | Time:00:00.08 | Mem:0.00M, Peak:0.00M | CISCO_N9K_C9336C_FX2_V001, ViewLayer | Synchronizing object | Cisco_bridge_bar_3
Fra:1 Mem:161.22M (Peak 161.22M) | Time:00:00.08 | Mem:0.00M, Peak:0.00M | CISCO_N9K_C9336C_FX2_V001, ViewLayer | Synchronizing object | Cisco_bridge_bar_2
Fra:1 Mem:161.22M (Peak 161.22M) | Time:00:00.08 | Mem:0.00M, Peak:0.00M | CISCO_N9K_C9336C_FX2_V001, ViewLayer | Synchronizing object | Cisco_bridge_bar_1
Fra:1 Mem:161.22M (Peak 161.22M) | Time:00:00.08 | Mem:0.00M, Peak:0.00M | CISCO_N9K_C9336C_FX2_V001, ViewLayer | Synchronizing object | LS_selector_metal_button
Fra:1 Mem:161.42M (Peak 161.42M) | Time:00:00.08 | Mem:0.00M, Peak:0.00M | CISCO_N9K_C9336C_FX2_V001, ViewLayer | Synchronizing object | LS_selector_black_surround
Fra:1 Mem:161.42M (Peak 161.42M) | Time:00:00.08 | Mem:0.00M, Peak:0.00M | CISCO_N9K_C9336C_FX2_V001, ViewLayer | Synchronizing object | FRONT_4_unpowered_lens
Fra:1 Mem:161.43M (Peak 161.43M) | Time:00:00.08 | Mem:0.00M, Peak:0.00M | CISCO_N9K_C9336C_FX2_V001, ViewLayer | Synchronizing object | FRONT_3_unpowered_lens
Fra:1 Mem:161.43M (Peak 161.43M) | Time:00:00.08 | Mem:0.00M, Peak:0.00M | CISCO_N9K_C9336C_FX2_V001, ViewLayer | Synchronizing object | FRONT_2_unpowered_lens
Fra:1 Mem:161.44M (Peak 161.44M) | Time:00:00.08 | Mem:0.00M, Peak:0.00M | CISCO_N9K_C9336C_FX2_V001, ViewLayer | Synchronizing object | FRONT_1_unpowered_lens
Fra:1 Mem:161.44M (Peak 161.44M) | Time:00:00.08 | Mem:0.00M, Peak:0.00M | CISCO_N9K_C9336C_FX2_V001, ViewLayer | Synchronizing object | FRONT_ENV_unpowered_lens
Fra:1 Mem:161.45M (Peak 161.45M) | Time:00:00.08 | Mem:0.00M, Peak:0.00M | CISCO_N9K_C9336C_FX2_V001, ViewLayer | Synchronizing object | FRONT_STS_unpowered_lens
Fra:1 Mem:161.45M (Peak 161.45M) | Time:00:00.08 | Mem:0.00M, Peak:0.00M | CISCO_N9K_C9336C_FX2_V001, ViewLayer | Synchronizing object | FRONT_BCN_unpowered_lens
Fra:1 Mem:161.46M (Peak 161.46M) | Time:00:00.08 | Mem:0.00M, Peak:0.00M | CISCO_N9K_C9336C_FX2_V001, ViewLayer | Synchronizing object | USB_symbol_branch_B
Fra:1 Mem:161.46M (Peak 161.46M) | Time:00:00.08 | Mem:0.00M, Peak:0.00M | CISCO_N9K_C9336C_FX2_V001, ViewLayer | Synchronizing object | USB_symbol_branch_A
Fra:1 Mem:161.46M (Peak 161.46M) | Time:00:00.08 | Mem:0.00M, Peak:0.00M | CISCO_N9K_C9336C_FX2_V001, ViewLayer | Synchronizing object | USB_symbol_stem
Fra:1 Mem:161.46M (Peak 161.46M) | Time:00:00.08 | Mem:0.00M, Peak:0.00M | CISCO_N9K_C9336C_FX2_V001, ViewLayer | Synchronizing object | Console_terminal_symbol
Fra:1 Mem:161.47M (Peak 161.47M) | Time:00:00.08 | Mem:0.00M, Peak:0.00M | CISCO_N9K_C9336C_FX2_V001, ViewLayer | Synchronizing object | SFP_management_symbol_line.003
Fra:1 Mem:161.47M (Peak 161.47M) | Time:00:00.08 | Mem:0.00M, Peak:0.00M | CISCO_N9K_C9336C_FX2_V001, ViewLayer | Synchronizing object | SFP_management_symbol_line.002
Fra:1 Mem:161.47M (Peak 161.47M) | Time:00:00.08 | Mem:0.00M, Peak:0.00M | CISCO_N9K_C9336C_FX2_V001, ViewLayer | Synchronizing object | SFP_management_symbol_line.001
Fra:1 Mem:161.47M (Peak 161.47M) | Time:00:00.08 | Mem:0.00M, Peak:0.00M | CISCO_N9K_C9336C_FX2_V001, ViewLayer | Synchronizing object | SFP_management_symbol_line
Fra:1 Mem:161.47M (Peak 161.47M) | Time:00:00.08 | Mem:0.00M, Peak:0.00M | CISCO_N9K_C9336C_FX2_V001, ViewLayer | Synchronizing object | SFP_management_symbol_node_1.25
Fra:1 Mem:161.48M (Peak 161.48M) | Time:00:00.08 | Mem:0.00M, Peak:0.00M | CISCO_N9K_C9336C_FX2_V001, ViewLayer | Synchronizing object | SFP_management_symbol_node_-1.25
Fra:1 Mem:161.48M (Peak 161.48M) | Time:00:00.08 | Mem:0.00M, Peak:0.00M | CISCO_N9K_C9336C_FX2_V001, ViewLayer | Synchronizing object | SFP_management_symbol_node_0
Fra:1 Mem:161.49M (Peak 161.49M) | Time:00:00.08 | Mem:0.00M, Peak:0.00M | CISCO_N9K_C9336C_FX2_V001, ViewLayer | Synchronizing object | RJ45_management_symbol_line.003
Fra:1 Mem:161.49M (Peak 161.49M) | Time:00:00.08 | Mem:0.00M, Peak:0.00M | CISCO_N9K_C9336C_FX2_V001, ViewLayer | Synchronizing object | RJ45_management_symbol_line.002
Fra:1 Mem:161.49M (Peak 161.49M) | Time:00:00.08 | Mem:0.00M, Peak:0.00M | CISCO_N9K_C9336C_FX2_V001, ViewLayer | Synchronizing object | RJ45_management_symbol_line.001
Fra:1 Mem:161.49M (Peak 161.49M) | Time:00:00.08 | Mem:0.00M, Peak:0.00M | CISCO_N9K_C9336C_FX2_V001, ViewLayer | Synchronizing object | RJ45_management_symbol_line
Fra:1 Mem:161.49M (Peak 161.49M) | Time:00:00.08 | Mem:0.00M, Peak:0.00M | CISCO_N9K_C9336C_FX2_V001, ViewLayer | Synchronizing object | RJ45_management_symbol_node_1.25
Fra:1 Mem:161.50M (Peak 161.50M) | Time:00:00.08 | Mem:0.00M, Peak:0.00M | CISCO_N9K_C9336C_FX2_V001, ViewLayer | Synchronizing object | RJ45_management_symbol_node_-1.25
Fra:1 Mem:161.50M (Peak 161.50M) | Time:00:00.08 | Mem:0.00M, Peak:0.00M | CISCO_N9K_C9336C_FX2_V001, ViewLayer | Synchronizing object | RJ45_management_symbol_node_0
Fra:1 Mem:161.51M (Peak 161.51M) | Time:00:00.08 | Mem:0.00M, Peak:0.00M | CISCO_N9K_C9336C_FX2_V001, ViewLayer | Synchronizing object | Rear_service_retention_screw
Fra:1 Mem:161.53M (Peak 161.53M) | Time:00:00.08 | Mem:0.00M, Peak:0.00M | CISCO_N9K_C9336C_FX2_V001, ViewLayer | Synchronizing object | REAR_STS_unpowered_indicator
Fra:1 Mem:161.53M (Peak 161.53M) | Time:00:00.08 | Mem:0.00M, Peak:0.00M | CISCO_N9K_C9336C_FX2_V001, ViewLayer | Synchronizing object | REAR_BCN_unpowered_indicator
Fra:1 Mem:161.54M (Peak 161.54M) | Time:00:00.08 | Mem:0.00M, Peak:0.00M | CISCO_N9K_C9336C_FX2_V001, ViewLayer | Synchronizing object | USB_A_contact_3
Fra:1 Mem:161.54M (Peak 161.54M) | Time:00:00.08 | Mem:0.00M, Peak:0.00M | CISCO_N9K_C9336C_FX2_V001, ViewLayer | Synchronizing object | USB_A_contact_2
Fra:1 Mem:161.54M (Peak 161.54M) | Time:00:00.08 | Mem:0.00M, Peak:0.00M | CISCO_N9K_C9336C_FX2_V001, ViewLayer | Synchronizing object | USB_A_contact_1
Fra:1 Mem:161.55M (Peak 161.55M) | Time:00:00.08 | Mem:0.00M, Peak:0.00M | CISCO_N9K_C9336C_FX2_V001, ViewLayer | Synchronizing object | Fan2_latch_grip_rib_1_23
Fra:1 Mem:161.55M (Peak 161.55M) | Time:00:00.08 | Mem:0.00M, Peak:0.00M | CISCO_N9K_C9336C_FX2_V001, ViewLayer | Synchronizing object | USB_A_contact_0
Fra:1 Mem:161.56M (Peak 161.56M) | Time:00:00.08 | Mem:0.00M, Peak:0.00M | CISCO_N9K_C9336C_FX2_V001, ViewLayer | Synchronizing object | USB_A_black_tongue
Fra:1 Mem:161.56M (Peak 161.56M) | Time:00:00.08 | Mem:0.00M, Peak:0.00M | CISCO_N9K_C9336C_FX2_V001, ViewLayer | Synchronizing object | USB_A_deep_stop
Fra:1 Mem:161.56M (Peak 161.56M) | Time:00:00.08 | Mem:0.00M, Peak:0.00M | CISCO_N9K_C9336C_FX2_V001, ViewLayer | Synchronizing object | USB_A_metal_shell
Fra:1 Mem:161.58M (Peak 161.58M) | Time:00:00.08 | Mem:0.00M, Peak:0.00M | CISCO_N9K_C9336C_FX2_V001, ViewLayer | Synchronizing object | Mgmt_SFP_contact_9
Fra:1 Mem:161.58M (Peak 161.58M) | Time:00:00.08 | Mem:0.00M, Peak:0.00M | CISCO_N9K_C9336C_FX2_V001, ViewLayer | Synchronizing object | Mgmt_SFP_contact_8
Fra:1 Mem:161.58M (Peak 161.58M) | Time:00:00.08 | Mem:0.00M, Peak:0.00M | CISCO_N9K_C9336C_FX2_V001, ViewLayer | Synchronizing object | Mgmt_SFP_contact_7
Fra:1 Mem:161.58M (Peak 161.58M) | Time:00:00.08 | Mem:0.00M, Peak:0.00M | CISCO_N9K_C9336C_FX2_V001, ViewLayer | Synchronizing object | Mgmt_SFP_contact_6
Fra:1 Mem:161.58M (Peak 161.58M) | Time:00:00.08 | Mem:0.00M, Peak:0.00M | CISCO_N9K_C9336C_FX2_V001, ViewLayer | Synchronizing object | Mgmt_SFP_contact_5
Fra:1 Mem:161.58M (Peak 161.58M) | Time:00:00.08 | Mem:0.00M, Peak:0.00M | CISCO_N9K_C9336C_FX2_V001, ViewLayer | Synchronizing object | Mgmt_SFP_contact_4
Fra:1 Mem:161.58M (Peak 161.58M) | Time:00:00.08 | Mem:0.00M, Peak:0.00M | CISCO_N9K_C9336C_FX2_V001, ViewLayer | Synchronizing object | Mgmt_SFP_contact_3
Fra:1 Mem:161.58M (Peak 161.58M) | Time:00:00.08 | Mem:0.00M, Peak:0.00M | CISCO_N9K_C9336C_FX2_V001, ViewLayer | Synchronizing object | Mgmt_SFP_contact_2
Fra:1 Mem:161.59M (Peak 161.59M) | Time:00:00.08 | Mem:0.00M, Peak:0.00M | CISCO_N9K_C9336C_FX2_V001, ViewLayer | Synchronizing object | Mgmt_SFP_contact_1
Fra:1 Mem:161.59M (Peak 161.59M) | Time:00:00.08 | Mem:0.00M, Peak:0.00M | CISCO_N9K_C9336C_FX2_V001, ViewLayer | Synchronizing object | Mgmt_SFP_contact_0
Fra:1 Mem:161.59M (Peak 161.59M) | Time:00:00.08 | Mem:0.00M, Peak:0.00M | CISCO_N9K_C9336C_FX2_V001, ViewLayer | Synchronizing object | Mgmt_SFP_guide_5.8
Fra:1 Mem:161.60M (Peak 161.60M) | Time:00:00.08 | Mem:0.00M, Peak:0.00M | CISCO_N9K_C9336C_FX2_V001, ViewLayer | Synchronizing object | Mgmt_SFP_guide_-5.8
Fra:1 Mem:161.61M (Peak 161.61M) | Time:00:00.08 | Mem:0.00M, Peak:0.00M | CISCO_N9K_C9336C_FX2_V001, ViewLayer | Synchronizing object | Mgmt_SFP_recessed_connector_stop
Fra:1 Mem:161.61M (Peak 161.61M) | Time:00:00.08 | Mem:0.00M, Peak:0.00M | CISCO_N9K_C9336C_FX2_V001, ViewLayer | Synchronizing object | Mgmt_SFP_deep_metal_cage
Fra:1 Mem:161.63M (Peak 161.63M) | Time:00:00.08 | Mem:0.00M, Peak:0.00M | CISCO_N9K_C9336C_FX2_V001, ViewLayer | Synchronizing object | MANAGEMENT_RJ45_unpowered_corner_LED_5.6
Fra:1 Mem:161.64M (Peak 161.64M) | Time:00:00.08 | Mem:0.00M, Peak:0.00M | CISCO_N9K_C9336C_FX2_V001, ViewLayer | Synchronizing object | MANAGEMENT_RJ45_unpowered_corner_LED_-5.6
Fra:1 Mem:161.64M (Peak 161.64M) | Time:00:00.08 | Mem:0.00M, Peak:0.00M | CISCO_N9K_C9336C_FX2_V001, ViewLayer | Synchronizing object | MANAGEMENT_RJ45_contact_7
Fra:1 Mem:161.64M (Peak 161.64M) | Time:00:00.08 | Mem:0.00M, Peak:0.00M | CISCO_N9K_C9336C_FX2_V001, ViewLayer | Synchronizing object | MANAGEMENT_RJ45_contact_6
Fra:1 Mem:161.65M (Peak 161.65M) | Time:00:00.08 | Mem:0.00M, Peak:0.00M | CISCO_N9K_C9336C_FX2_V001, ViewLayer | Synchronizing object | MANAGEMENT_RJ45_contact_5
Fra:1 Mem:161.65M (Peak 161.65M) | Time:00:00.08 | Mem:0.00M, Peak:0.00M | CISCO_N9K_C9336C_FX2_V001, ViewLayer | Synchronizing object | MANAGEMENT_RJ45_contact_4
Fra:1 Mem:161.66M (Peak 161.66M) | Time:00:00.08 | Mem:0.00M, Peak:0.00M | CISCO_N9K_C9336C_FX2_V001, ViewLayer | Synchronizing object | MANAGEMENT_RJ45_contact_3
Fra:1 Mem:161.66M (Peak 161.66M) | Time:00:00.08 | Mem:0.00M, Peak:0.00M | CISCO_N9K_C9336C_FX2_V001, ViewLayer | Synchronizing object | MANAGEMENT_RJ45_contact_2
Fra:1 Mem:161.67M (Peak 161.67M) | Time:00:00.08 | Mem:0.00M, Peak:0.00M | CISCO_N9K_C9336C_FX2_V001, ViewLayer | Synchronizing object | MANAGEMENT_RJ45_contact_1
Fra:1 Mem:161.67M (Peak 161.67M) | Time:00:00.08 | Mem:0.00M, Peak:0.00M | CISCO_N9K_C9336C_FX2_V001, ViewLayer | Synchronizing object | MANAGEMENT_RJ45_contact_0
Fra:1 Mem:161.67M (Peak 161.67M) | Time:00:00.08 | Mem:0.00M, Peak:0.00M | CISCO_N9K_C9336C_FX2_V001, ViewLayer | Synchronizing object | MANAGEMENT_RJ45_deep_connector_stop
Fra:1 Mem:161.68M (Peak 161.68M) | Time:00:00.08 | Mem:0.00M, Peak:0.00M | CISCO_N9K_C9336C_FX2_V001, ViewLayer | Synchronizing object | MANAGEMENT_RJ45_keyed_plastic_body
Fra:1 Mem:161.68M (Peak 161.68M) | Time:00:00.08 | Mem:0.00M, Peak:0.00M | CISCO_N9K_C9336C_FX2_V001, ViewLayer | Synchronizing object | MANAGEMENT_RJ45_metal_shield
Fra:1 Mem:161.70M (Peak 161.70M) | Time:00:00.08 | Mem:0.00M, Peak:0.00M | CISCO_N9K_C9336C_FX2_V001, ViewLayer | Synchronizing object | Fan2_latch_grip_rib_1_26
Fra:1 Mem:161.70M (Peak 161.70M) | Time:00:00.08 | Mem:0.00M, Peak:0.00M | CISCO_N9K_C9336C_FX2_V001, ViewLayer | Synchronizing object | CONSOLE_RJ45_unpowered_corner_LED_5.6
Fra:1 Mem:161.70M (Peak 161.70M) | Time:00:00.08 | Mem:0.00M, Peak:0.00M | CISCO_N9K_C9336C_FX2_V001, ViewLayer | Synchronizing object | CONSOLE_RJ45_unpowered_corner_LED_-5.6
Fra:1 Mem:161.71M (Peak 161.71M) | Time:00:00.08 | Mem:0.00M, Peak:0.00M | CISCO_N9K_C9336C_FX2_V001, ViewLayer | Synchronizing object | CONSOLE_RJ45_contact_7
Fra:1 Mem:161.71M (Peak 161.71M) | Time:00:00.08 | Mem:0.00M, Peak:0.00M | CISCO_N9K_C9336C_FX2_V001, ViewLayer | Synchronizing object | CONSOLE_RJ45_contact_6
Fra:1 Mem:170.76M (Peak 170.76M) | Time:00:00.08 | Mem:0.00M, Peak:0.00M | CISCO_N9K_C9336C_FX2_V001, ViewLayer | Synchronizing object | CONSOLE_RJ45_contact_5
Fra:1 Mem:170.77M (Peak 170.77M) | Time:00:00.08 | Mem:0.00M, Peak:0.00M | CISCO_N9K_C9336C_FX2_V001, ViewLayer | Synchronizing object | CONSOLE_RJ45_contact_4
Fra:1 Mem:170.77M (Peak 170.77M) | Time:00:00.08 | Mem:0.00M, Peak:0.00M | CISCO_N9K_C9336C_FX2_V001, ViewLayer | Synchronizing object | CONSOLE_RJ45_contact_3
Fra:1 Mem:170.78M (Peak 170.78M) | Time:00:00.08 | Mem:0.00M, Peak:0.00M | CISCO_N9K_C9336C_FX2_V001, ViewLayer | Synchronizing object | CONSOLE_RJ45_contact_2
Fra:1 Mem:170.78M (Peak 170.78M) | Time:00:00.08 | Mem:0.00M, Peak:0.00M | CISCO_N9K_C9336C_FX2_V001, ViewLayer | Synchronizing object | CONSOLE_RJ45_contact_1
Fra:1 Mem:170.78M (Peak 170.78M) | Time:00:00.08 | Mem:0.00M, Peak:0.00M | CISCO_N9K_C9336C_FX2_V001, ViewLayer | Synchronizing object | CONSOLE_RJ45_contact_0
Fra:1 Mem:170.79M (Peak 170.79M) | Time:00:00.08 | Mem:0.00M, Peak:0.00M | CISCO_N9K_C9336C_FX2_V001, ViewLayer | Synchronizing object | CONSOLE_RJ45_deep_connector_stop
Fra:1 Mem:170.79M (Peak 170.79M) | Time:00:00.08 | Mem:0.00M, Peak:0.00M | CISCO_N9K_C9336C_FX2_V001, ViewLayer | Synchronizing object | CONSOLE_RJ45_keyed_plastic_body
Fra:1 Mem:170.79M (Peak 170.79M) | Time:00:00.08 | Mem:0.00M, Peak:0.00M | CISCO_N9K_C9336C_FX2_V001, ViewLayer | Synchronizing object | CONSOLE_RJ45_metal_shield
Fra:1 Mem:170.81M (Peak 170.81M) | Time:00:00.08 | Mem:0.00M, Peak:0.00M | CISCO_N9K_C9336C_FX2_V001, ViewLayer | Synchronizing object | Fan2_PID_label_recess
Fra:1 Mem:170.81M (Peak 170.81M) | Time:00:00.08 | Mem:0.00M, Peak:0.00M | CISCO_N9K_C9336C_FX2_V001, ViewLayer | Synchronizing object | Rear_service_panel_true_apertures
Fra:1 Mem:170.84M (Peak 170.84M) | Time:00:00.08 | Mem:0.00M, Peak:0.00M | CISCO_N9K_C9336C_FX2_V001, ViewLayer | Synchronizing object | PSU2_face_screw_24.5_39.3
Fra:1 Mem:170.86M (Peak 170.86M) | Time:00:00.08 | Mem:0.00M, Peak:0.00M | CISCO_N9K_C9336C_FX2_V001, ViewLayer | Synchronizing object | Fan2_flush_lock_pin_-39
Fra:1 Mem:170.87M (Peak 170.87M) | Time:00:00.08 | Mem:0.00M, Peak:0.00M | CISCO_N9K_C9336C_FX2_V001, ViewLayer | Synchronizing object | PSU2_face_screw_24.5_4.1
Fra:1 Mem:170.89M (Peak 170.89M) | Time:00:00.08 | Mem:0.00M, Peak:0.00M | CISCO_N9K_C9336C_FX2_V001, ViewLayer | Synchronizing object | Fan2_flush_lock_pin_39
Fra:1 Mem:170.89M (Peak 170.89M) | Time:00:00.08 | Mem:0.00M, Peak:0.00M | CISCO_N9K_C9336C_FX2_V001, ViewLayer | Synchronizing object | Fan3_rotor_housing_-1
Fra:1 Mem:170.90M (Peak 170.90M) | Time:00:00.08 | Mem:0.00M, Peak:0.00M | CISCO_N9K_C9336C_FX2_V001, ViewLayer | Synchronizing object | PSU2_face_screw_-24.5_39.3
Fra:1 Mem:170.92M (Peak 170.92M) | Time:00:00.08 | Mem:0.00M, Peak:0.00M | CISCO_N9K_C9336C_FX2_V001, ViewLayer | Synchronizing object | PSU2_face_screw_-24.5_4.1
Fra:1 Mem:170.94M (Peak 170.94M) | Time:00:00.08 | Mem:0.00M, Peak:0.00M | CISCO_N9K_C9336C_FX2_V001, ViewLayer | Synchronizing object | PSU2_unpowered_LED_32.6
Fra:1 Mem:170.94M (Peak 170.94M) | Time:00:00.08 | Mem:0.00M, Peak:0.00M | CISCO_N9K_C9336C_FX2_V001, ViewLayer | Synchronizing object | PSU2_unpowered_LED_36.8
Fra:1 Mem:170.95M (Peak 170.95M) | Time:00:00.08 | Mem:0.00M, Peak:0.00M | CISCO_N9K_C9336C_FX2_V001, ViewLayer | Synchronizing object | PSU2_retainer_rib_315.4
Fra:1 Mem:170.95M (Peak 170.95M) | Time:00:00.08 | Mem:0.00M, Peak:0.00M | CISCO_N9K_C9336C_FX2_V001, ViewLayer | Synchronizing object | PSU2_retainer_rib_313.2
Fra:1 Mem:170.95M (Peak 170.95M) | Time:00:00.08 | Mem:0.00M, Peak:0.00M | CISCO_N9K_C9336C_FX2_V001, ViewLayer | Synchronizing object | PSU2_retainer_rib_311
Fra:1 Mem:170.96M (Peak 170.96M) | Time:00:00.08 | Mem:0.00M, Peak:0.00M | CISCO_N9K_C9336C_FX2_V001, ViewLayer | Synchronizing object | PSU2_retainer_rib_308.8
Fra:1 Mem:170.96M (Peak 170.96M) | Time:00:00.08 | Mem:0.00M, Peak:0.00M | CISCO_N9K_C9336C_FX2_V001, ViewLayer | Synchronizing object | PSU2_retainer_rib_306.6
Fra:1 Mem:170.97M (Peak 170.97M) | Time:00:00.08 | Mem:0.00M, Peak:0.00M | CISCO_N9K_C9336C_FX2_V001, ViewLayer | Synchronizing object | PSU2_retainer_rib_304.4
Fra:1 Mem:170.97M (Peak 170.97M) | Time:00:00.08 | Mem:0.00M, Peak:0.00M | CISCO_N9K_C9336C_FX2_V001, ViewLayer | Synchronizing object | PSU2_retainer_rib_302.2
Fra:1 Mem:170.98M (Peak 170.98M) | Time:00:00.08 | Mem:0.00M, Peak:0.00M | CISCO_N9K_C9336C_FX2_V001, ViewLayer | Synchronizing object | PSU2_retainer_rib_300
Fra:1 Mem:170.98M (Peak 170.98M) | Time:00:00.08 | Mem:0.00M, Peak:0.00M | CISCO_N9K_C9336C_FX2_V001, ViewLayer | Synchronizing object | PSU2_stowed_nylon_retention_loop
Fra:1 Mem:170.99M (Peak 170.99M) | Time:00:00.08 | Mem:0.00M, Peak:0.00M | CISCO_N9K_C9336C_FX2_V001, ViewLayer | Synchronizing object | PSU2_cord_retainer_anchor
Fra:1 Mem:170.99M (Peak 170.99M) | Time:00:00.08 | Mem:0.00M, Peak:0.00M | CISCO_N9K_C9336C_FX2_V001, ViewLayer | Synchronizing object | PSU2_BLUE_release_latch
Fra:1 Mem:171.00M (Peak 171.00M) | Time:00:00.08 | Mem:0.00M, Peak:0.00M | CISCO_N9K_C9336C_FX2_V001, ViewLayer | Synchronizing object | PSU2_silver_U_pull_handle
Fra:1 Mem:171.02M (Peak 171.02M) | Time:00:00.08 | Mem:0.00M, Peak:0.00M | CISCO_N9K_C9336C_FX2_V001, ViewLayer | Synchronizing object | Fan3_hub_-1
Fra:1 Mem:171.02M (Peak 171.02M) | Time:00:00.08 | Mem:0.00M, Peak:0.00M | CISCO_N9K_C9336C_FX2_V001, ViewLayer | Synchronizing object | Fan3_blade_-1_0
Fra:1 Mem:171.02M (Peak 171.02M) | Time:00:00.08 | Mem:0.00M, Peak:0.00M | CISCO_N9K_C9336C_FX2_V001, ViewLayer | Synchronizing object | PSU2_IEC_pin_2
Fra:1 Mem:171.03M (Peak 171.03M) | Time:00:00.08 | Mem:0.00M, Peak:0.00M | CISCO_N9K_C9336C_FX2_V001, ViewLayer | Synchronizing object | Fan3_blade_-1_1
Fra:1 Mem:171.04M (Peak 171.04M) | Time:00:00.08 | Mem:0.00M, Peak:0.00M | CISCO_N9K_C9336C_FX2_V001, ViewLayer | Synchronizing object | Fan3_blade_-1_2
Fra:1 Mem:171.04M (Peak 171.04M) | Time:00:00.08 | Mem:0.00M, Peak:0.00M | CISCO_N9K_C9336C_FX2_V001, ViewLayer | Synchronizing object | PSU2_IEC_pin_1
Fra:1 Mem:171.05M (Peak 171.05M) | Time:00:00.08 | Mem:0.00M, Peak:0.00M | CISCO_N9K_C9336C_FX2_V001, ViewLayer | Synchronizing object | Fan3_blade_-1_3
Fra:1 Mem:171.05M (Peak 171.05M) | Time:00:00.08 | Mem:0.00M, Peak:0.00M | CISCO_N9K_C9336C_FX2_V001, ViewLayer | Synchronizing object | Fan3_blade_-1_5
Fra:1 Mem:171.05M (Peak 171.05M) | Time:00:00.08 | Mem:0.00M, Peak:0.00M | CISCO_N9K_C9336C_FX2_V001, ViewLayer | Synchronizing object | Fan3_blade_-1_6
Fra:1 Mem:171.05M (Peak 171.05M) | Time:00:00.08 | Mem:0.00M, Peak:0.00M | CISCO_N9K_C9336C_FX2_V001, ViewLayer | Synchronizing object | Fan3_top_retention_rail_-1
Fra:1 Mem:171.05M (Peak 171.05M) | Time:00:00.08 | Mem:0.00M, Peak:0.00M | CISCO_N9K_C9336C_FX2_V001, ViewLayer | Synchronizing object | Fan3_rear_power_contact_block_-1
Fra:1 Mem:171.07M (Peak 171.07M) | Time:00:00.08 | Mem:0.00M, Peak:0.00M | CISCO_N9K_C9336C_FX2_V001, ViewLayer | Synchronizing object | PSU2_IEC_pin_0
Fra:1 Mem:171.08M (Peak 171.08M) | Time:00:00.08 | Mem:0.00M, Peak:0.00M | CISCO_N9K_C9336C_FX2_V001, ViewLayer | Synchronizing object | Fan3_rotor_housing_1
Fra:1 Mem:171.08M (Peak 171.08M) | Time:00:00.08 | Mem:0.00M, Peak:0.00M | CISCO_N9K_C9336C_FX2_V001, ViewLayer | Synchronizing object | Fan3_hub_1
Fra:1 Mem:171.09M (Peak 171.09M) | Time:00:00.08 | Mem:0.00M, Peak:0.00M | CISCO_N9K_C9336C_FX2_V001, ViewLayer | Synchronizing object | Fan3_blade_1_0
Fra:1 Mem:171.10M (Peak 171.10M) | Time:00:00.08 | Mem:0.00M, Peak:0.00M | CISCO_N9K_C9336C_FX2_V001, ViewLayer | Synchronizing object | PSU2_IEC_C14_black_inlet_housing
Fra:1 Mem:171.12M (Peak 171.12M) | Time:00:00.08 | Mem:0.00M, Peak:0.00M | CISCO_N9K_C9336C_FX2_V001, ViewLayer | Synchronizing object | PSU2_true_hex_cooling_vents
Fra:1 Mem:171.60M (Peak 171.60M) | Time:00:00.08 | Mem:0.00M, Peak:0.00M | CISCO_N9K_C9336C_FX2_V001, ViewLayer | Synchronizing object | Fan3_blade_1_1
Fra:1 Mem:171.60M (Peak 171.60M) | Time:00:00.08 | Mem:0.00M, Peak:0.00M | CISCO_N9K_C9336C_FX2_V001, ViewLayer | Synchronizing object | Fan3_blade_1_2
Fra:1 Mem:171.60M (Peak 171.60M) | Time:00:00.08 | Mem:0.00M, Peak:0.00M | CISCO_N9K_C9336C_FX2_V001, ViewLayer | Synchronizing object | Fan3_blade_1_3
Fra:1 Mem:171.60M (Peak 171.60M) | Time:00:00.08 | Mem:0.00M, Peak:0.00M | CISCO_N9K_C9336C_FX2_V001, ViewLayer | Synchronizing object | Fan3_blade_1_4
Fra:1 Mem:171.60M (Peak 171.60M) | Time:00:00.08 | Mem:0.00M, Peak:0.00M | CISCO_N9K_C9336C_FX2_V001, ViewLayer | Synchronizing object | Fan3_blade_1_5
Fra:1 Mem:171.60M (Peak 171.60M) | Time:00:00.08 | Mem:0.00M, Peak:0.00M | CISCO_N9K_C9336C_FX2_V001, ViewLayer | Synchronizing object | Fan3_blade_1_6
Fra:1 Mem:171.60M (Peak 171.60M) | Time:00:00.08 | Mem:0.00M, Peak:0.00M | CISCO_N9K_C9336C_FX2_V001, ViewLayer | Synchronizing object | Fan3_rear_power_contact_block_1
Fra:1 Mem:171.62M (Peak 171.62M) | Time:00:00.08 | Mem:0.00M, Peak:0.00M | CISCO_N9K_C9336C_FX2_V001, ViewLayer | Synchronizing object | Fan3_front_frame
Fra:1 Mem:171.62M (Peak 171.62M) | Time:00:00.08 | Mem:0.00M, Peak:0.00M | CISCO_N9K_C9336C_FX2_V001, ViewLayer | Synchronizing object | Fan3_true_honeycomb_front_grille
Fra:1 Mem:171.93M (Peak 171.93M) | Time:00:00.08 | Mem:0.00M, Peak:0.00M | CISCO_N9K_C9336C_FX2_V001, ViewLayer | Synchronizing object | Fan3_molded_trapezoid_pull_handle
Fra:1 Mem:171.96M (Peak 171.96M) | Time:00:00.08 | Mem:0.00M, Peak:0.00M | CISCO_N9K_C9336C_FX2_V001, ViewLayer | Synchronizing object | Fan3_BLUE_release_latch_-1
Fra:1 Mem:171.97M (Peak 171.97M) | Time:00:00.08 | Mem:0.00M, Peak:0.00M | CISCO_N9K_C9336C_FX2_V001, ViewLayer | Synchronizing object | Fan3_latch_thumb_flare_-1
Fra:1 Mem:172.06M (Peak 172.06M) | Time:00:00.08 | Mem:0.00M, Peak:0.00M | CISCO_N9K_C9336C_FX2_V001, ViewLayer | Synchronizing object | Fan3_latch_grip_rib_-1_17
Fra:1 Mem:172.07M (Peak 172.07M) | Time:00:00.08 | Mem:0.00M, Peak:0.00M | CISCO_N9K_C9336C_FX2_V001, ViewLayer | Synchronizing object | Fan3_latch_grip_rib_-1_20
Fra:1 Mem:172.08M (Peak 172.08M) | Time:00:00.08 | Mem:0.00M, Peak:0.00M | CISCO_N9K_C9336C_FX2_V001, ViewLayer | Synchronizing object | Fan3_latch_grip_rib_-1_26
Fra:1 Mem:173.09M (Peak 173.09M) | Time:00:00.08 | Mem:0.00M, Peak:0.00M | CISCO_N9K_C9336C_FX2_V001, ViewLayer | Synchronizing object | Fan3_BLUE_release_latch_1
Fra:1 Mem:173.24M (Peak 173.24M) | Time:00:00.08 | Mem:0.00M, Peak:0.00M | CISCO_N9K_C9336C_FX2_V001, ViewLayer | Synchronizing object | Fan3_latch_grip_rib_1_14
Fra:1 Mem:173.25M (Peak 173.25M) | Time:00:00.08 | Mem:0.00M, Peak:0.00M | CISCO_N9K_C9336C_FX2_V001, ViewLayer | Synchronizing object | Fan3_latch_grip_rib_1_17
Fra:1 Mem:173.25M (Peak 173.25M) | Time:00:00.08 | Mem:0.00M, Peak:0.00M | CISCO_N9K_C9336C_FX2_V001, ViewLayer | Synchronizing object | Fan3_latch_grip_rib_1_20
Fra:1 Mem:173.26M (Peak 173.26M) | Time:00:00.08 | Mem:0.00M, Peak:0.00M | CISCO_N9K_C9336C_FX2_V001, ViewLayer | Synchronizing object | Fan3_latch_grip_rib_1_26
Fra:1 Mem:173.27M (Peak 173.27M) | Time:00:00.08 | Mem:0.00M, Peak:0.00M | CISCO_N9K_C9336C_FX2_V001, ViewLayer | Synchronizing object | Fan3_PID_label_recess
Fra:1 Mem:173.27M (Peak 173.27M) | Time:00:00.08 | Mem:0.00M, Peak:0.00M | CISCO_N9K_C9336C_FX2_V001, ViewLayer | Synchronizing object | Fan3_flush_lock_pin_39
Fra:1 Mem:173.27M (Peak 173.27M) | Time:00:00.08 | Mem:0.00M, Peak:0.00M | CISCO_N9K_C9336C_FX2_V001, ViewLayer | Synchronizing object | PSU1_formed_silver_shell
Fra:1 Mem:173.32M (Peak 173.32M) | Time:00:00.08 | Mem:0.00M, Peak:0.00M | CISCO_N9K_C9336C_FX2_V001, ViewLayer | Synchronizing object | PSU1_rear_internal_endcap
Fra:1 Mem:173.32M (Peak 173.32M) | Time:00:00.08 | Mem:0.00M, Peak:0.00M | CISCO_N9K_C9336C_FX2_V001, ViewLayer | Synchronizing object | PSU1_internal_mating_block
Fra:1 Mem:173.33M (Peak 173.33M) | Time:00:00.08 | Mem:0.00M, Peak:0.00M | CISCO_N9K_C9336C_FX2_V001, ViewLayer | Synchronizing object | PSU1_internal_opaque_baffle
Fra:1 Mem:173.33M (Peak 173.33M) | Time:00:00.08 | Mem:0.00M, Peak:0.00M | CISCO_N9K_C9336C_FX2_V001, ViewLayer | Synchronizing object | PSU1_front_face_rim
Fra:1 Mem:173.34M (Peak 173.34M) | Time:00:00.08 | Mem:0.00M, Peak:0.00M | CISCO_N9K_C9336C_FX2_V001, ViewLayer | Synchronizing object | PSU1_inlet_vent_divider
Fra:1 Mem:173.35M (Peak 173.35M) | Time:00:00.08 | Mem:0.00M, Peak:0.00M | CISCO_N9K_C9336C_FX2_V001, ViewLayer | Synchronizing object | PSU1_true_hex_cooling_vents
Fra:1 Mem:173.45M (Peak 173.45M) | Time:00:00.08 | Mem:0.00M, Peak:0.00M | CISCO_N9K_C9336C_FX2_V001, ViewLayer | Synchronizing object | PSU1_IEC_C14_black_inlet_housing
Fra:1 Mem:173.86M (Peak 173.86M) | Time:00:00.09 | Mem:0.00M, Peak:0.00M | CISCO_N9K_C9336C_FX2_V001, ViewLayer | Synchronizing object | PSU2_inlet_vent_divider
Fra:1 Mem:173.86M (Peak 173.86M) | Time:00:00.09 | Mem:0.00M, Peak:0.00M | CISCO_N9K_C9336C_FX2_V001, ViewLayer | Synchronizing object | PSU2_front_face_rim
Fra:1 Mem:173.88M (Peak 173.88M) | Time:00:00.09 | Mem:0.00M, Peak:0.00M | CISCO_N9K_C9336C_FX2_V001, ViewLayer | Synchronizing object | PSU2_internal_opaque_baffle
Fra:1 Mem:173.88M (Peak 173.88M) | Time:00:00.09 | Mem:0.00M, Peak:0.00M | CISCO_N9K_C9336C_FX2_V001, ViewLayer | Synchronizing object | PSU2_internal_mating_block
Fra:1 Mem:173.88M (Peak 173.88M) | Time:00:00.09 | Mem:0.00M, Peak:0.00M | CISCO_N9K_C9336C_FX2_V001, ViewLayer | Synchronizing object | PSU2_rear_internal_endcap
Fra:1 Mem:173.89M (Peak 173.89M) | Time:00:00.09 | Mem:0.00M, Peak:0.00M | CISCO_N9K_C9336C_FX2_V001, ViewLayer | Synchronizing object | PSU2_formed_silver_shell
Fra:1 Mem:173.91M (Peak 173.91M) | Time:00:00.09 | Mem:0.00M, Peak:0.00M | CISCO_N9K_C9336C_FX2_V001, ViewLayer | Synchronizing object | PSU1_face_screw_24.5_39.3
Fra:1 Mem:173.93M (Peak 173.93M) | Time:00:00.09 | Mem:0.00M, Peak:0.00M | CISCO_N9K_C9336C_FX2_V001, ViewLayer | Synchronizing object | PSU1_face_screw_24.5_4.1
Fra:1 Mem:173.95M (Peak 173.95M) | Time:00:00.09 | Mem:0.00M, Peak:0.00M | CISCO_N9K_C9336C_FX2_V001, ViewLayer | Synchronizing object | PSU1_face_screw_-24.5_39.3
Fra:1 Mem:173.97M (Peak 173.97M) | Time:00:00.09 | Mem:0.00M, Peak:0.00M | CISCO_N9K_C9336C_FX2_V001, ViewLayer | Synchronizing object | PSU1_IEC_recessed_black_floor
Fra:1 Mem:173.97M (Peak 173.97M) | Time:00:00.09 | Mem:0.00M, Peak:0.00M | CISCO_N9K_C9336C_FX2_V001, ViewLayer | Synchronizing object | PSU1_face_screw_-24.5_4.1
Fra:1 Mem:173.98M (Peak 173.98M) | Time:00:00.09 | Mem:0.00M, Peak:0.00M | CISCO_N9K_C9336C_FX2_V001, ViewLayer | Synchronizing object | PSU1_IEC_pin_0
Fra:1 Mem:174.00M (Peak 174.00M) | Time:00:00.09 | Mem:0.00M, Peak:0.00M | CISCO_N9K_C9336C_FX2_V001, ViewLayer | Synchronizing object | PSU1_unpowered_LED_32.6
Fra:1 Mem:174.00M (Peak 174.00M) | Time:00:00.09 | Mem:0.00M, Peak:0.00M | CISCO_N9K_C9336C_FX2_V001, ViewLayer | Synchronizing object | PSU1_unpowered_LED_36.8
Fra:1 Mem:174.00M (Peak 174.00M) | Time:00:00.09 | Mem:0.00M, Peak:0.00M | CISCO_N9K_C9336C_FX2_V001, ViewLayer | Synchronizing object | PSU1_retainer_rib_315.4
Fra:1 Mem:174.01M (Peak 174.01M) | Time:00:00.09 | Mem:0.00M, Peak:0.00M | CISCO_N9K_C9336C_FX2_V001, ViewLayer | Synchronizing object | PSU1_retainer_rib_313.2
Fra:1 Mem:174.01M (Peak 174.01M) | Time:00:00.09 | Mem:0.00M, Peak:0.00M | CISCO_N9K_C9336C_FX2_V001, ViewLayer | Synchronizing object | PSU1_retainer_rib_311
Fra:1 Mem:174.02M (Peak 174.02M) | Time:00:00.09 | Mem:0.00M, Peak:0.00M | CISCO_N9K_C9336C_FX2_V001, ViewLayer | Synchronizing object | PSU1_retainer_rib_308.8
Fra:1 Mem:174.02M (Peak 174.02M) | Time:00:00.09 | Mem:0.00M, Peak:0.00M | CISCO_N9K_C9336C_FX2_V001, ViewLayer | Synchronizing object | PSU1_retainer_rib_306.6
Fra:1 Mem:174.02M (Peak 174.02M) | Time:00:00.09 | Mem:0.00M, Peak:0.00M | CISCO_N9K_C9336C_FX2_V001, ViewLayer | Synchronizing object | PSU1_retainer_rib_304.4
Fra:1 Mem:174.03M (Peak 174.03M) | Time:00:00.09 | Mem:0.00M, Peak:0.00M | CISCO_N9K_C9336C_FX2_V001, ViewLayer | Synchronizing object | PSU1_retainer_rib_302.2
Fra:1 Mem:174.03M (Peak 174.03M) | Time:00:00.09 | Mem:0.00M, Peak:0.00M | CISCO_N9K_C9336C_FX2_V001, ViewLayer | Synchronizing object | PSU1_retainer_rib_300
Fra:1 Mem:174.04M (Peak 174.04M) | Time:00:00.09 | Mem:0.00M, Peak:0.00M | CISCO_N9K_C9336C_FX2_V001, ViewLayer | Synchronizing object | PSU1_stowed_nylon_retention_loop
Fra:1 Mem:174.04M (Peak 174.04M) | Time:00:00.09 | Mem:0.00M, Peak:0.00M | CISCO_N9K_C9336C_FX2_V001, ViewLayer | Synchronizing object | PSU1_cord_retainer_anchor
Fra:1 Mem:174.05M (Peak 174.05M) | Time:00:00.09 | Mem:0.00M, Peak:0.00M | CISCO_N9K_C9336C_FX2_V001, ViewLayer | Synchronizing object | PSU1_BLUE_release_latch
Fra:1 Mem:174.05M (Peak 174.05M) | Time:00:00.09 | Mem:0.00M, Peak:0.00M | CISCO_N9K_C9336C_FX2_V001, ViewLayer | Synchronizing object | PSU1_silver_U_pull_handle
Fra:1 Mem:174.08M (Peak 174.08M) | Time:00:00.09 | Mem:0.00M, Peak:0.00M | CISCO_N9K_C9336C_FX2_V001, ViewLayer | Synchronizing object | PSU1_IEC_pin_2
Fra:1 Mem:174.09M (Peak 174.09M) | Time:00:00.09 | Mem:0.00M, Peak:0.00M | CISCO_N9K_C9336C_FX2_V001, ViewLayer | Synchronizing object | PSU1_IEC_pin_1
Fra:1 Mem:176.36M (Peak 185.41M) | Time:00:00.22 | Mem:0.00M, Peak:0.00M | CISCO_N9K_C9336C_FX2_V001, ViewLayer | Initializing
Fra:1 Mem:170.26M (Peak 185.41M) | Time:00:00.22 | Mem:0.00M, Peak:0.00M | CISCO_N9K_C9336C_FX2_V001, ViewLayer | Updating Images | Loading NWR_original_chassis_label_baked
Fra:1 Mem:170.26M (Peak 185.41M) | Time:00:00.22 | Mem:0.00M, Peak:0.00M | CISCO_N9K_C9336C_FX2_V001, ViewLayer | Updating Images | Loading chassis-satin-nickel-roughness
Fra:1 Mem:170.26M (Peak 185.41M) | Time:00:00.22 | Mem:0.00M, Peak:0.00M | CISCO_N9K_C9336C_FX2_V001, ViewLayer | Updating Images | Loading zinc-plated-brackets-roughness
Fra:1 Mem:158.23M (Peak 185.41M) | Time:00:00.25 | Mem:7.50M, Peak:7.50M | CISCO_N9K_C9336C_FX2_V001, ViewLayer | Waiting for render to start
Fra:1 Mem:158.23M (Peak 185.41M) | Time:00:00.25 | Mem:7.50M, Peak:7.50M | CISCO_N9K_C9336C_FX2_V001, ViewLayer | Loading render kernels (may take a few minutes the first time)
Fra:1 Mem:158.23M (Peak 185.41M) | Time:00:00.25 | Mem:7.50M, Peak:7.50M | CISCO_N9K_C9336C_FX2_V001, ViewLayer | Updating Scene
Fra:1 Mem:158.23M (Peak 185.41M) | Time:00:00.25 | Mem:7.50M, Peak:7.50M | CISCO_N9K_C9336C_FX2_V001, ViewLayer | Updating Shaders
Fra:1 Mem:158.32M (Peak 185.41M) | Time:00:00.25 | Mem:7.51M, Peak:7.51M | CISCO_N9K_C9336C_FX2_V001, ViewLayer | Updating Procedurals
Fra:1 Mem:158.32M (Peak 185.41M) | Time:00:00.25 | Mem:7.51M, Peak:7.51M | CISCO_N9K_C9336C_FX2_V001, ViewLayer | Updating Background
Fra:1 Mem:158.32M (Peak 185.41M) | Time:00:00.25 | Mem:7.51M, Peak:7.51M | CISCO_N9K_C9336C_FX2_V001, ViewLayer | Updating Camera
Fra:1 Mem:158.32M (Peak 185.41M) | Time:00:00.25 | Mem:7.51M, Peak:7.51M | CISCO_N9K_C9336C_FX2_V001, ViewLayer | Updating Meshes Flags
Fra:1 Mem:158.32M (Peak 185.41M) | Time:00:00.25 | Mem:7.51M, Peak:7.51M | CISCO_N9K_C9336C_FX2_V001, ViewLayer | Updating Objects
Fra:1 Mem:158.32M (Peak 185.41M) | Time:00:00.25 | Mem:7.51M, Peak:7.51M | CISCO_N9K_C9336C_FX2_V001, ViewLayer | Updating Objects | Copying Transformations to device
Fra:1 Mem:158.54M (Peak 185.41M) | Time:00:00.25 | Mem:7.73M, Peak:7.73M | CISCO_N9K_C9336C_FX2_V001, ViewLayer | Updating Objects | Applying Static Transformations
Fra:1 Mem:158.54M (Peak 185.41M) | Time:00:00.25 | Mem:7.73M, Peak:7.73M | CISCO_N9K_C9336C_FX2_V001, ViewLayer | Updating Particle Systems
Fra:1 Mem:158.54M (Peak 185.41M) | Time:00:00.25 | Mem:7.73M, Peak:7.73M | CISCO_N9K_C9336C_FX2_V001, ViewLayer | Updating Particle Systems | Copying Particles to device
Fra:1 Mem:158.54M (Peak 185.41M) | Time:00:00.25 | Mem:7.73M, Peak:7.73M | CISCO_N9K_C9336C_FX2_V001, ViewLayer | Updating Meshes
Fra:1 Mem:163.60M (Peak 185.41M) | Time:00:00.26 | Mem:7.73M, Peak:7.73M | CISCO_N9K_C9336C_FX2_V001, ViewLayer | Updating Mesh | Computing attributes
Fra:1 Mem:186.46M (Peak 186.46M) | Time:00:00.28 | Mem:7.76M, Peak:7.76M | CISCO_N9K_C9336C_FX2_V001, ViewLayer | Updating Mesh | Copying Attributes to device
Fra:1 Mem:186.34M (Peak 186.46M) | Time:00:00.28 | Mem:30.46M, Peak:30.46M | CISCO_N9K_C9336C_FX2_V001, ViewLayer | Updating Geometry BVH Lid_flush_Phillips_00 1/30 | Building BVH
Fra:1 Mem:186.34M (Peak 186.46M) | Time:00:00.28 | Mem:30.46M, Peak:30.46M | CISCO_N9K_C9336C_FX2_V001, ViewLayer | Updating Geometry BVH Port01_recessed_connector_stop 5/30 | Building BVH
Fra:1 Mem:186.34M (Peak 186.46M) | Time:00:00.28 | Mem:30.47M, Peak:30.47M | CISCO_N9K_C9336C_FX2_V001, ViewLayer | Updating Geometry BVH Port01_recessed_connector_stop 5/30 | Building BVH 0%
Fra:1 Mem:186.34M (Peak 186.46M) | Time:00:00.28 | Mem:30.47M, Peak:30.47M | CISCO_N9K_C9336C_FX2_V001, ViewLayer | Updating Geometry BVH Port02_subtle_recessed_contact_row 30/30 | Building BVH
Fra:1 Mem:186.34M (Peak 186.46M) | Time:00:00.28 | Mem:30.47M, Peak:30.47M | CISCO_N9K_C9336C_FX2_V001, ViewLayer | Updating Geometry BVH Port01_guide_-1_-4.25 7/30 | Building BVH
Fra:1 Mem:186.34M (Peak 186.46M) | Time:00:00.28 | Mem:30.47M, Peak:30.48M | CISCO_N9K_C9336C_FX2_V001, ViewLayer | Updating Geometry BVH Port01_spring_-1_-2.8 9/30 | Building BVH
Fra:1 Mem:186.34M (Peak 186.46M) | Time:00:00.28 | Mem:30.49M, Peak:30.49M | CISCO_N9K_C9336C_FX2_V001, ViewLayer | Updating Geometry BVH Port01_spring_-1_0 10/30 | Building BVH
Fra:1 Mem:186.34M (Peak 186.46M) | Time:00:00.28 | Mem:30.51M, Peak:30.51M | CISCO_N9K_C9336C_FX2_V001, ViewLayer | Updating Geometry BVH Port01_spring_-1_2.8 11/30 | Building BVH
Fra:1 Mem:186.34M (Peak 186.46M) | Time:00:00.28 | Mem:30.58M, Peak:30.59M | CISCO_N9K_C9336C_FX2_V001, ViewLayer | Updating Geometry BVH Port01_guide_1_-4.25 12/30 | Building BVH
Fra:1 Mem:186.34M (Peak 186.46M) | Time:00:00.28 | Mem:30.61M, Peak:30.61M | CISCO_N9K_C9336C_FX2_V001, ViewLayer | Updating Geometry BVH Port01_guide_1_4.25 13/30 | Building BVH
Fra:1 Mem:186.34M (Peak 186.46M) | Time:00:00.28 | Mem:30.63M, Peak:30.63M | CISCO_N9K_C9336C_FX2_V001, ViewLayer | Updating Geometry BVH Port01_spring_1_-2.8 14/30 | Building BVH
Fra:1 Mem:186.34M (Peak 186.46M) | Time:00:00.28 | Mem:30.64M, Peak:30.64M | CISCO_N9K_C9336C_FX2_V001, ViewLayer | Updating Geometry BVH Port01_spring_1_0 15/30 | Building BVH
Fra:1 Mem:186.34M (Peak 186.46M) | Time:00:00.28 | Mem:30.65M, Peak:30.65M | CISCO_N9K_C9336C_FX2_V001, ViewLayer | Updating Geometry BVH Port01_spring_1_2.8 16/30 | Building BVH
Fra:1 Mem:186.34M (Peak 186.46M) | Time:00:00.28 | Mem:30.66M, Peak:30.66M | CISCO_N9K_C9336C_FX2_V001, ViewLayer | Updating Geometry BVH Port01_subtle_recessed_contact_row 17/30 | Building BVH
Fra:1 Mem:186.34M (Peak 186.46M) | Time:00:00.28 | Mem:30.70M, Peak:30.70M | CISCO_N9K_C9336C_FX2_V001, ViewLayer | Updating Geometry BVH Port02_spring_1_2.8 29/30 | Building BVH
Fra:1 Mem:186.34M (Peak 186.46M) | Time:00:00.28 | Mem:30.71M, Peak:30.71M | CISCO_N9K_C9336C_FX2_V001, ViewLayer | Updating Geometry BVH Port02_recessed_connector_stop 18/30 | Building BVH
Fra:1 Mem:186.34M (Peak 186.46M) | Time:00:00.28 | Mem:30.75M, Peak:30.75M | CISCO_N9K_C9336C_FX2_V001, ViewLayer | Updating Geometry BVH Port02_connector_contact_surround 19/30 | Building BVH
Fra:1 Mem:186.34M (Peak 186.46M) | Time:00:00.28 | Mem:30.77M, Peak:30.77M | CISCO_N9K_C9336C_FX2_V001, ViewLayer | Updating Geometry BVH Port02_spring_1_0 28/30 | Building BVH
Fra:1 Mem:186.34M (Peak 186.46M) | Time:00:00.28 | Mem:30.78M, Peak:30.78M | CISCO_N9K_C9336C_FX2_V001, ViewLayer | Updating Geometry BVH Port02_spring_-1_-2.8 22/30 | Building BVH
Fra:1 Mem:186.34M (Peak 186.46M) | Time:00:00.28 | Mem:30.81M, Peak:30.81M | CISCO_N9K_C9336C_FX2_V001, ViewLayer | Updating Geometry BVH Port02_spring_1_-2.8 27/30 | Building BVH
Fra:1 Mem:186.34M (Peak 186.46M) | Time:00:00.28 | Mem:30.83M, Peak:30.83M | CISCO_N9K_C9336C_FX2_V001, ViewLayer | Updating Geometry BVH Port02_spring_-1_0 23/30 | Building BVH
Fra:1 Mem:186.34M (Peak 186.46M) | Time:00:00.28 | Mem:30.84M, Peak:30.84M | CISCO_N9K_C9336C_FX2_V001, ViewLayer | Updating Geometry BVH Port02_guide_1_4.25 26/30 | Building BVH
Fra:1 Mem:186.34M (Peak 186.46M) | Time:00:00.28 | Mem:30.87M, Peak:30.87M | CISCO_N9K_C9336C_FX2_V001, ViewLayer | Updating Geometry BVH Port02_spring_-1_2.8 24/30 | Building BVH
Fra:1 Mem:186.34M (Peak 186.46M) | Time:00:00.28 | Mem:30.88M, Peak:30.88M | CISCO_N9K_C9336C_FX2_V001, ViewLayer | Updating Geometry BVH Port02_guide_1_-4.25 25/30 | Building BVH
Fra:1 Mem:186.34M (Peak 186.46M) | Time:00:00.28 | Mem:30.94M, Peak:31.01M | CISCO_N9K_C9336C_FX2_V001, ViewLayer | Updating Scene BVH | Building
Fra:1 Mem:186.35M (Peak 186.46M) | Time:00:00.28 | Mem:30.94M, Peak:31.01M | CISCO_N9K_C9336C_FX2_V001, ViewLayer | Updating Scene BVH | Building BVH
Fra:1 Mem:186.35M (Peak 186.46M) | Time:00:00.31 | Mem:51.87M, Peak:61.81M | CISCO_N9K_C9336C_FX2_V001, ViewLayer | Updating Scene BVH | Copying BVH to device
Fra:1 Mem:186.35M (Peak 186.46M) | Time:00:00.31 | Mem:51.87M, Peak:61.81M | CISCO_N9K_C9336C_FX2_V001, ViewLayer | Updating Mesh | Computing normals
Fra:1 Mem:197.68M (Peak 197.68M) | Time:00:00.31 | Mem:51.87M, Peak:61.81M | CISCO_N9K_C9336C_FX2_V001, ViewLayer | Updating Mesh | Copying Mesh to device
Fra:1 Mem:197.68M (Peak 197.68M) | Time:00:00.31 | Mem:63.21M, Peak:63.21M | CISCO_N9K_C9336C_FX2_V001, ViewLayer | Updating Objects Flags
Fra:1 Mem:197.68M (Peak 197.68M) | Time:00:00.31 | Mem:63.21M, Peak:63.21M | CISCO_N9K_C9336C_FX2_V001, ViewLayer | Updating Primitive Offsets
Fra:1 Mem:197.69M (Peak 197.69M) | Time:00:00.31 | Mem:63.22M, Peak:63.22M | CISCO_N9K_C9336C_FX2_V001, ViewLayer | Updating Images
Fra:1 Mem:197.69M (Peak 197.69M) | Time:00:00.31 | Mem:63.22M, Peak:63.22M | CISCO_N9K_C9336C_FX2_V001, ViewLayer | Updating Camera Volume
Fra:1 Mem:197.69M (Peak 197.69M) | Time:00:00.31 | Mem:63.22M, Peak:63.22M | CISCO_N9K_C9336C_FX2_V001, ViewLayer | Updating Lookup Tables
Fra:1 Mem:197.69M (Peak 197.69M) | Time:00:00.31 | Mem:63.30M, Peak:63.30M | CISCO_N9K_C9336C_FX2_V001, ViewLayer | Updating Lights
Fra:1 Mem:197.69M (Peak 197.69M) | Time:00:00.31 | Mem:63.30M, Peak:63.30M | CISCO_N9K_C9336C_FX2_V001, ViewLayer | Updating Lights | Computing distribution
Fra:1 Mem:197.69M (Peak 197.69M) | Time:00:00.31 | Mem:63.30M, Peak:63.30M | CISCO_N9K_C9336C_FX2_V001, ViewLayer | Updating Lights | Computing tree
Fra:1 Mem:197.69M (Peak 197.69M) | Time:00:00.31 | Mem:63.31M, Peak:63.31M | CISCO_N9K_C9336C_FX2_V001, ViewLayer | Updating Integrator
Fra:1 Mem:198.69M (Peak 198.69M) | Time:00:00.32 | Mem:64.31M, Peak:64.31M | CISCO_N9K_C9336C_FX2_V001, ViewLayer | Updating Film
Fra:1 Mem:198.70M (Peak 198.70M) | Time:00:00.32 | Mem:64.22M, Peak:64.31M | CISCO_N9K_C9336C_FX2_V001, ViewLayer | Updating Lookup Tables
Fra:1 Mem:198.70M (Peak 198.70M) | Time:00:00.32 | Mem:64.31M, Peak:64.31M | CISCO_N9K_C9336C_FX2_V001, ViewLayer | Updating Baking
Fra:1 Mem:198.70M (Peak 198.70M) | Time:00:00.32 | Mem:64.31M, Peak:64.31M | CISCO_N9K_C9336C_FX2_V001, ViewLayer | Updating Device | Writing constant memory
Fra:1 Mem:198.71M (Peak 198.71M) | Time:00:00.32 | Mem:64.31M, Peak:64.31M | CISCO_N9K_C9336C_FX2_V001, ViewLayer | Sample 0/32
Fra:1 Mem:217.28M (Peak 217.28M) | Time:00:00.55 | Remaining:00:07.18 | Mem:82.86M, Peak:82.86M | CISCO_N9K_C9336C_FX2_V001, ViewLayer | Sample 1/32
Fra:1 Mem:225.52M (Peak 242.00M) | Time:00:06.54 | Mem:82.86M, Peak:82.86M | CISCO_N9K_C9336C_FX2_V001, ViewLayer | Sample 32/32
Fra:1 Mem:225.52M (Peak 242.00M) | Time:00:06.54 | Mem:82.86M, Peak:82.86M | CISCO_N9K_C9336C_FX2_V001, ViewLayer | Finished
Saved: '/root/Project/rack-device-3d/Cisco-N9KC9336C-FX2/v001/qa/lighting-factor-0.035.png'
Time: 00:06.65 (Saving: 00:00.09)

BlenderMCP: cannot start server in background mode (blender -b) - commands would never execute
BlenderMCP: run Blender with a GUI, or use a virtual display: xvfb-run -a blender
BlenderMCP addon registered
{'Black polymer': [0.02199999988079071, 0.026000000536441803, 0.03099999949336052, 1.0], 'Blue airflow latch': [0.00800000037997961, 0.20000000298023224, 0.41999998688697815, 1.0], 'Cage stainless steel': [0.5199999809265137, 0.5400000214576721, 0.5699999928474426, 1.0], 'Chassis satin nickel': [0.5, 0.5249999761581421, 0.550000011920929, 1.0], 'Dark grille metal': [0.054999999701976776, 0.061000000685453415, 0.06800000369548798, 1.0], 'Fan graphite polymer': [0.04699999839067459, 0.05400000140070915, 0.05999999865889549, 1.0], 'Fastener steel': [0.4000000059604645, 0.42500001192092896, 0.44999998807907104, 1.0], 'Gold contacts': [0.550000011920929, 0.33000001311302185, 0.07500000298023224, 1.0], 'Indicator off': [0.012000000104308128, 0.023000000044703484, 0.019999999552965164, 1.0], 'Interior shadow': [0.00800000037997961, 0.010999999940395355, 0.014000000432133675, 1.0], 'Printed black': [0.00800000037997961, 0.008999999612569809, 0.010999999940395355, 1.0], 'Printed white': [0.6700000166893005, 0.6899999976158142, 0.6800000071525574, 1.0], 'Source photographic label — explicit two UV bake': [0.800000011920929, 0.800000011920929, 0.800000011920929, 1.0], 'Studio backdrop': [0.7200000286102295, 0.7200000286102295, 0.7200000286102295, 1.0], 'Zinc plated brackets': [0.5699999928474426, 0.6000000238418579, 0.6349999904632568, 1.0]}
BlenderMCP server stopped
BlenderMCP addon unregistered

Blender quit
