Blender 4.0.2
Read prefs: "/root/.config/blender/4.0/config/userpref.blend"
Read blend: "/root/Project/rack-device-3d/Cisco-N9KC9336C-FX2/v001/model/CISCO-Nexus-N9K-C9336C-FX2.blend"
Fra:1 Mem:123.63M (Peak 123.63M) | Time:00:00.07 | Mem:0.00M, Peak:0.00M | CISCO_N9K_C9336C_FX2_V001, ViewLayer | Synchronizing object | INFERRED_Bottom_folded_sheet
Fra:1 Mem:123.66M (Peak 123.66M) | Time:00:00.07 | Mem:0.00M, Peak:0.00M | CISCO_N9K_C9336C_FX2_V001, ViewLayer | Synchronizing object | LEFT_sidewall_with_mounting_provisions
Fra:1 Mem:123.89M (Peak 123.89M) | Time:00:00.07 | Mem:0.00M, Peak:0.00M | CISCO_N9K_C9336C_FX2_V001, ViewLayer | Synchronizing object | RIGHT_sidewall_with_mounting_provisions
Fra:1 Mem:124.12M (Peak 124.12M) | Time:00:00.07 | Mem:0.00M, Peak:0.00M | CISCO_N9K_C9336C_FX2_V001, ViewLayer | Synchronizing object | Top_lid_main_sheet
Fra:1 Mem:124.39M (Peak 124.39M) | Time:00:00.08 | Mem:0.00M, Peak:0.00M | CISCO_N9K_C9336C_FX2_V001, ViewLayer | Synchronizing object | Original_photo_top_chassis_label
Fra:1 Mem:124.39M (Peak 124.39M) | Time:00:00.08 | Mem:0.00M, Peak:0.00M | CISCO_N9K_C9336C_FX2_V001, ViewLayer | Synchronizing object | Port_pair_18_direction_1
Fra:1 Mem:124.39M (Peak 124.39M) | Time:00:00.08 | Mem:0.00M, Peak:0.00M | CISCO_N9K_C9336C_FX2_V001, ViewLayer | Synchronizing object | Port_pair_18_direction_-1
Fra:1 Mem:124.39M (Peak 124.39M) | Time:00:00.08 | Mem:0.00M, Peak:0.00M | CISCO_N9K_C9336C_FX2_V001, ViewLayer | Synchronizing object | PORT_NUMBER_36
Fra:1 Mem:124.40M (Peak 124.40M) | Time:00:00.08 | Mem:0.00M, Peak:0.00M | CISCO_N9K_C9336C_FX2_V001, ViewLayer | Synchronizing object | PORT_NUMBER_35
Fra:1 Mem:124.41M (Peak 124.41M) | Time:00:00.08 | Mem:0.00M, Peak:0.00M | CISCO_N9K_C9336C_FX2_V001, ViewLayer | Synchronizing object | Port_pair_17_direction_1
Fra:1 Mem:124.41M (Peak 124.41M) | Time:00:00.08 | Mem:0.00M, Peak:0.00M | CISCO_N9K_C9336C_FX2_V001, ViewLayer | Synchronizing object | Port_pair_17_direction_-1
Fra:1 Mem:124.41M (Peak 124.41M) | Time:00:00.08 | Mem:0.00M, Peak:0.00M | CISCO_N9K_C9336C_FX2_V001, ViewLayer | Synchronizing object | PORT_NUMBER_34
Fra:1 Mem:124.42M (Peak 124.42M) | Time:00:00.08 | Mem:0.00M, Peak:0.00M | CISCO_N9K_C9336C_FX2_V001, ViewLayer | Synchronizing object | PORT_NUMBER_33
Fra:1 Mem:124.43M (Peak 124.43M) | Time:00:00.08 | Mem:0.00M, Peak:0.00M | CISCO_N9K_C9336C_FX2_V001, ViewLayer | Synchronizing object | Port_pair_16_direction_1
Fra:1 Mem:124.43M (Peak 124.43M) | Time:00:00.08 | Mem:0.00M, Peak:0.00M | CISCO_N9K_C9336C_FX2_V001, ViewLayer | Synchronizing object | Port_pair_16_direction_-1
Fra:1 Mem:124.43M (Peak 124.43M) | Time:00:00.08 | Mem:0.00M, Peak:0.00M | CISCO_N9K_C9336C_FX2_V001, ViewLayer | Synchronizing object | PORT_NUMBER_32
Fra:1 Mem:124.44M (Peak 124.44M) | Time:00:00.08 | Mem:0.00M, Peak:0.00M | CISCO_N9K_C9336C_FX2_V001, ViewLayer | Synchronizing object | PORT_NUMBER_31
Fra:1 Mem:124.45M (Peak 124.45M) | Time:00:00.08 | Mem:0.00M, Peak:0.00M | CISCO_N9K_C9336C_FX2_V001, ViewLayer | Synchronizing object | Port_pair_15_direction_1
Fra:1 Mem:124.45M (Peak 124.45M) | Time:00:00.08 | Mem:0.00M, Peak:0.00M | CISCO_N9K_C9336C_FX2_V001, ViewLayer | Synchronizing object | Port_pair_15_direction_-1
Fra:1 Mem:124.45M (Peak 124.45M) | Time:00:00.08 | Mem:0.00M, Peak:0.00M | CISCO_N9K_C9336C_FX2_V001, ViewLayer | Synchronizing object | PORT_NUMBER_30
Fra:1 Mem:124.46M (Peak 124.46M) | Time:00:00.08 | Mem:0.00M, Peak:0.00M | CISCO_N9K_C9336C_FX2_V001, ViewLayer | Synchronizing object | PORT_NUMBER_29
Fra:1 Mem:124.48M (Peak 124.48M) | Time:00:00.08 | Mem:0.00M, Peak:0.00M | CISCO_N9K_C9336C_FX2_V001, ViewLayer | Synchronizing object | Port_pair_14_direction_1
Fra:1 Mem:124.51M (Peak 124.51M) | Time:00:00.08 | Mem:0.00M, Peak:0.00M | CISCO_N9K_C9336C_FX2_V001, ViewLayer | Synchronizing object | Port_pair_14_direction_-1
Fra:1 Mem:124.55M (Peak 124.55M) | Time:00:00.08 | Mem:0.00M, Peak:0.00M | CISCO_N9K_C9336C_FX2_V001, ViewLayer | Synchronizing object | PORT_NUMBER_28
Fra:1 Mem:124.48M (Peak 124.55M) | Time:00:00.08 | Mem:0.00M, Peak:0.00M | CISCO_N9K_C9336C_FX2_V001, ViewLayer | Synchronizing object | Lid_port_edge_fold
Fra:1 Mem:124.49M (Peak 124.55M) | Time:00:00.08 | Mem:0.00M, Peak:0.00M | CISCO_N9K_C9336C_FX2_V001, ViewLayer | Synchronizing object | PORT_NUMBER_27
Fra:1 Mem:124.50M (Peak 124.55M) | Time:00:00.08 | Mem:0.00M, Peak:0.00M | CISCO_N9K_C9336C_FX2_V001, ViewLayer | Synchronizing object | Port_pair_13_direction_1
Fra:1 Mem:124.50M (Peak 124.55M) | Time:00:00.08 | Mem:0.00M, Peak:0.00M | CISCO_N9K_C9336C_FX2_V001, ViewLayer | Synchronizing object | Port_pair_13_direction_-1
Fra:1 Mem:124.50M (Peak 124.55M) | Time:00:00.08 | Mem:0.00M, Peak:0.00M | CISCO_N9K_C9336C_FX2_V001, ViewLayer | Synchronizing object | PORT_NUMBER_26
Fra:1 Mem:124.51M (Peak 124.55M) | Time:00:00.08 | Mem:0.00M, Peak:0.00M | CISCO_N9K_C9336C_FX2_V001, ViewLayer | Synchronizing object | PORT_NUMBER_25
Fra:1 Mem:124.52M (Peak 124.55M) | Time:00:00.08 | Mem:0.00M, Peak:0.00M | CISCO_N9K_C9336C_FX2_V001, ViewLayer | Synchronizing object | Port_pair_12_direction_1
Fra:1 Mem:124.52M (Peak 124.55M) | Time:00:00.08 | Mem:0.00M, Peak:0.00M | CISCO_N9K_C9336C_FX2_V001, ViewLayer | Synchronizing object | Lid_staggered_punched_vent_2028_through_holes
Fra:1 Mem:124.52M (Peak 124.55M) | Time:00:00.08 | Mem:0.00M, Peak:0.00M | CISCO_N9K_C9336C_FX2_V001, ViewLayer | Synchronizing object | Port_pair_12_direction_-1
Fra:1 Mem:124.52M (Peak 124.55M) | Time:00:00.08 | Mem:0.00M, Peak:0.00M | CISCO_N9K_C9336C_FX2_V001, ViewLayer | Synchronizing object | PORT_NUMBER_24
Fra:1 Mem:126.79M (Peak 126.79M) | Time:00:00.08 | Mem:0.00M, Peak:0.00M | CISCO_N9K_C9336C_FX2_V001, ViewLayer | Synchronizing object | PORT_NUMBER_23
Fra:1 Mem:126.80M (Peak 126.80M) | Time:00:00.08 | Mem:0.00M, Peak:0.00M | CISCO_N9K_C9336C_FX2_V001, ViewLayer | Synchronizing object | Port_pair_11_direction_1
Fra:1 Mem:126.80M (Peak 126.80M) | Time:00:00.08 | Mem:0.00M, Peak:0.00M | CISCO_N9K_C9336C_FX2_V001, ViewLayer | Synchronizing object | Port_pair_11_direction_-1
Fra:1 Mem:126.80M (Peak 126.80M) | Time:00:00.08 | Mem:0.00M, Peak:0.00M | CISCO_N9K_C9336C_FX2_V001, ViewLayer | Synchronizing object | PORT_NUMBER_22
Fra:1 Mem:126.81M (Peak 126.81M) | Time:00:00.08 | Mem:0.00M, Peak:0.00M | CISCO_N9K_C9336C_FX2_V001, ViewLayer | Synchronizing object | PORT_NUMBER_21
Fra:1 Mem:126.82M (Peak 126.82M) | Time:00:00.08 | Mem:0.00M, Peak:0.00M | CISCO_N9K_C9336C_FX2_V001, ViewLayer | Synchronizing object | Port_pair_10_direction_1
Fra:1 Mem:126.82M (Peak 126.82M) | Time:00:00.08 | Mem:0.00M, Peak:0.00M | CISCO_N9K_C9336C_FX2_V001, ViewLayer | Synchronizing object | Port_pair_10_direction_-1
Fra:1 Mem:126.82M (Peak 126.82M) | Time:00:00.08 | Mem:0.00M, Peak:0.00M | CISCO_N9K_C9336C_FX2_V001, ViewLayer | Synchronizing object | PORT_NUMBER_20
Fra:1 Mem:126.82M (Peak 126.82M) | Time:00:00.08 | Mem:0.00M, Peak:0.00M | CISCO_N9K_C9336C_FX2_V001, ViewLayer | Synchronizing object | PORT_NUMBER_19
Fra:1 Mem:126.83M (Peak 126.83M) | Time:00:00.08 | Mem:0.00M, Peak:0.00M | CISCO_N9K_C9336C_FX2_V001, ViewLayer | Synchronizing object | Port_pair_9_direction_1
Fra:1 Mem:126.83M (Peak 126.83M) | Time:00:00.08 | Mem:0.00M, Peak:0.00M | CISCO_N9K_C9336C_FX2_V001, ViewLayer | Synchronizing object | Port_pair_9_direction_-1
Fra:1 Mem:126.83M (Peak 126.83M) | Time:00:00.08 | Mem:0.00M, Peak:0.00M | CISCO_N9K_C9336C_FX2_V001, ViewLayer | Synchronizing object | PORT_NUMBER_18
Fra:1 Mem:126.84M (Peak 126.84M) | Time:00:00.08 | Mem:0.00M, Peak:0.00M | CISCO_N9K_C9336C_FX2_V001, ViewLayer | Synchronizing object | PORT_NUMBER_17
Fra:1 Mem:126.84M (Peak 126.84M) | Time:00:00.08 | Mem:0.00M, Peak:0.00M | CISCO_N9K_C9336C_FX2_V001, ViewLayer | Synchronizing object | Port_pair_8_direction_1
Fra:1 Mem:126.84M (Peak 126.84M) | Time:00:00.08 | Mem:0.00M, Peak:0.00M | CISCO_N9K_C9336C_FX2_V001, ViewLayer | Synchronizing object | Port_pair_8_direction_-1
Fra:1 Mem:126.84M (Peak 126.84M) | Time:00:00.08 | Mem:0.00M, Peak:0.00M | CISCO_N9K_C9336C_FX2_V001, ViewLayer | Synchronizing object | PORT_NUMBER_16
Fra:1 Mem:126.85M (Peak 126.85M) | Time:00:00.08 | Mem:0.00M, Peak:0.00M | CISCO_N9K_C9336C_FX2_V001, ViewLayer | Synchronizing object | PORT_NUMBER_15
Fra:1 Mem:126.85M (Peak 126.85M) | Time:00:00.08 | Mem:0.00M, Peak:0.00M | CISCO_N9K_C9336C_FX2_V001, ViewLayer | Synchronizing object | Port_pair_7_direction_1
Fra:1 Mem:126.85M (Peak 126.85M) | Time:00:00.08 | Mem:0.00M, Peak:0.00M | CISCO_N9K_C9336C_FX2_V001, ViewLayer | Synchronizing object | Port_pair_7_direction_-1
Fra:1 Mem:126.86M (Peak 126.86M) | Time:00:00.08 | Mem:0.00M, Peak:0.00M | CISCO_N9K_C9336C_FX2_V001, ViewLayer | Synchronizing object | PORT_NUMBER_14
Fra:1 Mem:126.86M (Peak 126.86M) | Time:00:00.08 | Mem:0.00M, Peak:0.00M | CISCO_N9K_C9336C_FX2_V001, ViewLayer | Synchronizing object | PORT_NUMBER_13
Fra:1 Mem:126.86M (Peak 126.86M) | Time:00:00.08 | Mem:0.00M, Peak:0.00M | CISCO_N9K_C9336C_FX2_V001, ViewLayer | Synchronizing object | Port_pair_6_direction_1
Fra:1 Mem:126.87M (Peak 126.87M) | Time:00:00.08 | Mem:0.00M, Peak:0.00M | CISCO_N9K_C9336C_FX2_V001, ViewLayer | Synchronizing object | Port_pair_6_direction_-1
Fra:1 Mem:126.87M (Peak 126.87M) | Time:00:00.08 | Mem:0.00M, Peak:0.00M | CISCO_N9K_C9336C_FX2_V001, ViewLayer | Synchronizing object | PORT_NUMBER_12
Fra:1 Mem:126.87M (Peak 126.87M) | Time:00:00.08 | Mem:0.00M, Peak:0.00M | CISCO_N9K_C9336C_FX2_V001, ViewLayer | Synchronizing object | PORT_NUMBER_11
Fra:1 Mem:126.87M (Peak 126.87M) | Time:00:00.08 | Mem:0.00M, Peak:0.00M | CISCO_N9K_C9336C_FX2_V001, ViewLayer | Synchronizing object | Port_pair_5_direction_1
Fra:1 Mem:126.87M (Peak 126.87M) | Time:00:00.08 | Mem:0.00M, Peak:0.00M | CISCO_N9K_C9336C_FX2_V001, ViewLayer | Synchronizing object | Port_pair_5_direction_-1
Fra:1 Mem:126.87M (Peak 126.87M) | Time:00:00.08 | Mem:0.00M, Peak:0.00M | CISCO_N9K_C9336C_FX2_V001, ViewLayer | Synchronizing object | PORT_NUMBER_10
Fra:1 Mem:126.88M (Peak 126.88M) | Time:00:00.08 | Mem:0.00M, Peak:0.00M | CISCO_N9K_C9336C_FX2_V001, ViewLayer | Synchronizing object | PORT_NUMBER_09
Fra:1 Mem:126.88M (Peak 126.88M) | Time:00:00.08 | Mem:0.00M, Peak:0.00M | CISCO_N9K_C9336C_FX2_V001, ViewLayer | Synchronizing object | Port_pair_4_direction_1
Fra:1 Mem:126.88M (Peak 126.88M) | Time:00:00.08 | Mem:0.00M, Peak:0.00M | CISCO_N9K_C9336C_FX2_V001, ViewLayer | Synchronizing object | Port_pair_4_direction_-1
Fra:1 Mem:126.89M (Peak 126.89M) | Time:00:00.08 | Mem:0.00M, Peak:0.00M | CISCO_N9K_C9336C_FX2_V001, ViewLayer | Synchronizing object | PORT_NUMBER_08
Fra:1 Mem:126.89M (Peak 126.89M) | Time:00:00.08 | Mem:0.00M, Peak:0.00M | CISCO_N9K_C9336C_FX2_V001, ViewLayer | Synchronizing object | PORT_NUMBER_07
Fra:1 Mem:126.89M (Peak 126.89M) | Time:00:00.08 | Mem:0.00M, Peak:0.00M | CISCO_N9K_C9336C_FX2_V001, ViewLayer | Synchronizing object | Port_pair_3_direction_1
Fra:1 Mem:126.89M (Peak 126.89M) | Time:00:00.08 | Mem:0.00M, Peak:0.00M | CISCO_N9K_C9336C_FX2_V001, ViewLayer | Synchronizing object | Port_pair_3_direction_-1
Fra:1 Mem:126.90M (Peak 126.90M) | Time:00:00.08 | Mem:0.00M, Peak:0.00M | CISCO_N9K_C9336C_FX2_V001, ViewLayer | Synchronizing object | PORT_NUMBER_06
Fra:1 Mem:126.90M (Peak 126.90M) | Time:00:00.08 | Mem:0.00M, Peak:0.00M | CISCO_N9K_C9336C_FX2_V001, ViewLayer | Synchronizing object | PORT_NUMBER_05
Fra:1 Mem:126.90M (Peak 126.90M) | Time:00:00.08 | Mem:0.00M, Peak:0.00M | CISCO_N9K_C9336C_FX2_V001, ViewLayer | Synchronizing object | Port_pair_2_direction_1
Fra:1 Mem:126.90M (Peak 126.90M) | Time:00:00.08 | Mem:0.00M, Peak:0.00M | CISCO_N9K_C9336C_FX2_V001, ViewLayer | Synchronizing object | Port_pair_2_direction_-1
Fra:1 Mem:126.91M (Peak 126.91M) | Time:00:00.08 | Mem:0.00M, Peak:0.00M | CISCO_N9K_C9336C_FX2_V001, ViewLayer | Synchronizing object | PORT_NUMBER_04
Fra:1 Mem:126.91M (Peak 126.91M) | Time:00:00.08 | Mem:0.00M, Peak:0.00M | CISCO_N9K_C9336C_FX2_V001, ViewLayer | Synchronizing object | PORT_NUMBER_03
Fra:1 Mem:126.91M (Peak 126.91M) | Time:00:00.08 | Mem:0.00M, Peak:0.00M | CISCO_N9K_C9336C_FX2_V001, ViewLayer | Synchronizing object | Port_pair_1_direction_1
Fra:1 Mem:126.91M (Peak 126.91M) | Time:00:00.08 | Mem:0.00M, Peak:0.00M | CISCO_N9K_C9336C_FX2_V001, ViewLayer | Synchronizing object | Port_pair_1_direction_-1
Fra:1 Mem:126.91M (Peak 126.91M) | Time:00:00.08 | Mem:0.00M, Peak:0.00M | CISCO_N9K_C9336C_FX2_V001, ViewLayer | Synchronizing object | PORT_NUMBER_02
Fra:1 Mem:126.92M (Peak 126.92M) | Time:00:00.08 | Mem:0.00M, Peak:0.00M | CISCO_N9K_C9336C_FX2_V001, ViewLayer | Synchronizing object | PORT_NUMBER_01
Fra:1 Mem:126.92M (Peak 126.92M) | Time:00:00.08 | Mem:0.00M, Peak:0.00M | CISCO_N9K_C9336C_FX2_V001, ViewLayer | Synchronizing object | Correct_factory_PID
Fra:1 Mem:126.96M (Peak 126.96M) | Time:00:00.08 | Mem:0.00M, Peak:0.00M | CISCO_N9K_C9336C_FX2_V001, ViewLayer | Synchronizing object | Cisco_product_family_line_2
Fra:1 Mem:126.98M (Peak 126.98M) | Time:00:00.08 | Mem:0.00M, Peak:0.00M | CISCO_N9K_C9336C_FX2_V001, ViewLayer | Synchronizing object | Cisco_product_family_line_1
Fra:1 Mem:126.99M (Peak 126.99M) | Time:00:00.08 | Mem:0.00M, Peak:0.00M | CISCO_N9K_C9336C_FX2_V001, ViewLayer | Synchronizing object | Cisco_brand_wordmark
Fra:1 Mem:127.01M (Peak 127.01M) | Time:00:00.08 | Mem:0.00M, Peak:0.00M | CISCO_N9K_C9336C_FX2_V001, ViewLayer | Synchronizing object | Cisco_bridge_bar_9
Fra:1 Mem:127.02M (Peak 127.02M) | Time:00:00.08 | Mem:0.00M, Peak:0.00M | CISCO_N9K_C9336C_FX2_V001, ViewLayer | Synchronizing object | Cisco_bridge_bar_8
Fra:1 Mem:127.02M (Peak 127.02M) | Time:00:00.08 | Mem:0.00M, Peak:0.00M | CISCO_N9K_C9336C_FX2_V001, ViewLayer | Synchronizing object | Cisco_bridge_bar_7
Fra:1 Mem:127.03M (Peak 127.03M) | Time:00:00.08 | Mem:0.00M, Peak:0.00M | CISCO_N9K_C9336C_FX2_V001, ViewLayer | Synchronizing object | Cisco_bridge_bar_6
Fra:1 Mem:127.03M (Peak 127.03M) | Time:00:00.08 | Mem:0.00M, Peak:0.00M | CISCO_N9K_C9336C_FX2_V001, ViewLayer | Synchronizing object | Cisco_bridge_bar_5
Fra:1 Mem:127.04M (Peak 127.04M) | Time:00:00.08 | Mem:0.00M, Peak:0.00M | CISCO_N9K_C9336C_FX2_V001, ViewLayer | Synchronizing object | Cisco_bridge_bar_4
Fra:1 Mem:127.04M (Peak 127.04M) | Time:00:00.08 | Mem:0.00M, Peak:0.00M | CISCO_N9K_C9336C_FX2_V001, ViewLayer | Synchronizing object | Cisco_bridge_bar_3
Fra:1 Mem:127.05M (Peak 127.05M) | Time:00:00.08 | Mem:0.00M, Peak:0.00M | CISCO_N9K_C9336C_FX2_V001, ViewLayer | Synchronizing object | Cisco_bridge_bar_2
Fra:1 Mem:127.05M (Peak 127.05M) | Time:00:00.08 | Mem:0.00M, Peak:0.00M | CISCO_N9K_C9336C_FX2_V001, ViewLayer | Synchronizing object | Cisco_bridge_bar_1
Fra:1 Mem:127.06M (Peak 127.06M) | Time:00:00.08 | Mem:0.00M, Peak:0.00M | CISCO_N9K_C9336C_FX2_V001, ViewLayer | Synchronizing object | LS_selector_text
Fra:1 Mem:127.07M (Peak 127.07M) | Time:00:00.08 | Mem:0.00M, Peak:0.00M | CISCO_N9K_C9336C_FX2_V001, ViewLayer | Synchronizing object | LS_selector_metal_button
Fra:1 Mem:127.24M (Peak 127.24M) | Time:00:00.08 | Mem:0.00M, Peak:0.00M | CISCO_N9K_C9336C_FX2_V001, ViewLayer | Synchronizing object | LS_selector_black_surround
Fra:1 Mem:127.25M (Peak 127.25M) | Time:00:00.08 | Mem:0.00M, Peak:0.00M | CISCO_N9K_C9336C_FX2_V001, ViewLayer | Synchronizing object | FRONT_4_legend
Fra:1 Mem:127.26M (Peak 127.26M) | Time:00:00.08 | Mem:0.00M, Peak:0.00M | CISCO_N9K_C9336C_FX2_V001, ViewLayer | Synchronizing object | FRONT_4_unpowered_lens
Fra:1 Mem:127.29M (Peak 127.29M) | Time:00:00.08 | Mem:0.00M, Peak:0.00M | CISCO_N9K_C9336C_FX2_V001, ViewLayer | Synchronizing object | FRONT_3_legend
Fra:1 Mem:127.30M (Peak 127.30M) | Time:00:00.08 | Mem:0.00M, Peak:0.00M | CISCO_N9K_C9336C_FX2_V001, ViewLayer | Synchronizing object | FRONT_3_unpowered_lens
Fra:1 Mem:127.34M (Peak 127.34M) | Time:00:00.08 | Mem:0.00M, Peak:0.00M | CISCO_N9K_C9336C_FX2_V001, ViewLayer | Synchronizing object | FRONT_2_legend
Fra:1 Mem:127.34M (Peak 127.34M) | Time:00:00.08 | Mem:0.00M, Peak:0.00M | CISCO_N9K_C9336C_FX2_V001, ViewLayer | Synchronizing object | FRONT_2_unpowered_lens
Fra:1 Mem:127.38M (Peak 127.38M) | Time:00:00.08 | Mem:0.00M, Peak:0.00M | CISCO_N9K_C9336C_FX2_V001, ViewLayer | Synchronizing object | FRONT_1_legend
Fra:1 Mem:127.38M (Peak 127.38M) | Time:00:00.08 | Mem:0.00M, Peak:0.00M | CISCO_N9K_C9336C_FX2_V001, ViewLayer | Synchronizing object | FRONT_1_unpowered_lens
Fra:1 Mem:127.42M (Peak 127.42M) | Time:00:00.08 | Mem:0.00M, Peak:0.00M | CISCO_N9K_C9336C_FX2_V001, ViewLayer | Synchronizing object | FRONT_ENV_legend
Fra:1 Mem:127.42M (Peak 127.42M) | Time:00:00.08 | Mem:0.00M, Peak:0.00M | CISCO_N9K_C9336C_FX2_V001, ViewLayer | Synchronizing object | FRONT_ENV_unpowered_lens
Fra:1 Mem:127.46M (Peak 127.46M) | Time:00:00.08 | Mem:0.00M, Peak:0.00M | CISCO_N9K_C9336C_FX2_V001, ViewLayer | Synchronizing object | FRONT_STS_legend
Fra:1 Mem:127.47M (Peak 127.47M) | Time:00:00.08 | Mem:0.00M, Peak:0.00M | CISCO_N9K_C9336C_FX2_V001, ViewLayer | Synchronizing object | FRONT_STS_unpowered_lens
Fra:1 Mem:127.51M (Peak 127.51M) | Time:00:00.08 | Mem:0.00M, Peak:0.00M | CISCO_N9K_C9336C_FX2_V001, ViewLayer | Synchronizing object | FRONT_BCN_legend
Fra:1 Mem:127.52M (Peak 127.52M) | Time:00:00.08 | Mem:0.00M, Peak:0.00M | CISCO_N9K_C9336C_FX2_V001, ViewLayer | Synchronizing object | FRONT_BCN_unpowered_lens
Fra:1 Mem:127.56M (Peak 127.56M) | Time:00:00.08 | Mem:0.00M, Peak:0.00M | CISCO_N9K_C9336C_FX2_V001, ViewLayer | Synchronizing object | Rear_P2_arrow_legend
Fra:1 Mem:127.57M (Peak 127.57M) | Time:00:00.08 | Mem:0.00M, Peak:0.00M | CISCO_N9K_C9336C_FX2_V001, ViewLayer | Synchronizing object | USB_symbol_branch_B
Fra:1 Mem:127.57M (Peak 127.57M) | Time:00:00.08 | Mem:0.00M, Peak:0.00M | CISCO_N9K_C9336C_FX2_V001, ViewLayer | Synchronizing object | USB_symbol_branch_A
Fra:1 Mem:127.57M (Peak 127.57M) | Time:00:00.08 | Mem:0.00M, Peak:0.00M | CISCO_N9K_C9336C_FX2_V001, ViewLayer | Synchronizing object | USB_symbol_stem
Fra:1 Mem:127.57M (Peak 127.57M) | Time:00:00.08 | Mem:0.00M, Peak:0.00M | CISCO_N9K_C9336C_FX2_V001, ViewLayer | Synchronizing object | Console_terminal_symbol
Fra:1 Mem:127.58M (Peak 127.58M) | Time:00:00.08 | Mem:0.00M, Peak:0.00M | CISCO_N9K_C9336C_FX2_V001, ViewLayer | Synchronizing object | SFP_management_symbol_line.003
Fra:1 Mem:127.58M (Peak 127.58M) | Time:00:00.08 | Mem:0.00M, Peak:0.00M | CISCO_N9K_C9336C_FX2_V001, ViewLayer | Synchronizing object | SFP_management_symbol_line.002
Fra:1 Mem:127.58M (Peak 127.58M) | Time:00:00.08 | Mem:0.00M, Peak:0.00M | CISCO_N9K_C9336C_FX2_V001, ViewLayer | Synchronizing object | SFP_management_symbol_line.001
Fra:1 Mem:127.58M (Peak 127.58M) | Time:00:00.08 | Mem:0.00M, Peak:0.00M | CISCO_N9K_C9336C_FX2_V001, ViewLayer | Synchronizing object | SFP_management_symbol_line
Fra:1 Mem:127.58M (Peak 127.58M) | Time:00:00.08 | Mem:0.00M, Peak:0.00M | CISCO_N9K_C9336C_FX2_V001, ViewLayer | Synchronizing object | SFP_management_symbol_node_1.25
Fra:1 Mem:127.59M (Peak 127.59M) | Time:00:00.08 | Mem:0.00M, Peak:0.00M | CISCO_N9K_C9336C_FX2_V001, ViewLayer | Synchronizing object | SFP_management_symbol_node_-1.25
Fra:1 Mem:127.60M (Peak 127.60M) | Time:00:00.08 | Mem:0.00M, Peak:0.00M | CISCO_N9K_C9336C_FX2_V001, ViewLayer | Synchronizing object | SFP_management_symbol_node_0
Fra:1 Mem:127.61M (Peak 127.61M) | Time:00:00.08 | Mem:0.00M, Peak:0.00M | CISCO_N9K_C9336C_FX2_V001, ViewLayer | Synchronizing object | RJ45_management_symbol_line.003
Fra:1 Mem:127.61M (Peak 127.61M) | Time:00:00.08 | Mem:0.00M, Peak:0.00M | CISCO_N9K_C9336C_FX2_V001, ViewLayer | Synchronizing object | RJ45_management_symbol_line.002
Fra:1 Mem:127.61M (Peak 127.61M) | Time:00:00.08 | Mem:0.00M, Peak:0.00M | CISCO_N9K_C9336C_FX2_V001, ViewLayer | Synchronizing object | RJ45_management_symbol_line.001
Fra:1 Mem:127.61M (Peak 127.61M) | Time:00:00.08 | Mem:0.00M, Peak:0.00M | CISCO_N9K_C9336C_FX2_V001, ViewLayer | Synchronizing object | RJ45_management_symbol_line
Fra:1 Mem:127.61M (Peak 127.61M) | Time:00:00.08 | Mem:0.00M, Peak:0.00M | CISCO_N9K_C9336C_FX2_V001, ViewLayer | Synchronizing object | RJ45_management_symbol_node_1.25
Fra:1 Mem:127.62M (Peak 127.62M) | Time:00:00.08 | Mem:0.00M, Peak:0.00M | CISCO_N9K_C9336C_FX2_V001, ViewLayer | Synchronizing object | RJ45_management_symbol_node_-1.25
Fra:1 Mem:127.63M (Peak 127.63M) | Time:00:00.08 | Mem:0.00M, Peak:0.00M | CISCO_N9K_C9336C_FX2_V001, ViewLayer | Synchronizing object | RJ45_management_symbol_node_0
Fra:1 Mem:127.64M (Peak 127.64M) | Time:00:00.08 | Mem:0.00M, Peak:0.00M | CISCO_N9K_C9336C_FX2_V001, ViewLayer | Synchronizing object | Rear_service_retention_screw
Fra:1 Mem:127.66M (Peak 127.66M) | Time:00:00.08 | Mem:0.00M, Peak:0.00M | CISCO_N9K_C9336C_FX2_V001, ViewLayer | Synchronizing object | REAR_STS_legend
Fra:1 Mem:127.67M (Peak 127.67M) | Time:00:00.08 | Mem:0.00M, Peak:0.00M | CISCO_N9K_C9336C_FX2_V001, ViewLayer | Synchronizing object | REAR_STS_unpowered_indicator
Fra:1 Mem:127.68M (Peak 127.68M) | Time:00:00.08 | Mem:0.00M, Peak:0.00M | CISCO_N9K_C9336C_FX2_V001, ViewLayer | Synchronizing object | REAR_BCN_legend
Fra:1 Mem:127.69M (Peak 127.69M) | Time:00:00.08 | Mem:0.00M, Peak:0.00M | CISCO_N9K_C9336C_FX2_V001, ViewLayer | Synchronizing object | REAR_BCN_unpowered_indicator
Fra:1 Mem:127.69M (Peak 127.69M) | Time:00:00.08 | Mem:0.00M, Peak:0.00M | CISCO_N9K_C9336C_FX2_V001, ViewLayer | Synchronizing object | USB_A_contact_3
Fra:1 Mem:127.70M (Peak 127.70M) | Time:00:00.08 | Mem:0.00M, Peak:0.00M | CISCO_N9K_C9336C_FX2_V001, ViewLayer | Synchronizing object | USB_A_contact_2
Fra:1 Mem:127.70M (Peak 127.70M) | Time:00:00.08 | Mem:0.00M, Peak:0.00M | CISCO_N9K_C9336C_FX2_V001, ViewLayer | Synchronizing object | USB_A_contact_1
Fra:1 Mem:127.71M (Peak 127.71M) | Time:00:00.08 | Mem:0.00M, Peak:0.00M | CISCO_N9K_C9336C_FX2_V001, ViewLayer | Synchronizing object | USB_A_contact_0
Fra:1 Mem:127.71M (Peak 127.71M) | Time:00:00.08 | Mem:0.00M, Peak:0.00M | CISCO_N9K_C9336C_FX2_V001, ViewLayer | Synchronizing object | USB_A_black_tongue
Fra:1 Mem:127.72M (Peak 127.72M) | Time:00:00.08 | Mem:0.00M, Peak:0.00M | CISCO_N9K_C9336C_FX2_V001, ViewLayer | Synchronizing object | USB_A_deep_stop
Fra:1 Mem:127.72M (Peak 127.72M) | Time:00:00.08 | Mem:0.00M, Peak:0.00M | CISCO_N9K_C9336C_FX2_V001, ViewLayer | Synchronizing object | USB_A_metal_shell
Fra:1 Mem:127.74M (Peak 127.74M) | Time:00:00.08 | Mem:0.00M, Peak:0.00M | CISCO_N9K_C9336C_FX2_V001, ViewLayer | Synchronizing object | Mgmt_SFP_contact_9
Fra:1 Mem:127.74M (Peak 127.74M) | Time:00:00.08 | Mem:0.00M, Peak:0.00M | CISCO_N9K_C9336C_FX2_V001, ViewLayer | Synchronizing object | Mgmt_SFP_contact_8
Fra:1 Mem:127.74M (Peak 127.74M) | Time:00:00.08 | Mem:0.00M, Peak:0.00M | CISCO_N9K_C9336C_FX2_V001, ViewLayer | Synchronizing object | Mgmt_SFP_contact_7
Fra:1 Mem:127.75M (Peak 127.75M) | Time:00:00.08 | Mem:0.00M, Peak:0.00M | CISCO_N9K_C9336C_FX2_V001, ViewLayer | Synchronizing object | Mgmt_SFP_contact_6
Fra:1 Mem:127.75M (Peak 127.75M) | Time:00:00.08 | Mem:0.00M, Peak:0.00M | CISCO_N9K_C9336C_FX2_V001, ViewLayer | Synchronizing object | Mgmt_SFP_contact_5
Fra:1 Mem:127.75M (Peak 127.75M) | Time:00:00.08 | Mem:0.00M, Peak:0.00M | CISCO_N9K_C9336C_FX2_V001, ViewLayer | Synchronizing object | Mgmt_SFP_contact_4
Fra:1 Mem:127.75M (Peak 127.75M) | Time:00:00.08 | Mem:0.00M, Peak:0.00M | CISCO_N9K_C9336C_FX2_V001, ViewLayer | Synchronizing object | Mgmt_SFP_contact_3
Fra:1 Mem:127.75M (Peak 127.75M) | Time:00:00.08 | Mem:0.00M, Peak:0.00M | CISCO_N9K_C9336C_FX2_V001, ViewLayer | Synchronizing object | Mgmt_SFP_contact_2
Fra:1 Mem:127.75M (Peak 127.75M) | Time:00:00.08 | Mem:0.00M, Peak:0.00M | CISCO_N9K_C9336C_FX2_V001, ViewLayer | Synchronizing object | Mgmt_SFP_contact_1
Fra:1 Mem:127.75M (Peak 127.75M) | Time:00:00.08 | Mem:0.00M, Peak:0.00M | CISCO_N9K_C9336C_FX2_V001, ViewLayer | Synchronizing object | Mgmt_SFP_contact_0
Fra:1 Mem:127.75M (Peak 127.75M) | Time:00:00.08 | Mem:0.00M, Peak:0.00M | CISCO_N9K_C9336C_FX2_V001, ViewLayer | Synchronizing object | Mgmt_SFP_guide_5.8
Fra:1 Mem:127.77M (Peak 127.77M) | Time:00:00.08 | Mem:0.00M, Peak:0.00M | CISCO_N9K_C9336C_FX2_V001, ViewLayer | Synchronizing object | Mgmt_SFP_guide_-5.8
Fra:1 Mem:127.78M (Peak 127.78M) | Time:00:00.08 | Mem:0.00M, Peak:0.00M | CISCO_N9K_C9336C_FX2_V001, ViewLayer | Synchronizing object | Mgmt_SFP_recessed_connector_stop
Fra:1 Mem:127.78M (Peak 127.78M) | Time:00:00.08 | Mem:0.00M, Peak:0.00M | CISCO_N9K_C9336C_FX2_V001, ViewLayer | Synchronizing object | Mgmt_SFP_deep_metal_cage
Fra:1 Mem:127.80M (Peak 127.80M) | Time:00:00.08 | Mem:0.00M, Peak:0.00M | CISCO_N9K_C9336C_FX2_V001, ViewLayer | Synchronizing object | MANAGEMENT_RJ45_unpowered_corner_LED_5.6
Fra:1 Mem:127.81M (Peak 127.81M) | Time:00:00.08 | Mem:0.00M, Peak:0.00M | CISCO_N9K_C9336C_FX2_V001, ViewLayer | Synchronizing object | MANAGEMENT_RJ45_unpowered_corner_LED_-5.6
Fra:1 Mem:127.81M (Peak 127.81M) | Time:00:00.08 | Mem:0.00M, Peak:0.00M | CISCO_N9K_C9336C_FX2_V001, ViewLayer | Synchronizing object | MANAGEMENT_RJ45_contact_7
Fra:1 Mem:127.82M (Peak 127.82M) | Time:00:00.08 | Mem:0.00M, Peak:0.00M | CISCO_N9K_C9336C_FX2_V001, ViewLayer | Synchronizing object | MANAGEMENT_RJ45_contact_6
Fra:1 Mem:127.83M (Peak 127.83M) | Time:00:00.08 | Mem:0.00M, Peak:0.00M | CISCO_N9K_C9336C_FX2_V001, ViewLayer | Synchronizing object | MANAGEMENT_RJ45_contact_5
Fra:1 Mem:127.83M (Peak 127.83M) | Time:00:00.08 | Mem:0.00M, Peak:0.00M | CISCO_N9K_C9336C_FX2_V001, ViewLayer | Synchronizing object | MANAGEMENT_RJ45_contact_4
Fra:1 Mem:127.84M (Peak 127.84M) | Time:00:00.08 | Mem:0.00M, Peak:0.00M | CISCO_N9K_C9336C_FX2_V001, ViewLayer | Synchronizing object | MANAGEMENT_RJ45_contact_3
Fra:1 Mem:127.84M (Peak 127.84M) | Time:00:00.08 | Mem:0.00M, Peak:0.00M | CISCO_N9K_C9336C_FX2_V001, ViewLayer | Synchronizing object | MANAGEMENT_RJ45_contact_2
Fra:1 Mem:127.85M (Peak 127.85M) | Time:00:00.08 | Mem:0.00M, Peak:0.00M | CISCO_N9K_C9336C_FX2_V001, ViewLayer | Synchronizing object | MANAGEMENT_RJ45_contact_1
Fra:1 Mem:127.86M (Peak 127.86M) | Time:00:00.08 | Mem:0.00M, Peak:0.00M | CISCO_N9K_C9336C_FX2_V001, ViewLayer | Synchronizing object | MANAGEMENT_RJ45_contact_0
Fra:1 Mem:127.86M (Peak 127.86M) | Time:00:00.08 | Mem:0.00M, Peak:0.00M | CISCO_N9K_C9336C_FX2_V001, ViewLayer | Synchronizing object | MANAGEMENT_RJ45_deep_connector_stop
Fra:1 Mem:127.86M (Peak 127.86M) | Time:00:00.08 | Mem:0.00M, Peak:0.00M | CISCO_N9K_C9336C_FX2_V001, ViewLayer | Synchronizing object | MANAGEMENT_RJ45_keyed_plastic_body
Fra:1 Mem:127.87M (Peak 127.87M) | Time:00:00.08 | Mem:0.00M, Peak:0.00M | CISCO_N9K_C9336C_FX2_V001, ViewLayer | Synchronizing object | MANAGEMENT_RJ45_metal_shield
Fra:1 Mem:127.89M (Peak 127.89M) | Time:00:00.08 | Mem:0.00M, Peak:0.00M | CISCO_N9K_C9336C_FX2_V001, ViewLayer | Synchronizing object | CONSOLE_RJ45_unpowered_corner_LED_5.6
Fra:1 Mem:127.89M (Peak 127.89M) | Time:00:00.08 | Mem:0.00M, Peak:0.00M | CISCO_N9K_C9336C_FX2_V001, ViewLayer | Synchronizing object | CONSOLE_RJ45_unpowered_corner_LED_-5.6
Fra:1 Mem:127.90M (Peak 127.90M) | Time:00:00.08 | Mem:0.00M, Peak:0.00M | CISCO_N9K_C9336C_FX2_V001, ViewLayer | Synchronizing object | CONSOLE_RJ45_contact_7
Fra:1 Mem:127.90M (Peak 127.90M) | Time:00:00.08 | Mem:0.00M, Peak:0.00M | CISCO_N9K_C9336C_FX2_V001, ViewLayer | Synchronizing object | CONSOLE_RJ45_contact_6
Fra:1 Mem:127.91M (Peak 127.91M) | Time:00:00.08 | Mem:0.00M, Peak:0.00M | CISCO_N9K_C9336C_FX2_V001, ViewLayer | Synchronizing object | CONSOLE_RJ45_contact_5
Fra:1 Mem:127.92M (Peak 127.92M) | Time:00:00.08 | Mem:0.00M, Peak:0.00M | CISCO_N9K_C9336C_FX2_V001, ViewLayer | Synchronizing object | CONSOLE_RJ45_contact_4
Fra:1 Mem:127.92M (Peak 127.92M) | Time:00:00.08 | Mem:0.00M, Peak:0.00M | CISCO_N9K_C9336C_FX2_V001, ViewLayer | Synchronizing object | CONSOLE_RJ45_contact_3
Fra:1 Mem:127.93M (Peak 127.93M) | Time:00:00.08 | Mem:0.00M, Peak:0.00M | CISCO_N9K_C9336C_FX2_V001, ViewLayer | Synchronizing object | CONSOLE_RJ45_contact_2
Fra:1 Mem:127.93M (Peak 127.93M) | Time:00:00.08 | Mem:0.00M, Peak:0.00M | CISCO_N9K_C9336C_FX2_V001, ViewLayer | Synchronizing object | CONSOLE_RJ45_contact_1
Fra:1 Mem:127.94M (Peak 127.94M) | Time:00:00.08 | Mem:0.00M, Peak:0.00M | CISCO_N9K_C9336C_FX2_V001, ViewLayer | Synchronizing object | CONSOLE_RJ45_contact_0
Fra:1 Mem:127.95M (Peak 127.95M) | Time:00:00.08 | Mem:0.00M, Peak:0.00M | CISCO_N9K_C9336C_FX2_V001, ViewLayer | Synchronizing object | CONSOLE_RJ45_deep_connector_stop
Fra:1 Mem:127.95M (Peak 127.95M) | Time:00:00.08 | Mem:0.00M, Peak:0.00M | CISCO_N9K_C9336C_FX2_V001, ViewLayer | Synchronizing object | CONSOLE_RJ45_keyed_plastic_body
Fra:1 Mem:127.95M (Peak 127.95M) | Time:00:00.08 | Mem:0.00M, Peak:0.00M | CISCO_N9K_C9336C_FX2_V001, ViewLayer | Synchronizing object | CONSOLE_RJ45_metal_shield
Fra:1 Mem:127.97M (Peak 127.97M) | Time:00:00.08 | Mem:0.00M, Peak:0.00M | CISCO_N9K_C9336C_FX2_V001, ViewLayer | Synchronizing object | Rear_service_panel_true_apertures
Fra:1 Mem:128.00M (Peak 128.00M) | Time:00:00.08 | Mem:0.00M, Peak:0.00M | CISCO_N9K_C9336C_FX2_V001, ViewLayer | Synchronizing object | PSU2_face_screw_24.5_39.3
Fra:1 Mem:128.02M (Peak 128.02M) | Time:00:00.08 | Mem:0.00M, Peak:0.00M | CISCO_N9K_C9336C_FX2_V001, ViewLayer | Synchronizing object | PSU2_face_screw_24.5_4.1
Fra:1 Mem:128.04M (Peak 128.04M) | Time:00:00.08 | Mem:0.00M, Peak:0.00M | CISCO_N9K_C9336C_FX2_V001, ViewLayer | Synchronizing object | PSU2_face_screw_-24.5_39.3
Fra:1 Mem:128.06M (Peak 128.06M) | Time:00:00.08 | Mem:0.00M, Peak:0.00M | CISCO_N9K_C9336C_FX2_V001, ViewLayer | Synchronizing object | PSU2_face_screw_-24.5_4.1
Fra:1 Mem:128.08M (Peak 128.08M) | Time:00:00.08 | Mem:0.00M, Peak:0.00M | CISCO_N9K_C9336C_FX2_V001, ViewLayer | Synchronizing object | PSU2_OK_legend
Fra:1 Mem:128.09M (Peak 128.09M) | Time:00:00.08 | Mem:0.00M, Peak:0.00M | CISCO_N9K_C9336C_FX2_V001, ViewLayer | Synchronizing object | PSU2_FAIL_legend
Fra:1 Mem:128.09M (Peak 128.09M) | Time:00:00.08 | Mem:0.00M, Peak:0.00M | CISCO_N9K_C9336C_FX2_V001, ViewLayer | Synchronizing object | PSU2_unpowered_LED_32.6
Fra:1 Mem:128.09M (Peak 128.09M) | Time:00:00.08 | Mem:0.00M, Peak:0.00M | CISCO_N9K_C9336C_FX2_V001, ViewLayer | Synchronizing object | PSU2_unpowered_LED_36.8
Fra:1 Mem:128.10M (Peak 128.10M) | Time:00:00.08 | Mem:0.00M, Peak:0.00M | CISCO_N9K_C9336C_FX2_V001, ViewLayer | Synchronizing object | PSU2_retainer_rib_315.4
Fra:1 Mem:132.75M (Peak 132.75M) | Time:00:00.08 | Mem:0.00M, Peak:0.00M | CISCO_N9K_C9336C_FX2_V001, ViewLayer | Synchronizing object | PSU2_retainer_rib_313.2
Fra:1 Mem:132.76M (Peak 132.76M) | Time:00:00.08 | Mem:0.00M, Peak:0.00M | CISCO_N9K_C9336C_FX2_V001, ViewLayer | Synchronizing object | PSU2_retainer_rib_311
Fra:1 Mem:132.76M (Peak 132.76M) | Time:00:00.08 | Mem:0.00M, Peak:0.00M | CISCO_N9K_C9336C_FX2_V001, ViewLayer | Synchronizing object | PSU2_retainer_rib_308.8
Fra:1 Mem:132.77M (Peak 132.77M) | Time:00:00.08 | Mem:0.00M, Peak:0.00M | CISCO_N9K_C9336C_FX2_V001, ViewLayer | Synchronizing object | PSU2_retainer_rib_306.6
Fra:1 Mem:132.78M (Peak 132.78M) | Time:00:00.08 | Mem:0.00M, Peak:0.00M | CISCO_N9K_C9336C_FX2_V001, ViewLayer | Synchronizing object | PSU2_retainer_rib_304.4
Fra:1 Mem:132.78M (Peak 132.78M) | Time:00:00.08 | Mem:0.00M, Peak:0.00M | CISCO_N9K_C9336C_FX2_V001, ViewLayer | Synchronizing object | PSU2_retainer_rib_302.2
Fra:1 Mem:132.79M (Peak 132.79M) | Time:00:00.08 | Mem:0.00M, Peak:0.00M | CISCO_N9K_C9336C_FX2_V001, ViewLayer | Synchronizing object | PSU2_retainer_rib_300
Fra:1 Mem:132.79M (Peak 132.79M) | Time:00:00.08 | Mem:0.00M, Peak:0.00M | CISCO_N9K_C9336C_FX2_V001, ViewLayer | Synchronizing object | PSU2_stowed_nylon_retention_loop
Fra:1 Mem:132.80M (Peak 132.80M) | Time:00:00.08 | Mem:0.00M, Peak:0.00M | CISCO_N9K_C9336C_FX2_V001, ViewLayer | Synchronizing object | PSU2_cord_retainer_anchor
Fra:1 Mem:132.81M (Peak 132.81M) | Time:00:00.08 | Mem:0.00M, Peak:0.00M | CISCO_N9K_C9336C_FX2_V001, ViewLayer | Synchronizing object | PSU2_BLUE_release_latch
Fra:1 Mem:132.81M (Peak 132.81M) | Time:00:00.08 | Mem:0.00M, Peak:0.00M | CISCO_N9K_C9336C_FX2_V001, ViewLayer | Synchronizing object | PSU2_silver_U_pull_handle
Fra:1 Mem:134.49M (Peak 134.49M) | Time:00:00.09 | Mem:0.00M, Peak:0.00M | CISCO_N9K_C9336C_FX2_V001, ViewLayer | Synchronizing object | PSU2_IEC_pin_2
Fra:1 Mem:134.51M (Peak 134.51M) | Time:00:00.09 | Mem:0.00M, Peak:0.00M | CISCO_N9K_C9336C_FX2_V001, ViewLayer | Synchronizing object | PSU2_IEC_pin_1
Fra:1 Mem:134.52M (Peak 134.52M) | Time:00:00.09 | Mem:0.00M, Peak:0.00M | CISCO_N9K_C9336C_FX2_V001, ViewLayer | Synchronizing object | PSU2_IEC_pin_0
Fra:1 Mem:134.54M (Peak 134.54M) | Time:00:00.09 | Mem:0.00M, Peak:0.00M | CISCO_N9K_C9336C_FX2_V001, ViewLayer | Synchronizing object | PSU2_IEC_recessed_black_floor
Fra:1 Mem:134.54M (Peak 134.54M) | Time:00:00.09 | Mem:0.00M, Peak:0.00M | CISCO_N9K_C9336C_FX2_V001, ViewLayer | Synchronizing object | PSU2_IEC_C14_black_inlet_housing
Fra:1 Mem:134.57M (Peak 134.57M) | Time:00:00.09 | Mem:0.00M, Peak:0.00M | CISCO_N9K_C9336C_FX2_V001, ViewLayer | Synchronizing object | PSU2_true_hex_cooling_vents
Fra:1 Mem:136.55M (Peak 136.55M) | Time:00:00.09 | Mem:0.00M, Peak:0.00M | CISCO_N9K_C9336C_FX2_V001, ViewLayer | Synchronizing object | PSU2_inlet_vent_divider
Fra:1 Mem:136.56M (Peak 136.56M) | Time:00:00.09 | Mem:0.00M, Peak:0.00M | CISCO_N9K_C9336C_FX2_V001, ViewLayer | Synchronizing object | PSU2_front_face_rim
Fra:1 Mem:136.58M (Peak 136.58M) | Time:00:00.09 | Mem:0.00M, Peak:0.00M | CISCO_N9K_C9336C_FX2_V001, ViewLayer | Synchronizing object | PSU2_internal_opaque_baffle
Fra:1 Mem:136.58M (Peak 136.58M) | Time:00:00.09 | Mem:0.00M, Peak:0.00M | CISCO_N9K_C9336C_FX2_V001, ViewLayer | Synchronizing object | PSU2_internal_mating_block
Fra:1 Mem:136.58M (Peak 136.58M) | Time:00:00.09 | Mem:0.00M, Peak:0.00M | CISCO_N9K_C9336C_FX2_V001, ViewLayer | Synchronizing object | PSU2_rear_internal_endcap
Fra:1 Mem:136.60M (Peak 136.60M) | Time:00:00.09 | Mem:0.00M, Peak:0.00M | CISCO_N9K_C9336C_FX2_V001, ViewLayer | Synchronizing object | PSU2_formed_silver_shell
Fra:1 Mem:136.62M (Peak 136.62M) | Time:00:00.09 | Mem:0.00M, Peak:0.00M | CISCO_N9K_C9336C_FX2_V001, ViewLayer | Synchronizing object | PSU1_face_screw_24.5_39.3
Fra:1 Mem:136.64M (Peak 136.64M) | Time:00:00.09 | Mem:0.00M, Peak:0.00M | CISCO_N9K_C9336C_FX2_V001, ViewLayer | Synchronizing object | PSU1_face_screw_24.5_4.1
Fra:1 Mem:136.66M (Peak 136.66M) | Time:00:00.09 | Mem:0.00M, Peak:0.00M | CISCO_N9K_C9336C_FX2_V001, ViewLayer | Synchronizing object | PSU1_face_screw_-24.5_39.3
Fra:1 Mem:136.68M (Peak 136.68M) | Time:00:00.09 | Mem:0.00M, Peak:0.00M | CISCO_N9K_C9336C_FX2_V001, ViewLayer | Synchronizing object | PSU1_face_screw_-24.5_4.1
Fra:1 Mem:136.70M (Peak 136.70M) | Time:00:00.09 | Mem:0.00M, Peak:0.00M | CISCO_N9K_C9336C_FX2_V001, ViewLayer | Synchronizing object | PSU1_OK_legend
Fra:1 Mem:136.70M (Peak 136.70M) | Time:00:00.09 | Mem:0.00M, Peak:0.00M | CISCO_N9K_C9336C_FX2_V001, ViewLayer | Synchronizing object | PSU1_FAIL_legend
Fra:1 Mem:136.71M (Peak 136.71M) | Time:00:00.09 | Mem:0.00M, Peak:0.00M | CISCO_N9K_C9336C_FX2_V001, ViewLayer | Synchronizing object | PSU1_unpowered_LED_32.6
Fra:1 Mem:136.71M (Peak 136.71M) | Time:00:00.09 | Mem:0.00M, Peak:0.00M | CISCO_N9K_C9336C_FX2_V001, ViewLayer | Synchronizing object | PSU1_unpowered_LED_36.8
Fra:1 Mem:136.71M (Peak 136.71M) | Time:00:00.09 | Mem:0.00M, Peak:0.00M | CISCO_N9K_C9336C_FX2_V001, ViewLayer | Synchronizing object | PSU1_retainer_rib_315.4
Fra:1 Mem:136.72M (Peak 136.72M) | Time:00:00.09 | Mem:0.00M, Peak:0.00M | CISCO_N9K_C9336C_FX2_V001, ViewLayer | Synchronizing object | PSU1_retainer_rib_313.2
Fra:1 Mem:136.73M (Peak 136.73M) | Time:00:00.09 | Mem:0.00M, Peak:0.00M | CISCO_N9K_C9336C_FX2_V001, ViewLayer | Synchronizing object | PSU1_retainer_rib_311
Fra:1 Mem:136.73M (Peak 136.73M) | Time:00:00.09 | Mem:0.00M, Peak:0.00M | CISCO_N9K_C9336C_FX2_V001, ViewLayer | Synchronizing object | PSU1_retainer_rib_308.8
Fra:1 Mem:136.74M (Peak 136.74M) | Time:00:00.09 | Mem:0.00M, Peak:0.00M | CISCO_N9K_C9336C_FX2_V001, ViewLayer | Synchronizing object | PSU1_retainer_rib_306.6
Fra:1 Mem:136.74M (Peak 136.74M) | Time:00:00.09 | Mem:0.00M, Peak:0.00M | CISCO_N9K_C9336C_FX2_V001, ViewLayer | Synchronizing object | PSU1_retainer_rib_304.4
Fra:1 Mem:136.75M (Peak 136.75M) | Time:00:00.09 | Mem:0.00M, Peak:0.00M | CISCO_N9K_C9336C_FX2_V001, ViewLayer | Synchronizing object | PSU1_retainer_rib_302.2
Fra:1 Mem:136.76M (Peak 136.76M) | Time:00:00.09 | Mem:0.00M, Peak:0.00M | CISCO_N9K_C9336C_FX2_V001, ViewLayer | Synchronizing object | PSU1_retainer_rib_300
Fra:1 Mem:136.76M (Peak 136.76M) | Time:00:00.09 | Mem:0.00M, Peak:0.00M | CISCO_N9K_C9336C_FX2_V001, ViewLayer | Synchronizing object | PSU1_stowed_nylon_retention_loop
Fra:1 Mem:136.77M (Peak 136.77M) | Time:00:00.09 | Mem:0.00M, Peak:0.00M | CISCO_N9K_C9336C_FX2_V001, ViewLayer | Synchronizing object | PSU1_cord_retainer_anchor
Fra:1 Mem:137.53M (Peak 137.53M) | Time:00:00.09 | Mem:0.00M, Peak:0.00M | CISCO_N9K_C9336C_FX2_V001, ViewLayer | Synchronizing object | PSU1_BLUE_release_latch
Fra:1 Mem:137.54M (Peak 137.54M) | Time:00:00.09 | Mem:0.00M, Peak:0.00M | CISCO_N9K_C9336C_FX2_V001, ViewLayer | Synchronizing object | PSU1_silver_U_pull_handle
Fra:1 Mem:137.77M (Peak 137.77M) | Time:00:00.09 | Mem:0.00M, Peak:0.00M | CISCO_N9K_C9336C_FX2_V001, ViewLayer | Synchronizing object | PSU1_IEC_pin_2
Fra:1 Mem:137.78M (Peak 137.78M) | Time:00:00.09 | Mem:0.00M, Peak:0.00M | CISCO_N9K_C9336C_FX2_V001, ViewLayer | Synchronizing object | PSU1_IEC_pin_1
Fra:1 Mem:137.80M (Peak 137.80M) | Time:00:00.09 | Mem:0.00M, Peak:0.00M | CISCO_N9K_C9336C_FX2_V001, ViewLayer | Synchronizing object | PSU1_IEC_pin_0
Fra:1 Mem:137.81M (Peak 137.81M) | Time:00:00.09 | Mem:0.00M, Peak:0.00M | CISCO_N9K_C9336C_FX2_V001, ViewLayer | Synchronizing object | PSU1_IEC_recessed_black_floor
Fra:1 Mem:137.81M (Peak 137.81M) | Time:00:00.09 | Mem:0.00M, Peak:0.00M | CISCO_N9K_C9336C_FX2_V001, ViewLayer | Synchronizing object | PSU1_IEC_C14_black_inlet_housing
Fra:1 Mem:137.84M (Peak 137.84M) | Time:00:00.09 | Mem:0.00M, Peak:0.00M | CISCO_N9K_C9336C_FX2_V001, ViewLayer | Synchronizing object | PSU1_true_hex_cooling_vents
Fra:1 Mem:142.91M (Peak 142.91M) | Time:00:00.10 | Mem:0.00M, Peak:0.00M | CISCO_N9K_C9336C_FX2_V001, ViewLayer | Synchronizing object | PSU1_inlet_vent_divider
Fra:1 Mem:142.91M (Peak 142.91M) | Time:00:00.10 | Mem:0.00M, Peak:0.00M | CISCO_N9K_C9336C_FX2_V001, ViewLayer | Synchronizing object | PSU1_front_face_rim
Fra:1 Mem:142.93M (Peak 142.93M) | Time:00:00.10 | Mem:0.00M, Peak:0.00M | CISCO_N9K_C9336C_FX2_V001, ViewLayer | Synchronizing object | PSU1_internal_opaque_baffle
Fra:1 Mem:142.93M (Peak 142.93M) | Time:00:00.10 | Mem:0.00M, Peak:0.00M | CISCO_N9K_C9336C_FX2_V001, ViewLayer | Synchronizing object | PSU1_internal_mating_block
Fra:1 Mem:142.94M (Peak 142.94M) | Time:00:00.10 | Mem:0.00M, Peak:0.00M | CISCO_N9K_C9336C_FX2_V001, ViewLayer | Synchronizing object | PSU1_rear_internal_endcap
Fra:1 Mem:142.95M (Peak 142.95M) | Time:00:00.10 | Mem:0.00M, Peak:0.00M | CISCO_N9K_C9336C_FX2_V001, ViewLayer | Synchronizing object | PSU1_formed_silver_shell
Fra:1 Mem:142.97M (Peak 142.97M) | Time:00:00.10 | Mem:0.00M, Peak:0.00M | CISCO_N9K_C9336C_FX2_V001, ViewLayer | Synchronizing object | Fan3_fine_vertical_thumb_rib_1_9
Fra:1 Mem:142.98M (Peak 142.98M) | Time:00:00.10 | Mem:0.00M, Peak:0.00M | CISCO_N9K_C9336C_FX2_V001, ViewLayer | Synchronizing object | Fan3_fine_vertical_thumb_rib_1_8
Fra:1 Mem:142.99M (Peak 142.99M) | Time:00:00.10 | Mem:0.00M, Peak:0.00M | CISCO_N9K_C9336C_FX2_V001, ViewLayer | Synchronizing object | Fan3_fine_vertical_thumb_rib_1_7
Fra:1 Mem:142.99M (Peak 142.99M) | Time:00:00.10 | Mem:0.00M, Peak:0.00M | CISCO_N9K_C9336C_FX2_V001, ViewLayer | Synchronizing object | Fan3_fine_vertical_thumb_rib_1_6
Fra:1 Mem:143.00M (Peak 143.00M) | Time:00:00.10 | Mem:0.00M, Peak:0.00M | CISCO_N9K_C9336C_FX2_V001, ViewLayer | Synchronizing object | Fan3_fine_vertical_thumb_rib_1_5
Fra:1 Mem:143.00M (Peak 143.00M) | Time:00:00.10 | Mem:0.00M, Peak:0.00M | CISCO_N9K_C9336C_FX2_V001, ViewLayer | Synchronizing object | Fan3_fine_vertical_thumb_rib_1_4
Fra:1 Mem:143.01M (Peak 143.01M) | Time:00:00.10 | Mem:0.00M, Peak:0.00M | CISCO_N9K_C9336C_FX2_V001, ViewLayer | Synchronizing object | Fan3_fine_vertical_thumb_rib_1_3
Fra:1 Mem:143.02M (Peak 143.02M) | Time:00:00.10 | Mem:0.00M, Peak:0.00M | CISCO_N9K_C9336C_FX2_V001, ViewLayer | Synchronizing object | Fan3_fine_vertical_thumb_rib_1_2
Fra:1 Mem:143.02M (Peak 143.02M) | Time:00:00.10 | Mem:0.00M, Peak:0.00M | CISCO_N9K_C9336C_FX2_V001, ViewLayer | Synchronizing object | Fan3_fine_vertical_thumb_rib_1_1
Fra:1 Mem:143.03M (Peak 143.03M) | Time:00:00.10 | Mem:0.00M, Peak:0.00M | CISCO_N9K_C9336C_FX2_V001, ViewLayer | Synchronizing object | Fan3_fine_vertical_thumb_rib_1_0
Fra:1 Mem:143.03M (Peak 143.03M) | Time:00:00.10 | Mem:0.00M, Peak:0.00M | CISCO_N9K_C9336C_FX2_V001, ViewLayer | Synchronizing object | Fan3_fine_vertical_thumb_rib_-1_9
Fra:1 Mem:143.04M (Peak 143.04M) | Time:00:00.10 | Mem:0.00M, Peak:0.00M | CISCO_N9K_C9336C_FX2_V001, ViewLayer | Synchronizing object | Fan3_fine_vertical_thumb_rib_-1_8
Fra:1 Mem:143.05M (Peak 143.05M) | Time:00:00.10 | Mem:0.00M, Peak:0.00M | CISCO_N9K_C9336C_FX2_V001, ViewLayer | Synchronizing object | Fan3_fine_vertical_thumb_rib_-1_7
Fra:1 Mem:143.05M (Peak 143.05M) | Time:00:00.10 | Mem:0.00M, Peak:0.00M | CISCO_N9K_C9336C_FX2_V001, ViewLayer | Synchronizing object | Fan3_fine_vertical_thumb_rib_-1_6
Fra:1 Mem:143.06M (Peak 143.06M) | Time:00:00.10 | Mem:0.00M, Peak:0.00M | CISCO_N9K_C9336C_FX2_V001, ViewLayer | Synchronizing object | Fan3_fine_vertical_thumb_rib_-1_5
Fra:1 Mem:143.06M (Peak 143.06M) | Time:00:00.10 | Mem:0.00M, Peak:0.00M | CISCO_N9K_C9336C_FX2_V001, ViewLayer | Synchronizing object | Fan3_fine_vertical_thumb_rib_-1_4
Fra:1 Mem:143.07M (Peak 143.07M) | Time:00:00.10 | Mem:0.00M, Peak:0.00M | CISCO_N9K_C9336C_FX2_V001, ViewLayer | Synchronizing object | Fan3_fine_vertical_thumb_rib_-1_3
Fra:1 Mem:143.08M (Peak 143.08M) | Time:00:00.10 | Mem:0.00M, Peak:0.00M | CISCO_N9K_C9336C_FX2_V001, ViewLayer | Synchronizing object | Fan3_fine_vertical_thumb_rib_-1_2
Fra:1 Mem:143.08M (Peak 143.08M) | Time:00:00.10 | Mem:0.00M, Peak:0.00M | CISCO_N9K_C9336C_FX2_V001, ViewLayer | Synchronizing object | Fan3_fine_vertical_thumb_rib_-1_1
Fra:1 Mem:143.09M (Peak 143.09M) | Time:00:00.10 | Mem:0.00M, Peak:0.00M | CISCO_N9K_C9336C_FX2_V001, ViewLayer | Synchronizing object | Fan3_fine_vertical_thumb_rib_-1_0
Fra:1 Mem:143.09M (Peak 143.09M) | Time:00:00.10 | Mem:0.00M, Peak:0.00M | CISCO_N9K_C9336C_FX2_V001, ViewLayer | Synchronizing object | Fan2_fine_vertical_thumb_rib_1_9
Fra:1 Mem:143.10M (Peak 143.10M) | Time:00:00.10 | Mem:0.00M, Peak:0.00M | CISCO_N9K_C9336C_FX2_V001, ViewLayer | Synchronizing object | Fan2_fine_vertical_thumb_rib_1_8
Fra:1 Mem:143.11M (Peak 143.11M) | Time:00:00.10 | Mem:0.00M, Peak:0.00M | CISCO_N9K_C9336C_FX2_V001, ViewLayer | Synchronizing object | Fan2_fine_vertical_thumb_rib_1_7
Fra:1 Mem:143.11M (Peak 143.11M) | Time:00:00.10 | Mem:0.00M, Peak:0.00M | CISCO_N9K_C9336C_FX2_V001, ViewLayer | Synchronizing object | Fan2_fine_vertical_thumb_rib_1_6
Fra:1 Mem:143.12M (Peak 143.12M) | Time:00:00.10 | Mem:0.00M, Peak:0.00M | CISCO_N9K_C9336C_FX2_V001, ViewLayer | Synchronizing object | Fan2_fine_vertical_thumb_rib_1_5
Fra:1 Mem:143.12M (Peak 143.12M) | Time:00:00.10 | Mem:0.00M, Peak:0.00M | CISCO_N9K_C9336C_FX2_V001, ViewLayer | Synchronizing object | Fan2_fine_vertical_thumb_rib_1_4
Fra:1 Mem:143.13M (Peak 143.13M) | Time:00:00.10 | Mem:0.00M, Peak:0.00M | CISCO_N9K_C9336C_FX2_V001, ViewLayer | Synchronizing object | Fan2_fine_vertical_thumb_rib_1_3
Fra:1 Mem:143.14M (Peak 143.14M) | Time:00:00.10 | Mem:0.00M, Peak:0.00M | CISCO_N9K_C9336C_FX2_V001, ViewLayer | Synchronizing object | Fan2_fine_vertical_thumb_rib_1_2
Fra:1 Mem:143.14M (Peak 143.14M) | Time:00:00.10 | Mem:0.00M, Peak:0.00M | CISCO_N9K_C9336C_FX2_V001, ViewLayer | Synchronizing object | Fan2_fine_vertical_thumb_rib_1_1
Fra:1 Mem:143.15M (Peak 143.15M) | Time:00:00.10 | Mem:0.00M, Peak:0.00M | CISCO_N9K_C9336C_FX2_V001, ViewLayer | Synchronizing object | Fan2_fine_vertical_thumb_rib_1_0
Fra:1 Mem:143.15M (Peak 143.15M) | Time:00:00.10 | Mem:0.00M, Peak:0.00M | CISCO_N9K_C9336C_FX2_V001, ViewLayer | Synchronizing object | Fan2_fine_vertical_thumb_rib_-1_9
Fra:1 Mem:143.16M (Peak 143.16M) | Time:00:00.10 | Mem:0.00M, Peak:0.00M | CISCO_N9K_C9336C_FX2_V001, ViewLayer | Synchronizing object | Fan2_fine_vertical_thumb_rib_-1_8
Fra:1 Mem:143.17M (Peak 143.17M) | Time:00:00.10 | Mem:0.00M, Peak:0.00M | CISCO_N9K_C9336C_FX2_V001, ViewLayer | Synchronizing object | Fan2_fine_vertical_thumb_rib_-1_7
Fra:1 Mem:143.17M (Peak 143.17M) | Time:00:00.10 | Mem:0.00M, Peak:0.00M | CISCO_N9K_C9336C_FX2_V001, ViewLayer | Synchronizing object | Fan2_fine_vertical_thumb_rib_-1_6
Fra:1 Mem:143.18M (Peak 143.18M) | Time:00:00.10 | Mem:0.00M, Peak:0.00M | CISCO_N9K_C9336C_FX2_V001, ViewLayer | Synchronizing object | Fan2_fine_vertical_thumb_rib_-1_5
Fra:1 Mem:143.18M (Peak 143.18M) | Time:00:00.10 | Mem:0.00M, Peak:0.00M | CISCO_N9K_C9336C_FX2_V001, ViewLayer | Synchronizing object | Fan2_fine_vertical_thumb_rib_-1_4
Fra:1 Mem:143.19M (Peak 143.19M) | Time:00:00.10 | Mem:0.00M, Peak:0.00M | CISCO_N9K_C9336C_FX2_V001, ViewLayer | Synchronizing object | Fan2_fine_vertical_thumb_rib_-1_3
Fra:1 Mem:143.19M (Peak 143.19M) | Time:00:00.10 | Mem:0.00M, Peak:0.00M | CISCO_N9K_C9336C_FX2_V001, ViewLayer | Synchronizing object | Fan2_fine_vertical_thumb_rib_-1_2
Fra:1 Mem:143.20M (Peak 143.20M) | Time:00:00.10 | Mem:0.00M, Peak:0.00M | CISCO_N9K_C9336C_FX2_V001, ViewLayer | Synchronizing object | Fan2_fine_vertical_thumb_rib_-1_1
Fra:1 Mem:143.21M (Peak 143.21M) | Time:00:00.10 | Mem:0.00M, Peak:0.00M | CISCO_N9K_C9336C_FX2_V001, ViewLayer | Synchronizing object | Fan2_fine_vertical_thumb_rib_-1_0
Fra:1 Mem:143.21M (Peak 143.21M) | Time:00:00.10 | Mem:0.00M, Peak:0.00M | CISCO_N9K_C9336C_FX2_V001, ViewLayer | Synchronizing object | Fan1_fine_vertical_thumb_rib_1_9
Fra:1 Mem:143.22M (Peak 143.22M) | Time:00:00.10 | Mem:0.00M, Peak:0.00M | CISCO_N9K_C9336C_FX2_V001, ViewLayer | Synchronizing object | Fan1_fine_vertical_thumb_rib_1_8
Fra:1 Mem:143.22M (Peak 143.22M) | Time:00:00.10 | Mem:0.00M, Peak:0.00M | CISCO_N9K_C9336C_FX2_V001, ViewLayer | Synchronizing object | Fan1_fine_vertical_thumb_rib_1_7
Fra:1 Mem:143.23M (Peak 143.23M) | Time:00:00.10 | Mem:0.00M, Peak:0.00M | CISCO_N9K_C9336C_FX2_V001, ViewLayer | Synchronizing object | Fan1_fine_vertical_thumb_rib_1_6
Fra:1 Mem:143.24M (Peak 143.24M) | Time:00:00.10 | Mem:0.00M, Peak:0.00M | CISCO_N9K_C9336C_FX2_V001, ViewLayer | Synchronizing object | Fan1_fine_vertical_thumb_rib_1_5
Fra:1 Mem:143.24M (Peak 143.24M) | Time:00:00.10 | Mem:0.00M, Peak:0.00M | CISCO_N9K_C9336C_FX2_V001, ViewLayer | Synchronizing object | Fan1_fine_vertical_thumb_rib_1_4
Fra:1 Mem:143.25M (Peak 143.25M) | Time:00:00.10 | Mem:0.00M, Peak:0.00M | CISCO_N9K_C9336C_FX2_V001, ViewLayer | Synchronizing object | Fan1_fine_vertical_thumb_rib_1_3
Fra:1 Mem:143.25M (Peak 143.25M) | Time:00:00.10 | Mem:0.00M, Peak:0.00M | CISCO_N9K_C9336C_FX2_V001, ViewLayer | Synchronizing object | Fan1_fine_vertical_thumb_rib_1_2
Fra:1 Mem:143.26M (Peak 143.26M) | Time:00:00.10 | Mem:0.00M, Peak:0.00M | CISCO_N9K_C9336C_FX2_V001, ViewLayer | Synchronizing object | Fan1_fine_vertical_thumb_rib_1_1
Fra:1 Mem:143.27M (Peak 143.27M) | Time:00:00.10 | Mem:0.00M, Peak:0.00M | CISCO_N9K_C9336C_FX2_V001, ViewLayer | Synchronizing object | Fan1_fine_vertical_thumb_rib_1_0
Fra:1 Mem:143.27M (Peak 143.27M) | Time:00:00.10 | Mem:0.00M, Peak:0.00M | CISCO_N9K_C9336C_FX2_V001, ViewLayer | Synchronizing object | Fan1_fine_vertical_thumb_rib_-1_9
Fra:1 Mem:143.28M (Peak 143.28M) | Time:00:00.10 | Mem:0.00M, Peak:0.00M | CISCO_N9K_C9336C_FX2_V001, ViewLayer | Synchronizing object | Fan1_fine_vertical_thumb_rib_-1_8
Fra:1 Mem:143.28M (Peak 143.28M) | Time:00:00.10 | Mem:0.00M, Peak:0.00M | CISCO_N9K_C9336C_FX2_V001, ViewLayer | Synchronizing object | Fan1_fine_vertical_thumb_rib_-1_7
Fra:1 Mem:143.29M (Peak 143.29M) | Time:00:00.10 | Mem:0.00M, Peak:0.00M | CISCO_N9K_C9336C_FX2_V001, ViewLayer | Synchronizing object | Fan1_fine_vertical_thumb_rib_-1_6
Fra:1 Mem:143.30M (Peak 143.30M) | Time:00:00.10 | Mem:0.00M, Peak:0.00M | CISCO_N9K_C9336C_FX2_V001, ViewLayer | Synchronizing object | Fan1_fine_vertical_thumb_rib_-1_5
Fra:1 Mem:143.30M (Peak 143.30M) | Time:00:00.10 | Mem:0.00M, Peak:0.00M | CISCO_N9K_C9336C_FX2_V001, ViewLayer | Synchronizing object | Fan1_fine_vertical_thumb_rib_-1_4
Fra:1 Mem:143.31M (Peak 143.31M) | Time:00:00.10 | Mem:0.00M, Peak:0.00M | CISCO_N9K_C9336C_FX2_V001, ViewLayer | Synchronizing object | Fan1_fine_vertical_thumb_rib_-1_3
Fra:1 Mem:143.31M (Peak 143.31M) | Time:00:00.10 | Mem:0.00M, Peak:0.00M | CISCO_N9K_C9336C_FX2_V001, ViewLayer | Synchronizing object | Fan1_fine_vertical_thumb_rib_-1_2
Fra:1 Mem:143.32M (Peak 143.32M) | Time:00:00.10 | Mem:0.00M, Peak:0.00M | CISCO_N9K_C9336C_FX2_V001, ViewLayer | Synchronizing object | Fan1_fine_vertical_thumb_rib_-1_1
Fra:1 Mem:143.33M (Peak 143.33M) | Time:00:00.10 | Mem:0.00M, Peak:0.00M | CISCO_N9K_C9336C_FX2_V001, ViewLayer | Synchronizing object | Fan1_fine_vertical_thumb_rib_-1_0
Fra:1 Mem:143.33M (Peak 143.33M) | Time:00:00.10 | Mem:0.00M, Peak:0.00M | CISCO_N9K_C9336C_FX2_V001, ViewLayer | Synchronizing object | Fan3_flush_lock_pin_39
Fra:1 Mem:143.34M (Peak 143.34M) | Time:00:00.10 | Mem:0.00M, Peak:0.00M | CISCO_N9K_C9336C_FX2_V001, ViewLayer | Synchronizing object | Fan3_flush_lock_pin_-39
Fra:1 Mem:143.36M (Peak 143.36M) | Time:00:00.10 | Mem:0.00M, Peak:0.00M | CISCO_N9K_C9336C_FX2_V001, ViewLayer | Synchronizing object | Fan3_known_PID
Fra:1 Mem:143.38M (Peak 143.38M) | Time:00:00.10 | Mem:0.00M, Peak:0.00M | CISCO_N9K_C9336C_FX2_V001, ViewLayer | Synchronizing object | Fan3_PID_label_recess
Fra:1 Mem:143.39M (Peak 143.39M) | Time:00:00.10 | Mem:0.00M, Peak:0.00M | CISCO_N9K_C9336C_FX2_V001, ViewLayer | Synchronizing object | Fan3_latch_thumb_flare_1
Fra:1 Mem:143.39M (Peak 143.39M) | Time:00:00.10 | Mem:0.00M, Peak:0.00M | CISCO_N9K_C9336C_FX2_V001, ViewLayer | Synchronizing object | Fan3_BLUE_release_latch_1
Fra:1 Mem:143.40M (Peak 143.40M) | Time:00:00.10 | Mem:0.00M, Peak:0.00M | CISCO_N9K_C9336C_FX2_V001, ViewLayer | Synchronizing object | Fan3_latch_thumb_flare_-1
Fra:1 Mem:143.41M (Peak 143.41M) | Time:00:00.10 | Mem:0.00M, Peak:0.00M | CISCO_N9K_C9336C_FX2_V001, ViewLayer | Synchronizing object | Fan3_BLUE_release_latch_-1
Fra:1 Mem:143.41M (Peak 143.41M) | Time:00:00.10 | Mem:0.00M, Peak:0.00M | CISCO_N9K_C9336C_FX2_V001, ViewLayer | Synchronizing object | Fan3_molded_trapezoid_pull_handle
Fra:1 Mem:143.45M (Peak 143.45M) | Time:00:00.10 | Mem:0.00M, Peak:0.00M | CISCO_N9K_C9336C_FX2_V001, ViewLayer | Synchronizing object | Fan3_true_honeycomb_front_grille
Fra:1 Mem:156.51M (Peak 156.51M) | Time:00:00.12 | Mem:0.00M, Peak:0.00M | CISCO_N9K_C9336C_FX2_V001, ViewLayer | Synchronizing object | Fan3_front_frame
Fra:1 Mem:156.52M (Peak 156.52M) | Time:00:00.12 | Mem:0.00M, Peak:0.00M | CISCO_N9K_C9336C_FX2_V001, ViewLayer | Synchronizing object | Fan3_rear_power_contact_block_1
Fra:1 Mem:156.53M (Peak 156.53M) | Time:00:00.12 | Mem:0.00M, Peak:0.00M | CISCO_N9K_C9336C_FX2_V001, ViewLayer | Synchronizing object | Fan3_top_retention_rail_1
Fra:1 Mem:156.54M (Peak 156.54M) | Time:00:00.12 | Mem:0.00M, Peak:0.00M | CISCO_N9K_C9336C_FX2_V001, ViewLayer | Synchronizing object | Fan3_blade_1_6
Fra:1 Mem:156.54M (Peak 156.54M) | Time:00:00.12 | Mem:0.00M, Peak:0.00M | CISCO_N9K_C9336C_FX2_V001, ViewLayer | Synchronizing object | Fan3_blade_1_5
Fra:1 Mem:156.55M (Peak 156.55M) | Time:00:00.12 | Mem:0.00M, Peak:0.00M | CISCO_N9K_C9336C_FX2_V001, ViewLayer | Synchronizing object | Fan3_blade_1_4
Fra:1 Mem:156.55M (Peak 156.55M) | Time:00:00.12 | Mem:0.00M, Peak:0.00M | CISCO_N9K_C9336C_FX2_V001, ViewLayer | Synchronizing object | Fan3_blade_1_3
Fra:1 Mem:156.55M (Peak 156.55M) | Time:00:00.12 | Mem:0.00M, Peak:0.00M | CISCO_N9K_C9336C_FX2_V001, ViewLayer | Synchronizing object | Fan3_blade_1_2
Fra:1 Mem:156.55M (Peak 156.55M) | Time:00:00.12 | Mem:0.00M, Peak:0.00M | CISCO_N9K_C9336C_FX2_V001, ViewLayer | Synchronizing object | Fan3_blade_1_1
Fra:1 Mem:156.55M (Peak 156.55M) | Time:00:00.12 | Mem:0.00M, Peak:0.00M | CISCO_N9K_C9336C_FX2_V001, ViewLayer | Synchronizing object | Fan3_blade_1_0
Fra:1 Mem:156.55M (Peak 156.55M) | Time:00:00.12 | Mem:0.00M, Peak:0.00M | CISCO_N9K_C9336C_FX2_V001, ViewLayer | Synchronizing object | Fan3_hub_1
Fra:1 Mem:156.56M (Peak 156.56M) | Time:00:00.12 | Mem:0.00M, Peak:0.00M | CISCO_N9K_C9336C_FX2_V001, ViewLayer | Synchronizing object | Fan3_rotor_housing_1
Fra:1 Mem:156.56M (Peak 156.56M) | Time:00:00.12 | Mem:0.00M, Peak:0.00M | CISCO_N9K_C9336C_FX2_V001, ViewLayer | Synchronizing object | Fan3_rear_power_contact_block_-1
Fra:1 Mem:156.57M (Peak 156.57M) | Time:00:00.12 | Mem:0.00M, Peak:0.00M | CISCO_N9K_C9336C_FX2_V001, ViewLayer | Synchronizing object | Fan3_top_retention_rail_-1
Fra:1 Mem:156.59M (Peak 156.59M) | Time:00:00.12 | Mem:0.00M, Peak:0.00M | CISCO_N9K_C9336C_FX2_V001, ViewLayer | Synchronizing object | Fan3_blade_-1_6
Fra:1 Mem:156.59M (Peak 156.59M) | Time:00:00.12 | Mem:0.00M, Peak:0.00M | CISCO_N9K_C9336C_FX2_V001, ViewLayer | Synchronizing object | Fan3_blade_-1_5
Fra:1 Mem:156.59M (Peak 156.59M) | Time:00:00.12 | Mem:0.00M, Peak:0.00M | CISCO_N9K_C9336C_FX2_V001, ViewLayer | Synchronizing object | Fan3_blade_-1_4
Fra:1 Mem:156.59M (Peak 156.59M) | Time:00:00.12 | Mem:0.00M, Peak:0.00M | CISCO_N9K_C9336C_FX2_V001, ViewLayer | Synchronizing object | Fan3_blade_-1_3
Fra:1 Mem:156.59M (Peak 156.59M) | Time:00:00.12 | Mem:0.00M, Peak:0.00M | CISCO_N9K_C9336C_FX2_V001, ViewLayer | Synchronizing object | Fan3_blade_-1_2
Fra:1 Mem:156.59M (Peak 156.59M) | Time:00:00.12 | Mem:0.00M, Peak:0.00M | CISCO_N9K_C9336C_FX2_V001, ViewLayer | Synchronizing object | Fan3_blade_-1_1
Fra:1 Mem:156.59M (Peak 156.59M) | Time:00:00.12 | Mem:0.00M, Peak:0.00M | CISCO_N9K_C9336C_FX2_V001, ViewLayer | Synchronizing object | Fan3_blade_-1_0
Fra:1 Mem:156.59M (Peak 156.59M) | Time:00:00.12 | Mem:0.00M, Peak:0.00M | CISCO_N9K_C9336C_FX2_V001, ViewLayer | Synchronizing object | Fan3_hub_-1
Fra:1 Mem:156.60M (Peak 156.60M) | Time:00:00.12 | Mem:0.00M, Peak:0.00M | CISCO_N9K_C9336C_FX2_V001, ViewLayer | Synchronizing object | Fan3_rotor_housing_-1
Fra:1 Mem:156.61M (Peak 156.61M) | Time:00:00.12 | Mem:0.00M, Peak:0.00M | CISCO_N9K_C9336C_FX2_V001, ViewLayer | Synchronizing object | Fan2_flush_lock_pin_39
Fra:1 Mem:156.62M (Peak 156.62M) | Time:00:00.12 | Mem:0.00M, Peak:0.00M | CISCO_N9K_C9336C_FX2_V001, ViewLayer | Synchronizing object | Fan2_flush_lock_pin_-39
Fra:1 Mem:156.63M (Peak 156.63M) | Time:00:00.12 | Mem:0.00M, Peak:0.00M | CISCO_N9K_C9336C_FX2_V001, ViewLayer | Synchronizing object | Fan2_known_PID
Fra:1 Mem:156.66M (Peak 156.66M) | Time:00:00.12 | Mem:0.00M, Peak:0.00M | CISCO_N9K_C9336C_FX2_V001, ViewLayer | Synchronizing object | Fan2_PID_label_recess
Fra:1 Mem:156.66M (Peak 156.66M) | Time:00:00.12 | Mem:0.00M, Peak:0.00M | CISCO_N9K_C9336C_FX2_V001, ViewLayer | Synchronizing object | Fan2_latch_thumb_flare_1
Fra:1 Mem:156.67M (Peak 156.67M) | Time:00:00.12 | Mem:0.00M, Peak:0.00M | CISCO_N9K_C9336C_FX2_V001, ViewLayer | Synchronizing object | Fan2_BLUE_release_latch_1
Fra:1 Mem:156.67M (Peak 156.67M) | Time:00:00.12 | Mem:0.00M, Peak:0.00M | CISCO_N9K_C9336C_FX2_V001, ViewLayer | Synchronizing object | Fan2_latch_thumb_flare_-1
Fra:1 Mem:156.68M (Peak 156.68M) | Time:00:00.12 | Mem:0.00M, Peak:0.00M | CISCO_N9K_C9336C_FX2_V001, ViewLayer | Synchronizing object | Fan2_BLUE_release_latch_-1
Fra:1 Mem:156.69M (Peak 156.69M) | Time:00:00.12 | Mem:0.00M, Peak:0.00M | CISCO_N9K_C9336C_FX2_V001, ViewLayer | Synchronizing object | Fan2_molded_trapezoid_pull_handle
Fra:1 Mem:156.72M (Peak 156.72M) | Time:00:00.12 | Mem:0.00M, Peak:0.00M | CISCO_N9K_C9336C_FX2_V001, ViewLayer | Synchronizing object | Fan2_true_honeycomb_front_grille
Fra:1 Mem:158.48M (Peak 158.79M) | Time:00:00.13 | Mem:0.00M, Peak:0.00M | CISCO_N9K_C9336C_FX2_V001, ViewLayer | Synchronizing object | Fan2_front_frame
Fra:1 Mem:158.49M (Peak 158.79M) | Time:00:00.13 | Mem:0.00M, Peak:0.00M | CISCO_N9K_C9336C_FX2_V001, ViewLayer | Synchronizing object | Fan2_rear_power_contact_block_1
Fra:1 Mem:158.50M (Peak 158.79M) | Time:00:00.13 | Mem:0.00M, Peak:0.00M | CISCO_N9K_C9336C_FX2_V001, ViewLayer | Synchronizing object | Fan2_top_retention_rail_1
Fra:1 Mem:158.51M (Peak 158.79M) | Time:00:00.13 | Mem:0.00M, Peak:0.00M | CISCO_N9K_C9336C_FX2_V001, ViewLayer | Synchronizing object | Fan2_blade_1_6
Fra:1 Mem:158.51M (Peak 158.79M) | Time:00:00.13 | Mem:0.00M, Peak:0.00M | CISCO_N9K_C9336C_FX2_V001, ViewLayer | Synchronizing object | Fan2_blade_1_5
Fra:1 Mem:158.51M (Peak 158.79M) | Time:00:00.13 | Mem:0.00M, Peak:0.00M | CISCO_N9K_C9336C_FX2_V001, ViewLayer | Synchronizing object | Fan2_blade_1_4
Fra:1 Mem:158.52M (Peak 158.79M) | Time:00:00.13 | Mem:0.00M, Peak:0.00M | CISCO_N9K_C9336C_FX2_V001, ViewLayer | Synchronizing object | Fan2_blade_1_3
Fra:1 Mem:158.52M (Peak 158.79M) | Time:00:00.13 | Mem:0.00M, Peak:0.00M | CISCO_N9K_C9336C_FX2_V001, ViewLayer | Synchronizing object | Fan2_blade_1_2
Fra:1 Mem:158.52M (Peak 158.79M) | Time:00:00.13 | Mem:0.00M, Peak:0.00M | CISCO_N9K_C9336C_FX2_V001, ViewLayer | Synchronizing object | Fan2_blade_1_1
Fra:1 Mem:158.52M (Peak 158.79M) | Time:00:00.13 | Mem:0.00M, Peak:0.00M | CISCO_N9K_C9336C_FX2_V001, ViewLayer | Synchronizing object | Fan2_blade_1_0
Fra:1 Mem:158.52M (Peak 158.79M) | Time:00:00.13 | Mem:0.00M, Peak:0.00M | CISCO_N9K_C9336C_FX2_V001, ViewLayer | Synchronizing object | Fan2_hub_1
Fra:1 Mem:158.53M (Peak 158.79M) | Time:00:00.13 | Mem:0.00M, Peak:0.00M | CISCO_N9K_C9336C_FX2_V001, ViewLayer | Synchronizing object | Fan2_rotor_housing_1
Fra:1 Mem:158.53M (Peak 158.79M) | Time:00:00.13 | Mem:0.00M, Peak:0.00M | CISCO_N9K_C9336C_FX2_V001, ViewLayer | Synchronizing object | Fan2_rear_power_contact_block_-1
Fra:1 Mem:158.54M (Peak 158.79M) | Time:00:00.13 | Mem:0.00M, Peak:0.00M | CISCO_N9K_C9336C_FX2_V001, ViewLayer | Synchronizing object | Fan2_top_retention_rail_-1
Fra:1 Mem:158.55M (Peak 158.79M) | Time:00:00.13 | Mem:0.00M, Peak:0.00M | CISCO_N9K_C9336C_FX2_V001, ViewLayer | Synchronizing object | Fan2_blade_-1_6
Fra:1 Mem:158.56M (Peak 158.79M) | Time:00:00.13 | Mem:0.00M, Peak:0.00M | CISCO_N9K_C9336C_FX2_V001, ViewLayer | Synchronizing object | Fan2_blade_-1_5
Fra:1 Mem:158.56M (Peak 158.79M) | Time:00:00.13 | Mem:0.00M, Peak:0.00M | CISCO_N9K_C9336C_FX2_V001, ViewLayer | Synchronizing object | Fan2_blade_-1_4
Fra:1 Mem:158.56M (Peak 158.79M) | Time:00:00.13 | Mem:0.00M, Peak:0.00M | CISCO_N9K_C9336C_FX2_V001, ViewLayer | Synchronizing object | Fan2_blade_-1_3
Fra:1 Mem:158.56M (Peak 158.79M) | Time:00:00.13 | Mem:0.00M, Peak:0.00M | CISCO_N9K_C9336C_FX2_V001, ViewLayer | Synchronizing object | Fan2_blade_-1_2
Fra:1 Mem:158.56M (Peak 158.79M) | Time:00:00.13 | Mem:0.00M, Peak:0.00M | CISCO_N9K_C9336C_FX2_V001, ViewLayer | Synchronizing object | Fan2_blade_-1_1
Fra:1 Mem:158.56M (Peak 158.79M) | Time:00:00.13 | Mem:0.00M, Peak:0.00M | CISCO_N9K_C9336C_FX2_V001, ViewLayer | Synchronizing object | Fan2_blade_-1_0
Fra:1 Mem:158.56M (Peak 158.79M) | Time:00:00.13 | Mem:0.00M, Peak:0.00M | CISCO_N9K_C9336C_FX2_V001, ViewLayer | Synchronizing object | Fan2_hub_-1
Fra:1 Mem:158.57M (Peak 158.79M) | Time:00:00.13 | Mem:0.00M, Peak:0.00M | CISCO_N9K_C9336C_FX2_V001, ViewLayer | Synchronizing object | Fan2_rotor_housing_-1
Fra:1 Mem:158.58M (Peak 158.79M) | Time:00:00.13 | Mem:0.00M, Peak:0.00M | CISCO_N9K_C9336C_FX2_V001, ViewLayer | Synchronizing object | Fan1_flush_lock_pin_39
Fra:1 Mem:158.59M (Peak 158.79M) | Time:00:00.13 | Mem:0.00M, Peak:0.00M | CISCO_N9K_C9336C_FX2_V001, ViewLayer | Synchronizing object | Fan1_flush_lock_pin_-39
Fra:1 Mem:158.60M (Peak 158.79M) | Time:00:00.13 | Mem:0.00M, Peak:0.00M | CISCO_N9K_C9336C_FX2_V001, ViewLayer | Synchronizing object | Fan1_known_PID
Fra:1 Mem:158.63M (Peak 158.79M) | Time:00:00.13 | Mem:0.00M, Peak:0.00M | CISCO_N9K_C9336C_FX2_V001, ViewLayer | Synchronizing object | Fan1_PID_label_recess
Fra:1 Mem:158.63M (Peak 158.79M) | Time:00:00.13 | Mem:0.00M, Peak:0.00M | CISCO_N9K_C9336C_FX2_V001, ViewLayer | Synchronizing object | Fan1_latch_thumb_flare_1
Fra:1 Mem:158.64M (Peak 158.79M) | Time:00:00.13 | Mem:0.00M, Peak:0.00M | CISCO_N9K_C9336C_FX2_V001, ViewLayer | Synchronizing object | Fan1_BLUE_release_latch_1
Fra:1 Mem:158.64M (Peak 158.79M) | Time:00:00.13 | Mem:0.00M, Peak:0.00M | CISCO_N9K_C9336C_FX2_V001, ViewLayer | Synchronizing object | Fan1_latch_thumb_flare_-1
Fra:1 Mem:158.65M (Peak 158.79M) | Time:00:00.13 | Mem:0.00M, Peak:0.00M | CISCO_N9K_C9336C_FX2_V001, ViewLayer | Synchronizing object | Fan1_BLUE_release_latch_-1
Fra:1 Mem:158.66M (Peak 158.79M) | Time:00:00.13 | Mem:0.00M, Peak:0.00M | CISCO_N9K_C9336C_FX2_V001, ViewLayer | Synchronizing object | Fan1_molded_trapezoid_pull_handle
Fra:1 Mem:158.69M (Peak 158.79M) | Time:00:00.13 | Mem:0.00M, Peak:0.00M | CISCO_N9K_C9336C_FX2_V001, ViewLayer | Synchronizing object | Fan1_true_honeycomb_front_grille
Fra:1 Mem:160.45M (Peak 160.75M) | Time:00:00.15 | Mem:0.00M, Peak:0.00M | CISCO_N9K_C9336C_FX2_V001, ViewLayer | Synchronizing object | Fan1_front_frame
Fra:1 Mem:160.46M (Peak 160.75M) | Time:00:00.15 | Mem:0.00M, Peak:0.00M | CISCO_N9K_C9336C_FX2_V001, ViewLayer | Synchronizing object | Fan1_rear_power_contact_block_1
Fra:1 Mem:160.47M (Peak 160.75M) | Time:00:00.15 | Mem:0.00M, Peak:0.00M | CISCO_N9K_C9336C_FX2_V001, ViewLayer | Synchronizing object | Fan1_top_retention_rail_1
Fra:1 Mem:160.48M (Peak 160.75M) | Time:00:00.15 | Mem:0.00M, Peak:0.00M | CISCO_N9K_C9336C_FX2_V001, ViewLayer | Synchronizing object | Fan1_blade_1_6
Fra:1 Mem:160.48M (Peak 160.75M) | Time:00:00.15 | Mem:0.00M, Peak:0.00M | CISCO_N9K_C9336C_FX2_V001, ViewLayer | Synchronizing object | Fan1_blade_1_5
Fra:1 Mem:160.48M (Peak 160.75M) | Time:00:00.15 | Mem:0.00M, Peak:0.00M | CISCO_N9K_C9336C_FX2_V001, ViewLayer | Synchronizing object | Fan1_blade_1_4
Fra:1 Mem:160.48M (Peak 160.75M) | Time:00:00.15 | Mem:0.00M, Peak:0.00M | CISCO_N9K_C9336C_FX2_V001, ViewLayer | Synchronizing object | Fan1_blade_1_3
Fra:1 Mem:160.48M (Peak 160.75M) | Time:00:00.15 | Mem:0.00M, Peak:0.00M | CISCO_N9K_C9336C_FX2_V001, ViewLayer | Synchronizing object | Fan1_blade_1_2
Fra:1 Mem:160.49M (Peak 160.75M) | Time:00:00.15 | Mem:0.00M, Peak:0.00M | CISCO_N9K_C9336C_FX2_V001, ViewLayer | Synchronizing object | Fan1_blade_1_1
Fra:1 Mem:160.49M (Peak 160.75M) | Time:00:00.15 | Mem:0.00M, Peak:0.00M | CISCO_N9K_C9336C_FX2_V001, ViewLayer | Synchronizing object | Fan1_blade_1_0
Fra:1 Mem:160.49M (Peak 160.75M) | Time:00:00.15 | Mem:0.00M, Peak:0.00M | CISCO_N9K_C9336C_FX2_V001, ViewLayer | Synchronizing object | Fan1_hub_1
Fra:1 Mem:160.49M (Peak 160.75M) | Time:00:00.15 | Mem:0.00M, Peak:0.00M | CISCO_N9K_C9336C_FX2_V001, ViewLayer | Synchronizing object | Fan1_rotor_housing_1
Fra:1 Mem:160.50M (Peak 160.75M) | Time:00:00.15 | Mem:0.00M, Peak:0.00M | CISCO_N9K_C9336C_FX2_V001, ViewLayer | Synchronizing object | Fan1_rear_power_contact_block_-1
Fra:1 Mem:160.51M (Peak 160.75M) | Time:00:00.15 | Mem:0.00M, Peak:0.00M | CISCO_N9K_C9336C_FX2_V001, ViewLayer | Synchronizing object | Fan1_top_retention_rail_-1
Fra:1 Mem:160.52M (Peak 160.75M) | Time:00:00.15 | Mem:0.00M, Peak:0.00M | CISCO_N9K_C9336C_FX2_V001, ViewLayer | Synchronizing object | Fan1_blade_-1_6
Fra:1 Mem:160.52M (Peak 160.75M) | Time:00:00.15 | Mem:0.00M, Peak:0.00M | CISCO_N9K_C9336C_FX2_V001, ViewLayer | Synchronizing object | Fan1_blade_-1_5
Fra:1 Mem:160.52M (Peak 160.75M) | Time:00:00.15 | Mem:0.00M, Peak:0.00M | CISCO_N9K_C9336C_FX2_V001, ViewLayer | Synchronizing object | Fan1_blade_-1_4
Fra:1 Mem:160.53M (Peak 160.75M) | Time:00:00.15 | Mem:0.00M, Peak:0.00M | CISCO_N9K_C9336C_FX2_V001, ViewLayer | Synchronizing object | Fan1_blade_-1_3
Fra:1 Mem:160.53M (Peak 160.75M) | Time:00:00.15 | Mem:0.00M, Peak:0.00M | CISCO_N9K_C9336C_FX2_V001, ViewLayer | Synchronizing object | Fan1_blade_-1_2
Fra:1 Mem:160.53M (Peak 160.75M) | Time:00:00.15 | Mem:0.00M, Peak:0.00M | CISCO_N9K_C9336C_FX2_V001, ViewLayer | Synchronizing object | Fan1_blade_-1_1
Fra:1 Mem:160.53M (Peak 160.75M) | Time:00:00.15 | Mem:0.00M, Peak:0.00M | CISCO_N9K_C9336C_FX2_V001, ViewLayer | Synchronizing object | Fan1_blade_-1_0
Fra:1 Mem:160.53M (Peak 160.75M) | Time:00:00.15 | Mem:0.00M, Peak:0.00M | CISCO_N9K_C9336C_FX2_V001, ViewLayer | Synchronizing object | Fan1_hub_-1
Fra:1 Mem:160.54M (Peak 160.75M) | Time:00:00.15 | Mem:0.00M, Peak:0.00M | CISCO_N9K_C9336C_FX2_V001, ViewLayer | Synchronizing object | Fan1_rotor_housing_-1
Fra:1 Mem:160.54M (Peak 160.75M) | Time:00:00.15 | Mem:0.00M, Peak:0.00M | CISCO_N9K_C9336C_FX2_V001, ViewLayer | Synchronizing object | Port02_subtle_recessed_contact_row
Fra:1 Mem:160.56M (Peak 160.75M) | Time:00:00.15 | Mem:0.00M, Peak:0.00M | CISCO_N9K_C9336C_FX2_V001, ViewLayer | Synchronizing object | Port02_spring_1_2.8
Fra:1 Mem:160.57M (Peak 160.75M) | Time:00:00.15 | Mem:0.00M, Peak:0.00M | CISCO_N9K_C9336C_FX2_V001, ViewLayer | Synchronizing object | Port02_spring_1_0
Fra:1 Mem:160.59M (Peak 160.75M) | Time:00:00.15 | Mem:0.00M, Peak:0.00M | CISCO_N9K_C9336C_FX2_V001, ViewLayer | Synchronizing object | Port02_spring_1_-2.8
Fra:1 Mem:160.60M (Peak 160.75M) | Time:00:00.15 | Mem:0.00M, Peak:0.00M | CISCO_N9K_C9336C_FX2_V001, ViewLayer | Synchronizing object | Port02_guide_1_4.25
Fra:1 Mem:160.62M (Peak 160.75M) | Time:00:00.15 | Mem:0.00M, Peak:0.00M | CISCO_N9K_C9336C_FX2_V001, ViewLayer | Synchronizing object | Port02_guide_1_-4.25
Fra:1 Mem:160.63M (Peak 160.75M) | Time:00:00.15 | Mem:0.00M, Peak:0.00M | CISCO_N9K_C9336C_FX2_V001, ViewLayer | Synchronizing object | Port02_spring_-1_2.8
Fra:1 Mem:160.65M (Peak 160.75M) | Time:00:00.15 | Mem:0.00M, Peak:0.00M | CISCO_N9K_C9336C_FX2_V001, ViewLayer | Synchronizing object | Port02_spring_-1_0
Fra:1 Mem:160.66M (Peak 160.75M) | Time:00:00.15 | Mem:0.00M, Peak:0.00M | CISCO_N9K_C9336C_FX2_V001, ViewLayer | Synchronizing object | Port02_spring_-1_-2.8
Fra:1 Mem:160.68M (Peak 160.75M) | Time:00:00.15 | Mem:0.00M, Peak:0.00M | CISCO_N9K_C9336C_FX2_V001, ViewLayer | Synchronizing object | Port02_guide_-1_4.25
Fra:1 Mem:160.69M (Peak 160.75M) | Time:00:00.15 | Mem:0.00M, Peak:0.00M | CISCO_N9K_C9336C_FX2_V001, ViewLayer | Synchronizing object | Port02_guide_-1_-4.25
Fra:1 Mem:160.70M (Peak 160.75M) | Time:00:00.15 | Mem:0.00M, Peak:0.00M | CISCO_N9K_C9336C_FX2_V001, ViewLayer | Synchronizing object | Port02_connector_contact_surround
Fra:1 Mem:160.71M (Peak 160.75M) | Time:00:00.15 | Mem:0.00M, Peak:0.00M | CISCO_N9K_C9336C_FX2_V001, ViewLayer | Synchronizing object | Port02_recessed_connector_stop
Fra:1 Mem:160.72M (Peak 160.75M) | Time:00:00.15 | Mem:0.00M, Peak:0.00M | CISCO_N9K_C9336C_FX2_V001, ViewLayer | Synchronizing object | Port01_subtle_recessed_contact_row
Fra:1 Mem:160.73M (Peak 160.75M) | Time:00:00.15 | Mem:0.00M, Peak:0.00M | CISCO_N9K_C9336C_FX2_V001, ViewLayer | Synchronizing object | Port01_spring_1_2.8
Fra:1 Mem:160.75M (Peak 160.75M) | Time:00:00.15 | Mem:0.00M, Peak:0.00M | CISCO_N9K_C9336C_FX2_V001, ViewLayer | Synchronizing object | Port01_spring_1_0
Fra:1 Mem:160.76M (Peak 160.76M) | Time:00:00.15 | Mem:0.00M, Peak:0.00M | CISCO_N9K_C9336C_FX2_V001, ViewLayer | Synchronizing object | Port01_spring_1_-2.8
Fra:1 Mem:160.78M (Peak 160.78M) | Time:00:00.15 | Mem:0.00M, Peak:0.00M | CISCO_N9K_C9336C_FX2_V001, ViewLayer | Synchronizing object | Port01_guide_1_4.25
Fra:1 Mem:160.79M (Peak 160.79M) | Time:00:00.15 | Mem:0.00M, Peak:0.00M | CISCO_N9K_C9336C_FX2_V001, ViewLayer | Synchronizing object | Port01_guide_1_-4.25
Fra:1 Mem:160.81M (Peak 160.81M) | Time:00:00.15 | Mem:0.00M, Peak:0.00M | CISCO_N9K_C9336C_FX2_V001, ViewLayer | Synchronizing object | Port01_spring_-1_2.8
Fra:1 Mem:160.82M (Peak 160.82M) | Time:00:00.15 | Mem:0.00M, Peak:0.00M | CISCO_N9K_C9336C_FX2_V001, ViewLayer | Synchronizing object | Port01_spring_-1_0
Fra:1 Mem:160.84M (Peak 160.84M) | Time:00:00.15 | Mem:0.00M, Peak:0.00M | CISCO_N9K_C9336C_FX2_V001, ViewLayer | Synchronizing object | Port01_spring_-1_-2.8
Fra:1 Mem:160.85M (Peak 160.85M) | Time:00:00.15 | Mem:0.00M, Peak:0.00M | CISCO_N9K_C9336C_FX2_V001, ViewLayer | Synchronizing object | Port01_guide_-1_4.25
Fra:1 Mem:160.86M (Peak 160.86M) | Time:00:00.15 | Mem:0.00M, Peak:0.00M | CISCO_N9K_C9336C_FX2_V001, ViewLayer | Synchronizing object | Port01_guide_-1_-4.25
Fra:1 Mem:160.88M (Peak 160.88M) | Time:00:00.15 | Mem:0.00M, Peak:0.00M | CISCO_N9K_C9336C_FX2_V001, ViewLayer | Synchronizing object | Port01_connector_contact_surround
Fra:1 Mem:160.89M (Peak 160.89M) | Time:00:00.15 | Mem:0.00M, Peak:0.00M | CISCO_N9K_C9336C_FX2_V001, ViewLayer | Synchronizing object | Port01_recessed_connector_stop
Fra:1 Mem:160.89M (Peak 160.89M) | Time:00:00.15 | Mem:0.00M, Peak:0.00M | CISCO_N9K_C9336C_FX2_V001, ViewLayer | Synchronizing object | Pair01_internal_cooling_shelf
Fra:1 Mem:160.90M (Peak 160.90M) | Time:00:00.15 | Mem:0.00M, Peak:0.00M | CISCO_N9K_C9336C_FX2_V001, ViewLayer | Synchronizing object | Pair01_front_separator_true_perforations
Fra:1 Mem:161.21M (Peak 161.21M) | Time:00:00.15 | Mem:0.00M, Peak:0.00M | CISCO_N9K_C9336C_FX2_V001, ViewLayer | Synchronizing object | Pair01_stainless_shell_29mm_deep
Fra:1 Mem:161.23M (Peak 161.23M) | Time:00:00.15 | Mem:0.00M, Peak:0.00M | CISCO_N9K_C9336C_FX2_V001, ViewLayer | Synchronizing object | RIGHT_ear_M4_-256_32.8
Fra:1 Mem:161.25M (Peak 161.25M) | Time:00:00.15 | Mem:0.00M, Peak:0.00M | CISCO_N9K_C9336C_FX2_V001, ViewLayer | Synchronizing object | RIGHT_ear_M4_-256_10.8
Fra:1 Mem:161.27M (Peak 161.27M) | Time:00:00.15 | Mem:0.00M, Peak:0.00M | CISCO_N9K_C9336C_FX2_V001, ViewLayer | Synchronizing object | RIGHT_ear_M4_-284_32.8
Fra:1 Mem:161.29M (Peak 161.29M) | Time:00:00.15 | Mem:0.00M, Peak:0.00M | CISCO_N9K_C9336C_FX2_V001, ViewLayer | Synchronizing object | RIGHT_ear_M4_-284_10.8
Fra:1 Mem:161.31M (Peak 161.31M) | Time:00:00.15 | Mem:0.00M, Peak:0.00M | CISCO_N9K_C9336C_FX2_V001, ViewLayer | Synchronizing object | RIGHT_EAR_bent_opaque_solid_with_true_bores
Fra:1 Mem:162.05M (Peak 162.31M) | Time:00:00.16 | Mem:0.00M, Peak:0.00M | CISCO_N9K_C9336C_FX2_V001, ViewLayer | Synchronizing object | LEFT_ear_M4_-256_32.8
Fra:1 Mem:162.07M (Peak 162.31M) | Time:00:00.16 | Mem:0.00M, Peak:0.00M | CISCO_N9K_C9336C_FX2_V001, ViewLayer | Synchronizing object | LEFT_ear_M4_-256_10.8
Fra:1 Mem:162.09M (Peak 162.31M) | Time:00:00.16 | Mem:0.00M, Peak:0.00M | CISCO_N9K_C9336C_FX2_V001, ViewLayer | Synchronizing object | LEFT_ear_M4_-284_32.8
Fra:1 Mem:162.11M (Peak 162.31M) | Time:00:00.16 | Mem:0.00M, Peak:0.00M | CISCO_N9K_C9336C_FX2_V001, ViewLayer | Synchronizing object | LEFT_ear_M4_-284_10.8
Fra:1 Mem:162.13M (Peak 162.31M) | Time:00:00.16 | Mem:0.00M, Peak:0.00M | CISCO_N9K_C9336C_FX2_V001, ViewLayer | Synchronizing object | LEFT_EAR_bent_opaque_solid_with_true_bores
Fra:1 Mem:162.88M (Peak 163.13M) | Time:00:00.16 | Mem:0.00M, Peak:0.00M | CISCO_N9K_C9336C_FX2_V001, ViewLayer | Synchronizing object | Port_face_solid_punched_panel
Fra:1 Mem:172.63M (Peak 175.96M) | Time:00:00.25 | Mem:0.00M, Peak:0.00M | CISCO_N9K_C9336C_FX2_V001, ViewLayer | Synchronizing object | Lid_flush_Phillips_00
Fra:1 Mem:172.65M (Peak 175.96M) | Time:00:00.25 | Mem:0.00M, Peak:0.00M | CISCO_N9K_C9336C_FX2_V001, ViewLayer | Synchronizing object | Rear_module_divider_-160
Fra:1 Mem:172.67M (Peak 175.96M) | Time:00:00.25 | Mem:0.00M, Peak:0.00M | CISCO_N9K_C9336C_FX2_V001, ViewLayer | Synchronizing object | Rear_module_divider_-110
Fra:1 Mem:172.68M (Peak 175.96M) | Time:00:00.25 | Mem:0.00M, Peak:0.00M | CISCO_N9K_C9336C_FX2_V001, ViewLayer | Synchronizing object | Rear_module_divider_-20
Fra:1 Mem:172.70M (Peak 175.96M) | Time:00:00.25 | Mem:0.00M, Peak:0.00M | CISCO_N9K_C9336C_FX2_V001, ViewLayer | Synchronizing object | Rear_module_divider_70
Fra:1 Mem:172.71M (Peak 175.96M) | Time:00:00.25 | Mem:0.00M, Peak:0.00M | CISCO_N9K_C9336C_FX2_V001, ViewLayer | Synchronizing object | Rear_module_divider_160
Fra:1 Mem:172.73M (Peak 175.96M) | Time:00:00.25 | Mem:0.00M, Peak:0.00M | CISCO_N9K_C9336C_FX2_V001, ViewLayer | Synchronizing object | Rear_side_rim_218.46
Fra:1 Mem:172.73M (Peak 175.96M) | Time:00:00.25 | Mem:0.00M, Peak:0.00M | CISCO_N9K_C9336C_FX2_V001, ViewLayer | Synchronizing object | Rear_side_rim_-218.46
Fra:1 Mem:172.73M (Peak 175.96M) | Time:00:00.25 | Mem:0.00M, Peak:0.00M | CISCO_N9K_C9336C_FX2_V001, ViewLayer | Synchronizing object | Rear_horizontal_rim_42.438
Fra:1 Mem:172.73M (Peak 175.96M) | Time:00:00.25 | Mem:0.00M, Peak:0.00M | CISCO_N9K_C9336C_FX2_V001, ViewLayer | Synchronizing object | Rear_horizontal_rim_1.25
Fra:1 Mem:172.73M (Peak 175.96M) | Time:00:00.25 | Mem:0.00M, Peak:0.00M | CISCO_N9K_C9336C_FX2_V001, ViewLayer | Synchronizing object | Interior_under_port_vent_baffle
Fra:1 Mem:172.73M (Peak 175.96M) | Time:00:00.25 | Mem:0.00M, Peak:0.00M | CISCO_N9K_C9336C_FX2_V001, ViewLayer | Synchronizing object | Lid_vent_side_border_1
Fra:1 Mem:172.74M (Peak 175.96M) | Time:00:00.25 | Mem:0.00M, Peak:0.00M | CISCO_N9K_C9336C_FX2_V001, ViewLayer | Synchronizing object | Lid_vent_side_border_-1
Fra:1 Mem:172.74M (Peak 181.78M) | Time:00:00.34 | Mem:0.00M, Peak:0.00M | CISCO_N9K_C9336C_FX2_V001, ViewLayer | Initializing
Fra:1 Mem:168.28M (Peak 181.78M) | Time:00:00.35 | Mem:0.00M, Peak:0.00M | CISCO_N9K_C9336C_FX2_V001, ViewLayer | Updating Images | Loading NWR_original_chassis_label_baked
Fra:1 Mem:168.28M (Peak 181.78M) | Time:00:00.35 | Mem:0.00M, Peak:0.00M | CISCO_N9K_C9336C_FX2_V001, ViewLayer | Updating Images | Loading chassis-satin-nickel-roughness
Fra:1 Mem:170.80M (Peak 181.78M) | Time:00:00.36 | Mem:1.00M, Peak:1.00M | CISCO_N9K_C9336C_FX2_V001, ViewLayer | Updating Images | Loading metal-micro-normal
Fra:1 Mem:171.80M (Peak 181.78M) | Time:00:00.37 | Mem:2.50M, Peak:2.50M | CISCO_N9K_C9336C_FX2_V001, ViewLayer | Updating Images | Loading dark-grille-metal-roughness
Fra:1 Mem:172.80M (Peak 181.78M) | Time:00:00.38 | Mem:3.50M, Peak:3.50M | CISCO_N9K_C9336C_FX2_V001, ViewLayer | Updating Images | Loading cage-stainless-steel-roughness
Fra:1 Mem:173.80M (Peak 181.78M) | Time:00:00.38 | Mem:4.50M, Peak:4.50M | CISCO_N9K_C9336C_FX2_V001, ViewLayer | Updating Images | Loading fastener-steel-roughness
Fra:1 Mem:174.80M (Peak 181.78M) | Time:00:00.39 | Mem:5.50M, Peak:5.50M | CISCO_N9K_C9336C_FX2_V001, ViewLayer | Updating Images | Loading zinc-plated-brackets-roughness
Fra:1 Mem:155.35M (Peak 181.78M) | Time:00:00.42 | Mem:7.50M, Peak:7.50M | CISCO_N9K_C9336C_FX2_V001, ViewLayer | Waiting for render to start
Fra:1 Mem:155.35M (Peak 181.78M) | Time:00:00.42 | Mem:7.50M, Peak:7.50M | CISCO_N9K_C9336C_FX2_V001, ViewLayer | Loading render kernels (may take a few minutes the first time)
Fra:1 Mem:155.35M (Peak 181.78M) | Time:00:00.42 | Mem:7.50M, Peak:7.50M | CISCO_N9K_C9336C_FX2_V001, ViewLayer | Updating Scene
Fra:1 Mem:155.35M (Peak 181.78M) | Time:00:00.42 | Mem:7.50M, Peak:7.50M | CISCO_N9K_C9336C_FX2_V001, ViewLayer | Updating Shaders
Fra:1 Mem:155.44M (Peak 181.78M) | Time:00:00.42 | Mem:7.51M, Peak:7.51M | CISCO_N9K_C9336C_FX2_V001, ViewLayer | Updating Procedurals
Fra:1 Mem:155.44M (Peak 181.78M) | Time:00:00.42 | Mem:7.51M, Peak:7.51M | CISCO_N9K_C9336C_FX2_V001, ViewLayer | Updating Background
Fra:1 Mem:155.44M (Peak 181.78M) | Time:00:00.42 | Mem:7.51M, Peak:7.51M | CISCO_N9K_C9336C_FX2_V001, ViewLayer | Updating Camera
Fra:1 Mem:155.44M (Peak 181.78M) | Time:00:00.42 | Mem:7.51M, Peak:7.51M | CISCO_N9K_C9336C_FX2_V001, ViewLayer | Updating Meshes Flags
Fra:1 Mem:155.44M (Peak 181.78M) | Time:00:00.42 | Mem:7.51M, Peak:7.51M | CISCO_N9K_C9336C_FX2_V001, ViewLayer | Updating Objects
Fra:1 Mem:155.44M (Peak 181.78M) | Time:00:00.42 | Mem:7.51M, Peak:7.51M | CISCO_N9K_C9336C_FX2_V001, ViewLayer | Updating Objects | Copying Transformations to device
Fra:1 Mem:155.67M (Peak 181.78M) | Time:00:00.43 | Mem:7.73M, Peak:7.73M | CISCO_N9K_C9336C_FX2_V001, ViewLayer | Updating Objects | Applying Static Transformations
Fra:1 Mem:155.67M (Peak 181.78M) | Time:00:00.43 | Mem:7.73M, Peak:7.73M | CISCO_N9K_C9336C_FX2_V001, ViewLayer | Updating Particle Systems
Fra:1 Mem:155.67M (Peak 181.78M) | Time:00:00.43 | Mem:7.73M, Peak:7.73M | CISCO_N9K_C9336C_FX2_V001, ViewLayer | Updating Particle Systems | Copying Particles to device
Fra:1 Mem:155.67M (Peak 181.78M) | Time:00:00.43 | Mem:7.73M, Peak:7.73M | CISCO_N9K_C9336C_FX2_V001, ViewLayer | Updating Meshes
Fra:1 Mem:161.56M (Peak 181.78M) | Time:00:00.45 | Mem:7.73M, Peak:7.73M | CISCO_N9K_C9336C_FX2_V001, ViewLayer | Updating Mesh | Computing attributes
Fra:1 Mem:187.97M (Peak 187.97M) | Time:00:00.52 | Mem:7.77M, Peak:7.77M | CISCO_N9K_C9336C_FX2_V001, ViewLayer | Updating Mesh | Copying Attributes to device
Fra:1 Mem:187.85M (Peak 187.97M) | Time:00:00.52 | Mem:34.02M, Peak:34.02M | CISCO_N9K_C9336C_FX2_V001, ViewLayer | Updating Geometry BVH Port02_subtle_recessed_contact_row 30/30 | Building BVH
Fra:1 Mem:187.85M (Peak 187.97M) | Time:00:00.52 | Mem:34.03M, Peak:34.03M | CISCO_N9K_C9336C_FX2_V001, ViewLayer | Updating Geometry BVH Port02_subtle_recessed_contact_row 30/30 | Building BVH 0%
Fra:1 Mem:187.85M (Peak 187.97M) | Time:00:00.52 | Mem:34.04M, Peak:34.05M | CISCO_N9K_C9336C_FX2_V001, ViewLayer | Updating Geometry BVH Port02_spring_1_2.8 29/30 | Building BVH
Fra:1 Mem:187.85M (Peak 187.97M) | Time:00:00.52 | Mem:34.05M, Peak:34.05M | CISCO_N9K_C9336C_FX2_V001, ViewLayer | Updating Geometry BVH Port02_spring_1_0 28/30 | Building BVH
Fra:1 Mem:187.85M (Peak 187.97M) | Time:00:00.52 | Mem:34.06M, Peak:34.06M | CISCO_N9K_C9336C_FX2_V001, ViewLayer | Updating Geometry BVH Port02_spring_1_-2.8 27/30 | Building BVH
Fra:1 Mem:187.85M (Peak 187.97M) | Time:00:00.52 | Mem:34.07M, Peak:34.07M | CISCO_N9K_C9336C_FX2_V001, ViewLayer | Updating Geometry BVH Port02_guide_1_4.25 26/30 | Building BVH
Fra:1 Mem:187.85M (Peak 187.97M) | Time:00:00.52 | Mem:34.08M, Peak:34.08M | CISCO_N9K_C9336C_FX2_V001, ViewLayer | Updating Geometry BVH Port02_guide_1_-4.25 25/30 | Building BVH
Fra:1 Mem:187.85M (Peak 187.97M) | Time:00:00.52 | Mem:34.09M, Peak:34.09M | CISCO_N9K_C9336C_FX2_V001, ViewLayer | Updating Geometry BVH Port02_spring_-1_2.8 24/30 | Building BVH
Fra:1 Mem:187.85M (Peak 187.97M) | Time:00:00.52 | Mem:34.10M, Peak:34.10M | CISCO_N9K_C9336C_FX2_V001, ViewLayer | Updating Geometry BVH Port02_spring_-1_0 23/30 | Building BVH
Fra:1 Mem:187.85M (Peak 187.97M) | Time:00:00.52 | Mem:34.11M, Peak:34.11M | CISCO_N9K_C9336C_FX2_V001, ViewLayer | Updating Geometry BVH Port02_spring_-1_-2.8 22/30 | Building BVH
Fra:1 Mem:187.85M (Peak 187.97M) | Time:00:00.52 | Mem:34.12M, Peak:34.12M | CISCO_N9K_C9336C_FX2_V001, ViewLayer | Updating Geometry BVH Port02_guide_-1_4.25 21/30 | Building BVH
Fra:1 Mem:187.85M (Peak 187.97M) | Time:00:00.52 | Mem:34.13M, Peak:34.13M | CISCO_N9K_C9336C_FX2_V001, ViewLayer | Updating Geometry BVH Port02_guide_-1_-4.25 20/30 | Building BVH
Fra:1 Mem:187.85M (Peak 187.97M) | Time:00:00.52 | Mem:34.14M, Peak:34.14M | CISCO_N9K_C9336C_FX2_V001, ViewLayer | Updating Geometry BVH Port02_connector_contact_surround 19/30 | Building BVH
Fra:1 Mem:187.85M (Peak 187.97M) | Time:00:00.52 | Mem:34.15M, Peak:34.16M | CISCO_N9K_C9336C_FX2_V001, ViewLayer | Updating Geometry BVH Port02_recessed_connector_stop 18/30 | Building BVH
Fra:1 Mem:187.85M (Peak 187.97M) | Time:00:00.52 | Mem:34.16M, Peak:34.17M | CISCO_N9K_C9336C_FX2_V001, ViewLayer | Updating Geometry BVH Port01_subtle_recessed_contact_row 17/30 | Building BVH
Fra:1 Mem:187.85M (Peak 187.97M) | Time:00:00.52 | Mem:34.19M, Peak:34.19M | CISCO_N9K_C9336C_FX2_V001, ViewLayer | Updating Geometry BVH Port01_spring_1_2.8 16/30 | Building BVH
Fra:1 Mem:187.85M (Peak 187.97M) | Time:00:00.52 | Mem:34.20M, Peak:34.20M | CISCO_N9K_C9336C_FX2_V001, ViewLayer | Updating Geometry BVH Port01_spring_1_0 15/30 | Building BVH
Fra:1 Mem:187.85M (Peak 187.97M) | Time:00:00.52 | Mem:34.21M, Peak:34.21M | CISCO_N9K_C9336C_FX2_V001, ViewLayer | Updating Geometry BVH Port01_spring_1_-2.8 14/30 | Building BVH
Fra:1 Mem:187.85M (Peak 187.97M) | Time:00:00.52 | Mem:34.22M, Peak:34.22M | CISCO_N9K_C9336C_FX2_V001, ViewLayer | Updating Geometry BVH Port01_guide_1_4.25 13/30 | Building BVH
Fra:1 Mem:187.85M (Peak 187.97M) | Time:00:00.52 | Mem:34.23M, Peak:34.23M | CISCO_N9K_C9336C_FX2_V001, ViewLayer | Updating Geometry BVH Port01_guide_1_-4.25 12/30 | Building BVH
Fra:1 Mem:187.85M (Peak 187.97M) | Time:00:00.52 | Mem:34.24M, Peak:34.24M | CISCO_N9K_C9336C_FX2_V001, ViewLayer | Updating Geometry BVH Lid_flush_Phillips_00 1/30 | Building BVH
Fra:1 Mem:187.85M (Peak 187.97M) | Time:00:00.52 | Mem:34.24M, Peak:34.24M | CISCO_N9K_C9336C_FX2_V001, ViewLayer | Updating Geometry BVH Port01_spring_-1_2.8 11/30 | Building BVH
Fra:1 Mem:187.85M (Peak 187.97M) | Time:00:00.52 | Mem:34.25M, Peak:34.25M | CISCO_N9K_C9336C_FX2_V001, ViewLayer | Updating Geometry BVH Port01_spring_-1_0 10/30 | Building BVH
Fra:1 Mem:187.85M (Peak 187.97M) | Time:00:00.52 | Mem:34.26M, Peak:34.26M | CISCO_N9K_C9336C_FX2_V001, ViewLayer | Updating Geometry BVH Port01_spring_-1_-2.8 9/30 | Building BVH
Fra:1 Mem:187.85M (Peak 187.97M) | Time:00:00.52 | Mem:34.28M, Peak:34.28M | CISCO_N9K_C9336C_FX2_V001, ViewLayer | Updating Geometry BVH Port01_guide_-1_4.25 8/30 | Building BVH
Fra:1 Mem:187.85M (Peak 187.97M) | Time:00:00.52 | Mem:34.29M, Peak:34.29M | CISCO_N9K_C9336C_FX2_V001, ViewLayer | Updating Geometry BVH Port01_guide_-1_-4.25 7/30 | Building BVH
Fra:1 Mem:187.85M (Peak 187.97M) | Time:00:00.52 | Mem:34.30M, Peak:34.30M | CISCO_N9K_C9336C_FX2_V001, ViewLayer | Updating Geometry BVH Pair01_stainless_shell_29mm_deep 2/30 | Building BVH
Fra:1 Mem:187.85M (Peak 187.97M) | Time:00:00.52 | Mem:34.30M, Peak:34.30M | CISCO_N9K_C9336C_FX2_V001, ViewLayer | Updating Geometry BVH Port01_connector_contact_surround 6/30 | Building BVH
Fra:1 Mem:187.85M (Peak 187.97M) | Time:00:00.52 | Mem:34.32M, Peak:34.33M | CISCO_N9K_C9336C_FX2_V001, ViewLayer | Updating Geometry BVH Pair01_front_separator_true_perforations 3/30 | Building BVH
Fra:1 Mem:187.85M (Peak 187.97M) | Time:00:00.52 | Mem:34.32M, Peak:34.33M | CISCO_N9K_C9336C_FX2_V001, ViewLayer | Updating Geometry BVH Port01_recessed_connector_stop 5/30 | Building BVH
Fra:1 Mem:187.85M (Peak 187.97M) | Time:00:00.52 | Mem:34.40M, Peak:34.41M | CISCO_N9K_C9336C_FX2_V001, ViewLayer | Updating Geometry BVH Pair01_internal_cooling_shelf 4/30 | Building BVH
Fra:1 Mem:187.85M (Peak 187.97M) | Time:00:00.52 | Mem:34.49M, Peak:34.56M | CISCO_N9K_C9336C_FX2_V001, ViewLayer | Updating Scene BVH | Building
Fra:1 Mem:187.86M (Peak 187.97M) | Time:00:00.52 | Mem:34.49M, Peak:34.56M | CISCO_N9K_C9336C_FX2_V001, ViewLayer | Updating Scene BVH | Building BVH
Fra:1 Mem:187.86M (Peak 187.97M) | Time:00:00.65 | Mem:58.89M, Peak:70.50M | CISCO_N9K_C9336C_FX2_V001, ViewLayer | Updating Scene BVH | Copying BVH to device
Fra:1 Mem:187.86M (Peak 187.97M) | Time:00:00.65 | Mem:58.89M, Peak:70.50M | CISCO_N9K_C9336C_FX2_V001, ViewLayer | Updating Mesh | Computing normals
Fra:1 Mem:201.06M (Peak 201.06M) | Time:00:00.66 | Mem:58.89M, Peak:70.50M | CISCO_N9K_C9336C_FX2_V001, ViewLayer | Updating Mesh | Copying Mesh to device
Fra:1 Mem:201.06M (Peak 201.06M) | Time:00:00.66 | Mem:72.10M, Peak:72.10M | CISCO_N9K_C9336C_FX2_V001, ViewLayer | Updating Objects Flags
Fra:1 Mem:201.06M (Peak 201.06M) | Time:00:00.66 | Mem:72.11M, Peak:72.11M | CISCO_N9K_C9336C_FX2_V001, ViewLayer | Updating Primitive Offsets
Fra:1 Mem:201.06M (Peak 201.06M) | Time:00:00.66 | Mem:72.11M, Peak:72.11M | CISCO_N9K_C9336C_FX2_V001, ViewLayer | Updating Images
Fra:1 Mem:201.06M (Peak 201.06M) | Time:00:00.66 | Mem:72.11M, Peak:72.11M | CISCO_N9K_C9336C_FX2_V001, ViewLayer | Updating Camera Volume
Fra:1 Mem:201.06M (Peak 201.06M) | Time:00:00.66 | Mem:72.11M, Peak:72.11M | CISCO_N9K_C9336C_FX2_V001, ViewLayer | Updating Lookup Tables
Fra:1 Mem:201.06M (Peak 201.06M) | Time:00:00.66 | Mem:72.19M, Peak:72.19M | CISCO_N9K_C9336C_FX2_V001, ViewLayer | Updating Lights
Fra:1 Mem:201.06M (Peak 201.06M) | Time:00:00.66 | Mem:72.19M, Peak:72.19M | CISCO_N9K_C9336C_FX2_V001, ViewLayer | Updating Lights | Computing distribution
Fra:1 Mem:201.06M (Peak 201.06M) | Time:00:00.66 | Mem:72.19M, Peak:72.19M | CISCO_N9K_C9336C_FX2_V001, ViewLayer | Updating Lights | Computing tree
Fra:1 Mem:201.07M (Peak 201.07M) | Time:00:00.66 | Mem:72.20M, Peak:72.20M | CISCO_N9K_C9336C_FX2_V001, ViewLayer | Updating Integrator
Fra:1 Mem:202.07M (Peak 202.07M) | Time:00:00.66 | Mem:73.20M, Peak:73.20M | CISCO_N9K_C9336C_FX2_V001, ViewLayer | Updating Film
Fra:1 Mem:202.08M (Peak 202.08M) | Time:00:00.66 | Mem:73.12M, Peak:73.20M | CISCO_N9K_C9336C_FX2_V001, ViewLayer | Updating Lookup Tables
Fra:1 Mem:202.08M (Peak 202.08M) | Time:00:00.66 | Mem:73.20M, Peak:73.20M | CISCO_N9K_C9336C_FX2_V001, ViewLayer | Updating Baking
Fra:1 Mem:202.08M (Peak 202.08M) | Time:00:00.66 | Mem:73.20M, Peak:73.20M | CISCO_N9K_C9336C_FX2_V001, ViewLayer | Updating Device | Writing constant memory
Fra:1 Mem:202.09M (Peak 202.09M) | Time:00:00.66 | Mem:73.20M, Peak:73.20M | CISCO_N9K_C9336C_FX2_V001, ViewLayer | Sample 0/40
Fra:1 Mem:238.15M (Peak 238.15M) | Time:00:01.84 | Remaining:00:45.90 | Mem:109.26M, Peak:109.26M | CISCO_N9K_C9336C_FX2_V001, ViewLayer | Sample 1/40
Fra:1 Mem:238.15M (Peak 238.15M) | Time:00:37.04 | Remaining:00:07.71 | Mem:109.26M, Peak:109.26M | CISCO_N9K_C9336C_FX2_V001, ViewLayer | Sample 33/40
Fra:1 Mem:254.17M (Peak 286.22M) | Time:00:45.19 | Mem:109.26M, Peak:109.26M | CISCO_N9K_C9336C_FX2_V001, ViewLayer | Sample 40/40
Fra:1 Mem:254.17M (Peak 286.22M) | Time:00:45.19 | Mem:109.26M, Peak:109.26M | CISCO_N9K_C9336C_FX2_V001, ViewLayer | Finished
Saved: '/root/Project/rack-device-3d/Cisco-N9KC9336C-FX2/v001/qa/original-shell-top-transparent.png'
Time: 00:45.82 (Saving: 00:00.60)

BlenderMCP: cannot start server in background mode (blender -b) - commands would never execute
BlenderMCP: run Blender with a GUI, or use a virtual display: xvfb-run -a blender
BlenderMCP addon registered
SHELL_ALPHA original top
Fra:1 Mem:129.54M (Peak 129.54M) | Time:00:00.07 | Mem:0.00M, Peak:0.00M | CISCO_N9K_C9336C_FX2_V001, ViewLayer | Synchronizing object | INFERRED_Bottom_folded_sheet
Fra:1 Mem:129.55M (Peak 129.55M) | Time:00:00.07 | Mem:0.00M, Peak:0.00M | CISCO_N9K_C9336C_FX2_V001, ViewLayer | Synchronizing object | LEFT_sidewall_with_mounting_provisions
Fra:1 Mem:129.73M (Peak 129.73M) | Time:00:00.07 | Mem:0.00M, Peak:0.00M | CISCO_N9K_C9336C_FX2_V001, ViewLayer | Synchronizing object | RIGHT_sidewall_with_mounting_provisions
Fra:1 Mem:129.90M (Peak 129.90M) | Time:00:00.07 | Mem:0.00M, Peak:0.00M | CISCO_N9K_C9336C_FX2_V001, ViewLayer | Synchronizing object | Top_lid_main_sheet
Fra:1 Mem:130.17M (Peak 130.17M) | Time:00:00.07 | Mem:0.00M, Peak:0.00M | CISCO_N9K_C9336C_FX2_V001, ViewLayer | Synchronizing object | Lid_port_edge_fold
Fra:1 Mem:130.18M (Peak 130.18M) | Time:00:00.08 | Mem:0.00M, Peak:0.00M | CISCO_N9K_C9336C_FX2_V001, ViewLayer | Synchronizing object | Lid_staggered_punched_vent_2028_through_holes
Fra:1 Mem:142.29M (Peak 142.29M) | Time:00:00.08 | Mem:0.00M, Peak:0.00M | CISCO_N9K_C9336C_FX2_V001, ViewLayer | Synchronizing object | Original_photo_top_chassis_label
Fra:1 Mem:142.29M (Peak 142.29M) | Time:00:00.08 | Mem:0.00M, Peak:0.00M | CISCO_N9K_C9336C_FX2_V001, ViewLayer | Synchronizing object | Port_pair_18_direction_1
Fra:1 Mem:142.29M (Peak 142.29M) | Time:00:00.08 | Mem:0.00M, Peak:0.00M | CISCO_N9K_C9336C_FX2_V001, ViewLayer | Synchronizing object | Port_pair_18_direction_-1
Fra:1 Mem:142.29M (Peak 142.29M) | Time:00:00.08 | Mem:0.00M, Peak:0.00M | CISCO_N9K_C9336C_FX2_V001, ViewLayer | Synchronizing object | PORT_NUMBER_36
Fra:1 Mem:142.30M (Peak 142.30M) | Time:00:00.08 | Mem:0.00M, Peak:0.00M | CISCO_N9K_C9336C_FX2_V001, ViewLayer | Synchronizing object | PORT_NUMBER_35
Fra:1 Mem:142.30M (Peak 142.30M) | Time:00:00.08 | Mem:0.00M, Peak:0.00M | CISCO_N9K_C9336C_FX2_V001, ViewLayer | Synchronizing object | Port_pair_17_direction_1
Fra:1 Mem:142.31M (Peak 142.31M) | Time:00:00.08 | Mem:0.00M, Peak:0.00M | CISCO_N9K_C9336C_FX2_V001, ViewLayer | Synchronizing object | Port_pair_17_direction_-1
Fra:1 Mem:142.31M (Peak 142.31M) | Time:00:00.08 | Mem:0.00M, Peak:0.00M | CISCO_N9K_C9336C_FX2_V001, ViewLayer | Synchronizing object | PORT_NUMBER_34
Fra:1 Mem:142.31M (Peak 142.31M) | Time:00:00.08 | Mem:0.00M, Peak:0.00M | CISCO_N9K_C9336C_FX2_V001, ViewLayer | Synchronizing object | PORT_NUMBER_33
Fra:1 Mem:142.32M (Peak 142.32M) | Time:00:00.08 | Mem:0.00M, Peak:0.00M | CISCO_N9K_C9336C_FX2_V001, ViewLayer | Synchronizing object | Port_pair_16_direction_1
Fra:1 Mem:142.32M (Peak 142.32M) | Time:00:00.08 | Mem:0.00M, Peak:0.00M | CISCO_N9K_C9336C_FX2_V001, ViewLayer | Synchronizing object | Port_pair_16_direction_-1
Fra:1 Mem:142.32M (Peak 142.32M) | Time:00:00.08 | Mem:0.00M, Peak:0.00M | CISCO_N9K_C9336C_FX2_V001, ViewLayer | Synchronizing object | PORT_NUMBER_32
Fra:1 Mem:142.33M (Peak 142.33M) | Time:00:00.08 | Mem:0.00M, Peak:0.00M | CISCO_N9K_C9336C_FX2_V001, ViewLayer | Synchronizing object | PORT_NUMBER_31
Fra:1 Mem:142.33M (Peak 142.33M) | Time:00:00.08 | Mem:0.00M, Peak:0.00M | CISCO_N9K_C9336C_FX2_V001, ViewLayer | Synchronizing object | Port_pair_15_direction_1
Fra:1 Mem:142.34M (Peak 142.34M) | Time:00:00.08 | Mem:0.00M, Peak:0.00M | CISCO_N9K_C9336C_FX2_V001, ViewLayer | Synchronizing object | Port_pair_15_direction_-1
Fra:1 Mem:142.34M (Peak 142.34M) | Time:00:00.08 | Mem:0.00M, Peak:0.00M | CISCO_N9K_C9336C_FX2_V001, ViewLayer | Synchronizing object | PORT_NUMBER_30
Fra:1 Mem:142.34M (Peak 142.34M) | Time:00:00.08 | Mem:0.00M, Peak:0.00M | CISCO_N9K_C9336C_FX2_V001, ViewLayer | Synchronizing object | PORT_NUMBER_29
Fra:1 Mem:142.35M (Peak 142.35M) | Time:00:00.08 | Mem:0.00M, Peak:0.00M | CISCO_N9K_C9336C_FX2_V001, ViewLayer | Synchronizing object | Port_pair_14_direction_1
Fra:1 Mem:142.35M (Peak 142.35M) | Time:00:00.08 | Mem:0.00M, Peak:0.00M | CISCO_N9K_C9336C_FX2_V001, ViewLayer | Synchronizing object | Port_pair_14_direction_-1
Fra:1 Mem:142.35M (Peak 142.35M) | Time:00:00.08 | Mem:0.00M, Peak:0.00M | CISCO_N9K_C9336C_FX2_V001, ViewLayer | Synchronizing object | PORT_NUMBER_28
Fra:1 Mem:142.36M (Peak 142.36M) | Time:00:00.08 | Mem:0.00M, Peak:0.00M | CISCO_N9K_C9336C_FX2_V001, ViewLayer | Synchronizing object | PORT_NUMBER_27
Fra:1 Mem:142.37M (Peak 142.37M) | Time:00:00.08 | Mem:0.00M, Peak:0.00M | CISCO_N9K_C9336C_FX2_V001, ViewLayer | Synchronizing object | Port_pair_13_direction_1
Fra:1 Mem:142.37M (Peak 142.37M) | Time:00:00.08 | Mem:0.00M, Peak:0.00M | CISCO_N9K_C9336C_FX2_V001, ViewLayer | Synchronizing object | Port_pair_13_direction_-1
Fra:1 Mem:142.37M (Peak 142.37M) | Time:00:00.08 | Mem:0.00M, Peak:0.00M | CISCO_N9K_C9336C_FX2_V001, ViewLayer | Synchronizing object | PORT_NUMBER_26
Fra:1 Mem:142.38M (Peak 142.38M) | Time:00:00.08 | Mem:0.00M, Peak:0.00M | CISCO_N9K_C9336C_FX2_V001, ViewLayer | Synchronizing object | PORT_NUMBER_25
Fra:1 Mem:142.38M (Peak 142.38M) | Time:00:00.08 | Mem:0.00M, Peak:0.00M | CISCO_N9K_C9336C_FX2_V001, ViewLayer | Synchronizing object | Port_pair_12_direction_1
Fra:1 Mem:142.38M (Peak 142.38M) | Time:00:00.08 | Mem:0.00M, Peak:0.00M | CISCO_N9K_C9336C_FX2_V001, ViewLayer | Synchronizing object | Port_pair_12_direction_-1
Fra:1 Mem:142.38M (Peak 142.38M) | Time:00:00.08 | Mem:0.00M, Peak:0.00M | CISCO_N9K_C9336C_FX2_V001, ViewLayer | Synchronizing object | PORT_NUMBER_24
Fra:1 Mem:142.39M (Peak 142.39M) | Time:00:00.08 | Mem:0.00M, Peak:0.00M | CISCO_N9K_C9336C_FX2_V001, ViewLayer | Synchronizing object | PORT_NUMBER_23
Fra:1 Mem:142.40M (Peak 142.40M) | Time:00:00.08 | Mem:0.00M, Peak:0.00M | CISCO_N9K_C9336C_FX2_V001, ViewLayer | Synchronizing object | Port_pair_11_direction_1
Fra:1 Mem:142.40M (Peak 142.40M) | Time:00:00.08 | Mem:0.00M, Peak:0.00M | CISCO_N9K_C9336C_FX2_V001, ViewLayer | Synchronizing object | Port_pair_11_direction_-1
Fra:1 Mem:142.40M (Peak 142.40M) | Time:00:00.08 | Mem:0.00M, Peak:0.00M | CISCO_N9K_C9336C_FX2_V001, ViewLayer | Synchronizing object | PORT_NUMBER_22
Fra:1 Mem:142.40M (Peak 142.40M) | Time:00:00.08 | Mem:0.00M, Peak:0.00M | CISCO_N9K_C9336C_FX2_V001, ViewLayer | Synchronizing object | PORT_NUMBER_21
Fra:1 Mem:142.41M (Peak 142.41M) | Time:00:00.08 | Mem:0.00M, Peak:0.00M | CISCO_N9K_C9336C_FX2_V001, ViewLayer | Synchronizing object | Port_pair_10_direction_1
Fra:1 Mem:142.41M (Peak 142.41M) | Time:00:00.08 | Mem:0.00M, Peak:0.00M | CISCO_N9K_C9336C_FX2_V001, ViewLayer | Synchronizing object | Port_pair_10_direction_-1
Fra:1 Mem:142.41M (Peak 142.41M) | Time:00:00.08 | Mem:0.00M, Peak:0.00M | CISCO_N9K_C9336C_FX2_V001, ViewLayer | Synchronizing object | PORT_NUMBER_20
Fra:1 Mem:142.42M (Peak 142.42M) | Time:00:00.08 | Mem:0.00M, Peak:0.00M | CISCO_N9K_C9336C_FX2_V001, ViewLayer | Synchronizing object | PORT_NUMBER_19
Fra:1 Mem:142.42M (Peak 142.42M) | Time:00:00.08 | Mem:0.00M, Peak:0.00M | CISCO_N9K_C9336C_FX2_V001, ViewLayer | Synchronizing object | Port_pair_9_direction_1
Fra:1 Mem:142.42M (Peak 142.42M) | Time:00:00.08 | Mem:0.00M, Peak:0.00M | CISCO_N9K_C9336C_FX2_V001, ViewLayer | Synchronizing object | Port_pair_9_direction_-1
Fra:1 Mem:142.42M (Peak 142.42M) | Time:00:00.08 | Mem:0.00M, Peak:0.00M | CISCO_N9K_C9336C_FX2_V001, ViewLayer | Synchronizing object | PORT_NUMBER_18
Fra:1 Mem:142.43M (Peak 142.43M) | Time:00:00.08 | Mem:0.00M, Peak:0.00M | CISCO_N9K_C9336C_FX2_V001, ViewLayer | Synchronizing object | PORT_NUMBER_17
Fra:1 Mem:142.43M (Peak 142.43M) | Time:00:00.08 | Mem:0.00M, Peak:0.00M | CISCO_N9K_C9336C_FX2_V001, ViewLayer | Synchronizing object | Port_pair_8_direction_1
Fra:1 Mem:142.43M (Peak 142.43M) | Time:00:00.08 | Mem:0.00M, Peak:0.00M | CISCO_N9K_C9336C_FX2_V001, ViewLayer | Synchronizing object | Port_pair_8_direction_-1
Fra:1 Mem:142.43M (Peak 142.43M) | Time:00:00.08 | Mem:0.00M, Peak:0.00M | CISCO_N9K_C9336C_FX2_V001, ViewLayer | Synchronizing object | PORT_NUMBER_16
Fra:1 Mem:142.44M (Peak 142.44M) | Time:00:00.08 | Mem:0.00M, Peak:0.00M | CISCO_N9K_C9336C_FX2_V001, ViewLayer | Synchronizing object | PORT_NUMBER_15
Fra:1 Mem:142.44M (Peak 142.44M) | Time:00:00.08 | Mem:0.00M, Peak:0.00M | CISCO_N9K_C9336C_FX2_V001, ViewLayer | Synchronizing object | Port_pair_7_direction_1
Fra:1 Mem:142.44M (Peak 142.44M) | Time:00:00.08 | Mem:0.00M, Peak:0.00M | CISCO_N9K_C9336C_FX2_V001, ViewLayer | Synchronizing object | Port_pair_7_direction_-1
Fra:1 Mem:142.44M (Peak 142.44M) | Time:00:00.08 | Mem:0.00M, Peak:0.00M | CISCO_N9K_C9336C_FX2_V001, ViewLayer | Synchronizing object | PORT_NUMBER_14
Fra:1 Mem:142.44M (Peak 142.44M) | Time:00:00.08 | Mem:0.00M, Peak:0.00M | CISCO_N9K_C9336C_FX2_V001, ViewLayer | Synchronizing object | PORT_NUMBER_13
Fra:1 Mem:142.45M (Peak 142.45M) | Time:00:00.08 | Mem:0.00M, Peak:0.00M | CISCO_N9K_C9336C_FX2_V001, ViewLayer | Synchronizing object | Port_pair_6_direction_1
Fra:1 Mem:142.45M (Peak 142.45M) | Time:00:00.08 | Mem:0.00M, Peak:0.00M | CISCO_N9K_C9336C_FX2_V001, ViewLayer | Synchronizing object | Port_pair_6_direction_-1
Fra:1 Mem:142.45M (Peak 142.45M) | Time:00:00.08 | Mem:0.00M, Peak:0.00M | CISCO_N9K_C9336C_FX2_V001, ViewLayer | Synchronizing object | PORT_NUMBER_12
Fra:1 Mem:142.45M (Peak 142.45M) | Time:00:00.08 | Mem:0.00M, Peak:0.00M | CISCO_N9K_C9336C_FX2_V001, ViewLayer | Synchronizing object | PORT_NUMBER_11
Fra:1 Mem:142.45M (Peak 142.45M) | Time:00:00.08 | Mem:0.00M, Peak:0.00M | CISCO_N9K_C9336C_FX2_V001, ViewLayer | Synchronizing object | Port_pair_5_direction_1
Fra:1 Mem:142.45M (Peak 142.45M) | Time:00:00.08 | Mem:0.00M, Peak:0.00M | CISCO_N9K_C9336C_FX2_V001, ViewLayer | Synchronizing object | Port_pair_5_direction_-1
Fra:1 Mem:142.45M (Peak 142.45M) | Time:00:00.08 | Mem:0.00M, Peak:0.00M | CISCO_N9K_C9336C_FX2_V001, ViewLayer | Synchronizing object | PORT_NUMBER_10
Fra:1 Mem:142.46M (Peak 142.46M) | Time:00:00.08 | Mem:0.00M, Peak:0.00M | CISCO_N9K_C9336C_FX2_V001, ViewLayer | Synchronizing object | PORT_NUMBER_09
Fra:1 Mem:142.46M (Peak 142.46M) | Time:00:00.08 | Mem:0.00M, Peak:0.00M | CISCO_N9K_C9336C_FX2_V001, ViewLayer | Synchronizing object | Port_pair_4_direction_1
Fra:1 Mem:142.46M (Peak 142.46M) | Time:00:00.08 | Mem:0.00M, Peak:0.00M | CISCO_N9K_C9336C_FX2_V001, ViewLayer | Synchronizing object | Port_pair_4_direction_-1
Fra:1 Mem:142.46M (Peak 142.46M) | Time:00:00.08 | Mem:0.00M, Peak:0.00M | CISCO_N9K_C9336C_FX2_V001, ViewLayer | Synchronizing object | PORT_NUMBER_08
Fra:1 Mem:142.47M (Peak 142.47M) | Time:00:00.08 | Mem:0.00M, Peak:0.00M | CISCO_N9K_C9336C_FX2_V001, ViewLayer | Synchronizing object | PORT_NUMBER_07
Fra:1 Mem:142.47M (Peak 142.47M) | Time:00:00.08 | Mem:0.00M, Peak:0.00M | CISCO_N9K_C9336C_FX2_V001, ViewLayer | Synchronizing object | Port_pair_3_direction_1
Fra:1 Mem:142.47M (Peak 142.47M) | Time:00:00.08 | Mem:0.00M, Peak:0.00M | CISCO_N9K_C9336C_FX2_V001, ViewLayer | Synchronizing object | Port_pair_3_direction_-1
Fra:1 Mem:142.47M (Peak 142.47M) | Time:00:00.08 | Mem:0.00M, Peak:0.00M | CISCO_N9K_C9336C_FX2_V001, ViewLayer | Synchronizing object | PORT_NUMBER_06
Fra:1 Mem:142.48M (Peak 142.48M) | Time:00:00.08 | Mem:0.00M, Peak:0.00M | CISCO_N9K_C9336C_FX2_V001, ViewLayer | Synchronizing object | PORT_NUMBER_05
Fra:1 Mem:142.48M (Peak 142.48M) | Time:00:00.08 | Mem:0.00M, Peak:0.00M | CISCO_N9K_C9336C_FX2_V001, ViewLayer | Synchronizing object | Port_pair_2_direction_1
Fra:1 Mem:142.48M (Peak 142.48M) | Time:00:00.08 | Mem:0.00M, Peak:0.00M | CISCO_N9K_C9336C_FX2_V001, ViewLayer | Synchronizing object | Port_pair_2_direction_-1
Fra:1 Mem:142.48M (Peak 142.48M) | Time:00:00.08 | Mem:0.00M, Peak:0.00M | CISCO_N9K_C9336C_FX2_V001, ViewLayer | Synchronizing object | PORT_NUMBER_04
Fra:1 Mem:142.48M (Peak 142.48M) | Time:00:00.08 | Mem:0.00M, Peak:0.00M | CISCO_N9K_C9336C_FX2_V001, ViewLayer | Synchronizing object | PORT_NUMBER_03
Fra:1 Mem:142.49M (Peak 142.49M) | Time:00:00.08 | Mem:0.00M, Peak:0.00M | CISCO_N9K_C9336C_FX2_V001, ViewLayer | Synchronizing object | Port_pair_1_direction_1
Fra:1 Mem:142.49M (Peak 142.49M) | Time:00:00.08 | Mem:0.00M, Peak:0.00M | CISCO_N9K_C9336C_FX2_V001, ViewLayer | Synchronizing object | Port_pair_1_direction_-1
Fra:1 Mem:142.49M (Peak 142.49M) | Time:00:00.08 | Mem:0.00M, Peak:0.00M | CISCO_N9K_C9336C_FX2_V001, ViewLayer | Synchronizing object | PORT_NUMBER_02
Fra:1 Mem:142.49M (Peak 142.49M) | Time:00:00.08 | Mem:0.00M, Peak:0.00M | CISCO_N9K_C9336C_FX2_V001, ViewLayer | Synchronizing object | PORT_NUMBER_01
Fra:1 Mem:142.49M (Peak 142.49M) | Time:00:00.08 | Mem:0.00M, Peak:0.00M | CISCO_N9K_C9336C_FX2_V001, ViewLayer | Synchronizing object | Correct_factory_PID
Fra:1 Mem:142.53M (Peak 142.53M) | Time:00:00.08 | Mem:0.00M, Peak:0.00M | CISCO_N9K_C9336C_FX2_V001, ViewLayer | Synchronizing object | Cisco_product_family_line_2
Fra:1 Mem:142.54M (Peak 142.54M) | Time:00:00.08 | Mem:0.00M, Peak:0.00M | CISCO_N9K_C9336C_FX2_V001, ViewLayer | Synchronizing object | Cisco_product_family_line_1
Fra:1 Mem:142.55M (Peak 142.55M) | Time:00:00.08 | Mem:0.00M, Peak:0.00M | CISCO_N9K_C9336C_FX2_V001, ViewLayer | Synchronizing object | Cisco_brand_wordmark
Fra:1 Mem:142.57M (Peak 142.57M) | Time:00:00.08 | Mem:0.00M, Peak:0.00M | CISCO_N9K_C9336C_FX2_V001, ViewLayer | Synchronizing object | Cisco_bridge_bar_9
Fra:1 Mem:142.57M (Peak 142.57M) | Time:00:00.08 | Mem:0.00M, Peak:0.00M | CISCO_N9K_C9336C_FX2_V001, ViewLayer | Synchronizing object | Cisco_bridge_bar_8
Fra:1 Mem:142.57M (Peak 142.57M) | Time:00:00.08 | Mem:0.00M, Peak:0.00M | CISCO_N9K_C9336C_FX2_V001, ViewLayer | Synchronizing object | Cisco_bridge_bar_7
Fra:1 Mem:142.58M (Peak 142.58M) | Time:00:00.08 | Mem:0.00M, Peak:0.00M | CISCO_N9K_C9336C_FX2_V001, ViewLayer | Synchronizing object | Cisco_bridge_bar_6
Fra:1 Mem:142.58M (Peak 142.58M) | Time:00:00.08 | Mem:0.00M, Peak:0.00M | CISCO_N9K_C9336C_FX2_V001, ViewLayer | Synchronizing object | Cisco_bridge_bar_5
Fra:1 Mem:142.58M (Peak 142.58M) | Time:00:00.08 | Mem:0.00M, Peak:0.00M | CISCO_N9K_C9336C_FX2_V001, ViewLayer | Synchronizing object | Cisco_bridge_bar_4
Fra:1 Mem:142.59M (Peak 142.59M) | Time:00:00.08 | Mem:0.00M, Peak:0.00M | CISCO_N9K_C9336C_FX2_V001, ViewLayer | Synchronizing object | Cisco_bridge_bar_3
Fra:1 Mem:142.59M (Peak 142.59M) | Time:00:00.08 | Mem:0.00M, Peak:0.00M | CISCO_N9K_C9336C_FX2_V001, ViewLayer | Synchronizing object | Cisco_bridge_bar_2
Fra:1 Mem:142.60M (Peak 142.60M) | Time:00:00.08 | Mem:0.00M, Peak:0.00M | CISCO_N9K_C9336C_FX2_V001, ViewLayer | Synchronizing object | Cisco_bridge_bar_1
Fra:1 Mem:142.60M (Peak 142.60M) | Time:00:00.08 | Mem:0.00M, Peak:0.00M | CISCO_N9K_C9336C_FX2_V001, ViewLayer | Synchronizing object | LS_selector_text
Fra:1 Mem:142.60M (Peak 142.60M) | Time:00:00.08 | Mem:0.00M, Peak:0.00M | CISCO_N9K_C9336C_FX2_V001, ViewLayer | Synchronizing object | LS_selector_metal_button
Fra:1 Mem:142.76M (Peak 142.76M) | Time:00:00.09 | Mem:0.00M, Peak:0.00M | CISCO_N9K_C9336C_FX2_V001, ViewLayer | Synchronizing object | LS_selector_black_surround
Fra:1 Mem:142.77M (Peak 142.77M) | Time:00:00.09 | Mem:0.00M, Peak:0.00M | CISCO_N9K_C9336C_FX2_V001, ViewLayer | Synchronizing object | FRONT_4_legend
Fra:1 Mem:142.77M (Peak 142.77M) | Time:00:00.09 | Mem:0.00M, Peak:0.00M | CISCO_N9K_C9336C_FX2_V001, ViewLayer | Synchronizing object | FRONT_4_unpowered_lens
Fra:1 Mem:142.80M (Peak 142.80M) | Time:00:00.09 | Mem:0.00M, Peak:0.00M | CISCO_N9K_C9336C_FX2_V001, ViewLayer | Synchronizing object | FRONT_3_legend
Fra:1 Mem:142.80M (Peak 142.80M) | Time:00:00.09 | Mem:0.00M, Peak:0.00M | CISCO_N9K_C9336C_FX2_V001, ViewLayer | Synchronizing object | FRONT_3_unpowered_lens
Fra:1 Mem:142.83M (Peak 142.83M) | Time:00:00.09 | Mem:0.00M, Peak:0.00M | CISCO_N9K_C9336C_FX2_V001, ViewLayer | Synchronizing object | FRONT_2_legend
Fra:1 Mem:142.83M (Peak 142.83M) | Time:00:00.09 | Mem:0.00M, Peak:0.00M | CISCO_N9K_C9336C_FX2_V001, ViewLayer | Synchronizing object | FRONT_2_unpowered_lens
Fra:1 Mem:151.91M (Peak 151.91M) | Time:00:00.09 | Mem:0.00M, Peak:0.00M | CISCO_N9K_C9336C_FX2_V001, ViewLayer | Synchronizing object | FRONT_1_legend
Fra:1 Mem:151.91M (Peak 151.91M) | Time:00:00.09 | Mem:0.00M, Peak:0.00M | CISCO_N9K_C9336C_FX2_V001, ViewLayer | Synchronizing object | FRONT_1_unpowered_lens
Fra:1 Mem:151.93M (Peak 151.93M) | Time:00:00.09 | Mem:0.00M, Peak:0.00M | CISCO_N9K_C9336C_FX2_V001, ViewLayer | Synchronizing object | FRONT_ENV_legend
Fra:1 Mem:151.94M (Peak 151.94M) | Time:00:00.09 | Mem:0.00M, Peak:0.00M | CISCO_N9K_C9336C_FX2_V001, ViewLayer | Synchronizing object | FRONT_ENV_unpowered_lens
Fra:1 Mem:151.96M (Peak 151.96M) | Time:00:00.09 | Mem:0.00M, Peak:0.00M | CISCO_N9K_C9336C_FX2_V001, ViewLayer | Synchronizing object | FRONT_STS_legend
Fra:1 Mem:151.98M (Peak 151.98M) | Time:00:00.09 | Mem:0.00M, Peak:0.00M | CISCO_N9K_C9336C_FX2_V001, ViewLayer | Synchronizing object | FRONT_STS_unpowered_lens
Fra:1 Mem:152.00M (Peak 152.00M) | Time:00:00.09 | Mem:0.00M, Peak:0.00M | CISCO_N9K_C9336C_FX2_V001, ViewLayer | Synchronizing object | FRONT_BCN_legend
Fra:1 Mem:152.01M (Peak 152.01M) | Time:00:00.09 | Mem:0.00M, Peak:0.00M | CISCO_N9K_C9336C_FX2_V001, ViewLayer | Synchronizing object | FRONT_BCN_unpowered_lens
Fra:1 Mem:152.04M (Peak 152.04M) | Time:00:00.09 | Mem:0.00M, Peak:0.00M | CISCO_N9K_C9336C_FX2_V001, ViewLayer | Synchronizing object | Rear_P2_arrow_legend
Fra:1 Mem:152.04M (Peak 152.04M) | Time:00:00.09 | Mem:0.00M, Peak:0.00M | CISCO_N9K_C9336C_FX2_V001, ViewLayer | Synchronizing object | USB_symbol_branch_B
Fra:1 Mem:152.04M (Peak 152.04M) | Time:00:00.09 | Mem:0.00M, Peak:0.00M | CISCO_N9K_C9336C_FX2_V001, ViewLayer | Synchronizing object | USB_symbol_branch_A
Fra:1 Mem:152.05M (Peak 152.05M) | Time:00:00.09 | Mem:0.00M, Peak:0.00M | CISCO_N9K_C9336C_FX2_V001, ViewLayer | Synchronizing object | USB_symbol_stem
Fra:1 Mem:152.05M (Peak 152.05M) | Time:00:00.09 | Mem:0.00M, Peak:0.00M | CISCO_N9K_C9336C_FX2_V001, ViewLayer | Synchronizing object | Console_terminal_symbol
Fra:1 Mem:152.05M (Peak 152.05M) | Time:00:00.09 | Mem:0.00M, Peak:0.00M | CISCO_N9K_C9336C_FX2_V001, ViewLayer | Synchronizing object | SFP_management_symbol_line.003
Fra:1 Mem:152.05M (Peak 152.05M) | Time:00:00.09 | Mem:0.00M, Peak:0.00M | CISCO_N9K_C9336C_FX2_V001, ViewLayer | Synchronizing object | SFP_management_symbol_line.002
Fra:1 Mem:152.05M (Peak 152.05M) | Time:00:00.09 | Mem:0.00M, Peak:0.00M | CISCO_N9K_C9336C_FX2_V001, ViewLayer | Synchronizing object | SFP_management_symbol_line.001
Fra:1 Mem:152.05M (Peak 152.05M) | Time:00:00.09 | Mem:0.00M, Peak:0.00M | CISCO_N9K_C9336C_FX2_V001, ViewLayer | Synchronizing object | SFP_management_symbol_line
Fra:1 Mem:152.05M (Peak 152.05M) | Time:00:00.09 | Mem:0.00M, Peak:0.00M | CISCO_N9K_C9336C_FX2_V001, ViewLayer | Synchronizing object | SFP_management_symbol_node_1.25
Fra:1 Mem:152.06M (Peak 152.06M) | Time:00:00.09 | Mem:0.00M, Peak:0.00M | CISCO_N9K_C9336C_FX2_V001, ViewLayer | Synchronizing object | SFP_management_symbol_node_-1.25
Fra:1 Mem:152.07M (Peak 152.07M) | Time:00:00.09 | Mem:0.00M, Peak:0.00M | CISCO_N9K_C9336C_FX2_V001, ViewLayer | Synchronizing object | SFP_management_symbol_node_0
Fra:1 Mem:152.07M (Peak 152.07M) | Time:00:00.09 | Mem:0.00M, Peak:0.00M | CISCO_N9K_C9336C_FX2_V001, ViewLayer | Synchronizing object | RJ45_management_symbol_line.003
Fra:1 Mem:152.07M (Peak 152.07M) | Time:00:00.09 | Mem:0.00M, Peak:0.00M | CISCO_N9K_C9336C_FX2_V001, ViewLayer | Synchronizing object | RJ45_management_symbol_line.002
Fra:1 Mem:152.07M (Peak 152.07M) | Time:00:00.09 | Mem:0.00M, Peak:0.00M | CISCO_N9K_C9336C_FX2_V001, ViewLayer | Synchronizing object | RJ45_management_symbol_line.001
Fra:1 Mem:152.07M (Peak 152.07M) | Time:00:00.09 | Mem:0.00M, Peak:0.00M | CISCO_N9K_C9336C_FX2_V001, ViewLayer | Synchronizing object | RJ45_management_symbol_line
Fra:1 Mem:152.08M (Peak 152.08M) | Time:00:00.09 | Mem:0.00M, Peak:0.00M | CISCO_N9K_C9336C_FX2_V001, ViewLayer | Synchronizing object | RJ45_management_symbol_node_1.25
Fra:1 Mem:152.08M (Peak 152.08M) | Time:00:00.09 | Mem:0.00M, Peak:0.00M | CISCO_N9K_C9336C_FX2_V001, ViewLayer | Synchronizing object | RJ45_management_symbol_node_-1.25
Fra:1 Mem:152.09M (Peak 152.09M) | Time:00:00.09 | Mem:0.00M, Peak:0.00M | CISCO_N9K_C9336C_FX2_V001, ViewLayer | Synchronizing object | RJ45_management_symbol_node_0
Fra:1 Mem:152.09M (Peak 152.09M) | Time:00:00.09 | Mem:0.00M, Peak:0.00M | CISCO_N9K_C9336C_FX2_V001, ViewLayer | Synchronizing object | Rear_service_retention_screw
Fra:1 Mem:152.11M (Peak 152.11M) | Time:00:00.09 | Mem:0.00M, Peak:0.00M | CISCO_N9K_C9336C_FX2_V001, ViewLayer | Synchronizing object | REAR_STS_legend
Fra:1 Mem:152.12M (Peak 152.12M) | Time:00:00.09 | Mem:0.00M, Peak:0.00M | CISCO_N9K_C9336C_FX2_V001, ViewLayer | Synchronizing object | REAR_STS_unpowered_indicator
Fra:1 Mem:152.13M (Peak 152.13M) | Time:00:00.09 | Mem:0.00M, Peak:0.00M | CISCO_N9K_C9336C_FX2_V001, ViewLayer | Synchronizing object | REAR_BCN_legend
Fra:1 Mem:152.13M (Peak 152.13M) | Time:00:00.09 | Mem:0.00M, Peak:0.00M | CISCO_N9K_C9336C_FX2_V001, ViewLayer | Synchronizing object | REAR_BCN_unpowered_indicator
Fra:1 Mem:152.14M (Peak 152.14M) | Time:00:00.09 | Mem:0.00M, Peak:0.00M | CISCO_N9K_C9336C_FX2_V001, ViewLayer | Synchronizing object | USB_A_contact_3
Fra:1 Mem:152.14M (Peak 152.14M) | Time:00:00.09 | Mem:0.00M, Peak:0.00M | CISCO_N9K_C9336C_FX2_V001, ViewLayer | Synchronizing object | USB_A_contact_2
Fra:1 Mem:152.15M (Peak 152.15M) | Time:00:00.09 | Mem:0.00M, Peak:0.00M | CISCO_N9K_C9336C_FX2_V001, ViewLayer | Synchronizing object | USB_A_contact_1
Fra:1 Mem:152.15M (Peak 152.15M) | Time:00:00.09 | Mem:0.00M, Peak:0.00M | CISCO_N9K_C9336C_FX2_V001, ViewLayer | Synchronizing object | USB_A_contact_0
Fra:1 Mem:152.16M (Peak 152.16M) | Time:00:00.09 | Mem:0.00M, Peak:0.00M | CISCO_N9K_C9336C_FX2_V001, ViewLayer | Synchronizing object | USB_A_black_tongue
Fra:1 Mem:152.16M (Peak 152.16M) | Time:00:00.09 | Mem:0.00M, Peak:0.00M | CISCO_N9K_C9336C_FX2_V001, ViewLayer | Synchronizing object | USB_A_deep_stop
Fra:1 Mem:152.16M (Peak 152.16M) | Time:00:00.09 | Mem:0.00M, Peak:0.00M | CISCO_N9K_C9336C_FX2_V001, ViewLayer | Synchronizing object | USB_A_metal_shell
Fra:1 Mem:152.18M (Peak 152.18M) | Time:00:00.09 | Mem:0.00M, Peak:0.00M | CISCO_N9K_C9336C_FX2_V001, ViewLayer | Synchronizing object | Mgmt_SFP_contact_9
Fra:1 Mem:152.18M (Peak 152.18M) | Time:00:00.09 | Mem:0.00M, Peak:0.00M | CISCO_N9K_C9336C_FX2_V001, ViewLayer | Synchronizing object | Mgmt_SFP_contact_8
Fra:1 Mem:152.18M (Peak 152.18M) | Time:00:00.09 | Mem:0.00M, Peak:0.00M | CISCO_N9K_C9336C_FX2_V001, ViewLayer | Synchronizing object | Mgmt_SFP_contact_7
Fra:1 Mem:152.18M (Peak 152.18M) | Time:00:00.09 | Mem:0.00M, Peak:0.00M | CISCO_N9K_C9336C_FX2_V001, ViewLayer | Synchronizing object | Mgmt_SFP_contact_6
Fra:1 Mem:152.18M (Peak 152.18M) | Time:00:00.09 | Mem:0.00M, Peak:0.00M | CISCO_N9K_C9336C_FX2_V001, ViewLayer | Synchronizing object | Mgmt_SFP_contact_5
Fra:1 Mem:152.18M (Peak 152.18M) | Time:00:00.09 | Mem:0.00M, Peak:0.00M | CISCO_N9K_C9336C_FX2_V001, ViewLayer | Synchronizing object | Mgmt_SFP_contact_4
Fra:1 Mem:152.18M (Peak 152.18M) | Time:00:00.09 | Mem:0.00M, Peak:0.00M | CISCO_N9K_C9336C_FX2_V001, ViewLayer | Synchronizing object | Mgmt_SFP_contact_3
Fra:1 Mem:152.18M (Peak 152.18M) | Time:00:00.09 | Mem:0.00M, Peak:0.00M | CISCO_N9K_C9336C_FX2_V001, ViewLayer | Synchronizing object | Mgmt_SFP_contact_2
Fra:1 Mem:152.18M (Peak 152.18M) | Time:00:00.09 | Mem:0.00M, Peak:0.00M | CISCO_N9K_C9336C_FX2_V001, ViewLayer | Synchronizing object | Mgmt_SFP_contact_1
Fra:1 Mem:152.19M (Peak 152.19M) | Time:00:00.09 | Mem:0.00M, Peak:0.00M | CISCO_N9K_C9336C_FX2_V001, ViewLayer | Synchronizing object | Mgmt_SFP_contact_0
Fra:1 Mem:152.19M (Peak 152.19M) | Time:00:00.09 | Mem:0.00M, Peak:0.00M | CISCO_N9K_C9336C_FX2_V001, ViewLayer | Synchronizing object | Mgmt_SFP_guide_5.8
Fra:1 Mem:152.20M (Peak 152.20M) | Time:00:00.09 | Mem:0.00M, Peak:0.00M | CISCO_N9K_C9336C_FX2_V001, ViewLayer | Synchronizing object | Mgmt_SFP_guide_-5.8
Fra:1 Mem:152.21M (Peak 152.21M) | Time:00:00.09 | Mem:0.00M, Peak:0.00M | CISCO_N9K_C9336C_FX2_V001, ViewLayer | Synchronizing object | Mgmt_SFP_recessed_connector_stop
Fra:1 Mem:152.21M (Peak 152.21M) | Time:00:00.09 | Mem:0.00M, Peak:0.00M | CISCO_N9K_C9336C_FX2_V001, ViewLayer | Synchronizing object | Mgmt_SFP_deep_metal_cage
Fra:1 Mem:152.23M (Peak 152.23M) | Time:00:00.09 | Mem:0.00M, Peak:0.00M | CISCO_N9K_C9336C_FX2_V001, ViewLayer | Synchronizing object | MANAGEMENT_RJ45_unpowered_corner_LED_5.6
Fra:1 Mem:152.24M (Peak 152.24M) | Time:00:00.09 | Mem:0.00M, Peak:0.00M | CISCO_N9K_C9336C_FX2_V001, ViewLayer | Synchronizing object | MANAGEMENT_RJ45_unpowered_corner_LED_-5.6
Fra:1 Mem:152.24M (Peak 152.24M) | Time:00:00.09 | Mem:0.00M, Peak:0.00M | CISCO_N9K_C9336C_FX2_V001, ViewLayer | Synchronizing object | MANAGEMENT_RJ45_contact_7
Fra:1 Mem:152.24M (Peak 152.24M) | Time:00:00.09 | Mem:0.00M, Peak:0.00M | CISCO_N9K_C9336C_FX2_V001, ViewLayer | Synchronizing object | MANAGEMENT_RJ45_contact_6
Fra:1 Mem:152.25M (Peak 152.25M) | Time:00:00.09 | Mem:0.00M, Peak:0.00M | CISCO_N9K_C9336C_FX2_V001, ViewLayer | Synchronizing object | MANAGEMENT_RJ45_contact_5
Fra:1 Mem:152.25M (Peak 152.25M) | Time:00:00.09 | Mem:0.00M, Peak:0.00M | CISCO_N9K_C9336C_FX2_V001, ViewLayer | Synchronizing object | MANAGEMENT_RJ45_contact_4
Fra:1 Mem:152.26M (Peak 152.26M) | Time:00:00.09 | Mem:0.00M, Peak:0.00M | CISCO_N9K_C9336C_FX2_V001, ViewLayer | Synchronizing object | MANAGEMENT_RJ45_contact_3
Fra:1 Mem:152.26M (Peak 152.26M) | Time:00:00.09 | Mem:0.00M, Peak:0.00M | CISCO_N9K_C9336C_FX2_V001, ViewLayer | Synchronizing object | MANAGEMENT_RJ45_contact_2
Fra:1 Mem:152.27M (Peak 152.27M) | Time:00:00.09 | Mem:0.00M, Peak:0.00M | CISCO_N9K_C9336C_FX2_V001, ViewLayer | Synchronizing object | MANAGEMENT_RJ45_contact_1
Fra:1 Mem:152.27M (Peak 152.27M) | Time:00:00.09 | Mem:0.00M, Peak:0.00M | CISCO_N9K_C9336C_FX2_V001, ViewLayer | Synchronizing object | MANAGEMENT_RJ45_contact_0
Fra:1 Mem:152.27M (Peak 152.27M) | Time:00:00.09 | Mem:0.00M, Peak:0.00M | CISCO_N9K_C9336C_FX2_V001, ViewLayer | Synchronizing object | MANAGEMENT_RJ45_deep_connector_stop
Fra:1 Mem:152.28M (Peak 152.28M) | Time:00:00.09 | Mem:0.00M, Peak:0.00M | CISCO_N9K_C9336C_FX2_V001, ViewLayer | Synchronizing object | MANAGEMENT_RJ45_keyed_plastic_body
Fra:1 Mem:152.28M (Peak 152.28M) | Time:00:00.09 | Mem:0.00M, Peak:0.00M | CISCO_N9K_C9336C_FX2_V001, ViewLayer | Synchronizing object | MANAGEMENT_RJ45_metal_shield
Fra:1 Mem:152.30M (Peak 152.30M) | Time:00:00.09 | Mem:0.00M, Peak:0.00M | CISCO_N9K_C9336C_FX2_V001, ViewLayer | Synchronizing object | CONSOLE_RJ45_unpowered_corner_LED_5.6
Fra:1 Mem:152.30M (Peak 152.30M) | Time:00:00.09 | Mem:0.00M, Peak:0.00M | CISCO_N9K_C9336C_FX2_V001, ViewLayer | Synchronizing object | CONSOLE_RJ45_unpowered_corner_LED_-5.6
Fra:1 Mem:152.30M (Peak 152.30M) | Time:00:00.09 | Mem:0.00M, Peak:0.00M | CISCO_N9K_C9336C_FX2_V001, ViewLayer | Synchronizing object | CONSOLE_RJ45_contact_7
Fra:1 Mem:152.31M (Peak 152.31M) | Time:00:00.09 | Mem:0.00M, Peak:0.00M | CISCO_N9K_C9336C_FX2_V001, ViewLayer | Synchronizing object | CONSOLE_RJ45_contact_6
Fra:1 Mem:152.31M (Peak 152.31M) | Time:00:00.09 | Mem:0.00M, Peak:0.00M | CISCO_N9K_C9336C_FX2_V001, ViewLayer | Synchronizing object | CONSOLE_RJ45_contact_5
Fra:1 Mem:152.32M (Peak 152.32M) | Time:00:00.09 | Mem:0.00M, Peak:0.00M | CISCO_N9K_C9336C_FX2_V001, ViewLayer | Synchronizing object | CONSOLE_RJ45_contact_4
Fra:1 Mem:152.32M (Peak 152.32M) | Time:00:00.09 | Mem:0.00M, Peak:0.00M | CISCO_N9K_C9336C_FX2_V001, ViewLayer | Synchronizing object | CONSOLE_RJ45_contact_3
Fra:1 Mem:152.33M (Peak 152.33M) | Time:00:00.09 | Mem:0.00M, Peak:0.00M | CISCO_N9K_C9336C_FX2_V001, ViewLayer | Synchronizing object | CONSOLE_RJ45_contact_2
Fra:1 Mem:152.33M (Peak 152.33M) | Time:00:00.09 | Mem:0.00M, Peak:0.00M | CISCO_N9K_C9336C_FX2_V001, ViewLayer | Synchronizing object | CONSOLE_RJ45_contact_1
Fra:1 Mem:152.33M (Peak 152.33M) | Time:00:00.09 | Mem:0.00M, Peak:0.00M | CISCO_N9K_C9336C_FX2_V001, ViewLayer | Synchronizing object | CONSOLE_RJ45_contact_0
Fra:1 Mem:152.34M (Peak 152.34M) | Time:00:00.09 | Mem:0.00M, Peak:0.00M | CISCO_N9K_C9336C_FX2_V001, ViewLayer | Synchronizing object | CONSOLE_RJ45_deep_connector_stop
Fra:1 Mem:152.34M (Peak 152.34M) | Time:00:00.09 | Mem:0.00M, Peak:0.00M | CISCO_N9K_C9336C_FX2_V001, ViewLayer | Synchronizing object | CONSOLE_RJ45_keyed_plastic_body
Fra:1 Mem:152.34M (Peak 152.34M) | Time:00:00.09 | Mem:0.00M, Peak:0.00M | CISCO_N9K_C9336C_FX2_V001, ViewLayer | Synchronizing object | CONSOLE_RJ45_metal_shield
Fra:1 Mem:152.36M (Peak 152.36M) | Time:00:00.09 | Mem:0.00M, Peak:0.00M | CISCO_N9K_C9336C_FX2_V001, ViewLayer | Synchronizing object | Rear_service_panel_true_apertures
Fra:1 Mem:152.39M (Peak 152.39M) | Time:00:00.09 | Mem:0.00M, Peak:0.00M | CISCO_N9K_C9336C_FX2_V001, ViewLayer | Synchronizing object | PSU2_face_screw_24.5_39.3
Fra:1 Mem:152.41M (Peak 152.41M) | Time:00:00.09 | Mem:0.00M, Peak:0.00M | CISCO_N9K_C9336C_FX2_V001, ViewLayer | Synchronizing object | PSU2_face_screw_24.5_4.1
Fra:1 Mem:152.42M (Peak 152.42M) | Time:00:00.10 | Mem:0.00M, Peak:0.00M | CISCO_N9K_C9336C_FX2_V001, ViewLayer | Synchronizing object | PSU2_face_screw_-24.5_39.3
Fra:1 Mem:152.44M (Peak 152.44M) | Time:00:00.10 | Mem:0.00M, Peak:0.00M | CISCO_N9K_C9336C_FX2_V001, ViewLayer | Synchronizing object | PSU2_face_screw_-24.5_4.1
Fra:1 Mem:152.46M (Peak 152.46M) | Time:00:00.10 | Mem:0.00M, Peak:0.00M | CISCO_N9K_C9336C_FX2_V001, ViewLayer | Synchronizing object | PSU2_OK_legend
Fra:1 Mem:152.46M (Peak 152.46M) | Time:00:00.10 | Mem:0.00M, Peak:0.00M | CISCO_N9K_C9336C_FX2_V001, ViewLayer | Synchronizing object | PSU2_FAIL_legend
Fra:1 Mem:152.46M (Peak 152.46M) | Time:00:00.10 | Mem:0.00M, Peak:0.00M | CISCO_N9K_C9336C_FX2_V001, ViewLayer | Synchronizing object | PSU2_unpowered_LED_32.6
Fra:1 Mem:152.47M (Peak 152.47M) | Time:00:00.10 | Mem:0.00M, Peak:0.00M | CISCO_N9K_C9336C_FX2_V001, ViewLayer | Synchronizing object | PSU2_unpowered_LED_36.8
Fra:1 Mem:152.47M (Peak 152.47M) | Time:00:00.10 | Mem:0.00M, Peak:0.00M | CISCO_N9K_C9336C_FX2_V001, ViewLayer | Synchronizing object | PSU2_retainer_rib_315.4
Fra:1 Mem:152.47M (Peak 152.47M) | Time:00:00.10 | Mem:0.00M, Peak:0.00M | CISCO_N9K_C9336C_FX2_V001, ViewLayer | Synchronizing object | PSU2_retainer_rib_313.2
Fra:1 Mem:152.48M (Peak 152.48M) | Time:00:00.10 | Mem:0.00M, Peak:0.00M | CISCO_N9K_C9336C_FX2_V001, ViewLayer | Synchronizing object | PSU2_retainer_rib_311
Fra:1 Mem:152.48M (Peak 152.48M) | Time:00:00.10 | Mem:0.00M, Peak:0.00M | CISCO_N9K_C9336C_FX2_V001, ViewLayer | Synchronizing object | PSU2_retainer_rib_308.8
Fra:1 Mem:152.49M (Peak 152.49M) | Time:00:00.10 | Mem:0.00M, Peak:0.00M | CISCO_N9K_C9336C_FX2_V001, ViewLayer | Synchronizing object | PSU2_retainer_rib_306.6
Fra:1 Mem:152.49M (Peak 152.49M) | Time:00:00.10 | Mem:0.00M, Peak:0.00M | CISCO_N9K_C9336C_FX2_V001, ViewLayer | Synchronizing object | PSU2_retainer_rib_304.4
Fra:1 Mem:152.50M (Peak 152.50M) | Time:00:00.10 | Mem:0.00M, Peak:0.00M | CISCO_N9K_C9336C_FX2_V001, ViewLayer | Synchronizing object | PSU2_retainer_rib_302.2
Fra:1 Mem:152.50M (Peak 152.50M) | Time:00:00.10 | Mem:0.00M, Peak:0.00M | CISCO_N9K_C9336C_FX2_V001, ViewLayer | Synchronizing object | PSU2_retainer_rib_300
Fra:1 Mem:152.50M (Peak 152.50M) | Time:00:00.10 | Mem:0.00M, Peak:0.00M | CISCO_N9K_C9336C_FX2_V001, ViewLayer | Synchronizing object | PSU2_stowed_nylon_retention_loop
Fra:1 Mem:152.51M (Peak 152.51M) | Time:00:00.10 | Mem:0.00M, Peak:0.00M | CISCO_N9K_C9336C_FX2_V001, ViewLayer | Synchronizing object | PSU2_cord_retainer_anchor
Fra:1 Mem:152.52M (Peak 152.52M) | Time:00:00.10 | Mem:0.00M, Peak:0.00M | CISCO_N9K_C9336C_FX2_V001, ViewLayer | Synchronizing object | PSU2_BLUE_release_latch
Fra:1 Mem:152.52M (Peak 152.52M) | Time:00:00.10 | Mem:0.00M, Peak:0.00M | CISCO_N9K_C9336C_FX2_V001, ViewLayer | Synchronizing object | PSU2_silver_U_pull_handle
Fra:1 Mem:152.73M (Peak 152.73M) | Time:00:00.10 | Mem:0.00M, Peak:0.00M | CISCO_N9K_C9336C_FX2_V001, ViewLayer | Synchronizing object | PSU2_IEC_pin_2
Fra:1 Mem:152.74M (Peak 152.74M) | Time:00:00.10 | Mem:0.00M, Peak:0.00M | CISCO_N9K_C9336C_FX2_V001, ViewLayer | Synchronizing object | PSU2_IEC_pin_1
Fra:1 Mem:152.75M (Peak 152.75M) | Time:00:00.10 | Mem:0.00M, Peak:0.00M | CISCO_N9K_C9336C_FX2_V001, ViewLayer | Synchronizing object | PSU2_IEC_pin_0
Fra:1 Mem:152.76M (Peak 152.76M) | Time:00:00.10 | Mem:0.00M, Peak:0.00M | CISCO_N9K_C9336C_FX2_V001, ViewLayer | Synchronizing object | PSU2_IEC_recessed_black_floor
Fra:1 Mem:152.76M (Peak 152.76M) | Time:00:00.10 | Mem:0.00M, Peak:0.00M | CISCO_N9K_C9336C_FX2_V001, ViewLayer | Synchronizing object | PSU2_IEC_C14_black_inlet_housing
Fra:1 Mem:152.79M (Peak 152.79M) | Time:00:00.10 | Mem:0.00M, Peak:0.00M | CISCO_N9K_C9336C_FX2_V001, ViewLayer | Synchronizing object | PSU2_true_hex_cooling_vents
Fra:1 Mem:155.53M (Peak 155.53M) | Time:00:00.10 | Mem:0.00M, Peak:0.00M | CISCO_N9K_C9336C_FX2_V001, ViewLayer | Synchronizing object | PSU2_inlet_vent_divider
Fra:1 Mem:155.53M (Peak 155.53M) | Time:00:00.10 | Mem:0.00M, Peak:0.00M | CISCO_N9K_C9336C_FX2_V001, ViewLayer | Synchronizing object | PSU2_front_face_rim
Fra:1 Mem:155.55M (Peak 155.55M) | Time:00:00.10 | Mem:0.00M, Peak:0.00M | CISCO_N9K_C9336C_FX2_V001, ViewLayer | Synchronizing object | PSU2_internal_opaque_baffle
Fra:1 Mem:155.55M (Peak 155.55M) | Time:00:00.10 | Mem:0.00M, Peak:0.00M | CISCO_N9K_C9336C_FX2_V001, ViewLayer | Synchronizing object | PSU2_internal_mating_block
Fra:1 Mem:155.55M (Peak 155.55M) | Time:00:00.10 | Mem:0.00M, Peak:0.00M | CISCO_N9K_C9336C_FX2_V001, ViewLayer | Synchronizing object | PSU2_rear_internal_endcap
Fra:1 Mem:155.57M (Peak 155.57M) | Time:00:00.11 | Mem:0.00M, Peak:0.00M | CISCO_N9K_C9336C_FX2_V001, ViewLayer | Synchronizing object | PSU2_formed_silver_shell
Fra:1 Mem:155.58M (Peak 155.58M) | Time:00:00.11 | Mem:0.00M, Peak:0.00M | CISCO_N9K_C9336C_FX2_V001, ViewLayer | Synchronizing object | PSU1_face_screw_24.5_39.3
Fra:1 Mem:155.60M (Peak 155.60M) | Time:00:00.11 | Mem:0.00M, Peak:0.00M | CISCO_N9K_C9336C_FX2_V001, ViewLayer | Synchronizing object | PSU1_face_screw_24.5_4.1
Fra:1 Mem:155.62M (Peak 155.62M) | Time:00:00.11 | Mem:0.00M, Peak:0.00M | CISCO_N9K_C9336C_FX2_V001, ViewLayer | Synchronizing object | PSU1_face_screw_-24.5_39.3
Fra:1 Mem:155.64M (Peak 155.64M) | Time:00:00.11 | Mem:0.00M, Peak:0.00M | CISCO_N9K_C9336C_FX2_V001, ViewLayer | Synchronizing object | PSU1_face_screw_-24.5_4.1
Fra:1 Mem:155.65M (Peak 155.65M) | Time:00:00.11 | Mem:0.00M, Peak:0.00M | CISCO_N9K_C9336C_FX2_V001, ViewLayer | Synchronizing object | PSU1_OK_legend
Fra:1 Mem:155.66M (Peak 155.66M) | Time:00:00.11 | Mem:0.00M, Peak:0.00M | CISCO_N9K_C9336C_FX2_V001, ViewLayer | Synchronizing object | PSU1_FAIL_legend
Fra:1 Mem:155.66M (Peak 155.66M) | Time:00:00.11 | Mem:0.00M, Peak:0.00M | CISCO_N9K_C9336C_FX2_V001, ViewLayer | Synchronizing object | PSU1_unpowered_LED_32.6
Fra:1 Mem:155.66M (Peak 155.66M) | Time:00:00.11 | Mem:0.00M, Peak:0.00M | CISCO_N9K_C9336C_FX2_V001, ViewLayer | Synchronizing object | PSU1_unpowered_LED_36.8
Fra:1 Mem:155.67M (Peak 155.67M) | Time:00:00.11 | Mem:0.00M, Peak:0.00M | CISCO_N9K_C9336C_FX2_V001, ViewLayer | Synchronizing object | PSU1_retainer_rib_315.4
Fra:1 Mem:155.67M (Peak 155.67M) | Time:00:00.11 | Mem:0.00M, Peak:0.00M | CISCO_N9K_C9336C_FX2_V001, ViewLayer | Synchronizing object | PSU1_retainer_rib_313.2
Fra:1 Mem:155.68M (Peak 155.68M) | Time:00:00.11 | Mem:0.00M, Peak:0.00M | CISCO_N9K_C9336C_FX2_V001, ViewLayer | Synchronizing object | PSU1_retainer_rib_311
Fra:1 Mem:155.68M (Peak 155.68M) | Time:00:00.11 | Mem:0.00M, Peak:0.00M | CISCO_N9K_C9336C_FX2_V001, ViewLayer | Synchronizing object | PSU1_retainer_rib_308.8
Fra:1 Mem:155.68M (Peak 155.68M) | Time:00:00.11 | Mem:0.00M, Peak:0.00M | CISCO_N9K_C9336C_FX2_V001, ViewLayer | Synchronizing object | PSU1_retainer_rib_306.6
Fra:1 Mem:155.69M (Peak 155.69M) | Time:00:00.11 | Mem:0.00M, Peak:0.00M | CISCO_N9K_C9336C_FX2_V001, ViewLayer | Synchronizing object | PSU1_retainer_rib_304.4
Fra:1 Mem:155.69M (Peak 155.69M) | Time:00:00.11 | Mem:0.00M, Peak:0.00M | CISCO_N9K_C9336C_FX2_V001, ViewLayer | Synchronizing object | PSU1_retainer_rib_302.2
Fra:1 Mem:155.70M (Peak 155.70M) | Time:00:00.11 | Mem:0.00M, Peak:0.00M | CISCO_N9K_C9336C_FX2_V001, ViewLayer | Synchronizing object | PSU1_retainer_rib_300
Fra:1 Mem:155.70M (Peak 155.70M) | Time:00:00.11 | Mem:0.00M, Peak:0.00M | CISCO_N9K_C9336C_FX2_V001, ViewLayer | Synchronizing object | PSU1_stowed_nylon_retention_loop
Fra:1 Mem:155.71M (Peak 155.71M) | Time:00:00.11 | Mem:0.00M, Peak:0.00M | CISCO_N9K_C9336C_FX2_V001, ViewLayer | Synchronizing object | PSU1_cord_retainer_anchor
Fra:1 Mem:155.71M (Peak 155.71M) | Time:00:00.11 | Mem:0.00M, Peak:0.00M | CISCO_N9K_C9336C_FX2_V001, ViewLayer | Synchronizing object | PSU1_BLUE_release_latch
Fra:1 Mem:155.72M (Peak 155.72M) | Time:00:00.11 | Mem:0.00M, Peak:0.00M | CISCO_N9K_C9336C_FX2_V001, ViewLayer | Synchronizing object | PSU1_silver_U_pull_handle
Fra:1 Mem:155.92M (Peak 155.92M) | Time:00:00.11 | Mem:0.00M, Peak:0.00M | CISCO_N9K_C9336C_FX2_V001, ViewLayer | Synchronizing object | PSU1_IEC_pin_2
Fra:1 Mem:155.94M (Peak 155.94M) | Time:00:00.11 | Mem:0.00M, Peak:0.00M | CISCO_N9K_C9336C_FX2_V001, ViewLayer | Synchronizing object | PSU1_IEC_pin_1
Fra:1 Mem:155.95M (Peak 155.95M) | Time:00:00.11 | Mem:0.00M, Peak:0.00M | CISCO_N9K_C9336C_FX2_V001, ViewLayer | Synchronizing object | PSU1_IEC_pin_0
Fra:1 Mem:155.96M (Peak 155.96M) | Time:00:00.11 | Mem:0.00M, Peak:0.00M | CISCO_N9K_C9336C_FX2_V001, ViewLayer | Synchronizing object | PSU1_IEC_recessed_black_floor
Fra:1 Mem:155.96M (Peak 155.96M) | Time:00:00.11 | Mem:0.00M, Peak:0.00M | CISCO_N9K_C9336C_FX2_V001, ViewLayer | Synchronizing object | PSU1_IEC_C14_black_inlet_housing
Fra:1 Mem:155.98M (Peak 155.98M) | Time:00:00.11 | Mem:0.00M, Peak:0.00M | CISCO_N9K_C9336C_FX2_V001, ViewLayer | Synchronizing object | PSU1_true_hex_cooling_vents
Fra:1 Mem:156.46M (Peak 156.46M) | Time:00:00.12 | Mem:0.00M, Peak:0.00M | CISCO_N9K_C9336C_FX2_V001, ViewLayer | Synchronizing object | PSU1_inlet_vent_divider
Fra:1 Mem:156.46M (Peak 156.46M) | Time:00:00.12 | Mem:0.00M, Peak:0.00M | CISCO_N9K_C9336C_FX2_V001, ViewLayer | Synchronizing object | PSU1_front_face_rim
Fra:1 Mem:156.48M (Peak 156.48M) | Time:00:00.12 | Mem:0.00M, Peak:0.00M | CISCO_N9K_C9336C_FX2_V001, ViewLayer | Synchronizing object | PSU1_internal_opaque_baffle
Fra:1 Mem:156.48M (Peak 156.48M) | Time:00:00.12 | Mem:0.00M, Peak:0.00M | CISCO_N9K_C9336C_FX2_V001, ViewLayer | Synchronizing object | PSU1_internal_mating_block
Fra:1 Mem:156.49M (Peak 156.49M) | Time:00:00.12 | Mem:0.00M, Peak:0.00M | CISCO_N9K_C9336C_FX2_V001, ViewLayer | Synchronizing object | PSU1_rear_internal_endcap
Fra:1 Mem:156.50M (Peak 156.50M) | Time:00:00.12 | Mem:0.00M, Peak:0.00M | CISCO_N9K_C9336C_FX2_V001, ViewLayer | Synchronizing object | PSU1_formed_silver_shell
Fra:1 Mem:156.52M (Peak 156.52M) | Time:00:00.12 | Mem:0.00M, Peak:0.00M | CISCO_N9K_C9336C_FX2_V001, ViewLayer | Synchronizing object | Fan3_fine_vertical_thumb_rib_1_9
Fra:1 Mem:156.52M (Peak 156.52M) | Time:00:00.12 | Mem:0.00M, Peak:0.00M | CISCO_N9K_C9336C_FX2_V001, ViewLayer | Synchronizing object | Fan3_fine_vertical_thumb_rib_1_8
Fra:1 Mem:156.53M (Peak 156.53M) | Time:00:00.12 | Mem:0.00M, Peak:0.00M | CISCO_N9K_C9336C_FX2_V001, ViewLayer | Synchronizing object | Fan3_fine_vertical_thumb_rib_1_7
Fra:1 Mem:156.53M (Peak 156.53M) | Time:00:00.12 | Mem:0.00M, Peak:0.00M | CISCO_N9K_C9336C_FX2_V001, ViewLayer | Synchronizing object | Fan3_fine_vertical_thumb_rib_1_6
Fra:1 Mem:156.54M (Peak 156.54M) | Time:00:00.12 | Mem:0.00M, Peak:0.00M | CISCO_N9K_C9336C_FX2_V001, ViewLayer | Synchronizing object | Fan3_fine_vertical_thumb_rib_1_5
Fra:1 Mem:156.54M (Peak 156.54M) | Time:00:00.12 | Mem:0.00M, Peak:0.00M | CISCO_N9K_C9336C_FX2_V001, ViewLayer | Synchronizing object | Fan3_fine_vertical_thumb_rib_1_4
Fra:1 Mem:156.55M (Peak 156.55M) | Time:00:00.12 | Mem:0.00M, Peak:0.00M | CISCO_N9K_C9336C_FX2_V001, ViewLayer | Synchronizing object | Fan3_fine_vertical_thumb_rib_1_3
Fra:1 Mem:156.55M (Peak 156.55M) | Time:00:00.12 | Mem:0.00M, Peak:0.00M | CISCO_N9K_C9336C_FX2_V001, ViewLayer | Synchronizing object | Fan3_fine_vertical_thumb_rib_1_2
Fra:1 Mem:156.56M (Peak 156.56M) | Time:00:00.12 | Mem:0.00M, Peak:0.00M | CISCO_N9K_C9336C_FX2_V001, ViewLayer | Synchronizing object | Fan3_fine_vertical_thumb_rib_1_1
Fra:1 Mem:156.56M (Peak 156.56M) | Time:00:00.12 | Mem:0.00M, Peak:0.00M | CISCO_N9K_C9336C_FX2_V001, ViewLayer | Synchronizing object | Fan3_fine_vertical_thumb_rib_1_0
Fra:1 Mem:156.56M (Peak 156.56M) | Time:00:00.12 | Mem:0.00M, Peak:0.00M | CISCO_N9K_C9336C_FX2_V001, ViewLayer | Synchronizing object | Fan3_fine_vertical_thumb_rib_-1_9
Fra:1 Mem:156.57M (Peak 156.57M) | Time:00:00.12 | Mem:0.00M, Peak:0.00M | CISCO_N9K_C9336C_FX2_V001, ViewLayer | Synchronizing object | Fan3_fine_vertical_thumb_rib_-1_8
Fra:1 Mem:156.57M (Peak 156.57M) | Time:00:00.12 | Mem:0.00M, Peak:0.00M | CISCO_N9K_C9336C_FX2_V001, ViewLayer | Synchronizing object | Fan3_fine_vertical_thumb_rib_-1_7
Fra:1 Mem:156.58M (Peak 156.58M) | Time:00:00.12 | Mem:0.00M, Peak:0.00M | CISCO_N9K_C9336C_FX2_V001, ViewLayer | Synchronizing object | Fan3_fine_vertical_thumb_rib_-1_6
Fra:1 Mem:156.58M (Peak 156.58M) | Time:00:00.12 | Mem:0.00M, Peak:0.00M | CISCO_N9K_C9336C_FX2_V001, ViewLayer | Synchronizing object | Fan3_fine_vertical_thumb_rib_-1_5
Fra:1 Mem:156.59M (Peak 156.59M) | Time:00:00.12 | Mem:0.00M, Peak:0.00M | CISCO_N9K_C9336C_FX2_V001, ViewLayer | Synchronizing object | Fan3_fine_vertical_thumb_rib_-1_4
Fra:1 Mem:156.59M (Peak 156.59M) | Time:00:00.12 | Mem:0.00M, Peak:0.00M | CISCO_N9K_C9336C_FX2_V001, ViewLayer | Synchronizing object | Fan3_fine_vertical_thumb_rib_-1_3
Fra:1 Mem:156.59M (Peak 156.59M) | Time:00:00.12 | Mem:0.00M, Peak:0.00M | CISCO_N9K_C9336C_FX2_V001, ViewLayer | Synchronizing object | Fan3_fine_vertical_thumb_rib_-1_2
Fra:1 Mem:156.60M (Peak 156.60M) | Time:00:00.12 | Mem:0.00M, Peak:0.00M | CISCO_N9K_C9336C_FX2_V001, ViewLayer | Synchronizing object | Fan3_fine_vertical_thumb_rib_-1_1
Fra:1 Mem:156.60M (Peak 156.60M) | Time:00:00.12 | Mem:0.00M, Peak:0.00M | CISCO_N9K_C9336C_FX2_V001, ViewLayer | Synchronizing object | Fan3_fine_vertical_thumb_rib_-1_0
Fra:1 Mem:156.61M (Peak 156.61M) | Time:00:00.12 | Mem:0.00M, Peak:0.00M | CISCO_N9K_C9336C_FX2_V001, ViewLayer | Synchronizing object | Fan2_fine_vertical_thumb_rib_1_9
Fra:1 Mem:156.61M (Peak 156.61M) | Time:00:00.12 | Mem:0.00M, Peak:0.00M | CISCO_N9K_C9336C_FX2_V001, ViewLayer | Synchronizing object | Fan2_fine_vertical_thumb_rib_1_8
Fra:1 Mem:156.62M (Peak 156.62M) | Time:00:00.12 | Mem:0.00M, Peak:0.00M | CISCO_N9K_C9336C_FX2_V001, ViewLayer | Synchronizing object | Fan2_fine_vertical_thumb_rib_1_7
Fra:1 Mem:156.62M (Peak 156.62M) | Time:00:00.12 | Mem:0.00M, Peak:0.00M | CISCO_N9K_C9336C_FX2_V001, ViewLayer | Synchronizing object | Fan2_fine_vertical_thumb_rib_1_6
Fra:1 Mem:156.62M (Peak 156.62M) | Time:00:00.12 | Mem:0.00M, Peak:0.00M | CISCO_N9K_C9336C_FX2_V001, ViewLayer | Synchronizing object | Fan2_fine_vertical_thumb_rib_1_5
Fra:1 Mem:156.63M (Peak 156.63M) | Time:00:00.12 | Mem:0.00M, Peak:0.00M | CISCO_N9K_C9336C_FX2_V001, ViewLayer | Synchronizing object | Fan2_fine_vertical_thumb_rib_1_4
Fra:1 Mem:156.63M (Peak 156.63M) | Time:00:00.12 | Mem:0.00M, Peak:0.00M | CISCO_N9K_C9336C_FX2_V001, ViewLayer | Synchronizing object | Fan2_fine_vertical_thumb_rib_1_3
Fra:1 Mem:156.64M (Peak 156.64M) | Time:00:00.12 | Mem:0.00M, Peak:0.00M | CISCO_N9K_C9336C_FX2_V001, ViewLayer | Synchronizing object | Fan2_fine_vertical_thumb_rib_1_2
Fra:1 Mem:156.64M (Peak 156.64M) | Time:00:00.12 | Mem:0.00M, Peak:0.00M | CISCO_N9K_C9336C_FX2_V001, ViewLayer | Synchronizing object | Fan2_fine_vertical_thumb_rib_1_1
Fra:1 Mem:156.65M (Peak 156.65M) | Time:00:00.12 | Mem:0.00M, Peak:0.00M | CISCO_N9K_C9336C_FX2_V001, ViewLayer | Synchronizing object | Fan2_fine_vertical_thumb_rib_1_0
Fra:1 Mem:156.65M (Peak 156.65M) | Time:00:00.12 | Mem:0.00M, Peak:0.00M | CISCO_N9K_C9336C_FX2_V001, ViewLayer | Synchronizing object | Fan2_fine_vertical_thumb_rib_-1_9
Fra:1 Mem:156.65M (Peak 156.65M) | Time:00:00.12 | Mem:0.00M, Peak:0.00M | CISCO_N9K_C9336C_FX2_V001, ViewLayer | Synchronizing object | Fan2_fine_vertical_thumb_rib_-1_8
Fra:1 Mem:156.66M (Peak 156.66M) | Time:00:00.12 | Mem:0.00M, Peak:0.00M | CISCO_N9K_C9336C_FX2_V001, ViewLayer | Synchronizing object | Fan2_fine_vertical_thumb_rib_-1_7
Fra:1 Mem:156.66M (Peak 156.66M) | Time:00:00.12 | Mem:0.00M, Peak:0.00M | CISCO_N9K_C9336C_FX2_V001, ViewLayer | Synchronizing object | Fan2_fine_vertical_thumb_rib_-1_6
Fra:1 Mem:156.67M (Peak 156.67M) | Time:00:00.12 | Mem:0.00M, Peak:0.00M | CISCO_N9K_C9336C_FX2_V001, ViewLayer | Synchronizing object | Fan2_fine_vertical_thumb_rib_-1_5
Fra:1 Mem:156.67M (Peak 156.67M) | Time:00:00.12 | Mem:0.00M, Peak:0.00M | CISCO_N9K_C9336C_FX2_V001, ViewLayer | Synchronizing object | Fan2_fine_vertical_thumb_rib_-1_4
Fra:1 Mem:156.68M (Peak 156.68M) | Time:00:00.12 | Mem:0.00M, Peak:0.00M | CISCO_N9K_C9336C_FX2_V001, ViewLayer | Synchronizing object | Fan2_fine_vertical_thumb_rib_-1_3
Fra:1 Mem:156.68M (Peak 156.68M) | Time:00:00.12 | Mem:0.00M, Peak:0.00M | CISCO_N9K_C9336C_FX2_V001, ViewLayer | Synchronizing object | Fan2_fine_vertical_thumb_rib_-1_2
Fra:1 Mem:156.68M (Peak 156.68M) | Time:00:00.12 | Mem:0.00M, Peak:0.00M | CISCO_N9K_C9336C_FX2_V001, ViewLayer | Synchronizing object | Fan2_fine_vertical_thumb_rib_-1_1
Fra:1 Mem:156.69M (Peak 156.69M) | Time:00:00.12 | Mem:0.00M, Peak:0.00M | CISCO_N9K_C9336C_FX2_V001, ViewLayer | Synchronizing object | Fan2_fine_vertical_thumb_rib_-1_0
Fra:1 Mem:156.69M (Peak 156.69M) | Time:00:00.12 | Mem:0.00M, Peak:0.00M | CISCO_N9K_C9336C_FX2_V001, ViewLayer | Synchronizing object | Fan1_fine_vertical_thumb_rib_1_9
Fra:1 Mem:156.70M (Peak 156.70M) | Time:00:00.12 | Mem:0.00M, Peak:0.00M | CISCO_N9K_C9336C_FX2_V001, ViewLayer | Synchronizing object | Fan1_fine_vertical_thumb_rib_1_8
Fra:1 Mem:156.70M (Peak 156.70M) | Time:00:00.12 | Mem:0.00M, Peak:0.00M | CISCO_N9K_C9336C_FX2_V001, ViewLayer | Synchronizing object | Fan1_fine_vertical_thumb_rib_1_7
Fra:1 Mem:156.71M (Peak 156.71M) | Time:00:00.12 | Mem:0.00M, Peak:0.00M | CISCO_N9K_C9336C_FX2_V001, ViewLayer | Synchronizing object | Fan1_fine_vertical_thumb_rib_1_6
Fra:1 Mem:156.71M (Peak 156.71M) | Time:00:00.12 | Mem:0.00M, Peak:0.00M | CISCO_N9K_C9336C_FX2_V001, ViewLayer | Synchronizing object | Fan1_fine_vertical_thumb_rib_1_5
Fra:1 Mem:156.71M (Peak 156.71M) | Time:00:00.12 | Mem:0.00M, Peak:0.00M | CISCO_N9K_C9336C_FX2_V001, ViewLayer | Synchronizing object | Fan1_fine_vertical_thumb_rib_1_4
Fra:1 Mem:156.72M (Peak 156.72M) | Time:00:00.12 | Mem:0.00M, Peak:0.00M | CISCO_N9K_C9336C_FX2_V001, ViewLayer | Synchronizing object | Fan1_fine_vertical_thumb_rib_1_3
Fra:1 Mem:156.72M (Peak 156.72M) | Time:00:00.12 | Mem:0.00M, Peak:0.00M | CISCO_N9K_C9336C_FX2_V001, ViewLayer | Synchronizing object | Fan1_fine_vertical_thumb_rib_1_2
Fra:1 Mem:156.73M (Peak 156.73M) | Time:00:00.12 | Mem:0.00M, Peak:0.00M | CISCO_N9K_C9336C_FX2_V001, ViewLayer | Synchronizing object | Fan1_fine_vertical_thumb_rib_1_1
Fra:1 Mem:156.73M (Peak 156.73M) | Time:00:00.12 | Mem:0.00M, Peak:0.00M | CISCO_N9K_C9336C_FX2_V001, ViewLayer | Synchronizing object | Fan1_fine_vertical_thumb_rib_1_0
Fra:1 Mem:156.74M (Peak 156.74M) | Time:00:00.12 | Mem:0.00M, Peak:0.00M | CISCO_N9K_C9336C_FX2_V001, ViewLayer | Synchronizing object | Fan1_fine_vertical_thumb_rib_-1_9
Fra:1 Mem:156.74M (Peak 156.74M) | Time:00:00.12 | Mem:0.00M, Peak:0.00M | CISCO_N9K_C9336C_FX2_V001, ViewLayer | Synchronizing object | Fan1_fine_vertical_thumb_rib_-1_8
Fra:1 Mem:156.74M (Peak 156.74M) | Time:00:00.12 | Mem:0.00M, Peak:0.00M | CISCO_N9K_C9336C_FX2_V001, ViewLayer | Synchronizing object | Fan1_fine_vertical_thumb_rib_-1_7
Fra:1 Mem:156.75M (Peak 156.75M) | Time:00:00.12 | Mem:0.00M, Peak:0.00M | CISCO_N9K_C9336C_FX2_V001, ViewLayer | Synchronizing object | Fan1_fine_vertical_thumb_rib_-1_6
Fra:1 Mem:156.75M (Peak 156.75M) | Time:00:00.12 | Mem:0.00M, Peak:0.00M | CISCO_N9K_C9336C_FX2_V001, ViewLayer | Synchronizing object | Fan1_fine_vertical_thumb_rib_-1_5
Fra:1 Mem:156.76M (Peak 156.76M) | Time:00:00.12 | Mem:0.00M, Peak:0.00M | CISCO_N9K_C9336C_FX2_V001, ViewLayer | Synchronizing object | Fan1_fine_vertical_thumb_rib_-1_4
Fra:1 Mem:156.76M (Peak 156.76M) | Time:00:00.12 | Mem:0.00M, Peak:0.00M | CISCO_N9K_C9336C_FX2_V001, ViewLayer | Synchronizing object | Fan1_fine_vertical_thumb_rib_-1_3
Fra:1 Mem:156.77M (Peak 156.77M) | Time:00:00.12 | Mem:0.00M, Peak:0.00M | CISCO_N9K_C9336C_FX2_V001, ViewLayer | Synchronizing object | Fan1_fine_vertical_thumb_rib_-1_2
Fra:1 Mem:156.77M (Peak 156.77M) | Time:00:00.12 | Mem:0.00M, Peak:0.00M | CISCO_N9K_C9336C_FX2_V001, ViewLayer | Synchronizing object | Fan1_fine_vertical_thumb_rib_-1_1
Fra:1 Mem:156.78M (Peak 156.78M) | Time:00:00.12 | Mem:0.00M, Peak:0.00M | CISCO_N9K_C9336C_FX2_V001, ViewLayer | Synchronizing object | Fan1_fine_vertical_thumb_rib_-1_0
Fra:1 Mem:156.78M (Peak 156.78M) | Time:00:00.12 | Mem:0.00M, Peak:0.00M | CISCO_N9K_C9336C_FX2_V001, ViewLayer | Synchronizing object | Fan3_flush_lock_pin_39
Fra:1 Mem:156.79M (Peak 156.79M) | Time:00:00.12 | Mem:0.00M, Peak:0.00M | CISCO_N9K_C9336C_FX2_V001, ViewLayer | Synchronizing object | Fan3_flush_lock_pin_-39
Fra:1 Mem:156.80M (Peak 156.80M) | Time:00:00.12 | Mem:0.00M, Peak:0.00M | CISCO_N9K_C9336C_FX2_V001, ViewLayer | Synchronizing object | Fan3_known_PID
Fra:1 Mem:156.82M (Peak 156.82M) | Time:00:00.12 | Mem:0.00M, Peak:0.00M | CISCO_N9K_C9336C_FX2_V001, ViewLayer | Synchronizing object | Fan3_PID_label_recess
Fra:1 Mem:156.83M (Peak 156.83M) | Time:00:00.12 | Mem:0.00M, Peak:0.00M | CISCO_N9K_C9336C_FX2_V001, ViewLayer | Synchronizing object | Fan3_latch_thumb_flare_1
Fra:1 Mem:156.83M (Peak 156.83M) | Time:00:00.12 | Mem:0.00M, Peak:0.00M | CISCO_N9K_C9336C_FX2_V001, ViewLayer | Synchronizing object | Fan3_BLUE_release_latch_1
Fra:1 Mem:156.84M (Peak 156.84M) | Time:00:00.12 | Mem:0.00M, Peak:0.00M | CISCO_N9K_C9336C_FX2_V001, ViewLayer | Synchronizing object | Fan3_latch_thumb_flare_-1
Fra:1 Mem:156.84M (Peak 156.84M) | Time:00:00.12 | Mem:0.00M, Peak:0.00M | CISCO_N9K_C9336C_FX2_V001, ViewLayer | Synchronizing object | Fan3_BLUE_release_latch_-1
Fra:1 Mem:156.84M (Peak 156.84M) | Time:00:00.12 | Mem:0.00M, Peak:0.00M | CISCO_N9K_C9336C_FX2_V001, ViewLayer | Synchronizing object | Fan3_molded_trapezoid_pull_handle
Fra:1 Mem:156.87M (Peak 156.87M) | Time:00:00.12 | Mem:0.00M, Peak:0.00M | CISCO_N9K_C9336C_FX2_V001, ViewLayer | Synchronizing object | Fan3_true_honeycomb_front_grille
Fra:1 Mem:158.43M (Peak 158.43M) | Time:00:00.15 | Mem:0.00M, Peak:0.00M | CISCO_N9K_C9336C_FX2_V001, ViewLayer | Synchronizing object | Fan3_front_frame
Fra:1 Mem:158.44M (Peak 158.44M) | Time:00:00.15 | Mem:0.00M, Peak:0.00M | CISCO_N9K_C9336C_FX2_V001, ViewLayer | Synchronizing object | Fan3_rear_power_contact_block_1
Fra:1 Mem:158.44M (Peak 158.44M) | Time:00:00.15 | Mem:0.00M, Peak:0.00M | CISCO_N9K_C9336C_FX2_V001, ViewLayer | Synchronizing object | Fan3_top_retention_rail_1
Fra:1 Mem:158.45M (Peak 158.45M) | Time:00:00.15 | Mem:0.00M, Peak:0.00M | CISCO_N9K_C9336C_FX2_V001, ViewLayer | Synchronizing object | Fan3_blade_1_6
Fra:1 Mem:158.45M (Peak 158.45M) | Time:00:00.15 | Mem:0.00M, Peak:0.00M | CISCO_N9K_C9336C_FX2_V001, ViewLayer | Synchronizing object | Fan3_blade_1_5
Fra:1 Mem:158.45M (Peak 158.45M) | Time:00:00.15 | Mem:0.00M, Peak:0.00M | CISCO_N9K_C9336C_FX2_V001, ViewLayer | Synchronizing object | Fan3_blade_1_4
Fra:1 Mem:158.46M (Peak 158.46M) | Time:00:00.15 | Mem:0.00M, Peak:0.00M | CISCO_N9K_C9336C_FX2_V001, ViewLayer | Synchronizing object | Fan3_blade_1_3
Fra:1 Mem:158.46M (Peak 158.46M) | Time:00:00.15 | Mem:0.00M, Peak:0.00M | CISCO_N9K_C9336C_FX2_V001, ViewLayer | Synchronizing object | Fan3_blade_1_2
Fra:1 Mem:158.46M (Peak 158.46M) | Time:00:00.15 | Mem:0.00M, Peak:0.00M | CISCO_N9K_C9336C_FX2_V001, ViewLayer | Synchronizing object | Fan3_blade_1_1
Fra:1 Mem:158.46M (Peak 158.46M) | Time:00:00.15 | Mem:0.00M, Peak:0.00M | CISCO_N9K_C9336C_FX2_V001, ViewLayer | Synchronizing object | Fan3_blade_1_0
Fra:1 Mem:158.46M (Peak 158.46M) | Time:00:00.15 | Mem:0.00M, Peak:0.00M | CISCO_N9K_C9336C_FX2_V001, ViewLayer | Synchronizing object | Fan3_hub_1
Fra:1 Mem:158.46M (Peak 158.46M) | Time:00:00.15 | Mem:0.00M, Peak:0.00M | CISCO_N9K_C9336C_FX2_V001, ViewLayer | Synchronizing object | Fan3_rotor_housing_1
Fra:1 Mem:158.47M (Peak 158.47M) | Time:00:00.15 | Mem:0.00M, Peak:0.00M | CISCO_N9K_C9336C_FX2_V001, ViewLayer | Synchronizing object | Fan3_rear_power_contact_block_-1
Fra:1 Mem:158.47M (Peak 158.47M) | Time:00:00.15 | Mem:0.00M, Peak:0.00M | CISCO_N9K_C9336C_FX2_V001, ViewLayer | Synchronizing object | Fan3_top_retention_rail_-1
Fra:1 Mem:158.49M (Peak 158.49M) | Time:00:00.15 | Mem:0.00M, Peak:0.00M | CISCO_N9K_C9336C_FX2_V001, ViewLayer | Synchronizing object | Fan3_blade_-1_6
Fra:1 Mem:158.49M (Peak 158.49M) | Time:00:00.15 | Mem:0.00M, Peak:0.00M | CISCO_N9K_C9336C_FX2_V001, ViewLayer | Synchronizing object | Fan3_blade_-1_5
Fra:1 Mem:158.49M (Peak 158.49M) | Time:00:00.15 | Mem:0.00M, Peak:0.00M | CISCO_N9K_C9336C_FX2_V001, ViewLayer | Synchronizing object | Fan3_blade_-1_4
Fra:1 Mem:158.49M (Peak 158.49M) | Time:00:00.15 | Mem:0.00M, Peak:0.00M | CISCO_N9K_C9336C_FX2_V001, ViewLayer | Synchronizing object | Fan3_blade_-1_3
Fra:1 Mem:158.49M (Peak 158.49M) | Time:00:00.15 | Mem:0.00M, Peak:0.00M | CISCO_N9K_C9336C_FX2_V001, ViewLayer | Synchronizing object | Fan3_blade_-1_2
Fra:1 Mem:158.49M (Peak 158.49M) | Time:00:00.15 | Mem:0.00M, Peak:0.00M | CISCO_N9K_C9336C_FX2_V001, ViewLayer | Synchronizing object | Fan3_blade_-1_1
Fra:1 Mem:158.49M (Peak 158.49M) | Time:00:00.15 | Mem:0.00M, Peak:0.00M | CISCO_N9K_C9336C_FX2_V001, ViewLayer | Synchronizing object | Fan3_blade_-1_0
Fra:1 Mem:158.49M (Peak 158.49M) | Time:00:00.15 | Mem:0.00M, Peak:0.00M | CISCO_N9K_C9336C_FX2_V001, ViewLayer | Synchronizing object | Fan3_hub_-1
Fra:1 Mem:158.49M (Peak 158.49M) | Time:00:00.15 | Mem:0.00M, Peak:0.00M | CISCO_N9K_C9336C_FX2_V001, ViewLayer | Synchronizing object | Fan3_rotor_housing_-1
Fra:1 Mem:158.50M (Peak 158.50M) | Time:00:00.15 | Mem:0.00M, Peak:0.00M | CISCO_N9K_C9336C_FX2_V001, ViewLayer | Synchronizing object | Fan2_flush_lock_pin_39
Fra:1 Mem:158.51M (Peak 158.51M) | Time:00:00.15 | Mem:0.00M, Peak:0.00M | CISCO_N9K_C9336C_FX2_V001, ViewLayer | Synchronizing object | Fan2_flush_lock_pin_-39
Fra:1 Mem:158.52M (Peak 158.52M) | Time:00:00.15 | Mem:0.00M, Peak:0.00M | CISCO_N9K_C9336C_FX2_V001, ViewLayer | Synchronizing object | Fan2_known_PID
Fra:1 Mem:158.54M (Peak 158.54M) | Time:00:00.15 | Mem:0.00M, Peak:0.00M | CISCO_N9K_C9336C_FX2_V001, ViewLayer | Synchronizing object | Fan2_PID_label_recess
Fra:1 Mem:158.55M (Peak 158.55M) | Time:00:00.15 | Mem:0.00M, Peak:0.00M | CISCO_N9K_C9336C_FX2_V001, ViewLayer | Synchronizing object | Fan2_latch_thumb_flare_1
Fra:1 Mem:158.55M (Peak 158.55M) | Time:00:00.15 | Mem:0.00M, Peak:0.00M | CISCO_N9K_C9336C_FX2_V001, ViewLayer | Synchronizing object | Fan2_BLUE_release_latch_1
Fra:1 Mem:158.56M (Peak 158.56M) | Time:00:00.15 | Mem:0.00M, Peak:0.00M | CISCO_N9K_C9336C_FX2_V001, ViewLayer | Synchronizing object | Fan2_latch_thumb_flare_-1
Fra:1 Mem:158.56M (Peak 158.56M) | Time:00:00.15 | Mem:0.00M, Peak:0.00M | CISCO_N9K_C9336C_FX2_V001, ViewLayer | Synchronizing object | Fan2_BLUE_release_latch_-1
Fra:1 Mem:158.57M (Peak 158.57M) | Time:00:00.15 | Mem:0.00M, Peak:0.00M | CISCO_N9K_C9336C_FX2_V001, ViewLayer | Synchronizing object | Fan2_molded_trapezoid_pull_handle
Fra:1 Mem:158.59M (Peak 158.59M) | Time:00:00.15 | Mem:0.00M, Peak:0.00M | CISCO_N9K_C9336C_FX2_V001, ViewLayer | Synchronizing object | Fan2_true_honeycomb_front_grille
Fra:1 Mem:160.15M (Peak 160.15M) | Time:00:00.17 | Mem:0.00M, Peak:0.00M | CISCO_N9K_C9336C_FX2_V001, ViewLayer | Synchronizing object | Fan2_front_frame
Fra:1 Mem:160.16M (Peak 160.16M) | Time:00:00.17 | Mem:0.00M, Peak:0.00M | CISCO_N9K_C9336C_FX2_V001, ViewLayer | Synchronizing object | Fan2_rear_power_contact_block_1
Fra:1 Mem:160.16M (Peak 160.16M) | Time:00:00.17 | Mem:0.00M, Peak:0.00M | CISCO_N9K_C9336C_FX2_V001, ViewLayer | Synchronizing object | Fan2_top_retention_rail_1
Fra:1 Mem:160.17M (Peak 160.17M) | Time:00:00.17 | Mem:0.00M, Peak:0.00M | CISCO_N9K_C9336C_FX2_V001, ViewLayer | Synchronizing object | Fan2_blade_1_6
Fra:1 Mem:160.18M (Peak 160.18M) | Time:00:00.17 | Mem:0.00M, Peak:0.00M | CISCO_N9K_C9336C_FX2_V001, ViewLayer | Synchronizing object | Fan2_blade_1_5
Fra:1 Mem:160.18M (Peak 160.18M) | Time:00:00.17 | Mem:0.00M, Peak:0.00M | CISCO_N9K_C9336C_FX2_V001, ViewLayer | Synchronizing object | Fan2_blade_1_4
Fra:1 Mem:160.18M (Peak 160.18M) | Time:00:00.17 | Mem:0.00M, Peak:0.00M | CISCO_N9K_C9336C_FX2_V001, ViewLayer | Synchronizing object | Fan2_blade_1_3
Fra:1 Mem:160.18M (Peak 160.18M) | Time:00:00.17 | Mem:0.00M, Peak:0.00M | CISCO_N9K_C9336C_FX2_V001, ViewLayer | Synchronizing object | Fan2_blade_1_2
Fra:1 Mem:160.18M (Peak 160.18M) | Time:00:00.17 | Mem:0.00M, Peak:0.00M | CISCO_N9K_C9336C_FX2_V001, ViewLayer | Synchronizing object | Fan2_blade_1_1
Fra:1 Mem:160.18M (Peak 160.18M) | Time:00:00.17 | Mem:0.00M, Peak:0.00M | CISCO_N9K_C9336C_FX2_V001, ViewLayer | Synchronizing object | Fan2_blade_1_0
Fra:1 Mem:160.18M (Peak 160.18M) | Time:00:00.17 | Mem:0.00M, Peak:0.00M | CISCO_N9K_C9336C_FX2_V001, ViewLayer | Synchronizing object | Fan2_hub_1
Fra:1 Mem:160.18M (Peak 160.18M) | Time:00:00.17 | Mem:0.00M, Peak:0.00M | CISCO_N9K_C9336C_FX2_V001, ViewLayer | Synchronizing object | Fan2_rotor_housing_1
Fra:1 Mem:160.19M (Peak 160.19M) | Time:00:00.17 | Mem:0.00M, Peak:0.00M | CISCO_N9K_C9336C_FX2_V001, ViewLayer | Synchronizing object | Fan2_rear_power_contact_block_-1
Fra:1 Mem:160.19M (Peak 160.19M) | Time:00:00.17 | Mem:0.00M, Peak:0.00M | CISCO_N9K_C9336C_FX2_V001, ViewLayer | Synchronizing object | Fan2_top_retention_rail_-1
Fra:1 Mem:160.21M (Peak 160.21M) | Time:00:00.17 | Mem:0.00M, Peak:0.00M | CISCO_N9K_C9336C_FX2_V001, ViewLayer | Synchronizing object | Fan2_blade_-1_6
Fra:1 Mem:160.21M (Peak 160.21M) | Time:00:00.17 | Mem:0.00M, Peak:0.00M | CISCO_N9K_C9336C_FX2_V001, ViewLayer | Synchronizing object | Fan2_blade_-1_5
Fra:1 Mem:160.21M (Peak 160.21M) | Time:00:00.17 | Mem:0.00M, Peak:0.00M | CISCO_N9K_C9336C_FX2_V001, ViewLayer | Synchronizing object | Fan2_blade_-1_4
Fra:1 Mem:160.21M (Peak 160.21M) | Time:00:00.17 | Mem:0.00M, Peak:0.00M | CISCO_N9K_C9336C_FX2_V001, ViewLayer | Synchronizing object | Fan2_blade_-1_3
Fra:1 Mem:160.21M (Peak 160.21M) | Time:00:00.17 | Mem:0.00M, Peak:0.00M | CISCO_N9K_C9336C_FX2_V001, ViewLayer | Synchronizing object | Fan2_blade_-1_2
Fra:1 Mem:160.21M (Peak 160.21M) | Time:00:00.17 | Mem:0.00M, Peak:0.00M | CISCO_N9K_C9336C_FX2_V001, ViewLayer | Synchronizing object | Fan2_blade_-1_1
Fra:1 Mem:160.21M (Peak 160.21M) | Time:00:00.17 | Mem:0.00M, Peak:0.00M | CISCO_N9K_C9336C_FX2_V001, ViewLayer | Synchronizing object | Fan2_blade_-1_0
Fra:1 Mem:160.21M (Peak 160.21M) | Time:00:00.17 | Mem:0.00M, Peak:0.00M | CISCO_N9K_C9336C_FX2_V001, ViewLayer | Synchronizing object | Fan2_hub_-1
Fra:1 Mem:160.22M (Peak 160.22M) | Time:00:00.17 | Mem:0.00M, Peak:0.00M | CISCO_N9K_C9336C_FX2_V001, ViewLayer | Synchronizing object | Fan2_rotor_housing_-1
Fra:1 Mem:160.22M (Peak 160.22M) | Time:00:00.17 | Mem:0.00M, Peak:0.00M | CISCO_N9K_C9336C_FX2_V001, ViewLayer | Synchronizing object | Fan1_flush_lock_pin_39
Fra:1 Mem:160.23M (Peak 160.23M) | Time:00:00.17 | Mem:0.00M, Peak:0.00M | CISCO_N9K_C9336C_FX2_V001, ViewLayer | Synchronizing object | Fan1_flush_lock_pin_-39
Fra:1 Mem:160.24M (Peak 160.24M) | Time:00:00.17 | Mem:0.00M, Peak:0.00M | CISCO_N9K_C9336C_FX2_V001, ViewLayer | Synchronizing object | Fan1_known_PID
Fra:1 Mem:160.27M (Peak 160.27M) | Time:00:00.17 | Mem:0.00M, Peak:0.00M | CISCO_N9K_C9336C_FX2_V001, ViewLayer | Synchronizing object | Fan1_PID_label_recess
Fra:1 Mem:160.27M (Peak 160.27M) | Time:00:00.17 | Mem:0.00M, Peak:0.00M | CISCO_N9K_C9336C_FX2_V001, ViewLayer | Synchronizing object | Fan1_latch_thumb_flare_1
Fra:1 Mem:160.27M (Peak 160.27M) | Time:00:00.17 | Mem:0.00M, Peak:0.00M | CISCO_N9K_C9336C_FX2_V001, ViewLayer | Synchronizing object | Fan1_BLUE_release_latch_1
Fra:1 Mem:160.28M (Peak 160.28M) | Time:00:00.17 | Mem:0.00M, Peak:0.00M | CISCO_N9K_C9336C_FX2_V001, ViewLayer | Synchronizing object | Fan1_latch_thumb_flare_-1
Fra:1 Mem:160.28M (Peak 160.28M) | Time:00:00.17 | Mem:0.00M, Peak:0.00M | CISCO_N9K_C9336C_FX2_V001, ViewLayer | Synchronizing object | Fan1_BLUE_release_latch_-1
Fra:1 Mem:160.29M (Peak 160.29M) | Time:00:00.17 | Mem:0.00M, Peak:0.00M | CISCO_N9K_C9336C_FX2_V001, ViewLayer | Synchronizing object | Fan1_molded_trapezoid_pull_handle
Fra:1 Mem:160.31M (Peak 160.31M) | Time:00:00.17 | Mem:0.00M, Peak:0.00M | CISCO_N9K_C9336C_FX2_V001, ViewLayer | Synchronizing object | Fan1_true_honeycomb_front_grille
Fra:1 Mem:161.87M (Peak 161.87M) | Time:00:00.20 | Mem:0.00M, Peak:0.00M | CISCO_N9K_C9336C_FX2_V001, ViewLayer | Synchronizing object | Fan1_front_frame
Fra:1 Mem:161.88M (Peak 161.88M) | Time:00:00.20 | Mem:0.00M, Peak:0.00M | CISCO_N9K_C9336C_FX2_V001, ViewLayer | Synchronizing object | Fan1_rear_power_contact_block_1
Fra:1 Mem:161.88M (Peak 161.88M) | Time:00:00.20 | Mem:0.00M, Peak:0.00M | CISCO_N9K_C9336C_FX2_V001, ViewLayer | Synchronizing object | Fan1_top_retention_rail_1
Fra:1 Mem:161.90M (Peak 161.90M) | Time:00:00.20 | Mem:0.00M, Peak:0.00M | CISCO_N9K_C9336C_FX2_V001, ViewLayer | Synchronizing object | Fan1_blade_1_6
Fra:1 Mem:161.90M (Peak 161.90M) | Time:00:00.20 | Mem:0.00M, Peak:0.00M | CISCO_N9K_C9336C_FX2_V001, ViewLayer | Synchronizing object | Fan1_blade_1_5
Fra:1 Mem:161.90M (Peak 161.90M) | Time:00:00.20 | Mem:0.00M, Peak:0.00M | CISCO_N9K_C9336C_FX2_V001, ViewLayer | Synchronizing object | Fan1_blade_1_4
Fra:1 Mem:161.90M (Peak 161.90M) | Time:00:00.20 | Mem:0.00M, Peak:0.00M | CISCO_N9K_C9336C_FX2_V001, ViewLayer | Synchronizing object | Fan1_blade_1_3
Fra:1 Mem:161.90M (Peak 161.90M) | Time:00:00.20 | Mem:0.00M, Peak:0.00M | CISCO_N9K_C9336C_FX2_V001, ViewLayer | Synchronizing object | Fan1_blade_1_2
Fra:1 Mem:161.90M (Peak 161.90M) | Time:00:00.20 | Mem:0.00M, Peak:0.00M | CISCO_N9K_C9336C_FX2_V001, ViewLayer | Synchronizing object | Fan1_blade_1_1
Fra:1 Mem:161.90M (Peak 161.90M) | Time:00:00.20 | Mem:0.00M, Peak:0.00M | CISCO_N9K_C9336C_FX2_V001, ViewLayer | Synchronizing object | Fan1_blade_1_0
Fra:1 Mem:161.90M (Peak 161.90M) | Time:00:00.20 | Mem:0.00M, Peak:0.00M | CISCO_N9K_C9336C_FX2_V001, ViewLayer | Synchronizing object | Fan1_hub_1
Fra:1 Mem:161.91M (Peak 161.91M) | Time:00:00.20 | Mem:0.00M, Peak:0.00M | CISCO_N9K_C9336C_FX2_V001, ViewLayer | Synchronizing object | Fan1_rotor_housing_1
Fra:1 Mem:161.91M (Peak 161.91M) | Time:00:00.20 | Mem:0.00M, Peak:0.00M | CISCO_N9K_C9336C_FX2_V001, ViewLayer | Synchronizing object | Fan1_rear_power_contact_block_-1
Fra:1 Mem:161.92M (Peak 161.92M) | Time:00:00.20 | Mem:0.00M, Peak:0.00M | CISCO_N9K_C9336C_FX2_V001, ViewLayer | Synchronizing object | Fan1_top_retention_rail_-1
Fra:1 Mem:161.93M (Peak 161.93M) | Time:00:00.20 | Mem:0.00M, Peak:0.00M | CISCO_N9K_C9336C_FX2_V001, ViewLayer | Synchronizing object | Fan1_blade_-1_6
Fra:1 Mem:161.93M (Peak 161.93M) | Time:00:00.20 | Mem:0.00M, Peak:0.00M | CISCO_N9K_C9336C_FX2_V001, ViewLayer | Synchronizing object | Fan1_blade_-1_5
Fra:1 Mem:161.93M (Peak 161.93M) | Time:00:00.20 | Mem:0.00M, Peak:0.00M | CISCO_N9K_C9336C_FX2_V001, ViewLayer | Synchronizing object | Fan1_blade_-1_4
Fra:1 Mem:161.93M (Peak 161.93M) | Time:00:00.20 | Mem:0.00M, Peak:0.00M | CISCO_N9K_C9336C_FX2_V001, ViewLayer | Synchronizing object | Fan1_blade_-1_3
Fra:1 Mem:161.93M (Peak 161.93M) | Time:00:00.20 | Mem:0.00M, Peak:0.00M | CISCO_N9K_C9336C_FX2_V001, ViewLayer | Synchronizing object | Fan1_blade_-1_2
Fra:1 Mem:161.93M (Peak 161.93M) | Time:00:00.20 | Mem:0.00M, Peak:0.00M | CISCO_N9K_C9336C_FX2_V001, ViewLayer | Synchronizing object | Fan1_blade_-1_1
Fra:1 Mem:161.93M (Peak 161.93M) | Time:00:00.20 | Mem:0.00M, Peak:0.00M | CISCO_N9K_C9336C_FX2_V001, ViewLayer | Synchronizing object | Fan1_blade_-1_0
Fra:1 Mem:161.93M (Peak 161.93M) | Time:00:00.20 | Mem:0.00M, Peak:0.00M | CISCO_N9K_C9336C_FX2_V001, ViewLayer | Synchronizing object | Fan1_hub_-1
Fra:1 Mem:161.94M (Peak 161.94M) | Time:00:00.20 | Mem:0.00M, Peak:0.00M | CISCO_N9K_C9336C_FX2_V001, ViewLayer | Synchronizing object | Fan1_rotor_housing_-1
Fra:1 Mem:161.94M (Peak 161.94M) | Time:00:00.20 | Mem:0.00M, Peak:0.00M | CISCO_N9K_C9336C_FX2_V001, ViewLayer | Synchronizing object | Port02_subtle_recessed_contact_row
Fra:1 Mem:161.95M (Peak 161.95M) | Time:00:00.20 | Mem:0.00M, Peak:0.00M | CISCO_N9K_C9336C_FX2_V001, ViewLayer | Synchronizing object | Port02_spring_1_2.8
Fra:1 Mem:161.97M (Peak 161.97M) | Time:00:00.20 | Mem:0.00M, Peak:0.00M | CISCO_N9K_C9336C_FX2_V001, ViewLayer | Synchronizing object | Port02_spring_1_0
Fra:1 Mem:161.98M (Peak 161.98M) | Time:00:00.20 | Mem:0.00M, Peak:0.00M | CISCO_N9K_C9336C_FX2_V001, ViewLayer | Synchronizing object | Port02_spring_1_-2.8
Fra:1 Mem:161.99M (Peak 161.99M) | Time:00:00.20 | Mem:0.00M, Peak:0.00M | CISCO_N9K_C9336C_FX2_V001, ViewLayer | Synchronizing object | Port02_guide_1_4.25
Fra:1 Mem:162.01M (Peak 162.01M) | Time:00:00.20 | Mem:0.00M, Peak:0.00M | CISCO_N9K_C9336C_FX2_V001, ViewLayer | Synchronizing object | Port02_guide_1_-4.25
Fra:1 Mem:162.02M (Peak 162.02M) | Time:00:00.20 | Mem:0.00M, Peak:0.00M | CISCO_N9K_C9336C_FX2_V001, ViewLayer | Synchronizing object | Port02_spring_-1_2.8
Fra:1 Mem:162.03M (Peak 162.03M) | Time:00:00.20 | Mem:0.00M, Peak:0.00M | CISCO_N9K_C9336C_FX2_V001, ViewLayer | Synchronizing object | Port02_spring_-1_0
Fra:1 Mem:162.05M (Peak 162.05M) | Time:00:00.20 | Mem:0.00M, Peak:0.00M | CISCO_N9K_C9336C_FX2_V001, ViewLayer | Synchronizing object | Port02_spring_-1_-2.8
Fra:1 Mem:162.06M (Peak 162.06M) | Time:00:00.20 | Mem:0.00M, Peak:0.00M | CISCO_N9K_C9336C_FX2_V001, ViewLayer | Synchronizing object | Port02_guide_-1_4.25
Fra:1 Mem:162.07M (Peak 162.07M) | Time:00:00.20 | Mem:0.00M, Peak:0.00M | CISCO_N9K_C9336C_FX2_V001, ViewLayer | Synchronizing object | Port02_guide_-1_-4.25
Fra:1 Mem:162.08M (Peak 162.08M) | Time:00:00.20 | Mem:0.00M, Peak:0.00M | CISCO_N9K_C9336C_FX2_V001, ViewLayer | Synchronizing object | Port02_connector_contact_surround
Fra:1 Mem:162.09M (Peak 162.09M) | Time:00:00.20 | Mem:0.00M, Peak:0.00M | CISCO_N9K_C9336C_FX2_V001, ViewLayer | Synchronizing object | Port02_recessed_connector_stop
Fra:1 Mem:162.09M (Peak 162.09M) | Time:00:00.20 | Mem:0.00M, Peak:0.00M | CISCO_N9K_C9336C_FX2_V001, ViewLayer | Synchronizing object | Port01_subtle_recessed_contact_row
Fra:1 Mem:162.11M (Peak 162.11M) | Time:00:00.20 | Mem:0.00M, Peak:0.00M | CISCO_N9K_C9336C_FX2_V001, ViewLayer | Synchronizing object | Port01_spring_1_2.8
Fra:1 Mem:162.12M (Peak 162.12M) | Time:00:00.20 | Mem:0.00M, Peak:0.00M | CISCO_N9K_C9336C_FX2_V001, ViewLayer | Synchronizing object | Port01_spring_1_0
Fra:1 Mem:162.13M (Peak 162.13M) | Time:00:00.20 | Mem:0.00M, Peak:0.00M | CISCO_N9K_C9336C_FX2_V001, ViewLayer | Synchronizing object | Port01_spring_1_-2.8
Fra:1 Mem:162.14M (Peak 162.14M) | Time:00:00.20 | Mem:0.00M, Peak:0.00M | CISCO_N9K_C9336C_FX2_V001, ViewLayer | Synchronizing object | Port01_guide_1_4.25
Fra:1 Mem:162.16M (Peak 162.16M) | Time:00:00.20 | Mem:0.00M, Peak:0.00M | CISCO_N9K_C9336C_FX2_V001, ViewLayer | Synchronizing object | Port01_guide_1_-4.25
Fra:1 Mem:162.17M (Peak 162.17M) | Time:00:00.20 | Mem:0.00M, Peak:0.00M | CISCO_N9K_C9336C_FX2_V001, ViewLayer | Synchronizing object | Port01_spring_-1_2.8
Fra:1 Mem:162.18M (Peak 162.18M) | Time:00:00.20 | Mem:0.00M, Peak:0.00M | CISCO_N9K_C9336C_FX2_V001, ViewLayer | Synchronizing object | Port01_spring_-1_0
Fra:1 Mem:162.20M (Peak 162.20M) | Time:00:00.20 | Mem:0.00M, Peak:0.00M | CISCO_N9K_C9336C_FX2_V001, ViewLayer | Synchronizing object | Port01_spring_-1_-2.8
Fra:1 Mem:162.21M (Peak 162.21M) | Time:00:00.20 | Mem:0.00M, Peak:0.00M | CISCO_N9K_C9336C_FX2_V001, ViewLayer | Synchronizing object | Port01_guide_-1_4.25
Fra:1 Mem:162.22M (Peak 162.22M) | Time:00:00.20 | Mem:0.00M, Peak:0.00M | CISCO_N9K_C9336C_FX2_V001, ViewLayer | Synchronizing object | Port01_guide_-1_-4.25
Fra:1 Mem:162.23M (Peak 162.23M) | Time:00:00.20 | Mem:0.00M, Peak:0.00M | CISCO_N9K_C9336C_FX2_V001, ViewLayer | Synchronizing object | Port01_connector_contact_surround
Fra:1 Mem:162.24M (Peak 162.24M) | Time:00:00.20 | Mem:0.00M, Peak:0.00M | CISCO_N9K_C9336C_FX2_V001, ViewLayer | Synchronizing object | Port01_recessed_connector_stop
Fra:1 Mem:162.25M (Peak 162.25M) | Time:00:00.20 | Mem:0.00M, Peak:0.00M | CISCO_N9K_C9336C_FX2_V001, ViewLayer | Synchronizing object | Pair01_internal_cooling_shelf
Fra:1 Mem:162.25M (Peak 162.25M) | Time:00:00.20 | Mem:0.00M, Peak:0.00M | CISCO_N9K_C9336C_FX2_V001, ViewLayer | Synchronizing object | Pair01_front_separator_true_perforations
Fra:1 Mem:162.52M (Peak 162.52M) | Time:00:00.21 | Mem:0.00M, Peak:0.00M | CISCO_N9K_C9336C_FX2_V001, ViewLayer | Synchronizing object | Pair01_stainless_shell_29mm_deep
Fra:1 Mem:162.54M (Peak 162.54M) | Time:00:00.21 | Mem:0.00M, Peak:0.00M | CISCO_N9K_C9336C_FX2_V001, ViewLayer | Synchronizing object | RIGHT_ear_M4_-256_32.8
Fra:1 Mem:162.56M (Peak 162.56M) | Time:00:00.21 | Mem:0.00M, Peak:0.00M | CISCO_N9K_C9336C_FX2_V001, ViewLayer | Synchronizing object | RIGHT_ear_M4_-256_10.8
Fra:1 Mem:162.58M (Peak 162.58M) | Time:00:00.21 | Mem:0.00M, Peak:0.00M | CISCO_N9K_C9336C_FX2_V001, ViewLayer | Synchronizing object | RIGHT_ear_M4_-284_32.8
Fra:1 Mem:162.59M (Peak 162.59M) | Time:00:00.21 | Mem:0.00M, Peak:0.00M | CISCO_N9K_C9336C_FX2_V001, ViewLayer | Synchronizing object | RIGHT_ear_M4_-284_10.8
Fra:1 Mem:162.61M (Peak 162.61M) | Time:00:00.21 | Mem:0.00M, Peak:0.00M | CISCO_N9K_C9336C_FX2_V001, ViewLayer | Synchronizing object | RIGHT_EAR_bent_opaque_solid_with_true_bores
Fra:1 Mem:163.27M (Peak 163.27M) | Time:00:00.22 | Mem:0.00M, Peak:0.00M | CISCO_N9K_C9336C_FX2_V001, ViewLayer | Synchronizing object | LEFT_ear_M4_-256_32.8
Fra:1 Mem:163.29M (Peak 163.29M) | Time:00:00.22 | Mem:0.00M, Peak:0.00M | CISCO_N9K_C9336C_FX2_V001, ViewLayer | Synchronizing object | LEFT_ear_M4_-256_10.8
Fra:1 Mem:163.31M (Peak 163.31M) | Time:00:00.22 | Mem:0.00M, Peak:0.00M | CISCO_N9K_C9336C_FX2_V001, ViewLayer | Synchronizing object | LEFT_ear_M4_-284_32.8
Fra:1 Mem:163.32M (Peak 163.32M) | Time:00:00.22 | Mem:0.00M, Peak:0.00M | CISCO_N9K_C9336C_FX2_V001, ViewLayer | Synchronizing object | LEFT_ear_M4_-284_10.8
Fra:1 Mem:163.34M (Peak 163.34M) | Time:00:00.22 | Mem:0.00M, Peak:0.00M | CISCO_N9K_C9336C_FX2_V001, ViewLayer | Synchronizing object | LEFT_EAR_bent_opaque_solid_with_true_bores
Fra:1 Mem:164.00M (Peak 164.00M) | Time:00:00.23 | Mem:0.00M, Peak:0.00M | CISCO_N9K_C9336C_FX2_V001, ViewLayer | Synchronizing object | Port_face_solid_punched_panel
Fra:1 Mem:172.65M (Peak 175.98M) | Time:00:00.31 | Mem:0.00M, Peak:0.00M | CISCO_N9K_C9336C_FX2_V001, ViewLayer | Synchronizing object | Lid_flush_Phillips_00
Fra:1 Mem:172.67M (Peak 175.98M) | Time:00:00.31 | Mem:0.00M, Peak:0.00M | CISCO_N9K_C9336C_FX2_V001, ViewLayer | Synchronizing object | Rear_module_divider_-160
Fra:1 Mem:172.68M (Peak 175.98M) | Time:00:00.31 | Mem:0.00M, Peak:0.00M | CISCO_N9K_C9336C_FX2_V001, ViewLayer | Synchronizing object | Rear_module_divider_-110
Fra:1 Mem:172.69M (Peak 175.98M) | Time:00:00.31 | Mem:0.00M, Peak:0.00M | CISCO_N9K_C9336C_FX2_V001, ViewLayer | Synchronizing object | Rear_module_divider_-20
Fra:1 Mem:172.71M (Peak 175.98M) | Time:00:00.31 | Mem:0.00M, Peak:0.00M | CISCO_N9K_C9336C_FX2_V001, ViewLayer | Synchronizing object | Rear_module_divider_70
Fra:1 Mem:172.72M (Peak 175.98M) | Time:00:00.31 | Mem:0.00M, Peak:0.00M | CISCO_N9K_C9336C_FX2_V001, ViewLayer | Synchronizing object | Rear_module_divider_160
Fra:1 Mem:172.73M (Peak 175.98M) | Time:00:00.31 | Mem:0.00M, Peak:0.00M | CISCO_N9K_C9336C_FX2_V001, ViewLayer | Synchronizing object | Rear_side_rim_218.46
Fra:1 Mem:172.73M (Peak 175.98M) | Time:00:00.31 | Mem:0.00M, Peak:0.00M | CISCO_N9K_C9336C_FX2_V001, ViewLayer | Synchronizing object | Rear_side_rim_-218.46
Fra:1 Mem:172.74M (Peak 175.98M) | Time:00:00.31 | Mem:0.00M, Peak:0.00M | CISCO_N9K_C9336C_FX2_V001, ViewLayer | Synchronizing object | Rear_horizontal_rim_42.438
Fra:1 Mem:172.74M (Peak 175.98M) | Time:00:00.31 | Mem:0.00M, Peak:0.00M | CISCO_N9K_C9336C_FX2_V001, ViewLayer | Synchronizing object | Rear_horizontal_rim_1.25
Fra:1 Mem:172.74M (Peak 175.98M) | Time:00:00.31 | Mem:0.00M, Peak:0.00M | CISCO_N9K_C9336C_FX2_V001, ViewLayer | Synchronizing object | Interior_under_port_vent_baffle
Fra:1 Mem:172.74M (Peak 175.98M) | Time:00:00.31 | Mem:0.00M, Peak:0.00M | CISCO_N9K_C9336C_FX2_V001, ViewLayer | Synchronizing object | Lid_vent_side_border_1
Fra:1 Mem:172.74M (Peak 175.98M) | Time:00:00.31 | Mem:0.00M, Peak:0.00M | CISCO_N9K_C9336C_FX2_V001, ViewLayer | Synchronizing object | Lid_vent_side_border_-1
Fra:1 Mem:172.74M (Peak 181.79M) | Time:00:00.49 | Mem:0.00M, Peak:0.00M | CISCO_N9K_C9336C_FX2_V001, ViewLayer | Initializing
Fra:1 Mem:168.29M (Peak 181.79M) | Time:00:00.49 | Mem:0.00M, Peak:0.00M | CISCO_N9K_C9336C_FX2_V001, ViewLayer | Updating Images | Loading NWR_original_chassis_label_baked
Fra:1 Mem:168.29M (Peak 181.79M) | Time:00:00.49 | Mem:0.00M, Peak:0.00M | CISCO_N9K_C9336C_FX2_V001, ViewLayer | Updating Images | Loading chassis-satin-nickel-roughness
Fra:1 Mem:170.80M (Peak 181.79M) | Time:00:00.50 | Mem:1.00M, Peak:1.00M | CISCO_N9K_C9336C_FX2_V001, ViewLayer | Updating Images | Loading metal-micro-normal
Fra:1 Mem:171.80M (Peak 181.79M) | Time:00:00.51 | Mem:2.00M, Peak:2.00M | CISCO_N9K_C9336C_FX2_V001, ViewLayer | Updating Images | Loading fastener-steel-roughness
Fra:1 Mem:172.80M (Peak 181.79M) | Time:00:00.52 | Mem:3.00M, Peak:3.00M | CISCO_N9K_C9336C_FX2_V001, ViewLayer | Updating Images | Loading zinc-plated-brackets-roughness
Fra:1 Mem:173.80M (Peak 181.79M) | Time:00:00.52 | Mem:4.50M, Peak:4.50M | CISCO_N9K_C9336C_FX2_V001, ViewLayer | Updating Images | Loading dark-grille-metal-roughness
Fra:1 Mem:174.80M (Peak 181.79M) | Time:00:00.52 | Mem:5.50M, Peak:5.50M | CISCO_N9K_C9336C_FX2_V001, ViewLayer | Updating Images | Loading cage-stainless-steel-roughness
Fra:1 Mem:155.35M (Peak 181.79M) | Time:00:00.54 | Mem:7.50M, Peak:7.50M | CISCO_N9K_C9336C_FX2_V001, ViewLayer | Waiting for render to start
Fra:1 Mem:155.35M (Peak 181.79M) | Time:00:00.54 | Mem:7.50M, Peak:7.50M | CISCO_N9K_C9336C_FX2_V001, ViewLayer | Loading render kernels (may take a few minutes the first time)
Fra:1 Mem:155.35M (Peak 181.79M) | Time:00:00.54 | Mem:7.50M, Peak:7.50M | CISCO_N9K_C9336C_FX2_V001, ViewLayer | Updating Scene
Fra:1 Mem:155.35M (Peak 181.79M) | Time:00:00.54 | Mem:7.50M, Peak:7.50M | CISCO_N9K_C9336C_FX2_V001, ViewLayer | Updating Shaders
Fra:1 Mem:155.44M (Peak 181.79M) | Time:00:00.54 | Mem:7.51M, Peak:7.51M | CISCO_N9K_C9336C_FX2_V001, ViewLayer | Updating Procedurals
Fra:1 Mem:155.44M (Peak 181.79M) | Time:00:00.54 | Mem:7.51M, Peak:7.51M | CISCO_N9K_C9336C_FX2_V001, ViewLayer | Updating Background
Fra:1 Mem:155.44M (Peak 181.79M) | Time:00:00.54 | Mem:7.51M, Peak:7.51M | CISCO_N9K_C9336C_FX2_V001, ViewLayer | Updating Camera
Fra:1 Mem:155.44M (Peak 181.79M) | Time:00:00.54 | Mem:7.51M, Peak:7.51M | CISCO_N9K_C9336C_FX2_V001, ViewLayer | Updating Meshes Flags
Fra:1 Mem:155.44M (Peak 181.79M) | Time:00:00.54 | Mem:7.51M, Peak:7.51M | CISCO_N9K_C9336C_FX2_V001, ViewLayer | Updating Objects
Fra:1 Mem:155.44M (Peak 181.79M) | Time:00:00.54 | Mem:7.51M, Peak:7.51M | CISCO_N9K_C9336C_FX2_V001, ViewLayer | Updating Objects | Copying Transformations to device
Fra:1 Mem:155.67M (Peak 181.79M) | Time:00:00.54 | Mem:7.73M, Peak:7.73M | CISCO_N9K_C9336C_FX2_V001, ViewLayer | Updating Objects | Applying Static Transformations
Fra:1 Mem:155.67M (Peak 181.79M) | Time:00:00.54 | Mem:7.73M, Peak:7.73M | CISCO_N9K_C9336C_FX2_V001, ViewLayer | Updating Particle Systems
Fra:1 Mem:155.67M (Peak 181.79M) | Time:00:00.54 | Mem:7.73M, Peak:7.73M | CISCO_N9K_C9336C_FX2_V001, ViewLayer | Updating Particle Systems | Copying Particles to device
Fra:1 Mem:155.67M (Peak 181.79M) | Time:00:00.54 | Mem:7.73M, Peak:7.73M | CISCO_N9K_C9336C_FX2_V001, ViewLayer | Updating Meshes
Fra:1 Mem:161.56M (Peak 181.79M) | Time:00:00.56 | Mem:7.73M, Peak:7.73M | CISCO_N9K_C9336C_FX2_V001, ViewLayer | Updating Mesh | Computing attributes
Fra:1 Mem:187.97M (Peak 187.97M) | Time:00:00.60 | Mem:7.77M, Peak:7.77M | CISCO_N9K_C9336C_FX2_V001, ViewLayer | Updating Mesh | Copying Attributes to device
Fra:1 Mem:187.85M (Peak 187.97M) | Time:00:00.60 | Mem:34.02M, Peak:34.02M | CISCO_N9K_C9336C_FX2_V001, ViewLayer | Updating Geometry BVH Port02_subtle_recessed_contact_row 30/30 | Building BVH
Fra:1 Mem:187.85M (Peak 187.97M) | Time:00:00.60 | Mem:34.03M, Peak:34.03M | CISCO_N9K_C9336C_FX2_V001, ViewLayer | Updating Geometry BVH Port02_subtle_recessed_contact_row 30/30 | Building BVH 0%
Fra:1 Mem:187.85M (Peak 187.97M) | Time:00:00.60 | Mem:34.04M, Peak:34.05M | CISCO_N9K_C9336C_FX2_V001, ViewLayer | Updating Geometry BVH Port02_spring_1_2.8 29/30 | Building BVH
Fra:1 Mem:187.85M (Peak 187.97M) | Time:00:00.60 | Mem:34.05M, Peak:34.05M | CISCO_N9K_C9336C_FX2_V001, ViewLayer | Updating Geometry BVH Port02_spring_1_0 28/30 | Building BVH
Fra:1 Mem:187.85M (Peak 187.97M) | Time:00:00.60 | Mem:34.06M, Peak:34.06M | CISCO_N9K_C9336C_FX2_V001, ViewLayer | Updating Geometry BVH Port02_spring_1_-2.8 27/30 | Building BVH
Fra:1 Mem:187.85M (Peak 187.97M) | Time:00:00.60 | Mem:34.07M, Peak:34.07M | CISCO_N9K_C9336C_FX2_V001, ViewLayer | Updating Geometry BVH Port02_guide_1_4.25 26/30 | Building BVH
Fra:1 Mem:187.85M (Peak 187.97M) | Time:00:00.60 | Mem:34.08M, Peak:34.08M | CISCO_N9K_C9336C_FX2_V001, ViewLayer | Updating Geometry BVH Port02_guide_1_-4.25 25/30 | Building BVH
Fra:1 Mem:187.85M (Peak 187.97M) | Time:00:00.60 | Mem:34.09M, Peak:34.09M | CISCO_N9K_C9336C_FX2_V001, ViewLayer | Updating Geometry BVH Port02_spring_-1_2.8 24/30 | Building BVH
Fra:1 Mem:187.85M (Peak 187.97M) | Time:00:00.60 | Mem:34.10M, Peak:34.10M | CISCO_N9K_C9336C_FX2_V001, ViewLayer | Updating Geometry BVH Port02_spring_-1_0 23/30 | Building BVH
Fra:1 Mem:187.85M (Peak 187.97M) | Time:00:00.60 | Mem:34.11M, Peak:34.11M | CISCO_N9K_C9336C_FX2_V001, ViewLayer | Updating Geometry BVH Port02_spring_-1_-2.8 22/30 | Building BVH
Fra:1 Mem:187.85M (Peak 187.97M) | Time:00:00.60 | Mem:34.12M, Peak:34.12M | CISCO_N9K_C9336C_FX2_V001, ViewLayer | Updating Geometry BVH Port02_guide_-1_4.25 21/30 | Building BVH
Fra:1 Mem:187.85M (Peak 187.97M) | Time:00:00.60 | Mem:34.13M, Peak:34.13M | CISCO_N9K_C9336C_FX2_V001, ViewLayer | Updating Geometry BVH Port02_guide_-1_-4.25 20/30 | Building BVH
Fra:1 Mem:187.85M (Peak 187.97M) | Time:00:00.60 | Mem:34.14M, Peak:34.14M | CISCO_N9K_C9336C_FX2_V001, ViewLayer | Updating Geometry BVH Port02_connector_contact_surround 19/30 | Building BVH
Fra:1 Mem:187.85M (Peak 187.97M) | Time:00:00.60 | Mem:34.15M, Peak:34.16M | CISCO_N9K_C9336C_FX2_V001, ViewLayer | Updating Geometry BVH Port02_recessed_connector_stop 18/30 | Building BVH
Fra:1 Mem:187.85M (Peak 187.97M) | Time:00:00.60 | Mem:34.16M, Peak:34.17M | CISCO_N9K_C9336C_FX2_V001, ViewLayer | Updating Geometry BVH Port01_subtle_recessed_contact_row 17/30 | Building BVH
Fra:1 Mem:187.85M (Peak 187.97M) | Time:00:00.60 | Mem:34.19M, Peak:34.19M | CISCO_N9K_C9336C_FX2_V001, ViewLayer | Updating Geometry BVH Port01_spring_1_2.8 16/30 | Building BVH
Fra:1 Mem:187.85M (Peak 187.97M) | Time:00:00.60 | Mem:34.20M, Peak:34.20M | CISCO_N9K_C9336C_FX2_V001, ViewLayer | Updating Geometry BVH Port01_spring_1_0 15/30 | Building BVH
Fra:1 Mem:187.85M (Peak 187.97M) | Time:00:00.60 | Mem:34.21M, Peak:34.21M | CISCO_N9K_C9336C_FX2_V001, ViewLayer | Updating Geometry BVH Port01_spring_1_-2.8 14/30 | Building BVH
Fra:1 Mem:187.85M (Peak 187.97M) | Time:00:00.60 | Mem:34.22M, Peak:34.22M | CISCO_N9K_C9336C_FX2_V001, ViewLayer | Updating Geometry BVH Port01_guide_1_4.25 13/30 | Building BVH
Fra:1 Mem:187.85M (Peak 187.97M) | Time:00:00.60 | Mem:34.23M, Peak:34.23M | CISCO_N9K_C9336C_FX2_V001, ViewLayer | Updating Geometry BVH Port01_guide_1_-4.25 12/30 | Building BVH
Fra:1 Mem:187.85M (Peak 187.97M) | Time:00:00.60 | Mem:34.24M, Peak:34.24M | CISCO_N9K_C9336C_FX2_V001, ViewLayer | Updating Geometry BVH Port01_spring_-1_2.8 11/30 | Building BVH
Fra:1 Mem:187.85M (Peak 187.97M) | Time:00:00.60 | Mem:34.25M, Peak:34.25M | CISCO_N9K_C9336C_FX2_V001, ViewLayer | Updating Geometry BVH Port01_spring_-1_0 10/30 | Building BVH
Fra:1 Mem:187.85M (Peak 187.97M) | Time:00:00.60 | Mem:34.25M, Peak:34.26M | CISCO_N9K_C9336C_FX2_V001, ViewLayer | Updating Geometry BVH Port01_spring_-1_-2.8 9/30 | Building BVH
Fra:1 Mem:187.85M (Peak 187.97M) | Time:00:00.60 | Mem:34.26M, Peak:34.27M | CISCO_N9K_C9336C_FX2_V001, ViewLayer | Updating Geometry BVH Port01_guide_-1_4.25 8/30 | Building BVH
Fra:1 Mem:187.85M (Peak 187.97M) | Time:00:00.60 | Mem:34.27M, Peak:34.28M | CISCO_N9K_C9336C_FX2_V001, ViewLayer | Updating Geometry BVH Port01_guide_-1_-4.25 7/30 | Building BVH
Fra:1 Mem:187.85M (Peak 187.97M) | Time:00:00.60 | Mem:34.28M, Peak:34.29M | CISCO_N9K_C9336C_FX2_V001, ViewLayer | Updating Geometry BVH Port01_connector_contact_surround 6/30 | Building BVH
Fra:1 Mem:187.85M (Peak 187.97M) | Time:00:00.60 | Mem:34.30M, Peak:34.30M | CISCO_N9K_C9336C_FX2_V001, ViewLayer | Updating Geometry BVH Lid_flush_Phillips_00 1/30 | Building BVH
Fra:1 Mem:187.85M (Peak 187.97M) | Time:00:00.60 | Mem:34.30M, Peak:34.30M | CISCO_N9K_C9336C_FX2_V001, ViewLayer | Updating Geometry BVH Port01_recessed_connector_stop 5/30 | Building BVH
Fra:1 Mem:187.85M (Peak 187.97M) | Time:00:00.60 | Mem:34.31M, Peak:34.32M | CISCO_N9K_C9336C_FX2_V001, ViewLayer | Updating Geometry BVH Pair01_internal_cooling_shelf 4/30 | Building BVH
Fra:1 Mem:187.85M (Peak 187.97M) | Time:00:00.60 | Mem:34.32M, Peak:34.32M | CISCO_N9K_C9336C_FX2_V001, ViewLayer | Updating Geometry BVH Pair01_front_separator_true_perforations 3/30 | Building BVH
Fra:1 Mem:187.85M (Peak 187.97M) | Time:00:00.60 | Mem:34.39M, Peak:34.40M | CISCO_N9K_C9336C_FX2_V001, ViewLayer | Updating Geometry BVH Pair01_stainless_shell_29mm_deep 2/30 | Building BVH
Fra:1 Mem:187.85M (Peak 187.97M) | Time:00:00.60 | Mem:34.49M, Peak:34.56M | CISCO_N9K_C9336C_FX2_V001, ViewLayer | Updating Scene BVH | Building
Fra:1 Mem:187.86M (Peak 187.97M) | Time:00:00.60 | Mem:34.49M, Peak:34.56M | CISCO_N9K_C9336C_FX2_V001, ViewLayer | Updating Scene BVH | Building BVH
Fra:1 Mem:187.86M (Peak 187.97M) | Time:00:00.71 | Mem:58.89M, Peak:70.50M | CISCO_N9K_C9336C_FX2_V001, ViewLayer | Updating Scene BVH | Copying BVH to device
Fra:1 Mem:187.86M (Peak 187.97M) | Time:00:00.71 | Mem:58.89M, Peak:70.50M | CISCO_N9K_C9336C_FX2_V001, ViewLayer | Updating Mesh | Computing normals
Fra:1 Mem:201.06M (Peak 201.06M) | Time:00:00.72 | Mem:58.89M, Peak:70.50M | CISCO_N9K_C9336C_FX2_V001, ViewLayer | Updating Mesh | Copying Mesh to device
Fra:1 Mem:201.06M (Peak 201.06M) | Time:00:00.72 | Mem:72.10M, Peak:72.10M | CISCO_N9K_C9336C_FX2_V001, ViewLayer | Updating Objects Flags
Fra:1 Mem:201.06M (Peak 201.06M) | Time:00:00.72 | Mem:72.11M, Peak:72.11M | CISCO_N9K_C9336C_FX2_V001, ViewLayer | Updating Primitive Offsets
Fra:1 Mem:201.07M (Peak 201.07M) | Time:00:00.72 | Mem:72.11M, Peak:72.11M | CISCO_N9K_C9336C_FX2_V001, ViewLayer | Updating Images
Fra:1 Mem:201.07M (Peak 201.07M) | Time:00:00.72 | Mem:72.11M, Peak:72.11M | CISCO_N9K_C9336C_FX2_V001, ViewLayer | Updating Camera Volume
Fra:1 Mem:201.07M (Peak 201.07M) | Time:00:00.72 | Mem:72.11M, Peak:72.11M | CISCO_N9K_C9336C_FX2_V001, ViewLayer | Updating Lookup Tables
Fra:1 Mem:201.07M (Peak 201.07M) | Time:00:00.72 | Mem:72.19M, Peak:72.19M | CISCO_N9K_C9336C_FX2_V001, ViewLayer | Updating Lights
Fra:1 Mem:201.07M (Peak 201.07M) | Time:00:00.72 | Mem:72.19M, Peak:72.19M | CISCO_N9K_C9336C_FX2_V001, ViewLayer | Updating Lights | Computing distribution
Fra:1 Mem:201.07M (Peak 201.07M) | Time:00:00.72 | Mem:72.19M, Peak:72.19M | CISCO_N9K_C9336C_FX2_V001, ViewLayer | Updating Lights | Computing tree
Fra:1 Mem:201.08M (Peak 201.08M) | Time:00:00.72 | Mem:72.20M, Peak:72.20M | CISCO_N9K_C9336C_FX2_V001, ViewLayer | Updating Integrator
Fra:1 Mem:202.08M (Peak 202.08M) | Time:00:00.72 | Mem:73.20M, Peak:73.20M | CISCO_N9K_C9336C_FX2_V001, ViewLayer | Updating Film
Fra:1 Mem:202.08M (Peak 202.08M) | Time:00:00.72 | Mem:73.12M, Peak:73.20M | CISCO_N9K_C9336C_FX2_V001, ViewLayer | Updating Lookup Tables
Fra:1 Mem:202.08M (Peak 202.08M) | Time:00:00.72 | Mem:73.20M, Peak:73.20M | CISCO_N9K_C9336C_FX2_V001, ViewLayer | Updating Baking
Fra:1 Mem:202.08M (Peak 202.08M) | Time:00:00.72 | Mem:73.20M, Peak:73.20M | CISCO_N9K_C9336C_FX2_V001, ViewLayer | Updating Device | Writing constant memory
Fra:1 Mem:202.10M (Peak 202.10M) | Time:00:00.72 | Mem:73.20M, Peak:73.20M | CISCO_N9K_C9336C_FX2_V001, ViewLayer | Sample 0/40
Fra:1 Mem:238.15M (Peak 238.15M) | Time:00:01.49 | Remaining:00:30.03 | Mem:109.26M, Peak:109.26M | CISCO_N9K_C9336C_FX2_V001, ViewLayer | Sample 1/40
Fra:1 Mem:238.15M (Peak 238.15M) | Time:00:18.69 | Remaining:00:03.81 | Mem:109.26M, Peak:109.26M | CISCO_N9K_C9336C_FX2_V001, ViewLayer | Sample 33/40
Fra:1 Mem:254.18M (Peak 286.22M) | Time:00:23.08 | Mem:109.26M, Peak:109.26M | CISCO_N9K_C9336C_FX2_V001, ViewLayer | Sample 40/40
Fra:1 Mem:254.18M (Peak 286.22M) | Time:00:23.08 | Mem:109.26M, Peak:109.26M | CISCO_N9K_C9336C_FX2_V001, ViewLayer | Finished
Saved: '/root/Project/rack-device-3d/Cisco-N9KC9336C-FX2/v001/qa/original-shell-bottom-INFERRED-transparent.png'
Time: 00:23.50 (Saving: 00:00.39)

SHELL_ALPHA original bottom-INFERRED
Fra:1 Mem:129.54M (Peak 129.54M) | Time:00:00.08 | Mem:0.00M, Peak:0.00M | CISCO_N9K_C9336C_FX2_V001, ViewLayer | Synchronizing object | INFERRED_Bottom_folded_sheet
Fra:1 Mem:129.56M (Peak 129.56M) | Time:00:00.08 | Mem:0.00M, Peak:0.00M | CISCO_N9K_C9336C_FX2_V001, ViewLayer | Synchronizing object | LEFT_sidewall_with_mounting_provisions
Fra:1 Mem:129.76M (Peak 129.76M) | Time:00:00.08 | Mem:0.00M, Peak:0.00M | CISCO_N9K_C9336C_FX2_V001, ViewLayer | Synchronizing object | RIGHT_sidewall_with_mounting_provisions
Fra:1 Mem:129.97M (Peak 129.97M) | Time:00:00.09 | Mem:0.00M, Peak:0.00M | CISCO_N9K_C9336C_FX2_V001, ViewLayer | Synchronizing object | Top_lid_main_sheet
Fra:1 Mem:130.21M (Peak 130.21M) | Time:00:00.09 | Mem:0.00M, Peak:0.00M | CISCO_N9K_C9336C_FX2_V001, ViewLayer | Synchronizing object | Original_photo_top_chassis_label
Fra:1 Mem:130.21M (Peak 130.21M) | Time:00:00.09 | Mem:0.00M, Peak:0.00M | CISCO_N9K_C9336C_FX2_V001, ViewLayer | Synchronizing object | Port_pair_18_direction_1
Fra:1 Mem:130.21M (Peak 130.21M) | Time:00:00.09 | Mem:0.00M, Peak:0.00M | CISCO_N9K_C9336C_FX2_V001, ViewLayer | Synchronizing object | Port_pair_18_direction_-1
Fra:1 Mem:130.21M (Peak 130.21M) | Time:00:00.09 | Mem:0.00M, Peak:0.00M | CISCO_N9K_C9336C_FX2_V001, ViewLayer | Synchronizing object | PORT_NUMBER_36
Fra:1 Mem:130.22M (Peak 130.22M) | Time:00:00.09 | Mem:0.00M, Peak:0.00M | CISCO_N9K_C9336C_FX2_V001, ViewLayer | Synchronizing object | PORT_NUMBER_35
Fra:1 Mem:130.23M (Peak 130.23M) | Time:00:00.09 | Mem:0.00M, Peak:0.00M | CISCO_N9K_C9336C_FX2_V001, ViewLayer | Synchronizing object | Port_pair_17_direction_1
Fra:1 Mem:130.23M (Peak 130.23M) | Time:00:00.09 | Mem:0.00M, Peak:0.00M | CISCO_N9K_C9336C_FX2_V001, ViewLayer | Synchronizing object | Port_pair_17_direction_-1
Fra:1 Mem:130.23M (Peak 130.23M) | Time:00:00.09 | Mem:0.00M, Peak:0.00M | CISCO_N9K_C9336C_FX2_V001, ViewLayer | Synchronizing object | PORT_NUMBER_34
Fra:1 Mem:130.24M (Peak 130.24M) | Time:00:00.09 | Mem:0.00M, Peak:0.00M | CISCO_N9K_C9336C_FX2_V001, ViewLayer | Synchronizing object | PORT_NUMBER_33
Fra:1 Mem:130.25M (Peak 130.25M) | Time:00:00.09 | Mem:0.00M, Peak:0.00M | CISCO_N9K_C9336C_FX2_V001, ViewLayer | Synchronizing object | Port_pair_16_direction_1
Fra:1 Mem:130.25M (Peak 130.25M) | Time:00:00.09 | Mem:0.00M, Peak:0.00M | CISCO_N9K_C9336C_FX2_V001, ViewLayer | Synchronizing object | Port_pair_16_direction_-1
Fra:1 Mem:130.25M (Peak 130.25M) | Time:00:00.09 | Mem:0.00M, Peak:0.00M | CISCO_N9K_C9336C_FX2_V001, ViewLayer | Synchronizing object | PORT_NUMBER_32
Fra:1 Mem:130.25M (Peak 130.25M) | Time:00:00.09 | Mem:0.00M, Peak:0.00M | CISCO_N9K_C9336C_FX2_V001, ViewLayer | Synchronizing object | PORT_NUMBER_31
Fra:1 Mem:130.26M (Peak 130.26M) | Time:00:00.09 | Mem:0.00M, Peak:0.00M | CISCO_N9K_C9336C_FX2_V001, ViewLayer | Synchronizing object | Port_pair_15_direction_1
Fra:1 Mem:130.26M (Peak 130.26M) | Time:00:00.09 | Mem:0.00M, Peak:0.00M | CISCO_N9K_C9336C_FX2_V001, ViewLayer | Synchronizing object | Port_pair_15_direction_-1
Fra:1 Mem:130.26M (Peak 130.26M) | Time:00:00.09 | Mem:0.00M, Peak:0.00M | CISCO_N9K_C9336C_FX2_V001, ViewLayer | Synchronizing object | PORT_NUMBER_30
Fra:1 Mem:130.27M (Peak 130.27M) | Time:00:00.09 | Mem:0.00M, Peak:0.00M | CISCO_N9K_C9336C_FX2_V001, ViewLayer | Synchronizing object | PORT_NUMBER_29
Fra:1 Mem:130.28M (Peak 130.28M) | Time:00:00.09 | Mem:0.00M, Peak:0.00M | CISCO_N9K_C9336C_FX2_V001, ViewLayer | Synchronizing object | Port_pair_14_direction_1
Fra:1 Mem:130.28M (Peak 130.28M) | Time:00:00.09 | Mem:0.00M, Peak:0.00M | CISCO_N9K_C9336C_FX2_V001, ViewLayer | Synchronizing object | Port_pair_14_direction_-1
Fra:1 Mem:130.28M (Peak 130.28M) | Time:00:00.09 | Mem:0.00M, Peak:0.00M | CISCO_N9K_C9336C_FX2_V001, ViewLayer | Synchronizing object | PORT_NUMBER_28
Fra:1 Mem:130.29M (Peak 130.29M) | Time:00:00.09 | Mem:0.00M, Peak:0.00M | CISCO_N9K_C9336C_FX2_V001, ViewLayer | Synchronizing object | PORT_NUMBER_27
Fra:1 Mem:130.29M (Peak 130.29M) | Time:00:00.09 | Mem:0.00M, Peak:0.00M | CISCO_N9K_C9336C_FX2_V001, ViewLayer | Synchronizing object | Port_pair_13_direction_1
Fra:1 Mem:130.29M (Peak 130.29M) | Time:00:00.09 | Mem:0.00M, Peak:0.00M | CISCO_N9K_C9336C_FX2_V001, ViewLayer | Synchronizing object | Port_pair_13_direction_-1
Fra:1 Mem:130.29M (Peak 130.29M) | Time:00:00.09 | Mem:0.00M, Peak:0.00M | CISCO_N9K_C9336C_FX2_V001, ViewLayer | Synchronizing object | PORT_NUMBER_26
Fra:1 Mem:130.30M (Peak 130.30M) | Time:00:00.09 | Mem:0.00M, Peak:0.00M | CISCO_N9K_C9336C_FX2_V001, ViewLayer | Synchronizing object | PORT_NUMBER_25
Fra:1 Mem:130.31M (Peak 130.31M) | Time:00:00.09 | Mem:0.00M, Peak:0.00M | CISCO_N9K_C9336C_FX2_V001, ViewLayer | Synchronizing object | Port_pair_12_direction_1
Fra:1 Mem:130.31M (Peak 130.31M) | Time:00:00.09 | Mem:0.00M, Peak:0.00M | CISCO_N9K_C9336C_FX2_V001, ViewLayer | Synchronizing object | Port_pair_12_direction_-1
Fra:1 Mem:130.31M (Peak 130.31M) | Time:00:00.09 | Mem:0.00M, Peak:0.00M | CISCO_N9K_C9336C_FX2_V001, ViewLayer | Synchronizing object | PORT_NUMBER_24
Fra:1 Mem:130.31M (Peak 130.31M) | Time:00:00.09 | Mem:0.00M, Peak:0.00M | CISCO_N9K_C9336C_FX2_V001, ViewLayer | Synchronizing object | PORT_NUMBER_23
Fra:1 Mem:130.32M (Peak 130.32M) | Time:00:00.09 | Mem:0.00M, Peak:0.00M | CISCO_N9K_C9336C_FX2_V001, ViewLayer | Synchronizing object | Port_pair_11_direction_1
Fra:1 Mem:130.32M (Peak 130.32M) | Time:00:00.09 | Mem:0.00M, Peak:0.00M | CISCO_N9K_C9336C_FX2_V001, ViewLayer | Synchronizing object | Port_pair_11_direction_-1
Fra:1 Mem:130.32M (Peak 130.32M) | Time:00:00.09 | Mem:0.00M, Peak:0.00M | CISCO_N9K_C9336C_FX2_V001, ViewLayer | Synchronizing object | PORT_NUMBER_22
Fra:1 Mem:130.33M (Peak 130.33M) | Time:00:00.09 | Mem:0.00M, Peak:0.00M | CISCO_N9K_C9336C_FX2_V001, ViewLayer | Synchronizing object | PORT_NUMBER_21
Fra:1 Mem:130.33M (Peak 130.33M) | Time:00:00.09 | Mem:0.00M, Peak:0.00M | CISCO_N9K_C9336C_FX2_V001, ViewLayer | Synchronizing object | Port_pair_10_direction_1
Fra:1 Mem:130.33M (Peak 130.33M) | Time:00:00.09 | Mem:0.00M, Peak:0.00M | CISCO_N9K_C9336C_FX2_V001, ViewLayer | Synchronizing object | Port_pair_10_direction_-1
Fra:1 Mem:130.33M (Peak 130.33M) | Time:00:00.09 | Mem:0.00M, Peak:0.00M | CISCO_N9K_C9336C_FX2_V001, ViewLayer | Synchronizing object | PORT_NUMBER_20
Fra:1 Mem:130.34M (Peak 130.34M) | Time:00:00.09 | Mem:0.00M, Peak:0.00M | CISCO_N9K_C9336C_FX2_V001, ViewLayer | Synchronizing object | PORT_NUMBER_19
Fra:1 Mem:130.34M (Peak 130.34M) | Time:00:00.09 | Mem:0.00M, Peak:0.00M | CISCO_N9K_C9336C_FX2_V001, ViewLayer | Synchronizing object | Port_pair_9_direction_1
Fra:1 Mem:130.34M (Peak 130.34M) | Time:00:00.09 | Mem:0.00M, Peak:0.00M | CISCO_N9K_C9336C_FX2_V001, ViewLayer | Synchronizing object | Port_pair_9_direction_-1
Fra:1 Mem:130.35M (Peak 130.35M) | Time:00:00.09 | Mem:0.00M, Peak:0.00M | CISCO_N9K_C9336C_FX2_V001, ViewLayer | Synchronizing object | PORT_NUMBER_18
Fra:1 Mem:130.35M (Peak 130.35M) | Time:00:00.09 | Mem:0.00M, Peak:0.00M | CISCO_N9K_C9336C_FX2_V001, ViewLayer | Synchronizing object | PORT_NUMBER_17
Fra:1 Mem:130.35M (Peak 130.35M) | Time:00:00.09 | Mem:0.00M, Peak:0.00M | CISCO_N9K_C9336C_FX2_V001, ViewLayer | Synchronizing object | Port_pair_8_direction_1
Fra:1 Mem:130.35M (Peak 130.35M) | Time:00:00.09 | Mem:0.00M, Peak:0.00M | CISCO_N9K_C9336C_FX2_V001, ViewLayer | Synchronizing object | Port_pair_8_direction_-1
Fra:1 Mem:130.35M (Peak 130.35M) | Time:00:00.09 | Mem:0.00M, Peak:0.00M | CISCO_N9K_C9336C_FX2_V001, ViewLayer | Synchronizing object | PORT_NUMBER_16
Fra:1 Mem:130.36M (Peak 130.36M) | Time:00:00.09 | Mem:0.00M, Peak:0.00M | CISCO_N9K_C9336C_FX2_V001, ViewLayer | Synchronizing object | PORT_NUMBER_15
Fra:1 Mem:130.36M (Peak 130.36M) | Time:00:00.09 | Mem:0.00M, Peak:0.00M | CISCO_N9K_C9336C_FX2_V001, ViewLayer | Synchronizing object | Port_pair_7_direction_1
Fra:1 Mem:130.36M (Peak 130.36M) | Time:00:00.09 | Mem:0.00M, Peak:0.00M | CISCO_N9K_C9336C_FX2_V001, ViewLayer | Synchronizing object | Port_pair_7_direction_-1
Fra:1 Mem:130.36M (Peak 130.36M) | Time:00:00.09 | Mem:0.00M, Peak:0.00M | CISCO_N9K_C9336C_FX2_V001, ViewLayer | Synchronizing object | PORT_NUMBER_14
Fra:1 Mem:130.37M (Peak 130.37M) | Time:00:00.09 | Mem:0.00M, Peak:0.00M | CISCO_N9K_C9336C_FX2_V001, ViewLayer | Synchronizing object | PORT_NUMBER_13
Fra:1 Mem:130.37M (Peak 130.37M) | Time:00:00.09 | Mem:0.00M, Peak:0.00M | CISCO_N9K_C9336C_FX2_V001, ViewLayer | Synchronizing object | Port_pair_6_direction_1
Fra:1 Mem:130.37M (Peak 130.37M) | Time:00:00.09 | Mem:0.00M, Peak:0.00M | CISCO_N9K_C9336C_FX2_V001, ViewLayer | Synchronizing object | Port_pair_6_direction_-1
Fra:1 Mem:130.37M (Peak 130.37M) | Time:00:00.09 | Mem:0.00M, Peak:0.00M | CISCO_N9K_C9336C_FX2_V001, ViewLayer | Synchronizing object | PORT_NUMBER_12
Fra:1 Mem:130.38M (Peak 130.38M) | Time:00:00.09 | Mem:0.00M, Peak:0.00M | CISCO_N9K_C9336C_FX2_V001, ViewLayer | Synchronizing object | PORT_NUMBER_11
Fra:1 Mem:130.38M (Peak 130.38M) | Time:00:00.09 | Mem:0.00M, Peak:0.00M | CISCO_N9K_C9336C_FX2_V001, ViewLayer | Synchronizing object | Port_pair_5_direction_1
Fra:1 Mem:130.38M (Peak 130.38M) | Time:00:00.09 | Mem:0.00M, Peak:0.00M | CISCO_N9K_C9336C_FX2_V001, ViewLayer | Synchronizing object | Port_pair_5_direction_-1
Fra:1 Mem:130.38M (Peak 130.38M) | Time:00:00.09 | Mem:0.00M, Peak:0.00M | CISCO_N9K_C9336C_FX2_V001, ViewLayer | Synchronizing object | PORT_NUMBER_10
Fra:1 Mem:130.38M (Peak 130.38M) | Time:00:00.09 | Mem:0.00M, Peak:0.00M | CISCO_N9K_C9336C_FX2_V001, ViewLayer | Synchronizing object | PORT_NUMBER_09
Fra:1 Mem:130.39M (Peak 130.39M) | Time:00:00.09 | Mem:0.00M, Peak:0.00M | CISCO_N9K_C9336C_FX2_V001, ViewLayer | Synchronizing object | Port_pair_4_direction_1
Fra:1 Mem:130.39M (Peak 130.39M) | Time:00:00.09 | Mem:0.00M, Peak:0.00M | CISCO_N9K_C9336C_FX2_V001, ViewLayer | Synchronizing object | Port_pair_4_direction_-1
Fra:1 Mem:130.39M (Peak 130.39M) | Time:00:00.09 | Mem:0.00M, Peak:0.00M | CISCO_N9K_C9336C_FX2_V001, ViewLayer | Synchronizing object | PORT_NUMBER_08
Fra:1 Mem:130.39M (Peak 130.39M) | Time:00:00.09 | Mem:0.00M, Peak:0.00M | CISCO_N9K_C9336C_FX2_V001, ViewLayer | Synchronizing object | PORT_NUMBER_07
Fra:1 Mem:130.39M (Peak 130.39M) | Time:00:00.09 | Mem:0.00M, Peak:0.00M | CISCO_N9K_C9336C_FX2_V001, ViewLayer | Synchronizing object | Port_pair_3_direction_1
Fra:1 Mem:130.40M (Peak 130.40M) | Time:00:00.09 | Mem:0.00M, Peak:0.00M | CISCO_N9K_C9336C_FX2_V001, ViewLayer | Synchronizing object | Port_pair_3_direction_-1
Fra:1 Mem:130.40M (Peak 130.40M) | Time:00:00.09 | Mem:0.00M, Peak:0.00M | CISCO_N9K_C9336C_FX2_V001, ViewLayer | Synchronizing object | PORT_NUMBER_06
Fra:1 Mem:130.44M (Peak 130.44M) | Time:00:00.09 | Mem:0.00M, Peak:0.00M | CISCO_N9K_C9336C_FX2_V001, ViewLayer | Synchronizing object | PORT_NUMBER_05
Fra:1 Mem:130.48M (Peak 130.48M) | Time:00:00.09 | Mem:0.00M, Peak:0.00M | CISCO_N9K_C9336C_FX2_V001, ViewLayer | Synchronizing object | Port_pair_2_direction_1
Fra:1 Mem:130.48M (Peak 130.48M) | Time:00:00.09 | Mem:0.00M, Peak:0.00M | CISCO_N9K_C9336C_FX2_V001, ViewLayer | Synchronizing object | Port_pair_2_direction_-1
Fra:1 Mem:130.40M (Peak 130.48M) | Time:00:00.09 | Mem:0.00M, Peak:0.00M | CISCO_N9K_C9336C_FX2_V001, ViewLayer | Synchronizing object | Lid_port_edge_fold
Fra:1 Mem:130.41M (Peak 130.48M) | Time:00:00.09 | Mem:0.00M, Peak:0.00M | CISCO_N9K_C9336C_FX2_V001, ViewLayer | Synchronizing object | PORT_NUMBER_04
Fra:1 Mem:130.42M (Peak 130.48M) | Time:00:00.09 | Mem:0.00M, Peak:0.00M | CISCO_N9K_C9336C_FX2_V001, ViewLayer | Synchronizing object | PORT_NUMBER_03
Fra:1 Mem:130.42M (Peak 130.48M) | Time:00:00.09 | Mem:0.00M, Peak:0.00M | CISCO_N9K_C9336C_FX2_V001, ViewLayer | Synchronizing object | Port_pair_1_direction_1
Fra:1 Mem:130.42M (Peak 130.48M) | Time:00:00.09 | Mem:0.00M, Peak:0.00M | CISCO_N9K_C9336C_FX2_V001, ViewLayer | Synchronizing object | Port_pair_1_direction_-1
Fra:1 Mem:130.42M (Peak 130.48M) | Time:00:00.09 | Mem:0.00M, Peak:0.00M | CISCO_N9K_C9336C_FX2_V001, ViewLayer | Synchronizing object | PORT_NUMBER_02
Fra:1 Mem:130.43M (Peak 130.48M) | Time:00:00.09 | Mem:0.00M, Peak:0.00M | CISCO_N9K_C9336C_FX2_V001, ViewLayer | Synchronizing object | PORT_NUMBER_01
Fra:1 Mem:130.43M (Peak 130.48M) | Time:00:00.09 | Mem:0.00M, Peak:0.00M | CISCO_N9K_C9336C_FX2_V001, ViewLayer | Synchronizing object | Lid_staggered_punched_vent_2028_through_holes
Fra:1 Mem:134.13M (Peak 134.89M) | Time:00:00.09 | Mem:0.00M, Peak:0.00M | CISCO_N9K_C9336C_FX2_V001, ViewLayer | Synchronizing object | Correct_factory_PID
Fra:1 Mem:135.11M (Peak 135.11M) | Time:00:00.09 | Mem:0.00M, Peak:0.00M | CISCO_N9K_C9336C_FX2_V001, ViewLayer | Synchronizing object | Cisco_product_family_line_2
Fra:1 Mem:135.12M (Peak 135.12M) | Time:00:00.09 | Mem:0.00M, Peak:0.00M | CISCO_N9K_C9336C_FX2_V001, ViewLayer | Synchronizing object | Cisco_product_family_line_1
Fra:1 Mem:135.14M (Peak 135.14M) | Time:00:00.09 | Mem:0.00M, Peak:0.00M | CISCO_N9K_C9336C_FX2_V001, ViewLayer | Synchronizing object | Cisco_brand_wordmark
Fra:1 Mem:135.15M (Peak 135.15M) | Time:00:00.09 | Mem:0.00M, Peak:0.00M | CISCO_N9K_C9336C_FX2_V001, ViewLayer | Synchronizing object | Cisco_bridge_bar_9
Fra:1 Mem:135.16M (Peak 135.16M) | Time:00:00.09 | Mem:0.00M, Peak:0.00M | CISCO_N9K_C9336C_FX2_V001, ViewLayer | Synchronizing object | Cisco_bridge_bar_8
Fra:1 Mem:135.16M (Peak 135.16M) | Time:00:00.09 | Mem:0.00M, Peak:0.00M | CISCO_N9K_C9336C_FX2_V001, ViewLayer | Synchronizing object | Cisco_bridge_bar_7
Fra:1 Mem:135.16M (Peak 135.16M) | Time:00:00.09 | Mem:0.00M, Peak:0.00M | CISCO_N9K_C9336C_FX2_V001, ViewLayer | Synchronizing object | Cisco_bridge_bar_6
Fra:1 Mem:135.17M (Peak 135.17M) | Time:00:00.09 | Mem:0.00M, Peak:0.00M | CISCO_N9K_C9336C_FX2_V001, ViewLayer | Synchronizing object | Cisco_bridge_bar_5
Fra:1 Mem:135.17M (Peak 135.17M) | Time:00:00.09 | Mem:0.00M, Peak:0.00M | CISCO_N9K_C9336C_FX2_V001, ViewLayer | Synchronizing object | Cisco_bridge_bar_4
Fra:1 Mem:135.17M (Peak 135.17M) | Time:00:00.09 | Mem:0.00M, Peak:0.00M | CISCO_N9K_C9336C_FX2_V001, ViewLayer | Synchronizing object | Cisco_bridge_bar_3
Fra:1 Mem:136.62M (Peak 136.62M) | Time:00:00.09 | Mem:0.00M, Peak:0.00M | CISCO_N9K_C9336C_FX2_V001, ViewLayer | Synchronizing object | Cisco_bridge_bar_2
Fra:1 Mem:136.63M (Peak 136.63M) | Time:00:00.09 | Mem:0.00M, Peak:0.00M | CISCO_N9K_C9336C_FX2_V001, ViewLayer | Synchronizing object | Cisco_bridge_bar_1
Fra:1 Mem:136.63M (Peak 136.63M) | Time:00:00.09 | Mem:0.00M, Peak:0.00M | CISCO_N9K_C9336C_FX2_V001, ViewLayer | Synchronizing object | LS_selector_text
Fra:1 Mem:136.64M (Peak 136.64M) | Time:00:00.09 | Mem:0.00M, Peak:0.00M | CISCO_N9K_C9336C_FX2_V001, ViewLayer | Synchronizing object | LS_selector_metal_button
Fra:1 Mem:138.24M (Peak 138.24M) | Time:00:00.09 | Mem:0.00M, Peak:0.00M | CISCO_N9K_C9336C_FX2_V001, ViewLayer | Synchronizing object | LS_selector_black_surround
Fra:1 Mem:138.25M (Peak 138.25M) | Time:00:00.09 | Mem:0.00M, Peak:0.00M | CISCO_N9K_C9336C_FX2_V001, ViewLayer | Synchronizing object | FRONT_4_legend
Fra:1 Mem:138.25M (Peak 138.25M) | Time:00:00.09 | Mem:0.00M, Peak:0.00M | CISCO_N9K_C9336C_FX2_V001, ViewLayer | Synchronizing object | FRONT_4_unpowered_lens
Fra:1 Mem:138.28M (Peak 138.28M) | Time:00:00.09 | Mem:0.00M, Peak:0.00M | CISCO_N9K_C9336C_FX2_V001, ViewLayer | Synchronizing object | FRONT_3_legend
Fra:1 Mem:138.28M (Peak 138.28M) | Time:00:00.09 | Mem:0.00M, Peak:0.00M | CISCO_N9K_C9336C_FX2_V001, ViewLayer | Synchronizing object | FRONT_3_unpowered_lens
Fra:1 Mem:138.31M (Peak 138.31M) | Time:00:00.09 | Mem:0.00M, Peak:0.00M | CISCO_N9K_C9336C_FX2_V001, ViewLayer | Synchronizing object | FRONT_2_legend
Fra:1 Mem:138.31M (Peak 138.31M) | Time:00:00.09 | Mem:0.00M, Peak:0.00M | CISCO_N9K_C9336C_FX2_V001, ViewLayer | Synchronizing object | FRONT_2_unpowered_lens
Fra:1 Mem:138.34M (Peak 138.34M) | Time:00:00.09 | Mem:0.00M, Peak:0.00M | CISCO_N9K_C9336C_FX2_V001, ViewLayer | Synchronizing object | FRONT_1_legend
Fra:1 Mem:138.34M (Peak 138.34M) | Time:00:00.09 | Mem:0.00M, Peak:0.00M | CISCO_N9K_C9336C_FX2_V001, ViewLayer | Synchronizing object | FRONT_1_unpowered_lens
Fra:1 Mem:138.37M (Peak 138.37M) | Time:00:00.09 | Mem:0.00M, Peak:0.00M | CISCO_N9K_C9336C_FX2_V001, ViewLayer | Synchronizing object | FRONT_ENV_legend
Fra:1 Mem:138.37M (Peak 138.37M) | Time:00:00.09 | Mem:0.00M, Peak:0.00M | CISCO_N9K_C9336C_FX2_V001, ViewLayer | Synchronizing object | FRONT_ENV_unpowered_lens
Fra:1 Mem:138.40M (Peak 138.40M) | Time:00:00.09 | Mem:0.00M, Peak:0.00M | CISCO_N9K_C9336C_FX2_V001, ViewLayer | Synchronizing object | FRONT_STS_legend
Fra:1 Mem:138.41M (Peak 138.41M) | Time:00:00.09 | Mem:0.00M, Peak:0.00M | CISCO_N9K_C9336C_FX2_V001, ViewLayer | Synchronizing object | FRONT_STS_unpowered_lens
Fra:1 Mem:138.44M (Peak 138.44M) | Time:00:00.09 | Mem:0.00M, Peak:0.00M | CISCO_N9K_C9336C_FX2_V001, ViewLayer | Synchronizing object | FRONT_BCN_legend
Fra:1 Mem:138.44M (Peak 138.44M) | Time:00:00.09 | Mem:0.00M, Peak:0.00M | CISCO_N9K_C9336C_FX2_V001, ViewLayer | Synchronizing object | FRONT_BCN_unpowered_lens
Fra:1 Mem:138.47M (Peak 138.47M) | Time:00:00.09 | Mem:0.00M, Peak:0.00M | CISCO_N9K_C9336C_FX2_V001, ViewLayer | Synchronizing object | Rear_P2_arrow_legend
Fra:1 Mem:138.48M (Peak 138.48M) | Time:00:00.09 | Mem:0.00M, Peak:0.00M | CISCO_N9K_C9336C_FX2_V001, ViewLayer | Synchronizing object | USB_symbol_branch_B
Fra:1 Mem:138.48M (Peak 138.48M) | Time:00:00.09 | Mem:0.00M, Peak:0.00M | CISCO_N9K_C9336C_FX2_V001, ViewLayer | Synchronizing object | USB_symbol_branch_A
Fra:1 Mem:138.48M (Peak 138.48M) | Time:00:00.09 | Mem:0.00M, Peak:0.00M | CISCO_N9K_C9336C_FX2_V001, ViewLayer | Synchronizing object | USB_symbol_stem
Fra:1 Mem:138.48M (Peak 138.48M) | Time:00:00.09 | Mem:0.00M, Peak:0.00M | CISCO_N9K_C9336C_FX2_V001, ViewLayer | Synchronizing object | Console_terminal_symbol
Fra:1 Mem:138.49M (Peak 138.49M) | Time:00:00.09 | Mem:0.00M, Peak:0.00M | CISCO_N9K_C9336C_FX2_V001, ViewLayer | Synchronizing object | SFP_management_symbol_line.003
Fra:1 Mem:138.49M (Peak 138.49M) | Time:00:00.09 | Mem:0.00M, Peak:0.00M | CISCO_N9K_C9336C_FX2_V001, ViewLayer | Synchronizing object | SFP_management_symbol_line.002
Fra:1 Mem:138.49M (Peak 138.49M) | Time:00:00.09 | Mem:0.00M, Peak:0.00M | CISCO_N9K_C9336C_FX2_V001, ViewLayer | Synchronizing object | SFP_management_symbol_line.001
Fra:1 Mem:138.49M (Peak 138.49M) | Time:00:00.09 | Mem:0.00M, Peak:0.00M | CISCO_N9K_C9336C_FX2_V001, ViewLayer | Synchronizing object | SFP_management_symbol_line
Fra:1 Mem:138.49M (Peak 138.49M) | Time:00:00.09 | Mem:0.00M, Peak:0.00M | CISCO_N9K_C9336C_FX2_V001, ViewLayer | Synchronizing object | SFP_management_symbol_node_1.25
Fra:1 Mem:138.49M (Peak 138.49M) | Time:00:00.09 | Mem:0.00M, Peak:0.00M | CISCO_N9K_C9336C_FX2_V001, ViewLayer | Synchronizing object | SFP_management_symbol_node_-1.25
Fra:1 Mem:138.50M (Peak 138.50M) | Time:00:00.09 | Mem:0.00M, Peak:0.00M | CISCO_N9K_C9336C_FX2_V001, ViewLayer | Synchronizing object | SFP_management_symbol_node_0
Fra:1 Mem:138.51M (Peak 138.51M) | Time:00:00.09 | Mem:0.00M, Peak:0.00M | CISCO_N9K_C9336C_FX2_V001, ViewLayer | Synchronizing object | RJ45_management_symbol_line.003
Fra:1 Mem:138.51M (Peak 138.51M) | Time:00:00.09 | Mem:0.00M, Peak:0.00M | CISCO_N9K_C9336C_FX2_V001, ViewLayer | Synchronizing object | RJ45_management_symbol_line.002
Fra:1 Mem:138.51M (Peak 138.51M) | Time:00:00.09 | Mem:0.00M, Peak:0.00M | CISCO_N9K_C9336C_FX2_V001, ViewLayer | Synchronizing object | RJ45_management_symbol_line.001
Fra:1 Mem:138.51M (Peak 138.51M) | Time:00:00.09 | Mem:0.00M, Peak:0.00M | CISCO_N9K_C9336C_FX2_V001, ViewLayer | Synchronizing object | RJ45_management_symbol_line
Fra:1 Mem:138.51M (Peak 138.51M) | Time:00:00.09 | Mem:0.00M, Peak:0.00M | CISCO_N9K_C9336C_FX2_V001, ViewLayer | Synchronizing object | RJ45_management_symbol_node_1.25
Fra:1 Mem:138.51M (Peak 138.51M) | Time:00:00.09 | Mem:0.00M, Peak:0.00M | CISCO_N9K_C9336C_FX2_V001, ViewLayer | Synchronizing object | RJ45_management_symbol_node_-1.25
Fra:1 Mem:138.52M (Peak 138.52M) | Time:00:00.09 | Mem:0.00M, Peak:0.00M | CISCO_N9K_C9336C_FX2_V001, ViewLayer | Synchronizing object | RJ45_management_symbol_node_0
Fra:1 Mem:138.53M (Peak 138.53M) | Time:00:00.09 | Mem:0.00M, Peak:0.00M | CISCO_N9K_C9336C_FX2_V001, ViewLayer | Synchronizing object | Rear_service_retention_screw
Fra:1 Mem:138.54M (Peak 138.54M) | Time:00:00.09 | Mem:0.00M, Peak:0.00M | CISCO_N9K_C9336C_FX2_V001, ViewLayer | Synchronizing object | REAR_STS_legend
Fra:1 Mem:138.56M (Peak 138.56M) | Time:00:00.09 | Mem:0.00M, Peak:0.00M | CISCO_N9K_C9336C_FX2_V001, ViewLayer | Synchronizing object | REAR_STS_unpowered_indicator
Fra:1 Mem:138.56M (Peak 138.56M) | Time:00:00.09 | Mem:0.00M, Peak:0.00M | CISCO_N9K_C9336C_FX2_V001, ViewLayer | Synchronizing object | REAR_BCN_legend
Fra:1 Mem:138.57M (Peak 138.57M) | Time:00:00.09 | Mem:0.00M, Peak:0.00M | CISCO_N9K_C9336C_FX2_V001, ViewLayer | Synchronizing object | REAR_BCN_unpowered_indicator
Fra:1 Mem:138.57M (Peak 138.57M) | Time:00:00.09 | Mem:0.00M, Peak:0.00M | CISCO_N9K_C9336C_FX2_V001, ViewLayer | Synchronizing object | USB_A_contact_3
Fra:1 Mem:138.58M (Peak 138.58M) | Time:00:00.09 | Mem:0.00M, Peak:0.00M | CISCO_N9K_C9336C_FX2_V001, ViewLayer | Synchronizing object | USB_A_contact_2
Fra:1 Mem:138.58M (Peak 138.58M) | Time:00:00.09 | Mem:0.00M, Peak:0.00M | CISCO_N9K_C9336C_FX2_V001, ViewLayer | Synchronizing object | USB_A_contact_1
Fra:1 Mem:138.59M (Peak 138.59M) | Time:00:00.09 | Mem:0.00M, Peak:0.00M | CISCO_N9K_C9336C_FX2_V001, ViewLayer | Synchronizing object | USB_A_contact_0
Fra:1 Mem:138.59M (Peak 138.59M) | Time:00:00.09 | Mem:0.00M, Peak:0.00M | CISCO_N9K_C9336C_FX2_V001, ViewLayer | Synchronizing object | USB_A_black_tongue
Fra:1 Mem:138.59M (Peak 138.59M) | Time:00:00.09 | Mem:0.00M, Peak:0.00M | CISCO_N9K_C9336C_FX2_V001, ViewLayer | Synchronizing object | USB_A_deep_stop
Fra:1 Mem:138.59M (Peak 138.59M) | Time:00:00.09 | Mem:0.00M, Peak:0.00M | CISCO_N9K_C9336C_FX2_V001, ViewLayer | Synchronizing object | USB_A_metal_shell
Fra:1 Mem:138.61M (Peak 138.61M) | Time:00:00.09 | Mem:0.00M, Peak:0.00M | CISCO_N9K_C9336C_FX2_V001, ViewLayer | Synchronizing object | Mgmt_SFP_contact_9
Fra:1 Mem:138.61M (Peak 138.61M) | Time:00:00.09 | Mem:0.00M, Peak:0.00M | CISCO_N9K_C9336C_FX2_V001, ViewLayer | Synchronizing object | Mgmt_SFP_contact_8
Fra:1 Mem:138.61M (Peak 138.61M) | Time:00:00.09 | Mem:0.00M, Peak:0.00M | CISCO_N9K_C9336C_FX2_V001, ViewLayer | Synchronizing object | Mgmt_SFP_contact_7
Fra:1 Mem:138.61M (Peak 138.61M) | Time:00:00.09 | Mem:0.00M, Peak:0.00M | CISCO_N9K_C9336C_FX2_V001, ViewLayer | Synchronizing object | Mgmt_SFP_contact_6
Fra:1 Mem:138.62M (Peak 138.62M) | Time:00:00.09 | Mem:0.00M, Peak:0.00M | CISCO_N9K_C9336C_FX2_V001, ViewLayer | Synchronizing object | Mgmt_SFP_contact_5
Fra:1 Mem:138.62M (Peak 138.62M) | Time:00:00.09 | Mem:0.00M, Peak:0.00M | CISCO_N9K_C9336C_FX2_V001, ViewLayer | Synchronizing object | Mgmt_SFP_contact_4
Fra:1 Mem:138.62M (Peak 138.62M) | Time:00:00.09 | Mem:0.00M, Peak:0.00M | CISCO_N9K_C9336C_FX2_V001, ViewLayer | Synchronizing object | Mgmt_SFP_contact_3
Fra:1 Mem:138.62M (Peak 138.62M) | Time:00:00.09 | Mem:0.00M, Peak:0.00M | CISCO_N9K_C9336C_FX2_V001, ViewLayer | Synchronizing object | Mgmt_SFP_contact_2
Fra:1 Mem:138.62M (Peak 138.62M) | Time:00:00.09 | Mem:0.00M, Peak:0.00M | CISCO_N9K_C9336C_FX2_V001, ViewLayer | Synchronizing object | Mgmt_SFP_contact_1
Fra:1 Mem:138.62M (Peak 138.62M) | Time:00:00.09 | Mem:0.00M, Peak:0.00M | CISCO_N9K_C9336C_FX2_V001, ViewLayer | Synchronizing object | Mgmt_SFP_contact_0
Fra:1 Mem:138.62M (Peak 138.62M) | Time:00:00.09 | Mem:0.00M, Peak:0.00M | CISCO_N9K_C9336C_FX2_V001, ViewLayer | Synchronizing object | Mgmt_SFP_guide_5.8
Fra:1 Mem:138.63M (Peak 138.63M) | Time:00:00.09 | Mem:0.00M, Peak:0.00M | CISCO_N9K_C9336C_FX2_V001, ViewLayer | Synchronizing object | Mgmt_SFP_guide_-5.8
Fra:1 Mem:138.64M (Peak 138.64M) | Time:00:00.09 | Mem:0.00M, Peak:0.00M | CISCO_N9K_C9336C_FX2_V001, ViewLayer | Synchronizing object | Mgmt_SFP_recessed_connector_stop
Fra:1 Mem:138.65M (Peak 138.65M) | Time:00:00.09 | Mem:0.00M, Peak:0.00M | CISCO_N9K_C9336C_FX2_V001, ViewLayer | Synchronizing object | Mgmt_SFP_deep_metal_cage
Fra:1 Mem:138.66M (Peak 138.66M) | Time:00:00.09 | Mem:0.00M, Peak:0.00M | CISCO_N9K_C9336C_FX2_V001, ViewLayer | Synchronizing object | MANAGEMENT_RJ45_unpowered_corner_LED_5.6
Fra:1 Mem:138.67M (Peak 138.67M) | Time:00:00.09 | Mem:0.00M, Peak:0.00M | CISCO_N9K_C9336C_FX2_V001, ViewLayer | Synchronizing object | MANAGEMENT_RJ45_unpowered_corner_LED_-5.6
Fra:1 Mem:138.67M (Peak 138.67M) | Time:00:00.09 | Mem:0.00M, Peak:0.00M | CISCO_N9K_C9336C_FX2_V001, ViewLayer | Synchronizing object | MANAGEMENT_RJ45_contact_7
Fra:1 Mem:138.68M (Peak 138.68M) | Time:00:00.09 | Mem:0.00M, Peak:0.00M | CISCO_N9K_C9336C_FX2_V001, ViewLayer | Synchronizing object | MANAGEMENT_RJ45_contact_6
Fra:1 Mem:138.68M (Peak 138.68M) | Time:00:00.09 | Mem:0.00M, Peak:0.00M | CISCO_N9K_C9336C_FX2_V001, ViewLayer | Synchronizing object | MANAGEMENT_RJ45_contact_5
Fra:1 Mem:138.69M (Peak 138.69M) | Time:00:00.09 | Mem:0.00M, Peak:0.00M | CISCO_N9K_C9336C_FX2_V001, ViewLayer | Synchronizing object | MANAGEMENT_RJ45_contact_4
Fra:1 Mem:138.69M (Peak 138.69M) | Time:00:00.09 | Mem:0.00M, Peak:0.00M | CISCO_N9K_C9336C_FX2_V001, ViewLayer | Synchronizing object | MANAGEMENT_RJ45_contact_3
Fra:1 Mem:138.69M (Peak 138.69M) | Time:00:00.09 | Mem:0.00M, Peak:0.00M | CISCO_N9K_C9336C_FX2_V001, ViewLayer | Synchronizing object | MANAGEMENT_RJ45_contact_2
Fra:1 Mem:138.70M (Peak 138.70M) | Time:00:00.09 | Mem:0.00M, Peak:0.00M | CISCO_N9K_C9336C_FX2_V001, ViewLayer | Synchronizing object | MANAGEMENT_RJ45_contact_1
Fra:1 Mem:138.70M (Peak 138.70M) | Time:00:00.09 | Mem:0.00M, Peak:0.00M | CISCO_N9K_C9336C_FX2_V001, ViewLayer | Synchronizing object | MANAGEMENT_RJ45_contact_0
Fra:1 Mem:138.71M (Peak 138.71M) | Time:00:00.09 | Mem:0.00M, Peak:0.00M | CISCO_N9K_C9336C_FX2_V001, ViewLayer | Synchronizing object | MANAGEMENT_RJ45_deep_connector_stop
Fra:1 Mem:138.71M (Peak 138.71M) | Time:00:00.09 | Mem:0.00M, Peak:0.00M | CISCO_N9K_C9336C_FX2_V001, ViewLayer | Synchronizing object | MANAGEMENT_RJ45_keyed_plastic_body
Fra:1 Mem:138.71M (Peak 138.71M) | Time:00:00.09 | Mem:0.00M, Peak:0.00M | CISCO_N9K_C9336C_FX2_V001, ViewLayer | Synchronizing object | MANAGEMENT_RJ45_metal_shield
Fra:1 Mem:138.73M (Peak 138.73M) | Time:00:00.09 | Mem:0.00M, Peak:0.00M | CISCO_N9K_C9336C_FX2_V001, ViewLayer | Synchronizing object | CONSOLE_RJ45_unpowered_corner_LED_5.6
Fra:1 Mem:138.73M (Peak 138.73M) | Time:00:00.09 | Mem:0.00M, Peak:0.00M | CISCO_N9K_C9336C_FX2_V001, ViewLayer | Synchronizing object | CONSOLE_RJ45_unpowered_corner_LED_-5.6
Fra:1 Mem:138.74M (Peak 138.74M) | Time:00:00.09 | Mem:0.00M, Peak:0.00M | CISCO_N9K_C9336C_FX2_V001, ViewLayer | Synchronizing object | CONSOLE_RJ45_contact_7
Fra:1 Mem:138.74M (Peak 138.74M) | Time:00:00.09 | Mem:0.00M, Peak:0.00M | CISCO_N9K_C9336C_FX2_V001, ViewLayer | Synchronizing object | CONSOLE_RJ45_contact_6
Fra:1 Mem:138.75M (Peak 138.75M) | Time:00:00.09 | Mem:0.00M, Peak:0.00M | CISCO_N9K_C9336C_FX2_V001, ViewLayer | Synchronizing object | CONSOLE_RJ45_contact_5
Fra:1 Mem:138.75M (Peak 138.75M) | Time:00:00.09 | Mem:0.00M, Peak:0.00M | CISCO_N9K_C9336C_FX2_V001, ViewLayer | Synchronizing object | CONSOLE_RJ45_contact_4
Fra:1 Mem:138.76M (Peak 138.76M) | Time:00:00.09 | Mem:0.00M, Peak:0.00M | CISCO_N9K_C9336C_FX2_V001, ViewLayer | Synchronizing object | CONSOLE_RJ45_contact_3
Fra:1 Mem:138.76M (Peak 138.76M) | Time:00:00.09 | Mem:0.00M, Peak:0.00M | CISCO_N9K_C9336C_FX2_V001, ViewLayer | Synchronizing object | CONSOLE_RJ45_contact_2
Fra:1 Mem:138.76M (Peak 138.76M) | Time:00:00.09 | Mem:0.00M, Peak:0.00M | CISCO_N9K_C9336C_FX2_V001, ViewLayer | Synchronizing object | CONSOLE_RJ45_contact_1
Fra:1 Mem:138.77M (Peak 138.77M) | Time:00:00.09 | Mem:0.00M, Peak:0.00M | CISCO_N9K_C9336C_FX2_V001, ViewLayer | Synchronizing object | CONSOLE_RJ45_contact_0
Fra:1 Mem:138.77M (Peak 138.77M) | Time:00:00.09 | Mem:0.00M, Peak:0.00M | CISCO_N9K_C9336C_FX2_V001, ViewLayer | Synchronizing object | CONSOLE_RJ45_deep_connector_stop
Fra:1 Mem:138.77M (Peak 138.77M) | Time:00:00.09 | Mem:0.00M, Peak:0.00M | CISCO_N9K_C9336C_FX2_V001, ViewLayer | Synchronizing object | CONSOLE_RJ45_keyed_plastic_body
Fra:1 Mem:138.77M (Peak 138.77M) | Time:00:00.09 | Mem:0.00M, Peak:0.00M | CISCO_N9K_C9336C_FX2_V001, ViewLayer | Synchronizing object | CONSOLE_RJ45_metal_shield
Fra:1 Mem:138.79M (Peak 138.79M) | Time:00:00.09 | Mem:0.00M, Peak:0.00M | CISCO_N9K_C9336C_FX2_V001, ViewLayer | Synchronizing object | Rear_service_panel_true_apertures
Fra:1 Mem:138.82M (Peak 138.82M) | Time:00:00.09 | Mem:0.00M, Peak:0.00M | CISCO_N9K_C9336C_FX2_V001, ViewLayer | Synchronizing object | PSU2_face_screw_24.5_39.3
Fra:1 Mem:138.84M (Peak 138.84M) | Time:00:00.09 | Mem:0.00M, Peak:0.00M | CISCO_N9K_C9336C_FX2_V001, ViewLayer | Synchronizing object | PSU2_face_screw_24.5_4.1
Fra:1 Mem:138.86M (Peak 138.86M) | Time:00:00.09 | Mem:0.00M, Peak:0.00M | CISCO_N9K_C9336C_FX2_V001, ViewLayer | Synchronizing object | PSU2_face_screw_-24.5_39.3
Fra:1 Mem:138.87M (Peak 138.87M) | Time:00:00.09 | Mem:0.00M, Peak:0.00M | CISCO_N9K_C9336C_FX2_V001, ViewLayer | Synchronizing object | PSU2_face_screw_-24.5_4.1
Fra:1 Mem:138.89M (Peak 138.89M) | Time:00:00.10 | Mem:0.00M, Peak:0.00M | CISCO_N9K_C9336C_FX2_V001, ViewLayer | Synchronizing object | PSU2_OK_legend
Fra:1 Mem:138.89M (Peak 138.89M) | Time:00:00.10 | Mem:0.00M, Peak:0.00M | CISCO_N9K_C9336C_FX2_V001, ViewLayer | Synchronizing object | PSU2_FAIL_legend
Fra:1 Mem:138.90M (Peak 138.90M) | Time:00:00.10 | Mem:0.00M, Peak:0.00M | CISCO_N9K_C9336C_FX2_V001, ViewLayer | Synchronizing object | PSU2_unpowered_LED_32.6
Fra:1 Mem:138.90M (Peak 138.90M) | Time:00:00.10 | Mem:0.00M, Peak:0.00M | CISCO_N9K_C9336C_FX2_V001, ViewLayer | Synchronizing object | PSU2_unpowered_LED_36.8
Fra:1 Mem:138.90M (Peak 138.90M) | Time:00:00.10 | Mem:0.00M, Peak:0.00M | CISCO_N9K_C9336C_FX2_V001, ViewLayer | Synchronizing object | PSU2_retainer_rib_315.4
Fra:1 Mem:138.91M (Peak 138.91M) | Time:00:00.10 | Mem:0.00M, Peak:0.00M | CISCO_N9K_C9336C_FX2_V001, ViewLayer | Synchronizing object | PSU2_retainer_rib_313.2
Fra:1 Mem:138.91M (Peak 138.91M) | Time:00:00.10 | Mem:0.00M, Peak:0.00M | CISCO_N9K_C9336C_FX2_V001, ViewLayer | Synchronizing object | PSU2_retainer_rib_311
Fra:1 Mem:138.92M (Peak 138.92M) | Time:00:00.10 | Mem:0.00M, Peak:0.00M | CISCO_N9K_C9336C_FX2_V001, ViewLayer | Synchronizing object | PSU2_retainer_rib_308.8
Fra:1 Mem:138.92M (Peak 138.92M) | Time:00:00.10 | Mem:0.00M, Peak:0.00M | CISCO_N9K_C9336C_FX2_V001, ViewLayer | Synchronizing object | PSU2_retainer_rib_306.6
Fra:1 Mem:138.92M (Peak 138.92M) | Time:00:00.10 | Mem:0.00M, Peak:0.00M | CISCO_N9K_C9336C_FX2_V001, ViewLayer | Synchronizing object | PSU2_retainer_rib_304.4
Fra:1 Mem:138.93M (Peak 138.93M) | Time:00:00.10 | Mem:0.00M, Peak:0.00M | CISCO_N9K_C9336C_FX2_V001, ViewLayer | Synchronizing object | PSU2_retainer_rib_302.2
Fra:1 Mem:138.93M (Peak 138.93M) | Time:00:00.10 | Mem:0.00M, Peak:0.00M | CISCO_N9K_C9336C_FX2_V001, ViewLayer | Synchronizing object | PSU2_retainer_rib_300
Fra:1 Mem:138.94M (Peak 138.94M) | Time:00:00.10 | Mem:0.00M, Peak:0.00M | CISCO_N9K_C9336C_FX2_V001, ViewLayer | Synchronizing object | PSU2_stowed_nylon_retention_loop
Fra:1 Mem:138.94M (Peak 138.94M) | Time:00:00.10 | Mem:0.00M, Peak:0.00M | CISCO_N9K_C9336C_FX2_V001, ViewLayer | Synchronizing object | PSU2_cord_retainer_anchor
Fra:1 Mem:138.95M (Peak 138.95M) | Time:00:00.10 | Mem:0.00M, Peak:0.00M | CISCO_N9K_C9336C_FX2_V001, ViewLayer | Synchronizing object | PSU2_BLUE_release_latch
Fra:1 Mem:138.95M (Peak 138.95M) | Time:00:00.10 | Mem:0.00M, Peak:0.00M | CISCO_N9K_C9336C_FX2_V001, ViewLayer | Synchronizing object | PSU2_silver_U_pull_handle
Fra:1 Mem:143.68M (Peak 143.68M) | Time:00:00.10 | Mem:0.00M, Peak:0.00M | CISCO_N9K_C9336C_FX2_V001, ViewLayer | Synchronizing object | PSU2_IEC_pin_2
Fra:1 Mem:143.69M (Peak 143.69M) | Time:00:00.10 | Mem:0.00M, Peak:0.00M | CISCO_N9K_C9336C_FX2_V001, ViewLayer | Synchronizing object | PSU2_IEC_pin_1
Fra:1 Mem:143.71M (Peak 143.71M) | Time:00:00.10 | Mem:0.00M, Peak:0.00M | CISCO_N9K_C9336C_FX2_V001, ViewLayer | Synchronizing object | PSU2_IEC_pin_0
Fra:1 Mem:143.72M (Peak 143.72M) | Time:00:00.10 | Mem:0.00M, Peak:0.00M | CISCO_N9K_C9336C_FX2_V001, ViewLayer | Synchronizing object | PSU2_IEC_recessed_black_floor
Fra:1 Mem:143.72M (Peak 143.72M) | Time:00:00.10 | Mem:0.00M, Peak:0.00M | CISCO_N9K_C9336C_FX2_V001, ViewLayer | Synchronizing object | PSU2_IEC_C14_black_inlet_housing
Fra:1 Mem:143.74M (Peak 143.74M) | Time:00:00.10 | Mem:0.00M, Peak:0.00M | CISCO_N9K_C9336C_FX2_V001, ViewLayer | Synchronizing object | PSU2_true_hex_cooling_vents
Fra:1 Mem:144.22M (Peak 144.22M) | Time:00:00.10 | Mem:0.00M, Peak:0.00M | CISCO_N9K_C9336C_FX2_V001, ViewLayer | Synchronizing object | PSU2_inlet_vent_divider
Fra:1 Mem:144.22M (Peak 144.22M) | Time:00:00.10 | Mem:0.00M, Peak:0.00M | CISCO_N9K_C9336C_FX2_V001, ViewLayer | Synchronizing object | PSU2_front_face_rim
Fra:1 Mem:144.24M (Peak 144.24M) | Time:00:00.10 | Mem:0.00M, Peak:0.00M | CISCO_N9K_C9336C_FX2_V001, ViewLayer | Synchronizing object | PSU2_internal_opaque_baffle
Fra:1 Mem:144.24M (Peak 144.24M) | Time:00:00.10 | Mem:0.00M, Peak:0.00M | CISCO_N9K_C9336C_FX2_V001, ViewLayer | Synchronizing object | PSU2_internal_mating_block
Fra:1 Mem:144.25M (Peak 144.25M) | Time:00:00.10 | Mem:0.00M, Peak:0.00M | CISCO_N9K_C9336C_FX2_V001, ViewLayer | Synchronizing object | PSU2_rear_internal_endcap
Fra:1 Mem:144.26M (Peak 144.26M) | Time:00:00.10 | Mem:0.00M, Peak:0.00M | CISCO_N9K_C9336C_FX2_V001, ViewLayer | Synchronizing object | PSU2_formed_silver_shell
Fra:1 Mem:144.28M (Peak 144.28M) | Time:00:00.10 | Mem:0.00M, Peak:0.00M | CISCO_N9K_C9336C_FX2_V001, ViewLayer | Synchronizing object | PSU1_face_screw_24.5_39.3
Fra:1 Mem:144.30M (Peak 144.30M) | Time:00:00.10 | Mem:0.00M, Peak:0.00M | CISCO_N9K_C9336C_FX2_V001, ViewLayer | Synchronizing object | PSU1_face_screw_24.5_4.1
Fra:1 Mem:144.31M (Peak 144.31M) | Time:00:00.10 | Mem:0.00M, Peak:0.00M | CISCO_N9K_C9336C_FX2_V001, ViewLayer | Synchronizing object | PSU1_face_screw_-24.5_39.3
Fra:1 Mem:144.33M (Peak 144.33M) | Time:00:00.10 | Mem:0.00M, Peak:0.00M | CISCO_N9K_C9336C_FX2_V001, ViewLayer | Synchronizing object | PSU1_face_screw_-24.5_4.1
Fra:1 Mem:144.35M (Peak 144.35M) | Time:00:00.10 | Mem:0.00M, Peak:0.00M | CISCO_N9K_C9336C_FX2_V001, ViewLayer | Synchronizing object | PSU1_OK_legend
Fra:1 Mem:144.35M (Peak 144.35M) | Time:00:00.10 | Mem:0.00M, Peak:0.00M | CISCO_N9K_C9336C_FX2_V001, ViewLayer | Synchronizing object | PSU1_FAIL_legend
Fra:1 Mem:144.36M (Peak 144.36M) | Time:00:00.10 | Mem:0.00M, Peak:0.00M | CISCO_N9K_C9336C_FX2_V001, ViewLayer | Synchronizing object | PSU1_unpowered_LED_32.6
Fra:1 Mem:144.36M (Peak 144.36M) | Time:00:00.10 | Mem:0.00M, Peak:0.00M | CISCO_N9K_C9336C_FX2_V001, ViewLayer | Synchronizing object | PSU1_unpowered_LED_36.8
Fra:1 Mem:144.36M (Peak 144.36M) | Time:00:00.10 | Mem:0.00M, Peak:0.00M | CISCO_N9K_C9336C_FX2_V001, ViewLayer | Synchronizing object | PSU1_retainer_rib_315.4
Fra:1 Mem:144.37M (Peak 144.37M) | Time:00:00.10 | Mem:0.00M, Peak:0.00M | CISCO_N9K_C9336C_FX2_V001, ViewLayer | Synchronizing object | PSU1_retainer_rib_313.2
Fra:1 Mem:144.37M (Peak 144.37M) | Time:00:00.10 | Mem:0.00M, Peak:0.00M | CISCO_N9K_C9336C_FX2_V001, ViewLayer | Synchronizing object | PSU1_retainer_rib_311
Fra:1 Mem:144.37M (Peak 144.37M) | Time:00:00.10 | Mem:0.00M, Peak:0.00M | CISCO_N9K_C9336C_FX2_V001, ViewLayer | Synchronizing object | PSU1_retainer_rib_308.8
Fra:1 Mem:144.38M (Peak 144.38M) | Time:00:00.10 | Mem:0.00M, Peak:0.00M | CISCO_N9K_C9336C_FX2_V001, ViewLayer | Synchronizing object | PSU1_retainer_rib_306.6
Fra:1 Mem:144.38M (Peak 144.38M) | Time:00:00.10 | Mem:0.00M, Peak:0.00M | CISCO_N9K_C9336C_FX2_V001, ViewLayer | Synchronizing object | PSU1_retainer_rib_304.4
Fra:1 Mem:144.39M (Peak 144.39M) | Time:00:00.10 | Mem:0.00M, Peak:0.00M | CISCO_N9K_C9336C_FX2_V001, ViewLayer | Synchronizing object | PSU1_retainer_rib_302.2
Fra:1 Mem:144.39M (Peak 144.39M) | Time:00:00.10 | Mem:0.00M, Peak:0.00M | CISCO_N9K_C9336C_FX2_V001, ViewLayer | Synchronizing object | PSU1_retainer_rib_300
Fra:1 Mem:144.40M (Peak 144.40M) | Time:00:00.10 | Mem:0.00M, Peak:0.00M | CISCO_N9K_C9336C_FX2_V001, ViewLayer | Synchronizing object | PSU1_stowed_nylon_retention_loop
Fra:1 Mem:144.40M (Peak 144.40M) | Time:00:00.10 | Mem:0.00M, Peak:0.00M | CISCO_N9K_C9336C_FX2_V001, ViewLayer | Synchronizing object | PSU1_cord_retainer_anchor
Fra:1 Mem:144.41M (Peak 144.41M) | Time:00:00.10 | Mem:0.00M, Peak:0.00M | CISCO_N9K_C9336C_FX2_V001, ViewLayer | Synchronizing object | PSU1_BLUE_release_latch
Fra:1 Mem:144.41M (Peak 144.41M) | Time:00:00.10 | Mem:0.00M, Peak:0.00M | CISCO_N9K_C9336C_FX2_V001, ViewLayer | Synchronizing object | PSU1_silver_U_pull_handle
Fra:1 Mem:153.66M (Peak 153.66M) | Time:00:00.10 | Mem:0.00M, Peak:0.00M | CISCO_N9K_C9336C_FX2_V001, ViewLayer | Synchronizing object | PSU1_IEC_pin_2
Fra:1 Mem:153.67M (Peak 153.67M) | Time:00:00.10 | Mem:0.00M, Peak:0.00M | CISCO_N9K_C9336C_FX2_V001, ViewLayer | Synchronizing object | PSU1_IEC_pin_1
Fra:1 Mem:153.69M (Peak 153.69M) | Time:00:00.10 | Mem:0.00M, Peak:0.00M | CISCO_N9K_C9336C_FX2_V001, ViewLayer | Synchronizing object | PSU1_IEC_pin_0
Fra:1 Mem:153.70M (Peak 153.70M) | Time:00:00.10 | Mem:0.00M, Peak:0.00M | CISCO_N9K_C9336C_FX2_V001, ViewLayer | Synchronizing object | PSU1_IEC_recessed_black_floor
Fra:1 Mem:153.70M (Peak 153.70M) | Time:00:00.10 | Mem:0.00M, Peak:0.00M | CISCO_N9K_C9336C_FX2_V001, ViewLayer | Synchronizing object | PSU1_IEC_C14_black_inlet_housing
Fra:1 Mem:153.72M (Peak 153.72M) | Time:00:00.10 | Mem:0.00M, Peak:0.00M | CISCO_N9K_C9336C_FX2_V001, ViewLayer | Synchronizing object | PSU1_true_hex_cooling_vents
Fra:1 Mem:154.20M (Peak 154.20M) | Time:00:00.11 | Mem:0.00M, Peak:0.00M | CISCO_N9K_C9336C_FX2_V001, ViewLayer | Synchronizing object | PSU1_inlet_vent_divider
Fra:1 Mem:154.20M (Peak 154.20M) | Time:00:00.11 | Mem:0.00M, Peak:0.00M | CISCO_N9K_C9336C_FX2_V001, ViewLayer | Synchronizing object | PSU1_front_face_rim
Fra:1 Mem:154.22M (Peak 154.22M) | Time:00:00.11 | Mem:0.00M, Peak:0.00M | CISCO_N9K_C9336C_FX2_V001, ViewLayer | Synchronizing object | PSU1_internal_opaque_baffle
Fra:1 Mem:154.22M (Peak 154.22M) | Time:00:00.11 | Mem:0.00M, Peak:0.00M | CISCO_N9K_C9336C_FX2_V001, ViewLayer | Synchronizing object | PSU1_internal_mating_block
Fra:1 Mem:154.23M (Peak 154.23M) | Time:00:00.11 | Mem:0.00M, Peak:0.00M | CISCO_N9K_C9336C_FX2_V001, ViewLayer | Synchronizing object | PSU1_rear_internal_endcap
Fra:1 Mem:154.24M (Peak 154.24M) | Time:00:00.11 | Mem:0.00M, Peak:0.00M | CISCO_N9K_C9336C_FX2_V001, ViewLayer | Synchronizing object | PSU1_formed_silver_shell
Fra:1 Mem:154.26M (Peak 154.26M) | Time:00:00.11 | Mem:0.00M, Peak:0.00M | CISCO_N9K_C9336C_FX2_V001, ViewLayer | Synchronizing object | Fan3_fine_vertical_thumb_rib_1_9
Fra:1 Mem:154.26M (Peak 154.26M) | Time:00:00.11 | Mem:0.00M, Peak:0.00M | CISCO_N9K_C9336C_FX2_V001, ViewLayer | Synchronizing object | Fan3_fine_vertical_thumb_rib_1_8
Fra:1 Mem:154.27M (Peak 154.27M) | Time:00:00.11 | Mem:0.00M, Peak:0.00M | CISCO_N9K_C9336C_FX2_V001, ViewLayer | Synchronizing object | Fan3_fine_vertical_thumb_rib_1_7
Fra:1 Mem:154.27M (Peak 154.27M) | Time:00:00.11 | Mem:0.00M, Peak:0.00M | CISCO_N9K_C9336C_FX2_V001, ViewLayer | Synchronizing object | Fan3_fine_vertical_thumb_rib_1_6
Fra:1 Mem:154.28M (Peak 154.28M) | Time:00:00.11 | Mem:0.00M, Peak:0.00M | CISCO_N9K_C9336C_FX2_V001, ViewLayer | Synchronizing object | Fan3_fine_vertical_thumb_rib_1_5
Fra:1 Mem:154.28M (Peak 154.28M) | Time:00:00.11 | Mem:0.00M, Peak:0.00M | CISCO_N9K_C9336C_FX2_V001, ViewLayer | Synchronizing object | Fan3_fine_vertical_thumb_rib_1_4
Fra:1 Mem:154.29M (Peak 154.29M) | Time:00:00.11 | Mem:0.00M, Peak:0.00M | CISCO_N9K_C9336C_FX2_V001, ViewLayer | Synchronizing object | Fan3_fine_vertical_thumb_rib_1_3
Fra:1 Mem:154.29M (Peak 154.29M) | Time:00:00.11 | Mem:0.00M, Peak:0.00M | CISCO_N9K_C9336C_FX2_V001, ViewLayer | Synchronizing object | Fan3_fine_vertical_thumb_rib_1_2
Fra:1 Mem:154.29M (Peak 154.29M) | Time:00:00.11 | Mem:0.00M, Peak:0.00M | CISCO_N9K_C9336C_FX2_V001, ViewLayer | Synchronizing object | Fan3_fine_vertical_thumb_rib_1_1
Fra:1 Mem:154.30M (Peak 154.30M) | Time:00:00.11 | Mem:0.00M, Peak:0.00M | CISCO_N9K_C9336C_FX2_V001, ViewLayer | Synchronizing object | Fan3_fine_vertical_thumb_rib_1_0
Fra:1 Mem:154.30M (Peak 154.30M) | Time:00:00.11 | Mem:0.00M, Peak:0.00M | CISCO_N9K_C9336C_FX2_V001, ViewLayer | Synchronizing object | Fan3_fine_vertical_thumb_rib_-1_9
Fra:1 Mem:154.31M (Peak 154.31M) | Time:00:00.11 | Mem:0.00M, Peak:0.00M | CISCO_N9K_C9336C_FX2_V001, ViewLayer | Synchronizing object | Fan3_fine_vertical_thumb_rib_-1_8
Fra:1 Mem:154.31M (Peak 154.31M) | Time:00:00.11 | Mem:0.00M, Peak:0.00M | CISCO_N9K_C9336C_FX2_V001, ViewLayer | Synchronizing object | Fan3_fine_vertical_thumb_rib_-1_7
Fra:1 Mem:154.32M (Peak 154.32M) | Time:00:00.11 | Mem:0.00M, Peak:0.00M | CISCO_N9K_C9336C_FX2_V001, ViewLayer | Synchronizing object | Fan3_fine_vertical_thumb_rib_-1_6
Fra:1 Mem:154.32M (Peak 154.32M) | Time:00:00.11 | Mem:0.00M, Peak:0.00M | CISCO_N9K_C9336C_FX2_V001, ViewLayer | Synchronizing object | Fan3_fine_vertical_thumb_rib_-1_5
Fra:1 Mem:154.32M (Peak 154.32M) | Time:00:00.11 | Mem:0.00M, Peak:0.00M | CISCO_N9K_C9336C_FX2_V001, ViewLayer | Synchronizing object | Fan3_fine_vertical_thumb_rib_-1_4
Fra:1 Mem:154.33M (Peak 154.33M) | Time:00:00.11 | Mem:0.00M, Peak:0.00M | CISCO_N9K_C9336C_FX2_V001, ViewLayer | Synchronizing object | Fan3_fine_vertical_thumb_rib_-1_3
Fra:1 Mem:154.33M (Peak 154.33M) | Time:00:00.11 | Mem:0.00M, Peak:0.00M | CISCO_N9K_C9336C_FX2_V001, ViewLayer | Synchronizing object | Fan3_fine_vertical_thumb_rib_-1_2
Fra:1 Mem:154.34M (Peak 154.34M) | Time:00:00.11 | Mem:0.00M, Peak:0.00M | CISCO_N9K_C9336C_FX2_V001, ViewLayer | Synchronizing object | Fan3_fine_vertical_thumb_rib_-1_1
Fra:1 Mem:154.34M (Peak 154.34M) | Time:00:00.11 | Mem:0.00M, Peak:0.00M | CISCO_N9K_C9336C_FX2_V001, ViewLayer | Synchronizing object | Fan3_fine_vertical_thumb_rib_-1_0
Fra:1 Mem:154.35M (Peak 154.35M) | Time:00:00.11 | Mem:0.00M, Peak:0.00M | CISCO_N9K_C9336C_FX2_V001, ViewLayer | Synchronizing object | Fan2_fine_vertical_thumb_rib_1_9
Fra:1 Mem:154.35M (Peak 154.35M) | Time:00:00.11 | Mem:0.00M, Peak:0.00M | CISCO_N9K_C9336C_FX2_V001, ViewLayer | Synchronizing object | Fan2_fine_vertical_thumb_rib_1_8
Fra:1 Mem:154.35M (Peak 154.35M) | Time:00:00.11 | Mem:0.00M, Peak:0.00M | CISCO_N9K_C9336C_FX2_V001, ViewLayer | Synchronizing object | Fan2_fine_vertical_thumb_rib_1_7
Fra:1 Mem:154.36M (Peak 154.36M) | Time:00:00.11 | Mem:0.00M, Peak:0.00M | CISCO_N9K_C9336C_FX2_V001, ViewLayer | Synchronizing object | Fan2_fine_vertical_thumb_rib_1_6
Fra:1 Mem:154.36M (Peak 154.36M) | Time:00:00.11 | Mem:0.00M, Peak:0.00M | CISCO_N9K_C9336C_FX2_V001, ViewLayer | Synchronizing object | Fan2_fine_vertical_thumb_rib_1_5
Fra:1 Mem:154.37M (Peak 154.37M) | Time:00:00.11 | Mem:0.00M, Peak:0.00M | CISCO_N9K_C9336C_FX2_V001, ViewLayer | Synchronizing object | Fan2_fine_vertical_thumb_rib_1_4
Fra:1 Mem:154.37M (Peak 154.37M) | Time:00:00.11 | Mem:0.00M, Peak:0.00M | CISCO_N9K_C9336C_FX2_V001, ViewLayer | Synchronizing object | Fan2_fine_vertical_thumb_rib_1_3
Fra:1 Mem:154.38M (Peak 154.38M) | Time:00:00.11 | Mem:0.00M, Peak:0.00M | CISCO_N9K_C9336C_FX2_V001, ViewLayer | Synchronizing object | Fan2_fine_vertical_thumb_rib_1_2
Fra:1 Mem:154.38M (Peak 154.38M) | Time:00:00.11 | Mem:0.00M, Peak:0.00M | CISCO_N9K_C9336C_FX2_V001, ViewLayer | Synchronizing object | Fan2_fine_vertical_thumb_rib_1_1
Fra:1 Mem:154.38M (Peak 154.38M) | Time:00:00.11 | Mem:0.00M, Peak:0.00M | CISCO_N9K_C9336C_FX2_V001, ViewLayer | Synchronizing object | Fan2_fine_vertical_thumb_rib_1_0
Fra:1 Mem:154.39M (Peak 154.39M) | Time:00:00.11 | Mem:0.00M, Peak:0.00M | CISCO_N9K_C9336C_FX2_V001, ViewLayer | Synchronizing object | Fan2_fine_vertical_thumb_rib_-1_9
Fra:1 Mem:154.39M (Peak 154.39M) | Time:00:00.11 | Mem:0.00M, Peak:0.00M | CISCO_N9K_C9336C_FX2_V001, ViewLayer | Synchronizing object | Fan2_fine_vertical_thumb_rib_-1_8
Fra:1 Mem:154.40M (Peak 154.40M) | Time:00:00.11 | Mem:0.00M, Peak:0.00M | CISCO_N9K_C9336C_FX2_V001, ViewLayer | Synchronizing object | Fan2_fine_vertical_thumb_rib_-1_7
Fra:1 Mem:154.40M (Peak 154.40M) | Time:00:00.11 | Mem:0.00M, Peak:0.00M | CISCO_N9K_C9336C_FX2_V001, ViewLayer | Synchronizing object | Fan2_fine_vertical_thumb_rib_-1_6
Fra:1 Mem:154.41M (Peak 154.41M) | Time:00:00.11 | Mem:0.00M, Peak:0.00M | CISCO_N9K_C9336C_FX2_V001, ViewLayer | Synchronizing object | Fan2_fine_vertical_thumb_rib_-1_5
Fra:1 Mem:154.41M (Peak 154.41M) | Time:00:00.11 | Mem:0.00M, Peak:0.00M | CISCO_N9K_C9336C_FX2_V001, ViewLayer | Synchronizing object | Fan2_fine_vertical_thumb_rib_-1_4
Fra:1 Mem:154.41M (Peak 154.41M) | Time:00:00.11 | Mem:0.00M, Peak:0.00M | CISCO_N9K_C9336C_FX2_V001, ViewLayer | Synchronizing object | Fan2_fine_vertical_thumb_rib_-1_3
Fra:1 Mem:154.42M (Peak 154.42M) | Time:00:00.11 | Mem:0.00M, Peak:0.00M | CISCO_N9K_C9336C_FX2_V001, ViewLayer | Synchronizing object | Fan2_fine_vertical_thumb_rib_-1_2
Fra:1 Mem:154.42M (Peak 154.42M) | Time:00:00.11 | Mem:0.00M, Peak:0.00M | CISCO_N9K_C9336C_FX2_V001, ViewLayer | Synchronizing object | Fan2_fine_vertical_thumb_rib_-1_1
Fra:1 Mem:154.43M (Peak 154.43M) | Time:00:00.11 | Mem:0.00M, Peak:0.00M | CISCO_N9K_C9336C_FX2_V001, ViewLayer | Synchronizing object | Fan2_fine_vertical_thumb_rib_-1_0
Fra:1 Mem:154.43M (Peak 154.43M) | Time:00:00.11 | Mem:0.00M, Peak:0.00M | CISCO_N9K_C9336C_FX2_V001, ViewLayer | Synchronizing object | Fan1_fine_vertical_thumb_rib_1_9
Fra:1 Mem:154.44M (Peak 154.44M) | Time:00:00.11 | Mem:0.00M, Peak:0.00M | CISCO_N9K_C9336C_FX2_V001, ViewLayer | Synchronizing object | Fan1_fine_vertical_thumb_rib_1_8
Fra:1 Mem:154.44M (Peak 154.44M) | Time:00:00.11 | Mem:0.00M, Peak:0.00M | CISCO_N9K_C9336C_FX2_V001, ViewLayer | Synchronizing object | Fan1_fine_vertical_thumb_rib_1_7
Fra:1 Mem:154.45M (Peak 154.45M) | Time:00:00.11 | Mem:0.00M, Peak:0.00M | CISCO_N9K_C9336C_FX2_V001, ViewLayer | Synchronizing object | Fan1_fine_vertical_thumb_rib_1_6
Fra:1 Mem:154.45M (Peak 154.45M) | Time:00:00.11 | Mem:0.00M, Peak:0.00M | CISCO_N9K_C9336C_FX2_V001, ViewLayer | Synchronizing object | Fan1_fine_vertical_thumb_rib_1_5
Fra:1 Mem:154.45M (Peak 154.45M) | Time:00:00.11 | Mem:0.00M, Peak:0.00M | CISCO_N9K_C9336C_FX2_V001, ViewLayer | Synchronizing object | Fan1_fine_vertical_thumb_rib_1_4
Fra:1 Mem:154.46M (Peak 154.46M) | Time:00:00.11 | Mem:0.00M, Peak:0.00M | CISCO_N9K_C9336C_FX2_V001, ViewLayer | Synchronizing object | Fan1_fine_vertical_thumb_rib_1_3
Fra:1 Mem:154.46M (Peak 154.46M) | Time:00:00.11 | Mem:0.00M, Peak:0.00M | CISCO_N9K_C9336C_FX2_V001, ViewLayer | Synchronizing object | Fan1_fine_vertical_thumb_rib_1_2
Fra:1 Mem:154.47M (Peak 154.47M) | Time:00:00.11 | Mem:0.00M, Peak:0.00M | CISCO_N9K_C9336C_FX2_V001, ViewLayer | Synchronizing object | Fan1_fine_vertical_thumb_rib_1_1
Fra:1 Mem:154.47M (Peak 154.47M) | Time:00:00.11 | Mem:0.00M, Peak:0.00M | CISCO_N9K_C9336C_FX2_V001, ViewLayer | Synchronizing object | Fan1_fine_vertical_thumb_rib_1_0
Fra:1 Mem:154.48M (Peak 154.48M) | Time:00:00.11 | Mem:0.00M, Peak:0.00M | CISCO_N9K_C9336C_FX2_V001, ViewLayer | Synchronizing object | Fan1_fine_vertical_thumb_rib_-1_9
Fra:1 Mem:154.48M (Peak 154.48M) | Time:00:00.11 | Mem:0.00M, Peak:0.00M | CISCO_N9K_C9336C_FX2_V001, ViewLayer | Synchronizing object | Fan1_fine_vertical_thumb_rib_-1_8
Fra:1 Mem:154.48M (Peak 154.48M) | Time:00:00.11 | Mem:0.00M, Peak:0.00M | CISCO_N9K_C9336C_FX2_V001, ViewLayer | Synchronizing object | Fan1_fine_vertical_thumb_rib_-1_7
Fra:1 Mem:154.49M (Peak 154.49M) | Time:00:00.11 | Mem:0.00M, Peak:0.00M | CISCO_N9K_C9336C_FX2_V001, ViewLayer | Synchronizing object | Fan1_fine_vertical_thumb_rib_-1_6
Fra:1 Mem:154.49M (Peak 154.49M) | Time:00:00.11 | Mem:0.00M, Peak:0.00M | CISCO_N9K_C9336C_FX2_V001, ViewLayer | Synchronizing object | Fan1_fine_vertical_thumb_rib_-1_5
Fra:1 Mem:154.50M (Peak 154.50M) | Time:00:00.11 | Mem:0.00M, Peak:0.00M | CISCO_N9K_C9336C_FX2_V001, ViewLayer | Synchronizing object | Fan1_fine_vertical_thumb_rib_-1_4
Fra:1 Mem:154.50M (Peak 154.50M) | Time:00:00.11 | Mem:0.00M, Peak:0.00M | CISCO_N9K_C9336C_FX2_V001, ViewLayer | Synchronizing object | Fan1_fine_vertical_thumb_rib_-1_3
Fra:1 Mem:154.51M (Peak 154.51M) | Time:00:00.11 | Mem:0.00M, Peak:0.00M | CISCO_N9K_C9336C_FX2_V001, ViewLayer | Synchronizing object | Fan1_fine_vertical_thumb_rib_-1_2
Fra:1 Mem:154.51M (Peak 154.51M) | Time:00:00.11 | Mem:0.00M, Peak:0.00M | CISCO_N9K_C9336C_FX2_V001, ViewLayer | Synchronizing object | Fan1_fine_vertical_thumb_rib_-1_1
Fra:1 Mem:154.51M (Peak 154.51M) | Time:00:00.11 | Mem:0.00M, Peak:0.00M | CISCO_N9K_C9336C_FX2_V001, ViewLayer | Synchronizing object | Fan1_fine_vertical_thumb_rib_-1_0
Fra:1 Mem:154.52M (Peak 154.52M) | Time:00:00.11 | Mem:0.00M, Peak:0.00M | CISCO_N9K_C9336C_FX2_V001, ViewLayer | Synchronizing object | Fan3_flush_lock_pin_39
Fra:1 Mem:154.53M (Peak 154.53M) | Time:00:00.11 | Mem:0.00M, Peak:0.00M | CISCO_N9K_C9336C_FX2_V001, ViewLayer | Synchronizing object | Fan3_flush_lock_pin_-39
Fra:1 Mem:154.54M (Peak 154.54M) | Time:00:00.11 | Mem:0.00M, Peak:0.00M | CISCO_N9K_C9336C_FX2_V001, ViewLayer | Synchronizing object | Fan3_known_PID
Fra:1 Mem:154.56M (Peak 154.56M) | Time:00:00.11 | Mem:0.00M, Peak:0.00M | CISCO_N9K_C9336C_FX2_V001, ViewLayer | Synchronizing object | Fan3_PID_label_recess
Fra:1 Mem:154.57M (Peak 154.57M) | Time:00:00.11 | Mem:0.00M, Peak:0.00M | CISCO_N9K_C9336C_FX2_V001, ViewLayer | Synchronizing object | Fan3_latch_thumb_flare_1
Fra:1 Mem:154.57M (Peak 154.57M) | Time:00:00.11 | Mem:0.00M, Peak:0.00M | CISCO_N9K_C9336C_FX2_V001, ViewLayer | Synchronizing object | Fan3_BLUE_release_latch_1
Fra:1 Mem:154.57M (Peak 154.57M) | Time:00:00.11 | Mem:0.00M, Peak:0.00M | CISCO_N9K_C9336C_FX2_V001, ViewLayer | Synchronizing object | Fan3_latch_thumb_flare_-1
Fra:1 Mem:154.58M (Peak 154.58M) | Time:00:00.11 | Mem:0.00M, Peak:0.00M | CISCO_N9K_C9336C_FX2_V001, ViewLayer | Synchronizing object | Fan3_BLUE_release_latch_-1
Fra:1 Mem:154.58M (Peak 154.58M) | Time:00:00.11 | Mem:0.00M, Peak:0.00M | CISCO_N9K_C9336C_FX2_V001, ViewLayer | Synchronizing object | Fan3_molded_trapezoid_pull_handle
Fra:1 Mem:154.61M (Peak 154.61M) | Time:00:00.11 | Mem:0.00M, Peak:0.00M | CISCO_N9K_C9336C_FX2_V001, ViewLayer | Synchronizing object | Fan3_true_honeycomb_front_grille
Fra:1 Mem:156.17M (Peak 156.17M) | Time:00:00.12 | Mem:0.00M, Peak:0.00M | CISCO_N9K_C9336C_FX2_V001, ViewLayer | Synchronizing object | Fan3_front_frame
Fra:1 Mem:156.18M (Peak 156.18M) | Time:00:00.12 | Mem:0.00M, Peak:0.00M | CISCO_N9K_C9336C_FX2_V001, ViewLayer | Synchronizing object | Fan3_rear_power_contact_block_1
Fra:1 Mem:156.18M (Peak 156.18M) | Time:00:00.12 | Mem:0.00M, Peak:0.00M | CISCO_N9K_C9336C_FX2_V001, ViewLayer | Synchronizing object | Fan3_top_retention_rail_1
Fra:1 Mem:156.19M (Peak 156.19M) | Time:00:00.12 | Mem:0.00M, Peak:0.00M | CISCO_N9K_C9336C_FX2_V001, ViewLayer | Synchronizing object | Fan3_blade_1_6
Fra:1 Mem:156.19M (Peak 156.19M) | Time:00:00.12 | Mem:0.00M, Peak:0.00M | CISCO_N9K_C9336C_FX2_V001, ViewLayer | Synchronizing object | Fan3_blade_1_5
Fra:1 Mem:156.19M (Peak 156.19M) | Time:00:00.12 | Mem:0.00M, Peak:0.00M | CISCO_N9K_C9336C_FX2_V001, ViewLayer | Synchronizing object | Fan3_blade_1_4
Fra:1 Mem:156.19M (Peak 156.19M) | Time:00:00.12 | Mem:0.00M, Peak:0.00M | CISCO_N9K_C9336C_FX2_V001, ViewLayer | Synchronizing object | Fan3_blade_1_3
Fra:1 Mem:156.19M (Peak 156.19M) | Time:00:00.12 | Mem:0.00M, Peak:0.00M | CISCO_N9K_C9336C_FX2_V001, ViewLayer | Synchronizing object | Fan3_blade_1_2
Fra:1 Mem:156.20M (Peak 156.20M) | Time:00:00.12 | Mem:0.00M, Peak:0.00M | CISCO_N9K_C9336C_FX2_V001, ViewLayer | Synchronizing object | Fan3_blade_1_1
Fra:1 Mem:156.20M (Peak 156.20M) | Time:00:00.12 | Mem:0.00M, Peak:0.00M | CISCO_N9K_C9336C_FX2_V001, ViewLayer | Synchronizing object | Fan3_blade_1_0
Fra:1 Mem:156.20M (Peak 156.20M) | Time:00:00.12 | Mem:0.00M, Peak:0.00M | CISCO_N9K_C9336C_FX2_V001, ViewLayer | Synchronizing object | Fan3_hub_1
Fra:1 Mem:156.20M (Peak 156.20M) | Time:00:00.12 | Mem:0.00M, Peak:0.00M | CISCO_N9K_C9336C_FX2_V001, ViewLayer | Synchronizing object | Fan3_rotor_housing_1
Fra:1 Mem:156.21M (Peak 156.21M) | Time:00:00.12 | Mem:0.00M, Peak:0.00M | CISCO_N9K_C9336C_FX2_V001, ViewLayer | Synchronizing object | Fan3_rear_power_contact_block_-1
Fra:1 Mem:156.21M (Peak 156.21M) | Time:00:00.12 | Mem:0.00M, Peak:0.00M | CISCO_N9K_C9336C_FX2_V001, ViewLayer | Synchronizing object | Fan3_top_retention_rail_-1
Fra:1 Mem:156.22M (Peak 156.22M) | Time:00:00.12 | Mem:0.00M, Peak:0.00M | CISCO_N9K_C9336C_FX2_V001, ViewLayer | Synchronizing object | Fan3_blade_-1_6
Fra:1 Mem:156.23M (Peak 156.23M) | Time:00:00.12 | Mem:0.00M, Peak:0.00M | CISCO_N9K_C9336C_FX2_V001, ViewLayer | Synchronizing object | Fan3_blade_-1_5
Fra:1 Mem:156.23M (Peak 156.23M) | Time:00:00.12 | Mem:0.00M, Peak:0.00M | CISCO_N9K_C9336C_FX2_V001, ViewLayer | Synchronizing object | Fan3_blade_-1_4
Fra:1 Mem:156.23M (Peak 156.23M) | Time:00:00.12 | Mem:0.00M, Peak:0.00M | CISCO_N9K_C9336C_FX2_V001, ViewLayer | Synchronizing object | Fan3_blade_-1_3
Fra:1 Mem:156.23M (Peak 156.23M) | Time:00:00.12 | Mem:0.00M, Peak:0.00M | CISCO_N9K_C9336C_FX2_V001, ViewLayer | Synchronizing object | Fan3_blade_-1_2
Fra:1 Mem:156.23M (Peak 156.23M) | Time:00:00.12 | Mem:0.00M, Peak:0.00M | CISCO_N9K_C9336C_FX2_V001, ViewLayer | Synchronizing object | Fan3_blade_-1_1
Fra:1 Mem:156.23M (Peak 156.23M) | Time:00:00.12 | Mem:0.00M, Peak:0.00M | CISCO_N9K_C9336C_FX2_V001, ViewLayer | Synchronizing object | Fan3_blade_-1_0
Fra:1 Mem:156.23M (Peak 156.23M) | Time:00:00.12 | Mem:0.00M, Peak:0.00M | CISCO_N9K_C9336C_FX2_V001, ViewLayer | Synchronizing object | Fan3_hub_-1
Fra:1 Mem:156.23M (Peak 156.23M) | Time:00:00.12 | Mem:0.00M, Peak:0.00M | CISCO_N9K_C9336C_FX2_V001, ViewLayer | Synchronizing object | Fan3_rotor_housing_-1
Fra:1 Mem:156.24M (Peak 156.24M) | Time:00:00.12 | Mem:0.00M, Peak:0.00M | CISCO_N9K_C9336C_FX2_V001, ViewLayer | Synchronizing object | Fan2_flush_lock_pin_39
Fra:1 Mem:158.51M (Peak 158.51M) | Time:00:00.12 | Mem:0.00M, Peak:0.00M | CISCO_N9K_C9336C_FX2_V001, ViewLayer | Synchronizing object | Fan2_flush_lock_pin_-39
Fra:1 Mem:158.52M (Peak 158.52M) | Time:00:00.12 | Mem:0.00M, Peak:0.00M | CISCO_N9K_C9336C_FX2_V001, ViewLayer | Synchronizing object | Fan2_known_PID
Fra:1 Mem:158.54M (Peak 158.54M) | Time:00:00.12 | Mem:0.00M, Peak:0.00M | CISCO_N9K_C9336C_FX2_V001, ViewLayer | Synchronizing object | Fan2_PID_label_recess
Fra:1 Mem:158.55M (Peak 158.55M) | Time:00:00.12 | Mem:0.00M, Peak:0.00M | CISCO_N9K_C9336C_FX2_V001, ViewLayer | Synchronizing object | Fan2_latch_thumb_flare_1
Fra:1 Mem:158.55M (Peak 158.55M) | Time:00:00.12 | Mem:0.00M, Peak:0.00M | CISCO_N9K_C9336C_FX2_V001, ViewLayer | Synchronizing object | Fan2_BLUE_release_latch_1
Fra:1 Mem:158.56M (Peak 158.56M) | Time:00:00.12 | Mem:0.00M, Peak:0.00M | CISCO_N9K_C9336C_FX2_V001, ViewLayer | Synchronizing object | Fan2_latch_thumb_flare_-1
Fra:1 Mem:158.56M (Peak 158.56M) | Time:00:00.12 | Mem:0.00M, Peak:0.00M | CISCO_N9K_C9336C_FX2_V001, ViewLayer | Synchronizing object | Fan2_BLUE_release_latch_-1
Fra:1 Mem:158.57M (Peak 158.57M) | Time:00:00.12 | Mem:0.00M, Peak:0.00M | CISCO_N9K_C9336C_FX2_V001, ViewLayer | Synchronizing object | Fan2_molded_trapezoid_pull_handle
Fra:1 Mem:158.59M (Peak 158.59M) | Time:00:00.12 | Mem:0.00M, Peak:0.00M | CISCO_N9K_C9336C_FX2_V001, ViewLayer | Synchronizing object | Fan2_true_honeycomb_front_grille
Fra:1 Mem:160.15M (Peak 160.15M) | Time:00:00.13 | Mem:0.00M, Peak:0.00M | CISCO_N9K_C9336C_FX2_V001, ViewLayer | Synchronizing object | Fan2_front_frame
Fra:1 Mem:160.16M (Peak 160.16M) | Time:00:00.13 | Mem:0.00M, Peak:0.00M | CISCO_N9K_C9336C_FX2_V001, ViewLayer | Synchronizing object | Fan2_rear_power_contact_block_1
Fra:1 Mem:160.16M (Peak 160.16M) | Time:00:00.13 | Mem:0.00M, Peak:0.00M | CISCO_N9K_C9336C_FX2_V001, ViewLayer | Synchronizing object | Fan2_top_retention_rail_1
Fra:1 Mem:160.17M (Peak 160.17M) | Time:00:00.13 | Mem:0.00M, Peak:0.00M | CISCO_N9K_C9336C_FX2_V001, ViewLayer | Synchronizing object | Fan2_blade_1_6
Fra:1 Mem:160.18M (Peak 160.18M) | Time:00:00.13 | Mem:0.00M, Peak:0.00M | CISCO_N9K_C9336C_FX2_V001, ViewLayer | Synchronizing object | Fan2_blade_1_5
Fra:1 Mem:160.18M (Peak 160.18M) | Time:00:00.13 | Mem:0.00M, Peak:0.00M | CISCO_N9K_C9336C_FX2_V001, ViewLayer | Synchronizing object | Fan2_blade_1_4
Fra:1 Mem:160.18M (Peak 160.18M) | Time:00:00.13 | Mem:0.00M, Peak:0.00M | CISCO_N9K_C9336C_FX2_V001, ViewLayer | Synchronizing object | Fan2_blade_1_3
Fra:1 Mem:160.18M (Peak 160.18M) | Time:00:00.13 | Mem:0.00M, Peak:0.00M | CISCO_N9K_C9336C_FX2_V001, ViewLayer | Synchronizing object | Fan2_blade_1_2
Fra:1 Mem:160.18M (Peak 160.18M) | Time:00:00.13 | Mem:0.00M, Peak:0.00M | CISCO_N9K_C9336C_FX2_V001, ViewLayer | Synchronizing object | Fan2_blade_1_1
Fra:1 Mem:160.18M (Peak 160.18M) | Time:00:00.13 | Mem:0.00M, Peak:0.00M | CISCO_N9K_C9336C_FX2_V001, ViewLayer | Synchronizing object | Fan2_blade_1_0
Fra:1 Mem:160.18M (Peak 160.18M) | Time:00:00.13 | Mem:0.00M, Peak:0.00M | CISCO_N9K_C9336C_FX2_V001, ViewLayer | Synchronizing object | Fan2_hub_1
Fra:1 Mem:160.18M (Peak 160.18M) | Time:00:00.13 | Mem:0.00M, Peak:0.00M | CISCO_N9K_C9336C_FX2_V001, ViewLayer | Synchronizing object | Fan2_rotor_housing_1
Fra:1 Mem:160.19M (Peak 160.19M) | Time:00:00.13 | Mem:0.00M, Peak:0.00M | CISCO_N9K_C9336C_FX2_V001, ViewLayer | Synchronizing object | Fan2_rear_power_contact_block_-1
Fra:1 Mem:160.19M (Peak 160.19M) | Time:00:00.13 | Mem:0.00M, Peak:0.00M | CISCO_N9K_C9336C_FX2_V001, ViewLayer | Synchronizing object | Fan2_top_retention_rail_-1
Fra:1 Mem:160.21M (Peak 160.21M) | Time:00:00.13 | Mem:0.00M, Peak:0.00M | CISCO_N9K_C9336C_FX2_V001, ViewLayer | Synchronizing object | Fan2_blade_-1_6
Fra:1 Mem:160.21M (Peak 160.21M) | Time:00:00.13 | Mem:0.00M, Peak:0.00M | CISCO_N9K_C9336C_FX2_V001, ViewLayer | Synchronizing object | Fan2_blade_-1_5
Fra:1 Mem:160.21M (Peak 160.21M) | Time:00:00.13 | Mem:0.00M, Peak:0.00M | CISCO_N9K_C9336C_FX2_V001, ViewLayer | Synchronizing object | Fan2_blade_-1_4
Fra:1 Mem:160.21M (Peak 160.21M) | Time:00:00.13 | Mem:0.00M, Peak:0.00M | CISCO_N9K_C9336C_FX2_V001, ViewLayer | Synchronizing object | Fan2_blade_-1_3
Fra:1 Mem:160.21M (Peak 160.21M) | Time:00:00.13 | Mem:0.00M, Peak:0.00M | CISCO_N9K_C9336C_FX2_V001, ViewLayer | Synchronizing object | Fan2_blade_-1_2
Fra:1 Mem:160.21M (Peak 160.21M) | Time:00:00.13 | Mem:0.00M, Peak:0.00M | CISCO_N9K_C9336C_FX2_V001, ViewLayer | Synchronizing object | Fan2_blade_-1_1
Fra:1 Mem:160.21M (Peak 160.21M) | Time:00:00.13 | Mem:0.00M, Peak:0.00M | CISCO_N9K_C9336C_FX2_V001, ViewLayer | Synchronizing object | Fan2_blade_-1_0
Fra:1 Mem:160.21M (Peak 160.21M) | Time:00:00.13 | Mem:0.00M, Peak:0.00M | CISCO_N9K_C9336C_FX2_V001, ViewLayer | Synchronizing object | Fan2_hub_-1
Fra:1 Mem:160.22M (Peak 160.22M) | Time:00:00.13 | Mem:0.00M, Peak:0.00M | CISCO_N9K_C9336C_FX2_V001, ViewLayer | Synchronizing object | Fan2_rotor_housing_-1
Fra:1 Mem:160.22M (Peak 160.22M) | Time:00:00.13 | Mem:0.00M, Peak:0.00M | CISCO_N9K_C9336C_FX2_V001, ViewLayer | Synchronizing object | Fan1_flush_lock_pin_39
Fra:1 Mem:160.23M (Peak 160.23M) | Time:00:00.13 | Mem:0.00M, Peak:0.00M | CISCO_N9K_C9336C_FX2_V001, ViewLayer | Synchronizing object | Fan1_flush_lock_pin_-39
Fra:1 Mem:160.24M (Peak 160.24M) | Time:00:00.13 | Mem:0.00M, Peak:0.00M | CISCO_N9K_C9336C_FX2_V001, ViewLayer | Synchronizing object | Fan1_known_PID
Fra:1 Mem:160.27M (Peak 160.27M) | Time:00:00.13 | Mem:0.00M, Peak:0.00M | CISCO_N9K_C9336C_FX2_V001, ViewLayer | Synchronizing object | Fan1_PID_label_recess
Fra:1 Mem:160.27M (Peak 160.27M) | Time:00:00.13 | Mem:0.00M, Peak:0.00M | CISCO_N9K_C9336C_FX2_V001, ViewLayer | Synchronizing object | Fan1_latch_thumb_flare_1
Fra:1 Mem:160.27M (Peak 160.27M) | Time:00:00.13 | Mem:0.00M, Peak:0.00M | CISCO_N9K_C9336C_FX2_V001, ViewLayer | Synchronizing object | Fan1_BLUE_release_latch_1
Fra:1 Mem:160.28M (Peak 160.28M) | Time:00:00.13 | Mem:0.00M, Peak:0.00M | CISCO_N9K_C9336C_FX2_V001, ViewLayer | Synchronizing object | Fan1_latch_thumb_flare_-1
Fra:1 Mem:160.28M (Peak 160.28M) | Time:00:00.13 | Mem:0.00M, Peak:0.00M | CISCO_N9K_C9336C_FX2_V001, ViewLayer | Synchronizing object | Fan1_BLUE_release_latch_-1
Fra:1 Mem:160.29M (Peak 160.29M) | Time:00:00.13 | Mem:0.00M, Peak:0.00M | CISCO_N9K_C9336C_FX2_V001, ViewLayer | Synchronizing object | Fan1_molded_trapezoid_pull_handle
Fra:1 Mem:160.31M (Peak 160.31M) | Time:00:00.13 | Mem:0.00M, Peak:0.00M | CISCO_N9K_C9336C_FX2_V001, ViewLayer | Synchronizing object | Fan1_true_honeycomb_front_grille
Fra:1 Mem:161.87M (Peak 161.87M) | Time:00:00.15 | Mem:0.00M, Peak:0.00M | CISCO_N9K_C9336C_FX2_V001, ViewLayer | Synchronizing object | Fan1_front_frame
Fra:1 Mem:161.88M (Peak 161.88M) | Time:00:00.15 | Mem:0.00M, Peak:0.00M | CISCO_N9K_C9336C_FX2_V001, ViewLayer | Synchronizing object | Fan1_rear_power_contact_block_1
Fra:1 Mem:161.88M (Peak 161.88M) | Time:00:00.15 | Mem:0.00M, Peak:0.00M | CISCO_N9K_C9336C_FX2_V001, ViewLayer | Synchronizing object | Fan1_top_retention_rail_1
Fra:1 Mem:161.90M (Peak 161.90M) | Time:00:00.15 | Mem:0.00M, Peak:0.00M | CISCO_N9K_C9336C_FX2_V001, ViewLayer | Synchronizing object | Fan1_blade_1_6
Fra:1 Mem:161.90M (Peak 161.90M) | Time:00:00.15 | Mem:0.00M, Peak:0.00M | CISCO_N9K_C9336C_FX2_V001, ViewLayer | Synchronizing object | Fan1_blade_1_5
Fra:1 Mem:161.90M (Peak 161.90M) | Time:00:00.15 | Mem:0.00M, Peak:0.00M | CISCO_N9K_C9336C_FX2_V001, ViewLayer | Synchronizing object | Fan1_blade_1_4
Fra:1 Mem:161.90M (Peak 161.90M) | Time:00:00.15 | Mem:0.00M, Peak:0.00M | CISCO_N9K_C9336C_FX2_V001, ViewLayer | Synchronizing object | Fan1_blade_1_3
Fra:1 Mem:161.90M (Peak 161.90M) | Time:00:00.15 | Mem:0.00M, Peak:0.00M | CISCO_N9K_C9336C_FX2_V001, ViewLayer | Synchronizing object | Fan1_blade_1_2
Fra:1 Mem:161.90M (Peak 161.90M) | Time:00:00.15 | Mem:0.00M, Peak:0.00M | CISCO_N9K_C9336C_FX2_V001, ViewLayer | Synchronizing object | Fan1_blade_1_1
Fra:1 Mem:161.90M (Peak 161.90M) | Time:00:00.15 | Mem:0.00M, Peak:0.00M | CISCO_N9K_C9336C_FX2_V001, ViewLayer | Synchronizing object | Fan1_blade_1_0
Fra:1 Mem:161.90M (Peak 161.90M) | Time:00:00.15 | Mem:0.00M, Peak:0.00M | CISCO_N9K_C9336C_FX2_V001, ViewLayer | Synchronizing object | Fan1_hub_1
Fra:1 Mem:161.91M (Peak 161.91M) | Time:00:00.15 | Mem:0.00M, Peak:0.00M | CISCO_N9K_C9336C_FX2_V001, ViewLayer | Synchronizing object | Fan1_rotor_housing_1
Fra:1 Mem:161.91M (Peak 161.91M) | Time:00:00.15 | Mem:0.00M, Peak:0.00M | CISCO_N9K_C9336C_FX2_V001, ViewLayer | Synchronizing object | Fan1_rear_power_contact_block_-1
Fra:1 Mem:161.92M (Peak 161.92M) | Time:00:00.15 | Mem:0.00M, Peak:0.00M | CISCO_N9K_C9336C_FX2_V001, ViewLayer | Synchronizing object | Fan1_top_retention_rail_-1
Fra:1 Mem:161.93M (Peak 161.93M) | Time:00:00.15 | Mem:0.00M, Peak:0.00M | CISCO_N9K_C9336C_FX2_V001, ViewLayer | Synchronizing object | Fan1_blade_-1_6
Fra:1 Mem:161.93M (Peak 161.93M) | Time:00:00.15 | Mem:0.00M, Peak:0.00M | CISCO_N9K_C9336C_FX2_V001, ViewLayer | Synchronizing object | Fan1_blade_-1_5
Fra:1 Mem:161.93M (Peak 161.93M) | Time:00:00.15 | Mem:0.00M, Peak:0.00M | CISCO_N9K_C9336C_FX2_V001, ViewLayer | Synchronizing object | Fan1_blade_-1_4
Fra:1 Mem:161.93M (Peak 161.93M) | Time:00:00.15 | Mem:0.00M, Peak:0.00M | CISCO_N9K_C9336C_FX2_V001, ViewLayer | Synchronizing object | Fan1_blade_-1_3
Fra:1 Mem:161.93M (Peak 161.93M) | Time:00:00.15 | Mem:0.00M, Peak:0.00M | CISCO_N9K_C9336C_FX2_V001, ViewLayer | Synchronizing object | Fan1_blade_-1_2
Fra:1 Mem:161.93M (Peak 161.93M) | Time:00:00.15 | Mem:0.00M, Peak:0.00M | CISCO_N9K_C9336C_FX2_V001, ViewLayer | Synchronizing object | Fan1_blade_-1_1
Fra:1 Mem:161.93M (Peak 161.93M) | Time:00:00.15 | Mem:0.00M, Peak:0.00M | CISCO_N9K_C9336C_FX2_V001, ViewLayer | Synchronizing object | Fan1_blade_-1_0
Fra:1 Mem:161.93M (Peak 161.93M) | Time:00:00.15 | Mem:0.00M, Peak:0.00M | CISCO_N9K_C9336C_FX2_V001, ViewLayer | Synchronizing object | Fan1_hub_-1
Fra:1 Mem:161.94M (Peak 161.94M) | Time:00:00.15 | Mem:0.00M, Peak:0.00M | CISCO_N9K_C9336C_FX2_V001, ViewLayer | Synchronizing object | Fan1_rotor_housing_-1
Fra:1 Mem:161.94M (Peak 161.94M) | Time:00:00.15 | Mem:0.00M, Peak:0.00M | CISCO_N9K_C9336C_FX2_V001, ViewLayer | Synchronizing object | Port02_subtle_recessed_contact_row
Fra:1 Mem:161.95M (Peak 161.95M) | Time:00:00.15 | Mem:0.00M, Peak:0.00M | CISCO_N9K_C9336C_FX2_V001, ViewLayer | Synchronizing object | Port02_spring_1_2.8
Fra:1 Mem:161.97M (Peak 161.97M) | Time:00:00.15 | Mem:0.00M, Peak:0.00M | CISCO_N9K_C9336C_FX2_V001, ViewLayer | Synchronizing object | Port02_spring_1_0
Fra:1 Mem:161.98M (Peak 161.98M) | Time:00:00.15 | Mem:0.00M, Peak:0.00M | CISCO_N9K_C9336C_FX2_V001, ViewLayer | Synchronizing object | Port02_spring_1_-2.8
Fra:1 Mem:161.99M (Peak 161.99M) | Time:00:00.15 | Mem:0.00M, Peak:0.00M | CISCO_N9K_C9336C_FX2_V001, ViewLayer | Synchronizing object | Port02_guide_1_4.25
Fra:1 Mem:162.01M (Peak 162.01M) | Time:00:00.15 | Mem:0.00M, Peak:0.00M | CISCO_N9K_C9336C_FX2_V001, ViewLayer | Synchronizing object | Port02_guide_1_-4.25
Fra:1 Mem:162.02M (Peak 162.02M) | Time:00:00.15 | Mem:0.00M, Peak:0.00M | CISCO_N9K_C9336C_FX2_V001, ViewLayer | Synchronizing object | Port02_spring_-1_2.8
Fra:1 Mem:162.03M (Peak 162.03M) | Time:00:00.15 | Mem:0.00M, Peak:0.00M | CISCO_N9K_C9336C_FX2_V001, ViewLayer | Synchronizing object | Port02_spring_-1_0
Fra:1 Mem:162.05M (Peak 162.05M) | Time:00:00.15 | Mem:0.00M, Peak:0.00M | CISCO_N9K_C9336C_FX2_V001, ViewLayer | Synchronizing object | Port02_spring_-1_-2.8
Fra:1 Mem:162.06M (Peak 162.06M) | Time:00:00.15 | Mem:0.00M, Peak:0.00M | CISCO_N9K_C9336C_FX2_V001, ViewLayer | Synchronizing object | Port02_guide_-1_4.25
Fra:1 Mem:162.07M (Peak 162.07M) | Time:00:00.15 | Mem:0.00M, Peak:0.00M | CISCO_N9K_C9336C_FX2_V001, ViewLayer | Synchronizing object | Port02_guide_-1_-4.25
Fra:1 Mem:162.08M (Peak 162.08M) | Time:00:00.15 | Mem:0.00M, Peak:0.00M | CISCO_N9K_C9336C_FX2_V001, ViewLayer | Synchronizing object | Port02_connector_contact_surround
Fra:1 Mem:162.09M (Peak 162.09M) | Time:00:00.15 | Mem:0.00M, Peak:0.00M | CISCO_N9K_C9336C_FX2_V001, ViewLayer | Synchronizing object | Port02_recessed_connector_stop
Fra:1 Mem:162.09M (Peak 162.09M) | Time:00:00.15 | Mem:0.00M, Peak:0.00M | CISCO_N9K_C9336C_FX2_V001, ViewLayer | Synchronizing object | Port01_subtle_recessed_contact_row
Fra:1 Mem:162.11M (Peak 162.11M) | Time:00:00.15 | Mem:0.00M, Peak:0.00M | CISCO_N9K_C9336C_FX2_V001, ViewLayer | Synchronizing object | Port01_spring_1_2.8
Fra:1 Mem:162.12M (Peak 162.12M) | Time:00:00.15 | Mem:0.00M, Peak:0.00M | CISCO_N9K_C9336C_FX2_V001, ViewLayer | Synchronizing object | Port01_spring_1_0
Fra:1 Mem:162.13M (Peak 162.13M) | Time:00:00.15 | Mem:0.00M, Peak:0.00M | CISCO_N9K_C9336C_FX2_V001, ViewLayer | Synchronizing object | Port01_spring_1_-2.8
Fra:1 Mem:162.14M (Peak 162.14M) | Time:00:00.15 | Mem:0.00M, Peak:0.00M | CISCO_N9K_C9336C_FX2_V001, ViewLayer | Synchronizing object | Port01_guide_1_4.25
Fra:1 Mem:162.16M (Peak 162.16M) | Time:00:00.15 | Mem:0.00M, Peak:0.00M | CISCO_N9K_C9336C_FX2_V001, ViewLayer | Synchronizing object | Port01_guide_1_-4.25
Fra:1 Mem:162.17M (Peak 162.17M) | Time:00:00.15 | Mem:0.00M, Peak:0.00M | CISCO_N9K_C9336C_FX2_V001, ViewLayer | Synchronizing object | Port01_spring_-1_2.8
Fra:1 Mem:162.18M (Peak 162.18M) | Time:00:00.15 | Mem:0.00M, Peak:0.00M | CISCO_N9K_C9336C_FX2_V001, ViewLayer | Synchronizing object | Port01_spring_-1_0
Fra:1 Mem:162.20M (Peak 162.20M) | Time:00:00.15 | Mem:0.00M, Peak:0.00M | CISCO_N9K_C9336C_FX2_V001, ViewLayer | Synchronizing object | Port01_spring_-1_-2.8
Fra:1 Mem:162.21M (Peak 162.21M) | Time:00:00.15 | Mem:0.00M, Peak:0.00M | CISCO_N9K_C9336C_FX2_V001, ViewLayer | Synchronizing object | Port01_guide_-1_4.25
Fra:1 Mem:162.22M (Peak 162.22M) | Time:00:00.15 | Mem:0.00M, Peak:0.00M | CISCO_N9K_C9336C_FX2_V001, ViewLayer | Synchronizing object | Port01_guide_-1_-4.25
Fra:1 Mem:162.24M (Peak 162.24M) | Time:00:00.15 | Mem:0.00M, Peak:0.00M | CISCO_N9K_C9336C_FX2_V001, ViewLayer | Synchronizing object | Port01_connector_contact_surround
Fra:1 Mem:162.24M (Peak 162.24M) | Time:00:00.15 | Mem:0.00M, Peak:0.00M | CISCO_N9K_C9336C_FX2_V001, ViewLayer | Synchronizing object | Port01_recessed_connector_stop
Fra:1 Mem:162.25M (Peak 162.25M) | Time:00:00.15 | Mem:0.00M, Peak:0.00M | CISCO_N9K_C9336C_FX2_V001, ViewLayer | Synchronizing object | Pair01_internal_cooling_shelf
Fra:1 Mem:162.25M (Peak 162.25M) | Time:00:00.15 | Mem:0.00M, Peak:0.00M | CISCO_N9K_C9336C_FX2_V001, ViewLayer | Synchronizing object | Pair01_front_separator_true_perforations
Fra:1 Mem:162.52M (Peak 162.52M) | Time:00:00.15 | Mem:0.00M, Peak:0.00M | CISCO_N9K_C9336C_FX2_V001, ViewLayer | Synchronizing object | Pair01_stainless_shell_29mm_deep
Fra:1 Mem:162.54M (Peak 162.54M) | Time:00:00.15 | Mem:0.00M, Peak:0.00M | CISCO_N9K_C9336C_FX2_V001, ViewLayer | Synchronizing object | RIGHT_ear_M4_-256_32.8
Fra:1 Mem:162.56M (Peak 162.56M) | Time:00:00.15 | Mem:0.00M, Peak:0.00M | CISCO_N9K_C9336C_FX2_V001, ViewLayer | Synchronizing object | RIGHT_ear_M4_-256_10.8
Fra:1 Mem:162.58M (Peak 162.58M) | Time:00:00.15 | Mem:0.00M, Peak:0.00M | CISCO_N9K_C9336C_FX2_V001, ViewLayer | Synchronizing object | RIGHT_ear_M4_-284_32.8
Fra:1 Mem:162.59M (Peak 162.59M) | Time:00:00.15 | Mem:0.00M, Peak:0.00M | CISCO_N9K_C9336C_FX2_V001, ViewLayer | Synchronizing object | RIGHT_ear_M4_-284_10.8
Fra:1 Mem:162.61M (Peak 162.61M) | Time:00:00.15 | Mem:0.00M, Peak:0.00M | CISCO_N9K_C9336C_FX2_V001, ViewLayer | Synchronizing object | RIGHT_EAR_bent_opaque_solid_with_true_bores
Fra:1 Mem:163.27M (Peak 163.27M) | Time:00:00.16 | Mem:0.00M, Peak:0.00M | CISCO_N9K_C9336C_FX2_V001, ViewLayer | Synchronizing object | LEFT_ear_M4_-256_32.8
Fra:1 Mem:163.29M (Peak 163.29M) | Time:00:00.16 | Mem:0.00M, Peak:0.00M | CISCO_N9K_C9336C_FX2_V001, ViewLayer | Synchronizing object | LEFT_ear_M4_-256_10.8
Fra:1 Mem:163.31M (Peak 163.31M) | Time:00:00.16 | Mem:0.00M, Peak:0.00M | CISCO_N9K_C9336C_FX2_V001, ViewLayer | Synchronizing object | LEFT_ear_M4_-284_32.8
Fra:1 Mem:163.32M (Peak 163.32M) | Time:00:00.16 | Mem:0.00M, Peak:0.00M | CISCO_N9K_C9336C_FX2_V001, ViewLayer | Synchronizing object | LEFT_ear_M4_-284_10.8
Fra:1 Mem:163.34M (Peak 163.34M) | Time:00:00.16 | Mem:0.00M, Peak:0.00M | CISCO_N9K_C9336C_FX2_V001, ViewLayer | Synchronizing object | LEFT_EAR_bent_opaque_solid_with_true_bores
Fra:1 Mem:164.00M (Peak 164.00M) | Time:00:00.16 | Mem:0.00M, Peak:0.00M | CISCO_N9K_C9336C_FX2_V001, ViewLayer | Synchronizing object | Port_face_solid_punched_panel
Fra:1 Mem:172.65M (Peak 175.98M) | Time:00:00.24 | Mem:0.00M, Peak:0.00M | CISCO_N9K_C9336C_FX2_V001, ViewLayer | Synchronizing object | Lid_flush_Phillips_00
Fra:1 Mem:172.67M (Peak 175.98M) | Time:00:00.25 | Mem:0.00M, Peak:0.00M | CISCO_N9K_C9336C_FX2_V001, ViewLayer | Synchronizing object | Rear_module_divider_-160
Fra:1 Mem:172.68M (Peak 175.98M) | Time:00:00.25 | Mem:0.00M, Peak:0.00M | CISCO_N9K_C9336C_FX2_V001, ViewLayer | Synchronizing object | Rear_module_divider_-110
Fra:1 Mem:172.69M (Peak 175.98M) | Time:00:00.25 | Mem:0.00M, Peak:0.00M | CISCO_N9K_C9336C_FX2_V001, ViewLayer | Synchronizing object | Rear_module_divider_-20
Fra:1 Mem:172.71M (Peak 175.98M) | Time:00:00.25 | Mem:0.00M, Peak:0.00M | CISCO_N9K_C9336C_FX2_V001, ViewLayer | Synchronizing object | Rear_module_divider_70
Fra:1 Mem:172.72M (Peak 175.98M) | Time:00:00.25 | Mem:0.00M, Peak:0.00M | CISCO_N9K_C9336C_FX2_V001, ViewLayer | Synchronizing object | Rear_module_divider_160
Fra:1 Mem:172.73M (Peak 175.98M) | Time:00:00.25 | Mem:0.00M, Peak:0.00M | CISCO_N9K_C9336C_FX2_V001, ViewLayer | Synchronizing object | Rear_side_rim_218.46
Fra:1 Mem:172.73M (Peak 175.98M) | Time:00:00.25 | Mem:0.00M, Peak:0.00M | CISCO_N9K_C9336C_FX2_V001, ViewLayer | Synchronizing object | Rear_side_rim_-218.46
Fra:1 Mem:172.74M (Peak 175.98M) | Time:00:00.25 | Mem:0.00M, Peak:0.00M | CISCO_N9K_C9336C_FX2_V001, ViewLayer | Synchronizing object | Rear_horizontal_rim_42.438
Fra:1 Mem:172.74M (Peak 175.98M) | Time:00:00.25 | Mem:0.00M, Peak:0.00M | CISCO_N9K_C9336C_FX2_V001, ViewLayer | Synchronizing object | Rear_horizontal_rim_1.25
Fra:1 Mem:172.74M (Peak 175.98M) | Time:00:00.25 | Mem:0.00M, Peak:0.00M | CISCO_N9K_C9336C_FX2_V001, ViewLayer | Synchronizing object | Interior_under_port_vent_baffle
Fra:1 Mem:172.74M (Peak 175.98M) | Time:00:00.25 | Mem:0.00M, Peak:0.00M | CISCO_N9K_C9336C_FX2_V001, ViewLayer | Synchronizing object | Lid_vent_side_border_1
Fra:1 Mem:172.74M (Peak 175.98M) | Time:00:00.25 | Mem:0.00M, Peak:0.00M | CISCO_N9K_C9336C_FX2_V001, ViewLayer | Synchronizing object | Lid_vent_side_border_-1
Fra:1 Mem:172.74M (Peak 181.79M) | Time:00:00.49 | Mem:0.00M, Peak:0.00M | CISCO_N9K_C9336C_FX2_V001, ViewLayer | Initializing
Fra:1 Mem:168.29M (Peak 181.79M) | Time:00:00.51 | Mem:0.00M, Peak:0.00M | CISCO_N9K_C9336C_FX2_V001, ViewLayer | Updating Images | Loading NWR_original_chassis_label_baked
Fra:1 Mem:168.29M (Peak 181.79M) | Time:00:00.51 | Mem:0.00M, Peak:0.00M | CISCO_N9K_C9336C_FX2_V001, ViewLayer | Updating Images | Loading chassis-satin-nickel-roughness
Fra:1 Mem:170.80M (Peak 181.79M) | Time:00:00.51 | Mem:1.00M, Peak:1.00M | CISCO_N9K_C9336C_FX2_V001, ViewLayer | Updating Images | Loading metal-micro-normal
Fra:1 Mem:171.80M (Peak 181.79M) | Time:00:00.52 | Mem:2.00M, Peak:2.00M | CISCO_N9K_C9336C_FX2_V001, ViewLayer | Updating Images | Loading fastener-steel-roughness
Fra:1 Mem:172.80M (Peak 181.79M) | Time:00:00.53 | Mem:3.00M, Peak:3.00M | CISCO_N9K_C9336C_FX2_V001, ViewLayer | Updating Images | Loading zinc-plated-brackets-roughness
Fra:1 Mem:173.80M (Peak 181.79M) | Time:00:00.54 | Mem:4.00M, Peak:4.00M | CISCO_N9K_C9336C_FX2_V001, ViewLayer | Updating Images | Loading cage-stainless-steel-roughness
Fra:1 Mem:174.80M (Peak 181.79M) | Time:00:00.54 | Mem:5.50M, Peak:5.50M | CISCO_N9K_C9336C_FX2_V001, ViewLayer | Updating Images | Loading dark-grille-metal-roughness
Fra:1 Mem:155.35M (Peak 181.79M) | Time:00:00.57 | Mem:7.50M, Peak:7.50M | CISCO_N9K_C9336C_FX2_V001, ViewLayer | Waiting for render to start
Fra:1 Mem:155.35M (Peak 181.79M) | Time:00:00.57 | Mem:7.50M, Peak:7.50M | CISCO_N9K_C9336C_FX2_V001, ViewLayer | Loading render kernels (may take a few minutes the first time)
Fra:1 Mem:155.35M (Peak 181.79M) | Time:00:00.57 | Mem:7.50M, Peak:7.50M | CISCO_N9K_C9336C_FX2_V001, ViewLayer | Updating Scene
Fra:1 Mem:155.35M (Peak 181.79M) | Time:00:00.57 | Mem:7.50M, Peak:7.50M | CISCO_N9K_C9336C_FX2_V001, ViewLayer | Updating Shaders
Fra:1 Mem:155.44M (Peak 181.79M) | Time:00:00.57 | Mem:7.51M, Peak:7.51M | CISCO_N9K_C9336C_FX2_V001, ViewLayer | Updating Procedurals
Fra:1 Mem:155.44M (Peak 181.79M) | Time:00:00.57 | Mem:7.51M, Peak:7.51M | CISCO_N9K_C9336C_FX2_V001, ViewLayer | Updating Background
Fra:1 Mem:155.44M (Peak 181.79M) | Time:00:00.57 | Mem:7.51M, Peak:7.51M | CISCO_N9K_C9336C_FX2_V001, ViewLayer | Updating Camera
Fra:1 Mem:155.44M (Peak 181.79M) | Time:00:00.57 | Mem:7.51M, Peak:7.51M | CISCO_N9K_C9336C_FX2_V001, ViewLayer | Updating Meshes Flags
Fra:1 Mem:155.44M (Peak 181.79M) | Time:00:00.57 | Mem:7.51M, Peak:7.51M | CISCO_N9K_C9336C_FX2_V001, ViewLayer | Updating Objects
Fra:1 Mem:155.44M (Peak 181.79M) | Time:00:00.57 | Mem:7.51M, Peak:7.51M | CISCO_N9K_C9336C_FX2_V001, ViewLayer | Updating Objects | Copying Transformations to device
Fra:1 Mem:155.67M (Peak 181.79M) | Time:00:00.57 | Mem:7.73M, Peak:7.73M | CISCO_N9K_C9336C_FX2_V001, ViewLayer | Updating Objects | Applying Static Transformations
Fra:1 Mem:155.67M (Peak 181.79M) | Time:00:00.57 | Mem:7.73M, Peak:7.73M | CISCO_N9K_C9336C_FX2_V001, ViewLayer | Updating Particle Systems
Fra:1 Mem:155.67M (Peak 181.79M) | Time:00:00.57 | Mem:7.73M, Peak:7.73M | CISCO_N9K_C9336C_FX2_V001, ViewLayer | Updating Particle Systems | Copying Particles to device
Fra:1 Mem:155.67M (Peak 181.79M) | Time:00:00.57 | Mem:7.73M, Peak:7.73M | CISCO_N9K_C9336C_FX2_V001, ViewLayer | Updating Meshes
Fra:1 Mem:161.56M (Peak 181.79M) | Time:00:00.59 | Mem:7.73M, Peak:7.73M | CISCO_N9K_C9336C_FX2_V001, ViewLayer | Updating Mesh | Computing attributes
Fra:1 Mem:187.97M (Peak 187.97M) | Time:00:00.61 | Mem:7.77M, Peak:7.77M | CISCO_N9K_C9336C_FX2_V001, ViewLayer | Updating Mesh | Copying Attributes to device
Fra:1 Mem:187.85M (Peak 187.97M) | Time:00:00.61 | Mem:34.02M, Peak:34.02M | CISCO_N9K_C9336C_FX2_V001, ViewLayer | Updating Geometry BVH Port02_subtle_recessed_contact_row 30/30 | Building BVH
Fra:1 Mem:187.85M (Peak 187.97M) | Time:00:00.62 | Mem:34.03M, Peak:34.03M | CISCO_N9K_C9336C_FX2_V001, ViewLayer | Updating Geometry BVH Port02_subtle_recessed_contact_row 30/30 | Building BVH 0%
Fra:1 Mem:187.85M (Peak 187.97M) | Time:00:00.62 | Mem:34.04M, Peak:34.05M | CISCO_N9K_C9336C_FX2_V001, ViewLayer | Updating Geometry BVH Port02_spring_1_2.8 29/30 | Building BVH
Fra:1 Mem:187.85M (Peak 187.97M) | Time:00:00.62 | Mem:34.05M, Peak:34.05M | CISCO_N9K_C9336C_FX2_V001, ViewLayer | Updating Geometry BVH Port02_spring_1_0 28/30 | Building BVH
Fra:1 Mem:187.85M (Peak 187.97M) | Time:00:00.62 | Mem:34.06M, Peak:34.06M | CISCO_N9K_C9336C_FX2_V001, ViewLayer | Updating Geometry BVH Port02_spring_1_-2.8 27/30 | Building BVH
Fra:1 Mem:187.85M (Peak 187.97M) | Time:00:00.62 | Mem:34.07M, Peak:34.07M | CISCO_N9K_C9336C_FX2_V001, ViewLayer | Updating Geometry BVH Port02_guide_1_4.25 26/30 | Building BVH
Fra:1 Mem:187.85M (Peak 187.97M) | Time:00:00.62 | Mem:34.08M, Peak:34.08M | CISCO_N9K_C9336C_FX2_V001, ViewLayer | Updating Geometry BVH Port02_guide_1_-4.25 25/30 | Building BVH
Fra:1 Mem:187.85M (Peak 187.97M) | Time:00:00.62 | Mem:34.09M, Peak:34.09M | CISCO_N9K_C9336C_FX2_V001, ViewLayer | Updating Geometry BVH Port02_spring_-1_2.8 24/30 | Building BVH
Fra:1 Mem:187.85M (Peak 187.97M) | Time:00:00.62 | Mem:34.10M, Peak:34.10M | CISCO_N9K_C9336C_FX2_V001, ViewLayer | Updating Geometry BVH Port02_spring_-1_0 23/30 | Building BVH
Fra:1 Mem:187.85M (Peak 187.97M) | Time:00:00.62 | Mem:34.11M, Peak:34.11M | CISCO_N9K_C9336C_FX2_V001, ViewLayer | Updating Geometry BVH Port02_spring_-1_-2.8 22/30 | Building BVH
Fra:1 Mem:187.85M (Peak 187.97M) | Time:00:00.62 | Mem:34.12M, Peak:34.12M | CISCO_N9K_C9336C_FX2_V001, ViewLayer | Updating Geometry BVH Port02_guide_-1_4.25 21/30 | Building BVH
Fra:1 Mem:187.85M (Peak 187.97M) | Time:00:00.62 | Mem:34.13M, Peak:34.13M | CISCO_N9K_C9336C_FX2_V001, ViewLayer | Updating Geometry BVH Port02_guide_-1_-4.25 20/30 | Building BVH
Fra:1 Mem:187.85M (Peak 187.97M) | Time:00:00.62 | Mem:34.14M, Peak:34.14M | CISCO_N9K_C9336C_FX2_V001, ViewLayer | Updating Geometry BVH Port02_connector_contact_surround 19/30 | Building BVH
Fra:1 Mem:187.85M (Peak 187.97M) | Time:00:00.62 | Mem:34.15M, Peak:34.16M | CISCO_N9K_C9336C_FX2_V001, ViewLayer | Updating Geometry BVH Port02_recessed_connector_stop 18/30 | Building BVH
Fra:1 Mem:187.85M (Peak 187.97M) | Time:00:00.62 | Mem:34.16M, Peak:34.17M | CISCO_N9K_C9336C_FX2_V001, ViewLayer | Updating Geometry BVH Port01_subtle_recessed_contact_row 17/30 | Building BVH
Fra:1 Mem:187.85M (Peak 187.97M) | Time:00:00.62 | Mem:34.19M, Peak:34.19M | CISCO_N9K_C9336C_FX2_V001, ViewLayer | Updating Geometry BVH Port01_spring_1_2.8 16/30 | Building BVH
Fra:1 Mem:187.85M (Peak 187.97M) | Time:00:00.62 | Mem:34.20M, Peak:34.20M | CISCO_N9K_C9336C_FX2_V001, ViewLayer | Updating Geometry BVH Port01_spring_1_0 15/30 | Building BVH
Fra:1 Mem:187.85M (Peak 187.97M) | Time:00:00.62 | Mem:34.21M, Peak:34.21M | CISCO_N9K_C9336C_FX2_V001, ViewLayer | Updating Geometry BVH Port01_spring_1_-2.8 14/30 | Building BVH
Fra:1 Mem:187.85M (Peak 187.97M) | Time:00:00.62 | Mem:34.22M, Peak:34.22M | CISCO_N9K_C9336C_FX2_V001, ViewLayer | Updating Geometry BVH Port01_guide_1_4.25 13/30 | Building BVH
Fra:1 Mem:187.85M (Peak 187.97M) | Time:00:00.62 | Mem:34.23M, Peak:34.23M | CISCO_N9K_C9336C_FX2_V001, ViewLayer | Updating Geometry BVH Port01_guide_1_-4.25 12/30 | Building BVH
Fra:1 Mem:187.85M (Peak 187.97M) | Time:00:00.62 | Mem:34.24M, Peak:34.24M | CISCO_N9K_C9336C_FX2_V001, ViewLayer | Updating Geometry BVH Port01_spring_-1_2.8 11/30 | Building BVH
Fra:1 Mem:187.85M (Peak 187.97M) | Time:00:00.62 | Mem:34.24M, Peak:34.24M | CISCO_N9K_C9336C_FX2_V001, ViewLayer | Updating Geometry BVH Lid_flush_Phillips_00 1/30 | Building BVH
Fra:1 Mem:187.85M (Peak 187.97M) | Time:00:00.62 | Mem:34.25M, Peak:34.25M | CISCO_N9K_C9336C_FX2_V001, ViewLayer | Updating Geometry BVH Port01_spring_-1_0 10/30 | Building BVH
Fra:1 Mem:187.85M (Peak 187.97M) | Time:00:00.62 | Mem:34.25M, Peak:34.26M | CISCO_N9K_C9336C_FX2_V001, ViewLayer | Updating Geometry BVH Port01_spring_-1_-2.8 9/30 | Building BVH
Fra:1 Mem:187.85M (Peak 187.97M) | Time:00:00.62 | Mem:34.27M, Peak:34.27M | CISCO_N9K_C9336C_FX2_V001, ViewLayer | Updating Geometry BVH Port01_guide_-1_4.25 8/30 | Building BVH
Fra:1 Mem:187.85M (Peak 187.97M) | Time:00:00.62 | Mem:34.29M, Peak:34.29M | CISCO_N9K_C9336C_FX2_V001, ViewLayer | Updating Geometry BVH Port01_guide_-1_-4.25 7/30 | Building BVH
Fra:1 Mem:187.85M (Peak 187.97M) | Time:00:00.62 | Mem:34.30M, Peak:34.30M | CISCO_N9K_C9336C_FX2_V001, ViewLayer | Updating Geometry BVH Port01_connector_contact_surround 6/30 | Building BVH
Fra:1 Mem:187.85M (Peak 187.97M) | Time:00:00.62 | Mem:34.31M, Peak:34.31M | CISCO_N9K_C9336C_FX2_V001, ViewLayer | Updating Geometry BVH Port01_recessed_connector_stop 5/30 | Building BVH
Fra:1 Mem:187.85M (Peak 187.97M) | Time:00:00.62 | Mem:34.32M, Peak:34.32M | CISCO_N9K_C9336C_FX2_V001, ViewLayer | Updating Geometry BVH Pair01_internal_cooling_shelf 4/30 | Building BVH
Fra:1 Mem:187.85M (Peak 187.97M) | Time:00:00.62 | Mem:34.32M, Peak:34.32M | CISCO_N9K_C9336C_FX2_V001, ViewLayer | Updating Geometry BVH Pair01_front_separator_true_perforations 3/30 | Building BVH
Fra:1 Mem:187.85M (Peak 187.97M) | Time:00:00.62 | Mem:34.39M, Peak:34.39M | CISCO_N9K_C9336C_FX2_V001, ViewLayer | Updating Geometry BVH Pair01_stainless_shell_29mm_deep 2/30 | Building BVH
Fra:1 Mem:187.85M (Peak 187.97M) | Time:00:00.62 | Mem:34.49M, Peak:34.56M | CISCO_N9K_C9336C_FX2_V001, ViewLayer | Updating Scene BVH | Building
Fra:1 Mem:187.86M (Peak 187.97M) | Time:00:00.62 | Mem:34.49M, Peak:34.56M | CISCO_N9K_C9336C_FX2_V001, ViewLayer | Updating Scene BVH | Building BVH
Fra:1 Mem:187.86M (Peak 187.97M) | Time:00:00.72 | Mem:58.89M, Peak:70.50M | CISCO_N9K_C9336C_FX2_V001, ViewLayer | Updating Scene BVH | Copying BVH to device
Fra:1 Mem:187.86M (Peak 187.97M) | Time:00:00.72 | Mem:58.89M, Peak:70.50M | CISCO_N9K_C9336C_FX2_V001, ViewLayer | Updating Mesh | Computing normals
Fra:1 Mem:201.06M (Peak 201.06M) | Time:00:00.74 | Mem:58.89M, Peak:70.50M | CISCO_N9K_C9336C_FX2_V001, ViewLayer | Updating Mesh | Copying Mesh to device
Fra:1 Mem:201.06M (Peak 201.06M) | Time:00:00.74 | Mem:72.10M, Peak:72.10M | CISCO_N9K_C9336C_FX2_V001, ViewLayer | Updating Objects Flags
Fra:1 Mem:201.06M (Peak 201.06M) | Time:00:00.74 | Mem:72.11M, Peak:72.11M | CISCO_N9K_C9336C_FX2_V001, ViewLayer | Updating Primitive Offsets
Fra:1 Mem:201.07M (Peak 201.07M) | Time:00:00.74 | Mem:72.11M, Peak:72.11M | CISCO_N9K_C9336C_FX2_V001, ViewLayer | Updating Images
Fra:1 Mem:201.07M (Peak 201.07M) | Time:00:00.74 | Mem:72.11M, Peak:72.11M | CISCO_N9K_C9336C_FX2_V001, ViewLayer | Updating Camera Volume
Fra:1 Mem:201.07M (Peak 201.07M) | Time:00:00.74 | Mem:72.11M, Peak:72.11M | CISCO_N9K_C9336C_FX2_V001, ViewLayer | Updating Lookup Tables
Fra:1 Mem:201.07M (Peak 201.07M) | Time:00:00.74 | Mem:72.19M, Peak:72.19M | CISCO_N9K_C9336C_FX2_V001, ViewLayer | Updating Lights
Fra:1 Mem:201.07M (Peak 201.07M) | Time:00:00.74 | Mem:72.19M, Peak:72.19M | CISCO_N9K_C9336C_FX2_V001, ViewLayer | Updating Lights | Computing distribution
Fra:1 Mem:201.07M (Peak 201.07M) | Time:00:00.74 | Mem:72.19M, Peak:72.19M | CISCO_N9K_C9336C_FX2_V001, ViewLayer | Updating Lights | Computing tree
Fra:1 Mem:201.08M (Peak 201.08M) | Time:00:00.74 | Mem:72.20M, Peak:72.20M | CISCO_N9K_C9336C_FX2_V001, ViewLayer | Updating Integrator
Fra:1 Mem:202.08M (Peak 202.08M) | Time:00:00.74 | Mem:73.20M, Peak:73.20M | CISCO_N9K_C9336C_FX2_V001, ViewLayer | Updating Film
Fra:1 Mem:202.08M (Peak 202.08M) | Time:00:00.74 | Mem:73.12M, Peak:73.20M | CISCO_N9K_C9336C_FX2_V001, ViewLayer | Updating Lookup Tables
Fra:1 Mem:202.08M (Peak 202.08M) | Time:00:00.74 | Mem:73.20M, Peak:73.20M | CISCO_N9K_C9336C_FX2_V001, ViewLayer | Updating Baking
Fra:1 Mem:202.08M (Peak 202.08M) | Time:00:00.74 | Mem:73.20M, Peak:73.20M | CISCO_N9K_C9336C_FX2_V001, ViewLayer | Updating Device | Writing constant memory
Fra:1 Mem:202.10M (Peak 202.10M) | Time:00:00.74 | Mem:73.20M, Peak:73.20M | CISCO_N9K_C9336C_FX2_V001, ViewLayer | Sample 0/40
Fra:1 Mem:208.97M (Peak 208.97M) | Time:00:00.88 | Remaining:00:05.49 | Mem:80.08M, Peak:80.08M | CISCO_N9K_C9336C_FX2_V001, ViewLayer | Sample 1/40
Fra:1 Mem:212.02M (Peak 218.13M) | Time:00:05.76 | Mem:80.08M, Peak:80.08M | CISCO_N9K_C9336C_FX2_V001, ViewLayer | Sample 40/40
Fra:1 Mem:212.02M (Peak 218.13M) | Time:00:05.76 | Mem:80.08M, Peak:80.08M | CISCO_N9K_C9336C_FX2_V001, ViewLayer | Finished
Saved: '/root/Project/rack-device-3d/Cisco-N9KC9336C-FX2/v001/qa/original-shell-left-transparent.png'
Time: 00:05.87 (Saving: 00:00.08)

SHELL_ALPHA original left
Fra:1 Mem:129.53M (Peak 129.53M) | Time:00:00.11 | Mem:0.00M, Peak:0.00M | CISCO_N9K_C9336C_FX2_V001, ViewLayer | Synchronizing object | INFERRED_Bottom_folded_sheet
Fra:1 Mem:129.55M (Peak 129.55M) | Time:00:00.11 | Mem:0.00M, Peak:0.00M | CISCO_N9K_C9336C_FX2_V001, ViewLayer | Synchronizing object | LEFT_sidewall_with_mounting_provisions
Fra:1 Mem:129.72M (Peak 129.72M) | Time:00:00.11 | Mem:0.00M, Peak:0.00M | CISCO_N9K_C9336C_FX2_V001, ViewLayer | Synchronizing object | RIGHT_sidewall_with_mounting_provisions
Fra:1 Mem:129.90M (Peak 129.90M) | Time:00:00.11 | Mem:0.00M, Peak:0.00M | CISCO_N9K_C9336C_FX2_V001, ViewLayer | Synchronizing object | Top_lid_main_sheet
Fra:1 Mem:130.10M (Peak 130.10M) | Time:00:00.11 | Mem:0.00M, Peak:0.00M | CISCO_N9K_C9336C_FX2_V001, ViewLayer | Synchronizing object | Lid_port_edge_fold
Fra:1 Mem:130.11M (Peak 130.11M) | Time:00:00.11 | Mem:0.00M, Peak:0.00M | CISCO_N9K_C9336C_FX2_V001, ViewLayer | Synchronizing object | Lid_staggered_punched_vent_2028_through_holes
Fra:1 Mem:151.33M (Peak 151.33M) | Time:00:00.12 | Mem:0.00M, Peak:0.00M | CISCO_N9K_C9336C_FX2_V001, ViewLayer | Synchronizing object | Original_photo_top_chassis_label
Fra:1 Mem:151.33M (Peak 151.33M) | Time:00:00.12 | Mem:0.00M, Peak:0.00M | CISCO_N9K_C9336C_FX2_V001, ViewLayer | Synchronizing object | Port_pair_18_direction_1
Fra:1 Mem:151.33M (Peak 151.33M) | Time:00:00.12 | Mem:0.00M, Peak:0.00M | CISCO_N9K_C9336C_FX2_V001, ViewLayer | Synchronizing object | Port_pair_18_direction_-1
Fra:1 Mem:151.33M (Peak 151.33M) | Time:00:00.12 | Mem:0.00M, Peak:0.00M | CISCO_N9K_C9336C_FX2_V001, ViewLayer | Synchronizing object | PORT_NUMBER_36
Fra:1 Mem:151.34M (Peak 151.34M) | Time:00:00.12 | Mem:0.00M, Peak:0.00M | CISCO_N9K_C9336C_FX2_V001, ViewLayer | Synchronizing object | PORT_NUMBER_35
Fra:1 Mem:151.35M (Peak 151.35M) | Time:00:00.12 | Mem:0.00M, Peak:0.00M | CISCO_N9K_C9336C_FX2_V001, ViewLayer | Synchronizing object | Port_pair_17_direction_1
Fra:1 Mem:151.35M (Peak 151.35M) | Time:00:00.12 | Mem:0.00M, Peak:0.00M | CISCO_N9K_C9336C_FX2_V001, ViewLayer | Synchronizing object | Port_pair_17_direction_-1
Fra:1 Mem:151.35M (Peak 151.35M) | Time:00:00.12 | Mem:0.00M, Peak:0.00M | CISCO_N9K_C9336C_FX2_V001, ViewLayer | Synchronizing object | PORT_NUMBER_34
Fra:1 Mem:151.36M (Peak 151.36M) | Time:00:00.12 | Mem:0.00M, Peak:0.00M | CISCO_N9K_C9336C_FX2_V001, ViewLayer | Synchronizing object | PORT_NUMBER_33
Fra:1 Mem:151.37M (Peak 151.37M) | Time:00:00.12 | Mem:0.00M, Peak:0.00M | CISCO_N9K_C9336C_FX2_V001, ViewLayer | Synchronizing object | Port_pair_16_direction_1
Fra:1 Mem:151.37M (Peak 151.37M) | Time:00:00.12 | Mem:0.00M, Peak:0.00M | CISCO_N9K_C9336C_FX2_V001, ViewLayer | Synchronizing object | Port_pair_16_direction_-1
Fra:1 Mem:151.37M (Peak 151.37M) | Time:00:00.12 | Mem:0.00M, Peak:0.00M | CISCO_N9K_C9336C_FX2_V001, ViewLayer | Synchronizing object | PORT_NUMBER_32
Fra:1 Mem:151.37M (Peak 151.37M) | Time:00:00.12 | Mem:0.00M, Peak:0.00M | CISCO_N9K_C9336C_FX2_V001, ViewLayer | Synchronizing object | PORT_NUMBER_31
Fra:1 Mem:151.38M (Peak 151.38M) | Time:00:00.12 | Mem:0.00M, Peak:0.00M | CISCO_N9K_C9336C_FX2_V001, ViewLayer | Synchronizing object | Port_pair_15_direction_1
Fra:1 Mem:151.38M (Peak 151.38M) | Time:00:00.12 | Mem:0.00M, Peak:0.00M | CISCO_N9K_C9336C_FX2_V001, ViewLayer | Synchronizing object | Port_pair_15_direction_-1
Fra:1 Mem:151.38M (Peak 151.38M) | Time:00:00.12 | Mem:0.00M, Peak:0.00M | CISCO_N9K_C9336C_FX2_V001, ViewLayer | Synchronizing object | PORT_NUMBER_30
Fra:1 Mem:151.39M (Peak 151.39M) | Time:00:00.12 | Mem:0.00M, Peak:0.00M | CISCO_N9K_C9336C_FX2_V001, ViewLayer | Synchronizing object | PORT_NUMBER_29
Fra:1 Mem:151.40M (Peak 151.40M) | Time:00:00.12 | Mem:0.00M, Peak:0.00M | CISCO_N9K_C9336C_FX2_V001, ViewLayer | Synchronizing object | Port_pair_14_direction_1
Fra:1 Mem:151.40M (Peak 151.40M) | Time:00:00.12 | Mem:0.00M, Peak:0.00M | CISCO_N9K_C9336C_FX2_V001, ViewLayer | Synchronizing object | Port_pair_14_direction_-1
Fra:1 Mem:151.40M (Peak 151.40M) | Time:00:00.12 | Mem:0.00M, Peak:0.00M | CISCO_N9K_C9336C_FX2_V001, ViewLayer | Synchronizing object | PORT_NUMBER_28
Fra:1 Mem:151.41M (Peak 151.41M) | Time:00:00.12 | Mem:0.00M, Peak:0.00M | CISCO_N9K_C9336C_FX2_V001, ViewLayer | Synchronizing object | PORT_NUMBER_27
Fra:1 Mem:151.41M (Peak 151.41M) | Time:00:00.12 | Mem:0.00M, Peak:0.00M | CISCO_N9K_C9336C_FX2_V001, ViewLayer | Synchronizing object | Port_pair_13_direction_1
Fra:1 Mem:151.41M (Peak 151.41M) | Time:00:00.12 | Mem:0.00M, Peak:0.00M | CISCO_N9K_C9336C_FX2_V001, ViewLayer | Synchronizing object | Port_pair_13_direction_-1
Fra:1 Mem:151.41M (Peak 151.41M) | Time:00:00.12 | Mem:0.00M, Peak:0.00M | CISCO_N9K_C9336C_FX2_V001, ViewLayer | Synchronizing object | PORT_NUMBER_26
Fra:1 Mem:151.42M (Peak 151.42M) | Time:00:00.12 | Mem:0.00M, Peak:0.00M | CISCO_N9K_C9336C_FX2_V001, ViewLayer | Synchronizing object | PORT_NUMBER_25
Fra:1 Mem:151.43M (Peak 151.43M) | Time:00:00.12 | Mem:0.00M, Peak:0.00M | CISCO_N9K_C9336C_FX2_V001, ViewLayer | Synchronizing object | Port_pair_12_direction_1
Fra:1 Mem:151.43M (Peak 151.43M) | Time:00:00.12 | Mem:0.00M, Peak:0.00M | CISCO_N9K_C9336C_FX2_V001, ViewLayer | Synchronizing object | Port_pair_12_direction_-1
Fra:1 Mem:151.43M (Peak 151.43M) | Time:00:00.12 | Mem:0.00M, Peak:0.00M | CISCO_N9K_C9336C_FX2_V001, ViewLayer | Synchronizing object | PORT_NUMBER_24
Fra:1 Mem:151.43M (Peak 151.43M) | Time:00:00.12 | Mem:0.00M, Peak:0.00M | CISCO_N9K_C9336C_FX2_V001, ViewLayer | Synchronizing object | PORT_NUMBER_23
Fra:1 Mem:151.44M (Peak 151.44M) | Time:00:00.12 | Mem:0.00M, Peak:0.00M | CISCO_N9K_C9336C_FX2_V001, ViewLayer | Synchronizing object | Port_pair_11_direction_1
Fra:1 Mem:151.44M (Peak 151.44M) | Time:00:00.12 | Mem:0.00M, Peak:0.00M | CISCO_N9K_C9336C_FX2_V001, ViewLayer | Synchronizing object | Port_pair_11_direction_-1
Fra:1 Mem:151.44M (Peak 151.44M) | Time:00:00.12 | Mem:0.00M, Peak:0.00M | CISCO_N9K_C9336C_FX2_V001, ViewLayer | Synchronizing object | PORT_NUMBER_22
Fra:1 Mem:151.45M (Peak 151.45M) | Time:00:00.12 | Mem:0.00M, Peak:0.00M | CISCO_N9K_C9336C_FX2_V001, ViewLayer | Synchronizing object | PORT_NUMBER_21
Fra:1 Mem:151.45M (Peak 151.45M) | Time:00:00.13 | Mem:0.00M, Peak:0.00M | CISCO_N9K_C9336C_FX2_V001, ViewLayer | Synchronizing object | Port_pair_10_direction_1
Fra:1 Mem:151.45M (Peak 151.45M) | Time:00:00.13 | Mem:0.00M, Peak:0.00M | CISCO_N9K_C9336C_FX2_V001, ViewLayer | Synchronizing object | Port_pair_10_direction_-1
Fra:1 Mem:151.45M (Peak 151.45M) | Time:00:00.13 | Mem:0.00M, Peak:0.00M | CISCO_N9K_C9336C_FX2_V001, ViewLayer | Synchronizing object | PORT_NUMBER_20
Fra:1 Mem:151.46M (Peak 151.46M) | Time:00:00.13 | Mem:0.00M, Peak:0.00M | CISCO_N9K_C9336C_FX2_V001, ViewLayer | Synchronizing object | PORT_NUMBER_19
Fra:1 Mem:151.46M (Peak 151.46M) | Time:00:00.13 | Mem:0.00M, Peak:0.00M | CISCO_N9K_C9336C_FX2_V001, ViewLayer | Synchronizing object | Port_pair_9_direction_1
Fra:1 Mem:151.47M (Peak 151.47M) | Time:00:00.13 | Mem:0.00M, Peak:0.00M | CISCO_N9K_C9336C_FX2_V001, ViewLayer | Synchronizing object | Port_pair_9_direction_-1
Fra:1 Mem:151.47M (Peak 151.47M) | Time:00:00.13 | Mem:0.00M, Peak:0.00M | CISCO_N9K_C9336C_FX2_V001, ViewLayer | Synchronizing object | PORT_NUMBER_18
Fra:1 Mem:151.47M (Peak 151.47M) | Time:00:00.13 | Mem:0.00M, Peak:0.00M | CISCO_N9K_C9336C_FX2_V001, ViewLayer | Synchronizing object | PORT_NUMBER_17
Fra:1 Mem:151.47M (Peak 151.47M) | Time:00:00.13 | Mem:0.00M, Peak:0.00M | CISCO_N9K_C9336C_FX2_V001, ViewLayer | Synchronizing object | Port_pair_8_direction_1
Fra:1 Mem:151.47M (Peak 151.47M) | Time:00:00.13 | Mem:0.00M, Peak:0.00M | CISCO_N9K_C9336C_FX2_V001, ViewLayer | Synchronizing object | Port_pair_8_direction_-1
Fra:1 Mem:151.47M (Peak 151.47M) | Time:00:00.13 | Mem:0.00M, Peak:0.00M | CISCO_N9K_C9336C_FX2_V001, ViewLayer | Synchronizing object | PORT_NUMBER_16
Fra:1 Mem:151.48M (Peak 151.48M) | Time:00:00.13 | Mem:0.00M, Peak:0.00M | CISCO_N9K_C9336C_FX2_V001, ViewLayer | Synchronizing object | PORT_NUMBER_15
Fra:1 Mem:151.48M (Peak 151.48M) | Time:00:00.13 | Mem:0.00M, Peak:0.00M | CISCO_N9K_C9336C_FX2_V001, ViewLayer | Synchronizing object | Port_pair_7_direction_1
Fra:1 Mem:151.48M (Peak 151.48M) | Time:00:00.13 | Mem:0.00M, Peak:0.00M | CISCO_N9K_C9336C_FX2_V001, ViewLayer | Synchronizing object | Port_pair_7_direction_-1
Fra:1 Mem:151.48M (Peak 151.48M) | Time:00:00.13 | Mem:0.00M, Peak:0.00M | CISCO_N9K_C9336C_FX2_V001, ViewLayer | Synchronizing object | PORT_NUMBER_14
Fra:1 Mem:151.49M (Peak 151.49M) | Time:00:00.13 | Mem:0.00M, Peak:0.00M | CISCO_N9K_C9336C_FX2_V001, ViewLayer | Synchronizing object | PORT_NUMBER_13
Fra:1 Mem:151.49M (Peak 151.49M) | Time:00:00.13 | Mem:0.00M, Peak:0.00M | CISCO_N9K_C9336C_FX2_V001, ViewLayer | Synchronizing object | Port_pair_6_direction_1
Fra:1 Mem:151.49M (Peak 151.49M) | Time:00:00.13 | Mem:0.00M, Peak:0.00M | CISCO_N9K_C9336C_FX2_V001, ViewLayer | Synchronizing object | Port_pair_6_direction_-1
Fra:1 Mem:151.49M (Peak 151.49M) | Time:00:00.13 | Mem:0.00M, Peak:0.00M | CISCO_N9K_C9336C_FX2_V001, ViewLayer | Synchronizing object | PORT_NUMBER_12
Fra:1 Mem:151.50M (Peak 151.50M) | Time:00:00.13 | Mem:0.00M, Peak:0.00M | CISCO_N9K_C9336C_FX2_V001, ViewLayer | Synchronizing object | PORT_NUMBER_11
Fra:1 Mem:151.50M (Peak 151.50M) | Time:00:00.13 | Mem:0.00M, Peak:0.00M | CISCO_N9K_C9336C_FX2_V001, ViewLayer | Synchronizing object | Port_pair_5_direction_1
Fra:1 Mem:151.50M (Peak 151.50M) | Time:00:00.13 | Mem:0.00M, Peak:0.00M | CISCO_N9K_C9336C_FX2_V001, ViewLayer | Synchronizing object | Port_pair_5_direction_-1
Fra:1 Mem:151.50M (Peak 151.50M) | Time:00:00.13 | Mem:0.00M, Peak:0.00M | CISCO_N9K_C9336C_FX2_V001, ViewLayer | Synchronizing object | PORT_NUMBER_10
Fra:1 Mem:151.50M (Peak 151.50M) | Time:00:00.13 | Mem:0.00M, Peak:0.00M | CISCO_N9K_C9336C_FX2_V001, ViewLayer | Synchronizing object | PORT_NUMBER_09
Fra:1 Mem:151.51M (Peak 151.51M) | Time:00:00.13 | Mem:0.00M, Peak:0.00M | CISCO_N9K_C9336C_FX2_V001, ViewLayer | Synchronizing object | Port_pair_4_direction_1
Fra:1 Mem:151.51M (Peak 151.51M) | Time:00:00.13 | Mem:0.00M, Peak:0.00M | CISCO_N9K_C9336C_FX2_V001, ViewLayer | Synchronizing object | Port_pair_4_direction_-1
Fra:1 Mem:151.51M (Peak 151.51M) | Time:00:00.13 | Mem:0.00M, Peak:0.00M | CISCO_N9K_C9336C_FX2_V001, ViewLayer | Synchronizing object | PORT_NUMBER_08
Fra:1 Mem:151.51M (Peak 151.51M) | Time:00:00.13 | Mem:0.00M, Peak:0.00M | CISCO_N9K_C9336C_FX2_V001, ViewLayer | Synchronizing object | PORT_NUMBER_07
Fra:1 Mem:151.52M (Peak 151.52M) | Time:00:00.13 | Mem:0.00M, Peak:0.00M | CISCO_N9K_C9336C_FX2_V001, ViewLayer | Synchronizing object | Port_pair_3_direction_1
Fra:1 Mem:151.52M (Peak 151.52M) | Time:00:00.13 | Mem:0.00M, Peak:0.00M | CISCO_N9K_C9336C_FX2_V001, ViewLayer | Synchronizing object | Port_pair_3_direction_-1
Fra:1 Mem:151.52M (Peak 151.52M) | Time:00:00.13 | Mem:0.00M, Peak:0.00M | CISCO_N9K_C9336C_FX2_V001, ViewLayer | Synchronizing object | PORT_NUMBER_06
Fra:1 Mem:151.52M (Peak 151.52M) | Time:00:00.13 | Mem:0.00M, Peak:0.00M | CISCO_N9K_C9336C_FX2_V001, ViewLayer | Synchronizing object | PORT_NUMBER_05
Fra:1 Mem:151.52M (Peak 151.52M) | Time:00:00.13 | Mem:0.00M, Peak:0.00M | CISCO_N9K_C9336C_FX2_V001, ViewLayer | Synchronizing object | Port_pair_2_direction_1
Fra:1 Mem:151.52M (Peak 151.52M) | Time:00:00.13 | Mem:0.00M, Peak:0.00M | CISCO_N9K_C9336C_FX2_V001, ViewLayer | Synchronizing object | Port_pair_2_direction_-1
Fra:1 Mem:151.52M (Peak 151.52M) | Time:00:00.13 | Mem:0.00M, Peak:0.00M | CISCO_N9K_C9336C_FX2_V001, ViewLayer | Synchronizing object | PORT_NUMBER_04
Fra:1 Mem:151.53M (Peak 151.53M) | Time:00:00.13 | Mem:0.00M, Peak:0.00M | CISCO_N9K_C9336C_FX2_V001, ViewLayer | Synchronizing object | PORT_NUMBER_03
Fra:1 Mem:151.53M (Peak 151.53M) | Time:00:00.13 | Mem:0.00M, Peak:0.00M | CISCO_N9K_C9336C_FX2_V001, ViewLayer | Synchronizing object | Port_pair_1_direction_1
Fra:1 Mem:151.53M (Peak 151.53M) | Time:00:00.13 | Mem:0.00M, Peak:0.00M | CISCO_N9K_C9336C_FX2_V001, ViewLayer | Synchronizing object | Port_pair_1_direction_-1
Fra:1 Mem:151.53M (Peak 151.53M) | Time:00:00.13 | Mem:0.00M, Peak:0.00M | CISCO_N9K_C9336C_FX2_V001, ViewLayer | Synchronizing object | PORT_NUMBER_02
Fra:1 Mem:151.53M (Peak 151.53M) | Time:00:00.13 | Mem:0.00M, Peak:0.00M | CISCO_N9K_C9336C_FX2_V001, ViewLayer | Synchronizing object | PORT_NUMBER_01
Fra:1 Mem:151.54M (Peak 151.54M) | Time:00:00.13 | Mem:0.00M, Peak:0.00M | CISCO_N9K_C9336C_FX2_V001, ViewLayer | Synchronizing object | Correct_factory_PID
Fra:1 Mem:151.57M (Peak 151.57M) | Time:00:00.13 | Mem:0.00M, Peak:0.00M | CISCO_N9K_C9336C_FX2_V001, ViewLayer | Synchronizing object | Cisco_product_family_line_2
Fra:1 Mem:151.58M (Peak 151.58M) | Time:00:00.13 | Mem:0.00M, Peak:0.00M | CISCO_N9K_C9336C_FX2_V001, ViewLayer | Synchronizing object | Cisco_product_family_line_1
Fra:1 Mem:151.60M (Peak 151.60M) | Time:00:00.13 | Mem:0.00M, Peak:0.00M | CISCO_N9K_C9336C_FX2_V001, ViewLayer | Synchronizing object | Cisco_brand_wordmark
Fra:1 Mem:151.61M (Peak 151.61M) | Time:00:00.13 | Mem:0.00M, Peak:0.00M | CISCO_N9K_C9336C_FX2_V001, ViewLayer | Synchronizing object | Cisco_bridge_bar_9
Fra:1 Mem:151.61M (Peak 151.61M) | Time:00:00.13 | Mem:0.00M, Peak:0.00M | CISCO_N9K_C9336C_FX2_V001, ViewLayer | Synchronizing object | Cisco_bridge_bar_8
Fra:1 Mem:151.62M (Peak 151.62M) | Time:00:00.13 | Mem:0.00M, Peak:0.00M | CISCO_N9K_C9336C_FX2_V001, ViewLayer | Synchronizing object | Cisco_bridge_bar_7
Fra:1 Mem:151.62M (Peak 151.62M) | Time:00:00.13 | Mem:0.00M, Peak:0.00M | CISCO_N9K_C9336C_FX2_V001, ViewLayer | Synchronizing object | Cisco_bridge_bar_6
Fra:1 Mem:151.63M (Peak 151.63M) | Time:00:00.13 | Mem:0.00M, Peak:0.00M | CISCO_N9K_C9336C_FX2_V001, ViewLayer | Synchronizing object | Cisco_bridge_bar_5
Fra:1 Mem:151.63M (Peak 151.63M) | Time:00:00.13 | Mem:0.00M, Peak:0.00M | CISCO_N9K_C9336C_FX2_V001, ViewLayer | Synchronizing object | Cisco_bridge_bar_4
Fra:1 Mem:151.63M (Peak 151.63M) | Time:00:00.13 | Mem:0.00M, Peak:0.00M | CISCO_N9K_C9336C_FX2_V001, ViewLayer | Synchronizing object | Cisco_bridge_bar_3
Fra:1 Mem:151.64M (Peak 151.64M) | Time:00:00.13 | Mem:0.00M, Peak:0.00M | CISCO_N9K_C9336C_FX2_V001, ViewLayer | Synchronizing object | Cisco_bridge_bar_2
Fra:1 Mem:151.64M (Peak 151.64M) | Time:00:00.13 | Mem:0.00M, Peak:0.00M | CISCO_N9K_C9336C_FX2_V001, ViewLayer | Synchronizing object | Cisco_bridge_bar_1
Fra:1 Mem:151.64M (Peak 151.64M) | Time:00:00.13 | Mem:0.00M, Peak:0.00M | CISCO_N9K_C9336C_FX2_V001, ViewLayer | Synchronizing object | LS_selector_text
Fra:1 Mem:151.65M (Peak 151.65M) | Time:00:00.13 | Mem:0.00M, Peak:0.00M | CISCO_N9K_C9336C_FX2_V001, ViewLayer | Synchronizing object | LS_selector_metal_button
Fra:1 Mem:151.81M (Peak 151.81M) | Time:00:00.13 | Mem:0.00M, Peak:0.00M | CISCO_N9K_C9336C_FX2_V001, ViewLayer | Synchronizing object | LS_selector_black_surround
Fra:1 Mem:151.81M (Peak 151.81M) | Time:00:00.13 | Mem:0.00M, Peak:0.00M | CISCO_N9K_C9336C_FX2_V001, ViewLayer | Synchronizing object | FRONT_4_legend
Fra:1 Mem:151.82M (Peak 151.82M) | Time:00:00.13 | Mem:0.00M, Peak:0.00M | CISCO_N9K_C9336C_FX2_V001, ViewLayer | Synchronizing object | FRONT_4_unpowered_lens
Fra:1 Mem:151.84M (Peak 151.84M) | Time:00:00.13 | Mem:0.00M, Peak:0.00M | CISCO_N9K_C9336C_FX2_V001, ViewLayer | Synchronizing object | FRONT_3_legend
Fra:1 Mem:151.85M (Peak 151.85M) | Time:00:00.13 | Mem:0.00M, Peak:0.00M | CISCO_N9K_C9336C_FX2_V001, ViewLayer | Synchronizing object | FRONT_3_unpowered_lens
Fra:1 Mem:151.88M (Peak 151.88M) | Time:00:00.13 | Mem:0.00M, Peak:0.00M | CISCO_N9K_C9336C_FX2_V001, ViewLayer | Synchronizing object | FRONT_2_legend
Fra:1 Mem:151.88M (Peak 151.88M) | Time:00:00.13 | Mem:0.00M, Peak:0.00M | CISCO_N9K_C9336C_FX2_V001, ViewLayer | Synchronizing object | FRONT_2_unpowered_lens
Fra:1 Mem:151.91M (Peak 151.91M) | Time:00:00.13 | Mem:0.00M, Peak:0.00M | CISCO_N9K_C9336C_FX2_V001, ViewLayer | Synchronizing object | FRONT_1_legend
Fra:1 Mem:151.91M (Peak 151.91M) | Time:00:00.13 | Mem:0.00M, Peak:0.00M | CISCO_N9K_C9336C_FX2_V001, ViewLayer | Synchronizing object | FRONT_1_unpowered_lens
Fra:1 Mem:151.94M (Peak 151.94M) | Time:00:00.13 | Mem:0.00M, Peak:0.00M | CISCO_N9K_C9336C_FX2_V001, ViewLayer | Synchronizing object | FRONT_ENV_legend
Fra:1 Mem:151.94M (Peak 151.94M) | Time:00:00.13 | Mem:0.00M, Peak:0.00M | CISCO_N9K_C9336C_FX2_V001, ViewLayer | Synchronizing object | FRONT_ENV_unpowered_lens
Fra:1 Mem:151.97M (Peak 151.97M) | Time:00:00.13 | Mem:0.00M, Peak:0.00M | CISCO_N9K_C9336C_FX2_V001, ViewLayer | Synchronizing object | FRONT_STS_legend
Fra:1 Mem:151.98M (Peak 151.98M) | Time:00:00.13 | Mem:0.00M, Peak:0.00M | CISCO_N9K_C9336C_FX2_V001, ViewLayer | Synchronizing object | FRONT_STS_unpowered_lens
Fra:1 Mem:152.00M (Peak 152.00M) | Time:00:00.13 | Mem:0.00M, Peak:0.00M | CISCO_N9K_C9336C_FX2_V001, ViewLayer | Synchronizing object | FRONT_BCN_legend
Fra:1 Mem:152.01M (Peak 152.01M) | Time:00:00.13 | Mem:0.00M, Peak:0.00M | CISCO_N9K_C9336C_FX2_V001, ViewLayer | Synchronizing object | FRONT_BCN_unpowered_lens
Fra:1 Mem:152.04M (Peak 152.04M) | Time:00:00.13 | Mem:0.00M, Peak:0.00M | CISCO_N9K_C9336C_FX2_V001, ViewLayer | Synchronizing object | Rear_P2_arrow_legend
Fra:1 Mem:152.04M (Peak 152.04M) | Time:00:00.13 | Mem:0.00M, Peak:0.00M | CISCO_N9K_C9336C_FX2_V001, ViewLayer | Synchronizing object | USB_symbol_branch_B
Fra:1 Mem:152.05M (Peak 152.05M) | Time:00:00.13 | Mem:0.00M, Peak:0.00M | CISCO_N9K_C9336C_FX2_V001, ViewLayer | Synchronizing object | USB_symbol_branch_A
Fra:1 Mem:152.05M (Peak 152.05M) | Time:00:00.13 | Mem:0.00M, Peak:0.00M | CISCO_N9K_C9336C_FX2_V001, ViewLayer | Synchronizing object | USB_symbol_stem
Fra:1 Mem:152.05M (Peak 152.05M) | Time:00:00.13 | Mem:0.00M, Peak:0.00M | CISCO_N9K_C9336C_FX2_V001, ViewLayer | Synchronizing object | Console_terminal_symbol
Fra:1 Mem:152.05M (Peak 152.05M) | Time:00:00.13 | Mem:0.00M, Peak:0.00M | CISCO_N9K_C9336C_FX2_V001, ViewLayer | Synchronizing object | SFP_management_symbol_line.003
Fra:1 Mem:152.05M (Peak 152.05M) | Time:00:00.13 | Mem:0.00M, Peak:0.00M | CISCO_N9K_C9336C_FX2_V001, ViewLayer | Synchronizing object | SFP_management_symbol_line.002
Fra:1 Mem:152.05M (Peak 152.05M) | Time:00:00.13 | Mem:0.00M, Peak:0.00M | CISCO_N9K_C9336C_FX2_V001, ViewLayer | Synchronizing object | SFP_management_symbol_line.001
Fra:1 Mem:152.05M (Peak 152.05M) | Time:00:00.13 | Mem:0.00M, Peak:0.00M | CISCO_N9K_C9336C_FX2_V001, ViewLayer | Synchronizing object | SFP_management_symbol_line
Fra:1 Mem:152.05M (Peak 152.05M) | Time:00:00.13 | Mem:0.00M, Peak:0.00M | CISCO_N9K_C9336C_FX2_V001, ViewLayer | Synchronizing object | SFP_management_symbol_node_1.25
Fra:1 Mem:152.06M (Peak 152.06M) | Time:00:00.13 | Mem:0.00M, Peak:0.00M | CISCO_N9K_C9336C_FX2_V001, ViewLayer | Synchronizing object | SFP_management_symbol_node_-1.25
Fra:1 Mem:152.07M (Peak 152.07M) | Time:00:00.13 | Mem:0.00M, Peak:0.00M | CISCO_N9K_C9336C_FX2_V001, ViewLayer | Synchronizing object | SFP_management_symbol_node_0
Fra:1 Mem:152.07M (Peak 152.07M) | Time:00:00.13 | Mem:0.00M, Peak:0.00M | CISCO_N9K_C9336C_FX2_V001, ViewLayer | Synchronizing object | RJ45_management_symbol_line.003
Fra:1 Mem:152.07M (Peak 152.07M) | Time:00:00.13 | Mem:0.00M, Peak:0.00M | CISCO_N9K_C9336C_FX2_V001, ViewLayer | Synchronizing object | RJ45_management_symbol_line.002
Fra:1 Mem:152.07M (Peak 152.07M) | Time:00:00.13 | Mem:0.00M, Peak:0.00M | CISCO_N9K_C9336C_FX2_V001, ViewLayer | Synchronizing object | RJ45_management_symbol_line.001
Fra:1 Mem:152.08M (Peak 152.08M) | Time:00:00.13 | Mem:0.00M, Peak:0.00M | CISCO_N9K_C9336C_FX2_V001, ViewLayer | Synchronizing object | RJ45_management_symbol_line
Fra:1 Mem:152.08M (Peak 152.08M) | Time:00:00.13 | Mem:0.00M, Peak:0.00M | CISCO_N9K_C9336C_FX2_V001, ViewLayer | Synchronizing object | RJ45_management_symbol_node_1.25
Fra:1 Mem:152.08M (Peak 152.08M) | Time:00:00.13 | Mem:0.00M, Peak:0.00M | CISCO_N9K_C9336C_FX2_V001, ViewLayer | Synchronizing object | RJ45_management_symbol_node_-1.25
Fra:1 Mem:152.09M (Peak 152.09M) | Time:00:00.13 | Mem:0.00M, Peak:0.00M | CISCO_N9K_C9336C_FX2_V001, ViewLayer | Synchronizing object | RJ45_management_symbol_node_0
Fra:1 Mem:152.09M (Peak 152.09M) | Time:00:00.13 | Mem:0.00M, Peak:0.00M | CISCO_N9K_C9336C_FX2_V001, ViewLayer | Synchronizing object | Rear_service_retention_screw
Fra:1 Mem:152.11M (Peak 152.11M) | Time:00:00.13 | Mem:0.00M, Peak:0.00M | CISCO_N9K_C9336C_FX2_V001, ViewLayer | Synchronizing object | REAR_STS_legend
Fra:1 Mem:152.12M (Peak 152.12M) | Time:00:00.13 | Mem:0.00M, Peak:0.00M | CISCO_N9K_C9336C_FX2_V001, ViewLayer | Synchronizing object | REAR_STS_unpowered_indicator
Fra:1 Mem:152.13M (Peak 152.13M) | Time:00:00.13 | Mem:0.00M, Peak:0.00M | CISCO_N9K_C9336C_FX2_V001, ViewLayer | Synchronizing object | REAR_BCN_legend
Fra:1 Mem:152.13M (Peak 152.13M) | Time:00:00.13 | Mem:0.00M, Peak:0.00M | CISCO_N9K_C9336C_FX2_V001, ViewLayer | Synchronizing object | REAR_BCN_unpowered_indicator
Fra:1 Mem:152.14M (Peak 152.14M) | Time:00:00.13 | Mem:0.00M, Peak:0.00M | CISCO_N9K_C9336C_FX2_V001, ViewLayer | Synchronizing object | USB_A_contact_3
Fra:1 Mem:152.14M (Peak 152.14M) | Time:00:00.13 | Mem:0.00M, Peak:0.00M | CISCO_N9K_C9336C_FX2_V001, ViewLayer | Synchronizing object | USB_A_contact_2
Fra:1 Mem:152.15M (Peak 152.15M) | Time:00:00.13 | Mem:0.00M, Peak:0.00M | CISCO_N9K_C9336C_FX2_V001, ViewLayer | Synchronizing object | USB_A_contact_1
Fra:1 Mem:152.15M (Peak 152.15M) | Time:00:00.13 | Mem:0.00M, Peak:0.00M | CISCO_N9K_C9336C_FX2_V001, ViewLayer | Synchronizing object | USB_A_contact_0
Fra:1 Mem:152.16M (Peak 152.16M) | Time:00:00.13 | Mem:0.00M, Peak:0.00M | CISCO_N9K_C9336C_FX2_V001, ViewLayer | Synchronizing object | USB_A_black_tongue
Fra:1 Mem:152.16M (Peak 152.16M) | Time:00:00.13 | Mem:0.00M, Peak:0.00M | CISCO_N9K_C9336C_FX2_V001, ViewLayer | Synchronizing object | USB_A_deep_stop
Fra:1 Mem:152.16M (Peak 152.16M) | Time:00:00.13 | Mem:0.00M, Peak:0.00M | CISCO_N9K_C9336C_FX2_V001, ViewLayer | Synchronizing object | USB_A_metal_shell
Fra:1 Mem:152.18M (Peak 152.18M) | Time:00:00.13 | Mem:0.00M, Peak:0.00M | CISCO_N9K_C9336C_FX2_V001, ViewLayer | Synchronizing object | Mgmt_SFP_contact_9
Fra:1 Mem:152.18M (Peak 152.18M) | Time:00:00.13 | Mem:0.00M, Peak:0.00M | CISCO_N9K_C9336C_FX2_V001, ViewLayer | Synchronizing object | Mgmt_SFP_contact_8
Fra:1 Mem:152.18M (Peak 152.18M) | Time:00:00.13 | Mem:0.00M, Peak:0.00M | CISCO_N9K_C9336C_FX2_V001, ViewLayer | Synchronizing object | Mgmt_SFP_contact_7
Fra:1 Mem:152.18M (Peak 152.18M) | Time:00:00.13 | Mem:0.00M, Peak:0.00M | CISCO_N9K_C9336C_FX2_V001, ViewLayer | Synchronizing object | Mgmt_SFP_contact_6
Fra:1 Mem:152.18M (Peak 152.18M) | Time:00:00.13 | Mem:0.00M, Peak:0.00M | CISCO_N9K_C9336C_FX2_V001, ViewLayer | Synchronizing object | Mgmt_SFP_contact_5
Fra:1 Mem:152.18M (Peak 152.18M) | Time:00:00.13 | Mem:0.00M, Peak:0.00M | CISCO_N9K_C9336C_FX2_V001, ViewLayer | Synchronizing object | Mgmt_SFP_contact_4
Fra:1 Mem:152.18M (Peak 152.18M) | Time:00:00.13 | Mem:0.00M, Peak:0.00M | CISCO_N9K_C9336C_FX2_V001, ViewLayer | Synchronizing object | Mgmt_SFP_contact_3
Fra:1 Mem:152.18M (Peak 152.18M) | Time:00:00.13 | Mem:0.00M, Peak:0.00M | CISCO_N9K_C9336C_FX2_V001, ViewLayer | Synchronizing object | Mgmt_SFP_contact_2
Fra:1 Mem:152.18M (Peak 152.18M) | Time:00:00.13 | Mem:0.00M, Peak:0.00M | CISCO_N9K_C9336C_FX2_V001, ViewLayer | Synchronizing object | Mgmt_SFP_contact_1
Fra:1 Mem:152.19M (Peak 152.19M) | Time:00:00.13 | Mem:0.00M, Peak:0.00M | CISCO_N9K_C9336C_FX2_V001, ViewLayer | Synchronizing object | Mgmt_SFP_contact_0
Fra:1 Mem:152.19M (Peak 152.19M) | Time:00:00.13 | Mem:0.00M, Peak:0.00M | CISCO_N9K_C9336C_FX2_V001, ViewLayer | Synchronizing object | Mgmt_SFP_guide_5.8
Fra:1 Mem:152.20M (Peak 152.20M) | Time:00:00.13 | Mem:0.00M, Peak:0.00M | CISCO_N9K_C9336C_FX2_V001, ViewLayer | Synchronizing object | Mgmt_SFP_guide_-5.8
Fra:1 Mem:152.21M (Peak 152.21M) | Time:00:00.13 | Mem:0.00M, Peak:0.00M | CISCO_N9K_C9336C_FX2_V001, ViewLayer | Synchronizing object | Mgmt_SFP_recessed_connector_stop
Fra:1 Mem:152.21M (Peak 152.21M) | Time:00:00.13 | Mem:0.00M, Peak:0.00M | CISCO_N9K_C9336C_FX2_V001, ViewLayer | Synchronizing object | Mgmt_SFP_deep_metal_cage
Fra:1 Mem:152.23M (Peak 152.23M) | Time:00:00.14 | Mem:0.00M, Peak:0.00M | CISCO_N9K_C9336C_FX2_V001, ViewLayer | Synchronizing object | MANAGEMENT_RJ45_unpowered_corner_LED_5.6
Fra:1 Mem:152.24M (Peak 152.24M) | Time:00:00.14 | Mem:0.00M, Peak:0.00M | CISCO_N9K_C9336C_FX2_V001, ViewLayer | Synchronizing object | MANAGEMENT_RJ45_unpowered_corner_LED_-5.6
Fra:1 Mem:152.24M (Peak 152.24M) | Time:00:00.14 | Mem:0.00M, Peak:0.00M | CISCO_N9K_C9336C_FX2_V001, ViewLayer | Synchronizing object | MANAGEMENT_RJ45_contact_7
Fra:1 Mem:152.24M (Peak 152.24M) | Time:00:00.14 | Mem:0.00M, Peak:0.00M | CISCO_N9K_C9336C_FX2_V001, ViewLayer | Synchronizing object | MANAGEMENT_RJ45_contact_6
Fra:1 Mem:152.25M (Peak 152.25M) | Time:00:00.14 | Mem:0.00M, Peak:0.00M | CISCO_N9K_C9336C_FX2_V001, ViewLayer | Synchronizing object | MANAGEMENT_RJ45_contact_5
Fra:1 Mem:152.25M (Peak 152.25M) | Time:00:00.14 | Mem:0.00M, Peak:0.00M | CISCO_N9K_C9336C_FX2_V001, ViewLayer | Synchronizing object | MANAGEMENT_RJ45_contact_4
Fra:1 Mem:152.26M (Peak 152.26M) | Time:00:00.14 | Mem:0.00M, Peak:0.00M | CISCO_N9K_C9336C_FX2_V001, ViewLayer | Synchronizing object | MANAGEMENT_RJ45_contact_3
Fra:1 Mem:152.26M (Peak 152.26M) | Time:00:00.14 | Mem:0.00M, Peak:0.00M | CISCO_N9K_C9336C_FX2_V001, ViewLayer | Synchronizing object | MANAGEMENT_RJ45_contact_2
Fra:1 Mem:152.27M (Peak 152.27M) | Time:00:00.14 | Mem:0.00M, Peak:0.00M | CISCO_N9K_C9336C_FX2_V001, ViewLayer | Synchronizing object | MANAGEMENT_RJ45_contact_1
Fra:1 Mem:152.27M (Peak 152.27M) | Time:00:00.14 | Mem:0.00M, Peak:0.00M | CISCO_N9K_C9336C_FX2_V001, ViewLayer | Synchronizing object | MANAGEMENT_RJ45_contact_0
Fra:1 Mem:152.27M (Peak 152.27M) | Time:00:00.14 | Mem:0.00M, Peak:0.00M | CISCO_N9K_C9336C_FX2_V001, ViewLayer | Synchronizing object | MANAGEMENT_RJ45_deep_connector_stop
Fra:1 Mem:152.28M (Peak 152.28M) | Time:00:00.14 | Mem:0.00M, Peak:0.00M | CISCO_N9K_C9336C_FX2_V001, ViewLayer | Synchronizing object | MANAGEMENT_RJ45_keyed_plastic_body
Fra:1 Mem:152.28M (Peak 152.28M) | Time:00:00.14 | Mem:0.00M, Peak:0.00M | CISCO_N9K_C9336C_FX2_V001, ViewLayer | Synchronizing object | MANAGEMENT_RJ45_metal_shield
Fra:1 Mem:152.30M (Peak 152.30M) | Time:00:00.14 | Mem:0.00M, Peak:0.00M | CISCO_N9K_C9336C_FX2_V001, ViewLayer | Synchronizing object | CONSOLE_RJ45_unpowered_corner_LED_5.6
Fra:1 Mem:152.30M (Peak 152.30M) | Time:00:00.14 | Mem:0.00M, Peak:0.00M | CISCO_N9K_C9336C_FX2_V001, ViewLayer | Synchronizing object | CONSOLE_RJ45_unpowered_corner_LED_-5.6
Fra:1 Mem:152.30M (Peak 152.30M) | Time:00:00.14 | Mem:0.00M, Peak:0.00M | CISCO_N9K_C9336C_FX2_V001, ViewLayer | Synchronizing object | CONSOLE_RJ45_contact_7
Fra:1 Mem:152.31M (Peak 152.31M) | Time:00:00.14 | Mem:0.00M, Peak:0.00M | CISCO_N9K_C9336C_FX2_V001, ViewLayer | Synchronizing object | CONSOLE_RJ45_contact_6
Fra:1 Mem:152.31M (Peak 152.31M) | Time:00:00.14 | Mem:0.00M, Peak:0.00M | CISCO_N9K_C9336C_FX2_V001, ViewLayer | Synchronizing object | CONSOLE_RJ45_contact_5
Fra:1 Mem:152.32M (Peak 152.32M) | Time:00:00.14 | Mem:0.00M, Peak:0.00M | CISCO_N9K_C9336C_FX2_V001, ViewLayer | Synchronizing object | CONSOLE_RJ45_contact_4
Fra:1 Mem:152.32M (Peak 152.32M) | Time:00:00.14 | Mem:0.00M, Peak:0.00M | CISCO_N9K_C9336C_FX2_V001, ViewLayer | Synchronizing object | CONSOLE_RJ45_contact_3
Fra:1 Mem:152.33M (Peak 152.33M) | Time:00:00.14 | Mem:0.00M, Peak:0.00M | CISCO_N9K_C9336C_FX2_V001, ViewLayer | Synchronizing object | CONSOLE_RJ45_contact_2
Fra:1 Mem:152.33M (Peak 152.33M) | Time:00:00.14 | Mem:0.00M, Peak:0.00M | CISCO_N9K_C9336C_FX2_V001, ViewLayer | Synchronizing object | CONSOLE_RJ45_contact_1
Fra:1 Mem:152.34M (Peak 152.34M) | Time:00:00.14 | Mem:0.00M, Peak:0.00M | CISCO_N9K_C9336C_FX2_V001, ViewLayer | Synchronizing object | CONSOLE_RJ45_contact_0
Fra:1 Mem:152.34M (Peak 152.34M) | Time:00:00.14 | Mem:0.00M, Peak:0.00M | CISCO_N9K_C9336C_FX2_V001, ViewLayer | Synchronizing object | CONSOLE_RJ45_deep_connector_stop
Fra:1 Mem:152.34M (Peak 152.34M) | Time:00:00.14 | Mem:0.00M, Peak:0.00M | CISCO_N9K_C9336C_FX2_V001, ViewLayer | Synchronizing object | CONSOLE_RJ45_keyed_plastic_body
Fra:1 Mem:152.34M (Peak 152.34M) | Time:00:00.14 | Mem:0.00M, Peak:0.00M | CISCO_N9K_C9336C_FX2_V001, ViewLayer | Synchronizing object | CONSOLE_RJ45_metal_shield
Fra:1 Mem:152.36M (Peak 152.36M) | Time:00:00.14 | Mem:0.00M, Peak:0.00M | CISCO_N9K_C9336C_FX2_V001, ViewLayer | Synchronizing object | Rear_service_panel_true_apertures
Fra:1 Mem:152.39M (Peak 152.39M) | Time:00:00.14 | Mem:0.00M, Peak:0.00M | CISCO_N9K_C9336C_FX2_V001, ViewLayer | Synchronizing object | PSU2_face_screw_24.5_39.3
Fra:1 Mem:152.41M (Peak 152.41M) | Time:00:00.14 | Mem:0.00M, Peak:0.00M | CISCO_N9K_C9336C_FX2_V001, ViewLayer | Synchronizing object | PSU2_face_screw_24.5_4.1
Fra:1 Mem:152.42M (Peak 152.42M) | Time:00:00.14 | Mem:0.00M, Peak:0.00M | CISCO_N9K_C9336C_FX2_V001, ViewLayer | Synchronizing object | PSU2_face_screw_-24.5_39.3
Fra:1 Mem:152.44M (Peak 152.44M) | Time:00:00.14 | Mem:0.00M, Peak:0.00M | CISCO_N9K_C9336C_FX2_V001, ViewLayer | Synchronizing object | PSU2_face_screw_-24.5_4.1
Fra:1 Mem:152.46M (Peak 152.46M) | Time:00:00.14 | Mem:0.00M, Peak:0.00M | CISCO_N9K_C9336C_FX2_V001, ViewLayer | Synchronizing object | PSU2_OK_legend
Fra:1 Mem:152.46M (Peak 152.46M) | Time:00:00.14 | Mem:0.00M, Peak:0.00M | CISCO_N9K_C9336C_FX2_V001, ViewLayer | Synchronizing object | PSU2_FAIL_legend
Fra:1 Mem:152.46M (Peak 152.46M) | Time:00:00.14 | Mem:0.00M, Peak:0.00M | CISCO_N9K_C9336C_FX2_V001, ViewLayer | Synchronizing object | PSU2_unpowered_LED_32.6
Fra:1 Mem:152.47M (Peak 152.47M) | Time:00:00.14 | Mem:0.00M, Peak:0.00M | CISCO_N9K_C9336C_FX2_V001, ViewLayer | Synchronizing object | PSU2_unpowered_LED_36.8
Fra:1 Mem:152.47M (Peak 152.47M) | Time:00:00.14 | Mem:0.00M, Peak:0.00M | CISCO_N9K_C9336C_FX2_V001, ViewLayer | Synchronizing object | PSU2_retainer_rib_315.4
Fra:1 Mem:152.47M (Peak 152.47M) | Time:00:00.14 | Mem:0.00M, Peak:0.00M | CISCO_N9K_C9336C_FX2_V001, ViewLayer | Synchronizing object | PSU2_retainer_rib_313.2
Fra:1 Mem:152.48M (Peak 152.48M) | Time:00:00.14 | Mem:0.00M, Peak:0.00M | CISCO_N9K_C9336C_FX2_V001, ViewLayer | Synchronizing object | PSU2_retainer_rib_311
Fra:1 Mem:152.48M (Peak 152.48M) | Time:00:00.14 | Mem:0.00M, Peak:0.00M | CISCO_N9K_C9336C_FX2_V001, ViewLayer | Synchronizing object | PSU2_retainer_rib_308.8
Fra:1 Mem:152.49M (Peak 152.49M) | Time:00:00.14 | Mem:0.00M, Peak:0.00M | CISCO_N9K_C9336C_FX2_V001, ViewLayer | Synchronizing object | PSU2_retainer_rib_306.6
Fra:1 Mem:152.49M (Peak 152.49M) | Time:00:00.14 | Mem:0.00M, Peak:0.00M | CISCO_N9K_C9336C_FX2_V001, ViewLayer | Synchronizing object | PSU2_retainer_rib_304.4
Fra:1 Mem:152.50M (Peak 152.50M) | Time:00:00.14 | Mem:0.00M, Peak:0.00M | CISCO_N9K_C9336C_FX2_V001, ViewLayer | Synchronizing object | PSU2_retainer_rib_302.2
Fra:1 Mem:152.50M (Peak 152.50M) | Time:00:00.14 | Mem:0.00M, Peak:0.00M | CISCO_N9K_C9336C_FX2_V001, ViewLayer | Synchronizing object | PSU2_retainer_rib_300
Fra:1 Mem:152.51M (Peak 152.51M) | Time:00:00.14 | Mem:0.00M, Peak:0.00M | CISCO_N9K_C9336C_FX2_V001, ViewLayer | Synchronizing object | PSU2_stowed_nylon_retention_loop
Fra:1 Mem:152.51M (Peak 152.51M) | Time:00:00.14 | Mem:0.00M, Peak:0.00M | CISCO_N9K_C9336C_FX2_V001, ViewLayer | Synchronizing object | PSU2_cord_retainer_anchor
Fra:1 Mem:152.52M (Peak 152.52M) | Time:00:00.14 | Mem:0.00M, Peak:0.00M | CISCO_N9K_C9336C_FX2_V001, ViewLayer | Synchronizing object | PSU2_BLUE_release_latch
Fra:1 Mem:152.52M (Peak 152.52M) | Time:00:00.14 | Mem:0.00M, Peak:0.00M | CISCO_N9K_C9336C_FX2_V001, ViewLayer | Synchronizing object | PSU2_silver_U_pull_handle
Fra:1 Mem:152.73M (Peak 152.73M) | Time:00:00.14 | Mem:0.00M, Peak:0.00M | CISCO_N9K_C9336C_FX2_V001, ViewLayer | Synchronizing object | PSU2_IEC_pin_2
Fra:1 Mem:152.74M (Peak 152.74M) | Time:00:00.14 | Mem:0.00M, Peak:0.00M | CISCO_N9K_C9336C_FX2_V001, ViewLayer | Synchronizing object | PSU2_IEC_pin_1
Fra:1 Mem:152.75M (Peak 152.75M) | Time:00:00.14 | Mem:0.00M, Peak:0.00M | CISCO_N9K_C9336C_FX2_V001, ViewLayer | Synchronizing object | PSU2_IEC_pin_0
Fra:1 Mem:152.76M (Peak 152.76M) | Time:00:00.14 | Mem:0.00M, Peak:0.00M | CISCO_N9K_C9336C_FX2_V001, ViewLayer | Synchronizing object | PSU2_IEC_recessed_black_floor
Fra:1 Mem:152.76M (Peak 152.76M) | Time:00:00.14 | Mem:0.00M, Peak:0.00M | CISCO_N9K_C9336C_FX2_V001, ViewLayer | Synchronizing object | PSU2_IEC_C14_black_inlet_housing
Fra:1 Mem:152.79M (Peak 152.79M) | Time:00:00.14 | Mem:0.00M, Peak:0.00M | CISCO_N9K_C9336C_FX2_V001, ViewLayer | Synchronizing object | PSU2_true_hex_cooling_vents
Fra:1 Mem:155.53M (Peak 155.53M) | Time:00:00.15 | Mem:0.00M, Peak:0.00M | CISCO_N9K_C9336C_FX2_V001, ViewLayer | Synchronizing object | PSU2_inlet_vent_divider
Fra:1 Mem:155.53M (Peak 155.53M) | Time:00:00.15 | Mem:0.00M, Peak:0.00M | CISCO_N9K_C9336C_FX2_V001, ViewLayer | Synchronizing object | PSU2_front_face_rim
Fra:1 Mem:155.55M (Peak 155.55M) | Time:00:00.15 | Mem:0.00M, Peak:0.00M | CISCO_N9K_C9336C_FX2_V001, ViewLayer | Synchronizing object | PSU2_internal_opaque_baffle
Fra:1 Mem:155.55M (Peak 155.55M) | Time:00:00.15 | Mem:0.00M, Peak:0.00M | CISCO_N9K_C9336C_FX2_V001, ViewLayer | Synchronizing object | PSU2_internal_mating_block
Fra:1 Mem:155.55M (Peak 155.55M) | Time:00:00.15 | Mem:0.00M, Peak:0.00M | CISCO_N9K_C9336C_FX2_V001, ViewLayer | Synchronizing object | PSU2_rear_internal_endcap
Fra:1 Mem:155.57M (Peak 155.57M) | Time:00:00.15 | Mem:0.00M, Peak:0.00M | CISCO_N9K_C9336C_FX2_V001, ViewLayer | Synchronizing object | PSU2_formed_silver_shell
Fra:1 Mem:155.59M (Peak 155.59M) | Time:00:00.15 | Mem:0.00M, Peak:0.00M | CISCO_N9K_C9336C_FX2_V001, ViewLayer | Synchronizing object | PSU1_face_screw_24.5_39.3
Fra:1 Mem:155.60M (Peak 155.60M) | Time:00:00.15 | Mem:0.00M, Peak:0.00M | CISCO_N9K_C9336C_FX2_V001, ViewLayer | Synchronizing object | PSU1_face_screw_24.5_4.1
Fra:1 Mem:155.62M (Peak 155.62M) | Time:00:00.15 | Mem:0.00M, Peak:0.00M | CISCO_N9K_C9336C_FX2_V001, ViewLayer | Synchronizing object | PSU1_face_screw_-24.5_39.3
Fra:1 Mem:155.64M (Peak 155.64M) | Time:00:00.15 | Mem:0.00M, Peak:0.00M | CISCO_N9K_C9336C_FX2_V001, ViewLayer | Synchronizing object | PSU1_face_screw_-24.5_4.1
Fra:1 Mem:155.66M (Peak 155.66M) | Time:00:00.15 | Mem:0.00M, Peak:0.00M | CISCO_N9K_C9336C_FX2_V001, ViewLayer | Synchronizing object | PSU1_OK_legend
Fra:1 Mem:155.66M (Peak 155.66M) | Time:00:00.15 | Mem:0.00M, Peak:0.00M | CISCO_N9K_C9336C_FX2_V001, ViewLayer | Synchronizing object | PSU1_FAIL_legend
Fra:1 Mem:155.66M (Peak 155.66M) | Time:00:00.15 | Mem:0.00M, Peak:0.00M | CISCO_N9K_C9336C_FX2_V001, ViewLayer | Synchronizing object | PSU1_unpowered_LED_32.6
Fra:1 Mem:155.66M (Peak 155.66M) | Time:00:00.15 | Mem:0.00M, Peak:0.00M | CISCO_N9K_C9336C_FX2_V001, ViewLayer | Synchronizing object | PSU1_unpowered_LED_36.8
Fra:1 Mem:155.67M (Peak 155.67M) | Time:00:00.15 | Mem:0.00M, Peak:0.00M | CISCO_N9K_C9336C_FX2_V001, ViewLayer | Synchronizing object | PSU1_retainer_rib_315.4
Fra:1 Mem:155.67M (Peak 155.67M) | Time:00:00.15 | Mem:0.00M, Peak:0.00M | CISCO_N9K_C9336C_FX2_V001, ViewLayer | Synchronizing object | PSU1_retainer_rib_313.2
Fra:1 Mem:155.68M (Peak 155.68M) | Time:00:00.15 | Mem:0.00M, Peak:0.00M | CISCO_N9K_C9336C_FX2_V001, ViewLayer | Synchronizing object | PSU1_retainer_rib_311
Fra:1 Mem:155.68M (Peak 155.68M) | Time:00:00.15 | Mem:0.00M, Peak:0.00M | CISCO_N9K_C9336C_FX2_V001, ViewLayer | Synchronizing object | PSU1_retainer_rib_308.8
Fra:1 Mem:155.68M (Peak 155.68M) | Time:00:00.15 | Mem:0.00M, Peak:0.00M | CISCO_N9K_C9336C_FX2_V001, ViewLayer | Synchronizing object | PSU1_retainer_rib_306.6
Fra:1 Mem:155.69M (Peak 155.69M) | Time:00:00.15 | Mem:0.00M, Peak:0.00M | CISCO_N9K_C9336C_FX2_V001, ViewLayer | Synchronizing object | PSU1_retainer_rib_304.4
Fra:1 Mem:155.69M (Peak 155.69M) | Time:00:00.15 | Mem:0.00M, Peak:0.00M | CISCO_N9K_C9336C_FX2_V001, ViewLayer | Synchronizing object | PSU1_retainer_rib_302.2
Fra:1 Mem:155.70M (Peak 155.70M) | Time:00:00.15 | Mem:0.00M, Peak:0.00M | CISCO_N9K_C9336C_FX2_V001, ViewLayer | Synchronizing object | PSU1_retainer_rib_300
Fra:1 Mem:155.70M (Peak 155.70M) | Time:00:00.15 | Mem:0.00M, Peak:0.00M | CISCO_N9K_C9336C_FX2_V001, ViewLayer | Synchronizing object | PSU1_stowed_nylon_retention_loop
Fra:1 Mem:155.71M (Peak 155.71M) | Time:00:00.15 | Mem:0.00M, Peak:0.00M | CISCO_N9K_C9336C_FX2_V001, ViewLayer | Synchronizing object | PSU1_cord_retainer_anchor
Fra:1 Mem:155.71M (Peak 155.71M) | Time:00:00.15 | Mem:0.00M, Peak:0.00M | CISCO_N9K_C9336C_FX2_V001, ViewLayer | Synchronizing object | PSU1_BLUE_release_latch
Fra:1 Mem:155.72M (Peak 155.72M) | Time:00:00.15 | Mem:0.00M, Peak:0.00M | CISCO_N9K_C9336C_FX2_V001, ViewLayer | Synchronizing object | PSU1_silver_U_pull_handle
Fra:1 Mem:155.92M (Peak 155.92M) | Time:00:00.15 | Mem:0.00M, Peak:0.00M | CISCO_N9K_C9336C_FX2_V001, ViewLayer | Synchronizing object | PSU1_IEC_pin_2
Fra:1 Mem:155.94M (Peak 155.94M) | Time:00:00.16 | Mem:0.00M, Peak:0.00M | CISCO_N9K_C9336C_FX2_V001, ViewLayer | Synchronizing object | PSU1_IEC_pin_1
Fra:1 Mem:155.95M (Peak 155.95M) | Time:00:00.16 | Mem:0.00M, Peak:0.00M | CISCO_N9K_C9336C_FX2_V001, ViewLayer | Synchronizing object | PSU1_IEC_pin_0
Fra:1 Mem:155.96M (Peak 155.96M) | Time:00:00.16 | Mem:0.00M, Peak:0.00M | CISCO_N9K_C9336C_FX2_V001, ViewLayer | Synchronizing object | PSU1_IEC_recessed_black_floor
Fra:1 Mem:155.96M (Peak 155.96M) | Time:00:00.16 | Mem:0.00M, Peak:0.00M | CISCO_N9K_C9336C_FX2_V001, ViewLayer | Synchronizing object | PSU1_IEC_C14_black_inlet_housing
Fra:1 Mem:155.98M (Peak 155.98M) | Time:00:00.16 | Mem:0.00M, Peak:0.00M | CISCO_N9K_C9336C_FX2_V001, ViewLayer | Synchronizing object | PSU1_true_hex_cooling_vents
Fra:1 Mem:156.46M (Peak 156.46M) | Time:00:00.17 | Mem:0.00M, Peak:0.00M | CISCO_N9K_C9336C_FX2_V001, ViewLayer | Synchronizing object | PSU1_inlet_vent_divider
Fra:1 Mem:156.46M (Peak 156.46M) | Time:00:00.17 | Mem:0.00M, Peak:0.00M | CISCO_N9K_C9336C_FX2_V001, ViewLayer | Synchronizing object | PSU1_front_face_rim
Fra:1 Mem:156.48M (Peak 156.48M) | Time:00:00.17 | Mem:0.00M, Peak:0.00M | CISCO_N9K_C9336C_FX2_V001, ViewLayer | Synchronizing object | PSU1_internal_opaque_baffle
Fra:1 Mem:156.48M (Peak 156.48M) | Time:00:00.17 | Mem:0.00M, Peak:0.00M | CISCO_N9K_C9336C_FX2_V001, ViewLayer | Synchronizing object | PSU1_internal_mating_block
Fra:1 Mem:156.49M (Peak 156.49M) | Time:00:00.17 | Mem:0.00M, Peak:0.00M | CISCO_N9K_C9336C_FX2_V001, ViewLayer | Synchronizing object | PSU1_rear_internal_endcap
Fra:1 Mem:156.50M (Peak 156.50M) | Time:00:00.17 | Mem:0.00M, Peak:0.00M | CISCO_N9K_C9336C_FX2_V001, ViewLayer | Synchronizing object | PSU1_formed_silver_shell
Fra:1 Mem:156.52M (Peak 156.52M) | Time:00:00.17 | Mem:0.00M, Peak:0.00M | CISCO_N9K_C9336C_FX2_V001, ViewLayer | Synchronizing object | Fan3_fine_vertical_thumb_rib_1_9
Fra:1 Mem:156.53M (Peak 156.53M) | Time:00:00.17 | Mem:0.00M, Peak:0.00M | CISCO_N9K_C9336C_FX2_V001, ViewLayer | Synchronizing object | Fan3_fine_vertical_thumb_rib_1_8
Fra:1 Mem:156.53M (Peak 156.53M) | Time:00:00.17 | Mem:0.00M, Peak:0.00M | CISCO_N9K_C9336C_FX2_V001, ViewLayer | Synchronizing object | Fan3_fine_vertical_thumb_rib_1_7
Fra:1 Mem:156.53M (Peak 156.53M) | Time:00:00.17 | Mem:0.00M, Peak:0.00M | CISCO_N9K_C9336C_FX2_V001, ViewLayer | Synchronizing object | Fan3_fine_vertical_thumb_rib_1_6
Fra:1 Mem:156.54M (Peak 156.54M) | Time:00:00.17 | Mem:0.00M, Peak:0.00M | CISCO_N9K_C9336C_FX2_V001, ViewLayer | Synchronizing object | Fan3_fine_vertical_thumb_rib_1_5
Fra:1 Mem:156.54M (Peak 156.54M) | Time:00:00.17 | Mem:0.00M, Peak:0.00M | CISCO_N9K_C9336C_FX2_V001, ViewLayer | Synchronizing object | Fan3_fine_vertical_thumb_rib_1_4
Fra:1 Mem:156.55M (Peak 156.55M) | Time:00:00.17 | Mem:0.00M, Peak:0.00M | CISCO_N9K_C9336C_FX2_V001, ViewLayer | Synchronizing object | Fan3_fine_vertical_thumb_rib_1_3
Fra:1 Mem:156.55M (Peak 156.55M) | Time:00:00.17 | Mem:0.00M, Peak:0.00M | CISCO_N9K_C9336C_FX2_V001, ViewLayer | Synchronizing object | Fan3_fine_vertical_thumb_rib_1_2
Fra:1 Mem:156.56M (Peak 156.56M) | Time:00:00.17 | Mem:0.00M, Peak:0.00M | CISCO_N9K_C9336C_FX2_V001, ViewLayer | Synchronizing object | Fan3_fine_vertical_thumb_rib_1_1
Fra:1 Mem:156.56M (Peak 156.56M) | Time:00:00.17 | Mem:0.00M, Peak:0.00M | CISCO_N9K_C9336C_FX2_V001, ViewLayer | Synchronizing object | Fan3_fine_vertical_thumb_rib_1_0
Fra:1 Mem:156.56M (Peak 156.56M) | Time:00:00.17 | Mem:0.00M, Peak:0.00M | CISCO_N9K_C9336C_FX2_V001, ViewLayer | Synchronizing object | Fan3_fine_vertical_thumb_rib_-1_9
Fra:1 Mem:156.57M (Peak 156.57M) | Time:00:00.17 | Mem:0.00M, Peak:0.00M | CISCO_N9K_C9336C_FX2_V001, ViewLayer | Synchronizing object | Fan3_fine_vertical_thumb_rib_-1_8
Fra:1 Mem:156.57M (Peak 156.57M) | Time:00:00.17 | Mem:0.00M, Peak:0.00M | CISCO_N9K_C9336C_FX2_V001, ViewLayer | Synchronizing object | Fan3_fine_vertical_thumb_rib_-1_7
Fra:1 Mem:156.58M (Peak 156.58M) | Time:00:00.17 | Mem:0.00M, Peak:0.00M | CISCO_N9K_C9336C_FX2_V001, ViewLayer | Synchronizing object | Fan3_fine_vertical_thumb_rib_-1_6
Fra:1 Mem:156.58M (Peak 156.58M) | Time:00:00.17 | Mem:0.00M, Peak:0.00M | CISCO_N9K_C9336C_FX2_V001, ViewLayer | Synchronizing object | Fan3_fine_vertical_thumb_rib_-1_5
Fra:1 Mem:156.59M (Peak 156.59M) | Time:00:00.17 | Mem:0.00M, Peak:0.00M | CISCO_N9K_C9336C_FX2_V001, ViewLayer | Synchronizing object | Fan3_fine_vertical_thumb_rib_-1_4
Fra:1 Mem:156.59M (Peak 156.59M) | Time:00:00.17 | Mem:0.00M, Peak:0.00M | CISCO_N9K_C9336C_FX2_V001, ViewLayer | Synchronizing object | Fan3_fine_vertical_thumb_rib_-1_3
Fra:1 Mem:156.59M (Peak 156.59M) | Time:00:00.17 | Mem:0.00M, Peak:0.00M | CISCO_N9K_C9336C_FX2_V001, ViewLayer | Synchronizing object | Fan3_fine_vertical_thumb_rib_-1_2
Fra:1 Mem:156.60M (Peak 156.60M) | Time:00:00.17 | Mem:0.00M, Peak:0.00M | CISCO_N9K_C9336C_FX2_V001, ViewLayer | Synchronizing object | Fan3_fine_vertical_thumb_rib_-1_1
Fra:1 Mem:156.60M (Peak 156.60M) | Time:00:00.17 | Mem:0.00M, Peak:0.00M | CISCO_N9K_C9336C_FX2_V001, ViewLayer | Synchronizing object | Fan3_fine_vertical_thumb_rib_-1_0
Fra:1 Mem:156.61M (Peak 156.61M) | Time:00:00.17 | Mem:0.00M, Peak:0.00M | CISCO_N9K_C9336C_FX2_V001, ViewLayer | Synchronizing object | Fan2_fine_vertical_thumb_rib_1_9
Fra:1 Mem:156.61M (Peak 156.61M) | Time:00:00.17 | Mem:0.00M, Peak:0.00M | CISCO_N9K_C9336C_FX2_V001, ViewLayer | Synchronizing object | Fan2_fine_vertical_thumb_rib_1_8
Fra:1 Mem:156.62M (Peak 156.62M) | Time:00:00.17 | Mem:0.00M, Peak:0.00M | CISCO_N9K_C9336C_FX2_V001, ViewLayer | Synchronizing object | Fan2_fine_vertical_thumb_rib_1_7
Fra:1 Mem:156.62M (Peak 156.62M) | Time:00:00.17 | Mem:0.00M, Peak:0.00M | CISCO_N9K_C9336C_FX2_V001, ViewLayer | Synchronizing object | Fan2_fine_vertical_thumb_rib_1_6
Fra:1 Mem:156.62M (Peak 156.62M) | Time:00:00.17 | Mem:0.00M, Peak:0.00M | CISCO_N9K_C9336C_FX2_V001, ViewLayer | Synchronizing object | Fan2_fine_vertical_thumb_rib_1_5
Fra:1 Mem:156.63M (Peak 156.63M) | Time:00:00.17 | Mem:0.00M, Peak:0.00M | CISCO_N9K_C9336C_FX2_V001, ViewLayer | Synchronizing object | Fan2_fine_vertical_thumb_rib_1_4
Fra:1 Mem:156.63M (Peak 156.63M) | Time:00:00.17 | Mem:0.00M, Peak:0.00M | CISCO_N9K_C9336C_FX2_V001, ViewLayer | Synchronizing object | Fan2_fine_vertical_thumb_rib_1_3
Fra:1 Mem:156.64M (Peak 156.64M) | Time:00:00.17 | Mem:0.00M, Peak:0.00M | CISCO_N9K_C9336C_FX2_V001, ViewLayer | Synchronizing object | Fan2_fine_vertical_thumb_rib_1_2
Fra:1 Mem:156.64M (Peak 156.64M) | Time:00:00.17 | Mem:0.00M, Peak:0.00M | CISCO_N9K_C9336C_FX2_V001, ViewLayer | Synchronizing object | Fan2_fine_vertical_thumb_rib_1_1
Fra:1 Mem:156.65M (Peak 156.65M) | Time:00:00.17 | Mem:0.00M, Peak:0.00M | CISCO_N9K_C9336C_FX2_V001, ViewLayer | Synchronizing object | Fan2_fine_vertical_thumb_rib_1_0
Fra:1 Mem:156.65M (Peak 156.65M) | Time:00:00.17 | Mem:0.00M, Peak:0.00M | CISCO_N9K_C9336C_FX2_V001, ViewLayer | Synchronizing object | Fan2_fine_vertical_thumb_rib_-1_9
Fra:1 Mem:156.65M (Peak 156.65M) | Time:00:00.17 | Mem:0.00M, Peak:0.00M | CISCO_N9K_C9336C_FX2_V001, ViewLayer | Synchronizing object | Fan2_fine_vertical_thumb_rib_-1_8
Fra:1 Mem:156.66M (Peak 156.66M) | Time:00:00.17 | Mem:0.00M, Peak:0.00M | CISCO_N9K_C9336C_FX2_V001, ViewLayer | Synchronizing object | Fan2_fine_vertical_thumb_rib_-1_7
Fra:1 Mem:156.66M (Peak 156.66M) | Time:00:00.17 | Mem:0.00M, Peak:0.00M | CISCO_N9K_C9336C_FX2_V001, ViewLayer | Synchronizing object | Fan2_fine_vertical_thumb_rib_-1_6
Fra:1 Mem:156.67M (Peak 156.67M) | Time:00:00.17 | Mem:0.00M, Peak:0.00M | CISCO_N9K_C9336C_FX2_V001, ViewLayer | Synchronizing object | Fan2_fine_vertical_thumb_rib_-1_5
Fra:1 Mem:156.67M (Peak 156.67M) | Time:00:00.17 | Mem:0.00M, Peak:0.00M | CISCO_N9K_C9336C_FX2_V001, ViewLayer | Synchronizing object | Fan2_fine_vertical_thumb_rib_-1_4
Fra:1 Mem:156.68M (Peak 156.68M) | Time:00:00.17 | Mem:0.00M, Peak:0.00M | CISCO_N9K_C9336C_FX2_V001, ViewLayer | Synchronizing object | Fan2_fine_vertical_thumb_rib_-1_3
Fra:1 Mem:156.68M (Peak 156.68M) | Time:00:00.17 | Mem:0.00M, Peak:0.00M | CISCO_N9K_C9336C_FX2_V001, ViewLayer | Synchronizing object | Fan2_fine_vertical_thumb_rib_-1_2
Fra:1 Mem:156.68M (Peak 156.68M) | Time:00:00.17 | Mem:0.00M, Peak:0.00M | CISCO_N9K_C9336C_FX2_V001, ViewLayer | Synchronizing object | Fan2_fine_vertical_thumb_rib_-1_1
Fra:1 Mem:156.69M (Peak 156.69M) | Time:00:00.17 | Mem:0.00M, Peak:0.00M | CISCO_N9K_C9336C_FX2_V001, ViewLayer | Synchronizing object | Fan2_fine_vertical_thumb_rib_-1_0
Fra:1 Mem:156.69M (Peak 156.69M) | Time:00:00.17 | Mem:0.00M, Peak:0.00M | CISCO_N9K_C9336C_FX2_V001, ViewLayer | Synchronizing object | Fan1_fine_vertical_thumb_rib_1_9
Fra:1 Mem:156.70M (Peak 156.70M) | Time:00:00.17 | Mem:0.00M, Peak:0.00M | CISCO_N9K_C9336C_FX2_V001, ViewLayer | Synchronizing object | Fan1_fine_vertical_thumb_rib_1_8
Fra:1 Mem:156.70M (Peak 156.70M) | Time:00:00.17 | Mem:0.00M, Peak:0.00M | CISCO_N9K_C9336C_FX2_V001, ViewLayer | Synchronizing object | Fan1_fine_vertical_thumb_rib_1_7
Fra:1 Mem:156.71M (Peak 156.71M) | Time:00:00.17 | Mem:0.00M, Peak:0.00M | CISCO_N9K_C9336C_FX2_V001, ViewLayer | Synchronizing object | Fan1_fine_vertical_thumb_rib_1_6
Fra:1 Mem:156.71M (Peak 156.71M) | Time:00:00.17 | Mem:0.00M, Peak:0.00M | CISCO_N9K_C9336C_FX2_V001, ViewLayer | Synchronizing object | Fan1_fine_vertical_thumb_rib_1_5
Fra:1 Mem:156.72M (Peak 156.72M) | Time:00:00.17 | Mem:0.00M, Peak:0.00M | CISCO_N9K_C9336C_FX2_V001, ViewLayer | Synchronizing object | Fan1_fine_vertical_thumb_rib_1_4
Fra:1 Mem:156.72M (Peak 156.72M) | Time:00:00.17 | Mem:0.00M, Peak:0.00M | CISCO_N9K_C9336C_FX2_V001, ViewLayer | Synchronizing object | Fan1_fine_vertical_thumb_rib_1_3
Fra:1 Mem:156.72M (Peak 156.72M) | Time:00:00.17 | Mem:0.00M, Peak:0.00M | CISCO_N9K_C9336C_FX2_V001, ViewLayer | Synchronizing object | Fan1_fine_vertical_thumb_rib_1_2
Fra:1 Mem:156.73M (Peak 156.73M) | Time:00:00.17 | Mem:0.00M, Peak:0.00M | CISCO_N9K_C9336C_FX2_V001, ViewLayer | Synchronizing object | Fan1_fine_vertical_thumb_rib_1_1
Fra:1 Mem:156.73M (Peak 156.73M) | Time:00:00.17 | Mem:0.00M, Peak:0.00M | CISCO_N9K_C9336C_FX2_V001, ViewLayer | Synchronizing object | Fan1_fine_vertical_thumb_rib_1_0
Fra:1 Mem:156.74M (Peak 156.74M) | Time:00:00.17 | Mem:0.00M, Peak:0.00M | CISCO_N9K_C9336C_FX2_V001, ViewLayer | Synchronizing object | Fan1_fine_vertical_thumb_rib_-1_9
Fra:1 Mem:156.74M (Peak 156.74M) | Time:00:00.17 | Mem:0.00M, Peak:0.00M | CISCO_N9K_C9336C_FX2_V001, ViewLayer | Synchronizing object | Fan1_fine_vertical_thumb_rib_-1_8
Fra:1 Mem:156.75M (Peak 156.75M) | Time:00:00.17 | Mem:0.00M, Peak:0.00M | CISCO_N9K_C9336C_FX2_V001, ViewLayer | Synchronizing object | Fan1_fine_vertical_thumb_rib_-1_7
Fra:1 Mem:156.75M (Peak 156.75M) | Time:00:00.17 | Mem:0.00M, Peak:0.00M | CISCO_N9K_C9336C_FX2_V001, ViewLayer | Synchronizing object | Fan1_fine_vertical_thumb_rib_-1_6
Fra:1 Mem:156.75M (Peak 156.75M) | Time:00:00.17 | Mem:0.00M, Peak:0.00M | CISCO_N9K_C9336C_FX2_V001, ViewLayer | Synchronizing object | Fan1_fine_vertical_thumb_rib_-1_5
Fra:1 Mem:156.76M (Peak 156.76M) | Time:00:00.17 | Mem:0.00M, Peak:0.00M | CISCO_N9K_C9336C_FX2_V001, ViewLayer | Synchronizing object | Fan1_fine_vertical_thumb_rib_-1_4
Fra:1 Mem:156.76M (Peak 156.76M) | Time:00:00.17 | Mem:0.00M, Peak:0.00M | CISCO_N9K_C9336C_FX2_V001, ViewLayer | Synchronizing object | Fan1_fine_vertical_thumb_rib_-1_3
Fra:1 Mem:156.77M (Peak 156.77M) | Time:00:00.17 | Mem:0.00M, Peak:0.00M | CISCO_N9K_C9336C_FX2_V001, ViewLayer | Synchronizing object | Fan1_fine_vertical_thumb_rib_-1_2
Fra:1 Mem:156.77M (Peak 156.77M) | Time:00:00.17 | Mem:0.00M, Peak:0.00M | CISCO_N9K_C9336C_FX2_V001, ViewLayer | Synchronizing object | Fan1_fine_vertical_thumb_rib_-1_1
Fra:1 Mem:156.78M (Peak 156.78M) | Time:00:00.17 | Mem:0.00M, Peak:0.00M | CISCO_N9K_C9336C_FX2_V001, ViewLayer | Synchronizing object | Fan1_fine_vertical_thumb_rib_-1_0
Fra:1 Mem:156.78M (Peak 156.78M) | Time:00:00.17 | Mem:0.00M, Peak:0.00M | CISCO_N9K_C9336C_FX2_V001, ViewLayer | Synchronizing object | Fan3_flush_lock_pin_39
Fra:1 Mem:156.79M (Peak 156.79M) | Time:00:00.17 | Mem:0.00M, Peak:0.00M | CISCO_N9K_C9336C_FX2_V001, ViewLayer | Synchronizing object | Fan3_flush_lock_pin_-39
Fra:1 Mem:156.80M (Peak 156.80M) | Time:00:00.17 | Mem:0.00M, Peak:0.00M | CISCO_N9K_C9336C_FX2_V001, ViewLayer | Synchronizing object | Fan3_known_PID
Fra:1 Mem:156.82M (Peak 156.82M) | Time:00:00.17 | Mem:0.00M, Peak:0.00M | CISCO_N9K_C9336C_FX2_V001, ViewLayer | Synchronizing object | Fan3_PID_label_recess
Fra:1 Mem:156.83M (Peak 156.83M) | Time:00:00.17 | Mem:0.00M, Peak:0.00M | CISCO_N9K_C9336C_FX2_V001, ViewLayer | Synchronizing object | Fan3_latch_thumb_flare_1
Fra:1 Mem:156.83M (Peak 156.83M) | Time:00:00.17 | Mem:0.00M, Peak:0.00M | CISCO_N9K_C9336C_FX2_V001, ViewLayer | Synchronizing object | Fan3_BLUE_release_latch_1
Fra:1 Mem:156.84M (Peak 156.84M) | Time:00:00.17 | Mem:0.00M, Peak:0.00M | CISCO_N9K_C9336C_FX2_V001, ViewLayer | Synchronizing object | Fan3_latch_thumb_flare_-1
Fra:1 Mem:156.84M (Peak 156.84M) | Time:00:00.17 | Mem:0.00M, Peak:0.00M | CISCO_N9K_C9336C_FX2_V001, ViewLayer | Synchronizing object | Fan3_BLUE_release_latch_-1
Fra:1 Mem:156.84M (Peak 156.84M) | Time:00:00.17 | Mem:0.00M, Peak:0.00M | CISCO_N9K_C9336C_FX2_V001, ViewLayer | Synchronizing object | Fan3_molded_trapezoid_pull_handle
Fra:1 Mem:156.87M (Peak 156.87M) | Time:00:00.17 | Mem:0.00M, Peak:0.00M | CISCO_N9K_C9336C_FX2_V001, ViewLayer | Synchronizing object | Fan3_true_honeycomb_front_grille
Fra:1 Mem:158.43M (Peak 158.43M) | Time:00:00.20 | Mem:0.00M, Peak:0.00M | CISCO_N9K_C9336C_FX2_V001, ViewLayer | Synchronizing object | Fan3_front_frame
Fra:1 Mem:158.44M (Peak 158.44M) | Time:00:00.20 | Mem:0.00M, Peak:0.00M | CISCO_N9K_C9336C_FX2_V001, ViewLayer | Synchronizing object | Fan3_rear_power_contact_block_1
Fra:1 Mem:158.44M (Peak 158.44M) | Time:00:00.20 | Mem:0.00M, Peak:0.00M | CISCO_N9K_C9336C_FX2_V001, ViewLayer | Synchronizing object | Fan3_top_retention_rail_1
Fra:1 Mem:158.45M (Peak 158.45M) | Time:00:00.20 | Mem:0.00M, Peak:0.00M | CISCO_N9K_C9336C_FX2_V001, ViewLayer | Synchronizing object | Fan3_blade_1_6
Fra:1 Mem:158.45M (Peak 158.45M) | Time:00:00.20 | Mem:0.00M, Peak:0.00M | CISCO_N9K_C9336C_FX2_V001, ViewLayer | Synchronizing object | Fan3_blade_1_5
Fra:1 Mem:158.45M (Peak 158.45M) | Time:00:00.20 | Mem:0.00M, Peak:0.00M | CISCO_N9K_C9336C_FX2_V001, ViewLayer | Synchronizing object | Fan3_blade_1_4
Fra:1 Mem:158.46M (Peak 158.46M) | Time:00:00.20 | Mem:0.00M, Peak:0.00M | CISCO_N9K_C9336C_FX2_V001, ViewLayer | Synchronizing object | Fan3_blade_1_3
Fra:1 Mem:158.46M (Peak 158.46M) | Time:00:00.20 | Mem:0.00M, Peak:0.00M | CISCO_N9K_C9336C_FX2_V001, ViewLayer | Synchronizing object | Fan3_blade_1_2
Fra:1 Mem:158.46M (Peak 158.46M) | Time:00:00.20 | Mem:0.00M, Peak:0.00M | CISCO_N9K_C9336C_FX2_V001, ViewLayer | Synchronizing object | Fan3_blade_1_1
Fra:1 Mem:158.46M (Peak 158.46M) | Time:00:00.20 | Mem:0.00M, Peak:0.00M | CISCO_N9K_C9336C_FX2_V001, ViewLayer | Synchronizing object | Fan3_blade_1_0
Fra:1 Mem:158.46M (Peak 158.46M) | Time:00:00.20 | Mem:0.00M, Peak:0.00M | CISCO_N9K_C9336C_FX2_V001, ViewLayer | Synchronizing object | Fan3_hub_1
Fra:1 Mem:158.46M (Peak 158.46M) | Time:00:00.20 | Mem:0.00M, Peak:0.00M | CISCO_N9K_C9336C_FX2_V001, ViewLayer | Synchronizing object | Fan3_rotor_housing_1
Fra:1 Mem:158.47M (Peak 158.47M) | Time:00:00.20 | Mem:0.00M, Peak:0.00M | CISCO_N9K_C9336C_FX2_V001, ViewLayer | Synchronizing object | Fan3_rear_power_contact_block_-1
Fra:1 Mem:158.47M (Peak 158.47M) | Time:00:00.20 | Mem:0.00M, Peak:0.00M | CISCO_N9K_C9336C_FX2_V001, ViewLayer | Synchronizing object | Fan3_top_retention_rail_-1
Fra:1 Mem:158.49M (Peak 158.49M) | Time:00:00.20 | Mem:0.00M, Peak:0.00M | CISCO_N9K_C9336C_FX2_V001, ViewLayer | Synchronizing object | Fan3_blade_-1_6
Fra:1 Mem:158.49M (Peak 158.49M) | Time:00:00.20 | Mem:0.00M, Peak:0.00M | CISCO_N9K_C9336C_FX2_V001, ViewLayer | Synchronizing object | Fan3_blade_-1_5
Fra:1 Mem:158.49M (Peak 158.49M) | Time:00:00.20 | Mem:0.00M, Peak:0.00M | CISCO_N9K_C9336C_FX2_V001, ViewLayer | Synchronizing object | Fan3_blade_-1_4
Fra:1 Mem:158.49M (Peak 158.49M) | Time:00:00.20 | Mem:0.00M, Peak:0.00M | CISCO_N9K_C9336C_FX2_V001, ViewLayer | Synchronizing object | Fan3_blade_-1_3
Fra:1 Mem:158.49M (Peak 158.49M) | Time:00:00.20 | Mem:0.00M, Peak:0.00M | CISCO_N9K_C9336C_FX2_V001, ViewLayer | Synchronizing object | Fan3_blade_-1_2
Fra:1 Mem:158.49M (Peak 158.49M) | Time:00:00.20 | Mem:0.00M, Peak:0.00M | CISCO_N9K_C9336C_FX2_V001, ViewLayer | Synchronizing object | Fan3_blade_-1_1
Fra:1 Mem:158.49M (Peak 158.49M) | Time:00:00.20 | Mem:0.00M, Peak:0.00M | CISCO_N9K_C9336C_FX2_V001, ViewLayer | Synchronizing object | Fan3_blade_-1_0
Fra:1 Mem:158.49M (Peak 158.49M) | Time:00:00.20 | Mem:0.00M, Peak:0.00M | CISCO_N9K_C9336C_FX2_V001, ViewLayer | Synchronizing object | Fan3_hub_-1
Fra:1 Mem:158.49M (Peak 158.49M) | Time:00:00.20 | Mem:0.00M, Peak:0.00M | CISCO_N9K_C9336C_FX2_V001, ViewLayer | Synchronizing object | Fan3_rotor_housing_-1
Fra:1 Mem:158.50M (Peak 158.50M) | Time:00:00.20 | Mem:0.00M, Peak:0.00M | CISCO_N9K_C9336C_FX2_V001, ViewLayer | Synchronizing object | Fan2_flush_lock_pin_39
Fra:1 Mem:158.51M (Peak 158.51M) | Time:00:00.20 | Mem:0.00M, Peak:0.00M | CISCO_N9K_C9336C_FX2_V001, ViewLayer | Synchronizing object | Fan2_flush_lock_pin_-39
Fra:1 Mem:158.52M (Peak 158.52M) | Time:00:00.20 | Mem:0.00M, Peak:0.00M | CISCO_N9K_C9336C_FX2_V001, ViewLayer | Synchronizing object | Fan2_known_PID
Fra:1 Mem:158.54M (Peak 158.54M) | Time:00:00.20 | Mem:0.00M, Peak:0.00M | CISCO_N9K_C9336C_FX2_V001, ViewLayer | Synchronizing object | Fan2_PID_label_recess
Fra:1 Mem:158.55M (Peak 158.55M) | Time:00:00.20 | Mem:0.00M, Peak:0.00M | CISCO_N9K_C9336C_FX2_V001, ViewLayer | Synchronizing object | Fan2_latch_thumb_flare_1
Fra:1 Mem:158.55M (Peak 158.55M) | Time:00:00.20 | Mem:0.00M, Peak:0.00M | CISCO_N9K_C9336C_FX2_V001, ViewLayer | Synchronizing object | Fan2_BLUE_release_latch_1
Fra:1 Mem:158.56M (Peak 158.56M) | Time:00:00.20 | Mem:0.00M, Peak:0.00M | CISCO_N9K_C9336C_FX2_V001, ViewLayer | Synchronizing object | Fan2_latch_thumb_flare_-1
Fra:1 Mem:158.56M (Peak 158.56M) | Time:00:00.20 | Mem:0.00M, Peak:0.00M | CISCO_N9K_C9336C_FX2_V001, ViewLayer | Synchronizing object | Fan2_BLUE_release_latch_-1
Fra:1 Mem:158.57M (Peak 158.57M) | Time:00:00.20 | Mem:0.00M, Peak:0.00M | CISCO_N9K_C9336C_FX2_V001, ViewLayer | Synchronizing object | Fan2_molded_trapezoid_pull_handle
Fra:1 Mem:158.59M (Peak 158.59M) | Time:00:00.20 | Mem:0.00M, Peak:0.00M | CISCO_N9K_C9336C_FX2_V001, ViewLayer | Synchronizing object | Fan2_true_honeycomb_front_grille
Fra:1 Mem:160.15M (Peak 160.15M) | Time:00:00.23 | Mem:0.00M, Peak:0.00M | CISCO_N9K_C9336C_FX2_V001, ViewLayer | Synchronizing object | Fan2_front_frame
Fra:1 Mem:160.16M (Peak 160.16M) | Time:00:00.23 | Mem:0.00M, Peak:0.00M | CISCO_N9K_C9336C_FX2_V001, ViewLayer | Synchronizing object | Fan2_rear_power_contact_block_1
Fra:1 Mem:160.16M (Peak 160.16M) | Time:00:00.23 | Mem:0.00M, Peak:0.00M | CISCO_N9K_C9336C_FX2_V001, ViewLayer | Synchronizing object | Fan2_top_retention_rail_1
Fra:1 Mem:160.18M (Peak 160.18M) | Time:00:00.23 | Mem:0.00M, Peak:0.00M | CISCO_N9K_C9336C_FX2_V001, ViewLayer | Synchronizing object | Fan2_blade_1_6
Fra:1 Mem:160.18M (Peak 160.18M) | Time:00:00.23 | Mem:0.00M, Peak:0.00M | CISCO_N9K_C9336C_FX2_V001, ViewLayer | Synchronizing object | Fan2_blade_1_5
Fra:1 Mem:160.18M (Peak 160.18M) | Time:00:00.23 | Mem:0.00M, Peak:0.00M | CISCO_N9K_C9336C_FX2_V001, ViewLayer | Synchronizing object | Fan2_blade_1_4
Fra:1 Mem:160.18M (Peak 160.18M) | Time:00:00.23 | Mem:0.00M, Peak:0.00M | CISCO_N9K_C9336C_FX2_V001, ViewLayer | Synchronizing object | Fan2_blade_1_3
Fra:1 Mem:160.18M (Peak 160.18M) | Time:00:00.23 | Mem:0.00M, Peak:0.00M | CISCO_N9K_C9336C_FX2_V001, ViewLayer | Synchronizing object | Fan2_blade_1_2
Fra:1 Mem:160.18M (Peak 160.18M) | Time:00:00.23 | Mem:0.00M, Peak:0.00M | CISCO_N9K_C9336C_FX2_V001, ViewLayer | Synchronizing object | Fan2_blade_1_1
Fra:1 Mem:160.18M (Peak 160.18M) | Time:00:00.23 | Mem:0.00M, Peak:0.00M | CISCO_N9K_C9336C_FX2_V001, ViewLayer | Synchronizing object | Fan2_blade_1_0
Fra:1 Mem:160.18M (Peak 160.18M) | Time:00:00.23 | Mem:0.00M, Peak:0.00M | CISCO_N9K_C9336C_FX2_V001, ViewLayer | Synchronizing object | Fan2_hub_1
Fra:1 Mem:160.18M (Peak 160.18M) | Time:00:00.23 | Mem:0.00M, Peak:0.00M | CISCO_N9K_C9336C_FX2_V001, ViewLayer | Synchronizing object | Fan2_rotor_housing_1
Fra:1 Mem:160.19M (Peak 160.19M) | Time:00:00.23 | Mem:0.00M, Peak:0.00M | CISCO_N9K_C9336C_FX2_V001, ViewLayer | Synchronizing object | Fan2_rear_power_contact_block_-1
Fra:1 Mem:160.19M (Peak 160.19M) | Time:00:00.23 | Mem:0.00M, Peak:0.00M | CISCO_N9K_C9336C_FX2_V001, ViewLayer | Synchronizing object | Fan2_top_retention_rail_-1
Fra:1 Mem:160.21M (Peak 160.21M) | Time:00:00.23 | Mem:0.00M, Peak:0.00M | CISCO_N9K_C9336C_FX2_V001, ViewLayer | Synchronizing object | Fan2_blade_-1_6
Fra:1 Mem:160.21M (Peak 160.21M) | Time:00:00.23 | Mem:0.00M, Peak:0.00M | CISCO_N9K_C9336C_FX2_V001, ViewLayer | Synchronizing object | Fan2_blade_-1_5
Fra:1 Mem:160.21M (Peak 160.21M) | Time:00:00.23 | Mem:0.00M, Peak:0.00M | CISCO_N9K_C9336C_FX2_V001, ViewLayer | Synchronizing object | Fan2_blade_-1_4
Fra:1 Mem:160.21M (Peak 160.21M) | Time:00:00.23 | Mem:0.00M, Peak:0.00M | CISCO_N9K_C9336C_FX2_V001, ViewLayer | Synchronizing object | Fan2_blade_-1_3
Fra:1 Mem:160.21M (Peak 160.21M) | Time:00:00.23 | Mem:0.00M, Peak:0.00M | CISCO_N9K_C9336C_FX2_V001, ViewLayer | Synchronizing object | Fan2_blade_-1_2
Fra:1 Mem:160.21M (Peak 160.21M) | Time:00:00.23 | Mem:0.00M, Peak:0.00M | CISCO_N9K_C9336C_FX2_V001, ViewLayer | Synchronizing object | Fan2_blade_-1_1
Fra:1 Mem:160.21M (Peak 160.21M) | Time:00:00.23 | Mem:0.00M, Peak:0.00M | CISCO_N9K_C9336C_FX2_V001, ViewLayer | Synchronizing object | Fan2_blade_-1_0
Fra:1 Mem:160.21M (Peak 160.21M) | Time:00:00.23 | Mem:0.00M, Peak:0.00M | CISCO_N9K_C9336C_FX2_V001, ViewLayer | Synchronizing object | Fan2_hub_-1
Fra:1 Mem:160.22M (Peak 160.22M) | Time:00:00.23 | Mem:0.00M, Peak:0.00M | CISCO_N9K_C9336C_FX2_V001, ViewLayer | Synchronizing object | Fan2_rotor_housing_-1
Fra:1 Mem:160.22M (Peak 160.22M) | Time:00:00.23 | Mem:0.00M, Peak:0.00M | CISCO_N9K_C9336C_FX2_V001, ViewLayer | Synchronizing object | Fan1_flush_lock_pin_39
Fra:1 Mem:160.23M (Peak 160.23M) | Time:00:00.23 | Mem:0.00M, Peak:0.00M | CISCO_N9K_C9336C_FX2_V001, ViewLayer | Synchronizing object | Fan1_flush_lock_pin_-39
Fra:1 Mem:160.24M (Peak 160.24M) | Time:00:00.23 | Mem:0.00M, Peak:0.00M | CISCO_N9K_C9336C_FX2_V001, ViewLayer | Synchronizing object | Fan1_known_PID
Fra:1 Mem:160.27M (Peak 160.27M) | Time:00:00.23 | Mem:0.00M, Peak:0.00M | CISCO_N9K_C9336C_FX2_V001, ViewLayer | Synchronizing object | Fan1_PID_label_recess
Fra:1 Mem:160.27M (Peak 160.27M) | Time:00:00.23 | Mem:0.00M, Peak:0.00M | CISCO_N9K_C9336C_FX2_V001, ViewLayer | Synchronizing object | Fan1_latch_thumb_flare_1
Fra:1 Mem:160.27M (Peak 160.27M) | Time:00:00.23 | Mem:0.00M, Peak:0.00M | CISCO_N9K_C9336C_FX2_V001, ViewLayer | Synchronizing object | Fan1_BLUE_release_latch_1
Fra:1 Mem:160.28M (Peak 160.28M) | Time:00:00.23 | Mem:0.00M, Peak:0.00M | CISCO_N9K_C9336C_FX2_V001, ViewLayer | Synchronizing object | Fan1_latch_thumb_flare_-1
Fra:1 Mem:160.28M (Peak 160.28M) | Time:00:00.23 | Mem:0.00M, Peak:0.00M | CISCO_N9K_C9336C_FX2_V001, ViewLayer | Synchronizing object | Fan1_BLUE_release_latch_-1
Fra:1 Mem:160.29M (Peak 160.29M) | Time:00:00.23 | Mem:0.00M, Peak:0.00M | CISCO_N9K_C9336C_FX2_V001, ViewLayer | Synchronizing object | Fan1_molded_trapezoid_pull_handle
Fra:1 Mem:160.31M (Peak 160.31M) | Time:00:00.23 | Mem:0.00M, Peak:0.00M | CISCO_N9K_C9336C_FX2_V001, ViewLayer | Synchronizing object | Fan1_true_honeycomb_front_grille
Fra:1 Mem:161.87M (Peak 161.87M) | Time:00:00.26 | Mem:0.00M, Peak:0.00M | CISCO_N9K_C9336C_FX2_V001, ViewLayer | Synchronizing object | Fan1_front_frame
Fra:1 Mem:161.88M (Peak 161.88M) | Time:00:00.26 | Mem:0.00M, Peak:0.00M | CISCO_N9K_C9336C_FX2_V001, ViewLayer | Synchronizing object | Fan1_rear_power_contact_block_1
Fra:1 Mem:161.88M (Peak 161.88M) | Time:00:00.26 | Mem:0.00M, Peak:0.00M | CISCO_N9K_C9336C_FX2_V001, ViewLayer | Synchronizing object | Fan1_top_retention_rail_1
Fra:1 Mem:161.90M (Peak 161.90M) | Time:00:00.26 | Mem:0.00M, Peak:0.00M | CISCO_N9K_C9336C_FX2_V001, ViewLayer | Synchronizing object | Fan1_blade_1_6
Fra:1 Mem:161.90M (Peak 161.90M) | Time:00:00.26 | Mem:0.00M, Peak:0.00M | CISCO_N9K_C9336C_FX2_V001, ViewLayer | Synchronizing object | Fan1_blade_1_5
Fra:1 Mem:161.90M (Peak 161.90M) | Time:00:00.26 | Mem:0.00M, Peak:0.00M | CISCO_N9K_C9336C_FX2_V001, ViewLayer | Synchronizing object | Fan1_blade_1_4
Fra:1 Mem:161.90M (Peak 161.90M) | Time:00:00.26 | Mem:0.00M, Peak:0.00M | CISCO_N9K_C9336C_FX2_V001, ViewLayer | Synchronizing object | Fan1_blade_1_3
Fra:1 Mem:161.90M (Peak 161.90M) | Time:00:00.26 | Mem:0.00M, Peak:0.00M | CISCO_N9K_C9336C_FX2_V001, ViewLayer | Synchronizing object | Fan1_blade_1_2
Fra:1 Mem:161.90M (Peak 161.90M) | Time:00:00.26 | Mem:0.00M, Peak:0.00M | CISCO_N9K_C9336C_FX2_V001, ViewLayer | Synchronizing object | Fan1_blade_1_1
Fra:1 Mem:161.90M (Peak 161.90M) | Time:00:00.26 | Mem:0.00M, Peak:0.00M | CISCO_N9K_C9336C_FX2_V001, ViewLayer | Synchronizing object | Fan1_blade_1_0
Fra:1 Mem:161.90M (Peak 161.90M) | Time:00:00.26 | Mem:0.00M, Peak:0.00M | CISCO_N9K_C9336C_FX2_V001, ViewLayer | Synchronizing object | Fan1_hub_1
Fra:1 Mem:161.91M (Peak 161.91M) | Time:00:00.26 | Mem:0.00M, Peak:0.00M | CISCO_N9K_C9336C_FX2_V001, ViewLayer | Synchronizing object | Fan1_rotor_housing_1
Fra:1 Mem:161.91M (Peak 161.91M) | Time:00:00.26 | Mem:0.00M, Peak:0.00M | CISCO_N9K_C9336C_FX2_V001, ViewLayer | Synchronizing object | Fan1_rear_power_contact_block_-1
Fra:1 Mem:161.92M (Peak 161.92M) | Time:00:00.26 | Mem:0.00M, Peak:0.00M | CISCO_N9K_C9336C_FX2_V001, ViewLayer | Synchronizing object | Fan1_top_retention_rail_-1
Fra:1 Mem:161.93M (Peak 161.93M) | Time:00:00.26 | Mem:0.00M, Peak:0.00M | CISCO_N9K_C9336C_FX2_V001, ViewLayer | Synchronizing object | Fan1_blade_-1_6
Fra:1 Mem:161.93M (Peak 161.93M) | Time:00:00.26 | Mem:0.00M, Peak:0.00M | CISCO_N9K_C9336C_FX2_V001, ViewLayer | Synchronizing object | Fan1_blade_-1_5
Fra:1 Mem:161.93M (Peak 161.93M) | Time:00:00.26 | Mem:0.00M, Peak:0.00M | CISCO_N9K_C9336C_FX2_V001, ViewLayer | Synchronizing object | Fan1_blade_-1_4
Fra:1 Mem:161.93M (Peak 161.93M) | Time:00:00.26 | Mem:0.00M, Peak:0.00M | CISCO_N9K_C9336C_FX2_V001, ViewLayer | Synchronizing object | Fan1_blade_-1_3
Fra:1 Mem:161.93M (Peak 161.93M) | Time:00:00.26 | Mem:0.00M, Peak:0.00M | CISCO_N9K_C9336C_FX2_V001, ViewLayer | Synchronizing object | Fan1_blade_-1_2
Fra:1 Mem:161.93M (Peak 161.93M) | Time:00:00.26 | Mem:0.00M, Peak:0.00M | CISCO_N9K_C9336C_FX2_V001, ViewLayer | Synchronizing object | Fan1_blade_-1_1
Fra:1 Mem:161.93M (Peak 161.93M) | Time:00:00.26 | Mem:0.00M, Peak:0.00M | CISCO_N9K_C9336C_FX2_V001, ViewLayer | Synchronizing object | Fan1_blade_-1_0
Fra:1 Mem:161.93M (Peak 161.93M) | Time:00:00.26 | Mem:0.00M, Peak:0.00M | CISCO_N9K_C9336C_FX2_V001, ViewLayer | Synchronizing object | Fan1_hub_-1
Fra:1 Mem:161.94M (Peak 161.94M) | Time:00:00.26 | Mem:0.00M, Peak:0.00M | CISCO_N9K_C9336C_FX2_V001, ViewLayer | Synchronizing object | Fan1_rotor_housing_-1
Fra:1 Mem:161.94M (Peak 161.94M) | Time:00:00.26 | Mem:0.00M, Peak:0.00M | CISCO_N9K_C9336C_FX2_V001, ViewLayer | Synchronizing object | Port02_subtle_recessed_contact_row
Fra:1 Mem:161.95M (Peak 161.95M) | Time:00:00.26 | Mem:0.00M, Peak:0.00M | CISCO_N9K_C9336C_FX2_V001, ViewLayer | Synchronizing object | Port02_spring_1_2.8
Fra:1 Mem:161.97M (Peak 161.97M) | Time:00:00.26 | Mem:0.00M, Peak:0.00M | CISCO_N9K_C9336C_FX2_V001, ViewLayer | Synchronizing object | Port02_spring_1_0
Fra:1 Mem:161.98M (Peak 161.98M) | Time:00:00.26 | Mem:0.00M, Peak:0.00M | CISCO_N9K_C9336C_FX2_V001, ViewLayer | Synchronizing object | Port02_spring_1_-2.8
Fra:1 Mem:161.99M (Peak 161.99M) | Time:00:00.26 | Mem:0.00M, Peak:0.00M | CISCO_N9K_C9336C_FX2_V001, ViewLayer | Synchronizing object | Port02_guide_1_4.25
Fra:1 Mem:162.01M (Peak 162.01M) | Time:00:00.26 | Mem:0.00M, Peak:0.00M | CISCO_N9K_C9336C_FX2_V001, ViewLayer | Synchronizing object | Port02_guide_1_-4.25
Fra:1 Mem:162.02M (Peak 162.02M) | Time:00:00.26 | Mem:0.00M, Peak:0.00M | CISCO_N9K_C9336C_FX2_V001, ViewLayer | Synchronizing object | Port02_spring_-1_2.8
Fra:1 Mem:162.03M (Peak 162.03M) | Time:00:00.26 | Mem:0.00M, Peak:0.00M | CISCO_N9K_C9336C_FX2_V001, ViewLayer | Synchronizing object | Port02_spring_-1_0
Fra:1 Mem:162.05M (Peak 162.05M) | Time:00:00.26 | Mem:0.00M, Peak:0.00M | CISCO_N9K_C9336C_FX2_V001, ViewLayer | Synchronizing object | Port02_spring_-1_-2.8
Fra:1 Mem:162.06M (Peak 162.06M) | Time:00:00.26 | Mem:0.00M, Peak:0.00M | CISCO_N9K_C9336C_FX2_V001, ViewLayer | Synchronizing object | Port02_guide_-1_4.25
Fra:1 Mem:162.07M (Peak 162.07M) | Time:00:00.26 | Mem:0.00M, Peak:0.00M | CISCO_N9K_C9336C_FX2_V001, ViewLayer | Synchronizing object | Port02_guide_-1_-4.25
Fra:1 Mem:162.08M (Peak 162.08M) | Time:00:00.26 | Mem:0.00M, Peak:0.00M | CISCO_N9K_C9336C_FX2_V001, ViewLayer | Synchronizing object | Port02_connector_contact_surround
Fra:1 Mem:162.09M (Peak 162.09M) | Time:00:00.26 | Mem:0.00M, Peak:0.00M | CISCO_N9K_C9336C_FX2_V001, ViewLayer | Synchronizing object | Port02_recessed_connector_stop
Fra:1 Mem:162.09M (Peak 162.09M) | Time:00:00.26 | Mem:0.00M, Peak:0.00M | CISCO_N9K_C9336C_FX2_V001, ViewLayer | Synchronizing object | Port01_subtle_recessed_contact_row
Fra:1 Mem:162.11M (Peak 162.11M) | Time:00:00.26 | Mem:0.00M, Peak:0.00M | CISCO_N9K_C9336C_FX2_V001, ViewLayer | Synchronizing object | Port01_spring_1_2.8
Fra:1 Mem:162.12M (Peak 162.12M) | Time:00:00.26 | Mem:0.00M, Peak:0.00M | CISCO_N9K_C9336C_FX2_V001, ViewLayer | Synchronizing object | Port01_spring_1_0
Fra:1 Mem:162.13M (Peak 162.13M) | Time:00:00.26 | Mem:0.00M, Peak:0.00M | CISCO_N9K_C9336C_FX2_V001, ViewLayer | Synchronizing object | Port01_spring_1_-2.8
Fra:1 Mem:162.14M (Peak 162.14M) | Time:00:00.26 | Mem:0.00M, Peak:0.00M | CISCO_N9K_C9336C_FX2_V001, ViewLayer | Synchronizing object | Port01_guide_1_4.25
Fra:1 Mem:162.16M (Peak 162.16M) | Time:00:00.26 | Mem:0.00M, Peak:0.00M | CISCO_N9K_C9336C_FX2_V001, ViewLayer | Synchronizing object | Port01_guide_1_-4.25
Fra:1 Mem:162.17M (Peak 162.17M) | Time:00:00.26 | Mem:0.00M, Peak:0.00M | CISCO_N9K_C9336C_FX2_V001, ViewLayer | Synchronizing object | Port01_spring_-1_2.8
Fra:1 Mem:162.18M (Peak 162.18M) | Time:00:00.26 | Mem:0.00M, Peak:0.00M | CISCO_N9K_C9336C_FX2_V001, ViewLayer | Synchronizing object | Port01_spring_-1_0
Fra:1 Mem:162.20M (Peak 162.20M) | Time:00:00.26 | Mem:0.00M, Peak:0.00M | CISCO_N9K_C9336C_FX2_V001, ViewLayer | Synchronizing object | Port01_spring_-1_-2.8
Fra:1 Mem:162.21M (Peak 162.21M) | Time:00:00.26 | Mem:0.00M, Peak:0.00M | CISCO_N9K_C9336C_FX2_V001, ViewLayer | Synchronizing object | Port01_guide_-1_4.25
Fra:1 Mem:162.22M (Peak 162.22M) | Time:00:00.26 | Mem:0.00M, Peak:0.00M | CISCO_N9K_C9336C_FX2_V001, ViewLayer | Synchronizing object | Port01_guide_-1_-4.25
Fra:1 Mem:162.24M (Peak 162.24M) | Time:00:00.26 | Mem:0.00M, Peak:0.00M | CISCO_N9K_C9336C_FX2_V001, ViewLayer | Synchronizing object | Port01_connector_contact_surround
Fra:1 Mem:162.24M (Peak 162.24M) | Time:00:00.26 | Mem:0.00M, Peak:0.00M | CISCO_N9K_C9336C_FX2_V001, ViewLayer | Synchronizing object | Port01_recessed_connector_stop
Fra:1 Mem:162.25M (Peak 162.25M) | Time:00:00.26 | Mem:0.00M, Peak:0.00M | CISCO_N9K_C9336C_FX2_V001, ViewLayer | Synchronizing object | Pair01_internal_cooling_shelf
Fra:1 Mem:162.25M (Peak 162.25M) | Time:00:00.26 | Mem:0.00M, Peak:0.00M | CISCO_N9K_C9336C_FX2_V001, ViewLayer | Synchronizing object | Pair01_front_separator_true_perforations
Fra:1 Mem:162.52M (Peak 162.52M) | Time:00:00.27 | Mem:0.00M, Peak:0.00M | CISCO_N9K_C9336C_FX2_V001, ViewLayer | Synchronizing object | Pair01_stainless_shell_29mm_deep
Fra:1 Mem:162.54M (Peak 162.54M) | Time:00:00.27 | Mem:0.00M, Peak:0.00M | CISCO_N9K_C9336C_FX2_V001, ViewLayer | Synchronizing object | RIGHT_ear_M4_-256_32.8
Fra:1 Mem:162.56M (Peak 162.56M) | Time:00:00.27 | Mem:0.00M, Peak:0.00M | CISCO_N9K_C9336C_FX2_V001, ViewLayer | Synchronizing object | RIGHT_ear_M4_-256_10.8
Fra:1 Mem:162.58M (Peak 162.58M) | Time:00:00.27 | Mem:0.00M, Peak:0.00M | CISCO_N9K_C9336C_FX2_V001, ViewLayer | Synchronizing object | RIGHT_ear_M4_-284_32.8
Fra:1 Mem:162.59M (Peak 162.59M) | Time:00:00.27 | Mem:0.00M, Peak:0.00M | CISCO_N9K_C9336C_FX2_V001, ViewLayer | Synchronizing object | RIGHT_ear_M4_-284_10.8
Fra:1 Mem:162.61M (Peak 162.61M) | Time:00:00.27 | Mem:0.00M, Peak:0.00M | CISCO_N9K_C9336C_FX2_V001, ViewLayer | Synchronizing object | RIGHT_EAR_bent_opaque_solid_with_true_bores
Fra:1 Mem:163.27M (Peak 163.27M) | Time:00:00.28 | Mem:0.00M, Peak:0.00M | CISCO_N9K_C9336C_FX2_V001, ViewLayer | Synchronizing object | LEFT_ear_M4_-256_32.8
Fra:1 Mem:163.29M (Peak 163.29M) | Time:00:00.28 | Mem:0.00M, Peak:0.00M | CISCO_N9K_C9336C_FX2_V001, ViewLayer | Synchronizing object | LEFT_ear_M4_-256_10.8
Fra:1 Mem:163.31M (Peak 163.31M) | Time:00:00.28 | Mem:0.00M, Peak:0.00M | CISCO_N9K_C9336C_FX2_V001, ViewLayer | Synchronizing object | LEFT_ear_M4_-284_32.8
Fra:1 Mem:163.32M (Peak 163.32M) | Time:00:00.28 | Mem:0.00M, Peak:0.00M | CISCO_N9K_C9336C_FX2_V001, ViewLayer | Synchronizing object | LEFT_ear_M4_-284_10.8
Fra:1 Mem:163.34M (Peak 163.34M) | Time:00:00.28 | Mem:0.00M, Peak:0.00M | CISCO_N9K_C9336C_FX2_V001, ViewLayer | Synchronizing object | LEFT_EAR_bent_opaque_solid_with_true_bores
Fra:1 Mem:164.00M (Peak 164.00M) | Time:00:00.29 | Mem:0.00M, Peak:0.00M | CISCO_N9K_C9336C_FX2_V001, ViewLayer | Synchronizing object | Port_face_solid_punched_panel
Fra:1 Mem:172.65M (Peak 175.98M) | Time:00:00.49 | Mem:0.00M, Peak:0.00M | CISCO_N9K_C9336C_FX2_V001, ViewLayer | Synchronizing object | Lid_flush_Phillips_00
Fra:1 Mem:172.67M (Peak 175.98M) | Time:00:00.49 | Mem:0.00M, Peak:0.00M | CISCO_N9K_C9336C_FX2_V001, ViewLayer | Synchronizing object | Rear_module_divider_-160
Fra:1 Mem:172.68M (Peak 175.98M) | Time:00:00.49 | Mem:0.00M, Peak:0.00M | CISCO_N9K_C9336C_FX2_V001, ViewLayer | Synchronizing object | Rear_module_divider_-110
Fra:1 Mem:172.69M (Peak 175.98M) | Time:00:00.49 | Mem:0.00M, Peak:0.00M | CISCO_N9K_C9336C_FX2_V001, ViewLayer | Synchronizing object | Rear_module_divider_-20
Fra:1 Mem:172.71M (Peak 175.98M) | Time:00:00.49 | Mem:0.00M, Peak:0.00M | CISCO_N9K_C9336C_FX2_V001, ViewLayer | Synchronizing object | Rear_module_divider_70
Fra:1 Mem:172.72M (Peak 175.98M) | Time:00:00.49 | Mem:0.00M, Peak:0.00M | CISCO_N9K_C9336C_FX2_V001, ViewLayer | Synchronizing object | Rear_module_divider_160
Fra:1 Mem:172.73M (Peak 175.98M) | Time:00:00.49 | Mem:0.00M, Peak:0.00M | CISCO_N9K_C9336C_FX2_V001, ViewLayer | Synchronizing object | Rear_side_rim_218.46
Fra:1 Mem:172.73M (Peak 175.98M) | Time:00:00.49 | Mem:0.00M, Peak:0.00M | CISCO_N9K_C9336C_FX2_V001, ViewLayer | Synchronizing object | Rear_side_rim_-218.46
Fra:1 Mem:172.74M (Peak 175.98M) | Time:00:00.49 | Mem:0.00M, Peak:0.00M | CISCO_N9K_C9336C_FX2_V001, ViewLayer | Synchronizing object | Rear_horizontal_rim_42.438
Fra:1 Mem:172.74M (Peak 175.98M) | Time:00:00.49 | Mem:0.00M, Peak:0.00M | CISCO_N9K_C9336C_FX2_V001, ViewLayer | Synchronizing object | Rear_horizontal_rim_1.25
Fra:1 Mem:172.74M (Peak 175.98M) | Time:00:00.49 | Mem:0.00M, Peak:0.00M | CISCO_N9K_C9336C_FX2_V001, ViewLayer | Synchronizing object | Interior_under_port_vent_baffle
Fra:1 Mem:172.74M (Peak 175.98M) | Time:00:00.49 | Mem:0.00M, Peak:0.00M | CISCO_N9K_C9336C_FX2_V001, ViewLayer | Synchronizing object | Lid_vent_side_border_1
Fra:1 Mem:172.74M (Peak 175.98M) | Time:00:00.49 | Mem:0.00M, Peak:0.00M | CISCO_N9K_C9336C_FX2_V001, ViewLayer | Synchronizing object | Lid_vent_side_border_-1
Fra:1 Mem:172.74M (Peak 181.79M) | Time:00:00.57 | Mem:0.00M, Peak:0.00M | CISCO_N9K_C9336C_FX2_V001, ViewLayer | Initializing
Fra:1 Mem:168.29M (Peak 181.79M) | Time:00:00.58 | Mem:0.00M, Peak:0.00M | CISCO_N9K_C9336C_FX2_V001, ViewLayer | Updating Images | Loading NWR_original_chassis_label_baked
Fra:1 Mem:169.79M (Peak 181.79M) | Time:00:00.59 | Mem:0.00M, Peak:0.00M | CISCO_N9K_C9336C_FX2_V001, ViewLayer | Updating Images | Loading chassis-satin-nickel-roughness
Fra:1 Mem:170.80M (Peak 181.79M) | Time:00:00.60 | Mem:1.00M, Peak:1.00M | CISCO_N9K_C9336C_FX2_V001, ViewLayer | Updating Images | Loading metal-micro-normal
Fra:1 Mem:171.80M (Peak 181.79M) | Time:00:00.61 | Mem:2.00M, Peak:2.00M | CISCO_N9K_C9336C_FX2_V001, ViewLayer | Updating Images | Loading fastener-steel-roughness
Fra:1 Mem:172.80M (Peak 181.79M) | Time:00:00.62 | Mem:3.50M, Peak:3.50M | CISCO_N9K_C9336C_FX2_V001, ViewLayer | Updating Images | Loading dark-grille-metal-roughness
Fra:1 Mem:173.80M (Peak 181.79M) | Time:00:00.62 | Mem:4.50M, Peak:4.50M | CISCO_N9K_C9336C_FX2_V001, ViewLayer | Updating Images | Loading zinc-plated-brackets-roughness
Fra:1 Mem:174.80M (Peak 181.79M) | Time:00:00.63 | Mem:5.50M, Peak:5.50M | CISCO_N9K_C9336C_FX2_V001, ViewLayer | Updating Images | Loading cage-stainless-steel-roughness
Fra:1 Mem:155.35M (Peak 181.79M) | Time:00:00.65 | Mem:7.50M, Peak:7.50M | CISCO_N9K_C9336C_FX2_V001, ViewLayer | Waiting for render to start
Fra:1 Mem:155.35M (Peak 181.79M) | Time:00:00.65 | Mem:7.50M, Peak:7.50M | CISCO_N9K_C9336C_FX2_V001, ViewLayer | Loading render kernels (may take a few minutes the first time)
Fra:1 Mem:155.35M (Peak 181.79M) | Time:00:00.65 | Mem:7.50M, Peak:7.50M | CISCO_N9K_C9336C_FX2_V001, ViewLayer | Updating Scene
Fra:1 Mem:155.35M (Peak 181.79M) | Time:00:00.65 | Mem:7.50M, Peak:7.50M | CISCO_N9K_C9336C_FX2_V001, ViewLayer | Updating Shaders
Fra:1 Mem:155.44M (Peak 181.79M) | Time:00:00.66 | Mem:7.51M, Peak:7.51M | CISCO_N9K_C9336C_FX2_V001, ViewLayer | Updating Procedurals
Fra:1 Mem:155.44M (Peak 181.79M) | Time:00:00.66 | Mem:7.51M, Peak:7.51M | CISCO_N9K_C9336C_FX2_V001, ViewLayer | Updating Background
Fra:1 Mem:155.44M (Peak 181.79M) | Time:00:00.66 | Mem:7.51M, Peak:7.51M | CISCO_N9K_C9336C_FX2_V001, ViewLayer | Updating Camera
Fra:1 Mem:155.44M (Peak 181.79M) | Time:00:00.66 | Mem:7.51M, Peak:7.51M | CISCO_N9K_C9336C_FX2_V001, ViewLayer | Updating Meshes Flags
Fra:1 Mem:155.44M (Peak 181.79M) | Time:00:00.66 | Mem:7.51M, Peak:7.51M | CISCO_N9K_C9336C_FX2_V001, ViewLayer | Updating Objects
Fra:1 Mem:155.44M (Peak 181.79M) | Time:00:00.66 | Mem:7.51M, Peak:7.51M | CISCO_N9K_C9336C_FX2_V001, ViewLayer | Updating Objects | Copying Transformations to device
Fra:1 Mem:155.67M (Peak 181.79M) | Time:00:00.66 | Mem:7.73M, Peak:7.73M | CISCO_N9K_C9336C_FX2_V001, ViewLayer | Updating Objects | Applying Static Transformations
Fra:1 Mem:155.67M (Peak 181.79M) | Time:00:00.66 | Mem:7.73M, Peak:7.73M | CISCO_N9K_C9336C_FX2_V001, ViewLayer | Updating Particle Systems
Fra:1 Mem:155.67M (Peak 181.79M) | Time:00:00.66 | Mem:7.73M, Peak:7.73M | CISCO_N9K_C9336C_FX2_V001, ViewLayer | Updating Particle Systems | Copying Particles to device
Fra:1 Mem:155.67M (Peak 181.79M) | Time:00:00.66 | Mem:7.73M, Peak:7.73M | CISCO_N9K_C9336C_FX2_V001, ViewLayer | Updating Meshes
Fra:1 Mem:161.56M (Peak 181.79M) | Time:00:00.67 | Mem:7.73M, Peak:7.73M | CISCO_N9K_C9336C_FX2_V001, ViewLayer | Updating Mesh | Computing attributes
Fra:1 Mem:187.97M (Peak 187.97M) | Time:00:00.73 | Mem:7.77M, Peak:7.77M | CISCO_N9K_C9336C_FX2_V001, ViewLayer | Updating Mesh | Copying Attributes to device
Fra:1 Mem:187.85M (Peak 187.97M) | Time:00:00.73 | Mem:34.02M, Peak:34.02M | CISCO_N9K_C9336C_FX2_V001, ViewLayer | Updating Geometry BVH Port02_subtle_recessed_contact_row 30/30 | Building BVH
Fra:1 Mem:187.85M (Peak 187.97M) | Time:00:00.73 | Mem:34.03M, Peak:34.03M | CISCO_N9K_C9336C_FX2_V001, ViewLayer | Updating Geometry BVH Port02_subtle_recessed_contact_row 30/30 | Building BVH 0%
Fra:1 Mem:187.85M (Peak 187.97M) | Time:00:00.73 | Mem:34.04M, Peak:34.05M | CISCO_N9K_C9336C_FX2_V001, ViewLayer | Updating Geometry BVH Port02_spring_1_2.8 29/30 | Building BVH
Fra:1 Mem:187.85M (Peak 187.97M) | Time:00:00.73 | Mem:34.05M, Peak:34.05M | CISCO_N9K_C9336C_FX2_V001, ViewLayer | Updating Geometry BVH Port02_spring_1_0 28/30 | Building BVH
Fra:1 Mem:187.85M (Peak 187.97M) | Time:00:00.73 | Mem:34.06M, Peak:34.06M | CISCO_N9K_C9336C_FX2_V001, ViewLayer | Updating Geometry BVH Lid_flush_Phillips_00 1/30 | Building BVH
Fra:1 Mem:187.85M (Peak 187.97M) | Time:00:00.73 | Mem:34.07M, Peak:34.07M | CISCO_N9K_C9336C_FX2_V001, ViewLayer | Updating Geometry BVH Pair01_stainless_shell_29mm_deep 2/30 | Building BVH
Fra:1 Mem:187.85M (Peak 187.97M) | Time:00:00.73 | Mem:34.08M, Peak:34.09M | CISCO_N9K_C9336C_FX2_V001, ViewLayer | Updating Geometry BVH Pair01_front_separator_true_perforations 3/30 | Building BVH
Fra:1 Mem:187.85M (Peak 187.97M) | Time:00:00.73 | Mem:34.24M, Peak:34.31M | CISCO_N9K_C9336C_FX2_V001, ViewLayer | Updating Geometry BVH Pair01_internal_cooling_shelf 4/30 | Building BVH
Fra:1 Mem:187.85M (Peak 187.97M) | Time:00:00.73 | Mem:34.24M, Peak:34.31M | CISCO_N9K_C9336C_FX2_V001, ViewLayer | Updating Geometry BVH Port01_recessed_connector_stop 5/30 | Building BVH
Fra:1 Mem:187.85M (Peak 187.97M) | Time:00:00.73 | Mem:34.25M, Peak:34.31M | CISCO_N9K_C9336C_FX2_V001, ViewLayer | Updating Geometry BVH Port01_connector_contact_surround 6/30 | Building BVH
Fra:1 Mem:187.85M (Peak 187.97M) | Time:00:00.73 | Mem:34.26M, Peak:34.31M | CISCO_N9K_C9336C_FX2_V001, ViewLayer | Updating Geometry BVH Port01_guide_-1_-4.25 7/30 | Building BVH
Fra:1 Mem:187.85M (Peak 187.97M) | Time:00:00.73 | Mem:34.27M, Peak:34.31M | CISCO_N9K_C9336C_FX2_V001, ViewLayer | Updating Geometry BVH Port01_guide_-1_4.25 8/30 | Building BVH
Fra:1 Mem:187.85M (Peak 187.97M) | Time:00:00.73 | Mem:34.28M, Peak:34.31M | CISCO_N9K_C9336C_FX2_V001, ViewLayer | Updating Geometry BVH Port01_spring_-1_-2.8 9/30 | Building BVH
Fra:1 Mem:187.85M (Peak 187.97M) | Time:00:00.73 | Mem:34.29M, Peak:34.31M | CISCO_N9K_C9336C_FX2_V001, ViewLayer | Updating Geometry BVH Port01_spring_-1_0 10/30 | Building BVH
Fra:1 Mem:187.85M (Peak 187.97M) | Time:00:00.73 | Mem:34.30M, Peak:34.31M | CISCO_N9K_C9336C_FX2_V001, ViewLayer | Updating Geometry BVH Port01_spring_-1_2.8 11/30 | Building BVH
Fra:1 Mem:187.85M (Peak 187.97M) | Time:00:00.73 | Mem:34.31M, Peak:34.32M | CISCO_N9K_C9336C_FX2_V001, ViewLayer | Updating Geometry BVH Port01_guide_1_-4.25 12/30 | Building BVH
Fra:1 Mem:187.85M (Peak 187.97M) | Time:00:00.73 | Mem:34.32M, Peak:34.33M | CISCO_N9K_C9336C_FX2_V001, ViewLayer | Updating Geometry BVH Port01_guide_1_4.25 13/30 | Building BVH
Fra:1 Mem:187.85M (Peak 187.97M) | Time:00:00.73 | Mem:34.33M, Peak:34.34M | CISCO_N9K_C9336C_FX2_V001, ViewLayer | Updating Geometry BVH Port01_spring_1_-2.8 14/30 | Building BVH
Fra:1 Mem:187.85M (Peak 187.97M) | Time:00:00.73 | Mem:34.34M, Peak:34.35M | CISCO_N9K_C9336C_FX2_V001, ViewLayer | Updating Geometry BVH Port01_spring_1_0 15/30 | Building BVH
Fra:1 Mem:187.85M (Peak 187.97M) | Time:00:00.73 | Mem:34.35M, Peak:34.36M | CISCO_N9K_C9336C_FX2_V001, ViewLayer | Updating Geometry BVH Port01_spring_1_2.8 16/30 | Building BVH
Fra:1 Mem:187.85M (Peak 187.97M) | Time:00:00.73 | Mem:34.36M, Peak:34.37M | CISCO_N9K_C9336C_FX2_V001, ViewLayer | Updating Geometry BVH Port01_subtle_recessed_contact_row 17/30 | Building BVH
Fra:1 Mem:187.85M (Peak 187.97M) | Time:00:00.73 | Mem:34.39M, Peak:34.39M | CISCO_N9K_C9336C_FX2_V001, ViewLayer | Updating Geometry BVH Port02_recessed_connector_stop 18/30 | Building BVH
Fra:1 Mem:187.85M (Peak 187.97M) | Time:00:00.73 | Mem:34.40M, Peak:34.40M | CISCO_N9K_C9336C_FX2_V001, ViewLayer | Updating Geometry BVH Port02_connector_contact_surround 19/30 | Building BVH
Fra:1 Mem:187.85M (Peak 187.97M) | Time:00:00.73 | Mem:34.41M, Peak:34.41M | CISCO_N9K_C9336C_FX2_V001, ViewLayer | Updating Geometry BVH Port02_guide_-1_-4.25 20/30 | Building BVH
Fra:1 Mem:187.85M (Peak 187.97M) | Time:00:00.73 | Mem:34.42M, Peak:34.42M | CISCO_N9K_C9336C_FX2_V001, ViewLayer | Updating Geometry BVH Port02_guide_-1_4.25 21/30 | Building BVH
Fra:1 Mem:187.85M (Peak 187.97M) | Time:00:00.73 | Mem:34.43M, Peak:34.43M | CISCO_N9K_C9336C_FX2_V001, ViewLayer | Updating Geometry BVH Port02_spring_-1_-2.8 22/30 | Building BVH
Fra:1 Mem:187.85M (Peak 187.97M) | Time:00:00.73 | Mem:34.44M, Peak:34.44M | CISCO_N9K_C9336C_FX2_V001, ViewLayer | Updating Geometry BVH Port02_spring_-1_0 23/30 | Building BVH
Fra:1 Mem:187.85M (Peak 187.97M) | Time:00:00.73 | Mem:34.45M, Peak:34.45M | CISCO_N9K_C9336C_FX2_V001, ViewLayer | Updating Geometry BVH Port02_spring_-1_2.8 24/30 | Building BVH
Fra:1 Mem:187.85M (Peak 187.97M) | Time:00:00.73 | Mem:34.46M, Peak:34.46M | CISCO_N9K_C9336C_FX2_V001, ViewLayer | Updating Geometry BVH Port02_guide_1_-4.25 25/30 | Building BVH
Fra:1 Mem:187.85M (Peak 187.97M) | Time:00:00.73 | Mem:34.47M, Peak:34.47M | CISCO_N9K_C9336C_FX2_V001, ViewLayer | Updating Geometry BVH Port02_guide_1_4.25 26/30 | Building BVH
Fra:1 Mem:187.85M (Peak 187.97M) | Time:00:00.73 | Mem:34.48M, Peak:34.48M | CISCO_N9K_C9336C_FX2_V001, ViewLayer | Updating Geometry BVH Port02_spring_1_-2.8 27/30 | Building BVH
Fra:1 Mem:187.85M (Peak 187.97M) | Time:00:00.73 | Mem:34.49M, Peak:34.50M | CISCO_N9K_C9336C_FX2_V001, ViewLayer | Updating Scene BVH | Building
Fra:1 Mem:187.86M (Peak 187.97M) | Time:00:00.73 | Mem:34.49M, Peak:34.50M | CISCO_N9K_C9336C_FX2_V001, ViewLayer | Updating Scene BVH | Building BVH
Fra:1 Mem:187.86M (Peak 187.97M) | Time:00:00.90 | Mem:58.89M, Peak:70.50M | CISCO_N9K_C9336C_FX2_V001, ViewLayer | Updating Scene BVH | Copying BVH to device
Fra:1 Mem:187.86M (Peak 187.97M) | Time:00:00.90 | Mem:58.89M, Peak:70.50M | CISCO_N9K_C9336C_FX2_V001, ViewLayer | Updating Mesh | Computing normals
Fra:1 Mem:201.06M (Peak 201.06M) | Time:00:00.91 | Mem:58.89M, Peak:70.50M | CISCO_N9K_C9336C_FX2_V001, ViewLayer | Updating Mesh | Copying Mesh to device
Fra:1 Mem:201.06M (Peak 201.06M) | Time:00:00.91 | Mem:72.10M, Peak:72.10M | CISCO_N9K_C9336C_FX2_V001, ViewLayer | Updating Objects Flags
Fra:1 Mem:201.06M (Peak 201.06M) | Time:00:00.91 | Mem:72.11M, Peak:72.11M | CISCO_N9K_C9336C_FX2_V001, ViewLayer | Updating Primitive Offsets
Fra:1 Mem:201.07M (Peak 201.07M) | Time:00:00.91 | Mem:72.11M, Peak:72.11M | CISCO_N9K_C9336C_FX2_V001, ViewLayer | Updating Images
Fra:1 Mem:201.07M (Peak 201.07M) | Time:00:00.91 | Mem:72.11M, Peak:72.11M | CISCO_N9K_C9336C_FX2_V001, ViewLayer | Updating Camera Volume
Fra:1 Mem:201.07M (Peak 201.07M) | Time:00:00.91 | Mem:72.11M, Peak:72.11M | CISCO_N9K_C9336C_FX2_V001, ViewLayer | Updating Lookup Tables
Fra:1 Mem:201.07M (Peak 201.07M) | Time:00:00.91 | Mem:72.19M, Peak:72.19M | CISCO_N9K_C9336C_FX2_V001, ViewLayer | Updating Lights
Fra:1 Mem:201.07M (Peak 201.07M) | Time:00:00.91 | Mem:72.19M, Peak:72.19M | CISCO_N9K_C9336C_FX2_V001, ViewLayer | Updating Lights | Computing distribution
Fra:1 Mem:201.07M (Peak 201.07M) | Time:00:00.91 | Mem:72.19M, Peak:72.19M | CISCO_N9K_C9336C_FX2_V001, ViewLayer | Updating Lights | Computing tree
Fra:1 Mem:201.08M (Peak 201.08M) | Time:00:00.91 | Mem:72.20M, Peak:72.20M | CISCO_N9K_C9336C_FX2_V001, ViewLayer | Updating Integrator
Fra:1 Mem:202.08M (Peak 202.08M) | Time:00:00.91 | Mem:73.20M, Peak:73.20M | CISCO_N9K_C9336C_FX2_V001, ViewLayer | Updating Film
Fra:1 Mem:202.08M (Peak 202.08M) | Time:00:00.91 | Mem:73.12M, Peak:73.20M | CISCO_N9K_C9336C_FX2_V001, ViewLayer | Updating Lookup Tables
Fra:1 Mem:202.08M (Peak 202.08M) | Time:00:00.91 | Mem:73.20M, Peak:73.20M | CISCO_N9K_C9336C_FX2_V001, ViewLayer | Updating Baking
Fra:1 Mem:202.08M (Peak 202.08M) | Time:00:00.91 | Mem:73.20M, Peak:73.20M | CISCO_N9K_C9336C_FX2_V001, ViewLayer | Updating Device | Writing constant memory
Fra:1 Mem:202.10M (Peak 202.10M) | Time:00:00.91 | Mem:73.20M, Peak:73.20M | CISCO_N9K_C9336C_FX2_V001, ViewLayer | Sample 0/40
Fra:1 Mem:208.97M (Peak 208.97M) | Time:00:01.14 | Remaining:00:09.18 | Mem:80.08M, Peak:80.08M | CISCO_N9K_C9336C_FX2_V001, ViewLayer | Sample 1/40
Fra:1 Mem:212.02M (Peak 218.13M) | Time:00:06.01 | Mem:80.08M, Peak:80.08M | CISCO_N9K_C9336C_FX2_V001, ViewLayer | Sample 40/40
Fra:1 Mem:212.02M (Peak 218.13M) | Time:00:06.01 | Mem:80.08M, Peak:80.08M | CISCO_N9K_C9336C_FX2_V001, ViewLayer | Finished
Saved: '/root/Project/rack-device-3d/Cisco-N9KC9336C-FX2/v001/qa/original-shell-right-transparent.png'
Time: 00:06.09 (Saving: 00:00.06)

SHELL_ALPHA original right
BlenderMCP server stopped
BlenderMCP addon unregistered

Blender quit
