Blender 4.0.2
Read prefs: "/root/.config/blender/4.0/config/userpref.blend"
Read blend: "/root/Project/rack-device-3d/Cisco-N9KC9336C-FX2/v001/model/CISCO-Nexus-N9K-C9336C-FX2.blend"
Fra:1 Mem:123.51M (Peak 123.51M) | Time:00:00.10 | Mem:0.00M, Peak:0.00M | CISCO_N9K_C9336C_FX2_V001, ViewLayer | Synchronizing object | INFERRED_Bottom_folded_sheet
Fra:1 Mem:123.51M (Peak 123.51M) | Time:00:00.10 | Mem:0.00M, Peak:0.00M | CISCO_N9K_C9336C_FX2_V001, ViewLayer | Synchronizing object | Top_lid_main_sheet
Fra:1 Mem:123.53M (Peak 123.53M) | Time:00:00.10 | Mem:0.00M, Peak:0.00M | CISCO_N9K_C9336C_FX2_V001, ViewLayer | Synchronizing object | Lid_port_edge_fold
Fra:1 Mem:123.85M (Peak 123.85M) | Time:00:00.10 | Mem:0.00M, Peak:0.00M | CISCO_N9K_C9336C_FX2_V001, ViewLayer | Synchronizing object | Lid_staggered_punched_vent_2028_through_holes
Fra:1 Mem:126.44M (Peak 126.44M) | Time:00:00.10 | Mem:0.00M, Peak:0.00M | CISCO_N9K_C9336C_FX2_V001, ViewLayer | Synchronizing object | Lid_vent_side_border_-1
Fra:1 Mem:126.45M (Peak 126.45M) | Time:00:00.10 | Mem:0.00M, Peak:0.00M | CISCO_N9K_C9336C_FX2_V001, ViewLayer | Synchronizing object | Lid_vent_side_border_1
Fra:1 Mem:126.45M (Peak 126.45M) | Time:00:00.10 | Mem:0.00M, Peak:0.00M | CISCO_N9K_C9336C_FX2_V001, ViewLayer | Synchronizing object | Interior_under_port_vent_baffle
Fra:1 Mem:126.45M (Peak 126.45M) | Time:00:00.10 | Mem:0.00M, Peak:0.00M | CISCO_N9K_C9336C_FX2_V001, ViewLayer | Synchronizing object | Rear_horizontal_rim_1.25
Fra:1 Mem:126.45M (Peak 126.45M) | Time:00:00.10 | Mem:0.00M, Peak:0.00M | CISCO_N9K_C9336C_FX2_V001, ViewLayer | Synchronizing object | Rear_horizontal_rim_42.438
Fra:1 Mem:127.90M (Peak 127.90M) | Time:00:00.10 | Mem:0.00M, Peak:0.00M | CISCO_N9K_C9336C_FX2_V001, ViewLayer | Synchronizing object | Rear_side_rim_218.46
Fra:1 Mem:131.18M (Peak 131.18M) | Time:00:00.10 | Mem:0.00M, Peak:0.00M | CISCO_N9K_C9336C_FX2_V001, ViewLayer | Synchronizing object | Rear_module_divider_160
Fra:1 Mem:131.18M (Peak 131.18M) | Time:00:00.10 | Mem:0.00M, Peak:0.00M | CISCO_N9K_C9336C_FX2_V001, ViewLayer | Synchronizing object | Rear_module_divider_70
Fra:1 Mem:131.13M (Peak 131.18M) | Time:00:00.10 | Mem:0.00M, Peak:0.00M | CISCO_N9K_C9336C_FX2_V001, ViewLayer | Synchronizing object | Rear_module_divider_-20
Fra:1 Mem:131.14M (Peak 131.18M) | Time:00:00.10 | Mem:0.00M, Peak:0.00M | CISCO_N9K_C9336C_FX2_V001, ViewLayer | Synchronizing object | Rear_module_divider_-110
Fra:1 Mem:131.17M (Peak 131.18M) | Time:00:00.11 | Mem:0.00M, Peak:0.00M | CISCO_N9K_C9336C_FX2_V001, ViewLayer | Synchronizing object | Rear_module_divider_-160
Fra:1 Mem:131.18M (Peak 131.18M) | Time:00:00.11 | Mem:0.00M, Peak:0.00M | CISCO_N9K_C9336C_FX2_V001, ViewLayer | Synchronizing object | Lid_flush_Phillips_00
Fra:1 Mem:131.20M (Peak 131.20M) | Time:00:00.11 | Mem:0.00M, Peak:0.00M | CISCO_N9K_C9336C_FX2_V001, ViewLayer | Synchronizing object | Port_face_solid_punched_panel
Fra:1 Mem:132.04M (Peak 132.04M) | Time:00:00.11 | Mem:0.00M, Peak:0.00M | CISCO_N9K_C9336C_FX2_V001, ViewLayer | Synchronizing object | LEFT_EAR_bent_opaque_solid_with_true_bores
Fra:1 Mem:132.82M (Peak 132.82M) | Time:00:00.11 | Mem:0.00M, Peak:0.00M | CISCO_N9K_C9336C_FX2_V001, ViewLayer | Synchronizing object | LEFT_ear_M4_-284_10.8
Fra:1 Mem:132.84M (Peak 132.84M) | Time:00:00.11 | Mem:0.00M, Peak:0.00M | CISCO_N9K_C9336C_FX2_V001, ViewLayer | Synchronizing object | LEFT_ear_M4_-284_32.8
Fra:1 Mem:134.59M (Peak 134.59M) | Time:00:00.11 | Mem:0.00M, Peak:0.00M | CISCO_N9K_C9336C_FX2_V001, ViewLayer | Synchronizing object | LEFT_ear_M4_-256_10.8
Fra:1 Mem:134.59M (Peak 134.59M) | Time:00:00.11 | Mem:0.00M, Peak:0.00M | CISCO_N9K_C9336C_FX2_V001, ViewLayer | Synchronizing object | LEFT_ear_M4_-256_32.8
Fra:1 Mem:134.63M (Peak 134.63M) | Time:00:00.11 | Mem:0.00M, Peak:0.00M | CISCO_N9K_C9336C_FX2_V001, ViewLayer | Synchronizing object | RIGHT_EAR_bent_opaque_solid_with_true_bores
Fra:1 Mem:134.70M (Peak 134.70M) | Time:00:00.11 | Mem:0.00M, Peak:0.00M | CISCO_N9K_C9336C_FX2_V001, ViewLayer | Synchronizing object | RIGHT_ear_M4_-284_10.8
Fra:1 Mem:135.48M (Peak 135.48M) | Time:00:00.11 | Mem:0.00M, Peak:0.00M | CISCO_N9K_C9336C_FX2_V001, ViewLayer | Synchronizing object | RIGHT_ear_M4_-284_32.8
Fra:1 Mem:135.65M (Peak 135.65M) | Time:00:00.11 | Mem:0.00M, Peak:0.00M | CISCO_N9K_C9336C_FX2_V001, ViewLayer | Synchronizing object | RIGHT_ear_M4_-256_10.8
Fra:1 Mem:135.93M (Peak 135.93M) | Time:00:00.11 | Mem:0.00M, Peak:0.00M | CISCO_N9K_C9336C_FX2_V001, ViewLayer | Synchronizing object | RIGHT_ear_M4_-256_32.8
Fra:1 Mem:137.40M (Peak 137.40M) | Time:00:00.11 | Mem:0.00M, Peak:0.00M | CISCO_N9K_C9336C_FX2_V001, ViewLayer | Synchronizing object | Pair01_stainless_shell_29mm_deep
Fra:1 Mem:137.48M (Peak 137.48M) | Time:00:00.11 | Mem:0.00M, Peak:0.00M | CISCO_N9K_C9336C_FX2_V001, ViewLayer | Synchronizing object | Pair01_front_separator_true_perforations
Fra:1 Mem:142.03M (Peak 142.03M) | Time:00:00.11 | Mem:0.00M, Peak:0.00M | CISCO_N9K_C9336C_FX2_V001, ViewLayer | Synchronizing object | Pair01_internal_cooling_shelf
Fra:1 Mem:141.78M (Peak 142.03M) | Time:00:00.11 | Mem:0.00M, Peak:0.00M | CISCO_N9K_C9336C_FX2_V001, ViewLayer | Synchronizing object | Port01_recessed_connector_stop
Fra:1 Mem:141.78M (Peak 142.03M) | Time:00:00.11 | Mem:0.00M, Peak:0.00M | CISCO_N9K_C9336C_FX2_V001, ViewLayer | Synchronizing object | Port01_connector_contact_surround
Fra:1 Mem:141.79M (Peak 142.03M) | Time:00:00.11 | Mem:0.00M, Peak:0.00M | CISCO_N9K_C9336C_FX2_V001, ViewLayer | Synchronizing object | Port01_guide_-1_-4.25
Fra:1 Mem:141.79M (Peak 142.03M) | Time:00:00.11 | Mem:0.00M, Peak:0.00M | CISCO_N9K_C9336C_FX2_V001, ViewLayer | Synchronizing object | Port01_guide_-1_4.25
Fra:1 Mem:141.82M (Peak 142.03M) | Time:00:00.11 | Mem:0.00M, Peak:0.00M | CISCO_N9K_C9336C_FX2_V001, ViewLayer | Synchronizing object | Port01_spring_-1_-2.8
Fra:1 Mem:141.84M (Peak 142.03M) | Time:00:00.11 | Mem:0.00M, Peak:0.00M | CISCO_N9K_C9336C_FX2_V001, ViewLayer | Synchronizing object | Port01_spring_-1_0
Fra:1 Mem:141.85M (Peak 142.03M) | Time:00:00.11 | Mem:0.00M, Peak:0.00M | CISCO_N9K_C9336C_FX2_V001, ViewLayer | Synchronizing object | Port01_spring_-1_2.8
Fra:1 Mem:141.87M (Peak 142.03M) | Time:00:00.11 | Mem:0.00M, Peak:0.00M | CISCO_N9K_C9336C_FX2_V001, ViewLayer | Synchronizing object | Port01_guide_1_-4.25
Fra:1 Mem:141.88M (Peak 142.03M) | Time:00:00.11 | Mem:0.00M, Peak:0.00M | CISCO_N9K_C9336C_FX2_V001, ViewLayer | Synchronizing object | Port01_guide_1_4.25
Fra:1 Mem:141.90M (Peak 142.03M) | Time:00:00.11 | Mem:0.00M, Peak:0.00M | CISCO_N9K_C9336C_FX2_V001, ViewLayer | Synchronizing object | Port01_spring_1_-2.8
Fra:1 Mem:141.90M (Peak 142.03M) | Time:00:00.11 | Mem:0.00M, Peak:0.00M | CISCO_N9K_C9336C_FX2_V001, ViewLayer | Synchronizing object | Port01_spring_1_0
Fra:1 Mem:141.93M (Peak 142.03M) | Time:00:00.11 | Mem:0.00M, Peak:0.00M | CISCO_N9K_C9336C_FX2_V001, ViewLayer | Synchronizing object | Original_photo_top_chassis_label
Fra:1 Mem:141.93M (Peak 142.03M) | Time:00:00.11 | Mem:0.00M, Peak:0.00M | CISCO_N9K_C9336C_FX2_V001, ViewLayer | Synchronizing object | Port01_spring_1_2.8
Fra:1 Mem:141.94M (Peak 142.03M) | Time:00:00.11 | Mem:0.00M, Peak:0.00M | CISCO_N9K_C9336C_FX2_V001, ViewLayer | Synchronizing object | Port01_subtle_recessed_contact_row
Fra:1 Mem:141.96M (Peak 142.03M) | Time:00:00.11 | Mem:0.00M, Peak:0.00M | CISCO_N9K_C9336C_FX2_V001, ViewLayer | Synchronizing object | Port_pair_18_direction_1
Fra:1 Mem:141.96M (Peak 142.03M) | Time:00:00.11 | Mem:0.00M, Peak:0.00M | CISCO_N9K_C9336C_FX2_V001, ViewLayer | Synchronizing object | Port02_recessed_connector_stop
Fra:1 Mem:141.96M (Peak 142.03M) | Time:00:00.11 | Mem:0.00M, Peak:0.00M | CISCO_N9K_C9336C_FX2_V001, ViewLayer | Synchronizing object | Port_pair_18_direction_-1
Fra:1 Mem:141.96M (Peak 142.03M) | Time:00:00.11 | Mem:0.00M, Peak:0.00M | CISCO_N9K_C9336C_FX2_V001, ViewLayer | Synchronizing object | Port02_guide_-1_-4.25
Fra:1 Mem:141.97M (Peak 142.03M) | Time:00:00.11 | Mem:0.00M, Peak:0.00M | CISCO_N9K_C9336C_FX2_V001, ViewLayer | Synchronizing object | PORT_NUMBER_36
Fra:1 Mem:141.99M (Peak 142.03M) | Time:00:00.11 | Mem:0.00M, Peak:0.00M | CISCO_N9K_C9336C_FX2_V001, ViewLayer | Synchronizing object | Port02_guide_-1_4.25
Fra:1 Mem:142.00M (Peak 142.03M) | Time:00:00.12 | Mem:0.00M, Peak:0.00M | CISCO_N9K_C9336C_FX2_V001, ViewLayer | Synchronizing object | PORT_NUMBER_35
Fra:1 Mem:142.02M (Peak 142.03M) | Time:00:00.12 | Mem:0.00M, Peak:0.00M | CISCO_N9K_C9336C_FX2_V001, ViewLayer | Synchronizing object | Port_pair_17_direction_1
Fra:1 Mem:142.02M (Peak 142.03M) | Time:00:00.12 | Mem:0.00M, Peak:0.00M | CISCO_N9K_C9336C_FX2_V001, ViewLayer | Synchronizing object | Port_pair_17_direction_-1
Fra:1 Mem:142.02M (Peak 142.03M) | Time:00:00.12 | Mem:0.00M, Peak:0.00M | CISCO_N9K_C9336C_FX2_V001, ViewLayer | Synchronizing object | PORT_NUMBER_34
Fra:1 Mem:142.03M (Peak 142.03M) | Time:00:00.12 | Mem:0.00M, Peak:0.00M | CISCO_N9K_C9336C_FX2_V001, ViewLayer | Synchronizing object | PORT_NUMBER_33
Fra:1 Mem:142.04M (Peak 142.04M) | Time:00:00.12 | Mem:0.00M, Peak:0.00M | CISCO_N9K_C9336C_FX2_V001, ViewLayer | Synchronizing object | Port_pair_16_direction_1
Fra:1 Mem:142.04M (Peak 142.04M) | Time:00:00.12 | Mem:0.00M, Peak:0.00M | CISCO_N9K_C9336C_FX2_V001, ViewLayer | Synchronizing object | Port_pair_16_direction_-1
Fra:1 Mem:142.05M (Peak 142.05M) | Time:00:00.12 | Mem:0.00M, Peak:0.00M | CISCO_N9K_C9336C_FX2_V001, ViewLayer | Synchronizing object | Port02_spring_-1_0
Fra:1 Mem:142.06M (Peak 142.06M) | Time:00:00.12 | Mem:0.00M, Peak:0.00M | CISCO_N9K_C9336C_FX2_V001, ViewLayer | Synchronizing object | Port02_spring_-1_2.8
Fra:1 Mem:142.08M (Peak 142.08M) | Time:00:00.12 | Mem:0.00M, Peak:0.00M | CISCO_N9K_C9336C_FX2_V001, ViewLayer | Synchronizing object | PORT_NUMBER_31
Fra:1 Mem:142.10M (Peak 142.10M) | Time:00:00.12 | Mem:0.00M, Peak:0.00M | CISCO_N9K_C9336C_FX2_V001, ViewLayer | Synchronizing object | Port_pair_15_direction_1
Fra:1 Mem:142.10M (Peak 142.10M) | Time:00:00.12 | Mem:0.00M, Peak:0.00M | CISCO_N9K_C9336C_FX2_V001, ViewLayer | Synchronizing object | Port_pair_15_direction_-1
Fra:1 Mem:142.10M (Peak 142.10M) | Time:00:00.12 | Mem:0.00M, Peak:0.00M | CISCO_N9K_C9336C_FX2_V001, ViewLayer | Synchronizing object | PORT_NUMBER_30
Fra:1 Mem:142.11M (Peak 142.11M) | Time:00:00.12 | Mem:0.00M, Peak:0.00M | CISCO_N9K_C9336C_FX2_V001, ViewLayer | Synchronizing object | Port02_guide_1_-4.25
Fra:1 Mem:142.13M (Peak 142.13M) | Time:00:00.12 | Mem:0.00M, Peak:0.00M | CISCO_N9K_C9336C_FX2_V001, ViewLayer | Synchronizing object | PORT_NUMBER_29
Fra:1 Mem:142.18M (Peak 142.18M) | Time:00:00.12 | Mem:0.00M, Peak:0.00M | CISCO_N9K_C9336C_FX2_V001, ViewLayer | Synchronizing object | Port02_guide_1_4.25
Fra:1 Mem:142.19M (Peak 142.19M) | Time:00:00.12 | Mem:0.00M, Peak:0.00M | CISCO_N9K_C9336C_FX2_V001, ViewLayer | Synchronizing object | Port_pair_14_direction_1
Fra:1 Mem:142.20M (Peak 142.20M) | Time:00:00.12 | Mem:0.00M, Peak:0.00M | CISCO_N9K_C9336C_FX2_V001, ViewLayer | Synchronizing object | Port_pair_14_direction_-1
Fra:1 Mem:142.28M (Peak 142.28M) | Time:00:00.12 | Mem:0.00M, Peak:0.00M | CISCO_N9K_C9336C_FX2_V001, ViewLayer | Synchronizing object | PORT_NUMBER_28
Fra:1 Mem:142.29M (Peak 142.29M) | Time:00:00.12 | Mem:0.00M, Peak:0.00M | CISCO_N9K_C9336C_FX2_V001, ViewLayer | Synchronizing object | Port02_spring_1_0
Fra:1 Mem:142.30M (Peak 142.30M) | Time:00:00.12 | Mem:0.00M, Peak:0.00M | CISCO_N9K_C9336C_FX2_V001, ViewLayer | Synchronizing object | PORT_NUMBER_27
Fra:1 Mem:142.46M (Peak 142.46M) | Time:00:00.12 | Mem:0.00M, Peak:0.00M | CISCO_N9K_C9336C_FX2_V001, ViewLayer | Synchronizing object | Port_pair_13_direction_1
Fra:1 Mem:142.46M (Peak 142.46M) | Time:00:00.12 | Mem:0.00M, Peak:0.00M | CISCO_N9K_C9336C_FX2_V001, ViewLayer | Synchronizing object | Port_pair_13_direction_-1
Fra:1 Mem:142.46M (Peak 142.46M) | Time:00:00.12 | Mem:0.00M, Peak:0.00M | CISCO_N9K_C9336C_FX2_V001, ViewLayer | Synchronizing object | Port02_spring_1_2.8
Fra:1 Mem:142.46M (Peak 142.46M) | Time:00:00.12 | Mem:0.00M, Peak:0.00M | CISCO_N9K_C9336C_FX2_V001, ViewLayer | Synchronizing object | PORT_NUMBER_26
Fra:1 Mem:142.30M (Peak 142.46M) | Time:00:00.12 | Mem:0.00M, Peak:0.00M | CISCO_N9K_C9336C_FX2_V001, ViewLayer | Synchronizing object | PORT_NUMBER_25
Fra:1 Mem:142.23M (Peak 142.46M) | Time:00:00.12 | Mem:0.00M, Peak:0.00M | CISCO_N9K_C9336C_FX2_V001, ViewLayer | Synchronizing object | Fan1_hub_-1
Fra:1 Mem:142.23M (Peak 142.46M) | Time:00:00.12 | Mem:0.00M, Peak:0.00M | CISCO_N9K_C9336C_FX2_V001, ViewLayer | Synchronizing object | Port_pair_12_direction_1
Fra:1 Mem:142.25M (Peak 142.46M) | Time:00:00.12 | Mem:0.00M, Peak:0.00M | CISCO_N9K_C9336C_FX2_V001, ViewLayer | Synchronizing object | Port_pair_12_direction_-1
Fra:1 Mem:142.26M (Peak 142.46M) | Time:00:00.12 | Mem:0.00M, Peak:0.00M | CISCO_N9K_C9336C_FX2_V001, ViewLayer | Synchronizing object | PORT_NUMBER_24
Fra:1 Mem:142.27M (Peak 142.46M) | Time:00:00.12 | Mem:0.00M, Peak:0.00M | CISCO_N9K_C9336C_FX2_V001, ViewLayer | Synchronizing object | Fan1_blade_-1_0
Fra:1 Mem:142.26M (Peak 142.46M) | Time:00:00.12 | Mem:0.00M, Peak:0.00M | CISCO_N9K_C9336C_FX2_V001, ViewLayer | Synchronizing object | Fan1_blade_-1_2
Fra:1 Mem:142.27M (Peak 142.46M) | Time:00:00.12 | Mem:0.00M, Peak:0.00M | CISCO_N9K_C9336C_FX2_V001, ViewLayer | Synchronizing object | Fan1_blade_-1_3
Fra:1 Mem:142.27M (Peak 142.46M) | Time:00:00.12 | Mem:0.00M, Peak:0.00M | CISCO_N9K_C9336C_FX2_V001, ViewLayer | Synchronizing object | Fan1_blade_-1_4
Fra:1 Mem:142.27M (Peak 142.46M) | Time:00:00.12 | Mem:0.00M, Peak:0.00M | CISCO_N9K_C9336C_FX2_V001, ViewLayer | Synchronizing object | Fan1_blade_-1_5
Fra:1 Mem:145.60M (Peak 145.60M) | Time:00:00.12 | Mem:0.00M, Peak:0.00M | CISCO_N9K_C9336C_FX2_V001, ViewLayer | Synchronizing object | Fan1_top_retention_rail_-1
Fra:1 Mem:145.63M (Peak 145.63M) | Time:00:00.12 | Mem:0.00M, Peak:0.00M | CISCO_N9K_C9336C_FX2_V001, ViewLayer | Synchronizing object | Fan1_rear_power_contact_block_-1
Fra:1 Mem:145.63M (Peak 145.63M) | Time:00:00.12 | Mem:0.00M, Peak:0.00M | CISCO_N9K_C9336C_FX2_V001, ViewLayer | Synchronizing object | Port_pair_11_direction_1
Fra:1 Mem:145.64M (Peak 145.64M) | Time:00:00.12 | Mem:0.00M, Peak:0.00M | CISCO_N9K_C9336C_FX2_V001, ViewLayer | Synchronizing object | Port_pair_11_direction_-1
Fra:1 Mem:145.64M (Peak 145.64M) | Time:00:00.12 | Mem:0.00M, Peak:0.00M | CISCO_N9K_C9336C_FX2_V001, ViewLayer | Synchronizing object | Fan1_rotor_housing_1
Fra:1 Mem:145.64M (Peak 145.64M) | Time:00:00.12 | Mem:0.00M, Peak:0.00M | CISCO_N9K_C9336C_FX2_V001, ViewLayer | Synchronizing object | Fan1_blade_1_0
Fra:1 Mem:145.65M (Peak 145.65M) | Time:00:00.12 | Mem:0.00M, Peak:0.00M | CISCO_N9K_C9336C_FX2_V001, ViewLayer | Synchronizing object | Fan1_blade_1_2
Fra:1 Mem:145.65M (Peak 145.65M) | Time:00:00.12 | Mem:0.00M, Peak:0.00M | CISCO_N9K_C9336C_FX2_V001, ViewLayer | Synchronizing object | Fan1_blade_1_3
Fra:1 Mem:145.65M (Peak 145.65M) | Time:00:00.12 | Mem:0.00M, Peak:0.00M | CISCO_N9K_C9336C_FX2_V001, ViewLayer | Synchronizing object | Fan1_blade_1_4
Fra:1 Mem:145.65M (Peak 145.65M) | Time:00:00.12 | Mem:0.00M, Peak:0.00M | CISCO_N9K_C9336C_FX2_V001, ViewLayer | Synchronizing object | Fan1_blade_1_5
Fra:1 Mem:145.65M (Peak 145.65M) | Time:00:00.12 | Mem:0.00M, Peak:0.00M | CISCO_N9K_C9336C_FX2_V001, ViewLayer | Synchronizing object | Fan1_blade_1_6
Fra:1 Mem:145.66M (Peak 145.66M) | Time:00:00.12 | Mem:0.00M, Peak:0.00M | CISCO_N9K_C9336C_FX2_V001, ViewLayer | Synchronizing object | PORT_NUMBER_21
Fra:1 Mem:145.67M (Peak 145.67M) | Time:00:00.12 | Mem:0.00M, Peak:0.00M | CISCO_N9K_C9336C_FX2_V001, ViewLayer | Synchronizing object | Fan1_rear_power_contact_block_1
Fra:1 Mem:145.67M (Peak 145.67M) | Time:00:00.12 | Mem:0.00M, Peak:0.00M | CISCO_N9K_C9336C_FX2_V001, ViewLayer | Synchronizing object | Fan1_front_frame
Fra:1 Mem:145.69M (Peak 145.69M) | Time:00:00.12 | Mem:0.00M, Peak:0.00M | CISCO_N9K_C9336C_FX2_V001, ViewLayer | Synchronizing object | Fan1_true_honeycomb_front_grille
Fra:1 Mem:145.70M (Peak 145.70M) | Time:00:00.12 | Mem:0.00M, Peak:0.00M | CISCO_N9K_C9336C_FX2_V001, ViewLayer | Synchronizing object | Fan1_BLUE_release_latch_-1
Fra:1 Mem:146.27M (Peak 146.27M) | Time:00:00.12 | Mem:0.00M, Peak:0.00M | CISCO_N9K_C9336C_FX2_V001, ViewLayer | Synchronizing object | Fan1_latch_thumb_flare_-1
Fra:1 Mem:146.37M (Peak 146.37M) | Time:00:00.12 | Mem:0.00M, Peak:0.00M | CISCO_N9K_C9336C_FX2_V001, ViewLayer | Synchronizing object | Fan1_BLUE_release_latch_1
Fra:1 Mem:146.37M (Peak 146.37M) | Time:00:00.12 | Mem:0.00M, Peak:0.00M | CISCO_N9K_C9336C_FX2_V001, ViewLayer | Synchronizing object | Port_pair_10_direction_-1
Fra:1 Mem:146.39M (Peak 146.39M) | Time:00:00.12 | Mem:0.00M, Peak:0.00M | CISCO_N9K_C9336C_FX2_V001, ViewLayer | Synchronizing object | PORT_NUMBER_20
Fra:1 Mem:146.40M (Peak 146.40M) | Time:00:00.12 | Mem:0.00M, Peak:0.00M | CISCO_N9K_C9336C_FX2_V001, ViewLayer | Synchronizing object | Fan1_PID_label_recess
Fra:1 Mem:146.42M (Peak 146.42M) | Time:00:00.12 | Mem:0.00M, Peak:0.00M | CISCO_N9K_C9336C_FX2_V001, ViewLayer | Synchronizing object | PORT_NUMBER_19
Fra:1 Mem:146.43M (Peak 146.43M) | Time:00:00.12 | Mem:0.00M, Peak:0.00M | CISCO_N9K_C9336C_FX2_V001, ViewLayer | Synchronizing object | Fan1_known_PID
Fra:1 Mem:146.44M (Peak 146.44M) | Time:00:00.12 | Mem:0.00M, Peak:0.00M | CISCO_N9K_C9336C_FX2_V001, ViewLayer | Synchronizing object | Port_pair_9_direction_1
Fra:1 Mem:146.52M (Peak 146.52M) | Time:00:00.12 | Mem:0.00M, Peak:0.00M | CISCO_N9K_C9336C_FX2_V001, ViewLayer | Synchronizing object | Fan1_flush_lock_pin_39
Fra:1 Mem:146.53M (Peak 146.53M) | Time:00:00.12 | Mem:0.00M, Peak:0.00M | CISCO_N9K_C9336C_FX2_V001, ViewLayer | Synchronizing object | Port_pair_9_direction_-1
Fra:1 Mem:146.54M (Peak 146.54M) | Time:00:00.12 | Mem:0.00M, Peak:0.00M | CISCO_N9K_C9336C_FX2_V001, ViewLayer | Synchronizing object | PORT_NUMBER_18
Fra:1 Mem:146.56M (Peak 146.56M) | Time:00:00.12 | Mem:0.00M, Peak:0.00M | CISCO_N9K_C9336C_FX2_V001, ViewLayer | Synchronizing object | PORT_NUMBER_17
Fra:1 Mem:146.86M (Peak 146.86M) | Time:00:00.12 | Mem:0.00M, Peak:0.00M | CISCO_N9K_C9336C_FX2_V001, ViewLayer | Synchronizing object | Fan2_hub_-1
Fra:1 Mem:146.87M (Peak 146.87M) | Time:00:00.12 | Mem:0.00M, Peak:0.00M | CISCO_N9K_C9336C_FX2_V001, ViewLayer | Synchronizing object | Fan2_blade_-1_0
Fra:1 Mem:146.87M (Peak 146.87M) | Time:00:00.12 | Mem:0.00M, Peak:0.00M | CISCO_N9K_C9336C_FX2_V001, ViewLayer | Synchronizing object | Fan2_blade_-1_1
Fra:1 Mem:146.87M (Peak 146.87M) | Time:00:00.12 | Mem:0.00M, Peak:0.00M | CISCO_N9K_C9336C_FX2_V001, ViewLayer | Synchronizing object | Port_pair_8_direction_-1
Fra:1 Mem:146.87M (Peak 146.87M) | Time:00:00.12 | Mem:0.00M, Peak:0.00M | CISCO_N9K_C9336C_FX2_V001, ViewLayer | Synchronizing object | Fan2_blade_-1_2
Fra:1 Mem:146.87M (Peak 146.87M) | Time:00:00.12 | Mem:0.00M, Peak:0.00M | CISCO_N9K_C9336C_FX2_V001, ViewLayer | Synchronizing object | PORT_NUMBER_16
Fra:1 Mem:146.88M (Peak 146.88M) | Time:00:00.12 | Mem:0.00M, Peak:0.00M | CISCO_N9K_C9336C_FX2_V001, ViewLayer | Synchronizing object | Fan2_blade_-1_4
Fra:1 Mem:146.88M (Peak 146.88M) | Time:00:00.12 | Mem:0.00M, Peak:0.00M | CISCO_N9K_C9336C_FX2_V001, ViewLayer | Synchronizing object | PORT_NUMBER_15
Fra:1 Mem:146.88M (Peak 146.88M) | Time:00:00.12 | Mem:0.00M, Peak:0.00M | CISCO_N9K_C9336C_FX2_V001, ViewLayer | Synchronizing object | Port_pair_7_direction_1
Fra:1 Mem:146.88M (Peak 146.88M) | Time:00:00.12 | Mem:0.00M, Peak:0.00M | CISCO_N9K_C9336C_FX2_V001, ViewLayer | Synchronizing object | Fan2_blade_-1_6
Fra:1 Mem:146.88M (Peak 146.88M) | Time:00:00.12 | Mem:0.00M, Peak:0.00M | CISCO_N9K_C9336C_FX2_V001, ViewLayer | Synchronizing object | Port_pair_7_direction_-1
Fra:1 Mem:146.88M (Peak 146.88M) | Time:00:00.12 | Mem:0.00M, Peak:0.00M | CISCO_N9K_C9336C_FX2_V001, ViewLayer | Synchronizing object | Fan2_top_retention_rail_-1
Fra:1 Mem:146.89M (Peak 146.89M) | Time:00:00.12 | Mem:0.00M, Peak:0.00M | CISCO_N9K_C9336C_FX2_V001, ViewLayer | Synchronizing object | Fan2_rear_power_contact_block_-1
Fra:1 Mem:146.91M (Peak 146.91M) | Time:00:00.12 | Mem:0.00M, Peak:0.00M | CISCO_N9K_C9336C_FX2_V001, ViewLayer | Synchronizing object | Fan2_hub_1
Fra:1 Mem:146.91M (Peak 146.91M) | Time:00:00.12 | Mem:0.00M, Peak:0.00M | CISCO_N9K_C9336C_FX2_V001, ViewLayer | Synchronizing object | PORT_NUMBER_14
Fra:1 Mem:146.92M (Peak 146.92M) | Time:00:00.12 | Mem:0.00M, Peak:0.00M | CISCO_N9K_C9336C_FX2_V001, ViewLayer | Synchronizing object | Fan2_blade_1_0
Fra:1 Mem:146.92M (Peak 146.92M) | Time:00:00.12 | Mem:0.00M, Peak:0.00M | CISCO_N9K_C9336C_FX2_V001, ViewLayer | Synchronizing object | PORT_NUMBER_13
Fra:1 Mem:146.93M (Peak 146.93M) | Time:00:00.12 | Mem:0.00M, Peak:0.00M | CISCO_N9K_C9336C_FX2_V001, ViewLayer | Synchronizing object | Fan2_blade_1_2
Fra:1 Mem:146.93M (Peak 146.93M) | Time:00:00.12 | Mem:0.00M, Peak:0.00M | CISCO_N9K_C9336C_FX2_V001, ViewLayer | Synchronizing object | Fan2_blade_1_3
Fra:1 Mem:146.93M (Peak 146.93M) | Time:00:00.12 | Mem:0.00M, Peak:0.00M | CISCO_N9K_C9336C_FX2_V001, ViewLayer | Synchronizing object | Fan2_blade_1_5
Fra:1 Mem:146.94M (Peak 146.94M) | Time:00:00.12 | Mem:0.00M, Peak:0.00M | CISCO_N9K_C9336C_FX2_V001, ViewLayer | Synchronizing object | Fan2_blade_1_6
Fra:1 Mem:146.94M (Peak 146.94M) | Time:00:00.12 | Mem:0.00M, Peak:0.00M | CISCO_N9K_C9336C_FX2_V001, ViewLayer | Synchronizing object | Fan2_top_retention_rail_1
Fra:1 Mem:146.95M (Peak 146.95M) | Time:00:00.12 | Mem:0.00M, Peak:0.00M | CISCO_N9K_C9336C_FX2_V001, ViewLayer | Synchronizing object | Port_pair_6_direction_-1
Fra:1 Mem:146.95M (Peak 146.95M) | Time:00:00.12 | Mem:0.00M, Peak:0.00M | CISCO_N9K_C9336C_FX2_V001, ViewLayer | Synchronizing object | Fan2_rear_power_contact_block_1
Fra:1 Mem:146.96M (Peak 146.96M) | Time:00:00.12 | Mem:0.00M, Peak:0.00M | CISCO_N9K_C9336C_FX2_V001, ViewLayer | Synchronizing object | PORT_NUMBER_12
Fra:1 Mem:146.96M (Peak 146.96M) | Time:00:00.12 | Mem:0.00M, Peak:0.00M | CISCO_N9K_C9336C_FX2_V001, ViewLayer | Synchronizing object | Fan2_front_frame
Fra:1 Mem:146.97M (Peak 146.97M) | Time:00:00.12 | Mem:0.00M, Peak:0.00M | CISCO_N9K_C9336C_FX2_V001, ViewLayer | Synchronizing object | Fan2_true_honeycomb_front_grille
Fra:1 Mem:147.73M (Peak 147.73M) | Time:00:00.12 | Mem:0.00M, Peak:0.00M | CISCO_N9K_C9336C_FX2_V001, ViewLayer | Synchronizing object | PORT_NUMBER_11
Fra:1 Mem:147.73M (Peak 147.73M) | Time:00:00.12 | Mem:0.00M, Peak:0.00M | CISCO_N9K_C9336C_FX2_V001, ViewLayer | Synchronizing object | Fan2_molded_trapezoid_pull_handle
Fra:1 Mem:147.74M (Peak 147.74M) | Time:00:00.12 | Mem:0.00M, Peak:0.00M | CISCO_N9K_C9336C_FX2_V001, ViewLayer | Synchronizing object | Port_pair_5_direction_1
Fra:1 Mem:147.76M (Peak 147.76M) | Time:00:00.12 | Mem:0.00M, Peak:0.00M | CISCO_N9K_C9336C_FX2_V001, ViewLayer | Synchronizing object | Port_pair_5_direction_-1
Fra:1 Mem:147.77M (Peak 147.77M) | Time:00:00.12 | Mem:0.00M, Peak:0.00M | CISCO_N9K_C9336C_FX2_V001, ViewLayer | Synchronizing object | PORT_NUMBER_10
Fra:1 Mem:147.77M (Peak 147.77M) | Time:00:00.12 | Mem:0.00M, Peak:0.00M | CISCO_N9K_C9336C_FX2_V001, ViewLayer | Synchronizing object | Fan2_BLUE_release_latch_-1
Fra:1 Mem:147.77M (Peak 147.77M) | Time:00:00.12 | Mem:0.00M, Peak:0.00M | CISCO_N9K_C9336C_FX2_V001, ViewLayer | Synchronizing object | PORT_NUMBER_09
Fra:1 Mem:147.78M (Peak 147.78M) | Time:00:00.12 | Mem:0.00M, Peak:0.00M | CISCO_N9K_C9336C_FX2_V001, ViewLayer | Synchronizing object | Port_pair_4_direction_1
Fra:1 Mem:147.78M (Peak 147.78M) | Time:00:00.12 | Mem:0.00M, Peak:0.00M | CISCO_N9K_C9336C_FX2_V001, ViewLayer | Synchronizing object | Fan2_latch_thumb_flare_-1
Fra:1 Mem:147.79M (Peak 147.79M) | Time:00:00.12 | Mem:0.00M, Peak:0.00M | CISCO_N9K_C9336C_FX2_V001, ViewLayer | Synchronizing object | Port_pair_4_direction_-1
Fra:1 Mem:148.09M (Peak 148.09M) | Time:00:00.12 | Mem:0.00M, Peak:0.00M | CISCO_N9K_C9336C_FX2_V001, ViewLayer | Synchronizing object | Fan2_latch_thumb_flare_1
Fra:1 Mem:148.11M (Peak 148.11M) | Time:00:00.12 | Mem:0.00M, Peak:0.00M | CISCO_N9K_C9336C_FX2_V001, ViewLayer | Synchronizing object | Fan2_PID_label_recess
Fra:1 Mem:148.11M (Peak 148.11M) | Time:00:00.12 | Mem:0.00M, Peak:0.00M | CISCO_N9K_C9336C_FX2_V001, ViewLayer | Synchronizing object | PORT_NUMBER_08
Fra:1 Mem:148.12M (Peak 148.12M) | Time:00:00.12 | Mem:0.00M, Peak:0.00M | CISCO_N9K_C9336C_FX2_V001, ViewLayer | Synchronizing object | Fan2_flush_lock_pin_-39
Fra:1 Mem:148.13M (Peak 148.13M) | Time:00:00.12 | Mem:0.00M, Peak:0.00M | CISCO_N9K_C9336C_FX2_V001, ViewLayer | Synchronizing object | PORT_NUMBER_07
Fra:1 Mem:148.27M (Peak 148.27M) | Time:00:00.12 | Mem:0.00M, Peak:0.00M | CISCO_N9K_C9336C_FX2_V001, ViewLayer | Synchronizing object | Port_pair_3_direction_1
Fra:1 Mem:148.26M (Peak 148.27M) | Time:00:00.12 | Mem:0.00M, Peak:0.00M | CISCO_N9K_C9336C_FX2_V001, ViewLayer | Synchronizing object | Fan2_flush_lock_pin_39
Fra:1 Mem:148.27M (Peak 148.27M) | Time:00:00.12 | Mem:0.00M, Peak:0.00M | CISCO_N9K_C9336C_FX2_V001, ViewLayer | Synchronizing object | Port_pair_3_direction_-1
Fra:1 Mem:148.27M (Peak 148.27M) | Time:00:00.12 | Mem:0.00M, Peak:0.00M | CISCO_N9K_C9336C_FX2_V001, ViewLayer | Synchronizing object | PORT_NUMBER_06
Fra:1 Mem:148.28M (Peak 148.28M) | Time:00:00.12 | Mem:0.00M, Peak:0.00M | CISCO_N9K_C9336C_FX2_V001, ViewLayer | Synchronizing object | Fan3_rotor_housing_-1
Fra:1 Mem:148.28M (Peak 148.28M) | Time:00:00.12 | Mem:0.00M, Peak:0.00M | CISCO_N9K_C9336C_FX2_V001, ViewLayer | Synchronizing object | PORT_NUMBER_05
Fra:1 Mem:148.29M (Peak 148.29M) | Time:00:00.12 | Mem:0.00M, Peak:0.00M | CISCO_N9K_C9336C_FX2_V001, ViewLayer | Synchronizing object | Fan3_hub_-1
Fra:1 Mem:148.39M (Peak 148.39M) | Time:00:00.12 | Mem:0.00M, Peak:0.00M | CISCO_N9K_C9336C_FX2_V001, ViewLayer | Synchronizing object | Port_pair_2_direction_1
Fra:1 Mem:148.40M (Peak 148.40M) | Time:00:00.12 | Mem:0.00M, Peak:0.00M | CISCO_N9K_C9336C_FX2_V001, ViewLayer | Synchronizing object | Fan3_blade_-1_0
Fra:1 Mem:148.40M (Peak 148.40M) | Time:00:00.12 | Mem:0.00M, Peak:0.00M | CISCO_N9K_C9336C_FX2_V001, ViewLayer | Synchronizing object | Fan3_blade_-1_1
Fra:1 Mem:148.40M (Peak 148.40M) | Time:00:00.12 | Mem:0.00M, Peak:0.00M | CISCO_N9K_C9336C_FX2_V001, ViewLayer | Synchronizing object | Port_pair_2_direction_-1
Fra:1 Mem:148.40M (Peak 148.40M) | Time:00:00.12 | Mem:0.00M, Peak:0.00M | CISCO_N9K_C9336C_FX2_V001, ViewLayer | Synchronizing object | Fan3_blade_-1_3
Fra:1 Mem:148.40M (Peak 148.40M) | Time:00:00.12 | Mem:0.00M, Peak:0.00M | CISCO_N9K_C9336C_FX2_V001, ViewLayer | Synchronizing object | PORT_NUMBER_04
Fra:1 Mem:148.40M (Peak 148.40M) | Time:00:00.12 | Mem:0.00M, Peak:0.00M | CISCO_N9K_C9336C_FX2_V001, ViewLayer | Synchronizing object | Fan3_blade_-1_5
Fra:1 Mem:148.40M (Peak 148.40M) | Time:00:00.12 | Mem:0.00M, Peak:0.00M | CISCO_N9K_C9336C_FX2_V001, ViewLayer | Synchronizing object | PORT_NUMBER_03
Fra:1 Mem:148.41M (Peak 148.41M) | Time:00:00.12 | Mem:0.00M, Peak:0.00M | CISCO_N9K_C9336C_FX2_V001, ViewLayer | Synchronizing object | Fan3_blade_-1_6
Fra:1 Mem:148.41M (Peak 148.41M) | Time:00:00.12 | Mem:0.00M, Peak:0.00M | CISCO_N9K_C9336C_FX2_V001, ViewLayer | Synchronizing object | Port_pair_1_direction_1
Fra:1 Mem:148.41M (Peak 148.41M) | Time:00:00.12 | Mem:0.00M, Peak:0.00M | CISCO_N9K_C9336C_FX2_V001, ViewLayer | Synchronizing object | Fan3_top_retention_rail_-1
Fra:1 Mem:148.41M (Peak 148.41M) | Time:00:00.12 | Mem:0.00M, Peak:0.00M | CISCO_N9K_C9336C_FX2_V001, ViewLayer | Synchronizing object | Port_pair_1_direction_-1
Fra:1 Mem:148.42M (Peak 148.42M) | Time:00:00.12 | Mem:0.00M, Peak:0.00M | CISCO_N9K_C9336C_FX2_V001, ViewLayer | Synchronizing object | PORT_NUMBER_02
Fra:1 Mem:148.43M (Peak 148.43M) | Time:00:00.12 | Mem:0.00M, Peak:0.00M | CISCO_N9K_C9336C_FX2_V001, ViewLayer | Synchronizing object | Fan3_rear_power_contact_block_-1
Fra:1 Mem:148.43M (Peak 148.43M) | Time:00:00.12 | Mem:0.00M, Peak:0.00M | CISCO_N9K_C9336C_FX2_V001, ViewLayer | Synchronizing object | PORT_NUMBER_01
Fra:1 Mem:148.44M (Peak 148.44M) | Time:00:00.12 | Mem:0.00M, Peak:0.00M | CISCO_N9K_C9336C_FX2_V001, ViewLayer | Synchronizing object | Correct_factory_PID
Fra:1 Mem:148.47M (Peak 148.47M) | Time:00:00.12 | Mem:0.00M, Peak:0.00M | CISCO_N9K_C9336C_FX2_V001, ViewLayer | Synchronizing object | Fan3_hub_1
Fra:1 Mem:148.54M (Peak 148.54M) | Time:00:00.12 | Mem:0.00M, Peak:0.00M | CISCO_N9K_C9336C_FX2_V001, ViewLayer | Synchronizing object | Fan3_blade_1_0
Fra:1 Mem:148.55M (Peak 148.55M) | Time:00:00.12 | Mem:0.00M, Peak:0.00M | CISCO_N9K_C9336C_FX2_V001, ViewLayer | Synchronizing object | Fan3_blade_1_1
Fra:1 Mem:148.56M (Peak 148.56M) | Time:00:00.12 | Mem:0.00M, Peak:0.00M | CISCO_N9K_C9336C_FX2_V001, ViewLayer | Synchronizing object | Fan3_blade_1_2
Fra:1 Mem:148.55M (Peak 148.56M) | Time:00:00.12 | Mem:0.00M, Peak:0.00M | CISCO_N9K_C9336C_FX2_V001, ViewLayer | Synchronizing object | Fan3_blade_1_3
Fra:1 Mem:148.86M (Peak 148.86M) | Time:00:00.12 | Mem:0.00M, Peak:0.00M | CISCO_N9K_C9336C_FX2_V001, ViewLayer | Synchronizing object | Fan3_blade_1_4
Fra:1 Mem:148.87M (Peak 148.87M) | Time:00:00.12 | Mem:0.00M, Peak:0.00M | CISCO_N9K_C9336C_FX2_V001, ViewLayer | Synchronizing object | Fan3_blade_1_5
Fra:1 Mem:148.87M (Peak 148.87M) | Time:00:00.12 | Mem:0.00M, Peak:0.00M | CISCO_N9K_C9336C_FX2_V001, ViewLayer | Synchronizing object | Fan3_blade_1_6
Fra:1 Mem:148.88M (Peak 148.88M) | Time:00:00.12 | Mem:0.00M, Peak:0.00M | CISCO_N9K_C9336C_FX2_V001, ViewLayer | Synchronizing object | Fan3_top_retention_rail_1
Fra:1 Mem:148.89M (Peak 148.89M) | Time:00:00.12 | Mem:0.00M, Peak:0.00M | CISCO_N9K_C9336C_FX2_V001, ViewLayer | Synchronizing object | Cisco_brand_wordmark
Fra:1 Mem:148.92M (Peak 148.92M) | Time:00:00.12 | Mem:0.00M, Peak:0.00M | CISCO_N9K_C9336C_FX2_V001, ViewLayer | Synchronizing object | Cisco_bridge_bar_9
Fra:1 Mem:148.93M (Peak 148.93M) | Time:00:00.12 | Mem:0.00M, Peak:0.00M | CISCO_N9K_C9336C_FX2_V001, ViewLayer | Synchronizing object | Fan3_front_frame
Fra:1 Mem:149.09M (Peak 149.09M) | Time:00:00.12 | Mem:0.00M, Peak:0.00M | CISCO_N9K_C9336C_FX2_V001, ViewLayer | Synchronizing object | Cisco_bridge_bar_8
Fra:1 Mem:149.10M (Peak 149.10M) | Time:00:00.12 | Mem:0.00M, Peak:0.00M | CISCO_N9K_C9336C_FX2_V001, ViewLayer | Synchronizing object | Fan3_true_honeycomb_front_grille
Fra:1 Mem:149.09M (Peak 149.10M) | Time:00:00.12 | Mem:0.00M, Peak:0.00M | CISCO_N9K_C9336C_FX2_V001, ViewLayer | Synchronizing object | Fan3_molded_trapezoid_pull_handle
Fra:1 Mem:149.27M (Peak 149.27M) | Time:00:00.12 | Mem:0.00M, Peak:0.00M | CISCO_N9K_C9336C_FX2_V001, ViewLayer | Synchronizing object | Cisco_bridge_bar_6
Fra:1 Mem:149.30M (Peak 149.30M) | Time:00:00.12 | Mem:0.00M, Peak:0.00M | CISCO_N9K_C9336C_FX2_V001, ViewLayer | Synchronizing object | Cisco_bridge_bar_5
Fra:1 Mem:149.30M (Peak 149.30M) | Time:00:00.12 | Mem:0.00M, Peak:0.00M | CISCO_N9K_C9336C_FX2_V001, ViewLayer | Synchronizing object | Cisco_bridge_bar_4
Fra:1 Mem:149.30M (Peak 149.30M) | Time:00:00.12 | Mem:0.00M, Peak:0.00M | CISCO_N9K_C9336C_FX2_V001, ViewLayer | Synchronizing object | Cisco_bridge_bar_3
Fra:1 Mem:149.31M (Peak 149.31M) | Time:00:00.12 | Mem:0.00M, Peak:0.00M | CISCO_N9K_C9336C_FX2_V001, ViewLayer | Synchronizing object | Cisco_bridge_bar_2
Fra:1 Mem:149.61M (Peak 149.61M) | Time:00:00.12 | Mem:0.00M, Peak:0.00M | CISCO_N9K_C9336C_FX2_V001, ViewLayer | Synchronizing object | Fan3_BLUE_release_latch_-1
Fra:1 Mem:149.62M (Peak 149.62M) | Time:00:00.12 | Mem:0.00M, Peak:0.00M | CISCO_N9K_C9336C_FX2_V001, ViewLayer | Synchronizing object | Cisco_bridge_bar_1
Fra:1 Mem:149.73M (Peak 149.73M) | Time:00:00.12 | Mem:0.00M, Peak:0.00M | CISCO_N9K_C9336C_FX2_V001, ViewLayer | Synchronizing object | Fan3_latch_thumb_flare_-1
Fra:1 Mem:149.83M (Peak 149.83M) | Time:00:00.12 | Mem:0.00M, Peak:0.00M | CISCO_N9K_C9336C_FX2_V001, ViewLayer | Synchronizing object | LS_selector_text
Fra:1 Mem:149.84M (Peak 149.84M) | Time:00:00.12 | Mem:0.00M, Peak:0.00M | CISCO_N9K_C9336C_FX2_V001, ViewLayer | Synchronizing object | Fan3_BLUE_release_latch_1
Fra:1 Mem:149.84M (Peak 149.84M) | Time:00:00.12 | Mem:0.00M, Peak:0.00M | CISCO_N9K_C9336C_FX2_V001, ViewLayer | Synchronizing object | LS_selector_metal_button
Fra:1 Mem:150.46M (Peak 150.46M) | Time:00:00.12 | Mem:0.00M, Peak:0.00M | CISCO_N9K_C9336C_FX2_V001, ViewLayer | Synchronizing object | Fan3_latch_thumb_flare_1
Fra:1 Mem:150.49M (Peak 150.49M) | Time:00:00.12 | Mem:0.00M, Peak:0.00M | CISCO_N9K_C9336C_FX2_V001, ViewLayer | Synchronizing object | Fan3_PID_label_recess
Fra:1 Mem:150.53M (Peak 150.53M) | Time:00:00.12 | Mem:0.00M, Peak:0.00M | CISCO_N9K_C9336C_FX2_V001, ViewLayer | Synchronizing object | Fan3_known_PID
Fra:1 Mem:150.59M (Peak 150.59M) | Time:00:00.12 | Mem:0.00M, Peak:0.00M | CISCO_N9K_C9336C_FX2_V001, ViewLayer | Synchronizing object | Fan3_flush_lock_pin_-39
Fra:1 Mem:150.71M (Peak 150.71M) | Time:00:00.12 | Mem:0.00M, Peak:0.00M | CISCO_N9K_C9336C_FX2_V001, ViewLayer | Synchronizing object | Fan3_flush_lock_pin_39
Fra:1 Mem:151.04M (Peak 151.04M) | Time:00:00.12 | Mem:0.00M, Peak:0.00M | CISCO_N9K_C9336C_FX2_V001, ViewLayer | Synchronizing object | Fan1_fine_vertical_thumb_rib_-1_0
Fra:1 Mem:151.05M (Peak 151.05M) | Time:00:00.12 | Mem:0.00M, Peak:0.00M | CISCO_N9K_C9336C_FX2_V001, ViewLayer | Synchronizing object | Fan1_fine_vertical_thumb_rib_-1_1
Fra:1 Mem:151.05M (Peak 151.05M) | Time:00:00.12 | Mem:0.00M, Peak:0.00M | CISCO_N9K_C9336C_FX2_V001, ViewLayer | Synchronizing object | Fan1_fine_vertical_thumb_rib_-1_2
Fra:1 Mem:151.06M (Peak 151.06M) | Time:00:00.12 | Mem:0.00M, Peak:0.00M | CISCO_N9K_C9336C_FX2_V001, ViewLayer | Synchronizing object | Fan1_fine_vertical_thumb_rib_-1_3
Fra:1 Mem:151.06M (Peak 151.06M) | Time:00:00.12 | Mem:0.00M, Peak:0.00M | CISCO_N9K_C9336C_FX2_V001, ViewLayer | Synchronizing object | Fan1_fine_vertical_thumb_rib_-1_4
Fra:1 Mem:151.07M (Peak 151.07M) | Time:00:00.12 | Mem:0.00M, Peak:0.00M | CISCO_N9K_C9336C_FX2_V001, ViewLayer | Synchronizing object | Fan1_fine_vertical_thumb_rib_-1_5
Fra:1 Mem:151.08M (Peak 151.08M) | Time:00:00.12 | Mem:0.00M, Peak:0.00M | CISCO_N9K_C9336C_FX2_V001, ViewLayer | Synchronizing object | Fan1_fine_vertical_thumb_rib_-1_6
Fra:1 Mem:151.69M (Peak 151.69M) | Time:00:00.12 | Mem:0.00M, Peak:0.00M | CISCO_N9K_C9336C_FX2_V001, ViewLayer | Synchronizing object | Fan1_fine_vertical_thumb_rib_-1_7
Fra:1 Mem:151.69M (Peak 151.69M) | Time:00:00.12 | Mem:0.00M, Peak:0.00M | CISCO_N9K_C9336C_FX2_V001, ViewLayer | Synchronizing object | Fan1_fine_vertical_thumb_rib_-1_8
Fra:1 Mem:151.70M (Peak 151.70M) | Time:00:00.12 | Mem:0.00M, Peak:0.00M | CISCO_N9K_C9336C_FX2_V001, ViewLayer | Synchronizing object | Fan1_fine_vertical_thumb_rib_-1_9
Fra:1 Mem:151.70M (Peak 151.70M) | Time:00:00.12 | Mem:0.00M, Peak:0.00M | CISCO_N9K_C9336C_FX2_V001, ViewLayer | Synchronizing object | Fan1_fine_vertical_thumb_rib_1_0
Fra:1 Mem:151.71M (Peak 151.71M) | Time:00:00.12 | Mem:0.00M, Peak:0.00M | CISCO_N9K_C9336C_FX2_V001, ViewLayer | Synchronizing object | Fan1_fine_vertical_thumb_rib_1_1
Fra:1 Mem:151.72M (Peak 151.72M) | Time:00:00.12 | Mem:0.00M, Peak:0.00M | CISCO_N9K_C9336C_FX2_V001, ViewLayer | Synchronizing object | Fan1_fine_vertical_thumb_rib_1_2
Fra:1 Mem:151.72M (Peak 151.72M) | Time:00:00.12 | Mem:0.00M, Peak:0.00M | CISCO_N9K_C9336C_FX2_V001, ViewLayer | Synchronizing object | Fan1_fine_vertical_thumb_rib_1_3
Fra:1 Mem:151.79M (Peak 151.79M) | Time:00:00.12 | Mem:0.00M, Peak:0.00M | CISCO_N9K_C9336C_FX2_V001, ViewLayer | Synchronizing object | Fan1_fine_vertical_thumb_rib_1_4
Fra:1 Mem:151.73M (Peak 151.79M) | Time:00:00.12 | Mem:0.00M, Peak:0.00M | CISCO_N9K_C9336C_FX2_V001, ViewLayer | Synchronizing object | LS_selector_black_surround
Fra:1 Mem:152.57M (Peak 152.57M) | Time:00:00.12 | Mem:0.00M, Peak:0.00M | CISCO_N9K_C9336C_FX2_V001, ViewLayer | Synchronizing object | Fan1_fine_vertical_thumb_rib_1_5
Fra:1 Mem:152.58M (Peak 152.58M) | Time:00:00.12 | Mem:0.00M, Peak:0.00M | CISCO_N9K_C9336C_FX2_V001, ViewLayer | Synchronizing object | FRONT_4_legend
Fra:1 Mem:152.58M (Peak 152.58M) | Time:00:00.12 | Mem:0.00M, Peak:0.00M | CISCO_N9K_C9336C_FX2_V001, ViewLayer | Synchronizing object | FRONT_4_unpowered_lens
Fra:1 Mem:152.62M (Peak 152.62M) | Time:00:00.12 | Mem:0.00M, Peak:0.00M | CISCO_N9K_C9336C_FX2_V001, ViewLayer | Synchronizing object | FRONT_3_legend
Fra:1 Mem:152.63M (Peak 152.63M) | Time:00:00.12 | Mem:0.00M, Peak:0.00M | CISCO_N9K_C9336C_FX2_V001, ViewLayer | Synchronizing object | FRONT_3_unpowered_lens
Fra:1 Mem:152.66M (Peak 152.66M) | Time:00:00.12 | Mem:0.00M, Peak:0.00M | CISCO_N9K_C9336C_FX2_V001, ViewLayer | Synchronizing object | FRONT_2_legend
Fra:1 Mem:152.67M (Peak 152.67M) | Time:00:00.12 | Mem:0.00M, Peak:0.00M | CISCO_N9K_C9336C_FX2_V001, ViewLayer | Synchronizing object | FRONT_2_unpowered_lens
Fra:1 Mem:152.71M (Peak 152.71M) | Time:00:00.12 | Mem:0.00M, Peak:0.00M | CISCO_N9K_C9336C_FX2_V001, ViewLayer | Synchronizing object | FRONT_1_legend
Fra:1 Mem:152.71M (Peak 152.71M) | Time:00:00.12 | Mem:0.00M, Peak:0.00M | CISCO_N9K_C9336C_FX2_V001, ViewLayer | Synchronizing object | FRONT_1_unpowered_lens
Fra:1 Mem:152.75M (Peak 152.75M) | Time:00:00.12 | Mem:0.00M, Peak:0.00M | CISCO_N9K_C9336C_FX2_V001, ViewLayer | Synchronizing object | FRONT_ENV_legend
Fra:1 Mem:152.75M (Peak 152.75M) | Time:00:00.12 | Mem:0.00M, Peak:0.00M | CISCO_N9K_C9336C_FX2_V001, ViewLayer | Synchronizing object | FRONT_ENV_unpowered_lens
Fra:1 Mem:152.79M (Peak 152.79M) | Time:00:00.12 | Mem:0.00M, Peak:0.00M | CISCO_N9K_C9336C_FX2_V001, ViewLayer | Synchronizing object | FRONT_STS_legend
Fra:1 Mem:152.80M (Peak 152.80M) | Time:00:00.12 | Mem:0.00M, Peak:0.00M | CISCO_N9K_C9336C_FX2_V001, ViewLayer | Synchronizing object | FRONT_STS_unpowered_lens
Fra:1 Mem:152.84M (Peak 152.84M) | Time:00:00.12 | Mem:0.00M, Peak:0.00M | CISCO_N9K_C9336C_FX2_V001, ViewLayer | Synchronizing object | FRONT_BCN_legend
Fra:1 Mem:152.85M (Peak 152.85M) | Time:00:00.12 | Mem:0.00M, Peak:0.00M | CISCO_N9K_C9336C_FX2_V001, ViewLayer | Synchronizing object | FRONT_BCN_unpowered_lens
Fra:1 Mem:152.89M (Peak 152.89M) | Time:00:00.12 | Mem:0.00M, Peak:0.00M | CISCO_N9K_C9336C_FX2_V001, ViewLayer | Synchronizing object | Rear_P2_arrow_legend
Fra:1 Mem:152.89M (Peak 152.89M) | Time:00:00.12 | Mem:0.00M, Peak:0.00M | CISCO_N9K_C9336C_FX2_V001, ViewLayer | Synchronizing object | USB_symbol_branch_B
Fra:1 Mem:152.90M (Peak 152.90M) | Time:00:00.12 | Mem:0.00M, Peak:0.00M | CISCO_N9K_C9336C_FX2_V001, ViewLayer | Synchronizing object | USB_symbol_branch_A
Fra:1 Mem:152.90M (Peak 152.90M) | Time:00:00.12 | Mem:0.00M, Peak:0.00M | CISCO_N9K_C9336C_FX2_V001, ViewLayer | Synchronizing object | USB_symbol_stem
Fra:1 Mem:152.90M (Peak 152.90M) | Time:00:00.12 | Mem:0.00M, Peak:0.00M | CISCO_N9K_C9336C_FX2_V001, ViewLayer | Synchronizing object | Console_terminal_symbol
Fra:1 Mem:152.91M (Peak 152.91M) | Time:00:00.12 | Mem:0.00M, Peak:0.00M | CISCO_N9K_C9336C_FX2_V001, ViewLayer | Synchronizing object | SFP_management_symbol_line.003
Fra:1 Mem:152.91M (Peak 152.91M) | Time:00:00.12 | Mem:0.00M, Peak:0.00M | CISCO_N9K_C9336C_FX2_V001, ViewLayer | Synchronizing object | SFP_management_symbol_line.002
Fra:1 Mem:152.91M (Peak 152.91M) | Time:00:00.12 | Mem:0.00M, Peak:0.00M | CISCO_N9K_C9336C_FX2_V001, ViewLayer | Synchronizing object | SFP_management_symbol_line.001
Fra:1 Mem:152.91M (Peak 152.91M) | Time:00:00.12 | Mem:0.00M, Peak:0.00M | CISCO_N9K_C9336C_FX2_V001, ViewLayer | Synchronizing object | SFP_management_symbol_line
Fra:1 Mem:152.91M (Peak 152.91M) | Time:00:00.12 | Mem:0.00M, Peak:0.00M | CISCO_N9K_C9336C_FX2_V001, ViewLayer | Synchronizing object | SFP_management_symbol_node_1.25
Fra:1 Mem:152.92M (Peak 152.92M) | Time:00:00.12 | Mem:0.00M, Peak:0.00M | CISCO_N9K_C9336C_FX2_V001, ViewLayer | Synchronizing object | SFP_management_symbol_node_-1.25
Fra:1 Mem:152.93M (Peak 152.93M) | Time:00:00.12 | Mem:0.00M, Peak:0.00M | CISCO_N9K_C9336C_FX2_V001, ViewLayer | Synchronizing object | SFP_management_symbol_node_0
Fra:1 Mem:152.93M (Peak 152.93M) | Time:00:00.12 | Mem:0.00M, Peak:0.00M | CISCO_N9K_C9336C_FX2_V001, ViewLayer | Synchronizing object | RJ45_management_symbol_line.003
Fra:1 Mem:152.94M (Peak 152.94M) | Time:00:00.12 | Mem:0.00M, Peak:0.00M | CISCO_N9K_C9336C_FX2_V001, ViewLayer | Synchronizing object | RJ45_management_symbol_line.002
Fra:1 Mem:152.94M (Peak 152.94M) | Time:00:00.12 | Mem:0.00M, Peak:0.00M | CISCO_N9K_C9336C_FX2_V001, ViewLayer | Synchronizing object | RJ45_management_symbol_line.001
Fra:1 Mem:152.94M (Peak 152.94M) | Time:00:00.12 | Mem:0.00M, Peak:0.00M | CISCO_N9K_C9336C_FX2_V001, ViewLayer | Synchronizing object | RJ45_management_symbol_line
Fra:1 Mem:152.94M (Peak 152.94M) | Time:00:00.12 | Mem:0.00M, Peak:0.00M | CISCO_N9K_C9336C_FX2_V001, ViewLayer | Synchronizing object | RJ45_management_symbol_node_1.25
Fra:1 Mem:152.95M (Peak 152.95M) | Time:00:00.12 | Mem:0.00M, Peak:0.00M | CISCO_N9K_C9336C_FX2_V001, ViewLayer | Synchronizing object | RJ45_management_symbol_node_-1.25
Fra:1 Mem:152.95M (Peak 152.95M) | Time:00:00.12 | Mem:0.00M, Peak:0.00M | CISCO_N9K_C9336C_FX2_V001, ViewLayer | Synchronizing object | RJ45_management_symbol_node_0
Fra:1 Mem:152.96M (Peak 152.96M) | Time:00:00.12 | Mem:0.00M, Peak:0.00M | CISCO_N9K_C9336C_FX2_V001, ViewLayer | Synchronizing object | Rear_service_retention_screw
Fra:1 Mem:152.98M (Peak 152.98M) | Time:00:00.12 | Mem:0.00M, Peak:0.00M | CISCO_N9K_C9336C_FX2_V001, ViewLayer | Synchronizing object | REAR_STS_legend
Fra:1 Mem:153.00M (Peak 153.00M) | Time:00:00.12 | Mem:0.00M, Peak:0.00M | CISCO_N9K_C9336C_FX2_V001, ViewLayer | Synchronizing object | REAR_STS_unpowered_indicator
Fra:1 Mem:153.00M (Peak 153.00M) | Time:00:00.12 | Mem:0.00M, Peak:0.00M | CISCO_N9K_C9336C_FX2_V001, ViewLayer | Synchronizing object | REAR_BCN_legend
Fra:1 Mem:153.01M (Peak 153.01M) | Time:00:00.12 | Mem:0.00M, Peak:0.00M | CISCO_N9K_C9336C_FX2_V001, ViewLayer | Synchronizing object | REAR_BCN_unpowered_indicator
Fra:1 Mem:153.02M (Peak 153.02M) | Time:00:00.12 | Mem:0.00M, Peak:0.00M | CISCO_N9K_C9336C_FX2_V001, ViewLayer | Synchronizing object | USB_A_contact_3
Fra:1 Mem:153.02M (Peak 153.02M) | Time:00:00.12 | Mem:0.00M, Peak:0.00M | CISCO_N9K_C9336C_FX2_V001, ViewLayer | Synchronizing object | USB_A_contact_2
Fra:1 Mem:153.03M (Peak 153.03M) | Time:00:00.12 | Mem:0.00M, Peak:0.00M | CISCO_N9K_C9336C_FX2_V001, ViewLayer | Synchronizing object | USB_A_contact_1
Fra:1 Mem:153.04M (Peak 153.04M) | Time:00:00.12 | Mem:0.00M, Peak:0.00M | CISCO_N9K_C9336C_FX2_V001, ViewLayer | Synchronizing object | USB_A_contact_0
Fra:1 Mem:153.04M (Peak 153.04M) | Time:00:00.12 | Mem:0.00M, Peak:0.00M | CISCO_N9K_C9336C_FX2_V001, ViewLayer | Synchronizing object | USB_A_black_tongue
Fra:1 Mem:153.05M (Peak 153.05M) | Time:00:00.12 | Mem:0.00M, Peak:0.00M | CISCO_N9K_C9336C_FX2_V001, ViewLayer | Synchronizing object | USB_A_deep_stop
Fra:1 Mem:153.05M (Peak 153.05M) | Time:00:00.12 | Mem:0.00M, Peak:0.00M | CISCO_N9K_C9336C_FX2_V001, ViewLayer | Synchronizing object | USB_A_metal_shell
Fra:1 Mem:153.07M (Peak 153.07M) | Time:00:00.12 | Mem:0.00M, Peak:0.00M | CISCO_N9K_C9336C_FX2_V001, ViewLayer | Synchronizing object | Mgmt_SFP_contact_9
Fra:1 Mem:153.07M (Peak 153.07M) | Time:00:00.12 | Mem:0.00M, Peak:0.00M | CISCO_N9K_C9336C_FX2_V001, ViewLayer | Synchronizing object | Mgmt_SFP_contact_8
Fra:1 Mem:153.07M (Peak 153.07M) | Time:00:00.12 | Mem:0.00M, Peak:0.00M | CISCO_N9K_C9336C_FX2_V001, ViewLayer | Synchronizing object | Mgmt_SFP_contact_7
Fra:1 Mem:153.07M (Peak 153.07M) | Time:00:00.12 | Mem:0.00M, Peak:0.00M | CISCO_N9K_C9336C_FX2_V001, ViewLayer | Synchronizing object | Mgmt_SFP_contact_6
Fra:1 Mem:153.07M (Peak 153.07M) | Time:00:00.12 | Mem:0.00M, Peak:0.00M | CISCO_N9K_C9336C_FX2_V001, ViewLayer | Synchronizing object | Mgmt_SFP_contact_5
Fra:1 Mem:153.07M (Peak 153.07M) | Time:00:00.12 | Mem:0.00M, Peak:0.00M | CISCO_N9K_C9336C_FX2_V001, ViewLayer | Synchronizing object | Mgmt_SFP_contact_4
Fra:1 Mem:153.07M (Peak 153.07M) | Time:00:00.12 | Mem:0.00M, Peak:0.00M | CISCO_N9K_C9336C_FX2_V001, ViewLayer | Synchronizing object | Mgmt_SFP_contact_3
Fra:1 Mem:153.08M (Peak 153.08M) | Time:00:00.12 | Mem:0.00M, Peak:0.00M | CISCO_N9K_C9336C_FX2_V001, ViewLayer | Synchronizing object | Mgmt_SFP_contact_2
Fra:1 Mem:153.08M (Peak 153.08M) | Time:00:00.12 | Mem:0.00M, Peak:0.00M | CISCO_N9K_C9336C_FX2_V001, ViewLayer | Synchronizing object | Mgmt_SFP_contact_1
Fra:1 Mem:153.08M (Peak 153.08M) | Time:00:00.12 | Mem:0.00M, Peak:0.00M | CISCO_N9K_C9336C_FX2_V001, ViewLayer | Synchronizing object | Mgmt_SFP_contact_0
Fra:1 Mem:153.08M (Peak 153.08M) | Time:00:00.12 | Mem:0.00M, Peak:0.00M | CISCO_N9K_C9336C_FX2_V001, ViewLayer | Synchronizing object | Mgmt_SFP_guide_5.8
Fra:1 Mem:153.09M (Peak 153.09M) | Time:00:00.12 | Mem:0.00M, Peak:0.00M | CISCO_N9K_C9336C_FX2_V001, ViewLayer | Synchronizing object | Mgmt_SFP_guide_-5.8
Fra:1 Mem:153.11M (Peak 153.11M) | Time:00:00.12 | Mem:0.00M, Peak:0.00M | CISCO_N9K_C9336C_FX2_V001, ViewLayer | Synchronizing object | Mgmt_SFP_recessed_connector_stop
Fra:1 Mem:153.11M (Peak 153.11M) | Time:00:00.12 | Mem:0.00M, Peak:0.00M | CISCO_N9K_C9336C_FX2_V001, ViewLayer | Synchronizing object | Mgmt_SFP_deep_metal_cage
Fra:1 Mem:153.13M (Peak 153.13M) | Time:00:00.12 | Mem:0.00M, Peak:0.00M | CISCO_N9K_C9336C_FX2_V001, ViewLayer | Synchronizing object | MANAGEMENT_RJ45_unpowered_corner_LED_5.6
Fra:1 Mem:153.14M (Peak 153.14M) | Time:00:00.12 | Mem:0.00M, Peak:0.00M | CISCO_N9K_C9336C_FX2_V001, ViewLayer | Synchronizing object | MANAGEMENT_RJ45_unpowered_corner_LED_-5.6
Fra:1 Mem:153.14M (Peak 153.14M) | Time:00:00.12 | Mem:0.00M, Peak:0.00M | CISCO_N9K_C9336C_FX2_V001, ViewLayer | Synchronizing object | MANAGEMENT_RJ45_contact_7
Fra:1 Mem:153.15M (Peak 153.15M) | Time:00:00.12 | Mem:0.00M, Peak:0.00M | CISCO_N9K_C9336C_FX2_V001, ViewLayer | Synchronizing object | MANAGEMENT_RJ45_contact_6
Fra:1 Mem:153.15M (Peak 153.15M) | Time:00:00.12 | Mem:0.00M, Peak:0.00M | CISCO_N9K_C9336C_FX2_V001, ViewLayer | Synchronizing object | MANAGEMENT_RJ45_contact_5
Fra:1 Mem:153.16M (Peak 153.16M) | Time:00:00.12 | Mem:0.00M, Peak:0.00M | CISCO_N9K_C9336C_FX2_V001, ViewLayer | Synchronizing object | MANAGEMENT_RJ45_contact_4
Fra:1 Mem:153.16M (Peak 153.16M) | Time:00:00.12 | Mem:0.00M, Peak:0.00M | CISCO_N9K_C9336C_FX2_V001, ViewLayer | Synchronizing object | MANAGEMENT_RJ45_contact_3
Fra:1 Mem:153.17M (Peak 153.17M) | Time:00:00.12 | Mem:0.00M, Peak:0.00M | CISCO_N9K_C9336C_FX2_V001, ViewLayer | Synchronizing object | MANAGEMENT_RJ45_contact_2
Fra:1 Mem:153.18M (Peak 153.18M) | Time:00:00.12 | Mem:0.00M, Peak:0.00M | CISCO_N9K_C9336C_FX2_V001, ViewLayer | Synchronizing object | MANAGEMENT_RJ45_contact_1
Fra:1 Mem:153.18M (Peak 153.18M) | Time:00:00.12 | Mem:0.00M, Peak:0.00M | CISCO_N9K_C9336C_FX2_V001, ViewLayer | Synchronizing object | MANAGEMENT_RJ45_contact_0
Fra:1 Mem:153.19M (Peak 153.19M) | Time:00:00.12 | Mem:0.00M, Peak:0.00M | CISCO_N9K_C9336C_FX2_V001, ViewLayer | Synchronizing object | MANAGEMENT_RJ45_deep_connector_stop
Fra:1 Mem:153.19M (Peak 153.19M) | Time:00:00.12 | Mem:0.00M, Peak:0.00M | CISCO_N9K_C9336C_FX2_V001, ViewLayer | Synchronizing object | MANAGEMENT_RJ45_keyed_plastic_body
Fra:1 Mem:153.19M (Peak 153.19M) | Time:00:00.12 | Mem:0.00M, Peak:0.00M | CISCO_N9K_C9336C_FX2_V001, ViewLayer | Synchronizing object | MANAGEMENT_RJ45_metal_shield
Fra:1 Mem:153.21M (Peak 153.21M) | Time:00:00.12 | Mem:0.00M, Peak:0.00M | CISCO_N9K_C9336C_FX2_V001, ViewLayer | Synchronizing object | CONSOLE_RJ45_unpowered_corner_LED_5.6
Fra:1 Mem:153.22M (Peak 153.22M) | Time:00:00.12 | Mem:0.00M, Peak:0.00M | CISCO_N9K_C9336C_FX2_V001, ViewLayer | Synchronizing object | CONSOLE_RJ45_unpowered_corner_LED_-5.6
Fra:1 Mem:153.23M (Peak 153.23M) | Time:00:00.12 | Mem:0.00M, Peak:0.00M | CISCO_N9K_C9336C_FX2_V001, ViewLayer | Synchronizing object | CONSOLE_RJ45_contact_7
Fra:1 Mem:153.23M (Peak 153.23M) | Time:00:00.12 | Mem:0.00M, Peak:0.00M | CISCO_N9K_C9336C_FX2_V001, ViewLayer | Synchronizing object | CONSOLE_RJ45_contact_6
Fra:1 Mem:153.24M (Peak 153.24M) | Time:00:00.12 | Mem:0.00M, Peak:0.00M | CISCO_N9K_C9336C_FX2_V001, ViewLayer | Synchronizing object | CONSOLE_RJ45_contact_5
Fra:1 Mem:153.24M (Peak 153.24M) | Time:00:00.12 | Mem:0.00M, Peak:0.00M | CISCO_N9K_C9336C_FX2_V001, ViewLayer | Synchronizing object | CONSOLE_RJ45_contact_4
Fra:1 Mem:153.25M (Peak 153.25M) | Time:00:00.12 | Mem:0.00M, Peak:0.00M | CISCO_N9K_C9336C_FX2_V001, ViewLayer | Synchronizing object | CONSOLE_RJ45_contact_3
Fra:1 Mem:153.26M (Peak 153.26M) | Time:00:00.12 | Mem:0.00M, Peak:0.00M | CISCO_N9K_C9336C_FX2_V001, ViewLayer | Synchronizing object | CONSOLE_RJ45_contact_2
Fra:1 Mem:153.26M (Peak 153.26M) | Time:00:00.12 | Mem:0.00M, Peak:0.00M | CISCO_N9K_C9336C_FX2_V001, ViewLayer | Synchronizing object | CONSOLE_RJ45_contact_1
Fra:1 Mem:153.27M (Peak 153.27M) | Time:00:00.12 | Mem:0.00M, Peak:0.00M | CISCO_N9K_C9336C_FX2_V001, ViewLayer | Synchronizing object | CONSOLE_RJ45_contact_0
Fra:1 Mem:153.27M (Peak 153.27M) | Time:00:00.12 | Mem:0.00M, Peak:0.00M | CISCO_N9K_C9336C_FX2_V001, ViewLayer | Synchronizing object | CONSOLE_RJ45_deep_connector_stop
Fra:1 Mem:153.27M (Peak 153.27M) | Time:00:00.12 | Mem:0.00M, Peak:0.00M | CISCO_N9K_C9336C_FX2_V001, ViewLayer | Synchronizing object | CONSOLE_RJ45_keyed_plastic_body
Fra:1 Mem:153.28M (Peak 153.28M) | Time:00:00.12 | Mem:0.00M, Peak:0.00M | CISCO_N9K_C9336C_FX2_V001, ViewLayer | Synchronizing object | CONSOLE_RJ45_metal_shield
Fra:1 Mem:153.30M (Peak 153.30M) | Time:00:00.12 | Mem:0.00M, Peak:0.00M | CISCO_N9K_C9336C_FX2_V001, ViewLayer | Synchronizing object | Rear_service_panel_true_apertures
Fra:1 Mem:153.33M (Peak 153.33M) | Time:00:00.12 | Mem:0.00M, Peak:0.00M | CISCO_N9K_C9336C_FX2_V001, ViewLayer | Synchronizing object | Fan1_fine_vertical_thumb_rib_1_6
Fra:1 Mem:153.34M (Peak 153.34M) | Time:00:00.12 | Mem:0.00M, Peak:0.00M | CISCO_N9K_C9336C_FX2_V001, ViewLayer | Synchronizing object | Fan1_fine_vertical_thumb_rib_1_7
Fra:1 Mem:153.34M (Peak 153.34M) | Time:00:00.12 | Mem:0.00M, Peak:0.00M | CISCO_N9K_C9336C_FX2_V001, ViewLayer | Synchronizing object | Fan1_fine_vertical_thumb_rib_1_8
Fra:1 Mem:153.35M (Peak 153.35M) | Time:00:00.12 | Mem:0.00M, Peak:0.00M | CISCO_N9K_C9336C_FX2_V001, ViewLayer | Synchronizing object | Fan1_fine_vertical_thumb_rib_1_9
Fra:1 Mem:153.35M (Peak 153.35M) | Time:00:00.12 | Mem:0.00M, Peak:0.00M | CISCO_N9K_C9336C_FX2_V001, ViewLayer | Synchronizing object | Fan2_fine_vertical_thumb_rib_-1_0
Fra:1 Mem:153.36M (Peak 153.36M) | Time:00:00.12 | Mem:0.00M, Peak:0.00M | CISCO_N9K_C9336C_FX2_V001, ViewLayer | Synchronizing object | PSU2_face_screw_24.5_39.3
Fra:1 Mem:153.38M (Peak 153.38M) | Time:00:00.13 | Mem:0.00M, Peak:0.00M | CISCO_N9K_C9336C_FX2_V001, ViewLayer | Synchronizing object | Fan2_fine_vertical_thumb_rib_-1_1
Fra:1 Mem:153.39M (Peak 153.39M) | Time:00:00.13 | Mem:0.00M, Peak:0.00M | CISCO_N9K_C9336C_FX2_V001, ViewLayer | Synchronizing object | Fan2_fine_vertical_thumb_rib_-1_2
Fra:1 Mem:153.39M (Peak 153.39M) | Time:00:00.13 | Mem:0.00M, Peak:0.00M | CISCO_N9K_C9336C_FX2_V001, ViewLayer | Synchronizing object | PSU2_face_screw_24.5_4.1
Fra:1 Mem:153.56M (Peak 153.56M) | Time:00:00.13 | Mem:0.00M, Peak:0.00M | CISCO_N9K_C9336C_FX2_V001, ViewLayer | Synchronizing object | PSU2_face_screw_-24.5_39.3
Fra:1 Mem:153.58M (Peak 153.58M) | Time:00:00.13 | Mem:0.00M, Peak:0.00M | CISCO_N9K_C9336C_FX2_V001, ViewLayer | Synchronizing object | PSU2_face_screw_-24.5_4.1
Fra:1 Mem:153.60M (Peak 153.60M) | Time:00:00.13 | Mem:0.00M, Peak:0.00M | CISCO_N9K_C9336C_FX2_V001, ViewLayer | Synchronizing object | PSU2_OK_legend
Fra:1 Mem:153.61M (Peak 153.61M) | Time:00:00.13 | Mem:0.00M, Peak:0.00M | CISCO_N9K_C9336C_FX2_V001, ViewLayer | Synchronizing object | PSU2_FAIL_legend
Fra:1 Mem:153.61M (Peak 153.61M) | Time:00:00.13 | Mem:0.00M, Peak:0.00M | CISCO_N9K_C9336C_FX2_V001, ViewLayer | Synchronizing object | PSU2_unpowered_LED_32.6
Fra:1 Mem:153.61M (Peak 153.61M) | Time:00:00.13 | Mem:0.00M, Peak:0.00M | CISCO_N9K_C9336C_FX2_V001, ViewLayer | Synchronizing object | PSU2_unpowered_LED_36.8
Fra:1 Mem:153.62M (Peak 153.62M) | Time:00:00.13 | Mem:0.00M, Peak:0.00M | CISCO_N9K_C9336C_FX2_V001, ViewLayer | Synchronizing object | PSU2_retainer_rib_315.4
Fra:1 Mem:153.62M (Peak 153.62M) | Time:00:00.13 | Mem:0.00M, Peak:0.00M | CISCO_N9K_C9336C_FX2_V001, ViewLayer | Synchronizing object | PSU2_retainer_rib_313.2
Fra:1 Mem:153.63M (Peak 153.63M) | Time:00:00.13 | Mem:0.00M, Peak:0.00M | CISCO_N9K_C9336C_FX2_V001, ViewLayer | Synchronizing object | PSU2_retainer_rib_311
Fra:1 Mem:153.64M (Peak 153.64M) | Time:00:00.13 | Mem:0.00M, Peak:0.00M | CISCO_N9K_C9336C_FX2_V001, ViewLayer | Synchronizing object | PSU2_retainer_rib_308.8
Fra:1 Mem:153.64M (Peak 153.64M) | Time:00:00.13 | Mem:0.00M, Peak:0.00M | CISCO_N9K_C9336C_FX2_V001, ViewLayer | Synchronizing object | PSU2_retainer_rib_306.6
Fra:1 Mem:153.65M (Peak 153.65M) | Time:00:00.13 | Mem:0.00M, Peak:0.00M | CISCO_N9K_C9336C_FX2_V001, ViewLayer | Synchronizing object | PSU2_retainer_rib_304.4
Fra:1 Mem:153.65M (Peak 153.65M) | Time:00:00.13 | Mem:0.00M, Peak:0.00M | CISCO_N9K_C9336C_FX2_V001, ViewLayer | Synchronizing object | PSU2_retainer_rib_302.2
Fra:1 Mem:153.66M (Peak 153.66M) | Time:00:00.13 | Mem:0.00M, Peak:0.00M | CISCO_N9K_C9336C_FX2_V001, ViewLayer | Synchronizing object | PSU2_retainer_rib_300
Fra:1 Mem:153.67M (Peak 153.67M) | Time:00:00.13 | Mem:0.00M, Peak:0.00M | CISCO_N9K_C9336C_FX2_V001, ViewLayer | Synchronizing object | PSU2_stowed_nylon_retention_loop
Fra:1 Mem:153.67M (Peak 153.67M) | Time:00:00.13 | Mem:0.00M, Peak:0.00M | CISCO_N9K_C9336C_FX2_V001, ViewLayer | Synchronizing object | PSU2_cord_retainer_anchor
Fra:1 Mem:153.68M (Peak 153.68M) | Time:00:00.13 | Mem:0.00M, Peak:0.00M | CISCO_N9K_C9336C_FX2_V001, ViewLayer | Synchronizing object | PSU2_BLUE_release_latch
Fra:1 Mem:153.69M (Peak 153.69M) | Time:00:00.13 | Mem:0.00M, Peak:0.00M | CISCO_N9K_C9336C_FX2_V001, ViewLayer | Synchronizing object | PSU2_silver_U_pull_handle
Fra:1 Mem:153.71M (Peak 153.71M) | Time:00:00.13 | Mem:0.00M, Peak:0.00M | CISCO_N9K_C9336C_FX2_V001, ViewLayer | Synchronizing object | PSU2_IEC_pin_2
Fra:1 Mem:153.73M (Peak 153.73M) | Time:00:00.13 | Mem:0.00M, Peak:0.00M | CISCO_N9K_C9336C_FX2_V001, ViewLayer | Synchronizing object | PSU2_IEC_pin_1
Fra:1 Mem:153.74M (Peak 153.74M) | Time:00:00.13 | Mem:0.00M, Peak:0.00M | CISCO_N9K_C9336C_FX2_V001, ViewLayer | Synchronizing object | PSU2_IEC_pin_0
Fra:1 Mem:153.76M (Peak 153.76M) | Time:00:00.13 | Mem:0.00M, Peak:0.00M | CISCO_N9K_C9336C_FX2_V001, ViewLayer | Synchronizing object | PSU2_IEC_recessed_black_floor
Fra:1 Mem:153.76M (Peak 153.76M) | Time:00:00.13 | Mem:0.00M, Peak:0.00M | CISCO_N9K_C9336C_FX2_V001, ViewLayer | Synchronizing object | PSU2_IEC_C14_black_inlet_housing
Fra:1 Mem:153.79M (Peak 153.79M) | Time:00:00.13 | Mem:0.00M, Peak:0.00M | CISCO_N9K_C9336C_FX2_V001, ViewLayer | Synchronizing object | PSU2_true_hex_cooling_vents
Fra:1 Mem:155.23M (Peak 155.23M) | Time:00:00.13 | Mem:0.00M, Peak:0.00M | CISCO_N9K_C9336C_FX2_V001, ViewLayer | Synchronizing object | Fan2_fine_vertical_thumb_rib_-1_3
Fra:1 Mem:155.24M (Peak 155.24M) | Time:00:00.13 | Mem:0.00M, Peak:0.00M | CISCO_N9K_C9336C_FX2_V001, ViewLayer | Synchronizing object | Fan2_fine_vertical_thumb_rib_-1_4
Fra:1 Mem:155.25M (Peak 155.25M) | Time:00:00.13 | Mem:0.00M, Peak:0.00M | CISCO_N9K_C9336C_FX2_V001, ViewLayer | Synchronizing object | Fan2_fine_vertical_thumb_rib_-1_5
Fra:1 Mem:159.77M (Peak 159.77M) | Time:00:00.13 | Mem:0.00M, Peak:0.00M | CISCO_N9K_C9336C_FX2_V001, ViewLayer | Synchronizing object | PSU2_inlet_vent_divider
Fra:1 Mem:159.78M (Peak 159.78M) | Time:00:00.13 | Mem:0.00M, Peak:0.00M | CISCO_N9K_C9336C_FX2_V001, ViewLayer | Synchronizing object | PSU2_front_face_rim
Fra:1 Mem:159.80M (Peak 159.80M) | Time:00:00.13 | Mem:0.00M, Peak:0.00M | CISCO_N9K_C9336C_FX2_V001, ViewLayer | Synchronizing object | PSU2_internal_opaque_baffle
Fra:1 Mem:159.80M (Peak 159.80M) | Time:00:00.13 | Mem:0.00M, Peak:0.00M | CISCO_N9K_C9336C_FX2_V001, ViewLayer | Synchronizing object | PSU2_internal_mating_block
Fra:1 Mem:159.80M (Peak 159.80M) | Time:00:00.13 | Mem:0.00M, Peak:0.00M | CISCO_N9K_C9336C_FX2_V001, ViewLayer | Synchronizing object | PSU2_rear_internal_endcap
Fra:1 Mem:159.82M (Peak 159.82M) | Time:00:00.13 | Mem:0.00M, Peak:0.00M | CISCO_N9K_C9336C_FX2_V001, ViewLayer | Synchronizing object | PSU2_formed_silver_shell
Fra:1 Mem:159.84M (Peak 159.84M) | Time:00:00.13 | Mem:0.00M, Peak:0.00M | CISCO_N9K_C9336C_FX2_V001, ViewLayer | Synchronizing object | PSU1_face_screw_24.5_39.3
Fra:1 Mem:159.86M (Peak 159.86M) | Time:00:00.13 | Mem:0.00M, Peak:0.00M | CISCO_N9K_C9336C_FX2_V001, ViewLayer | Synchronizing object | PSU1_face_screw_24.5_4.1
Fra:1 Mem:159.88M (Peak 159.88M) | Time:00:00.13 | Mem:0.00M, Peak:0.00M | CISCO_N9K_C9336C_FX2_V001, ViewLayer | Synchronizing object | PSU1_face_screw_-24.5_39.3
Fra:1 Mem:159.90M (Peak 159.90M) | Time:00:00.13 | Mem:0.00M, Peak:0.00M | CISCO_N9K_C9336C_FX2_V001, ViewLayer | Synchronizing object | PSU1_face_screw_-24.5_4.1
Fra:1 Mem:159.92M (Peak 159.92M) | Time:00:00.13 | Mem:0.00M, Peak:0.00M | CISCO_N9K_C9336C_FX2_V001, ViewLayer | Synchronizing object | PSU1_OK_legend
Fra:1 Mem:159.92M (Peak 159.92M) | Time:00:00.13 | Mem:0.00M, Peak:0.00M | CISCO_N9K_C9336C_FX2_V001, ViewLayer | Synchronizing object | PSU1_FAIL_legend
Fra:1 Mem:159.93M (Peak 159.93M) | Time:00:00.13 | Mem:0.00M, Peak:0.00M | CISCO_N9K_C9336C_FX2_V001, ViewLayer | Synchronizing object | PSU1_unpowered_LED_32.6
Fra:1 Mem:159.93M (Peak 159.93M) | Time:00:00.13 | Mem:0.00M, Peak:0.00M | CISCO_N9K_C9336C_FX2_V001, ViewLayer | Synchronizing object | PSU1_unpowered_LED_36.8
Fra:1 Mem:159.94M (Peak 159.94M) | Time:00:00.13 | Mem:0.00M, Peak:0.00M | CISCO_N9K_C9336C_FX2_V001, ViewLayer | Synchronizing object | PSU1_retainer_rib_315.4
Fra:1 Mem:159.94M (Peak 159.94M) | Time:00:00.13 | Mem:0.00M, Peak:0.00M | CISCO_N9K_C9336C_FX2_V001, ViewLayer | Synchronizing object | PSU1_retainer_rib_313.2
Fra:1 Mem:159.95M (Peak 159.95M) | Time:00:00.13 | Mem:0.00M, Peak:0.00M | CISCO_N9K_C9336C_FX2_V001, ViewLayer | Synchronizing object | PSU1_retainer_rib_311
Fra:1 Mem:159.95M (Peak 159.95M) | Time:00:00.13 | Mem:0.00M, Peak:0.00M | CISCO_N9K_C9336C_FX2_V001, ViewLayer | Synchronizing object | PSU1_retainer_rib_308.8
Fra:1 Mem:159.96M (Peak 159.96M) | Time:00:00.13 | Mem:0.00M, Peak:0.00M | CISCO_N9K_C9336C_FX2_V001, ViewLayer | Synchronizing object | PSU1_retainer_rib_306.6
Fra:1 Mem:159.96M (Peak 159.96M) | Time:00:00.13 | Mem:0.00M, Peak:0.00M | CISCO_N9K_C9336C_FX2_V001, ViewLayer | Synchronizing object | PSU1_retainer_rib_304.4
Fra:1 Mem:159.97M (Peak 159.97M) | Time:00:00.13 | Mem:0.00M, Peak:0.00M | CISCO_N9K_C9336C_FX2_V001, ViewLayer | Synchronizing object | PSU1_retainer_rib_302.2
Fra:1 Mem:159.98M (Peak 159.98M) | Time:00:00.13 | Mem:0.00M, Peak:0.00M | CISCO_N9K_C9336C_FX2_V001, ViewLayer | Synchronizing object | PSU1_retainer_rib_300
Fra:1 Mem:159.98M (Peak 159.98M) | Time:00:00.13 | Mem:0.00M, Peak:0.00M | CISCO_N9K_C9336C_FX2_V001, ViewLayer | Synchronizing object | PSU1_stowed_nylon_retention_loop
Fra:1 Mem:159.99M (Peak 159.99M) | Time:00:00.13 | Mem:0.00M, Peak:0.00M | CISCO_N9K_C9336C_FX2_V001, ViewLayer | Synchronizing object | PSU1_cord_retainer_anchor
Fra:1 Mem:160.00M (Peak 160.00M) | Time:00:00.13 | Mem:0.00M, Peak:0.00M | CISCO_N9K_C9336C_FX2_V001, ViewLayer | Synchronizing object | PSU1_BLUE_release_latch
Fra:1 Mem:160.00M (Peak 160.00M) | Time:00:00.13 | Mem:0.00M, Peak:0.00M | CISCO_N9K_C9336C_FX2_V001, ViewLayer | Synchronizing object | PSU1_silver_U_pull_handle
Fra:1 Mem:160.03M (Peak 160.03M) | Time:00:00.14 | Mem:0.00M, Peak:0.00M | CISCO_N9K_C9336C_FX2_V001, ViewLayer | Synchronizing object | PSU1_IEC_pin_2
Fra:1 Mem:160.04M (Peak 160.04M) | Time:00:00.14 | Mem:0.00M, Peak:0.00M | CISCO_N9K_C9336C_FX2_V001, ViewLayer | Synchronizing object | PSU1_IEC_pin_1
Fra:1 Mem:160.06M (Peak 160.06M) | Time:00:00.14 | Mem:0.00M, Peak:0.00M | CISCO_N9K_C9336C_FX2_V001, ViewLayer | Synchronizing object | PSU1_IEC_pin_0
Fra:1 Mem:160.07M (Peak 160.07M) | Time:00:00.14 | Mem:0.00M, Peak:0.00M | CISCO_N9K_C9336C_FX2_V001, ViewLayer | Synchronizing object | PSU1_IEC_recessed_black_floor
Fra:1 Mem:160.07M (Peak 160.07M) | Time:00:00.14 | Mem:0.00M, Peak:0.00M | CISCO_N9K_C9336C_FX2_V001, ViewLayer | Synchronizing object | PSU1_IEC_C14_black_inlet_housing
Fra:1 Mem:160.11M (Peak 160.11M) | Time:00:00.14 | Mem:0.00M, Peak:0.00M | CISCO_N9K_C9336C_FX2_V001, ViewLayer | Synchronizing object | PSU1_true_hex_cooling_vents
Fra:1 Mem:160.65M (Peak 160.65M) | Time:00:00.14 | Mem:0.00M, Peak:0.00M | CISCO_N9K_C9336C_FX2_V001, ViewLayer | Synchronizing object | Fan2_fine_vertical_thumb_rib_-1_6
Fra:1 Mem:160.65M (Peak 160.65M) | Time:00:00.14 | Mem:0.00M, Peak:0.00M | CISCO_N9K_C9336C_FX2_V001, ViewLayer | Synchronizing object | Fan2_fine_vertical_thumb_rib_-1_7
Fra:1 Mem:160.66M (Peak 160.66M) | Time:00:00.14 | Mem:0.00M, Peak:0.00M | CISCO_N9K_C9336C_FX2_V001, ViewLayer | Synchronizing object | Fan2_fine_vertical_thumb_rib_-1_8
Fra:1 Mem:160.66M (Peak 160.66M) | Time:00:00.14 | Mem:0.00M, Peak:0.00M | CISCO_N9K_C9336C_FX2_V001, ViewLayer | Synchronizing object | Fan2_fine_vertical_thumb_rib_-1_9
Fra:1 Mem:160.67M (Peak 160.67M) | Time:00:00.14 | Mem:0.00M, Peak:0.00M | CISCO_N9K_C9336C_FX2_V001, ViewLayer | Synchronizing object | Fan2_fine_vertical_thumb_rib_1_0
Fra:1 Mem:160.68M (Peak 160.68M) | Time:00:00.14 | Mem:0.00M, Peak:0.00M | CISCO_N9K_C9336C_FX2_V001, ViewLayer | Synchronizing object | Fan2_fine_vertical_thumb_rib_1_1
Fra:1 Mem:160.68M (Peak 160.68M) | Time:00:00.14 | Mem:0.00M, Peak:0.00M | CISCO_N9K_C9336C_FX2_V001, ViewLayer | Synchronizing object | PSU1_inlet_vent_divider
Fra:1 Mem:160.68M (Peak 160.68M) | Time:00:00.14 | Mem:0.00M, Peak:0.00M | CISCO_N9K_C9336C_FX2_V001, ViewLayer | Synchronizing object | PSU1_front_face_rim
Fra:1 Mem:160.70M (Peak 160.70M) | Time:00:00.14 | Mem:0.00M, Peak:0.00M | CISCO_N9K_C9336C_FX2_V001, ViewLayer | Synchronizing object | PSU1_internal_opaque_baffle
Fra:1 Mem:160.71M (Peak 160.71M) | Time:00:00.14 | Mem:0.00M, Peak:0.00M | CISCO_N9K_C9336C_FX2_V001, ViewLayer | Synchronizing object | PSU1_internal_mating_block
Fra:1 Mem:160.71M (Peak 160.71M) | Time:00:00.14 | Mem:0.00M, Peak:0.00M | CISCO_N9K_C9336C_FX2_V001, ViewLayer | Synchronizing object | PSU1_rear_internal_endcap
Fra:1 Mem:160.73M (Peak 160.73M) | Time:00:00.14 | Mem:0.00M, Peak:0.00M | CISCO_N9K_C9336C_FX2_V001, ViewLayer | Synchronizing object | PSU1_formed_silver_shell
Fra:1 Mem:160.75M (Peak 160.75M) | Time:00:00.14 | Mem:0.00M, Peak:0.00M | CISCO_N9K_C9336C_FX2_V001, ViewLayer | Synchronizing object | Fan3_fine_vertical_thumb_rib_1_9
Fra:1 Mem:160.75M (Peak 160.75M) | Time:00:00.14 | Mem:0.00M, Peak:0.00M | CISCO_N9K_C9336C_FX2_V001, ViewLayer | Synchronizing object | Fan3_fine_vertical_thumb_rib_1_8
Fra:1 Mem:160.76M (Peak 160.76M) | Time:00:00.14 | Mem:0.00M, Peak:0.00M | CISCO_N9K_C9336C_FX2_V001, ViewLayer | Synchronizing object | Fan3_fine_vertical_thumb_rib_1_7
Fra:1 Mem:160.77M (Peak 160.77M) | Time:00:00.14 | Mem:0.00M, Peak:0.00M | CISCO_N9K_C9336C_FX2_V001, ViewLayer | Synchronizing object | Fan3_fine_vertical_thumb_rib_1_6
Fra:1 Mem:160.77M (Peak 160.77M) | Time:00:00.14 | Mem:0.00M, Peak:0.00M | CISCO_N9K_C9336C_FX2_V001, ViewLayer | Synchronizing object | Fan3_fine_vertical_thumb_rib_1_5
Fra:1 Mem:160.78M (Peak 160.78M) | Time:00:00.14 | Mem:0.00M, Peak:0.00M | CISCO_N9K_C9336C_FX2_V001, ViewLayer | Synchronizing object | Fan3_fine_vertical_thumb_rib_1_4
Fra:1 Mem:160.78M (Peak 160.78M) | Time:00:00.14 | Mem:0.00M, Peak:0.00M | CISCO_N9K_C9336C_FX2_V001, ViewLayer | Synchronizing object | Fan3_fine_vertical_thumb_rib_1_3
Fra:1 Mem:160.79M (Peak 160.79M) | Time:00:00.14 | Mem:0.00M, Peak:0.00M | CISCO_N9K_C9336C_FX2_V001, ViewLayer | Synchronizing object | Fan3_fine_vertical_thumb_rib_1_2
Fra:1 Mem:160.80M (Peak 160.80M) | Time:00:00.14 | Mem:0.00M, Peak:0.00M | CISCO_N9K_C9336C_FX2_V001, ViewLayer | Synchronizing object | Fan3_fine_vertical_thumb_rib_1_1
Fra:1 Mem:160.80M (Peak 160.80M) | Time:00:00.14 | Mem:0.00M, Peak:0.00M | CISCO_N9K_C9336C_FX2_V001, ViewLayer | Synchronizing object | Fan3_fine_vertical_thumb_rib_1_0
Fra:1 Mem:160.81M (Peak 160.81M) | Time:00:00.14 | Mem:0.00M, Peak:0.00M | CISCO_N9K_C9336C_FX2_V001, ViewLayer | Synchronizing object | Fan3_fine_vertical_thumb_rib_-1_9
Fra:1 Mem:160.81M (Peak 160.81M) | Time:00:00.14 | Mem:0.00M, Peak:0.00M | CISCO_N9K_C9336C_FX2_V001, ViewLayer | Synchronizing object | Fan3_fine_vertical_thumb_rib_-1_8
Fra:1 Mem:160.82M (Peak 160.82M) | Time:00:00.14 | Mem:0.00M, Peak:0.00M | CISCO_N9K_C9336C_FX2_V001, ViewLayer | Synchronizing object | Fan3_fine_vertical_thumb_rib_-1_7
Fra:1 Mem:160.83M (Peak 160.83M) | Time:00:00.14 | Mem:0.00M, Peak:0.00M | CISCO_N9K_C9336C_FX2_V001, ViewLayer | Synchronizing object | Fan3_fine_vertical_thumb_rib_-1_6
Fra:1 Mem:160.83M (Peak 160.83M) | Time:00:00.14 | Mem:0.00M, Peak:0.00M | CISCO_N9K_C9336C_FX2_V001, ViewLayer | Synchronizing object | Fan3_fine_vertical_thumb_rib_-1_5
Fra:1 Mem:160.84M (Peak 160.84M) | Time:00:00.14 | Mem:0.00M, Peak:0.00M | CISCO_N9K_C9336C_FX2_V001, ViewLayer | Synchronizing object | Fan3_fine_vertical_thumb_rib_-1_4
Fra:1 Mem:160.84M (Peak 160.84M) | Time:00:00.14 | Mem:0.00M, Peak:0.00M | CISCO_N9K_C9336C_FX2_V001, ViewLayer | Synchronizing object | Fan3_fine_vertical_thumb_rib_-1_3
Fra:1 Mem:160.85M (Peak 160.85M) | Time:00:00.14 | Mem:0.00M, Peak:0.00M | CISCO_N9K_C9336C_FX2_V001, ViewLayer | Synchronizing object | Fan3_fine_vertical_thumb_rib_-1_2
Fra:1 Mem:160.86M (Peak 160.86M) | Time:00:00.14 | Mem:0.00M, Peak:0.00M | CISCO_N9K_C9336C_FX2_V001, ViewLayer | Synchronizing object | Fan3_fine_vertical_thumb_rib_-1_1
Fra:1 Mem:160.96M (Peak 160.96M) | Time:00:00.14 | Mem:0.00M, Peak:0.00M | CISCO_N9K_C9336C_FX2_V001, ViewLayer | Synchronizing object | Fan3_fine_vertical_thumb_rib_-1_0
Fra:1 Mem:160.96M (Peak 160.96M) | Time:00:00.14 | Mem:0.00M, Peak:0.00M | CISCO_N9K_C9336C_FX2_V001, ViewLayer | Synchronizing object | Fan2_fine_vertical_thumb_rib_1_9
Fra:1 Mem:160.97M (Peak 160.97M) | Time:00:00.14 | Mem:0.00M, Peak:0.00M | CISCO_N9K_C9336C_FX2_V001, ViewLayer | Synchronizing object | Fan2_fine_vertical_thumb_rib_1_8
Fra:1 Mem:161.18M (Peak 161.18M) | Time:00:00.14 | Mem:0.00M, Peak:0.00M | CISCO_N9K_C9336C_FX2_V001, ViewLayer | Synchronizing object | Fan2_fine_vertical_thumb_rib_1_7
Fra:1 Mem:161.19M (Peak 161.19M) | Time:00:00.14 | Mem:0.00M, Peak:0.00M | CISCO_N9K_C9336C_FX2_V001, ViewLayer | Synchronizing object | Fan2_fine_vertical_thumb_rib_1_6
Fra:1 Mem:161.19M (Peak 161.19M) | Time:00:00.14 | Mem:0.00M, Peak:0.00M | CISCO_N9K_C9336C_FX2_V001, ViewLayer | Synchronizing object | Fan2_fine_vertical_thumb_rib_1_5
Fra:1 Mem:161.20M (Peak 161.20M) | Time:00:00.14 | Mem:0.00M, Peak:0.00M | CISCO_N9K_C9336C_FX2_V001, ViewLayer | Synchronizing object | Fan2_fine_vertical_thumb_rib_1_4
Fra:1 Mem:161.51M (Peak 161.51M) | Time:00:00.14 | Mem:0.00M, Peak:0.00M | CISCO_N9K_C9336C_FX2_V001, ViewLayer | Synchronizing object | Fan2_fine_vertical_thumb_rib_1_3
Fra:1 Mem:161.51M (Peak 161.51M) | Time:00:00.14 | Mem:0.00M, Peak:0.00M | CISCO_N9K_C9336C_FX2_V001, ViewLayer | Synchronizing object | Fan2_fine_vertical_thumb_rib_1_2
Fra:1 Mem:172.22M (Peak 181.26M) | Time:00:00.34 | Mem:0.00M, Peak:0.00M | CISCO_N9K_C9336C_FX2_V001, ViewLayer | Initializing
Fra:1 Mem:167.76M (Peak 181.26M) | Time:00:00.35 | Mem:0.00M, Peak:0.00M | CISCO_N9K_C9336C_FX2_V001, ViewLayer | Updating Images | Loading NWR_original_chassis_label_baked
Fra:1 Mem:167.76M (Peak 181.26M) | Time:00:00.35 | Mem:0.00M, Peak:0.00M | CISCO_N9K_C9336C_FX2_V001, ViewLayer | Updating Images | Loading chassis-satin-nickel-roughness
Fra:1 Mem:167.76M (Peak 181.26M) | Time:00:00.35 | Mem:0.00M, Peak:0.00M | CISCO_N9K_C9336C_FX2_V001, ViewLayer | Updating Images | Loading dark-grille-metal-roughness
Fra:1 Mem:154.79M (Peak 184.32M) | Time:00:00.38 | Mem:7.50M, Peak:7.50M | CISCO_N9K_C9336C_FX2_V001, ViewLayer | Waiting for render to start
Fra:1 Mem:154.79M (Peak 184.32M) | Time:00:00.38 | Mem:7.50M, Peak:7.50M | CISCO_N9K_C9336C_FX2_V001, ViewLayer | Loading render kernels (may take a few minutes the first time)
Fra:1 Mem:154.79M (Peak 184.32M) | Time:00:00.38 | Mem:7.50M, Peak:7.50M | CISCO_N9K_C9336C_FX2_V001, ViewLayer | Updating Scene
Fra:1 Mem:154.79M (Peak 184.32M) | Time:00:00.38 | Mem:7.50M, Peak:7.50M | CISCO_N9K_C9336C_FX2_V001, ViewLayer | Updating Shaders
Fra:1 Mem:154.88M (Peak 184.32M) | Time:00:00.39 | Mem:7.51M, Peak:7.51M | CISCO_N9K_C9336C_FX2_V001, ViewLayer | Updating Procedurals
Fra:1 Mem:154.88M (Peak 184.32M) | Time:00:00.39 | Mem:7.51M, Peak:7.51M | CISCO_N9K_C9336C_FX2_V001, ViewLayer | Updating Background
Fra:1 Mem:154.88M (Peak 184.32M) | Time:00:00.39 | Mem:7.51M, Peak:7.51M | CISCO_N9K_C9336C_FX2_V001, ViewLayer | Updating Camera
Fra:1 Mem:154.88M (Peak 184.32M) | Time:00:00.39 | Mem:7.51M, Peak:7.51M | CISCO_N9K_C9336C_FX2_V001, ViewLayer | Updating Meshes Flags
Fra:1 Mem:154.88M (Peak 184.32M) | Time:00:00.39 | Mem:7.51M, Peak:7.51M | CISCO_N9K_C9336C_FX2_V001, ViewLayer | Updating Objects
Fra:1 Mem:154.88M (Peak 184.32M) | Time:00:00.39 | Mem:7.51M, Peak:7.51M | CISCO_N9K_C9336C_FX2_V001, ViewLayer | Updating Objects | Copying Transformations to device
Fra:1 Mem:155.11M (Peak 184.32M) | Time:00:00.39 | Mem:7.73M, Peak:7.73M | CISCO_N9K_C9336C_FX2_V001, ViewLayer | Updating Objects | Applying Static Transformations
Fra:1 Mem:155.11M (Peak 184.32M) | Time:00:00.39 | Mem:7.73M, Peak:7.73M | CISCO_N9K_C9336C_FX2_V001, ViewLayer | Updating Particle Systems
Fra:1 Mem:155.11M (Peak 184.32M) | Time:00:00.39 | Mem:7.73M, Peak:7.73M | CISCO_N9K_C9336C_FX2_V001, ViewLayer | Updating Particle Systems | Copying Particles to device
Fra:1 Mem:155.11M (Peak 184.32M) | Time:00:00.39 | Mem:7.73M, Peak:7.73M | CISCO_N9K_C9336C_FX2_V001, ViewLayer | Updating Meshes
Fra:1 Mem:160.95M (Peak 184.32M) | Time:00:00.41 | Mem:7.73M, Peak:7.73M | CISCO_N9K_C9336C_FX2_V001, ViewLayer | Updating Mesh | Computing attributes
Fra:1 Mem:187.14M (Peak 187.14M) | Time:00:00.45 | Mem:7.77M, Peak:7.77M | CISCO_N9K_C9336C_FX2_V001, ViewLayer | Updating Mesh | Copying Attributes to device
Fra:1 Mem:187.01M (Peak 187.14M) | Time:00:00.45 | Mem:33.79M, Peak:33.79M | CISCO_N9K_C9336C_FX2_V001, ViewLayer | Updating Geometry BVH Lid_flush_Phillips_00 1/30 | Building BVH
Fra:1 Mem:187.01M (Peak 187.14M) | Time:00:00.45 | Mem:33.79M, Peak:33.79M | CISCO_N9K_C9336C_FX2_V001, ViewLayer | Updating Geometry BVH Pair01_stainless_shell_29mm_deep 2/30 | Building BVH
Fra:1 Mem:187.01M (Peak 187.14M) | Time:00:00.45 | Mem:33.79M, Peak:33.79M | CISCO_N9K_C9336C_FX2_V001, ViewLayer | Updating Geometry BVH Pair01_front_separator_true_perforations 3/30 | Building BVH
Fra:1 Mem:187.01M (Peak 187.14M) | Time:00:00.45 | Mem:33.79M, Peak:33.79M | CISCO_N9K_C9336C_FX2_V001, ViewLayer | Updating Geometry BVH Pair01_internal_cooling_shelf 4/30 | Building BVH
Fra:1 Mem:187.01M (Peak 187.14M) | Time:00:00.45 | Mem:33.87M, Peak:33.87M | CISCO_N9K_C9336C_FX2_V001, ViewLayer | Updating Geometry BVH Pair01_internal_cooling_shelf 4/30 | Building BVH 0%
Fra:1 Mem:187.01M (Peak 187.14M) | Time:00:00.45 | Mem:33.87M, Peak:33.87M | CISCO_N9K_C9336C_FX2_V001, ViewLayer | Updating Geometry BVH Port01_connector_contact_surround 6/30 | Building BVH
Fra:1 Mem:187.01M (Peak 187.14M) | Time:00:00.45 | Mem:33.88M, Peak:33.88M | CISCO_N9K_C9336C_FX2_V001, ViewLayer | Updating Geometry BVH Port02_subtle_recessed_contact_row 30/30 | Building BVH
Fra:1 Mem:187.01M (Peak 187.14M) | Time:00:00.45 | Mem:33.89M, Peak:33.89M | CISCO_N9K_C9336C_FX2_V001, ViewLayer | Updating Geometry BVH Port01_guide_-1_-4.25 7/30 | Building BVH
Fra:1 Mem:187.01M (Peak 187.14M) | Time:00:00.45 | Mem:33.89M, Peak:33.89M | CISCO_N9K_C9336C_FX2_V001, ViewLayer | Updating Geometry BVH Port01_guide_-1_4.25 8/30 | Building BVH
Fra:1 Mem:187.01M (Peak 187.14M) | Time:00:00.45 | Mem:33.91M, Peak:33.91M | CISCO_N9K_C9336C_FX2_V001, ViewLayer | Updating Geometry BVH Port01_spring_-1_-2.8 9/30 | Building BVH
Fra:1 Mem:187.01M (Peak 187.14M) | Time:00:00.45 | Mem:33.93M, Peak:33.94M | CISCO_N9K_C9336C_FX2_V001, ViewLayer | Updating Geometry BVH Port01_spring_-1_0 10/30 | Building BVH
Fra:1 Mem:187.01M (Peak 187.14M) | Time:00:00.45 | Mem:33.94M, Peak:33.94M | CISCO_N9K_C9336C_FX2_V001, ViewLayer | Updating Geometry BVH Port01_spring_-1_2.8 11/30 | Building BVH
Fra:1 Mem:187.01M (Peak 187.14M) | Time:00:00.45 | Mem:33.95M, Peak:33.95M | CISCO_N9K_C9336C_FX2_V001, ViewLayer | Updating Geometry BVH Port01_guide_1_-4.25 12/30 | Building BVH
Fra:1 Mem:187.01M (Peak 187.14M) | Time:00:00.45 | Mem:33.99M, Peak:33.99M | CISCO_N9K_C9336C_FX2_V001, ViewLayer | Updating Geometry BVH Port01_guide_1_4.25 13/30 | Building BVH
Fra:1 Mem:187.01M (Peak 187.14M) | Time:00:00.45 | Mem:34.01M, Peak:34.01M | CISCO_N9K_C9336C_FX2_V001, ViewLayer | Updating Geometry BVH Port02_spring_1_2.8 29/30 | Building BVH
Fra:1 Mem:187.01M (Peak 187.14M) | Time:00:00.45 | Mem:34.01M, Peak:34.01M | CISCO_N9K_C9336C_FX2_V001, ViewLayer | Updating Geometry BVH Port01_spring_1_-2.8 14/30 | Building BVH
Fra:1 Mem:187.01M (Peak 187.14M) | Time:00:00.45 | Mem:34.02M, Peak:34.02M | CISCO_N9K_C9336C_FX2_V001, ViewLayer | Updating Geometry BVH Port01_spring_1_2.8 16/30 | Building BVH
Fra:1 Mem:187.01M (Peak 187.14M) | Time:00:00.45 | Mem:34.03M, Peak:34.03M | CISCO_N9K_C9336C_FX2_V001, ViewLayer | Updating Geometry BVH Port01_subtle_recessed_contact_row 17/30 | Building BVH
Fra:1 Mem:187.01M (Peak 187.14M) | Time:00:00.45 | Mem:34.08M, Peak:34.08M | CISCO_N9K_C9336C_FX2_V001, ViewLayer | Updating Geometry BVH Port02_recessed_connector_stop 18/30 | Building BVH
Fra:1 Mem:187.01M (Peak 187.14M) | Time:00:00.45 | Mem:34.13M, Peak:34.13M | CISCO_N9K_C9336C_FX2_V001, ViewLayer | Updating Geometry BVH Port02_connector_contact_surround 19/30 | Building BVH
Fra:1 Mem:187.01M (Peak 187.14M) | Time:00:00.45 | Mem:34.12M, Peak:34.13M | CISCO_N9K_C9336C_FX2_V001, ViewLayer | Updating Geometry BVH Port02_guide_-1_-4.25 20/30 | Building BVH
Fra:1 Mem:187.01M (Peak 187.14M) | Time:00:00.45 | Mem:34.13M, Peak:34.14M | CISCO_N9K_C9336C_FX2_V001, ViewLayer | Updating Geometry BVH Port02_guide_-1_4.25 21/30 | Building BVH
Fra:1 Mem:187.01M (Peak 187.14M) | Time:00:00.45 | Mem:34.13M, Peak:34.14M | CISCO_N9K_C9336C_FX2_V001, ViewLayer | Updating Geometry BVH Port02_spring_-1_-2.8 22/30 | Building BVH
Fra:1 Mem:187.01M (Peak 187.14M) | Time:00:00.45 | Mem:34.16M, Peak:34.16M | CISCO_N9K_C9336C_FX2_V001, ViewLayer | Updating Geometry BVH Port02_spring_-1_0 23/30 | Building BVH
Fra:1 Mem:187.01M (Peak 187.14M) | Time:00:00.45 | Mem:34.18M, Peak:34.19M | CISCO_N9K_C9336C_FX2_V001, ViewLayer | Updating Geometry BVH Port02_spring_-1_2.8 24/30 | Building BVH
Fra:1 Mem:187.01M (Peak 187.14M) | Time:00:00.45 | Mem:34.18M, Peak:34.19M | CISCO_N9K_C9336C_FX2_V001, ViewLayer | Updating Geometry BVH Port02_guide_1_-4.25 25/30 | Building BVH
Fra:1 Mem:187.01M (Peak 187.14M) | Time:00:00.45 | Mem:34.21M, Peak:34.21M | CISCO_N9K_C9336C_FX2_V001, ViewLayer | Updating Geometry BVH Port02_guide_1_4.25 26/30 | Building BVH
Fra:1 Mem:187.01M (Peak 187.14M) | Time:00:00.45 | Mem:34.24M, Peak:34.24M | CISCO_N9K_C9336C_FX2_V001, ViewLayer | Updating Geometry BVH Port02_spring_1_-2.8 27/30 | Building BVH
Fra:1 Mem:187.01M (Peak 187.14M) | Time:00:00.45 | Mem:34.27M, Peak:34.34M | CISCO_N9K_C9336C_FX2_V001, ViewLayer | Updating Scene BVH | Building
Fra:1 Mem:187.02M (Peak 187.14M) | Time:00:00.45 | Mem:34.27M, Peak:34.34M | CISCO_N9K_C9336C_FX2_V001, ViewLayer | Updating Scene BVH | Building BVH
Fra:1 Mem:187.02M (Peak 187.14M) | Time:00:00.49 | Mem:58.47M, Peak:69.98M | CISCO_N9K_C9336C_FX2_V001, ViewLayer | Updating Scene BVH | Copying BVH to device
Fra:1 Mem:187.02M (Peak 187.14M) | Time:00:00.49 | Mem:58.47M, Peak:69.98M | CISCO_N9K_C9336C_FX2_V001, ViewLayer | Updating Mesh | Computing normals
Fra:1 Mem:200.12M (Peak 200.12M) | Time:00:00.50 | Mem:58.47M, Peak:69.98M | CISCO_N9K_C9336C_FX2_V001, ViewLayer | Updating Mesh | Copying Mesh to device
Fra:1 Mem:200.12M (Peak 200.12M) | Time:00:00.50 | Mem:71.57M, Peak:71.57M | CISCO_N9K_C9336C_FX2_V001, ViewLayer | Updating Objects Flags
Fra:1 Mem:200.12M (Peak 200.12M) | Time:00:00.50 | Mem:71.58M, Peak:71.58M | CISCO_N9K_C9336C_FX2_V001, ViewLayer | Updating Primitive Offsets
Fra:1 Mem:200.13M (Peak 200.13M) | Time:00:00.50 | Mem:71.58M, Peak:71.58M | CISCO_N9K_C9336C_FX2_V001, ViewLayer | Updating Images
Fra:1 Mem:200.13M (Peak 200.13M) | Time:00:00.50 | Mem:71.58M, Peak:71.58M | CISCO_N9K_C9336C_FX2_V001, ViewLayer | Updating Camera Volume
Fra:1 Mem:200.13M (Peak 200.13M) | Time:00:00.50 | Mem:71.58M, Peak:71.58M | CISCO_N9K_C9336C_FX2_V001, ViewLayer | Updating Lookup Tables
Fra:1 Mem:200.13M (Peak 200.13M) | Time:00:00.50 | Mem:71.66M, Peak:71.66M | CISCO_N9K_C9336C_FX2_V001, ViewLayer | Updating Lights
Fra:1 Mem:200.13M (Peak 200.13M) | Time:00:00.50 | Mem:71.66M, Peak:71.66M | CISCO_N9K_C9336C_FX2_V001, ViewLayer | Updating Lights | Computing distribution
Fra:1 Mem:200.13M (Peak 200.13M) | Time:00:00.50 | Mem:71.66M, Peak:71.66M | CISCO_N9K_C9336C_FX2_V001, ViewLayer | Updating Lights | Computing tree
Fra:1 Mem:200.13M (Peak 200.13M) | Time:00:00.50 | Mem:71.67M, Peak:71.67M | CISCO_N9K_C9336C_FX2_V001, ViewLayer | Updating Integrator
Fra:1 Mem:201.13M (Peak 201.14M) | Time:00:00.50 | Mem:72.67M, Peak:72.67M | CISCO_N9K_C9336C_FX2_V001, ViewLayer | Updating Film
Fra:1 Mem:201.14M (Peak 201.14M) | Time:00:00.50 | Mem:72.59M, Peak:72.67M | CISCO_N9K_C9336C_FX2_V001, ViewLayer | Updating Lookup Tables
Fra:1 Mem:201.14M (Peak 201.14M) | Time:00:00.50 | Mem:72.67M, Peak:72.67M | CISCO_N9K_C9336C_FX2_V001, ViewLayer | Updating Baking
Fra:1 Mem:201.14M (Peak 201.14M) | Time:00:00.50 | Mem:72.67M, Peak:72.67M | CISCO_N9K_C9336C_FX2_V001, ViewLayer | Updating Device | Writing constant memory
Fra:1 Mem:201.15M (Peak 201.15M) | Time:00:00.50 | Mem:72.67M, Peak:72.67M | CISCO_N9K_C9336C_FX2_V001, ViewLayer | Sample 0/128
Fra:1 Mem:243.13M (Peak 243.13M) | Time:00:01.05 | Remaining:01:10.21 | Mem:114.64M, Peak:114.64M | CISCO_N9K_C9336C_FX2_V001, ViewLayer | Sample 1/128
Fra:1 Mem:243.13M (Peak 243.13M) | Time:00:22.56 | Remaining:00:22.06 | Mem:114.64M, Peak:114.64M | CISCO_N9K_C9336C_FX2_V001, ViewLayer | Sample 64/128
Fra:1 Mem:243.13M (Peak 243.13M) | Time:00:23.13 | Remaining:00:13.58 | Mem:114.64M, Peak:114.64M | CISCO_N9K_C9336C_FX2_V001, ViewLayer | Sample 80/128
Fra:1 Mem:243.13M (Peak 243.13M) | Time:00:23.52 | Remaining:00:07.67 | Mem:114.64M, Peak:114.64M | CISCO_N9K_C9336C_FX2_V001, ViewLayer | Sample 96/128
Fra:1 Mem:243.13M (Peak 243.13M) | Time:00:23.81 | Remaining:00:03.32 | Mem:114.64M, Peak:114.64M | CISCO_N9K_C9336C_FX2_V001, ViewLayer | Sample 112/128
Fra:1 Mem:261.78M (Peak 299.08M) | Time:00:24.07 | Mem:114.64M, Peak:114.64M | CISCO_N9K_C9336C_FX2_V001, ViewLayer | Sample 128/128
Fra:1 Mem:261.78M (Peak 299.08M) | Time:00:24.07 | Mem:114.64M, Peak:114.64M | CISCO_N9K_C9336C_FX2_V001, ViewLayer | Finished
Fra:1 Mem:123.18M (Peak 299.08M) | Time:00:24.09 | Compositing
Fra:1 Mem:123.18M (Peak 299.08M) | Time:00:24.09 | Compositing | Determining resolution
Fra:1 Mem:123.18M (Peak 299.08M) | Time:00:24.09 | Compositing | Initializing execution
Fra:1 Mem:141.89M (Peak 299.08M) | Time:00:24.10 | Compositing | Tile 1-22
Fra:1 Mem:141.89M (Peak 299.08M) | Time:00:24.10 | Compositing | Tile 2-22
Fra:1 Mem:141.89M (Peak 299.08M) | Time:00:24.10 | Compositing | Tile 3-22
Fra:1 Mem:141.89M (Peak 299.08M) | Time:00:24.10 | Compositing | Tile 4-22
Fra:1 Mem:141.89M (Peak 299.08M) | Time:00:24.10 | Compositing | Tile 5-22
Fra:1 Mem:141.89M (Peak 299.08M) | Time:00:24.10 | Compositing | Tile 6-22
Fra:1 Mem:141.89M (Peak 299.08M) | Time:00:24.10 | Compositing | Tile 7-22
Fra:1 Mem:141.89M (Peak 299.08M) | Time:00:24.10 | Compositing | Tile 8-22
Fra:1 Mem:141.89M (Peak 299.08M) | Time:00:24.10 | Compositing | Tile 9-22
Fra:1 Mem:141.89M (Peak 299.08M) | Time:00:24.10 | Compositing | Tile 10-22
Fra:1 Mem:141.89M (Peak 299.08M) | Time:00:24.10 | Compositing | Tile 11-22
Fra:1 Mem:141.89M (Peak 299.08M) | Time:00:24.10 | Compositing | Tile 12-22
Fra:1 Mem:141.89M (Peak 299.08M) | Time:00:24.10 | Compositing | Tile 13-22
Fra:1 Mem:141.89M (Peak 299.08M) | Time:00:24.10 | Compositing | Tile 14-22
Fra:1 Mem:141.89M (Peak 299.08M) | Time:00:24.10 | Compositing | Tile 15-22
Fra:1 Mem:141.89M (Peak 299.08M) | Time:00:24.10 | Compositing | Tile 16-22
Fra:1 Mem:141.89M (Peak 299.08M) | Time:00:24.10 | Compositing | Tile 17-22
Fra:1 Mem:141.89M (Peak 299.08M) | Time:00:24.10 | Compositing | Tile 18-22
Fra:1 Mem:141.89M (Peak 299.08M) | Time:00:24.10 | Compositing | Tile 19-22
Fra:1 Mem:141.89M (Peak 299.08M) | Time:00:24.10 | Compositing | Tile 20-22
Fra:1 Mem:141.89M (Peak 299.08M) | Time:00:24.10 | Compositing | Tile 21-22
Fra:1 Mem:141.89M (Peak 299.08M) | Time:00:24.11 | Compositing | Tile 22-22
Fra:1 Mem:141.83M (Peak 299.08M) | Time:00:24.11 | Compositing | De-initializing execution
Saved: '/root/Project/rack-device-3d/Cisco-N9KC9336C-FX2/v001/previews/rear.png'
Time: 00:24.58 (Saving: 00:00.47)

BlenderMCP: cannot start server in background mode (blender -b) - commands would never execute
BlenderMCP: run Blender with a GUI, or use a virtual display: xvfb-run -a blender
BlenderMCP addon registered
VIEW_COMPLETE rear
Fra:1 Mem:129.36M (Peak 129.36M) | Time:00:00.07 | Mem:0.00M, Peak:0.00M | CISCO_N9K_C9336C_FX2_V001, ViewLayer | Synchronizing object | RIGHT_sidewall_with_mounting_provisions
Fra:1 Mem:129.36M (Peak 129.36M) | Time:00:00.07 | Mem:0.00M, Peak:0.00M | CISCO_N9K_C9336C_FX2_V001, ViewLayer | Synchronizing object | Lid_port_edge_fold
Fra:1 Mem:134.33M (Peak 134.33M) | Time:00:00.07 | Mem:0.00M, Peak:0.00M | CISCO_N9K_C9336C_FX2_V001, ViewLayer | Synchronizing object | Lid_vent_side_border_-1
Fra:1 Mem:134.47M (Peak 134.47M) | Time:00:00.07 | Mem:0.00M, Peak:0.00M | CISCO_N9K_C9336C_FX2_V001, ViewLayer | Synchronizing object | Lid_vent_side_border_1
Fra:1 Mem:134.57M (Peak 134.57M) | Time:00:00.07 | Mem:0.00M, Peak:0.00M | CISCO_N9K_C9336C_FX2_V001, ViewLayer | Synchronizing object | Interior_under_port_vent_baffle
Fra:1 Mem:136.04M (Peak 136.04M) | Time:00:00.07 | Mem:0.00M, Peak:0.00M | CISCO_N9K_C9336C_FX2_V001, ViewLayer | Synchronizing object | Rear_horizontal_rim_1.25
Fra:1 Mem:136.04M (Peak 136.04M) | Time:00:00.07 | Mem:0.00M, Peak:0.00M | CISCO_N9K_C9336C_FX2_V001, ViewLayer | Synchronizing object | Rear_horizontal_rim_42.438
Fra:1 Mem:136.04M (Peak 136.04M) | Time:00:00.07 | Mem:0.00M, Peak:0.00M | CISCO_N9K_C9336C_FX2_V001, ViewLayer | Synchronizing object | Rear_side_rim_-218.46
Fra:1 Mem:136.04M (Peak 136.04M) | Time:00:00.07 | Mem:0.00M, Peak:0.00M | CISCO_N9K_C9336C_FX2_V001, ViewLayer | Synchronizing object | Rear_side_rim_218.46
Fra:1 Mem:136.05M (Peak 136.05M) | Time:00:00.07 | Mem:0.00M, Peak:0.00M | CISCO_N9K_C9336C_FX2_V001, ViewLayer | Synchronizing object | Rear_module_divider_160
Fra:1 Mem:136.05M (Peak 136.05M) | Time:00:00.07 | Mem:0.00M, Peak:0.00M | CISCO_N9K_C9336C_FX2_V001, ViewLayer | Synchronizing object | Rear_module_divider_70
Fra:1 Mem:136.08M (Peak 136.08M) | Time:00:00.07 | Mem:0.00M, Peak:0.00M | CISCO_N9K_C9336C_FX2_V001, ViewLayer | Synchronizing object | Rear_module_divider_-20
Fra:1 Mem:136.08M (Peak 136.08M) | Time:00:00.07 | Mem:0.00M, Peak:0.00M | CISCO_N9K_C9336C_FX2_V001, ViewLayer | Synchronizing object | Rear_module_divider_-110
Fra:1 Mem:136.11M (Peak 136.11M) | Time:00:00.07 | Mem:0.00M, Peak:0.00M | CISCO_N9K_C9336C_FX2_V001, ViewLayer | Synchronizing object | Rear_module_divider_-160
Fra:1 Mem:136.11M (Peak 136.11M) | Time:00:00.07 | Mem:0.00M, Peak:0.00M | CISCO_N9K_C9336C_FX2_V001, ViewLayer | Synchronizing object | Lid_flush_Phillips_00
Fra:1 Mem:136.14M (Peak 136.14M) | Time:00:00.07 | Mem:0.00M, Peak:0.00M | CISCO_N9K_C9336C_FX2_V001, ViewLayer | Synchronizing object | Port_face_solid_punched_panel
Fra:1 Mem:137.87M (Peak 137.87M) | Time:00:00.07 | Mem:0.00M, Peak:0.00M | CISCO_N9K_C9336C_FX2_V001, ViewLayer | Synchronizing object | LEFT_EAR_bent_opaque_solid_with_true_bores
Fra:1 Mem:141.11M (Peak 141.11M) | Time:00:00.07 | Mem:0.00M, Peak:0.00M | CISCO_N9K_C9336C_FX2_V001, ViewLayer | Synchronizing object | LEFT_ear_M4_-284_10.8
Fra:1 Mem:141.10M (Peak 141.11M) | Time:00:00.07 | Mem:0.00M, Peak:0.00M | CISCO_N9K_C9336C_FX2_V001, ViewLayer | Synchronizing object | LEFT_ear_M4_-256_10.8
Fra:1 Mem:141.12M (Peak 141.12M) | Time:00:00.07 | Mem:0.00M, Peak:0.00M | CISCO_N9K_C9336C_FX2_V001, ViewLayer | Synchronizing object | LEFT_ear_M4_-256_32.8
Fra:1 Mem:141.14M (Peak 141.14M) | Time:00:00.07 | Mem:0.00M, Peak:0.00M | CISCO_N9K_C9336C_FX2_V001, ViewLayer | Synchronizing object | RIGHT_EAR_bent_opaque_solid_with_true_bores
Fra:1 Mem:143.02M (Peak 143.02M) | Time:00:00.07 | Mem:0.00M, Peak:0.00M | CISCO_N9K_C9336C_FX2_V001, ViewLayer | Synchronizing object | RIGHT_ear_M4_-284_10.8
Fra:1 Mem:143.43M (Peak 143.43M) | Time:00:00.07 | Mem:0.00M, Peak:0.00M | CISCO_N9K_C9336C_FX2_V001, ViewLayer | Synchronizing object | RIGHT_ear_M4_-284_32.8
Fra:1 Mem:143.52M (Peak 143.52M) | Time:00:00.07 | Mem:0.00M, Peak:0.00M | CISCO_N9K_C9336C_FX2_V001, ViewLayer | Synchronizing object | RIGHT_ear_M4_-256_10.8
Fra:1 Mem:143.55M (Peak 143.55M) | Time:00:00.07 | Mem:0.00M, Peak:0.00M | CISCO_N9K_C9336C_FX2_V001, ViewLayer | Synchronizing object | RIGHT_ear_M4_-256_32.8
Fra:1 Mem:148.08M (Peak 148.08M) | Time:00:00.07 | Mem:0.00M, Peak:0.00M | CISCO_N9K_C9336C_FX2_V001, ViewLayer | Synchronizing object | Pair01_stainless_shell_29mm_deep
Fra:1 Mem:148.11M (Peak 148.11M) | Time:00:00.07 | Mem:0.00M, Peak:0.00M | CISCO_N9K_C9336C_FX2_V001, ViewLayer | Synchronizing object | Pair01_front_separator_true_perforations
Fra:1 Mem:148.19M (Peak 148.19M) | Time:00:00.07 | Mem:0.00M, Peak:0.00M | CISCO_N9K_C9336C_FX2_V001, ViewLayer | Synchronizing object | Pair01_internal_cooling_shelf
Fra:1 Mem:148.26M (Peak 148.26M) | Time:00:00.07 | Mem:0.00M, Peak:0.00M | CISCO_N9K_C9336C_FX2_V001, ViewLayer | Synchronizing object | Port01_recessed_connector_stop
Fra:1 Mem:148.26M (Peak 148.26M) | Time:00:00.07 | Mem:0.00M, Peak:0.00M | CISCO_N9K_C9336C_FX2_V001, ViewLayer | Synchronizing object | Port01_connector_contact_surround
Fra:1 Mem:148.38M (Peak 148.38M) | Time:00:00.07 | Mem:0.00M, Peak:0.00M | CISCO_N9K_C9336C_FX2_V001, ViewLayer | Synchronizing object | Port01_guide_-1_-4.25
Fra:1 Mem:148.42M (Peak 148.42M) | Time:00:00.07 | Mem:0.00M, Peak:0.00M | CISCO_N9K_C9336C_FX2_V001, ViewLayer | Synchronizing object | Port01_guide_-1_4.25
Fra:1 Mem:151.77M (Peak 151.77M) | Time:00:00.07 | Mem:0.00M, Peak:0.00M | CISCO_N9K_C9336C_FX2_V001, ViewLayer | Synchronizing object | Port01_spring_-1_-2.8
Fra:1 Mem:151.78M (Peak 151.78M) | Time:00:00.07 | Mem:0.00M, Peak:0.00M | CISCO_N9K_C9336C_FX2_V001, ViewLayer | Synchronizing object | Port01_spring_-1_0
Fra:1 Mem:151.80M (Peak 151.80M) | Time:00:00.07 | Mem:0.00M, Peak:0.00M | CISCO_N9K_C9336C_FX2_V001, ViewLayer | Synchronizing object | Port01_spring_-1_2.8
Fra:1 Mem:151.82M (Peak 151.82M) | Time:00:00.07 | Mem:0.00M, Peak:0.00M | CISCO_N9K_C9336C_FX2_V001, ViewLayer | Synchronizing object | Port01_guide_1_-4.25
Fra:1 Mem:151.83M (Peak 151.83M) | Time:00:00.07 | Mem:0.00M, Peak:0.00M | CISCO_N9K_C9336C_FX2_V001, ViewLayer | Synchronizing object | Port01_guide_1_4.25
Fra:1 Mem:151.85M (Peak 151.85M) | Time:00:00.07 | Mem:0.00M, Peak:0.00M | CISCO_N9K_C9336C_FX2_V001, ViewLayer | Synchronizing object | Port01_spring_1_-2.8
Fra:1 Mem:151.86M (Peak 151.86M) | Time:00:00.07 | Mem:0.00M, Peak:0.00M | CISCO_N9K_C9336C_FX2_V001, ViewLayer | Synchronizing object | Port01_spring_1_0
Fra:1 Mem:151.88M (Peak 151.88M) | Time:00:00.07 | Mem:0.00M, Peak:0.00M | CISCO_N9K_C9336C_FX2_V001, ViewLayer | Synchronizing object | Port01_spring_1_2.8
Fra:1 Mem:152.72M (Peak 152.72M) | Time:00:00.07 | Mem:0.00M, Peak:0.00M | CISCO_N9K_C9336C_FX2_V001, ViewLayer | Synchronizing object | Port01_subtle_recessed_contact_row
Fra:1 Mem:152.73M (Peak 152.73M) | Time:00:00.07 | Mem:0.00M, Peak:0.00M | CISCO_N9K_C9336C_FX2_V001, ViewLayer | Synchronizing object | Port02_recessed_connector_stop
Fra:1 Mem:152.74M (Peak 152.74M) | Time:00:00.07 | Mem:0.00M, Peak:0.00M | CISCO_N9K_C9336C_FX2_V001, ViewLayer | Synchronizing object | Port02_connector_contact_surround
Fra:1 Mem:152.75M (Peak 152.75M) | Time:00:00.07 | Mem:0.00M, Peak:0.00M | CISCO_N9K_C9336C_FX2_V001, ViewLayer | Synchronizing object | Port02_guide_-1_-4.25
Fra:1 Mem:152.76M (Peak 152.76M) | Time:00:00.07 | Mem:0.00M, Peak:0.00M | CISCO_N9K_C9336C_FX2_V001, ViewLayer | Synchronizing object | Port02_guide_-1_4.25
Fra:1 Mem:152.78M (Peak 152.78M) | Time:00:00.07 | Mem:0.00M, Peak:0.00M | CISCO_N9K_C9336C_FX2_V001, ViewLayer | Synchronizing object | Port02_spring_-1_-2.8
Fra:1 Mem:152.79M (Peak 152.79M) | Time:00:00.07 | Mem:0.00M, Peak:0.00M | CISCO_N9K_C9336C_FX2_V001, ViewLayer | Synchronizing object | Port02_spring_-1_0
Fra:1 Mem:152.83M (Peak 152.83M) | Time:00:00.07 | Mem:0.00M, Peak:0.00M | CISCO_N9K_C9336C_FX2_V001, ViewLayer | Synchronizing object | Port02_spring_-1_2.8
Fra:1 Mem:152.81M (Peak 152.83M) | Time:00:00.07 | Mem:0.00M, Peak:0.00M | CISCO_N9K_C9336C_FX2_V001, ViewLayer | Synchronizing object | Port02_guide_1_-4.25
Fra:1 Mem:152.83M (Peak 152.83M) | Time:00:00.07 | Mem:0.00M, Peak:0.00M | CISCO_N9K_C9336C_FX2_V001, ViewLayer | Synchronizing object | Port02_guide_1_4.25
Fra:1 Mem:152.85M (Peak 152.85M) | Time:00:00.07 | Mem:0.00M, Peak:0.00M | CISCO_N9K_C9336C_FX2_V001, ViewLayer | Synchronizing object | Port02_spring_1_-2.8
Fra:1 Mem:152.86M (Peak 152.86M) | Time:00:00.07 | Mem:0.00M, Peak:0.00M | CISCO_N9K_C9336C_FX2_V001, ViewLayer | Synchronizing object | Port02_spring_1_0
Fra:1 Mem:152.87M (Peak 152.87M) | Time:00:00.07 | Mem:0.00M, Peak:0.00M | CISCO_N9K_C9336C_FX2_V001, ViewLayer | Synchronizing object | Port02_spring_1_2.8
Fra:1 Mem:152.89M (Peak 152.89M) | Time:00:00.07 | Mem:0.00M, Peak:0.00M | CISCO_N9K_C9336C_FX2_V001, ViewLayer | Synchronizing object | Port02_subtle_recessed_contact_row
Fra:1 Mem:152.90M (Peak 152.90M) | Time:00:00.07 | Mem:0.00M, Peak:0.00M | CISCO_N9K_C9336C_FX2_V001, ViewLayer | Synchronizing object | Fan1_rotor_housing_-1
Fra:1 Mem:152.91M (Peak 152.91M) | Time:00:00.07 | Mem:0.00M, Peak:0.00M | CISCO_N9K_C9336C_FX2_V001, ViewLayer | Synchronizing object | Fan1_hub_-1
Fra:1 Mem:152.91M (Peak 152.91M) | Time:00:00.07 | Mem:0.00M, Peak:0.00M | CISCO_N9K_C9336C_FX2_V001, ViewLayer | Synchronizing object | Fan1_blade_-1_0
Fra:1 Mem:152.91M (Peak 152.91M) | Time:00:00.07 | Mem:0.00M, Peak:0.00M | CISCO_N9K_C9336C_FX2_V001, ViewLayer | Synchronizing object | Fan1_blade_-1_1
Fra:1 Mem:152.92M (Peak 152.92M) | Time:00:00.07 | Mem:0.00M, Peak:0.00M | CISCO_N9K_C9336C_FX2_V001, ViewLayer | Synchronizing object | Fan1_blade_-1_2
Fra:1 Mem:152.92M (Peak 152.92M) | Time:00:00.07 | Mem:0.00M, Peak:0.00M | CISCO_N9K_C9336C_FX2_V001, ViewLayer | Synchronizing object | Fan1_blade_-1_4
Fra:1 Mem:153.05M (Peak 153.05M) | Time:00:00.07 | Mem:0.00M, Peak:0.00M | CISCO_N9K_C9336C_FX2_V001, ViewLayer | Synchronizing object | Fan1_blade_-1_5
Fra:1 Mem:153.05M (Peak 153.05M) | Time:00:00.07 | Mem:0.00M, Peak:0.00M | CISCO_N9K_C9336C_FX2_V001, ViewLayer | Synchronizing object | Fan1_blade_-1_6
Fra:1 Mem:153.05M (Peak 153.05M) | Time:00:00.07 | Mem:0.00M, Peak:0.00M | CISCO_N9K_C9336C_FX2_V001, ViewLayer | Synchronizing object | Fan1_top_retention_rail_-1
Fra:1 Mem:153.18M (Peak 153.18M) | Time:00:00.07 | Mem:0.00M, Peak:0.00M | CISCO_N9K_C9336C_FX2_V001, ViewLayer | Synchronizing object | Fan1_rear_power_contact_block_-1
Fra:1 Mem:153.19M (Peak 153.19M) | Time:00:00.07 | Mem:0.00M, Peak:0.00M | CISCO_N9K_C9336C_FX2_V001, ViewLayer | Synchronizing object | Fan1_rotor_housing_1
Fra:1 Mem:153.20M (Peak 153.20M) | Time:00:00.07 | Mem:0.00M, Peak:0.00M | CISCO_N9K_C9336C_FX2_V001, ViewLayer | Synchronizing object | Fan1_hub_1
Fra:1 Mem:153.20M (Peak 153.20M) | Time:00:00.07 | Mem:0.00M, Peak:0.00M | CISCO_N9K_C9336C_FX2_V001, ViewLayer | Synchronizing object | Fan1_blade_1_0
Fra:1 Mem:153.01M (Peak 153.20M) | Time:00:00.07 | Mem:0.00M, Peak:0.00M | CISCO_N9K_C9336C_FX2_V001, ViewLayer | Synchronizing object | Fan1_blade_1_1
Fra:1 Mem:152.96M (Peak 153.20M) | Time:00:00.07 | Mem:0.00M, Peak:0.00M | CISCO_N9K_C9336C_FX2_V001, ViewLayer | Synchronizing object | Fan1_blade_1_3
Fra:1 Mem:152.95M (Peak 153.20M) | Time:00:00.07 | Mem:0.00M, Peak:0.00M | CISCO_N9K_C9336C_FX2_V001, ViewLayer | Synchronizing object | Fan1_blade_1_4
Fra:1 Mem:152.95M (Peak 153.20M) | Time:00:00.07 | Mem:0.00M, Peak:0.00M | CISCO_N9K_C9336C_FX2_V001, ViewLayer | Synchronizing object | Fan1_blade_1_5
Fra:1 Mem:152.95M (Peak 153.20M) | Time:00:00.07 | Mem:0.00M, Peak:0.00M | CISCO_N9K_C9336C_FX2_V001, ViewLayer | Synchronizing object | Fan1_blade_1_6
Fra:1 Mem:152.95M (Peak 153.20M) | Time:00:00.07 | Mem:0.00M, Peak:0.00M | CISCO_N9K_C9336C_FX2_V001, ViewLayer | Synchronizing object | Fan1_top_retention_rail_1
Fra:1 Mem:152.96M (Peak 153.20M) | Time:00:00.07 | Mem:0.00M, Peak:0.00M | CISCO_N9K_C9336C_FX2_V001, ViewLayer | Synchronizing object | Fan1_rear_power_contact_block_1
Fra:1 Mem:152.97M (Peak 153.20M) | Time:00:00.07 | Mem:0.00M, Peak:0.00M | CISCO_N9K_C9336C_FX2_V001, ViewLayer | Synchronizing object | Fan1_front_frame
Fra:1 Mem:152.98M (Peak 153.20M) | Time:00:00.07 | Mem:0.00M, Peak:0.00M | CISCO_N9K_C9336C_FX2_V001, ViewLayer | Synchronizing object | Fan1_true_honeycomb_front_grille
Fra:1 Mem:152.98M (Peak 153.20M) | Time:00:00.07 | Mem:0.00M, Peak:0.00M | CISCO_N9K_C9336C_FX2_V001, ViewLayer | Synchronizing object | Fan1_BLUE_release_latch_-1
Fra:1 Mem:153.39M (Peak 153.39M) | Time:00:00.07 | Mem:0.00M, Peak:0.00M | CISCO_N9K_C9336C_FX2_V001, ViewLayer | Synchronizing object | Fan1_latch_thumb_flare_-1
Fra:1 Mem:153.42M (Peak 153.42M) | Time:00:00.07 | Mem:0.00M, Peak:0.00M | CISCO_N9K_C9336C_FX2_V001, ViewLayer | Synchronizing object | Fan1_BLUE_release_latch_1
Fra:1 Mem:153.52M (Peak 153.52M) | Time:00:00.07 | Mem:0.00M, Peak:0.00M | CISCO_N9K_C9336C_FX2_V001, ViewLayer | Synchronizing object | Fan1_latch_thumb_flare_1
Fra:1 Mem:153.53M (Peak 153.53M) | Time:00:00.07 | Mem:0.00M, Peak:0.00M | CISCO_N9K_C9336C_FX2_V001, ViewLayer | Synchronizing object | Fan1_PID_label_recess
Fra:1 Mem:153.53M (Peak 153.53M) | Time:00:00.07 | Mem:0.00M, Peak:0.00M | CISCO_N9K_C9336C_FX2_V001, ViewLayer | Synchronizing object | Fan1_known_PID
Fra:1 Mem:153.53M (Peak 153.53M) | Time:00:00.07 | Mem:0.00M, Peak:0.00M | CISCO_N9K_C9336C_FX2_V001, ViewLayer | Synchronizing object | Fan1_flush_lock_pin_-39
Fra:1 Mem:153.57M (Peak 153.57M) | Time:00:00.07 | Mem:0.00M, Peak:0.00M | CISCO_N9K_C9336C_FX2_V001, ViewLayer | Synchronizing object | Fan1_flush_lock_pin_39
Fra:1 Mem:153.88M (Peak 153.88M) | Time:00:00.07 | Mem:0.00M, Peak:0.00M | CISCO_N9K_C9336C_FX2_V001, ViewLayer | Synchronizing object | Fan2_rotor_housing_-1
Fra:1 Mem:153.89M (Peak 153.89M) | Time:00:00.07 | Mem:0.00M, Peak:0.00M | CISCO_N9K_C9336C_FX2_V001, ViewLayer | Synchronizing object | Fan2_hub_-1
Fra:1 Mem:153.89M (Peak 153.89M) | Time:00:00.07 | Mem:0.00M, Peak:0.00M | CISCO_N9K_C9336C_FX2_V001, ViewLayer | Synchronizing object | Fan2_blade_-1_0
Fra:1 Mem:153.89M (Peak 153.89M) | Time:00:00.07 | Mem:0.00M, Peak:0.00M | CISCO_N9K_C9336C_FX2_V001, ViewLayer | Synchronizing object | Fan2_blade_-1_1
Fra:1 Mem:153.89M (Peak 153.89M) | Time:00:00.07 | Mem:0.00M, Peak:0.00M | CISCO_N9K_C9336C_FX2_V001, ViewLayer | Synchronizing object | Fan2_blade_-1_2
Fra:1 Mem:153.90M (Peak 153.90M) | Time:00:00.07 | Mem:0.00M, Peak:0.00M | CISCO_N9K_C9336C_FX2_V001, ViewLayer | Synchronizing object | Fan2_blade_-1_3
Fra:1 Mem:154.50M (Peak 154.50M) | Time:00:00.07 | Mem:0.00M, Peak:0.00M | CISCO_N9K_C9336C_FX2_V001, ViewLayer | Synchronizing object | Fan2_blade_-1_4
Fra:1 Mem:154.50M (Peak 154.50M) | Time:00:00.07 | Mem:0.00M, Peak:0.00M | CISCO_N9K_C9336C_FX2_V001, ViewLayer | Synchronizing object | Fan2_blade_-1_5
Fra:1 Mem:154.50M (Peak 154.50M) | Time:00:00.07 | Mem:0.00M, Peak:0.00M | CISCO_N9K_C9336C_FX2_V001, ViewLayer | Synchronizing object | Fan2_blade_-1_6
Fra:1 Mem:154.50M (Peak 154.50M) | Time:00:00.07 | Mem:0.00M, Peak:0.00M | CISCO_N9K_C9336C_FX2_V001, ViewLayer | Synchronizing object | Fan2_top_retention_rail_-1
Fra:1 Mem:154.53M (Peak 154.53M) | Time:00:00.08 | Mem:0.00M, Peak:0.00M | CISCO_N9K_C9336C_FX2_V001, ViewLayer | Synchronizing object | Original_photo_top_chassis_label
Fra:1 Mem:154.53M (Peak 154.53M) | Time:00:00.08 | Mem:0.00M, Peak:0.00M | CISCO_N9K_C9336C_FX2_V001, ViewLayer | Synchronizing object | Port_pair_18_direction_1
Fra:1 Mem:154.53M (Peak 154.53M) | Time:00:00.08 | Mem:0.00M, Peak:0.00M | CISCO_N9K_C9336C_FX2_V001, ViewLayer | Synchronizing object | Port_pair_18_direction_-1
Fra:1 Mem:154.53M (Peak 154.53M) | Time:00:00.08 | Mem:0.00M, Peak:0.00M | CISCO_N9K_C9336C_FX2_V001, ViewLayer | Synchronizing object | PORT_NUMBER_36
Fra:1 Mem:154.54M (Peak 154.54M) | Time:00:00.08 | Mem:0.00M, Peak:0.00M | CISCO_N9K_C9336C_FX2_V001, ViewLayer | Synchronizing object | PORT_NUMBER_35
Fra:1 Mem:154.55M (Peak 154.55M) | Time:00:00.08 | Mem:0.00M, Peak:0.00M | CISCO_N9K_C9336C_FX2_V001, ViewLayer | Synchronizing object | Port_pair_17_direction_1
Fra:1 Mem:154.55M (Peak 154.55M) | Time:00:00.08 | Mem:0.00M, Peak:0.00M | CISCO_N9K_C9336C_FX2_V001, ViewLayer | Synchronizing object | Port_pair_17_direction_-1
Fra:1 Mem:154.55M (Peak 154.55M) | Time:00:00.08 | Mem:0.00M, Peak:0.00M | CISCO_N9K_C9336C_FX2_V001, ViewLayer | Synchronizing object | PORT_NUMBER_34
Fra:1 Mem:154.55M (Peak 154.55M) | Time:00:00.08 | Mem:0.00M, Peak:0.00M | CISCO_N9K_C9336C_FX2_V001, ViewLayer | Synchronizing object | PORT_NUMBER_33
Fra:1 Mem:154.56M (Peak 154.56M) | Time:00:00.08 | Mem:0.00M, Peak:0.00M | CISCO_N9K_C9336C_FX2_V001, ViewLayer | Synchronizing object | Port_pair_16_direction_1
Fra:1 Mem:154.56M (Peak 154.56M) | Time:00:00.08 | Mem:0.00M, Peak:0.00M | CISCO_N9K_C9336C_FX2_V001, ViewLayer | Synchronizing object | Port_pair_16_direction_-1
Fra:1 Mem:154.56M (Peak 154.56M) | Time:00:00.08 | Mem:0.00M, Peak:0.00M | CISCO_N9K_C9336C_FX2_V001, ViewLayer | Synchronizing object | PORT_NUMBER_32
Fra:1 Mem:154.57M (Peak 154.57M) | Time:00:00.08 | Mem:0.00M, Peak:0.00M | CISCO_N9K_C9336C_FX2_V001, ViewLayer | Synchronizing object | PORT_NUMBER_31
Fra:1 Mem:154.58M (Peak 154.58M) | Time:00:00.08 | Mem:0.00M, Peak:0.00M | CISCO_N9K_C9336C_FX2_V001, ViewLayer | Synchronizing object | Port_pair_15_direction_1
Fra:1 Mem:154.58M (Peak 154.58M) | Time:00:00.08 | Mem:0.00M, Peak:0.00M | CISCO_N9K_C9336C_FX2_V001, ViewLayer | Synchronizing object | Port_pair_15_direction_-1
Fra:1 Mem:154.58M (Peak 154.58M) | Time:00:00.08 | Mem:0.00M, Peak:0.00M | CISCO_N9K_C9336C_FX2_V001, ViewLayer | Synchronizing object | PORT_NUMBER_30
Fra:1 Mem:154.59M (Peak 154.59M) | Time:00:00.08 | Mem:0.00M, Peak:0.00M | CISCO_N9K_C9336C_FX2_V001, ViewLayer | Synchronizing object | PORT_NUMBER_29
Fra:1 Mem:154.59M (Peak 154.59M) | Time:00:00.08 | Mem:0.00M, Peak:0.00M | CISCO_N9K_C9336C_FX2_V001, ViewLayer | Synchronizing object | Port_pair_14_direction_1
Fra:1 Mem:154.59M (Peak 154.59M) | Time:00:00.08 | Mem:0.00M, Peak:0.00M | CISCO_N9K_C9336C_FX2_V001, ViewLayer | Synchronizing object | Port_pair_14_direction_-1
Fra:1 Mem:154.59M (Peak 154.59M) | Time:00:00.08 | Mem:0.00M, Peak:0.00M | CISCO_N9K_C9336C_FX2_V001, ViewLayer | Synchronizing object | PORT_NUMBER_28
Fra:1 Mem:154.60M (Peak 154.60M) | Time:00:00.08 | Mem:0.00M, Peak:0.00M | CISCO_N9K_C9336C_FX2_V001, ViewLayer | Synchronizing object | PORT_NUMBER_27
Fra:1 Mem:154.61M (Peak 154.61M) | Time:00:00.08 | Mem:0.00M, Peak:0.00M | CISCO_N9K_C9336C_FX2_V001, ViewLayer | Synchronizing object | Port_pair_13_direction_1
Fra:1 Mem:154.61M (Peak 154.61M) | Time:00:00.08 | Mem:0.00M, Peak:0.00M | CISCO_N9K_C9336C_FX2_V001, ViewLayer | Synchronizing object | Port_pair_13_direction_-1
Fra:1 Mem:154.61M (Peak 154.61M) | Time:00:00.08 | Mem:0.00M, Peak:0.00M | CISCO_N9K_C9336C_FX2_V001, ViewLayer | Synchronizing object | PORT_NUMBER_26
Fra:1 Mem:154.62M (Peak 154.62M) | Time:00:00.08 | Mem:0.00M, Peak:0.00M | CISCO_N9K_C9336C_FX2_V001, ViewLayer | Synchronizing object | PORT_NUMBER_25
Fra:1 Mem:154.62M (Peak 154.62M) | Time:00:00.08 | Mem:0.00M, Peak:0.00M | CISCO_N9K_C9336C_FX2_V001, ViewLayer | Synchronizing object | Port_pair_12_direction_1
Fra:1 Mem:154.62M (Peak 154.62M) | Time:00:00.08 | Mem:0.00M, Peak:0.00M | CISCO_N9K_C9336C_FX2_V001, ViewLayer | Synchronizing object | Port_pair_12_direction_-1
Fra:1 Mem:154.62M (Peak 154.62M) | Time:00:00.08 | Mem:0.00M, Peak:0.00M | CISCO_N9K_C9336C_FX2_V001, ViewLayer | Synchronizing object | PORT_NUMBER_24
Fra:1 Mem:154.63M (Peak 154.63M) | Time:00:00.08 | Mem:0.00M, Peak:0.00M | CISCO_N9K_C9336C_FX2_V001, ViewLayer | Synchronizing object | PORT_NUMBER_23
Fra:1 Mem:154.64M (Peak 154.64M) | Time:00:00.08 | Mem:0.00M, Peak:0.00M | CISCO_N9K_C9336C_FX2_V001, ViewLayer | Synchronizing object | Port_pair_11_direction_1
Fra:1 Mem:154.64M (Peak 154.64M) | Time:00:00.08 | Mem:0.00M, Peak:0.00M | CISCO_N9K_C9336C_FX2_V001, ViewLayer | Synchronizing object | Port_pair_11_direction_-1
Fra:1 Mem:154.64M (Peak 154.64M) | Time:00:00.08 | Mem:0.00M, Peak:0.00M | CISCO_N9K_C9336C_FX2_V001, ViewLayer | Synchronizing object | PORT_NUMBER_22
Fra:1 Mem:154.64M (Peak 154.64M) | Time:00:00.08 | Mem:0.00M, Peak:0.00M | CISCO_N9K_C9336C_FX2_V001, ViewLayer | Synchronizing object | PORT_NUMBER_21
Fra:1 Mem:154.65M (Peak 154.65M) | Time:00:00.08 | Mem:0.00M, Peak:0.00M | CISCO_N9K_C9336C_FX2_V001, ViewLayer | Synchronizing object | Port_pair_10_direction_1
Fra:1 Mem:154.65M (Peak 154.65M) | Time:00:00.08 | Mem:0.00M, Peak:0.00M | CISCO_N9K_C9336C_FX2_V001, ViewLayer | Synchronizing object | Port_pair_10_direction_-1
Fra:1 Mem:154.65M (Peak 154.65M) | Time:00:00.08 | Mem:0.00M, Peak:0.00M | CISCO_N9K_C9336C_FX2_V001, ViewLayer | Synchronizing object | PORT_NUMBER_20
Fra:1 Mem:154.66M (Peak 154.66M) | Time:00:00.08 | Mem:0.00M, Peak:0.00M | CISCO_N9K_C9336C_FX2_V001, ViewLayer | Synchronizing object | PORT_NUMBER_19
Fra:1 Mem:154.66M (Peak 154.66M) | Time:00:00.08 | Mem:0.00M, Peak:0.00M | CISCO_N9K_C9336C_FX2_V001, ViewLayer | Synchronizing object | Port_pair_9_direction_1
Fra:1 Mem:154.66M (Peak 154.66M) | Time:00:00.08 | Mem:0.00M, Peak:0.00M | CISCO_N9K_C9336C_FX2_V001, ViewLayer | Synchronizing object | Port_pair_9_direction_-1
Fra:1 Mem:154.66M (Peak 154.66M) | Time:00:00.08 | Mem:0.00M, Peak:0.00M | CISCO_N9K_C9336C_FX2_V001, ViewLayer | Synchronizing object | PORT_NUMBER_18
Fra:1 Mem:154.67M (Peak 154.67M) | Time:00:00.08 | Mem:0.00M, Peak:0.00M | CISCO_N9K_C9336C_FX2_V001, ViewLayer | Synchronizing object | PORT_NUMBER_17
Fra:1 Mem:154.67M (Peak 154.67M) | Time:00:00.08 | Mem:0.00M, Peak:0.00M | CISCO_N9K_C9336C_FX2_V001, ViewLayer | Synchronizing object | Port_pair_8_direction_1
Fra:1 Mem:154.67M (Peak 154.67M) | Time:00:00.08 | Mem:0.00M, Peak:0.00M | CISCO_N9K_C9336C_FX2_V001, ViewLayer | Synchronizing object | Port_pair_8_direction_-1
Fra:1 Mem:154.67M (Peak 154.67M) | Time:00:00.08 | Mem:0.00M, Peak:0.00M | CISCO_N9K_C9336C_FX2_V001, ViewLayer | Synchronizing object | PORT_NUMBER_16
Fra:1 Mem:154.68M (Peak 154.68M) | Time:00:00.08 | Mem:0.00M, Peak:0.00M | CISCO_N9K_C9336C_FX2_V001, ViewLayer | Synchronizing object | PORT_NUMBER_15
Fra:1 Mem:154.68M (Peak 154.68M) | Time:00:00.08 | Mem:0.00M, Peak:0.00M | CISCO_N9K_C9336C_FX2_V001, ViewLayer | Synchronizing object | Port_pair_7_direction_1
Fra:1 Mem:154.68M (Peak 154.68M) | Time:00:00.08 | Mem:0.00M, Peak:0.00M | CISCO_N9K_C9336C_FX2_V001, ViewLayer | Synchronizing object | Port_pair_7_direction_-1
Fra:1 Mem:154.68M (Peak 154.68M) | Time:00:00.08 | Mem:0.00M, Peak:0.00M | CISCO_N9K_C9336C_FX2_V001, ViewLayer | Synchronizing object | PORT_NUMBER_14
Fra:1 Mem:154.68M (Peak 154.68M) | Time:00:00.08 | Mem:0.00M, Peak:0.00M | CISCO_N9K_C9336C_FX2_V001, ViewLayer | Synchronizing object | PORT_NUMBER_13
Fra:1 Mem:154.69M (Peak 154.69M) | Time:00:00.08 | Mem:0.00M, Peak:0.00M | CISCO_N9K_C9336C_FX2_V001, ViewLayer | Synchronizing object | Port_pair_6_direction_1
Fra:1 Mem:154.69M (Peak 154.69M) | Time:00:00.08 | Mem:0.00M, Peak:0.00M | CISCO_N9K_C9336C_FX2_V001, ViewLayer | Synchronizing object | Port_pair_6_direction_-1
Fra:1 Mem:154.69M (Peak 154.69M) | Time:00:00.08 | Mem:0.00M, Peak:0.00M | CISCO_N9K_C9336C_FX2_V001, ViewLayer | Synchronizing object | PORT_NUMBER_12
Fra:1 Mem:154.69M (Peak 154.69M) | Time:00:00.08 | Mem:0.00M, Peak:0.00M | CISCO_N9K_C9336C_FX2_V001, ViewLayer | Synchronizing object | PORT_NUMBER_11
Fra:1 Mem:154.69M (Peak 154.69M) | Time:00:00.08 | Mem:0.00M, Peak:0.00M | CISCO_N9K_C9336C_FX2_V001, ViewLayer | Synchronizing object | Port_pair_5_direction_1
Fra:1 Mem:154.69M (Peak 154.69M) | Time:00:00.08 | Mem:0.00M, Peak:0.00M | CISCO_N9K_C9336C_FX2_V001, ViewLayer | Synchronizing object | Port_pair_5_direction_-1
Fra:1 Mem:154.70M (Peak 154.70M) | Time:00:00.08 | Mem:0.00M, Peak:0.00M | CISCO_N9K_C9336C_FX2_V001, ViewLayer | Synchronizing object | PORT_NUMBER_10
Fra:1 Mem:154.70M (Peak 154.70M) | Time:00:00.08 | Mem:0.00M, Peak:0.00M | CISCO_N9K_C9336C_FX2_V001, ViewLayer | Synchronizing object | PORT_NUMBER_09
Fra:1 Mem:154.70M (Peak 154.70M) | Time:00:00.08 | Mem:0.00M, Peak:0.00M | CISCO_N9K_C9336C_FX2_V001, ViewLayer | Synchronizing object | Port_pair_4_direction_1
Fra:1 Mem:154.70M (Peak 154.70M) | Time:00:00.08 | Mem:0.00M, Peak:0.00M | CISCO_N9K_C9336C_FX2_V001, ViewLayer | Synchronizing object | Port_pair_4_direction_-1
Fra:1 Mem:154.70M (Peak 154.70M) | Time:00:00.08 | Mem:0.00M, Peak:0.00M | CISCO_N9K_C9336C_FX2_V001, ViewLayer | Synchronizing object | PORT_NUMBER_08
Fra:1 Mem:154.71M (Peak 154.71M) | Time:00:00.08 | Mem:0.00M, Peak:0.00M | CISCO_N9K_C9336C_FX2_V001, ViewLayer | Synchronizing object | PORT_NUMBER_07
Fra:1 Mem:154.71M (Peak 154.71M) | Time:00:00.08 | Mem:0.00M, Peak:0.00M | CISCO_N9K_C9336C_FX2_V001, ViewLayer | Synchronizing object | Port_pair_3_direction_1
Fra:1 Mem:154.71M (Peak 154.71M) | Time:00:00.08 | Mem:0.00M, Peak:0.00M | CISCO_N9K_C9336C_FX2_V001, ViewLayer | Synchronizing object | Port_pair_3_direction_-1
Fra:1 Mem:154.71M (Peak 154.71M) | Time:00:00.08 | Mem:0.00M, Peak:0.00M | CISCO_N9K_C9336C_FX2_V001, ViewLayer | Synchronizing object | PORT_NUMBER_06
Fra:1 Mem:154.72M (Peak 154.72M) | Time:00:00.08 | Mem:0.00M, Peak:0.00M | CISCO_N9K_C9336C_FX2_V001, ViewLayer | Synchronizing object | PORT_NUMBER_05
Fra:1 Mem:154.72M (Peak 154.72M) | Time:00:00.08 | Mem:0.00M, Peak:0.00M | CISCO_N9K_C9336C_FX2_V001, ViewLayer | Synchronizing object | Port_pair_2_direction_1
Fra:1 Mem:154.72M (Peak 154.72M) | Time:00:00.08 | Mem:0.00M, Peak:0.00M | CISCO_N9K_C9336C_FX2_V001, ViewLayer | Synchronizing object | Port_pair_2_direction_-1
Fra:1 Mem:154.72M (Peak 154.72M) | Time:00:00.08 | Mem:0.00M, Peak:0.00M | CISCO_N9K_C9336C_FX2_V001, ViewLayer | Synchronizing object | PORT_NUMBER_04
Fra:1 Mem:154.72M (Peak 154.72M) | Time:00:00.08 | Mem:0.00M, Peak:0.00M | CISCO_N9K_C9336C_FX2_V001, ViewLayer | Synchronizing object | PORT_NUMBER_03
Fra:1 Mem:154.73M (Peak 154.73M) | Time:00:00.08 | Mem:0.00M, Peak:0.00M | CISCO_N9K_C9336C_FX2_V001, ViewLayer | Synchronizing object | Port_pair_1_direction_1
Fra:1 Mem:154.73M (Peak 154.73M) | Time:00:00.08 | Mem:0.00M, Peak:0.00M | CISCO_N9K_C9336C_FX2_V001, ViewLayer | Synchronizing object | Port_pair_1_direction_-1
Fra:1 Mem:154.73M (Peak 154.73M) | Time:00:00.08 | Mem:0.00M, Peak:0.00M | CISCO_N9K_C9336C_FX2_V001, ViewLayer | Synchronizing object | PORT_NUMBER_02
Fra:1 Mem:154.73M (Peak 154.73M) | Time:00:00.08 | Mem:0.00M, Peak:0.00M | CISCO_N9K_C9336C_FX2_V001, ViewLayer | Synchronizing object | PORT_NUMBER_01
Fra:1 Mem:154.73M (Peak 154.73M) | Time:00:00.08 | Mem:0.00M, Peak:0.00M | CISCO_N9K_C9336C_FX2_V001, ViewLayer | Synchronizing object | Correct_factory_PID
Fra:1 Mem:154.77M (Peak 154.77M) | Time:00:00.08 | Mem:0.00M, Peak:0.00M | CISCO_N9K_C9336C_FX2_V001, ViewLayer | Synchronizing object | Cisco_product_family_line_2
Fra:1 Mem:154.78M (Peak 154.78M) | Time:00:00.08 | Mem:0.00M, Peak:0.00M | CISCO_N9K_C9336C_FX2_V001, ViewLayer | Synchronizing object | Cisco_product_family_line_1
Fra:1 Mem:154.79M (Peak 154.79M) | Time:00:00.08 | Mem:0.00M, Peak:0.00M | CISCO_N9K_C9336C_FX2_V001, ViewLayer | Synchronizing object | Cisco_brand_wordmark
Fra:1 Mem:154.81M (Peak 154.81M) | Time:00:00.08 | Mem:0.00M, Peak:0.00M | CISCO_N9K_C9336C_FX2_V001, ViewLayer | Synchronizing object | Cisco_bridge_bar_9
Fra:1 Mem:154.81M (Peak 154.81M) | Time:00:00.08 | Mem:0.00M, Peak:0.00M | CISCO_N9K_C9336C_FX2_V001, ViewLayer | Synchronizing object | Cisco_bridge_bar_8
Fra:1 Mem:154.81M (Peak 154.81M) | Time:00:00.08 | Mem:0.00M, Peak:0.00M | CISCO_N9K_C9336C_FX2_V001, ViewLayer | Synchronizing object | Cisco_bridge_bar_7
Fra:1 Mem:154.82M (Peak 154.82M) | Time:00:00.08 | Mem:0.00M, Peak:0.00M | CISCO_N9K_C9336C_FX2_V001, ViewLayer | Synchronizing object | Cisco_bridge_bar_6
Fra:1 Mem:154.82M (Peak 154.82M) | Time:00:00.08 | Mem:0.00M, Peak:0.00M | CISCO_N9K_C9336C_FX2_V001, ViewLayer | Synchronizing object | Cisco_bridge_bar_5
Fra:1 Mem:154.83M (Peak 154.83M) | Time:00:00.08 | Mem:0.00M, Peak:0.00M | CISCO_N9K_C9336C_FX2_V001, ViewLayer | Synchronizing object | Cisco_bridge_bar_4
Fra:1 Mem:154.83M (Peak 154.83M) | Time:00:00.08 | Mem:0.00M, Peak:0.00M | CISCO_N9K_C9336C_FX2_V001, ViewLayer | Synchronizing object | Cisco_bridge_bar_3
Fra:1 Mem:154.83M (Peak 154.83M) | Time:00:00.08 | Mem:0.00M, Peak:0.00M | CISCO_N9K_C9336C_FX2_V001, ViewLayer | Synchronizing object | Cisco_bridge_bar_2
Fra:1 Mem:154.84M (Peak 154.84M) | Time:00:00.08 | Mem:0.00M, Peak:0.00M | CISCO_N9K_C9336C_FX2_V001, ViewLayer | Synchronizing object | Cisco_bridge_bar_1
Fra:1 Mem:154.84M (Peak 154.84M) | Time:00:00.08 | Mem:0.00M, Peak:0.00M | CISCO_N9K_C9336C_FX2_V001, ViewLayer | Synchronizing object | LS_selector_text
Fra:1 Mem:154.85M (Peak 154.85M) | Time:00:00.08 | Mem:0.00M, Peak:0.00M | CISCO_N9K_C9336C_FX2_V001, ViewLayer | Synchronizing object | LS_selector_metal_button
Fra:1 Mem:155.13M (Peak 155.13M) | Time:00:00.08 | Mem:0.00M, Peak:0.00M | CISCO_N9K_C9336C_FX2_V001, ViewLayer | Synchronizing object | Fan2_rotor_housing_1
Fra:1 Mem:155.26M (Peak 155.26M) | Time:00:00.08 | Mem:0.00M, Peak:0.00M | CISCO_N9K_C9336C_FX2_V001, ViewLayer | Synchronizing object | Fan2_hub_1
Fra:1 Mem:155.27M (Peak 155.27M) | Time:00:00.08 | Mem:0.00M, Peak:0.00M | CISCO_N9K_C9336C_FX2_V001, ViewLayer | Synchronizing object | Fan2_blade_1_0
Fra:1 Mem:155.27M (Peak 155.27M) | Time:00:00.08 | Mem:0.00M, Peak:0.00M | CISCO_N9K_C9336C_FX2_V001, ViewLayer | Synchronizing object | Fan2_blade_1_1
Fra:1 Mem:155.08M (Peak 155.27M) | Time:00:00.08 | Mem:0.00M, Peak:0.00M | CISCO_N9K_C9336C_FX2_V001, ViewLayer | Synchronizing object | Fan2_blade_1_2
Fra:1 Mem:155.02M (Peak 155.27M) | Time:00:00.08 | Mem:0.00M, Peak:0.00M | CISCO_N9K_C9336C_FX2_V001, ViewLayer | Synchronizing object | Fan2_blade_1_3
Fra:1 Mem:155.02M (Peak 155.27M) | Time:00:00.08 | Mem:0.00M, Peak:0.00M | CISCO_N9K_C9336C_FX2_V001, ViewLayer | Synchronizing object | Fan2_blade_1_4
Fra:1 Mem:155.02M (Peak 155.27M) | Time:00:00.08 | Mem:0.00M, Peak:0.00M | CISCO_N9K_C9336C_FX2_V001, ViewLayer | Synchronizing object | Fan2_blade_1_5
Fra:1 Mem:155.02M (Peak 155.27M) | Time:00:00.08 | Mem:0.00M, Peak:0.00M | CISCO_N9K_C9336C_FX2_V001, ViewLayer | Synchronizing object | Fan2_blade_1_6
Fra:1 Mem:155.02M (Peak 155.27M) | Time:00:00.08 | Mem:0.00M, Peak:0.00M | CISCO_N9K_C9336C_FX2_V001, ViewLayer | Synchronizing object | Fan2_top_retention_rail_1
Fra:1 Mem:155.02M (Peak 155.27M) | Time:00:00.08 | Mem:0.00M, Peak:0.00M | CISCO_N9K_C9336C_FX2_V001, ViewLayer | Synchronizing object | Fan2_rear_power_contact_block_1
Fra:1 Mem:155.04M (Peak 155.27M) | Time:00:00.08 | Mem:0.00M, Peak:0.00M | CISCO_N9K_C9336C_FX2_V001, ViewLayer | Synchronizing object | Fan2_front_frame
Fra:1 Mem:155.04M (Peak 155.27M) | Time:00:00.08 | Mem:0.00M, Peak:0.00M | CISCO_N9K_C9336C_FX2_V001, ViewLayer | Synchronizing object | Fan2_true_honeycomb_front_grille
Fra:1 Mem:155.45M (Peak 155.45M) | Time:00:00.08 | Mem:0.00M, Peak:0.00M | CISCO_N9K_C9336C_FX2_V001, ViewLayer | Synchronizing object | Fan2_molded_trapezoid_pull_handle
Fra:1 Mem:155.63M (Peak 155.63M) | Time:00:00.08 | Mem:0.00M, Peak:0.00M | CISCO_N9K_C9336C_FX2_V001, ViewLayer | Synchronizing object | Fan2_BLUE_release_latch_-1
Fra:1 Mem:155.59M (Peak 155.63M) | Time:00:00.08 | Mem:0.00M, Peak:0.00M | CISCO_N9K_C9336C_FX2_V001, ViewLayer | Synchronizing object | Fan2_latch_thumb_flare_-1
Fra:1 Mem:155.58M (Peak 155.63M) | Time:00:00.08 | Mem:0.00M, Peak:0.00M | CISCO_N9K_C9336C_FX2_V001, ViewLayer | Synchronizing object | LS_selector_black_surround
Fra:1 Mem:155.59M (Peak 155.63M) | Time:00:00.08 | Mem:0.00M, Peak:0.00M | CISCO_N9K_C9336C_FX2_V001, ViewLayer | Synchronizing object | Fan2_BLUE_release_latch_1
Fra:1 Mem:155.89M (Peak 155.89M) | Time:00:00.08 | Mem:0.00M, Peak:0.00M | CISCO_N9K_C9336C_FX2_V001, ViewLayer | Synchronizing object | FRONT_4_legend
Fra:1 Mem:155.90M (Peak 155.90M) | Time:00:00.08 | Mem:0.00M, Peak:0.00M | CISCO_N9K_C9336C_FX2_V001, ViewLayer | Synchronizing object | Fan2_latch_thumb_flare_1
Fra:1 Mem:155.90M (Peak 155.90M) | Time:00:00.08 | Mem:0.00M, Peak:0.00M | CISCO_N9K_C9336C_FX2_V001, ViewLayer | Synchronizing object | FRONT_4_unpowered_lens
Fra:1 Mem:155.92M (Peak 155.92M) | Time:00:00.08 | Mem:0.00M, Peak:0.00M | CISCO_N9K_C9336C_FX2_V001, ViewLayer | Synchronizing object | Fan2_PID_label_recess
Fra:1 Mem:155.93M (Peak 155.93M) | Time:00:00.08 | Mem:0.00M, Peak:0.00M | CISCO_N9K_C9336C_FX2_V001, ViewLayer | Synchronizing object | FRONT_3_legend
Fra:1 Mem:155.94M (Peak 155.94M) | Time:00:00.08 | Mem:0.00M, Peak:0.00M | CISCO_N9K_C9336C_FX2_V001, ViewLayer | Synchronizing object | Fan2_known_PID
Fra:1 Mem:155.95M (Peak 155.95M) | Time:00:00.08 | Mem:0.00M, Peak:0.00M | CISCO_N9K_C9336C_FX2_V001, ViewLayer | Synchronizing object | FRONT_3_unpowered_lens
Fra:1 Mem:156.59M (Peak 156.59M) | Time:00:00.08 | Mem:0.00M, Peak:0.00M | CISCO_N9K_C9336C_FX2_V001, ViewLayer | Synchronizing object | Fan2_flush_lock_pin_-39
Fra:1 Mem:156.59M (Peak 156.59M) | Time:00:00.08 | Mem:0.00M, Peak:0.00M | CISCO_N9K_C9336C_FX2_V001, ViewLayer | Synchronizing object | FRONT_2_legend
Fra:1 Mem:156.60M (Peak 156.60M) | Time:00:00.08 | Mem:0.00M, Peak:0.00M | CISCO_N9K_C9336C_FX2_V001, ViewLayer | Synchronizing object | FRONT_2_unpowered_lens
Fra:1 Mem:156.63M (Peak 156.63M) | Time:00:00.08 | Mem:0.00M, Peak:0.00M | CISCO_N9K_C9336C_FX2_V001, ViewLayer | Synchronizing object | FRONT_1_legend
Fra:1 Mem:156.63M (Peak 156.63M) | Time:00:00.08 | Mem:0.00M, Peak:0.00M | CISCO_N9K_C9336C_FX2_V001, ViewLayer | Synchronizing object | FRONT_1_unpowered_lens
Fra:1 Mem:156.66M (Peak 156.66M) | Time:00:00.08 | Mem:0.00M, Peak:0.00M | CISCO_N9K_C9336C_FX2_V001, ViewLayer | Synchronizing object | FRONT_ENV_legend
Fra:1 Mem:156.66M (Peak 156.66M) | Time:00:00.08 | Mem:0.00M, Peak:0.00M | CISCO_N9K_C9336C_FX2_V001, ViewLayer | Synchronizing object | FRONT_ENV_unpowered_lens
Fra:1 Mem:156.69M (Peak 156.69M) | Time:00:00.08 | Mem:0.00M, Peak:0.00M | CISCO_N9K_C9336C_FX2_V001, ViewLayer | Synchronizing object | FRONT_STS_legend
Fra:1 Mem:156.70M (Peak 156.70M) | Time:00:00.08 | Mem:0.00M, Peak:0.00M | CISCO_N9K_C9336C_FX2_V001, ViewLayer | Synchronizing object | FRONT_STS_unpowered_lens
Fra:1 Mem:156.73M (Peak 156.73M) | Time:00:00.08 | Mem:0.00M, Peak:0.00M | CISCO_N9K_C9336C_FX2_V001, ViewLayer | Synchronizing object | FRONT_BCN_legend
Fra:1 Mem:156.89M (Peak 156.89M) | Time:00:00.08 | Mem:0.00M, Peak:0.00M | CISCO_N9K_C9336C_FX2_V001, ViewLayer | Synchronizing object | FRONT_BCN_unpowered_lens
Fra:1 Mem:156.91M (Peak 156.91M) | Time:00:00.08 | Mem:0.00M, Peak:0.00M | CISCO_N9K_C9336C_FX2_V001, ViewLayer | Synchronizing object | Rear_P2_arrow_legend
Fra:1 Mem:156.92M (Peak 156.92M) | Time:00:00.08 | Mem:0.00M, Peak:0.00M | CISCO_N9K_C9336C_FX2_V001, ViewLayer | Synchronizing object | USB_symbol_branch_B
Fra:1 Mem:156.92M (Peak 156.92M) | Time:00:00.08 | Mem:0.00M, Peak:0.00M | CISCO_N9K_C9336C_FX2_V001, ViewLayer | Synchronizing object | USB_symbol_branch_A
Fra:1 Mem:156.92M (Peak 156.92M) | Time:00:00.08 | Mem:0.00M, Peak:0.00M | CISCO_N9K_C9336C_FX2_V001, ViewLayer | Synchronizing object | USB_symbol_stem
Fra:1 Mem:156.92M (Peak 156.92M) | Time:00:00.08 | Mem:0.00M, Peak:0.00M | CISCO_N9K_C9336C_FX2_V001, ViewLayer | Synchronizing object | Console_terminal_symbol
Fra:1 Mem:156.93M (Peak 156.93M) | Time:00:00.08 | Mem:0.00M, Peak:0.00M | CISCO_N9K_C9336C_FX2_V001, ViewLayer | Synchronizing object | SFP_management_symbol_line.003
Fra:1 Mem:156.93M (Peak 156.93M) | Time:00:00.08 | Mem:0.00M, Peak:0.00M | CISCO_N9K_C9336C_FX2_V001, ViewLayer | Synchronizing object | SFP_management_symbol_line.002
Fra:1 Mem:156.94M (Peak 156.94M) | Time:00:00.08 | Mem:0.00M, Peak:0.00M | CISCO_N9K_C9336C_FX2_V001, ViewLayer | Synchronizing object | SFP_management_symbol_line.001
Fra:1 Mem:156.94M (Peak 156.94M) | Time:00:00.08 | Mem:0.00M, Peak:0.00M | CISCO_N9K_C9336C_FX2_V001, ViewLayer | Synchronizing object | SFP_management_symbol_line
Fra:1 Mem:156.94M (Peak 156.94M) | Time:00:00.08 | Mem:0.00M, Peak:0.00M | CISCO_N9K_C9336C_FX2_V001, ViewLayer | Synchronizing object | SFP_management_symbol_node_1.25
Fra:1 Mem:156.95M (Peak 156.95M) | Time:00:00.08 | Mem:0.00M, Peak:0.00M | CISCO_N9K_C9336C_FX2_V001, ViewLayer | Synchronizing object | SFP_management_symbol_node_-1.25
Fra:1 Mem:156.95M (Peak 156.95M) | Time:00:00.08 | Mem:0.00M, Peak:0.00M | CISCO_N9K_C9336C_FX2_V001, ViewLayer | Synchronizing object | SFP_management_symbol_node_0
Fra:1 Mem:157.11M (Peak 157.11M) | Time:00:00.08 | Mem:0.00M, Peak:0.00M | CISCO_N9K_C9336C_FX2_V001, ViewLayer | Synchronizing object | RJ45_management_symbol_line.003
Fra:1 Mem:157.11M (Peak 157.11M) | Time:00:00.08 | Mem:0.00M, Peak:0.00M | CISCO_N9K_C9336C_FX2_V001, ViewLayer | Synchronizing object | RJ45_management_symbol_line.002
Fra:1 Mem:157.11M (Peak 157.11M) | Time:00:00.08 | Mem:0.00M, Peak:0.00M | CISCO_N9K_C9336C_FX2_V001, ViewLayer | Synchronizing object | RJ45_management_symbol_line.001
Fra:1 Mem:157.11M (Peak 157.11M) | Time:00:00.08 | Mem:0.00M, Peak:0.00M | CISCO_N9K_C9336C_FX2_V001, ViewLayer | Synchronizing object | RJ45_management_symbol_line
Fra:1 Mem:157.12M (Peak 157.12M) | Time:00:00.08 | Mem:0.00M, Peak:0.00M | CISCO_N9K_C9336C_FX2_V001, ViewLayer | Synchronizing object | RJ45_management_symbol_node_1.25
Fra:1 Mem:157.12M (Peak 157.12M) | Time:00:00.08 | Mem:0.00M, Peak:0.00M | CISCO_N9K_C9336C_FX2_V001, ViewLayer | Synchronizing object | RJ45_management_symbol_node_-1.25
Fra:1 Mem:157.13M (Peak 157.13M) | Time:00:00.08 | Mem:0.00M, Peak:0.00M | CISCO_N9K_C9336C_FX2_V001, ViewLayer | Synchronizing object | RJ45_management_symbol_node_0
Fra:1 Mem:157.14M (Peak 157.14M) | Time:00:00.08 | Mem:0.00M, Peak:0.00M | CISCO_N9K_C9336C_FX2_V001, ViewLayer | Synchronizing object | Rear_service_retention_screw
Fra:1 Mem:157.15M (Peak 157.15M) | Time:00:00.08 | Mem:0.00M, Peak:0.00M | CISCO_N9K_C9336C_FX2_V001, ViewLayer | Synchronizing object | REAR_STS_legend
Fra:1 Mem:157.16M (Peak 157.16M) | Time:00:00.08 | Mem:0.00M, Peak:0.00M | CISCO_N9K_C9336C_FX2_V001, ViewLayer | Synchronizing object | REAR_STS_unpowered_indicator
Fra:1 Mem:157.17M (Peak 157.17M) | Time:00:00.08 | Mem:0.00M, Peak:0.00M | CISCO_N9K_C9336C_FX2_V001, ViewLayer | Synchronizing object | REAR_BCN_legend
Fra:1 Mem:157.18M (Peak 157.18M) | Time:00:00.08 | Mem:0.00M, Peak:0.00M | CISCO_N9K_C9336C_FX2_V001, ViewLayer | Synchronizing object | REAR_BCN_unpowered_indicator
Fra:1 Mem:157.18M (Peak 157.18M) | Time:00:00.08 | Mem:0.00M, Peak:0.00M | CISCO_N9K_C9336C_FX2_V001, ViewLayer | Synchronizing object | USB_A_contact_3
Fra:1 Mem:157.18M (Peak 157.18M) | Time:00:00.08 | Mem:0.00M, Peak:0.00M | CISCO_N9K_C9336C_FX2_V001, ViewLayer | Synchronizing object | USB_A_contact_2
Fra:1 Mem:157.19M (Peak 157.19M) | Time:00:00.08 | Mem:0.00M, Peak:0.00M | CISCO_N9K_C9336C_FX2_V001, ViewLayer | Synchronizing object | USB_A_contact_1
Fra:1 Mem:157.19M (Peak 157.19M) | Time:00:00.08 | Mem:0.00M, Peak:0.00M | CISCO_N9K_C9336C_FX2_V001, ViewLayer | Synchronizing object | USB_A_contact_0
Fra:1 Mem:157.20M (Peak 157.20M) | Time:00:00.08 | Mem:0.00M, Peak:0.00M | CISCO_N9K_C9336C_FX2_V001, ViewLayer | Synchronizing object | USB_A_black_tongue
Fra:1 Mem:157.20M (Peak 157.20M) | Time:00:00.08 | Mem:0.00M, Peak:0.00M | CISCO_N9K_C9336C_FX2_V001, ViewLayer | Synchronizing object | USB_A_deep_stop
Fra:1 Mem:157.20M (Peak 157.20M) | Time:00:00.08 | Mem:0.00M, Peak:0.00M | CISCO_N9K_C9336C_FX2_V001, ViewLayer | Synchronizing object | USB_A_metal_shell
Fra:1 Mem:157.22M (Peak 157.22M) | Time:00:00.08 | Mem:0.00M, Peak:0.00M | CISCO_N9K_C9336C_FX2_V001, ViewLayer | Synchronizing object | Mgmt_SFP_contact_9
Fra:1 Mem:157.22M (Peak 157.22M) | Time:00:00.08 | Mem:0.00M, Peak:0.00M | CISCO_N9K_C9336C_FX2_V001, ViewLayer | Synchronizing object | Mgmt_SFP_contact_8
Fra:1 Mem:157.22M (Peak 157.22M) | Time:00:00.08 | Mem:0.00M, Peak:0.00M | CISCO_N9K_C9336C_FX2_V001, ViewLayer | Synchronizing object | Mgmt_SFP_contact_7
Fra:1 Mem:157.22M (Peak 157.22M) | Time:00:00.08 | Mem:0.00M, Peak:0.00M | CISCO_N9K_C9336C_FX2_V001, ViewLayer | Synchronizing object | Mgmt_SFP_contact_6
Fra:1 Mem:157.22M (Peak 157.22M) | Time:00:00.08 | Mem:0.00M, Peak:0.00M | CISCO_N9K_C9336C_FX2_V001, ViewLayer | Synchronizing object | Mgmt_SFP_contact_5
Fra:1 Mem:157.22M (Peak 157.22M) | Time:00:00.08 | Mem:0.00M, Peak:0.00M | CISCO_N9K_C9336C_FX2_V001, ViewLayer | Synchronizing object | Mgmt_SFP_contact_4
Fra:1 Mem:157.22M (Peak 157.22M) | Time:00:00.08 | Mem:0.00M, Peak:0.00M | CISCO_N9K_C9336C_FX2_V001, ViewLayer | Synchronizing object | Mgmt_SFP_contact_3
Fra:1 Mem:157.23M (Peak 157.23M) | Time:00:00.08 | Mem:0.00M, Peak:0.00M | CISCO_N9K_C9336C_FX2_V001, ViewLayer | Synchronizing object | Mgmt_SFP_contact_2
Fra:1 Mem:157.23M (Peak 157.23M) | Time:00:00.08 | Mem:0.00M, Peak:0.00M | CISCO_N9K_C9336C_FX2_V001, ViewLayer | Synchronizing object | Mgmt_SFP_contact_1
Fra:1 Mem:157.23M (Peak 157.23M) | Time:00:00.08 | Mem:0.00M, Peak:0.00M | CISCO_N9K_C9336C_FX2_V001, ViewLayer | Synchronizing object | Mgmt_SFP_contact_0
Fra:1 Mem:157.23M (Peak 157.23M) | Time:00:00.08 | Mem:0.00M, Peak:0.00M | CISCO_N9K_C9336C_FX2_V001, ViewLayer | Synchronizing object | Mgmt_SFP_guide_5.8
Fra:1 Mem:157.24M (Peak 157.24M) | Time:00:00.08 | Mem:0.00M, Peak:0.00M | CISCO_N9K_C9336C_FX2_V001, ViewLayer | Synchronizing object | Mgmt_SFP_guide_-5.8
Fra:1 Mem:157.25M (Peak 157.25M) | Time:00:00.08 | Mem:0.00M, Peak:0.00M | CISCO_N9K_C9336C_FX2_V001, ViewLayer | Synchronizing object | Mgmt_SFP_recessed_connector_stop
Fra:1 Mem:157.25M (Peak 157.25M) | Time:00:00.08 | Mem:0.00M, Peak:0.00M | CISCO_N9K_C9336C_FX2_V001, ViewLayer | Synchronizing object | Mgmt_SFP_deep_metal_cage
Fra:1 Mem:157.27M (Peak 157.27M) | Time:00:00.08 | Mem:0.00M, Peak:0.00M | CISCO_N9K_C9336C_FX2_V001, ViewLayer | Synchronizing object | MANAGEMENT_RJ45_unpowered_corner_LED_5.6
Fra:1 Mem:157.28M (Peak 157.28M) | Time:00:00.08 | Mem:0.00M, Peak:0.00M | CISCO_N9K_C9336C_FX2_V001, ViewLayer | Synchronizing object | MANAGEMENT_RJ45_unpowered_corner_LED_-5.6
Fra:1 Mem:157.28M (Peak 157.28M) | Time:00:00.08 | Mem:0.00M, Peak:0.00M | CISCO_N9K_C9336C_FX2_V001, ViewLayer | Synchronizing object | MANAGEMENT_RJ45_contact_7
Fra:1 Mem:157.29M (Peak 157.29M) | Time:00:00.08 | Mem:0.00M, Peak:0.00M | CISCO_N9K_C9336C_FX2_V001, ViewLayer | Synchronizing object | MANAGEMENT_RJ45_contact_6
Fra:1 Mem:157.29M (Peak 157.29M) | Time:00:00.08 | Mem:0.00M, Peak:0.00M | CISCO_N9K_C9336C_FX2_V001, ViewLayer | Synchronizing object | MANAGEMENT_RJ45_contact_5
Fra:1 Mem:157.29M (Peak 157.29M) | Time:00:00.08 | Mem:0.00M, Peak:0.00M | CISCO_N9K_C9336C_FX2_V001, ViewLayer | Synchronizing object | MANAGEMENT_RJ45_contact_4
Fra:1 Mem:157.30M (Peak 157.30M) | Time:00:00.08 | Mem:0.00M, Peak:0.00M | CISCO_N9K_C9336C_FX2_V001, ViewLayer | Synchronizing object | MANAGEMENT_RJ45_contact_3
Fra:1 Mem:157.30M (Peak 157.30M) | Time:00:00.08 | Mem:0.00M, Peak:0.00M | CISCO_N9K_C9336C_FX2_V001, ViewLayer | Synchronizing object | MANAGEMENT_RJ45_contact_2
Fra:1 Mem:157.31M (Peak 157.31M) | Time:00:00.08 | Mem:0.00M, Peak:0.00M | CISCO_N9K_C9336C_FX2_V001, ViewLayer | Synchronizing object | MANAGEMENT_RJ45_contact_1
Fra:1 Mem:157.31M (Peak 157.31M) | Time:00:00.08 | Mem:0.00M, Peak:0.00M | CISCO_N9K_C9336C_FX2_V001, ViewLayer | Synchronizing object | MANAGEMENT_RJ45_contact_0
Fra:1 Mem:157.32M (Peak 157.32M) | Time:00:00.08 | Mem:0.00M, Peak:0.00M | CISCO_N9K_C9336C_FX2_V001, ViewLayer | Synchronizing object | MANAGEMENT_RJ45_deep_connector_stop
Fra:1 Mem:157.32M (Peak 157.32M) | Time:00:00.08 | Mem:0.00M, Peak:0.00M | CISCO_N9K_C9336C_FX2_V001, ViewLayer | Synchronizing object | MANAGEMENT_RJ45_keyed_plastic_body
Fra:1 Mem:157.32M (Peak 157.32M) | Time:00:00.08 | Mem:0.00M, Peak:0.00M | CISCO_N9K_C9336C_FX2_V001, ViewLayer | Synchronizing object | MANAGEMENT_RJ45_metal_shield
Fra:1 Mem:157.34M (Peak 157.34M) | Time:00:00.08 | Mem:0.00M, Peak:0.00M | CISCO_N9K_C9336C_FX2_V001, ViewLayer | Synchronizing object | CONSOLE_RJ45_unpowered_corner_LED_5.6
Fra:1 Mem:157.34M (Peak 157.34M) | Time:00:00.08 | Mem:0.00M, Peak:0.00M | CISCO_N9K_C9336C_FX2_V001, ViewLayer | Synchronizing object | CONSOLE_RJ45_unpowered_corner_LED_-5.6
Fra:1 Mem:157.35M (Peak 157.35M) | Time:00:00.08 | Mem:0.00M, Peak:0.00M | CISCO_N9K_C9336C_FX2_V001, ViewLayer | Synchronizing object | CONSOLE_RJ45_contact_7
Fra:1 Mem:157.35M (Peak 157.35M) | Time:00:00.08 | Mem:0.00M, Peak:0.00M | CISCO_N9K_C9336C_FX2_V001, ViewLayer | Synchronizing object | CONSOLE_RJ45_contact_6
Fra:1 Mem:157.35M (Peak 157.35M) | Time:00:00.08 | Mem:0.00M, Peak:0.00M | CISCO_N9K_C9336C_FX2_V001, ViewLayer | Synchronizing object | CONSOLE_RJ45_contact_5
Fra:1 Mem:157.36M (Peak 157.36M) | Time:00:00.08 | Mem:0.00M, Peak:0.00M | CISCO_N9K_C9336C_FX2_V001, ViewLayer | Synchronizing object | CONSOLE_RJ45_contact_4
Fra:1 Mem:157.36M (Peak 157.36M) | Time:00:00.08 | Mem:0.00M, Peak:0.00M | CISCO_N9K_C9336C_FX2_V001, ViewLayer | Synchronizing object | CONSOLE_RJ45_contact_3
Fra:1 Mem:157.37M (Peak 157.37M) | Time:00:00.08 | Mem:0.00M, Peak:0.00M | CISCO_N9K_C9336C_FX2_V001, ViewLayer | Synchronizing object | CONSOLE_RJ45_contact_2
Fra:1 Mem:157.37M (Peak 157.37M) | Time:00:00.08 | Mem:0.00M, Peak:0.00M | CISCO_N9K_C9336C_FX2_V001, ViewLayer | Synchronizing object | CONSOLE_RJ45_contact_1
Fra:1 Mem:157.38M (Peak 157.38M) | Time:00:00.08 | Mem:0.00M, Peak:0.00M | CISCO_N9K_C9336C_FX2_V001, ViewLayer | Synchronizing object | CONSOLE_RJ45_contact_0
Fra:1 Mem:157.38M (Peak 157.38M) | Time:00:00.08 | Mem:0.00M, Peak:0.00M | CISCO_N9K_C9336C_FX2_V001, ViewLayer | Synchronizing object | CONSOLE_RJ45_deep_connector_stop
Fra:1 Mem:157.38M (Peak 157.38M) | Time:00:00.08 | Mem:0.00M, Peak:0.00M | CISCO_N9K_C9336C_FX2_V001, ViewLayer | Synchronizing object | CONSOLE_RJ45_keyed_plastic_body
Fra:1 Mem:157.38M (Peak 157.38M) | Time:00:00.08 | Mem:0.00M, Peak:0.00M | CISCO_N9K_C9336C_FX2_V001, ViewLayer | Synchronizing object | CONSOLE_RJ45_metal_shield
Fra:1 Mem:157.40M (Peak 157.40M) | Time:00:00.08 | Mem:0.00M, Peak:0.00M | CISCO_N9K_C9336C_FX2_V001, ViewLayer | Synchronizing object | Rear_service_panel_true_apertures
Fra:1 Mem:157.43M (Peak 157.43M) | Time:00:00.08 | Mem:0.00M, Peak:0.00M | CISCO_N9K_C9336C_FX2_V001, ViewLayer | Synchronizing object | PSU2_face_screw_24.5_39.3
Fra:1 Mem:157.45M (Peak 157.45M) | Time:00:00.08 | Mem:0.00M, Peak:0.00M | CISCO_N9K_C9336C_FX2_V001, ViewLayer | Synchronizing object | PSU2_face_screw_24.5_4.1
Fra:1 Mem:157.46M (Peak 157.46M) | Time:00:00.08 | Mem:0.00M, Peak:0.00M | CISCO_N9K_C9336C_FX2_V001, ViewLayer | Synchronizing object | PSU2_face_screw_-24.5_39.3
Fra:1 Mem:166.53M (Peak 166.53M) | Time:00:00.08 | Mem:0.00M, Peak:0.00M | CISCO_N9K_C9336C_FX2_V001, ViewLayer | Synchronizing object | PSU2_face_screw_-24.5_4.1
Fra:1 Mem:166.54M (Peak 166.54M) | Time:00:00.08 | Mem:0.00M, Peak:0.00M | CISCO_N9K_C9336C_FX2_V001, ViewLayer | Synchronizing object | PSU2_OK_legend
Fra:1 Mem:166.55M (Peak 166.55M) | Time:00:00.08 | Mem:0.00M, Peak:0.00M | CISCO_N9K_C9336C_FX2_V001, ViewLayer | Synchronizing object | PSU2_FAIL_legend
Fra:1 Mem:166.55M (Peak 166.55M) | Time:00:00.08 | Mem:0.00M, Peak:0.00M | CISCO_N9K_C9336C_FX2_V001, ViewLayer | Synchronizing object | PSU2_unpowered_LED_32.6
Fra:1 Mem:166.55M (Peak 166.55M) | Time:00:00.08 | Mem:0.00M, Peak:0.00M | CISCO_N9K_C9336C_FX2_V001, ViewLayer | Synchronizing object | PSU2_unpowered_LED_36.8
Fra:1 Mem:166.56M (Peak 166.56M) | Time:00:00.08 | Mem:0.00M, Peak:0.00M | CISCO_N9K_C9336C_FX2_V001, ViewLayer | Synchronizing object | PSU2_retainer_rib_315.4
Fra:1 Mem:166.56M (Peak 166.56M) | Time:00:00.08 | Mem:0.00M, Peak:0.00M | CISCO_N9K_C9336C_FX2_V001, ViewLayer | Synchronizing object | PSU2_retainer_rib_313.2
Fra:1 Mem:166.56M (Peak 166.56M) | Time:00:00.08 | Mem:0.00M, Peak:0.00M | CISCO_N9K_C9336C_FX2_V001, ViewLayer | Synchronizing object | PSU2_retainer_rib_311
Fra:1 Mem:166.57M (Peak 166.57M) | Time:00:00.08 | Mem:0.00M, Peak:0.00M | CISCO_N9K_C9336C_FX2_V001, ViewLayer | Synchronizing object | PSU2_retainer_rib_308.8
Fra:1 Mem:166.57M (Peak 166.57M) | Time:00:00.08 | Mem:0.00M, Peak:0.00M | CISCO_N9K_C9336C_FX2_V001, ViewLayer | Synchronizing object | PSU2_retainer_rib_306.6
Fra:1 Mem:166.58M (Peak 166.58M) | Time:00:00.08 | Mem:0.00M, Peak:0.00M | CISCO_N9K_C9336C_FX2_V001, ViewLayer | Synchronizing object | PSU2_retainer_rib_304.4
Fra:1 Mem:166.58M (Peak 166.58M) | Time:00:00.08 | Mem:0.00M, Peak:0.00M | CISCO_N9K_C9336C_FX2_V001, ViewLayer | Synchronizing object | PSU2_retainer_rib_302.2
Fra:1 Mem:166.59M (Peak 166.59M) | Time:00:00.08 | Mem:0.00M, Peak:0.00M | CISCO_N9K_C9336C_FX2_V001, ViewLayer | Synchronizing object | PSU2_retainer_rib_300
Fra:1 Mem:166.59M (Peak 166.59M) | Time:00:00.08 | Mem:0.00M, Peak:0.00M | CISCO_N9K_C9336C_FX2_V001, ViewLayer | Synchronizing object | PSU2_stowed_nylon_retention_loop
Fra:1 Mem:166.60M (Peak 166.60M) | Time:00:00.08 | Mem:0.00M, Peak:0.00M | CISCO_N9K_C9336C_FX2_V001, ViewLayer | Synchronizing object | PSU2_cord_retainer_anchor
Fra:1 Mem:166.60M (Peak 166.60M) | Time:00:00.08 | Mem:0.00M, Peak:0.00M | CISCO_N9K_C9336C_FX2_V001, ViewLayer | Synchronizing object | PSU2_BLUE_release_latch
Fra:1 Mem:166.60M (Peak 166.60M) | Time:00:00.08 | Mem:0.00M, Peak:0.00M | CISCO_N9K_C9336C_FX2_V001, ViewLayer | Synchronizing object | PSU2_silver_U_pull_handle
Fra:1 Mem:166.63M (Peak 166.63M) | Time:00:00.08 | Mem:0.00M, Peak:0.00M | CISCO_N9K_C9336C_FX2_V001, ViewLayer | Synchronizing object | PSU2_IEC_pin_2
Fra:1 Mem:166.64M (Peak 166.64M) | Time:00:00.08 | Mem:0.00M, Peak:0.00M | CISCO_N9K_C9336C_FX2_V001, ViewLayer | Synchronizing object | Fan3_rotor_housing_-1
Fra:1 Mem:166.64M (Peak 166.64M) | Time:00:00.08 | Mem:0.00M, Peak:0.00M | CISCO_N9K_C9336C_FX2_V001, ViewLayer | Synchronizing object | PSU2_IEC_pin_1
Fra:1 Mem:166.66M (Peak 166.66M) | Time:00:00.08 | Mem:0.00M, Peak:0.00M | CISCO_N9K_C9336C_FX2_V001, ViewLayer | Synchronizing object | PSU2_IEC_pin_0
Fra:1 Mem:166.67M (Peak 166.67M) | Time:00:00.08 | Mem:0.00M, Peak:0.00M | CISCO_N9K_C9336C_FX2_V001, ViewLayer | Synchronizing object | Fan3_hub_-1
Fra:1 Mem:166.68M (Peak 166.68M) | Time:00:00.08 | Mem:0.00M, Peak:0.00M | CISCO_N9K_C9336C_FX2_V001, ViewLayer | Synchronizing object | PSU2_IEC_recessed_black_floor
Fra:1 Mem:166.68M (Peak 166.68M) | Time:00:00.08 | Mem:0.00M, Peak:0.00M | CISCO_N9K_C9336C_FX2_V001, ViewLayer | Synchronizing object | PSU2_IEC_C14_black_inlet_housing
Fra:1 Mem:166.70M (Peak 166.70M) | Time:00:00.08 | Mem:0.00M, Peak:0.00M | CISCO_N9K_C9336C_FX2_V001, ViewLayer | Synchronizing object | PSU2_true_hex_cooling_vents
Fra:1 Mem:167.18M (Peak 167.18M) | Time:00:00.08 | Mem:0.00M, Peak:0.00M | CISCO_N9K_C9336C_FX2_V001, ViewLayer | Synchronizing object | Fan3_blade_-1_0
Fra:1 Mem:167.18M (Peak 167.18M) | Time:00:00.08 | Mem:0.00M, Peak:0.00M | CISCO_N9K_C9336C_FX2_V001, ViewLayer | Synchronizing object | Fan3_blade_-1_2
Fra:1 Mem:167.18M (Peak 167.18M) | Time:00:00.09 | Mem:0.00M, Peak:0.00M | CISCO_N9K_C9336C_FX2_V001, ViewLayer | Synchronizing object | PSU2_inlet_vent_divider
Fra:1 Mem:167.18M (Peak 167.18M) | Time:00:00.09 | Mem:0.00M, Peak:0.00M | CISCO_N9K_C9336C_FX2_V001, ViewLayer | Synchronizing object | PSU2_front_face_rim
Fra:1 Mem:167.20M (Peak 167.20M) | Time:00:00.09 | Mem:0.00M, Peak:0.00M | CISCO_N9K_C9336C_FX2_V001, ViewLayer | Synchronizing object | PSU2_internal_opaque_baffle
Fra:1 Mem:167.20M (Peak 167.20M) | Time:00:00.09 | Mem:0.00M, Peak:0.00M | CISCO_N9K_C9336C_FX2_V001, ViewLayer | Synchronizing object | PSU2_internal_mating_block
Fra:1 Mem:167.21M (Peak 167.21M) | Time:00:00.09 | Mem:0.00M, Peak:0.00M | CISCO_N9K_C9336C_FX2_V001, ViewLayer | Synchronizing object | PSU2_rear_internal_endcap
Fra:1 Mem:167.22M (Peak 167.22M) | Time:00:00.09 | Mem:0.00M, Peak:0.00M | CISCO_N9K_C9336C_FX2_V001, ViewLayer | Synchronizing object | PSU2_formed_silver_shell
Fra:1 Mem:167.24M (Peak 167.24M) | Time:00:00.09 | Mem:0.00M, Peak:0.00M | CISCO_N9K_C9336C_FX2_V001, ViewLayer | Synchronizing object | PSU1_face_screw_24.5_39.3
Fra:1 Mem:167.26M (Peak 167.26M) | Time:00:00.09 | Mem:0.00M, Peak:0.00M | CISCO_N9K_C9336C_FX2_V001, ViewLayer | Synchronizing object | PSU1_face_screw_24.5_4.1
Fra:1 Mem:167.27M (Peak 167.27M) | Time:00:00.09 | Mem:0.00M, Peak:0.00M | CISCO_N9K_C9336C_FX2_V001, ViewLayer | Synchronizing object | PSU1_face_screw_-24.5_39.3
Fra:1 Mem:167.29M (Peak 167.29M) | Time:00:00.09 | Mem:0.00M, Peak:0.00M | CISCO_N9K_C9336C_FX2_V001, ViewLayer | Synchronizing object | PSU1_face_screw_-24.5_4.1
Fra:1 Mem:167.31M (Peak 167.31M) | Time:00:00.09 | Mem:0.00M, Peak:0.00M | CISCO_N9K_C9336C_FX2_V001, ViewLayer | Synchronizing object | PSU1_OK_legend
Fra:1 Mem:167.31M (Peak 167.31M) | Time:00:00.09 | Mem:0.00M, Peak:0.00M | CISCO_N9K_C9336C_FX2_V001, ViewLayer | Synchronizing object | PSU1_FAIL_legend
Fra:1 Mem:167.32M (Peak 167.32M) | Time:00:00.09 | Mem:0.00M, Peak:0.00M | CISCO_N9K_C9336C_FX2_V001, ViewLayer | Synchronizing object | PSU1_unpowered_LED_32.6
Fra:1 Mem:167.32M (Peak 167.32M) | Time:00:00.09 | Mem:0.00M, Peak:0.00M | CISCO_N9K_C9336C_FX2_V001, ViewLayer | Synchronizing object | PSU1_unpowered_LED_36.8
Fra:1 Mem:167.32M (Peak 167.32M) | Time:00:00.09 | Mem:0.00M, Peak:0.00M | CISCO_N9K_C9336C_FX2_V001, ViewLayer | Synchronizing object | PSU1_retainer_rib_315.4
Fra:1 Mem:167.33M (Peak 167.33M) | Time:00:00.09 | Mem:0.00M, Peak:0.00M | CISCO_N9K_C9336C_FX2_V001, ViewLayer | Synchronizing object | PSU1_retainer_rib_313.2
Fra:1 Mem:167.33M (Peak 167.33M) | Time:00:00.09 | Mem:0.00M, Peak:0.00M | CISCO_N9K_C9336C_FX2_V001, ViewLayer | Synchronizing object | PSU1_retainer_rib_311
Fra:1 Mem:167.33M (Peak 167.33M) | Time:00:00.09 | Mem:0.00M, Peak:0.00M | CISCO_N9K_C9336C_FX2_V001, ViewLayer | Synchronizing object | PSU1_retainer_rib_308.8
Fra:1 Mem:167.34M (Peak 167.34M) | Time:00:00.09 | Mem:0.00M, Peak:0.00M | CISCO_N9K_C9336C_FX2_V001, ViewLayer | Synchronizing object | PSU1_retainer_rib_306.6
Fra:1 Mem:167.34M (Peak 167.34M) | Time:00:00.09 | Mem:0.00M, Peak:0.00M | CISCO_N9K_C9336C_FX2_V001, ViewLayer | Synchronizing object | PSU1_retainer_rib_304.4
Fra:1 Mem:167.35M (Peak 167.35M) | Time:00:00.09 | Mem:0.00M, Peak:0.00M | CISCO_N9K_C9336C_FX2_V001, ViewLayer | Synchronizing object | PSU1_retainer_rib_302.2
Fra:1 Mem:167.35M (Peak 167.35M) | Time:00:00.09 | Mem:0.00M, Peak:0.00M | CISCO_N9K_C9336C_FX2_V001, ViewLayer | Synchronizing object | PSU1_retainer_rib_300
Fra:1 Mem:167.36M (Peak 167.36M) | Time:00:00.09 | Mem:0.00M, Peak:0.00M | CISCO_N9K_C9336C_FX2_V001, ViewLayer | Synchronizing object | PSU1_stowed_nylon_retention_loop
Fra:1 Mem:167.36M (Peak 167.36M) | Time:00:00.09 | Mem:0.00M, Peak:0.00M | CISCO_N9K_C9336C_FX2_V001, ViewLayer | Synchronizing object | PSU1_cord_retainer_anchor
Fra:1 Mem:167.37M (Peak 167.37M) | Time:00:00.09 | Mem:0.00M, Peak:0.00M | CISCO_N9K_C9336C_FX2_V001, ViewLayer | Synchronizing object | PSU1_BLUE_release_latch
Fra:1 Mem:167.37M (Peak 167.37M) | Time:00:00.09 | Mem:0.00M, Peak:0.00M | CISCO_N9K_C9336C_FX2_V001, ViewLayer | Synchronizing object | PSU1_silver_U_pull_handle
Fra:1 Mem:167.39M (Peak 167.39M) | Time:00:00.09 | Mem:0.00M, Peak:0.00M | CISCO_N9K_C9336C_FX2_V001, ViewLayer | Synchronizing object | PSU1_IEC_pin_2
Fra:1 Mem:167.41M (Peak 167.41M) | Time:00:00.09 | Mem:0.00M, Peak:0.00M | CISCO_N9K_C9336C_FX2_V001, ViewLayer | Synchronizing object | PSU1_IEC_pin_1
Fra:1 Mem:167.42M (Peak 167.42M) | Time:00:00.09 | Mem:0.00M, Peak:0.00M | CISCO_N9K_C9336C_FX2_V001, ViewLayer | Synchronizing object | PSU1_IEC_pin_0
Fra:1 Mem:167.43M (Peak 167.43M) | Time:00:00.09 | Mem:0.00M, Peak:0.00M | CISCO_N9K_C9336C_FX2_V001, ViewLayer | Synchronizing object | PSU1_IEC_recessed_black_floor
Fra:1 Mem:167.43M (Peak 167.43M) | Time:00:00.09 | Mem:0.00M, Peak:0.00M | CISCO_N9K_C9336C_FX2_V001, ViewLayer | Synchronizing object | PSU1_IEC_C14_black_inlet_housing
Fra:1 Mem:167.46M (Peak 167.46M) | Time:00:00.09 | Mem:0.00M, Peak:0.00M | CISCO_N9K_C9336C_FX2_V001, ViewLayer | Synchronizing object | PSU1_true_hex_cooling_vents
Fra:1 Mem:167.93M (Peak 167.93M) | Time:00:00.09 | Mem:0.00M, Peak:0.00M | CISCO_N9K_C9336C_FX2_V001, ViewLayer | Synchronizing object | PSU1_inlet_vent_divider
Fra:1 Mem:167.94M (Peak 167.94M) | Time:00:00.09 | Mem:0.00M, Peak:0.00M | CISCO_N9K_C9336C_FX2_V001, ViewLayer | Synchronizing object | PSU1_front_face_rim
Fra:1 Mem:167.96M (Peak 167.96M) | Time:00:00.09 | Mem:0.00M, Peak:0.00M | CISCO_N9K_C9336C_FX2_V001, ViewLayer | Synchronizing object | PSU1_internal_opaque_baffle
Fra:1 Mem:167.96M (Peak 167.96M) | Time:00:00.09 | Mem:0.00M, Peak:0.00M | CISCO_N9K_C9336C_FX2_V001, ViewLayer | Synchronizing object | PSU1_internal_mating_block
Fra:1 Mem:167.96M (Peak 167.96M) | Time:00:00.09 | Mem:0.00M, Peak:0.00M | CISCO_N9K_C9336C_FX2_V001, ViewLayer | Synchronizing object | PSU1_rear_internal_endcap
Fra:1 Mem:167.97M (Peak 167.97M) | Time:00:00.09 | Mem:0.00M, Peak:0.00M | CISCO_N9K_C9336C_FX2_V001, ViewLayer | Synchronizing object | PSU1_formed_silver_shell
Fra:1 Mem:167.99M (Peak 167.99M) | Time:00:00.09 | Mem:0.00M, Peak:0.00M | CISCO_N9K_C9336C_FX2_V001, ViewLayer | Synchronizing object | Fan3_fine_vertical_thumb_rib_1_9
Fra:1 Mem:168.00M (Peak 168.00M) | Time:00:00.09 | Mem:0.00M, Peak:0.00M | CISCO_N9K_C9336C_FX2_V001, ViewLayer | Synchronizing object | Fan3_fine_vertical_thumb_rib_1_8
Fra:1 Mem:168.00M (Peak 168.00M) | Time:00:00.09 | Mem:0.00M, Peak:0.00M | CISCO_N9K_C9336C_FX2_V001, ViewLayer | Synchronizing object | Fan3_fine_vertical_thumb_rib_1_7
Fra:1 Mem:168.01M (Peak 168.01M) | Time:00:00.09 | Mem:0.00M, Peak:0.00M | CISCO_N9K_C9336C_FX2_V001, ViewLayer | Synchronizing object | Fan3_fine_vertical_thumb_rib_1_6
Fra:1 Mem:168.01M (Peak 168.01M) | Time:00:00.09 | Mem:0.00M, Peak:0.00M | CISCO_N9K_C9336C_FX2_V001, ViewLayer | Synchronizing object | Fan3_fine_vertical_thumb_rib_1_5
Fra:1 Mem:168.01M (Peak 168.01M) | Time:00:00.09 | Mem:0.00M, Peak:0.00M | CISCO_N9K_C9336C_FX2_V001, ViewLayer | Synchronizing object | Fan3_fine_vertical_thumb_rib_1_4
Fra:1 Mem:168.02M (Peak 168.02M) | Time:00:00.09 | Mem:0.00M, Peak:0.00M | CISCO_N9K_C9336C_FX2_V001, ViewLayer | Synchronizing object | Fan3_fine_vertical_thumb_rib_1_3
Fra:1 Mem:168.02M (Peak 168.02M) | Time:00:00.09 | Mem:0.00M, Peak:0.00M | CISCO_N9K_C9336C_FX2_V001, ViewLayer | Synchronizing object | Fan3_fine_vertical_thumb_rib_1_2
Fra:1 Mem:168.03M (Peak 168.03M) | Time:00:00.09 | Mem:0.00M, Peak:0.00M | CISCO_N9K_C9336C_FX2_V001, ViewLayer | Synchronizing object | Fan3_fine_vertical_thumb_rib_1_1
Fra:1 Mem:168.03M (Peak 168.03M) | Time:00:00.09 | Mem:0.00M, Peak:0.00M | CISCO_N9K_C9336C_FX2_V001, ViewLayer | Synchronizing object | Fan3_fine_vertical_thumb_rib_1_0
Fra:1 Mem:168.04M (Peak 168.04M) | Time:00:00.09 | Mem:0.00M, Peak:0.00M | CISCO_N9K_C9336C_FX2_V001, ViewLayer | Synchronizing object | Fan3_fine_vertical_thumb_rib_-1_9
Fra:1 Mem:168.04M (Peak 168.04M) | Time:00:00.09 | Mem:0.00M, Peak:0.00M | CISCO_N9K_C9336C_FX2_V001, ViewLayer | Synchronizing object | Fan3_fine_vertical_thumb_rib_-1_8
Fra:1 Mem:168.04M (Peak 168.04M) | Time:00:00.09 | Mem:0.00M, Peak:0.00M | CISCO_N9K_C9336C_FX2_V001, ViewLayer | Synchronizing object | Fan3_fine_vertical_thumb_rib_-1_7
Fra:1 Mem:168.05M (Peak 168.05M) | Time:00:00.09 | Mem:0.00M, Peak:0.00M | CISCO_N9K_C9336C_FX2_V001, ViewLayer | Synchronizing object | Fan3_fine_vertical_thumb_rib_-1_6
Fra:1 Mem:168.05M (Peak 168.05M) | Time:00:00.09 | Mem:0.00M, Peak:0.00M | CISCO_N9K_C9336C_FX2_V001, ViewLayer | Synchronizing object | Fan3_fine_vertical_thumb_rib_-1_5
Fra:1 Mem:168.06M (Peak 168.06M) | Time:00:00.09 | Mem:0.00M, Peak:0.00M | CISCO_N9K_C9336C_FX2_V001, ViewLayer | Synchronizing object | Fan3_fine_vertical_thumb_rib_-1_4
Fra:1 Mem:168.06M (Peak 168.06M) | Time:00:00.09 | Mem:0.00M, Peak:0.00M | CISCO_N9K_C9336C_FX2_V001, ViewLayer | Synchronizing object | Fan3_fine_vertical_thumb_rib_-1_3
Fra:1 Mem:168.07M (Peak 168.07M) | Time:00:00.09 | Mem:0.00M, Peak:0.00M | CISCO_N9K_C9336C_FX2_V001, ViewLayer | Synchronizing object | Fan3_fine_vertical_thumb_rib_-1_2
Fra:1 Mem:168.07M (Peak 168.07M) | Time:00:00.09 | Mem:0.00M, Peak:0.00M | CISCO_N9K_C9336C_FX2_V001, ViewLayer | Synchronizing object | Fan3_fine_vertical_thumb_rib_-1_1
Fra:1 Mem:168.07M (Peak 168.07M) | Time:00:00.09 | Mem:0.00M, Peak:0.00M | CISCO_N9K_C9336C_FX2_V001, ViewLayer | Synchronizing object | Fan3_fine_vertical_thumb_rib_-1_0
Fra:1 Mem:168.08M (Peak 168.08M) | Time:00:00.09 | Mem:0.00M, Peak:0.00M | CISCO_N9K_C9336C_FX2_V001, ViewLayer | Synchronizing object | Fan2_fine_vertical_thumb_rib_1_9
Fra:1 Mem:168.08M (Peak 168.08M) | Time:00:00.09 | Mem:0.00M, Peak:0.00M | CISCO_N9K_C9336C_FX2_V001, ViewLayer | Synchronizing object | Fan2_fine_vertical_thumb_rib_1_8
Fra:1 Mem:168.09M (Peak 168.09M) | Time:00:00.09 | Mem:0.00M, Peak:0.00M | CISCO_N9K_C9336C_FX2_V001, ViewLayer | Synchronizing object | Fan2_fine_vertical_thumb_rib_1_7
Fra:1 Mem:168.09M (Peak 168.09M) | Time:00:00.09 | Mem:0.00M, Peak:0.00M | CISCO_N9K_C9336C_FX2_V001, ViewLayer | Synchronizing object | Fan2_fine_vertical_thumb_rib_1_6
Fra:1 Mem:168.10M (Peak 168.10M) | Time:00:00.09 | Mem:0.00M, Peak:0.00M | CISCO_N9K_C9336C_FX2_V001, ViewLayer | Synchronizing object | Fan2_fine_vertical_thumb_rib_1_5
Fra:1 Mem:168.10M (Peak 168.10M) | Time:00:00.09 | Mem:0.00M, Peak:0.00M | CISCO_N9K_C9336C_FX2_V001, ViewLayer | Synchronizing object | Fan2_fine_vertical_thumb_rib_1_4
Fra:1 Mem:168.10M (Peak 168.10M) | Time:00:00.09 | Mem:0.00M, Peak:0.00M | CISCO_N9K_C9336C_FX2_V001, ViewLayer | Synchronizing object | Fan2_fine_vertical_thumb_rib_1_3
Fra:1 Mem:168.11M (Peak 168.11M) | Time:00:00.09 | Mem:0.00M, Peak:0.00M | CISCO_N9K_C9336C_FX2_V001, ViewLayer | Synchronizing object | Fan2_fine_vertical_thumb_rib_1_2
Fra:1 Mem:168.11M (Peak 168.11M) | Time:00:00.09 | Mem:0.00M, Peak:0.00M | CISCO_N9K_C9336C_FX2_V001, ViewLayer | Synchronizing object | Fan2_fine_vertical_thumb_rib_1_1
Fra:1 Mem:168.12M (Peak 168.12M) | Time:00:00.09 | Mem:0.00M, Peak:0.00M | CISCO_N9K_C9336C_FX2_V001, ViewLayer | Synchronizing object | Fan2_fine_vertical_thumb_rib_1_0
Fra:1 Mem:168.12M (Peak 168.12M) | Time:00:00.09 | Mem:0.00M, Peak:0.00M | CISCO_N9K_C9336C_FX2_V001, ViewLayer | Synchronizing object | Fan2_fine_vertical_thumb_rib_-1_9
Fra:1 Mem:168.13M (Peak 168.13M) | Time:00:00.09 | Mem:0.00M, Peak:0.00M | CISCO_N9K_C9336C_FX2_V001, ViewLayer | Synchronizing object | Fan2_fine_vertical_thumb_rib_-1_8
Fra:1 Mem:168.13M (Peak 168.13M) | Time:00:00.09 | Mem:0.00M, Peak:0.00M | CISCO_N9K_C9336C_FX2_V001, ViewLayer | Synchronizing object | Fan2_fine_vertical_thumb_rib_-1_7
Fra:1 Mem:168.13M (Peak 168.13M) | Time:00:00.09 | Mem:0.00M, Peak:0.00M | CISCO_N9K_C9336C_FX2_V001, ViewLayer | Synchronizing object | Fan2_fine_vertical_thumb_rib_-1_6
Fra:1 Mem:168.14M (Peak 168.14M) | Time:00:00.09 | Mem:0.00M, Peak:0.00M | CISCO_N9K_C9336C_FX2_V001, ViewLayer | Synchronizing object | Fan2_fine_vertical_thumb_rib_-1_5
Fra:1 Mem:168.14M (Peak 168.14M) | Time:00:00.09 | Mem:0.00M, Peak:0.00M | CISCO_N9K_C9336C_FX2_V001, ViewLayer | Synchronizing object | Fan2_fine_vertical_thumb_rib_-1_4
Fra:1 Mem:168.15M (Peak 168.15M) | Time:00:00.09 | Mem:0.00M, Peak:0.00M | CISCO_N9K_C9336C_FX2_V001, ViewLayer | Synchronizing object | Fan2_fine_vertical_thumb_rib_-1_3
Fra:1 Mem:168.15M (Peak 168.15M) | Time:00:00.09 | Mem:0.00M, Peak:0.00M | CISCO_N9K_C9336C_FX2_V001, ViewLayer | Synchronizing object | Fan2_fine_vertical_thumb_rib_-1_2
Fra:1 Mem:168.16M (Peak 168.16M) | Time:00:00.09 | Mem:0.00M, Peak:0.00M | CISCO_N9K_C9336C_FX2_V001, ViewLayer | Synchronizing object | Fan2_fine_vertical_thumb_rib_-1_1
Fra:1 Mem:168.16M (Peak 168.16M) | Time:00:00.09 | Mem:0.00M, Peak:0.00M | CISCO_N9K_C9336C_FX2_V001, ViewLayer | Synchronizing object | Fan2_fine_vertical_thumb_rib_-1_0
Fra:1 Mem:168.16M (Peak 168.16M) | Time:00:00.09 | Mem:0.00M, Peak:0.00M | CISCO_N9K_C9336C_FX2_V001, ViewLayer | Synchronizing object | Fan1_fine_vertical_thumb_rib_1_9
Fra:1 Mem:168.17M (Peak 168.17M) | Time:00:00.09 | Mem:0.00M, Peak:0.00M | CISCO_N9K_C9336C_FX2_V001, ViewLayer | Synchronizing object | Fan1_fine_vertical_thumb_rib_1_8
Fra:1 Mem:168.17M (Peak 168.17M) | Time:00:00.09 | Mem:0.00M, Peak:0.00M | CISCO_N9K_C9336C_FX2_V001, ViewLayer | Synchronizing object | Fan1_fine_vertical_thumb_rib_1_7
Fra:1 Mem:168.18M (Peak 168.18M) | Time:00:00.09 | Mem:0.00M, Peak:0.00M | CISCO_N9K_C9336C_FX2_V001, ViewLayer | Synchronizing object | Fan1_fine_vertical_thumb_rib_1_6
Fra:1 Mem:168.18M (Peak 168.18M) | Time:00:00.09 | Mem:0.00M, Peak:0.00M | CISCO_N9K_C9336C_FX2_V001, ViewLayer | Synchronizing object | Fan1_fine_vertical_thumb_rib_1_5
Fra:1 Mem:168.19M (Peak 168.19M) | Time:00:00.09 | Mem:0.00M, Peak:0.00M | CISCO_N9K_C9336C_FX2_V001, ViewLayer | Synchronizing object | Fan1_fine_vertical_thumb_rib_1_4
Fra:1 Mem:168.19M (Peak 168.19M) | Time:00:00.09 | Mem:0.00M, Peak:0.00M | CISCO_N9K_C9336C_FX2_V001, ViewLayer | Synchronizing object | Fan1_fine_vertical_thumb_rib_1_3
Fra:1 Mem:168.20M (Peak 168.20M) | Time:00:00.09 | Mem:0.00M, Peak:0.00M | CISCO_N9K_C9336C_FX2_V001, ViewLayer | Synchronizing object | Fan1_fine_vertical_thumb_rib_1_2
Fra:1 Mem:168.20M (Peak 168.20M) | Time:00:00.09 | Mem:0.00M, Peak:0.00M | CISCO_N9K_C9336C_FX2_V001, ViewLayer | Synchronizing object | Fan1_fine_vertical_thumb_rib_1_1
Fra:1 Mem:168.20M (Peak 168.20M) | Time:00:00.09 | Mem:0.00M, Peak:0.00M | CISCO_N9K_C9336C_FX2_V001, ViewLayer | Synchronizing object | Fan1_fine_vertical_thumb_rib_1_0
Fra:1 Mem:168.21M (Peak 168.21M) | Time:00:00.09 | Mem:0.00M, Peak:0.00M | CISCO_N9K_C9336C_FX2_V001, ViewLayer | Synchronizing object | Fan1_fine_vertical_thumb_rib_-1_9
Fra:1 Mem:168.21M (Peak 168.21M) | Time:00:00.09 | Mem:0.00M, Peak:0.00M | CISCO_N9K_C9336C_FX2_V001, ViewLayer | Synchronizing object | Fan1_fine_vertical_thumb_rib_-1_8
Fra:1 Mem:168.22M (Peak 168.22M) | Time:00:00.09 | Mem:0.00M, Peak:0.00M | CISCO_N9K_C9336C_FX2_V001, ViewLayer | Synchronizing object | Fan1_fine_vertical_thumb_rib_-1_7
Fra:1 Mem:168.22M (Peak 168.22M) | Time:00:00.09 | Mem:0.00M, Peak:0.00M | CISCO_N9K_C9336C_FX2_V001, ViewLayer | Synchronizing object | Fan1_fine_vertical_thumb_rib_-1_6
Fra:1 Mem:168.23M (Peak 168.23M) | Time:00:00.09 | Mem:0.00M, Peak:0.00M | CISCO_N9K_C9336C_FX2_V001, ViewLayer | Synchronizing object | Fan1_fine_vertical_thumb_rib_-1_5
Fra:1 Mem:168.23M (Peak 168.23M) | Time:00:00.09 | Mem:0.00M, Peak:0.00M | CISCO_N9K_C9336C_FX2_V001, ViewLayer | Synchronizing object | Fan1_fine_vertical_thumb_rib_-1_4
Fra:1 Mem:168.23M (Peak 168.23M) | Time:00:00.09 | Mem:0.00M, Peak:0.00M | CISCO_N9K_C9336C_FX2_V001, ViewLayer | Synchronizing object | Fan1_fine_vertical_thumb_rib_-1_3
Fra:1 Mem:168.24M (Peak 168.24M) | Time:00:00.09 | Mem:0.00M, Peak:0.00M | CISCO_N9K_C9336C_FX2_V001, ViewLayer | Synchronizing object | Fan1_fine_vertical_thumb_rib_-1_2
Fra:1 Mem:168.24M (Peak 168.24M) | Time:00:00.09 | Mem:0.00M, Peak:0.00M | CISCO_N9K_C9336C_FX2_V001, ViewLayer | Synchronizing object | Fan1_fine_vertical_thumb_rib_-1_1
Fra:1 Mem:168.25M (Peak 168.25M) | Time:00:00.09 | Mem:0.00M, Peak:0.00M | CISCO_N9K_C9336C_FX2_V001, ViewLayer | Synchronizing object | Fan1_fine_vertical_thumb_rib_-1_0
Fra:1 Mem:168.25M (Peak 168.25M) | Time:00:00.09 | Mem:0.00M, Peak:0.00M | CISCO_N9K_C9336C_FX2_V001, ViewLayer | Synchronizing object | Fan3_flush_lock_pin_39
Fra:1 Mem:168.26M (Peak 168.26M) | Time:00:00.09 | Mem:0.00M, Peak:0.00M | CISCO_N9K_C9336C_FX2_V001, ViewLayer | Synchronizing object | Fan3_flush_lock_pin_-39
Fra:1 Mem:168.27M (Peak 168.27M) | Time:00:00.09 | Mem:0.00M, Peak:0.00M | CISCO_N9K_C9336C_FX2_V001, ViewLayer | Synchronizing object | Fan3_known_PID
Fra:1 Mem:168.29M (Peak 168.29M) | Time:00:00.09 | Mem:0.00M, Peak:0.00M | CISCO_N9K_C9336C_FX2_V001, ViewLayer | Synchronizing object | Fan3_PID_label_recess
Fra:1 Mem:168.30M (Peak 168.30M) | Time:00:00.09 | Mem:0.00M, Peak:0.00M | CISCO_N9K_C9336C_FX2_V001, ViewLayer | Synchronizing object | Fan3_latch_thumb_flare_1
Fra:1 Mem:168.30M (Peak 168.30M) | Time:00:00.09 | Mem:0.00M, Peak:0.00M | CISCO_N9K_C9336C_FX2_V001, ViewLayer | Synchronizing object | Fan3_BLUE_release_latch_1
Fra:1 Mem:168.31M (Peak 168.31M) | Time:00:00.09 | Mem:0.00M, Peak:0.00M | CISCO_N9K_C9336C_FX2_V001, ViewLayer | Synchronizing object | Fan3_latch_thumb_flare_-1
Fra:1 Mem:168.31M (Peak 168.31M) | Time:00:00.09 | Mem:0.00M, Peak:0.00M | CISCO_N9K_C9336C_FX2_V001, ViewLayer | Synchronizing object | Fan3_BLUE_release_latch_-1
Fra:1 Mem:168.32M (Peak 168.32M) | Time:00:00.09 | Mem:0.00M, Peak:0.00M | CISCO_N9K_C9336C_FX2_V001, ViewLayer | Synchronizing object | Fan3_molded_trapezoid_pull_handle
Fra:1 Mem:168.34M (Peak 168.34M) | Time:00:00.09 | Mem:0.00M, Peak:0.00M | CISCO_N9K_C9336C_FX2_V001, ViewLayer | Synchronizing object | Fan3_true_honeycomb_front_grille
Fra:1 Mem:172.16M (Peak 172.16M) | Time:00:00.10 | Mem:0.00M, Peak:0.00M | CISCO_N9K_C9336C_FX2_V001, ViewLayer | Synchronizing object | Fan3_blade_-1_3
Fra:1 Mem:172.16M (Peak 172.16M) | Time:00:00.11 | Mem:0.00M, Peak:0.00M | CISCO_N9K_C9336C_FX2_V001, ViewLayer | Synchronizing object | Fan3_front_frame
Fra:1 Mem:172.17M (Peak 172.17M) | Time:00:00.11 | Mem:0.00M, Peak:0.00M | CISCO_N9K_C9336C_FX2_V001, ViewLayer | Synchronizing object | Fan3_rear_power_contact_block_1
Fra:1 Mem:172.17M (Peak 172.17M) | Time:00:00.11 | Mem:0.00M, Peak:0.00M | CISCO_N9K_C9336C_FX2_V001, ViewLayer | Synchronizing object | Fan3_top_retention_rail_1
Fra:1 Mem:172.19M (Peak 172.19M) | Time:00:00.11 | Mem:0.00M, Peak:0.00M | CISCO_N9K_C9336C_FX2_V001, ViewLayer | Synchronizing object | Fan3_blade_1_6
Fra:1 Mem:172.19M (Peak 172.19M) | Time:00:00.11 | Mem:0.00M, Peak:0.00M | CISCO_N9K_C9336C_FX2_V001, ViewLayer | Synchronizing object | Fan3_blade_1_5
Fra:1 Mem:172.19M (Peak 172.19M) | Time:00:00.11 | Mem:0.00M, Peak:0.00M | CISCO_N9K_C9336C_FX2_V001, ViewLayer | Synchronizing object | Fan3_blade_1_4
Fra:1 Mem:172.19M (Peak 172.19M) | Time:00:00.11 | Mem:0.00M, Peak:0.00M | CISCO_N9K_C9336C_FX2_V001, ViewLayer | Synchronizing object | Fan3_blade_1_3
Fra:1 Mem:172.19M (Peak 172.19M) | Time:00:00.11 | Mem:0.00M, Peak:0.00M | CISCO_N9K_C9336C_FX2_V001, ViewLayer | Synchronizing object | Fan3_blade_1_2
Fra:1 Mem:172.19M (Peak 172.19M) | Time:00:00.11 | Mem:0.00M, Peak:0.00M | CISCO_N9K_C9336C_FX2_V001, ViewLayer | Synchronizing object | Fan3_blade_1_1
Fra:1 Mem:172.19M (Peak 172.19M) | Time:00:00.11 | Mem:0.00M, Peak:0.00M | CISCO_N9K_C9336C_FX2_V001, ViewLayer | Synchronizing object | Fan3_blade_1_0
Fra:1 Mem:172.19M (Peak 172.19M) | Time:00:00.11 | Mem:0.00M, Peak:0.00M | CISCO_N9K_C9336C_FX2_V001, ViewLayer | Synchronizing object | Fan3_hub_1
Fra:1 Mem:172.20M (Peak 172.20M) | Time:00:00.11 | Mem:0.00M, Peak:0.00M | CISCO_N9K_C9336C_FX2_V001, ViewLayer | Synchronizing object | Fan3_rotor_housing_1
Fra:1 Mem:172.20M (Peak 172.20M) | Time:00:00.11 | Mem:0.00M, Peak:0.00M | CISCO_N9K_C9336C_FX2_V001, ViewLayer | Synchronizing object | Fan3_rear_power_contact_block_-1
Fra:1 Mem:172.21M (Peak 172.21M) | Time:00:00.11 | Mem:0.00M, Peak:0.00M | CISCO_N9K_C9336C_FX2_V001, ViewLayer | Synchronizing object | Fan3_top_retention_rail_-1
Fra:1 Mem:172.22M (Peak 172.22M) | Time:00:00.11 | Mem:0.00M, Peak:0.00M | CISCO_N9K_C9336C_FX2_V001, ViewLayer | Synchronizing object | Fan3_blade_-1_6
Fra:1 Mem:172.22M (Peak 172.22M) | Time:00:00.11 | Mem:0.00M, Peak:0.00M | CISCO_N9K_C9336C_FX2_V001, ViewLayer | Synchronizing object | Fan3_blade_-1_5
Fra:1 Mem:172.22M (Peak 172.22M) | Time:00:00.11 | Mem:0.00M, Peak:0.00M | CISCO_N9K_C9336C_FX2_V001, ViewLayer | Synchronizing object | Fan3_blade_-1_4
Fra:1 Mem:172.22M (Peak 181.27M) | Time:00:00.29 | Mem:0.00M, Peak:0.00M | CISCO_N9K_C9336C_FX2_V001, ViewLayer | Initializing
Fra:1 Mem:167.77M (Peak 181.27M) | Time:00:00.30 | Mem:0.00M, Peak:0.00M | CISCO_N9K_C9336C_FX2_V001, ViewLayer | Updating Images | Loading NWR_original_chassis_label_baked
Fra:1 Mem:167.77M (Peak 181.27M) | Time:00:00.30 | Mem:0.00M, Peak:0.00M | CISCO_N9K_C9336C_FX2_V001, ViewLayer | Updating Images | Loading chassis-satin-nickel-roughness
Fra:1 Mem:167.77M (Peak 181.27M) | Time:00:00.30 | Mem:0.00M, Peak:0.00M | CISCO_N9K_C9336C_FX2_V001, ViewLayer | Updating Images | Loading dark-grille-metal-roughness
Fra:1 Mem:154.79M (Peak 181.31M) | Time:00:00.36 | Mem:7.50M, Peak:7.50M | CISCO_N9K_C9336C_FX2_V001, ViewLayer | Waiting for render to start
Fra:1 Mem:154.79M (Peak 181.31M) | Time:00:00.36 | Mem:7.50M, Peak:7.50M | CISCO_N9K_C9336C_FX2_V001, ViewLayer | Loading render kernels (may take a few minutes the first time)
Fra:1 Mem:154.79M (Peak 181.31M) | Time:00:00.36 | Mem:7.50M, Peak:7.50M | CISCO_N9K_C9336C_FX2_V001, ViewLayer | Updating Scene
Fra:1 Mem:154.79M (Peak 181.31M) | Time:00:00.36 | Mem:7.50M, Peak:7.50M | CISCO_N9K_C9336C_FX2_V001, ViewLayer | Updating Shaders
Fra:1 Mem:154.88M (Peak 181.31M) | Time:00:00.36 | Mem:7.51M, Peak:7.51M | CISCO_N9K_C9336C_FX2_V001, ViewLayer | Updating Procedurals
Fra:1 Mem:154.88M (Peak 181.31M) | Time:00:00.36 | Mem:7.51M, Peak:7.51M | CISCO_N9K_C9336C_FX2_V001, ViewLayer | Updating Background
Fra:1 Mem:154.88M (Peak 181.31M) | Time:00:00.36 | Mem:7.51M, Peak:7.51M | CISCO_N9K_C9336C_FX2_V001, ViewLayer | Updating Camera
Fra:1 Mem:154.88M (Peak 181.31M) | Time:00:00.36 | Mem:7.51M, Peak:7.51M | CISCO_N9K_C9336C_FX2_V001, ViewLayer | Updating Meshes Flags
Fra:1 Mem:154.88M (Peak 181.31M) | Time:00:00.36 | Mem:7.51M, Peak:7.51M | CISCO_N9K_C9336C_FX2_V001, ViewLayer | Updating Objects
Fra:1 Mem:154.88M (Peak 181.31M) | Time:00:00.36 | Mem:7.51M, Peak:7.51M | CISCO_N9K_C9336C_FX2_V001, ViewLayer | Updating Objects | Copying Transformations to device
Fra:1 Mem:155.11M (Peak 181.31M) | Time:00:00.36 | Mem:7.73M, Peak:7.73M | CISCO_N9K_C9336C_FX2_V001, ViewLayer | Updating Objects | Applying Static Transformations
Fra:1 Mem:155.11M (Peak 181.31M) | Time:00:00.36 | Mem:7.73M, Peak:7.73M | CISCO_N9K_C9336C_FX2_V001, ViewLayer | Updating Particle Systems
Fra:1 Mem:155.11M (Peak 181.31M) | Time:00:00.36 | Mem:7.73M, Peak:7.73M | CISCO_N9K_C9336C_FX2_V001, ViewLayer | Updating Particle Systems | Copying Particles to device
Fra:1 Mem:155.11M (Peak 181.31M) | Time:00:00.36 | Mem:7.73M, Peak:7.73M | CISCO_N9K_C9336C_FX2_V001, ViewLayer | Updating Meshes
Fra:1 Mem:160.95M (Peak 181.31M) | Time:00:00.38 | Mem:7.73M, Peak:7.73M | CISCO_N9K_C9336C_FX2_V001, ViewLayer | Updating Mesh | Computing attributes
Fra:1 Mem:187.14M (Peak 187.14M) | Time:00:00.43 | Mem:7.77M, Peak:7.77M | CISCO_N9K_C9336C_FX2_V001, ViewLayer | Updating Mesh | Copying Attributes to device
Fra:1 Mem:187.01M (Peak 187.14M) | Time:00:00.43 | Mem:33.79M, Peak:33.79M | CISCO_N9K_C9336C_FX2_V001, ViewLayer | Updating Geometry BVH Lid_flush_Phillips_00 1/30 | Building BVH
Fra:1 Mem:187.01M (Peak 187.14M) | Time:00:00.43 | Mem:33.79M, Peak:33.79M | CISCO_N9K_C9336C_FX2_V001, ViewLayer | Updating Geometry BVH Pair01_stainless_shell_29mm_deep 2/30 | Building BVH
Fra:1 Mem:187.01M (Peak 187.14M) | Time:00:00.43 | Mem:33.79M, Peak:33.79M | CISCO_N9K_C9336C_FX2_V001, ViewLayer | Updating Geometry BVH Pair01_internal_cooling_shelf 4/30 | Building BVH
Fra:1 Mem:187.01M (Peak 187.14M) | Time:00:00.43 | Mem:33.80M, Peak:33.80M | CISCO_N9K_C9336C_FX2_V001, ViewLayer | Updating Geometry BVH Pair01_internal_cooling_shelf 4/30 | Building BVH 0%
Fra:1 Mem:187.01M (Peak 187.14M) | Time:00:00.43 | Mem:33.80M, Peak:33.80M | CISCO_N9K_C9336C_FX2_V001, ViewLayer | Updating Geometry BVH Pair01_internal_cooling_shelf 4/30 | Building BVH
Fra:1 Mem:187.01M (Peak 187.14M) | Time:00:00.43 | Mem:33.89M, Peak:33.89M | CISCO_N9K_C9336C_FX2_V001, ViewLayer | Updating Geometry BVH Port01_recessed_connector_stop 5/30 | Building BVH
Fra:1 Mem:187.01M (Peak 187.14M) | Time:00:00.43 | Mem:33.89M, Peak:33.90M | CISCO_N9K_C9336C_FX2_V001, ViewLayer | Updating Geometry BVH Port01_connector_contact_surround 6/30 | Building BVH
Fra:1 Mem:187.01M (Peak 187.14M) | Time:00:00.43 | Mem:33.89M, Peak:33.90M | CISCO_N9K_C9336C_FX2_V001, ViewLayer | Updating Geometry BVH Port01_guide_-1_-4.25 7/30 | Building BVH
Fra:1 Mem:187.01M (Peak 187.14M) | Time:00:00.43 | Mem:33.91M, Peak:33.91M | CISCO_N9K_C9336C_FX2_V001, ViewLayer | Updating Geometry BVH Port01_spring_-1_-2.8 9/30 | Building BVH
Fra:1 Mem:187.01M (Peak 187.14M) | Time:00:00.43 | Mem:33.92M, Peak:33.92M | CISCO_N9K_C9336C_FX2_V001, ViewLayer | Updating Geometry BVH Port02_subtle_recessed_contact_row 30/30 | Building BVH
Fra:1 Mem:187.01M (Peak 187.14M) | Time:00:00.43 | Mem:33.93M, Peak:33.93M | CISCO_N9K_C9336C_FX2_V001, ViewLayer | Updating Geometry BVH Port01_spring_-1_0 10/30 | Building BVH
Fra:1 Mem:187.01M (Peak 187.14M) | Time:00:00.43 | Mem:33.93M, Peak:33.94M | CISCO_N9K_C9336C_FX2_V001, ViewLayer | Updating Geometry BVH Port01_spring_-1_2.8 11/30 | Building BVH
Fra:1 Mem:187.01M (Peak 187.14M) | Time:00:00.43 | Mem:33.97M, Peak:33.97M | CISCO_N9K_C9336C_FX2_V001, ViewLayer | Updating Geometry BVH Port01_guide_1_-4.25 12/30 | Building BVH
Fra:1 Mem:187.01M (Peak 187.14M) | Time:00:00.43 | Mem:34.00M, Peak:34.00M | CISCO_N9K_C9336C_FX2_V001, ViewLayer | Updating Geometry BVH Port01_guide_1_4.25 13/30 | Building BVH
Fra:1 Mem:187.01M (Peak 187.14M) | Time:00:00.43 | Mem:34.02M, Peak:34.02M | CISCO_N9K_C9336C_FX2_V001, ViewLayer | Updating Geometry BVH Port02_spring_1_2.8 29/30 | Building BVH
Fra:1 Mem:187.01M (Peak 187.14M) | Time:00:00.43 | Mem:34.03M, Peak:34.03M | CISCO_N9K_C9336C_FX2_V001, ViewLayer | Updating Geometry BVH Port01_spring_1_-2.8 14/30 | Building BVH
Fra:1 Mem:187.01M (Peak 187.14M) | Time:00:00.43 | Mem:34.05M, Peak:34.05M | CISCO_N9K_C9336C_FX2_V001, ViewLayer | Updating Geometry BVH Port01_subtle_recessed_contact_row 17/30 | Building BVH
Fra:1 Mem:187.01M (Peak 187.14M) | Time:00:00.43 | Mem:34.12M, Peak:34.12M | CISCO_N9K_C9336C_FX2_V001, ViewLayer | Updating Geometry BVH Port02_recessed_connector_stop 18/30 | Building BVH
Fra:1 Mem:187.01M (Peak 187.14M) | Time:00:00.43 | Mem:34.12M, Peak:34.13M | CISCO_N9K_C9336C_FX2_V001, ViewLayer | Updating Geometry BVH Port02_connector_contact_surround 19/30 | Building BVH
Fra:1 Mem:187.01M (Peak 187.14M) | Time:00:00.43 | Mem:34.13M, Peak:34.13M | CISCO_N9K_C9336C_FX2_V001, ViewLayer | Updating Geometry BVH Port02_guide_-1_-4.25 20/30 | Building BVH
Fra:1 Mem:187.01M (Peak 187.14M) | Time:00:00.43 | Mem:34.15M, Peak:34.15M | CISCO_N9K_C9336C_FX2_V001, ViewLayer | Updating Geometry BVH Port02_guide_-1_4.25 21/30 | Building BVH
Fra:1 Mem:187.01M (Peak 187.14M) | Time:00:00.43 | Mem:34.17M, Peak:34.17M | CISCO_N9K_C9336C_FX2_V001, ViewLayer | Updating Geometry BVH Port02_spring_-1_-2.8 22/30 | Building BVH
Fra:1 Mem:187.01M (Peak 187.14M) | Time:00:00.43 | Mem:34.19M, Peak:34.19M | CISCO_N9K_C9336C_FX2_V001, ViewLayer | Updating Geometry BVH Port02_spring_-1_0 23/30 | Building BVH
Fra:1 Mem:187.01M (Peak 187.14M) | Time:00:00.43 | Mem:34.22M, Peak:34.22M | CISCO_N9K_C9336C_FX2_V001, ViewLayer | Updating Geometry BVH Port02_spring_-1_2.8 24/30 | Building BVH
Fra:1 Mem:187.01M (Peak 187.14M) | Time:00:00.43 | Mem:34.25M, Peak:34.25M | CISCO_N9K_C9336C_FX2_V001, ViewLayer | Updating Geometry BVH Port02_guide_1_-4.25 25/30 | Building BVH
Fra:1 Mem:187.01M (Peak 187.14M) | Time:00:00.43 | Mem:34.25M, Peak:34.25M | CISCO_N9K_C9336C_FX2_V001, ViewLayer | Updating Geometry BVH Port02_spring_1_0 28/30 | Building BVH
Fra:1 Mem:187.01M (Peak 187.14M) | Time:00:00.43 | Mem:34.27M, Peak:34.34M | CISCO_N9K_C9336C_FX2_V001, ViewLayer | Updating Scene BVH | Building
Fra:1 Mem:187.02M (Peak 187.14M) | Time:00:00.43 | Mem:34.27M, Peak:34.34M | CISCO_N9K_C9336C_FX2_V001, ViewLayer | Updating Scene BVH | Building BVH
Fra:1 Mem:187.02M (Peak 187.14M) | Time:00:00.47 | Mem:58.47M, Peak:69.98M | CISCO_N9K_C9336C_FX2_V001, ViewLayer | Updating Scene BVH | Copying BVH to device
Fra:1 Mem:187.02M (Peak 187.14M) | Time:00:00.47 | Mem:58.47M, Peak:69.98M | CISCO_N9K_C9336C_FX2_V001, ViewLayer | Updating Mesh | Computing normals
Fra:1 Mem:200.12M (Peak 200.12M) | Time:00:00.48 | Mem:58.47M, Peak:69.98M | CISCO_N9K_C9336C_FX2_V001, ViewLayer | Updating Mesh | Copying Mesh to device
Fra:1 Mem:200.12M (Peak 200.12M) | Time:00:00.48 | Mem:71.57M, Peak:71.57M | CISCO_N9K_C9336C_FX2_V001, ViewLayer | Updating Objects Flags
Fra:1 Mem:200.12M (Peak 200.12M) | Time:00:00.48 | Mem:71.58M, Peak:71.58M | CISCO_N9K_C9336C_FX2_V001, ViewLayer | Updating Primitive Offsets
Fra:1 Mem:200.13M (Peak 200.13M) | Time:00:00.48 | Mem:71.58M, Peak:71.58M | CISCO_N9K_C9336C_FX2_V001, ViewLayer | Updating Images
Fra:1 Mem:200.13M (Peak 200.13M) | Time:00:00.48 | Mem:71.58M, Peak:71.58M | CISCO_N9K_C9336C_FX2_V001, ViewLayer | Updating Camera Volume
Fra:1 Mem:200.13M (Peak 200.13M) | Time:00:00.48 | Mem:71.58M, Peak:71.58M | CISCO_N9K_C9336C_FX2_V001, ViewLayer | Updating Lookup Tables
Fra:1 Mem:200.13M (Peak 200.13M) | Time:00:00.48 | Mem:71.66M, Peak:71.66M | CISCO_N9K_C9336C_FX2_V001, ViewLayer | Updating Lights
Fra:1 Mem:200.13M (Peak 200.13M) | Time:00:00.48 | Mem:71.66M, Peak:71.66M | CISCO_N9K_C9336C_FX2_V001, ViewLayer | Updating Lights | Computing distribution
Fra:1 Mem:200.13M (Peak 200.13M) | Time:00:00.48 | Mem:71.66M, Peak:71.66M | CISCO_N9K_C9336C_FX2_V001, ViewLayer | Updating Lights | Computing tree
Fra:1 Mem:200.14M (Peak 200.14M) | Time:00:00.48 | Mem:71.67M, Peak:71.67M | CISCO_N9K_C9336C_FX2_V001, ViewLayer | Updating Integrator
Fra:1 Mem:201.14M (Peak 201.14M) | Time:00:00.48 | Mem:72.67M, Peak:72.67M | CISCO_N9K_C9336C_FX2_V001, ViewLayer | Updating Film
Fra:1 Mem:201.14M (Peak 201.14M) | Time:00:00.48 | Mem:72.59M, Peak:72.67M | CISCO_N9K_C9336C_FX2_V001, ViewLayer | Updating Lookup Tables
Fra:1 Mem:201.14M (Peak 201.14M) | Time:00:00.48 | Mem:72.67M, Peak:72.67M | CISCO_N9K_C9336C_FX2_V001, ViewLayer | Updating Baking
Fra:1 Mem:201.14M (Peak 201.14M) | Time:00:00.48 | Mem:72.67M, Peak:72.67M | CISCO_N9K_C9336C_FX2_V001, ViewLayer | Updating Device | Writing constant memory
Fra:1 Mem:201.15M (Peak 201.15M) | Time:00:00.48 | Mem:72.67M, Peak:72.67M | CISCO_N9K_C9336C_FX2_V001, ViewLayer | Sample 0/96
Fra:1 Mem:225.90M (Peak 225.90M) | Time:00:00.68 | Remaining:00:19.29 | Mem:97.40M, Peak:97.40M | CISCO_N9K_C9336C_FX2_V001, ViewLayer | Sample 1/96
Fra:1 Mem:225.90M (Peak 225.90M) | Time:00:10.27 | Remaining:00:04.89 | Mem:97.40M, Peak:97.40M | CISCO_N9K_C9336C_FX2_V001, ViewLayer | Sample 64/96
Fra:1 Mem:225.90M (Peak 225.90M) | Time:00:10.42 | Remaining:00:01.98 | Mem:97.40M, Peak:97.40M | CISCO_N9K_C9336C_FX2_V001, ViewLayer | Sample 80/96
Fra:1 Mem:236.89M (Peak 258.86M) | Time:00:10.60 | Mem:97.40M, Peak:97.40M | CISCO_N9K_C9336C_FX2_V001, ViewLayer | Sample 96/96
Fra:1 Mem:236.89M (Peak 258.86M) | Time:00:10.60 | Mem:97.40M, Peak:97.40M | CISCO_N9K_C9336C_FX2_V001, ViewLayer | Finished
Fra:1 Mem:115.52M (Peak 258.86M) | Time:00:10.62 | Compositing
Fra:1 Mem:115.52M (Peak 258.86M) | Time:00:10.62 | Compositing | Determining resolution
Fra:1 Mem:115.52M (Peak 258.86M) | Time:00:10.62 | Compositing | Initializing execution
Fra:1 Mem:126.57M (Peak 258.86M) | Time:00:10.62 | Compositing | Tile 1-20
Fra:1 Mem:126.57M (Peak 258.86M) | Time:00:10.62 | Compositing | Tile 2-20
Fra:1 Mem:126.57M (Peak 258.86M) | Time:00:10.62 | Compositing | Tile 3-20
Fra:1 Mem:126.57M (Peak 258.86M) | Time:00:10.62 | Compositing | Tile 4-20
Fra:1 Mem:126.57M (Peak 258.86M) | Time:00:10.62 | Compositing | Tile 5-20
Fra:1 Mem:126.57M (Peak 258.86M) | Time:00:10.63 | Compositing | Tile 6-20
Fra:1 Mem:126.57M (Peak 258.86M) | Time:00:10.63 | Compositing | Tile 7-20
Fra:1 Mem:126.57M (Peak 258.86M) | Time:00:10.63 | Compositing | Tile 8-20
Fra:1 Mem:126.57M (Peak 258.86M) | Time:00:10.63 | Compositing | Tile 9-20
Fra:1 Mem:126.57M (Peak 258.86M) | Time:00:10.63 | Compositing | Tile 10-20
Fra:1 Mem:126.57M (Peak 258.86M) | Time:00:10.63 | Compositing | Tile 11-20
Fra:1 Mem:126.57M (Peak 258.86M) | Time:00:10.63 | Compositing | Tile 12-20
Fra:1 Mem:126.57M (Peak 258.86M) | Time:00:10.63 | Compositing | Tile 13-20
Fra:1 Mem:126.57M (Peak 258.86M) | Time:00:10.63 | Compositing | Tile 14-20
Fra:1 Mem:126.57M (Peak 258.86M) | Time:00:10.63 | Compositing | Tile 15-20
Fra:1 Mem:126.57M (Peak 258.86M) | Time:00:10.63 | Compositing | Tile 16-20
Fra:1 Mem:126.57M (Peak 258.86M) | Time:00:10.63 | Compositing | Tile 17-20
Fra:1 Mem:126.57M (Peak 258.86M) | Time:00:10.63 | Compositing | Tile 18-20
Fra:1 Mem:126.57M (Peak 258.86M) | Time:00:10.63 | Compositing | Tile 19-20
Fra:1 Mem:126.57M (Peak 258.86M) | Time:00:10.63 | Compositing | Tile 20-20
Fra:1 Mem:126.51M (Peak 258.86M) | Time:00:10.63 | Compositing | De-initializing execution
Saved: '/root/Project/rack-device-3d/Cisco-N9KC9336C-FX2/v001/previews/right.png'
Time: 00:10.81 (Saving: 00:00.18)

VIEW_COMPLETE right
Fra:1 Mem:129.36M (Peak 129.36M) | Time:00:00.06 | Mem:0.00M, Peak:0.00M | CISCO_N9K_C9336C_FX2_V001, ViewLayer | Synchronizing object | INFERRED_Bottom_folded_sheet
Fra:1 Mem:129.36M (Peak 129.36M) | Time:00:00.06 | Mem:0.00M, Peak:0.00M | CISCO_N9K_C9336C_FX2_V001, ViewLayer | Synchronizing object | Lid_staggered_punched_vent_2028_through_holes
Fra:1 Mem:133.49M (Peak 133.49M) | Time:00:00.06 | Mem:0.00M, Peak:0.00M | CISCO_N9K_C9336C_FX2_V001, ViewLayer | Synchronizing object | Lid_vent_side_border_-1
Fra:1 Mem:134.46M (Peak 134.46M) | Time:00:00.06 | Mem:0.00M, Peak:0.00M | CISCO_N9K_C9336C_FX2_V001, ViewLayer | Synchronizing object | Lid_vent_side_border_1
Fra:1 Mem:134.50M (Peak 134.50M) | Time:00:00.06 | Mem:0.00M, Peak:0.00M | CISCO_N9K_C9336C_FX2_V001, ViewLayer | Synchronizing object | Interior_under_port_vent_baffle
Fra:1 Mem:134.57M (Peak 134.57M) | Time:00:00.06 | Mem:0.00M, Peak:0.00M | CISCO_N9K_C9336C_FX2_V001, ViewLayer | Synchronizing object | Rear_horizontal_rim_1.25
Fra:1 Mem:134.59M (Peak 134.59M) | Time:00:00.06 | Mem:0.00M, Peak:0.00M | CISCO_N9K_C9336C_FX2_V001, ViewLayer | Synchronizing object | Rear_horizontal_rim_42.438
Fra:1 Mem:136.04M (Peak 136.04M) | Time:00:00.06 | Mem:0.00M, Peak:0.00M | CISCO_N9K_C9336C_FX2_V001, ViewLayer | Synchronizing object | Rear_side_rim_-218.46
Fra:1 Mem:136.04M (Peak 136.04M) | Time:00:00.06 | Mem:0.00M, Peak:0.00M | CISCO_N9K_C9336C_FX2_V001, ViewLayer | Synchronizing object | Rear_side_rim_218.46
Fra:1 Mem:136.04M (Peak 136.04M) | Time:00:00.06 | Mem:0.00M, Peak:0.00M | CISCO_N9K_C9336C_FX2_V001, ViewLayer | Synchronizing object | Rear_module_divider_160
Fra:1 Mem:136.06M (Peak 136.06M) | Time:00:00.06 | Mem:0.00M, Peak:0.00M | CISCO_N9K_C9336C_FX2_V001, ViewLayer | Synchronizing object | Rear_module_divider_70
Fra:1 Mem:136.07M (Peak 136.07M) | Time:00:00.06 | Mem:0.00M, Peak:0.00M | CISCO_N9K_C9336C_FX2_V001, ViewLayer | Synchronizing object | Rear_module_divider_-20
Fra:1 Mem:136.08M (Peak 136.08M) | Time:00:00.06 | Mem:0.00M, Peak:0.00M | CISCO_N9K_C9336C_FX2_V001, ViewLayer | Synchronizing object | Rear_module_divider_-110
Fra:1 Mem:136.11M (Peak 136.11M) | Time:00:00.06 | Mem:0.00M, Peak:0.00M | CISCO_N9K_C9336C_FX2_V001, ViewLayer | Synchronizing object | Rear_module_divider_-160
Fra:1 Mem:136.11M (Peak 136.11M) | Time:00:00.06 | Mem:0.00M, Peak:0.00M | CISCO_N9K_C9336C_FX2_V001, ViewLayer | Synchronizing object | Lid_flush_Phillips_00
Fra:1 Mem:136.14M (Peak 136.14M) | Time:00:00.06 | Mem:0.00M, Peak:0.00M | CISCO_N9K_C9336C_FX2_V001, ViewLayer | Synchronizing object | Port_face_solid_punched_panel
Fra:1 Mem:137.86M (Peak 137.86M) | Time:00:00.07 | Mem:0.00M, Peak:0.00M | CISCO_N9K_C9336C_FX2_V001, ViewLayer | Synchronizing object | LEFT_EAR_bent_opaque_solid_with_true_bores
Fra:1 Mem:141.07M (Peak 141.07M) | Time:00:00.07 | Mem:0.00M, Peak:0.00M | CISCO_N9K_C9336C_FX2_V001, ViewLayer | Synchronizing object | LEFT_ear_M4_-284_10.8
Fra:1 Mem:141.09M (Peak 141.09M) | Time:00:00.07 | Mem:0.00M, Peak:0.00M | CISCO_N9K_C9336C_FX2_V001, ViewLayer | Synchronizing object | LEFT_ear_M4_-284_32.8
Fra:1 Mem:141.11M (Peak 141.11M) | Time:00:00.07 | Mem:0.00M, Peak:0.00M | CISCO_N9K_C9336C_FX2_V001, ViewLayer | Synchronizing object | LEFT_ear_M4_-256_10.8
Fra:1 Mem:141.21M (Peak 141.21M) | Time:00:00.07 | Mem:0.00M, Peak:0.00M | CISCO_N9K_C9336C_FX2_V001, ViewLayer | Synchronizing object | LEFT_ear_M4_-256_32.8
Fra:1 Mem:141.15M (Peak 141.21M) | Time:00:00.07 | Mem:0.00M, Peak:0.00M | CISCO_N9K_C9336C_FX2_V001, ViewLayer | Synchronizing object | RIGHT_EAR_bent_opaque_solid_with_true_bores
Fra:1 Mem:141.33M (Peak 141.33M) | Time:00:00.07 | Mem:0.00M, Peak:0.00M | CISCO_N9K_C9336C_FX2_V001, ViewLayer | Synchronizing object | RIGHT_ear_M4_-284_10.8
Fra:1 Mem:141.38M (Peak 141.38M) | Time:00:00.07 | Mem:0.00M, Peak:0.00M | CISCO_N9K_C9336C_FX2_V001, ViewLayer | Synchronizing object | RIGHT_ear_M4_-284_32.8
Fra:1 Mem:143.20M (Peak 143.20M) | Time:00:00.07 | Mem:0.00M, Peak:0.00M | CISCO_N9K_C9336C_FX2_V001, ViewLayer | Synchronizing object | RIGHT_ear_M4_-256_10.8
Fra:1 Mem:143.47M (Peak 143.47M) | Time:00:00.07 | Mem:0.00M, Peak:0.00M | CISCO_N9K_C9336C_FX2_V001, ViewLayer | Synchronizing object | RIGHT_ear_M4_-256_32.8
Fra:1 Mem:143.56M (Peak 143.56M) | Time:00:00.07 | Mem:0.00M, Peak:0.00M | CISCO_N9K_C9336C_FX2_V001, ViewLayer | Synchronizing object | Pair01_stainless_shell_29mm_deep
Fra:1 Mem:143.58M (Peak 143.58M) | Time:00:00.07 | Mem:0.00M, Peak:0.00M | CISCO_N9K_C9336C_FX2_V001, ViewLayer | Synchronizing object | Pair01_front_separator_true_perforations
Fra:1 Mem:143.83M (Peak 143.83M) | Time:00:00.07 | Mem:0.00M, Peak:0.00M | CISCO_N9K_C9336C_FX2_V001, ViewLayer | Synchronizing object | Pair01_internal_cooling_shelf
Fra:1 Mem:143.86M (Peak 143.86M) | Time:00:00.07 | Mem:0.00M, Peak:0.00M | CISCO_N9K_C9336C_FX2_V001, ViewLayer | Synchronizing object | Port01_recessed_connector_stop
Fra:1 Mem:143.86M (Peak 143.86M) | Time:00:00.07 | Mem:0.00M, Peak:0.00M | CISCO_N9K_C9336C_FX2_V001, ViewLayer | Synchronizing object | Port01_connector_contact_surround
Fra:1 Mem:143.87M (Peak 143.87M) | Time:00:00.07 | Mem:0.00M, Peak:0.00M | CISCO_N9K_C9336C_FX2_V001, ViewLayer | Synchronizing object | Port01_guide_-1_-4.25
Fra:1 Mem:143.88M (Peak 143.88M) | Time:00:00.07 | Mem:0.00M, Peak:0.00M | CISCO_N9K_C9336C_FX2_V001, ViewLayer | Synchronizing object | Port01_guide_-1_4.25
Fra:1 Mem:143.90M (Peak 143.90M) | Time:00:00.07 | Mem:0.00M, Peak:0.00M | CISCO_N9K_C9336C_FX2_V001, ViewLayer | Synchronizing object | Port01_spring_-1_-2.8
Fra:1 Mem:143.92M (Peak 143.92M) | Time:00:00.07 | Mem:0.00M, Peak:0.00M | CISCO_N9K_C9336C_FX2_V001, ViewLayer | Synchronizing object | Port01_spring_-1_0
Fra:1 Mem:143.93M (Peak 143.93M) | Time:00:00.07 | Mem:0.00M, Peak:0.00M | CISCO_N9K_C9336C_FX2_V001, ViewLayer | Synchronizing object | Port01_spring_-1_2.8
Fra:1 Mem:143.95M (Peak 143.95M) | Time:00:00.07 | Mem:0.00M, Peak:0.00M | CISCO_N9K_C9336C_FX2_V001, ViewLayer | Synchronizing object | Port01_guide_1_-4.25
Fra:1 Mem:143.96M (Peak 143.96M) | Time:00:00.07 | Mem:0.00M, Peak:0.00M | CISCO_N9K_C9336C_FX2_V001, ViewLayer | Synchronizing object | Port01_guide_1_4.25
Fra:1 Mem:148.50M (Peak 148.50M) | Time:00:00.07 | Mem:0.00M, Peak:0.00M | CISCO_N9K_C9336C_FX2_V001, ViewLayer | Synchronizing object | Port01_spring_1_-2.8
Fra:1 Mem:148.52M (Peak 148.52M) | Time:00:00.07 | Mem:0.00M, Peak:0.00M | CISCO_N9K_C9336C_FX2_V001, ViewLayer | Synchronizing object | Port01_spring_1_0
Fra:1 Mem:148.53M (Peak 148.53M) | Time:00:00.07 | Mem:0.00M, Peak:0.00M | CISCO_N9K_C9336C_FX2_V001, ViewLayer | Synchronizing object | Port01_spring_1_2.8
Fra:1 Mem:148.55M (Peak 148.55M) | Time:00:00.07 | Mem:0.00M, Peak:0.00M | CISCO_N9K_C9336C_FX2_V001, ViewLayer | Synchronizing object | Port01_subtle_recessed_contact_row
Fra:1 Mem:148.56M (Peak 148.56M) | Time:00:00.07 | Mem:0.00M, Peak:0.00M | CISCO_N9K_C9336C_FX2_V001, ViewLayer | Synchronizing object | Port02_recessed_connector_stop
Fra:1 Mem:148.57M (Peak 148.57M) | Time:00:00.07 | Mem:0.00M, Peak:0.00M | CISCO_N9K_C9336C_FX2_V001, ViewLayer | Synchronizing object | Port02_connector_contact_surround
Fra:1 Mem:148.57M (Peak 148.57M) | Time:00:00.07 | Mem:0.00M, Peak:0.00M | CISCO_N9K_C9336C_FX2_V001, ViewLayer | Synchronizing object | Port02_guide_-1_-4.25
Fra:1 Mem:148.59M (Peak 148.59M) | Time:00:00.07 | Mem:0.00M, Peak:0.00M | CISCO_N9K_C9336C_FX2_V001, ViewLayer | Synchronizing object | Port02_guide_-1_4.25
Fra:1 Mem:148.60M (Peak 148.60M) | Time:00:00.07 | Mem:0.00M, Peak:0.00M | CISCO_N9K_C9336C_FX2_V001, ViewLayer | Synchronizing object | Port02_spring_-1_-2.8
Fra:1 Mem:148.62M (Peak 148.62M) | Time:00:00.07 | Mem:0.00M, Peak:0.00M | CISCO_N9K_C9336C_FX2_V001, ViewLayer | Synchronizing object | Port02_spring_-1_0
Fra:1 Mem:148.62M (Peak 148.62M) | Time:00:00.07 | Mem:0.00M, Peak:0.00M | CISCO_N9K_C9336C_FX2_V001, ViewLayer | Synchronizing object | Port02_spring_-1_2.8
Fra:1 Mem:151.98M (Peak 151.98M) | Time:00:00.07 | Mem:0.00M, Peak:0.00M | CISCO_N9K_C9336C_FX2_V001, ViewLayer | Synchronizing object | Port02_guide_1_-4.25
Fra:1 Mem:151.98M (Peak 151.98M) | Time:00:00.07 | Mem:0.00M, Peak:0.00M | CISCO_N9K_C9336C_FX2_V001, ViewLayer | Synchronizing object | Port02_guide_1_4.25
Fra:1 Mem:152.00M (Peak 152.00M) | Time:00:00.07 | Mem:0.00M, Peak:0.00M | CISCO_N9K_C9336C_FX2_V001, ViewLayer | Synchronizing object | Port02_spring_1_-2.8
Fra:1 Mem:152.02M (Peak 152.02M) | Time:00:00.07 | Mem:0.00M, Peak:0.00M | CISCO_N9K_C9336C_FX2_V001, ViewLayer | Synchronizing object | Port02_spring_1_0
Fra:1 Mem:152.03M (Peak 152.03M) | Time:00:00.07 | Mem:0.00M, Peak:0.00M | CISCO_N9K_C9336C_FX2_V001, ViewLayer | Synchronizing object | Port02_spring_1_2.8
Fra:1 Mem:152.04M (Peak 152.04M) | Time:00:00.07 | Mem:0.00M, Peak:0.00M | CISCO_N9K_C9336C_FX2_V001, ViewLayer | Synchronizing object | Port02_subtle_recessed_contact_row
Fra:1 Mem:152.05M (Peak 152.05M) | Time:00:00.07 | Mem:0.00M, Peak:0.00M | CISCO_N9K_C9336C_FX2_V001, ViewLayer | Synchronizing object | Fan1_rotor_housing_-1
Fra:1 Mem:152.06M (Peak 152.06M) | Time:00:00.07 | Mem:0.00M, Peak:0.00M | CISCO_N9K_C9336C_FX2_V001, ViewLayer | Synchronizing object | Fan1_hub_-1
Fra:1 Mem:152.07M (Peak 152.07M) | Time:00:00.07 | Mem:0.00M, Peak:0.00M | CISCO_N9K_C9336C_FX2_V001, ViewLayer | Synchronizing object | Fan1_blade_-1_0
Fra:1 Mem:152.07M (Peak 152.07M) | Time:00:00.07 | Mem:0.00M, Peak:0.00M | CISCO_N9K_C9336C_FX2_V001, ViewLayer | Synchronizing object | Fan1_blade_-1_1
Fra:1 Mem:152.07M (Peak 152.07M) | Time:00:00.07 | Mem:0.00M, Peak:0.00M | CISCO_N9K_C9336C_FX2_V001, ViewLayer | Synchronizing object | Fan1_blade_-1_2
Fra:1 Mem:152.07M (Peak 152.07M) | Time:00:00.07 | Mem:0.00M, Peak:0.00M | CISCO_N9K_C9336C_FX2_V001, ViewLayer | Synchronizing object | Fan1_blade_-1_3
Fra:1 Mem:152.07M (Peak 152.07M) | Time:00:00.07 | Mem:0.00M, Peak:0.00M | CISCO_N9K_C9336C_FX2_V001, ViewLayer | Synchronizing object | Fan1_blade_-1_4
Fra:1 Mem:152.07M (Peak 152.07M) | Time:00:00.07 | Mem:0.00M, Peak:0.00M | CISCO_N9K_C9336C_FX2_V001, ViewLayer | Synchronizing object | Fan1_blade_-1_6
Fra:1 Mem:152.07M (Peak 152.07M) | Time:00:00.07 | Mem:0.00M, Peak:0.00M | CISCO_N9K_C9336C_FX2_V001, ViewLayer | Synchronizing object | Fan1_top_retention_rail_-1
Fra:1 Mem:152.07M (Peak 152.07M) | Time:00:00.07 | Mem:0.00M, Peak:0.00M | CISCO_N9K_C9336C_FX2_V001, ViewLayer | Synchronizing object | Fan1_rear_power_contact_block_-1
Fra:1 Mem:152.09M (Peak 152.09M) | Time:00:00.07 | Mem:0.00M, Peak:0.00M | CISCO_N9K_C9336C_FX2_V001, ViewLayer | Synchronizing object | Fan1_rotor_housing_1
Fra:1 Mem:152.10M (Peak 152.10M) | Time:00:00.07 | Mem:0.00M, Peak:0.00M | CISCO_N9K_C9336C_FX2_V001, ViewLayer | Synchronizing object | Fan1_hub_1
Fra:1 Mem:152.10M (Peak 152.10M) | Time:00:00.07 | Mem:0.00M, Peak:0.00M | CISCO_N9K_C9336C_FX2_V001, ViewLayer | Synchronizing object | Fan1_blade_1_0
Fra:1 Mem:152.10M (Peak 152.10M) | Time:00:00.07 | Mem:0.00M, Peak:0.00M | CISCO_N9K_C9336C_FX2_V001, ViewLayer | Synchronizing object | Fan1_blade_1_1
Fra:1 Mem:152.10M (Peak 152.10M) | Time:00:00.07 | Mem:0.00M, Peak:0.00M | CISCO_N9K_C9336C_FX2_V001, ViewLayer | Synchronizing object | Fan1_blade_1_2
Fra:1 Mem:152.11M (Peak 152.11M) | Time:00:00.07 | Mem:0.00M, Peak:0.00M | CISCO_N9K_C9336C_FX2_V001, ViewLayer | Synchronizing object | Fan1_blade_1_3
Fra:1 Mem:152.11M (Peak 152.11M) | Time:00:00.07 | Mem:0.00M, Peak:0.00M | CISCO_N9K_C9336C_FX2_V001, ViewLayer | Synchronizing object | Fan1_blade_1_4
Fra:1 Mem:152.11M (Peak 152.11M) | Time:00:00.07 | Mem:0.00M, Peak:0.00M | CISCO_N9K_C9336C_FX2_V001, ViewLayer | Synchronizing object | Fan1_blade_1_5
Fra:1 Mem:152.11M (Peak 152.11M) | Time:00:00.07 | Mem:0.00M, Peak:0.00M | CISCO_N9K_C9336C_FX2_V001, ViewLayer | Synchronizing object | Fan1_blade_1_6
Fra:1 Mem:152.11M (Peak 152.11M) | Time:00:00.07 | Mem:0.00M, Peak:0.00M | CISCO_N9K_C9336C_FX2_V001, ViewLayer | Synchronizing object | Fan1_top_retention_rail_1
Fra:1 Mem:152.12M (Peak 152.12M) | Time:00:00.07 | Mem:0.00M, Peak:0.00M | CISCO_N9K_C9336C_FX2_V001, ViewLayer | Synchronizing object | Fan1_rear_power_contact_block_1
Fra:1 Mem:152.13M (Peak 152.13M) | Time:00:00.07 | Mem:0.00M, Peak:0.00M | CISCO_N9K_C9336C_FX2_V001, ViewLayer | Synchronizing object | Fan1_front_frame
Fra:1 Mem:152.14M (Peak 152.14M) | Time:00:00.07 | Mem:0.00M, Peak:0.00M | CISCO_N9K_C9336C_FX2_V001, ViewLayer | Synchronizing object | Fan1_true_honeycomb_front_grille
Fra:1 Mem:152.13M (Peak 152.14M) | Time:00:00.07 | Mem:0.00M, Peak:0.00M | CISCO_N9K_C9336C_FX2_V001, ViewLayer | Synchronizing object | Fan1_molded_trapezoid_pull_handle
Fra:1 Mem:152.57M (Peak 152.57M) | Time:00:00.07 | Mem:0.00M, Peak:0.00M | CISCO_N9K_C9336C_FX2_V001, ViewLayer | Synchronizing object | Fan1_BLUE_release_latch_-1
Fra:1 Mem:152.67M (Peak 152.67M) | Time:00:00.07 | Mem:0.00M, Peak:0.00M | CISCO_N9K_C9336C_FX2_V001, ViewLayer | Synchronizing object | Fan1_latch_thumb_flare_-1
Fra:1 Mem:152.67M (Peak 152.67M) | Time:00:00.07 | Mem:0.00M, Peak:0.00M | CISCO_N9K_C9336C_FX2_V001, ViewLayer | Synchronizing object | Fan1_BLUE_release_latch_1
Fra:1 Mem:152.68M (Peak 152.68M) | Time:00:00.07 | Mem:0.00M, Peak:0.00M | CISCO_N9K_C9336C_FX2_V001, ViewLayer | Synchronizing object | Fan1_latch_thumb_flare_1
Fra:1 Mem:152.68M (Peak 152.68M) | Time:00:00.07 | Mem:0.00M, Peak:0.00M | CISCO_N9K_C9336C_FX2_V001, ViewLayer | Synchronizing object | Fan1_PID_label_recess
Fra:1 Mem:152.99M (Peak 152.99M) | Time:00:00.07 | Mem:0.00M, Peak:0.00M | CISCO_N9K_C9336C_FX2_V001, ViewLayer | Synchronizing object | Fan1_known_PID
Fra:1 Mem:153.01M (Peak 153.01M) | Time:00:00.07 | Mem:0.00M, Peak:0.00M | CISCO_N9K_C9336C_FX2_V001, ViewLayer | Synchronizing object | Fan1_flush_lock_pin_-39
Fra:1 Mem:153.28M (Peak 153.28M) | Time:00:00.07 | Mem:0.00M, Peak:0.00M | CISCO_N9K_C9336C_FX2_V001, ViewLayer | Synchronizing object | Fan1_flush_lock_pin_39
Fra:1 Mem:153.64M (Peak 153.64M) | Time:00:00.07 | Mem:0.00M, Peak:0.00M | CISCO_N9K_C9336C_FX2_V001, ViewLayer | Synchronizing object | Fan2_rotor_housing_-1
Fra:1 Mem:153.65M (Peak 153.65M) | Time:00:00.07 | Mem:0.00M, Peak:0.00M | CISCO_N9K_C9336C_FX2_V001, ViewLayer | Synchronizing object | Fan2_blade_-1_0
Fra:1 Mem:153.65M (Peak 153.65M) | Time:00:00.07 | Mem:0.00M, Peak:0.00M | CISCO_N9K_C9336C_FX2_V001, ViewLayer | Synchronizing object | Fan2_blade_-1_1
Fra:1 Mem:153.65M (Peak 153.65M) | Time:00:00.07 | Mem:0.00M, Peak:0.00M | CISCO_N9K_C9336C_FX2_V001, ViewLayer | Synchronizing object | Fan2_blade_-1_2
Fra:1 Mem:153.65M (Peak 153.65M) | Time:00:00.07 | Mem:0.00M, Peak:0.00M | CISCO_N9K_C9336C_FX2_V001, ViewLayer | Synchronizing object | Fan2_blade_-1_3
Fra:1 Mem:153.81M (Peak 153.81M) | Time:00:00.07 | Mem:0.00M, Peak:0.00M | CISCO_N9K_C9336C_FX2_V001, ViewLayer | Synchronizing object | Fan2_blade_-1_4
Fra:1 Mem:153.81M (Peak 153.81M) | Time:00:00.07 | Mem:0.00M, Peak:0.00M | CISCO_N9K_C9336C_FX2_V001, ViewLayer | Synchronizing object | Fan2_blade_-1_5
Fra:1 Mem:153.81M (Peak 153.81M) | Time:00:00.07 | Mem:0.00M, Peak:0.00M | CISCO_N9K_C9336C_FX2_V001, ViewLayer | Synchronizing object | Fan2_blade_-1_6
Fra:1 Mem:153.81M (Peak 153.81M) | Time:00:00.07 | Mem:0.00M, Peak:0.00M | CISCO_N9K_C9336C_FX2_V001, ViewLayer | Synchronizing object | Fan2_top_retention_rail_-1
Fra:1 Mem:153.81M (Peak 153.81M) | Time:00:00.07 | Mem:0.00M, Peak:0.00M | CISCO_N9K_C9336C_FX2_V001, ViewLayer | Synchronizing object | Fan2_rear_power_contact_block_-1
Fra:1 Mem:153.83M (Peak 153.83M) | Time:00:00.07 | Mem:0.00M, Peak:0.00M | CISCO_N9K_C9336C_FX2_V001, ViewLayer | Synchronizing object | Fan2_rotor_housing_1
Fra:1 Mem:153.83M (Peak 153.83M) | Time:00:00.07 | Mem:0.00M, Peak:0.00M | CISCO_N9K_C9336C_FX2_V001, ViewLayer | Synchronizing object | Fan2_hub_1
Fra:1 Mem:153.84M (Peak 153.84M) | Time:00:00.07 | Mem:0.00M, Peak:0.00M | CISCO_N9K_C9336C_FX2_V001, ViewLayer | Synchronizing object | Fan2_blade_1_0
Fra:1 Mem:153.84M (Peak 153.84M) | Time:00:00.07 | Mem:0.00M, Peak:0.00M | CISCO_N9K_C9336C_FX2_V001, ViewLayer | Synchronizing object | Fan2_blade_1_1
Fra:1 Mem:153.84M (Peak 153.84M) | Time:00:00.07 | Mem:0.00M, Peak:0.00M | CISCO_N9K_C9336C_FX2_V001, ViewLayer | Synchronizing object | Fan2_blade_1_2
Fra:1 Mem:153.84M (Peak 153.84M) | Time:00:00.07 | Mem:0.00M, Peak:0.00M | CISCO_N9K_C9336C_FX2_V001, ViewLayer | Synchronizing object | Fan2_blade_1_3
Fra:1 Mem:153.84M (Peak 153.84M) | Time:00:00.07 | Mem:0.00M, Peak:0.00M | CISCO_N9K_C9336C_FX2_V001, ViewLayer | Synchronizing object | Fan2_blade_1_4
Fra:1 Mem:153.85M (Peak 153.85M) | Time:00:00.07 | Mem:0.00M, Peak:0.00M | CISCO_N9K_C9336C_FX2_V001, ViewLayer | Synchronizing object | Fan2_blade_1_5
Fra:1 Mem:153.85M (Peak 153.85M) | Time:00:00.07 | Mem:0.00M, Peak:0.00M | CISCO_N9K_C9336C_FX2_V001, ViewLayer | Synchronizing object | Fan2_blade_1_6
Fra:1 Mem:153.85M (Peak 153.85M) | Time:00:00.07 | Mem:0.00M, Peak:0.00M | CISCO_N9K_C9336C_FX2_V001, ViewLayer | Synchronizing object | Fan2_top_retention_rail_1
Fra:1 Mem:153.88M (Peak 153.88M) | Time:00:00.07 | Mem:0.00M, Peak:0.00M | CISCO_N9K_C9336C_FX2_V001, ViewLayer | Synchronizing object | Original_photo_top_chassis_label
Fra:1 Mem:154.71M (Peak 154.71M) | Time:00:00.07 | Mem:0.00M, Peak:0.00M | CISCO_N9K_C9336C_FX2_V001, ViewLayer | Synchronizing object | Port_pair_18_direction_1
Fra:1 Mem:154.71M (Peak 154.71M) | Time:00:00.07 | Mem:0.00M, Peak:0.00M | CISCO_N9K_C9336C_FX2_V001, ViewLayer | Synchronizing object | Port_pair_18_direction_-1
Fra:1 Mem:154.71M (Peak 154.71M) | Time:00:00.07 | Mem:0.00M, Peak:0.00M | CISCO_N9K_C9336C_FX2_V001, ViewLayer | Synchronizing object | PORT_NUMBER_36
Fra:1 Mem:154.72M (Peak 154.72M) | Time:00:00.07 | Mem:0.00M, Peak:0.00M | CISCO_N9K_C9336C_FX2_V001, ViewLayer | Synchronizing object | PORT_NUMBER_35
Fra:1 Mem:154.73M (Peak 154.73M) | Time:00:00.07 | Mem:0.00M, Peak:0.00M | CISCO_N9K_C9336C_FX2_V001, ViewLayer | Synchronizing object | Port_pair_17_direction_1
Fra:1 Mem:154.73M (Peak 154.73M) | Time:00:00.07 | Mem:0.00M, Peak:0.00M | CISCO_N9K_C9336C_FX2_V001, ViewLayer | Synchronizing object | Port_pair_17_direction_-1
Fra:1 Mem:154.73M (Peak 154.73M) | Time:00:00.07 | Mem:0.00M, Peak:0.00M | CISCO_N9K_C9336C_FX2_V001, ViewLayer | Synchronizing object | PORT_NUMBER_34
Fra:1 Mem:154.74M (Peak 154.74M) | Time:00:00.07 | Mem:0.00M, Peak:0.00M | CISCO_N9K_C9336C_FX2_V001, ViewLayer | Synchronizing object | PORT_NUMBER_33
Fra:1 Mem:154.75M (Peak 154.75M) | Time:00:00.07 | Mem:0.00M, Peak:0.00M | CISCO_N9K_C9336C_FX2_V001, ViewLayer | Synchronizing object | Port_pair_16_direction_1
Fra:1 Mem:154.75M (Peak 154.75M) | Time:00:00.07 | Mem:0.00M, Peak:0.00M | CISCO_N9K_C9336C_FX2_V001, ViewLayer | Synchronizing object | Port_pair_16_direction_-1
Fra:1 Mem:154.75M (Peak 154.75M) | Time:00:00.07 | Mem:0.00M, Peak:0.00M | CISCO_N9K_C9336C_FX2_V001, ViewLayer | Synchronizing object | PORT_NUMBER_32
Fra:1 Mem:154.75M (Peak 154.75M) | Time:00:00.07 | Mem:0.00M, Peak:0.00M | CISCO_N9K_C9336C_FX2_V001, ViewLayer | Synchronizing object | PORT_NUMBER_31
Fra:1 Mem:154.76M (Peak 154.76M) | Time:00:00.07 | Mem:0.00M, Peak:0.00M | CISCO_N9K_C9336C_FX2_V001, ViewLayer | Synchronizing object | Port_pair_15_direction_1
Fra:1 Mem:154.76M (Peak 154.76M) | Time:00:00.07 | Mem:0.00M, Peak:0.00M | CISCO_N9K_C9336C_FX2_V001, ViewLayer | Synchronizing object | Port_pair_15_direction_-1
Fra:1 Mem:154.76M (Peak 154.76M) | Time:00:00.07 | Mem:0.00M, Peak:0.00M | CISCO_N9K_C9336C_FX2_V001, ViewLayer | Synchronizing object | PORT_NUMBER_30
Fra:1 Mem:154.77M (Peak 154.77M) | Time:00:00.07 | Mem:0.00M, Peak:0.00M | CISCO_N9K_C9336C_FX2_V001, ViewLayer | Synchronizing object | PORT_NUMBER_29
Fra:1 Mem:154.78M (Peak 154.78M) | Time:00:00.07 | Mem:0.00M, Peak:0.00M | CISCO_N9K_C9336C_FX2_V001, ViewLayer | Synchronizing object | Port_pair_14_direction_1
Fra:1 Mem:154.78M (Peak 154.78M) | Time:00:00.07 | Mem:0.00M, Peak:0.00M | CISCO_N9K_C9336C_FX2_V001, ViewLayer | Synchronizing object | Port_pair_14_direction_-1
Fra:1 Mem:154.78M (Peak 154.78M) | Time:00:00.07 | Mem:0.00M, Peak:0.00M | CISCO_N9K_C9336C_FX2_V001, ViewLayer | Synchronizing object | PORT_NUMBER_28
Fra:1 Mem:154.79M (Peak 154.79M) | Time:00:00.07 | Mem:0.00M, Peak:0.00M | CISCO_N9K_C9336C_FX2_V001, ViewLayer | Synchronizing object | PORT_NUMBER_27
Fra:1 Mem:154.79M (Peak 154.79M) | Time:00:00.07 | Mem:0.00M, Peak:0.00M | CISCO_N9K_C9336C_FX2_V001, ViewLayer | Synchronizing object | Port_pair_13_direction_1
Fra:1 Mem:154.79M (Peak 154.79M) | Time:00:00.07 | Mem:0.00M, Peak:0.00M | CISCO_N9K_C9336C_FX2_V001, ViewLayer | Synchronizing object | Fan2_rear_power_contact_block_1
Fra:1 Mem:154.80M (Peak 154.80M) | Time:00:00.07 | Mem:0.00M, Peak:0.00M | CISCO_N9K_C9336C_FX2_V001, ViewLayer | Synchronizing object | Port_pair_13_direction_-1
Fra:1 Mem:154.80M (Peak 154.80M) | Time:00:00.07 | Mem:0.00M, Peak:0.00M | CISCO_N9K_C9336C_FX2_V001, ViewLayer | Synchronizing object | PORT_NUMBER_26
Fra:1 Mem:154.80M (Peak 154.80M) | Time:00:00.07 | Mem:0.00M, Peak:0.00M | CISCO_N9K_C9336C_FX2_V001, ViewLayer | Synchronizing object | PORT_NUMBER_25
Fra:1 Mem:154.81M (Peak 154.81M) | Time:00:00.07 | Mem:0.00M, Peak:0.00M | CISCO_N9K_C9336C_FX2_V001, ViewLayer | Synchronizing object | Port_pair_12_direction_1
Fra:1 Mem:154.81M (Peak 154.81M) | Time:00:00.07 | Mem:0.00M, Peak:0.00M | CISCO_N9K_C9336C_FX2_V001, ViewLayer | Synchronizing object | Port_pair_12_direction_-1
Fra:1 Mem:154.81M (Peak 154.81M) | Time:00:00.07 | Mem:0.00M, Peak:0.00M | CISCO_N9K_C9336C_FX2_V001, ViewLayer | Synchronizing object | PORT_NUMBER_24
Fra:1 Mem:154.82M (Peak 154.82M) | Time:00:00.07 | Mem:0.00M, Peak:0.00M | CISCO_N9K_C9336C_FX2_V001, ViewLayer | Synchronizing object | PORT_NUMBER_23
Fra:1 Mem:154.82M (Peak 154.82M) | Time:00:00.07 | Mem:0.00M, Peak:0.00M | CISCO_N9K_C9336C_FX2_V001, ViewLayer | Synchronizing object | Port_pair_11_direction_1
Fra:1 Mem:154.82M (Peak 154.82M) | Time:00:00.07 | Mem:0.00M, Peak:0.00M | CISCO_N9K_C9336C_FX2_V001, ViewLayer | Synchronizing object | Port_pair_11_direction_-1
Fra:1 Mem:154.83M (Peak 154.83M) | Time:00:00.07 | Mem:0.00M, Peak:0.00M | CISCO_N9K_C9336C_FX2_V001, ViewLayer | Synchronizing object | PORT_NUMBER_22
Fra:1 Mem:154.83M (Peak 154.83M) | Time:00:00.07 | Mem:0.00M, Peak:0.00M | CISCO_N9K_C9336C_FX2_V001, ViewLayer | Synchronizing object | PORT_NUMBER_21
Fra:1 Mem:154.84M (Peak 154.84M) | Time:00:00.07 | Mem:0.00M, Peak:0.00M | CISCO_N9K_C9336C_FX2_V001, ViewLayer | Synchronizing object | Port_pair_10_direction_1
Fra:1 Mem:154.84M (Peak 154.84M) | Time:00:00.07 | Mem:0.00M, Peak:0.00M | CISCO_N9K_C9336C_FX2_V001, ViewLayer | Synchronizing object | Port_pair_10_direction_-1
Fra:1 Mem:154.84M (Peak 154.84M) | Time:00:00.07 | Mem:0.00M, Peak:0.00M | CISCO_N9K_C9336C_FX2_V001, ViewLayer | Synchronizing object | PORT_NUMBER_20
Fra:1 Mem:154.84M (Peak 154.84M) | Time:00:00.07 | Mem:0.00M, Peak:0.00M | CISCO_N9K_C9336C_FX2_V001, ViewLayer | Synchronizing object | PORT_NUMBER_19
Fra:1 Mem:154.85M (Peak 154.85M) | Time:00:00.07 | Mem:0.00M, Peak:0.00M | CISCO_N9K_C9336C_FX2_V001, ViewLayer | Synchronizing object | Port_pair_9_direction_1
Fra:1 Mem:154.85M (Peak 154.85M) | Time:00:00.07 | Mem:0.00M, Peak:0.00M | CISCO_N9K_C9336C_FX2_V001, ViewLayer | Synchronizing object | Port_pair_9_direction_-1
Fra:1 Mem:154.85M (Peak 154.85M) | Time:00:00.07 | Mem:0.00M, Peak:0.00M | CISCO_N9K_C9336C_FX2_V001, ViewLayer | Synchronizing object | PORT_NUMBER_18
Fra:1 Mem:154.86M (Peak 154.86M) | Time:00:00.07 | Mem:0.00M, Peak:0.00M | CISCO_N9K_C9336C_FX2_V001, ViewLayer | Synchronizing object | PORT_NUMBER_17
Fra:1 Mem:154.86M (Peak 154.86M) | Time:00:00.07 | Mem:0.00M, Peak:0.00M | CISCO_N9K_C9336C_FX2_V001, ViewLayer | Synchronizing object | Port_pair_8_direction_1
Fra:1 Mem:154.86M (Peak 154.86M) | Time:00:00.07 | Mem:0.00M, Peak:0.00M | CISCO_N9K_C9336C_FX2_V001, ViewLayer | Synchronizing object | Fan2_front_frame
Fra:1 Mem:154.86M (Peak 154.86M) | Time:00:00.07 | Mem:0.00M, Peak:0.00M | CISCO_N9K_C9336C_FX2_V001, ViewLayer | Synchronizing object | Port_pair_8_direction_-1
Fra:1 Mem:154.86M (Peak 154.86M) | Time:00:00.07 | Mem:0.00M, Peak:0.00M | CISCO_N9K_C9336C_FX2_V001, ViewLayer | Synchronizing object | PORT_NUMBER_16
Fra:1 Mem:154.87M (Peak 154.87M) | Time:00:00.07 | Mem:0.00M, Peak:0.00M | CISCO_N9K_C9336C_FX2_V001, ViewLayer | Synchronizing object | Fan2_true_honeycomb_front_grille
Fra:1 Mem:154.87M (Peak 154.87M) | Time:00:00.07 | Mem:0.00M, Peak:0.00M | CISCO_N9K_C9336C_FX2_V001, ViewLayer | Synchronizing object | Fan2_BLUE_release_latch_-1
Fra:1 Mem:155.28M (Peak 155.28M) | Time:00:00.07 | Mem:0.00M, Peak:0.00M | CISCO_N9K_C9336C_FX2_V001, ViewLayer | Synchronizing object | Fan2_latch_thumb_flare_-1
Fra:1 Mem:155.28M (Peak 155.28M) | Time:00:00.07 | Mem:0.00M, Peak:0.00M | CISCO_N9K_C9336C_FX2_V001, ViewLayer | Synchronizing object | Fan2_BLUE_release_latch_1
Fra:1 Mem:155.38M (Peak 155.38M) | Time:00:00.07 | Mem:0.00M, Peak:0.00M | CISCO_N9K_C9336C_FX2_V001, ViewLayer | Synchronizing object | Fan2_latch_thumb_flare_1
Fra:1 Mem:155.41M (Peak 155.41M) | Time:00:00.07 | Mem:0.00M, Peak:0.00M | CISCO_N9K_C9336C_FX2_V001, ViewLayer | Synchronizing object | Port_pair_7_direction_1
Fra:1 Mem:155.42M (Peak 155.42M) | Time:00:00.07 | Mem:0.00M, Peak:0.00M | CISCO_N9K_C9336C_FX2_V001, ViewLayer | Synchronizing object | Port_pair_7_direction_-1
Fra:1 Mem:155.75M (Peak 155.75M) | Time:00:00.07 | Mem:0.00M, Peak:0.00M | CISCO_N9K_C9336C_FX2_V001, ViewLayer | Synchronizing object | PORT_NUMBER_14
Fra:1 Mem:155.75M (Peak 155.75M) | Time:00:00.07 | Mem:0.00M, Peak:0.00M | CISCO_N9K_C9336C_FX2_V001, ViewLayer | Synchronizing object | Fan2_flush_lock_pin_-39
Fra:1 Mem:155.75M (Peak 155.75M) | Time:00:00.07 | Mem:0.00M, Peak:0.00M | CISCO_N9K_C9336C_FX2_V001, ViewLayer | Synchronizing object | PORT_NUMBER_13
Fra:1 Mem:155.77M (Peak 155.77M) | Time:00:00.07 | Mem:0.00M, Peak:0.00M | CISCO_N9K_C9336C_FX2_V001, ViewLayer | Synchronizing object | Port_pair_6_direction_1
Fra:1 Mem:155.77M (Peak 155.77M) | Time:00:00.07 | Mem:0.00M, Peak:0.00M | CISCO_N9K_C9336C_FX2_V001, ViewLayer | Synchronizing object | Port_pair_6_direction_-1
Fra:1 Mem:155.77M (Peak 155.77M) | Time:00:00.07 | Mem:0.00M, Peak:0.00M | CISCO_N9K_C9336C_FX2_V001, ViewLayer | Synchronizing object | PORT_NUMBER_12
Fra:1 Mem:155.77M (Peak 155.77M) | Time:00:00.07 | Mem:0.00M, Peak:0.00M | CISCO_N9K_C9336C_FX2_V001, ViewLayer | Synchronizing object | PORT_NUMBER_11
Fra:1 Mem:155.77M (Peak 155.77M) | Time:00:00.07 | Mem:0.00M, Peak:0.00M | CISCO_N9K_C9336C_FX2_V001, ViewLayer | Synchronizing object | Fan2_flush_lock_pin_39
Fra:1 Mem:155.77M (Peak 155.77M) | Time:00:00.07 | Mem:0.00M, Peak:0.00M | CISCO_N9K_C9336C_FX2_V001, ViewLayer | Synchronizing object | Port_pair_5_direction_1
Fra:1 Mem:156.39M (Peak 156.39M) | Time:00:00.07 | Mem:0.00M, Peak:0.00M | CISCO_N9K_C9336C_FX2_V001, ViewLayer | Synchronizing object | Port_pair_5_direction_-1
Fra:1 Mem:156.39M (Peak 156.39M) | Time:00:00.07 | Mem:0.00M, Peak:0.00M | CISCO_N9K_C9336C_FX2_V001, ViewLayer | Synchronizing object | Fan3_rotor_housing_-1
Fra:1 Mem:156.39M (Peak 156.39M) | Time:00:00.07 | Mem:0.00M, Peak:0.00M | CISCO_N9K_C9336C_FX2_V001, ViewLayer | Synchronizing object | PORT_NUMBER_10
Fra:1 Mem:156.40M (Peak 156.40M) | Time:00:00.07 | Mem:0.00M, Peak:0.00M | CISCO_N9K_C9336C_FX2_V001, ViewLayer | Synchronizing object | Fan3_hub_-1
Fra:1 Mem:156.40M (Peak 156.40M) | Time:00:00.07 | Mem:0.00M, Peak:0.00M | CISCO_N9K_C9336C_FX2_V001, ViewLayer | Synchronizing object | PORT_NUMBER_09
Fra:1 Mem:156.41M (Peak 156.41M) | Time:00:00.07 | Mem:0.00M, Peak:0.00M | CISCO_N9K_C9336C_FX2_V001, ViewLayer | Synchronizing object | Port_pair_4_direction_1
Fra:1 Mem:156.41M (Peak 156.41M) | Time:00:00.07 | Mem:0.00M, Peak:0.00M | CISCO_N9K_C9336C_FX2_V001, ViewLayer | Synchronizing object | Port_pair_4_direction_-1
Fra:1 Mem:165.45M (Peak 165.45M) | Time:00:00.07 | Mem:0.00M, Peak:0.00M | CISCO_N9K_C9336C_FX2_V001, ViewLayer | Synchronizing object | PORT_NUMBER_08
Fra:1 Mem:165.46M (Peak 165.46M) | Time:00:00.07 | Mem:0.00M, Peak:0.00M | CISCO_N9K_C9336C_FX2_V001, ViewLayer | Synchronizing object | PORT_NUMBER_07
Fra:1 Mem:165.46M (Peak 165.46M) | Time:00:00.07 | Mem:0.00M, Peak:0.00M | CISCO_N9K_C9336C_FX2_V001, ViewLayer | Synchronizing object | Port_pair_3_direction_1
Fra:1 Mem:165.46M (Peak 165.46M) | Time:00:00.07 | Mem:0.00M, Peak:0.00M | CISCO_N9K_C9336C_FX2_V001, ViewLayer | Synchronizing object | Port_pair_3_direction_-1
Fra:1 Mem:165.61M (Peak 165.61M) | Time:00:00.07 | Mem:0.00M, Peak:0.00M | CISCO_N9K_C9336C_FX2_V001, ViewLayer | Synchronizing object | PORT_NUMBER_06
Fra:1 Mem:165.62M (Peak 165.62M) | Time:00:00.07 | Mem:0.00M, Peak:0.00M | CISCO_N9K_C9336C_FX2_V001, ViewLayer | Synchronizing object | PORT_NUMBER_05
Fra:1 Mem:165.62M (Peak 165.62M) | Time:00:00.07 | Mem:0.00M, Peak:0.00M | CISCO_N9K_C9336C_FX2_V001, ViewLayer | Synchronizing object | Port_pair_2_direction_1
Fra:1 Mem:165.62M (Peak 165.62M) | Time:00:00.07 | Mem:0.00M, Peak:0.00M | CISCO_N9K_C9336C_FX2_V001, ViewLayer | Synchronizing object | Port_pair_2_direction_-1
Fra:1 Mem:165.62M (Peak 165.62M) | Time:00:00.07 | Mem:0.00M, Peak:0.00M | CISCO_N9K_C9336C_FX2_V001, ViewLayer | Synchronizing object | PORT_NUMBER_04
Fra:1 Mem:165.62M (Peak 165.62M) | Time:00:00.07 | Mem:0.00M, Peak:0.00M | CISCO_N9K_C9336C_FX2_V001, ViewLayer | Synchronizing object | PORT_NUMBER_03
Fra:1 Mem:165.63M (Peak 165.63M) | Time:00:00.07 | Mem:0.00M, Peak:0.00M | CISCO_N9K_C9336C_FX2_V001, ViewLayer | Synchronizing object | Port_pair_1_direction_1
Fra:1 Mem:165.63M (Peak 165.63M) | Time:00:00.07 | Mem:0.00M, Peak:0.00M | CISCO_N9K_C9336C_FX2_V001, ViewLayer | Synchronizing object | Port_pair_1_direction_-1
Fra:1 Mem:165.63M (Peak 165.63M) | Time:00:00.07 | Mem:0.00M, Peak:0.00M | CISCO_N9K_C9336C_FX2_V001, ViewLayer | Synchronizing object | PORT_NUMBER_02
Fra:1 Mem:165.63M (Peak 165.63M) | Time:00:00.07 | Mem:0.00M, Peak:0.00M | CISCO_N9K_C9336C_FX2_V001, ViewLayer | Synchronizing object | PORT_NUMBER_01
Fra:1 Mem:165.63M (Peak 165.63M) | Time:00:00.07 | Mem:0.00M, Peak:0.00M | CISCO_N9K_C9336C_FX2_V001, ViewLayer | Synchronizing object | Correct_factory_PID
Fra:1 Mem:165.67M (Peak 165.67M) | Time:00:00.07 | Mem:0.00M, Peak:0.00M | CISCO_N9K_C9336C_FX2_V001, ViewLayer | Synchronizing object | Cisco_product_family_line_2
Fra:1 Mem:165.68M (Peak 165.68M) | Time:00:00.07 | Mem:0.00M, Peak:0.00M | CISCO_N9K_C9336C_FX2_V001, ViewLayer | Synchronizing object | Cisco_product_family_line_1
Fra:1 Mem:165.69M (Peak 165.69M) | Time:00:00.07 | Mem:0.00M, Peak:0.00M | CISCO_N9K_C9336C_FX2_V001, ViewLayer | Synchronizing object | Cisco_brand_wordmark
Fra:1 Mem:165.71M (Peak 165.71M) | Time:00:00.07 | Mem:0.00M, Peak:0.00M | CISCO_N9K_C9336C_FX2_V001, ViewLayer | Synchronizing object | Cisco_bridge_bar_9
Fra:1 Mem:165.71M (Peak 165.71M) | Time:00:00.07 | Mem:0.00M, Peak:0.00M | CISCO_N9K_C9336C_FX2_V001, ViewLayer | Synchronizing object | Cisco_bridge_bar_8
Fra:1 Mem:165.71M (Peak 165.71M) | Time:00:00.07 | Mem:0.00M, Peak:0.00M | CISCO_N9K_C9336C_FX2_V001, ViewLayer | Synchronizing object | Cisco_bridge_bar_7
Fra:1 Mem:165.72M (Peak 165.72M) | Time:00:00.07 | Mem:0.00M, Peak:0.00M | CISCO_N9K_C9336C_FX2_V001, ViewLayer | Synchronizing object | Cisco_bridge_bar_6
Fra:1 Mem:165.72M (Peak 165.72M) | Time:00:00.07 | Mem:0.00M, Peak:0.00M | CISCO_N9K_C9336C_FX2_V001, ViewLayer | Synchronizing object | Cisco_bridge_bar_5
Fra:1 Mem:165.72M (Peak 165.72M) | Time:00:00.07 | Mem:0.00M, Peak:0.00M | CISCO_N9K_C9336C_FX2_V001, ViewLayer | Synchronizing object | Cisco_bridge_bar_4
Fra:1 Mem:165.73M (Peak 165.73M) | Time:00:00.07 | Mem:0.00M, Peak:0.00M | CISCO_N9K_C9336C_FX2_V001, ViewLayer | Synchronizing object | Cisco_bridge_bar_3
Fra:1 Mem:165.73M (Peak 165.73M) | Time:00:00.07 | Mem:0.00M, Peak:0.00M | CISCO_N9K_C9336C_FX2_V001, ViewLayer | Synchronizing object | Cisco_bridge_bar_2
Fra:1 Mem:165.74M (Peak 165.74M) | Time:00:00.07 | Mem:0.00M, Peak:0.00M | CISCO_N9K_C9336C_FX2_V001, ViewLayer | Synchronizing object | Cisco_bridge_bar_1
Fra:1 Mem:165.74M (Peak 165.74M) | Time:00:00.07 | Mem:0.00M, Peak:0.00M | CISCO_N9K_C9336C_FX2_V001, ViewLayer | Synchronizing object | LS_selector_text
Fra:1 Mem:165.75M (Peak 165.75M) | Time:00:00.07 | Mem:0.00M, Peak:0.00M | CISCO_N9K_C9336C_FX2_V001, ViewLayer | Synchronizing object | LS_selector_metal_button
Fra:1 Mem:165.90M (Peak 165.90M) | Time:00:00.07 | Mem:0.00M, Peak:0.00M | CISCO_N9K_C9336C_FX2_V001, ViewLayer | Synchronizing object | Fan3_blade_-1_0
Fra:1 Mem:165.90M (Peak 165.90M) | Time:00:00.07 | Mem:0.00M, Peak:0.00M | CISCO_N9K_C9336C_FX2_V001, ViewLayer | Synchronizing object | LS_selector_black_surround
Fra:1 Mem:165.91M (Peak 165.91M) | Time:00:00.07 | Mem:0.00M, Peak:0.00M | CISCO_N9K_C9336C_FX2_V001, ViewLayer | Synchronizing object | FRONT_4_legend
Fra:1 Mem:165.91M (Peak 165.91M) | Time:00:00.07 | Mem:0.00M, Peak:0.00M | CISCO_N9K_C9336C_FX2_V001, ViewLayer | Synchronizing object | FRONT_4_unpowered_lens
Fra:1 Mem:165.94M (Peak 165.94M) | Time:00:00.08 | Mem:0.00M, Peak:0.00M | CISCO_N9K_C9336C_FX2_V001, ViewLayer | Synchronizing object | FRONT_3_legend
Fra:1 Mem:165.95M (Peak 165.95M) | Time:00:00.08 | Mem:0.00M, Peak:0.00M | CISCO_N9K_C9336C_FX2_V001, ViewLayer | Synchronizing object | FRONT_3_unpowered_lens
Fra:1 Mem:165.97M (Peak 165.97M) | Time:00:00.08 | Mem:0.00M, Peak:0.00M | CISCO_N9K_C9336C_FX2_V001, ViewLayer | Synchronizing object | FRONT_2_legend
Fra:1 Mem:165.98M (Peak 165.98M) | Time:00:00.08 | Mem:0.00M, Peak:0.00M | CISCO_N9K_C9336C_FX2_V001, ViewLayer | Synchronizing object | FRONT_2_unpowered_lens
Fra:1 Mem:166.00M (Peak 166.00M) | Time:00:00.08 | Mem:0.00M, Peak:0.00M | CISCO_N9K_C9336C_FX2_V001, ViewLayer | Synchronizing object | FRONT_1_legend
Fra:1 Mem:166.00M (Peak 166.00M) | Time:00:00.08 | Mem:0.00M, Peak:0.00M | CISCO_N9K_C9336C_FX2_V001, ViewLayer | Synchronizing object | FRONT_1_unpowered_lens
Fra:1 Mem:166.03M (Peak 166.03M) | Time:00:00.08 | Mem:0.00M, Peak:0.00M | CISCO_N9K_C9336C_FX2_V001, ViewLayer | Synchronizing object | FRONT_ENV_legend
Fra:1 Mem:166.03M (Peak 166.03M) | Time:00:00.08 | Mem:0.00M, Peak:0.00M | CISCO_N9K_C9336C_FX2_V001, ViewLayer | Synchronizing object | FRONT_ENV_unpowered_lens
Fra:1 Mem:166.06M (Peak 166.06M) | Time:00:00.08 | Mem:0.00M, Peak:0.00M | CISCO_N9K_C9336C_FX2_V001, ViewLayer | Synchronizing object | FRONT_STS_legend
Fra:1 Mem:166.07M (Peak 166.07M) | Time:00:00.08 | Mem:0.00M, Peak:0.00M | CISCO_N9K_C9336C_FX2_V001, ViewLayer | Synchronizing object | FRONT_STS_unpowered_lens
Fra:1 Mem:166.10M (Peak 166.10M) | Time:00:00.08 | Mem:0.00M, Peak:0.00M | CISCO_N9K_C9336C_FX2_V001, ViewLayer | Synchronizing object | FRONT_BCN_legend
Fra:1 Mem:166.11M (Peak 166.11M) | Time:00:00.08 | Mem:0.00M, Peak:0.00M | CISCO_N9K_C9336C_FX2_V001, ViewLayer | Synchronizing object | FRONT_BCN_unpowered_lens
Fra:1 Mem:166.14M (Peak 166.14M) | Time:00:00.08 | Mem:0.00M, Peak:0.00M | CISCO_N9K_C9336C_FX2_V001, ViewLayer | Synchronizing object | Rear_P2_arrow_legend
Fra:1 Mem:166.14M (Peak 166.14M) | Time:00:00.08 | Mem:0.00M, Peak:0.00M | CISCO_N9K_C9336C_FX2_V001, ViewLayer | Synchronizing object | USB_symbol_branch_B
Fra:1 Mem:166.14M (Peak 166.14M) | Time:00:00.08 | Mem:0.00M, Peak:0.00M | CISCO_N9K_C9336C_FX2_V001, ViewLayer | Synchronizing object | USB_symbol_branch_A
Fra:1 Mem:166.14M (Peak 166.14M) | Time:00:00.08 | Mem:0.00M, Peak:0.00M | CISCO_N9K_C9336C_FX2_V001, ViewLayer | Synchronizing object | USB_symbol_stem
Fra:1 Mem:166.14M (Peak 166.14M) | Time:00:00.08 | Mem:0.00M, Peak:0.00M | CISCO_N9K_C9336C_FX2_V001, ViewLayer | Synchronizing object | Console_terminal_symbol
Fra:1 Mem:166.15M (Peak 166.15M) | Time:00:00.08 | Mem:0.00M, Peak:0.00M | CISCO_N9K_C9336C_FX2_V001, ViewLayer | Synchronizing object | SFP_management_symbol_line.003
Fra:1 Mem:166.15M (Peak 166.15M) | Time:00:00.08 | Mem:0.00M, Peak:0.00M | CISCO_N9K_C9336C_FX2_V001, ViewLayer | Synchronizing object | SFP_management_symbol_line.002
Fra:1 Mem:166.15M (Peak 166.15M) | Time:00:00.08 | Mem:0.00M, Peak:0.00M | CISCO_N9K_C9336C_FX2_V001, ViewLayer | Synchronizing object | SFP_management_symbol_line.001
Fra:1 Mem:166.15M (Peak 166.15M) | Time:00:00.08 | Mem:0.00M, Peak:0.00M | CISCO_N9K_C9336C_FX2_V001, ViewLayer | Synchronizing object | SFP_management_symbol_line
Fra:1 Mem:166.15M (Peak 166.15M) | Time:00:00.08 | Mem:0.00M, Peak:0.00M | CISCO_N9K_C9336C_FX2_V001, ViewLayer | Synchronizing object | SFP_management_symbol_node_1.25
Fra:1 Mem:166.16M (Peak 166.16M) | Time:00:00.08 | Mem:0.00M, Peak:0.00M | CISCO_N9K_C9336C_FX2_V001, ViewLayer | Synchronizing object | SFP_management_symbol_node_-1.25
Fra:1 Mem:166.16M (Peak 166.16M) | Time:00:00.08 | Mem:0.00M, Peak:0.00M | CISCO_N9K_C9336C_FX2_V001, ViewLayer | Synchronizing object | SFP_management_symbol_node_0
Fra:1 Mem:166.17M (Peak 166.17M) | Time:00:00.08 | Mem:0.00M, Peak:0.00M | CISCO_N9K_C9336C_FX2_V001, ViewLayer | Synchronizing object | RJ45_management_symbol_line.003
Fra:1 Mem:166.17M (Peak 166.17M) | Time:00:00.08 | Mem:0.00M, Peak:0.00M | CISCO_N9K_C9336C_FX2_V001, ViewLayer | Synchronizing object | RJ45_management_symbol_line.002
Fra:1 Mem:166.17M (Peak 166.17M) | Time:00:00.08 | Mem:0.00M, Peak:0.00M | CISCO_N9K_C9336C_FX2_V001, ViewLayer | Synchronizing object | RJ45_management_symbol_line.001
Fra:1 Mem:166.17M (Peak 166.17M) | Time:00:00.08 | Mem:0.00M, Peak:0.00M | CISCO_N9K_C9336C_FX2_V001, ViewLayer | Synchronizing object | RJ45_management_symbol_line
Fra:1 Mem:166.17M (Peak 166.17M) | Time:00:00.08 | Mem:0.00M, Peak:0.00M | CISCO_N9K_C9336C_FX2_V001, ViewLayer | Synchronizing object | RJ45_management_symbol_node_1.25
Fra:1 Mem:166.18M (Peak 166.18M) | Time:00:00.08 | Mem:0.00M, Peak:0.00M | CISCO_N9K_C9336C_FX2_V001, ViewLayer | Synchronizing object | RJ45_management_symbol_node_-1.25
Fra:1 Mem:166.19M (Peak 166.19M) | Time:00:00.08 | Mem:0.00M, Peak:0.00M | CISCO_N9K_C9336C_FX2_V001, ViewLayer | Synchronizing object | RJ45_management_symbol_node_0
Fra:1 Mem:166.19M (Peak 166.19M) | Time:00:00.08 | Mem:0.00M, Peak:0.00M | CISCO_N9K_C9336C_FX2_V001, ViewLayer | Synchronizing object | Rear_service_retention_screw
Fra:1 Mem:166.21M (Peak 166.21M) | Time:00:00.08 | Mem:0.00M, Peak:0.00M | CISCO_N9K_C9336C_FX2_V001, ViewLayer | Synchronizing object | REAR_STS_legend
Fra:1 Mem:166.22M (Peak 166.22M) | Time:00:00.08 | Mem:0.00M, Peak:0.00M | CISCO_N9K_C9336C_FX2_V001, ViewLayer | Synchronizing object | REAR_STS_unpowered_indicator
Fra:1 Mem:166.22M (Peak 166.22M) | Time:00:00.08 | Mem:0.00M, Peak:0.00M | CISCO_N9K_C9336C_FX2_V001, ViewLayer | Synchronizing object | REAR_BCN_legend
Fra:1 Mem:166.23M (Peak 166.23M) | Time:00:00.08 | Mem:0.00M, Peak:0.00M | CISCO_N9K_C9336C_FX2_V001, ViewLayer | Synchronizing object | REAR_BCN_unpowered_indicator
Fra:1 Mem:166.24M (Peak 166.24M) | Time:00:00.08 | Mem:0.00M, Peak:0.00M | CISCO_N9K_C9336C_FX2_V001, ViewLayer | Synchronizing object | USB_A_contact_3
Fra:1 Mem:166.24M (Peak 166.24M) | Time:00:00.08 | Mem:0.00M, Peak:0.00M | CISCO_N9K_C9336C_FX2_V001, ViewLayer | Synchronizing object | USB_A_contact_2
Fra:1 Mem:166.24M (Peak 166.24M) | Time:00:00.08 | Mem:0.00M, Peak:0.00M | CISCO_N9K_C9336C_FX2_V001, ViewLayer | Synchronizing object | USB_A_contact_1
Fra:1 Mem:166.25M (Peak 166.25M) | Time:00:00.08 | Mem:0.00M, Peak:0.00M | CISCO_N9K_C9336C_FX2_V001, ViewLayer | Synchronizing object | USB_A_contact_0
Fra:1 Mem:166.25M (Peak 166.25M) | Time:00:00.08 | Mem:0.00M, Peak:0.00M | CISCO_N9K_C9336C_FX2_V001, ViewLayer | Synchronizing object | USB_A_black_tongue
Fra:1 Mem:166.26M (Peak 166.26M) | Time:00:00.08 | Mem:0.00M, Peak:0.00M | CISCO_N9K_C9336C_FX2_V001, ViewLayer | Synchronizing object | USB_A_deep_stop
Fra:1 Mem:166.26M (Peak 166.26M) | Time:00:00.08 | Mem:0.00M, Peak:0.00M | CISCO_N9K_C9336C_FX2_V001, ViewLayer | Synchronizing object | USB_A_metal_shell
Fra:1 Mem:166.28M (Peak 166.28M) | Time:00:00.08 | Mem:0.00M, Peak:0.00M | CISCO_N9K_C9336C_FX2_V001, ViewLayer | Synchronizing object | Mgmt_SFP_contact_9
Fra:1 Mem:166.28M (Peak 166.28M) | Time:00:00.08 | Mem:0.00M, Peak:0.00M | CISCO_N9K_C9336C_FX2_V001, ViewLayer | Synchronizing object | Mgmt_SFP_contact_8
Fra:1 Mem:166.28M (Peak 166.28M) | Time:00:00.08 | Mem:0.00M, Peak:0.00M | CISCO_N9K_C9336C_FX2_V001, ViewLayer | Synchronizing object | Mgmt_SFP_contact_7
Fra:1 Mem:166.28M (Peak 166.28M) | Time:00:00.08 | Mem:0.00M, Peak:0.00M | CISCO_N9K_C9336C_FX2_V001, ViewLayer | Synchronizing object | Mgmt_SFP_contact_6
Fra:1 Mem:166.28M (Peak 166.28M) | Time:00:00.08 | Mem:0.00M, Peak:0.00M | CISCO_N9K_C9336C_FX2_V001, ViewLayer | Synchronizing object | Mgmt_SFP_contact_5
Fra:1 Mem:166.28M (Peak 166.28M) | Time:00:00.08 | Mem:0.00M, Peak:0.00M | CISCO_N9K_C9336C_FX2_V001, ViewLayer | Synchronizing object | Mgmt_SFP_contact_4
Fra:1 Mem:166.28M (Peak 166.28M) | Time:00:00.08 | Mem:0.00M, Peak:0.00M | CISCO_N9K_C9336C_FX2_V001, ViewLayer | Synchronizing object | Mgmt_SFP_contact_3
Fra:1 Mem:166.28M (Peak 166.28M) | Time:00:00.08 | Mem:0.00M, Peak:0.00M | CISCO_N9K_C9336C_FX2_V001, ViewLayer | Synchronizing object | Mgmt_SFP_contact_2
Fra:1 Mem:166.28M (Peak 166.28M) | Time:00:00.08 | Mem:0.00M, Peak:0.00M | CISCO_N9K_C9336C_FX2_V001, ViewLayer | Synchronizing object | Mgmt_SFP_contact_1
Fra:1 Mem:166.28M (Peak 166.28M) | Time:00:00.08 | Mem:0.00M, Peak:0.00M | CISCO_N9K_C9336C_FX2_V001, ViewLayer | Synchronizing object | Mgmt_SFP_contact_0
Fra:1 Mem:166.28M (Peak 166.28M) | Time:00:00.08 | Mem:0.00M, Peak:0.00M | CISCO_N9K_C9336C_FX2_V001, ViewLayer | Synchronizing object | Mgmt_SFP_guide_5.8
Fra:1 Mem:166.30M (Peak 166.30M) | Time:00:00.08 | Mem:0.00M, Peak:0.00M | CISCO_N9K_C9336C_FX2_V001, ViewLayer | Synchronizing object | Mgmt_SFP_guide_-5.8
Fra:1 Mem:166.31M (Peak 166.31M) | Time:00:00.08 | Mem:0.00M, Peak:0.00M | CISCO_N9K_C9336C_FX2_V001, ViewLayer | Synchronizing object | Mgmt_SFP_recessed_connector_stop
Fra:1 Mem:166.31M (Peak 166.31M) | Time:00:00.08 | Mem:0.00M, Peak:0.00M | CISCO_N9K_C9336C_FX2_V001, ViewLayer | Synchronizing object | Mgmt_SFP_deep_metal_cage
Fra:1 Mem:166.31M (Peak 166.31M) | Time:00:00.08 | Mem:0.00M, Peak:0.00M | CISCO_N9K_C9336C_FX2_V001, ViewLayer | Synchronizing object | Fan3_blade_-1_1
Fra:1 Mem:166.33M (Peak 166.33M) | Time:00:00.08 | Mem:0.00M, Peak:0.00M | CISCO_N9K_C9336C_FX2_V001, ViewLayer | Synchronizing object | Fan3_blade_-1_2
Fra:1 Mem:166.33M (Peak 166.33M) | Time:00:00.08 | Mem:0.00M, Peak:0.00M | CISCO_N9K_C9336C_FX2_V001, ViewLayer | Synchronizing object | MANAGEMENT_RJ45_unpowered_corner_LED_5.6
Fra:1 Mem:166.33M (Peak 166.33M) | Time:00:00.08 | Mem:0.00M, Peak:0.00M | CISCO_N9K_C9336C_FX2_V001, ViewLayer | Synchronizing object | MANAGEMENT_RJ45_unpowered_corner_LED_-5.6
Fra:1 Mem:166.34M (Peak 166.34M) | Time:00:00.08 | Mem:0.00M, Peak:0.00M | CISCO_N9K_C9336C_FX2_V001, ViewLayer | Synchronizing object | MANAGEMENT_RJ45_contact_7
Fra:1 Mem:166.34M (Peak 166.34M) | Time:00:00.08 | Mem:0.00M, Peak:0.00M | CISCO_N9K_C9336C_FX2_V001, ViewLayer | Synchronizing object | MANAGEMENT_RJ45_contact_6
Fra:1 Mem:166.35M (Peak 166.35M) | Time:00:00.08 | Mem:0.00M, Peak:0.00M | CISCO_N9K_C9336C_FX2_V001, ViewLayer | Synchronizing object | MANAGEMENT_RJ45_contact_5
Fra:1 Mem:166.35M (Peak 166.35M) | Time:00:00.08 | Mem:0.00M, Peak:0.00M | CISCO_N9K_C9336C_FX2_V001, ViewLayer | Synchronizing object | MANAGEMENT_RJ45_contact_4
Fra:1 Mem:166.36M (Peak 166.36M) | Time:00:00.08 | Mem:0.00M, Peak:0.00M | CISCO_N9K_C9336C_FX2_V001, ViewLayer | Synchronizing object | MANAGEMENT_RJ45_contact_3
Fra:1 Mem:166.36M (Peak 166.36M) | Time:00:00.08 | Mem:0.00M, Peak:0.00M | CISCO_N9K_C9336C_FX2_V001, ViewLayer | Synchronizing object | MANAGEMENT_RJ45_contact_2
Fra:1 Mem:166.36M (Peak 166.36M) | Time:00:00.08 | Mem:0.00M, Peak:0.00M | CISCO_N9K_C9336C_FX2_V001, ViewLayer | Synchronizing object | MANAGEMENT_RJ45_contact_1
Fra:1 Mem:166.37M (Peak 166.37M) | Time:00:00.08 | Mem:0.00M, Peak:0.00M | CISCO_N9K_C9336C_FX2_V001, ViewLayer | Synchronizing object | MANAGEMENT_RJ45_contact_0
Fra:1 Mem:166.37M (Peak 166.37M) | Time:00:00.08 | Mem:0.00M, Peak:0.00M | CISCO_N9K_C9336C_FX2_V001, ViewLayer | Synchronizing object | MANAGEMENT_RJ45_deep_connector_stop
Fra:1 Mem:166.37M (Peak 166.37M) | Time:00:00.08 | Mem:0.00M, Peak:0.00M | CISCO_N9K_C9336C_FX2_V001, ViewLayer | Synchronizing object | MANAGEMENT_RJ45_keyed_plastic_body
Fra:1 Mem:166.38M (Peak 166.38M) | Time:00:00.08 | Mem:0.00M, Peak:0.00M | CISCO_N9K_C9336C_FX2_V001, ViewLayer | Synchronizing object | MANAGEMENT_RJ45_metal_shield
Fra:1 Mem:166.39M (Peak 166.39M) | Time:00:00.08 | Mem:0.00M, Peak:0.00M | CISCO_N9K_C9336C_FX2_V001, ViewLayer | Synchronizing object | CONSOLE_RJ45_unpowered_corner_LED_5.6
Fra:1 Mem:166.40M (Peak 166.40M) | Time:00:00.08 | Mem:0.00M, Peak:0.00M | CISCO_N9K_C9336C_FX2_V001, ViewLayer | Synchronizing object | CONSOLE_RJ45_unpowered_corner_LED_-5.6
Fra:1 Mem:166.40M (Peak 166.40M) | Time:00:00.08 | Mem:0.00M, Peak:0.00M | CISCO_N9K_C9336C_FX2_V001, ViewLayer | Synchronizing object | CONSOLE_RJ45_contact_7
Fra:1 Mem:166.41M (Peak 166.41M) | Time:00:00.08 | Mem:0.00M, Peak:0.00M | CISCO_N9K_C9336C_FX2_V001, ViewLayer | Synchronizing object | CONSOLE_RJ45_contact_6
Fra:1 Mem:166.41M (Peak 166.41M) | Time:00:00.08 | Mem:0.00M, Peak:0.00M | CISCO_N9K_C9336C_FX2_V001, ViewLayer | Synchronizing object | CONSOLE_RJ45_contact_5
Fra:1 Mem:166.42M (Peak 166.42M) | Time:00:00.08 | Mem:0.00M, Peak:0.00M | CISCO_N9K_C9336C_FX2_V001, ViewLayer | Synchronizing object | CONSOLE_RJ45_contact_4
Fra:1 Mem:166.42M (Peak 166.42M) | Time:00:00.08 | Mem:0.00M, Peak:0.00M | CISCO_N9K_C9336C_FX2_V001, ViewLayer | Synchronizing object | CONSOLE_RJ45_contact_3
Fra:1 Mem:166.42M (Peak 166.42M) | Time:00:00.08 | Mem:0.00M, Peak:0.00M | CISCO_N9K_C9336C_FX2_V001, ViewLayer | Synchronizing object | CONSOLE_RJ45_contact_2
Fra:1 Mem:166.43M (Peak 166.43M) | Time:00:00.08 | Mem:0.00M, Peak:0.00M | CISCO_N9K_C9336C_FX2_V001, ViewLayer | Synchronizing object | CONSOLE_RJ45_contact_1
Fra:1 Mem:166.43M (Peak 166.43M) | Time:00:00.08 | Mem:0.00M, Peak:0.00M | CISCO_N9K_C9336C_FX2_V001, ViewLayer | Synchronizing object | CONSOLE_RJ45_contact_0
Fra:1 Mem:166.44M (Peak 166.44M) | Time:00:00.08 | Mem:0.00M, Peak:0.00M | CISCO_N9K_C9336C_FX2_V001, ViewLayer | Synchronizing object | CONSOLE_RJ45_deep_connector_stop
Fra:1 Mem:166.44M (Peak 166.44M) | Time:00:00.08 | Mem:0.00M, Peak:0.00M | CISCO_N9K_C9336C_FX2_V001, ViewLayer | Synchronizing object | CONSOLE_RJ45_keyed_plastic_body
Fra:1 Mem:166.44M (Peak 166.44M) | Time:00:00.08 | Mem:0.00M, Peak:0.00M | CISCO_N9K_C9336C_FX2_V001, ViewLayer | Synchronizing object | CONSOLE_RJ45_metal_shield
Fra:1 Mem:166.46M (Peak 166.46M) | Time:00:00.08 | Mem:0.00M, Peak:0.00M | CISCO_N9K_C9336C_FX2_V001, ViewLayer | Synchronizing object | Rear_service_panel_true_apertures
Fra:1 Mem:166.49M (Peak 166.49M) | Time:00:00.08 | Mem:0.00M, Peak:0.00M | CISCO_N9K_C9336C_FX2_V001, ViewLayer | Synchronizing object | PSU2_face_screw_24.5_39.3
Fra:1 Mem:166.50M (Peak 166.50M) | Time:00:00.08 | Mem:0.00M, Peak:0.00M | CISCO_N9K_C9336C_FX2_V001, ViewLayer | Synchronizing object | Fan3_blade_-1_3
Fra:1 Mem:166.50M (Peak 166.50M) | Time:00:00.08 | Mem:0.00M, Peak:0.00M | CISCO_N9K_C9336C_FX2_V001, ViewLayer | Synchronizing object | Fan3_blade_-1_4
Fra:1 Mem:166.50M (Peak 166.50M) | Time:00:00.08 | Mem:0.00M, Peak:0.00M | CISCO_N9K_C9336C_FX2_V001, ViewLayer | Synchronizing object | Fan3_blade_-1_5
Fra:1 Mem:166.51M (Peak 166.51M) | Time:00:00.08 | Mem:0.00M, Peak:0.00M | CISCO_N9K_C9336C_FX2_V001, ViewLayer | Synchronizing object | Fan3_blade_-1_6
Fra:1 Mem:166.51M (Peak 166.51M) | Time:00:00.08 | Mem:0.00M, Peak:0.00M | CISCO_N9K_C9336C_FX2_V001, ViewLayer | Synchronizing object | PSU2_face_screw_24.5_4.1
Fra:1 Mem:166.51M (Peak 166.51M) | Time:00:00.08 | Mem:0.00M, Peak:0.00M | CISCO_N9K_C9336C_FX2_V001, ViewLayer | Synchronizing object | Fan3_rear_power_contact_block_-1
Fra:1 Mem:166.53M (Peak 166.53M) | Time:00:00.08 | Mem:0.00M, Peak:0.00M | CISCO_N9K_C9336C_FX2_V001, ViewLayer | Synchronizing object | Fan3_rotor_housing_1
Fra:1 Mem:166.55M (Peak 166.55M) | Time:00:00.08 | Mem:0.00M, Peak:0.00M | CISCO_N9K_C9336C_FX2_V001, ViewLayer | Synchronizing object | Fan3_hub_1
Fra:1 Mem:166.55M (Peak 166.55M) | Time:00:00.08 | Mem:0.00M, Peak:0.00M | CISCO_N9K_C9336C_FX2_V001, ViewLayer | Synchronizing object | Fan3_blade_1_0
Fra:1 Mem:166.55M (Peak 166.55M) | Time:00:00.08 | Mem:0.00M, Peak:0.00M | CISCO_N9K_C9336C_FX2_V001, ViewLayer | Synchronizing object | Fan3_blade_1_1
Fra:1 Mem:166.55M (Peak 166.55M) | Time:00:00.08 | Mem:0.00M, Peak:0.00M | CISCO_N9K_C9336C_FX2_V001, ViewLayer | Synchronizing object | Fan3_blade_1_2
Fra:1 Mem:166.55M (Peak 166.55M) | Time:00:00.08 | Mem:0.00M, Peak:0.00M | CISCO_N9K_C9336C_FX2_V001, ViewLayer | Synchronizing object | Fan3_blade_1_3
Fra:1 Mem:166.55M (Peak 166.55M) | Time:00:00.08 | Mem:0.00M, Peak:0.00M | CISCO_N9K_C9336C_FX2_V001, ViewLayer | Synchronizing object | PSU2_face_screw_-24.5_39.3
Fra:1 Mem:166.55M (Peak 166.55M) | Time:00:00.08 | Mem:0.00M, Peak:0.00M | CISCO_N9K_C9336C_FX2_V001, ViewLayer | Synchronizing object | Fan3_blade_1_5
Fra:1 Mem:166.57M (Peak 166.57M) | Time:00:00.08 | Mem:0.00M, Peak:0.00M | CISCO_N9K_C9336C_FX2_V001, ViewLayer | Synchronizing object | Fan3_blade_1_6
Fra:1 Mem:166.57M (Peak 166.57M) | Time:00:00.08 | Mem:0.00M, Peak:0.00M | CISCO_N9K_C9336C_FX2_V001, ViewLayer | Synchronizing object | Fan3_top_retention_rail_1
Fra:1 Mem:166.58M (Peak 166.58M) | Time:00:00.08 | Mem:0.00M, Peak:0.00M | CISCO_N9K_C9336C_FX2_V001, ViewLayer | Synchronizing object | Fan3_rear_power_contact_block_1
Fra:1 Mem:166.59M (Peak 166.59M) | Time:00:00.08 | Mem:0.00M, Peak:0.00M | CISCO_N9K_C9336C_FX2_V001, ViewLayer | Synchronizing object | Fan3_front_frame
Fra:1 Mem:166.60M (Peak 166.60M) | Time:00:00.08 | Mem:0.00M, Peak:0.00M | CISCO_N9K_C9336C_FX2_V001, ViewLayer | Synchronizing object | PSU2_face_screw_-24.5_4.1
Fra:1 Mem:166.60M (Peak 166.60M) | Time:00:00.08 | Mem:0.00M, Peak:0.00M | CISCO_N9K_C9336C_FX2_V001, ViewLayer | Synchronizing object | Fan3_true_honeycomb_front_grille
Fra:1 Mem:166.71M (Peak 166.71M) | Time:00:00.08 | Mem:0.00M, Peak:0.00M | CISCO_N9K_C9336C_FX2_V001, ViewLayer | Synchronizing object | Fan3_molded_trapezoid_pull_handle
Fra:1 Mem:166.95M (Peak 166.95M) | Time:00:00.08 | Mem:0.00M, Peak:0.00M | CISCO_N9K_C9336C_FX2_V001, ViewLayer | Synchronizing object | Fan3_BLUE_release_latch_-1
Fra:1 Mem:167.05M (Peak 167.05M) | Time:00:00.08 | Mem:0.00M, Peak:0.00M | CISCO_N9K_C9336C_FX2_V001, ViewLayer | Synchronizing object | Fan3_latch_thumb_flare_-1
Fra:1 Mem:167.06M (Peak 167.06M) | Time:00:00.08 | Mem:0.00M, Peak:0.00M | CISCO_N9K_C9336C_FX2_V001, ViewLayer | Synchronizing object | Fan3_BLUE_release_latch_1
Fra:1 Mem:167.16M (Peak 167.16M) | Time:00:00.08 | Mem:0.00M, Peak:0.00M | CISCO_N9K_C9336C_FX2_V001, ViewLayer | Synchronizing object | PSU2_OK_legend
Fra:1 Mem:167.16M (Peak 167.16M) | Time:00:00.08 | Mem:0.00M, Peak:0.00M | CISCO_N9K_C9336C_FX2_V001, ViewLayer | Synchronizing object | Fan3_latch_thumb_flare_1
Fra:1 Mem:167.17M (Peak 167.17M) | Time:00:00.08 | Mem:0.00M, Peak:0.00M | CISCO_N9K_C9336C_FX2_V001, ViewLayer | Synchronizing object | PSU2_FAIL_legend
Fra:1 Mem:167.17M (Peak 167.17M) | Time:00:00.08 | Mem:0.00M, Peak:0.00M | CISCO_N9K_C9336C_FX2_V001, ViewLayer | Synchronizing object | Fan3_PID_label_recess
Fra:1 Mem:167.17M (Peak 167.17M) | Time:00:00.08 | Mem:0.00M, Peak:0.00M | CISCO_N9K_C9336C_FX2_V001, ViewLayer | Synchronizing object | PSU2_unpowered_LED_32.6
Fra:1 Mem:167.17M (Peak 167.17M) | Time:00:00.08 | Mem:0.00M, Peak:0.00M | CISCO_N9K_C9336C_FX2_V001, ViewLayer | Synchronizing object | Fan3_known_PID
Fra:1 Mem:167.50M (Peak 167.50M) | Time:00:00.08 | Mem:0.00M, Peak:0.00M | CISCO_N9K_C9336C_FX2_V001, ViewLayer | Synchronizing object | PSU2_unpowered_LED_36.8
Fra:1 Mem:167.50M (Peak 167.50M) | Time:00:00.08 | Mem:0.00M, Peak:0.00M | CISCO_N9K_C9336C_FX2_V001, ViewLayer | Synchronizing object | Fan3_flush_lock_pin_-39
Fra:1 Mem:167.50M (Peak 167.50M) | Time:00:00.08 | Mem:0.00M, Peak:0.00M | CISCO_N9K_C9336C_FX2_V001, ViewLayer | Synchronizing object | PSU2_retainer_rib_315.4
Fra:1 Mem:167.52M (Peak 167.52M) | Time:00:00.08 | Mem:0.00M, Peak:0.00M | CISCO_N9K_C9336C_FX2_V001, ViewLayer | Synchronizing object | PSU2_retainer_rib_313.2
Fra:1 Mem:167.62M (Peak 167.62M) | Time:00:00.08 | Mem:0.00M, Peak:0.00M | CISCO_N9K_C9336C_FX2_V001, ViewLayer | Synchronizing object | PSU2_retainer_rib_311
Fra:1 Mem:167.62M (Peak 167.62M) | Time:00:00.08 | Mem:0.00M, Peak:0.00M | CISCO_N9K_C9336C_FX2_V001, ViewLayer | Synchronizing object | PSU2_retainer_rib_308.8
Fra:1 Mem:167.63M (Peak 167.63M) | Time:00:00.08 | Mem:0.00M, Peak:0.00M | CISCO_N9K_C9336C_FX2_V001, ViewLayer | Synchronizing object | PSU2_retainer_rib_306.6
Fra:1 Mem:167.84M (Peak 167.84M) | Time:00:00.08 | Mem:0.00M, Peak:0.00M | CISCO_N9K_C9336C_FX2_V001, ViewLayer | Synchronizing object | Fan3_flush_lock_pin_39
Fra:1 Mem:167.83M (Peak 167.84M) | Time:00:00.08 | Mem:0.00M, Peak:0.00M | CISCO_N9K_C9336C_FX2_V001, ViewLayer | Synchronizing object | PSU2_retainer_rib_304.4
Fra:1 Mem:167.85M (Peak 167.85M) | Time:00:00.08 | Mem:0.00M, Peak:0.00M | CISCO_N9K_C9336C_FX2_V001, ViewLayer | Synchronizing object | PSU2_retainer_rib_302.2
Fra:1 Mem:168.46M (Peak 168.46M) | Time:00:00.08 | Mem:0.00M, Peak:0.00M | CISCO_N9K_C9336C_FX2_V001, ViewLayer | Synchronizing object | PSU2_retainer_rib_300
Fra:1 Mem:168.46M (Peak 168.46M) | Time:00:00.08 | Mem:0.00M, Peak:0.00M | CISCO_N9K_C9336C_FX2_V001, ViewLayer | Synchronizing object | PSU2_stowed_nylon_retention_loop
Fra:1 Mem:168.47M (Peak 168.47M) | Time:00:00.08 | Mem:0.00M, Peak:0.00M | CISCO_N9K_C9336C_FX2_V001, ViewLayer | Synchronizing object | Fan1_fine_vertical_thumb_rib_-1_0
Fra:1 Mem:168.47M (Peak 168.47M) | Time:00:00.08 | Mem:0.00M, Peak:0.00M | CISCO_N9K_C9336C_FX2_V001, ViewLayer | Synchronizing object | PSU2_cord_retainer_anchor
Fra:1 Mem:168.48M (Peak 168.48M) | Time:00:00.08 | Mem:0.00M, Peak:0.00M | CISCO_N9K_C9336C_FX2_V001, ViewLayer | Synchronizing object | Fan1_fine_vertical_thumb_rib_-1_1
Fra:1 Mem:168.48M (Peak 168.48M) | Time:00:00.08 | Mem:0.00M, Peak:0.00M | CISCO_N9K_C9336C_FX2_V001, ViewLayer | Synchronizing object | PSU2_BLUE_release_latch
Fra:1 Mem:168.49M (Peak 168.49M) | Time:00:00.08 | Mem:0.00M, Peak:0.00M | CISCO_N9K_C9336C_FX2_V001, ViewLayer | Synchronizing object | PSU2_silver_U_pull_handle
Fra:1 Mem:168.49M (Peak 168.49M) | Time:00:00.08 | Mem:0.00M, Peak:0.00M | CISCO_N9K_C9336C_FX2_V001, ViewLayer | Synchronizing object | Fan1_fine_vertical_thumb_rib_-1_2
Fra:1 Mem:168.51M (Peak 168.51M) | Time:00:00.08 | Mem:0.00M, Peak:0.00M | CISCO_N9K_C9336C_FX2_V001, ViewLayer | Synchronizing object | Fan1_fine_vertical_thumb_rib_-1_3
Fra:1 Mem:168.67M (Peak 168.67M) | Time:00:00.08 | Mem:0.00M, Peak:0.00M | CISCO_N9K_C9336C_FX2_V001, ViewLayer | Synchronizing object | Fan1_fine_vertical_thumb_rib_-1_4
Fra:1 Mem:168.67M (Peak 168.67M) | Time:00:00.08 | Mem:0.00M, Peak:0.00M | CISCO_N9K_C9336C_FX2_V001, ViewLayer | Synchronizing object | Fan1_fine_vertical_thumb_rib_-1_5
Fra:1 Mem:168.68M (Peak 168.68M) | Time:00:00.08 | Mem:0.00M, Peak:0.00M | CISCO_N9K_C9336C_FX2_V001, ViewLayer | Synchronizing object | Fan1_fine_vertical_thumb_rib_-1_6
Fra:1 Mem:168.68M (Peak 168.68M) | Time:00:00.08 | Mem:0.00M, Peak:0.00M | CISCO_N9K_C9336C_FX2_V001, ViewLayer | Synchronizing object | Fan1_fine_vertical_thumb_rib_-1_7
Fra:1 Mem:168.69M (Peak 168.69M) | Time:00:00.08 | Mem:0.00M, Peak:0.00M | CISCO_N9K_C9336C_FX2_V001, ViewLayer | Synchronizing object | Fan1_fine_vertical_thumb_rib_-1_8
Fra:1 Mem:168.69M (Peak 168.69M) | Time:00:00.08 | Mem:0.00M, Peak:0.00M | CISCO_N9K_C9336C_FX2_V001, ViewLayer | Synchronizing object | PSU2_IEC_pin_2
Fra:1 Mem:168.69M (Peak 168.69M) | Time:00:00.08 | Mem:0.00M, Peak:0.00M | CISCO_N9K_C9336C_FX2_V001, ViewLayer | Synchronizing object | Fan1_fine_vertical_thumb_rib_-1_9
Fra:1 Mem:168.71M (Peak 168.71M) | Time:00:00.08 | Mem:0.00M, Peak:0.00M | CISCO_N9K_C9336C_FX2_V001, ViewLayer | Synchronizing object | Fan1_fine_vertical_thumb_rib_1_0
Fra:1 Mem:168.71M (Peak 168.71M) | Time:00:00.08 | Mem:0.00M, Peak:0.00M | CISCO_N9K_C9336C_FX2_V001, ViewLayer | Synchronizing object | PSU2_IEC_pin_1
Fra:1 Mem:169.03M (Peak 169.03M) | Time:00:00.08 | Mem:0.00M, Peak:0.00M | CISCO_N9K_C9336C_FX2_V001, ViewLayer | Synchronizing object | PSU2_IEC_pin_0
Fra:1 Mem:169.04M (Peak 169.04M) | Time:00:00.08 | Mem:0.00M, Peak:0.00M | CISCO_N9K_C9336C_FX2_V001, ViewLayer | Synchronizing object | PSU2_IEC_recessed_black_floor
Fra:1 Mem:169.04M (Peak 169.04M) | Time:00:00.08 | Mem:0.00M, Peak:0.00M | CISCO_N9K_C9336C_FX2_V001, ViewLayer | Synchronizing object | PSU2_IEC_C14_black_inlet_housing
Fra:1 Mem:169.06M (Peak 169.06M) | Time:00:00.08 | Mem:0.00M, Peak:0.00M | CISCO_N9K_C9336C_FX2_V001, ViewLayer | Synchronizing object | PSU2_true_hex_cooling_vents
Fra:1 Mem:171.20M (Peak 171.20M) | Time:00:00.08 | Mem:0.00M, Peak:0.00M | CISCO_N9K_C9336C_FX2_V001, ViewLayer | Synchronizing object | PSU2_inlet_vent_divider
Fra:1 Mem:171.20M (Peak 171.20M) | Time:00:00.08 | Mem:0.00M, Peak:0.00M | CISCO_N9K_C9336C_FX2_V001, ViewLayer | Synchronizing object | PSU2_front_face_rim
Fra:1 Mem:171.22M (Peak 171.22M) | Time:00:00.08 | Mem:0.00M, Peak:0.00M | CISCO_N9K_C9336C_FX2_V001, ViewLayer | Synchronizing object | PSU2_internal_opaque_baffle
Fra:1 Mem:171.22M (Peak 171.22M) | Time:00:00.08 | Mem:0.00M, Peak:0.00M | CISCO_N9K_C9336C_FX2_V001, ViewLayer | Synchronizing object | PSU2_internal_mating_block
Fra:1 Mem:171.22M (Peak 171.22M) | Time:00:00.08 | Mem:0.00M, Peak:0.00M | CISCO_N9K_C9336C_FX2_V001, ViewLayer | Synchronizing object | PSU2_rear_internal_endcap
Fra:1 Mem:171.24M (Peak 171.24M) | Time:00:00.08 | Mem:0.00M, Peak:0.00M | CISCO_N9K_C9336C_FX2_V001, ViewLayer | Synchronizing object | PSU2_formed_silver_shell
Fra:1 Mem:171.26M (Peak 171.26M) | Time:00:00.08 | Mem:0.00M, Peak:0.00M | CISCO_N9K_C9336C_FX2_V001, ViewLayer | Synchronizing object | PSU1_face_screw_24.5_39.3
Fra:1 Mem:171.27M (Peak 171.27M) | Time:00:00.08 | Mem:0.00M, Peak:0.00M | CISCO_N9K_C9336C_FX2_V001, ViewLayer | Synchronizing object | PSU1_face_screw_24.5_4.1
Fra:1 Mem:171.29M (Peak 171.29M) | Time:00:00.08 | Mem:0.00M, Peak:0.00M | CISCO_N9K_C9336C_FX2_V001, ViewLayer | Synchronizing object | PSU1_face_screw_-24.5_39.3
Fra:1 Mem:171.31M (Peak 171.31M) | Time:00:00.08 | Mem:0.00M, Peak:0.00M | CISCO_N9K_C9336C_FX2_V001, ViewLayer | Synchronizing object | PSU1_face_screw_-24.5_4.1
Fra:1 Mem:171.33M (Peak 171.33M) | Time:00:00.08 | Mem:0.00M, Peak:0.00M | CISCO_N9K_C9336C_FX2_V001, ViewLayer | Synchronizing object | PSU1_OK_legend
Fra:1 Mem:171.43M (Peak 171.43M) | Time:00:00.08 | Mem:0.00M, Peak:0.00M | CISCO_N9K_C9336C_FX2_V001, ViewLayer | Synchronizing object | PSU1_FAIL_legend
Fra:1 Mem:171.43M (Peak 171.43M) | Time:00:00.08 | Mem:0.00M, Peak:0.00M | CISCO_N9K_C9336C_FX2_V001, ViewLayer | Synchronizing object | PSU1_unpowered_LED_32.6
Fra:1 Mem:171.43M (Peak 171.43M) | Time:00:00.09 | Mem:0.00M, Peak:0.00M | CISCO_N9K_C9336C_FX2_V001, ViewLayer | Synchronizing object | PSU1_unpowered_LED_36.8
Fra:1 Mem:171.44M (Peak 171.44M) | Time:00:00.09 | Mem:0.00M, Peak:0.00M | CISCO_N9K_C9336C_FX2_V001, ViewLayer | Synchronizing object | PSU1_retainer_rib_315.4
Fra:1 Mem:171.64M (Peak 171.64M) | Time:00:00.09 | Mem:0.00M, Peak:0.00M | CISCO_N9K_C9336C_FX2_V001, ViewLayer | Synchronizing object | PSU1_retainer_rib_313.2
Fra:1 Mem:171.65M (Peak 171.65M) | Time:00:00.09 | Mem:0.00M, Peak:0.00M | CISCO_N9K_C9336C_FX2_V001, ViewLayer | Synchronizing object | PSU1_retainer_rib_311
Fra:1 Mem:171.65M (Peak 171.65M) | Time:00:00.09 | Mem:0.00M, Peak:0.00M | CISCO_N9K_C9336C_FX2_V001, ViewLayer | Synchronizing object | PSU1_retainer_rib_308.8
Fra:1 Mem:171.66M (Peak 171.66M) | Time:00:00.09 | Mem:0.00M, Peak:0.00M | CISCO_N9K_C9336C_FX2_V001, ViewLayer | Synchronizing object | PSU1_retainer_rib_306.6
Fra:1 Mem:171.96M (Peak 171.96M) | Time:00:00.09 | Mem:0.00M, Peak:0.00M | CISCO_N9K_C9336C_FX2_V001, ViewLayer | Synchronizing object | PSU1_retainer_rib_304.4
Fra:1 Mem:171.97M (Peak 171.97M) | Time:00:00.09 | Mem:0.00M, Peak:0.00M | CISCO_N9K_C9336C_FX2_V001, ViewLayer | Synchronizing object | PSU1_retainer_rib_302.2
Fra:1 Mem:171.97M (Peak 171.97M) | Time:00:00.09 | Mem:0.00M, Peak:0.00M | CISCO_N9K_C9336C_FX2_V001, ViewLayer | Synchronizing object | PSU1_retainer_rib_300
Fra:1 Mem:171.98M (Peak 171.98M) | Time:00:00.09 | Mem:0.00M, Peak:0.00M | CISCO_N9K_C9336C_FX2_V001, ViewLayer | Synchronizing object | PSU1_stowed_nylon_retention_loop
Fra:1 Mem:171.98M (Peak 171.98M) | Time:00:00.09 | Mem:0.00M, Peak:0.00M | CISCO_N9K_C9336C_FX2_V001, ViewLayer | Synchronizing object | PSU1_cord_retainer_anchor
Fra:1 Mem:171.99M (Peak 171.99M) | Time:00:00.09 | Mem:0.00M, Peak:0.00M | CISCO_N9K_C9336C_FX2_V001, ViewLayer | Synchronizing object | PSU1_BLUE_release_latch
Fra:1 Mem:171.99M (Peak 171.99M) | Time:00:00.09 | Mem:0.00M, Peak:0.00M | CISCO_N9K_C9336C_FX2_V001, ViewLayer | Synchronizing object | PSU1_silver_U_pull_handle
Fra:1 Mem:171.41M (Peak 171.99M) | Time:00:00.09 | Mem:0.00M, Peak:0.00M | CISCO_N9K_C9336C_FX2_V001, ViewLayer | Synchronizing object | PSU1_IEC_pin_2
Fra:1 Mem:171.42M (Peak 171.99M) | Time:00:00.09 | Mem:0.00M, Peak:0.00M | CISCO_N9K_C9336C_FX2_V001, ViewLayer | Synchronizing object | PSU1_IEC_pin_1
Fra:1 Mem:171.44M (Peak 171.99M) | Time:00:00.09 | Mem:0.00M, Peak:0.00M | CISCO_N9K_C9336C_FX2_V001, ViewLayer | Synchronizing object | PSU1_IEC_pin_0
Fra:1 Mem:171.45M (Peak 171.99M) | Time:00:00.09 | Mem:0.00M, Peak:0.00M | CISCO_N9K_C9336C_FX2_V001, ViewLayer | Synchronizing object | PSU1_IEC_recessed_black_floor
Fra:1 Mem:171.45M (Peak 171.99M) | Time:00:00.09 | Mem:0.00M, Peak:0.00M | CISCO_N9K_C9336C_FX2_V001, ViewLayer | Synchronizing object | PSU1_IEC_C14_black_inlet_housing
Fra:1 Mem:171.47M (Peak 171.99M) | Time:00:00.09 | Mem:0.00M, Peak:0.00M | CISCO_N9K_C9336C_FX2_V001, ViewLayer | Synchronizing object | PSU1_true_hex_cooling_vents
Fra:1 Mem:171.95M (Peak 171.99M) | Time:00:00.09 | Mem:0.00M, Peak:0.00M | CISCO_N9K_C9336C_FX2_V001, ViewLayer | Synchronizing object | PSU1_inlet_vent_divider
Fra:1 Mem:171.95M (Peak 171.99M) | Time:00:00.09 | Mem:0.00M, Peak:0.00M | CISCO_N9K_C9336C_FX2_V001, ViewLayer | Synchronizing object | PSU1_front_face_rim
Fra:1 Mem:171.97M (Peak 171.99M) | Time:00:00.09 | Mem:0.00M, Peak:0.00M | CISCO_N9K_C9336C_FX2_V001, ViewLayer | Synchronizing object | PSU1_internal_opaque_baffle
Fra:1 Mem:171.97M (Peak 171.99M) | Time:00:00.09 | Mem:0.00M, Peak:0.00M | CISCO_N9K_C9336C_FX2_V001, ViewLayer | Synchronizing object | PSU1_internal_mating_block
Fra:1 Mem:171.98M (Peak 171.99M) | Time:00:00.09 | Mem:0.00M, Peak:0.00M | CISCO_N9K_C9336C_FX2_V001, ViewLayer | Synchronizing object | PSU1_rear_internal_endcap
Fra:1 Mem:171.99M (Peak 171.99M) | Time:00:00.09 | Mem:0.00M, Peak:0.00M | CISCO_N9K_C9336C_FX2_V001, ViewLayer | Synchronizing object | PSU1_formed_silver_shell
Fra:1 Mem:172.01M (Peak 172.01M) | Time:00:00.09 | Mem:0.00M, Peak:0.00M | CISCO_N9K_C9336C_FX2_V001, ViewLayer | Synchronizing object | Fan3_fine_vertical_thumb_rib_1_9
Fra:1 Mem:172.01M (Peak 172.01M) | Time:00:00.09 | Mem:0.00M, Peak:0.00M | CISCO_N9K_C9336C_FX2_V001, ViewLayer | Synchronizing object | Fan3_fine_vertical_thumb_rib_1_8
Fra:1 Mem:172.02M (Peak 172.02M) | Time:00:00.09 | Mem:0.00M, Peak:0.00M | CISCO_N9K_C9336C_FX2_V001, ViewLayer | Synchronizing object | Fan3_fine_vertical_thumb_rib_1_7
Fra:1 Mem:172.02M (Peak 172.02M) | Time:00:00.09 | Mem:0.00M, Peak:0.00M | CISCO_N9K_C9336C_FX2_V001, ViewLayer | Synchronizing object | Fan3_fine_vertical_thumb_rib_1_6
Fra:1 Mem:172.03M (Peak 172.03M) | Time:00:00.09 | Mem:0.00M, Peak:0.00M | CISCO_N9K_C9336C_FX2_V001, ViewLayer | Synchronizing object | Fan3_fine_vertical_thumb_rib_1_5
Fra:1 Mem:172.03M (Peak 172.03M) | Time:00:00.09 | Mem:0.00M, Peak:0.00M | CISCO_N9K_C9336C_FX2_V001, ViewLayer | Synchronizing object | Fan3_fine_vertical_thumb_rib_1_4
Fra:1 Mem:172.04M (Peak 172.04M) | Time:00:00.09 | Mem:0.00M, Peak:0.00M | CISCO_N9K_C9336C_FX2_V001, ViewLayer | Synchronizing object | Fan3_fine_vertical_thumb_rib_1_3
Fra:1 Mem:172.04M (Peak 172.04M) | Time:00:00.09 | Mem:0.00M, Peak:0.00M | CISCO_N9K_C9336C_FX2_V001, ViewLayer | Synchronizing object | Fan3_fine_vertical_thumb_rib_1_2
Fra:1 Mem:172.04M (Peak 172.04M) | Time:00:00.09 | Mem:0.00M, Peak:0.00M | CISCO_N9K_C9336C_FX2_V001, ViewLayer | Synchronizing object | Fan3_fine_vertical_thumb_rib_1_1
Fra:1 Mem:172.05M (Peak 172.05M) | Time:00:00.09 | Mem:0.00M, Peak:0.00M | CISCO_N9K_C9336C_FX2_V001, ViewLayer | Synchronizing object | Fan3_fine_vertical_thumb_rib_1_0
Fra:1 Mem:172.05M (Peak 172.05M) | Time:00:00.09 | Mem:0.00M, Peak:0.00M | CISCO_N9K_C9336C_FX2_V001, ViewLayer | Synchronizing object | Fan3_fine_vertical_thumb_rib_-1_9
Fra:1 Mem:172.06M (Peak 172.06M) | Time:00:00.09 | Mem:0.00M, Peak:0.00M | CISCO_N9K_C9336C_FX2_V001, ViewLayer | Synchronizing object | Fan3_fine_vertical_thumb_rib_-1_8
Fra:1 Mem:172.06M (Peak 172.06M) | Time:00:00.09 | Mem:0.00M, Peak:0.00M | CISCO_N9K_C9336C_FX2_V001, ViewLayer | Synchronizing object | Fan3_fine_vertical_thumb_rib_-1_7
Fra:1 Mem:172.07M (Peak 172.07M) | Time:00:00.09 | Mem:0.00M, Peak:0.00M | CISCO_N9K_C9336C_FX2_V001, ViewLayer | Synchronizing object | Fan3_fine_vertical_thumb_rib_-1_6
Fra:1 Mem:172.07M (Peak 172.07M) | Time:00:00.09 | Mem:0.00M, Peak:0.00M | CISCO_N9K_C9336C_FX2_V001, ViewLayer | Synchronizing object | Fan3_fine_vertical_thumb_rib_-1_5
Fra:1 Mem:172.07M (Peak 172.07M) | Time:00:00.09 | Mem:0.00M, Peak:0.00M | CISCO_N9K_C9336C_FX2_V001, ViewLayer | Synchronizing object | Fan3_fine_vertical_thumb_rib_-1_4
Fra:1 Mem:172.08M (Peak 172.08M) | Time:00:00.09 | Mem:0.00M, Peak:0.00M | CISCO_N9K_C9336C_FX2_V001, ViewLayer | Synchronizing object | Fan3_fine_vertical_thumb_rib_-1_3
Fra:1 Mem:172.08M (Peak 172.08M) | Time:00:00.09 | Mem:0.00M, Peak:0.00M | CISCO_N9K_C9336C_FX2_V001, ViewLayer | Synchronizing object | Fan3_fine_vertical_thumb_rib_-1_2
Fra:1 Mem:172.09M (Peak 172.09M) | Time:00:00.09 | Mem:0.00M, Peak:0.00M | CISCO_N9K_C9336C_FX2_V001, ViewLayer | Synchronizing object | Fan3_fine_vertical_thumb_rib_-1_1
Fra:1 Mem:172.09M (Peak 172.09M) | Time:00:00.09 | Mem:0.00M, Peak:0.00M | CISCO_N9K_C9336C_FX2_V001, ViewLayer | Synchronizing object | Fan3_fine_vertical_thumb_rib_-1_0
Fra:1 Mem:172.10M (Peak 172.10M) | Time:00:00.09 | Mem:0.00M, Peak:0.00M | CISCO_N9K_C9336C_FX2_V001, ViewLayer | Synchronizing object | Fan2_fine_vertical_thumb_rib_1_9
Fra:1 Mem:172.10M (Peak 172.10M) | Time:00:00.09 | Mem:0.00M, Peak:0.00M | CISCO_N9K_C9336C_FX2_V001, ViewLayer | Synchronizing object | Fan2_fine_vertical_thumb_rib_1_8
Fra:1 Mem:172.10M (Peak 172.10M) | Time:00:00.09 | Mem:0.00M, Peak:0.00M | CISCO_N9K_C9336C_FX2_V001, ViewLayer | Synchronizing object | Fan2_fine_vertical_thumb_rib_1_7
Fra:1 Mem:172.11M (Peak 172.11M) | Time:00:00.09 | Mem:0.00M, Peak:0.00M | CISCO_N9K_C9336C_FX2_V001, ViewLayer | Synchronizing object | Fan2_fine_vertical_thumb_rib_1_6
Fra:1 Mem:172.11M (Peak 172.11M) | Time:00:00.09 | Mem:0.00M, Peak:0.00M | CISCO_N9K_C9336C_FX2_V001, ViewLayer | Synchronizing object | Fan2_fine_vertical_thumb_rib_1_5
Fra:1 Mem:172.12M (Peak 172.12M) | Time:00:00.09 | Mem:0.00M, Peak:0.00M | CISCO_N9K_C9336C_FX2_V001, ViewLayer | Synchronizing object | Fan2_fine_vertical_thumb_rib_1_4
Fra:1 Mem:172.12M (Peak 172.12M) | Time:00:00.09 | Mem:0.00M, Peak:0.00M | CISCO_N9K_C9336C_FX2_V001, ViewLayer | Synchronizing object | Fan2_fine_vertical_thumb_rib_1_3
Fra:1 Mem:172.13M (Peak 172.13M) | Time:00:00.09 | Mem:0.00M, Peak:0.00M | CISCO_N9K_C9336C_FX2_V001, ViewLayer | Synchronizing object | Fan2_fine_vertical_thumb_rib_1_2
Fra:1 Mem:172.13M (Peak 172.13M) | Time:00:00.09 | Mem:0.00M, Peak:0.00M | CISCO_N9K_C9336C_FX2_V001, ViewLayer | Synchronizing object | Fan2_fine_vertical_thumb_rib_1_1
Fra:1 Mem:172.13M (Peak 172.13M) | Time:00:00.09 | Mem:0.00M, Peak:0.00M | CISCO_N9K_C9336C_FX2_V001, ViewLayer | Synchronizing object | Fan2_fine_vertical_thumb_rib_1_0
Fra:1 Mem:172.14M (Peak 172.14M) | Time:00:00.09 | Mem:0.00M, Peak:0.00M | CISCO_N9K_C9336C_FX2_V001, ViewLayer | Synchronizing object | Fan2_fine_vertical_thumb_rib_-1_9
Fra:1 Mem:172.14M (Peak 172.14M) | Time:00:00.09 | Mem:0.00M, Peak:0.00M | CISCO_N9K_C9336C_FX2_V001, ViewLayer | Synchronizing object | Fan2_fine_vertical_thumb_rib_-1_8
Fra:1 Mem:172.15M (Peak 172.15M) | Time:00:00.09 | Mem:0.00M, Peak:0.00M | CISCO_N9K_C9336C_FX2_V001, ViewLayer | Synchronizing object | Fan2_fine_vertical_thumb_rib_-1_7
Fra:1 Mem:172.15M (Peak 172.15M) | Time:00:00.09 | Mem:0.00M, Peak:0.00M | CISCO_N9K_C9336C_FX2_V001, ViewLayer | Synchronizing object | Fan2_fine_vertical_thumb_rib_-1_6
Fra:1 Mem:172.16M (Peak 172.16M) | Time:00:00.09 | Mem:0.00M, Peak:0.00M | CISCO_N9K_C9336C_FX2_V001, ViewLayer | Synchronizing object | Fan2_fine_vertical_thumb_rib_-1_5
Fra:1 Mem:172.16M (Peak 172.16M) | Time:00:00.09 | Mem:0.00M, Peak:0.00M | CISCO_N9K_C9336C_FX2_V001, ViewLayer | Synchronizing object | Fan2_fine_vertical_thumb_rib_-1_4
Fra:1 Mem:172.16M (Peak 172.16M) | Time:00:00.09 | Mem:0.00M, Peak:0.00M | CISCO_N9K_C9336C_FX2_V001, ViewLayer | Synchronizing object | Fan2_fine_vertical_thumb_rib_-1_3
Fra:1 Mem:172.17M (Peak 172.17M) | Time:00:00.09 | Mem:0.00M, Peak:0.00M | CISCO_N9K_C9336C_FX2_V001, ViewLayer | Synchronizing object | Fan2_fine_vertical_thumb_rib_-1_2
Fra:1 Mem:172.17M (Peak 172.17M) | Time:00:00.09 | Mem:0.00M, Peak:0.00M | CISCO_N9K_C9336C_FX2_V001, ViewLayer | Synchronizing object | Fan2_fine_vertical_thumb_rib_-1_1
Fra:1 Mem:172.18M (Peak 172.18M) | Time:00:00.09 | Mem:0.00M, Peak:0.00M | CISCO_N9K_C9336C_FX2_V001, ViewLayer | Synchronizing object | Fan2_fine_vertical_thumb_rib_-1_0
Fra:1 Mem:172.18M (Peak 172.18M) | Time:00:00.09 | Mem:0.00M, Peak:0.00M | CISCO_N9K_C9336C_FX2_V001, ViewLayer | Synchronizing object | Fan1_fine_vertical_thumb_rib_1_9
Fra:1 Mem:172.19M (Peak 172.19M) | Time:00:00.09 | Mem:0.00M, Peak:0.00M | CISCO_N9K_C9336C_FX2_V001, ViewLayer | Synchronizing object | Fan1_fine_vertical_thumb_rib_1_8
Fra:1 Mem:172.19M (Peak 172.19M) | Time:00:00.09 | Mem:0.00M, Peak:0.00M | CISCO_N9K_C9336C_FX2_V001, ViewLayer | Synchronizing object | Fan1_fine_vertical_thumb_rib_1_7
Fra:1 Mem:172.20M (Peak 172.20M) | Time:00:00.09 | Mem:0.00M, Peak:0.00M | CISCO_N9K_C9336C_FX2_V001, ViewLayer | Synchronizing object | Fan1_fine_vertical_thumb_rib_1_6
Fra:1 Mem:172.20M (Peak 172.20M) | Time:00:00.09 | Mem:0.00M, Peak:0.00M | CISCO_N9K_C9336C_FX2_V001, ViewLayer | Synchronizing object | Fan1_fine_vertical_thumb_rib_1_5
Fra:1 Mem:172.20M (Peak 172.20M) | Time:00:00.09 | Mem:0.00M, Peak:0.00M | CISCO_N9K_C9336C_FX2_V001, ViewLayer | Synchronizing object | Fan1_fine_vertical_thumb_rib_1_4
Fra:1 Mem:172.21M (Peak 172.21M) | Time:00:00.09 | Mem:0.00M, Peak:0.00M | CISCO_N9K_C9336C_FX2_V001, ViewLayer | Synchronizing object | Fan1_fine_vertical_thumb_rib_1_3
Fra:1 Mem:172.21M (Peak 172.21M) | Time:00:00.09 | Mem:0.00M, Peak:0.00M | CISCO_N9K_C9336C_FX2_V001, ViewLayer | Synchronizing object | Fan1_fine_vertical_thumb_rib_1_2
Fra:1 Mem:172.22M (Peak 172.22M) | Time:00:00.09 | Mem:0.00M, Peak:0.00M | CISCO_N9K_C9336C_FX2_V001, ViewLayer | Synchronizing object | Fan1_fine_vertical_thumb_rib_1_1
Fra:1 Mem:172.22M (Peak 181.27M) | Time:00:00.24 | Mem:0.00M, Peak:0.00M | CISCO_N9K_C9336C_FX2_V001, ViewLayer | Initializing
Fra:1 Mem:167.77M (Peak 181.27M) | Time:00:00.24 | Mem:0.00M, Peak:0.00M | CISCO_N9K_C9336C_FX2_V001, ViewLayer | Updating Images | Loading NWR_original_chassis_label_baked
Fra:1 Mem:167.77M (Peak 181.27M) | Time:00:00.24 | Mem:0.00M, Peak:0.00M | CISCO_N9K_C9336C_FX2_V001, ViewLayer | Updating Images | Loading chassis-satin-nickel-roughness
Fra:1 Mem:167.77M (Peak 181.27M) | Time:00:00.24 | Mem:0.00M, Peak:0.00M | CISCO_N9K_C9336C_FX2_V001, ViewLayer | Updating Images | Loading dark-grille-metal-roughness
Fra:1 Mem:154.79M (Peak 181.27M) | Time:00:00.27 | Mem:7.50M, Peak:7.50M | CISCO_N9K_C9336C_FX2_V001, ViewLayer | Waiting for render to start
Fra:1 Mem:154.79M (Peak 181.27M) | Time:00:00.27 | Mem:7.50M, Peak:7.50M | CISCO_N9K_C9336C_FX2_V001, ViewLayer | Loading render kernels (may take a few minutes the first time)
Fra:1 Mem:154.79M (Peak 181.27M) | Time:00:00.27 | Mem:7.50M, Peak:7.50M | CISCO_N9K_C9336C_FX2_V001, ViewLayer | Updating Scene
Fra:1 Mem:154.79M (Peak 181.27M) | Time:00:00.27 | Mem:7.50M, Peak:7.50M | CISCO_N9K_C9336C_FX2_V001, ViewLayer | Updating Shaders
Fra:1 Mem:154.88M (Peak 181.27M) | Time:00:00.27 | Mem:7.51M, Peak:7.51M | CISCO_N9K_C9336C_FX2_V001, ViewLayer | Updating Procedurals
Fra:1 Mem:154.88M (Peak 181.27M) | Time:00:00.27 | Mem:7.51M, Peak:7.51M | CISCO_N9K_C9336C_FX2_V001, ViewLayer | Updating Background
Fra:1 Mem:154.88M (Peak 181.27M) | Time:00:00.27 | Mem:7.51M, Peak:7.51M | CISCO_N9K_C9336C_FX2_V001, ViewLayer | Updating Camera
Fra:1 Mem:154.88M (Peak 181.27M) | Time:00:00.27 | Mem:7.51M, Peak:7.51M | CISCO_N9K_C9336C_FX2_V001, ViewLayer | Updating Meshes Flags
Fra:1 Mem:154.88M (Peak 181.27M) | Time:00:00.27 | Mem:7.51M, Peak:7.51M | CISCO_N9K_C9336C_FX2_V001, ViewLayer | Updating Objects
Fra:1 Mem:154.88M (Peak 181.27M) | Time:00:00.27 | Mem:7.51M, Peak:7.51M | CISCO_N9K_C9336C_FX2_V001, ViewLayer | Updating Objects | Copying Transformations to device
Fra:1 Mem:155.11M (Peak 181.27M) | Time:00:00.27 | Mem:7.73M, Peak:7.73M | CISCO_N9K_C9336C_FX2_V001, ViewLayer | Updating Objects | Applying Static Transformations
Fra:1 Mem:155.11M (Peak 181.27M) | Time:00:00.27 | Mem:7.73M, Peak:7.73M | CISCO_N9K_C9336C_FX2_V001, ViewLayer | Updating Particle Systems
Fra:1 Mem:155.11M (Peak 181.27M) | Time:00:00.27 | Mem:7.73M, Peak:7.73M | CISCO_N9K_C9336C_FX2_V001, ViewLayer | Updating Particle Systems | Copying Particles to device
Fra:1 Mem:155.11M (Peak 181.27M) | Time:00:00.27 | Mem:7.73M, Peak:7.73M | CISCO_N9K_C9336C_FX2_V001, ViewLayer | Updating Meshes
Fra:1 Mem:160.95M (Peak 181.27M) | Time:00:00.28 | Mem:7.73M, Peak:7.73M | CISCO_N9K_C9336C_FX2_V001, ViewLayer | Updating Mesh | Computing attributes
Fra:1 Mem:187.14M (Peak 187.14M) | Time:00:00.33 | Mem:7.77M, Peak:7.77M | CISCO_N9K_C9336C_FX2_V001, ViewLayer | Updating Mesh | Copying Attributes to device
Fra:1 Mem:187.01M (Peak 187.14M) | Time:00:00.33 | Mem:33.79M, Peak:33.79M | CISCO_N9K_C9336C_FX2_V001, ViewLayer | Updating Geometry BVH Port02_subtle_recessed_contact_row 30/30 | Building BVH
Fra:1 Mem:187.01M (Peak 187.14M) | Time:00:00.33 | Mem:33.80M, Peak:33.80M | CISCO_N9K_C9336C_FX2_V001, ViewLayer | Updating Geometry BVH Port02_subtle_recessed_contact_row 30/30 | Building BVH 0%
Fra:1 Mem:187.01M (Peak 187.14M) | Time:00:00.33 | Mem:33.81M, Peak:33.82M | CISCO_N9K_C9336C_FX2_V001, ViewLayer | Updating Geometry BVH Port02_spring_1_2.8 29/30 | Building BVH
Fra:1 Mem:187.01M (Peak 187.14M) | Time:00:00.33 | Mem:33.82M, Peak:33.83M | CISCO_N9K_C9336C_FX2_V001, ViewLayer | Updating Geometry BVH Port02_spring_1_0 28/30 | Building BVH
Fra:1 Mem:187.01M (Peak 187.14M) | Time:00:00.33 | Mem:33.83M, Peak:33.83M | CISCO_N9K_C9336C_FX2_V001, ViewLayer | Updating Geometry BVH Lid_flush_Phillips_00 1/30 | Building BVH
Fra:1 Mem:187.01M (Peak 187.14M) | Time:00:00.33 | Mem:33.84M, Peak:33.85M | CISCO_N9K_C9336C_FX2_V001, ViewLayer | Updating Geometry BVH Pair01_stainless_shell_29mm_deep 2/30 | Building BVH
Fra:1 Mem:187.01M (Peak 187.14M) | Time:00:00.33 | Mem:33.84M, Peak:33.85M | CISCO_N9K_C9336C_FX2_V001, ViewLayer | Updating Geometry BVH Pair01_front_separator_true_perforations 3/30 | Building BVH
Fra:1 Mem:187.01M (Peak 187.14M) | Time:00:00.33 | Mem:33.93M, Peak:33.93M | CISCO_N9K_C9336C_FX2_V001, ViewLayer | Updating Geometry BVH Pair01_internal_cooling_shelf 4/30 | Building BVH
Fra:1 Mem:187.01M (Peak 187.14M) | Time:00:00.33 | Mem:33.94M, Peak:33.94M | CISCO_N9K_C9336C_FX2_V001, ViewLayer | Updating Geometry BVH Port01_recessed_connector_stop 5/30 | Building BVH
Fra:1 Mem:187.01M (Peak 187.14M) | Time:00:00.33 | Mem:33.95M, Peak:33.95M | CISCO_N9K_C9336C_FX2_V001, ViewLayer | Updating Geometry BVH Port01_connector_contact_surround 6/30 | Building BVH
Fra:1 Mem:187.01M (Peak 187.14M) | Time:00:00.33 | Mem:33.98M, Peak:33.99M | CISCO_N9K_C9336C_FX2_V001, ViewLayer | Updating Geometry BVH Port01_guide_-1_-4.25 7/30 | Building BVH
Fra:1 Mem:187.01M (Peak 187.14M) | Time:00:00.33 | Mem:34.01M, Peak:34.01M | CISCO_N9K_C9336C_FX2_V001, ViewLayer | Updating Geometry BVH Port01_guide_-1_4.25 8/30 | Building BVH
Fra:1 Mem:187.01M (Peak 187.14M) | Time:00:00.33 | Mem:34.03M, Peak:34.03M | CISCO_N9K_C9336C_FX2_V001, ViewLayer | Updating Geometry BVH Port01_spring_-1_-2.8 9/30 | Building BVH
Fra:1 Mem:187.01M (Peak 187.14M) | Time:00:00.33 | Mem:34.06M, Peak:34.06M | CISCO_N9K_C9336C_FX2_V001, ViewLayer | Updating Geometry BVH Port01_spring_-1_0 10/30 | Building BVH
Fra:1 Mem:187.01M (Peak 187.14M) | Time:00:00.33 | Mem:34.07M, Peak:34.07M | CISCO_N9K_C9336C_FX2_V001, ViewLayer | Updating Geometry BVH Port01_spring_-1_2.8 11/30 | Building BVH
Fra:1 Mem:187.01M (Peak 187.14M) | Time:00:00.33 | Mem:34.08M, Peak:34.08M | CISCO_N9K_C9336C_FX2_V001, ViewLayer | Updating Geometry BVH Port01_spring_1_0 15/30 | Building BVH
Fra:1 Mem:187.01M (Peak 187.14M) | Time:00:00.33 | Mem:34.13M, Peak:34.14M | CISCO_N9K_C9336C_FX2_V001, ViewLayer | Updating Geometry BVH Port01_spring_1_2.8 16/30 | Building BVH
Fra:1 Mem:187.01M (Peak 187.14M) | Time:00:00.33 | Mem:34.17M, Peak:34.17M | CISCO_N9K_C9336C_FX2_V001, ViewLayer | Updating Geometry BVH Port01_subtle_recessed_contact_row 17/30 | Building BVH
Fra:1 Mem:187.01M (Peak 187.14M) | Time:00:00.33 | Mem:34.12M, Peak:34.19M | CISCO_N9K_C9336C_FX2_V001, ViewLayer | Updating Geometry BVH Port02_connector_contact_surround 19/30 | Building BVH
Fra:1 Mem:187.01M (Peak 187.14M) | Time:00:00.33 | Mem:34.12M, Peak:34.19M | CISCO_N9K_C9336C_FX2_V001, ViewLayer | Updating Geometry BVH Port02_guide_-1_-4.25 20/30 | Building BVH
Fra:1 Mem:187.01M (Peak 187.14M) | Time:00:00.33 | Mem:34.16M, Peak:34.19M | CISCO_N9K_C9336C_FX2_V001, ViewLayer | Updating Geometry BVH Port02_guide_-1_4.25 21/30 | Building BVH
Fra:1 Mem:187.01M (Peak 187.14M) | Time:00:00.33 | Mem:34.16M, Peak:34.19M | CISCO_N9K_C9336C_FX2_V001, ViewLayer | Updating Geometry BVH Port02_spring_-1_-2.8 22/30 | Building BVH
Fra:1 Mem:187.01M (Peak 187.14M) | Time:00:00.33 | Mem:34.17M, Peak:34.19M | CISCO_N9K_C9336C_FX2_V001, ViewLayer | Updating Geometry BVH Port02_spring_-1_2.8 24/30 | Building BVH
Fra:1 Mem:187.01M (Peak 187.14M) | Time:00:00.33 | Mem:34.18M, Peak:34.19M | CISCO_N9K_C9336C_FX2_V001, ViewLayer | Updating Geometry BVH Port02_guide_1_-4.25 25/30 | Building BVH
Fra:1 Mem:187.01M (Peak 187.14M) | Time:00:00.33 | Mem:34.19M, Peak:34.19M | CISCO_N9K_C9336C_FX2_V001, ViewLayer | Updating Geometry BVH Port02_guide_1_4.25 26/30 | Building BVH
Fra:1 Mem:187.01M (Peak 187.14M) | Time:00:00.33 | Mem:34.22M, Peak:34.22M | CISCO_N9K_C9336C_FX2_V001, ViewLayer | Updating Geometry BVH Port02_spring_1_-2.8 27/30 | Building BVH
Fra:1 Mem:187.01M (Peak 187.14M) | Time:00:00.34 | Mem:34.27M, Peak:34.27M | CISCO_N9K_C9336C_FX2_V001, ViewLayer | Updating Scene BVH | Building
Fra:1 Mem:187.02M (Peak 187.14M) | Time:00:00.34 | Mem:34.27M, Peak:34.27M | CISCO_N9K_C9336C_FX2_V001, ViewLayer | Updating Scene BVH | Building BVH
Fra:1 Mem:187.02M (Peak 187.14M) | Time:00:00.38 | Mem:58.47M, Peak:69.98M | CISCO_N9K_C9336C_FX2_V001, ViewLayer | Updating Scene BVH | Copying BVH to device
Fra:1 Mem:187.02M (Peak 187.14M) | Time:00:00.38 | Mem:58.47M, Peak:69.98M | CISCO_N9K_C9336C_FX2_V001, ViewLayer | Updating Mesh | Computing normals
Fra:1 Mem:200.12M (Peak 200.12M) | Time:00:00.40 | Mem:58.47M, Peak:69.98M | CISCO_N9K_C9336C_FX2_V001, ViewLayer | Updating Mesh | Copying Mesh to device
Fra:1 Mem:200.12M (Peak 200.12M) | Time:00:00.40 | Mem:71.57M, Peak:71.57M | CISCO_N9K_C9336C_FX2_V001, ViewLayer | Updating Objects Flags
Fra:1 Mem:200.12M (Peak 200.12M) | Time:00:00.40 | Mem:71.58M, Peak:71.58M | CISCO_N9K_C9336C_FX2_V001, ViewLayer | Updating Primitive Offsets
Fra:1 Mem:200.13M (Peak 200.13M) | Time:00:00.40 | Mem:71.58M, Peak:71.58M | CISCO_N9K_C9336C_FX2_V001, ViewLayer | Updating Images
Fra:1 Mem:200.13M (Peak 200.13M) | Time:00:00.40 | Mem:71.58M, Peak:71.58M | CISCO_N9K_C9336C_FX2_V001, ViewLayer | Updating Camera Volume
Fra:1 Mem:200.13M (Peak 200.13M) | Time:00:00.40 | Mem:71.58M, Peak:71.58M | CISCO_N9K_C9336C_FX2_V001, ViewLayer | Updating Lookup Tables
Fra:1 Mem:200.13M (Peak 200.13M) | Time:00:00.40 | Mem:71.66M, Peak:71.66M | CISCO_N9K_C9336C_FX2_V001, ViewLayer | Updating Lights
Fra:1 Mem:200.13M (Peak 200.13M) | Time:00:00.40 | Mem:71.66M, Peak:71.66M | CISCO_N9K_C9336C_FX2_V001, ViewLayer | Updating Lights | Computing distribution
Fra:1 Mem:200.13M (Peak 200.13M) | Time:00:00.40 | Mem:71.66M, Peak:71.66M | CISCO_N9K_C9336C_FX2_V001, ViewLayer | Updating Lights | Computing tree
Fra:1 Mem:200.14M (Peak 200.14M) | Time:00:00.40 | Mem:71.67M, Peak:71.67M | CISCO_N9K_C9336C_FX2_V001, ViewLayer | Updating Integrator
Fra:1 Mem:201.14M (Peak 201.14M) | Time:00:00.40 | Mem:72.67M, Peak:72.67M | CISCO_N9K_C9336C_FX2_V001, ViewLayer | Updating Film
Fra:1 Mem:201.14M (Peak 201.14M) | Time:00:00.40 | Mem:72.59M, Peak:72.67M | CISCO_N9K_C9336C_FX2_V001, ViewLayer | Updating Lookup Tables
Fra:1 Mem:201.14M (Peak 201.14M) | Time:00:00.40 | Mem:72.67M, Peak:72.67M | CISCO_N9K_C9336C_FX2_V001, ViewLayer | Updating Baking
Fra:1 Mem:201.14M (Peak 201.14M) | Time:00:00.40 | Mem:72.67M, Peak:72.67M | CISCO_N9K_C9336C_FX2_V001, ViewLayer | Updating Device | Writing constant memory
Fra:1 Mem:201.15M (Peak 201.15M) | Time:00:00.40 | Mem:72.67M, Peak:72.67M | CISCO_N9K_C9336C_FX2_V001, ViewLayer | Sample 0/96
Fra:1 Mem:324.78M (Peak 324.78M) | Time:00:01.51 | Remaining:01:45.92 | Mem:196.28M, Peak:196.28M | CISCO_N9K_C9336C_FX2_V001, ViewLayer | Sample 1/96
Fra:1 Mem:324.78M (Peak 324.78M) | Time:00:21.43 | Remaining:00:40.14 | Mem:196.28M, Peak:196.28M | CISCO_N9K_C9336C_FX2_V001, ViewLayer | Sample 33/96
