Blender 4.0.2
Read prefs: "/root/.config/blender/4.0/config/userpref.blend"
Read blend: "/root/Project/rack-device-3d/Cisco-N9KC9336C-FX2/v001/model/08-neutral-studio-calibrated.blend"
Fra:1 Mem:134.01M (Peak 134.01M) | Time:00:00.08 | Mem:0.00M, Peak:0.00M | CISCO_N9K_C9336C_FX2_V001, ViewLayer | Synchronizing object | INFERRED_Bottom_folded_sheet
Fra:1 Mem:134.01M (Peak 134.01M) | Time:00:00.08 | Mem:0.00M, Peak:0.00M | CISCO_N9K_C9336C_FX2_V001, ViewLayer | Synchronizing object | Lid_vent_side_border_-1
Fra:1 Mem:134.14M (Peak 134.14M) | Time:00:00.08 | Mem:0.00M, Peak:0.00M | CISCO_N9K_C9336C_FX2_V001, ViewLayer | Synchronizing object | Lid_vent_side_border_1
Fra:1 Mem:136.48M (Peak 136.48M) | Time:00:00.08 | Mem:0.00M, Peak:0.00M | CISCO_N9K_C9336C_FX2_V001, ViewLayer | Synchronizing object | Interior_under_port_vent_baffle
Fra:1 Mem:136.94M (Peak 136.94M) | Time:00:00.08 | Mem:0.00M, Peak:0.00M | CISCO_N9K_C9336C_FX2_V001, ViewLayer | Synchronizing object | Port_face_solid_punched_panel
Fra:1 Mem:137.00M (Peak 137.00M) | Time:00:00.08 | Mem:0.00M, Peak:0.00M | CISCO_N9K_C9336C_FX2_V001, ViewLayer | Synchronizing object | Front_lower_rectangular_vent_strip
Fra:1 Mem:137.35M (Peak 137.35M) | Time:00:00.08 | Mem:0.00M, Peak:0.00M | CISCO_N9K_C9336C_FX2_V001, ViewLayer | Synchronizing object | Front_lower_control_label_land
Fra:1 Mem:138.41M (Peak 138.41M) | Time:00:00.08 | Mem:0.00M, Peak:0.00M | CISCO_N9K_C9336C_FX2_V001, ViewLayer | Synchronizing object | Front_lower_right_land
Fra:1 Mem:138.41M (Peak 138.41M) | Time:00:00.08 | Mem:0.00M, Peak:0.00M | CISCO_N9K_C9336C_FX2_V001, ViewLayer | Synchronizing object | Rear_horizontal_rim_1.25
Fra:1 Mem:138.45M (Peak 138.52M) | Time:00:00.08 | Mem:0.00M, Peak:0.00M | CISCO_N9K_C9336C_FX2_V001, ViewLayer | Synchronizing object | Rear_horizontal_rim_42.438
Fra:1 Mem:139.88M (Peak 139.88M) | Time:00:00.08 | Mem:0.00M, Peak:0.00M | CISCO_N9K_C9336C_FX2_V001, ViewLayer | Synchronizing object | Rear_side_rim_218.46
Fra:1 Mem:142.88M (Peak 142.88M) | Time:00:00.08 | Mem:0.00M, Peak:0.00M | CISCO_N9K_C9336C_FX2_V001, ViewLayer | Synchronizing object | Rear_module_divider_160
Fra:1 Mem:142.88M (Peak 142.88M) | Time:00:00.08 | Mem:0.00M, Peak:0.00M | CISCO_N9K_C9336C_FX2_V001, ViewLayer | Synchronizing object | Rear_module_divider_70
Fra:1 Mem:143.07M (Peak 143.07M) | Time:00:00.08 | Mem:0.00M, Peak:0.00M | CISCO_N9K_C9336C_FX2_V001, ViewLayer | Synchronizing object | Rear_module_divider_-20
Fra:1 Mem:143.07M (Peak 143.07M) | Time:00:00.08 | Mem:0.00M, Peak:0.00M | CISCO_N9K_C9336C_FX2_V001, ViewLayer | Synchronizing object | Rear_module_divider_-110
Fra:1 Mem:143.33M (Peak 143.33M) | Time:00:00.08 | Mem:0.00M, Peak:0.00M | CISCO_N9K_C9336C_FX2_V001, ViewLayer | Synchronizing object | Rear_module_divider_-160
Fra:1 Mem:143.33M (Peak 143.33M) | Time:00:00.08 | Mem:0.00M, Peak:0.00M | CISCO_N9K_C9336C_FX2_V001, ViewLayer | Synchronizing object | Lid_flush_Phillips_00
Fra:1 Mem:143.35M (Peak 143.35M) | Time:00:00.08 | Mem:0.00M, Peak:0.00M | CISCO_N9K_C9336C_FX2_V001, ViewLayer | Synchronizing object | LEFT_EAR_bent_opaque_solid_with_true_bores
Fra:1 Mem:143.44M (Peak 143.44M) | Time:00:00.08 | Mem:0.00M, Peak:0.00M | CISCO_N9K_C9336C_FX2_V001, ViewLayer | Synchronizing object | LEFT_ear_M4_-284_32.8
Fra:1 Mem:143.52M (Peak 143.52M) | Time:00:00.08 | Mem:0.00M, Peak:0.00M | CISCO_N9K_C9336C_FX2_V001, ViewLayer | Synchronizing object | LEFT_ear_M4_-256_10.8
Fra:1 Mem:143.52M (Peak 143.52M) | Time:00:00.08 | Mem:0.00M, Peak:0.00M | CISCO_N9K_C9336C_FX2_V001, ViewLayer | Synchronizing object | LEFT_ear_M4_-256_32.8
Fra:1 Mem:143.55M (Peak 143.55M) | Time:00:00.08 | Mem:0.00M, Peak:0.00M | CISCO_N9K_C9336C_FX2_V001, ViewLayer | Synchronizing object | RIGHT_EAR_bent_opaque_solid_with_true_bores
Fra:1 Mem:143.90M (Peak 143.90M) | Time:00:00.08 | Mem:0.00M, Peak:0.00M | CISCO_N9K_C9336C_FX2_V001, ViewLayer | Synchronizing object | RIGHT_ear_M4_-284_10.8
Fra:1 Mem:143.90M (Peak 143.90M) | Time:00:00.08 | Mem:0.00M, Peak:0.00M | CISCO_N9K_C9336C_FX2_V001, ViewLayer | Synchronizing object | RIGHT_ear_M4_-284_32.8
Fra:1 Mem:144.00M (Peak 144.00M) | Time:00:00.08 | Mem:0.00M, Peak:0.00M | CISCO_N9K_C9336C_FX2_V001, ViewLayer | Synchronizing object | RIGHT_ear_M4_-256_10.8
Fra:1 Mem:144.77M (Peak 144.77M) | Time:00:00.08 | Mem:0.00M, Peak:0.00M | CISCO_N9K_C9336C_FX2_V001, ViewLayer | Synchronizing object | RIGHT_ear_M4_-256_32.8
Fra:1 Mem:145.03M (Peak 145.03M) | Time:00:00.08 | Mem:0.00M, Peak:0.00M | CISCO_N9K_C9336C_FX2_V001, ViewLayer | Synchronizing object | Pair01_stainless_shell_29mm_deep
Fra:1 Mem:145.08M (Peak 145.08M) | Time:00:00.08 | Mem:0.00M, Peak:0.00M | CISCO_N9K_C9336C_FX2_V001, ViewLayer | Synchronizing object | Pair01_front_separator_true_perforations
Fra:1 Mem:145.31M (Peak 145.31M) | Time:00:00.08 | Mem:0.00M, Peak:0.00M | CISCO_N9K_C9336C_FX2_V001, ViewLayer | Synchronizing object | Pair01_internal_cooling_shelf
Fra:1 Mem:145.46M (Peak 145.46M) | Time:00:00.08 | Mem:0.00M, Peak:0.00M | CISCO_N9K_C9336C_FX2_V001, ViewLayer | Synchronizing object | Port01_recessed_connector_stop
Fra:1 Mem:145.62M (Peak 145.62M) | Time:00:00.08 | Mem:0.00M, Peak:0.00M | CISCO_N9K_C9336C_FX2_V001, ViewLayer | Synchronizing object | Port01_connector_contact_surround
Fra:1 Mem:148.82M (Peak 148.82M) | Time:00:00.08 | Mem:0.00M, Peak:0.00M | CISCO_N9K_C9336C_FX2_V001, ViewLayer | Synchronizing object | Port01_guide_-1_-4.25
Fra:1 Mem:148.84M (Peak 148.84M) | Time:00:00.08 | Mem:0.00M, Peak:0.00M | CISCO_N9K_C9336C_FX2_V001, ViewLayer | Synchronizing object | Port01_guide_-1_4.25
Fra:1 Mem:148.86M (Peak 148.86M) | Time:00:00.08 | Mem:0.00M, Peak:0.00M | CISCO_N9K_C9336C_FX2_V001, ViewLayer | Synchronizing object | Port01_spring_-1_-2.8
Fra:1 Mem:148.87M (Peak 148.87M) | Time:00:00.08 | Mem:0.00M, Peak:0.00M | CISCO_N9K_C9336C_FX2_V001, ViewLayer | Synchronizing object | Port01_spring_-1_0
Fra:1 Mem:148.89M (Peak 148.89M) | Time:00:00.08 | Mem:0.00M, Peak:0.00M | CISCO_N9K_C9336C_FX2_V001, ViewLayer | Synchronizing object | Port01_spring_-1_2.8
Fra:1 Mem:148.90M (Peak 148.90M) | Time:00:00.08 | Mem:0.00M, Peak:0.00M | CISCO_N9K_C9336C_FX2_V001, ViewLayer | Synchronizing object | Port01_guide_1_-4.25
Fra:1 Mem:148.92M (Peak 148.92M) | Time:00:00.08 | Mem:0.00M, Peak:0.00M | CISCO_N9K_C9336C_FX2_V001, ViewLayer | Synchronizing object | Port01_guide_1_4.25
Fra:1 Mem:148.94M (Peak 148.94M) | Time:00:00.08 | Mem:0.00M, Peak:0.00M | CISCO_N9K_C9336C_FX2_V001, ViewLayer | Synchronizing object | Port01_spring_1_-2.8
Fra:1 Mem:149.26M (Peak 149.26M) | Time:00:00.08 | Mem:0.00M, Peak:0.00M | CISCO_N9K_C9336C_FX2_V001, ViewLayer | Synchronizing object | Port01_spring_1_0
Fra:1 Mem:149.28M (Peak 149.28M) | Time:00:00.08 | Mem:0.00M, Peak:0.00M | CISCO_N9K_C9336C_FX2_V001, ViewLayer | Synchronizing object | Port01_spring_1_2.8
Fra:1 Mem:149.30M (Peak 149.30M) | Time:00:00.08 | Mem:0.00M, Peak:0.00M | CISCO_N9K_C9336C_FX2_V001, ViewLayer | Synchronizing object | Port01_subtle_recessed_contact_row
Fra:1 Mem:149.31M (Peak 149.31M) | Time:00:00.08 | Mem:0.00M, Peak:0.00M | CISCO_N9K_C9336C_FX2_V001, ViewLayer | Synchronizing object | Port02_recessed_connector_stop
Fra:1 Mem:149.32M (Peak 149.32M) | Time:00:00.08 | Mem:0.00M, Peak:0.00M | CISCO_N9K_C9336C_FX2_V001, ViewLayer | Synchronizing object | Port02_guide_-1_-4.25
Fra:1 Mem:149.33M (Peak 149.33M) | Time:00:00.08 | Mem:0.00M, Peak:0.00M | CISCO_N9K_C9336C_FX2_V001, ViewLayer | Synchronizing object | Port02_guide_-1_4.25
Fra:1 Mem:149.35M (Peak 149.35M) | Time:00:00.08 | Mem:0.00M, Peak:0.00M | CISCO_N9K_C9336C_FX2_V001, ViewLayer | Synchronizing object | Port02_spring_-1_-2.8
Fra:1 Mem:149.37M (Peak 149.37M) | Time:00:00.08 | Mem:0.00M, Peak:0.00M | CISCO_N9K_C9336C_FX2_V001, ViewLayer | Synchronizing object | Port02_spring_-1_0
Fra:1 Mem:149.38M (Peak 149.38M) | Time:00:00.08 | Mem:0.00M, Peak:0.00M | CISCO_N9K_C9336C_FX2_V001, ViewLayer | Synchronizing object | Port02_spring_-1_2.8
Fra:1 Mem:149.40M (Peak 149.40M) | Time:00:00.08 | Mem:0.00M, Peak:0.00M | CISCO_N9K_C9336C_FX2_V001, ViewLayer | Synchronizing object | Fan1_known_PID
Fra:1 Mem:149.40M (Peak 149.40M) | Time:00:00.08 | Mem:0.00M, Peak:0.00M | CISCO_N9K_C9336C_FX2_V001, ViewLayer | Synchronizing object | Port02_guide_1_-4.25
Fra:1 Mem:149.44M (Peak 149.44M) | Time:00:00.08 | Mem:0.00M, Peak:0.00M | CISCO_N9K_C9336C_FX2_V001, ViewLayer | Synchronizing object | Port02_guide_1_4.25
Fra:1 Mem:149.45M (Peak 149.45M) | Time:00:00.08 | Mem:0.00M, Peak:0.00M | CISCO_N9K_C9336C_FX2_V001, ViewLayer | Synchronizing object | Port02_spring_1_-2.8
Fra:1 Mem:149.47M (Peak 149.47M) | Time:00:00.08 | Mem:0.00M, Peak:0.00M | CISCO_N9K_C9336C_FX2_V001, ViewLayer | Synchronizing object | Port02_spring_1_0
Fra:1 Mem:149.49M (Peak 149.49M) | Time:00:00.08 | Mem:0.00M, Peak:0.00M | CISCO_N9K_C9336C_FX2_V001, ViewLayer | Synchronizing object | Port02_spring_1_2.8
Fra:1 Mem:149.50M (Peak 149.50M) | Time:00:00.08 | Mem:0.00M, Peak:0.00M | CISCO_N9K_C9336C_FX2_V001, ViewLayer | Synchronizing object | Fan2_known_PID
Fra:1 Mem:149.53M (Peak 149.53M) | Time:00:00.08 | Mem:0.00M, Peak:0.00M | CISCO_N9K_C9336C_FX2_V001, ViewLayer | Synchronizing object | Port02_subtle_recessed_contact_row
Fra:1 Mem:149.54M (Peak 149.54M) | Time:00:00.08 | Mem:0.00M, Peak:0.00M | CISCO_N9K_C9336C_FX2_V001, ViewLayer | Synchronizing object | Fan1_rotor_housing_-1
Fra:1 Mem:149.55M (Peak 149.55M) | Time:00:00.08 | Mem:0.00M, Peak:0.00M | CISCO_N9K_C9336C_FX2_V001, ViewLayer | Synchronizing object | Fan1_hub_-1
Fra:1 Mem:149.56M (Peak 149.56M) | Time:00:00.08 | Mem:0.00M, Peak:0.00M | CISCO_N9K_C9336C_FX2_V001, ViewLayer | Synchronizing object | Fan1_blade_-1_0
Fra:1 Mem:149.56M (Peak 149.56M) | Time:00:00.08 | Mem:0.00M, Peak:0.00M | CISCO_N9K_C9336C_FX2_V001, ViewLayer | Synchronizing object | Fan1_blade_-1_1
Fra:1 Mem:149.56M (Peak 149.56M) | Time:00:00.08 | Mem:0.00M, Peak:0.00M | CISCO_N9K_C9336C_FX2_V001, ViewLayer | Synchronizing object | Fan1_blade_-1_2
Fra:1 Mem:149.56M (Peak 149.56M) | Time:00:00.08 | Mem:0.00M, Peak:0.00M | CISCO_N9K_C9336C_FX2_V001, ViewLayer | Synchronizing object | Fan1_blade_-1_3
Fra:1 Mem:149.56M (Peak 149.56M) | Time:00:00.08 | Mem:0.00M, Peak:0.00M | CISCO_N9K_C9336C_FX2_V001, ViewLayer | Synchronizing object | Fan1_blade_-1_4
Fra:1 Mem:149.57M (Peak 149.57M) | Time:00:00.08 | Mem:0.00M, Peak:0.00M | CISCO_N9K_C9336C_FX2_V001, ViewLayer | Synchronizing object | Fan1_blade_-1_5
Fra:1 Mem:149.57M (Peak 149.57M) | Time:00:00.08 | Mem:0.00M, Peak:0.00M | CISCO_N9K_C9336C_FX2_V001, ViewLayer | Synchronizing object | Fan1_blade_-1_6
Fra:1 Mem:149.57M (Peak 149.57M) | Time:00:00.08 | Mem:0.00M, Peak:0.00M | CISCO_N9K_C9336C_FX2_V001, ViewLayer | Synchronizing object | Fan1_top_retention_rail_-1
Fra:1 Mem:149.58M (Peak 149.58M) | Time:00:00.08 | Mem:0.00M, Peak:0.00M | CISCO_N9K_C9336C_FX2_V001, ViewLayer | Synchronizing object | Fan1_rear_power_contact_block_-1
Fra:1 Mem:149.59M (Peak 149.59M) | Time:00:00.08 | Mem:0.00M, Peak:0.00M | CISCO_N9K_C9336C_FX2_V001, ViewLayer | Synchronizing object | Fan1_rotor_housing_1
Fra:1 Mem:149.60M (Peak 149.60M) | Time:00:00.08 | Mem:0.00M, Peak:0.00M | CISCO_N9K_C9336C_FX2_V001, ViewLayer | Synchronizing object | Fan1_hub_1
Fra:1 Mem:149.60M (Peak 149.60M) | Time:00:00.08 | Mem:0.00M, Peak:0.00M | CISCO_N9K_C9336C_FX2_V001, ViewLayer | Synchronizing object | Fan3_known_PID
Fra:1 Mem:149.64M (Peak 149.64M) | Time:00:00.08 | Mem:0.00M, Peak:0.00M | CISCO_N9K_C9336C_FX2_V001, ViewLayer | Synchronizing object | PSU1_FAIL_legend
Fra:1 Mem:149.75M (Peak 149.75M) | Time:00:00.08 | Mem:0.00M, Peak:0.00M | CISCO_N9K_C9336C_FX2_V001, ViewLayer | Synchronizing object | PSU1_OK_legend
Fra:1 Mem:149.64M (Peak 149.75M) | Time:00:00.08 | Mem:0.00M, Peak:0.00M | CISCO_N9K_C9336C_FX2_V001, ViewLayer | Synchronizing object | Fan1_blade_1_0
Fra:1 Mem:149.65M (Peak 149.75M) | Time:00:00.08 | Mem:0.00M, Peak:0.00M | CISCO_N9K_C9336C_FX2_V001, ViewLayer | Synchronizing object | Fan1_blade_1_1
Fra:1 Mem:149.65M (Peak 149.75M) | Time:00:00.08 | Mem:0.00M, Peak:0.00M | CISCO_N9K_C9336C_FX2_V001, ViewLayer | Synchronizing object | Fan1_blade_1_2
Fra:1 Mem:149.65M (Peak 149.75M) | Time:00:00.08 | Mem:0.00M, Peak:0.00M | CISCO_N9K_C9336C_FX2_V001, ViewLayer | Synchronizing object | Fan1_blade_1_3
Fra:1 Mem:149.65M (Peak 149.75M) | Time:00:00.08 | Mem:0.00M, Peak:0.00M | CISCO_N9K_C9336C_FX2_V001, ViewLayer | Synchronizing object | Fan1_blade_1_4
Fra:1 Mem:149.65M (Peak 149.75M) | Time:00:00.08 | Mem:0.00M, Peak:0.00M | CISCO_N9K_C9336C_FX2_V001, ViewLayer | Synchronizing object | Fan1_blade_1_5
Fra:1 Mem:149.65M (Peak 149.75M) | Time:00:00.08 | Mem:0.00M, Peak:0.00M | CISCO_N9K_C9336C_FX2_V001, ViewLayer | Synchronizing object | Fan1_blade_1_6
Fra:1 Mem:149.65M (Peak 149.75M) | Time:00:00.08 | Mem:0.00M, Peak:0.00M | CISCO_N9K_C9336C_FX2_V001, ViewLayer | Synchronizing object | Fan1_top_retention_rail_1
Fra:1 Mem:149.67M (Peak 149.75M) | Time:00:00.08 | Mem:0.00M, Peak:0.00M | CISCO_N9K_C9336C_FX2_V001, ViewLayer | Synchronizing object | Fan1_rear_power_contact_block_1
Fra:1 Mem:149.67M (Peak 149.75M) | Time:00:00.08 | Mem:0.00M, Peak:0.00M | CISCO_N9K_C9336C_FX2_V001, ViewLayer | Synchronizing object | Fan1_front_frame
Fra:1 Mem:149.68M (Peak 149.75M) | Time:00:00.08 | Mem:0.00M, Peak:0.00M | CISCO_N9K_C9336C_FX2_V001, ViewLayer | Synchronizing object | PSU2_FAIL_legend
Fra:1 Mem:149.69M (Peak 149.75M) | Time:00:00.08 | Mem:0.00M, Peak:0.00M | CISCO_N9K_C9336C_FX2_V001, ViewLayer | Synchronizing object | Fan1_true_honeycomb_front_grille
Fra:1 Mem:149.84M (Peak 149.84M) | Time:00:00.08 | Mem:0.00M, Peak:0.00M | CISCO_N9K_C9336C_FX2_V001, ViewLayer | Synchronizing object | PSU2_OK_legend
Fra:1 Mem:150.26M (Peak 150.26M) | Time:00:00.08 | Mem:0.00M, Peak:0.00M | CISCO_N9K_C9336C_FX2_V001, ViewLayer | Synchronizing object | Fan1_molded_trapezoid_pull_handle
Fra:1 Mem:150.40M (Peak 150.40M) | Time:00:00.08 | Mem:0.00M, Peak:0.00M | CISCO_N9K_C9336C_FX2_V001, ViewLayer | Synchronizing object | Fan1_BLUE_release_latch_-1
Fra:1 Mem:150.40M (Peak 150.40M) | Time:00:00.08 | Mem:0.00M, Peak:0.00M | CISCO_N9K_C9336C_FX2_V001, ViewLayer | Synchronizing object | Fan1_latch_thumb_flare_-1
Fra:1 Mem:150.41M (Peak 150.41M) | Time:00:00.09 | Mem:0.00M, Peak:0.00M | CISCO_N9K_C9336C_FX2_V001, ViewLayer | Synchronizing object | Fan1_latch_grip_rib_-1_14
Fra:1 Mem:150.42M (Peak 150.42M) | Time:00:00.09 | Mem:0.00M, Peak:0.00M | CISCO_N9K_C9336C_FX2_V001, ViewLayer | Synchronizing object | Fan1_latch_grip_rib_-1_17
Fra:1 Mem:150.42M (Peak 150.42M) | Time:00:00.09 | Mem:0.00M, Peak:0.00M | CISCO_N9K_C9336C_FX2_V001, ViewLayer | Synchronizing object | Fan1_latch_grip_rib_-1_20
Fra:1 Mem:150.48M (Peak 150.48M) | Time:00:00.09 | Mem:0.00M, Peak:0.00M | CISCO_N9K_C9336C_FX2_V001, ViewLayer | Synchronizing object | Fan1_latch_grip_rib_-1_23
Fra:1 Mem:150.48M (Peak 150.48M) | Time:00:00.09 | Mem:0.00M, Peak:0.00M | CISCO_N9K_C9336C_FX2_V001, ViewLayer | Synchronizing object | Fan1_latch_grip_rib_-1_26
Fra:1 Mem:150.79M (Peak 150.79M) | Time:00:00.09 | Mem:0.00M, Peak:0.00M | CISCO_N9K_C9336C_FX2_V001, ViewLayer | Synchronizing object | Fan1_BLUE_release_latch_1
Fra:1 Mem:150.80M (Peak 150.80M) | Time:00:00.09 | Mem:0.00M, Peak:0.00M | CISCO_N9K_C9336C_FX2_V001, ViewLayer | Synchronizing object | Fan1_latch_thumb_flare_1
Fra:1 Mem:150.80M (Peak 150.80M) | Time:00:00.09 | Mem:0.00M, Peak:0.00M | CISCO_N9K_C9336C_FX2_V001, ViewLayer | Synchronizing object | Fan1_latch_grip_rib_1_14
Fra:1 Mem:150.81M (Peak 150.81M) | Time:00:00.09 | Mem:0.00M, Peak:0.00M | CISCO_N9K_C9336C_FX2_V001, ViewLayer | Synchronizing object | Fan1_latch_grip_rib_1_17
Fra:1 Mem:150.82M (Peak 150.82M) | Time:00:00.09 | Mem:0.00M, Peak:0.00M | CISCO_N9K_C9336C_FX2_V001, ViewLayer | Synchronizing object | Fan1_latch_grip_rib_1_20
Fra:1 Mem:150.82M (Peak 150.82M) | Time:00:00.09 | Mem:0.00M, Peak:0.00M | CISCO_N9K_C9336C_FX2_V001, ViewLayer | Synchronizing object | Fan1_latch_grip_rib_1_23
Fra:1 Mem:150.83M (Peak 150.83M) | Time:00:00.09 | Mem:0.00M, Peak:0.00M | CISCO_N9K_C9336C_FX2_V001, ViewLayer | Synchronizing object | Fan1_latch_grip_rib_1_26
Fra:1 Mem:150.84M (Peak 150.84M) | Time:00:00.09 | Mem:0.00M, Peak:0.00M | CISCO_N9K_C9336C_FX2_V001, ViewLayer | Synchronizing object | Fan1_PID_label_recess
Fra:1 Mem:150.84M (Peak 150.84M) | Time:00:00.09 | Mem:0.00M, Peak:0.00M | CISCO_N9K_C9336C_FX2_V001, ViewLayer | Synchronizing object | REAR_BCN_legend
Fra:1 Mem:150.85M (Peak 150.85M) | Time:00:00.09 | Mem:0.00M, Peak:0.00M | CISCO_N9K_C9336C_FX2_V001, ViewLayer | Synchronizing object | Fan1_flush_lock_pin_-39
Fra:1 Mem:150.86M (Peak 150.86M) | Time:00:00.09 | Mem:0.00M, Peak:0.00M | CISCO_N9K_C9336C_FX2_V001, ViewLayer | Synchronizing object | REAR_STS_legend
Fra:1 Mem:151.48M (Peak 151.48M) | Time:00:00.09 | Mem:0.00M, Peak:0.00M | CISCO_N9K_C9336C_FX2_V001, ViewLayer | Synchronizing object | Fan1_flush_lock_pin_39
Fra:1 Mem:151.50M (Peak 151.50M) | Time:00:00.09 | Mem:0.00M, Peak:0.00M | CISCO_N9K_C9336C_FX2_V001, ViewLayer | Synchronizing object | Fan2_rotor_housing_-1
Fra:1 Mem:151.50M (Peak 151.50M) | Time:00:00.09 | Mem:0.00M, Peak:0.00M | CISCO_N9K_C9336C_FX2_V001, ViewLayer | Synchronizing object | Fan2_hub_-1
Fra:1 Mem:151.51M (Peak 151.51M) | Time:00:00.09 | Mem:0.00M, Peak:0.00M | CISCO_N9K_C9336C_FX2_V001, ViewLayer | Synchronizing object | Fan2_blade_-1_0
Fra:1 Mem:151.51M (Peak 151.51M) | Time:00:00.09 | Mem:0.00M, Peak:0.00M | CISCO_N9K_C9336C_FX2_V001, ViewLayer | Synchronizing object | Rear_P2_arrow_legend
Fra:1 Mem:151.52M (Peak 151.52M) | Time:00:00.09 | Mem:0.00M, Peak:0.00M | CISCO_N9K_C9336C_FX2_V001, ViewLayer | Synchronizing object | Fan2_blade_-1_1
Fra:1 Mem:151.52M (Peak 151.52M) | Time:00:00.09 | Mem:0.00M, Peak:0.00M | CISCO_N9K_C9336C_FX2_V001, ViewLayer | Synchronizing object | Fan2_blade_-1_2
Fra:1 Mem:151.52M (Peak 151.52M) | Time:00:00.09 | Mem:0.00M, Peak:0.00M | CISCO_N9K_C9336C_FX2_V001, ViewLayer | Synchronizing object | Fan2_blade_-1_3
Fra:1 Mem:151.52M (Peak 151.52M) | Time:00:00.09 | Mem:0.00M, Peak:0.00M | CISCO_N9K_C9336C_FX2_V001, ViewLayer | Synchronizing object | FRONT_BCN_legend
Fra:1 Mem:151.53M (Peak 151.53M) | Time:00:00.09 | Mem:0.00M, Peak:0.00M | CISCO_N9K_C9336C_FX2_V001, ViewLayer | Synchronizing object | Fan2_blade_-1_4
Fra:1 Mem:151.53M (Peak 151.53M) | Time:00:00.09 | Mem:0.00M, Peak:0.00M | CISCO_N9K_C9336C_FX2_V001, ViewLayer | Synchronizing object | Fan2_blade_-1_5
Fra:1 Mem:151.53M (Peak 151.53M) | Time:00:00.09 | Mem:0.00M, Peak:0.00M | CISCO_N9K_C9336C_FX2_V001, ViewLayer | Synchronizing object | FRONT_STS_legend
Fra:1 Mem:152.99M (Peak 152.99M) | Time:00:00.09 | Mem:0.00M, Peak:0.00M | CISCO_N9K_C9336C_FX2_V001, ViewLayer | Synchronizing object | Fan2_blade_-1_6
Fra:1 Mem:152.99M (Peak 152.99M) | Time:00:00.09 | Mem:0.00M, Peak:0.00M | CISCO_N9K_C9336C_FX2_V001, ViewLayer | Synchronizing object | Fan2_top_retention_rail_-1
Fra:1 Mem:153.00M (Peak 153.00M) | Time:00:00.09 | Mem:0.00M, Peak:0.00M | CISCO_N9K_C9336C_FX2_V001, ViewLayer | Synchronizing object | FRONT_ENV_legend
Fra:1 Mem:153.01M (Peak 153.01M) | Time:00:00.09 | Mem:0.00M, Peak:0.00M | CISCO_N9K_C9336C_FX2_V001, ViewLayer | Synchronizing object | FRONT_1_legend
Fra:1 Mem:153.01M (Peak 153.01M) | Time:00:00.09 | Mem:0.00M, Peak:0.00M | CISCO_N9K_C9336C_FX2_V001, ViewLayer | Synchronizing object | FRONT_2_legend
Fra:1 Mem:153.02M (Peak 153.02M) | Time:00:00.09 | Mem:0.00M, Peak:0.00M | CISCO_N9K_C9336C_FX2_V001, ViewLayer | Synchronizing object | Fan2_rear_power_contact_block_-1
Fra:1 Mem:153.02M (Peak 153.02M) | Time:00:00.09 | Mem:0.00M, Peak:0.00M | CISCO_N9K_C9336C_FX2_V001, ViewLayer | Synchronizing object | FRONT_3_legend
Fra:1 Mem:153.03M (Peak 153.03M) | Time:00:00.09 | Mem:0.00M, Peak:0.00M | CISCO_N9K_C9336C_FX2_V001, ViewLayer | Synchronizing object | Fan2_rotor_housing_1
Fra:1 Mem:153.04M (Peak 153.04M) | Time:00:00.09 | Mem:0.00M, Peak:0.00M | CISCO_N9K_C9336C_FX2_V001, ViewLayer | Synchronizing object | FRONT_4_legend
Fra:1 Mem:153.04M (Peak 153.04M) | Time:00:00.09 | Mem:0.00M, Peak:0.00M | CISCO_N9K_C9336C_FX2_V001, ViewLayer | Synchronizing object | Fan2_hub_1
Fra:1 Mem:153.05M (Peak 153.05M) | Time:00:00.09 | Mem:0.00M, Peak:0.00M | CISCO_N9K_C9336C_FX2_V001, ViewLayer | Synchronizing object | Fan2_blade_1_0
Fra:1 Mem:153.05M (Peak 153.05M) | Time:00:00.09 | Mem:0.00M, Peak:0.00M | CISCO_N9K_C9336C_FX2_V001, ViewLayer | Synchronizing object | Fan2_blade_1_1
Fra:1 Mem:153.05M (Peak 153.05M) | Time:00:00.09 | Mem:0.00M, Peak:0.00M | CISCO_N9K_C9336C_FX2_V001, ViewLayer | Synchronizing object | LS_selector_text
Fra:1 Mem:153.05M (Peak 153.05M) | Time:00:00.09 | Mem:0.00M, Peak:0.00M | CISCO_N9K_C9336C_FX2_V001, ViewLayer | Synchronizing object | Fan2_blade_1_2
Fra:1 Mem:153.06M (Peak 153.06M) | Time:00:00.09 | Mem:0.00M, Peak:0.00M | CISCO_N9K_C9336C_FX2_V001, ViewLayer | Synchronizing object | Fan2_blade_1_3
Fra:1 Mem:153.06M (Peak 153.06M) | Time:00:00.09 | Mem:0.00M, Peak:0.00M | CISCO_N9K_C9336C_FX2_V001, ViewLayer | Synchronizing object | Fan2_blade_1_4
Fra:1 Mem:153.06M (Peak 153.06M) | Time:00:00.09 | Mem:0.00M, Peak:0.00M | CISCO_N9K_C9336C_FX2_V001, ViewLayer | Synchronizing object | Fan2_blade_1_5
Fra:1 Mem:153.06M (Peak 153.06M) | Time:00:00.09 | Mem:0.00M, Peak:0.00M | CISCO_N9K_C9336C_FX2_V001, ViewLayer | Synchronizing object | Fan2_blade_1_6
Fra:1 Mem:153.06M (Peak 153.06M) | Time:00:00.09 | Mem:0.00M, Peak:0.00M | CISCO_N9K_C9336C_FX2_V001, ViewLayer | Synchronizing object | Fan2_top_retention_rail_1
Fra:1 Mem:153.07M (Peak 153.07M) | Time:00:00.09 | Mem:0.00M, Peak:0.00M | CISCO_N9K_C9336C_FX2_V001, ViewLayer | Synchronizing object | Cisco_brand_wordmark
Fra:1 Mem:153.09M (Peak 153.09M) | Time:00:00.09 | Mem:0.00M, Peak:0.00M | CISCO_N9K_C9336C_FX2_V001, ViewLayer | Synchronizing object | Cisco_product_family_line_1
Fra:1 Mem:153.11M (Peak 153.11M) | Time:00:00.09 | Mem:0.00M, Peak:0.00M | CISCO_N9K_C9336C_FX2_V001, ViewLayer | Synchronizing object | Fan2_rear_power_contact_block_1
Fra:1 Mem:153.12M (Peak 153.12M) | Time:00:00.09 | Mem:0.00M, Peak:0.00M | CISCO_N9K_C9336C_FX2_V001, ViewLayer | Synchronizing object | Cisco_product_family_line_2
Fra:1 Mem:153.12M (Peak 153.12M) | Time:00:00.09 | Mem:0.00M, Peak:0.00M | CISCO_N9K_C9336C_FX2_V001, ViewLayer | Synchronizing object | Fan2_true_honeycomb_front_grille
Fra:1 Mem:153.29M (Peak 153.29M) | Time:00:00.09 | Mem:0.00M, Peak:0.00M | CISCO_N9K_C9336C_FX2_V001, ViewLayer | Synchronizing object | Correct_factory_PID
Fra:1 Mem:153.32M (Peak 153.32M) | Time:00:00.09 | Mem:0.00M, Peak:0.00M | CISCO_N9K_C9336C_FX2_V001, ViewLayer | Synchronizing object | Fan2_molded_trapezoid_pull_handle
Fra:1 Mem:153.36M (Peak 153.36M) | Time:00:00.09 | Mem:0.00M, Peak:0.00M | CISCO_N9K_C9336C_FX2_V001, ViewLayer | Synchronizing object | PORT_NUMBER_01
Fra:1 Mem:153.37M (Peak 153.37M) | Time:00:00.09 | Mem:0.00M, Peak:0.00M | CISCO_N9K_C9336C_FX2_V001, ViewLayer | Synchronizing object | PORT_NUMBER_02
Fra:1 Mem:153.38M (Peak 153.38M) | Time:00:00.09 | Mem:0.00M, Peak:0.00M | CISCO_N9K_C9336C_FX2_V001, ViewLayer | Synchronizing object | Fan2_BLUE_release_latch_-1
Fra:1 Mem:153.38M (Peak 153.38M) | Time:00:00.09 | Mem:0.00M, Peak:0.00M | CISCO_N9K_C9336C_FX2_V001, ViewLayer | Synchronizing object | PORT_NUMBER_03
Fra:1 Mem:153.70M (Peak 153.70M) | Time:00:00.09 | Mem:0.00M, Peak:0.00M | CISCO_N9K_C9336C_FX2_V001, ViewLayer | Synchronizing object | Fan2_latch_thumb_flare_-1
Fra:1 Mem:153.70M (Peak 153.70M) | Time:00:00.09 | Mem:0.00M, Peak:0.00M | CISCO_N9K_C9336C_FX2_V001, ViewLayer | Synchronizing object | PORT_NUMBER_04
Fra:1 Mem:153.71M (Peak 153.71M) | Time:00:00.09 | Mem:0.00M, Peak:0.00M | CISCO_N9K_C9336C_FX2_V001, ViewLayer | Synchronizing object | Fan2_latch_grip_rib_-1_14
Fra:1 Mem:153.71M (Peak 153.71M) | Time:00:00.09 | Mem:0.00M, Peak:0.00M | CISCO_N9K_C9336C_FX2_V001, ViewLayer | Synchronizing object | Fan2_latch_grip_rib_-1_17
Fra:1 Mem:153.82M (Peak 153.82M) | Time:00:00.09 | Mem:0.00M, Peak:0.00M | CISCO_N9K_C9336C_FX2_V001, ViewLayer | Synchronizing object | PORT_NUMBER_05
Fra:1 Mem:153.82M (Peak 153.82M) | Time:00:00.09 | Mem:0.00M, Peak:0.00M | CISCO_N9K_C9336C_FX2_V001, ViewLayer | Synchronizing object | Fan2_latch_grip_rib_-1_20
Fra:1 Mem:153.83M (Peak 153.83M) | Time:00:00.09 | Mem:0.00M, Peak:0.00M | CISCO_N9K_C9336C_FX2_V001, ViewLayer | Synchronizing object | Fan2_latch_grip_rib_-1_23
Fra:1 Mem:153.83M (Peak 153.83M) | Time:00:00.09 | Mem:0.00M, Peak:0.00M | CISCO_N9K_C9336C_FX2_V001, ViewLayer | Synchronizing object | PORT_NUMBER_06
Fra:1 Mem:153.93M (Peak 153.93M) | Time:00:00.09 | Mem:0.00M, Peak:0.00M | CISCO_N9K_C9336C_FX2_V001, ViewLayer | Synchronizing object | Fan2_latch_grip_rib_-1_26
Fra:1 Mem:153.94M (Peak 153.94M) | Time:00:00.09 | Mem:0.00M, Peak:0.00M | CISCO_N9K_C9336C_FX2_V001, ViewLayer | Synchronizing object | Fan2_BLUE_release_latch_1
Fra:1 Mem:153.94M (Peak 153.94M) | Time:00:00.09 | Mem:0.00M, Peak:0.00M | CISCO_N9K_C9336C_FX2_V001, ViewLayer | Synchronizing object | PORT_NUMBER_07
Fra:1 Mem:153.95M (Peak 153.95M) | Time:00:00.09 | Mem:0.00M, Peak:0.00M | CISCO_N9K_C9336C_FX2_V001, ViewLayer | Synchronizing object | Fan2_latch_thumb_flare_1
Fra:1 Mem:153.95M (Peak 153.95M) | Time:00:00.09 | Mem:0.00M, Peak:0.00M | CISCO_N9K_C9336C_FX2_V001, ViewLayer | Synchronizing object | PORT_NUMBER_08
Fra:1 Mem:153.96M (Peak 153.96M) | Time:00:00.09 | Mem:0.00M, Peak:0.00M | CISCO_N9K_C9336C_FX2_V001, ViewLayer | Synchronizing object | Fan2_latch_grip_rib_1_14
Fra:1 Mem:153.97M (Peak 153.97M) | Time:00:00.09 | Mem:0.00M, Peak:0.00M | CISCO_N9K_C9336C_FX2_V001, ViewLayer | Synchronizing object | Fan2_latch_grip_rib_1_17
Fra:1 Mem:153.97M (Peak 153.97M) | Time:00:00.09 | Mem:0.00M, Peak:0.00M | CISCO_N9K_C9336C_FX2_V001, ViewLayer | Synchronizing object | PORT_NUMBER_09
Fra:1 Mem:153.98M (Peak 153.98M) | Time:00:00.09 | Mem:0.00M, Peak:0.00M | CISCO_N9K_C9336C_FX2_V001, ViewLayer | Synchronizing object | Fan2_latch_grip_rib_1_20
Fra:1 Mem:153.98M (Peak 153.98M) | Time:00:00.09 | Mem:0.00M, Peak:0.00M | CISCO_N9K_C9336C_FX2_V001, ViewLayer | Synchronizing object | PORT_NUMBER_10
Fra:1 Mem:153.99M (Peak 153.99M) | Time:00:00.09 | Mem:0.00M, Peak:0.00M | CISCO_N9K_C9336C_FX2_V001, ViewLayer | Synchronizing object | Fan2_latch_grip_rib_1_23
Fra:1 Mem:154.05M (Peak 154.05M) | Time:00:00.09 | Mem:0.00M, Peak:0.00M | CISCO_N9K_C9336C_FX2_V001, ViewLayer | Synchronizing object | Fan2_latch_grip_rib_1_26
Fra:1 Mem:154.05M (Peak 154.05M) | Time:00:00.09 | Mem:0.00M, Peak:0.00M | CISCO_N9K_C9336C_FX2_V001, ViewLayer | Synchronizing object | PORT_NUMBER_11
Fra:1 Mem:154.35M (Peak 154.35M) | Time:00:00.09 | Mem:0.00M, Peak:0.00M | CISCO_N9K_C9336C_FX2_V001, ViewLayer | Synchronizing object | Fan2_PID_label_recess
Fra:1 Mem:154.36M (Peak 154.36M) | Time:00:00.09 | Mem:0.00M, Peak:0.00M | CISCO_N9K_C9336C_FX2_V001, ViewLayer | Synchronizing object | PORT_NUMBER_12
Fra:1 Mem:154.37M (Peak 154.37M) | Time:00:00.09 | Mem:0.00M, Peak:0.00M | CISCO_N9K_C9336C_FX2_V001, ViewLayer | Synchronizing object | Fan2_flush_lock_pin_-39
Fra:1 Mem:154.38M (Peak 154.38M) | Time:00:00.09 | Mem:0.00M, Peak:0.00M | CISCO_N9K_C9336C_FX2_V001, ViewLayer | Synchronizing object | PORT_NUMBER_13
Fra:1 Mem:154.39M (Peak 154.39M) | Time:00:00.09 | Mem:0.00M, Peak:0.00M | CISCO_N9K_C9336C_FX2_V001, ViewLayer | Synchronizing object | PORT_NUMBER_14
Fra:1 Mem:154.39M (Peak 154.39M) | Time:00:00.09 | Mem:0.00M, Peak:0.00M | CISCO_N9K_C9336C_FX2_V001, ViewLayer | Synchronizing object | Fan2_flush_lock_pin_39
Fra:1 Mem:154.39M (Peak 154.39M) | Time:00:00.09 | Mem:0.00M, Peak:0.00M | CISCO_N9K_C9336C_FX2_V001, ViewLayer | Synchronizing object | PORT_NUMBER_15
Fra:1 Mem:154.41M (Peak 154.41M) | Time:00:00.09 | Mem:0.00M, Peak:0.00M | CISCO_N9K_C9336C_FX2_V001, ViewLayer | Synchronizing object | PORT_NUMBER_16
Fra:1 Mem:154.41M (Peak 154.41M) | Time:00:00.09 | Mem:0.00M, Peak:0.00M | CISCO_N9K_C9336C_FX2_V001, ViewLayer | Synchronizing object | PORT_NUMBER_17
Fra:1 Mem:154.42M (Peak 154.42M) | Time:00:00.09 | Mem:0.00M, Peak:0.00M | CISCO_N9K_C9336C_FX2_V001, ViewLayer | Synchronizing object | Fan3_rotor_housing_-1
Fra:1 Mem:154.42M (Peak 154.42M) | Time:00:00.09 | Mem:0.00M, Peak:0.00M | CISCO_N9K_C9336C_FX2_V001, ViewLayer | Synchronizing object | PORT_NUMBER_18
Fra:1 Mem:154.43M (Peak 154.43M) | Time:00:00.09 | Mem:0.00M, Peak:0.00M | CISCO_N9K_C9336C_FX2_V001, ViewLayer | Synchronizing object | Fan3_hub_-1
Fra:1 Mem:155.04M (Peak 155.04M) | Time:00:00.09 | Mem:0.00M, Peak:0.00M | CISCO_N9K_C9336C_FX2_V001, ViewLayer | Synchronizing object | Fan3_blade_-1_0
Fra:1 Mem:155.04M (Peak 155.04M) | Time:00:00.09 | Mem:0.00M, Peak:0.00M | CISCO_N9K_C9336C_FX2_V001, ViewLayer | Synchronizing object | PORT_NUMBER_19
Fra:1 Mem:155.05M (Peak 155.05M) | Time:00:00.09 | Mem:0.00M, Peak:0.00M | CISCO_N9K_C9336C_FX2_V001, ViewLayer | Synchronizing object | Fan3_blade_-1_1
Fra:1 Mem:155.05M (Peak 155.05M) | Time:00:00.09 | Mem:0.00M, Peak:0.00M | CISCO_N9K_C9336C_FX2_V001, ViewLayer | Synchronizing object | Fan3_blade_-1_2
Fra:1 Mem:155.05M (Peak 155.05M) | Time:00:00.09 | Mem:0.00M, Peak:0.00M | CISCO_N9K_C9336C_FX2_V001, ViewLayer | Synchronizing object | PORT_NUMBER_20
Fra:1 Mem:155.06M (Peak 155.06M) | Time:00:00.09 | Mem:0.00M, Peak:0.00M | CISCO_N9K_C9336C_FX2_V001, ViewLayer | Synchronizing object | Fan3_blade_-1_3
Fra:1 Mem:155.06M (Peak 155.06M) | Time:00:00.09 | Mem:0.00M, Peak:0.00M | CISCO_N9K_C9336C_FX2_V001, ViewLayer | Synchronizing object | Fan3_blade_-1_4
Fra:1 Mem:155.06M (Peak 155.06M) | Time:00:00.09 | Mem:0.00M, Peak:0.00M | CISCO_N9K_C9336C_FX2_V001, ViewLayer | Synchronizing object | Fan3_blade_-1_5
Fra:1 Mem:155.06M (Peak 155.06M) | Time:00:00.09 | Mem:0.00M, Peak:0.00M | CISCO_N9K_C9336C_FX2_V001, ViewLayer | Synchronizing object | PORT_NUMBER_21
Fra:1 Mem:155.07M (Peak 155.07M) | Time:00:00.09 | Mem:0.00M, Peak:0.00M | CISCO_N9K_C9336C_FX2_V001, ViewLayer | Synchronizing object | Fan3_blade_-1_6
Fra:1 Mem:155.07M (Peak 155.07M) | Time:00:00.09 | Mem:0.00M, Peak:0.00M | CISCO_N9K_C9336C_FX2_V001, ViewLayer | Synchronizing object | PORT_NUMBER_22
Fra:1 Mem:155.07M (Peak 155.07M) | Time:00:00.09 | Mem:0.00M, Peak:0.00M | CISCO_N9K_C9336C_FX2_V001, ViewLayer | Synchronizing object | Fan3_top_retention_rail_-1
Fra:1 Mem:155.09M (Peak 155.09M) | Time:00:00.09 | Mem:0.00M, Peak:0.00M | CISCO_N9K_C9336C_FX2_V001, ViewLayer | Synchronizing object | PORT_NUMBER_23
Fra:1 Mem:155.10M (Peak 155.10M) | Time:00:00.09 | Mem:0.00M, Peak:0.00M | CISCO_N9K_C9336C_FX2_V001, ViewLayer | Synchronizing object | PORT_NUMBER_24
Fra:1 Mem:155.11M (Peak 155.11M) | Time:00:00.09 | Mem:0.00M, Peak:0.00M | CISCO_N9K_C9336C_FX2_V001, ViewLayer | Synchronizing object | Fan3_rear_power_contact_block_-1
Fra:1 Mem:155.12M (Peak 155.12M) | Time:00:00.09 | Mem:0.00M, Peak:0.00M | CISCO_N9K_C9336C_FX2_V001, ViewLayer | Synchronizing object | PORT_NUMBER_25
Fra:1 Mem:155.12M (Peak 155.12M) | Time:00:00.09 | Mem:0.00M, Peak:0.00M | CISCO_N9K_C9336C_FX2_V001, ViewLayer | Synchronizing object | Fan3_rotor_housing_1
Fra:1 Mem:155.13M (Peak 155.13M) | Time:00:00.09 | Mem:0.00M, Peak:0.00M | CISCO_N9K_C9336C_FX2_V001, ViewLayer | Synchronizing object | PORT_NUMBER_26
Fra:1 Mem:155.14M (Peak 155.14M) | Time:00:00.09 | Mem:0.00M, Peak:0.00M | CISCO_N9K_C9336C_FX2_V001, ViewLayer | Synchronizing object | Fan3_hub_1
Fra:1 Mem:155.30M (Peak 155.30M) | Time:00:00.09 | Mem:0.00M, Peak:0.00M | CISCO_N9K_C9336C_FX2_V001, ViewLayer | Synchronizing object | PORT_NUMBER_27
Fra:1 Mem:155.30M (Peak 155.30M) | Time:00:00.09 | Mem:0.00M, Peak:0.00M | CISCO_N9K_C9336C_FX2_V001, ViewLayer | Synchronizing object | Fan3_blade_1_0
Fra:1 Mem:155.31M (Peak 155.31M) | Time:00:00.09 | Mem:0.00M, Peak:0.00M | CISCO_N9K_C9336C_FX2_V001, ViewLayer | Synchronizing object | Fan3_blade_1_1
Fra:1 Mem:155.31M (Peak 155.31M) | Time:00:00.09 | Mem:0.00M, Peak:0.00M | CISCO_N9K_C9336C_FX2_V001, ViewLayer | Synchronizing object | PORT_NUMBER_28
Fra:1 Mem:155.32M (Peak 155.32M) | Time:00:00.09 | Mem:0.00M, Peak:0.00M | CISCO_N9K_C9336C_FX2_V001, ViewLayer | Synchronizing object | Fan3_blade_1_2
Fra:1 Mem:155.47M (Peak 155.47M) | Time:00:00.09 | Mem:0.00M, Peak:0.00M | CISCO_N9K_C9336C_FX2_V001, ViewLayer | Synchronizing object | Fan3_blade_1_3
Fra:1 Mem:155.47M (Peak 155.47M) | Time:00:00.09 | Mem:0.00M, Peak:0.00M | CISCO_N9K_C9336C_FX2_V001, ViewLayer | Synchronizing object | Fan3_blade_1_4
Fra:1 Mem:155.47M (Peak 155.47M) | Time:00:00.09 | Mem:0.00M, Peak:0.00M | CISCO_N9K_C9336C_FX2_V001, ViewLayer | Synchronizing object | PORT_NUMBER_29
Fra:1 Mem:155.48M (Peak 155.48M) | Time:00:00.09 | Mem:0.00M, Peak:0.00M | CISCO_N9K_C9336C_FX2_V001, ViewLayer | Synchronizing object | Fan3_blade_1_5
Fra:1 Mem:155.48M (Peak 155.48M) | Time:00:00.09 | Mem:0.00M, Peak:0.00M | CISCO_N9K_C9336C_FX2_V001, ViewLayer | Synchronizing object | PORT_NUMBER_30
Fra:1 Mem:155.48M (Peak 155.48M) | Time:00:00.09 | Mem:0.00M, Peak:0.00M | CISCO_N9K_C9336C_FX2_V001, ViewLayer | Synchronizing object | Fan3_blade_1_6
Fra:1 Mem:155.49M (Peak 155.49M) | Time:00:00.09 | Mem:0.00M, Peak:0.00M | CISCO_N9K_C9336C_FX2_V001, ViewLayer | Synchronizing object | Fan3_top_retention_rail_1
Fra:1 Mem:155.50M (Peak 155.50M) | Time:00:00.09 | Mem:0.00M, Peak:0.00M | CISCO_N9K_C9336C_FX2_V001, ViewLayer | Synchronizing object | PORT_NUMBER_31
Fra:1 Mem:155.52M (Peak 155.52M) | Time:00:00.09 | Mem:0.00M, Peak:0.00M | CISCO_N9K_C9336C_FX2_V001, ViewLayer | Synchronizing object | PORT_NUMBER_32
Fra:1 Mem:155.53M (Peak 155.53M) | Time:00:00.09 | Mem:0.00M, Peak:0.00M | CISCO_N9K_C9336C_FX2_V001, ViewLayer | Synchronizing object | Fan3_rear_power_contact_block_1
Fra:1 Mem:155.53M (Peak 155.53M) | Time:00:00.09 | Mem:0.00M, Peak:0.00M | CISCO_N9K_C9336C_FX2_V001, ViewLayer | Synchronizing object | PORT_NUMBER_33
Fra:1 Mem:155.54M (Peak 155.54M) | Time:00:00.09 | Mem:0.00M, Peak:0.00M | CISCO_N9K_C9336C_FX2_V001, ViewLayer | Synchronizing object | PORT_NUMBER_34
Fra:1 Mem:155.55M (Peak 155.55M) | Time:00:00.09 | Mem:0.00M, Peak:0.00M | CISCO_N9K_C9336C_FX2_V001, ViewLayer | Synchronizing object | PORT_NUMBER_35
Fra:1 Mem:155.56M (Peak 155.56M) | Time:00:00.09 | Mem:0.00M, Peak:0.00M | CISCO_N9K_C9336C_FX2_V001, ViewLayer | Synchronizing object | PORT_NUMBER_36
Fra:1 Mem:155.57M (Peak 155.57M) | Time:00:00.09 | Mem:0.00M, Peak:0.00M | CISCO_N9K_C9336C_FX2_V001, ViewLayer | Synchronizing object | Studio_shadow_floor
Fra:1 Mem:155.57M (Peak 155.57M) | Time:00:00.09 | Mem:0.00M, Peak:0.00M | CISCO_N9K_C9336C_FX2_V001, ViewLayer | Synchronizing object | Original_photo_top_chassis_label
Fra:1 Mem:155.57M (Peak 155.57M) | Time:00:00.09 | Mem:0.00M, Peak:0.00M | CISCO_N9K_C9336C_FX2_V001, ViewLayer | Synchronizing object | Port_pair_18_direction_1
Fra:1 Mem:155.57M (Peak 155.57M) | Time:00:00.09 | Mem:0.00M, Peak:0.00M | CISCO_N9K_C9336C_FX2_V001, ViewLayer | Synchronizing object | Port_pair_18_direction_-1
Fra:1 Mem:155.58M (Peak 155.58M) | Time:00:00.09 | Mem:0.00M, Peak:0.00M | CISCO_N9K_C9336C_FX2_V001, ViewLayer | Synchronizing object | Port_pair_17_direction_1
Fra:1 Mem:155.58M (Peak 155.58M) | Time:00:00.09 | Mem:0.00M, Peak:0.00M | CISCO_N9K_C9336C_FX2_V001, ViewLayer | Synchronizing object | Port_pair_17_direction_-1
Fra:1 Mem:155.58M (Peak 155.58M) | Time:00:00.09 | Mem:0.00M, Peak:0.00M | CISCO_N9K_C9336C_FX2_V001, ViewLayer | Synchronizing object | Port_pair_16_direction_1
Fra:1 Mem:155.58M (Peak 155.58M) | Time:00:00.09 | Mem:0.00M, Peak:0.00M | CISCO_N9K_C9336C_FX2_V001, ViewLayer | Synchronizing object | Port_pair_16_direction_-1
Fra:1 Mem:155.58M (Peak 155.58M) | Time:00:00.09 | Mem:0.00M, Peak:0.00M | CISCO_N9K_C9336C_FX2_V001, ViewLayer | Synchronizing object | Port_pair_15_direction_1
Fra:1 Mem:155.58M (Peak 155.58M) | Time:00:00.09 | Mem:0.00M, Peak:0.00M | CISCO_N9K_C9336C_FX2_V001, ViewLayer | Synchronizing object | Port_pair_15_direction_-1
Fra:1 Mem:155.58M (Peak 155.58M) | Time:00:00.09 | Mem:0.00M, Peak:0.00M | CISCO_N9K_C9336C_FX2_V001, ViewLayer | Synchronizing object | Port_pair_14_direction_1
Fra:1 Mem:155.58M (Peak 155.58M) | Time:00:00.09 | Mem:0.00M, Peak:0.00M | CISCO_N9K_C9336C_FX2_V001, ViewLayer | Synchronizing object | Port_pair_14_direction_-1
Fra:1 Mem:155.58M (Peak 155.58M) | Time:00:00.09 | Mem:0.00M, Peak:0.00M | CISCO_N9K_C9336C_FX2_V001, ViewLayer | Synchronizing object | Port_pair_13_direction_1
Fra:1 Mem:155.58M (Peak 155.58M) | Time:00:00.09 | Mem:0.00M, Peak:0.00M | CISCO_N9K_C9336C_FX2_V001, ViewLayer | Synchronizing object | Port_pair_13_direction_-1
Fra:1 Mem:155.58M (Peak 155.58M) | Time:00:00.09 | Mem:0.00M, Peak:0.00M | CISCO_N9K_C9336C_FX2_V001, ViewLayer | Synchronizing object | Port_pair_12_direction_1
Fra:1 Mem:155.58M (Peak 155.58M) | Time:00:00.09 | Mem:0.00M, Peak:0.00M | CISCO_N9K_C9336C_FX2_V001, ViewLayer | Synchronizing object | Port_pair_12_direction_-1
Fra:1 Mem:155.58M (Peak 155.58M) | Time:00:00.09 | Mem:0.00M, Peak:0.00M | CISCO_N9K_C9336C_FX2_V001, ViewLayer | Synchronizing object | Port_pair_11_direction_1
Fra:1 Mem:155.58M (Peak 155.58M) | Time:00:00.09 | Mem:0.00M, Peak:0.00M | CISCO_N9K_C9336C_FX2_V001, ViewLayer | Synchronizing object | Port_pair_11_direction_-1
Fra:1 Mem:155.58M (Peak 155.58M) | Time:00:00.09 | Mem:0.00M, Peak:0.00M | CISCO_N9K_C9336C_FX2_V001, ViewLayer | Synchronizing object | Port_pair_10_direction_1
Fra:1 Mem:155.58M (Peak 155.58M) | Time:00:00.09 | Mem:0.00M, Peak:0.00M | CISCO_N9K_C9336C_FX2_V001, ViewLayer | Synchronizing object | Port_pair_10_direction_-1
Fra:1 Mem:155.58M (Peak 155.58M) | Time:00:00.09 | Mem:0.00M, Peak:0.00M | CISCO_N9K_C9336C_FX2_V001, ViewLayer | Synchronizing object | Port_pair_9_direction_1
Fra:1 Mem:155.58M (Peak 155.58M) | Time:00:00.09 | Mem:0.00M, Peak:0.00M | CISCO_N9K_C9336C_FX2_V001, ViewLayer | Synchronizing object | Port_pair_9_direction_-1
Fra:1 Mem:155.58M (Peak 155.58M) | Time:00:00.09 | Mem:0.00M, Peak:0.00M | CISCO_N9K_C9336C_FX2_V001, ViewLayer | Synchronizing object | Port_pair_8_direction_1
Fra:1 Mem:155.59M (Peak 155.59M) | Time:00:00.09 | Mem:0.00M, Peak:0.00M | CISCO_N9K_C9336C_FX2_V001, ViewLayer | Synchronizing object | Port_pair_8_direction_-1
Fra:1 Mem:155.59M (Peak 155.59M) | Time:00:00.09 | Mem:0.00M, Peak:0.00M | CISCO_N9K_C9336C_FX2_V001, ViewLayer | Synchronizing object | Port_pair_7_direction_1
Fra:1 Mem:155.59M (Peak 155.59M) | Time:00:00.09 | Mem:0.00M, Peak:0.00M | CISCO_N9K_C9336C_FX2_V001, ViewLayer | Synchronizing object | Port_pair_7_direction_-1
Fra:1 Mem:155.59M (Peak 155.59M) | Time:00:00.09 | Mem:0.00M, Peak:0.00M | CISCO_N9K_C9336C_FX2_V001, ViewLayer | Synchronizing object | Port_pair_6_direction_1
Fra:1 Mem:155.59M (Peak 155.59M) | Time:00:00.09 | Mem:0.00M, Peak:0.00M | CISCO_N9K_C9336C_FX2_V001, ViewLayer | Synchronizing object | Port_pair_6_direction_-1
Fra:1 Mem:155.59M (Peak 155.59M) | Time:00:00.09 | Mem:0.00M, Peak:0.00M | CISCO_N9K_C9336C_FX2_V001, ViewLayer | Synchronizing object | Port_pair_5_direction_1
Fra:1 Mem:155.59M (Peak 155.59M) | Time:00:00.09 | Mem:0.00M, Peak:0.00M | CISCO_N9K_C9336C_FX2_V001, ViewLayer | Synchronizing object | Port_pair_5_direction_-1
Fra:1 Mem:155.59M (Peak 155.59M) | Time:00:00.09 | Mem:0.00M, Peak:0.00M | CISCO_N9K_C9336C_FX2_V001, ViewLayer | Synchronizing object | Port_pair_4_direction_1
Fra:1 Mem:155.59M (Peak 155.59M) | Time:00:00.09 | Mem:0.00M, Peak:0.00M | CISCO_N9K_C9336C_FX2_V001, ViewLayer | Synchronizing object | Port_pair_4_direction_-1
Fra:1 Mem:155.59M (Peak 155.59M) | Time:00:00.09 | Mem:0.00M, Peak:0.00M | CISCO_N9K_C9336C_FX2_V001, ViewLayer | Synchronizing object | Port_pair_3_direction_1
Fra:1 Mem:155.59M (Peak 155.59M) | Time:00:00.09 | Mem:0.00M, Peak:0.00M | CISCO_N9K_C9336C_FX2_V001, ViewLayer | Synchronizing object | Port_pair_3_direction_-1
Fra:1 Mem:155.59M (Peak 155.59M) | Time:00:00.09 | Mem:0.00M, Peak:0.00M | CISCO_N9K_C9336C_FX2_V001, ViewLayer | Synchronizing object | Port_pair_2_direction_1
Fra:1 Mem:155.59M (Peak 155.59M) | Time:00:00.09 | Mem:0.00M, Peak:0.00M | CISCO_N9K_C9336C_FX2_V001, ViewLayer | Synchronizing object | Port_pair_2_direction_-1
Fra:1 Mem:155.59M (Peak 155.59M) | Time:00:00.09 | Mem:0.00M, Peak:0.00M | CISCO_N9K_C9336C_FX2_V001, ViewLayer | Synchronizing object | Port_pair_1_direction_1
Fra:1 Mem:155.59M (Peak 155.59M) | Time:00:00.09 | Mem:0.00M, Peak:0.00M | CISCO_N9K_C9336C_FX2_V001, ViewLayer | Synchronizing object | Port_pair_1_direction_-1
Fra:1 Mem:155.59M (Peak 155.59M) | Time:00:00.09 | Mem:0.00M, Peak:0.00M | CISCO_N9K_C9336C_FX2_V001, ViewLayer | Synchronizing object | Cisco_bridge_bar_9
Fra:1 Mem:155.60M (Peak 155.60M) | Time:00:00.09 | Mem:0.00M, Peak:0.00M | CISCO_N9K_C9336C_FX2_V001, ViewLayer | Synchronizing object | Cisco_bridge_bar_8
Fra:1 Mem:155.60M (Peak 155.60M) | Time:00:00.09 | Mem:0.00M, Peak:0.00M | CISCO_N9K_C9336C_FX2_V001, ViewLayer | Synchronizing object | Cisco_bridge_bar_7
Fra:1 Mem:155.61M (Peak 155.61M) | Time:00:00.09 | Mem:0.00M, Peak:0.00M | CISCO_N9K_C9336C_FX2_V001, ViewLayer | Synchronizing object | Cisco_bridge_bar_6
Fra:1 Mem:155.61M (Peak 155.61M) | Time:00:00.09 | Mem:0.00M, Peak:0.00M | CISCO_N9K_C9336C_FX2_V001, ViewLayer | Synchronizing object | Cisco_bridge_bar_5
Fra:1 Mem:155.62M (Peak 155.62M) | Time:00:00.09 | Mem:0.00M, Peak:0.00M | CISCO_N9K_C9336C_FX2_V001, ViewLayer | Synchronizing object | Cisco_bridge_bar_4
Fra:1 Mem:155.62M (Peak 155.62M) | Time:00:00.09 | Mem:0.00M, Peak:0.00M | CISCO_N9K_C9336C_FX2_V001, ViewLayer | Synchronizing object | Cisco_bridge_bar_3
Fra:1 Mem:155.63M (Peak 155.63M) | Time:00:00.09 | Mem:0.00M, Peak:0.00M | CISCO_N9K_C9336C_FX2_V001, ViewLayer | Synchronizing object | Cisco_bridge_bar_2
Fra:1 Mem:155.63M (Peak 155.63M) | Time:00:00.09 | Mem:0.00M, Peak:0.00M | CISCO_N9K_C9336C_FX2_V001, ViewLayer | Synchronizing object | Cisco_bridge_bar_1
Fra:1 Mem:155.64M (Peak 155.64M) | Time:00:00.09 | Mem:0.00M, Peak:0.00M | CISCO_N9K_C9336C_FX2_V001, ViewLayer | Synchronizing object | LS_selector_metal_button
Fra:1 Mem:155.98M (Peak 155.98M) | Time:00:00.09 | Mem:0.00M, Peak:0.00M | CISCO_N9K_C9336C_FX2_V001, ViewLayer | Synchronizing object | LS_selector_black_surround
Fra:1 Mem:155.89M (Peak 155.98M) | Time:00:00.09 | Mem:0.00M, Peak:0.00M | CISCO_N9K_C9336C_FX2_V001, ViewLayer | Synchronizing object | FRONT_4_unpowered_lens
Fra:1 Mem:155.83M (Peak 155.98M) | Time:00:00.09 | Mem:0.00M, Peak:0.00M | CISCO_N9K_C9336C_FX2_V001, ViewLayer | Synchronizing object | FRONT_3_unpowered_lens
Fra:1 Mem:155.96M (Peak 155.98M) | Time:00:00.09 | Mem:0.00M, Peak:0.00M | CISCO_N9K_C9336C_FX2_V001, ViewLayer | Synchronizing object | FRONT_2_unpowered_lens
Fra:1 Mem:155.97M (Peak 155.98M) | Time:00:00.09 | Mem:0.00M, Peak:0.00M | CISCO_N9K_C9336C_FX2_V001, ViewLayer | Synchronizing object | FRONT_1_unpowered_lens
Fra:1 Mem:155.98M (Peak 155.98M) | Time:00:00.09 | Mem:0.00M, Peak:0.00M | CISCO_N9K_C9336C_FX2_V001, ViewLayer | Synchronizing object | FRONT_ENV_unpowered_lens
Fra:1 Mem:155.79M (Peak 155.98M) | Time:00:00.09 | Mem:0.00M, Peak:0.00M | CISCO_N9K_C9336C_FX2_V001, ViewLayer | Synchronizing object | FRONT_STS_unpowered_lens
Fra:1 Mem:155.74M (Peak 155.98M) | Time:00:00.09 | Mem:0.00M, Peak:0.00M | CISCO_N9K_C9336C_FX2_V001, ViewLayer | Synchronizing object | FRONT_BCN_unpowered_lens
Fra:1 Mem:155.74M (Peak 155.98M) | Time:00:00.09 | Mem:0.00M, Peak:0.00M | CISCO_N9K_C9336C_FX2_V001, ViewLayer | Synchronizing object | USB_symbol_branch_B
Fra:1 Mem:155.74M (Peak 155.98M) | Time:00:00.09 | Mem:0.00M, Peak:0.00M | CISCO_N9K_C9336C_FX2_V001, ViewLayer | Synchronizing object | USB_symbol_branch_A
Fra:1 Mem:155.75M (Peak 155.98M) | Time:00:00.09 | Mem:0.00M, Peak:0.00M | CISCO_N9K_C9336C_FX2_V001, ViewLayer | Synchronizing object | USB_symbol_stem
Fra:1 Mem:155.75M (Peak 155.98M) | Time:00:00.09 | Mem:0.00M, Peak:0.00M | CISCO_N9K_C9336C_FX2_V001, ViewLayer | Synchronizing object | Console_terminal_symbol
Fra:1 Mem:155.75M (Peak 155.98M) | Time:00:00.09 | Mem:0.00M, Peak:0.00M | CISCO_N9K_C9336C_FX2_V001, ViewLayer | Synchronizing object | SFP_management_symbol_line.003
Fra:1 Mem:155.76M (Peak 155.98M) | Time:00:00.09 | Mem:0.00M, Peak:0.00M | CISCO_N9K_C9336C_FX2_V001, ViewLayer | Synchronizing object | SFP_management_symbol_line.002
Fra:1 Mem:155.76M (Peak 155.98M) | Time:00:00.09 | Mem:0.00M, Peak:0.00M | CISCO_N9K_C9336C_FX2_V001, ViewLayer | Synchronizing object | SFP_management_symbol_line.001
Fra:1 Mem:155.76M (Peak 155.98M) | Time:00:00.09 | Mem:0.00M, Peak:0.00M | CISCO_N9K_C9336C_FX2_V001, ViewLayer | Synchronizing object | SFP_management_symbol_line
Fra:1 Mem:155.76M (Peak 155.98M) | Time:00:00.09 | Mem:0.00M, Peak:0.00M | CISCO_N9K_C9336C_FX2_V001, ViewLayer | Synchronizing object | SFP_management_symbol_node_1.25
Fra:1 Mem:155.77M (Peak 155.98M) | Time:00:00.09 | Mem:0.00M, Peak:0.00M | CISCO_N9K_C9336C_FX2_V001, ViewLayer | Synchronizing object | SFP_management_symbol_node_-1.25
Fra:1 Mem:155.78M (Peak 155.98M) | Time:00:00.09 | Mem:0.00M, Peak:0.00M | CISCO_N9K_C9336C_FX2_V001, ViewLayer | Synchronizing object | SFP_management_symbol_node_0
Fra:1 Mem:155.78M (Peak 155.98M) | Time:00:00.09 | Mem:0.00M, Peak:0.00M | CISCO_N9K_C9336C_FX2_V001, ViewLayer | Synchronizing object | RJ45_management_symbol_line.003
Fra:1 Mem:155.78M (Peak 155.98M) | Time:00:00.09 | Mem:0.00M, Peak:0.00M | CISCO_N9K_C9336C_FX2_V001, ViewLayer | Synchronizing object | RJ45_management_symbol_line.002
Fra:1 Mem:155.79M (Peak 155.98M) | Time:00:00.09 | Mem:0.00M, Peak:0.00M | CISCO_N9K_C9336C_FX2_V001, ViewLayer | Synchronizing object | RJ45_management_symbol_line.001
Fra:1 Mem:155.79M (Peak 155.98M) | Time:00:00.09 | Mem:0.00M, Peak:0.00M | CISCO_N9K_C9336C_FX2_V001, ViewLayer | Synchronizing object | RJ45_management_symbol_line
Fra:1 Mem:155.79M (Peak 155.98M) | Time:00:00.09 | Mem:0.00M, Peak:0.00M | CISCO_N9K_C9336C_FX2_V001, ViewLayer | Synchronizing object | RJ45_management_symbol_node_1.25
Fra:1 Mem:155.80M (Peak 155.98M) | Time:00:00.09 | Mem:0.00M, Peak:0.00M | CISCO_N9K_C9336C_FX2_V001, ViewLayer | Synchronizing object | RJ45_management_symbol_node_-1.25
Fra:1 Mem:155.80M (Peak 155.98M) | Time:00:00.09 | Mem:0.00M, Peak:0.00M | CISCO_N9K_C9336C_FX2_V001, ViewLayer | Synchronizing object | RJ45_management_symbol_node_0
Fra:1 Mem:155.81M (Peak 155.98M) | Time:00:00.09 | Mem:0.00M, Peak:0.00M | CISCO_N9K_C9336C_FX2_V001, ViewLayer | Synchronizing object | Rear_service_retention_screw
Fra:1 Mem:155.83M (Peak 155.98M) | Time:00:00.09 | Mem:0.00M, Peak:0.00M | CISCO_N9K_C9336C_FX2_V001, ViewLayer | Synchronizing object | REAR_STS_unpowered_indicator
Fra:1 Mem:155.84M (Peak 155.98M) | Time:00:00.09 | Mem:0.00M, Peak:0.00M | CISCO_N9K_C9336C_FX2_V001, ViewLayer | Synchronizing object | REAR_BCN_unpowered_indicator
Fra:1 Mem:155.84M (Peak 155.98M) | Time:00:00.09 | Mem:0.00M, Peak:0.00M | CISCO_N9K_C9336C_FX2_V001, ViewLayer | Synchronizing object | USB_A_contact_3
Fra:1 Mem:155.85M (Peak 155.98M) | Time:00:00.09 | Mem:0.00M, Peak:0.00M | CISCO_N9K_C9336C_FX2_V001, ViewLayer | Synchronizing object | USB_A_contact_2
Fra:1 Mem:155.86M (Peak 155.98M) | Time:00:00.09 | Mem:0.00M, Peak:0.00M | CISCO_N9K_C9336C_FX2_V001, ViewLayer | Synchronizing object | USB_A_contact_1
Fra:1 Mem:155.86M (Peak 155.98M) | Time:00:00.09 | Mem:0.00M, Peak:0.00M | CISCO_N9K_C9336C_FX2_V001, ViewLayer | Synchronizing object | USB_A_contact_0
Fra:1 Mem:155.87M (Peak 155.98M) | Time:00:00.09 | Mem:0.00M, Peak:0.00M | CISCO_N9K_C9336C_FX2_V001, ViewLayer | Synchronizing object | USB_A_black_tongue
Fra:1 Mem:155.87M (Peak 155.98M) | Time:00:00.09 | Mem:0.00M, Peak:0.00M | CISCO_N9K_C9336C_FX2_V001, ViewLayer | Synchronizing object | USB_A_deep_stop
Fra:1 Mem:155.88M (Peak 155.98M) | Time:00:00.09 | Mem:0.00M, Peak:0.00M | CISCO_N9K_C9336C_FX2_V001, ViewLayer | Synchronizing object | USB_A_metal_shell
Fra:1 Mem:155.90M (Peak 155.98M) | Time:00:00.09 | Mem:0.00M, Peak:0.00M | CISCO_N9K_C9336C_FX2_V001, ViewLayer | Synchronizing object | Mgmt_SFP_contact_9
Fra:1 Mem:155.91M (Peak 155.98M) | Time:00:00.09 | Mem:0.00M, Peak:0.00M | CISCO_N9K_C9336C_FX2_V001, ViewLayer | Synchronizing object | Mgmt_SFP_contact_8
Fra:1 Mem:155.91M (Peak 155.98M) | Time:00:00.09 | Mem:0.00M, Peak:0.00M | CISCO_N9K_C9336C_FX2_V001, ViewLayer | Synchronizing object | Mgmt_SFP_contact_7
Fra:1 Mem:155.91M (Peak 155.98M) | Time:00:00.09 | Mem:0.00M, Peak:0.00M | CISCO_N9K_C9336C_FX2_V001, ViewLayer | Synchronizing object | Mgmt_SFP_contact_6
Fra:1 Mem:155.91M (Peak 155.98M) | Time:00:00.09 | Mem:0.00M, Peak:0.00M | CISCO_N9K_C9336C_FX2_V001, ViewLayer | Synchronizing object | Mgmt_SFP_contact_5
Fra:1 Mem:155.91M (Peak 155.98M) | Time:00:00.09 | Mem:0.00M, Peak:0.00M | CISCO_N9K_C9336C_FX2_V001, ViewLayer | Synchronizing object | Mgmt_SFP_contact_4
Fra:1 Mem:155.91M (Peak 155.98M) | Time:00:00.09 | Mem:0.00M, Peak:0.00M | CISCO_N9K_C9336C_FX2_V001, ViewLayer | Synchronizing object | Mgmt_SFP_contact_3
Fra:1 Mem:155.91M (Peak 155.98M) | Time:00:00.09 | Mem:0.00M, Peak:0.00M | CISCO_N9K_C9336C_FX2_V001, ViewLayer | Synchronizing object | Mgmt_SFP_contact_2
Fra:1 Mem:155.91M (Peak 155.98M) | Time:00:00.09 | Mem:0.00M, Peak:0.00M | CISCO_N9K_C9336C_FX2_V001, ViewLayer | Synchronizing object | Mgmt_SFP_contact_1
Fra:1 Mem:155.91M (Peak 155.98M) | Time:00:00.09 | Mem:0.00M, Peak:0.00M | CISCO_N9K_C9336C_FX2_V001, ViewLayer | Synchronizing object | Mgmt_SFP_contact_0
Fra:1 Mem:155.91M (Peak 155.98M) | Time:00:00.09 | Mem:0.00M, Peak:0.00M | CISCO_N9K_C9336C_FX2_V001, ViewLayer | Synchronizing object | Mgmt_SFP_guide_5.8
Fra:1 Mem:155.93M (Peak 155.98M) | Time:00:00.09 | Mem:0.00M, Peak:0.00M | CISCO_N9K_C9336C_FX2_V001, ViewLayer | Synchronizing object | Mgmt_SFP_guide_-5.8
Fra:1 Mem:155.94M (Peak 155.98M) | Time:00:00.09 | Mem:0.00M, Peak:0.00M | CISCO_N9K_C9336C_FX2_V001, ViewLayer | Synchronizing object | Mgmt_SFP_recessed_connector_stop
Fra:1 Mem:155.94M (Peak 155.98M) | Time:00:00.09 | Mem:0.00M, Peak:0.00M | CISCO_N9K_C9336C_FX2_V001, ViewLayer | Synchronizing object | Mgmt_SFP_deep_metal_cage
Fra:1 Mem:155.96M (Peak 155.98M) | Time:00:00.09 | Mem:0.00M, Peak:0.00M | CISCO_N9K_C9336C_FX2_V001, ViewLayer | Synchronizing object | MANAGEMENT_RJ45_unpowered_corner_LED_5.6
Fra:1 Mem:155.97M (Peak 155.98M) | Time:00:00.09 | Mem:0.00M, Peak:0.00M | CISCO_N9K_C9336C_FX2_V001, ViewLayer | Synchronizing object | MANAGEMENT_RJ45_unpowered_corner_LED_-5.6
Fra:1 Mem:155.98M (Peak 155.98M) | Time:00:00.09 | Mem:0.00M, Peak:0.00M | CISCO_N9K_C9336C_FX2_V001, ViewLayer | Synchronizing object | MANAGEMENT_RJ45_contact_7
Fra:1 Mem:155.98M (Peak 155.98M) | Time:00:00.09 | Mem:0.00M, Peak:0.00M | CISCO_N9K_C9336C_FX2_V001, ViewLayer | Synchronizing object | MANAGEMENT_RJ45_contact_6
Fra:1 Mem:155.99M (Peak 155.99M) | Time:00:00.09 | Mem:0.00M, Peak:0.00M | CISCO_N9K_C9336C_FX2_V001, ViewLayer | Synchronizing object | MANAGEMENT_RJ45_contact_5
Fra:1 Mem:155.99M (Peak 155.99M) | Time:00:00.09 | Mem:0.00M, Peak:0.00M | CISCO_N9K_C9336C_FX2_V001, ViewLayer | Synchronizing object | MANAGEMENT_RJ45_contact_4
Fra:1 Mem:156.00M (Peak 156.00M) | Time:00:00.09 | Mem:0.00M, Peak:0.00M | CISCO_N9K_C9336C_FX2_V001, ViewLayer | Synchronizing object | MANAGEMENT_RJ45_contact_3
Fra:1 Mem:156.01M (Peak 156.01M) | Time:00:00.09 | Mem:0.00M, Peak:0.00M | CISCO_N9K_C9336C_FX2_V001, ViewLayer | Synchronizing object | MANAGEMENT_RJ45_contact_2
Fra:1 Mem:156.01M (Peak 156.01M) | Time:00:00.09 | Mem:0.00M, Peak:0.00M | CISCO_N9K_C9336C_FX2_V001, ViewLayer | Synchronizing object | MANAGEMENT_RJ45_contact_1
Fra:1 Mem:156.02M (Peak 156.02M) | Time:00:00.09 | Mem:0.00M, Peak:0.00M | CISCO_N9K_C9336C_FX2_V001, ViewLayer | Synchronizing object | MANAGEMENT_RJ45_contact_0
Fra:1 Mem:156.02M (Peak 156.02M) | Time:00:00.09 | Mem:0.00M, Peak:0.00M | CISCO_N9K_C9336C_FX2_V001, ViewLayer | Synchronizing object | MANAGEMENT_RJ45_deep_connector_stop
Fra:1 Mem:156.02M (Peak 156.02M) | Time:00:00.09 | Mem:0.00M, Peak:0.00M | CISCO_N9K_C9336C_FX2_V001, ViewLayer | Synchronizing object | MANAGEMENT_RJ45_keyed_plastic_body
Fra:1 Mem:156.03M (Peak 156.03M) | Time:00:00.09 | Mem:0.00M, Peak:0.00M | CISCO_N9K_C9336C_FX2_V001, ViewLayer | Synchronizing object | MANAGEMENT_RJ45_metal_shield
Fra:1 Mem:156.05M (Peak 156.05M) | Time:00:00.09 | Mem:0.00M, Peak:0.00M | CISCO_N9K_C9336C_FX2_V001, ViewLayer | Synchronizing object | CONSOLE_RJ45_unpowered_corner_LED_5.6
Fra:1 Mem:156.05M (Peak 156.05M) | Time:00:00.09 | Mem:0.00M, Peak:0.00M | CISCO_N9K_C9336C_FX2_V001, ViewLayer | Synchronizing object | CONSOLE_RJ45_unpowered_corner_LED_-5.6
Fra:1 Mem:156.06M (Peak 156.06M) | Time:00:00.09 | Mem:0.00M, Peak:0.00M | CISCO_N9K_C9336C_FX2_V001, ViewLayer | Synchronizing object | CONSOLE_RJ45_contact_7
Fra:1 Mem:156.07M (Peak 156.07M) | Time:00:00.09 | Mem:0.00M, Peak:0.00M | CISCO_N9K_C9336C_FX2_V001, ViewLayer | Synchronizing object | CONSOLE_RJ45_contact_6
Fra:1 Mem:156.07M (Peak 156.07M) | Time:00:00.09 | Mem:0.00M, Peak:0.00M | CISCO_N9K_C9336C_FX2_V001, ViewLayer | Synchronizing object | CONSOLE_RJ45_contact_5
Fra:1 Mem:156.08M (Peak 156.08M) | Time:00:00.09 | Mem:0.00M, Peak:0.00M | CISCO_N9K_C9336C_FX2_V001, ViewLayer | Synchronizing object | CONSOLE_RJ45_contact_4
Fra:1 Mem:156.08M (Peak 156.08M) | Time:00:00.09 | Mem:0.00M, Peak:0.00M | CISCO_N9K_C9336C_FX2_V001, ViewLayer | Synchronizing object | CONSOLE_RJ45_contact_3
Fra:1 Mem:156.09M (Peak 156.09M) | Time:00:00.09 | Mem:0.00M, Peak:0.00M | CISCO_N9K_C9336C_FX2_V001, ViewLayer | Synchronizing object | CONSOLE_RJ45_contact_2
Fra:1 Mem:156.10M (Peak 156.10M) | Time:00:00.09 | Mem:0.00M, Peak:0.00M | CISCO_N9K_C9336C_FX2_V001, ViewLayer | Synchronizing object | Fan3_true_honeycomb_front_grille
Fra:1 Mem:156.25M (Peak 156.25M) | Time:00:00.09 | Mem:0.00M, Peak:0.00M | CISCO_N9K_C9336C_FX2_V001, ViewLayer | Synchronizing object | CONSOLE_RJ45_contact_1
Fra:1 Mem:156.25M (Peak 156.25M) | Time:00:00.09 | Mem:0.00M, Peak:0.00M | CISCO_N9K_C9336C_FX2_V001, ViewLayer | Synchronizing object | Fan3_molded_trapezoid_pull_handle
Fra:1 Mem:156.28M (Peak 156.28M) | Time:00:00.09 | Mem:0.00M, Peak:0.00M | CISCO_N9K_C9336C_FX2_V001, ViewLayer | Synchronizing object | CONSOLE_RJ45_contact_0
Fra:1 Mem:156.29M (Peak 156.29M) | Time:00:00.09 | Mem:0.00M, Peak:0.00M | CISCO_N9K_C9336C_FX2_V001, ViewLayer | Synchronizing object | CONSOLE_RJ45_deep_connector_stop
Fra:1 Mem:156.30M (Peak 156.30M) | Time:00:00.09 | Mem:0.00M, Peak:0.00M | CISCO_N9K_C9336C_FX2_V001, ViewLayer | Synchronizing object | CONSOLE_RJ45_keyed_plastic_body
Fra:1 Mem:156.30M (Peak 156.30M) | Time:00:00.09 | Mem:0.00M, Peak:0.00M | CISCO_N9K_C9336C_FX2_V001, ViewLayer | Synchronizing object | CONSOLE_RJ45_metal_shield
Fra:1 Mem:156.31M (Peak 156.31M) | Time:00:00.09 | Mem:0.00M, Peak:0.00M | CISCO_N9K_C9336C_FX2_V001, ViewLayer | Synchronizing object | Fan3_BLUE_release_latch_-1
Fra:1 Mem:156.83M (Peak 156.83M) | Time:00:00.09 | Mem:0.00M, Peak:0.00M | CISCO_N9K_C9336C_FX2_V001, ViewLayer | Synchronizing object | Rear_service_panel_true_apertures
Fra:1 Mem:156.84M (Peak 156.84M) | Time:00:00.09 | Mem:0.00M, Peak:0.00M | CISCO_N9K_C9336C_FX2_V001, ViewLayer | Synchronizing object | Fan3_latch_thumb_flare_-1
Fra:1 Mem:157.22M (Peak 157.22M) | Time:00:00.09 | Mem:0.00M, Peak:0.00M | CISCO_N9K_C9336C_FX2_V001, ViewLayer | Synchronizing object | PSU2_face_screw_24.5_39.3
Fra:1 Mem:157.84M (Peak 157.84M) | Time:00:00.09 | Mem:0.00M, Peak:0.00M | CISCO_N9K_C9336C_FX2_V001, ViewLayer | Synchronizing object | PSU2_face_screw_24.5_4.1
Fra:1 Mem:157.86M (Peak 157.86M) | Time:00:00.09 | Mem:0.00M, Peak:0.00M | CISCO_N9K_C9336C_FX2_V001, ViewLayer | Synchronizing object | PSU2_face_screw_-24.5_39.3
Fra:1 Mem:157.88M (Peak 157.88M) | Time:00:00.10 | Mem:0.00M, Peak:0.00M | CISCO_N9K_C9336C_FX2_V001, ViewLayer | Synchronizing object | PSU2_face_screw_-24.5_4.1
Fra:1 Mem:158.66M (Peak 158.66M) | Time:00:00.10 | Mem:0.00M, Peak:0.00M | CISCO_N9K_C9336C_FX2_V001, ViewLayer | Synchronizing object | PSU2_unpowered_LED_32.6
Fra:1 Mem:158.81M (Peak 158.81M) | Time:00:00.10 | Mem:0.00M, Peak:0.00M | CISCO_N9K_C9336C_FX2_V001, ViewLayer | Synchronizing object | PSU2_unpowered_LED_36.8
Fra:1 Mem:158.81M (Peak 158.81M) | Time:00:00.10 | Mem:0.00M, Peak:0.00M | CISCO_N9K_C9336C_FX2_V001, ViewLayer | Synchronizing object | PSU2_retainer_rib_315.4
Fra:1 Mem:158.82M (Peak 158.82M) | Time:00:00.10 | Mem:0.00M, Peak:0.00M | CISCO_N9K_C9336C_FX2_V001, ViewLayer | Synchronizing object | PSU2_retainer_rib_313.2
Fra:1 Mem:158.83M (Peak 158.83M) | Time:00:00.10 | Mem:0.00M, Peak:0.00M | CISCO_N9K_C9336C_FX2_V001, ViewLayer | Synchronizing object | PSU2_retainer_rib_311
Fra:1 Mem:158.83M (Peak 158.83M) | Time:00:00.10 | Mem:0.00M, Peak:0.00M | CISCO_N9K_C9336C_FX2_V001, ViewLayer | Synchronizing object | PSU2_retainer_rib_308.8
Fra:1 Mem:158.84M (Peak 158.84M) | Time:00:00.10 | Mem:0.00M, Peak:0.00M | CISCO_N9K_C9336C_FX2_V001, ViewLayer | Synchronizing object | PSU2_retainer_rib_306.6
Fra:1 Mem:158.84M (Peak 158.84M) | Time:00:00.10 | Mem:0.00M, Peak:0.00M | CISCO_N9K_C9336C_FX2_V001, ViewLayer | Synchronizing object | PSU2_retainer_rib_304.4
Fra:1 Mem:158.85M (Peak 158.85M) | Time:00:00.10 | Mem:0.00M, Peak:0.00M | CISCO_N9K_C9336C_FX2_V001, ViewLayer | Synchronizing object | PSU2_retainer_rib_302.2
Fra:1 Mem:158.86M (Peak 158.86M) | Time:00:00.10 | Mem:0.00M, Peak:0.00M | CISCO_N9K_C9336C_FX2_V001, ViewLayer | Synchronizing object | PSU2_retainer_rib_300
Fra:1 Mem:158.86M (Peak 158.86M) | Time:00:00.10 | Mem:0.00M, Peak:0.00M | CISCO_N9K_C9336C_FX2_V001, ViewLayer | Synchronizing object | PSU2_stowed_nylon_retention_loop
Fra:1 Mem:158.87M (Peak 158.87M) | Time:00:00.10 | Mem:0.00M, Peak:0.00M | CISCO_N9K_C9336C_FX2_V001, ViewLayer | Synchronizing object | PSU2_cord_retainer_anchor
Fra:1 Mem:158.88M (Peak 158.88M) | Time:00:00.10 | Mem:0.00M, Peak:0.00M | CISCO_N9K_C9336C_FX2_V001, ViewLayer | Synchronizing object | PSU2_BLUE_release_latch
Fra:1 Mem:158.88M (Peak 158.88M) | Time:00:00.10 | Mem:0.00M, Peak:0.00M | CISCO_N9K_C9336C_FX2_V001, ViewLayer | Synchronizing object | PSU2_silver_U_pull_handle
Fra:1 Mem:158.91M (Peak 158.91M) | Time:00:00.10 | Mem:0.00M, Peak:0.00M | CISCO_N9K_C9336C_FX2_V001, ViewLayer | Synchronizing object | Fan3_latch_grip_rib_-1_14
Fra:1 Mem:158.91M (Peak 158.91M) | Time:00:00.10 | Mem:0.00M, Peak:0.00M | CISCO_N9K_C9336C_FX2_V001, ViewLayer | Synchronizing object | PSU2_IEC_pin_2
Fra:1 Mem:158.93M (Peak 158.93M) | Time:00:00.10 | Mem:0.00M, Peak:0.00M | CISCO_N9K_C9336C_FX2_V001, ViewLayer | Synchronizing object | PSU2_IEC_pin_1
Fra:1 Mem:158.94M (Peak 158.94M) | Time:00:00.10 | Mem:0.00M, Peak:0.00M | CISCO_N9K_C9336C_FX2_V001, ViewLayer | Synchronizing object | PSU2_IEC_pin_0
Fra:1 Mem:158.96M (Peak 158.96M) | Time:00:00.10 | Mem:0.00M, Peak:0.00M | CISCO_N9K_C9336C_FX2_V001, ViewLayer | Synchronizing object | PSU2_IEC_recessed_black_floor
Fra:1 Mem:158.96M (Peak 158.96M) | Time:00:00.10 | Mem:0.00M, Peak:0.00M | CISCO_N9K_C9336C_FX2_V001, ViewLayer | Synchronizing object | PSU2_IEC_C14_black_inlet_housing
Fra:1 Mem:158.99M (Peak 158.99M) | Time:00:00.10 | Mem:0.00M, Peak:0.00M | CISCO_N9K_C9336C_FX2_V001, ViewLayer | Synchronizing object | PSU2_true_hex_cooling_vents
Fra:1 Mem:164.05M (Peak 164.05M) | Time:00:00.10 | Mem:0.00M, Peak:0.00M | CISCO_N9K_C9336C_FX2_V001, ViewLayer | Synchronizing object | Fan3_latch_grip_rib_-1_17
Fra:1 Mem:164.06M (Peak 164.06M) | Time:00:00.10 | Mem:0.00M, Peak:0.00M | CISCO_N9K_C9336C_FX2_V001, ViewLayer | Synchronizing object | Fan3_latch_grip_rib_-1_20
Fra:1 Mem:164.07M (Peak 164.07M) | Time:00:00.10 | Mem:0.00M, Peak:0.00M | CISCO_N9K_C9336C_FX2_V001, ViewLayer | Synchronizing object | Fan3_latch_grip_rib_-1_23
Fra:1 Mem:164.07M (Peak 164.07M) | Time:00:00.10 | Mem:0.00M, Peak:0.00M | CISCO_N9K_C9336C_FX2_V001, ViewLayer | Synchronizing object | Fan3_latch_grip_rib_-1_26
Fra:1 Mem:164.08M (Peak 164.08M) | Time:00:00.10 | Mem:0.00M, Peak:0.00M | CISCO_N9K_C9336C_FX2_V001, ViewLayer | Synchronizing object | Fan3_BLUE_release_latch_1
Fra:1 Mem:164.08M (Peak 164.08M) | Time:00:00.10 | Mem:0.00M, Peak:0.00M | CISCO_N9K_C9336C_FX2_V001, ViewLayer | Synchronizing object | Fan3_latch_thumb_flare_1
Fra:1 Mem:164.09M (Peak 164.09M) | Time:00:00.10 | Mem:0.00M, Peak:0.00M | CISCO_N9K_C9336C_FX2_V001, ViewLayer | Synchronizing object | Fan3_latch_grip_rib_1_14
Fra:1 Mem:164.10M (Peak 164.10M) | Time:00:00.10 | Mem:0.00M, Peak:0.00M | CISCO_N9K_C9336C_FX2_V001, ViewLayer | Synchronizing object | Fan3_latch_grip_rib_1_17
Fra:1 Mem:164.10M (Peak 164.10M) | Time:00:00.10 | Mem:0.00M, Peak:0.00M | CISCO_N9K_C9336C_FX2_V001, ViewLayer | Synchronizing object | Fan3_latch_grip_rib_1_20
Fra:1 Mem:164.11M (Peak 164.11M) | Time:00:00.10 | Mem:0.00M, Peak:0.00M | CISCO_N9K_C9336C_FX2_V001, ViewLayer | Synchronizing object | Fan3_latch_grip_rib_1_23
Fra:1 Mem:164.11M (Peak 164.11M) | Time:00:00.10 | Mem:0.00M, Peak:0.00M | CISCO_N9K_C9336C_FX2_V001, ViewLayer | Synchronizing object | Fan3_latch_grip_rib_1_26
Fra:1 Mem:164.12M (Peak 164.12M) | Time:00:00.10 | Mem:0.00M, Peak:0.00M | CISCO_N9K_C9336C_FX2_V001, ViewLayer | Synchronizing object | Fan3_PID_label_recess
Fra:1 Mem:164.13M (Peak 164.13M) | Time:00:00.10 | Mem:0.00M, Peak:0.00M | CISCO_N9K_C9336C_FX2_V001, ViewLayer | Synchronizing object | Fan3_flush_lock_pin_-39
Fra:1 Mem:164.13M (Peak 164.13M) | Time:00:00.10 | Mem:0.00M, Peak:0.00M | CISCO_N9K_C9336C_FX2_V001, ViewLayer | Synchronizing object | Fan3_flush_lock_pin_39
Fra:1 Mem:164.24M (Peak 164.24M) | Time:00:00.10 | Mem:0.00M, Peak:0.00M | CISCO_N9K_C9336C_FX2_V001, ViewLayer | Synchronizing object | PSU1_formed_silver_shell
Fra:1 Mem:164.17M (Peak 164.24M) | Time:00:00.10 | Mem:0.00M, Peak:0.00M | CISCO_N9K_C9336C_FX2_V001, ViewLayer | Synchronizing object | PSU1_rear_internal_endcap
Fra:1 Mem:164.17M (Peak 164.24M) | Time:00:00.10 | Mem:0.00M, Peak:0.00M | CISCO_N9K_C9336C_FX2_V001, ViewLayer | Synchronizing object | PSU2_inlet_vent_divider
Fra:1 Mem:164.19M (Peak 164.24M) | Time:00:00.10 | Mem:0.00M, Peak:0.00M | CISCO_N9K_C9336C_FX2_V001, ViewLayer | Synchronizing object | PSU2_front_face_rim
Fra:1 Mem:164.21M (Peak 164.24M) | Time:00:00.10 | Mem:0.00M, Peak:0.00M | CISCO_N9K_C9336C_FX2_V001, ViewLayer | Synchronizing object | PSU2_internal_opaque_baffle
Fra:1 Mem:164.21M (Peak 164.24M) | Time:00:00.10 | Mem:0.00M, Peak:0.00M | CISCO_N9K_C9336C_FX2_V001, ViewLayer | Synchronizing object | PSU2_internal_mating_block
Fra:1 Mem:164.22M (Peak 164.24M) | Time:00:00.10 | Mem:0.00M, Peak:0.00M | CISCO_N9K_C9336C_FX2_V001, ViewLayer | Synchronizing object | PSU2_rear_internal_endcap
Fra:1 Mem:164.23M (Peak 164.24M) | Time:00:00.10 | Mem:0.00M, Peak:0.00M | CISCO_N9K_C9336C_FX2_V001, ViewLayer | Synchronizing object | PSU2_formed_silver_shell
Fra:1 Mem:164.25M (Peak 164.25M) | Time:00:00.10 | Mem:0.00M, Peak:0.00M | CISCO_N9K_C9336C_FX2_V001, ViewLayer | Synchronizing object | PSU1_face_screw_24.5_39.3
Fra:1 Mem:164.27M (Peak 164.27M) | Time:00:00.10 | Mem:0.00M, Peak:0.00M | CISCO_N9K_C9336C_FX2_V001, ViewLayer | Synchronizing object | PSU1_face_screw_24.5_4.1
Fra:1 Mem:164.29M (Peak 164.29M) | Time:00:00.10 | Mem:0.00M, Peak:0.00M | CISCO_N9K_C9336C_FX2_V001, ViewLayer | Synchronizing object | PSU1_internal_mating_block
Fra:1 Mem:164.30M (Peak 164.30M) | Time:00:00.10 | Mem:0.00M, Peak:0.00M | CISCO_N9K_C9336C_FX2_V001, ViewLayer | Synchronizing object | PSU1_internal_opaque_baffle
Fra:1 Mem:164.30M (Peak 164.30M) | Time:00:00.10 | Mem:0.00M, Peak:0.00M | CISCO_N9K_C9336C_FX2_V001, ViewLayer | Synchronizing object | PSU1_face_screw_-24.5_39.3
Fra:1 Mem:164.32M (Peak 164.32M) | Time:00:00.10 | Mem:0.00M, Peak:0.00M | CISCO_N9K_C9336C_FX2_V001, ViewLayer | Synchronizing object | PSU1_inlet_vent_divider
Fra:1 Mem:164.34M (Peak 164.34M) | Time:00:00.10 | Mem:0.00M, Peak:0.00M | CISCO_N9K_C9336C_FX2_V001, ViewLayer | Synchronizing object | PSU1_true_hex_cooling_vents
Fra:1 Mem:164.39M (Peak 164.39M) | Time:00:00.10 | Mem:0.00M, Peak:0.00M | CISCO_N9K_C9336C_FX2_V001, ViewLayer | Synchronizing object | PSU1_face_screw_-24.5_4.1
Fra:1 Mem:164.56M (Peak 164.56M) | Time:00:00.10 | Mem:0.00M, Peak:0.00M | CISCO_N9K_C9336C_FX2_V001, ViewLayer | Synchronizing object | PSU1_IEC_C14_black_inlet_housing
Fra:1 Mem:164.70M (Peak 164.70M) | Time:00:00.10 | Mem:0.00M, Peak:0.00M | CISCO_N9K_C9336C_FX2_V001, ViewLayer | Synchronizing object | PSU1_unpowered_LED_32.6
Fra:1 Mem:164.72M (Peak 164.72M) | Time:00:00.10 | Mem:0.00M, Peak:0.00M | CISCO_N9K_C9336C_FX2_V001, ViewLayer | Synchronizing object | PSU1_IEC_recessed_black_floor
Fra:1 Mem:164.71M (Peak 164.72M) | Time:00:00.10 | Mem:0.00M, Peak:0.00M | CISCO_N9K_C9336C_FX2_V001, ViewLayer | Synchronizing object | PSU1_unpowered_LED_36.8
Fra:1 Mem:164.90M (Peak 164.90M) | Time:00:00.10 | Mem:0.00M, Peak:0.00M | CISCO_N9K_C9336C_FX2_V001, ViewLayer | Synchronizing object | PSU1_retainer_rib_315.4
Fra:1 Mem:165.00M (Peak 165.00M) | Time:00:00.10 | Mem:0.00M, Peak:0.00M | CISCO_N9K_C9336C_FX2_V001, ViewLayer | Synchronizing object | PSU1_retainer_rib_313.2
Fra:1 Mem:165.00M (Peak 165.00M) | Time:00:00.10 | Mem:0.00M, Peak:0.00M | CISCO_N9K_C9336C_FX2_V001, ViewLayer | Synchronizing object | PSU1_retainer_rib_311
Fra:1 Mem:165.01M (Peak 165.01M) | Time:00:00.10 | Mem:0.00M, Peak:0.00M | CISCO_N9K_C9336C_FX2_V001, ViewLayer | Synchronizing object | PSU1_retainer_rib_308.8
Fra:1 Mem:165.02M (Peak 165.02M) | Time:00:00.10 | Mem:0.00M, Peak:0.00M | CISCO_N9K_C9336C_FX2_V001, ViewLayer | Synchronizing object | PSU1_retainer_rib_306.6
Fra:1 Mem:165.02M (Peak 165.02M) | Time:00:00.10 | Mem:0.00M, Peak:0.00M | CISCO_N9K_C9336C_FX2_V001, ViewLayer | Synchronizing object | PSU1_retainer_rib_304.4
Fra:1 Mem:165.03M (Peak 165.03M) | Time:00:00.10 | Mem:0.00M, Peak:0.00M | CISCO_N9K_C9336C_FX2_V001, ViewLayer | Synchronizing object | PSU1_retainer_rib_302.2
Fra:1 Mem:165.03M (Peak 165.03M) | Time:00:00.10 | Mem:0.00M, Peak:0.00M | CISCO_N9K_C9336C_FX2_V001, ViewLayer | Synchronizing object | PSU1_retainer_rib_300
Fra:1 Mem:165.04M (Peak 165.04M) | Time:00:00.10 | Mem:0.00M, Peak:0.00M | CISCO_N9K_C9336C_FX2_V001, ViewLayer | Synchronizing object | PSU1_stowed_nylon_retention_loop
Fra:1 Mem:165.05M (Peak 165.05M) | Time:00:00.10 | Mem:0.00M, Peak:0.00M | CISCO_N9K_C9336C_FX2_V001, ViewLayer | Synchronizing object | PSU1_cord_retainer_anchor
Fra:1 Mem:165.06M (Peak 165.06M) | Time:00:00.10 | Mem:0.00M, Peak:0.00M | CISCO_N9K_C9336C_FX2_V001, ViewLayer | Synchronizing object | PSU1_BLUE_release_latch
Fra:1 Mem:165.06M (Peak 165.06M) | Time:00:00.10 | Mem:0.00M, Peak:0.00M | CISCO_N9K_C9336C_FX2_V001, ViewLayer | Synchronizing object | PSU1_silver_U_pull_handle
Fra:1 Mem:165.09M (Peak 165.09M) | Time:00:00.10 | Mem:0.00M, Peak:0.00M | CISCO_N9K_C9336C_FX2_V001, ViewLayer | Synchronizing object | PSU1_IEC_pin_2
Fra:1 Mem:165.10M (Peak 165.10M) | Time:00:00.10 | Mem:0.00M, Peak:0.00M | CISCO_N9K_C9336C_FX2_V001, ViewLayer | Synchronizing object | PSU1_IEC_pin_1
Fra:1 Mem:176.39M (Peak 185.43M) | Time:00:00.26 | Mem:0.00M, Peak:0.00M | CISCO_N9K_C9336C_FX2_V001, ViewLayer | Initializing
Fra:1 Mem:170.29M (Peak 185.43M) | Time:00:00.26 | Mem:0.00M, Peak:0.00M | CISCO_N9K_C9336C_FX2_V001, ViewLayer | Updating Images | Loading NWR_original_chassis_label_baked
Fra:1 Mem:170.29M (Peak 185.43M) | Time:00:00.26 | Mem:0.00M, Peak:0.00M | CISCO_N9K_C9336C_FX2_V001, ViewLayer | Updating Images | Loading chassis-satin-nickel-roughness
Fra:1 Mem:170.29M (Peak 185.43M) | Time:00:00.26 | Mem:0.00M, Peak:0.00M | CISCO_N9K_C9336C_FX2_V001, ViewLayer | Updating Images | Loading cage-stainless-steel-roughness
Fra:1 Mem:170.29M (Peak 185.43M) | Time:00:00.26 | Mem:0.00M, Peak:0.00M | CISCO_N9K_C9336C_FX2_V001, ViewLayer | Updating Images | Loading zinc-plated-brackets-roughness
Fra:1 Mem:158.25M (Peak 187.85M) | Time:00:00.29 | Mem:7.50M, Peak:7.50M | CISCO_N9K_C9336C_FX2_V001, ViewLayer | Waiting for render to start
Fra:1 Mem:158.25M (Peak 187.85M) | Time:00:00.30 | Mem:7.50M, Peak:7.50M | CISCO_N9K_C9336C_FX2_V001, ViewLayer | Loading render kernels (may take a few minutes the first time)
Fra:1 Mem:158.25M (Peak 187.85M) | Time:00:00.30 | Mem:7.50M, Peak:7.50M | CISCO_N9K_C9336C_FX2_V001, ViewLayer | Updating Scene
Fra:1 Mem:158.25M (Peak 187.85M) | Time:00:00.30 | Mem:7.50M, Peak:7.50M | CISCO_N9K_C9336C_FX2_V001, ViewLayer | Updating Shaders
Fra:1 Mem:158.35M (Peak 187.85M) | Time:00:00.30 | Mem:7.51M, Peak:7.51M | CISCO_N9K_C9336C_FX2_V001, ViewLayer | Updating Procedurals
Fra:1 Mem:158.35M (Peak 187.85M) | Time:00:00.30 | Mem:7.51M, Peak:7.51M | CISCO_N9K_C9336C_FX2_V001, ViewLayer | Updating Background
Fra:1 Mem:158.35M (Peak 187.85M) | Time:00:00.30 | Mem:7.51M, Peak:7.51M | CISCO_N9K_C9336C_FX2_V001, ViewLayer | Updating Camera
Fra:1 Mem:158.35M (Peak 187.85M) | Time:00:00.30 | Mem:7.51M, Peak:7.51M | CISCO_N9K_C9336C_FX2_V001, ViewLayer | Updating Meshes Flags
Fra:1 Mem:158.35M (Peak 187.85M) | Time:00:00.30 | Mem:7.51M, Peak:7.51M | CISCO_N9K_C9336C_FX2_V001, ViewLayer | Updating Objects
Fra:1 Mem:158.35M (Peak 187.85M) | Time:00:00.30 | Mem:7.51M, Peak:7.51M | CISCO_N9K_C9336C_FX2_V001, ViewLayer | Updating Objects | Copying Transformations to device
Fra:1 Mem:158.57M (Peak 187.85M) | Time:00:00.30 | Mem:7.73M, Peak:7.73M | CISCO_N9K_C9336C_FX2_V001, ViewLayer | Updating Objects | Applying Static Transformations
Fra:1 Mem:158.57M (Peak 187.85M) | Time:00:00.30 | Mem:7.73M, Peak:7.73M | CISCO_N9K_C9336C_FX2_V001, ViewLayer | Updating Particle Systems
Fra:1 Mem:158.57M (Peak 187.85M) | Time:00:00.30 | Mem:7.73M, Peak:7.73M | CISCO_N9K_C9336C_FX2_V001, ViewLayer | Updating Particle Systems | Copying Particles to device
Fra:1 Mem:158.57M (Peak 187.85M) | Time:00:00.30 | Mem:7.73M, Peak:7.73M | CISCO_N9K_C9336C_FX2_V001, ViewLayer | Updating Meshes
Fra:1 Mem:163.63M (Peak 187.85M) | Time:00:00.31 | Mem:7.73M, Peak:7.73M | CISCO_N9K_C9336C_FX2_V001, ViewLayer | Updating Mesh | Computing attributes
Fra:1 Mem:186.48M (Peak 187.85M) | Time:00:00.33 | Mem:7.76M, Peak:7.76M | CISCO_N9K_C9336C_FX2_V001, ViewLayer | Updating Mesh | Copying Attributes to device
Fra:1 Mem:186.36M (Peak 187.85M) | Time:00:00.33 | Mem:30.46M, Peak:30.46M | CISCO_N9K_C9336C_FX2_V001, ViewLayer | Updating Geometry BVH Lid_flush_Phillips_00 1/30 | Building BVH
Fra:1 Mem:186.36M (Peak 187.85M) | Time:00:00.33 | Mem:30.46M, Peak:30.46M | CISCO_N9K_C9336C_FX2_V001, ViewLayer | Updating Geometry BVH Pair01_front_separator_true_perforations 3/30 | Building BVH
Fra:1 Mem:186.36M (Peak 187.85M) | Time:00:00.33 | Mem:30.46M, Peak:30.46M | CISCO_N9K_C9336C_FX2_V001, ViewLayer | Updating Geometry BVH Port01_connector_contact_surround 6/30 | Building BVH
Fra:1 Mem:186.36M (Peak 187.85M) | Time:00:00.33 | Mem:30.46M, Peak:30.46M | CISCO_N9K_C9336C_FX2_V001, ViewLayer | Updating Geometry BVH Port01_guide_-1_-4.25 7/30 | Building BVH
Fra:1 Mem:186.36M (Peak 187.85M) | Time:00:00.33 | Mem:30.54M, Peak:30.54M | CISCO_N9K_C9336C_FX2_V001, ViewLayer | Updating Geometry BVH Port01_guide_-1_-4.25 7/30 | Building BVH 0%
Fra:1 Mem:186.36M (Peak 187.85M) | Time:00:00.33 | Mem:30.54M, Peak:30.54M | CISCO_N9K_C9336C_FX2_V001, ViewLayer | Updating Geometry BVH Port02_subtle_recessed_contact_row 30/30 | Building BVH 0%
Fra:1 Mem:186.36M (Peak 187.85M) | Time:00:00.33 | Mem:30.54M, Peak:30.54M | CISCO_N9K_C9336C_FX2_V001, ViewLayer | Updating Geometry BVH Port02_subtle_recessed_contact_row 30/30 | Building BVH
Fra:1 Mem:186.36M (Peak 187.85M) | Time:00:00.33 | Mem:30.57M, Peak:30.58M | CISCO_N9K_C9336C_FX2_V001, ViewLayer | Updating Geometry BVH Port01_guide_-1_4.25 8/30 | Building BVH
Fra:1 Mem:186.36M (Peak 187.85M) | Time:00:00.33 | Mem:30.58M, Peak:30.58M | CISCO_N9K_C9336C_FX2_V001, ViewLayer | Updating Geometry BVH Port01_spring_-1_0 10/30 | Building BVH
Fra:1 Mem:186.36M (Peak 187.85M) | Time:00:00.33 | Mem:30.59M, Peak:30.59M | CISCO_N9K_C9336C_FX2_V001, ViewLayer | Updating Geometry BVH Port01_spring_-1_2.8 11/30 | Building BVH
Fra:1 Mem:186.36M (Peak 187.85M) | Time:00:00.33 | Mem:30.59M, Peak:30.59M | CISCO_N9K_C9336C_FX2_V001, ViewLayer | Updating Geometry BVH Port01_guide_1_-4.25 12/30 | Building BVH
Fra:1 Mem:186.36M (Peak 187.85M) | Time:00:00.33 | Mem:30.61M, Peak:30.61M | CISCO_N9K_C9336C_FX2_V001, ViewLayer | Updating Geometry BVH Port01_guide_1_4.25 13/30 | Building BVH
Fra:1 Mem:186.36M (Peak 187.85M) | Time:00:00.33 | Mem:30.64M, Peak:30.65M | CISCO_N9K_C9336C_FX2_V001, ViewLayer | Updating Geometry BVH Port01_spring_1_-2.8 14/30 | Building BVH
Fra:1 Mem:186.36M (Peak 187.85M) | Time:00:00.33 | Mem:30.65M, Peak:30.65M | CISCO_N9K_C9336C_FX2_V001, ViewLayer | Updating Geometry BVH Port01_spring_1_2.8 16/30 | Building BVH
Fra:1 Mem:186.36M (Peak 187.85M) | Time:00:00.33 | Mem:30.65M, Peak:30.65M | CISCO_N9K_C9336C_FX2_V001, ViewLayer | Updating Geometry BVH Port01_subtle_recessed_contact_row 17/30 | Building BVH
Fra:1 Mem:186.36M (Peak 187.85M) | Time:00:00.33 | Mem:30.68M, Peak:30.68M | CISCO_N9K_C9336C_FX2_V001, ViewLayer | Updating Geometry BVH Port02_recessed_connector_stop 18/30 | Building BVH
Fra:1 Mem:186.36M (Peak 187.85M) | Time:00:00.33 | Mem:30.71M, Peak:30.71M | CISCO_N9K_C9336C_FX2_V001, ViewLayer | Updating Geometry BVH Port02_connector_contact_surround 19/30 | Building BVH
Fra:1 Mem:186.36M (Peak 187.85M) | Time:00:00.33 | Mem:30.74M, Peak:30.75M | CISCO_N9K_C9336C_FX2_V001, ViewLayer | Updating Geometry BVH Port02_guide_-1_-4.25 20/30 | Building BVH
Fra:1 Mem:186.36M (Peak 187.85M) | Time:00:00.33 | Mem:30.76M, Peak:30.76M | CISCO_N9K_C9336C_FX2_V001, ViewLayer | Updating Geometry BVH Port02_spring_1_2.8 29/30 | Building BVH
Fra:1 Mem:186.36M (Peak 187.85M) | Time:00:00.33 | Mem:30.77M, Peak:30.77M | CISCO_N9K_C9336C_FX2_V001, ViewLayer | Updating Geometry BVH Port02_spring_-1_-2.8 22/30 | Building BVH
Fra:1 Mem:186.36M (Peak 187.85M) | Time:00:00.33 | Mem:30.80M, Peak:30.81M | CISCO_N9K_C9336C_FX2_V001, ViewLayer | Updating Geometry BVH Port02_spring_-1_0 23/30 | Building BVH
Fra:1 Mem:186.36M (Peak 187.85M) | Time:00:00.33 | Mem:30.83M, Peak:30.83M | CISCO_N9K_C9336C_FX2_V001, ViewLayer | Updating Geometry BVH Port02_spring_-1_2.8 24/30 | Building BVH
Fra:1 Mem:186.36M (Peak 187.85M) | Time:00:00.33 | Mem:30.84M, Peak:30.84M | CISCO_N9K_C9336C_FX2_V001, ViewLayer | Updating Geometry BVH Port02_guide_1_-4.25 25/30 | Building BVH
Fra:1 Mem:186.36M (Peak 187.85M) | Time:00:00.33 | Mem:30.84M, Peak:30.84M | CISCO_N9K_C9336C_FX2_V001, ViewLayer | Updating Geometry BVH Port02_guide_1_4.25 26/30 | Building BVH
Fra:1 Mem:186.36M (Peak 187.85M) | Time:00:00.33 | Mem:30.88M, Peak:30.88M | CISCO_N9K_C9336C_FX2_V001, ViewLayer | Updating Geometry BVH Port02_spring_1_-2.8 27/30 | Building BVH
Fra:1 Mem:186.36M (Peak 187.85M) | Time:00:00.33 | Mem:30.89M, Peak:30.89M | CISCO_N9K_C9336C_FX2_V001, ViewLayer | Updating Geometry BVH Port02_spring_1_0 28/30 | Building BVH
Fra:1 Mem:186.36M (Peak 187.85M) | Time:00:00.33 | Mem:30.94M, Peak:31.01M | CISCO_N9K_C9336C_FX2_V001, ViewLayer | Updating Scene BVH | Building
Fra:1 Mem:186.37M (Peak 187.85M) | Time:00:00.33 | Mem:30.94M, Peak:31.01M | CISCO_N9K_C9336C_FX2_V001, ViewLayer | Updating Scene BVH | Building BVH
Fra:1 Mem:186.37M (Peak 187.85M) | Time:00:00.36 | Mem:51.87M, Peak:61.81M | CISCO_N9K_C9336C_FX2_V001, ViewLayer | Updating Scene BVH | Copying BVH to device
Fra:1 Mem:186.37M (Peak 187.85M) | Time:00:00.36 | Mem:51.87M, Peak:61.81M | CISCO_N9K_C9336C_FX2_V001, ViewLayer | Updating Mesh | Computing normals
Fra:1 Mem:197.71M (Peak 197.71M) | Time:00:00.37 | Mem:51.87M, Peak:61.81M | CISCO_N9K_C9336C_FX2_V001, ViewLayer | Updating Mesh | Copying Mesh to device
Fra:1 Mem:197.71M (Peak 197.71M) | Time:00:00.37 | Mem:63.21M, Peak:63.21M | CISCO_N9K_C9336C_FX2_V001, ViewLayer | Updating Objects Flags
Fra:1 Mem:197.71M (Peak 197.71M) | Time:00:00.37 | Mem:63.21M, Peak:63.21M | CISCO_N9K_C9336C_FX2_V001, ViewLayer | Updating Primitive Offsets
Fra:1 Mem:197.71M (Peak 197.71M) | Time:00:00.37 | Mem:63.22M, Peak:63.22M | CISCO_N9K_C9336C_FX2_V001, ViewLayer | Updating Images
Fra:1 Mem:197.71M (Peak 197.71M) | Time:00:00.37 | Mem:63.22M, Peak:63.22M | CISCO_N9K_C9336C_FX2_V001, ViewLayer | Updating Camera Volume
Fra:1 Mem:197.71M (Peak 197.71M) | Time:00:00.37 | Mem:63.22M, Peak:63.22M | CISCO_N9K_C9336C_FX2_V001, ViewLayer | Updating Lookup Tables
Fra:1 Mem:197.71M (Peak 197.71M) | Time:00:00.37 | Mem:63.30M, Peak:63.30M | CISCO_N9K_C9336C_FX2_V001, ViewLayer | Updating Lights
Fra:1 Mem:197.71M (Peak 197.71M) | Time:00:00.37 | Mem:63.30M, Peak:63.30M | CISCO_N9K_C9336C_FX2_V001, ViewLayer | Updating Lights | Computing distribution
Fra:1 Mem:197.71M (Peak 197.71M) | Time:00:00.37 | Mem:63.30M, Peak:63.30M | CISCO_N9K_C9336C_FX2_V001, ViewLayer | Updating Lights | Computing tree
Fra:1 Mem:197.72M (Peak 197.72M) | Time:00:00.37 | Mem:63.31M, Peak:63.31M | CISCO_N9K_C9336C_FX2_V001, ViewLayer | Updating Integrator
Fra:1 Mem:198.72M (Peak 198.72M) | Time:00:00.37 | Mem:64.31M, Peak:64.31M | CISCO_N9K_C9336C_FX2_V001, ViewLayer | Updating Film
Fra:1 Mem:198.72M (Peak 198.72M) | Time:00:00.37 | Mem:64.22M, Peak:64.31M | CISCO_N9K_C9336C_FX2_V001, ViewLayer | Updating Lookup Tables
Fra:1 Mem:198.72M (Peak 198.72M) | Time:00:00.37 | Mem:64.31M, Peak:64.31M | CISCO_N9K_C9336C_FX2_V001, ViewLayer | Updating Baking
Fra:1 Mem:198.72M (Peak 198.72M) | Time:00:00.37 | Mem:64.31M, Peak:64.31M | CISCO_N9K_C9336C_FX2_V001, ViewLayer | Updating Device | Writing constant memory
Fra:1 Mem:198.74M (Peak 198.74M) | Time:00:00.37 | Mem:64.31M, Peak:64.31M | CISCO_N9K_C9336C_FX2_V001, ViewLayer | Sample 0/192
Fra:1 Mem:248.20M (Peak 248.20M) | Time:00:01.36 | Remaining:03:07.71 | Mem:113.76M, Peak:113.76M | CISCO_N9K_C9336C_FX2_V001, ViewLayer | Sample 1/192
Fra:1 Mem:248.20M (Peak 248.20M) | Time:00:29.58 | Remaining:02:20.72 | Mem:113.76M, Peak:113.76M | CISCO_N9K_C9336C_FX2_V001, ViewLayer | Sample 33/192
Fra:1 Mem:248.20M (Peak 248.20M) | Time:00:56.89 | Remaining:01:53.02 | Mem:113.76M, Peak:113.76M | CISCO_N9K_C9336C_FX2_V001, ViewLayer | Sample 64/192
Fra:1 Mem:248.20M (Peak 248.20M) | Time:01:09.68 | Remaining:01:37.03 | Mem:113.76M, Peak:113.76M | CISCO_N9K_C9336C_FX2_V001, ViewLayer | Sample 80/192
Fra:1 Mem:248.20M (Peak 248.20M) | Time:01:22.66 | Remaining:01:22.28 | Mem:113.76M, Peak:113.76M | CISCO_N9K_C9336C_FX2_V001, ViewLayer | Sample 96/192
Fra:1 Mem:248.20M (Peak 248.20M) | Time:01:34.84 | Remaining:01:07.47 | Mem:113.76M, Peak:113.76M | CISCO_N9K_C9336C_FX2_V001, ViewLayer | Sample 112/192
Fra:1 Mem:248.20M (Peak 248.20M) | Time:01:46.79 | Remaining:00:53.20 | Mem:113.76M, Peak:113.76M | CISCO_N9K_C9336C_FX2_V001, ViewLayer | Sample 128/192
Fra:1 Mem:248.20M (Peak 248.20M) | Time:01:58.95 | Remaining:00:39.52 | Mem:113.76M, Peak:113.76M | CISCO_N9K_C9336C_FX2_V001, ViewLayer | Sample 144/192
Fra:1 Mem:248.20M (Peak 248.20M) | Time:02:10.33 | Remaining:00:25.99 | Mem:113.76M, Peak:113.76M | CISCO_N9K_C9336C_FX2_V001, ViewLayer | Sample 160/192
Fra:1 Mem:248.20M (Peak 248.20M) | Time:02:21.49 | Remaining:00:12.82 | Mem:113.76M, Peak:113.76M | CISCO_N9K_C9336C_FX2_V001, ViewLayer | Sample 176/192
Fra:1 Mem:270.18M (Peak 314.12M) | Time:02:32.88 | Mem:113.76M, Peak:113.76M | CISCO_N9K_C9336C_FX2_V001, ViewLayer | Sample 192/192
Fra:1 Mem:270.18M (Peak 314.12M) | Time:02:32.88 | Mem:113.76M, Peak:113.76M | CISCO_N9K_C9336C_FX2_V001, ViewLayer | Finished
Saved: '/root/Project/rack-device-3d/Cisco-N9KC9336C-FX2/v001/previews/front-brand-macro.png'
Time: 02:33.39 (Saving: 00:00.49)

Fra:1 Mem:138.97M (Peak 138.97M) | Time:00:00.07 | Mem:0.00M, Peak:0.00M | CISCO_N9K_C9336C_FX2_V001, ViewLayer | Synchronizing object | INFERRED_Bottom_folded_sheet
Fra:1 Mem:138.98M (Peak 138.98M) | Time:00:00.07 | Mem:0.00M, Peak:0.00M | CISCO_N9K_C9336C_FX2_V001, ViewLayer | Synchronizing object | Lid_vent_side_border_-1
Fra:1 Mem:139.10M (Peak 139.10M) | Time:00:00.07 | Mem:0.00M, Peak:0.00M | CISCO_N9K_C9336C_FX2_V001, ViewLayer | Synchronizing object | Lid_vent_side_border_1
Fra:1 Mem:139.31M (Peak 139.31M) | Time:00:00.07 | Mem:0.00M, Peak:0.00M | CISCO_N9K_C9336C_FX2_V001, ViewLayer | Synchronizing object | Interior_under_port_vent_baffle
Fra:1 Mem:144.10M (Peak 144.10M) | Time:00:00.07 | Mem:0.00M, Peak:0.00M | CISCO_N9K_C9336C_FX2_V001, ViewLayer | Synchronizing object | Port_face_solid_punched_panel
Fra:1 Mem:144.31M (Peak 144.31M) | Time:00:00.07 | Mem:0.00M, Peak:0.00M | CISCO_N9K_C9336C_FX2_V001, ViewLayer | Synchronizing object | Front_lower_rectangular_vent_strip
Fra:1 Mem:144.31M (Peak 144.31M) | Time:00:00.07 | Mem:0.00M, Peak:0.00M | CISCO_N9K_C9336C_FX2_V001, ViewLayer | Synchronizing object | Front_lower_control_label_land
Fra:1 Mem:146.79M (Peak 146.79M) | Time:00:00.07 | Mem:0.00M, Peak:0.00M | CISCO_N9K_C9336C_FX2_V001, ViewLayer | Synchronizing object | Front_lower_right_land
Fra:1 Mem:146.99M (Peak 146.99M) | Time:00:00.07 | Mem:0.00M, Peak:0.00M | CISCO_N9K_C9336C_FX2_V001, ViewLayer | Synchronizing object | Rear_horizontal_rim_1.25
Fra:1 Mem:147.00M (Peak 147.00M) | Time:00:00.07 | Mem:0.00M, Peak:0.00M | CISCO_N9K_C9336C_FX2_V001, ViewLayer | Synchronizing object | Rear_horizontal_rim_42.438
Fra:1 Mem:147.00M (Peak 147.00M) | Time:00:00.07 | Mem:0.00M, Peak:0.00M | CISCO_N9K_C9336C_FX2_V001, ViewLayer | Synchronizing object | Rear_side_rim_-218.46
Fra:1 Mem:147.00M (Peak 147.00M) | Time:00:00.07 | Mem:0.00M, Peak:0.00M | CISCO_N9K_C9336C_FX2_V001, ViewLayer | Synchronizing object | Rear_side_rim_218.46
Fra:1 Mem:147.00M (Peak 147.00M) | Time:00:00.07 | Mem:0.00M, Peak:0.00M | CISCO_N9K_C9336C_FX2_V001, ViewLayer | Synchronizing object | Rear_module_divider_160
Fra:1 Mem:147.64M (Peak 147.64M) | Time:00:00.07 | Mem:0.00M, Peak:0.00M | CISCO_N9K_C9336C_FX2_V001, ViewLayer | Synchronizing object | Rear_module_divider_70
Fra:1 Mem:147.66M (Peak 147.66M) | Time:00:00.07 | Mem:0.00M, Peak:0.00M | CISCO_N9K_C9336C_FX2_V001, ViewLayer | Synchronizing object | Rear_module_divider_-20
Fra:1 Mem:147.67M (Peak 147.67M) | Time:00:00.07 | Mem:0.00M, Peak:0.00M | CISCO_N9K_C9336C_FX2_V001, ViewLayer | Synchronizing object | Rear_module_divider_-110
Fra:1 Mem:148.93M (Peak 148.93M) | Time:00:00.07 | Mem:0.00M, Peak:0.00M | CISCO_N9K_C9336C_FX2_V001, ViewLayer | Synchronizing object | Rear_module_divider_-160
Fra:1 Mem:149.01M (Peak 149.01M) | Time:00:00.07 | Mem:0.00M, Peak:0.00M | CISCO_N9K_C9336C_FX2_V001, ViewLayer | Synchronizing object | Lid_flush_Phillips_00
Fra:1 Mem:148.95M (Peak 149.01M) | Time:00:00.07 | Mem:0.00M, Peak:0.00M | CISCO_N9K_C9336C_FX2_V001, ViewLayer | Synchronizing object | LEFT_EAR_bent_opaque_solid_with_true_bores
Fra:1 Mem:149.10M (Peak 149.10M) | Time:00:00.07 | Mem:0.00M, Peak:0.00M | CISCO_N9K_C9336C_FX2_V001, ViewLayer | Synchronizing object | LEFT_ear_M4_-284_10.8
Fra:1 Mem:149.20M (Peak 149.20M) | Time:00:00.07 | Mem:0.00M, Peak:0.00M | CISCO_N9K_C9336C_FX2_V001, ViewLayer | Synchronizing object | LEFT_ear_M4_-284_32.8
Fra:1 Mem:149.33M (Peak 149.33M) | Time:00:00.07 | Mem:0.00M, Peak:0.00M | CISCO_N9K_C9336C_FX2_V001, ViewLayer | Synchronizing object | LEFT_ear_M4_-256_10.8
Fra:1 Mem:149.61M (Peak 149.61M) | Time:00:00.07 | Mem:0.00M, Peak:0.00M | CISCO_N9K_C9336C_FX2_V001, ViewLayer | Synchronizing object | LEFT_ear_M4_-256_32.8
Fra:1 Mem:150.01M (Peak 150.01M) | Time:00:00.07 | Mem:0.00M, Peak:0.00M | CISCO_N9K_C9336C_FX2_V001, ViewLayer | Synchronizing object | RIGHT_EAR_bent_opaque_solid_with_true_bores
Fra:1 Mem:150.19M (Peak 150.19M) | Time:00:00.07 | Mem:0.00M, Peak:0.00M | CISCO_N9K_C9336C_FX2_V001, ViewLayer | Synchronizing object | RIGHT_ear_M4_-284_10.8
Fra:1 Mem:150.24M (Peak 150.24M) | Time:00:00.07 | Mem:0.00M, Peak:0.00M | CISCO_N9K_C9336C_FX2_V001, ViewLayer | Synchronizing object | RIGHT_ear_M4_-284_32.8
Fra:1 Mem:150.65M (Peak 150.65M) | Time:00:00.07 | Mem:0.00M, Peak:0.00M | CISCO_N9K_C9336C_FX2_V001, ViewLayer | Synchronizing object | RIGHT_ear_M4_-256_10.8
Fra:1 Mem:150.66M (Peak 150.66M) | Time:00:00.07 | Mem:0.00M, Peak:0.00M | CISCO_N9K_C9336C_FX2_V001, ViewLayer | Synchronizing object | RIGHT_ear_M4_-256_32.8
Fra:1 Mem:150.75M (Peak 150.75M) | Time:00:00.07 | Mem:0.00M, Peak:0.00M | CISCO_N9K_C9336C_FX2_V001, ViewLayer | Synchronizing object | Pair01_stainless_shell_29mm_deep
Fra:1 Mem:150.76M (Peak 150.76M) | Time:00:00.07 | Mem:0.00M, Peak:0.00M | CISCO_N9K_C9336C_FX2_V001, ViewLayer | Synchronizing object | Pair01_front_separator_true_perforations
Fra:1 Mem:152.49M (Peak 152.49M) | Time:00:00.07 | Mem:0.00M, Peak:0.00M | CISCO_N9K_C9336C_FX2_V001, ViewLayer | Synchronizing object | Pair01_internal_cooling_shelf
Fra:1 Mem:152.55M (Peak 152.55M) | Time:00:00.07 | Mem:0.00M, Peak:0.00M | CISCO_N9K_C9336C_FX2_V001, ViewLayer | Synchronizing object | Fan1_known_PID
Fra:1 Mem:152.56M (Peak 152.56M) | Time:00:00.07 | Mem:0.00M, Peak:0.00M | CISCO_N9K_C9336C_FX2_V001, ViewLayer | Synchronizing object | Fan2_known_PID
Fra:1 Mem:152.59M (Peak 152.59M) | Time:00:00.07 | Mem:0.00M, Peak:0.00M | CISCO_N9K_C9336C_FX2_V001, ViewLayer | Synchronizing object | Fan3_known_PID
Fra:1 Mem:152.62M (Peak 152.62M) | Time:00:00.07 | Mem:0.00M, Peak:0.00M | CISCO_N9K_C9336C_FX2_V001, ViewLayer | Synchronizing object | PSU1_FAIL_legend
Fra:1 Mem:152.63M (Peak 152.63M) | Time:00:00.07 | Mem:0.00M, Peak:0.00M | CISCO_N9K_C9336C_FX2_V001, ViewLayer | Synchronizing object | PSU1_OK_legend
Fra:1 Mem:152.64M (Peak 152.64M) | Time:00:00.07 | Mem:0.00M, Peak:0.00M | CISCO_N9K_C9336C_FX2_V001, ViewLayer | Synchronizing object | Port01_recessed_connector_stop
Fra:1 Mem:152.64M (Peak 152.64M) | Time:00:00.07 | Mem:0.00M, Peak:0.00M | CISCO_N9K_C9336C_FX2_V001, ViewLayer | Synchronizing object | PSU2_FAIL_legend
Fra:1 Mem:152.64M (Peak 152.64M) | Time:00:00.07 | Mem:0.00M, Peak:0.00M | CISCO_N9K_C9336C_FX2_V001, ViewLayer | Synchronizing object | PSU2_OK_legend
Fra:1 Mem:152.66M (Peak 152.66M) | Time:00:00.07 | Mem:0.00M, Peak:0.00M | CISCO_N9K_C9336C_FX2_V001, ViewLayer | Synchronizing object | REAR_BCN_legend
Fra:1 Mem:152.67M (Peak 152.67M) | Time:00:00.07 | Mem:0.00M, Peak:0.00M | CISCO_N9K_C9336C_FX2_V001, ViewLayer | Synchronizing object | REAR_STS_legend
Fra:1 Mem:152.68M (Peak 152.68M) | Time:00:00.07 | Mem:0.00M, Peak:0.00M | CISCO_N9K_C9336C_FX2_V001, ViewLayer | Synchronizing object | Rear_P2_arrow_legend
Fra:1 Mem:152.69M (Peak 152.69M) | Time:00:00.07 | Mem:0.00M, Peak:0.00M | CISCO_N9K_C9336C_FX2_V001, ViewLayer | Synchronizing object | FRONT_BCN_legend
Fra:1 Mem:152.70M (Peak 152.70M) | Time:00:00.07 | Mem:0.00M, Peak:0.00M | CISCO_N9K_C9336C_FX2_V001, ViewLayer | Synchronizing object | FRONT_STS_legend
Fra:1 Mem:152.71M (Peak 152.71M) | Time:00:00.07 | Mem:0.00M, Peak:0.00M | CISCO_N9K_C9336C_FX2_V001, ViewLayer | Synchronizing object | FRONT_ENV_legend
Fra:1 Mem:152.72M (Peak 157.24M) | Time:00:00.07 | Mem:0.00M, Peak:0.00M | CISCO_N9K_C9336C_FX2_V001, ViewLayer | Synchronizing object | FRONT_1_legend
Fra:1 Mem:157.24M (Peak 157.24M) | Time:00:00.07 | Mem:0.00M, Peak:0.00M | CISCO_N9K_C9336C_FX2_V001, ViewLayer | Synchronizing object | FRONT_2_legend
Fra:1 Mem:157.25M (Peak 157.25M) | Time:00:00.07 | Mem:0.00M, Peak:0.00M | CISCO_N9K_C9336C_FX2_V001, ViewLayer | Synchronizing object | Port01_connector_contact_surround
Fra:1 Mem:157.25M (Peak 157.25M) | Time:00:00.07 | Mem:0.00M, Peak:0.00M | CISCO_N9K_C9336C_FX2_V001, ViewLayer | Synchronizing object | FRONT_3_legend
Fra:1 Mem:157.26M (Peak 157.26M) | Time:00:00.07 | Mem:0.00M, Peak:0.00M | CISCO_N9K_C9336C_FX2_V001, ViewLayer | Synchronizing object | Port01_guide_-1_-4.25
Fra:1 Mem:157.27M (Peak 157.27M) | Time:00:00.07 | Mem:0.00M, Peak:0.00M | CISCO_N9K_C9336C_FX2_V001, ViewLayer | Synchronizing object | FRONT_4_legend
Fra:1 Mem:157.27M (Peak 157.27M) | Time:00:00.07 | Mem:0.00M, Peak:0.00M | CISCO_N9K_C9336C_FX2_V001, ViewLayer | Synchronizing object | LS_selector_text
Fra:1 Mem:157.28M (Peak 157.28M) | Time:00:00.07 | Mem:0.00M, Peak:0.00M | CISCO_N9K_C9336C_FX2_V001, ViewLayer | Synchronizing object | Port01_guide_-1_4.25
Fra:1 Mem:157.28M (Peak 157.28M) | Time:00:00.07 | Mem:0.00M, Peak:0.00M | CISCO_N9K_C9336C_FX2_V001, ViewLayer | Synchronizing object | Port01_spring_-1_0
Fra:1 Mem:157.32M (Peak 157.32M) | Time:00:00.07 | Mem:0.00M, Peak:0.00M | CISCO_N9K_C9336C_FX2_V001, ViewLayer | Synchronizing object | Cisco_brand_wordmark
Fra:1 Mem:157.34M (Peak 157.34M) | Time:00:00.07 | Mem:0.00M, Peak:0.00M | CISCO_N9K_C9336C_FX2_V001, ViewLayer | Synchronizing object | Port01_spring_-1_2.8
Fra:1 Mem:157.34M (Peak 157.34M) | Time:00:00.07 | Mem:0.00M, Peak:0.00M | CISCO_N9K_C9336C_FX2_V001, ViewLayer | Synchronizing object | Port01_guide_1_-4.25
Fra:1 Mem:157.37M (Peak 157.37M) | Time:00:00.07 | Mem:0.00M, Peak:0.00M | CISCO_N9K_C9336C_FX2_V001, ViewLayer | Synchronizing object | Port01_guide_1_4.25
Fra:1 Mem:157.37M (Peak 157.37M) | Time:00:00.07 | Mem:0.00M, Peak:0.00M | CISCO_N9K_C9336C_FX2_V001, ViewLayer | Synchronizing object | Port01_spring_1_2.8
Fra:1 Mem:157.38M (Peak 157.38M) | Time:00:00.07 | Mem:0.00M, Peak:0.00M | CISCO_N9K_C9336C_FX2_V001, ViewLayer | Synchronizing object | Port02_recessed_connector_stop
Fra:1 Mem:157.41M (Peak 157.41M) | Time:00:00.07 | Mem:0.00M, Peak:0.00M | CISCO_N9K_C9336C_FX2_V001, ViewLayer | Synchronizing object | Cisco_product_family_line_2
Fra:1 Mem:157.41M (Peak 157.41M) | Time:00:00.07 | Mem:0.00M, Peak:0.00M | CISCO_N9K_C9336C_FX2_V001, ViewLayer | Synchronizing object | Port02_connector_contact_surround
Fra:1 Mem:157.43M (Peak 157.43M) | Time:00:00.07 | Mem:0.00M, Peak:0.00M | CISCO_N9K_C9336C_FX2_V001, ViewLayer | Synchronizing object | Port02_guide_-1_-4.25
Fra:1 Mem:157.43M (Peak 157.43M) | Time:00:00.07 | Mem:0.00M, Peak:0.00M | CISCO_N9K_C9336C_FX2_V001, ViewLayer | Synchronizing object | Correct_factory_PID
Fra:1 Mem:157.46M (Peak 157.46M) | Time:00:00.07 | Mem:0.00M, Peak:0.00M | CISCO_N9K_C9336C_FX2_V001, ViewLayer | Synchronizing object | Port02_guide_-1_4.25
Fra:1 Mem:157.49M (Peak 157.49M) | Time:00:00.07 | Mem:0.00M, Peak:0.00M | CISCO_N9K_C9336C_FX2_V001, ViewLayer | Synchronizing object | Port02_spring_-1_-2.8
Fra:1 Mem:157.50M (Peak 157.50M) | Time:00:00.07 | Mem:0.00M, Peak:0.00M | CISCO_N9K_C9336C_FX2_V001, ViewLayer | Synchronizing object | Port02_spring_-1_0
Fra:1 Mem:157.52M (Peak 157.52M) | Time:00:00.07 | Mem:0.00M, Peak:0.00M | CISCO_N9K_C9336C_FX2_V001, ViewLayer | Synchronizing object | Port02_spring_-1_2.8
Fra:1 Mem:157.56M (Peak 157.56M) | Time:00:00.07 | Mem:0.00M, Peak:0.00M | CISCO_N9K_C9336C_FX2_V001, ViewLayer | Synchronizing object | Port02_guide_1_-4.25
Fra:1 Mem:157.59M (Peak 157.59M) | Time:00:00.07 | Mem:0.00M, Peak:0.00M | CISCO_N9K_C9336C_FX2_V001, ViewLayer | Synchronizing object | PORT_NUMBER_01
Fra:1 Mem:157.59M (Peak 157.59M) | Time:00:00.07 | Mem:0.00M, Peak:0.00M | CISCO_N9K_C9336C_FX2_V001, ViewLayer | Synchronizing object | PORT_NUMBER_02
Fra:1 Mem:157.60M (Peak 157.60M) | Time:00:00.07 | Mem:0.00M, Peak:0.00M | CISCO_N9K_C9336C_FX2_V001, ViewLayer | Synchronizing object | Port02_guide_1_4.25
Fra:1 Mem:157.60M (Peak 157.60M) | Time:00:00.07 | Mem:0.00M, Peak:0.00M | CISCO_N9K_C9336C_FX2_V001, ViewLayer | Synchronizing object | Port02_spring_1_-2.8
Fra:1 Mem:157.61M (Peak 157.61M) | Time:00:00.07 | Mem:0.00M, Peak:0.00M | CISCO_N9K_C9336C_FX2_V001, ViewLayer | Synchronizing object | Port02_spring_1_0
Fra:1 Mem:157.63M (Peak 157.63M) | Time:00:00.07 | Mem:0.00M, Peak:0.00M | CISCO_N9K_C9336C_FX2_V001, ViewLayer | Synchronizing object | PORT_NUMBER_03
Fra:1 Mem:157.64M (Peak 157.64M) | Time:00:00.07 | Mem:0.00M, Peak:0.00M | CISCO_N9K_C9336C_FX2_V001, ViewLayer | Synchronizing object | PORT_NUMBER_04
Fra:1 Mem:157.64M (Peak 157.64M) | Time:00:00.07 | Mem:0.00M, Peak:0.00M | CISCO_N9K_C9336C_FX2_V001, ViewLayer | Synchronizing object | Port02_spring_1_2.8
Fra:1 Mem:157.64M (Peak 157.64M) | Time:00:00.07 | Mem:0.00M, Peak:0.00M | CISCO_N9K_C9336C_FX2_V001, ViewLayer | Synchronizing object | PORT_NUMBER_05
Fra:1 Mem:157.67M (Peak 157.67M) | Time:00:00.07 | Mem:0.00M, Peak:0.00M | CISCO_N9K_C9336C_FX2_V001, ViewLayer | Synchronizing object | Fan1_rotor_housing_-1
Fra:1 Mem:157.68M (Peak 157.68M) | Time:00:00.07 | Mem:0.00M, Peak:0.00M | CISCO_N9K_C9336C_FX2_V001, ViewLayer | Synchronizing object | PORT_NUMBER_06
Fra:1 Mem:157.68M (Peak 157.68M) | Time:00:00.07 | Mem:0.00M, Peak:0.00M | CISCO_N9K_C9336C_FX2_V001, ViewLayer | Synchronizing object | Fan1_hub_-1
Fra:1 Mem:157.68M (Peak 157.68M) | Time:00:00.07 | Mem:0.00M, Peak:0.00M | CISCO_N9K_C9336C_FX2_V001, ViewLayer | Synchronizing object | Fan1_blade_-1_1
Fra:1 Mem:157.69M (Peak 157.69M) | Time:00:00.07 | Mem:0.00M, Peak:0.00M | CISCO_N9K_C9336C_FX2_V001, ViewLayer | Synchronizing object | PORT_NUMBER_07
Fra:1 Mem:157.69M (Peak 157.69M) | Time:00:00.07 | Mem:0.00M, Peak:0.00M | CISCO_N9K_C9336C_FX2_V001, ViewLayer | Synchronizing object | Fan1_blade_-1_2
Fra:1 Mem:157.69M (Peak 157.69M) | Time:00:00.07 | Mem:0.00M, Peak:0.00M | CISCO_N9K_C9336C_FX2_V001, ViewLayer | Synchronizing object | PORT_NUMBER_08
Fra:1 Mem:157.70M (Peak 157.70M) | Time:00:00.07 | Mem:0.00M, Peak:0.00M | CISCO_N9K_C9336C_FX2_V001, ViewLayer | Synchronizing object | PORT_NUMBER_09
Fra:1 Mem:157.71M (Peak 157.71M) | Time:00:00.07 | Mem:0.00M, Peak:0.00M | CISCO_N9K_C9336C_FX2_V001, ViewLayer | Synchronizing object | PORT_NUMBER_10
Fra:1 Mem:157.71M (Peak 157.71M) | Time:00:00.07 | Mem:0.00M, Peak:0.00M | CISCO_N9K_C9336C_FX2_V001, ViewLayer | Synchronizing object | PORT_NUMBER_11
Fra:1 Mem:157.71M (Peak 157.71M) | Time:00:00.07 | Mem:0.00M, Peak:0.00M | CISCO_N9K_C9336C_FX2_V001, ViewLayer | Synchronizing object | PORT_NUMBER_12
Fra:1 Mem:157.72M (Peak 157.72M) | Time:00:00.07 | Mem:0.00M, Peak:0.00M | CISCO_N9K_C9336C_FX2_V001, ViewLayer | Synchronizing object | PORT_NUMBER_13
Fra:1 Mem:157.72M (Peak 157.72M) | Time:00:00.07 | Mem:0.00M, Peak:0.00M | CISCO_N9K_C9336C_FX2_V001, ViewLayer | Synchronizing object | PORT_NUMBER_14
Fra:1 Mem:157.73M (Peak 157.73M) | Time:00:00.07 | Mem:0.00M, Peak:0.00M | CISCO_N9K_C9336C_FX2_V001, ViewLayer | Synchronizing object | PORT_NUMBER_15
Fra:1 Mem:157.73M (Peak 157.73M) | Time:00:00.07 | Mem:0.00M, Peak:0.00M | CISCO_N9K_C9336C_FX2_V001, ViewLayer | Synchronizing object | PORT_NUMBER_16
Fra:1 Mem:157.74M (Peak 157.74M) | Time:00:00.07 | Mem:0.00M, Peak:0.00M | CISCO_N9K_C9336C_FX2_V001, ViewLayer | Synchronizing object | PORT_NUMBER_17
Fra:1 Mem:157.74M (Peak 157.74M) | Time:00:00.07 | Mem:0.00M, Peak:0.00M | CISCO_N9K_C9336C_FX2_V001, ViewLayer | Synchronizing object | PORT_NUMBER_18
Fra:1 Mem:157.75M (Peak 157.75M) | Time:00:00.07 | Mem:0.00M, Peak:0.00M | CISCO_N9K_C9336C_FX2_V001, ViewLayer | Synchronizing object | PORT_NUMBER_19
Fra:1 Mem:157.76M (Peak 157.76M) | Time:00:00.07 | Mem:0.00M, Peak:0.00M | CISCO_N9K_C9336C_FX2_V001, ViewLayer | Synchronizing object | PORT_NUMBER_20
Fra:1 Mem:157.77M (Peak 157.77M) | Time:00:00.07 | Mem:0.00M, Peak:0.00M | CISCO_N9K_C9336C_FX2_V001, ViewLayer | Synchronizing object | PORT_NUMBER_21
Fra:1 Mem:157.77M (Peak 157.77M) | Time:00:00.07 | Mem:0.00M, Peak:0.00M | CISCO_N9K_C9336C_FX2_V001, ViewLayer | Synchronizing object | PORT_NUMBER_22
Fra:1 Mem:157.78M (Peak 157.78M) | Time:00:00.07 | Mem:0.00M, Peak:0.00M | CISCO_N9K_C9336C_FX2_V001, ViewLayer | Synchronizing object | PORT_NUMBER_23
Fra:1 Mem:157.79M (Peak 157.79M) | Time:00:00.07 | Mem:0.00M, Peak:0.00M | CISCO_N9K_C9336C_FX2_V001, ViewLayer | Synchronizing object | PORT_NUMBER_24
Fra:1 Mem:157.80M (Peak 157.80M) | Time:00:00.07 | Mem:0.00M, Peak:0.00M | CISCO_N9K_C9336C_FX2_V001, ViewLayer | Synchronizing object | PORT_NUMBER_25
Fra:1 Mem:157.80M (Peak 157.80M) | Time:00:00.07 | Mem:0.00M, Peak:0.00M | CISCO_N9K_C9336C_FX2_V001, ViewLayer | Synchronizing object | PORT_NUMBER_26
Fra:1 Mem:157.81M (Peak 157.81M) | Time:00:00.07 | Mem:0.00M, Peak:0.00M | CISCO_N9K_C9336C_FX2_V001, ViewLayer | Synchronizing object | PORT_NUMBER_27
Fra:1 Mem:157.82M (Peak 157.82M) | Time:00:00.07 | Mem:0.00M, Peak:0.00M | CISCO_N9K_C9336C_FX2_V001, ViewLayer | Synchronizing object | PORT_NUMBER_28
Fra:1 Mem:157.83M (Peak 157.83M) | Time:00:00.07 | Mem:0.00M, Peak:0.00M | CISCO_N9K_C9336C_FX2_V001, ViewLayer | Synchronizing object | Fan1_blade_-1_3
Fra:1 Mem:157.83M (Peak 157.83M) | Time:00:00.07 | Mem:0.00M, Peak:0.00M | CISCO_N9K_C9336C_FX2_V001, ViewLayer | Synchronizing object | Fan1_blade_-1_4
Fra:1 Mem:157.83M (Peak 157.83M) | Time:00:00.07 | Mem:0.00M, Peak:0.00M | CISCO_N9K_C9336C_FX2_V001, ViewLayer | Synchronizing object | PORT_NUMBER_29
Fra:1 Mem:157.84M (Peak 157.84M) | Time:00:00.07 | Mem:0.00M, Peak:0.00M | CISCO_N9K_C9336C_FX2_V001, ViewLayer | Synchronizing object | Fan1_blade_-1_6
Fra:1 Mem:157.84M (Peak 157.84M) | Time:00:00.07 | Mem:0.00M, Peak:0.00M | CISCO_N9K_C9336C_FX2_V001, ViewLayer | Synchronizing object | Fan1_hub_1
Fra:1 Mem:157.84M (Peak 157.84M) | Time:00:00.07 | Mem:0.00M, Peak:0.00M | CISCO_N9K_C9336C_FX2_V001, ViewLayer | Synchronizing object | PORT_NUMBER_30
Fra:1 Mem:157.88M (Peak 157.88M) | Time:00:00.07 | Mem:0.00M, Peak:0.00M | CISCO_N9K_C9336C_FX2_V001, ViewLayer | Synchronizing object | PORT_NUMBER_31
Fra:1 Mem:157.89M (Peak 157.89M) | Time:00:00.07 | Mem:0.00M, Peak:0.00M | CISCO_N9K_C9336C_FX2_V001, ViewLayer | Synchronizing object | PORT_NUMBER_32
Fra:1 Mem:157.90M (Peak 157.90M) | Time:00:00.07 | Mem:0.00M, Peak:0.00M | CISCO_N9K_C9336C_FX2_V001, ViewLayer | Synchronizing object | Fan1_blade_1_0
Fra:1 Mem:157.90M (Peak 157.90M) | Time:00:00.07 | Mem:0.00M, Peak:0.00M | CISCO_N9K_C9336C_FX2_V001, ViewLayer | Synchronizing object | Fan1_blade_1_3
Fra:1 Mem:157.90M (Peak 157.90M) | Time:00:00.07 | Mem:0.00M, Peak:0.00M | CISCO_N9K_C9336C_FX2_V001, ViewLayer | Synchronizing object | PORT_NUMBER_33
Fra:1 Mem:157.90M (Peak 157.90M) | Time:00:00.07 | Mem:0.00M, Peak:0.00M | CISCO_N9K_C9336C_FX2_V001, ViewLayer | Synchronizing object | Fan1_blade_1_6
Fra:1 Mem:157.91M (Peak 157.91M) | Time:00:00.07 | Mem:0.00M, Peak:0.00M | CISCO_N9K_C9336C_FX2_V001, ViewLayer | Synchronizing object | PORT_NUMBER_34
Fra:1 Mem:157.91M (Peak 157.91M) | Time:00:00.07 | Mem:0.00M, Peak:0.00M | CISCO_N9K_C9336C_FX2_V001, ViewLayer | Synchronizing object | Fan1_top_retention_rail_1
Fra:1 Mem:157.92M (Peak 157.92M) | Time:00:00.07 | Mem:0.00M, Peak:0.00M | CISCO_N9K_C9336C_FX2_V001, ViewLayer | Synchronizing object | Fan1_front_frame
Fra:1 Mem:157.92M (Peak 157.92M) | Time:00:00.08 | Mem:0.00M, Peak:0.00M | CISCO_N9K_C9336C_FX2_V001, ViewLayer | Synchronizing object | Fan1_true_honeycomb_front_grille
Fra:1 Mem:158.32M (Peak 158.32M) | Time:00:00.08 | Mem:0.00M, Peak:0.00M | CISCO_N9K_C9336C_FX2_V001, ViewLayer | Synchronizing object | Fan1_molded_trapezoid_pull_handle
Fra:1 Mem:158.47M (Peak 158.47M) | Time:00:00.08 | Mem:0.00M, Peak:0.00M | CISCO_N9K_C9336C_FX2_V001, ViewLayer | Synchronizing object | PORT_NUMBER_35
Fra:1 Mem:158.48M (Peak 158.48M) | Time:00:00.08 | Mem:0.00M, Peak:0.00M | CISCO_N9K_C9336C_FX2_V001, ViewLayer | Synchronizing object | Fan1_latch_thumb_flare_-1
Fra:1 Mem:158.49M (Peak 158.49M) | Time:00:00.08 | Mem:0.00M, Peak:0.00M | CISCO_N9K_C9336C_FX2_V001, ViewLayer | Synchronizing object | Fan1_latch_grip_rib_-1_14
Fra:1 Mem:158.80M (Peak 158.80M) | Time:00:00.08 | Mem:0.00M, Peak:0.00M | CISCO_N9K_C9336C_FX2_V001, ViewLayer | Synchronizing object | Fan1_latch_grip_rib_-1_17
Fra:1 Mem:158.80M (Peak 158.80M) | Time:00:00.08 | Mem:0.00M, Peak:0.00M | CISCO_N9K_C9336C_FX2_V001, ViewLayer | Synchronizing object | Fan1_latch_grip_rib_-1_23
Fra:1 Mem:158.81M (Peak 158.81M) | Time:00:00.08 | Mem:0.00M, Peak:0.00M | CISCO_N9K_C9336C_FX2_V001, ViewLayer | Synchronizing object | Fan1_latch_grip_rib_-1_26
Fra:1 Mem:158.81M (Peak 158.81M) | Time:00:00.08 | Mem:0.00M, Peak:0.00M | CISCO_N9K_C9336C_FX2_V001, ViewLayer | Synchronizing object | Fan1_BLUE_release_latch_1
Fra:1 Mem:158.83M (Peak 158.83M) | Time:00:00.08 | Mem:0.00M, Peak:0.00M | CISCO_N9K_C9336C_FX2_V001, ViewLayer | Synchronizing object | Fan1_latch_thumb_flare_1
Fra:1 Mem:158.84M (Peak 158.84M) | Time:00:00.08 | Mem:0.00M, Peak:0.00M | CISCO_N9K_C9336C_FX2_V001, ViewLayer | Synchronizing object | Fan1_latch_grip_rib_1_17
Fra:1 Mem:158.84M (Peak 158.84M) | Time:00:00.08 | Mem:0.00M, Peak:0.00M | CISCO_N9K_C9336C_FX2_V001, ViewLayer | Synchronizing object | Fan1_latch_grip_rib_1_23
Fra:1 Mem:159.45M (Peak 159.45M) | Time:00:00.08 | Mem:0.00M, Peak:0.00M | CISCO_N9K_C9336C_FX2_V001, ViewLayer | Synchronizing object | Studio_shadow_floor
Fra:1 Mem:159.46M (Peak 159.46M) | Time:00:00.08 | Mem:0.00M, Peak:0.00M | CISCO_N9K_C9336C_FX2_V001, ViewLayer | Synchronizing object | Fan1_PID_label_recess
Fra:1 Mem:159.46M (Peak 159.46M) | Time:00:00.08 | Mem:0.00M, Peak:0.00M | CISCO_N9K_C9336C_FX2_V001, ViewLayer | Synchronizing object | Original_photo_top_chassis_label
Fra:1 Mem:159.46M (Peak 159.46M) | Time:00:00.08 | Mem:0.00M, Peak:0.00M | CISCO_N9K_C9336C_FX2_V001, ViewLayer | Synchronizing object | Fan1_flush_lock_pin_39
Fra:1 Mem:159.47M (Peak 159.47M) | Time:00:00.08 | Mem:0.00M, Peak:0.00M | CISCO_N9K_C9336C_FX2_V001, ViewLayer | Synchronizing object | Port_pair_18_direction_1
Fra:1 Mem:159.48M (Peak 159.48M) | Time:00:00.08 | Mem:0.00M, Peak:0.00M | CISCO_N9K_C9336C_FX2_V001, ViewLayer | Synchronizing object | Fan2_rotor_housing_-1
Fra:1 Mem:159.49M (Peak 159.49M) | Time:00:00.08 | Mem:0.00M, Peak:0.00M | CISCO_N9K_C9336C_FX2_V001, ViewLayer | Synchronizing object | Port_pair_18_direction_-1
Fra:1 Mem:159.49M (Peak 159.49M) | Time:00:00.08 | Mem:0.00M, Peak:0.00M | CISCO_N9K_C9336C_FX2_V001, ViewLayer | Synchronizing object | Port_pair_17_direction_1
Fra:1 Mem:159.50M (Peak 159.50M) | Time:00:00.08 | Mem:0.00M, Peak:0.00M | CISCO_N9K_C9336C_FX2_V001, ViewLayer | Synchronizing object | Fan2_hub_-1
Fra:1 Mem:159.50M (Peak 159.50M) | Time:00:00.08 | Mem:0.00M, Peak:0.00M | CISCO_N9K_C9336C_FX2_V001, ViewLayer | Synchronizing object | Fan2_blade_-1_1
Fra:1 Mem:159.51M (Peak 159.51M) | Time:00:00.08 | Mem:0.00M, Peak:0.00M | CISCO_N9K_C9336C_FX2_V001, ViewLayer | Synchronizing object | Fan2_blade_-1_2
Fra:1 Mem:159.66M (Peak 159.66M) | Time:00:00.08 | Mem:0.00M, Peak:0.00M | CISCO_N9K_C9336C_FX2_V001, ViewLayer | Synchronizing object | Port_pair_16_direction_1
Fra:1 Mem:159.66M (Peak 159.66M) | Time:00:00.08 | Mem:0.00M, Peak:0.00M | CISCO_N9K_C9336C_FX2_V001, ViewLayer | Synchronizing object | Fan2_blade_-1_6
Fra:1 Mem:159.66M (Peak 159.66M) | Time:00:00.08 | Mem:0.00M, Peak:0.00M | CISCO_N9K_C9336C_FX2_V001, ViewLayer | Synchronizing object | Fan2_top_retention_rail_-1
Fra:1 Mem:159.66M (Peak 159.66M) | Time:00:00.08 | Mem:0.00M, Peak:0.00M | CISCO_N9K_C9336C_FX2_V001, ViewLayer | Synchronizing object | Fan2_rear_power_contact_block_-1
Fra:1 Mem:159.68M (Peak 159.68M) | Time:00:00.08 | Mem:0.00M, Peak:0.00M | CISCO_N9K_C9336C_FX2_V001, ViewLayer | Synchronizing object | Fan2_rotor_housing_1
Fra:1 Mem:159.68M (Peak 159.68M) | Time:00:00.08 | Mem:0.00M, Peak:0.00M | CISCO_N9K_C9336C_FX2_V001, ViewLayer | Synchronizing object | Fan2_hub_1
Fra:1 Mem:159.68M (Peak 159.68M) | Time:00:00.08 | Mem:0.00M, Peak:0.00M | CISCO_N9K_C9336C_FX2_V001, ViewLayer | Synchronizing object | Fan2_blade_1_0
Fra:1 Mem:159.69M (Peak 159.69M) | Time:00:00.08 | Mem:0.00M, Peak:0.00M | CISCO_N9K_C9336C_FX2_V001, ViewLayer | Synchronizing object | Fan2_blade_1_1
Fra:1 Mem:159.69M (Peak 159.69M) | Time:00:00.08 | Mem:0.00M, Peak:0.00M | CISCO_N9K_C9336C_FX2_V001, ViewLayer | Synchronizing object | Fan2_blade_1_2
Fra:1 Mem:159.69M (Peak 159.69M) | Time:00:00.08 | Mem:0.00M, Peak:0.00M | CISCO_N9K_C9336C_FX2_V001, ViewLayer | Synchronizing object | Port_pair_16_direction_-1
Fra:1 Mem:159.69M (Peak 159.69M) | Time:00:00.08 | Mem:0.00M, Peak:0.00M | CISCO_N9K_C9336C_FX2_V001, ViewLayer | Synchronizing object | Fan2_blade_1_4
Fra:1 Mem:159.69M (Peak 159.69M) | Time:00:00.08 | Mem:0.00M, Peak:0.00M | CISCO_N9K_C9336C_FX2_V001, ViewLayer | Synchronizing object | Port_pair_15_direction_1
Fra:1 Mem:159.69M (Peak 159.69M) | Time:00:00.08 | Mem:0.00M, Peak:0.00M | CISCO_N9K_C9336C_FX2_V001, ViewLayer | Synchronizing object | Fan2_blade_1_6
Fra:1 Mem:159.69M (Peak 159.69M) | Time:00:00.08 | Mem:0.00M, Peak:0.00M | CISCO_N9K_C9336C_FX2_V001, ViewLayer | Synchronizing object | Fan2_top_retention_rail_1
Fra:1 Mem:159.70M (Peak 159.70M) | Time:00:00.08 | Mem:0.00M, Peak:0.00M | CISCO_N9K_C9336C_FX2_V001, ViewLayer | Synchronizing object | Fan2_front_frame
Fra:1 Mem:159.71M (Peak 159.71M) | Time:00:00.08 | Mem:0.00M, Peak:0.00M | CISCO_N9K_C9336C_FX2_V001, ViewLayer | Synchronizing object | Port_pair_15_direction_-1
Fra:1 Mem:159.71M (Peak 159.71M) | Time:00:00.08 | Mem:0.00M, Peak:0.00M | CISCO_N9K_C9336C_FX2_V001, ViewLayer | Synchronizing object | Port_pair_14_direction_1
Fra:1 Mem:159.72M (Peak 159.72M) | Time:00:00.08 | Mem:0.00M, Peak:0.00M | CISCO_N9K_C9336C_FX2_V001, ViewLayer | Synchronizing object | Fan2_molded_trapezoid_pull_handle
Fra:1 Mem:159.72M (Peak 159.72M) | Time:00:00.08 | Mem:0.00M, Peak:0.00M | CISCO_N9K_C9336C_FX2_V001, ViewLayer | Synchronizing object | Port_pair_13_direction_1
Fra:1 Mem:159.72M (Peak 159.72M) | Time:00:00.08 | Mem:0.00M, Peak:0.00M | CISCO_N9K_C9336C_FX2_V001, ViewLayer | Synchronizing object | Fan2_BLUE_release_latch_-1
Fra:1 Mem:159.74M (Peak 159.74M) | Time:00:00.08 | Mem:0.00M, Peak:0.00M | CISCO_N9K_C9336C_FX2_V001, ViewLayer | Synchronizing object | Port_pair_13_direction_-1
Fra:1 Mem:160.04M (Peak 160.04M) | Time:00:00.08 | Mem:0.00M, Peak:0.00M | CISCO_N9K_C9336C_FX2_V001, ViewLayer | Synchronizing object | Port_pair_12_direction_1
Fra:1 Mem:160.06M (Peak 160.06M) | Time:00:00.08 | Mem:0.00M, Peak:0.00M | CISCO_N9K_C9336C_FX2_V001, ViewLayer | Synchronizing object | Port_pair_12_direction_-1
Fra:1 Mem:160.06M (Peak 160.06M) | Time:00:00.08 | Mem:0.00M, Peak:0.00M | CISCO_N9K_C9336C_FX2_V001, ViewLayer | Synchronizing object | Fan2_latch_thumb_flare_-1
Fra:1 Mem:160.06M (Peak 160.06M) | Time:00:00.08 | Mem:0.00M, Peak:0.00M | CISCO_N9K_C9336C_FX2_V001, ViewLayer | Synchronizing object | Port_pair_11_direction_1
Fra:1 Mem:160.07M (Peak 160.07M) | Time:00:00.08 | Mem:0.00M, Peak:0.00M | CISCO_N9K_C9336C_FX2_V001, ViewLayer | Synchronizing object | Port_pair_11_direction_-1
Fra:1 Mem:160.16M (Peak 160.16M) | Time:00:00.08 | Mem:0.00M, Peak:0.00M | CISCO_N9K_C9336C_FX2_V001, ViewLayer | Synchronizing object | Port_pair_10_direction_1
Fra:1 Mem:160.16M (Peak 160.16M) | Time:00:00.08 | Mem:0.00M, Peak:0.00M | CISCO_N9K_C9336C_FX2_V001, ViewLayer | Synchronizing object | Port_pair_10_direction_-1
Fra:1 Mem:160.16M (Peak 160.16M) | Time:00:00.08 | Mem:0.00M, Peak:0.00M | CISCO_N9K_C9336C_FX2_V001, ViewLayer | Synchronizing object | Port_pair_9_direction_1
Fra:1 Mem:160.26M (Peak 160.26M) | Time:00:00.08 | Mem:0.00M, Peak:0.00M | CISCO_N9K_C9336C_FX2_V001, ViewLayer | Synchronizing object | Port_pair_9_direction_-1
Fra:1 Mem:160.26M (Peak 160.26M) | Time:00:00.08 | Mem:0.00M, Peak:0.00M | CISCO_N9K_C9336C_FX2_V001, ViewLayer | Synchronizing object | Port_pair_8_direction_1
Fra:1 Mem:160.26M (Peak 160.26M) | Time:00:00.08 | Mem:0.00M, Peak:0.00M | CISCO_N9K_C9336C_FX2_V001, ViewLayer | Synchronizing object | Port_pair_8_direction_-1
Fra:1 Mem:160.26M (Peak 160.26M) | Time:00:00.08 | Mem:0.00M, Peak:0.00M | CISCO_N9K_C9336C_FX2_V001, ViewLayer | Synchronizing object | Port_pair_7_direction_1
Fra:1 Mem:160.26M (Peak 160.26M) | Time:00:00.08 | Mem:0.00M, Peak:0.00M | CISCO_N9K_C9336C_FX2_V001, ViewLayer | Synchronizing object | Port_pair_7_direction_-1
Fra:1 Mem:160.26M (Peak 160.26M) | Time:00:00.08 | Mem:0.00M, Peak:0.00M | CISCO_N9K_C9336C_FX2_V001, ViewLayer | Synchronizing object | Port_pair_6_direction_1
Fra:1 Mem:160.26M (Peak 160.26M) | Time:00:00.08 | Mem:0.00M, Peak:0.00M | CISCO_N9K_C9336C_FX2_V001, ViewLayer | Synchronizing object | Port_pair_6_direction_-1
Fra:1 Mem:160.57M (Peak 160.57M) | Time:00:00.08 | Mem:0.00M, Peak:0.00M | CISCO_N9K_C9336C_FX2_V001, ViewLayer | Synchronizing object | Port_pair_5_direction_1
Fra:1 Mem:160.57M (Peak 160.57M) | Time:00:00.08 | Mem:0.00M, Peak:0.00M | CISCO_N9K_C9336C_FX2_V001, ViewLayer | Synchronizing object | Port_pair_5_direction_-1
Fra:1 Mem:160.57M (Peak 160.57M) | Time:00:00.08 | Mem:0.00M, Peak:0.00M | CISCO_N9K_C9336C_FX2_V001, ViewLayer | Synchronizing object | Port_pair_4_direction_1
Fra:1 Mem:160.57M (Peak 160.57M) | Time:00:00.08 | Mem:0.00M, Peak:0.00M | CISCO_N9K_C9336C_FX2_V001, ViewLayer | Synchronizing object | Port_pair_4_direction_-1
Fra:1 Mem:160.57M (Peak 160.57M) | Time:00:00.08 | Mem:0.00M, Peak:0.00M | CISCO_N9K_C9336C_FX2_V001, ViewLayer | Synchronizing object | Port_pair_3_direction_1
Fra:1 Mem:160.57M (Peak 160.57M) | Time:00:00.08 | Mem:0.00M, Peak:0.00M | CISCO_N9K_C9336C_FX2_V001, ViewLayer | Synchronizing object | Port_pair_3_direction_-1
Fra:1 Mem:160.57M (Peak 160.57M) | Time:00:00.08 | Mem:0.00M, Peak:0.00M | CISCO_N9K_C9336C_FX2_V001, ViewLayer | Synchronizing object | Port_pair_2_direction_1
Fra:1 Mem:160.57M (Peak 160.57M) | Time:00:00.08 | Mem:0.00M, Peak:0.00M | CISCO_N9K_C9336C_FX2_V001, ViewLayer | Synchronizing object | Port_pair_2_direction_-1
Fra:1 Mem:160.57M (Peak 160.57M) | Time:00:00.08 | Mem:0.00M, Peak:0.00M | CISCO_N9K_C9336C_FX2_V001, ViewLayer | Synchronizing object | Port_pair_1_direction_1
Fra:1 Mem:160.57M (Peak 160.57M) | Time:00:00.08 | Mem:0.00M, Peak:0.00M | CISCO_N9K_C9336C_FX2_V001, ViewLayer | Synchronizing object | Port_pair_1_direction_-1
Fra:1 Mem:160.57M (Peak 160.57M) | Time:00:00.08 | Mem:0.00M, Peak:0.00M | CISCO_N9K_C9336C_FX2_V001, ViewLayer | Synchronizing object | Cisco_bridge_bar_9
Fra:1 Mem:161.18M (Peak 161.18M) | Time:00:00.08 | Mem:0.00M, Peak:0.00M | CISCO_N9K_C9336C_FX2_V001, ViewLayer | Synchronizing object | Cisco_bridge_bar_8
Fra:1 Mem:161.18M (Peak 161.18M) | Time:00:00.08 | Mem:0.00M, Peak:0.00M | CISCO_N9K_C9336C_FX2_V001, ViewLayer | Synchronizing object | Cisco_bridge_bar_7
Fra:1 Mem:161.18M (Peak 161.18M) | Time:00:00.08 | Mem:0.00M, Peak:0.00M | CISCO_N9K_C9336C_FX2_V001, ViewLayer | Synchronizing object | Cisco_bridge_bar_6
Fra:1 Mem:161.19M (Peak 161.19M) | Time:00:00.08 | Mem:0.00M, Peak:0.00M | CISCO_N9K_C9336C_FX2_V001, ViewLayer | Synchronizing object | Cisco_bridge_bar_5
Fra:1 Mem:161.19M (Peak 161.19M) | Time:00:00.08 | Mem:0.00M, Peak:0.00M | CISCO_N9K_C9336C_FX2_V001, ViewLayer | Synchronizing object | Cisco_bridge_bar_4
Fra:1 Mem:161.19M (Peak 161.19M) | Time:00:00.08 | Mem:0.00M, Peak:0.00M | CISCO_N9K_C9336C_FX2_V001, ViewLayer | Synchronizing object | Cisco_bridge_bar_3
Fra:1 Mem:161.20M (Peak 161.20M) | Time:00:00.08 | Mem:0.00M, Peak:0.00M | CISCO_N9K_C9336C_FX2_V001, ViewLayer | Synchronizing object | Cisco_bridge_bar_2
Fra:1 Mem:161.20M (Peak 161.20M) | Time:00:00.08 | Mem:0.00M, Peak:0.00M | CISCO_N9K_C9336C_FX2_V001, ViewLayer | Synchronizing object | Cisco_bridge_bar_1
Fra:1 Mem:161.21M (Peak 161.21M) | Time:00:00.08 | Mem:0.00M, Peak:0.00M | CISCO_N9K_C9336C_FX2_V001, ViewLayer | Synchronizing object | LS_selector_metal_button
Fra:1 Mem:161.40M (Peak 161.40M) | Time:00:00.08 | Mem:0.00M, Peak:0.00M | CISCO_N9K_C9336C_FX2_V001, ViewLayer | Synchronizing object | LS_selector_black_surround
Fra:1 Mem:161.41M (Peak 161.41M) | Time:00:00.08 | Mem:0.00M, Peak:0.00M | CISCO_N9K_C9336C_FX2_V001, ViewLayer | Synchronizing object | FRONT_4_unpowered_lens
Fra:1 Mem:161.41M (Peak 161.41M) | Time:00:00.08 | Mem:0.00M, Peak:0.00M | CISCO_N9K_C9336C_FX2_V001, ViewLayer | Synchronizing object | FRONT_3_unpowered_lens
Fra:1 Mem:161.42M (Peak 161.42M) | Time:00:00.08 | Mem:0.00M, Peak:0.00M | CISCO_N9K_C9336C_FX2_V001, ViewLayer | Synchronizing object | FRONT_2_unpowered_lens
Fra:1 Mem:161.42M (Peak 161.42M) | Time:00:00.08 | Mem:0.00M, Peak:0.00M | CISCO_N9K_C9336C_FX2_V001, ViewLayer | Synchronizing object | FRONT_1_unpowered_lens
Fra:1 Mem:161.43M (Peak 161.43M) | Time:00:00.08 | Mem:0.00M, Peak:0.00M | CISCO_N9K_C9336C_FX2_V001, ViewLayer | Synchronizing object | FRONT_ENV_unpowered_lens
Fra:1 Mem:161.43M (Peak 161.43M) | Time:00:00.08 | Mem:0.00M, Peak:0.00M | CISCO_N9K_C9336C_FX2_V001, ViewLayer | Synchronizing object | FRONT_STS_unpowered_lens
Fra:1 Mem:161.44M (Peak 161.44M) | Time:00:00.08 | Mem:0.00M, Peak:0.00M | CISCO_N9K_C9336C_FX2_V001, ViewLayer | Synchronizing object | FRONT_BCN_unpowered_lens
Fra:1 Mem:161.44M (Peak 161.44M) | Time:00:00.08 | Mem:0.00M, Peak:0.00M | CISCO_N9K_C9336C_FX2_V001, ViewLayer | Synchronizing object | USB_symbol_branch_B
Fra:1 Mem:161.44M (Peak 161.44M) | Time:00:00.08 | Mem:0.00M, Peak:0.00M | CISCO_N9K_C9336C_FX2_V001, ViewLayer | Synchronizing object | USB_symbol_branch_A
Fra:1 Mem:161.44M (Peak 161.44M) | Time:00:00.08 | Mem:0.00M, Peak:0.00M | CISCO_N9K_C9336C_FX2_V001, ViewLayer | Synchronizing object | USB_symbol_stem
Fra:1 Mem:161.44M (Peak 161.44M) | Time:00:00.08 | Mem:0.00M, Peak:0.00M | CISCO_N9K_C9336C_FX2_V001, ViewLayer | Synchronizing object | Console_terminal_symbol
Fra:1 Mem:161.45M (Peak 161.45M) | Time:00:00.08 | Mem:0.00M, Peak:0.00M | CISCO_N9K_C9336C_FX2_V001, ViewLayer | Synchronizing object | SFP_management_symbol_line.003
Fra:1 Mem:161.45M (Peak 161.45M) | Time:00:00.08 | Mem:0.00M, Peak:0.00M | CISCO_N9K_C9336C_FX2_V001, ViewLayer | Synchronizing object | SFP_management_symbol_line.002
Fra:1 Mem:161.45M (Peak 161.45M) | Time:00:00.08 | Mem:0.00M, Peak:0.00M | CISCO_N9K_C9336C_FX2_V001, ViewLayer | Synchronizing object | SFP_management_symbol_line.001
Fra:1 Mem:161.45M (Peak 161.45M) | Time:00:00.08 | Mem:0.00M, Peak:0.00M | CISCO_N9K_C9336C_FX2_V001, ViewLayer | Synchronizing object | SFP_management_symbol_line
Fra:1 Mem:161.45M (Peak 161.45M) | Time:00:00.08 | Mem:0.00M, Peak:0.00M | CISCO_N9K_C9336C_FX2_V001, ViewLayer | Synchronizing object | SFP_management_symbol_node_1.25
Fra:1 Mem:161.46M (Peak 161.46M) | Time:00:00.08 | Mem:0.00M, Peak:0.00M | CISCO_N9K_C9336C_FX2_V001, ViewLayer | Synchronizing object | SFP_management_symbol_node_-1.25
Fra:1 Mem:161.46M (Peak 161.46M) | Time:00:00.08 | Mem:0.00M, Peak:0.00M | CISCO_N9K_C9336C_FX2_V001, ViewLayer | Synchronizing object | SFP_management_symbol_node_0
Fra:1 Mem:161.47M (Peak 161.47M) | Time:00:00.08 | Mem:0.00M, Peak:0.00M | CISCO_N9K_C9336C_FX2_V001, ViewLayer | Synchronizing object | RJ45_management_symbol_line.003
Fra:1 Mem:161.47M (Peak 161.47M) | Time:00:00.08 | Mem:0.00M, Peak:0.00M | CISCO_N9K_C9336C_FX2_V001, ViewLayer | Synchronizing object | RJ45_management_symbol_line.002
Fra:1 Mem:161.47M (Peak 161.47M) | Time:00:00.08 | Mem:0.00M, Peak:0.00M | CISCO_N9K_C9336C_FX2_V001, ViewLayer | Synchronizing object | RJ45_management_symbol_line.001
Fra:1 Mem:161.47M (Peak 161.47M) | Time:00:00.08 | Mem:0.00M, Peak:0.00M | CISCO_N9K_C9336C_FX2_V001, ViewLayer | Synchronizing object | RJ45_management_symbol_line
Fra:1 Mem:161.47M (Peak 161.47M) | Time:00:00.08 | Mem:0.00M, Peak:0.00M | CISCO_N9K_C9336C_FX2_V001, ViewLayer | Synchronizing object | RJ45_management_symbol_node_1.25
Fra:1 Mem:161.48M (Peak 161.48M) | Time:00:00.08 | Mem:0.00M, Peak:0.00M | CISCO_N9K_C9336C_FX2_V001, ViewLayer | Synchronizing object | RJ45_management_symbol_node_-1.25
Fra:1 Mem:161.48M (Peak 161.48M) | Time:00:00.08 | Mem:0.00M, Peak:0.00M | CISCO_N9K_C9336C_FX2_V001, ViewLayer | Synchronizing object | RJ45_management_symbol_node_0
Fra:1 Mem:161.49M (Peak 161.49M) | Time:00:00.08 | Mem:0.00M, Peak:0.00M | CISCO_N9K_C9336C_FX2_V001, ViewLayer | Synchronizing object | Rear_service_retention_screw
Fra:1 Mem:161.51M (Peak 161.51M) | Time:00:00.08 | Mem:0.00M, Peak:0.00M | CISCO_N9K_C9336C_FX2_V001, ViewLayer | Synchronizing object | REAR_STS_unpowered_indicator
Fra:1 Mem:161.51M (Peak 161.51M) | Time:00:00.08 | Mem:0.00M, Peak:0.00M | CISCO_N9K_C9336C_FX2_V001, ViewLayer | Synchronizing object | REAR_BCN_unpowered_indicator
Fra:1 Mem:161.52M (Peak 161.52M) | Time:00:00.08 | Mem:0.00M, Peak:0.00M | CISCO_N9K_C9336C_FX2_V001, ViewLayer | Synchronizing object | USB_A_contact_3
Fra:1 Mem:161.52M (Peak 161.52M) | Time:00:00.08 | Mem:0.00M, Peak:0.00M | CISCO_N9K_C9336C_FX2_V001, ViewLayer | Synchronizing object | USB_A_contact_2
Fra:1 Mem:161.53M (Peak 161.53M) | Time:00:00.08 | Mem:0.00M, Peak:0.00M | CISCO_N9K_C9336C_FX2_V001, ViewLayer | Synchronizing object | USB_A_contact_1
Fra:1 Mem:161.53M (Peak 161.53M) | Time:00:00.08 | Mem:0.00M, Peak:0.00M | CISCO_N9K_C9336C_FX2_V001, ViewLayer | Synchronizing object | USB_A_contact_0
Fra:1 Mem:161.53M (Peak 161.53M) | Time:00:00.08 | Mem:0.00M, Peak:0.00M | CISCO_N9K_C9336C_FX2_V001, ViewLayer | Synchronizing object | USB_A_black_tongue
Fra:1 Mem:161.54M (Peak 161.54M) | Time:00:00.08 | Mem:0.00M, Peak:0.00M | CISCO_N9K_C9336C_FX2_V001, ViewLayer | Synchronizing object | USB_A_deep_stop
Fra:1 Mem:161.54M (Peak 161.54M) | Time:00:00.08 | Mem:0.00M, Peak:0.00M | CISCO_N9K_C9336C_FX2_V001, ViewLayer | Synchronizing object | USB_A_metal_shell
Fra:1 Mem:161.56M (Peak 161.56M) | Time:00:00.08 | Mem:0.00M, Peak:0.00M | CISCO_N9K_C9336C_FX2_V001, ViewLayer | Synchronizing object | Fan2_latch_grip_rib_-1_14
Fra:1 Mem:161.56M (Peak 161.56M) | Time:00:00.08 | Mem:0.00M, Peak:0.00M | CISCO_N9K_C9336C_FX2_V001, ViewLayer | Synchronizing object | Mgmt_SFP_contact_9
Fra:1 Mem:161.56M (Peak 161.56M) | Time:00:00.08 | Mem:0.00M, Peak:0.00M | CISCO_N9K_C9336C_FX2_V001, ViewLayer | Synchronizing object | Mgmt_SFP_contact_8
Fra:1 Mem:161.56M (Peak 161.56M) | Time:00:00.08 | Mem:0.00M, Peak:0.00M | CISCO_N9K_C9336C_FX2_V001, ViewLayer | Synchronizing object | Mgmt_SFP_contact_7
Fra:1 Mem:161.56M (Peak 161.56M) | Time:00:00.08 | Mem:0.00M, Peak:0.00M | CISCO_N9K_C9336C_FX2_V001, ViewLayer | Synchronizing object | Mgmt_SFP_contact_6
Fra:1 Mem:161.56M (Peak 161.56M) | Time:00:00.08 | Mem:0.00M, Peak:0.00M | CISCO_N9K_C9336C_FX2_V001, ViewLayer | Synchronizing object | Mgmt_SFP_contact_5
Fra:1 Mem:161.56M (Peak 161.56M) | Time:00:00.08 | Mem:0.00M, Peak:0.00M | CISCO_N9K_C9336C_FX2_V001, ViewLayer | Synchronizing object | Mgmt_SFP_contact_4
Fra:1 Mem:161.57M (Peak 161.57M) | Time:00:00.08 | Mem:0.00M, Peak:0.00M | CISCO_N9K_C9336C_FX2_V001, ViewLayer | Synchronizing object | Mgmt_SFP_contact_3
Fra:1 Mem:161.57M (Peak 161.57M) | Time:00:00.08 | Mem:0.00M, Peak:0.00M | CISCO_N9K_C9336C_FX2_V001, ViewLayer | Synchronizing object | Mgmt_SFP_contact_2
Fra:1 Mem:161.57M (Peak 161.57M) | Time:00:00.08 | Mem:0.00M, Peak:0.00M | CISCO_N9K_C9336C_FX2_V001, ViewLayer | Synchronizing object | Mgmt_SFP_contact_1
Fra:1 Mem:161.57M (Peak 161.57M) | Time:00:00.08 | Mem:0.00M, Peak:0.00M | CISCO_N9K_C9336C_FX2_V001, ViewLayer | Synchronizing object | Mgmt_SFP_contact_0
Fra:1 Mem:161.57M (Peak 161.57M) | Time:00:00.08 | Mem:0.00M, Peak:0.00M | CISCO_N9K_C9336C_FX2_V001, ViewLayer | Synchronizing object | Mgmt_SFP_guide_5.8
Fra:1 Mem:161.58M (Peak 161.58M) | Time:00:00.08 | Mem:0.00M, Peak:0.00M | CISCO_N9K_C9336C_FX2_V001, ViewLayer | Synchronizing object | Mgmt_SFP_guide_-5.8
Fra:1 Mem:161.59M (Peak 161.59M) | Time:00:00.08 | Mem:0.00M, Peak:0.00M | CISCO_N9K_C9336C_FX2_V001, ViewLayer | Synchronizing object | Mgmt_SFP_recessed_connector_stop
Fra:1 Mem:161.59M (Peak 161.59M) | Time:00:00.08 | Mem:0.00M, Peak:0.00M | CISCO_N9K_C9336C_FX2_V001, ViewLayer | Synchronizing object | Mgmt_SFP_deep_metal_cage
Fra:1 Mem:161.61M (Peak 161.61M) | Time:00:00.08 | Mem:0.00M, Peak:0.00M | CISCO_N9K_C9336C_FX2_V001, ViewLayer | Synchronizing object | MANAGEMENT_RJ45_unpowered_corner_LED_5.6
Fra:1 Mem:161.62M (Peak 161.62M) | Time:00:00.08 | Mem:0.00M, Peak:0.00M | CISCO_N9K_C9336C_FX2_V001, ViewLayer | Synchronizing object | MANAGEMENT_RJ45_unpowered_corner_LED_-5.6
Fra:1 Mem:161.62M (Peak 161.62M) | Time:00:00.08 | Mem:0.00M, Peak:0.00M | CISCO_N9K_C9336C_FX2_V001, ViewLayer | Synchronizing object | MANAGEMENT_RJ45_contact_7
Fra:1 Mem:161.63M (Peak 161.63M) | Time:00:00.08 | Mem:0.00M, Peak:0.00M | CISCO_N9K_C9336C_FX2_V001, ViewLayer | Synchronizing object | MANAGEMENT_RJ45_contact_6
Fra:1 Mem:161.63M (Peak 161.63M) | Time:00:00.08 | Mem:0.00M, Peak:0.00M | CISCO_N9K_C9336C_FX2_V001, ViewLayer | Synchronizing object | MANAGEMENT_RJ45_contact_5
Fra:1 Mem:161.63M (Peak 161.63M) | Time:00:00.08 | Mem:0.00M, Peak:0.00M | CISCO_N9K_C9336C_FX2_V001, ViewLayer | Synchronizing object | MANAGEMENT_RJ45_contact_4
Fra:1 Mem:161.64M (Peak 161.64M) | Time:00:00.08 | Mem:0.00M, Peak:0.00M | CISCO_N9K_C9336C_FX2_V001, ViewLayer | Synchronizing object | MANAGEMENT_RJ45_contact_3
Fra:1 Mem:161.64M (Peak 161.64M) | Time:00:00.08 | Mem:0.00M, Peak:0.00M | CISCO_N9K_C9336C_FX2_V001, ViewLayer | Synchronizing object | MANAGEMENT_RJ45_contact_2
Fra:1 Mem:161.65M (Peak 161.65M) | Time:00:00.08 | Mem:0.00M, Peak:0.00M | CISCO_N9K_C9336C_FX2_V001, ViewLayer | Synchronizing object | MANAGEMENT_RJ45_contact_1
Fra:1 Mem:161.65M (Peak 161.65M) | Time:00:00.08 | Mem:0.00M, Peak:0.00M | CISCO_N9K_C9336C_FX2_V001, ViewLayer | Synchronizing object | MANAGEMENT_RJ45_contact_0
Fra:1 Mem:161.66M (Peak 161.66M) | Time:00:00.08 | Mem:0.00M, Peak:0.00M | CISCO_N9K_C9336C_FX2_V001, ViewLayer | Synchronizing object | MANAGEMENT_RJ45_deep_connector_stop
Fra:1 Mem:161.66M (Peak 161.66M) | Time:00:00.08 | Mem:0.00M, Peak:0.00M | CISCO_N9K_C9336C_FX2_V001, ViewLayer | Synchronizing object | MANAGEMENT_RJ45_keyed_plastic_body
Fra:1 Mem:161.66M (Peak 161.66M) | Time:00:00.08 | Mem:0.00M, Peak:0.00M | CISCO_N9K_C9336C_FX2_V001, ViewLayer | Synchronizing object | MANAGEMENT_RJ45_metal_shield
Fra:1 Mem:161.68M (Peak 161.68M) | Time:00:00.08 | Mem:0.00M, Peak:0.00M | CISCO_N9K_C9336C_FX2_V001, ViewLayer | Synchronizing object | Fan2_latch_grip_rib_-1_17
Fra:1 Mem:170.73M (Peak 170.73M) | Time:00:00.08 | Mem:0.00M, Peak:0.00M | CISCO_N9K_C9336C_FX2_V001, ViewLayer | Synchronizing object | CONSOLE_RJ45_unpowered_corner_LED_5.6
Fra:1 Mem:170.73M (Peak 170.73M) | Time:00:00.08 | Mem:0.00M, Peak:0.00M | CISCO_N9K_C9336C_FX2_V001, ViewLayer | Synchronizing object | CONSOLE_RJ45_unpowered_corner_LED_-5.6
Fra:1 Mem:170.74M (Peak 170.74M) | Time:00:00.08 | Mem:0.00M, Peak:0.00M | CISCO_N9K_C9336C_FX2_V001, ViewLayer | Synchronizing object | CONSOLE_RJ45_contact_7
Fra:1 Mem:170.74M (Peak 170.74M) | Time:00:00.08 | Mem:0.00M, Peak:0.00M | CISCO_N9K_C9336C_FX2_V001, ViewLayer | Synchronizing object | CONSOLE_RJ45_contact_6
Fra:1 Mem:170.74M (Peak 170.74M) | Time:00:00.08 | Mem:0.00M, Peak:0.00M | CISCO_N9K_C9336C_FX2_V001, ViewLayer | Synchronizing object | CONSOLE_RJ45_contact_5
Fra:1 Mem:170.75M (Peak 170.75M) | Time:00:00.08 | Mem:0.00M, Peak:0.00M | CISCO_N9K_C9336C_FX2_V001, ViewLayer | Synchronizing object | CONSOLE_RJ45_contact_4
Fra:1 Mem:170.75M (Peak 170.75M) | Time:00:00.08 | Mem:0.00M, Peak:0.00M | CISCO_N9K_C9336C_FX2_V001, ViewLayer | Synchronizing object | CONSOLE_RJ45_contact_3
Fra:1 Mem:170.76M (Peak 170.76M) | Time:00:00.08 | Mem:0.00M, Peak:0.00M | CISCO_N9K_C9336C_FX2_V001, ViewLayer | Synchronizing object | CONSOLE_RJ45_contact_2
Fra:1 Mem:170.76M (Peak 170.76M) | Time:00:00.08 | Mem:0.00M, Peak:0.00M | CISCO_N9K_C9336C_FX2_V001, ViewLayer | Synchronizing object | CONSOLE_RJ45_contact_1
Fra:1 Mem:170.77M (Peak 170.77M) | Time:00:00.08 | Mem:0.00M, Peak:0.00M | CISCO_N9K_C9336C_FX2_V001, ViewLayer | Synchronizing object | CONSOLE_RJ45_contact_0
Fra:1 Mem:170.77M (Peak 170.77M) | Time:00:00.08 | Mem:0.00M, Peak:0.00M | CISCO_N9K_C9336C_FX2_V001, ViewLayer | Synchronizing object | CONSOLE_RJ45_deep_connector_stop
Fra:1 Mem:170.77M (Peak 170.77M) | Time:00:00.08 | Mem:0.00M, Peak:0.00M | CISCO_N9K_C9336C_FX2_V001, ViewLayer | Synchronizing object | CONSOLE_RJ45_keyed_plastic_body
Fra:1 Mem:170.77M (Peak 170.77M) | Time:00:00.08 | Mem:0.00M, Peak:0.00M | CISCO_N9K_C9336C_FX2_V001, ViewLayer | Synchronizing object | CONSOLE_RJ45_metal_shield
Fra:1 Mem:170.79M (Peak 170.79M) | Time:00:00.08 | Mem:0.00M, Peak:0.00M | CISCO_N9K_C9336C_FX2_V001, ViewLayer | Synchronizing object | Rear_service_panel_true_apertures
Fra:1 Mem:170.82M (Peak 170.82M) | Time:00:00.08 | Mem:0.00M, Peak:0.00M | CISCO_N9K_C9336C_FX2_V001, ViewLayer | Synchronizing object | PSU2_face_screw_24.5_39.3
Fra:1 Mem:170.84M (Peak 170.84M) | Time:00:00.08 | Mem:0.00M, Peak:0.00M | CISCO_N9K_C9336C_FX2_V001, ViewLayer | Synchronizing object | PSU2_face_screw_24.5_4.1
Fra:1 Mem:170.85M (Peak 170.85M) | Time:00:00.08 | Mem:0.00M, Peak:0.00M | CISCO_N9K_C9336C_FX2_V001, ViewLayer | Synchronizing object | PSU2_face_screw_-24.5_39.3
Fra:1 Mem:170.87M (Peak 170.87M) | Time:00:00.08 | Mem:0.00M, Peak:0.00M | CISCO_N9K_C9336C_FX2_V001, ViewLayer | Synchronizing object | PSU2_face_screw_-24.5_4.1
Fra:1 Mem:170.89M (Peak 170.89M) | Time:00:00.08 | Mem:0.00M, Peak:0.00M | CISCO_N9K_C9336C_FX2_V001, ViewLayer | Synchronizing object | Fan2_latch_grip_rib_-1_20
Fra:1 Mem:170.89M (Peak 170.89M) | Time:00:00.08 | Mem:0.00M, Peak:0.00M | CISCO_N9K_C9336C_FX2_V001, ViewLayer | Synchronizing object | PSU2_unpowered_LED_32.6
Fra:1 Mem:170.90M (Peak 170.90M) | Time:00:00.08 | Mem:0.00M, Peak:0.00M | CISCO_N9K_C9336C_FX2_V001, ViewLayer | Synchronizing object | PSU2_unpowered_LED_36.8
Fra:1 Mem:170.90M (Peak 170.90M) | Time:00:00.08 | Mem:0.00M, Peak:0.00M | CISCO_N9K_C9336C_FX2_V001, ViewLayer | Synchronizing object | PSU2_retainer_rib_315.4
Fra:1 Mem:170.91M (Peak 170.91M) | Time:00:00.08 | Mem:0.00M, Peak:0.00M | CISCO_N9K_C9336C_FX2_V001, ViewLayer | Synchronizing object | PSU2_retainer_rib_313.2
Fra:1 Mem:170.91M (Peak 170.91M) | Time:00:00.08 | Mem:0.00M, Peak:0.00M | CISCO_N9K_C9336C_FX2_V001, ViewLayer | Synchronizing object | PSU2_retainer_rib_311
Fra:1 Mem:170.92M (Peak 170.92M) | Time:00:00.08 | Mem:0.00M, Peak:0.00M | CISCO_N9K_C9336C_FX2_V001, ViewLayer | Synchronizing object | PSU2_retainer_rib_308.8
Fra:1 Mem:170.92M (Peak 170.92M) | Time:00:00.08 | Mem:0.00M, Peak:0.00M | CISCO_N9K_C9336C_FX2_V001, ViewLayer | Synchronizing object | PSU2_retainer_rib_306.6
Fra:1 Mem:170.92M (Peak 170.92M) | Time:00:00.08 | Mem:0.00M, Peak:0.00M | CISCO_N9K_C9336C_FX2_V001, ViewLayer | Synchronizing object | PSU2_retainer_rib_304.4
Fra:1 Mem:170.93M (Peak 170.93M) | Time:00:00.08 | Mem:0.00M, Peak:0.00M | CISCO_N9K_C9336C_FX2_V001, ViewLayer | Synchronizing object | PSU2_retainer_rib_302.2
Fra:1 Mem:170.93M (Peak 170.93M) | Time:00:00.08 | Mem:0.00M, Peak:0.00M | CISCO_N9K_C9336C_FX2_V001, ViewLayer | Synchronizing object | PSU2_retainer_rib_300
Fra:1 Mem:170.94M (Peak 170.94M) | Time:00:00.08 | Mem:0.00M, Peak:0.00M | CISCO_N9K_C9336C_FX2_V001, ViewLayer | Synchronizing object | PSU2_stowed_nylon_retention_loop
Fra:1 Mem:170.94M (Peak 170.94M) | Time:00:00.08 | Mem:0.00M, Peak:0.00M | CISCO_N9K_C9336C_FX2_V001, ViewLayer | Synchronizing object | PSU2_cord_retainer_anchor
Fra:1 Mem:170.95M (Peak 170.95M) | Time:00:00.08 | Mem:0.00M, Peak:0.00M | CISCO_N9K_C9336C_FX2_V001, ViewLayer | Synchronizing object | PSU2_BLUE_release_latch
Fra:1 Mem:170.95M (Peak 170.95M) | Time:00:00.08 | Mem:0.00M, Peak:0.00M | CISCO_N9K_C9336C_FX2_V001, ViewLayer | Synchronizing object | PSU2_silver_U_pull_handle
Fra:1 Mem:170.96M (Peak 170.96M) | Time:00:00.08 | Mem:0.00M, Peak:0.00M | CISCO_N9K_C9336C_FX2_V001, ViewLayer | Synchronizing object | Fan2_latch_grip_rib_-1_26
Fra:1 Mem:170.98M (Peak 170.98M) | Time:00:00.08 | Mem:0.00M, Peak:0.00M | CISCO_N9K_C9336C_FX2_V001, ViewLayer | Synchronizing object | Fan2_BLUE_release_latch_1
Fra:1 Mem:170.98M (Peak 170.98M) | Time:00:00.08 | Mem:0.00M, Peak:0.00M | CISCO_N9K_C9336C_FX2_V001, ViewLayer | Synchronizing object | Fan2_latch_thumb_flare_1
Fra:1 Mem:170.99M (Peak 170.99M) | Time:00:00.08 | Mem:0.00M, Peak:0.00M | CISCO_N9K_C9336C_FX2_V001, ViewLayer | Synchronizing object | Fan2_latch_grip_rib_1_20
Fra:1 Mem:171.00M (Peak 171.00M) | Time:00:00.08 | Mem:0.00M, Peak:0.00M | CISCO_N9K_C9336C_FX2_V001, ViewLayer | Synchronizing object | Fan2_PID_label_recess
Fra:1 Mem:171.00M (Peak 171.00M) | Time:00:00.08 | Mem:0.00M, Peak:0.00M | CISCO_N9K_C9336C_FX2_V001, ViewLayer | Synchronizing object | Fan2_flush_lock_pin_-39
Fra:1 Mem:171.01M (Peak 171.01M) | Time:00:00.08 | Mem:0.00M, Peak:0.00M | CISCO_N9K_C9336C_FX2_V001, ViewLayer | Synchronizing object | PSU2_IEC_pin_2
Fra:1 Mem:171.01M (Peak 171.01M) | Time:00:00.08 | Mem:0.00M, Peak:0.00M | CISCO_N9K_C9336C_FX2_V001, ViewLayer | Synchronizing object | Fan2_flush_lock_pin_39
Fra:1 Mem:171.05M (Peak 171.05M) | Time:00:00.08 | Mem:0.00M, Peak:0.00M | CISCO_N9K_C9336C_FX2_V001, ViewLayer | Synchronizing object | Fan3_rotor_housing_-1
Fra:1 Mem:171.06M (Peak 171.06M) | Time:00:00.08 | Mem:0.00M, Peak:0.00M | CISCO_N9K_C9336C_FX2_V001, ViewLayer | Synchronizing object | PSU2_IEC_pin_1
Fra:1 Mem:171.07M (Peak 171.07M) | Time:00:00.08 | Mem:0.00M, Peak:0.00M | CISCO_N9K_C9336C_FX2_V001, ViewLayer | Synchronizing object | Fan3_hub_-1
Fra:1 Mem:171.07M (Peak 171.07M) | Time:00:00.08 | Mem:0.00M, Peak:0.00M | CISCO_N9K_C9336C_FX2_V001, ViewLayer | Synchronizing object | PSU2_IEC_pin_0
Fra:1 Mem:171.08M (Peak 171.08M) | Time:00:00.08 | Mem:0.00M, Peak:0.00M | CISCO_N9K_C9336C_FX2_V001, ViewLayer | Synchronizing object | Fan3_blade_-1_0
Fra:1 Mem:171.09M (Peak 171.09M) | Time:00:00.08 | Mem:0.00M, Peak:0.00M | CISCO_N9K_C9336C_FX2_V001, ViewLayer | Synchronizing object | Fan3_blade_-1_2
Fra:1 Mem:171.09M (Peak 171.09M) | Time:00:00.08 | Mem:0.00M, Peak:0.00M | CISCO_N9K_C9336C_FX2_V001, ViewLayer | Synchronizing object | Fan3_blade_-1_4
Fra:1 Mem:171.09M (Peak 171.09M) | Time:00:00.08 | Mem:0.00M, Peak:0.00M | CISCO_N9K_C9336C_FX2_V001, ViewLayer | Synchronizing object | Fan3_blade_-1_5
Fra:1 Mem:171.09M (Peak 171.09M) | Time:00:00.08 | Mem:0.00M, Peak:0.00M | CISCO_N9K_C9336C_FX2_V001, ViewLayer | Synchronizing object | Fan3_blade_-1_6
Fra:1 Mem:171.09M (Peak 171.09M) | Time:00:00.08 | Mem:0.00M, Peak:0.00M | CISCO_N9K_C9336C_FX2_V001, ViewLayer | Synchronizing object | Fan3_top_retention_rail_-1
Fra:1 Mem:171.09M (Peak 171.09M) | Time:00:00.08 | Mem:0.00M, Peak:0.00M | CISCO_N9K_C9336C_FX2_V001, ViewLayer | Synchronizing object | Fan3_rear_power_contact_block_-1
Fra:1 Mem:171.10M (Peak 171.10M) | Time:00:00.08 | Mem:0.00M, Peak:0.00M | CISCO_N9K_C9336C_FX2_V001, ViewLayer | Synchronizing object | Fan3_rotor_housing_1
Fra:1 Mem:171.11M (Peak 171.11M) | Time:00:00.08 | Mem:0.00M, Peak:0.00M | CISCO_N9K_C9336C_FX2_V001, ViewLayer | Synchronizing object | PSU2_IEC_C14_black_inlet_housing
Fra:1 Mem:171.14M (Peak 171.14M) | Time:00:00.08 | Mem:0.00M, Peak:0.00M | CISCO_N9K_C9336C_FX2_V001, ViewLayer | Synchronizing object | PSU2_true_hex_cooling_vents
Fra:1 Mem:171.26M (Peak 171.26M) | Time:00:00.08 | Mem:0.00M, Peak:0.00M | CISCO_N9K_C9336C_FX2_V001, ViewLayer | Synchronizing object | Fan3_hub_1
Fra:1 Mem:171.30M (Peak 171.30M) | Time:00:00.08 | Mem:0.00M, Peak:0.00M | CISCO_N9K_C9336C_FX2_V001, ViewLayer | Synchronizing object | Fan3_blade_1_0
Fra:1 Mem:171.62M (Peak 171.62M) | Time:00:00.08 | Mem:0.00M, Peak:0.00M | CISCO_N9K_C9336C_FX2_V001, ViewLayer | Synchronizing object | Fan3_blade_1_1
Fra:1 Mem:171.62M (Peak 171.62M) | Time:00:00.08 | Mem:0.00M, Peak:0.00M | CISCO_N9K_C9336C_FX2_V001, ViewLayer | Synchronizing object | Fan3_blade_1_2
Fra:1 Mem:171.62M (Peak 171.62M) | Time:00:00.08 | Mem:0.00M, Peak:0.00M | CISCO_N9K_C9336C_FX2_V001, ViewLayer | Synchronizing object | Fan3_blade_1_3
Fra:1 Mem:171.62M (Peak 171.62M) | Time:00:00.08 | Mem:0.00M, Peak:0.00M | CISCO_N9K_C9336C_FX2_V001, ViewLayer | Synchronizing object | Fan3_blade_1_5
Fra:1 Mem:171.62M (Peak 171.62M) | Time:00:00.08 | Mem:0.00M, Peak:0.00M | CISCO_N9K_C9336C_FX2_V001, ViewLayer | Synchronizing object | Fan3_top_retention_rail_1
Fra:1 Mem:171.63M (Peak 171.63M) | Time:00:00.08 | Mem:0.00M, Peak:0.00M | CISCO_N9K_C9336C_FX2_V001, ViewLayer | Synchronizing object | Fan3_rear_power_contact_block_1
Fra:1 Mem:171.64M (Peak 171.64M) | Time:00:00.08 | Mem:0.00M, Peak:0.00M | CISCO_N9K_C9336C_FX2_V001, ViewLayer | Synchronizing object | Fan3_front_frame
Fra:1 Mem:171.65M (Peak 171.65M) | Time:00:00.08 | Mem:0.00M, Peak:0.00M | CISCO_N9K_C9336C_FX2_V001, ViewLayer | Synchronizing object | Fan3_true_honeycomb_front_grille
Fra:1 Mem:171.96M (Peak 171.96M) | Time:00:00.08 | Mem:0.00M, Peak:0.00M | CISCO_N9K_C9336C_FX2_V001, ViewLayer | Synchronizing object | Fan3_molded_trapezoid_pull_handle
Fra:1 Mem:171.98M (Peak 171.98M) | Time:00:00.08 | Mem:0.00M, Peak:0.00M | CISCO_N9K_C9336C_FX2_V001, ViewLayer | Synchronizing object | Fan3_BLUE_release_latch_-1
Fra:1 Mem:172.09M (Peak 172.09M) | Time:00:00.08 | Mem:0.00M, Peak:0.00M | CISCO_N9K_C9336C_FX2_V001, ViewLayer | Synchronizing object | Fan3_latch_thumb_flare_-1
Fra:1 Mem:172.09M (Peak 172.09M) | Time:00:00.08 | Mem:0.00M, Peak:0.00M | CISCO_N9K_C9336C_FX2_V001, ViewLayer | Synchronizing object | Fan3_latch_grip_rib_-1_14
Fra:1 Mem:172.09M (Peak 172.09M) | Time:00:00.08 | Mem:0.00M, Peak:0.00M | CISCO_N9K_C9336C_FX2_V001, ViewLayer | Synchronizing object | Fan3_latch_grip_rib_-1_17
Fra:1 Mem:172.19M (Peak 172.19M) | Time:00:00.08 | Mem:0.00M, Peak:0.00M | CISCO_N9K_C9336C_FX2_V001, ViewLayer | Synchronizing object | Fan3_latch_grip_rib_-1_20
Fra:1 Mem:172.20M (Peak 172.20M) | Time:00:00.08 | Mem:0.00M, Peak:0.00M | CISCO_N9K_C9336C_FX2_V001, ViewLayer | Synchronizing object | Fan3_latch_grip_rib_-1_23
Fra:1 Mem:172.20M (Peak 172.20M) | Time:00:00.08 | Mem:0.00M, Peak:0.00M | CISCO_N9K_C9336C_FX2_V001, ViewLayer | Synchronizing object | Fan3_latch_grip_rib_-1_26
Fra:1 Mem:172.21M (Peak 172.21M) | Time:00:00.08 | Mem:0.00M, Peak:0.00M | CISCO_N9K_C9336C_FX2_V001, ViewLayer | Synchronizing object | Fan3_BLUE_release_latch_1
Fra:1 Mem:172.21M (Peak 172.21M) | Time:00:00.08 | Mem:0.00M, Peak:0.00M | CISCO_N9K_C9336C_FX2_V001, ViewLayer | Synchronizing object | Fan3_latch_thumb_flare_1
Fra:1 Mem:172.52M (Peak 172.52M) | Time:00:00.08 | Mem:0.00M, Peak:0.00M | CISCO_N9K_C9336C_FX2_V001, ViewLayer | Synchronizing object | Fan3_latch_grip_rib_1_14
Fra:1 Mem:172.52M (Peak 172.52M) | Time:00:00.08 | Mem:0.00M, Peak:0.00M | CISCO_N9K_C9336C_FX2_V001, ViewLayer | Synchronizing object | Fan3_latch_grip_rib_1_17
Fra:1 Mem:172.53M (Peak 172.53M) | Time:00:00.08 | Mem:0.00M, Peak:0.00M | CISCO_N9K_C9336C_FX2_V001, ViewLayer | Synchronizing object | Fan3_latch_grip_rib_1_20
Fra:1 Mem:172.53M (Peak 172.53M) | Time:00:00.08 | Mem:0.00M, Peak:0.00M | CISCO_N9K_C9336C_FX2_V001, ViewLayer | Synchronizing object | Fan3_latch_grip_rib_1_23
Fra:1 Mem:172.54M (Peak 172.54M) | Time:00:00.08 | Mem:0.00M, Peak:0.00M | CISCO_N9K_C9336C_FX2_V001, ViewLayer | Synchronizing object | Fan3_latch_grip_rib_1_26
Fra:1 Mem:172.54M (Peak 172.54M) | Time:00:00.08 | Mem:0.00M, Peak:0.00M | CISCO_N9K_C9336C_FX2_V001, ViewLayer | Synchronizing object | Fan3_PID_label_recess
Fra:1 Mem:172.55M (Peak 172.55M) | Time:00:00.08 | Mem:0.00M, Peak:0.00M | CISCO_N9K_C9336C_FX2_V001, ViewLayer | Synchronizing object | Fan3_flush_lock_pin_-39
Fra:1 Mem:172.55M (Peak 172.55M) | Time:00:00.08 | Mem:0.00M, Peak:0.00M | CISCO_N9K_C9336C_FX2_V001, ViewLayer | Synchronizing object | Fan3_flush_lock_pin_39
Fra:1 Mem:173.17M (Peak 173.17M) | Time:00:00.08 | Mem:0.00M, Peak:0.00M | CISCO_N9K_C9336C_FX2_V001, ViewLayer | Synchronizing object | PSU1_formed_silver_shell
Fra:1 Mem:173.18M (Peak 173.18M) | Time:00:00.08 | Mem:0.00M, Peak:0.00M | CISCO_N9K_C9336C_FX2_V001, ViewLayer | Synchronizing object | PSU1_rear_internal_endcap
Fra:1 Mem:173.20M (Peak 173.20M) | Time:00:00.08 | Mem:0.00M, Peak:0.00M | CISCO_N9K_C9336C_FX2_V001, ViewLayer | Synchronizing object | PSU1_internal_mating_block
Fra:1 Mem:173.21M (Peak 173.21M) | Time:00:00.08 | Mem:0.00M, Peak:0.00M | CISCO_N9K_C9336C_FX2_V001, ViewLayer | Synchronizing object | PSU1_internal_opaque_baffle
Fra:1 Mem:173.36M (Peak 173.36M) | Time:00:00.08 | Mem:0.00M, Peak:0.00M | CISCO_N9K_C9336C_FX2_V001, ViewLayer | Synchronizing object | PSU1_front_face_rim
Fra:1 Mem:173.36M (Peak 173.36M) | Time:00:00.08 | Mem:0.00M, Peak:0.00M | CISCO_N9K_C9336C_FX2_V001, ViewLayer | Synchronizing object | PSU1_inlet_vent_divider
Fra:1 Mem:173.38M (Peak 173.38M) | Time:00:00.08 | Mem:0.00M, Peak:0.00M | CISCO_N9K_C9336C_FX2_V001, ViewLayer | Synchronizing object | PSU1_true_hex_cooling_vents
Fra:1 Mem:173.63M (Peak 173.63M) | Time:00:00.08 | Mem:0.00M, Peak:0.00M | CISCO_N9K_C9336C_FX2_V001, ViewLayer | Synchronizing object | PSU1_IEC_C14_black_inlet_housing
Fra:1 Mem:173.88M (Peak 173.88M) | Time:00:00.08 | Mem:0.00M, Peak:0.00M | CISCO_N9K_C9336C_FX2_V001, ViewLayer | Synchronizing object | PSU2_inlet_vent_divider
Fra:1 Mem:173.88M (Peak 173.88M) | Time:00:00.08 | Mem:0.00M, Peak:0.00M | CISCO_N9K_C9336C_FX2_V001, ViewLayer | Synchronizing object | PSU2_front_face_rim
Fra:1 Mem:173.90M (Peak 173.90M) | Time:00:00.08 | Mem:0.00M, Peak:0.00M | CISCO_N9K_C9336C_FX2_V001, ViewLayer | Synchronizing object | PSU2_internal_opaque_baffle
Fra:1 Mem:173.90M (Peak 173.90M) | Time:00:00.08 | Mem:0.00M, Peak:0.00M | CISCO_N9K_C9336C_FX2_V001, ViewLayer | Synchronizing object | PSU2_internal_mating_block
Fra:1 Mem:173.91M (Peak 173.91M) | Time:00:00.08 | Mem:0.00M, Peak:0.00M | CISCO_N9K_C9336C_FX2_V001, ViewLayer | Synchronizing object | PSU2_rear_internal_endcap
Fra:1 Mem:173.92M (Peak 173.92M) | Time:00:00.08 | Mem:0.00M, Peak:0.00M | CISCO_N9K_C9336C_FX2_V001, ViewLayer | Synchronizing object | PSU2_formed_silver_shell
Fra:1 Mem:173.94M (Peak 173.94M) | Time:00:00.08 | Mem:0.00M, Peak:0.00M | CISCO_N9K_C9336C_FX2_V001, ViewLayer | Synchronizing object | PSU1_face_screw_24.5_39.3
Fra:1 Mem:173.96M (Peak 173.96M) | Time:00:00.08 | Mem:0.00M, Peak:0.00M | CISCO_N9K_C9336C_FX2_V001, ViewLayer | Synchronizing object | PSU1_face_screw_24.5_4.1
Fra:1 Mem:173.97M (Peak 173.97M) | Time:00:00.09 | Mem:0.00M, Peak:0.00M | CISCO_N9K_C9336C_FX2_V001, ViewLayer | Synchronizing object | PSU1_face_screw_-24.5_39.3
Fra:1 Mem:173.99M (Peak 173.99M) | Time:00:00.09 | Mem:0.00M, Peak:0.00M | CISCO_N9K_C9336C_FX2_V001, ViewLayer | Synchronizing object | PSU1_face_screw_-24.5_4.1
Fra:1 Mem:174.01M (Peak 174.01M) | Time:00:00.09 | Mem:0.00M, Peak:0.00M | CISCO_N9K_C9336C_FX2_V001, ViewLayer | Synchronizing object | PSU1_unpowered_LED_32.6
Fra:1 Mem:174.01M (Peak 174.01M) | Time:00:00.09 | Mem:0.00M, Peak:0.00M | CISCO_N9K_C9336C_FX2_V001, ViewLayer | Synchronizing object | PSU1_unpowered_LED_36.8
Fra:1 Mem:174.01M (Peak 174.01M) | Time:00:00.09 | Mem:0.00M, Peak:0.00M | CISCO_N9K_C9336C_FX2_V001, ViewLayer | Synchronizing object | PSU1_retainer_rib_315.4
Fra:1 Mem:174.02M (Peak 174.02M) | Time:00:00.09 | Mem:0.00M, Peak:0.00M | CISCO_N9K_C9336C_FX2_V001, ViewLayer | Synchronizing object | PSU1_retainer_rib_313.2
Fra:1 Mem:174.02M (Peak 174.02M) | Time:00:00.09 | Mem:0.00M, Peak:0.00M | CISCO_N9K_C9336C_FX2_V001, ViewLayer | Synchronizing object | PSU1_retainer_rib_311
Fra:1 Mem:174.03M (Peak 174.03M) | Time:00:00.09 | Mem:0.00M, Peak:0.00M | CISCO_N9K_C9336C_FX2_V001, ViewLayer | Synchronizing object | PSU1_retainer_rib_308.8
Fra:1 Mem:174.03M (Peak 174.03M) | Time:00:00.09 | Mem:0.00M, Peak:0.00M | CISCO_N9K_C9336C_FX2_V001, ViewLayer | Synchronizing object | PSU1_retainer_rib_306.6
Fra:1 Mem:174.04M (Peak 174.04M) | Time:00:00.09 | Mem:0.00M, Peak:0.00M | CISCO_N9K_C9336C_FX2_V001, ViewLayer | Synchronizing object | PSU1_retainer_rib_304.4
Fra:1 Mem:174.04M (Peak 174.04M) | Time:00:00.09 | Mem:0.00M, Peak:0.00M | CISCO_N9K_C9336C_FX2_V001, ViewLayer | Synchronizing object | PSU1_retainer_rib_302.2
Fra:1 Mem:174.04M (Peak 174.04M) | Time:00:00.09 | Mem:0.00M, Peak:0.00M | CISCO_N9K_C9336C_FX2_V001, ViewLayer | Synchronizing object | PSU1_retainer_rib_300
Fra:1 Mem:174.05M (Peak 174.05M) | Time:00:00.09 | Mem:0.00M, Peak:0.00M | CISCO_N9K_C9336C_FX2_V001, ViewLayer | Synchronizing object | PSU1_stowed_nylon_retention_loop
Fra:1 Mem:174.05M (Peak 174.05M) | Time:00:00.09 | Mem:0.00M, Peak:0.00M | CISCO_N9K_C9336C_FX2_V001, ViewLayer | Synchronizing object | PSU1_cord_retainer_anchor
Fra:1 Mem:174.06M (Peak 174.06M) | Time:00:00.09 | Mem:0.00M, Peak:0.00M | CISCO_N9K_C9336C_FX2_V001, ViewLayer | Synchronizing object | PSU1_BLUE_release_latch
Fra:1 Mem:174.06M (Peak 174.06M) | Time:00:00.09 | Mem:0.00M, Peak:0.00M | CISCO_N9K_C9336C_FX2_V001, ViewLayer | Synchronizing object | PSU1_silver_U_pull_handle
Fra:1 Mem:174.09M (Peak 174.09M) | Time:00:00.09 | Mem:0.00M, Peak:0.00M | CISCO_N9K_C9336C_FX2_V001, ViewLayer | Synchronizing object | PSU1_IEC_pin_2
Fra:1 Mem:174.28M (Peak 174.28M) | Time:00:00.09 | Mem:0.00M, Peak:0.00M | CISCO_N9K_C9336C_FX2_V001, ViewLayer | Synchronizing object | PSU1_IEC_pin_1
Fra:1 Mem:174.11M (Peak 174.28M) | Time:00:00.09 | Mem:0.00M, Peak:0.00M | CISCO_N9K_C9336C_FX2_V001, ViewLayer | Synchronizing object | PSU1_IEC_recessed_black_floor
Fra:1 Mem:174.11M (Peak 174.28M) | Time:00:00.09 | Mem:0.00M, Peak:0.00M | CISCO_N9K_C9336C_FX2_V001, ViewLayer | Synchronizing object | PSU1_IEC_pin_0
Fra:1 Mem:176.39M (Peak 185.43M) | Time:00:00.22 | Mem:0.00M, Peak:0.00M | CISCO_N9K_C9336C_FX2_V001, ViewLayer | Initializing
Fra:1 Mem:170.29M (Peak 185.43M) | Time:00:00.22 | Mem:0.00M, Peak:0.00M | CISCO_N9K_C9336C_FX2_V001, ViewLayer | Updating Images | Loading NWR_original_chassis_label_baked
Fra:1 Mem:170.29M (Peak 185.43M) | Time:00:00.22 | Mem:0.00M, Peak:0.00M | CISCO_N9K_C9336C_FX2_V001, ViewLayer | Updating Images | Loading chassis-satin-nickel-roughness
Fra:1 Mem:170.29M (Peak 185.43M) | Time:00:00.22 | Mem:0.00M, Peak:0.00M | CISCO_N9K_C9336C_FX2_V001, ViewLayer | Updating Images | Loading dark-grille-metal-roughness
Fra:1 Mem:158.25M (Peak 185.43M) | Time:00:00.25 | Mem:7.50M, Peak:7.50M | CISCO_N9K_C9336C_FX2_V001, ViewLayer | Waiting for render to start
Fra:1 Mem:158.25M (Peak 185.43M) | Time:00:00.25 | Mem:7.50M, Peak:7.50M | CISCO_N9K_C9336C_FX2_V001, ViewLayer | Loading render kernels (may take a few minutes the first time)
Fra:1 Mem:158.25M (Peak 185.43M) | Time:00:00.25 | Mem:7.50M, Peak:7.50M | CISCO_N9K_C9336C_FX2_V001, ViewLayer | Updating Scene
Fra:1 Mem:158.25M (Peak 185.43M) | Time:00:00.25 | Mem:7.50M, Peak:7.50M | CISCO_N9K_C9336C_FX2_V001, ViewLayer | Updating Shaders
Fra:1 Mem:158.35M (Peak 185.43M) | Time:00:00.25 | Mem:7.51M, Peak:7.51M | CISCO_N9K_C9336C_FX2_V001, ViewLayer | Updating Procedurals
Fra:1 Mem:158.35M (Peak 185.43M) | Time:00:00.25 | Mem:7.51M, Peak:7.51M | CISCO_N9K_C9336C_FX2_V001, ViewLayer | Updating Background
Fra:1 Mem:158.35M (Peak 185.43M) | Time:00:00.25 | Mem:7.51M, Peak:7.51M | CISCO_N9K_C9336C_FX2_V001, ViewLayer | Updating Camera
Fra:1 Mem:158.35M (Peak 185.43M) | Time:00:00.25 | Mem:7.51M, Peak:7.51M | CISCO_N9K_C9336C_FX2_V001, ViewLayer | Updating Meshes Flags
Fra:1 Mem:158.35M (Peak 185.43M) | Time:00:00.25 | Mem:7.51M, Peak:7.51M | CISCO_N9K_C9336C_FX2_V001, ViewLayer | Updating Objects
Fra:1 Mem:158.35M (Peak 185.43M) | Time:00:00.25 | Mem:7.51M, Peak:7.51M | CISCO_N9K_C9336C_FX2_V001, ViewLayer | Updating Objects | Copying Transformations to device
Fra:1 Mem:158.57M (Peak 185.43M) | Time:00:00.25 | Mem:7.73M, Peak:7.73M | CISCO_N9K_C9336C_FX2_V001, ViewLayer | Updating Objects | Applying Static Transformations
Fra:1 Mem:158.57M (Peak 185.43M) | Time:00:00.26 | Mem:7.73M, Peak:7.73M | CISCO_N9K_C9336C_FX2_V001, ViewLayer | Updating Particle Systems
Fra:1 Mem:158.57M (Peak 185.43M) | Time:00:00.26 | Mem:7.73M, Peak:7.73M | CISCO_N9K_C9336C_FX2_V001, ViewLayer | Updating Particle Systems | Copying Particles to device
Fra:1 Mem:158.57M (Peak 185.43M) | Time:00:00.26 | Mem:7.73M, Peak:7.73M | CISCO_N9K_C9336C_FX2_V001, ViewLayer | Updating Meshes
Fra:1 Mem:163.63M (Peak 185.43M) | Time:00:00.26 | Mem:7.73M, Peak:7.73M | CISCO_N9K_C9336C_FX2_V001, ViewLayer | Updating Mesh | Computing attributes
Fra:1 Mem:186.48M (Peak 186.48M) | Time:00:00.29 | Mem:7.76M, Peak:7.76M | CISCO_N9K_C9336C_FX2_V001, ViewLayer | Updating Mesh | Copying Attributes to device
Fra:1 Mem:186.36M (Peak 186.48M) | Time:00:00.29 | Mem:30.46M, Peak:30.46M | CISCO_N9K_C9336C_FX2_V001, ViewLayer | Updating Geometry BVH Lid_flush_Phillips_00 1/30 | Building BVH
Fra:1 Mem:186.36M (Peak 186.48M) | Time:00:00.29 | Mem:30.46M, Peak:30.46M | CISCO_N9K_C9336C_FX2_V001, ViewLayer | Updating Geometry BVH Port01_connector_contact_surround 6/30 | Building BVH
Fra:1 Mem:186.36M (Peak 186.48M) | Time:00:00.29 | Mem:30.47M, Peak:30.47M | CISCO_N9K_C9336C_FX2_V001, ViewLayer | Updating Geometry BVH Port01_connector_contact_surround 6/30 | Building BVH 0%
Fra:1 Mem:186.36M (Peak 186.48M) | Time:00:00.29 | Mem:30.47M, Peak:30.47M | CISCO_N9K_C9336C_FX2_V001, ViewLayer | Updating Geometry BVH Port01_connector_contact_surround 6/30 | Building BVH
Fra:1 Mem:186.36M (Peak 186.48M) | Time:00:00.29 | Mem:30.47M, Peak:30.47M | CISCO_N9K_C9336C_FX2_V001, ViewLayer | Updating Geometry BVH Port01_guide_-1_-4.25 7/30 | Building BVH
Fra:1 Mem:186.36M (Peak 186.48M) | Time:00:00.29 | Mem:30.47M, Peak:30.48M | CISCO_N9K_C9336C_FX2_V001, ViewLayer | Updating Geometry BVH Port01_guide_-1_4.25 8/30 | Building BVH
Fra:1 Mem:186.36M (Peak 186.48M) | Time:00:00.29 | Mem:30.48M, Peak:30.48M | CISCO_N9K_C9336C_FX2_V001, ViewLayer | Updating Geometry BVH Port01_spring_-1_-2.8 9/30 | Building BVH
Fra:1 Mem:186.36M (Peak 186.48M) | Time:00:00.29 | Mem:30.48M, Peak:30.49M | CISCO_N9K_C9336C_FX2_V001, ViewLayer | Updating Geometry BVH Port01_spring_-1_0 10/30 | Building BVH
Fra:1 Mem:186.36M (Peak 186.48M) | Time:00:00.29 | Mem:30.50M, Peak:30.50M | CISCO_N9K_C9336C_FX2_V001, ViewLayer | Updating Geometry BVH Port02_subtle_recessed_contact_row 30/30 | Building BVH
Fra:1 Mem:186.36M (Peak 186.48M) | Time:00:00.29 | Mem:30.52M, Peak:30.52M | CISCO_N9K_C9336C_FX2_V001, ViewLayer | Updating Geometry BVH Port01_spring_-1_2.8 11/30 | Building BVH
Fra:1 Mem:186.36M (Peak 186.48M) | Time:00:00.29 | Mem:30.60M, Peak:30.60M | CISCO_N9K_C9336C_FX2_V001, ViewLayer | Updating Geometry BVH Port01_guide_1_-4.25 12/30 | Building BVH
Fra:1 Mem:186.36M (Peak 186.48M) | Time:00:00.29 | Mem:30.61M, Peak:30.61M | CISCO_N9K_C9336C_FX2_V001, ViewLayer | Updating Geometry BVH Port01_guide_1_4.25 13/30 | Building BVH
Fra:1 Mem:186.36M (Peak 186.48M) | Time:00:00.29 | Mem:30.64M, Peak:30.64M | CISCO_N9K_C9336C_FX2_V001, ViewLayer | Updating Geometry BVH Port01_spring_1_-2.8 14/30 | Building BVH
Fra:1 Mem:186.36M (Peak 186.48M) | Time:00:00.29 | Mem:30.65M, Peak:30.65M | CISCO_N9K_C9336C_FX2_V001, ViewLayer | Updating Geometry BVH Port01_spring_1_0 15/30 | Building BVH
Fra:1 Mem:186.36M (Peak 186.48M) | Time:00:00.29 | Mem:30.66M, Peak:30.67M | CISCO_N9K_C9336C_FX2_V001, ViewLayer | Updating Geometry BVH Port01_spring_1_2.8 16/30 | Building BVH
Fra:1 Mem:186.36M (Peak 186.48M) | Time:00:00.29 | Mem:30.66M, Peak:30.67M | CISCO_N9K_C9336C_FX2_V001, ViewLayer | Updating Geometry BVH Port02_spring_1_2.8 29/30 | Building BVH
Fra:1 Mem:186.36M (Peak 186.48M) | Time:00:00.29 | Mem:30.68M, Peak:30.68M | CISCO_N9K_C9336C_FX2_V001, ViewLayer | Updating Geometry BVH Port01_subtle_recessed_contact_row 17/30 | Building BVH
Fra:1 Mem:186.36M (Peak 186.48M) | Time:00:00.29 | Mem:30.69M, Peak:30.69M | CISCO_N9K_C9336C_FX2_V001, ViewLayer | Updating Geometry BVH Port02_recessed_connector_stop 18/30 | Building BVH
Fra:1 Mem:186.36M (Peak 186.48M) | Time:00:00.29 | Mem:30.69M, Peak:30.69M | CISCO_N9K_C9336C_FX2_V001, ViewLayer | Updating Geometry BVH Port02_connector_contact_surround 19/30 | Building BVH
Fra:1 Mem:186.36M (Peak 186.48M) | Time:00:00.29 | Mem:30.69M, Peak:30.69M | CISCO_N9K_C9336C_FX2_V001, ViewLayer | Updating Geometry BVH Port02_guide_-1_-4.25 20/30 | Building BVH
Fra:1 Mem:186.36M (Peak 186.48M) | Time:00:00.29 | Mem:30.70M, Peak:30.70M | CISCO_N9K_C9336C_FX2_V001, ViewLayer | Updating Geometry BVH Port02_spring_1_0 28/30 | Building BVH
Fra:1 Mem:186.36M (Peak 186.48M) | Time:00:00.29 | Mem:30.74M, Peak:30.75M | CISCO_N9K_C9336C_FX2_V001, ViewLayer | Updating Geometry BVH Port02_guide_-1_4.25 21/30 | Building BVH
Fra:1 Mem:186.36M (Peak 186.48M) | Time:00:00.29 | Mem:30.76M, Peak:30.76M | CISCO_N9K_C9336C_FX2_V001, ViewLayer | Updating Geometry BVH Port02_spring_-1_0 23/30 | Building BVH
Fra:1 Mem:186.36M (Peak 186.48M) | Time:00:00.29 | Mem:30.76M, Peak:30.76M | CISCO_N9K_C9336C_FX2_V001, ViewLayer | Updating Geometry BVH Port02_spring_-1_2.8 24/30 | Building BVH
Fra:1 Mem:186.36M (Peak 186.48M) | Time:00:00.29 | Mem:30.79M, Peak:30.79M | CISCO_N9K_C9336C_FX2_V001, ViewLayer | Updating Geometry BVH Port02_guide_1_-4.25 25/30 | Building BVH
Fra:1 Mem:186.36M (Peak 186.48M) | Time:00:00.29 | Mem:30.82M, Peak:30.82M | CISCO_N9K_C9336C_FX2_V001, ViewLayer | Updating Geometry BVH Port02_guide_1_4.25 26/30 | Building BVH
Fra:1 Mem:186.36M (Peak 186.48M) | Time:00:00.29 | Mem:30.84M, Peak:30.84M | CISCO_N9K_C9336C_FX2_V001, ViewLayer | Updating Geometry BVH Port02_spring_1_-2.8 27/30 | Building BVH
Fra:1 Mem:186.36M (Peak 186.48M) | Time:00:00.29 | Mem:30.94M, Peak:31.01M | CISCO_N9K_C9336C_FX2_V001, ViewLayer | Updating Scene BVH | Building
Fra:1 Mem:186.37M (Peak 186.48M) | Time:00:00.29 | Mem:30.94M, Peak:31.01M | CISCO_N9K_C9336C_FX2_V001, ViewLayer | Updating Scene BVH | Building BVH
Fra:1 Mem:186.37M (Peak 186.48M) | Time:00:00.32 | Mem:51.87M, Peak:61.81M | CISCO_N9K_C9336C_FX2_V001, ViewLayer | Updating Scene BVH | Copying BVH to device
Fra:1 Mem:186.37M (Peak 186.48M) | Time:00:00.32 | Mem:51.87M, Peak:61.81M | CISCO_N9K_C9336C_FX2_V001, ViewLayer | Updating Mesh | Computing normals
Fra:1 Mem:197.71M (Peak 197.71M) | Time:00:00.32 | Mem:51.87M, Peak:61.81M | CISCO_N9K_C9336C_FX2_V001, ViewLayer | Updating Mesh | Copying Mesh to device
Fra:1 Mem:197.71M (Peak 197.71M) | Time:00:00.32 | Mem:63.21M, Peak:63.21M | CISCO_N9K_C9336C_FX2_V001, ViewLayer | Updating Objects Flags
Fra:1 Mem:197.71M (Peak 197.71M) | Time:00:00.33 | Mem:63.21M, Peak:63.21M | CISCO_N9K_C9336C_FX2_V001, ViewLayer | Updating Primitive Offsets
Fra:1 Mem:197.71M (Peak 197.71M) | Time:00:00.33 | Mem:63.22M, Peak:63.22M | CISCO_N9K_C9336C_FX2_V001, ViewLayer | Updating Images
Fra:1 Mem:197.71M (Peak 197.71M) | Time:00:00.33 | Mem:63.22M, Peak:63.22M | CISCO_N9K_C9336C_FX2_V001, ViewLayer | Updating Camera Volume
Fra:1 Mem:197.71M (Peak 197.71M) | Time:00:00.33 | Mem:63.22M, Peak:63.22M | CISCO_N9K_C9336C_FX2_V001, ViewLayer | Updating Lookup Tables
Fra:1 Mem:197.71M (Peak 197.71M) | Time:00:00.33 | Mem:63.30M, Peak:63.30M | CISCO_N9K_C9336C_FX2_V001, ViewLayer | Updating Lights
Fra:1 Mem:197.71M (Peak 197.71M) | Time:00:00.33 | Mem:63.30M, Peak:63.30M | CISCO_N9K_C9336C_FX2_V001, ViewLayer | Updating Lights | Computing distribution
Fra:1 Mem:197.71M (Peak 197.71M) | Time:00:00.33 | Mem:63.30M, Peak:63.30M | CISCO_N9K_C9336C_FX2_V001, ViewLayer | Updating Lights | Computing tree
Fra:1 Mem:197.72M (Peak 197.72M) | Time:00:00.33 | Mem:63.31M, Peak:63.31M | CISCO_N9K_C9336C_FX2_V001, ViewLayer | Updating Integrator
Fra:1 Mem:198.72M (Peak 198.72M) | Time:00:00.33 | Mem:64.31M, Peak:64.31M | CISCO_N9K_C9336C_FX2_V001, ViewLayer | Updating Film
Fra:1 Mem:198.72M (Peak 198.72M) | Time:00:00.33 | Mem:64.22M, Peak:64.31M | CISCO_N9K_C9336C_FX2_V001, ViewLayer | Updating Lookup Tables
Fra:1 Mem:198.72M (Peak 198.72M) | Time:00:00.33 | Mem:64.31M, Peak:64.31M | CISCO_N9K_C9336C_FX2_V001, ViewLayer | Updating Baking
Fra:1 Mem:198.72M (Peak 198.72M) | Time:00:00.33 | Mem:64.31M, Peak:64.31M | CISCO_N9K_C9336C_FX2_V001, ViewLayer | Updating Device | Writing constant memory
Fra:1 Mem:198.74M (Peak 198.74M) | Time:00:00.33 | Mem:64.31M, Peak:64.31M | CISCO_N9K_C9336C_FX2_V001, ViewLayer | Sample 0/192
Fra:1 Mem:248.20M (Peak 248.20M) | Time:00:00.97 | Remaining:02:02.23 | Mem:113.76M, Peak:113.76M | CISCO_N9K_C9336C_FX2_V001, ViewLayer | Sample 1/192
Fra:1 Mem:248.20M (Peak 248.20M) | Time:00:35.59 | Remaining:01:10.53 | Mem:113.76M, Peak:113.76M | CISCO_N9K_C9336C_FX2_V001, ViewLayer | Sample 64/192
Fra:1 Mem:248.20M (Peak 248.20M) | Time:00:44.01 | Remaining:01:01.15 | Mem:113.76M, Peak:113.76M | CISCO_N9K_C9336C_FX2_V001, ViewLayer | Sample 80/192
Fra:1 Mem:248.20M (Peak 248.20M) | Time:00:52.19 | Remaining:00:51.86 | Mem:113.76M, Peak:113.76M | CISCO_N9K_C9336C_FX2_V001, ViewLayer | Sample 96/192
Fra:1 Mem:248.20M (Peak 248.20M) | Time:01:00.04 | Remaining:00:42.65 | Mem:113.76M, Peak:113.76M | CISCO_N9K_C9336C_FX2_V001, ViewLayer | Sample 112/192
Fra:1 Mem:248.20M (Peak 248.20M) | Time:01:07.85 | Remaining:00:33.76 | Mem:113.76M, Peak:113.76M | CISCO_N9K_C9336C_FX2_V001, ViewLayer | Sample 128/192
Fra:1 Mem:248.20M (Peak 248.20M) | Time:01:15.16 | Remaining:00:24.94 | Mem:113.76M, Peak:113.76M | CISCO_N9K_C9336C_FX2_V001, ViewLayer | Sample 144/192
Fra:1 Mem:248.20M (Peak 248.20M) | Time:01:21.90 | Remaining:00:16.31 | Mem:113.76M, Peak:113.76M | CISCO_N9K_C9336C_FX2_V001, ViewLayer | Sample 160/192
Fra:1 Mem:248.20M (Peak 248.20M) | Time:01:28.23 | Remaining:00:07.99 | Mem:113.76M, Peak:113.76M | CISCO_N9K_C9336C_FX2_V001, ViewLayer | Sample 176/192
Fra:1 Mem:270.18M (Peak 314.12M) | Time:01:34.20 | Mem:113.76M, Peak:113.76M | CISCO_N9K_C9336C_FX2_V001, ViewLayer | Sample 192/192
Fra:1 Mem:270.18M (Peak 314.12M) | Time:01:34.20 | Mem:113.76M, Peak:113.76M | CISCO_N9K_C9336C_FX2_V001, ViewLayer | Finished
Saved: '/root/Project/rack-device-3d/Cisco-N9KC9336C-FX2/v001/previews/rear-review.png'
Time: 01:34.44 (Saving: 00:00.22)

BlenderMCP: cannot start server in background mode (blender -b) - commands would never execute
BlenderMCP: run Blender with a GUI, or use a virtual display: xvfb-run -a blender
BlenderMCP addon registered
BlenderMCP server stopped
BlenderMCP addon unregistered

Blender quit
