Blender 4.0.2
Read prefs: "/root/.config/blender/4.0/config/userpref.blend"
Read blend: "/root/Project/rack-device-3d/Cisco-N9KC9336C-FX2/v001/qa/GLB-reimport-verification.blend"
Fra:1 Mem:218.62M (Peak 252.38M) | Time:00:00.22 | Mem:0.00M, Peak:0.00M | GLB_REIMPORT_QA, ViewLayer | Synchronizing object | Port01_connector_contact_surround.001
Fra:1 Mem:220.67M (Peak 252.38M) | Time:00:00.22 | Mem:0.00M, Peak:0.00M | GLB_REIMPORT_QA, ViewLayer | Synchronizing object | Port01_guide_-1_-4.001
Fra:1 Mem:220.71M (Peak 252.38M) | Time:00:00.22 | Mem:0.00M, Peak:0.00M | GLB_REIMPORT_QA, ViewLayer | Synchronizing object | Port01_guide_-1_4.001
Fra:1 Mem:220.74M (Peak 252.38M) | Time:00:00.22 | Mem:0.00M, Peak:0.00M | GLB_REIMPORT_QA, ViewLayer | Synchronizing object | Port01_guide_1_-4.001
Fra:1 Mem:220.77M (Peak 252.38M) | Time:00:00.22 | Mem:0.00M, Peak:0.00M | GLB_REIMPORT_QA, ViewLayer | Synchronizing object | Port01_guide_1_4.001
Fra:1 Mem:220.81M (Peak 252.38M) | Time:00:00.22 | Mem:0.00M, Peak:0.00M | GLB_REIMPORT_QA, ViewLayer | Synchronizing object | Port01_recessed_connector_stop.001
Fra:1 Mem:220.83M (Peak 252.38M) | Time:00:00.22 | Mem:0.00M, Peak:0.00M | GLB_REIMPORT_QA, ViewLayer | Synchronizing object | Port01_spring_-1_-2.001
Fra:1 Mem:220.90M (Peak 252.38M) | Time:00:00.23 | Mem:0.00M, Peak:0.00M | GLB_REIMPORT_QA, ViewLayer | Synchronizing object | Port01_spring_-1_0.001
Fra:1 Mem:220.93M (Peak 252.38M) | Time:00:00.23 | Mem:0.00M, Peak:0.00M | GLB_REIMPORT_QA, ViewLayer | Synchronizing object | Port01_spring_-1_2.001
Fra:1 Mem:220.96M (Peak 252.38M) | Time:00:00.23 | Mem:0.00M, Peak:0.00M | GLB_REIMPORT_QA, ViewLayer | Synchronizing object | Port01_spring_1_-2.001
Fra:1 Mem:220.99M (Peak 252.38M) | Time:00:00.23 | Mem:0.00M, Peak:0.00M | GLB_REIMPORT_QA, ViewLayer | Synchronizing object | Port01_spring_1_0.001
Fra:1 Mem:221.02M (Peak 252.38M) | Time:00:00.23 | Mem:0.00M, Peak:0.00M | GLB_REIMPORT_QA, ViewLayer | Synchronizing object | Port01_spring_1_2.001
Fra:1 Mem:221.05M (Peak 252.38M) | Time:00:00.23 | Mem:0.00M, Peak:0.00M | GLB_REIMPORT_QA, ViewLayer | Synchronizing object | Port01_subtle_recessed_contact_row.001
Fra:1 Mem:221.09M (Peak 252.38M) | Time:00:00.23 | Mem:0.00M, Peak:0.00M | GLB_REIMPORT_QA, ViewLayer | Synchronizing object | Port02_connector_contact_surround.001
Fra:1 Mem:221.12M (Peak 252.38M) | Time:00:00.23 | Mem:0.00M, Peak:0.00M | GLB_REIMPORT_QA, ViewLayer | Synchronizing object | Port02_guide_-1_-4.001
Fra:1 Mem:221.15M (Peak 252.38M) | Time:00:00.23 | Mem:0.00M, Peak:0.00M | GLB_REIMPORT_QA, ViewLayer | Synchronizing object | Port02_guide_-1_4.001
Fra:1 Mem:221.18M (Peak 252.38M) | Time:00:00.23 | Mem:0.00M, Peak:0.00M | GLB_REIMPORT_QA, ViewLayer | Synchronizing object | Port02_guide_1_-4.001
Fra:1 Mem:221.21M (Peak 252.38M) | Time:00:00.23 | Mem:0.00M, Peak:0.00M | GLB_REIMPORT_QA, ViewLayer | Synchronizing object | Port02_guide_1_4.001
Fra:1 Mem:221.24M (Peak 252.38M) | Time:00:00.23 | Mem:0.00M, Peak:0.00M | GLB_REIMPORT_QA, ViewLayer | Synchronizing object | Port02_recessed_connector_stop.001
Fra:1 Mem:221.27M (Peak 252.38M) | Time:00:00.23 | Mem:0.00M, Peak:0.00M | GLB_REIMPORT_QA, ViewLayer | Synchronizing object | Port02_spring_-1_-2.001
Fra:1 Mem:221.29M (Peak 252.38M) | Time:00:00.23 | Mem:0.00M, Peak:0.00M | GLB_REIMPORT_QA, ViewLayer | Synchronizing object | Top_lid_main_sheet.001
Fra:1 Mem:221.65M (Peak 252.38M) | Time:00:00.23 | Mem:0.00M, Peak:0.00M | GLB_REIMPORT_QA, ViewLayer | Synchronizing object | Port02_spring_-1_0.001
Fra:1 Mem:221.68M (Peak 252.38M) | Time:00:00.23 | Mem:0.00M, Peak:0.00M | GLB_REIMPORT_QA, ViewLayer | Synchronizing object | Port02_spring_-1_2.001
Fra:1 Mem:221.71M (Peak 252.38M) | Time:00:00.23 | Mem:0.00M, Peak:0.00M | GLB_REIMPORT_QA, ViewLayer | Synchronizing object | Port02_spring_1_-2.001
Fra:1 Mem:221.73M (Peak 252.38M) | Time:00:00.23 | Mem:0.00M, Peak:0.00M | GLB_REIMPORT_QA, ViewLayer | Synchronizing object | Port02_spring_1_0.001
Fra:1 Mem:221.76M (Peak 252.38M) | Time:00:00.23 | Mem:0.00M, Peak:0.00M | GLB_REIMPORT_QA, ViewLayer | Synchronizing object | Port02_spring_1_2.001
Fra:1 Mem:221.51M (Peak 252.38M) | Time:00:00.23 | Mem:0.00M, Peak:0.00M | GLB_REIMPORT_QA, ViewLayer | Synchronizing object | Port02_subtle_recessed_contact_row.001
Fra:1 Mem:221.56M (Peak 252.38M) | Time:00:00.23 | Mem:0.00M, Peak:0.00M | GLB_REIMPORT_QA, ViewLayer | Synchronizing object | Pair01_front_separator_true_perforations.001
Fra:1 Mem:221.99M (Peak 252.38M) | Time:00:00.24 | Mem:0.00M, Peak:0.00M | GLB_REIMPORT_QA, ViewLayer | Synchronizing object | RIGHT_sidewall_with_mounting_provisions.001
Fra:1 Mem:223.11M (Peak 252.38M) | Time:00:00.24 | Mem:0.00M, Peak:0.00M | GLB_REIMPORT_QA, ViewLayer | Synchronizing object | Rear_side_rim_218.001
Fra:1 Mem:223.27M (Peak 252.38M) | Time:00:00.24 | Mem:0.00M, Peak:0.00M | GLB_REIMPORT_QA, ViewLayer | Synchronizing object | Rear_side_rim_-218.001
Fra:1 Mem:223.30M (Peak 252.38M) | Time:00:00.24 | Mem:0.00M, Peak:0.00M | GLB_REIMPORT_QA, ViewLayer | Synchronizing object | USB_symbol_stem.001
Fra:1 Mem:223.30M (Peak 252.38M) | Time:00:00.24 | Mem:0.00M, Peak:0.00M | GLB_REIMPORT_QA, ViewLayer | Synchronizing object | USB_symbol_branch_B.001
Fra:1 Mem:223.30M (Peak 252.38M) | Time:00:00.24 | Mem:0.00M, Peak:0.00M | GLB_REIMPORT_QA, ViewLayer | Synchronizing object | USB_symbol_branch_A.001
Fra:1 Mem:223.30M (Peak 252.38M) | Time:00:00.24 | Mem:0.00M, Peak:0.00M | GLB_REIMPORT_QA, ViewLayer | Synchronizing object | SFP_management_symbol_node_1.001
Fra:1 Mem:223.33M (Peak 252.38M) | Time:00:00.24 | Mem:0.00M, Peak:0.00M | GLB_REIMPORT_QA, ViewLayer | Synchronizing object | SFP_management_symbol_node_0.001
Fra:1 Mem:223.36M (Peak 252.38M) | Time:00:00.24 | Mem:0.00M, Peak:0.00M | GLB_REIMPORT_QA, ViewLayer | Synchronizing object | SFP_management_symbol_node_-1.001
Fra:1 Mem:223.39M (Peak 252.38M) | Time:00:00.24 | Mem:0.00M, Peak:0.00M | GLB_REIMPORT_QA, ViewLayer | Synchronizing object | SFP_management_symbol_line.007
Fra:1 Mem:223.39M (Peak 252.38M) | Time:00:00.24 | Mem:0.00M, Peak:0.00M | GLB_REIMPORT_QA, ViewLayer | Synchronizing object | SFP_management_symbol_line.006
Fra:1 Mem:223.39M (Peak 252.38M) | Time:00:00.24 | Mem:0.00M, Peak:0.00M | GLB_REIMPORT_QA, ViewLayer | Synchronizing object | SFP_management_symbol_line.005
Fra:1 Mem:223.39M (Peak 252.38M) | Time:00:00.24 | Mem:0.00M, Peak:0.00M | GLB_REIMPORT_QA, ViewLayer | Synchronizing object | SFP_management_symbol_line.004
Fra:1 Mem:223.39M (Peak 252.38M) | Time:00:00.24 | Mem:0.00M, Peak:0.00M | GLB_REIMPORT_QA, ViewLayer | Synchronizing object | RJ45_management_symbol_node_1.001
Fra:1 Mem:223.42M (Peak 252.38M) | Time:00:00.24 | Mem:0.00M, Peak:0.00M | GLB_REIMPORT_QA, ViewLayer | Synchronizing object | RJ45_management_symbol_node_0.001
Fra:1 Mem:223.45M (Peak 252.38M) | Time:00:00.24 | Mem:0.00M, Peak:0.00M | GLB_REIMPORT_QA, ViewLayer | Synchronizing object | RJ45_management_symbol_node_-1.001
Fra:1 Mem:223.48M (Peak 252.38M) | Time:00:00.24 | Mem:0.00M, Peak:0.00M | GLB_REIMPORT_QA, ViewLayer | Synchronizing object | RJ45_management_symbol_line.007
Fra:1 Mem:223.48M (Peak 252.38M) | Time:00:00.24 | Mem:0.00M, Peak:0.00M | GLB_REIMPORT_QA, ViewLayer | Synchronizing object | RJ45_management_symbol_line.006
Fra:1 Mem:223.48M (Peak 252.38M) | Time:00:00.24 | Mem:0.00M, Peak:0.00M | GLB_REIMPORT_QA, ViewLayer | Synchronizing object | RJ45_management_symbol_line.005
Fra:1 Mem:223.49M (Peak 252.38M) | Time:00:00.24 | Mem:0.00M, Peak:0.00M | GLB_REIMPORT_QA, ViewLayer | Synchronizing object | RJ45_management_symbol_line.004
Fra:1 Mem:223.49M (Peak 252.38M) | Time:00:00.24 | Mem:0.00M, Peak:0.00M | GLB_REIMPORT_QA, ViewLayer | Synchronizing object | USB_A_metal_shell.001
Fra:1 Mem:223.53M (Peak 252.38M) | Time:00:00.24 | Mem:0.00M, Peak:0.00M | GLB_REIMPORT_QA, ViewLayer | Synchronizing object | USB_A_deep_stop.001
Fra:1 Mem:223.53M (Peak 252.38M) | Time:00:00.24 | Mem:0.00M, Peak:0.00M | GLB_REIMPORT_QA, ViewLayer | Synchronizing object | USB_A_contact_3.001
Fra:1 Mem:223.55M (Peak 252.38M) | Time:00:00.24 | Mem:0.00M, Peak:0.00M | GLB_REIMPORT_QA, ViewLayer | Synchronizing object | USB_A_contact_2.001
Fra:1 Mem:223.57M (Peak 252.38M) | Time:00:00.24 | Mem:0.00M, Peak:0.00M | GLB_REIMPORT_QA, ViewLayer | Synchronizing object | USB_A_contact_1.001
Fra:1 Mem:223.59M (Peak 252.38M) | Time:00:00.24 | Mem:0.00M, Peak:0.00M | GLB_REIMPORT_QA, ViewLayer | Synchronizing object | USB_A_contact_0.001
Fra:1 Mem:223.61M (Peak 252.38M) | Time:00:00.24 | Mem:0.00M, Peak:0.00M | GLB_REIMPORT_QA, ViewLayer | Synchronizing object | USB_A_black_tongue.001
Fra:1 Mem:223.63M (Peak 252.38M) | Time:00:00.24 | Mem:0.00M, Peak:0.00M | GLB_REIMPORT_QA, ViewLayer | Synchronizing object | REAR_STS_unpowered_indicator.001
Fra:1 Mem:223.64M (Peak 252.38M) | Time:00:00.24 | Mem:0.00M, Peak:0.00M | GLB_REIMPORT_QA, ViewLayer | Synchronizing object | REAR_STS_legend.001
Fra:1 Mem:223.68M (Peak 252.38M) | Time:00:00.24 | Mem:0.00M, Peak:0.00M | GLB_REIMPORT_QA, ViewLayer | Synchronizing object | Rear_service_retention_screw.001
Fra:1 Mem:223.71M (Peak 252.38M) | Time:00:00.24 | Mem:0.00M, Peak:0.00M | GLB_REIMPORT_QA, ViewLayer | Synchronizing object | Rear_service_panel_true_apertures.001
Fra:1 Mem:223.37M (Peak 252.38M) | Time:00:00.25 | Mem:0.00M, Peak:0.00M | GLB_REIMPORT_QA, ViewLayer | Synchronizing object | Pair01_internal_cooling_shelf.001
Fra:1 Mem:223.39M (Peak 252.38M) | Time:00:00.25 | Mem:0.00M, Peak:0.00M | GLB_REIMPORT_QA, ViewLayer | Synchronizing object | Pair01_stainless_shell_29mm_deep.001
Fra:1 Mem:223.42M (Peak 252.38M) | Time:00:00.25 | Mem:0.00M, Peak:0.00M | GLB_REIMPORT_QA, ViewLayer | Synchronizing object | Rear_P2_arrow_legend.001
Fra:1 Mem:223.44M (Peak 252.38M) | Time:00:00.25 | Mem:0.00M, Peak:0.00M | GLB_REIMPORT_QA, ViewLayer | Synchronizing object | Fan1_BLUE_release_latch_-1.001
Fra:1 Mem:223.43M (Peak 252.38M) | Time:00:00.25 | Mem:0.00M, Peak:0.00M | GLB_REIMPORT_QA, ViewLayer | Synchronizing object | Mgmt_SFP_recessed_connector_stop.001
Fra:1 Mem:223.44M (Peak 252.38M) | Time:00:00.25 | Mem:0.00M, Peak:0.00M | GLB_REIMPORT_QA, ViewLayer | Synchronizing object | Fan1_BLUE_release_latch_1.001
Fra:1 Mem:223.45M (Peak 252.38M) | Time:00:00.25 | Mem:0.00M, Peak:0.00M | GLB_REIMPORT_QA, ViewLayer | Synchronizing object | Mgmt_SFP_guide_5.001
Fra:1 Mem:223.51M (Peak 252.38M) | Time:00:00.25 | Mem:0.00M, Peak:0.00M | GLB_REIMPORT_QA, ViewLayer | Synchronizing object | Fan1_fine_vertical_thumb_rib_-1_0.001
Fra:1 Mem:223.53M (Peak 252.38M) | Time:00:00.25 | Mem:0.00M, Peak:0.00M | GLB_REIMPORT_QA, ViewLayer | Synchronizing object | Fan1_fine_vertical_thumb_rib_-1_1.001
Fra:1 Mem:223.57M (Peak 252.38M) | Time:00:00.25 | Mem:0.00M, Peak:0.00M | GLB_REIMPORT_QA, ViewLayer | Synchronizing object | Mgmt_SFP_guide_-5.001
Fra:1 Mem:223.55M (Peak 252.38M) | Time:00:00.25 | Mem:0.00M, Peak:0.00M | GLB_REIMPORT_QA, ViewLayer | Synchronizing object | Fan1_fine_vertical_thumb_rib_-1_2.001
Fra:1 Mem:223.59M (Peak 252.38M) | Time:00:00.25 | Mem:0.00M, Peak:0.00M | GLB_REIMPORT_QA, ViewLayer | Synchronizing object | Fan1_fine_vertical_thumb_rib_-1_3.001
Fra:1 Mem:223.58M (Peak 252.38M) | Time:00:00.25 | Mem:0.00M, Peak:0.00M | GLB_REIMPORT_QA, ViewLayer | Synchronizing object | Mgmt_SFP_deep_metal_cage.001
Fra:1 Mem:223.65M (Peak 252.38M) | Time:00:00.25 | Mem:0.00M, Peak:0.00M | GLB_REIMPORT_QA, ViewLayer | Synchronizing object | Fan1_fine_vertical_thumb_rib_-1_4.001
Fra:1 Mem:223.68M (Peak 252.38M) | Time:00:00.25 | Mem:0.00M, Peak:0.00M | GLB_REIMPORT_QA, ViewLayer | Synchronizing object | Fan1_fine_vertical_thumb_rib_-1_5.001
Fra:1 Mem:223.66M (Peak 252.38M) | Time:00:00.25 | Mem:0.00M, Peak:0.00M | GLB_REIMPORT_QA, ViewLayer | Synchronizing object | Mgmt_SFP_contact_9.001
Fra:1 Mem:223.72M (Peak 252.38M) | Time:00:00.25 | Mem:0.00M, Peak:0.00M | GLB_REIMPORT_QA, ViewLayer | Synchronizing object | Mgmt_SFP_contact_8.001
Fra:1 Mem:223.68M (Peak 252.38M) | Time:00:00.25 | Mem:0.00M, Peak:0.00M | GLB_REIMPORT_QA, ViewLayer | Synchronizing object | Fan1_fine_vertical_thumb_rib_-1_6.001
Fra:1 Mem:223.70M (Peak 252.38M) | Time:00:00.25 | Mem:0.00M, Peak:0.00M | GLB_REIMPORT_QA, ViewLayer | Synchronizing object | Mgmt_SFP_contact_7.001
Fra:1 Mem:223.73M (Peak 252.38M) | Time:00:00.25 | Mem:0.00M, Peak:0.00M | GLB_REIMPORT_QA, ViewLayer | Synchronizing object | Mgmt_SFP_contact_6.001
Fra:1 Mem:223.71M (Peak 252.38M) | Time:00:00.25 | Mem:0.00M, Peak:0.00M | GLB_REIMPORT_QA, ViewLayer | Synchronizing object | Mgmt_SFP_contact_5.001
Fra:1 Mem:223.71M (Peak 252.38M) | Time:00:00.25 | Mem:0.00M, Peak:0.00M | GLB_REIMPORT_QA, ViewLayer | Synchronizing object | Fan1_fine_vertical_thumb_rib_-1_7.001
Fra:1 Mem:223.71M (Peak 252.38M) | Time:00:00.25 | Mem:0.00M, Peak:0.00M | GLB_REIMPORT_QA, ViewLayer | Synchronizing object | Mgmt_SFP_contact_4.001
Fra:1 Mem:223.71M (Peak 252.38M) | Time:00:00.25 | Mem:0.00M, Peak:0.00M | GLB_REIMPORT_QA, ViewLayer | Synchronizing object | Mgmt_SFP_contact_3.001
Fra:1 Mem:223.78M (Peak 252.38M) | Time:00:00.25 | Mem:0.00M, Peak:0.00M | GLB_REIMPORT_QA, ViewLayer | Synchronizing object | Mgmt_SFP_contact_2.001
Fra:1 Mem:223.73M (Peak 252.38M) | Time:00:00.25 | Mem:0.00M, Peak:0.00M | GLB_REIMPORT_QA, ViewLayer | Synchronizing object | Fan1_fine_vertical_thumb_rib_-1_8.001
Fra:1 Mem:223.75M (Peak 252.38M) | Time:00:00.25 | Mem:0.00M, Peak:0.00M | GLB_REIMPORT_QA, ViewLayer | Synchronizing object | Mgmt_SFP_contact_1.001
Fra:1 Mem:223.74M (Peak 252.38M) | Time:00:00.25 | Mem:0.00M, Peak:0.00M | GLB_REIMPORT_QA, ViewLayer | Synchronizing object | Mgmt_SFP_contact_0.001
Fra:1 Mem:223.77M (Peak 252.38M) | Time:00:00.25 | Mem:0.00M, Peak:0.00M | GLB_REIMPORT_QA, ViewLayer | Synchronizing object | MANAGEMENT_RJ45_unpowered_corner_LED_5.001
Fra:1 Mem:223.76M (Peak 252.38M) | Time:00:00.25 | Mem:0.00M, Peak:0.00M | GLB_REIMPORT_QA, ViewLayer | Synchronizing object | Fan1_fine_vertical_thumb_rib_-1_9.001
Fra:1 Mem:223.79M (Peak 252.38M) | Time:00:00.25 | Mem:0.00M, Peak:0.00M | GLB_REIMPORT_QA, ViewLayer | Synchronizing object | Fan1_fine_vertical_thumb_rib_1_0.001
Fra:1 Mem:223.81M (Peak 252.38M) | Time:00:00.25 | Mem:0.00M, Peak:0.00M | GLB_REIMPORT_QA, ViewLayer | Synchronizing object | MANAGEMENT_RJ45_unpowered_corner_LED_-5.001
Fra:1 Mem:223.83M (Peak 252.38M) | Time:00:00.25 | Mem:0.00M, Peak:0.00M | GLB_REIMPORT_QA, ViewLayer | Synchronizing object | MANAGEMENT_RJ45_metal_shield.001
Fra:1 Mem:223.87M (Peak 252.38M) | Time:00:00.25 | Mem:0.00M, Peak:0.00M | GLB_REIMPORT_QA, ViewLayer | Synchronizing object | MANAGEMENT_RJ45_keyed_plastic_body.001
Fra:1 Mem:223.88M (Peak 252.38M) | Time:00:00.25 | Mem:0.00M, Peak:0.00M | GLB_REIMPORT_QA, ViewLayer | Synchronizing object | MANAGEMENT_RJ45_deep_connector_stop.001
Fra:1 Mem:223.88M (Peak 252.38M) | Time:00:00.25 | Mem:0.00M, Peak:0.00M | GLB_REIMPORT_QA, ViewLayer | Synchronizing object | MANAGEMENT_RJ45_contact_7.001
Fra:1 Mem:223.90M (Peak 252.38M) | Time:00:00.25 | Mem:0.00M, Peak:0.00M | GLB_REIMPORT_QA, ViewLayer | Synchronizing object | MANAGEMENT_RJ45_contact_6.001
Fra:1 Mem:223.92M (Peak 252.38M) | Time:00:00.25 | Mem:0.00M, Peak:0.00M | GLB_REIMPORT_QA, ViewLayer | Synchronizing object | MANAGEMENT_RJ45_contact_5.001
Fra:1 Mem:223.94M (Peak 252.38M) | Time:00:00.25 | Mem:0.00M, Peak:0.00M | GLB_REIMPORT_QA, ViewLayer | Synchronizing object | MANAGEMENT_RJ45_contact_4.001
Fra:1 Mem:223.96M (Peak 252.38M) | Time:00:00.25 | Mem:0.00M, Peak:0.00M | GLB_REIMPORT_QA, ViewLayer | Synchronizing object | MANAGEMENT_RJ45_contact_3.001
Fra:1 Mem:223.98M (Peak 252.38M) | Time:00:00.25 | Mem:0.00M, Peak:0.00M | GLB_REIMPORT_QA, ViewLayer | Synchronizing object | MANAGEMENT_RJ45_contact_2.001
Fra:1 Mem:223.99M (Peak 252.38M) | Time:00:00.25 | Mem:0.00M, Peak:0.00M | GLB_REIMPORT_QA, ViewLayer | Synchronizing object | MANAGEMENT_RJ45_contact_1.001
Fra:1 Mem:224.01M (Peak 252.38M) | Time:00:00.25 | Mem:0.00M, Peak:0.00M | GLB_REIMPORT_QA, ViewLayer | Synchronizing object | MANAGEMENT_RJ45_contact_0.001
Fra:1 Mem:224.03M (Peak 252.38M) | Time:00:00.25 | Mem:0.00M, Peak:0.00M | GLB_REIMPORT_QA, ViewLayer | Synchronizing object | CONSOLE_RJ45_unpowered_corner_LED_5.001
Fra:1 Mem:224.05M (Peak 252.38M) | Time:00:00.25 | Mem:0.00M, Peak:0.00M | GLB_REIMPORT_QA, ViewLayer | Synchronizing object | CONSOLE_RJ45_unpowered_corner_LED_-5.001
Fra:1 Mem:224.07M (Peak 252.38M) | Time:00:00.25 | Mem:0.00M, Peak:0.00M | GLB_REIMPORT_QA, ViewLayer | Synchronizing object | CONSOLE_RJ45_metal_shield.001
Fra:1 Mem:224.09M (Peak 252.38M) | Time:00:00.25 | Mem:0.00M, Peak:0.00M | GLB_REIMPORT_QA, ViewLayer | Synchronizing object | CONSOLE_RJ45_keyed_plastic_body.001
Fra:1 Mem:224.16M (Peak 252.38M) | Time:00:00.25 | Mem:0.00M, Peak:0.00M | GLB_REIMPORT_QA, ViewLayer | Synchronizing object | CONSOLE_RJ45_deep_connector_stop.001
Fra:1 Mem:224.12M (Peak 252.38M) | Time:00:00.25 | Mem:0.00M, Peak:0.00M | GLB_REIMPORT_QA, ViewLayer | Synchronizing object | CONSOLE_RJ45_contact_7.001
Fra:1 Mem:224.13M (Peak 252.38M) | Time:00:00.25 | Mem:0.00M, Peak:0.00M | GLB_REIMPORT_QA, ViewLayer | Synchronizing object | CONSOLE_RJ45_contact_6.001
Fra:1 Mem:224.15M (Peak 252.38M) | Time:00:00.25 | Mem:0.00M, Peak:0.00M | GLB_REIMPORT_QA, ViewLayer | Synchronizing object | CONSOLE_RJ45_contact_5.001
Fra:1 Mem:224.17M (Peak 252.38M) | Time:00:00.25 | Mem:0.00M, Peak:0.00M | GLB_REIMPORT_QA, ViewLayer | Synchronizing object | CONSOLE_RJ45_contact_4.001
Fra:1 Mem:224.19M (Peak 252.38M) | Time:00:00.25 | Mem:0.00M, Peak:0.00M | GLB_REIMPORT_QA, ViewLayer | Synchronizing object | CONSOLE_RJ45_contact_3.001
Fra:1 Mem:224.21M (Peak 252.38M) | Time:00:00.25 | Mem:0.00M, Peak:0.00M | GLB_REIMPORT_QA, ViewLayer | Synchronizing object | CONSOLE_RJ45_contact_2.001
Fra:1 Mem:224.23M (Peak 252.38M) | Time:00:00.25 | Mem:0.00M, Peak:0.00M | GLB_REIMPORT_QA, ViewLayer | Synchronizing object | CONSOLE_RJ45_contact_1.001
Fra:1 Mem:224.27M (Peak 252.38M) | Time:00:00.25 | Mem:0.00M, Peak:0.00M | GLB_REIMPORT_QA, ViewLayer | Synchronizing object | CONSOLE_RJ45_contact_0.001
Fra:1 Mem:224.29M (Peak 252.38M) | Time:00:00.25 | Mem:0.00M, Peak:0.00M | GLB_REIMPORT_QA, ViewLayer | Synchronizing object | REAR_BCN_unpowered_indicator.001
Fra:1 Mem:224.31M (Peak 252.38M) | Time:00:00.25 | Mem:0.00M, Peak:0.00M | GLB_REIMPORT_QA, ViewLayer | Synchronizing object | REAR_BCN_legend.001
Fra:1 Mem:224.33M (Peak 252.38M) | Time:00:00.25 | Mem:0.00M, Peak:0.00M | GLB_REIMPORT_QA, ViewLayer | Synchronizing object | Console_terminal_symbol.001
Fra:1 Mem:224.36M (Peak 252.38M) | Time:00:00.25 | Mem:0.00M, Peak:0.00M | GLB_REIMPORT_QA, ViewLayer | Synchronizing object | Rear_module_divider_70.001
Fra:1 Mem:224.39M (Peak 252.38M) | Time:00:00.25 | Mem:0.00M, Peak:0.00M | GLB_REIMPORT_QA, ViewLayer | Synchronizing object | Rear_module_divider_160.001
Fra:1 Mem:224.41M (Peak 252.38M) | Time:00:00.25 | Mem:0.00M, Peak:0.00M | GLB_REIMPORT_QA, ViewLayer | Synchronizing object | Rear_module_divider_-20.001
Fra:1 Mem:224.44M (Peak 252.38M) | Time:00:00.25 | Mem:0.00M, Peak:0.00M | GLB_REIMPORT_QA, ViewLayer | Synchronizing object | Rear_module_divider_-160.001
Fra:1 Mem:224.47M (Peak 252.38M) | Time:00:00.25 | Mem:0.00M, Peak:0.00M | GLB_REIMPORT_QA, ViewLayer | Synchronizing object | Rear_module_divider_-110.001
Fra:1 Mem:224.50M (Peak 252.38M) | Time:00:00.25 | Mem:0.00M, Peak:0.00M | GLB_REIMPORT_QA, ViewLayer | Synchronizing object | Rear_horizontal_rim_42.001
Fra:1 Mem:224.50M (Peak 252.38M) | Time:00:00.25 | Mem:0.00M, Peak:0.00M | GLB_REIMPORT_QA, ViewLayer | Synchronizing object | Rear_horizontal_rim_1.001
Fra:1 Mem:224.50M (Peak 252.38M) | Time:00:00.25 | Mem:0.00M, Peak:0.00M | GLB_REIMPORT_QA, ViewLayer | Synchronizing object | PSU2_unpowered_LED_36.001
Fra:1 Mem:224.51M (Peak 252.38M) | Time:00:00.25 | Mem:0.00M, Peak:0.00M | GLB_REIMPORT_QA, ViewLayer | Synchronizing object | PSU2_unpowered_LED_32.001
Fra:1 Mem:224.53M (Peak 252.38M) | Time:00:00.25 | Mem:0.00M, Peak:0.00M | GLB_REIMPORT_QA, ViewLayer | Synchronizing object | PSU2_true_hex_cooling_vents.001
Fra:1 Mem:225.59M (Peak 252.38M) | Time:00:00.26 | Mem:0.00M, Peak:0.00M | GLB_REIMPORT_QA, ViewLayer | Synchronizing object | Fan1_fine_vertical_thumb_rib_1_2.001
Fra:1 Mem:225.71M (Peak 252.38M) | Time:00:00.26 | Mem:0.00M, Peak:0.00M | GLB_REIMPORT_QA, ViewLayer | Synchronizing object | Fan1_fine_vertical_thumb_rib_1_3.001
Fra:1 Mem:225.95M (Peak 252.38M) | Time:00:00.26 | Mem:0.00M, Peak:0.00M | GLB_REIMPORT_QA, ViewLayer | Synchronizing object | Fan1_fine_vertical_thumb_rib_1_4.001
Fra:1 Mem:226.04M (Peak 252.38M) | Time:00:00.26 | Mem:0.00M, Peak:0.00M | GLB_REIMPORT_QA, ViewLayer | Synchronizing object | Fan1_fine_vertical_thumb_rib_1_5.001
Fra:1 Mem:226.06M (Peak 252.38M) | Time:00:00.26 | Mem:0.00M, Peak:0.00M | GLB_REIMPORT_QA, ViewLayer | Synchronizing object | Fan1_fine_vertical_thumb_rib_1_6.001
Fra:1 Mem:226.13M (Peak 252.38M) | Time:00:00.26 | Mem:0.00M, Peak:0.00M | GLB_REIMPORT_QA, ViewLayer | Synchronizing object | Fan1_fine_vertical_thumb_rib_1_7.001
Fra:1 Mem:225.42M (Peak 252.38M) | Time:00:00.26 | Mem:0.00M, Peak:0.00M | GLB_REIMPORT_QA, ViewLayer | Synchronizing object | Fan1_fine_vertical_thumb_rib_1_8.001
Fra:1 Mem:226.06M (Peak 252.38M) | Time:00:00.26 | Mem:0.00M, Peak:0.00M | GLB_REIMPORT_QA, ViewLayer | Synchronizing object | Fan1_fine_vertical_thumb_rib_1_9.001
Fra:1 Mem:226.37M (Peak 252.38M) | Time:00:00.26 | Mem:0.00M, Peak:0.00M | GLB_REIMPORT_QA, ViewLayer | Synchronizing object | Fan1_flush_lock_pin_-39.001
Fra:1 Mem:226.44M (Peak 252.38M) | Time:00:00.26 | Mem:0.00M, Peak:0.00M | GLB_REIMPORT_QA, ViewLayer | Synchronizing object | Fan1_flush_lock_pin_39.001
Fra:1 Mem:226.47M (Peak 252.38M) | Time:00:00.26 | Mem:0.00M, Peak:0.00M | GLB_REIMPORT_QA, ViewLayer | Synchronizing object | Fan1_front_frame.001
Fra:1 Mem:226.49M (Peak 252.38M) | Time:00:00.26 | Mem:0.00M, Peak:0.00M | GLB_REIMPORT_QA, ViewLayer | Synchronizing object | Fan1_known_PID.001
Fra:1 Mem:226.55M (Peak 252.38M) | Time:00:00.26 | Mem:0.00M, Peak:0.00M | GLB_REIMPORT_QA, ViewLayer | Synchronizing object | Fan1_latch_thumb_flare_-1.001
Fra:1 Mem:226.57M (Peak 252.38M) | Time:00:00.26 | Mem:0.00M, Peak:0.00M | GLB_REIMPORT_QA, ViewLayer | Synchronizing object | Fan1_latch_thumb_flare_1.001
Fra:1 Mem:226.59M (Peak 252.38M) | Time:00:00.26 | Mem:0.00M, Peak:0.00M | GLB_REIMPORT_QA, ViewLayer | Synchronizing object | Fan1_molded_trapezoid_pull_handle.001
Fra:1 Mem:225.91M (Peak 252.38M) | Time:00:00.26 | Mem:0.00M, Peak:0.00M | GLB_REIMPORT_QA, ViewLayer | Synchronizing object | PSU2_stowed_nylon_retention_loop.001
Fra:1 Mem:225.94M (Peak 252.38M) | Time:00:00.26 | Mem:0.00M, Peak:0.00M | GLB_REIMPORT_QA, ViewLayer | Synchronizing object | PSU2_silver_U_pull_handle.001
Fra:1 Mem:226.18M (Peak 252.38M) | Time:00:00.26 | Mem:0.00M, Peak:0.00M | GLB_REIMPORT_QA, ViewLayer | Synchronizing object | PSU2_retainer_rib_315.001
Fra:1 Mem:226.20M (Peak 252.38M) | Time:00:00.26 | Mem:0.00M, Peak:0.00M | GLB_REIMPORT_QA, ViewLayer | Synchronizing object | PSU2_retainer_rib_313.001
Fra:1 Mem:226.22M (Peak 252.38M) | Time:00:00.27 | Mem:0.00M, Peak:0.00M | GLB_REIMPORT_QA, ViewLayer | Synchronizing object | PSU2_retainer_rib_311.001
Fra:1 Mem:226.24M (Peak 252.38M) | Time:00:00.27 | Mem:0.00M, Peak:0.00M | GLB_REIMPORT_QA, ViewLayer | Synchronizing object | PSU2_retainer_rib_308.001
Fra:1 Mem:226.26M (Peak 252.38M) | Time:00:00.27 | Mem:0.00M, Peak:0.00M | GLB_REIMPORT_QA, ViewLayer | Synchronizing object | PSU2_retainer_rib_306.001
Fra:1 Mem:226.28M (Peak 252.38M) | Time:00:00.27 | Mem:0.00M, Peak:0.00M | GLB_REIMPORT_QA, ViewLayer | Synchronizing object | PSU2_retainer_rib_304.001
Fra:1 Mem:226.30M (Peak 252.38M) | Time:00:00.27 | Mem:0.00M, Peak:0.00M | GLB_REIMPORT_QA, ViewLayer | Synchronizing object | PSU2_retainer_rib_302.001
Fra:1 Mem:226.32M (Peak 252.38M) | Time:00:00.27 | Mem:0.00M, Peak:0.00M | GLB_REIMPORT_QA, ViewLayer | Synchronizing object | PSU2_retainer_rib_300.001
Fra:1 Mem:226.34M (Peak 252.38M) | Time:00:00.27 | Mem:0.00M, Peak:0.00M | GLB_REIMPORT_QA, ViewLayer | Synchronizing object | PSU2_rear_internal_endcap.001
Fra:1 Mem:226.36M (Peak 252.38M) | Time:00:00.27 | Mem:0.00M, Peak:0.00M | GLB_REIMPORT_QA, ViewLayer | Synchronizing object | PSU2_OK_legend.001
Fra:1 Mem:226.37M (Peak 252.38M) | Time:00:00.27 | Mem:0.00M, Peak:0.00M | GLB_REIMPORT_QA, ViewLayer | Synchronizing object | PSU2_internal_opaque_baffle.001
Fra:1 Mem:226.38M (Peak 252.38M) | Time:00:00.27 | Mem:0.00M, Peak:0.00M | GLB_REIMPORT_QA, ViewLayer | Synchronizing object | PSU2_internal_mating_block.001
Fra:1 Mem:226.40M (Peak 252.38M) | Time:00:00.27 | Mem:0.00M, Peak:0.00M | GLB_REIMPORT_QA, ViewLayer | Synchronizing object | PSU2_inlet_vent_divider.001
Fra:1 Mem:226.40M (Peak 252.38M) | Time:00:00.27 | Mem:0.00M, Peak:0.00M | GLB_REIMPORT_QA, ViewLayer | Synchronizing object | PSU2_IEC_recessed_black_floor.001
Fra:1 Mem:226.40M (Peak 252.38M) | Time:00:00.27 | Mem:0.00M, Peak:0.00M | GLB_REIMPORT_QA, ViewLayer | Synchronizing object | PSU2_IEC_pin_2.001
Fra:1 Mem:226.43M (Peak 252.38M) | Time:00:00.27 | Mem:0.00M, Peak:0.00M | GLB_REIMPORT_QA, ViewLayer | Synchronizing object | PSU2_IEC_pin_1.001
Fra:1 Mem:226.46M (Peak 252.38M) | Time:00:00.27 | Mem:0.00M, Peak:0.00M | GLB_REIMPORT_QA, ViewLayer | Synchronizing object | PSU2_IEC_pin_0.001
Fra:1 Mem:226.58M (Peak 252.38M) | Time:00:00.27 | Mem:0.00M, Peak:0.00M | GLB_REIMPORT_QA, ViewLayer | Synchronizing object | PSU2_IEC_C14_black_inlet_housing.001
Fra:1 Mem:226.57M (Peak 252.38M) | Time:00:00.27 | Mem:0.00M, Peak:0.00M | GLB_REIMPORT_QA, ViewLayer | Synchronizing object | PSU2_front_face_rim.001
Fra:1 Mem:226.62M (Peak 252.38M) | Time:00:00.27 | Mem:0.00M, Peak:0.00M | GLB_REIMPORT_QA, ViewLayer | Synchronizing object | PSU2_formed_silver_shell.001
Fra:1 Mem:226.66M (Peak 252.38M) | Time:00:00.27 | Mem:0.00M, Peak:0.00M | GLB_REIMPORT_QA, ViewLayer | Synchronizing object | PSU2_FAIL_legend.001
Fra:1 Mem:226.66M (Peak 252.38M) | Time:00:00.27 | Mem:0.00M, Peak:0.00M | GLB_REIMPORT_QA, ViewLayer | Synchronizing object | PSU2_face_screw_24.5_4.002
Fra:1 Mem:226.70M (Peak 252.38M) | Time:00:00.27 | Mem:0.00M, Peak:0.00M | GLB_REIMPORT_QA, ViewLayer | Synchronizing object | PSU2_face_screw_24.5_39.001
Fra:1 Mem:226.74M (Peak 252.38M) | Time:00:00.27 | Mem:0.00M, Peak:0.00M | GLB_REIMPORT_QA, ViewLayer | Synchronizing object | PSU2_face_screw_-24.5_4.002
Fra:1 Mem:226.77M (Peak 252.38M) | Time:00:00.27 | Mem:0.00M, Peak:0.00M | GLB_REIMPORT_QA, ViewLayer | Synchronizing object | PSU2_face_screw_-24.5_39.001
Fra:1 Mem:226.81M (Peak 252.38M) | Time:00:00.27 | Mem:0.00M, Peak:0.00M | GLB_REIMPORT_QA, ViewLayer | Synchronizing object | PSU2_cord_retainer_anchor.001
Fra:1 Mem:226.83M (Peak 252.38M) | Time:00:00.27 | Mem:0.00M, Peak:0.00M | GLB_REIMPORT_QA, ViewLayer | Synchronizing object | PSU2_BLUE_release_latch.001
Fra:1 Mem:226.85M (Peak 252.38M) | Time:00:00.27 | Mem:0.00M, Peak:0.00M | GLB_REIMPORT_QA, ViewLayer | Synchronizing object | PSU1_unpowered_LED_36.001
Fra:1 Mem:226.86M (Peak 252.38M) | Time:00:00.27 | Mem:0.00M, Peak:0.00M | GLB_REIMPORT_QA, ViewLayer | Synchronizing object | PSU1_unpowered_LED_32.001
Fra:1 Mem:226.88M (Peak 252.38M) | Time:00:00.27 | Mem:0.00M, Peak:0.00M | GLB_REIMPORT_QA, ViewLayer | Synchronizing object | PSU1_true_hex_cooling_vents.001
Fra:1 Mem:228.36M (Peak 252.38M) | Time:00:00.27 | Mem:0.00M, Peak:0.00M | GLB_REIMPORT_QA, ViewLayer | Synchronizing object | Fan1_PID_label_recess.001
Fra:1 Mem:228.04M (Peak 252.38M) | Time:00:00.28 | Mem:0.00M, Peak:0.00M | GLB_REIMPORT_QA, ViewLayer | Synchronizing object | PSU1_stowed_nylon_retention_loop.001
Fra:1 Mem:228.06M (Peak 252.38M) | Time:00:00.28 | Mem:0.00M, Peak:0.00M | GLB_REIMPORT_QA, ViewLayer | Synchronizing object | PSU1_silver_U_pull_handle.001
Fra:1 Mem:228.31M (Peak 252.38M) | Time:00:00.28 | Mem:0.00M, Peak:0.00M | GLB_REIMPORT_QA, ViewLayer | Synchronizing object | PSU1_retainer_rib_315.001
Fra:1 Mem:228.33M (Peak 252.38M) | Time:00:00.28 | Mem:0.00M, Peak:0.00M | GLB_REIMPORT_QA, ViewLayer | Synchronizing object | PSU1_retainer_rib_313.001
Fra:1 Mem:228.35M (Peak 252.38M) | Time:00:00.28 | Mem:0.00M, Peak:0.00M | GLB_REIMPORT_QA, ViewLayer | Synchronizing object | PSU1_retainer_rib_311.001
Fra:1 Mem:228.37M (Peak 252.38M) | Time:00:00.28 | Mem:0.00M, Peak:0.00M | GLB_REIMPORT_QA, ViewLayer | Synchronizing object | PSU1_retainer_rib_308.001
Fra:1 Mem:228.39M (Peak 252.38M) | Time:00:00.28 | Mem:0.00M, Peak:0.00M | GLB_REIMPORT_QA, ViewLayer | Synchronizing object | PSU1_retainer_rib_306.001
Fra:1 Mem:228.41M (Peak 252.38M) | Time:00:00.28 | Mem:0.00M, Peak:0.00M | GLB_REIMPORT_QA, ViewLayer | Synchronizing object | PSU1_retainer_rib_304.001
Fra:1 Mem:228.43M (Peak 252.38M) | Time:00:00.28 | Mem:0.00M, Peak:0.00M | GLB_REIMPORT_QA, ViewLayer | Synchronizing object | PSU1_retainer_rib_302.001
Fra:1 Mem:228.44M (Peak 252.38M) | Time:00:00.28 | Mem:0.00M, Peak:0.00M | GLB_REIMPORT_QA, ViewLayer | Synchronizing object | PSU1_retainer_rib_300.001
Fra:1 Mem:228.46M (Peak 252.38M) | Time:00:00.28 | Mem:0.00M, Peak:0.00M | GLB_REIMPORT_QA, ViewLayer | Synchronizing object | PSU1_rear_internal_endcap.001
Fra:1 Mem:228.49M (Peak 252.38M) | Time:00:00.28 | Mem:0.00M, Peak:0.00M | GLB_REIMPORT_QA, ViewLayer | Synchronizing object | PSU1_OK_legend.001
Fra:1 Mem:228.50M (Peak 252.38M) | Time:00:00.28 | Mem:0.00M, Peak:0.00M | GLB_REIMPORT_QA, ViewLayer | Synchronizing object | PSU1_internal_opaque_baffle.001
Fra:1 Mem:228.50M (Peak 252.38M) | Time:00:00.28 | Mem:0.00M, Peak:0.00M | GLB_REIMPORT_QA, ViewLayer | Synchronizing object | PSU1_internal_mating_block.001
Fra:1 Mem:228.52M (Peak 252.38M) | Time:00:00.28 | Mem:0.00M, Peak:0.00M | GLB_REIMPORT_QA, ViewLayer | Synchronizing object | PSU1_inlet_vent_divider.001
Fra:1 Mem:228.53M (Peak 252.38M) | Time:00:00.28 | Mem:0.00M, Peak:0.00M | GLB_REIMPORT_QA, ViewLayer | Synchronizing object | PSU1_IEC_recessed_black_floor.001
Fra:1 Mem:228.53M (Peak 252.38M) | Time:00:00.28 | Mem:0.00M, Peak:0.00M | GLB_REIMPORT_QA, ViewLayer | Synchronizing object | PSU1_IEC_pin_2.001
Fra:1 Mem:228.56M (Peak 252.38M) | Time:00:00.28 | Mem:0.00M, Peak:0.00M | GLB_REIMPORT_QA, ViewLayer | Synchronizing object | PSU1_IEC_pin_1.001
Fra:1 Mem:228.58M (Peak 252.38M) | Time:00:00.28 | Mem:0.00M, Peak:0.00M | GLB_REIMPORT_QA, ViewLayer | Synchronizing object | PSU1_IEC_pin_0.001
Fra:1 Mem:228.61M (Peak 252.38M) | Time:00:00.28 | Mem:0.00M, Peak:0.00M | GLB_REIMPORT_QA, ViewLayer | Synchronizing object | PSU1_IEC_C14_black_inlet_housing.001
Fra:1 Mem:228.71M (Peak 252.38M) | Time:00:00.28 | Mem:0.00M, Peak:0.00M | GLB_REIMPORT_QA, ViewLayer | Synchronizing object | PSU1_front_face_rim.001
Fra:1 Mem:228.76M (Peak 252.38M) | Time:00:00.29 | Mem:0.00M, Peak:0.00M | GLB_REIMPORT_QA, ViewLayer | Synchronizing object | PSU1_formed_silver_shell.001
Fra:1 Mem:228.80M (Peak 252.38M) | Time:00:00.29 | Mem:0.00M, Peak:0.00M | GLB_REIMPORT_QA, ViewLayer | Synchronizing object | PSU1_FAIL_legend.001
Fra:1 Mem:228.80M (Peak 252.38M) | Time:00:00.29 | Mem:0.00M, Peak:0.00M | GLB_REIMPORT_QA, ViewLayer | Synchronizing object | PSU1_face_screw_24.5_4.002
Fra:1 Mem:228.84M (Peak 252.38M) | Time:00:00.29 | Mem:0.00M, Peak:0.00M | GLB_REIMPORT_QA, ViewLayer | Synchronizing object | PSU1_face_screw_24.5_39.001
Fra:1 Mem:228.88M (Peak 252.38M) | Time:00:00.29 | Mem:0.00M, Peak:0.00M | GLB_REIMPORT_QA, ViewLayer | Synchronizing object | PSU1_face_screw_-24.5_4.002
Fra:1 Mem:228.91M (Peak 252.38M) | Time:00:00.29 | Mem:0.00M, Peak:0.00M | GLB_REIMPORT_QA, ViewLayer | Synchronizing object | PSU1_face_screw_-24.5_39.001
Fra:1 Mem:228.95M (Peak 252.38M) | Time:00:00.29 | Mem:0.00M, Peak:0.00M | GLB_REIMPORT_QA, ViewLayer | Synchronizing object | PSU1_cord_retainer_anchor.001
Fra:1 Mem:228.97M (Peak 252.38M) | Time:00:00.29 | Mem:0.00M, Peak:0.00M | GLB_REIMPORT_QA, ViewLayer | Synchronizing object | PSU1_BLUE_release_latch.001
Fra:1 Mem:228.96M (Peak 252.38M) | Time:00:00.29 | Mem:0.00M, Peak:0.00M | GLB_REIMPORT_QA, ViewLayer | Synchronizing object | Port_face_solid_punched_panel.001
Fra:1 Mem:228.96M (Peak 252.38M) | Time:00:00.29 | Mem:0.00M, Peak:0.00M | GLB_REIMPORT_QA, ViewLayer | Synchronizing object | Fan1_rear_power_contact_block_-1.001
Fra:1 Mem:233.01M (Peak 252.38M) | Time:00:00.29 | Mem:0.00M, Peak:0.00M | GLB_REIMPORT_QA, ViewLayer | Synchronizing object | Fan1_rear_power_contact_block_1.001
Fra:1 Mem:233.03M (Peak 252.38M) | Time:00:00.29 | Mem:0.00M, Peak:0.00M | GLB_REIMPORT_QA, ViewLayer | Synchronizing object | Fan1_blade_-1_0.001
Fra:1 Mem:233.03M (Peak 252.38M) | Time:00:00.29 | Mem:0.00M, Peak:0.00M | GLB_REIMPORT_QA, ViewLayer | Synchronizing object | Fan1_blade_-1_1.001
Fra:1 Mem:233.03M (Peak 252.38M) | Time:00:00.29 | Mem:0.00M, Peak:0.00M | GLB_REIMPORT_QA, ViewLayer | Synchronizing object | Fan1_blade_-1_2.001
Fra:1 Mem:233.03M (Peak 252.38M) | Time:00:00.29 | Mem:0.00M, Peak:0.00M | GLB_REIMPORT_QA, ViewLayer | Synchronizing object | Fan1_blade_-1_3.001
Fra:1 Mem:233.03M (Peak 252.38M) | Time:00:00.29 | Mem:0.00M, Peak:0.00M | GLB_REIMPORT_QA, ViewLayer | Synchronizing object | Fan1_blade_-1_4.001
Fra:1 Mem:233.04M (Peak 252.38M) | Time:00:00.29 | Mem:0.00M, Peak:0.00M | GLB_REIMPORT_QA, ViewLayer | Synchronizing object | Fan1_blade_-1_5.001
Fra:1 Mem:233.04M (Peak 252.38M) | Time:00:00.29 | Mem:0.00M, Peak:0.00M | GLB_REIMPORT_QA, ViewLayer | Synchronizing object | Fan1_blade_-1_6.001
Fra:1 Mem:233.04M (Peak 252.38M) | Time:00:00.29 | Mem:0.00M, Peak:0.00M | GLB_REIMPORT_QA, ViewLayer | Synchronizing object | Fan1_hub_-1.001
Fra:1 Mem:233.06M (Peak 252.38M) | Time:00:00.29 | Mem:0.00M, Peak:0.00M | GLB_REIMPORT_QA, ViewLayer | Synchronizing object | Fan1_blade_1_0.001
Fra:1 Mem:233.06M (Peak 252.38M) | Time:00:00.29 | Mem:0.00M, Peak:0.00M | GLB_REIMPORT_QA, ViewLayer | Synchronizing object | Fan1_blade_1_1.001
Fra:1 Mem:233.07M (Peak 252.38M) | Time:00:00.29 | Mem:0.00M, Peak:0.00M | GLB_REIMPORT_QA, ViewLayer | Synchronizing object | Fan1_blade_1_2.001
Fra:1 Mem:233.07M (Peak 252.38M) | Time:00:00.29 | Mem:0.00M, Peak:0.00M | GLB_REIMPORT_QA, ViewLayer | Synchronizing object | Fan1_blade_1_3.001
Fra:1 Mem:233.07M (Peak 252.38M) | Time:00:00.29 | Mem:0.00M, Peak:0.00M | GLB_REIMPORT_QA, ViewLayer | Synchronizing object | Fan1_blade_1_4.001
Fra:1 Mem:233.07M (Peak 252.38M) | Time:00:00.29 | Mem:0.00M, Peak:0.00M | GLB_REIMPORT_QA, ViewLayer | Synchronizing object | Fan1_blade_1_5.001
Fra:1 Mem:233.07M (Peak 252.38M) | Time:00:00.29 | Mem:0.00M, Peak:0.00M | GLB_REIMPORT_QA, ViewLayer | Synchronizing object | Fan1_blade_1_6.001
Fra:1 Mem:233.08M (Peak 252.38M) | Time:00:00.29 | Mem:0.00M, Peak:0.00M | GLB_REIMPORT_QA, ViewLayer | Synchronizing object | Fan1_hub_1.001
Fra:1 Mem:233.10M (Peak 252.38M) | Time:00:00.29 | Mem:0.00M, Peak:0.00M | GLB_REIMPORT_QA, ViewLayer | Synchronizing object | Fan1_rotor_housing_-1.001
Fra:1 Mem:233.13M (Peak 252.38M) | Time:00:00.29 | Mem:0.00M, Peak:0.00M | GLB_REIMPORT_QA, ViewLayer | Synchronizing object | Fan1_rotor_housing_1.001
Fra:1 Mem:233.15M (Peak 252.38M) | Time:00:00.29 | Mem:0.00M, Peak:0.00M | GLB_REIMPORT_QA, ViewLayer | Synchronizing object | Fan1_top_retention_rail_-1.001
Fra:1 Mem:233.18M (Peak 252.38M) | Time:00:00.29 | Mem:0.00M, Peak:0.00M | GLB_REIMPORT_QA, ViewLayer | Synchronizing object | Fan1_top_retention_rail_1.001
Fra:1 Mem:233.21M (Peak 252.38M) | Time:00:00.29 | Mem:0.00M, Peak:0.00M | GLB_REIMPORT_QA, ViewLayer | Synchronizing object | Fan1_true_honeycomb_front_grille.001
Fra:1 Mem:256.04M (Peak 258.23M) | Time:00:00.38 | Mem:0.00M, Peak:0.00M | GLB_REIMPORT_QA, ViewLayer | Synchronizing object | Fan2_BLUE_release_latch_-1.001
Fra:1 Mem:256.05M (Peak 258.23M) | Time:00:00.38 | Mem:0.00M, Peak:0.00M | GLB_REIMPORT_QA, ViewLayer | Synchronizing object | Fan2_BLUE_release_latch_1.001
Fra:1 Mem:256.07M (Peak 258.23M) | Time:00:00.38 | Mem:0.00M, Peak:0.00M | GLB_REIMPORT_QA, ViewLayer | Synchronizing object | Fan2_fine_vertical_thumb_rib_-1_0.001
Fra:1 Mem:256.09M (Peak 258.23M) | Time:00:00.39 | Mem:0.00M, Peak:0.00M | GLB_REIMPORT_QA, ViewLayer | Synchronizing object | Fan2_fine_vertical_thumb_rib_-1_1.001
Fra:1 Mem:256.11M (Peak 258.23M) | Time:00:00.39 | Mem:0.00M, Peak:0.00M | GLB_REIMPORT_QA, ViewLayer | Synchronizing object | Fan2_fine_vertical_thumb_rib_-1_2.001
Fra:1 Mem:256.13M (Peak 258.23M) | Time:00:00.39 | Mem:0.00M, Peak:0.00M | GLB_REIMPORT_QA, ViewLayer | Synchronizing object | Fan2_fine_vertical_thumb_rib_-1_3.001
Fra:1 Mem:256.15M (Peak 258.23M) | Time:00:00.39 | Mem:0.00M, Peak:0.00M | GLB_REIMPORT_QA, ViewLayer | Synchronizing object | Fan2_fine_vertical_thumb_rib_-1_4.001
Fra:1 Mem:256.17M (Peak 258.23M) | Time:00:00.39 | Mem:0.00M, Peak:0.00M | GLB_REIMPORT_QA, ViewLayer | Synchronizing object | Fan2_fine_vertical_thumb_rib_-1_5.001
Fra:1 Mem:256.19M (Peak 258.23M) | Time:00:00.39 | Mem:0.00M, Peak:0.00M | GLB_REIMPORT_QA, ViewLayer | Synchronizing object | Fan2_fine_vertical_thumb_rib_-1_6.001
Fra:1 Mem:256.23M (Peak 258.23M) | Time:00:00.39 | Mem:0.00M, Peak:0.00M | GLB_REIMPORT_QA, ViewLayer | Synchronizing object | Fan2_fine_vertical_thumb_rib_-1_7.001
Fra:1 Mem:256.24M (Peak 258.23M) | Time:00:00.39 | Mem:0.00M, Peak:0.00M | GLB_REIMPORT_QA, ViewLayer | Synchronizing object | Fan2_fine_vertical_thumb_rib_-1_8.001
Fra:1 Mem:256.26M (Peak 258.23M) | Time:00:00.39 | Mem:0.00M, Peak:0.00M | GLB_REIMPORT_QA, ViewLayer | Synchronizing object | Fan2_fine_vertical_thumb_rib_-1_9.001
Fra:1 Mem:256.28M (Peak 258.23M) | Time:00:00.39 | Mem:0.00M, Peak:0.00M | GLB_REIMPORT_QA, ViewLayer | Synchronizing object | Fan2_fine_vertical_thumb_rib_1_0.001
Fra:1 Mem:256.30M (Peak 258.23M) | Time:00:00.39 | Mem:0.00M, Peak:0.00M | GLB_REIMPORT_QA, ViewLayer | Synchronizing object | Fan2_fine_vertical_thumb_rib_1_1.001
Fra:1 Mem:256.32M (Peak 258.23M) | Time:00:00.39 | Mem:0.00M, Peak:0.00M | GLB_REIMPORT_QA, ViewLayer | Synchronizing object | Fan2_fine_vertical_thumb_rib_1_2.001
Fra:1 Mem:256.34M (Peak 258.23M) | Time:00:00.39 | Mem:0.00M, Peak:0.00M | GLB_REIMPORT_QA, ViewLayer | Synchronizing object | Fan2_fine_vertical_thumb_rib_1_3.001
Fra:1 Mem:256.36M (Peak 258.23M) | Time:00:00.39 | Mem:0.00M, Peak:0.00M | GLB_REIMPORT_QA, ViewLayer | Synchronizing object | Fan2_fine_vertical_thumb_rib_1_4.001
Fra:1 Mem:256.38M (Peak 258.23M) | Time:00:00.39 | Mem:0.00M, Peak:0.00M | GLB_REIMPORT_QA, ViewLayer | Synchronizing object | Fan2_fine_vertical_thumb_rib_1_5.001
Fra:1 Mem:256.40M (Peak 258.23M) | Time:00:00.39 | Mem:0.00M, Peak:0.00M | GLB_REIMPORT_QA, ViewLayer | Synchronizing object | Fan2_fine_vertical_thumb_rib_1_6.001
Fra:1 Mem:256.42M (Peak 258.23M) | Time:00:00.39 | Mem:0.00M, Peak:0.00M | GLB_REIMPORT_QA, ViewLayer | Synchronizing object | Fan2_fine_vertical_thumb_rib_1_7.001
Fra:1 Mem:256.44M (Peak 258.23M) | Time:00:00.39 | Mem:0.00M, Peak:0.00M | GLB_REIMPORT_QA, ViewLayer | Synchronizing object | Fan2_fine_vertical_thumb_rib_1_8.001
Fra:1 Mem:256.46M (Peak 258.23M) | Time:00:00.39 | Mem:0.00M, Peak:0.00M | GLB_REIMPORT_QA, ViewLayer | Synchronizing object | Fan2_fine_vertical_thumb_rib_1_9.001
Fra:1 Mem:256.48M (Peak 258.23M) | Time:00:00.39 | Mem:0.00M, Peak:0.00M | GLB_REIMPORT_QA, ViewLayer | Synchronizing object | Fan2_flush_lock_pin_-39.001
Fra:1 Mem:256.50M (Peak 258.23M) | Time:00:00.39 | Mem:0.00M, Peak:0.00M | GLB_REIMPORT_QA, ViewLayer | Synchronizing object | Fan2_flush_lock_pin_39.001
Fra:1 Mem:256.52M (Peak 258.23M) | Time:00:00.39 | Mem:0.00M, Peak:0.00M | GLB_REIMPORT_QA, ViewLayer | Synchronizing object | Fan2_front_frame.001
Fra:1 Mem:256.55M (Peak 258.23M) | Time:00:00.39 | Mem:0.00M, Peak:0.00M | GLB_REIMPORT_QA, ViewLayer | Synchronizing object | Fan2_known_PID.001
Fra:1 Mem:256.61M (Peak 258.23M) | Time:00:00.39 | Mem:0.00M, Peak:0.00M | GLB_REIMPORT_QA, ViewLayer | Synchronizing object | Fan2_latch_thumb_flare_-1.001
Fra:1 Mem:256.63M (Peak 258.23M) | Time:00:00.39 | Mem:0.00M, Peak:0.00M | GLB_REIMPORT_QA, ViewLayer | Synchronizing object | Fan2_latch_thumb_flare_1.001
Fra:1 Mem:256.65M (Peak 258.23M) | Time:00:00.39 | Mem:0.00M, Peak:0.00M | GLB_REIMPORT_QA, ViewLayer | Synchronizing object | Fan2_molded_trapezoid_pull_handle.001
Fra:1 Mem:256.78M (Peak 258.23M) | Time:00:00.40 | Mem:0.00M, Peak:0.00M | GLB_REIMPORT_QA, ViewLayer | Synchronizing object | Fan2_PID_label_recess.001
Fra:1 Mem:256.80M (Peak 258.23M) | Time:00:00.40 | Mem:0.00M, Peak:0.00M | GLB_REIMPORT_QA, ViewLayer | Synchronizing object | Fan2_rear_power_contact_block_-1.001
Fra:1 Mem:256.82M (Peak 258.23M) | Time:00:00.40 | Mem:0.00M, Peak:0.00M | GLB_REIMPORT_QA, ViewLayer | Synchronizing object | Fan2_rear_power_contact_block_1.001
Fra:1 Mem:256.84M (Peak 258.23M) | Time:00:00.40 | Mem:0.00M, Peak:0.00M | GLB_REIMPORT_QA, ViewLayer | Synchronizing object | Fan2_blade_-1_0.001
Fra:1 Mem:256.84M (Peak 258.23M) | Time:00:00.40 | Mem:0.00M, Peak:0.00M | GLB_REIMPORT_QA, ViewLayer | Synchronizing object | Fan2_blade_-1_1.001
Fra:1 Mem:256.84M (Peak 258.23M) | Time:00:00.40 | Mem:0.00M, Peak:0.00M | GLB_REIMPORT_QA, ViewLayer | Synchronizing object | Fan2_blade_-1_2.001
Fra:1 Mem:256.84M (Peak 258.23M) | Time:00:00.40 | Mem:0.00M, Peak:0.00M | GLB_REIMPORT_QA, ViewLayer | Synchronizing object | Fan2_blade_-1_3.001
Fra:1 Mem:256.85M (Peak 258.23M) | Time:00:00.40 | Mem:0.00M, Peak:0.00M | GLB_REIMPORT_QA, ViewLayer | Synchronizing object | Fan2_blade_-1_4.001
Fra:1 Mem:257.21M (Peak 258.23M) | Time:00:00.40 | Mem:0.00M, Peak:0.00M | GLB_REIMPORT_QA, ViewLayer | Synchronizing object | Fan2_blade_-1_5.001
Fra:1 Mem:258.05M (Peak 258.23M) | Time:00:00.40 | Mem:0.00M, Peak:0.00M | GLB_REIMPORT_QA, ViewLayer | Synchronizing object | Fan2_blade_-1_6.001
Fra:1 Mem:258.05M (Peak 258.23M) | Time:00:00.40 | Mem:0.00M, Peak:0.00M | GLB_REIMPORT_QA, ViewLayer | Synchronizing object | Fan2_hub_-1.001
Fra:1 Mem:258.07M (Peak 258.23M) | Time:00:00.40 | Mem:0.00M, Peak:0.00M | GLB_REIMPORT_QA, ViewLayer | Synchronizing object | Fan2_blade_1_0.001
Fra:1 Mem:258.07M (Peak 258.23M) | Time:00:00.40 | Mem:0.00M, Peak:0.00M | GLB_REIMPORT_QA, ViewLayer | Synchronizing object | Fan2_blade_1_1.001
Fra:1 Mem:258.08M (Peak 258.23M) | Time:00:00.40 | Mem:0.00M, Peak:0.00M | GLB_REIMPORT_QA, ViewLayer | Synchronizing object | Fan2_blade_1_2.001
Fra:1 Mem:258.08M (Peak 258.23M) | Time:00:00.40 | Mem:0.00M, Peak:0.00M | GLB_REIMPORT_QA, ViewLayer | Synchronizing object | Fan2_blade_1_3.001
Fra:1 Mem:258.08M (Peak 258.23M) | Time:00:00.40 | Mem:0.00M, Peak:0.00M | GLB_REIMPORT_QA, ViewLayer | Synchronizing object | Fan2_blade_1_4.001
Fra:1 Mem:258.08M (Peak 258.23M) | Time:00:00.40 | Mem:0.00M, Peak:0.00M | GLB_REIMPORT_QA, ViewLayer | Synchronizing object | Fan2_blade_1_5.001
Fra:1 Mem:258.08M (Peak 258.23M) | Time:00:00.40 | Mem:0.00M, Peak:0.00M | GLB_REIMPORT_QA, ViewLayer | Synchronizing object | Fan2_blade_1_6.001
Fra:1 Mem:258.09M (Peak 258.23M) | Time:00:00.40 | Mem:0.00M, Peak:0.00M | GLB_REIMPORT_QA, ViewLayer | Synchronizing object | Fan2_hub_1.001
Fra:1 Mem:258.11M (Peak 258.23M) | Time:00:00.40 | Mem:0.00M, Peak:0.00M | GLB_REIMPORT_QA, ViewLayer | Synchronizing object | Fan2_rotor_housing_-1.001
Fra:1 Mem:258.14M (Peak 258.23M) | Time:00:00.40 | Mem:0.00M, Peak:0.00M | GLB_REIMPORT_QA, ViewLayer | Synchronizing object | Fan2_rotor_housing_1.001
Fra:1 Mem:258.16M (Peak 258.23M) | Time:00:00.40 | Mem:0.00M, Peak:0.00M | GLB_REIMPORT_QA, ViewLayer | Synchronizing object | Fan2_top_retention_rail_-1.001
Fra:1 Mem:258.19M (Peak 258.23M) | Time:00:00.40 | Mem:0.00M, Peak:0.00M | GLB_REIMPORT_QA, ViewLayer | Synchronizing object | Fan2_top_retention_rail_1.001
Fra:1 Mem:258.22M (Peak 258.23M) | Time:00:00.40 | Mem:0.00M, Peak:0.00M | GLB_REIMPORT_QA, ViewLayer | Synchronizing object | Fan2_true_honeycomb_front_grille.001
Fra:1 Mem:268.49M (Peak 272.64M) | Time:00:00.46 | Mem:0.00M, Peak:0.00M | GLB_REIMPORT_QA, ViewLayer | Synchronizing object | Fan3_BLUE_release_latch_-1.001
Fra:1 Mem:268.51M (Peak 272.64M) | Time:00:00.46 | Mem:0.00M, Peak:0.00M | GLB_REIMPORT_QA, ViewLayer | Synchronizing object | Fan3_BLUE_release_latch_1.001
Fra:1 Mem:268.53M (Peak 272.64M) | Time:00:00.46 | Mem:0.00M, Peak:0.00M | GLB_REIMPORT_QA, ViewLayer | Synchronizing object | Fan3_fine_vertical_thumb_rib_-1_0.001
Fra:1 Mem:268.55M (Peak 272.64M) | Time:00:00.46 | Mem:0.00M, Peak:0.00M | GLB_REIMPORT_QA, ViewLayer | Synchronizing object | Fan3_fine_vertical_thumb_rib_-1_1.001
Fra:1 Mem:268.57M (Peak 272.64M) | Time:00:00.46 | Mem:0.00M, Peak:0.00M | GLB_REIMPORT_QA, ViewLayer | Synchronizing object | Fan3_fine_vertical_thumb_rib_-1_2.001
Fra:1 Mem:268.59M (Peak 272.64M) | Time:00:00.46 | Mem:0.00M, Peak:0.00M | GLB_REIMPORT_QA, ViewLayer | Synchronizing object | Fan3_fine_vertical_thumb_rib_-1_3.001
Fra:1 Mem:268.61M (Peak 272.64M) | Time:00:00.46 | Mem:0.00M, Peak:0.00M | GLB_REIMPORT_QA, ViewLayer | Synchronizing object | Fan3_fine_vertical_thumb_rib_-1_4.001
Fra:1 Mem:268.63M (Peak 272.64M) | Time:00:00.46 | Mem:0.00M, Peak:0.00M | GLB_REIMPORT_QA, ViewLayer | Synchronizing object | Fan3_fine_vertical_thumb_rib_-1_5.001
Fra:1 Mem:268.65M (Peak 272.64M) | Time:00:00.46 | Mem:0.00M, Peak:0.00M | GLB_REIMPORT_QA, ViewLayer | Synchronizing object | Fan3_fine_vertical_thumb_rib_-1_6.001
Fra:1 Mem:268.67M (Peak 272.64M) | Time:00:00.46 | Mem:0.00M, Peak:0.00M | GLB_REIMPORT_QA, ViewLayer | Synchronizing object | Fan3_fine_vertical_thumb_rib_-1_7.001
Fra:1 Mem:268.69M (Peak 272.64M) | Time:00:00.46 | Mem:0.00M, Peak:0.00M | GLB_REIMPORT_QA, ViewLayer | Synchronizing object | Fan3_fine_vertical_thumb_rib_-1_8.001
Fra:1 Mem:268.71M (Peak 272.64M) | Time:00:00.46 | Mem:0.00M, Peak:0.00M | GLB_REIMPORT_QA, ViewLayer | Synchronizing object | Fan3_fine_vertical_thumb_rib_-1_9.001
Fra:1 Mem:268.73M (Peak 272.64M) | Time:00:00.46 | Mem:0.00M, Peak:0.00M | GLB_REIMPORT_QA, ViewLayer | Synchronizing object | Fan3_fine_vertical_thumb_rib_1_0.001
Fra:1 Mem:268.74M (Peak 272.64M) | Time:00:00.46 | Mem:0.00M, Peak:0.00M | GLB_REIMPORT_QA, ViewLayer | Synchronizing object | Fan3_fine_vertical_thumb_rib_1_1.001
Fra:1 Mem:268.76M (Peak 272.64M) | Time:00:00.46 | Mem:0.00M, Peak:0.00M | GLB_REIMPORT_QA, ViewLayer | Synchronizing object | Fan3_fine_vertical_thumb_rib_1_2.001
Fra:1 Mem:268.78M (Peak 272.64M) | Time:00:00.46 | Mem:0.00M, Peak:0.00M | GLB_REIMPORT_QA, ViewLayer | Synchronizing object | Fan3_fine_vertical_thumb_rib_1_3.001
Fra:1 Mem:268.80M (Peak 272.64M) | Time:00:00.46 | Mem:0.00M, Peak:0.00M | GLB_REIMPORT_QA, ViewLayer | Synchronizing object | Fan3_fine_vertical_thumb_rib_1_4.001
Fra:1 Mem:268.82M (Peak 272.64M) | Time:00:00.46 | Mem:0.00M, Peak:0.00M | GLB_REIMPORT_QA, ViewLayer | Synchronizing object | Fan3_fine_vertical_thumb_rib_1_5.001
Fra:1 Mem:268.84M (Peak 272.64M) | Time:00:00.46 | Mem:0.00M, Peak:0.00M | GLB_REIMPORT_QA, ViewLayer | Synchronizing object | Fan3_fine_vertical_thumb_rib_1_6.001
Fra:1 Mem:268.86M (Peak 272.64M) | Time:00:00.46 | Mem:0.00M, Peak:0.00M | GLB_REIMPORT_QA, ViewLayer | Synchronizing object | Fan3_fine_vertical_thumb_rib_1_7.001
Fra:1 Mem:268.88M (Peak 272.64M) | Time:00:00.46 | Mem:0.00M, Peak:0.00M | GLB_REIMPORT_QA, ViewLayer | Synchronizing object | Fan3_fine_vertical_thumb_rib_1_8.001
Fra:1 Mem:268.90M (Peak 272.64M) | Time:00:00.46 | Mem:0.00M, Peak:0.00M | GLB_REIMPORT_QA, ViewLayer | Synchronizing object | Fan3_fine_vertical_thumb_rib_1_9.001
Fra:1 Mem:268.92M (Peak 272.64M) | Time:00:00.47 | Mem:0.00M, Peak:0.00M | GLB_REIMPORT_QA, ViewLayer | Synchronizing object | Fan3_flush_lock_pin_-39.001
Fra:1 Mem:268.94M (Peak 272.64M) | Time:00:00.47 | Mem:0.00M, Peak:0.00M | GLB_REIMPORT_QA, ViewLayer | Synchronizing object | Fan3_flush_lock_pin_39.001
Fra:1 Mem:268.96M (Peak 272.64M) | Time:00:00.47 | Mem:0.00M, Peak:0.00M | GLB_REIMPORT_QA, ViewLayer | Synchronizing object | Fan3_front_frame.001
Fra:1 Mem:268.99M (Peak 272.64M) | Time:00:00.47 | Mem:0.00M, Peak:0.00M | GLB_REIMPORT_QA, ViewLayer | Synchronizing object | Fan3_known_PID.001
Fra:1 Mem:269.05M (Peak 272.64M) | Time:00:00.47 | Mem:0.00M, Peak:0.00M | GLB_REIMPORT_QA, ViewLayer | Synchronizing object | Fan3_latch_thumb_flare_-1.001
Fra:1 Mem:269.07M (Peak 272.64M) | Time:00:00.47 | Mem:0.00M, Peak:0.00M | GLB_REIMPORT_QA, ViewLayer | Synchronizing object | Fan3_latch_thumb_flare_1.001
Fra:1 Mem:269.09M (Peak 272.64M) | Time:00:00.47 | Mem:0.00M, Peak:0.00M | GLB_REIMPORT_QA, ViewLayer | Synchronizing object | Fan3_molded_trapezoid_pull_handle.001
Fra:1 Mem:269.21M (Peak 272.64M) | Time:00:00.47 | Mem:0.00M, Peak:0.00M | GLB_REIMPORT_QA, ViewLayer | Synchronizing object | Fan3_PID_label_recess.001
Fra:1 Mem:269.22M (Peak 272.64M) | Time:00:00.47 | Mem:0.00M, Peak:0.00M | GLB_REIMPORT_QA, ViewLayer | Synchronizing object | Fan3_rear_power_contact_block_-1.001
Fra:1 Mem:269.24M (Peak 272.64M) | Time:00:00.47 | Mem:0.00M, Peak:0.00M | GLB_REIMPORT_QA, ViewLayer | Synchronizing object | Fan3_rear_power_contact_block_1.001
Fra:1 Mem:269.26M (Peak 272.64M) | Time:00:00.47 | Mem:0.00M, Peak:0.00M | GLB_REIMPORT_QA, ViewLayer | Synchronizing object | Fan3_blade_-1_0.001
Fra:1 Mem:269.26M (Peak 272.64M) | Time:00:00.47 | Mem:0.00M, Peak:0.00M | GLB_REIMPORT_QA, ViewLayer | Synchronizing object | Fan3_blade_-1_1.001
Fra:1 Mem:269.27M (Peak 272.64M) | Time:00:00.47 | Mem:0.00M, Peak:0.00M | GLB_REIMPORT_QA, ViewLayer | Synchronizing object | Fan3_blade_-1_2.001
Fra:1 Mem:269.27M (Peak 272.64M) | Time:00:00.47 | Mem:0.00M, Peak:0.00M | GLB_REIMPORT_QA, ViewLayer | Synchronizing object | Fan3_blade_-1_3.001
Fra:1 Mem:269.27M (Peak 272.64M) | Time:00:00.47 | Mem:0.00M, Peak:0.00M | GLB_REIMPORT_QA, ViewLayer | Synchronizing object | Fan3_blade_-1_4.001
Fra:1 Mem:269.27M (Peak 272.64M) | Time:00:00.47 | Mem:0.00M, Peak:0.00M | GLB_REIMPORT_QA, ViewLayer | Synchronizing object | Fan3_blade_-1_5.001
Fra:1 Mem:269.27M (Peak 272.64M) | Time:00:00.47 | Mem:0.00M, Peak:0.00M | GLB_REIMPORT_QA, ViewLayer | Synchronizing object | Fan3_blade_-1_6.001
Fra:1 Mem:269.28M (Peak 272.64M) | Time:00:00.47 | Mem:0.00M, Peak:0.00M | GLB_REIMPORT_QA, ViewLayer | Synchronizing object | Fan3_hub_-1.001
Fra:1 Mem:269.30M (Peak 272.64M) | Time:00:00.47 | Mem:0.00M, Peak:0.00M | GLB_REIMPORT_QA, ViewLayer | Synchronizing object | Fan3_blade_1_0.001
Fra:1 Mem:269.30M (Peak 272.64M) | Time:00:00.47 | Mem:0.00M, Peak:0.00M | GLB_REIMPORT_QA, ViewLayer | Synchronizing object | Fan3_blade_1_1.001
Fra:1 Mem:269.30M (Peak 272.64M) | Time:00:00.47 | Mem:0.00M, Peak:0.00M | GLB_REIMPORT_QA, ViewLayer | Synchronizing object | Fan3_blade_1_2.001
Fra:1 Mem:269.30M (Peak 272.64M) | Time:00:00.47 | Mem:0.00M, Peak:0.00M | GLB_REIMPORT_QA, ViewLayer | Synchronizing object | Fan3_blade_1_3.001
Fra:1 Mem:269.31M (Peak 272.64M) | Time:00:00.47 | Mem:0.00M, Peak:0.00M | GLB_REIMPORT_QA, ViewLayer | Synchronizing object | Fan3_blade_1_4.001
Fra:1 Mem:269.31M (Peak 272.64M) | Time:00:00.47 | Mem:0.00M, Peak:0.00M | GLB_REIMPORT_QA, ViewLayer | Synchronizing object | Fan3_blade_1_5.001
Fra:1 Mem:269.31M (Peak 272.64M) | Time:00:00.47 | Mem:0.00M, Peak:0.00M | GLB_REIMPORT_QA, ViewLayer | Synchronizing object | Fan3_blade_1_6.001
Fra:1 Mem:269.31M (Peak 272.64M) | Time:00:00.47 | Mem:0.00M, Peak:0.00M | GLB_REIMPORT_QA, ViewLayer | Synchronizing object | Fan3_hub_1.001
Fra:1 Mem:269.33M (Peak 272.64M) | Time:00:00.47 | Mem:0.00M, Peak:0.00M | GLB_REIMPORT_QA, ViewLayer | Synchronizing object | Fan3_rotor_housing_-1.001
Fra:1 Mem:269.36M (Peak 272.64M) | Time:00:00.47 | Mem:0.00M, Peak:0.00M | GLB_REIMPORT_QA, ViewLayer | Synchronizing object | Fan3_rotor_housing_1.001
Fra:1 Mem:269.39M (Peak 272.64M) | Time:00:00.47 | Mem:0.00M, Peak:0.00M | GLB_REIMPORT_QA, ViewLayer | Synchronizing object | Fan3_top_retention_rail_-1.001
Fra:1 Mem:269.42M (Peak 272.64M) | Time:00:00.47 | Mem:0.00M, Peak:0.00M | GLB_REIMPORT_QA, ViewLayer | Synchronizing object | Fan3_top_retention_rail_1.001
Fra:1 Mem:269.45M (Peak 272.64M) | Time:00:00.47 | Mem:0.00M, Peak:0.00M | GLB_REIMPORT_QA, ViewLayer | Synchronizing object | Fan3_true_honeycomb_front_grille.001
Fra:1 Mem:272.78M (Peak 275.45M) | Time:00:00.50 | Mem:0.00M, Peak:0.00M | GLB_REIMPORT_QA, ViewLayer | Synchronizing object | Cisco_brand_wordmark.001
Fra:1 Mem:272.82M (Peak 275.45M) | Time:00:00.50 | Mem:0.00M, Peak:0.00M | GLB_REIMPORT_QA, ViewLayer | Synchronizing object | Cisco_bridge_bar_1.001
Fra:1 Mem:272.83M (Peak 275.45M) | Time:00:00.50 | Mem:0.00M, Peak:0.00M | GLB_REIMPORT_QA, ViewLayer | Synchronizing object | Cisco_bridge_bar_2.001
Fra:1 Mem:272.85M (Peak 275.45M) | Time:00:00.50 | Mem:0.00M, Peak:0.00M | GLB_REIMPORT_QA, ViewLayer | Synchronizing object | Cisco_bridge_bar_3.001
Fra:1 Mem:272.86M (Peak 275.45M) | Time:00:00.50 | Mem:0.00M, Peak:0.00M | GLB_REIMPORT_QA, ViewLayer | Synchronizing object | Cisco_bridge_bar_4.001
Fra:1 Mem:272.88M (Peak 275.45M) | Time:00:00.50 | Mem:0.00M, Peak:0.00M | GLB_REIMPORT_QA, ViewLayer | Synchronizing object | Cisco_bridge_bar_5.001
Fra:1 Mem:272.90M (Peak 275.45M) | Time:00:00.50 | Mem:0.00M, Peak:0.00M | GLB_REIMPORT_QA, ViewLayer | Synchronizing object | Cisco_bridge_bar_6.001
Fra:1 Mem:272.91M (Peak 275.45M) | Time:00:00.50 | Mem:0.00M, Peak:0.00M | GLB_REIMPORT_QA, ViewLayer | Synchronizing object | Cisco_bridge_bar_7.001
Fra:1 Mem:272.93M (Peak 275.45M) | Time:00:00.50 | Mem:0.00M, Peak:0.00M | GLB_REIMPORT_QA, ViewLayer | Synchronizing object | Cisco_bridge_bar_8.001
Fra:1 Mem:272.94M (Peak 275.45M) | Time:00:00.50 | Mem:0.00M, Peak:0.00M | GLB_REIMPORT_QA, ViewLayer | Synchronizing object | Cisco_bridge_bar_9.001
Fra:1 Mem:272.96M (Peak 275.45M) | Time:00:00.50 | Mem:0.00M, Peak:0.00M | GLB_REIMPORT_QA, ViewLayer | Synchronizing object | Cisco_product_family_line_1.001
Fra:1 Mem:273.00M (Peak 275.45M) | Time:00:00.50 | Mem:0.00M, Peak:0.00M | GLB_REIMPORT_QA, ViewLayer | Synchronizing object | Cisco_product_family_line_2.001
Fra:1 Mem:273.03M (Peak 275.45M) | Time:00:00.50 | Mem:0.00M, Peak:0.00M | GLB_REIMPORT_QA, ViewLayer | Synchronizing object | Correct_factory_PID.001
Fra:1 Mem:273.12M (Peak 275.45M) | Time:00:00.50 | Mem:0.00M, Peak:0.00M | GLB_REIMPORT_QA, ViewLayer | Synchronizing object | FRONT_1_legend.001
Fra:1 Mem:273.12M (Peak 275.45M) | Time:00:00.50 | Mem:0.00M, Peak:0.00M | GLB_REIMPORT_QA, ViewLayer | Synchronizing object | FRONT_1_unpowered_lens.001
Fra:1 Mem:273.17M (Peak 275.45M) | Time:00:00.51 | Mem:0.00M, Peak:0.00M | GLB_REIMPORT_QA, ViewLayer | Synchronizing object | FRONT_2_legend.001
Fra:1 Mem:273.18M (Peak 275.45M) | Time:00:00.51 | Mem:0.00M, Peak:0.00M | GLB_REIMPORT_QA, ViewLayer | Synchronizing object | FRONT_2_unpowered_lens.001
Fra:1 Mem:273.22M (Peak 275.45M) | Time:00:00.51 | Mem:0.00M, Peak:0.00M | GLB_REIMPORT_QA, ViewLayer | Synchronizing object | FRONT_3_legend.001
Fra:1 Mem:273.23M (Peak 275.45M) | Time:00:00.51 | Mem:0.00M, Peak:0.00M | GLB_REIMPORT_QA, ViewLayer | Synchronizing object | FRONT_3_unpowered_lens.001
Fra:1 Mem:273.27M (Peak 275.45M) | Time:00:00.51 | Mem:0.00M, Peak:0.00M | GLB_REIMPORT_QA, ViewLayer | Synchronizing object | FRONT_4_legend.001
Fra:1 Mem:273.27M (Peak 275.45M) | Time:00:00.51 | Mem:0.00M, Peak:0.00M | GLB_REIMPORT_QA, ViewLayer | Synchronizing object | FRONT_4_unpowered_lens.001
Fra:1 Mem:273.32M (Peak 275.45M) | Time:00:00.51 | Mem:0.00M, Peak:0.00M | GLB_REIMPORT_QA, ViewLayer | Synchronizing object | FRONT_BCN_legend.001
Fra:1 Mem:273.34M (Peak 275.45M) | Time:00:00.51 | Mem:0.00M, Peak:0.00M | GLB_REIMPORT_QA, ViewLayer | Synchronizing object | FRONT_BCN_unpowered_lens.001
Fra:1 Mem:273.38M (Peak 275.45M) | Time:00:00.51 | Mem:0.00M, Peak:0.00M | GLB_REIMPORT_QA, ViewLayer | Synchronizing object | FRONT_ENV_legend.001
Fra:1 Mem:273.38M (Peak 275.45M) | Time:00:00.51 | Mem:0.00M, Peak:0.00M | GLB_REIMPORT_QA, ViewLayer | Synchronizing object | FRONT_ENV_unpowered_lens.001
Fra:1 Mem:273.42M (Peak 275.45M) | Time:00:00.51 | Mem:0.00M, Peak:0.00M | GLB_REIMPORT_QA, ViewLayer | Synchronizing object | FRONT_STS_legend.001
Fra:1 Mem:273.45M (Peak 275.45M) | Time:00:00.51 | Mem:0.00M, Peak:0.00M | GLB_REIMPORT_QA, ViewLayer | Synchronizing object | FRONT_STS_unpowered_lens.001
Fra:1 Mem:273.50M (Peak 275.45M) | Time:00:00.51 | Mem:0.00M, Peak:0.00M | GLB_REIMPORT_QA, ViewLayer | Synchronizing object | LS_selector_black_surround.001
Fra:1 Mem:273.53M (Peak 275.45M) | Time:00:00.51 | Mem:0.00M, Peak:0.00M | GLB_REIMPORT_QA, ViewLayer | Synchronizing object | LS_selector_metal_button.001
Fra:1 Mem:273.87M (Peak 275.45M) | Time:00:00.51 | Mem:0.00M, Peak:0.00M | GLB_REIMPORT_QA, ViewLayer | Synchronizing object | LS_selector_text.001
Fra:1 Mem:273.88M (Peak 275.45M) | Time:00:00.51 | Mem:0.00M, Peak:0.00M | GLB_REIMPORT_QA, ViewLayer | Synchronizing object | Original_photo_top_chassis_label.001
Fra:1 Mem:273.89M (Peak 275.45M) | Time:00:00.51 | Mem:0.00M, Peak:0.00M | GLB_REIMPORT_QA, ViewLayer | Synchronizing object | PORT_NUMBER_01.001
Fra:1 Mem:273.89M (Peak 275.45M) | Time:00:00.51 | Mem:0.00M, Peak:0.00M | GLB_REIMPORT_QA, ViewLayer | Synchronizing object | PORT_NUMBER_02.001
Fra:1 Mem:273.90M (Peak 275.45M) | Time:00:00.51 | Mem:0.00M, Peak:0.00M | GLB_REIMPORT_QA, ViewLayer | Synchronizing object | PORT_NUMBER_03.001
Fra:1 Mem:273.91M (Peak 275.45M) | Time:00:00.51 | Mem:0.00M, Peak:0.00M | GLB_REIMPORT_QA, ViewLayer | Synchronizing object | PORT_NUMBER_04.001
Fra:1 Mem:273.91M (Peak 275.45M) | Time:00:00.51 | Mem:0.00M, Peak:0.00M | GLB_REIMPORT_QA, ViewLayer | Synchronizing object | PORT_NUMBER_05.001
Fra:1 Mem:273.92M (Peak 275.45M) | Time:00:00.51 | Mem:0.00M, Peak:0.00M | GLB_REIMPORT_QA, ViewLayer | Synchronizing object | PORT_NUMBER_06.001
Fra:1 Mem:273.93M (Peak 275.45M) | Time:00:00.51 | Mem:0.00M, Peak:0.00M | GLB_REIMPORT_QA, ViewLayer | Synchronizing object | PORT_NUMBER_07.001
Fra:1 Mem:273.94M (Peak 275.45M) | Time:00:00.51 | Mem:0.00M, Peak:0.00M | GLB_REIMPORT_QA, ViewLayer | Synchronizing object | PORT_NUMBER_08.001
Fra:1 Mem:273.95M (Peak 275.45M) | Time:00:00.51 | Mem:0.00M, Peak:0.00M | GLB_REIMPORT_QA, ViewLayer | Synchronizing object | PORT_NUMBER_09.001
Fra:1 Mem:273.96M (Peak 275.45M) | Time:00:00.51 | Mem:0.00M, Peak:0.00M | GLB_REIMPORT_QA, ViewLayer | Synchronizing object | PORT_NUMBER_10.001
Fra:1 Mem:273.98M (Peak 275.45M) | Time:00:00.51 | Mem:0.00M, Peak:0.00M | GLB_REIMPORT_QA, ViewLayer | Synchronizing object | PORT_NUMBER_11.001
Fra:1 Mem:273.98M (Peak 275.45M) | Time:00:00.51 | Mem:0.00M, Peak:0.00M | GLB_REIMPORT_QA, ViewLayer | Synchronizing object | PORT_NUMBER_12.001
Fra:1 Mem:273.99M (Peak 275.45M) | Time:00:00.51 | Mem:0.00M, Peak:0.00M | GLB_REIMPORT_QA, ViewLayer | Synchronizing object | PORT_NUMBER_13.001
Fra:1 Mem:274.00M (Peak 275.45M) | Time:00:00.51 | Mem:0.00M, Peak:0.00M | GLB_REIMPORT_QA, ViewLayer | Synchronizing object | PORT_NUMBER_14.001
Fra:1 Mem:274.01M (Peak 275.45M) | Time:00:00.51 | Mem:0.00M, Peak:0.00M | GLB_REIMPORT_QA, ViewLayer | Synchronizing object | PORT_NUMBER_15.001
Fra:1 Mem:274.02M (Peak 275.45M) | Time:00:00.51 | Mem:0.00M, Peak:0.00M | GLB_REIMPORT_QA, ViewLayer | Synchronizing object | PORT_NUMBER_16.001
Fra:1 Mem:274.03M (Peak 275.45M) | Time:00:00.51 | Mem:0.00M, Peak:0.00M | GLB_REIMPORT_QA, ViewLayer | Synchronizing object | PORT_NUMBER_17.001
Fra:1 Mem:274.04M (Peak 275.45M) | Time:00:00.51 | Mem:0.00M, Peak:0.00M | GLB_REIMPORT_QA, ViewLayer | Synchronizing object | PORT_NUMBER_18.001
Fra:1 Mem:274.06M (Peak 275.45M) | Time:00:00.51 | Mem:0.00M, Peak:0.00M | GLB_REIMPORT_QA, ViewLayer | Synchronizing object | PORT_NUMBER_19.001
Fra:1 Mem:274.07M (Peak 275.45M) | Time:00:00.51 | Mem:0.00M, Peak:0.00M | GLB_REIMPORT_QA, ViewLayer | Synchronizing object | PORT_NUMBER_20.001
Fra:1 Mem:274.09M (Peak 275.45M) | Time:00:00.51 | Mem:0.00M, Peak:0.00M | GLB_REIMPORT_QA, ViewLayer | Synchronizing object | PORT_NUMBER_21.001
Fra:1 Mem:274.10M (Peak 275.45M) | Time:00:00.51 | Mem:0.00M, Peak:0.00M | GLB_REIMPORT_QA, ViewLayer | Synchronizing object | PORT_NUMBER_22.001
Fra:1 Mem:274.12M (Peak 275.45M) | Time:00:00.51 | Mem:0.00M, Peak:0.00M | GLB_REIMPORT_QA, ViewLayer | Synchronizing object | PORT_NUMBER_23.001
Fra:1 Mem:274.14M (Peak 275.45M) | Time:00:00.51 | Mem:0.00M, Peak:0.00M | GLB_REIMPORT_QA, ViewLayer | Synchronizing object | PORT_NUMBER_24.001
Fra:1 Mem:274.15M (Peak 275.45M) | Time:00:00.51 | Mem:0.00M, Peak:0.00M | GLB_REIMPORT_QA, ViewLayer | Synchronizing object | PORT_NUMBER_25.001
Fra:1 Mem:274.17M (Peak 275.45M) | Time:00:00.51 | Mem:0.00M, Peak:0.00M | GLB_REIMPORT_QA, ViewLayer | Synchronizing object | PORT_NUMBER_26.001
Fra:1 Mem:274.19M (Peak 275.45M) | Time:00:00.52 | Mem:0.00M, Peak:0.00M | GLB_REIMPORT_QA, ViewLayer | Synchronizing object | PORT_NUMBER_27.001
Fra:1 Mem:274.21M (Peak 275.45M) | Time:00:00.52 | Mem:0.00M, Peak:0.00M | GLB_REIMPORT_QA, ViewLayer | Synchronizing object | PORT_NUMBER_28.001
Fra:1 Mem:274.23M (Peak 275.45M) | Time:00:00.52 | Mem:0.00M, Peak:0.00M | GLB_REIMPORT_QA, ViewLayer | Synchronizing object | PORT_NUMBER_29.001
Fra:1 Mem:274.25M (Peak 275.45M) | Time:00:00.52 | Mem:0.00M, Peak:0.00M | GLB_REIMPORT_QA, ViewLayer | Synchronizing object | PORT_NUMBER_30.001
Fra:1 Mem:274.28M (Peak 275.45M) | Time:00:00.52 | Mem:0.00M, Peak:0.00M | GLB_REIMPORT_QA, ViewLayer | Synchronizing object | PORT_NUMBER_31.001
Fra:1 Mem:274.29M (Peak 275.45M) | Time:00:00.52 | Mem:0.00M, Peak:0.00M | GLB_REIMPORT_QA, ViewLayer | Synchronizing object | PORT_NUMBER_32.001
Fra:1 Mem:274.31M (Peak 275.45M) | Time:00:00.52 | Mem:0.00M, Peak:0.00M | GLB_REIMPORT_QA, ViewLayer | Synchronizing object | PORT_NUMBER_33.001
Fra:1 Mem:274.34M (Peak 275.45M) | Time:00:00.52 | Mem:0.00M, Peak:0.00M | GLB_REIMPORT_QA, ViewLayer | Synchronizing object | PORT_NUMBER_34.001
Fra:1 Mem:274.35M (Peak 275.45M) | Time:00:00.52 | Mem:0.00M, Peak:0.00M | GLB_REIMPORT_QA, ViewLayer | Synchronizing object | PORT_NUMBER_35.001
Fra:1 Mem:274.37M (Peak 275.45M) | Time:00:00.52 | Mem:0.00M, Peak:0.00M | GLB_REIMPORT_QA, ViewLayer | Synchronizing object | PORT_NUMBER_36.001
Fra:1 Mem:274.40M (Peak 275.45M) | Time:00:00.52 | Mem:0.00M, Peak:0.00M | GLB_REIMPORT_QA, ViewLayer | Synchronizing object | Port_pair_10_direction_-1.001
Fra:1 Mem:274.40M (Peak 275.45M) | Time:00:00.52 | Mem:0.00M, Peak:0.00M | GLB_REIMPORT_QA, ViewLayer | Synchronizing object | Port_pair_10_direction_1.001
Fra:1 Mem:274.40M (Peak 275.45M) | Time:00:00.52 | Mem:0.00M, Peak:0.00M | GLB_REIMPORT_QA, ViewLayer | Synchronizing object | Port_pair_11_direction_-1.001
Fra:1 Mem:274.40M (Peak 275.45M) | Time:00:00.52 | Mem:0.00M, Peak:0.00M | GLB_REIMPORT_QA, ViewLayer | Synchronizing object | Port_pair_11_direction_1.001
Fra:1 Mem:274.40M (Peak 275.45M) | Time:00:00.52 | Mem:0.00M, Peak:0.00M | GLB_REIMPORT_QA, ViewLayer | Synchronizing object | Port_pair_12_direction_-1.001
Fra:1 Mem:274.41M (Peak 275.45M) | Time:00:00.52 | Mem:0.00M, Peak:0.00M | GLB_REIMPORT_QA, ViewLayer | Synchronizing object | Port_pair_12_direction_1.001
Fra:1 Mem:274.41M (Peak 275.45M) | Time:00:00.52 | Mem:0.00M, Peak:0.00M | GLB_REIMPORT_QA, ViewLayer | Synchronizing object | Port_pair_13_direction_-1.001
Fra:1 Mem:274.41M (Peak 275.45M) | Time:00:00.52 | Mem:0.00M, Peak:0.00M | GLB_REIMPORT_QA, ViewLayer | Synchronizing object | Port_pair_13_direction_1.001
Fra:1 Mem:274.41M (Peak 275.45M) | Time:00:00.52 | Mem:0.00M, Peak:0.00M | GLB_REIMPORT_QA, ViewLayer | Synchronizing object | Port_pair_14_direction_-1.001
Fra:1 Mem:274.41M (Peak 275.45M) | Time:00:00.52 | Mem:0.00M, Peak:0.00M | GLB_REIMPORT_QA, ViewLayer | Synchronizing object | Port_pair_14_direction_1.001
Fra:1 Mem:274.41M (Peak 275.45M) | Time:00:00.52 | Mem:0.00M, Peak:0.00M | GLB_REIMPORT_QA, ViewLayer | Synchronizing object | Port_pair_15_direction_-1.001
Fra:1 Mem:274.41M (Peak 275.45M) | Time:00:00.52 | Mem:0.00M, Peak:0.00M | GLB_REIMPORT_QA, ViewLayer | Synchronizing object | Port_pair_15_direction_1.001
Fra:1 Mem:274.42M (Peak 275.45M) | Time:00:00.52 | Mem:0.00M, Peak:0.00M | GLB_REIMPORT_QA, ViewLayer | Synchronizing object | Port_pair_16_direction_-1.001
Fra:1 Mem:274.42M (Peak 275.45M) | Time:00:00.52 | Mem:0.00M, Peak:0.00M | GLB_REIMPORT_QA, ViewLayer | Synchronizing object | Port_pair_16_direction_1.001
Fra:1 Mem:274.42M (Peak 275.45M) | Time:00:00.52 | Mem:0.00M, Peak:0.00M | GLB_REIMPORT_QA, ViewLayer | Synchronizing object | Port_pair_17_direction_-1.001
Fra:1 Mem:274.42M (Peak 275.45M) | Time:00:00.52 | Mem:0.00M, Peak:0.00M | GLB_REIMPORT_QA, ViewLayer | Synchronizing object | Port_pair_17_direction_1.001
Fra:1 Mem:274.42M (Peak 275.45M) | Time:00:00.52 | Mem:0.00M, Peak:0.00M | GLB_REIMPORT_QA, ViewLayer | Synchronizing object | Port_pair_18_direction_-1.001
Fra:1 Mem:274.42M (Peak 275.45M) | Time:00:00.52 | Mem:0.00M, Peak:0.00M | GLB_REIMPORT_QA, ViewLayer | Synchronizing object | Port_pair_18_direction_1.001
Fra:1 Mem:274.42M (Peak 275.45M) | Time:00:00.52 | Mem:0.00M, Peak:0.00M | GLB_REIMPORT_QA, ViewLayer | Synchronizing object | Port_pair_1_direction_-1.001
Fra:1 Mem:274.43M (Peak 275.45M) | Time:00:00.52 | Mem:0.00M, Peak:0.00M | GLB_REIMPORT_QA, ViewLayer | Synchronizing object | Port_pair_1_direction_1.001
Fra:1 Mem:274.43M (Peak 275.45M) | Time:00:00.52 | Mem:0.00M, Peak:0.00M | GLB_REIMPORT_QA, ViewLayer | Synchronizing object | Port_pair_2_direction_-1.001
Fra:1 Mem:274.43M (Peak 275.45M) | Time:00:00.52 | Mem:0.00M, Peak:0.00M | GLB_REIMPORT_QA, ViewLayer | Synchronizing object | Port_pair_2_direction_1.001
Fra:1 Mem:274.43M (Peak 275.45M) | Time:00:00.52 | Mem:0.00M, Peak:0.00M | GLB_REIMPORT_QA, ViewLayer | Synchronizing object | Port_pair_3_direction_-1.001
Fra:1 Mem:274.43M (Peak 275.45M) | Time:00:00.52 | Mem:0.00M, Peak:0.00M | GLB_REIMPORT_QA, ViewLayer | Synchronizing object | Port_pair_3_direction_1.001
Fra:1 Mem:274.43M (Peak 275.45M) | Time:00:00.52 | Mem:0.00M, Peak:0.00M | GLB_REIMPORT_QA, ViewLayer | Synchronizing object | Port_pair_4_direction_-1.001
Fra:1 Mem:274.43M (Peak 275.45M) | Time:00:00.52 | Mem:0.00M, Peak:0.00M | GLB_REIMPORT_QA, ViewLayer | Synchronizing object | Port_pair_4_direction_1.001
Fra:1 Mem:274.44M (Peak 275.45M) | Time:00:00.52 | Mem:0.00M, Peak:0.00M | GLB_REIMPORT_QA, ViewLayer | Synchronizing object | Port_pair_5_direction_-1.001
Fra:1 Mem:274.44M (Peak 275.45M) | Time:00:00.52 | Mem:0.00M, Peak:0.00M | GLB_REIMPORT_QA, ViewLayer | Synchronizing object | Port_pair_5_direction_1.001
Fra:1 Mem:274.44M (Peak 275.45M) | Time:00:00.52 | Mem:0.00M, Peak:0.00M | GLB_REIMPORT_QA, ViewLayer | Synchronizing object | Port_pair_6_direction_-1.001
Fra:1 Mem:274.44M (Peak 275.45M) | Time:00:00.52 | Mem:0.00M, Peak:0.00M | GLB_REIMPORT_QA, ViewLayer | Synchronizing object | Port_pair_6_direction_1.001
Fra:1 Mem:274.44M (Peak 275.45M) | Time:00:00.52 | Mem:0.00M, Peak:0.00M | GLB_REIMPORT_QA, ViewLayer | Synchronizing object | Port_pair_7_direction_-1.001
Fra:1 Mem:274.44M (Peak 275.45M) | Time:00:00.52 | Mem:0.00M, Peak:0.00M | GLB_REIMPORT_QA, ViewLayer | Synchronizing object | Port_pair_7_direction_1.001
Fra:1 Mem:274.44M (Peak 275.45M) | Time:00:00.52 | Mem:0.00M, Peak:0.00M | GLB_REIMPORT_QA, ViewLayer | Synchronizing object | Port_pair_8_direction_-1.001
Fra:1 Mem:274.45M (Peak 275.45M) | Time:00:00.52 | Mem:0.00M, Peak:0.00M | GLB_REIMPORT_QA, ViewLayer | Synchronizing object | Port_pair_8_direction_1.001
Fra:1 Mem:274.45M (Peak 275.45M) | Time:00:00.52 | Mem:0.00M, Peak:0.00M | GLB_REIMPORT_QA, ViewLayer | Synchronizing object | Port_pair_9_direction_-1.001
Fra:1 Mem:274.45M (Peak 275.45M) | Time:00:00.52 | Mem:0.00M, Peak:0.00M | GLB_REIMPORT_QA, ViewLayer | Synchronizing object | Port_pair_9_direction_1.001
Fra:1 Mem:274.45M (Peak 275.45M) | Time:00:00.52 | Mem:0.00M, Peak:0.00M | GLB_REIMPORT_QA, ViewLayer | Synchronizing object | INFERRED_Bottom_folded_sheet.001
Fra:1 Mem:274.48M (Peak 275.45M) | Time:00:00.52 | Mem:0.00M, Peak:0.00M | GLB_REIMPORT_QA, ViewLayer | Synchronizing object | Interior_under_port_vent_baffle.001
Fra:1 Mem:274.48M (Peak 275.45M) | Time:00:00.52 | Mem:0.00M, Peak:0.00M | GLB_REIMPORT_QA, ViewLayer | Synchronizing object | LEFT_sidewall_with_mounting_provisions.001
Fra:1 Mem:274.86M (Peak 275.45M) | Time:00:00.52 | Mem:0.00M, Peak:0.00M | GLB_REIMPORT_QA, ViewLayer | Synchronizing object | Lid_flush_Phillips_-132_190.001
Fra:1 Mem:274.90M (Peak 275.45M) | Time:00:00.52 | Mem:0.00M, Peak:0.00M | GLB_REIMPORT_QA, ViewLayer | Synchronizing object | Lid_port_edge_fold.001
Fra:1 Mem:274.93M (Peak 275.45M) | Time:00:00.52 | Mem:0.00M, Peak:0.00M | GLB_REIMPORT_QA, ViewLayer | Synchronizing object | Lid_staggered_punched_vent_2028_through_holes.001
Fra:1 Mem:303.04M (Peak 315.94M) | Time:00:00.57 | Mem:0.00M, Peak:0.00M | GLB_REIMPORT_QA, ViewLayer | Synchronizing object | RIGHT_ear_M4_-284_32.001
Fra:1 Mem:303.07M (Peak 315.94M) | Time:00:00.57 | Mem:0.00M, Peak:0.00M | GLB_REIMPORT_QA, ViewLayer | Synchronizing object | RIGHT_ear_M4_-284_10.001
Fra:1 Mem:303.11M (Peak 315.94M) | Time:00:00.57 | Mem:0.00M, Peak:0.00M | GLB_REIMPORT_QA, ViewLayer | Synchronizing object | RIGHT_ear_M4_-256_32.001
Fra:1 Mem:303.15M (Peak 315.94M) | Time:00:00.57 | Mem:0.00M, Peak:0.00M | GLB_REIMPORT_QA, ViewLayer | Synchronizing object | RIGHT_ear_M4_-256_10.001
Fra:1 Mem:303.19M (Peak 315.94M) | Time:00:00.57 | Mem:0.00M, Peak:0.00M | GLB_REIMPORT_QA, ViewLayer | Synchronizing object | RIGHT_EAR_bent_opaque_solid_with_true_bores.001
Fra:1 Mem:304.62M (Peak 315.94M) | Time:00:00.58 | Mem:0.00M, Peak:0.00M | GLB_REIMPORT_QA, ViewLayer | Synchronizing object | LEFT_ear_M4_-284_32.001
Fra:1 Mem:304.66M (Peak 315.94M) | Time:00:00.58 | Mem:0.00M, Peak:0.00M | GLB_REIMPORT_QA, ViewLayer | Synchronizing object | LEFT_ear_M4_-284_10.001
Fra:1 Mem:304.70M (Peak 315.94M) | Time:00:00.58 | Mem:0.00M, Peak:0.00M | GLB_REIMPORT_QA, ViewLayer | Synchronizing object | LEFT_ear_M4_-256_32.001
Fra:1 Mem:304.74M (Peak 315.94M) | Time:00:00.58 | Mem:0.00M, Peak:0.00M | GLB_REIMPORT_QA, ViewLayer | Synchronizing object | LEFT_ear_M4_-256_10.001
Fra:1 Mem:304.77M (Peak 315.94M) | Time:00:00.58 | Mem:0.00M, Peak:0.00M | GLB_REIMPORT_QA, ViewLayer | Synchronizing object | LEFT_EAR_bent_opaque_solid_with_true_bores.001
Fra:1 Mem:306.21M (Peak 315.94M) | Time:00:00.59 | Mem:0.00M, Peak:0.00M | GLB_REIMPORT_QA, ViewLayer | Synchronizing object | Lid_vent_side_border_1.001
Fra:1 Mem:306.21M (Peak 315.94M) | Time:00:00.59 | Mem:0.00M, Peak:0.00M | GLB_REIMPORT_QA, ViewLayer | Synchronizing object | Lid_vent_side_border_-1.001
Fra:1 Mem:315.32M (Peak 365.76M) | Time:00:01.10 | Mem:0.00M, Peak:0.00M | GLB_REIMPORT_QA, ViewLayer | Initializing
Fra:1 Mem:310.86M (Peak 365.76M) | Time:00:01.11 | Mem:0.00M, Peak:0.00M | GLB_REIMPORT_QA, ViewLayer | Updating Images | Loading zinc-plated-brackets-roughness.001
Fra:1 Mem:310.86M (Peak 365.76M) | Time:00:01.11 | Mem:0.00M, Peak:0.00M | GLB_REIMPORT_QA, ViewLayer | Updating Images | Loading cage-stainless-steel-roughness.001
Fra:1 Mem:314.88M (Peak 365.76M) | Time:00:01.13 | Mem:1.00M, Peak:1.00M | GLB_REIMPORT_QA, ViewLayer | Updating Images | Loading metal-micro-normal.001
Fra:1 Mem:312.88M (Peak 365.76M) | Time:00:01.13 | Mem:2.00M, Peak:2.00M | GLB_REIMPORT_QA, ViewLayer | Updating Images | Loading chassis-satin-nickel-roughness.001
Fra:1 Mem:314.88M (Peak 365.76M) | Time:00:01.14 | Mem:3.00M, Peak:3.00M | GLB_REIMPORT_QA, ViewLayer | Updating Images | Loading original-chassis-label-512x768
Fra:1 Mem:316.38M (Peak 365.76M) | Time:00:01.14 | Mem:4.00M, Peak:4.00M | GLB_REIMPORT_QA, ViewLayer | Updating Images | Loading fastener-steel-roughness.001
Fra:1 Mem:317.38M (Peak 365.76M) | Time:00:01.15 | Mem:5.00M, Peak:5.00M | GLB_REIMPORT_QA, ViewLayer | Updating Images | Loading dark-grille-metal-roughness.001
Fra:1 Mem:284.59M (Peak 365.76M) | Time:00:01.20 | Mem:7.50M, Peak:7.50M | GLB_REIMPORT_QA, ViewLayer | Waiting for render to start
Fra:1 Mem:284.59M (Peak 365.76M) | Time:00:01.20 | Mem:7.50M, Peak:7.50M | GLB_REIMPORT_QA, ViewLayer | Loading render kernels (may take a few minutes the first time)
Fra:1 Mem:284.59M (Peak 365.76M) | Time:00:01.20 | Mem:7.50M, Peak:7.50M | GLB_REIMPORT_QA, ViewLayer | Updating Scene
Fra:1 Mem:284.59M (Peak 365.76M) | Time:00:01.20 | Mem:7.50M, Peak:7.50M | GLB_REIMPORT_QA, ViewLayer | Updating Shaders
Fra:1 Mem:284.68M (Peak 365.76M) | Time:00:01.20 | Mem:7.51M, Peak:7.51M | GLB_REIMPORT_QA, ViewLayer | Updating Procedurals
Fra:1 Mem:284.68M (Peak 365.76M) | Time:00:01.20 | Mem:7.51M, Peak:7.51M | GLB_REIMPORT_QA, ViewLayer | Updating Background
Fra:1 Mem:284.68M (Peak 365.76M) | Time:00:01.20 | Mem:7.51M, Peak:7.51M | GLB_REIMPORT_QA, ViewLayer | Updating Camera
Fra:1 Mem:284.68M (Peak 365.76M) | Time:00:01.20 | Mem:7.51M, Peak:7.51M | GLB_REIMPORT_QA, ViewLayer | Updating Meshes Flags
Fra:1 Mem:284.68M (Peak 365.76M) | Time:00:01.20 | Mem:7.51M, Peak:7.51M | GLB_REIMPORT_QA, ViewLayer | Updating Objects
Fra:1 Mem:284.68M (Peak 365.76M) | Time:00:01.20 | Mem:7.51M, Peak:7.51M | GLB_REIMPORT_QA, ViewLayer | Updating Objects | Copying Transformations to device
Fra:1 Mem:284.91M (Peak 365.76M) | Time:00:01.20 | Mem:7.73M, Peak:7.73M | GLB_REIMPORT_QA, ViewLayer | Updating Objects | Applying Static Transformations
Fra:1 Mem:284.91M (Peak 365.76M) | Time:00:01.22 | Mem:7.73M, Peak:7.73M | GLB_REIMPORT_QA, ViewLayer | Updating Particle Systems
Fra:1 Mem:284.91M (Peak 365.76M) | Time:00:01.22 | Mem:7.73M, Peak:7.73M | GLB_REIMPORT_QA, ViewLayer | Updating Particle Systems | Copying Particles to device
Fra:1 Mem:284.91M (Peak 365.76M) | Time:00:01.22 | Mem:7.73M, Peak:7.73M | GLB_REIMPORT_QA, ViewLayer | Updating Meshes
Fra:1 Mem:290.80M (Peak 365.76M) | Time:00:01.26 | Mem:7.73M, Peak:7.73M | GLB_REIMPORT_QA, ViewLayer | Updating Mesh | Computing attributes
Fra:1 Mem:328.03M (Peak 365.76M) | Time:00:01.37 | Mem:7.77M, Peak:7.77M | GLB_REIMPORT_QA, ViewLayer | Updating Mesh | Copying Attributes to device
Fra:1 Mem:327.91M (Peak 365.76M) | Time:00:01.38 | Mem:44.84M, Peak:44.84M | GLB_REIMPORT_QA, ViewLayer | Updating Geometry BVH Lid_flush_Phillips_00.001 30/30 | Building BVH
Fra:1 Mem:327.91M (Peak 365.76M) | Time:00:01.38 | Mem:44.84M, Peak:44.84M | GLB_REIMPORT_QA, ViewLayer | Updating Geometry BVH Lid_flush_Phillips_00.001 30/30 | Building BVH 0%
Fra:1 Mem:327.91M (Peak 365.76M) | Time:00:01.39 | Mem:44.85M, Peak:44.86M | GLB_REIMPORT_QA, ViewLayer | Updating Geometry BVH Pair01_stainless_shell_29mm_deep.001 29/30 | Building BVH
Fra:1 Mem:327.91M (Peak 365.76M) | Time:00:01.39 | Mem:44.87M, Peak:44.87M | GLB_REIMPORT_QA, ViewLayer | Updating Geometry BVH Pair01_internal_cooling_shelf.001 28/30 | Building BVH
Fra:1 Mem:327.91M (Peak 365.76M) | Time:00:01.39 | Mem:44.87M, Peak:44.87M | GLB_REIMPORT_QA, ViewLayer | Updating Geometry BVH Pair01_front_separator_true_perforations.001 27/30 | Building BVH
Fra:1 Mem:327.91M (Peak 365.76M) | Time:00:01.39 | Mem:45.03M, Peak:45.10M | GLB_REIMPORT_QA, ViewLayer | Updating Geometry BVH Port02_subtle_recessed_contact_row.001 26/30 | Building BVH
Fra:1 Mem:327.91M (Peak 365.76M) | Time:00:01.39 | Mem:45.05M, Peak:45.10M | GLB_REIMPORT_QA, ViewLayer | Updating Geometry BVH Port02_spring_1_2.001 25/30 | Building BVH
Fra:1 Mem:327.91M (Peak 365.76M) | Time:00:01.39 | Mem:45.06M, Peak:45.10M | GLB_REIMPORT_QA, ViewLayer | Updating Geometry BVH Port02_spring_1_0.001 24/30 | Building BVH
Fra:1 Mem:327.91M (Peak 365.76M) | Time:00:01.39 | Mem:45.07M, Peak:45.10M | GLB_REIMPORT_QA, ViewLayer | Updating Geometry BVH Port02_spring_1_-2.001 23/30 | Building BVH
Fra:1 Mem:327.91M (Peak 365.76M) | Time:00:01.39 | Mem:45.08M, Peak:45.10M | GLB_REIMPORT_QA, ViewLayer | Updating Geometry BVH Port02_spring_-1_2.001 22/30 | Building BVH
Fra:1 Mem:327.91M (Peak 365.76M) | Time:00:01.39 | Mem:45.09M, Peak:45.10M | GLB_REIMPORT_QA, ViewLayer | Updating Geometry BVH Port02_spring_-1_0.001 21/30 | Building BVH
Fra:1 Mem:327.91M (Peak 365.76M) | Time:00:01.39 | Mem:45.10M, Peak:45.10M | GLB_REIMPORT_QA, ViewLayer | Updating Geometry BVH Port02_spring_-1_-2.001 20/30 | Building BVH
Fra:1 Mem:327.91M (Peak 365.76M) | Time:00:01.39 | Mem:45.11M, Peak:45.11M | GLB_REIMPORT_QA, ViewLayer | Updating Geometry BVH Port02_recessed_connector_stop.001 19/30 | Building BVH
Fra:1 Mem:327.91M (Peak 365.76M) | Time:00:01.39 | Mem:45.12M, Peak:45.12M | GLB_REIMPORT_QA, ViewLayer | Updating Geometry BVH Port02_guide_1_4.001 18/30 | Building BVH
Fra:1 Mem:327.91M (Peak 365.76M) | Time:00:01.39 | Mem:45.13M, Peak:45.13M | GLB_REIMPORT_QA, ViewLayer | Updating Geometry BVH Port02_guide_1_-4.001 17/30 | Building BVH
Fra:1 Mem:327.91M (Peak 365.76M) | Time:00:01.39 | Mem:45.14M, Peak:45.14M | GLB_REIMPORT_QA, ViewLayer | Updating Geometry BVH Port02_guide_-1_4.001 16/30 | Building BVH
Fra:1 Mem:327.91M (Peak 365.76M) | Time:00:01.39 | Mem:45.15M, Peak:45.15M | GLB_REIMPORT_QA, ViewLayer | Updating Geometry BVH Port02_guide_-1_-4.001 15/30 | Building BVH
Fra:1 Mem:327.91M (Peak 365.76M) | Time:00:01.39 | Mem:45.16M, Peak:45.16M | GLB_REIMPORT_QA, ViewLayer | Updating Geometry BVH Port02_connector_contact_surround.001 14/30 | Building BVH
Fra:1 Mem:327.91M (Peak 365.76M) | Time:00:01.39 | Mem:45.17M, Peak:45.17M | GLB_REIMPORT_QA, ViewLayer | Updating Geometry BVH Port01_subtle_recessed_contact_row.001 13/30 | Building BVH
Fra:1 Mem:327.91M (Peak 365.76M) | Time:00:01.39 | Mem:45.19M, Peak:45.20M | GLB_REIMPORT_QA, ViewLayer | Updating Geometry BVH Port01_spring_1_2.001 12/30 | Building BVH
Fra:1 Mem:327.91M (Peak 365.76M) | Time:00:01.39 | Mem:45.20M, Peak:45.20M | GLB_REIMPORT_QA, ViewLayer | Updating Geometry BVH Port01_spring_1_0.001 11/30 | Building BVH
Fra:1 Mem:327.91M (Peak 365.76M) | Time:00:01.39 | Mem:45.21M, Peak:45.21M | GLB_REIMPORT_QA, ViewLayer | Updating Geometry BVH Port01_spring_1_-2.001 10/30 | Building BVH
Fra:1 Mem:327.91M (Peak 365.76M) | Time:00:01.39 | Mem:45.22M, Peak:45.22M | GLB_REIMPORT_QA, ViewLayer | Updating Geometry BVH Port01_spring_-1_2.001 9/30 | Building BVH
Fra:1 Mem:327.91M (Peak 365.76M) | Time:00:01.39 | Mem:45.23M, Peak:45.23M | GLB_REIMPORT_QA, ViewLayer | Updating Geometry BVH Port01_spring_-1_0.001 8/30 | Building BVH
Fra:1 Mem:327.91M (Peak 365.76M) | Time:00:01.39 | Mem:45.24M, Peak:45.24M | GLB_REIMPORT_QA, ViewLayer | Updating Geometry BVH Port01_spring_-1_-2.001 7/30 | Building BVH
Fra:1 Mem:327.91M (Peak 365.76M) | Time:00:01.39 | Mem:45.25M, Peak:45.25M | GLB_REIMPORT_QA, ViewLayer | Updating Geometry BVH Port01_recessed_connector_stop.001 6/30 | Building BVH
Fra:1 Mem:327.91M (Peak 365.76M) | Time:00:01.39 | Mem:45.26M, Peak:45.26M | GLB_REIMPORT_QA, ViewLayer | Updating Geometry BVH Port01_guide_1_4.001 5/30 | Building BVH
Fra:1 Mem:327.91M (Peak 365.76M) | Time:00:01.39 | Mem:45.27M, Peak:45.27M | GLB_REIMPORT_QA, ViewLayer | Updating Geometry BVH Port01_guide_1_-4.001 4/30 | Building BVH
Fra:1 Mem:327.91M (Peak 365.76M) | Time:00:01.39 | Mem:45.28M, Peak:45.28M | GLB_REIMPORT_QA, ViewLayer | Updating Geometry BVH Port01_guide_-1_4.001 3/30 | Building BVH
Fra:1 Mem:327.91M (Peak 365.76M) | Time:00:01.39 | Mem:45.29M, Peak:45.29M | GLB_REIMPORT_QA, ViewLayer | Updating Geometry BVH Port01_guide_-1_-4.001 2/30 | Building BVH
Fra:1 Mem:327.91M (Peak 365.76M) | Time:00:01.39 | Mem:45.30M, Peak:45.30M | GLB_REIMPORT_QA, ViewLayer | Updating Geometry BVH Port01_connector_contact_surround.001 1/30 | Building BVH
Fra:1 Mem:327.91M (Peak 365.76M) | Time:00:01.39 | Mem:45.31M, Peak:45.32M | GLB_REIMPORT_QA, ViewLayer | Updating Scene BVH | Building
Fra:1 Mem:327.92M (Peak 365.76M) | Time:00:01.39 | Mem:45.31M, Peak:45.32M | GLB_REIMPORT_QA, ViewLayer | Updating Scene BVH | Building BVH
Fra:1 Mem:327.92M (Peak 365.76M) | Time:00:01.63 | Mem:70.42M, Peak:70.42M | GLB_REIMPORT_QA, ViewLayer | Updating Scene BVH | Building BVH 53%
Fra:1 Mem:327.92M (Peak 365.76M) | Time:00:01.73 | Mem:69.71M, Peak:81.32M | GLB_REIMPORT_QA, ViewLayer | Updating Scene BVH | Copying BVH to device
Fra:1 Mem:327.92M (Peak 365.76M) | Time:00:01.73 | Mem:69.71M, Peak:81.32M | GLB_REIMPORT_QA, ViewLayer | Updating Mesh | Computing normals
Fra:1 Mem:369.98M (Peak 369.98M) | Time:00:01.83 | Mem:69.71M, Peak:81.32M | GLB_REIMPORT_QA, ViewLayer | Updating Mesh | Copying Mesh to device
Fra:1 Mem:369.98M (Peak 369.98M) | Time:00:01.83 | Mem:111.77M, Peak:111.77M | GLB_REIMPORT_QA, ViewLayer | Updating Objects Flags
Fra:1 Mem:369.98M (Peak 369.98M) | Time:00:01.83 | Mem:111.78M, Peak:111.78M | GLB_REIMPORT_QA, ViewLayer | Updating Primitive Offsets
Fra:1 Mem:369.98M (Peak 369.98M) | Time:00:01.83 | Mem:111.78M, Peak:111.78M | GLB_REIMPORT_QA, ViewLayer | Updating Images
Fra:1 Mem:369.98M (Peak 369.98M) | Time:00:01.83 | Mem:111.78M, Peak:111.78M | GLB_REIMPORT_QA, ViewLayer | Updating Camera Volume
Fra:1 Mem:369.98M (Peak 369.98M) | Time:00:01.83 | Mem:111.78M, Peak:111.78M | GLB_REIMPORT_QA, ViewLayer | Updating Lookup Tables
Fra:1 Mem:369.98M (Peak 369.98M) | Time:00:01.83 | Mem:111.86M, Peak:111.86M | GLB_REIMPORT_QA, ViewLayer | Updating Lights
Fra:1 Mem:369.98M (Peak 369.98M) | Time:00:01.83 | Mem:111.86M, Peak:111.86M | GLB_REIMPORT_QA, ViewLayer | Updating Lights | Computing distribution
Fra:1 Mem:369.98M (Peak 369.98M) | Time:00:01.83 | Mem:111.86M, Peak:111.86M | GLB_REIMPORT_QA, ViewLayer | Updating Lights | Computing tree
Fra:1 Mem:369.99M (Peak 369.99M) | Time:00:01.83 | Mem:111.87M, Peak:111.87M | GLB_REIMPORT_QA, ViewLayer | Updating Integrator
Fra:1 Mem:370.99M (Peak 370.99M) | Time:00:01.83 | Mem:112.87M, Peak:112.87M | GLB_REIMPORT_QA, ViewLayer | Updating Film
Fra:1 Mem:370.99M (Peak 370.99M) | Time:00:01.83 | Mem:112.79M, Peak:112.87M | GLB_REIMPORT_QA, ViewLayer | Updating Lookup Tables
Fra:1 Mem:370.99M (Peak 370.99M) | Time:00:01.83 | Mem:112.88M, Peak:112.88M | GLB_REIMPORT_QA, ViewLayer | Updating Baking
Fra:1 Mem:370.99M (Peak 370.99M) | Time:00:01.83 | Mem:112.88M, Peak:112.88M | GLB_REIMPORT_QA, ViewLayer | Updating Device | Writing constant memory
Fra:1 Mem:371.01M (Peak 371.01M) | Time:00:01.83 | Mem:112.88M, Peak:112.88M | GLB_REIMPORT_QA, ViewLayer | Sample 0/40
Fra:1 Mem:407.07M (Peak 407.07M) | Time:00:03.72 | Remaining:01:13.79 | Mem:148.94M, Peak:148.94M | GLB_REIMPORT_QA, ViewLayer | Sample 1/40
Fra:1 Mem:407.07M (Peak 407.07M) | Time:00:24.56 | Remaining:00:30.74 | Mem:148.94M, Peak:148.94M | GLB_REIMPORT_QA, ViewLayer | Sample 17/40
Fra:1 Mem:407.07M (Peak 407.07M) | Time:00:47.77 | Remaining:00:09.74 | Mem:148.94M, Peak:148.94M | GLB_REIMPORT_QA, ViewLayer | Sample 33/40
Fra:1 Mem:423.09M (Peak 455.13M) | Time:00:56.63 | Mem:148.94M, Peak:148.94M | GLB_REIMPORT_QA, ViewLayer | Sample 40/40
Fra:1 Mem:423.09M (Peak 455.13M) | Time:00:56.63 | Mem:148.94M, Peak:148.94M | GLB_REIMPORT_QA, ViewLayer | Finished
Saved: '/root/Project/rack-device-3d/Cisco-N9KC9336C-FX2/v001/qa/glb-shell-top-transparent.png'
Time: 00:57.36 (Saving: 00:00.69)

BlenderMCP: cannot start server in background mode (blender -b) - commands would never execute
BlenderMCP: run Blender with a GUI, or use a virtual display: xvfb-run -a blender
BlenderMCP addon registered
SHELL_ALPHA glb top
Fra:1 Mem:228.91M (Peak 262.79M) | Time:00:00.23 | Mem:0.00M, Peak:0.00M | GLB_REIMPORT_QA, ViewLayer | Synchronizing object | Port01_connector_contact_surround.001
Fra:1 Mem:228.94M (Peak 262.79M) | Time:00:00.23 | Mem:0.00M, Peak:0.00M | GLB_REIMPORT_QA, ViewLayer | Synchronizing object | Port01_guide_-1_-4.001
Fra:1 Mem:228.97M (Peak 262.79M) | Time:00:00.23 | Mem:0.00M, Peak:0.00M | GLB_REIMPORT_QA, ViewLayer | Synchronizing object | Port01_guide_-1_4.001
Fra:1 Mem:229.00M (Peak 262.79M) | Time:00:00.23 | Mem:0.00M, Peak:0.00M | GLB_REIMPORT_QA, ViewLayer | Synchronizing object | Port01_guide_1_-4.001
Fra:1 Mem:229.03M (Peak 262.79M) | Time:00:00.23 | Mem:0.00M, Peak:0.00M | GLB_REIMPORT_QA, ViewLayer | Synchronizing object | Port01_guide_1_4.001
Fra:1 Mem:229.06M (Peak 262.79M) | Time:00:00.23 | Mem:0.00M, Peak:0.00M | GLB_REIMPORT_QA, ViewLayer | Synchronizing object | Port01_recessed_connector_stop.001
Fra:1 Mem:229.08M (Peak 262.79M) | Time:00:00.23 | Mem:0.00M, Peak:0.00M | GLB_REIMPORT_QA, ViewLayer | Synchronizing object | Port01_spring_-1_-2.001
Fra:1 Mem:229.11M (Peak 262.79M) | Time:00:00.23 | Mem:0.00M, Peak:0.00M | GLB_REIMPORT_QA, ViewLayer | Synchronizing object | Port01_spring_-1_0.001
Fra:1 Mem:229.18M (Peak 262.79M) | Time:00:00.23 | Mem:0.00M, Peak:0.00M | GLB_REIMPORT_QA, ViewLayer | Synchronizing object | Top_lid_main_sheet.001
Fra:1 Mem:229.23M (Peak 262.79M) | Time:00:00.23 | Mem:0.00M, Peak:0.00M | GLB_REIMPORT_QA, ViewLayer | Synchronizing object | Port01_spring_-1_2.001
Fra:1 Mem:229.51M (Peak 262.79M) | Time:00:00.23 | Mem:0.00M, Peak:0.00M | GLB_REIMPORT_QA, ViewLayer | Synchronizing object | Port01_spring_1_-2.001
Fra:1 Mem:229.53M (Peak 262.79M) | Time:00:00.23 | Mem:0.00M, Peak:0.00M | GLB_REIMPORT_QA, ViewLayer | Synchronizing object | Port01_spring_1_0.001
Fra:1 Mem:229.28M (Peak 262.79M) | Time:00:00.23 | Mem:0.00M, Peak:0.00M | GLB_REIMPORT_QA, ViewLayer | Synchronizing object | Port01_spring_1_2.001
Fra:1 Mem:229.37M (Peak 262.79M) | Time:00:00.23 | Mem:0.00M, Peak:0.00M | GLB_REIMPORT_QA, ViewLayer | Synchronizing object | Port01_subtle_recessed_contact_row.001
Fra:1 Mem:229.91M (Peak 262.79M) | Time:00:00.24 | Mem:0.00M, Peak:0.00M | GLB_REIMPORT_QA, ViewLayer | Synchronizing object | Port02_connector_contact_surround.001
Fra:1 Mem:229.69M (Peak 262.79M) | Time:00:00.24 | Mem:0.00M, Peak:0.00M | GLB_REIMPORT_QA, ViewLayer | Synchronizing object | RIGHT_sidewall_with_mounting_provisions.001
Fra:1 Mem:229.99M (Peak 262.79M) | Time:00:00.24 | Mem:0.00M, Peak:0.00M | GLB_REIMPORT_QA, ViewLayer | Synchronizing object | Port02_guide_-1_-4.001
Fra:1 Mem:230.02M (Peak 262.79M) | Time:00:00.24 | Mem:0.00M, Peak:0.00M | GLB_REIMPORT_QA, ViewLayer | Synchronizing object | Port02_guide_-1_4.001
Fra:1 Mem:229.79M (Peak 262.79M) | Time:00:00.24 | Mem:0.00M, Peak:0.00M | GLB_REIMPORT_QA, ViewLayer | Synchronizing object | Port02_guide_1_-4.001
Fra:1 Mem:230.28M (Peak 262.79M) | Time:00:00.24 | Mem:0.00M, Peak:0.00M | GLB_REIMPORT_QA, ViewLayer | Synchronizing object | Port02_guide_1_4.001
Fra:1 Mem:230.43M (Peak 262.79M) | Time:00:00.24 | Mem:0.00M, Peak:0.00M | GLB_REIMPORT_QA, ViewLayer | Synchronizing object | Port02_recessed_connector_stop.001
Fra:1 Mem:230.45M (Peak 262.79M) | Time:00:00.24 | Mem:0.00M, Peak:0.00M | GLB_REIMPORT_QA, ViewLayer | Synchronizing object | Port02_spring_-1_-2.001
Fra:1 Mem:230.18M (Peak 262.79M) | Time:00:00.24 | Mem:0.00M, Peak:0.00M | GLB_REIMPORT_QA, ViewLayer | Synchronizing object | Port02_spring_-1_0.001
Fra:1 Mem:230.46M (Peak 262.79M) | Time:00:00.24 | Mem:0.00M, Peak:0.00M | GLB_REIMPORT_QA, ViewLayer | Synchronizing object | Port02_spring_-1_2.001
Fra:1 Mem:230.49M (Peak 262.79M) | Time:00:00.24 | Mem:0.00M, Peak:0.00M | GLB_REIMPORT_QA, ViewLayer | Synchronizing object | Port02_spring_1_-2.001
Fra:1 Mem:230.51M (Peak 262.79M) | Time:00:00.24 | Mem:0.00M, Peak:0.00M | GLB_REIMPORT_QA, ViewLayer | Synchronizing object | Port02_spring_1_0.001
Fra:1 Mem:230.54M (Peak 262.79M) | Time:00:00.24 | Mem:0.00M, Peak:0.00M | GLB_REIMPORT_QA, ViewLayer | Synchronizing object | Port02_spring_1_2.001
Fra:1 Mem:230.33M (Peak 262.79M) | Time:00:00.24 | Mem:0.00M, Peak:0.00M | GLB_REIMPORT_QA, ViewLayer | Synchronizing object | Port02_subtle_recessed_contact_row.001
Fra:1 Mem:230.35M (Peak 262.79M) | Time:00:00.24 | Mem:0.00M, Peak:0.00M | GLB_REIMPORT_QA, ViewLayer | Synchronizing object | Rear_side_rim_218.001
Fra:1 Mem:230.40M (Peak 262.79M) | Time:00:00.24 | Mem:0.00M, Peak:0.00M | GLB_REIMPORT_QA, ViewLayer | Synchronizing object | Rear_side_rim_-218.001
Fra:1 Mem:230.44M (Peak 262.79M) | Time:00:00.24 | Mem:0.00M, Peak:0.00M | GLB_REIMPORT_QA, ViewLayer | Synchronizing object | USB_symbol_stem.001
Fra:1 Mem:230.38M (Peak 262.79M) | Time:00:00.24 | Mem:0.00M, Peak:0.00M | GLB_REIMPORT_QA, ViewLayer | Synchronizing object | USB_symbol_branch_B.001
Fra:1 Mem:230.35M (Peak 262.79M) | Time:00:00.24 | Mem:0.00M, Peak:0.00M | GLB_REIMPORT_QA, ViewLayer | Synchronizing object | Pair01_front_separator_true_perforations.001
Fra:1 Mem:230.34M (Peak 262.79M) | Time:00:00.24 | Mem:0.00M, Peak:0.00M | GLB_REIMPORT_QA, ViewLayer | Synchronizing object | USB_symbol_branch_A.001
Fra:1 Mem:230.47M (Peak 262.79M) | Time:00:00.24 | Mem:0.00M, Peak:0.00M | GLB_REIMPORT_QA, ViewLayer | Synchronizing object | SFP_management_symbol_node_1.001
Fra:1 Mem:230.53M (Peak 262.79M) | Time:00:00.24 | Mem:0.00M, Peak:0.00M | GLB_REIMPORT_QA, ViewLayer | Synchronizing object | SFP_management_symbol_node_0.001
Fra:1 Mem:230.87M (Peak 262.79M) | Time:00:00.24 | Mem:0.00M, Peak:0.00M | GLB_REIMPORT_QA, ViewLayer | Synchronizing object | SFP_management_symbol_node_-1.001
Fra:1 Mem:230.89M (Peak 262.79M) | Time:00:00.24 | Mem:0.00M, Peak:0.00M | GLB_REIMPORT_QA, ViewLayer | Synchronizing object | SFP_management_symbol_line.007
Fra:1 Mem:230.89M (Peak 262.79M) | Time:00:00.24 | Mem:0.00M, Peak:0.00M | GLB_REIMPORT_QA, ViewLayer | Synchronizing object | SFP_management_symbol_line.006
Fra:1 Mem:230.90M (Peak 262.79M) | Time:00:00.24 | Mem:0.00M, Peak:0.00M | GLB_REIMPORT_QA, ViewLayer | Synchronizing object | SFP_management_symbol_line.005
Fra:1 Mem:230.90M (Peak 262.79M) | Time:00:00.24 | Mem:0.00M, Peak:0.00M | GLB_REIMPORT_QA, ViewLayer | Synchronizing object | SFP_management_symbol_line.004
Fra:1 Mem:230.90M (Peak 262.79M) | Time:00:00.24 | Mem:0.00M, Peak:0.00M | GLB_REIMPORT_QA, ViewLayer | Synchronizing object | RJ45_management_symbol_node_1.001
Fra:1 Mem:230.92M (Peak 262.79M) | Time:00:00.24 | Mem:0.00M, Peak:0.00M | GLB_REIMPORT_QA, ViewLayer | Synchronizing object | RJ45_management_symbol_node_0.001
Fra:1 Mem:230.95M (Peak 262.79M) | Time:00:00.24 | Mem:0.00M, Peak:0.00M | GLB_REIMPORT_QA, ViewLayer | Synchronizing object | RJ45_management_symbol_node_-1.001
Fra:1 Mem:230.97M (Peak 262.79M) | Time:00:00.24 | Mem:0.00M, Peak:0.00M | GLB_REIMPORT_QA, ViewLayer | Synchronizing object | RJ45_management_symbol_line.007
Fra:1 Mem:230.98M (Peak 262.79M) | Time:00:00.24 | Mem:0.00M, Peak:0.00M | GLB_REIMPORT_QA, ViewLayer | Synchronizing object | RJ45_management_symbol_line.006
Fra:1 Mem:230.98M (Peak 262.79M) | Time:00:00.24 | Mem:0.00M, Peak:0.00M | GLB_REIMPORT_QA, ViewLayer | Synchronizing object | RJ45_management_symbol_line.005
Fra:1 Mem:230.98M (Peak 262.79M) | Time:00:00.24 | Mem:0.00M, Peak:0.00M | GLB_REIMPORT_QA, ViewLayer | Synchronizing object | RJ45_management_symbol_line.004
Fra:1 Mem:230.98M (Peak 262.79M) | Time:00:00.24 | Mem:0.00M, Peak:0.00M | GLB_REIMPORT_QA, ViewLayer | Synchronizing object | USB_A_metal_shell.001
Fra:1 Mem:231.02M (Peak 262.79M) | Time:00:00.24 | Mem:0.00M, Peak:0.00M | GLB_REIMPORT_QA, ViewLayer | Synchronizing object | USB_A_deep_stop.001
Fra:1 Mem:231.02M (Peak 262.79M) | Time:00:00.24 | Mem:0.00M, Peak:0.00M | GLB_REIMPORT_QA, ViewLayer | Synchronizing object | USB_A_contact_3.001
Fra:1 Mem:231.04M (Peak 262.79M) | Time:00:00.24 | Mem:0.00M, Peak:0.00M | GLB_REIMPORT_QA, ViewLayer | Synchronizing object | USB_A_contact_2.001
Fra:1 Mem:231.05M (Peak 262.79M) | Time:00:00.24 | Mem:0.00M, Peak:0.00M | GLB_REIMPORT_QA, ViewLayer | Synchronizing object | USB_A_contact_1.001
Fra:1 Mem:231.07M (Peak 262.79M) | Time:00:00.24 | Mem:0.00M, Peak:0.00M | GLB_REIMPORT_QA, ViewLayer | Synchronizing object | USB_A_contact_0.001
Fra:1 Mem:231.09M (Peak 262.79M) | Time:00:00.24 | Mem:0.00M, Peak:0.00M | GLB_REIMPORT_QA, ViewLayer | Synchronizing object | USB_A_black_tongue.001
Fra:1 Mem:231.10M (Peak 262.79M) | Time:00:00.24 | Mem:0.00M, Peak:0.00M | GLB_REIMPORT_QA, ViewLayer | Synchronizing object | REAR_STS_unpowered_indicator.001
Fra:1 Mem:231.12M (Peak 262.79M) | Time:00:00.24 | Mem:0.00M, Peak:0.00M | GLB_REIMPORT_QA, ViewLayer | Synchronizing object | REAR_STS_legend.001
Fra:1 Mem:231.15M (Peak 262.79M) | Time:00:00.24 | Mem:0.00M, Peak:0.00M | GLB_REIMPORT_QA, ViewLayer | Synchronizing object | Rear_service_retention_screw.001
Fra:1 Mem:231.18M (Peak 262.79M) | Time:00:00.24 | Mem:0.00M, Peak:0.00M | GLB_REIMPORT_QA, ViewLayer | Synchronizing object | Rear_service_panel_true_apertures.001
Fra:1 Mem:231.23M (Peak 262.79M) | Time:00:00.25 | Mem:0.00M, Peak:0.00M | GLB_REIMPORT_QA, ViewLayer | Synchronizing object | Rear_P2_arrow_legend.001
Fra:1 Mem:231.25M (Peak 262.79M) | Time:00:00.25 | Mem:0.00M, Peak:0.00M | GLB_REIMPORT_QA, ViewLayer | Synchronizing object | Mgmt_SFP_recessed_connector_stop.001
Fra:1 Mem:231.25M (Peak 262.79M) | Time:00:00.25 | Mem:0.00M, Peak:0.00M | GLB_REIMPORT_QA, ViewLayer | Synchronizing object | Mgmt_SFP_guide_5.001
Fra:1 Mem:231.27M (Peak 262.79M) | Time:00:00.25 | Mem:0.00M, Peak:0.00M | GLB_REIMPORT_QA, ViewLayer | Synchronizing object | Mgmt_SFP_guide_-5.001
Fra:1 Mem:231.30M (Peak 262.79M) | Time:00:00.25 | Mem:0.00M, Peak:0.00M | GLB_REIMPORT_QA, ViewLayer | Synchronizing object | Mgmt_SFP_deep_metal_cage.001
Fra:1 Mem:230.95M (Peak 262.79M) | Time:00:00.25 | Mem:0.00M, Peak:0.00M | GLB_REIMPORT_QA, ViewLayer | Synchronizing object | Mgmt_SFP_contact_9.001
Fra:1 Mem:230.96M (Peak 262.79M) | Time:00:00.25 | Mem:0.00M, Peak:0.00M | GLB_REIMPORT_QA, ViewLayer | Synchronizing object | Mgmt_SFP_contact_8.001
Fra:1 Mem:230.97M (Peak 262.79M) | Time:00:00.25 | Mem:0.00M, Peak:0.00M | GLB_REIMPORT_QA, ViewLayer | Synchronizing object | Mgmt_SFP_contact_7.001
Fra:1 Mem:230.99M (Peak 262.79M) | Time:00:00.25 | Mem:0.00M, Peak:0.00M | GLB_REIMPORT_QA, ViewLayer | Synchronizing object | Mgmt_SFP_contact_6.001
Fra:1 Mem:231.04M (Peak 262.79M) | Time:00:00.25 | Mem:0.00M, Peak:0.00M | GLB_REIMPORT_QA, ViewLayer | Synchronizing object | Mgmt_SFP_contact_5.001
Fra:1 Mem:231.05M (Peak 262.79M) | Time:00:00.25 | Mem:0.00M, Peak:0.00M | GLB_REIMPORT_QA, ViewLayer | Synchronizing object | Mgmt_SFP_contact_4.001
Fra:1 Mem:231.05M (Peak 262.79M) | Time:00:00.25 | Mem:0.00M, Peak:0.00M | GLB_REIMPORT_QA, ViewLayer | Synchronizing object | Mgmt_SFP_contact_3.001
Fra:1 Mem:231.05M (Peak 262.79M) | Time:00:00.25 | Mem:0.00M, Peak:0.00M | GLB_REIMPORT_QA, ViewLayer | Synchronizing object | Mgmt_SFP_contact_2.001
Fra:1 Mem:231.97M (Peak 262.79M) | Time:00:00.25 | Mem:0.00M, Peak:0.00M | GLB_REIMPORT_QA, ViewLayer | Synchronizing object | Mgmt_SFP_contact_1.001
Fra:1 Mem:231.98M (Peak 262.79M) | Time:00:00.25 | Mem:0.00M, Peak:0.00M | GLB_REIMPORT_QA, ViewLayer | Synchronizing object | Mgmt_SFP_contact_0.001
Fra:1 Mem:231.98M (Peak 262.79M) | Time:00:00.25 | Mem:0.00M, Peak:0.00M | GLB_REIMPORT_QA, ViewLayer | Synchronizing object | MANAGEMENT_RJ45_unpowered_corner_LED_5.001
Fra:1 Mem:232.00M (Peak 262.79M) | Time:00:00.25 | Mem:0.00M, Peak:0.00M | GLB_REIMPORT_QA, ViewLayer | Synchronizing object | MANAGEMENT_RJ45_unpowered_corner_LED_-5.001
Fra:1 Mem:232.02M (Peak 262.79M) | Time:00:00.25 | Mem:0.00M, Peak:0.00M | GLB_REIMPORT_QA, ViewLayer | Synchronizing object | MANAGEMENT_RJ45_metal_shield.001
Fra:1 Mem:232.10M (Peak 262.79M) | Time:00:00.25 | Mem:0.00M, Peak:0.00M | GLB_REIMPORT_QA, ViewLayer | Synchronizing object | MANAGEMENT_RJ45_keyed_plastic_body.001
Fra:1 Mem:232.24M (Peak 262.79M) | Time:00:00.25 | Mem:0.00M, Peak:0.00M | GLB_REIMPORT_QA, ViewLayer | Synchronizing object | MANAGEMENT_RJ45_deep_connector_stop.001
Fra:1 Mem:232.24M (Peak 262.79M) | Time:00:00.25 | Mem:0.00M, Peak:0.00M | GLB_REIMPORT_QA, ViewLayer | Synchronizing object | MANAGEMENT_RJ45_contact_7.001
Fra:1 Mem:232.26M (Peak 262.79M) | Time:00:00.25 | Mem:0.00M, Peak:0.00M | GLB_REIMPORT_QA, ViewLayer | Synchronizing object | MANAGEMENT_RJ45_contact_6.001
Fra:1 Mem:232.37M (Peak 262.79M) | Time:00:00.25 | Mem:0.00M, Peak:0.00M | GLB_REIMPORT_QA, ViewLayer | Synchronizing object | MANAGEMENT_RJ45_contact_5.001
Fra:1 Mem:231.42M (Peak 262.79M) | Time:00:00.25 | Mem:0.00M, Peak:0.00M | GLB_REIMPORT_QA, ViewLayer | Synchronizing object | MANAGEMENT_RJ45_contact_4.001
Fra:1 Mem:231.79M (Peak 262.79M) | Time:00:00.25 | Mem:0.00M, Peak:0.00M | GLB_REIMPORT_QA, ViewLayer | Synchronizing object | MANAGEMENT_RJ45_contact_3.001
Fra:1 Mem:231.96M (Peak 262.79M) | Time:00:00.25 | Mem:0.00M, Peak:0.00M | GLB_REIMPORT_QA, ViewLayer | Synchronizing object | MANAGEMENT_RJ45_contact_2.001
Fra:1 Mem:232.01M (Peak 262.79M) | Time:00:00.25 | Mem:0.00M, Peak:0.00M | GLB_REIMPORT_QA, ViewLayer | Synchronizing object | MANAGEMENT_RJ45_contact_1.001
Fra:1 Mem:232.02M (Peak 262.79M) | Time:00:00.25 | Mem:0.00M, Peak:0.00M | GLB_REIMPORT_QA, ViewLayer | Synchronizing object | MANAGEMENT_RJ45_contact_0.001
Fra:1 Mem:232.04M (Peak 262.79M) | Time:00:00.25 | Mem:0.00M, Peak:0.00M | GLB_REIMPORT_QA, ViewLayer | Synchronizing object | CONSOLE_RJ45_unpowered_corner_LED_5.001
Fra:1 Mem:232.05M (Peak 262.79M) | Time:00:00.25 | Mem:0.00M, Peak:0.00M | GLB_REIMPORT_QA, ViewLayer | Synchronizing object | CONSOLE_RJ45_unpowered_corner_LED_-5.001
Fra:1 Mem:232.07M (Peak 262.79M) | Time:00:00.25 | Mem:0.00M, Peak:0.00M | GLB_REIMPORT_QA, ViewLayer | Synchronizing object | CONSOLE_RJ45_metal_shield.001
Fra:1 Mem:232.11M (Peak 262.79M) | Time:00:00.25 | Mem:0.00M, Peak:0.00M | GLB_REIMPORT_QA, ViewLayer | Synchronizing object | CONSOLE_RJ45_keyed_plastic_body.001
Fra:1 Mem:232.11M (Peak 262.79M) | Time:00:00.25 | Mem:0.00M, Peak:0.00M | GLB_REIMPORT_QA, ViewLayer | Synchronizing object | CONSOLE_RJ45_deep_connector_stop.001
Fra:1 Mem:232.12M (Peak 262.79M) | Time:00:00.25 | Mem:0.00M, Peak:0.00M | GLB_REIMPORT_QA, ViewLayer | Synchronizing object | CONSOLE_RJ45_contact_7.001
Fra:1 Mem:232.13M (Peak 262.79M) | Time:00:00.25 | Mem:0.00M, Peak:0.00M | GLB_REIMPORT_QA, ViewLayer | Synchronizing object | CONSOLE_RJ45_contact_6.001
Fra:1 Mem:232.15M (Peak 262.79M) | Time:00:00.25 | Mem:0.00M, Peak:0.00M | GLB_REIMPORT_QA, ViewLayer | Synchronizing object | CONSOLE_RJ45_contact_5.001
Fra:1 Mem:232.17M (Peak 262.79M) | Time:00:00.25 | Mem:0.00M, Peak:0.00M | GLB_REIMPORT_QA, ViewLayer | Synchronizing object | CONSOLE_RJ45_contact_4.001
Fra:1 Mem:232.18M (Peak 262.79M) | Time:00:00.25 | Mem:0.00M, Peak:0.00M | GLB_REIMPORT_QA, ViewLayer | Synchronizing object | CONSOLE_RJ45_contact_3.001
Fra:1 Mem:232.20M (Peak 262.79M) | Time:00:00.25 | Mem:0.00M, Peak:0.00M | GLB_REIMPORT_QA, ViewLayer | Synchronizing object | CONSOLE_RJ45_contact_2.001
Fra:1 Mem:232.21M (Peak 262.79M) | Time:00:00.25 | Mem:0.00M, Peak:0.00M | GLB_REIMPORT_QA, ViewLayer | Synchronizing object | CONSOLE_RJ45_contact_1.001
Fra:1 Mem:232.23M (Peak 262.79M) | Time:00:00.25 | Mem:0.00M, Peak:0.00M | GLB_REIMPORT_QA, ViewLayer | Synchronizing object | CONSOLE_RJ45_contact_0.001
Fra:1 Mem:232.25M (Peak 262.79M) | Time:00:00.25 | Mem:0.00M, Peak:0.00M | GLB_REIMPORT_QA, ViewLayer | Synchronizing object | REAR_BCN_unpowered_indicator.001
Fra:1 Mem:232.26M (Peak 262.79M) | Time:00:00.25 | Mem:0.00M, Peak:0.00M | GLB_REIMPORT_QA, ViewLayer | Synchronizing object | REAR_BCN_legend.001
Fra:1 Mem:232.28M (Peak 262.79M) | Time:00:00.25 | Mem:0.00M, Peak:0.00M | GLB_REIMPORT_QA, ViewLayer | Synchronizing object | Console_terminal_symbol.001
Fra:1 Mem:232.30M (Peak 262.79M) | Time:00:00.25 | Mem:0.00M, Peak:0.00M | GLB_REIMPORT_QA, ViewLayer | Synchronizing object | Rear_module_divider_70.001
Fra:1 Mem:232.33M (Peak 262.79M) | Time:00:00.25 | Mem:0.00M, Peak:0.00M | GLB_REIMPORT_QA, ViewLayer | Synchronizing object | Rear_module_divider_160.001
Fra:1 Mem:232.35M (Peak 262.79M) | Time:00:00.25 | Mem:0.00M, Peak:0.00M | GLB_REIMPORT_QA, ViewLayer | Synchronizing object | Rear_module_divider_-20.001
Fra:1 Mem:232.38M (Peak 262.79M) | Time:00:00.25 | Mem:0.00M, Peak:0.00M | GLB_REIMPORT_QA, ViewLayer | Synchronizing object | Rear_module_divider_-160.001
Fra:1 Mem:232.40M (Peak 262.79M) | Time:00:00.25 | Mem:0.00M, Peak:0.00M | GLB_REIMPORT_QA, ViewLayer | Synchronizing object | Rear_module_divider_-110.001
Fra:1 Mem:232.43M (Peak 262.79M) | Time:00:00.25 | Mem:0.00M, Peak:0.00M | GLB_REIMPORT_QA, ViewLayer | Synchronizing object | Rear_horizontal_rim_42.001
Fra:1 Mem:232.43M (Peak 262.79M) | Time:00:00.25 | Mem:0.00M, Peak:0.00M | GLB_REIMPORT_QA, ViewLayer | Synchronizing object | Rear_horizontal_rim_1.001
Fra:1 Mem:232.43M (Peak 262.79M) | Time:00:00.25 | Mem:0.00M, Peak:0.00M | GLB_REIMPORT_QA, ViewLayer | Synchronizing object | PSU2_unpowered_LED_36.001
Fra:1 Mem:232.45M (Peak 262.79M) | Time:00:00.25 | Mem:0.00M, Peak:0.00M | GLB_REIMPORT_QA, ViewLayer | Synchronizing object | PSU2_unpowered_LED_32.001
Fra:1 Mem:232.46M (Peak 262.79M) | Time:00:00.25 | Mem:0.00M, Peak:0.00M | GLB_REIMPORT_QA, ViewLayer | Synchronizing object | PSU2_true_hex_cooling_vents.001
Fra:1 Mem:232.87M (Peak 262.79M) | Time:00:00.25 | Mem:0.00M, Peak:0.00M | GLB_REIMPORT_QA, ViewLayer | Synchronizing object | Pair01_internal_cooling_shelf.001
Fra:1 Mem:232.87M (Peak 262.79M) | Time:00:00.25 | Mem:0.00M, Peak:0.00M | GLB_REIMPORT_QA, ViewLayer | Synchronizing object | Pair01_stainless_shell_29mm_deep.001
Fra:1 Mem:232.29M (Peak 262.79M) | Time:00:00.25 | Mem:0.00M, Peak:0.00M | GLB_REIMPORT_QA, ViewLayer | Synchronizing object | Fan1_BLUE_release_latch_-1.001
Fra:1 Mem:232.25M (Peak 262.79M) | Time:00:00.25 | Mem:0.00M, Peak:0.00M | GLB_REIMPORT_QA, ViewLayer | Synchronizing object | Fan1_BLUE_release_latch_1.001
Fra:1 Mem:232.37M (Peak 262.79M) | Time:00:00.25 | Mem:0.00M, Peak:0.00M | GLB_REIMPORT_QA, ViewLayer | Synchronizing object | Fan1_fine_vertical_thumb_rib_-1_0.001
Fra:1 Mem:232.39M (Peak 262.79M) | Time:00:00.25 | Mem:0.00M, Peak:0.00M | GLB_REIMPORT_QA, ViewLayer | Synchronizing object | Fan1_fine_vertical_thumb_rib_-1_1.001
Fra:1 Mem:233.13M (Peak 262.79M) | Time:00:00.25 | Mem:0.00M, Peak:0.00M | GLB_REIMPORT_QA, ViewLayer | Synchronizing object | Fan1_fine_vertical_thumb_rib_-1_2.001
Fra:1 Mem:233.21M (Peak 262.79M) | Time:00:00.25 | Mem:0.00M, Peak:0.00M | GLB_REIMPORT_QA, ViewLayer | Synchronizing object | Fan1_fine_vertical_thumb_rib_-1_3.001
Fra:1 Mem:233.29M (Peak 262.79M) | Time:00:00.25 | Mem:0.00M, Peak:0.00M | GLB_REIMPORT_QA, ViewLayer | Synchronizing object | Fan1_fine_vertical_thumb_rib_-1_4.001
Fra:1 Mem:233.53M (Peak 262.79M) | Time:00:00.25 | Mem:0.00M, Peak:0.00M | GLB_REIMPORT_QA, ViewLayer | Synchronizing object | Fan1_fine_vertical_thumb_rib_-1_5.001
Fra:1 Mem:233.62M (Peak 262.79M) | Time:00:00.25 | Mem:0.00M, Peak:0.00M | GLB_REIMPORT_QA, ViewLayer | Synchronizing object | Fan1_fine_vertical_thumb_rib_-1_6.001
Fra:1 Mem:233.64M (Peak 262.79M) | Time:00:00.25 | Mem:0.00M, Peak:0.00M | GLB_REIMPORT_QA, ViewLayer | Synchronizing object | Fan1_fine_vertical_thumb_rib_-1_7.001
Fra:1 Mem:233.63M (Peak 262.79M) | Time:00:00.25 | Mem:0.00M, Peak:0.00M | GLB_REIMPORT_QA, ViewLayer | Synchronizing object | Fan1_fine_vertical_thumb_rib_-1_8.001
Fra:1 Mem:233.72M (Peak 262.79M) | Time:00:00.25 | Mem:0.00M, Peak:0.00M | GLB_REIMPORT_QA, ViewLayer | Synchronizing object | Fan1_fine_vertical_thumb_rib_-1_9.001
Fra:1 Mem:233.95M (Peak 262.79M) | Time:00:00.26 | Mem:0.00M, Peak:0.00M | GLB_REIMPORT_QA, ViewLayer | Synchronizing object | Fan1_fine_vertical_thumb_rib_1_0.001
Fra:1 Mem:233.97M (Peak 262.79M) | Time:00:00.26 | Mem:0.00M, Peak:0.00M | GLB_REIMPORT_QA, ViewLayer | Synchronizing object | Fan1_fine_vertical_thumb_rib_1_1.001
Fra:1 Mem:233.98M (Peak 262.79M) | Time:00:00.26 | Mem:0.00M, Peak:0.00M | GLB_REIMPORT_QA, ViewLayer | Synchronizing object | Fan1_fine_vertical_thumb_rib_1_2.001
Fra:1 Mem:233.46M (Peak 262.79M) | Time:00:00.26 | Mem:0.00M, Peak:0.00M | GLB_REIMPORT_QA, ViewLayer | Synchronizing object | Fan1_fine_vertical_thumb_rib_1_3.001
Fra:1 Mem:233.48M (Peak 262.79M) | Time:00:00.26 | Mem:0.00M, Peak:0.00M | GLB_REIMPORT_QA, ViewLayer | Synchronizing object | Fan1_fine_vertical_thumb_rib_1_4.001
Fra:1 Mem:233.35M (Peak 262.79M) | Time:00:00.26 | Mem:0.00M, Peak:0.00M | GLB_REIMPORT_QA, ViewLayer | Synchronizing object | PSU2_stowed_nylon_retention_loop.001
Fra:1 Mem:233.35M (Peak 262.79M) | Time:00:00.26 | Mem:0.00M, Peak:0.00M | GLB_REIMPORT_QA, ViewLayer | Synchronizing object | Fan1_fine_vertical_thumb_rib_1_5.001
Fra:1 Mem:233.36M (Peak 262.79M) | Time:00:00.26 | Mem:0.00M, Peak:0.00M | GLB_REIMPORT_QA, ViewLayer | Synchronizing object | PSU2_silver_U_pull_handle.001
Fra:1 Mem:233.36M (Peak 262.79M) | Time:00:00.26 | Mem:0.00M, Peak:0.00M | GLB_REIMPORT_QA, ViewLayer | Synchronizing object | Fan1_fine_vertical_thumb_rib_1_6.001
Fra:1 Mem:233.46M (Peak 262.79M) | Time:00:00.26 | Mem:0.00M, Peak:0.00M | GLB_REIMPORT_QA, ViewLayer | Synchronizing object | Fan1_fine_vertical_thumb_rib_1_7.001
Fra:1 Mem:233.54M (Peak 262.79M) | Time:00:00.26 | Mem:0.00M, Peak:0.00M | GLB_REIMPORT_QA, ViewLayer | Synchronizing object | Fan1_fine_vertical_thumb_rib_1_8.001
Fra:1 Mem:233.56M (Peak 262.79M) | Time:00:00.26 | Mem:0.00M, Peak:0.00M | GLB_REIMPORT_QA, ViewLayer | Synchronizing object | Fan1_fine_vertical_thumb_rib_1_9.001
Fra:1 Mem:233.57M (Peak 262.79M) | Time:00:00.26 | Mem:0.00M, Peak:0.00M | GLB_REIMPORT_QA, ViewLayer | Synchronizing object | Fan1_flush_lock_pin_-39.001
Fra:1 Mem:233.63M (Peak 262.79M) | Time:00:00.26 | Mem:0.00M, Peak:0.00M | GLB_REIMPORT_QA, ViewLayer | Synchronizing object | Fan1_flush_lock_pin_39.001
Fra:1 Mem:233.75M (Peak 262.79M) | Time:00:00.26 | Mem:0.00M, Peak:0.00M | GLB_REIMPORT_QA, ViewLayer | Synchronizing object | Fan1_front_frame.001
Fra:1 Mem:233.88M (Peak 262.79M) | Time:00:00.26 | Mem:0.00M, Peak:0.00M | GLB_REIMPORT_QA, ViewLayer | Synchronizing object | Fan1_known_PID.001
Fra:1 Mem:233.93M (Peak 262.79M) | Time:00:00.26 | Mem:0.00M, Peak:0.00M | GLB_REIMPORT_QA, ViewLayer | Synchronizing object | Fan1_latch_thumb_flare_-1.001
Fra:1 Mem:233.94M (Peak 262.79M) | Time:00:00.26 | Mem:0.00M, Peak:0.00M | GLB_REIMPORT_QA, ViewLayer | Synchronizing object | Fan1_latch_thumb_flare_1.001
Fra:1 Mem:233.96M (Peak 262.79M) | Time:00:00.26 | Mem:0.00M, Peak:0.00M | GLB_REIMPORT_QA, ViewLayer | Synchronizing object | Fan1_molded_trapezoid_pull_handle.001
Fra:1 Mem:233.82M (Peak 262.79M) | Time:00:00.26 | Mem:0.00M, Peak:0.00M | GLB_REIMPORT_QA, ViewLayer | Synchronizing object | PSU2_retainer_rib_315.001
Fra:1 Mem:234.16M (Peak 262.79M) | Time:00:00.26 | Mem:0.00M, Peak:0.00M | GLB_REIMPORT_QA, ViewLayer | Synchronizing object | PSU2_retainer_rib_313.001
Fra:1 Mem:234.22M (Peak 262.79M) | Time:00:00.26 | Mem:0.00M, Peak:0.00M | GLB_REIMPORT_QA, ViewLayer | Synchronizing object | PSU2_retainer_rib_311.001
Fra:1 Mem:233.94M (Peak 262.79M) | Time:00:00.26 | Mem:0.00M, Peak:0.00M | GLB_REIMPORT_QA, ViewLayer | Synchronizing object | Fan1_PID_label_recess.001
Fra:1 Mem:233.95M (Peak 262.79M) | Time:00:00.26 | Mem:0.00M, Peak:0.00M | GLB_REIMPORT_QA, ViewLayer | Synchronizing object | PSU2_retainer_rib_308.001
Fra:1 Mem:234.02M (Peak 262.79M) | Time:00:00.26 | Mem:0.00M, Peak:0.00M | GLB_REIMPORT_QA, ViewLayer | Synchronizing object | Fan1_rear_power_contact_block_-1.001
Fra:1 Mem:233.99M (Peak 262.79M) | Time:00:00.26 | Mem:0.00M, Peak:0.00M | GLB_REIMPORT_QA, ViewLayer | Synchronizing object | PSU2_retainer_rib_306.001
Fra:1 Mem:234.00M (Peak 262.79M) | Time:00:00.26 | Mem:0.00M, Peak:0.00M | GLB_REIMPORT_QA, ViewLayer | Synchronizing object | Fan1_rear_power_contact_block_1.001
Fra:1 Mem:234.01M (Peak 262.79M) | Time:00:00.26 | Mem:0.00M, Peak:0.00M | GLB_REIMPORT_QA, ViewLayer | Synchronizing object | PSU2_retainer_rib_304.001
Fra:1 Mem:234.06M (Peak 262.79M) | Time:00:00.26 | Mem:0.00M, Peak:0.00M | GLB_REIMPORT_QA, ViewLayer | Synchronizing object | PSU2_retainer_rib_302.001
Fra:1 Mem:234.06M (Peak 262.79M) | Time:00:00.26 | Mem:0.00M, Peak:0.00M | GLB_REIMPORT_QA, ViewLayer | Synchronizing object | Fan1_blade_-1_0.001
Fra:1 Mem:234.09M (Peak 262.79M) | Time:00:00.26 | Mem:0.00M, Peak:0.00M | GLB_REIMPORT_QA, ViewLayer | Synchronizing object | Fan1_blade_-1_1.001
Fra:1 Mem:234.05M (Peak 262.79M) | Time:00:00.26 | Mem:0.00M, Peak:0.00M | GLB_REIMPORT_QA, ViewLayer | Synchronizing object | Fan1_blade_-1_2.001
Fra:1 Mem:234.06M (Peak 262.79M) | Time:00:00.26 | Mem:0.00M, Peak:0.00M | GLB_REIMPORT_QA, ViewLayer | Synchronizing object | PSU2_retainer_rib_300.001
Fra:1 Mem:234.08M (Peak 262.79M) | Time:00:00.26 | Mem:0.00M, Peak:0.00M | GLB_REIMPORT_QA, ViewLayer | Synchronizing object | Fan1_blade_-1_3.001
Fra:1 Mem:234.11M (Peak 262.79M) | Time:00:00.26 | Mem:0.00M, Peak:0.00M | GLB_REIMPORT_QA, ViewLayer | Synchronizing object | Fan1_blade_-1_4.001
Fra:1 Mem:234.08M (Peak 262.79M) | Time:00:00.26 | Mem:0.00M, Peak:0.00M | GLB_REIMPORT_QA, ViewLayer | Synchronizing object | Fan1_blade_-1_5.001
Fra:1 Mem:234.08M (Peak 262.79M) | Time:00:00.26 | Mem:0.00M, Peak:0.00M | GLB_REIMPORT_QA, ViewLayer | Synchronizing object | PSU2_rear_internal_endcap.001
Fra:1 Mem:234.10M (Peak 262.79M) | Time:00:00.26 | Mem:0.00M, Peak:0.00M | GLB_REIMPORT_QA, ViewLayer | Synchronizing object | Fan1_blade_-1_6.001
Fra:1 Mem:234.13M (Peak 262.79M) | Time:00:00.26 | Mem:0.00M, Peak:0.00M | GLB_REIMPORT_QA, ViewLayer | Synchronizing object | Fan1_hub_-1.001
Fra:1 Mem:234.14M (Peak 262.79M) | Time:00:00.26 | Mem:0.00M, Peak:0.00M | GLB_REIMPORT_QA, ViewLayer | Synchronizing object | PSU2_OK_legend.001
Fra:1 Mem:234.14M (Peak 262.79M) | Time:00:00.26 | Mem:0.00M, Peak:0.00M | GLB_REIMPORT_QA, ViewLayer | Synchronizing object | PSU2_internal_opaque_baffle.001
Fra:1 Mem:234.14M (Peak 262.79M) | Time:00:00.26 | Mem:0.00M, Peak:0.00M | GLB_REIMPORT_QA, ViewLayer | Synchronizing object | PSU2_internal_mating_block.001
Fra:1 Mem:234.16M (Peak 262.79M) | Time:00:00.26 | Mem:0.00M, Peak:0.00M | GLB_REIMPORT_QA, ViewLayer | Synchronizing object | PSU2_inlet_vent_divider.001
Fra:1 Mem:234.16M (Peak 262.79M) | Time:00:00.26 | Mem:0.00M, Peak:0.00M | GLB_REIMPORT_QA, ViewLayer | Synchronizing object | PSU2_IEC_recessed_black_floor.001
Fra:1 Mem:234.16M (Peak 262.79M) | Time:00:00.26 | Mem:0.00M, Peak:0.00M | GLB_REIMPORT_QA, ViewLayer | Synchronizing object | PSU2_IEC_pin_2.001
Fra:1 Mem:234.19M (Peak 262.79M) | Time:00:00.26 | Mem:0.00M, Peak:0.00M | GLB_REIMPORT_QA, ViewLayer | Synchronizing object | PSU2_IEC_pin_1.001
Fra:1 Mem:234.21M (Peak 262.79M) | Time:00:00.26 | Mem:0.00M, Peak:0.00M | GLB_REIMPORT_QA, ViewLayer | Synchronizing object | PSU2_IEC_pin_0.001
Fra:1 Mem:234.24M (Peak 262.79M) | Time:00:00.26 | Mem:0.00M, Peak:0.00M | GLB_REIMPORT_QA, ViewLayer | Synchronizing object | PSU2_IEC_C14_black_inlet_housing.001
Fra:1 Mem:234.32M (Peak 262.79M) | Time:00:00.26 | Mem:0.00M, Peak:0.00M | GLB_REIMPORT_QA, ViewLayer | Synchronizing object | PSU2_front_face_rim.001
Fra:1 Mem:234.36M (Peak 262.79M) | Time:00:00.26 | Mem:0.00M, Peak:0.00M | GLB_REIMPORT_QA, ViewLayer | Synchronizing object | PSU2_formed_silver_shell.001
Fra:1 Mem:234.40M (Peak 262.79M) | Time:00:00.26 | Mem:0.00M, Peak:0.00M | GLB_REIMPORT_QA, ViewLayer | Synchronizing object | PSU2_FAIL_legend.001
Fra:1 Mem:234.40M (Peak 262.79M) | Time:00:00.26 | Mem:0.00M, Peak:0.00M | GLB_REIMPORT_QA, ViewLayer | Synchronizing object | PSU2_face_screw_24.5_4.002
Fra:1 Mem:234.44M (Peak 262.79M) | Time:00:00.26 | Mem:0.00M, Peak:0.00M | GLB_REIMPORT_QA, ViewLayer | Synchronizing object | PSU2_face_screw_24.5_39.001
Fra:1 Mem:234.47M (Peak 262.79M) | Time:00:00.26 | Mem:0.00M, Peak:0.00M | GLB_REIMPORT_QA, ViewLayer | Synchronizing object | PSU2_face_screw_-24.5_4.002
Fra:1 Mem:234.51M (Peak 262.79M) | Time:00:00.26 | Mem:0.00M, Peak:0.00M | GLB_REIMPORT_QA, ViewLayer | Synchronizing object | PSU2_face_screw_-24.5_39.001
Fra:1 Mem:234.54M (Peak 262.79M) | Time:00:00.26 | Mem:0.00M, Peak:0.00M | GLB_REIMPORT_QA, ViewLayer | Synchronizing object | PSU2_cord_retainer_anchor.001
Fra:1 Mem:234.56M (Peak 262.79M) | Time:00:00.26 | Mem:0.00M, Peak:0.00M | GLB_REIMPORT_QA, ViewLayer | Synchronizing object | PSU2_BLUE_release_latch.001
Fra:1 Mem:234.57M (Peak 262.79M) | Time:00:00.26 | Mem:0.00M, Peak:0.00M | GLB_REIMPORT_QA, ViewLayer | Synchronizing object | PSU1_unpowered_LED_36.001
Fra:1 Mem:234.59M (Peak 262.79M) | Time:00:00.26 | Mem:0.00M, Peak:0.00M | GLB_REIMPORT_QA, ViewLayer | Synchronizing object | PSU1_unpowered_LED_32.001
Fra:1 Mem:234.60M (Peak 262.79M) | Time:00:00.26 | Mem:0.00M, Peak:0.00M | GLB_REIMPORT_QA, ViewLayer | Synchronizing object | PSU1_true_hex_cooling_vents.001
Fra:1 Mem:235.41M (Peak 262.79M) | Time:00:00.27 | Mem:0.00M, Peak:0.00M | GLB_REIMPORT_QA, ViewLayer | Synchronizing object | Fan1_blade_1_0.001
Fra:1 Mem:235.41M (Peak 262.79M) | Time:00:00.27 | Mem:0.00M, Peak:0.00M | GLB_REIMPORT_QA, ViewLayer | Synchronizing object | Fan1_blade_1_1.001
Fra:1 Mem:235.42M (Peak 262.79M) | Time:00:00.27 | Mem:0.00M, Peak:0.00M | GLB_REIMPORT_QA, ViewLayer | Synchronizing object | Fan1_blade_1_2.001
Fra:1 Mem:235.42M (Peak 262.79M) | Time:00:00.27 | Mem:0.00M, Peak:0.00M | GLB_REIMPORT_QA, ViewLayer | Synchronizing object | Fan1_blade_1_3.001
Fra:1 Mem:235.42M (Peak 262.79M) | Time:00:00.27 | Mem:0.00M, Peak:0.00M | GLB_REIMPORT_QA, ViewLayer | Synchronizing object | Fan1_blade_1_4.001
Fra:1 Mem:235.42M (Peak 262.79M) | Time:00:00.27 | Mem:0.00M, Peak:0.00M | GLB_REIMPORT_QA, ViewLayer | Synchronizing object | Fan1_blade_1_5.001
Fra:1 Mem:235.42M (Peak 262.79M) | Time:00:00.27 | Mem:0.00M, Peak:0.00M | GLB_REIMPORT_QA, ViewLayer | Synchronizing object | Fan1_blade_1_6.001
Fra:1 Mem:235.43M (Peak 262.79M) | Time:00:00.27 | Mem:0.00M, Peak:0.00M | GLB_REIMPORT_QA, ViewLayer | Synchronizing object | Fan1_hub_1.001
Fra:1 Mem:235.44M (Peak 262.79M) | Time:00:00.27 | Mem:0.00M, Peak:0.00M | GLB_REIMPORT_QA, ViewLayer | Synchronizing object | Fan1_rotor_housing_-1.001
Fra:1 Mem:235.47M (Peak 262.79M) | Time:00:00.27 | Mem:0.00M, Peak:0.00M | GLB_REIMPORT_QA, ViewLayer | Synchronizing object | Fan1_rotor_housing_1.001
Fra:1 Mem:235.49M (Peak 262.79M) | Time:00:00.27 | Mem:0.00M, Peak:0.00M | GLB_REIMPORT_QA, ViewLayer | Synchronizing object | Fan1_top_retention_rail_-1.001
Fra:1 Mem:234.85M (Peak 262.79M) | Time:00:00.27 | Mem:0.00M, Peak:0.00M | GLB_REIMPORT_QA, ViewLayer | Synchronizing object | Fan1_top_retention_rail_1.001
Fra:1 Mem:234.98M (Peak 262.79M) | Time:00:00.27 | Mem:0.00M, Peak:0.00M | GLB_REIMPORT_QA, ViewLayer | Synchronizing object | Fan1_true_honeycomb_front_grille.001
Fra:1 Mem:238.38M (Peak 262.79M) | Time:00:00.27 | Mem:0.00M, Peak:0.00M | GLB_REIMPORT_QA, ViewLayer | Synchronizing object | PSU1_stowed_nylon_retention_loop.001
Fra:1 Mem:238.40M (Peak 262.79M) | Time:00:00.27 | Mem:0.00M, Peak:0.00M | GLB_REIMPORT_QA, ViewLayer | Synchronizing object | PSU1_silver_U_pull_handle.001
Fra:1 Mem:236.58M (Peak 262.79M) | Time:00:00.27 | Mem:0.00M, Peak:0.00M | GLB_REIMPORT_QA, ViewLayer | Synchronizing object | PSU1_retainer_rib_315.001
Fra:1 Mem:236.60M (Peak 262.79M) | Time:00:00.27 | Mem:0.00M, Peak:0.00M | GLB_REIMPORT_QA, ViewLayer | Synchronizing object | PSU1_retainer_rib_313.001
Fra:1 Mem:236.62M (Peak 262.79M) | Time:00:00.27 | Mem:0.00M, Peak:0.00M | GLB_REIMPORT_QA, ViewLayer | Synchronizing object | PSU1_retainer_rib_311.001
Fra:1 Mem:236.63M (Peak 262.79M) | Time:00:00.27 | Mem:0.00M, Peak:0.00M | GLB_REIMPORT_QA, ViewLayer | Synchronizing object | PSU1_retainer_rib_308.001
Fra:1 Mem:236.65M (Peak 262.79M) | Time:00:00.27 | Mem:0.00M, Peak:0.00M | GLB_REIMPORT_QA, ViewLayer | Synchronizing object | PSU1_retainer_rib_306.001
Fra:1 Mem:236.67M (Peak 262.79M) | Time:00:00.27 | Mem:0.00M, Peak:0.00M | GLB_REIMPORT_QA, ViewLayer | Synchronizing object | PSU1_retainer_rib_304.001
Fra:1 Mem:236.68M (Peak 262.79M) | Time:00:00.27 | Mem:0.00M, Peak:0.00M | GLB_REIMPORT_QA, ViewLayer | Synchronizing object | PSU1_retainer_rib_302.001
Fra:1 Mem:236.70M (Peak 262.79M) | Time:00:00.27 | Mem:0.00M, Peak:0.00M | GLB_REIMPORT_QA, ViewLayer | Synchronizing object | PSU1_retainer_rib_300.001
Fra:1 Mem:236.71M (Peak 262.79M) | Time:00:00.28 | Mem:0.00M, Peak:0.00M | GLB_REIMPORT_QA, ViewLayer | Synchronizing object | PSU1_rear_internal_endcap.001
Fra:1 Mem:236.74M (Peak 262.79M) | Time:00:00.28 | Mem:0.00M, Peak:0.00M | GLB_REIMPORT_QA, ViewLayer | Synchronizing object | PSU1_OK_legend.001
Fra:1 Mem:236.75M (Peak 262.79M) | Time:00:00.28 | Mem:0.00M, Peak:0.00M | GLB_REIMPORT_QA, ViewLayer | Synchronizing object | PSU1_internal_opaque_baffle.001
Fra:1 Mem:236.75M (Peak 262.79M) | Time:00:00.28 | Mem:0.00M, Peak:0.00M | GLB_REIMPORT_QA, ViewLayer | Synchronizing object | PSU1_internal_mating_block.001
Fra:1 Mem:236.77M (Peak 262.79M) | Time:00:00.28 | Mem:0.00M, Peak:0.00M | GLB_REIMPORT_QA, ViewLayer | Synchronizing object | PSU1_inlet_vent_divider.001
Fra:1 Mem:236.77M (Peak 262.79M) | Time:00:00.28 | Mem:0.00M, Peak:0.00M | GLB_REIMPORT_QA, ViewLayer | Synchronizing object | PSU1_IEC_recessed_black_floor.001
Fra:1 Mem:236.77M (Peak 262.79M) | Time:00:00.28 | Mem:0.00M, Peak:0.00M | GLB_REIMPORT_QA, ViewLayer | Synchronizing object | PSU1_IEC_pin_2.001
Fra:1 Mem:236.80M (Peak 262.79M) | Time:00:00.28 | Mem:0.00M, Peak:0.00M | GLB_REIMPORT_QA, ViewLayer | Synchronizing object | PSU1_IEC_pin_1.001
Fra:1 Mem:236.82M (Peak 262.79M) | Time:00:00.28 | Mem:0.00M, Peak:0.00M | GLB_REIMPORT_QA, ViewLayer | Synchronizing object | PSU1_IEC_pin_0.001
Fra:1 Mem:236.85M (Peak 262.79M) | Time:00:00.28 | Mem:0.00M, Peak:0.00M | GLB_REIMPORT_QA, ViewLayer | Synchronizing object | PSU1_IEC_C14_black_inlet_housing.001
Fra:1 Mem:236.94M (Peak 262.79M) | Time:00:00.28 | Mem:0.00M, Peak:0.00M | GLB_REIMPORT_QA, ViewLayer | Synchronizing object | PSU1_front_face_rim.001
Fra:1 Mem:236.97M (Peak 262.79M) | Time:00:00.28 | Mem:0.00M, Peak:0.00M | GLB_REIMPORT_QA, ViewLayer | Synchronizing object | PSU1_formed_silver_shell.001
Fra:1 Mem:236.82M (Peak 262.79M) | Time:00:00.28 | Mem:0.00M, Peak:0.00M | GLB_REIMPORT_QA, ViewLayer | Synchronizing object | PSU1_FAIL_legend.001
Fra:1 Mem:236.82M (Peak 262.79M) | Time:00:00.28 | Mem:0.00M, Peak:0.00M | GLB_REIMPORT_QA, ViewLayer | Synchronizing object | PSU1_face_screw_24.5_4.002
Fra:1 Mem:236.96M (Peak 262.79M) | Time:00:00.28 | Mem:0.00M, Peak:0.00M | GLB_REIMPORT_QA, ViewLayer | Synchronizing object | PSU1_face_screw_24.5_39.001
Fra:1 Mem:237.24M (Peak 262.79M) | Time:00:00.28 | Mem:0.00M, Peak:0.00M | GLB_REIMPORT_QA, ViewLayer | Synchronizing object | PSU1_face_screw_-24.5_4.002
Fra:1 Mem:237.27M (Peak 262.79M) | Time:00:00.28 | Mem:0.00M, Peak:0.00M | GLB_REIMPORT_QA, ViewLayer | Synchronizing object | PSU1_face_screw_-24.5_39.001
Fra:1 Mem:237.31M (Peak 262.79M) | Time:00:00.28 | Mem:0.00M, Peak:0.00M | GLB_REIMPORT_QA, ViewLayer | Synchronizing object | PSU1_cord_retainer_anchor.001
Fra:1 Mem:237.32M (Peak 262.79M) | Time:00:00.28 | Mem:0.00M, Peak:0.00M | GLB_REIMPORT_QA, ViewLayer | Synchronizing object | PSU1_BLUE_release_latch.001
Fra:1 Mem:237.34M (Peak 262.79M) | Time:00:00.28 | Mem:0.00M, Peak:0.00M | GLB_REIMPORT_QA, ViewLayer | Synchronizing object | Port_face_solid_punched_panel.001
Fra:1 Mem:254.61M (Peak 262.79M) | Time:00:00.31 | Mem:0.00M, Peak:0.00M | GLB_REIMPORT_QA, ViewLayer | Synchronizing object | Fan2_BLUE_release_latch_-1.001
Fra:1 Mem:254.63M (Peak 262.79M) | Time:00:00.31 | Mem:0.00M, Peak:0.00M | GLB_REIMPORT_QA, ViewLayer | Synchronizing object | Fan2_BLUE_release_latch_1.001
Fra:1 Mem:254.64M (Peak 262.79M) | Time:00:00.31 | Mem:0.00M, Peak:0.00M | GLB_REIMPORT_QA, ViewLayer | Synchronizing object | Fan2_fine_vertical_thumb_rib_-1_0.001
Fra:1 Mem:254.66M (Peak 262.79M) | Time:00:00.31 | Mem:0.00M, Peak:0.00M | GLB_REIMPORT_QA, ViewLayer | Synchronizing object | Fan2_fine_vertical_thumb_rib_-1_1.001
Fra:1 Mem:254.68M (Peak 262.79M) | Time:00:00.31 | Mem:0.00M, Peak:0.00M | GLB_REIMPORT_QA, ViewLayer | Synchronizing object | Fan2_fine_vertical_thumb_rib_-1_2.001
Fra:1 Mem:254.69M (Peak 262.79M) | Time:00:00.31 | Mem:0.00M, Peak:0.00M | GLB_REIMPORT_QA, ViewLayer | Synchronizing object | Fan2_fine_vertical_thumb_rib_-1_3.001
Fra:1 Mem:254.71M (Peak 262.79M) | Time:00:00.31 | Mem:0.00M, Peak:0.00M | GLB_REIMPORT_QA, ViewLayer | Synchronizing object | Fan2_fine_vertical_thumb_rib_-1_4.001
Fra:1 Mem:254.73M (Peak 262.79M) | Time:00:00.31 | Mem:0.00M, Peak:0.00M | GLB_REIMPORT_QA, ViewLayer | Synchronizing object | Fan2_fine_vertical_thumb_rib_-1_5.001
Fra:1 Mem:254.74M (Peak 262.79M) | Time:00:00.31 | Mem:0.00M, Peak:0.00M | GLB_REIMPORT_QA, ViewLayer | Synchronizing object | Fan2_fine_vertical_thumb_rib_-1_6.001
Fra:1 Mem:254.76M (Peak 262.79M) | Time:00:00.31 | Mem:0.00M, Peak:0.00M | GLB_REIMPORT_QA, ViewLayer | Synchronizing object | Fan2_fine_vertical_thumb_rib_-1_7.001
Fra:1 Mem:254.78M (Peak 262.79M) | Time:00:00.32 | Mem:0.00M, Peak:0.00M | GLB_REIMPORT_QA, ViewLayer | Synchronizing object | Fan2_fine_vertical_thumb_rib_-1_8.001
Fra:1 Mem:254.79M (Peak 262.79M) | Time:00:00.32 | Mem:0.00M, Peak:0.00M | GLB_REIMPORT_QA, ViewLayer | Synchronizing object | Fan2_fine_vertical_thumb_rib_-1_9.001
Fra:1 Mem:254.81M (Peak 262.79M) | Time:00:00.32 | Mem:0.00M, Peak:0.00M | GLB_REIMPORT_QA, ViewLayer | Synchronizing object | Fan2_fine_vertical_thumb_rib_1_0.001
Fra:1 Mem:254.83M (Peak 262.79M) | Time:00:00.32 | Mem:0.00M, Peak:0.00M | GLB_REIMPORT_QA, ViewLayer | Synchronizing object | Fan2_fine_vertical_thumb_rib_1_1.001
Fra:1 Mem:254.84M (Peak 262.79M) | Time:00:00.32 | Mem:0.00M, Peak:0.00M | GLB_REIMPORT_QA, ViewLayer | Synchronizing object | Fan2_fine_vertical_thumb_rib_1_2.001
Fra:1 Mem:254.86M (Peak 262.79M) | Time:00:00.32 | Mem:0.00M, Peak:0.00M | GLB_REIMPORT_QA, ViewLayer | Synchronizing object | Fan2_fine_vertical_thumb_rib_1_3.001
Fra:1 Mem:243.89M (Peak 262.79M) | Time:00:00.32 | Mem:0.00M, Peak:0.00M | GLB_REIMPORT_QA, ViewLayer | Synchronizing object | Fan2_fine_vertical_thumb_rib_1_4.001
Fra:1 Mem:243.90M (Peak 262.79M) | Time:00:00.32 | Mem:0.00M, Peak:0.00M | GLB_REIMPORT_QA, ViewLayer | Synchronizing object | Fan2_fine_vertical_thumb_rib_1_5.001
Fra:1 Mem:243.92M (Peak 262.79M) | Time:00:00.32 | Mem:0.00M, Peak:0.00M | GLB_REIMPORT_QA, ViewLayer | Synchronizing object | Fan2_fine_vertical_thumb_rib_1_6.001
Fra:1 Mem:243.94M (Peak 262.79M) | Time:00:00.32 | Mem:0.00M, Peak:0.00M | GLB_REIMPORT_QA, ViewLayer | Synchronizing object | Fan2_fine_vertical_thumb_rib_1_7.001
Fra:1 Mem:243.95M (Peak 262.79M) | Time:00:00.32 | Mem:0.00M, Peak:0.00M | GLB_REIMPORT_QA, ViewLayer | Synchronizing object | Fan2_fine_vertical_thumb_rib_1_8.001
Fra:1 Mem:243.97M (Peak 262.79M) | Time:00:00.32 | Mem:0.00M, Peak:0.00M | GLB_REIMPORT_QA, ViewLayer | Synchronizing object | Fan2_fine_vertical_thumb_rib_1_9.001
Fra:1 Mem:243.99M (Peak 262.79M) | Time:00:00.32 | Mem:0.00M, Peak:0.00M | GLB_REIMPORT_QA, ViewLayer | Synchronizing object | Fan2_flush_lock_pin_-39.001
Fra:1 Mem:242.48M (Peak 262.79M) | Time:00:00.32 | Mem:0.00M, Peak:0.00M | GLB_REIMPORT_QA, ViewLayer | Synchronizing object | Fan2_flush_lock_pin_39.001
Fra:1 Mem:242.69M (Peak 262.79M) | Time:00:00.32 | Mem:0.00M, Peak:0.00M | GLB_REIMPORT_QA, ViewLayer | Synchronizing object | Fan2_front_frame.001
Fra:1 Mem:242.72M (Peak 262.79M) | Time:00:00.32 | Mem:0.00M, Peak:0.00M | GLB_REIMPORT_QA, ViewLayer | Synchronizing object | Fan2_known_PID.001
Fra:1 Mem:244.30M (Peak 262.79M) | Time:00:00.32 | Mem:0.00M, Peak:0.00M | GLB_REIMPORT_QA, ViewLayer | Synchronizing object | Fan2_latch_thumb_flare_-1.001
Fra:1 Mem:244.31M (Peak 262.79M) | Time:00:00.32 | Mem:0.00M, Peak:0.00M | GLB_REIMPORT_QA, ViewLayer | Synchronizing object | Fan2_latch_thumb_flare_1.001
Fra:1 Mem:244.33M (Peak 262.79M) | Time:00:00.32 | Mem:0.00M, Peak:0.00M | GLB_REIMPORT_QA, ViewLayer | Synchronizing object | Fan2_molded_trapezoid_pull_handle.001
Fra:1 Mem:243.34M (Peak 262.79M) | Time:00:00.32 | Mem:0.00M, Peak:0.00M | GLB_REIMPORT_QA, ViewLayer | Synchronizing object | Fan2_PID_label_recess.001
Fra:1 Mem:243.37M (Peak 262.79M) | Time:00:00.32 | Mem:0.00M, Peak:0.00M | GLB_REIMPORT_QA, ViewLayer | Synchronizing object | Fan2_rear_power_contact_block_-1.001
Fra:1 Mem:243.43M (Peak 262.79M) | Time:00:00.32 | Mem:0.00M, Peak:0.00M | GLB_REIMPORT_QA, ViewLayer | Synchronizing object | Fan2_rear_power_contact_block_1.001
Fra:1 Mem:243.48M (Peak 262.79M) | Time:00:00.32 | Mem:0.00M, Peak:0.00M | GLB_REIMPORT_QA, ViewLayer | Synchronizing object | Fan2_blade_-1_0.001
Fra:1 Mem:243.49M (Peak 262.79M) | Time:00:00.32 | Mem:0.00M, Peak:0.00M | GLB_REIMPORT_QA, ViewLayer | Synchronizing object | Fan2_blade_-1_1.001
Fra:1 Mem:243.50M (Peak 262.79M) | Time:00:00.32 | Mem:0.00M, Peak:0.00M | GLB_REIMPORT_QA, ViewLayer | Synchronizing object | Fan2_blade_-1_2.001
Fra:1 Mem:243.51M (Peak 262.79M) | Time:00:00.32 | Mem:0.00M, Peak:0.00M | GLB_REIMPORT_QA, ViewLayer | Synchronizing object | Fan2_blade_-1_3.001
Fra:1 Mem:243.52M (Peak 262.79M) | Time:00:00.32 | Mem:0.00M, Peak:0.00M | GLB_REIMPORT_QA, ViewLayer | Synchronizing object | Fan2_blade_-1_4.001
Fra:1 Mem:243.54M (Peak 262.79M) | Time:00:00.32 | Mem:0.00M, Peak:0.00M | GLB_REIMPORT_QA, ViewLayer | Synchronizing object | Fan2_blade_-1_5.001
Fra:1 Mem:243.56M (Peak 262.79M) | Time:00:00.32 | Mem:0.00M, Peak:0.00M | GLB_REIMPORT_QA, ViewLayer | Synchronizing object | Fan2_blade_-1_6.001
Fra:1 Mem:243.57M (Peak 262.79M) | Time:00:00.32 | Mem:0.00M, Peak:0.00M | GLB_REIMPORT_QA, ViewLayer | Synchronizing object | Fan2_hub_-1.001
Fra:1 Mem:243.46M (Peak 262.79M) | Time:00:00.32 | Mem:0.00M, Peak:0.00M | GLB_REIMPORT_QA, ViewLayer | Synchronizing object | Fan2_blade_1_0.001
Fra:1 Mem:243.47M (Peak 262.79M) | Time:00:00.32 | Mem:0.00M, Peak:0.00M | GLB_REIMPORT_QA, ViewLayer | Synchronizing object | Fan2_blade_1_1.001
Fra:1 Mem:243.47M (Peak 262.79M) | Time:00:00.32 | Mem:0.00M, Peak:0.00M | GLB_REIMPORT_QA, ViewLayer | Synchronizing object | Fan2_blade_1_2.001
Fra:1 Mem:243.47M (Peak 262.79M) | Time:00:00.32 | Mem:0.00M, Peak:0.00M | GLB_REIMPORT_QA, ViewLayer | Synchronizing object | Fan2_blade_1_3.001
Fra:1 Mem:243.47M (Peak 262.79M) | Time:00:00.32 | Mem:0.00M, Peak:0.00M | GLB_REIMPORT_QA, ViewLayer | Synchronizing object | Fan2_blade_1_4.001
Fra:1 Mem:243.47M (Peak 262.79M) | Time:00:00.32 | Mem:0.00M, Peak:0.00M | GLB_REIMPORT_QA, ViewLayer | Synchronizing object | Fan2_blade_1_5.001
Fra:1 Mem:244.24M (Peak 262.79M) | Time:00:00.32 | Mem:0.00M, Peak:0.00M | GLB_REIMPORT_QA, ViewLayer | Synchronizing object | Fan2_blade_1_6.001
Fra:1 Mem:244.24M (Peak 262.79M) | Time:00:00.32 | Mem:0.00M, Peak:0.00M | GLB_REIMPORT_QA, ViewLayer | Synchronizing object | Fan2_hub_1.001
Fra:1 Mem:244.26M (Peak 262.79M) | Time:00:00.32 | Mem:0.00M, Peak:0.00M | GLB_REIMPORT_QA, ViewLayer | Synchronizing object | Fan2_rotor_housing_-1.001
Fra:1 Mem:244.28M (Peak 262.79M) | Time:00:00.32 | Mem:0.00M, Peak:0.00M | GLB_REIMPORT_QA, ViewLayer | Synchronizing object | Fan2_rotor_housing_1.001
Fra:1 Mem:244.31M (Peak 262.79M) | Time:00:00.32 | Mem:0.00M, Peak:0.00M | GLB_REIMPORT_QA, ViewLayer | Synchronizing object | Fan2_top_retention_rail_-1.001
Fra:1 Mem:244.33M (Peak 262.79M) | Time:00:00.32 | Mem:0.00M, Peak:0.00M | GLB_REIMPORT_QA, ViewLayer | Synchronizing object | Fan2_top_retention_rail_1.001
Fra:1 Mem:245.96M (Peak 262.79M) | Time:00:00.32 | Mem:0.00M, Peak:0.00M | GLB_REIMPORT_QA, ViewLayer | Synchronizing object | Fan2_true_honeycomb_front_grille.001
Fra:1 Mem:258.88M (Peak 278.58M) | Time:00:00.37 | Mem:0.00M, Peak:0.00M | GLB_REIMPORT_QA, ViewLayer | Synchronizing object | Fan3_BLUE_release_latch_-1.001
Fra:1 Mem:258.90M (Peak 278.58M) | Time:00:00.37 | Mem:0.00M, Peak:0.00M | GLB_REIMPORT_QA, ViewLayer | Synchronizing object | Fan3_BLUE_release_latch_1.001
Fra:1 Mem:258.92M (Peak 278.58M) | Time:00:00.37 | Mem:0.00M, Peak:0.00M | GLB_REIMPORT_QA, ViewLayer | Synchronizing object | Fan3_fine_vertical_thumb_rib_-1_0.001
Fra:1 Mem:258.93M (Peak 278.58M) | Time:00:00.38 | Mem:0.00M, Peak:0.00M | GLB_REIMPORT_QA, ViewLayer | Synchronizing object | Fan3_fine_vertical_thumb_rib_-1_1.001
Fra:1 Mem:260.98M (Peak 278.58M) | Time:00:00.38 | Mem:0.00M, Peak:0.00M | GLB_REIMPORT_QA, ViewLayer | Synchronizing object | Fan3_fine_vertical_thumb_rib_-1_2.001
Fra:1 Mem:261.00M (Peak 278.58M) | Time:00:00.38 | Mem:0.00M, Peak:0.00M | GLB_REIMPORT_QA, ViewLayer | Synchronizing object | Fan3_fine_vertical_thumb_rib_-1_3.001
Fra:1 Mem:261.01M (Peak 278.58M) | Time:00:00.38 | Mem:0.00M, Peak:0.00M | GLB_REIMPORT_QA, ViewLayer | Synchronizing object | Fan3_fine_vertical_thumb_rib_-1_4.001
Fra:1 Mem:261.03M (Peak 278.58M) | Time:00:00.38 | Mem:0.00M, Peak:0.00M | GLB_REIMPORT_QA, ViewLayer | Synchronizing object | Fan3_fine_vertical_thumb_rib_-1_5.001
Fra:1 Mem:261.05M (Peak 278.58M) | Time:00:00.38 | Mem:0.00M, Peak:0.00M | GLB_REIMPORT_QA, ViewLayer | Synchronizing object | Fan3_fine_vertical_thumb_rib_-1_6.001
Fra:1 Mem:261.06M (Peak 278.58M) | Time:00:00.38 | Mem:0.00M, Peak:0.00M | GLB_REIMPORT_QA, ViewLayer | Synchronizing object | Fan3_fine_vertical_thumb_rib_-1_7.001
Fra:1 Mem:261.08M (Peak 278.58M) | Time:00:00.38 | Mem:0.00M, Peak:0.00M | GLB_REIMPORT_QA, ViewLayer | Synchronizing object | Fan3_fine_vertical_thumb_rib_-1_8.001
Fra:1 Mem:261.10M (Peak 278.58M) | Time:00:00.38 | Mem:0.00M, Peak:0.00M | GLB_REIMPORT_QA, ViewLayer | Synchronizing object | Fan3_fine_vertical_thumb_rib_-1_9.001
Fra:1 Mem:261.11M (Peak 278.58M) | Time:00:00.38 | Mem:0.00M, Peak:0.00M | GLB_REIMPORT_QA, ViewLayer | Synchronizing object | Fan3_fine_vertical_thumb_rib_1_0.001
Fra:1 Mem:264.46M (Peak 278.58M) | Time:00:00.38 | Mem:0.00M, Peak:0.00M | GLB_REIMPORT_QA, ViewLayer | Synchronizing object | Fan3_fine_vertical_thumb_rib_1_1.001
Fra:1 Mem:264.48M (Peak 278.58M) | Time:00:00.38 | Mem:0.00M, Peak:0.00M | GLB_REIMPORT_QA, ViewLayer | Synchronizing object | Fan3_fine_vertical_thumb_rib_1_2.001
Fra:1 Mem:264.49M (Peak 278.58M) | Time:00:00.38 | Mem:0.00M, Peak:0.00M | GLB_REIMPORT_QA, ViewLayer | Synchronizing object | Fan3_fine_vertical_thumb_rib_1_3.001
Fra:1 Mem:264.51M (Peak 278.58M) | Time:00:00.38 | Mem:0.00M, Peak:0.00M | GLB_REIMPORT_QA, ViewLayer | Synchronizing object | Fan3_fine_vertical_thumb_rib_1_4.001
Fra:1 Mem:264.53M (Peak 278.58M) | Time:00:00.38 | Mem:0.00M, Peak:0.00M | GLB_REIMPORT_QA, ViewLayer | Synchronizing object | Fan3_fine_vertical_thumb_rib_1_5.001
Fra:1 Mem:264.54M (Peak 278.58M) | Time:00:00.38 | Mem:0.00M, Peak:0.00M | GLB_REIMPORT_QA, ViewLayer | Synchronizing object | Fan3_fine_vertical_thumb_rib_1_6.001
Fra:1 Mem:264.56M (Peak 278.58M) | Time:00:00.38 | Mem:0.00M, Peak:0.00M | GLB_REIMPORT_QA, ViewLayer | Synchronizing object | Fan3_fine_vertical_thumb_rib_1_7.001
Fra:1 Mem:264.58M (Peak 278.58M) | Time:00:00.38 | Mem:0.00M, Peak:0.00M | GLB_REIMPORT_QA, ViewLayer | Synchronizing object | Fan3_fine_vertical_thumb_rib_1_8.001
Fra:1 Mem:264.59M (Peak 278.58M) | Time:00:00.38 | Mem:0.00M, Peak:0.00M | GLB_REIMPORT_QA, ViewLayer | Synchronizing object | Fan3_fine_vertical_thumb_rib_1_9.001
Fra:1 Mem:264.61M (Peak 278.58M) | Time:00:00.38 | Mem:0.00M, Peak:0.00M | GLB_REIMPORT_QA, ViewLayer | Synchronizing object | Fan3_flush_lock_pin_-39.001
Fra:1 Mem:267.96M (Peak 278.58M) | Time:00:00.39 | Mem:0.00M, Peak:0.00M | GLB_REIMPORT_QA, ViewLayer | Synchronizing object | Fan3_flush_lock_pin_39.001
Fra:1 Mem:267.98M (Peak 278.58M) | Time:00:00.39 | Mem:0.00M, Peak:0.00M | GLB_REIMPORT_QA, ViewLayer | Synchronizing object | Fan3_front_frame.001
Fra:1 Mem:268.00M (Peak 278.58M) | Time:00:00.39 | Mem:0.00M, Peak:0.00M | GLB_REIMPORT_QA, ViewLayer | Synchronizing object | Fan3_known_PID.001
Fra:1 Mem:268.06M (Peak 278.58M) | Time:00:00.39 | Mem:0.00M, Peak:0.00M | GLB_REIMPORT_QA, ViewLayer | Synchronizing object | Fan3_latch_thumb_flare_-1.001
Fra:1 Mem:268.07M (Peak 278.58M) | Time:00:00.39 | Mem:0.00M, Peak:0.00M | GLB_REIMPORT_QA, ViewLayer | Synchronizing object | Fan3_latch_thumb_flare_1.001
Fra:1 Mem:268.09M (Peak 278.58M) | Time:00:00.39 | Mem:0.00M, Peak:0.00M | GLB_REIMPORT_QA, ViewLayer | Synchronizing object | Fan3_molded_trapezoid_pull_handle.001
Fra:1 Mem:268.19M (Peak 278.58M) | Time:00:00.39 | Mem:0.00M, Peak:0.00M | GLB_REIMPORT_QA, ViewLayer | Synchronizing object | Fan3_PID_label_recess.001
Fra:1 Mem:268.20M (Peak 278.58M) | Time:00:00.39 | Mem:0.00M, Peak:0.00M | GLB_REIMPORT_QA, ViewLayer | Synchronizing object | Fan3_rear_power_contact_block_-1.001
Fra:1 Mem:268.22M (Peak 278.58M) | Time:00:00.39 | Mem:0.00M, Peak:0.00M | GLB_REIMPORT_QA, ViewLayer | Synchronizing object | Fan3_rear_power_contact_block_1.001
Fra:1 Mem:268.24M (Peak 278.58M) | Time:00:00.39 | Mem:0.00M, Peak:0.00M | GLB_REIMPORT_QA, ViewLayer | Synchronizing object | Fan3_blade_-1_0.001
Fra:1 Mem:268.24M (Peak 278.58M) | Time:00:00.39 | Mem:0.00M, Peak:0.00M | GLB_REIMPORT_QA, ViewLayer | Synchronizing object | Fan3_blade_-1_1.001
Fra:1 Mem:268.24M (Peak 278.58M) | Time:00:00.39 | Mem:0.00M, Peak:0.00M | GLB_REIMPORT_QA, ViewLayer | Synchronizing object | Fan3_blade_-1_2.001
Fra:1 Mem:268.24M (Peak 278.58M) | Time:00:00.39 | Mem:0.00M, Peak:0.00M | GLB_REIMPORT_QA, ViewLayer | Synchronizing object | Fan3_blade_-1_3.001
Fra:1 Mem:268.24M (Peak 278.58M) | Time:00:00.39 | Mem:0.00M, Peak:0.00M | GLB_REIMPORT_QA, ViewLayer | Synchronizing object | Fan3_blade_-1_4.001
Fra:1 Mem:268.25M (Peak 278.58M) | Time:00:00.39 | Mem:0.00M, Peak:0.00M | GLB_REIMPORT_QA, ViewLayer | Synchronizing object | Fan3_blade_-1_5.001
Fra:1 Mem:268.25M (Peak 278.58M) | Time:00:00.39 | Mem:0.00M, Peak:0.00M | GLB_REIMPORT_QA, ViewLayer | Synchronizing object | Fan3_blade_-1_6.001
Fra:1 Mem:268.25M (Peak 278.58M) | Time:00:00.39 | Mem:0.00M, Peak:0.00M | GLB_REIMPORT_QA, ViewLayer | Synchronizing object | Fan3_hub_-1.001
Fra:1 Mem:268.27M (Peak 278.58M) | Time:00:00.39 | Mem:0.00M, Peak:0.00M | GLB_REIMPORT_QA, ViewLayer | Synchronizing object | Fan3_blade_1_0.001
Fra:1 Mem:268.27M (Peak 278.58M) | Time:00:00.39 | Mem:0.00M, Peak:0.00M | GLB_REIMPORT_QA, ViewLayer | Synchronizing object | Fan3_blade_1_1.001
Fra:1 Mem:268.27M (Peak 278.58M) | Time:00:00.39 | Mem:0.00M, Peak:0.00M | GLB_REIMPORT_QA, ViewLayer | Synchronizing object | Fan3_blade_1_2.001
Fra:1 Mem:268.27M (Peak 278.58M) | Time:00:00.39 | Mem:0.00M, Peak:0.00M | GLB_REIMPORT_QA, ViewLayer | Synchronizing object | Fan3_blade_1_3.001
Fra:1 Mem:273.27M (Peak 278.58M) | Time:00:00.39 | Mem:0.00M, Peak:0.00M | GLB_REIMPORT_QA, ViewLayer | Synchronizing object | Fan3_blade_1_4.001
Fra:1 Mem:273.27M (Peak 278.58M) | Time:00:00.39 | Mem:0.00M, Peak:0.00M | GLB_REIMPORT_QA, ViewLayer | Synchronizing object | Fan3_blade_1_5.001
Fra:1 Mem:273.28M (Peak 278.58M) | Time:00:00.39 | Mem:0.00M, Peak:0.00M | GLB_REIMPORT_QA, ViewLayer | Synchronizing object | Fan3_blade_1_6.001
Fra:1 Mem:273.28M (Peak 278.58M) | Time:00:00.39 | Mem:0.00M, Peak:0.00M | GLB_REIMPORT_QA, ViewLayer | Synchronizing object | Fan3_hub_1.001
Fra:1 Mem:273.30M (Peak 278.58M) | Time:00:00.39 | Mem:0.00M, Peak:0.00M | GLB_REIMPORT_QA, ViewLayer | Synchronizing object | Fan3_rotor_housing_-1.001
Fra:1 Mem:273.32M (Peak 278.58M) | Time:00:00.39 | Mem:0.00M, Peak:0.00M | GLB_REIMPORT_QA, ViewLayer | Synchronizing object | Fan3_rotor_housing_1.001
Fra:1 Mem:273.35M (Peak 278.58M) | Time:00:00.39 | Mem:0.00M, Peak:0.00M | GLB_REIMPORT_QA, ViewLayer | Synchronizing object | Fan3_top_retention_rail_-1.001
Fra:1 Mem:273.37M (Peak 278.58M) | Time:00:00.39 | Mem:0.00M, Peak:0.00M | GLB_REIMPORT_QA, ViewLayer | Synchronizing object | Fan3_top_retention_rail_1.001
Fra:1 Mem:273.40M (Peak 278.58M) | Time:00:00.39 | Mem:0.00M, Peak:0.00M | GLB_REIMPORT_QA, ViewLayer | Synchronizing object | Fan3_true_honeycomb_front_grille.001
Fra:1 Mem:277.31M (Peak 280.03M) | Time:00:00.46 | Mem:0.00M, Peak:0.00M | GLB_REIMPORT_QA, ViewLayer | Synchronizing object | Cisco_brand_wordmark.001
Fra:1 Mem:277.34M (Peak 280.03M) | Time:00:00.46 | Mem:0.00M, Peak:0.00M | GLB_REIMPORT_QA, ViewLayer | Synchronizing object | Cisco_bridge_bar_1.001
Fra:1 Mem:277.36M (Peak 280.03M) | Time:00:00.46 | Mem:0.00M, Peak:0.00M | GLB_REIMPORT_QA, ViewLayer | Synchronizing object | Cisco_bridge_bar_2.001
Fra:1 Mem:277.37M (Peak 280.03M) | Time:00:00.46 | Mem:0.00M, Peak:0.00M | GLB_REIMPORT_QA, ViewLayer | Synchronizing object | Cisco_bridge_bar_3.001
Fra:1 Mem:277.39M (Peak 280.03M) | Time:00:00.46 | Mem:0.00M, Peak:0.00M | GLB_REIMPORT_QA, ViewLayer | Synchronizing object | Cisco_bridge_bar_4.001
Fra:1 Mem:277.40M (Peak 280.03M) | Time:00:00.46 | Mem:0.00M, Peak:0.00M | GLB_REIMPORT_QA, ViewLayer | Synchronizing object | Cisco_bridge_bar_5.001
Fra:1 Mem:277.42M (Peak 280.03M) | Time:00:00.46 | Mem:0.00M, Peak:0.00M | GLB_REIMPORT_QA, ViewLayer | Synchronizing object | Cisco_bridge_bar_6.001
Fra:1 Mem:277.43M (Peak 280.03M) | Time:00:00.47 | Mem:0.00M, Peak:0.00M | GLB_REIMPORT_QA, ViewLayer | Synchronizing object | Cisco_bridge_bar_7.001
Fra:1 Mem:277.44M (Peak 280.03M) | Time:00:00.47 | Mem:0.00M, Peak:0.00M | GLB_REIMPORT_QA, ViewLayer | Synchronizing object | Cisco_bridge_bar_8.001
Fra:1 Mem:277.46M (Peak 280.03M) | Time:00:00.47 | Mem:0.00M, Peak:0.00M | GLB_REIMPORT_QA, ViewLayer | Synchronizing object | Cisco_bridge_bar_9.001
Fra:1 Mem:277.47M (Peak 280.03M) | Time:00:00.47 | Mem:0.00M, Peak:0.00M | GLB_REIMPORT_QA, ViewLayer | Synchronizing object | Cisco_product_family_line_1.001
Fra:1 Mem:277.50M (Peak 280.03M) | Time:00:00.47 | Mem:0.00M, Peak:0.00M | GLB_REIMPORT_QA, ViewLayer | Synchronizing object | Cisco_product_family_line_2.001
Fra:1 Mem:277.53M (Peak 280.03M) | Time:00:00.47 | Mem:0.00M, Peak:0.00M | GLB_REIMPORT_QA, ViewLayer | Synchronizing object | Correct_factory_PID.001
Fra:1 Mem:277.62M (Peak 280.03M) | Time:00:00.47 | Mem:0.00M, Peak:0.00M | GLB_REIMPORT_QA, ViewLayer | Synchronizing object | FRONT_1_legend.001
Fra:1 Mem:277.62M (Peak 280.03M) | Time:00:00.47 | Mem:0.00M, Peak:0.00M | GLB_REIMPORT_QA, ViewLayer | Synchronizing object | FRONT_1_unpowered_lens.001
Fra:1 Mem:277.65M (Peak 280.03M) | Time:00:00.47 | Mem:0.00M, Peak:0.00M | GLB_REIMPORT_QA, ViewLayer | Synchronizing object | FRONT_2_legend.001
Fra:1 Mem:277.66M (Peak 280.03M) | Time:00:00.47 | Mem:0.00M, Peak:0.00M | GLB_REIMPORT_QA, ViewLayer | Synchronizing object | FRONT_2_unpowered_lens.001
Fra:1 Mem:277.68M (Peak 280.03M) | Time:00:00.47 | Mem:0.00M, Peak:0.00M | GLB_REIMPORT_QA, ViewLayer | Synchronizing object | FRONT_3_legend.001
Fra:1 Mem:277.70M (Peak 280.03M) | Time:00:00.47 | Mem:0.00M, Peak:0.00M | GLB_REIMPORT_QA, ViewLayer | Synchronizing object | FRONT_3_unpowered_lens.001
Fra:1 Mem:277.73M (Peak 280.03M) | Time:00:00.47 | Mem:0.00M, Peak:0.00M | GLB_REIMPORT_QA, ViewLayer | Synchronizing object | FRONT_4_legend.001
Fra:1 Mem:277.73M (Peak 280.03M) | Time:00:00.47 | Mem:0.00M, Peak:0.00M | GLB_REIMPORT_QA, ViewLayer | Synchronizing object | FRONT_4_unpowered_lens.001
Fra:1 Mem:277.76M (Peak 280.03M) | Time:00:00.47 | Mem:0.00M, Peak:0.00M | GLB_REIMPORT_QA, ViewLayer | Synchronizing object | FRONT_BCN_legend.001
Fra:1 Mem:277.78M (Peak 280.03M) | Time:00:00.47 | Mem:0.00M, Peak:0.00M | GLB_REIMPORT_QA, ViewLayer | Synchronizing object | FRONT_BCN_unpowered_lens.001
Fra:1 Mem:277.80M (Peak 280.03M) | Time:00:00.47 | Mem:0.00M, Peak:0.00M | GLB_REIMPORT_QA, ViewLayer | Synchronizing object | FRONT_ENV_legend.001
Fra:1 Mem:277.81M (Peak 280.03M) | Time:00:00.47 | Mem:0.00M, Peak:0.00M | GLB_REIMPORT_QA, ViewLayer | Synchronizing object | FRONT_ENV_unpowered_lens.001
Fra:1 Mem:277.84M (Peak 280.03M) | Time:00:00.47 | Mem:0.00M, Peak:0.00M | GLB_REIMPORT_QA, ViewLayer | Synchronizing object | FRONT_STS_legend.001
Fra:1 Mem:277.87M (Peak 280.03M) | Time:00:00.47 | Mem:0.00M, Peak:0.00M | GLB_REIMPORT_QA, ViewLayer | Synchronizing object | FRONT_STS_unpowered_lens.001
Fra:1 Mem:277.90M (Peak 280.03M) | Time:00:00.47 | Mem:0.00M, Peak:0.00M | GLB_REIMPORT_QA, ViewLayer | Synchronizing object | LS_selector_black_surround.001
Fra:1 Mem:277.92M (Peak 280.03M) | Time:00:00.48 | Mem:0.00M, Peak:0.00M | GLB_REIMPORT_QA, ViewLayer | Synchronizing object | LS_selector_metal_button.001
Fra:1 Mem:278.23M (Peak 280.03M) | Time:00:00.49 | Mem:0.00M, Peak:0.00M | GLB_REIMPORT_QA, ViewLayer | Synchronizing object | LS_selector_text.001
Fra:1 Mem:278.25M (Peak 280.03M) | Time:00:00.49 | Mem:0.00M, Peak:0.00M | GLB_REIMPORT_QA, ViewLayer | Synchronizing object | Original_photo_top_chassis_label.001
Fra:1 Mem:278.25M (Peak 280.03M) | Time:00:00.49 | Mem:0.00M, Peak:0.00M | GLB_REIMPORT_QA, ViewLayer | Synchronizing object | PORT_NUMBER_01.001
Fra:1 Mem:278.25M (Peak 280.03M) | Time:00:00.49 | Mem:0.00M, Peak:0.00M | GLB_REIMPORT_QA, ViewLayer | Synchronizing object | PORT_NUMBER_02.001
Fra:1 Mem:278.26M (Peak 280.03M) | Time:00:00.49 | Mem:0.00M, Peak:0.00M | GLB_REIMPORT_QA, ViewLayer | Synchronizing object | PORT_NUMBER_03.001
Fra:1 Mem:278.27M (Peak 280.03M) | Time:00:00.49 | Mem:0.00M, Peak:0.00M | GLB_REIMPORT_QA, ViewLayer | Synchronizing object | PORT_NUMBER_04.001
Fra:1 Mem:278.27M (Peak 280.03M) | Time:00:00.49 | Mem:0.00M, Peak:0.00M | GLB_REIMPORT_QA, ViewLayer | Synchronizing object | PORT_NUMBER_05.001
Fra:1 Mem:278.28M (Peak 280.03M) | Time:00:00.49 | Mem:0.00M, Peak:0.00M | GLB_REIMPORT_QA, ViewLayer | Synchronizing object | PORT_NUMBER_06.001
Fra:1 Mem:278.29M (Peak 280.03M) | Time:00:00.49 | Mem:0.00M, Peak:0.00M | GLB_REIMPORT_QA, ViewLayer | Synchronizing object | PORT_NUMBER_07.001
Fra:1 Mem:278.29M (Peak 280.03M) | Time:00:00.49 | Mem:0.00M, Peak:0.00M | GLB_REIMPORT_QA, ViewLayer | Synchronizing object | PORT_NUMBER_08.001
Fra:1 Mem:278.31M (Peak 280.03M) | Time:00:00.49 | Mem:0.00M, Peak:0.00M | GLB_REIMPORT_QA, ViewLayer | Synchronizing object | PORT_NUMBER_09.001
Fra:1 Mem:278.32M (Peak 280.03M) | Time:00:00.49 | Mem:0.00M, Peak:0.00M | GLB_REIMPORT_QA, ViewLayer | Synchronizing object | PORT_NUMBER_10.001
Fra:1 Mem:278.33M (Peak 280.03M) | Time:00:00.49 | Mem:0.00M, Peak:0.00M | GLB_REIMPORT_QA, ViewLayer | Synchronizing object | PORT_NUMBER_11.001
Fra:1 Mem:278.33M (Peak 280.03M) | Time:00:00.49 | Mem:0.00M, Peak:0.00M | GLB_REIMPORT_QA, ViewLayer | Synchronizing object | PORT_NUMBER_12.001
Fra:1 Mem:278.34M (Peak 280.03M) | Time:00:00.49 | Mem:0.00M, Peak:0.00M | GLB_REIMPORT_QA, ViewLayer | Synchronizing object | PORT_NUMBER_13.001
Fra:1 Mem:278.35M (Peak 280.03M) | Time:00:00.49 | Mem:0.00M, Peak:0.00M | GLB_REIMPORT_QA, ViewLayer | Synchronizing object | PORT_NUMBER_14.001
Fra:1 Mem:278.36M (Peak 280.03M) | Time:00:00.49 | Mem:0.00M, Peak:0.00M | GLB_REIMPORT_QA, ViewLayer | Synchronizing object | PORT_NUMBER_15.001
Fra:1 Mem:278.37M (Peak 280.03M) | Time:00:00.49 | Mem:0.00M, Peak:0.00M | GLB_REIMPORT_QA, ViewLayer | Synchronizing object | PORT_NUMBER_16.001
Fra:1 Mem:278.38M (Peak 280.03M) | Time:00:00.49 | Mem:0.00M, Peak:0.00M | GLB_REIMPORT_QA, ViewLayer | Synchronizing object | PORT_NUMBER_17.001
Fra:1 Mem:278.38M (Peak 280.03M) | Time:00:00.49 | Mem:0.00M, Peak:0.00M | GLB_REIMPORT_QA, ViewLayer | Synchronizing object | PORT_NUMBER_18.001
Fra:1 Mem:278.40M (Peak 280.03M) | Time:00:00.49 | Mem:0.00M, Peak:0.00M | GLB_REIMPORT_QA, ViewLayer | Synchronizing object | PORT_NUMBER_19.001
Fra:1 Mem:278.41M (Peak 280.03M) | Time:00:00.49 | Mem:0.00M, Peak:0.00M | GLB_REIMPORT_QA, ViewLayer | Synchronizing object | PORT_NUMBER_20.001
Fra:1 Mem:278.43M (Peak 280.03M) | Time:00:00.49 | Mem:0.00M, Peak:0.00M | GLB_REIMPORT_QA, ViewLayer | Synchronizing object | PORT_NUMBER_21.001
Fra:1 Mem:278.44M (Peak 280.03M) | Time:00:00.49 | Mem:0.00M, Peak:0.00M | GLB_REIMPORT_QA, ViewLayer | Synchronizing object | PORT_NUMBER_22.001
Fra:1 Mem:278.46M (Peak 280.03M) | Time:00:00.49 | Mem:0.00M, Peak:0.00M | GLB_REIMPORT_QA, ViewLayer | Synchronizing object | PORT_NUMBER_23.001
Fra:1 Mem:278.47M (Peak 280.03M) | Time:00:00.49 | Mem:0.00M, Peak:0.00M | GLB_REIMPORT_QA, ViewLayer | Synchronizing object | PORT_NUMBER_24.001
Fra:1 Mem:278.49M (Peak 280.03M) | Time:00:00.49 | Mem:0.00M, Peak:0.00M | GLB_REIMPORT_QA, ViewLayer | Synchronizing object | PORT_NUMBER_25.001
Fra:1 Mem:278.50M (Peak 280.03M) | Time:00:00.49 | Mem:0.00M, Peak:0.00M | GLB_REIMPORT_QA, ViewLayer | Synchronizing object | PORT_NUMBER_26.001
Fra:1 Mem:278.52M (Peak 280.03M) | Time:00:00.49 | Mem:0.00M, Peak:0.00M | GLB_REIMPORT_QA, ViewLayer | Synchronizing object | PORT_NUMBER_27.001
Fra:1 Mem:278.53M (Peak 280.03M) | Time:00:00.49 | Mem:0.00M, Peak:0.00M | GLB_REIMPORT_QA, ViewLayer | Synchronizing object | PORT_NUMBER_28.001
Fra:1 Mem:278.55M (Peak 280.03M) | Time:00:00.49 | Mem:0.00M, Peak:0.00M | GLB_REIMPORT_QA, ViewLayer | Synchronizing object | PORT_NUMBER_29.001
Fra:1 Mem:278.57M (Peak 280.03M) | Time:00:00.49 | Mem:0.00M, Peak:0.00M | GLB_REIMPORT_QA, ViewLayer | Synchronizing object | PORT_NUMBER_30.001
Fra:1 Mem:278.59M (Peak 280.03M) | Time:00:00.49 | Mem:0.00M, Peak:0.00M | GLB_REIMPORT_QA, ViewLayer | Synchronizing object | PORT_NUMBER_31.001
Fra:1 Mem:278.61M (Peak 280.03M) | Time:00:00.49 | Mem:0.00M, Peak:0.00M | GLB_REIMPORT_QA, ViewLayer | Synchronizing object | PORT_NUMBER_32.001
Fra:1 Mem:278.63M (Peak 280.03M) | Time:00:00.49 | Mem:0.00M, Peak:0.00M | GLB_REIMPORT_QA, ViewLayer | Synchronizing object | PORT_NUMBER_33.001
Fra:1 Mem:278.65M (Peak 280.03M) | Time:00:00.49 | Mem:0.00M, Peak:0.00M | GLB_REIMPORT_QA, ViewLayer | Synchronizing object | PORT_NUMBER_34.001
Fra:1 Mem:278.66M (Peak 280.03M) | Time:00:00.49 | Mem:0.00M, Peak:0.00M | GLB_REIMPORT_QA, ViewLayer | Synchronizing object | PORT_NUMBER_35.001
Fra:1 Mem:278.68M (Peak 280.03M) | Time:00:00.49 | Mem:0.00M, Peak:0.00M | GLB_REIMPORT_QA, ViewLayer | Synchronizing object | PORT_NUMBER_36.001
Fra:1 Mem:278.70M (Peak 280.03M) | Time:00:00.49 | Mem:0.00M, Peak:0.00M | GLB_REIMPORT_QA, ViewLayer | Synchronizing object | Port_pair_10_direction_-1.001
Fra:1 Mem:278.71M (Peak 280.03M) | Time:00:00.49 | Mem:0.00M, Peak:0.00M | GLB_REIMPORT_QA, ViewLayer | Synchronizing object | Port_pair_10_direction_1.001
Fra:1 Mem:278.71M (Peak 280.03M) | Time:00:00.49 | Mem:0.00M, Peak:0.00M | GLB_REIMPORT_QA, ViewLayer | Synchronizing object | Port_pair_11_direction_-1.001
Fra:1 Mem:278.71M (Peak 280.03M) | Time:00:00.49 | Mem:0.00M, Peak:0.00M | GLB_REIMPORT_QA, ViewLayer | Synchronizing object | Port_pair_11_direction_1.001
Fra:1 Mem:278.71M (Peak 280.03M) | Time:00:00.49 | Mem:0.00M, Peak:0.00M | GLB_REIMPORT_QA, ViewLayer | Synchronizing object | Port_pair_12_direction_-1.001
Fra:1 Mem:278.71M (Peak 280.03M) | Time:00:00.49 | Mem:0.00M, Peak:0.00M | GLB_REIMPORT_QA, ViewLayer | Synchronizing object | Port_pair_12_direction_1.001
Fra:1 Mem:278.71M (Peak 280.03M) | Time:00:00.49 | Mem:0.00M, Peak:0.00M | GLB_REIMPORT_QA, ViewLayer | Synchronizing object | Port_pair_13_direction_-1.001
Fra:1 Mem:278.71M (Peak 280.03M) | Time:00:00.49 | Mem:0.00M, Peak:0.00M | GLB_REIMPORT_QA, ViewLayer | Synchronizing object | Port_pair_13_direction_1.001
Fra:1 Mem:278.71M (Peak 280.03M) | Time:00:00.49 | Mem:0.00M, Peak:0.00M | GLB_REIMPORT_QA, ViewLayer | Synchronizing object | Port_pair_14_direction_-1.001
Fra:1 Mem:278.71M (Peak 280.03M) | Time:00:00.49 | Mem:0.00M, Peak:0.00M | GLB_REIMPORT_QA, ViewLayer | Synchronizing object | Port_pair_14_direction_1.001
Fra:1 Mem:278.72M (Peak 280.03M) | Time:00:00.49 | Mem:0.00M, Peak:0.00M | GLB_REIMPORT_QA, ViewLayer | Synchronizing object | Port_pair_15_direction_-1.001
Fra:1 Mem:278.72M (Peak 280.03M) | Time:00:00.49 | Mem:0.00M, Peak:0.00M | GLB_REIMPORT_QA, ViewLayer | Synchronizing object | Port_pair_15_direction_1.001
Fra:1 Mem:278.72M (Peak 280.03M) | Time:00:00.49 | Mem:0.00M, Peak:0.00M | GLB_REIMPORT_QA, ViewLayer | Synchronizing object | Port_pair_16_direction_-1.001
Fra:1 Mem:278.72M (Peak 280.03M) | Time:00:00.49 | Mem:0.00M, Peak:0.00M | GLB_REIMPORT_QA, ViewLayer | Synchronizing object | Port_pair_16_direction_1.001
Fra:1 Mem:278.72M (Peak 280.03M) | Time:00:00.49 | Mem:0.00M, Peak:0.00M | GLB_REIMPORT_QA, ViewLayer | Synchronizing object | Port_pair_17_direction_-1.001
Fra:1 Mem:278.72M (Peak 280.03M) | Time:00:00.49 | Mem:0.00M, Peak:0.00M | GLB_REIMPORT_QA, ViewLayer | Synchronizing object | Port_pair_17_direction_1.001
Fra:1 Mem:278.72M (Peak 280.03M) | Time:00:00.49 | Mem:0.00M, Peak:0.00M | GLB_REIMPORT_QA, ViewLayer | Synchronizing object | Port_pair_18_direction_-1.001
Fra:1 Mem:278.72M (Peak 280.03M) | Time:00:00.49 | Mem:0.00M, Peak:0.00M | GLB_REIMPORT_QA, ViewLayer | Synchronizing object | Port_pair_18_direction_1.001
Fra:1 Mem:278.73M (Peak 280.03M) | Time:00:00.49 | Mem:0.00M, Peak:0.00M | GLB_REIMPORT_QA, ViewLayer | Synchronizing object | Port_pair_1_direction_-1.001
Fra:1 Mem:278.73M (Peak 280.03M) | Time:00:00.49 | Mem:0.00M, Peak:0.00M | GLB_REIMPORT_QA, ViewLayer | Synchronizing object | Port_pair_1_direction_1.001
Fra:1 Mem:278.73M (Peak 280.03M) | Time:00:00.49 | Mem:0.00M, Peak:0.00M | GLB_REIMPORT_QA, ViewLayer | Synchronizing object | Port_pair_2_direction_-1.001
Fra:1 Mem:278.73M (Peak 280.03M) | Time:00:00.50 | Mem:0.00M, Peak:0.00M | GLB_REIMPORT_QA, ViewLayer | Synchronizing object | Port_pair_2_direction_1.001
Fra:1 Mem:278.73M (Peak 280.03M) | Time:00:00.50 | Mem:0.00M, Peak:0.00M | GLB_REIMPORT_QA, ViewLayer | Synchronizing object | Port_pair_3_direction_-1.001
Fra:1 Mem:278.73M (Peak 280.03M) | Time:00:00.50 | Mem:0.00M, Peak:0.00M | GLB_REIMPORT_QA, ViewLayer | Synchronizing object | Port_pair_3_direction_1.001
Fra:1 Mem:278.73M (Peak 280.03M) | Time:00:00.50 | Mem:0.00M, Peak:0.00M | GLB_REIMPORT_QA, ViewLayer | Synchronizing object | Port_pair_4_direction_-1.001
Fra:1 Mem:278.73M (Peak 280.03M) | Time:00:00.50 | Mem:0.00M, Peak:0.00M | GLB_REIMPORT_QA, ViewLayer | Synchronizing object | Port_pair_4_direction_1.001
Fra:1 Mem:278.74M (Peak 280.03M) | Time:00:00.50 | Mem:0.00M, Peak:0.00M | GLB_REIMPORT_QA, ViewLayer | Synchronizing object | Port_pair_5_direction_-1.001
Fra:1 Mem:278.74M (Peak 280.03M) | Time:00:00.50 | Mem:0.00M, Peak:0.00M | GLB_REIMPORT_QA, ViewLayer | Synchronizing object | Port_pair_5_direction_1.001
Fra:1 Mem:278.74M (Peak 280.03M) | Time:00:00.50 | Mem:0.00M, Peak:0.00M | GLB_REIMPORT_QA, ViewLayer | Synchronizing object | Port_pair_6_direction_-1.001
Fra:1 Mem:278.74M (Peak 280.03M) | Time:00:00.50 | Mem:0.00M, Peak:0.00M | GLB_REIMPORT_QA, ViewLayer | Synchronizing object | Port_pair_6_direction_1.001
Fra:1 Mem:278.74M (Peak 280.03M) | Time:00:00.50 | Mem:0.00M, Peak:0.00M | GLB_REIMPORT_QA, ViewLayer | Synchronizing object | Port_pair_7_direction_-1.001
Fra:1 Mem:278.74M (Peak 280.03M) | Time:00:00.50 | Mem:0.00M, Peak:0.00M | GLB_REIMPORT_QA, ViewLayer | Synchronizing object | Port_pair_7_direction_1.001
Fra:1 Mem:278.74M (Peak 280.03M) | Time:00:00.50 | Mem:0.00M, Peak:0.00M | GLB_REIMPORT_QA, ViewLayer | Synchronizing object | Port_pair_8_direction_-1.001
Fra:1 Mem:278.74M (Peak 280.03M) | Time:00:00.50 | Mem:0.00M, Peak:0.00M | GLB_REIMPORT_QA, ViewLayer | Synchronizing object | Port_pair_8_direction_1.001
Fra:1 Mem:278.75M (Peak 280.03M) | Time:00:00.50 | Mem:0.00M, Peak:0.00M | GLB_REIMPORT_QA, ViewLayer | Synchronizing object | Port_pair_9_direction_-1.001
Fra:1 Mem:278.75M (Peak 280.03M) | Time:00:00.50 | Mem:0.00M, Peak:0.00M | GLB_REIMPORT_QA, ViewLayer | Synchronizing object | Port_pair_9_direction_1.001
Fra:1 Mem:278.75M (Peak 280.03M) | Time:00:00.50 | Mem:0.00M, Peak:0.00M | GLB_REIMPORT_QA, ViewLayer | Synchronizing object | INFERRED_Bottom_folded_sheet.001
Fra:1 Mem:269.20M (Peak 280.03M) | Time:00:00.50 | Mem:0.00M, Peak:0.00M | GLB_REIMPORT_QA, ViewLayer | Synchronizing object | Interior_under_port_vent_baffle.001
Fra:1 Mem:269.20M (Peak 280.03M) | Time:00:00.50 | Mem:0.00M, Peak:0.00M | GLB_REIMPORT_QA, ViewLayer | Synchronizing object | LEFT_sidewall_with_mounting_provisions.001
Fra:1 Mem:266.49M (Peak 280.03M) | Time:00:00.50 | Mem:0.00M, Peak:0.00M | GLB_REIMPORT_QA, ViewLayer | Synchronizing object | RIGHT_ear_M4_-284_32.001
Fra:1 Mem:266.32M (Peak 280.03M) | Time:00:00.50 | Mem:0.00M, Peak:0.00M | GLB_REIMPORT_QA, ViewLayer | Synchronizing object | RIGHT_ear_M4_-284_10.001
Fra:1 Mem:266.26M (Peak 280.03M) | Time:00:00.50 | Mem:0.00M, Peak:0.00M | GLB_REIMPORT_QA, ViewLayer | Synchronizing object | Lid_flush_Phillips_-132_190.001
Fra:1 Mem:266.35M (Peak 280.03M) | Time:00:00.50 | Mem:0.00M, Peak:0.00M | GLB_REIMPORT_QA, ViewLayer | Synchronizing object | RIGHT_ear_M4_-256_32.001
Fra:1 Mem:266.39M (Peak 280.03M) | Time:00:00.50 | Mem:0.00M, Peak:0.00M | GLB_REIMPORT_QA, ViewLayer | Synchronizing object | Lid_port_edge_fold.001
Fra:1 Mem:266.40M (Peak 280.03M) | Time:00:00.50 | Mem:0.00M, Peak:0.00M | GLB_REIMPORT_QA, ViewLayer | Synchronizing object | RIGHT_ear_M4_-256_10.001
Fra:1 Mem:266.41M (Peak 280.03M) | Time:00:00.50 | Mem:0.00M, Peak:0.00M | GLB_REIMPORT_QA, ViewLayer | Synchronizing object | Lid_staggered_punched_vent_2028_through_holes.001
Fra:1 Mem:276.30M (Peak 280.03M) | Time:00:00.50 | Mem:0.00M, Peak:0.00M | GLB_REIMPORT_QA, ViewLayer | Synchronizing object | RIGHT_EAR_bent_opaque_solid_with_true_bores.001
Fra:1 Mem:277.60M (Peak 280.03M) | Time:00:00.51 | Mem:0.00M, Peak:0.00M | GLB_REIMPORT_QA, ViewLayer | Synchronizing object | LEFT_ear_M4_-284_32.001
Fra:1 Mem:277.63M (Peak 280.03M) | Time:00:00.51 | Mem:0.00M, Peak:0.00M | GLB_REIMPORT_QA, ViewLayer | Synchronizing object | LEFT_ear_M4_-284_10.001
Fra:1 Mem:277.66M (Peak 280.03M) | Time:00:00.51 | Mem:0.00M, Peak:0.00M | GLB_REIMPORT_QA, ViewLayer | Synchronizing object | LEFT_ear_M4_-256_32.001
Fra:1 Mem:277.70M (Peak 280.03M) | Time:00:00.51 | Mem:0.00M, Peak:0.00M | GLB_REIMPORT_QA, ViewLayer | Synchronizing object | LEFT_ear_M4_-256_10.001
Fra:1 Mem:277.73M (Peak 280.03M) | Time:00:00.51 | Mem:0.00M, Peak:0.00M | GLB_REIMPORT_QA, ViewLayer | Synchronizing object | LEFT_EAR_bent_opaque_solid_with_true_bores.001
Fra:1 Mem:279.03M (Peak 280.22M) | Time:00:00.52 | Mem:0.00M, Peak:0.00M | GLB_REIMPORT_QA, ViewLayer | Synchronizing object | Lid_vent_side_border_1.001
Fra:1 Mem:279.03M (Peak 280.22M) | Time:00:00.52 | Mem:0.00M, Peak:0.00M | GLB_REIMPORT_QA, ViewLayer | Synchronizing object | Lid_vent_side_border_-1.001
Fra:1 Mem:315.32M (Peak 366.51M) | Time:00:01.68 | Mem:0.00M, Peak:0.00M | GLB_REIMPORT_QA, ViewLayer | Initializing
Fra:1 Mem:310.86M (Peak 366.51M) | Time:00:01.69 | Mem:0.00M, Peak:0.00M | GLB_REIMPORT_QA, ViewLayer | Updating Images | Loading zinc-plated-brackets-roughness.001
Fra:1 Mem:310.86M (Peak 366.51M) | Time:00:01.69 | Mem:0.00M, Peak:0.00M | GLB_REIMPORT_QA, ViewLayer | Updating Images | Loading cage-stainless-steel-roughness.001
Fra:1 Mem:312.88M (Peak 366.51M) | Time:00:01.69 | Mem:1.00M, Peak:1.00M | GLB_REIMPORT_QA, ViewLayer | Updating Images | Loading metal-micro-normal.001
Fra:1 Mem:313.88M (Peak 366.51M) | Time:00:01.70 | Mem:2.00M, Peak:2.00M | GLB_REIMPORT_QA, ViewLayer | Updating Images | Loading fastener-steel-roughness.001
Fra:1 Mem:314.88M (Peak 366.51M) | Time:00:01.71 | Mem:3.00M, Peak:3.00M | GLB_REIMPORT_QA, ViewLayer | Updating Images | Loading chassis-satin-nickel-roughness.001
Fra:1 Mem:315.88M (Peak 366.51M) | Time:00:01.71 | Mem:4.00M, Peak:4.00M | GLB_REIMPORT_QA, ViewLayer | Updating Images | Loading dark-grille-metal-roughness.001
Fra:1 Mem:316.88M (Peak 366.51M) | Time:00:01.72 | Mem:5.00M, Peak:5.00M | GLB_REIMPORT_QA, ViewLayer | Updating Images | Loading original-chassis-label-512x768
Fra:1 Mem:284.59M (Peak 366.51M) | Time:00:01.77 | Mem:7.50M, Peak:7.50M | GLB_REIMPORT_QA, ViewLayer | Waiting for render to start
Fra:1 Mem:284.59M (Peak 366.51M) | Time:00:01.77 | Mem:7.50M, Peak:7.50M | GLB_REIMPORT_QA, ViewLayer | Loading render kernels (may take a few minutes the first time)
Fra:1 Mem:284.59M (Peak 366.51M) | Time:00:01.77 | Mem:7.50M, Peak:7.50M | GLB_REIMPORT_QA, ViewLayer | Updating Scene
Fra:1 Mem:284.59M (Peak 366.51M) | Time:00:01.77 | Mem:7.50M, Peak:7.50M | GLB_REIMPORT_QA, ViewLayer | Updating Shaders
Fra:1 Mem:284.68M (Peak 366.51M) | Time:00:01.77 | Mem:7.51M, Peak:7.51M | GLB_REIMPORT_QA, ViewLayer | Updating Procedurals
Fra:1 Mem:284.68M (Peak 366.51M) | Time:00:01.77 | Mem:7.51M, Peak:7.51M | GLB_REIMPORT_QA, ViewLayer | Updating Background
Fra:1 Mem:284.68M (Peak 366.51M) | Time:00:01.77 | Mem:7.51M, Peak:7.51M | GLB_REIMPORT_QA, ViewLayer | Updating Camera
Fra:1 Mem:284.68M (Peak 366.51M) | Time:00:01.77 | Mem:7.51M, Peak:7.51M | GLB_REIMPORT_QA, ViewLayer | Updating Meshes Flags
Fra:1 Mem:284.68M (Peak 366.51M) | Time:00:01.77 | Mem:7.51M, Peak:7.51M | GLB_REIMPORT_QA, ViewLayer | Updating Objects
Fra:1 Mem:284.68M (Peak 366.51M) | Time:00:01.77 | Mem:7.51M, Peak:7.51M | GLB_REIMPORT_QA, ViewLayer | Updating Objects | Copying Transformations to device
Fra:1 Mem:284.91M (Peak 366.51M) | Time:00:01.77 | Mem:7.73M, Peak:7.73M | GLB_REIMPORT_QA, ViewLayer | Updating Objects | Applying Static Transformations
Fra:1 Mem:284.91M (Peak 366.51M) | Time:00:01.78 | Mem:7.73M, Peak:7.73M | GLB_REIMPORT_QA, ViewLayer | Updating Particle Systems
Fra:1 Mem:284.91M (Peak 366.51M) | Time:00:01.78 | Mem:7.73M, Peak:7.73M | GLB_REIMPORT_QA, ViewLayer | Updating Particle Systems | Copying Particles to device
Fra:1 Mem:284.91M (Peak 366.51M) | Time:00:01.78 | Mem:7.73M, Peak:7.73M | GLB_REIMPORT_QA, ViewLayer | Updating Meshes
Fra:1 Mem:290.80M (Peak 366.51M) | Time:00:01.80 | Mem:7.73M, Peak:7.73M | GLB_REIMPORT_QA, ViewLayer | Updating Mesh | Computing attributes
Fra:1 Mem:328.03M (Peak 366.51M) | Time:00:01.88 | Mem:7.77M, Peak:7.77M | GLB_REIMPORT_QA, ViewLayer | Updating Mesh | Copying Attributes to device
Fra:1 Mem:327.91M (Peak 366.51M) | Time:00:01.89 | Mem:44.84M, Peak:44.84M | GLB_REIMPORT_QA, ViewLayer | Updating Geometry BVH Lid_flush_Phillips_00.001 30/30 | Building BVH
Fra:1 Mem:327.91M (Peak 366.51M) | Time:00:01.89 | Mem:44.84M, Peak:44.84M | GLB_REIMPORT_QA, ViewLayer | Updating Geometry BVH Lid_flush_Phillips_00.001 30/30 | Building BVH 0%
Fra:1 Mem:327.91M (Peak 366.51M) | Time:00:01.89 | Mem:44.85M, Peak:44.86M | GLB_REIMPORT_QA, ViewLayer | Updating Geometry BVH Port01_connector_contact_surround.001 1/30 | Building BVH
Fra:1 Mem:327.91M (Peak 366.51M) | Time:00:01.89 | Mem:44.85M, Peak:44.86M | GLB_REIMPORT_QA, ViewLayer | Updating Geometry BVH Pair01_stainless_shell_29mm_deep.001 29/30 | Building BVH
Fra:1 Mem:327.91M (Peak 366.51M) | Time:00:01.89 | Mem:44.87M, Peak:44.87M | GLB_REIMPORT_QA, ViewLayer | Updating Geometry BVH Pair01_internal_cooling_shelf.001 28/30 | Building BVH
Fra:1 Mem:327.91M (Peak 366.51M) | Time:00:01.89 | Mem:44.88M, Peak:44.88M | GLB_REIMPORT_QA, ViewLayer | Updating Geometry BVH Pair01_front_separator_true_perforations.001 27/30 | Building BVH
Fra:1 Mem:327.91M (Peak 366.51M) | Time:00:01.89 | Mem:44.95M, Peak:44.95M | GLB_REIMPORT_QA, ViewLayer | Updating Geometry BVH Port01_guide_-1_-4.001 2/30 | Building BVH
Fra:1 Mem:327.91M (Peak 366.51M) | Time:00:01.89 | Mem:44.96M, Peak:44.96M | GLB_REIMPORT_QA, ViewLayer | Updating Geometry BVH Port01_guide_-1_4.001 3/30 | Building BVH
Fra:1 Mem:327.91M (Peak 366.51M) | Time:00:01.89 | Mem:44.98M, Peak:44.98M | GLB_REIMPORT_QA, ViewLayer | Updating Geometry BVH Port01_guide_1_-4.001 4/30 | Building BVH
Fra:1 Mem:327.91M (Peak 366.51M) | Time:00:01.89 | Mem:44.99M, Peak:44.99M | GLB_REIMPORT_QA, ViewLayer | Updating Geometry BVH Port01_guide_1_4.001 5/30 | Building BVH
Fra:1 Mem:327.91M (Peak 366.51M) | Time:00:01.89 | Mem:45.00M, Peak:45.01M | GLB_REIMPORT_QA, ViewLayer | Updating Geometry BVH Port01_recessed_connector_stop.001 6/30 | Building BVH
Fra:1 Mem:327.91M (Peak 366.51M) | Time:00:01.89 | Mem:45.03M, Peak:45.03M | GLB_REIMPORT_QA, ViewLayer | Updating Geometry BVH Port01_spring_-1_-2.001 7/30 | Building BVH
Fra:1 Mem:327.91M (Peak 366.51M) | Time:00:01.89 | Mem:45.05M, Peak:45.06M | GLB_REIMPORT_QA, ViewLayer | Updating Geometry BVH Port01_spring_-1_0.001 8/30 | Building BVH
Fra:1 Mem:327.91M (Peak 366.51M) | Time:00:01.89 | Mem:45.09M, Peak:45.10M | GLB_REIMPORT_QA, ViewLayer | Updating Geometry BVH Port01_spring_-1_2.001 9/30 | Building BVH
Fra:1 Mem:327.91M (Peak 366.51M) | Time:00:01.89 | Mem:45.11M, Peak:45.12M | GLB_REIMPORT_QA, ViewLayer | Updating Geometry BVH Port01_spring_1_-2.001 10/30 | Building BVH
Fra:1 Mem:327.91M (Peak 366.51M) | Time:00:01.89 | Mem:45.13M, Peak:45.13M | GLB_REIMPORT_QA, ViewLayer | Updating Geometry BVH Port01_spring_1_0.001 11/30 | Building BVH
Fra:1 Mem:327.91M (Peak 366.51M) | Time:00:01.89 | Mem:45.15M, Peak:45.15M | GLB_REIMPORT_QA, ViewLayer | Updating Geometry BVH Port01_spring_1_2.001 12/30 | Building BVH
Fra:1 Mem:327.91M (Peak 366.51M) | Time:00:01.89 | Mem:45.18M, Peak:45.18M | GLB_REIMPORT_QA, ViewLayer | Updating Geometry BVH Port01_subtle_recessed_contact_row.001 13/30 | Building BVH
Fra:1 Mem:327.91M (Peak 366.51M) | Time:00:01.89 | Mem:45.22M, Peak:45.23M | GLB_REIMPORT_QA, ViewLayer | Updating Geometry BVH Port02_connector_contact_surround.001 14/30 | Building BVH
Fra:1 Mem:327.91M (Peak 366.51M) | Time:00:01.89 | Mem:45.18M, Peak:45.25M | GLB_REIMPORT_QA, ViewLayer | Updating Geometry BVH Port02_subtle_recessed_contact_row.001 26/30 | Building BVH
Fra:1 Mem:327.91M (Peak 366.51M) | Time:00:01.89 | Mem:45.18M, Peak:45.25M | GLB_REIMPORT_QA, ViewLayer | Updating Geometry BVH Port02_guide_-1_-4.001 15/30 | Building BVH
Fra:1 Mem:327.91M (Peak 366.51M) | Time:00:01.89 | Mem:45.21M, Peak:45.25M | GLB_REIMPORT_QA, ViewLayer | Updating Geometry BVH Port02_guide_-1_4.001 16/30 | Building BVH
Fra:1 Mem:327.91M (Peak 366.51M) | Time:00:01.89 | Mem:45.22M, Peak:45.25M | GLB_REIMPORT_QA, ViewLayer | Updating Geometry BVH Port02_spring_1_2.001 25/30 | Building BVH
Fra:1 Mem:327.91M (Peak 366.51M) | Time:00:01.89 | Mem:45.24M, Peak:45.25M | GLB_REIMPORT_QA, ViewLayer | Updating Geometry BVH Port02_guide_1_-4.001 17/30 | Building BVH
Fra:1 Mem:327.91M (Peak 366.51M) | Time:00:01.89 | Mem:45.23M, Peak:45.25M | GLB_REIMPORT_QA, ViewLayer | Updating Geometry BVH Port02_spring_1_0.001 24/30 | Building BVH
Fra:1 Mem:327.91M (Peak 366.51M) | Time:00:01.89 | Mem:45.24M, Peak:45.25M | GLB_REIMPORT_QA, ViewLayer | Updating Geometry BVH Port02_guide_1_4.001 18/30 | Building BVH
Fra:1 Mem:327.91M (Peak 366.51M) | Time:00:01.89 | Mem:45.25M, Peak:45.26M | GLB_REIMPORT_QA, ViewLayer | Updating Geometry BVH Port02_recessed_connector_stop.001 19/30 | Building BVH
Fra:1 Mem:327.91M (Peak 366.51M) | Time:00:01.89 | Mem:45.26M, Peak:45.27M | GLB_REIMPORT_QA, ViewLayer | Updating Geometry BVH Port02_spring_-1_-2.001 20/30 | Building BVH
Fra:1 Mem:327.91M (Peak 366.51M) | Time:00:01.89 | Mem:45.27M, Peak:45.28M | GLB_REIMPORT_QA, ViewLayer | Updating Geometry BVH Port02_spring_-1_0.001 21/30 | Building BVH
Fra:1 Mem:327.91M (Peak 366.51M) | Time:00:01.89 | Mem:45.28M, Peak:45.29M | GLB_REIMPORT_QA, ViewLayer | Updating Geometry BVH Port02_spring_-1_2.001 22/30 | Building BVH
Fra:1 Mem:327.91M (Peak 366.51M) | Time:00:01.89 | Mem:45.29M, Peak:45.30M | GLB_REIMPORT_QA, ViewLayer | Updating Geometry BVH Port02_spring_1_-2.001 23/30 | Building BVH
Fra:1 Mem:327.91M (Peak 366.51M) | Time:00:01.90 | Mem:45.31M, Peak:45.32M | GLB_REIMPORT_QA, ViewLayer | Updating Scene BVH | Building
Fra:1 Mem:327.92M (Peak 366.51M) | Time:00:01.90 | Mem:45.31M, Peak:45.32M | GLB_REIMPORT_QA, ViewLayer | Updating Scene BVH | Building BVH
Fra:1 Mem:327.92M (Peak 366.51M) | Time:00:02.12 | Mem:69.71M, Peak:81.32M | GLB_REIMPORT_QA, ViewLayer | Updating Scene BVH | Copying BVH to device
Fra:1 Mem:327.92M (Peak 366.51M) | Time:00:02.12 | Mem:69.71M, Peak:81.32M | GLB_REIMPORT_QA, ViewLayer | Updating Mesh | Computing normals
Fra:1 Mem:369.98M (Peak 369.98M) | Time:00:02.18 | Mem:69.71M, Peak:81.32M | GLB_REIMPORT_QA, ViewLayer | Updating Mesh | Copying Mesh to device
Fra:1 Mem:369.98M (Peak 369.98M) | Time:00:02.18 | Mem:111.77M, Peak:111.77M | GLB_REIMPORT_QA, ViewLayer | Updating Objects Flags
Fra:1 Mem:369.98M (Peak 369.98M) | Time:00:02.18 | Mem:111.78M, Peak:111.78M | GLB_REIMPORT_QA, ViewLayer | Updating Primitive Offsets
Fra:1 Mem:369.98M (Peak 369.98M) | Time:00:02.18 | Mem:111.78M, Peak:111.78M | GLB_REIMPORT_QA, ViewLayer | Updating Images
Fra:1 Mem:369.98M (Peak 369.98M) | Time:00:02.18 | Mem:111.78M, Peak:111.78M | GLB_REIMPORT_QA, ViewLayer | Updating Camera Volume
Fra:1 Mem:369.98M (Peak 369.98M) | Time:00:02.18 | Mem:111.78M, Peak:111.78M | GLB_REIMPORT_QA, ViewLayer | Updating Lookup Tables
Fra:1 Mem:369.98M (Peak 369.98M) | Time:00:02.18 | Mem:111.86M, Peak:111.86M | GLB_REIMPORT_QA, ViewLayer | Updating Lights
Fra:1 Mem:369.98M (Peak 369.98M) | Time:00:02.18 | Mem:111.86M, Peak:111.86M | GLB_REIMPORT_QA, ViewLayer | Updating Lights | Computing distribution
Fra:1 Mem:369.98M (Peak 369.98M) | Time:00:02.18 | Mem:111.86M, Peak:111.86M | GLB_REIMPORT_QA, ViewLayer | Updating Lights | Computing tree
Fra:1 Mem:369.99M (Peak 369.99M) | Time:00:02.18 | Mem:111.87M, Peak:111.87M | GLB_REIMPORT_QA, ViewLayer | Updating Integrator
Fra:1 Mem:370.99M (Peak 370.99M) | Time:00:02.18 | Mem:112.87M, Peak:112.87M | GLB_REIMPORT_QA, ViewLayer | Updating Film
Fra:1 Mem:370.99M (Peak 370.99M) | Time:00:02.19 | Mem:112.79M, Peak:112.87M | GLB_REIMPORT_QA, ViewLayer | Updating Lookup Tables
Fra:1 Mem:370.99M (Peak 370.99M) | Time:00:02.19 | Mem:112.88M, Peak:112.88M | GLB_REIMPORT_QA, ViewLayer | Updating Baking
Fra:1 Mem:370.99M (Peak 370.99M) | Time:00:02.19 | Mem:112.88M, Peak:112.88M | GLB_REIMPORT_QA, ViewLayer | Updating Device | Writing constant memory
Fra:1 Mem:371.01M (Peak 371.01M) | Time:00:02.19 | Mem:112.88M, Peak:112.88M | GLB_REIMPORT_QA, ViewLayer | Sample 0/40
Fra:1 Mem:407.07M (Peak 407.07M) | Time:00:03.08 | Remaining:00:34.83 | Mem:148.94M, Peak:148.94M | GLB_REIMPORT_QA, ViewLayer | Sample 1/40
Fra:1 Mem:407.07M (Peak 407.07M) | Time:00:27.04 | Remaining:00:05.27 | Mem:148.94M, Peak:148.94M | GLB_REIMPORT_QA, ViewLayer | Sample 33/40
Fra:1 Mem:423.09M (Peak 455.13M) | Time:00:32.61 | Mem:148.94M, Peak:148.94M | GLB_REIMPORT_QA, ViewLayer | Sample 40/40
Fra:1 Mem:423.09M (Peak 455.13M) | Time:00:32.61 | Mem:148.94M, Peak:148.94M | GLB_REIMPORT_QA, ViewLayer | Finished
Saved: '/root/Project/rack-device-3d/Cisco-N9KC9336C-FX2/v001/qa/glb-shell-bottom-INFERRED-transparent.png'
Time: 00:33.24 (Saving: 00:00.58)

SHELL_ALPHA glb bottom-INFERRED
Fra:1 Mem:228.81M (Peak 274.99M) | Time:00:00.31 | Mem:0.00M, Peak:0.00M | GLB_REIMPORT_QA, ViewLayer | Synchronizing object | Port01_connector_contact_surround.001
Fra:1 Mem:228.83M (Peak 274.99M) | Time:00:00.31 | Mem:0.00M, Peak:0.00M | GLB_REIMPORT_QA, ViewLayer | Synchronizing object | Port01_guide_-1_-4.001
Fra:1 Mem:228.86M (Peak 274.99M) | Time:00:00.31 | Mem:0.00M, Peak:0.00M | GLB_REIMPORT_QA, ViewLayer | Synchronizing object | Port01_guide_-1_4.001
Fra:1 Mem:228.88M (Peak 274.99M) | Time:00:00.31 | Mem:0.00M, Peak:0.00M | GLB_REIMPORT_QA, ViewLayer | Synchronizing object | Port01_guide_1_-4.001
Fra:1 Mem:228.91M (Peak 274.99M) | Time:00:00.31 | Mem:0.00M, Peak:0.00M | GLB_REIMPORT_QA, ViewLayer | Synchronizing object | Port01_guide_1_4.001
Fra:1 Mem:228.93M (Peak 274.99M) | Time:00:00.31 | Mem:0.00M, Peak:0.00M | GLB_REIMPORT_QA, ViewLayer | Synchronizing object | Port01_recessed_connector_stop.001
Fra:1 Mem:228.95M (Peak 274.99M) | Time:00:00.31 | Mem:0.00M, Peak:0.00M | GLB_REIMPORT_QA, ViewLayer | Synchronizing object | Port01_spring_-1_-2.001
Fra:1 Mem:228.98M (Peak 274.99M) | Time:00:00.31 | Mem:0.00M, Peak:0.00M | GLB_REIMPORT_QA, ViewLayer | Synchronizing object | Port01_spring_-1_0.001
Fra:1 Mem:229.00M (Peak 274.99M) | Time:00:00.31 | Mem:0.00M, Peak:0.00M | GLB_REIMPORT_QA, ViewLayer | Synchronizing object | Port01_spring_-1_2.001
Fra:1 Mem:229.03M (Peak 274.99M) | Time:00:00.31 | Mem:0.00M, Peak:0.00M | GLB_REIMPORT_QA, ViewLayer | Synchronizing object | Port01_spring_1_-2.001
Fra:1 Mem:229.05M (Peak 274.99M) | Time:00:00.31 | Mem:0.00M, Peak:0.00M | GLB_REIMPORT_QA, ViewLayer | Synchronizing object | Port01_spring_1_0.001
Fra:1 Mem:229.08M (Peak 274.99M) | Time:00:00.31 | Mem:0.00M, Peak:0.00M | GLB_REIMPORT_QA, ViewLayer | Synchronizing object | Port01_spring_1_2.001
Fra:1 Mem:229.11M (Peak 274.99M) | Time:00:00.31 | Mem:0.00M, Peak:0.00M | GLB_REIMPORT_QA, ViewLayer | Synchronizing object | Port01_subtle_recessed_contact_row.001
Fra:1 Mem:229.15M (Peak 274.99M) | Time:00:00.31 | Mem:0.00M, Peak:0.00M | GLB_REIMPORT_QA, ViewLayer | Synchronizing object | Port02_connector_contact_surround.001
Fra:1 Mem:229.18M (Peak 274.99M) | Time:00:00.31 | Mem:0.00M, Peak:0.00M | GLB_REIMPORT_QA, ViewLayer | Synchronizing object | Port02_guide_-1_-4.001
Fra:1 Mem:229.21M (Peak 274.99M) | Time:00:00.31 | Mem:0.00M, Peak:0.00M | GLB_REIMPORT_QA, ViewLayer | Synchronizing object | Port02_guide_-1_4.001
Fra:1 Mem:229.24M (Peak 274.99M) | Time:00:00.31 | Mem:0.00M, Peak:0.00M | GLB_REIMPORT_QA, ViewLayer | Synchronizing object | Port02_guide_1_-4.001
Fra:1 Mem:229.26M (Peak 274.99M) | Time:00:00.32 | Mem:0.00M, Peak:0.00M | GLB_REIMPORT_QA, ViewLayer | Synchronizing object | Port02_guide_1_4.001
Fra:1 Mem:229.29M (Peak 274.99M) | Time:00:00.32 | Mem:0.00M, Peak:0.00M | GLB_REIMPORT_QA, ViewLayer | Synchronizing object | Port02_recessed_connector_stop.001
Fra:1 Mem:229.31M (Peak 274.99M) | Time:00:00.32 | Mem:0.00M, Peak:0.00M | GLB_REIMPORT_QA, ViewLayer | Synchronizing object | Port02_spring_-1_-2.001
Fra:1 Mem:229.34M (Peak 274.99M) | Time:00:00.32 | Mem:0.00M, Peak:0.00M | GLB_REIMPORT_QA, ViewLayer | Synchronizing object | Port02_spring_-1_0.001
Fra:1 Mem:229.37M (Peak 274.99M) | Time:00:00.32 | Mem:0.00M, Peak:0.00M | GLB_REIMPORT_QA, ViewLayer | Synchronizing object | Port02_spring_-1_2.001
Fra:1 Mem:229.40M (Peak 274.99M) | Time:00:00.32 | Mem:0.00M, Peak:0.00M | GLB_REIMPORT_QA, ViewLayer | Synchronizing object | Port02_spring_1_-2.001
Fra:1 Mem:229.43M (Peak 274.99M) | Time:00:00.32 | Mem:0.00M, Peak:0.00M | GLB_REIMPORT_QA, ViewLayer | Synchronizing object | Port02_spring_1_0.001
Fra:1 Mem:229.46M (Peak 274.99M) | Time:00:00.32 | Mem:0.00M, Peak:0.00M | GLB_REIMPORT_QA, ViewLayer | Synchronizing object | Port02_spring_1_2.001
Fra:1 Mem:229.49M (Peak 274.99M) | Time:00:00.32 | Mem:0.00M, Peak:0.00M | GLB_REIMPORT_QA, ViewLayer | Synchronizing object | Port02_subtle_recessed_contact_row.001
Fra:1 Mem:229.53M (Peak 274.99M) | Time:00:00.32 | Mem:0.00M, Peak:0.00M | GLB_REIMPORT_QA, ViewLayer | Synchronizing object | Pair01_front_separator_true_perforations.001
Fra:1 Mem:230.11M (Peak 274.99M) | Time:00:00.32 | Mem:0.00M, Peak:0.00M | GLB_REIMPORT_QA, ViewLayer | Synchronizing object | Pair01_internal_cooling_shelf.001
Fra:1 Mem:230.12M (Peak 274.99M) | Time:00:00.32 | Mem:0.00M, Peak:0.00M | GLB_REIMPORT_QA, ViewLayer | Synchronizing object | Pair01_stainless_shell_29mm_deep.001
Fra:1 Mem:230.15M (Peak 274.99M) | Time:00:00.32 | Mem:0.00M, Peak:0.00M | GLB_REIMPORT_QA, ViewLayer | Synchronizing object | Fan1_BLUE_release_latch_-1.001
Fra:1 Mem:230.17M (Peak 274.99M) | Time:00:00.32 | Mem:0.00M, Peak:0.00M | GLB_REIMPORT_QA, ViewLayer | Synchronizing object | Fan1_BLUE_release_latch_1.001
Fra:1 Mem:230.19M (Peak 274.99M) | Time:00:00.32 | Mem:0.00M, Peak:0.00M | GLB_REIMPORT_QA, ViewLayer | Synchronizing object | Fan1_fine_vertical_thumb_rib_-1_0.001
Fra:1 Mem:230.20M (Peak 274.99M) | Time:00:00.32 | Mem:0.00M, Peak:0.00M | GLB_REIMPORT_QA, ViewLayer | Synchronizing object | Fan1_fine_vertical_thumb_rib_-1_1.001
Fra:1 Mem:230.22M (Peak 274.99M) | Time:00:00.32 | Mem:0.00M, Peak:0.00M | GLB_REIMPORT_QA, ViewLayer | Synchronizing object | Fan1_fine_vertical_thumb_rib_-1_2.001
Fra:1 Mem:230.24M (Peak 274.99M) | Time:00:00.33 | Mem:0.00M, Peak:0.00M | GLB_REIMPORT_QA, ViewLayer | Synchronizing object | Fan1_fine_vertical_thumb_rib_-1_3.001
Fra:1 Mem:230.25M (Peak 274.99M) | Time:00:00.33 | Mem:0.00M, Peak:0.00M | GLB_REIMPORT_QA, ViewLayer | Synchronizing object | Fan1_fine_vertical_thumb_rib_-1_4.001
Fra:1 Mem:230.27M (Peak 274.99M) | Time:00:00.33 | Mem:0.00M, Peak:0.00M | GLB_REIMPORT_QA, ViewLayer | Synchronizing object | Fan1_fine_vertical_thumb_rib_-1_5.001
Fra:1 Mem:230.29M (Peak 274.99M) | Time:00:00.33 | Mem:0.00M, Peak:0.00M | GLB_REIMPORT_QA, ViewLayer | Synchronizing object | Fan1_fine_vertical_thumb_rib_-1_6.001
Fra:1 Mem:230.30M (Peak 274.99M) | Time:00:00.33 | Mem:0.00M, Peak:0.00M | GLB_REIMPORT_QA, ViewLayer | Synchronizing object | Fan1_fine_vertical_thumb_rib_-1_7.001
Fra:1 Mem:230.32M (Peak 274.99M) | Time:00:00.33 | Mem:0.00M, Peak:0.00M | GLB_REIMPORT_QA, ViewLayer | Synchronizing object | Fan1_fine_vertical_thumb_rib_-1_8.001
Fra:1 Mem:230.34M (Peak 274.99M) | Time:00:00.33 | Mem:0.00M, Peak:0.00M | GLB_REIMPORT_QA, ViewLayer | Synchronizing object | Fan1_fine_vertical_thumb_rib_-1_9.001
Fra:1 Mem:230.36M (Peak 274.99M) | Time:00:00.33 | Mem:0.00M, Peak:0.00M | GLB_REIMPORT_QA, ViewLayer | Synchronizing object | Fan1_fine_vertical_thumb_rib_1_0.001
Fra:1 Mem:230.38M (Peak 274.99M) | Time:00:00.33 | Mem:0.00M, Peak:0.00M | GLB_REIMPORT_QA, ViewLayer | Synchronizing object | Fan1_fine_vertical_thumb_rib_1_1.001
Fra:1 Mem:230.39M (Peak 274.99M) | Time:00:00.33 | Mem:0.00M, Peak:0.00M | GLB_REIMPORT_QA, ViewLayer | Synchronizing object | Fan1_fine_vertical_thumb_rib_1_2.001
Fra:1 Mem:230.41M (Peak 274.99M) | Time:00:00.33 | Mem:0.00M, Peak:0.00M | GLB_REIMPORT_QA, ViewLayer | Synchronizing object | Fan1_fine_vertical_thumb_rib_1_3.001
Fra:1 Mem:230.43M (Peak 274.99M) | Time:00:00.33 | Mem:0.00M, Peak:0.00M | GLB_REIMPORT_QA, ViewLayer | Synchronizing object | Fan1_fine_vertical_thumb_rib_1_4.001
Fra:1 Mem:230.45M (Peak 274.99M) | Time:00:00.33 | Mem:0.00M, Peak:0.00M | GLB_REIMPORT_QA, ViewLayer | Synchronizing object | Fan1_fine_vertical_thumb_rib_1_5.001
Fra:1 Mem:230.47M (Peak 274.99M) | Time:00:00.33 | Mem:0.00M, Peak:0.00M | GLB_REIMPORT_QA, ViewLayer | Synchronizing object | Fan1_fine_vertical_thumb_rib_1_6.001
Fra:1 Mem:230.48M (Peak 274.99M) | Time:00:00.33 | Mem:0.00M, Peak:0.00M | GLB_REIMPORT_QA, ViewLayer | Synchronizing object | Fan1_fine_vertical_thumb_rib_1_7.001
Fra:1 Mem:230.50M (Peak 274.99M) | Time:00:00.33 | Mem:0.00M, Peak:0.00M | GLB_REIMPORT_QA, ViewLayer | Synchronizing object | Fan1_fine_vertical_thumb_rib_1_8.001
Fra:1 Mem:230.52M (Peak 274.99M) | Time:00:00.33 | Mem:0.00M, Peak:0.00M | GLB_REIMPORT_QA, ViewLayer | Synchronizing object | Fan1_fine_vertical_thumb_rib_1_9.001
Fra:1 Mem:230.54M (Peak 274.99M) | Time:00:00.33 | Mem:0.00M, Peak:0.00M | GLB_REIMPORT_QA, ViewLayer | Synchronizing object | Fan1_flush_lock_pin_-39.001
Fra:1 Mem:230.56M (Peak 274.99M) | Time:00:00.33 | Mem:0.00M, Peak:0.00M | GLB_REIMPORT_QA, ViewLayer | Synchronizing object | Fan1_flush_lock_pin_39.001
Fra:1 Mem:230.58M (Peak 274.99M) | Time:00:00.33 | Mem:0.00M, Peak:0.00M | GLB_REIMPORT_QA, ViewLayer | Synchronizing object | Fan1_front_frame.001
Fra:1 Mem:230.61M (Peak 274.99M) | Time:00:00.33 | Mem:0.00M, Peak:0.00M | GLB_REIMPORT_QA, ViewLayer | Synchronizing object | Fan1_known_PID.001
Fra:1 Mem:230.66M (Peak 274.99M) | Time:00:00.33 | Mem:0.00M, Peak:0.00M | GLB_REIMPORT_QA, ViewLayer | Synchronizing object | Fan1_latch_thumb_flare_-1.001
Fra:1 Mem:230.68M (Peak 274.99M) | Time:00:00.33 | Mem:0.00M, Peak:0.00M | GLB_REIMPORT_QA, ViewLayer | Synchronizing object | Fan1_latch_thumb_flare_1.001
Fra:1 Mem:230.70M (Peak 274.99M) | Time:00:00.33 | Mem:0.00M, Peak:0.00M | GLB_REIMPORT_QA, ViewLayer | Synchronizing object | Fan1_molded_trapezoid_pull_handle.001
Fra:1 Mem:230.84M (Peak 274.99M) | Time:00:00.33 | Mem:0.00M, Peak:0.00M | GLB_REIMPORT_QA, ViewLayer | Synchronizing object | Top_lid_main_sheet.001
Fra:1 Mem:230.81M (Peak 274.99M) | Time:00:00.33 | Mem:0.00M, Peak:0.00M | GLB_REIMPORT_QA, ViewLayer | Synchronizing object | Fan1_PID_label_recess.001
Fra:1 Mem:230.82M (Peak 274.99M) | Time:00:00.33 | Mem:0.00M, Peak:0.00M | GLB_REIMPORT_QA, ViewLayer | Synchronizing object | Fan1_rear_power_contact_block_-1.001
Fra:1 Mem:230.83M (Peak 274.99M) | Time:00:00.33 | Mem:0.00M, Peak:0.00M | GLB_REIMPORT_QA, ViewLayer | Synchronizing object | Fan1_rear_power_contact_block_1.001
Fra:1 Mem:230.85M (Peak 274.99M) | Time:00:00.33 | Mem:0.00M, Peak:0.00M | GLB_REIMPORT_QA, ViewLayer | Synchronizing object | Fan1_blade_-1_0.001
Fra:1 Mem:230.85M (Peak 274.99M) | Time:00:00.33 | Mem:0.00M, Peak:0.00M | GLB_REIMPORT_QA, ViewLayer | Synchronizing object | Fan1_blade_-1_1.001
Fra:1 Mem:230.85M (Peak 274.99M) | Time:00:00.33 | Mem:0.00M, Peak:0.00M | GLB_REIMPORT_QA, ViewLayer | Synchronizing object | Fan1_blade_-1_2.001
Fra:1 Mem:230.86M (Peak 274.99M) | Time:00:00.33 | Mem:0.00M, Peak:0.00M | GLB_REIMPORT_QA, ViewLayer | Synchronizing object | Fan1_blade_-1_3.001
Fra:1 Mem:230.86M (Peak 274.99M) | Time:00:00.33 | Mem:0.00M, Peak:0.00M | GLB_REIMPORT_QA, ViewLayer | Synchronizing object | Fan1_blade_-1_4.001
Fra:1 Mem:230.86M (Peak 274.99M) | Time:00:00.33 | Mem:0.00M, Peak:0.00M | GLB_REIMPORT_QA, ViewLayer | Synchronizing object | Fan1_blade_-1_5.001
Fra:1 Mem:230.86M (Peak 274.99M) | Time:00:00.33 | Mem:0.00M, Peak:0.00M | GLB_REIMPORT_QA, ViewLayer | Synchronizing object | Fan1_blade_-1_6.001
Fra:1 Mem:230.86M (Peak 274.99M) | Time:00:00.33 | Mem:0.00M, Peak:0.00M | GLB_REIMPORT_QA, ViewLayer | Synchronizing object | Fan1_hub_-1.001
Fra:1 Mem:230.88M (Peak 274.99M) | Time:00:00.33 | Mem:0.00M, Peak:0.00M | GLB_REIMPORT_QA, ViewLayer | Synchronizing object | Fan1_blade_1_0.001
Fra:1 Mem:230.88M (Peak 274.99M) | Time:00:00.33 | Mem:0.00M, Peak:0.00M | GLB_REIMPORT_QA, ViewLayer | Synchronizing object | Fan1_blade_1_1.001
Fra:1 Mem:230.89M (Peak 274.99M) | Time:00:00.33 | Mem:0.00M, Peak:0.00M | GLB_REIMPORT_QA, ViewLayer | Synchronizing object | Fan1_blade_1_2.001
Fra:1 Mem:230.89M (Peak 274.99M) | Time:00:00.33 | Mem:0.00M, Peak:0.00M | GLB_REIMPORT_QA, ViewLayer | Synchronizing object | Fan1_blade_1_3.001
Fra:1 Mem:230.89M (Peak 274.99M) | Time:00:00.33 | Mem:0.00M, Peak:0.00M | GLB_REIMPORT_QA, ViewLayer | Synchronizing object | Fan1_blade_1_4.001
Fra:1 Mem:230.89M (Peak 274.99M) | Time:00:00.33 | Mem:0.00M, Peak:0.00M | GLB_REIMPORT_QA, ViewLayer | Synchronizing object | Fan1_blade_1_5.001
Fra:1 Mem:230.89M (Peak 274.99M) | Time:00:00.33 | Mem:0.00M, Peak:0.00M | GLB_REIMPORT_QA, ViewLayer | Synchronizing object | Fan1_blade_1_6.001
Fra:1 Mem:230.90M (Peak 274.99M) | Time:00:00.33 | Mem:0.00M, Peak:0.00M | GLB_REIMPORT_QA, ViewLayer | Synchronizing object | Fan1_hub_1.001
Fra:1 Mem:230.91M (Peak 274.99M) | Time:00:00.33 | Mem:0.00M, Peak:0.00M | GLB_REIMPORT_QA, ViewLayer | Synchronizing object | Fan1_rotor_housing_-1.001
Fra:1 Mem:230.94M (Peak 274.99M) | Time:00:00.33 | Mem:0.00M, Peak:0.00M | GLB_REIMPORT_QA, ViewLayer | Synchronizing object | Fan1_rotor_housing_1.001
Fra:1 Mem:230.96M (Peak 274.99M) | Time:00:00.33 | Mem:0.00M, Peak:0.00M | GLB_REIMPORT_QA, ViewLayer | Synchronizing object | Fan1_top_retention_rail_-1.001
Fra:1 Mem:230.99M (Peak 274.99M) | Time:00:00.33 | Mem:0.00M, Peak:0.00M | GLB_REIMPORT_QA, ViewLayer | Synchronizing object | Fan1_top_retention_rail_1.001
Fra:1 Mem:231.01M (Peak 274.99M) | Time:00:00.33 | Mem:0.00M, Peak:0.00M | GLB_REIMPORT_QA, ViewLayer | Synchronizing object | Fan1_true_honeycomb_front_grille.001
Fra:1 Mem:232.21M (Peak 274.99M) | Time:00:00.34 | Mem:0.00M, Peak:0.00M | GLB_REIMPORT_QA, ViewLayer | Synchronizing object | RIGHT_sidewall_with_mounting_provisions.001
Fra:1 Mem:234.97M (Peak 274.99M) | Time:00:00.34 | Mem:0.00M, Peak:0.00M | GLB_REIMPORT_QA, ViewLayer | Synchronizing object | Rear_side_rim_218.001
Fra:1 Mem:235.02M (Peak 274.99M) | Time:00:00.34 | Mem:0.00M, Peak:0.00M | GLB_REIMPORT_QA, ViewLayer | Synchronizing object | Rear_side_rim_-218.001
Fra:1 Mem:235.06M (Peak 274.99M) | Time:00:00.34 | Mem:0.00M, Peak:0.00M | GLB_REIMPORT_QA, ViewLayer | Synchronizing object | USB_symbol_stem.001
Fra:1 Mem:235.09M (Peak 274.99M) | Time:00:00.34 | Mem:0.00M, Peak:0.00M | GLB_REIMPORT_QA, ViewLayer | Synchronizing object | USB_symbol_branch_B.001
Fra:1 Mem:235.11M (Peak 274.99M) | Time:00:00.34 | Mem:0.00M, Peak:0.00M | GLB_REIMPORT_QA, ViewLayer | Synchronizing object | USB_symbol_branch_A.001
Fra:1 Mem:235.13M (Peak 274.99M) | Time:00:00.34 | Mem:0.00M, Peak:0.00M | GLB_REIMPORT_QA, ViewLayer | Synchronizing object | SFP_management_symbol_node_1.001
Fra:1 Mem:235.25M (Peak 274.99M) | Time:00:00.34 | Mem:0.00M, Peak:0.00M | GLB_REIMPORT_QA, ViewLayer | Synchronizing object | SFP_management_symbol_node_0.001
Fra:1 Mem:235.36M (Peak 274.99M) | Time:00:00.34 | Mem:0.00M, Peak:0.00M | GLB_REIMPORT_QA, ViewLayer | Synchronizing object | SFP_management_symbol_node_-1.001
Fra:1 Mem:235.46M (Peak 274.99M) | Time:00:00.34 | Mem:0.00M, Peak:0.00M | GLB_REIMPORT_QA, ViewLayer | Synchronizing object | SFP_management_symbol_line.007
Fra:1 Mem:235.48M (Peak 274.99M) | Time:00:00.34 | Mem:0.00M, Peak:0.00M | GLB_REIMPORT_QA, ViewLayer | Synchronizing object | SFP_management_symbol_line.006
Fra:1 Mem:235.51M (Peak 274.99M) | Time:00:00.34 | Mem:0.00M, Peak:0.00M | GLB_REIMPORT_QA, ViewLayer | Synchronizing object | SFP_management_symbol_line.005
Fra:1 Mem:235.57M (Peak 274.99M) | Time:00:00.34 | Mem:0.00M, Peak:0.00M | GLB_REIMPORT_QA, ViewLayer | Synchronizing object | SFP_management_symbol_line.004
Fra:1 Mem:235.57M (Peak 274.99M) | Time:00:00.34 | Mem:0.00M, Peak:0.00M | GLB_REIMPORT_QA, ViewLayer | Synchronizing object | RJ45_management_symbol_node_1.001
Fra:1 Mem:235.75M (Peak 274.99M) | Time:00:00.34 | Mem:0.00M, Peak:0.00M | GLB_REIMPORT_QA, ViewLayer | Synchronizing object | RJ45_management_symbol_node_0.001
Fra:1 Mem:236.45M (Peak 274.99M) | Time:00:00.34 | Mem:0.00M, Peak:0.00M | GLB_REIMPORT_QA, ViewLayer | Synchronizing object | RJ45_management_symbol_node_-1.001
Fra:1 Mem:236.48M (Peak 274.99M) | Time:00:00.35 | Mem:0.00M, Peak:0.00M | GLB_REIMPORT_QA, ViewLayer | Synchronizing object | RJ45_management_symbol_line.007
Fra:1 Mem:236.48M (Peak 274.99M) | Time:00:00.35 | Mem:0.00M, Peak:0.00M | GLB_REIMPORT_QA, ViewLayer | Synchronizing object | RJ45_management_symbol_line.006
Fra:1 Mem:236.48M (Peak 274.99M) | Time:00:00.35 | Mem:0.00M, Peak:0.00M | GLB_REIMPORT_QA, ViewLayer | Synchronizing object | RJ45_management_symbol_line.005
Fra:1 Mem:236.48M (Peak 274.99M) | Time:00:00.35 | Mem:0.00M, Peak:0.00M | GLB_REIMPORT_QA, ViewLayer | Synchronizing object | RJ45_management_symbol_line.004
Fra:1 Mem:236.49M (Peak 274.99M) | Time:00:00.35 | Mem:0.00M, Peak:0.00M | GLB_REIMPORT_QA, ViewLayer | Synchronizing object | USB_A_metal_shell.001
Fra:1 Mem:236.52M (Peak 274.99M) | Time:00:00.35 | Mem:0.00M, Peak:0.00M | GLB_REIMPORT_QA, ViewLayer | Synchronizing object | USB_A_deep_stop.001
Fra:1 Mem:236.53M (Peak 274.99M) | Time:00:00.35 | Mem:0.00M, Peak:0.00M | GLB_REIMPORT_QA, ViewLayer | Synchronizing object | USB_A_contact_3.001
Fra:1 Mem:236.54M (Peak 274.99M) | Time:00:00.35 | Mem:0.00M, Peak:0.00M | GLB_REIMPORT_QA, ViewLayer | Synchronizing object | USB_A_contact_2.001
Fra:1 Mem:236.56M (Peak 274.99M) | Time:00:00.35 | Mem:0.00M, Peak:0.00M | GLB_REIMPORT_QA, ViewLayer | Synchronizing object | USB_A_contact_1.001
Fra:1 Mem:236.50M (Peak 274.99M) | Time:00:00.35 | Mem:0.00M, Peak:0.00M | GLB_REIMPORT_QA, ViewLayer | Synchronizing object | USB_A_contact_0.001
Fra:1 Mem:236.51M (Peak 274.99M) | Time:00:00.35 | Mem:0.00M, Peak:0.00M | GLB_REIMPORT_QA, ViewLayer | Synchronizing object | USB_A_black_tongue.001
Fra:1 Mem:236.78M (Peak 274.99M) | Time:00:00.35 | Mem:0.00M, Peak:0.00M | GLB_REIMPORT_QA, ViewLayer | Synchronizing object | REAR_STS_unpowered_indicator.001
Fra:1 Mem:237.47M (Peak 274.99M) | Time:00:00.35 | Mem:0.00M, Peak:0.00M | GLB_REIMPORT_QA, ViewLayer | Synchronizing object | REAR_STS_legend.001
Fra:1 Mem:237.50M (Peak 274.99M) | Time:00:00.35 | Mem:0.00M, Peak:0.00M | GLB_REIMPORT_QA, ViewLayer | Synchronizing object | Rear_service_retention_screw.001
Fra:1 Mem:237.53M (Peak 274.99M) | Time:00:00.35 | Mem:0.00M, Peak:0.00M | GLB_REIMPORT_QA, ViewLayer | Synchronizing object | Rear_service_panel_true_apertures.001
Fra:1 Mem:237.59M (Peak 274.99M) | Time:00:00.35 | Mem:0.00M, Peak:0.00M | GLB_REIMPORT_QA, ViewLayer | Synchronizing object | Rear_P2_arrow_legend.001
Fra:1 Mem:237.60M (Peak 274.99M) | Time:00:00.35 | Mem:0.00M, Peak:0.00M | GLB_REIMPORT_QA, ViewLayer | Synchronizing object | Mgmt_SFP_recessed_connector_stop.001
Fra:1 Mem:237.60M (Peak 274.99M) | Time:00:00.35 | Mem:0.00M, Peak:0.00M | GLB_REIMPORT_QA, ViewLayer | Synchronizing object | Mgmt_SFP_guide_5.001
Fra:1 Mem:237.63M (Peak 274.99M) | Time:00:00.35 | Mem:0.00M, Peak:0.00M | GLB_REIMPORT_QA, ViewLayer | Synchronizing object | Mgmt_SFP_guide_-5.001
Fra:1 Mem:237.65M (Peak 274.99M) | Time:00:00.35 | Mem:0.00M, Peak:0.00M | GLB_REIMPORT_QA, ViewLayer | Synchronizing object | Mgmt_SFP_deep_metal_cage.001
Fra:1 Mem:237.69M (Peak 274.99M) | Time:00:00.35 | Mem:0.00M, Peak:0.00M | GLB_REIMPORT_QA, ViewLayer | Synchronizing object | Mgmt_SFP_contact_9.001
Fra:1 Mem:237.69M (Peak 274.99M) | Time:00:00.35 | Mem:0.00M, Peak:0.00M | GLB_REIMPORT_QA, ViewLayer | Synchronizing object | Mgmt_SFP_contact_8.001
Fra:1 Mem:237.69M (Peak 274.99M) | Time:00:00.35 | Mem:0.00M, Peak:0.00M | GLB_REIMPORT_QA, ViewLayer | Synchronizing object | Mgmt_SFP_contact_7.001
Fra:1 Mem:237.69M (Peak 274.99M) | Time:00:00.35 | Mem:0.00M, Peak:0.00M | GLB_REIMPORT_QA, ViewLayer | Synchronizing object | Mgmt_SFP_contact_6.001
Fra:1 Mem:237.70M (Peak 274.99M) | Time:00:00.35 | Mem:0.00M, Peak:0.00M | GLB_REIMPORT_QA, ViewLayer | Synchronizing object | Mgmt_SFP_contact_5.001
Fra:1 Mem:237.70M (Peak 274.99M) | Time:00:00.35 | Mem:0.00M, Peak:0.00M | GLB_REIMPORT_QA, ViewLayer | Synchronizing object | Mgmt_SFP_contact_4.001
Fra:1 Mem:237.70M (Peak 274.99M) | Time:00:00.35 | Mem:0.00M, Peak:0.00M | GLB_REIMPORT_QA, ViewLayer | Synchronizing object | Mgmt_SFP_contact_3.001
Fra:1 Mem:237.70M (Peak 274.99M) | Time:00:00.35 | Mem:0.00M, Peak:0.00M | GLB_REIMPORT_QA, ViewLayer | Synchronizing object | Mgmt_SFP_contact_2.001
Fra:1 Mem:237.70M (Peak 274.99M) | Time:00:00.35 | Mem:0.00M, Peak:0.00M | GLB_REIMPORT_QA, ViewLayer | Synchronizing object | Mgmt_SFP_contact_1.001
Fra:1 Mem:237.70M (Peak 274.99M) | Time:00:00.35 | Mem:0.00M, Peak:0.00M | GLB_REIMPORT_QA, ViewLayer | Synchronizing object | Mgmt_SFP_contact_0.001
Fra:1 Mem:237.71M (Peak 274.99M) | Time:00:00.35 | Mem:0.00M, Peak:0.00M | GLB_REIMPORT_QA, ViewLayer | Synchronizing object | MANAGEMENT_RJ45_unpowered_corner_LED_5.001
Fra:1 Mem:237.72M (Peak 274.99M) | Time:00:00.35 | Mem:0.00M, Peak:0.00M | GLB_REIMPORT_QA, ViewLayer | Synchronizing object | MANAGEMENT_RJ45_unpowered_corner_LED_-5.001
Fra:1 Mem:237.74M (Peak 274.99M) | Time:00:00.35 | Mem:0.00M, Peak:0.00M | GLB_REIMPORT_QA, ViewLayer | Synchronizing object | MANAGEMENT_RJ45_metal_shield.001
Fra:1 Mem:237.78M (Peak 274.99M) | Time:00:00.35 | Mem:0.00M, Peak:0.00M | GLB_REIMPORT_QA, ViewLayer | Synchronizing object | MANAGEMENT_RJ45_keyed_plastic_body.001
Fra:1 Mem:237.78M (Peak 274.99M) | Time:00:00.36 | Mem:0.00M, Peak:0.00M | GLB_REIMPORT_QA, ViewLayer | Synchronizing object | MANAGEMENT_RJ45_deep_connector_stop.001
Fra:1 Mem:237.79M (Peak 274.99M) | Time:00:00.36 | Mem:0.00M, Peak:0.00M | GLB_REIMPORT_QA, ViewLayer | Synchronizing object | MANAGEMENT_RJ45_contact_7.001
Fra:1 Mem:237.80M (Peak 274.99M) | Time:00:00.36 | Mem:0.00M, Peak:0.00M | GLB_REIMPORT_QA, ViewLayer | Synchronizing object | MANAGEMENT_RJ45_contact_6.001
Fra:1 Mem:237.82M (Peak 274.99M) | Time:00:00.36 | Mem:0.00M, Peak:0.00M | GLB_REIMPORT_QA, ViewLayer | Synchronizing object | MANAGEMENT_RJ45_contact_5.001
Fra:1 Mem:237.83M (Peak 274.99M) | Time:00:00.36 | Mem:0.00M, Peak:0.00M | GLB_REIMPORT_QA, ViewLayer | Synchronizing object | MANAGEMENT_RJ45_contact_4.001
Fra:1 Mem:237.85M (Peak 274.99M) | Time:00:00.36 | Mem:0.00M, Peak:0.00M | GLB_REIMPORT_QA, ViewLayer | Synchronizing object | MANAGEMENT_RJ45_contact_3.001
Fra:1 Mem:237.87M (Peak 274.99M) | Time:00:00.36 | Mem:0.00M, Peak:0.00M | GLB_REIMPORT_QA, ViewLayer | Synchronizing object | MANAGEMENT_RJ45_contact_2.001
Fra:1 Mem:237.88M (Peak 274.99M) | Time:00:00.36 | Mem:0.00M, Peak:0.00M | GLB_REIMPORT_QA, ViewLayer | Synchronizing object | MANAGEMENT_RJ45_contact_1.001
Fra:1 Mem:237.90M (Peak 274.99M) | Time:00:00.36 | Mem:0.00M, Peak:0.00M | GLB_REIMPORT_QA, ViewLayer | Synchronizing object | MANAGEMENT_RJ45_contact_0.001
Fra:1 Mem:237.91M (Peak 274.99M) | Time:00:00.36 | Mem:0.00M, Peak:0.00M | GLB_REIMPORT_QA, ViewLayer | Synchronizing object | CONSOLE_RJ45_unpowered_corner_LED_5.001
Fra:1 Mem:237.93M (Peak 274.99M) | Time:00:00.36 | Mem:0.00M, Peak:0.00M | GLB_REIMPORT_QA, ViewLayer | Synchronizing object | CONSOLE_RJ45_unpowered_corner_LED_-5.001
Fra:1 Mem:237.95M (Peak 274.99M) | Time:00:00.36 | Mem:0.00M, Peak:0.00M | GLB_REIMPORT_QA, ViewLayer | Synchronizing object | CONSOLE_RJ45_metal_shield.001
Fra:1 Mem:236.24M (Peak 274.99M) | Time:00:00.36 | Mem:0.00M, Peak:0.00M | GLB_REIMPORT_QA, ViewLayer | Synchronizing object | CONSOLE_RJ45_keyed_plastic_body.001
Fra:1 Mem:236.25M (Peak 274.99M) | Time:00:00.36 | Mem:0.00M, Peak:0.00M | GLB_REIMPORT_QA, ViewLayer | Synchronizing object | CONSOLE_RJ45_deep_connector_stop.001
Fra:1 Mem:236.25M (Peak 274.99M) | Time:00:00.36 | Mem:0.00M, Peak:0.00M | GLB_REIMPORT_QA, ViewLayer | Synchronizing object | CONSOLE_RJ45_contact_7.001
Fra:1 Mem:235.97M (Peak 274.99M) | Time:00:00.36 | Mem:0.00M, Peak:0.00M | GLB_REIMPORT_QA, ViewLayer | Synchronizing object | CONSOLE_RJ45_contact_6.001
Fra:1 Mem:236.29M (Peak 274.99M) | Time:00:00.36 | Mem:0.00M, Peak:0.00M | GLB_REIMPORT_QA, ViewLayer | Synchronizing object | CONSOLE_RJ45_contact_5.001
Fra:1 Mem:236.30M (Peak 274.99M) | Time:00:00.36 | Mem:0.00M, Peak:0.00M | GLB_REIMPORT_QA, ViewLayer | Synchronizing object | CONSOLE_RJ45_contact_4.001
Fra:1 Mem:235.76M (Peak 274.99M) | Time:00:00.36 | Mem:0.00M, Peak:0.00M | GLB_REIMPORT_QA, ViewLayer | Synchronizing object | Fan2_BLUE_release_latch_-1.001
Fra:1 Mem:235.72M (Peak 274.99M) | Time:00:00.36 | Mem:0.00M, Peak:0.00M | GLB_REIMPORT_QA, ViewLayer | Synchronizing object | CONSOLE_RJ45_contact_3.001
Fra:1 Mem:235.79M (Peak 274.99M) | Time:00:00.36 | Mem:0.00M, Peak:0.00M | GLB_REIMPORT_QA, ViewLayer | Synchronizing object | CONSOLE_RJ45_contact_2.001
Fra:1 Mem:235.80M (Peak 274.99M) | Time:00:00.36 | Mem:0.00M, Peak:0.00M | GLB_REIMPORT_QA, ViewLayer | Synchronizing object | Fan2_BLUE_release_latch_1.001
Fra:1 Mem:235.82M (Peak 274.99M) | Time:00:00.36 | Mem:0.00M, Peak:0.00M | GLB_REIMPORT_QA, ViewLayer | Synchronizing object | Fan2_fine_vertical_thumb_rib_-1_0.001
Fra:1 Mem:235.84M (Peak 274.99M) | Time:00:00.36 | Mem:0.00M, Peak:0.00M | GLB_REIMPORT_QA, ViewLayer | Synchronizing object | Fan2_fine_vertical_thumb_rib_-1_1.001
Fra:1 Mem:235.85M (Peak 274.99M) | Time:00:00.36 | Mem:0.00M, Peak:0.00M | GLB_REIMPORT_QA, ViewLayer | Synchronizing object | Fan2_fine_vertical_thumb_rib_-1_2.001
Fra:1 Mem:235.87M (Peak 274.99M) | Time:00:00.36 | Mem:0.00M, Peak:0.00M | GLB_REIMPORT_QA, ViewLayer | Synchronizing object | Fan2_fine_vertical_thumb_rib_-1_3.001
Fra:1 Mem:235.89M (Peak 274.99M) | Time:00:00.36 | Mem:0.00M, Peak:0.00M | GLB_REIMPORT_QA, ViewLayer | Synchronizing object | Fan2_fine_vertical_thumb_rib_-1_4.001
Fra:1 Mem:235.90M (Peak 274.99M) | Time:00:00.36 | Mem:0.00M, Peak:0.00M | GLB_REIMPORT_QA, ViewLayer | Synchronizing object | Fan2_fine_vertical_thumb_rib_-1_5.001
Fra:1 Mem:235.92M (Peak 274.99M) | Time:00:00.36 | Mem:0.00M, Peak:0.00M | GLB_REIMPORT_QA, ViewLayer | Synchronizing object | Fan2_fine_vertical_thumb_rib_-1_6.001
Fra:1 Mem:235.94M (Peak 274.99M) | Time:00:00.36 | Mem:0.00M, Peak:0.00M | GLB_REIMPORT_QA, ViewLayer | Synchronizing object | Fan2_fine_vertical_thumb_rib_-1_7.001
Fra:1 Mem:235.95M (Peak 274.99M) | Time:00:00.36 | Mem:0.00M, Peak:0.00M | GLB_REIMPORT_QA, ViewLayer | Synchronizing object | Fan2_fine_vertical_thumb_rib_-1_8.001
Fra:1 Mem:235.97M (Peak 274.99M) | Time:00:00.36 | Mem:0.00M, Peak:0.00M | GLB_REIMPORT_QA, ViewLayer | Synchronizing object | Fan2_fine_vertical_thumb_rib_-1_9.001
Fra:1 Mem:235.99M (Peak 274.99M) | Time:00:00.36 | Mem:0.00M, Peak:0.00M | GLB_REIMPORT_QA, ViewLayer | Synchronizing object | Fan2_fine_vertical_thumb_rib_1_0.001
Fra:1 Mem:236.00M (Peak 274.99M) | Time:00:00.36 | Mem:0.00M, Peak:0.00M | GLB_REIMPORT_QA, ViewLayer | Synchronizing object | Fan2_fine_vertical_thumb_rib_1_1.001
Fra:1 Mem:236.02M (Peak 274.99M) | Time:00:00.36 | Mem:0.00M, Peak:0.00M | GLB_REIMPORT_QA, ViewLayer | Synchronizing object | Fan2_fine_vertical_thumb_rib_1_2.001
Fra:1 Mem:236.04M (Peak 274.99M) | Time:00:00.36 | Mem:0.00M, Peak:0.00M | GLB_REIMPORT_QA, ViewLayer | Synchronizing object | Fan2_fine_vertical_thumb_rib_1_3.001
Fra:1 Mem:236.05M (Peak 274.99M) | Time:00:00.36 | Mem:0.00M, Peak:0.00M | GLB_REIMPORT_QA, ViewLayer | Synchronizing object | Fan2_fine_vertical_thumb_rib_1_4.001
Fra:1 Mem:236.07M (Peak 274.99M) | Time:00:00.36 | Mem:0.00M, Peak:0.00M | GLB_REIMPORT_QA, ViewLayer | Synchronizing object | Fan2_fine_vertical_thumb_rib_1_5.001
Fra:1 Mem:236.09M (Peak 274.99M) | Time:00:00.36 | Mem:0.00M, Peak:0.00M | GLB_REIMPORT_QA, ViewLayer | Synchronizing object | Fan2_fine_vertical_thumb_rib_1_6.001
Fra:1 Mem:236.10M (Peak 274.99M) | Time:00:00.36 | Mem:0.00M, Peak:0.00M | GLB_REIMPORT_QA, ViewLayer | Synchronizing object | Fan2_fine_vertical_thumb_rib_1_7.001
Fra:1 Mem:236.12M (Peak 274.99M) | Time:00:00.36 | Mem:0.00M, Peak:0.00M | GLB_REIMPORT_QA, ViewLayer | Synchronizing object | Fan2_fine_vertical_thumb_rib_1_8.001
Fra:1 Mem:236.14M (Peak 274.99M) | Time:00:00.36 | Mem:0.00M, Peak:0.00M | GLB_REIMPORT_QA, ViewLayer | Synchronizing object | Fan2_fine_vertical_thumb_rib_1_9.001
Fra:1 Mem:236.15M (Peak 274.99M) | Time:00:00.36 | Mem:0.00M, Peak:0.00M | GLB_REIMPORT_QA, ViewLayer | Synchronizing object | Fan2_flush_lock_pin_-39.001
Fra:1 Mem:236.18M (Peak 274.99M) | Time:00:00.36 | Mem:0.00M, Peak:0.00M | GLB_REIMPORT_QA, ViewLayer | Synchronizing object | Fan2_flush_lock_pin_39.001
Fra:1 Mem:236.16M (Peak 274.99M) | Time:00:00.36 | Mem:0.00M, Peak:0.00M | GLB_REIMPORT_QA, ViewLayer | Synchronizing object | CONSOLE_RJ45_contact_1.001
Fra:1 Mem:236.19M (Peak 274.99M) | Time:00:00.36 | Mem:0.00M, Peak:0.00M | GLB_REIMPORT_QA, ViewLayer | Synchronizing object | CONSOLE_RJ45_contact_0.001
Fra:1 Mem:236.20M (Peak 274.99M) | Time:00:00.36 | Mem:0.00M, Peak:0.00M | GLB_REIMPORT_QA, ViewLayer | Synchronizing object | Fan2_front_frame.001
Fra:1 Mem:236.25M (Peak 274.99M) | Time:00:00.36 | Mem:0.00M, Peak:0.00M | GLB_REIMPORT_QA, ViewLayer | Synchronizing object | REAR_BCN_unpowered_indicator.001
Fra:1 Mem:236.27M (Peak 274.99M) | Time:00:00.36 | Mem:0.00M, Peak:0.00M | GLB_REIMPORT_QA, ViewLayer | Synchronizing object | Fan2_known_PID.001
Fra:1 Mem:236.30M (Peak 274.99M) | Time:00:00.36 | Mem:0.00M, Peak:0.00M | GLB_REIMPORT_QA, ViewLayer | Synchronizing object | REAR_BCN_legend.001
Fra:1 Mem:236.35M (Peak 274.99M) | Time:00:00.36 | Mem:0.00M, Peak:0.00M | GLB_REIMPORT_QA, ViewLayer | Synchronizing object | Console_terminal_symbol.001
Fra:1 Mem:236.33M (Peak 274.99M) | Time:00:00.36 | Mem:0.00M, Peak:0.00M | GLB_REIMPORT_QA, ViewLayer | Synchronizing object | Fan2_latch_thumb_flare_-1.001
Fra:1 Mem:236.32M (Peak 274.99M) | Time:00:00.36 | Mem:0.00M, Peak:0.00M | GLB_REIMPORT_QA, ViewLayer | Synchronizing object | Rear_module_divider_70.001
Fra:1 Mem:236.38M (Peak 274.99M) | Time:00:00.36 | Mem:0.00M, Peak:0.00M | GLB_REIMPORT_QA, ViewLayer | Synchronizing object | Fan2_latch_thumb_flare_1.001
Fra:1 Mem:236.43M (Peak 274.99M) | Time:00:00.36 | Mem:0.00M, Peak:0.00M | GLB_REIMPORT_QA, ViewLayer | Synchronizing object | Rear_module_divider_160.001
Fra:1 Mem:236.41M (Peak 274.99M) | Time:00:00.36 | Mem:0.00M, Peak:0.00M | GLB_REIMPORT_QA, ViewLayer | Synchronizing object | Fan2_molded_trapezoid_pull_handle.001
Fra:1 Mem:236.55M (Peak 274.99M) | Time:00:00.36 | Mem:0.00M, Peak:0.00M | GLB_REIMPORT_QA, ViewLayer | Synchronizing object | Rear_module_divider_-20.001
Fra:1 Mem:236.48M (Peak 274.99M) | Time:00:00.36 | Mem:0.00M, Peak:0.00M | GLB_REIMPORT_QA, ViewLayer | Synchronizing object | Rear_module_divider_-160.001
Fra:1 Mem:236.86M (Peak 274.99M) | Time:00:00.36 | Mem:0.00M, Peak:0.00M | GLB_REIMPORT_QA, ViewLayer | Synchronizing object | Rear_module_divider_-110.001
Fra:1 Mem:236.61M (Peak 274.99M) | Time:00:00.36 | Mem:0.00M, Peak:0.00M | GLB_REIMPORT_QA, ViewLayer | Synchronizing object | Fan2_PID_label_recess.001
Fra:1 Mem:236.60M (Peak 274.99M) | Time:00:00.36 | Mem:0.00M, Peak:0.00M | GLB_REIMPORT_QA, ViewLayer | Synchronizing object | Rear_horizontal_rim_42.001
Fra:1 Mem:236.60M (Peak 274.99M) | Time:00:00.36 | Mem:0.00M, Peak:0.00M | GLB_REIMPORT_QA, ViewLayer | Synchronizing object | Rear_horizontal_rim_1.001
Fra:1 Mem:236.60M (Peak 274.99M) | Time:00:00.36 | Mem:0.00M, Peak:0.00M | GLB_REIMPORT_QA, ViewLayer | Synchronizing object | Fan2_rear_power_contact_block_-1.001
Fra:1 Mem:236.63M (Peak 274.99M) | Time:00:00.36 | Mem:0.00M, Peak:0.00M | GLB_REIMPORT_QA, ViewLayer | Synchronizing object | PSU2_unpowered_LED_36.001
Fra:1 Mem:236.66M (Peak 274.99M) | Time:00:00.36 | Mem:0.00M, Peak:0.00M | GLB_REIMPORT_QA, ViewLayer | Synchronizing object | Fan2_rear_power_contact_block_1.001
Fra:1 Mem:236.66M (Peak 274.99M) | Time:00:00.36 | Mem:0.00M, Peak:0.00M | GLB_REIMPORT_QA, ViewLayer | Synchronizing object | PSU2_unpowered_LED_32.001
Fra:1 Mem:236.66M (Peak 274.99M) | Time:00:00.36 | Mem:0.00M, Peak:0.00M | GLB_REIMPORT_QA, ViewLayer | Synchronizing object | PSU2_true_hex_cooling_vents.001
Fra:1 Mem:236.66M (Peak 274.99M) | Time:00:00.36 | Mem:0.00M, Peak:0.00M | GLB_REIMPORT_QA, ViewLayer | Synchronizing object | Fan2_blade_-1_0.001
Fra:1 Mem:236.86M (Peak 274.99M) | Time:00:00.36 | Mem:0.00M, Peak:0.00M | GLB_REIMPORT_QA, ViewLayer | Synchronizing object | Fan2_blade_-1_1.001
Fra:1 Mem:236.86M (Peak 274.99M) | Time:00:00.36 | Mem:0.00M, Peak:0.00M | GLB_REIMPORT_QA, ViewLayer | Synchronizing object | Fan2_blade_-1_2.001
Fra:1 Mem:236.86M (Peak 274.99M) | Time:00:00.36 | Mem:0.00M, Peak:0.00M | GLB_REIMPORT_QA, ViewLayer | Synchronizing object | Fan2_blade_-1_3.001
Fra:1 Mem:236.87M (Peak 274.99M) | Time:00:00.36 | Mem:0.00M, Peak:0.00M | GLB_REIMPORT_QA, ViewLayer | Synchronizing object | Fan2_blade_-1_4.001
Fra:1 Mem:236.87M (Peak 274.99M) | Time:00:00.36 | Mem:0.00M, Peak:0.00M | GLB_REIMPORT_QA, ViewLayer | Synchronizing object | Fan2_blade_-1_5.001
Fra:1 Mem:236.90M (Peak 274.99M) | Time:00:00.36 | Mem:0.00M, Peak:0.00M | GLB_REIMPORT_QA, ViewLayer | Synchronizing object | Fan2_blade_-1_6.001
Fra:1 Mem:237.49M (Peak 274.99M) | Time:00:00.36 | Mem:0.00M, Peak:0.00M | GLB_REIMPORT_QA, ViewLayer | Synchronizing object | Fan2_hub_-1.001
Fra:1 Mem:237.51M (Peak 274.99M) | Time:00:00.36 | Mem:0.00M, Peak:0.00M | GLB_REIMPORT_QA, ViewLayer | Synchronizing object | Fan2_blade_1_0.001
Fra:1 Mem:237.51M (Peak 274.99M) | Time:00:00.36 | Mem:0.00M, Peak:0.00M | GLB_REIMPORT_QA, ViewLayer | Synchronizing object | Fan2_blade_1_1.001
Fra:1 Mem:237.51M (Peak 274.99M) | Time:00:00.36 | Mem:0.00M, Peak:0.00M | GLB_REIMPORT_QA, ViewLayer | Synchronizing object | Fan2_blade_1_2.001
Fra:1 Mem:237.51M (Peak 274.99M) | Time:00:00.36 | Mem:0.00M, Peak:0.00M | GLB_REIMPORT_QA, ViewLayer | Synchronizing object | Fan2_blade_1_3.001
Fra:1 Mem:237.52M (Peak 274.99M) | Time:00:00.36 | Mem:0.00M, Peak:0.00M | GLB_REIMPORT_QA, ViewLayer | Synchronizing object | Fan2_blade_1_4.001
Fra:1 Mem:237.52M (Peak 274.99M) | Time:00:00.36 | Mem:0.00M, Peak:0.00M | GLB_REIMPORT_QA, ViewLayer | Synchronizing object | Fan2_blade_1_5.001
Fra:1 Mem:237.52M (Peak 274.99M) | Time:00:00.36 | Mem:0.00M, Peak:0.00M | GLB_REIMPORT_QA, ViewLayer | Synchronizing object | Fan2_blade_1_6.001
Fra:1 Mem:237.52M (Peak 274.99M) | Time:00:00.36 | Mem:0.00M, Peak:0.00M | GLB_REIMPORT_QA, ViewLayer | Synchronizing object | Fan2_hub_1.001
Fra:1 Mem:237.54M (Peak 274.99M) | Time:00:00.36 | Mem:0.00M, Peak:0.00M | GLB_REIMPORT_QA, ViewLayer | Synchronizing object | Fan2_rotor_housing_-1.001
Fra:1 Mem:237.57M (Peak 274.99M) | Time:00:00.37 | Mem:0.00M, Peak:0.00M | GLB_REIMPORT_QA, ViewLayer | Synchronizing object | Fan2_rotor_housing_1.001
Fra:1 Mem:237.59M (Peak 274.99M) | Time:00:00.37 | Mem:0.00M, Peak:0.00M | GLB_REIMPORT_QA, ViewLayer | Synchronizing object | Fan2_top_retention_rail_-1.001
Fra:1 Mem:237.62M (Peak 274.99M) | Time:00:00.37 | Mem:0.00M, Peak:0.00M | GLB_REIMPORT_QA, ViewLayer | Synchronizing object | Fan2_top_retention_rail_1.001
Fra:1 Mem:237.64M (Peak 274.99M) | Time:00:00.37 | Mem:0.00M, Peak:0.00M | GLB_REIMPORT_QA, ViewLayer | Synchronizing object | Fan2_true_honeycomb_front_grille.001
Fra:1 Mem:243.19M (Peak 274.99M) | Time:00:00.38 | Mem:0.00M, Peak:0.00M | GLB_REIMPORT_QA, ViewLayer | Synchronizing object | PSU2_stowed_nylon_retention_loop.001
Fra:1 Mem:243.21M (Peak 274.99M) | Time:00:00.38 | Mem:0.00M, Peak:0.00M | GLB_REIMPORT_QA, ViewLayer | Synchronizing object | PSU2_silver_U_pull_handle.001
Fra:1 Mem:243.43M (Peak 274.99M) | Time:00:00.38 | Mem:0.00M, Peak:0.00M | GLB_REIMPORT_QA, ViewLayer | Synchronizing object | PSU2_retainer_rib_315.001
Fra:1 Mem:243.45M (Peak 274.99M) | Time:00:00.38 | Mem:0.00M, Peak:0.00M | GLB_REIMPORT_QA, ViewLayer | Synchronizing object | PSU2_retainer_rib_313.001
Fra:1 Mem:243.46M (Peak 274.99M) | Time:00:00.38 | Mem:0.00M, Peak:0.00M | GLB_REIMPORT_QA, ViewLayer | Synchronizing object | PSU2_retainer_rib_311.001
Fra:1 Mem:243.48M (Peak 274.99M) | Time:00:00.38 | Mem:0.00M, Peak:0.00M | GLB_REIMPORT_QA, ViewLayer | Synchronizing object | PSU2_retainer_rib_308.001
Fra:1 Mem:243.50M (Peak 274.99M) | Time:00:00.39 | Mem:0.00M, Peak:0.00M | GLB_REIMPORT_QA, ViewLayer | Synchronizing object | PSU2_retainer_rib_306.001
Fra:1 Mem:243.51M (Peak 274.99M) | Time:00:00.39 | Mem:0.00M, Peak:0.00M | GLB_REIMPORT_QA, ViewLayer | Synchronizing object | PSU2_retainer_rib_304.001
Fra:1 Mem:243.53M (Peak 274.99M) | Time:00:00.39 | Mem:0.00M, Peak:0.00M | GLB_REIMPORT_QA, ViewLayer | Synchronizing object | PSU2_retainer_rib_302.001
Fra:1 Mem:243.54M (Peak 274.99M) | Time:00:00.39 | Mem:0.00M, Peak:0.00M | GLB_REIMPORT_QA, ViewLayer | Synchronizing object | PSU2_retainer_rib_300.001
Fra:1 Mem:243.56M (Peak 274.99M) | Time:00:00.39 | Mem:0.00M, Peak:0.00M | GLB_REIMPORT_QA, ViewLayer | Synchronizing object | PSU2_rear_internal_endcap.001
Fra:1 Mem:241.85M (Peak 274.99M) | Time:00:00.39 | Mem:0.00M, Peak:0.00M | GLB_REIMPORT_QA, ViewLayer | Synchronizing object | PSU2_OK_legend.001
Fra:1 Mem:241.86M (Peak 274.99M) | Time:00:00.39 | Mem:0.00M, Peak:0.00M | GLB_REIMPORT_QA, ViewLayer | Synchronizing object | PSU2_internal_opaque_baffle.001
Fra:1 Mem:241.86M (Peak 274.99M) | Time:00:00.39 | Mem:0.00M, Peak:0.00M | GLB_REIMPORT_QA, ViewLayer | Synchronizing object | PSU2_internal_mating_block.001
Fra:1 Mem:241.57M (Peak 274.99M) | Time:00:00.39 | Mem:0.00M, Peak:0.00M | GLB_REIMPORT_QA, ViewLayer | Synchronizing object | PSU2_inlet_vent_divider.001
Fra:1 Mem:241.88M (Peak 274.99M) | Time:00:00.39 | Mem:0.00M, Peak:0.00M | GLB_REIMPORT_QA, ViewLayer | Synchronizing object | PSU2_IEC_recessed_black_floor.001
Fra:1 Mem:241.88M (Peak 274.99M) | Time:00:00.39 | Mem:0.00M, Peak:0.00M | GLB_REIMPORT_QA, ViewLayer | Synchronizing object | PSU2_IEC_pin_2.001
Fra:1 Mem:241.30M (Peak 274.99M) | Time:00:00.39 | Mem:0.00M, Peak:0.00M | GLB_REIMPORT_QA, ViewLayer | Synchronizing object | Fan3_BLUE_release_latch_-1.001
Fra:1 Mem:241.32M (Peak 274.99M) | Time:00:00.39 | Mem:0.00M, Peak:0.00M | GLB_REIMPORT_QA, ViewLayer | Synchronizing object | Fan3_BLUE_release_latch_1.001
Fra:1 Mem:241.33M (Peak 274.99M) | Time:00:00.39 | Mem:0.00M, Peak:0.00M | GLB_REIMPORT_QA, ViewLayer | Synchronizing object | Fan3_fine_vertical_thumb_rib_-1_0.001
Fra:1 Mem:241.35M (Peak 274.99M) | Time:00:00.39 | Mem:0.00M, Peak:0.00M | GLB_REIMPORT_QA, ViewLayer | Synchronizing object | Fan3_fine_vertical_thumb_rib_-1_1.001
Fra:1 Mem:241.37M (Peak 274.99M) | Time:00:00.39 | Mem:0.00M, Peak:0.00M | GLB_REIMPORT_QA, ViewLayer | Synchronizing object | Fan3_fine_vertical_thumb_rib_-1_2.001
Fra:1 Mem:241.38M (Peak 274.99M) | Time:00:00.39 | Mem:0.00M, Peak:0.00M | GLB_REIMPORT_QA, ViewLayer | Synchronizing object | Fan3_fine_vertical_thumb_rib_-1_3.001
Fra:1 Mem:241.40M (Peak 274.99M) | Time:00:00.39 | Mem:0.00M, Peak:0.00M | GLB_REIMPORT_QA, ViewLayer | Synchronizing object | Fan3_fine_vertical_thumb_rib_-1_4.001
Fra:1 Mem:241.42M (Peak 274.99M) | Time:00:00.39 | Mem:0.00M, Peak:0.00M | GLB_REIMPORT_QA, ViewLayer | Synchronizing object | Fan3_fine_vertical_thumb_rib_-1_5.001
Fra:1 Mem:241.43M (Peak 274.99M) | Time:00:00.39 | Mem:0.00M, Peak:0.00M | GLB_REIMPORT_QA, ViewLayer | Synchronizing object | Fan3_fine_vertical_thumb_rib_-1_6.001
Fra:1 Mem:241.45M (Peak 274.99M) | Time:00:00.39 | Mem:0.00M, Peak:0.00M | GLB_REIMPORT_QA, ViewLayer | Synchronizing object | Fan3_fine_vertical_thumb_rib_-1_7.001
Fra:1 Mem:241.47M (Peak 274.99M) | Time:00:00.39 | Mem:0.00M, Peak:0.00M | GLB_REIMPORT_QA, ViewLayer | Synchronizing object | Fan3_fine_vertical_thumb_rib_-1_8.001
Fra:1 Mem:241.48M (Peak 274.99M) | Time:00:00.39 | Mem:0.00M, Peak:0.00M | GLB_REIMPORT_QA, ViewLayer | Synchronizing object | Fan3_fine_vertical_thumb_rib_-1_9.001
Fra:1 Mem:241.50M (Peak 274.99M) | Time:00:00.39 | Mem:0.00M, Peak:0.00M | GLB_REIMPORT_QA, ViewLayer | Synchronizing object | Fan3_fine_vertical_thumb_rib_1_0.001
Fra:1 Mem:241.52M (Peak 274.99M) | Time:00:00.39 | Mem:0.00M, Peak:0.00M | GLB_REIMPORT_QA, ViewLayer | Synchronizing object | Fan3_fine_vertical_thumb_rib_1_1.001
Fra:1 Mem:241.53M (Peak 274.99M) | Time:00:00.39 | Mem:0.00M, Peak:0.00M | GLB_REIMPORT_QA, ViewLayer | Synchronizing object | Fan3_fine_vertical_thumb_rib_1_2.001
Fra:1 Mem:241.55M (Peak 274.99M) | Time:00:00.39 | Mem:0.00M, Peak:0.00M | GLB_REIMPORT_QA, ViewLayer | Synchronizing object | Fan3_fine_vertical_thumb_rib_1_3.001
Fra:1 Mem:241.56M (Peak 274.99M) | Time:00:00.39 | Mem:0.00M, Peak:0.00M | GLB_REIMPORT_QA, ViewLayer | Synchronizing object | Fan3_fine_vertical_thumb_rib_1_4.001
Fra:1 Mem:241.58M (Peak 274.99M) | Time:00:00.39 | Mem:0.00M, Peak:0.00M | GLB_REIMPORT_QA, ViewLayer | Synchronizing object | Fan3_fine_vertical_thumb_rib_1_5.001
Fra:1 Mem:241.60M (Peak 274.99M) | Time:00:00.39 | Mem:0.00M, Peak:0.00M | GLB_REIMPORT_QA, ViewLayer | Synchronizing object | Fan3_fine_vertical_thumb_rib_1_6.001
Fra:1 Mem:241.61M (Peak 274.99M) | Time:00:00.39 | Mem:0.00M, Peak:0.00M | GLB_REIMPORT_QA, ViewLayer | Synchronizing object | Fan3_fine_vertical_thumb_rib_1_7.001
Fra:1 Mem:241.63M (Peak 274.99M) | Time:00:00.39 | Mem:0.00M, Peak:0.00M | GLB_REIMPORT_QA, ViewLayer | Synchronizing object | Fan3_fine_vertical_thumb_rib_1_8.001
Fra:1 Mem:241.65M (Peak 274.99M) | Time:00:00.39 | Mem:0.00M, Peak:0.00M | GLB_REIMPORT_QA, ViewLayer | Synchronizing object | Fan3_fine_vertical_thumb_rib_1_9.001
Fra:1 Mem:241.66M (Peak 274.99M) | Time:00:00.39 | Mem:0.00M, Peak:0.00M | GLB_REIMPORT_QA, ViewLayer | Synchronizing object | Fan3_flush_lock_pin_-39.001
Fra:1 Mem:241.69M (Peak 274.99M) | Time:00:00.39 | Mem:0.00M, Peak:0.00M | GLB_REIMPORT_QA, ViewLayer | Synchronizing object | Fan3_flush_lock_pin_39.001
Fra:1 Mem:241.71M (Peak 274.99M) | Time:00:00.39 | Mem:0.00M, Peak:0.00M | GLB_REIMPORT_QA, ViewLayer | Synchronizing object | Fan3_front_frame.001
Fra:1 Mem:241.78M (Peak 274.99M) | Time:00:00.39 | Mem:0.00M, Peak:0.00M | GLB_REIMPORT_QA, ViewLayer | Synchronizing object | Fan3_known_PID.001
Fra:1 Mem:241.78M (Peak 274.99M) | Time:00:00.39 | Mem:0.00M, Peak:0.00M | GLB_REIMPORT_QA, ViewLayer | Synchronizing object | PSU2_IEC_pin_0.001
Fra:1 Mem:241.91M (Peak 274.99M) | Time:00:00.39 | Mem:0.00M, Peak:0.00M | GLB_REIMPORT_QA, ViewLayer | Synchronizing object | PSU2_IEC_C14_black_inlet_housing.001
Fra:1 Mem:241.96M (Peak 274.99M) | Time:00:00.39 | Mem:0.00M, Peak:0.00M | GLB_REIMPORT_QA, ViewLayer | Synchronizing object | Fan3_latch_thumb_flare_-1.001
Fra:1 Mem:241.90M (Peak 274.99M) | Time:00:00.39 | Mem:0.00M, Peak:0.00M | GLB_REIMPORT_QA, ViewLayer | Synchronizing object | Fan3_latch_thumb_flare_1.001
Fra:1 Mem:242.22M (Peak 274.99M) | Time:00:00.39 | Mem:0.00M, Peak:0.00M | GLB_REIMPORT_QA, ViewLayer | Synchronizing object | Fan3_molded_trapezoid_pull_handle.001
Fra:1 Mem:242.10M (Peak 274.99M) | Time:00:00.39 | Mem:0.00M, Peak:0.00M | GLB_REIMPORT_QA, ViewLayer | Synchronizing object | PSU2_front_face_rim.001
Fra:1 Mem:242.35M (Peak 274.99M) | Time:00:00.39 | Mem:0.00M, Peak:0.00M | GLB_REIMPORT_QA, ViewLayer | Synchronizing object | PSU2_formed_silver_shell.001
Fra:1 Mem:242.14M (Peak 274.99M) | Time:00:00.39 | Mem:0.00M, Peak:0.00M | GLB_REIMPORT_QA, ViewLayer | Synchronizing object | Fan3_PID_label_recess.001
Fra:1 Mem:242.13M (Peak 274.99M) | Time:00:00.39 | Mem:0.00M, Peak:0.00M | GLB_REIMPORT_QA, ViewLayer | Synchronizing object | PSU2_FAIL_legend.001
Fra:1 Mem:242.19M (Peak 274.99M) | Time:00:00.39 | Mem:0.00M, Peak:0.00M | GLB_REIMPORT_QA, ViewLayer | Synchronizing object | PSU2_face_screw_24.5_4.002
Fra:1 Mem:242.18M (Peak 274.99M) | Time:00:00.39 | Mem:0.00M, Peak:0.00M | GLB_REIMPORT_QA, ViewLayer | Synchronizing object | Fan3_rear_power_contact_block_-1.001
Fra:1 Mem:242.23M (Peak 274.99M) | Time:00:00.39 | Mem:0.00M, Peak:0.00M | GLB_REIMPORT_QA, ViewLayer | Synchronizing object | Fan3_rear_power_contact_block_1.001
Fra:1 Mem:242.27M (Peak 274.99M) | Time:00:00.39 | Mem:0.00M, Peak:0.00M | GLB_REIMPORT_QA, ViewLayer | Synchronizing object | PSU2_face_screw_24.5_39.001
Fra:1 Mem:242.25M (Peak 274.99M) | Time:00:00.39 | Mem:0.00M, Peak:0.00M | GLB_REIMPORT_QA, ViewLayer | Synchronizing object | Fan3_blade_-1_0.001
Fra:1 Mem:242.27M (Peak 274.99M) | Time:00:00.39 | Mem:0.00M, Peak:0.00M | GLB_REIMPORT_QA, ViewLayer | Synchronizing object | Fan3_blade_-1_1.001
Fra:1 Mem:242.30M (Peak 274.99M) | Time:00:00.39 | Mem:0.00M, Peak:0.00M | GLB_REIMPORT_QA, ViewLayer | Synchronizing object | Fan3_blade_-1_2.001
Fra:1 Mem:242.29M (Peak 274.99M) | Time:00:00.39 | Mem:0.00M, Peak:0.00M | GLB_REIMPORT_QA, ViewLayer | Synchronizing object | Fan3_blade_-1_3.001
Fra:1 Mem:242.29M (Peak 274.99M) | Time:00:00.39 | Mem:0.00M, Peak:0.00M | GLB_REIMPORT_QA, ViewLayer | Synchronizing object | Fan3_blade_-1_4.001
Fra:1 Mem:242.27M (Peak 274.99M) | Time:00:00.39 | Mem:0.00M, Peak:0.00M | GLB_REIMPORT_QA, ViewLayer | Synchronizing object | PSU2_face_screw_-24.5_4.002
Fra:1 Mem:242.27M (Peak 274.99M) | Time:00:00.39 | Mem:0.00M, Peak:0.00M | GLB_REIMPORT_QA, ViewLayer | Synchronizing object | Fan3_blade_-1_5.001
Fra:1 Mem:242.27M (Peak 274.99M) | Time:00:00.39 | Mem:0.00M, Peak:0.00M | GLB_REIMPORT_QA, ViewLayer | Synchronizing object | Fan3_blade_-1_6.001
Fra:1 Mem:242.33M (Peak 274.99M) | Time:00:00.39 | Mem:0.00M, Peak:0.00M | GLB_REIMPORT_QA, ViewLayer | Synchronizing object | Fan3_hub_-1.001
Fra:1 Mem:242.33M (Peak 274.99M) | Time:00:00.39 | Mem:0.00M, Peak:0.00M | GLB_REIMPORT_QA, ViewLayer | Synchronizing object | PSU2_face_screw_-24.5_39.001
Fra:1 Mem:242.35M (Peak 274.99M) | Time:00:00.39 | Mem:0.00M, Peak:0.00M | GLB_REIMPORT_QA, ViewLayer | Synchronizing object | Fan3_blade_1_0.001
Fra:1 Mem:242.33M (Peak 274.99M) | Time:00:00.39 | Mem:0.00M, Peak:0.00M | GLB_REIMPORT_QA, ViewLayer | Synchronizing object | Fan3_blade_1_1.001
Fra:1 Mem:242.40M (Peak 274.99M) | Time:00:00.39 | Mem:0.00M, Peak:0.00M | GLB_REIMPORT_QA, ViewLayer | Synchronizing object | Fan3_blade_1_2.001
Fra:1 Mem:242.39M (Peak 274.99M) | Time:00:00.39 | Mem:0.00M, Peak:0.00M | GLB_REIMPORT_QA, ViewLayer | Synchronizing object | Fan3_blade_1_3.001
Fra:1 Mem:242.39M (Peak 274.99M) | Time:00:00.39 | Mem:0.00M, Peak:0.00M | GLB_REIMPORT_QA, ViewLayer | Synchronizing object | Fan3_blade_1_4.001
Fra:1 Mem:242.37M (Peak 274.99M) | Time:00:00.39 | Mem:0.00M, Peak:0.00M | GLB_REIMPORT_QA, ViewLayer | Synchronizing object | PSU2_cord_retainer_anchor.001
Fra:1 Mem:242.37M (Peak 274.99M) | Time:00:00.39 | Mem:0.00M, Peak:0.00M | GLB_REIMPORT_QA, ViewLayer | Synchronizing object | Fan3_blade_1_5.001
Fra:1 Mem:242.37M (Peak 274.99M) | Time:00:00.39 | Mem:0.00M, Peak:0.00M | GLB_REIMPORT_QA, ViewLayer | Synchronizing object | Fan3_blade_1_6.001
Fra:1 Mem:242.43M (Peak 274.99M) | Time:00:00.39 | Mem:0.00M, Peak:0.00M | GLB_REIMPORT_QA, ViewLayer | Synchronizing object | Fan3_hub_1.001
Fra:1 Mem:242.41M (Peak 274.99M) | Time:00:00.39 | Mem:0.00M, Peak:0.00M | GLB_REIMPORT_QA, ViewLayer | Synchronizing object | PSU2_BLUE_release_latch.001
Fra:1 Mem:242.41M (Peak 274.99M) | Time:00:00.39 | Mem:0.00M, Peak:0.00M | GLB_REIMPORT_QA, ViewLayer | Synchronizing object | Fan3_rotor_housing_-1.001
Fra:1 Mem:242.43M (Peak 274.99M) | Time:00:00.39 | Mem:0.00M, Peak:0.00M | GLB_REIMPORT_QA, ViewLayer | Synchronizing object | Fan3_rotor_housing_1.001
Fra:1 Mem:242.46M (Peak 274.99M) | Time:00:00.39 | Mem:0.00M, Peak:0.00M | GLB_REIMPORT_QA, ViewLayer | Synchronizing object | Fan3_top_retention_rail_-1.001
Fra:1 Mem:242.48M (Peak 274.99M) | Time:00:00.39 | Mem:0.00M, Peak:0.00M | GLB_REIMPORT_QA, ViewLayer | Synchronizing object | Fan3_top_retention_rail_1.001
Fra:1 Mem:242.51M (Peak 274.99M) | Time:00:00.39 | Mem:0.00M, Peak:0.00M | GLB_REIMPORT_QA, ViewLayer | Synchronizing object | Fan3_true_honeycomb_front_grille.001
Fra:1 Mem:243.42M (Peak 274.99M) | Time:00:00.40 | Mem:0.00M, Peak:0.00M | GLB_REIMPORT_QA, ViewLayer | Synchronizing object | PSU1_unpowered_LED_36.001
Fra:1 Mem:243.43M (Peak 274.99M) | Time:00:00.40 | Mem:0.00M, Peak:0.00M | GLB_REIMPORT_QA, ViewLayer | Synchronizing object | PSU1_unpowered_LED_32.001
Fra:1 Mem:243.44M (Peak 274.99M) | Time:00:00.40 | Mem:0.00M, Peak:0.00M | GLB_REIMPORT_QA, ViewLayer | Synchronizing object | PSU1_true_hex_cooling_vents.001
Fra:1 Mem:248.91M (Peak 274.99M) | Time:00:00.41 | Mem:0.00M, Peak:0.00M | GLB_REIMPORT_QA, ViewLayer | Synchronizing object | PSU1_stowed_nylon_retention_loop.001
Fra:1 Mem:248.93M (Peak 274.99M) | Time:00:00.41 | Mem:0.00M, Peak:0.00M | GLB_REIMPORT_QA, ViewLayer | Synchronizing object | PSU1_silver_U_pull_handle.001
Fra:1 Mem:249.15M (Peak 274.99M) | Time:00:00.42 | Mem:0.00M, Peak:0.00M | GLB_REIMPORT_QA, ViewLayer | Synchronizing object | PSU1_retainer_rib_315.001
Fra:1 Mem:249.16M (Peak 274.99M) | Time:00:00.42 | Mem:0.00M, Peak:0.00M | GLB_REIMPORT_QA, ViewLayer | Synchronizing object | PSU1_retainer_rib_313.001
Fra:1 Mem:249.18M (Peak 274.99M) | Time:00:00.42 | Mem:0.00M, Peak:0.00M | GLB_REIMPORT_QA, ViewLayer | Synchronizing object | PSU1_retainer_rib_311.001
Fra:1 Mem:249.20M (Peak 274.99M) | Time:00:00.42 | Mem:0.00M, Peak:0.00M | GLB_REIMPORT_QA, ViewLayer | Synchronizing object | PSU1_retainer_rib_308.001
Fra:1 Mem:249.21M (Peak 274.99M) | Time:00:00.42 | Mem:0.00M, Peak:0.00M | GLB_REIMPORT_QA, ViewLayer | Synchronizing object | PSU1_retainer_rib_306.001
Fra:1 Mem:249.23M (Peak 274.99M) | Time:00:00.42 | Mem:0.00M, Peak:0.00M | GLB_REIMPORT_QA, ViewLayer | Synchronizing object | PSU1_retainer_rib_304.001
Fra:1 Mem:249.25M (Peak 274.99M) | Time:00:00.42 | Mem:0.00M, Peak:0.00M | GLB_REIMPORT_QA, ViewLayer | Synchronizing object | PSU1_retainer_rib_302.001
Fra:1 Mem:249.26M (Peak 274.99M) | Time:00:00.42 | Mem:0.00M, Peak:0.00M | GLB_REIMPORT_QA, ViewLayer | Synchronizing object | PSU1_retainer_rib_300.001
Fra:1 Mem:247.54M (Peak 274.99M) | Time:00:00.42 | Mem:0.00M, Peak:0.00M | GLB_REIMPORT_QA, ViewLayer | Synchronizing object | PSU1_rear_internal_endcap.001
Fra:1 Mem:246.99M (Peak 274.99M) | Time:00:00.42 | Mem:0.00M, Peak:0.00M | GLB_REIMPORT_QA, ViewLayer | Synchronizing object | Cisco_brand_wordmark.001
Fra:1 Mem:246.96M (Peak 274.99M) | Time:00:00.42 | Mem:0.00M, Peak:0.00M | GLB_REIMPORT_QA, ViewLayer | Synchronizing object | PSU1_OK_legend.001
Fra:1 Mem:246.98M (Peak 274.99M) | Time:00:00.42 | Mem:0.00M, Peak:0.00M | GLB_REIMPORT_QA, ViewLayer | Synchronizing object | PSU1_internal_opaque_baffle.001
Fra:1 Mem:247.04M (Peak 274.99M) | Time:00:00.42 | Mem:0.00M, Peak:0.00M | GLB_REIMPORT_QA, ViewLayer | Synchronizing object | PSU1_internal_mating_block.001
Fra:1 Mem:247.04M (Peak 274.99M) | Time:00:00.42 | Mem:0.00M, Peak:0.00M | GLB_REIMPORT_QA, ViewLayer | Synchronizing object | PSU1_inlet_vent_divider.001
Fra:1 Mem:247.04M (Peak 274.99M) | Time:00:00.42 | Mem:0.00M, Peak:0.00M | GLB_REIMPORT_QA, ViewLayer | Synchronizing object | Cisco_bridge_bar_1.001
Fra:1 Mem:247.04M (Peak 274.99M) | Time:00:00.42 | Mem:0.00M, Peak:0.00M | GLB_REIMPORT_QA, ViewLayer | Synchronizing object | PSU1_IEC_recessed_black_floor.001
Fra:1 Mem:247.07M (Peak 274.99M) | Time:00:00.42 | Mem:0.00M, Peak:0.00M | GLB_REIMPORT_QA, ViewLayer | Synchronizing object | PSU1_IEC_pin_2.001
Fra:1 Mem:247.06M (Peak 274.99M) | Time:00:00.42 | Mem:0.00M, Peak:0.00M | GLB_REIMPORT_QA, ViewLayer | Synchronizing object | Cisco_bridge_bar_2.001
Fra:1 Mem:247.11M (Peak 274.99M) | Time:00:00.42 | Mem:0.00M, Peak:0.00M | GLB_REIMPORT_QA, ViewLayer | Synchronizing object | Cisco_bridge_bar_3.001
Fra:1 Mem:247.11M (Peak 274.99M) | Time:00:00.42 | Mem:0.00M, Peak:0.00M | GLB_REIMPORT_QA, ViewLayer | Synchronizing object | PSU1_IEC_pin_1.001
Fra:1 Mem:247.16M (Peak 274.99M) | Time:00:00.42 | Mem:0.00M, Peak:0.00M | GLB_REIMPORT_QA, ViewLayer | Synchronizing object | Cisco_bridge_bar_4.001
Fra:1 Mem:247.16M (Peak 274.99M) | Time:00:00.42 | Mem:0.00M, Peak:0.00M | GLB_REIMPORT_QA, ViewLayer | Synchronizing object | PSU1_IEC_pin_0.001
Fra:1 Mem:247.14M (Peak 274.99M) | Time:00:00.42 | Mem:0.00M, Peak:0.00M | GLB_REIMPORT_QA, ViewLayer | Synchronizing object | Cisco_bridge_bar_5.001
Fra:1 Mem:247.18M (Peak 274.99M) | Time:00:00.42 | Mem:0.00M, Peak:0.00M | GLB_REIMPORT_QA, ViewLayer | Synchronizing object | Cisco_bridge_bar_6.001
Fra:1 Mem:247.20M (Peak 274.99M) | Time:00:00.42 | Mem:0.00M, Peak:0.00M | GLB_REIMPORT_QA, ViewLayer | Synchronizing object | PSU1_IEC_C14_black_inlet_housing.001
Fra:1 Mem:247.23M (Peak 274.99M) | Time:00:00.42 | Mem:0.00M, Peak:0.00M | GLB_REIMPORT_QA, ViewLayer | Synchronizing object | Cisco_bridge_bar_7.001
Fra:1 Mem:247.33M (Peak 274.99M) | Time:00:00.42 | Mem:0.00M, Peak:0.00M | GLB_REIMPORT_QA, ViewLayer | Synchronizing object | Cisco_bridge_bar_8.001
Fra:1 Mem:247.34M (Peak 274.99M) | Time:00:00.42 | Mem:0.00M, Peak:0.00M | GLB_REIMPORT_QA, ViewLayer | Synchronizing object | Cisco_bridge_bar_9.001
Fra:1 Mem:247.28M (Peak 274.99M) | Time:00:00.42 | Mem:0.00M, Peak:0.00M | GLB_REIMPORT_QA, ViewLayer | Synchronizing object | Cisco_product_family_line_1.001
Fra:1 Mem:247.46M (Peak 274.99M) | Time:00:00.42 | Mem:0.00M, Peak:0.00M | GLB_REIMPORT_QA, ViewLayer | Synchronizing object | Cisco_product_family_line_2.001
Fra:1 Mem:247.39M (Peak 274.99M) | Time:00:00.42 | Mem:0.00M, Peak:0.00M | GLB_REIMPORT_QA, ViewLayer | Synchronizing object | PSU1_front_face_rim.001
Fra:1 Mem:247.46M (Peak 274.99M) | Time:00:00.42 | Mem:0.00M, Peak:0.00M | GLB_REIMPORT_QA, ViewLayer | Synchronizing object | Correct_factory_PID.001
Fra:1 Mem:247.53M (Peak 274.99M) | Time:00:00.42 | Mem:0.00M, Peak:0.00M | GLB_REIMPORT_QA, ViewLayer | Synchronizing object | PSU1_formed_silver_shell.001
Fra:1 Mem:247.56M (Peak 274.99M) | Time:00:00.42 | Mem:0.00M, Peak:0.00M | GLB_REIMPORT_QA, ViewLayer | Synchronizing object | PSU1_FAIL_legend.001
Fra:1 Mem:247.56M (Peak 274.99M) | Time:00:00.42 | Mem:0.00M, Peak:0.00M | GLB_REIMPORT_QA, ViewLayer | Synchronizing object | FRONT_1_legend.001
Fra:1 Mem:247.55M (Peak 274.99M) | Time:00:00.42 | Mem:0.00M, Peak:0.00M | GLB_REIMPORT_QA, ViewLayer | Synchronizing object | PSU1_face_screw_24.5_4.002
Fra:1 Mem:247.58M (Peak 274.99M) | Time:00:00.42 | Mem:0.00M, Peak:0.00M | GLB_REIMPORT_QA, ViewLayer | Synchronizing object | FRONT_1_unpowered_lens.001
Fra:1 Mem:247.62M (Peak 274.99M) | Time:00:00.42 | Mem:0.00M, Peak:0.00M | GLB_REIMPORT_QA, ViewLayer | Synchronizing object | PSU1_face_screw_24.5_39.001
Fra:1 Mem:247.61M (Peak 274.99M) | Time:00:00.42 | Mem:0.00M, Peak:0.00M | GLB_REIMPORT_QA, ViewLayer | Synchronizing object | FRONT_2_legend.001
Fra:1 Mem:247.62M (Peak 274.99M) | Time:00:00.42 | Mem:0.00M, Peak:0.00M | GLB_REIMPORT_QA, ViewLayer | Synchronizing object | FRONT_2_unpowered_lens.001
Fra:1 Mem:247.65M (Peak 274.99M) | Time:00:00.42 | Mem:0.00M, Peak:0.00M | GLB_REIMPORT_QA, ViewLayer | Synchronizing object | FRONT_3_legend.001
Fra:1 Mem:247.66M (Peak 274.99M) | Time:00:00.42 | Mem:0.00M, Peak:0.00M | GLB_REIMPORT_QA, ViewLayer | Synchronizing object | FRONT_3_unpowered_lens.001
Fra:1 Mem:247.69M (Peak 274.99M) | Time:00:00.42 | Mem:0.00M, Peak:0.00M | GLB_REIMPORT_QA, ViewLayer | Synchronizing object | FRONT_4_legend.001
Fra:1 Mem:247.69M (Peak 274.99M) | Time:00:00.42 | Mem:0.00M, Peak:0.00M | GLB_REIMPORT_QA, ViewLayer | Synchronizing object | FRONT_4_unpowered_lens.001
Fra:1 Mem:247.72M (Peak 274.99M) | Time:00:00.42 | Mem:0.00M, Peak:0.00M | GLB_REIMPORT_QA, ViewLayer | Synchronizing object | FRONT_BCN_legend.001
Fra:1 Mem:247.74M (Peak 274.99M) | Time:00:00.43 | Mem:0.00M, Peak:0.00M | GLB_REIMPORT_QA, ViewLayer | Synchronizing object | FRONT_BCN_unpowered_lens.001
Fra:1 Mem:247.77M (Peak 274.99M) | Time:00:00.43 | Mem:0.00M, Peak:0.00M | GLB_REIMPORT_QA, ViewLayer | Synchronizing object | FRONT_ENV_legend.001
Fra:1 Mem:247.78M (Peak 274.99M) | Time:00:00.43 | Mem:0.00M, Peak:0.00M | GLB_REIMPORT_QA, ViewLayer | Synchronizing object | FRONT_ENV_unpowered_lens.001
Fra:1 Mem:247.80M (Peak 274.99M) | Time:00:00.43 | Mem:0.00M, Peak:0.00M | GLB_REIMPORT_QA, ViewLayer | Synchronizing object | FRONT_STS_legend.001
Fra:1 Mem:247.83M (Peak 274.99M) | Time:00:00.43 | Mem:0.00M, Peak:0.00M | GLB_REIMPORT_QA, ViewLayer | Synchronizing object | FRONT_STS_unpowered_lens.001
Fra:1 Mem:247.86M (Peak 274.99M) | Time:00:00.43 | Mem:0.00M, Peak:0.00M | GLB_REIMPORT_QA, ViewLayer | Synchronizing object | LS_selector_black_surround.001
Fra:1 Mem:247.90M (Peak 274.99M) | Time:00:00.43 | Mem:0.00M, Peak:0.00M | GLB_REIMPORT_QA, ViewLayer | Synchronizing object | LS_selector_metal_button.001
Fra:1 Mem:248.19M (Peak 274.99M) | Time:00:00.43 | Mem:0.00M, Peak:0.00M | GLB_REIMPORT_QA, ViewLayer | Synchronizing object | PSU1_face_screw_-24.5_4.002
Fra:1 Mem:248.03M (Peak 274.99M) | Time:00:00.43 | Mem:0.00M, Peak:0.00M | GLB_REIMPORT_QA, ViewLayer | Synchronizing object | PSU1_face_screw_-24.5_39.001
Fra:1 Mem:248.59M (Peak 274.99M) | Time:00:00.43 | Mem:0.00M, Peak:0.00M | GLB_REIMPORT_QA, ViewLayer | Synchronizing object | PSU1_cord_retainer_anchor.001
Fra:1 Mem:248.64M (Peak 274.99M) | Time:00:00.43 | Mem:0.00M, Peak:0.00M | GLB_REIMPORT_QA, ViewLayer | Synchronizing object | PSU1_BLUE_release_latch.001
Fra:1 Mem:248.73M (Peak 274.99M) | Time:00:00.43 | Mem:0.00M, Peak:0.00M | GLB_REIMPORT_QA, ViewLayer | Synchronizing object | Port_face_solid_punched_panel.001
Fra:1 Mem:252.36M (Peak 274.99M) | Time:00:00.43 | Mem:0.00M, Peak:0.00M | GLB_REIMPORT_QA, ViewLayer | Synchronizing object | LS_selector_text.001
Fra:1 Mem:252.38M (Peak 274.99M) | Time:00:00.43 | Mem:0.00M, Peak:0.00M | GLB_REIMPORT_QA, ViewLayer | Synchronizing object | Original_photo_top_chassis_label.001
Fra:1 Mem:252.38M (Peak 274.99M) | Time:00:00.43 | Mem:0.00M, Peak:0.00M | GLB_REIMPORT_QA, ViewLayer | Synchronizing object | PORT_NUMBER_01.001
Fra:1 Mem:252.38M (Peak 274.99M) | Time:00:00.43 | Mem:0.00M, Peak:0.00M | GLB_REIMPORT_QA, ViewLayer | Synchronizing object | PORT_NUMBER_02.001
Fra:1 Mem:252.39M (Peak 274.99M) | Time:00:00.43 | Mem:0.00M, Peak:0.00M | GLB_REIMPORT_QA, ViewLayer | Synchronizing object | PORT_NUMBER_03.001
Fra:1 Mem:252.40M (Peak 274.99M) | Time:00:00.43 | Mem:0.00M, Peak:0.00M | GLB_REIMPORT_QA, ViewLayer | Synchronizing object | PORT_NUMBER_04.001
Fra:1 Mem:252.40M (Peak 274.99M) | Time:00:00.43 | Mem:0.00M, Peak:0.00M | GLB_REIMPORT_QA, ViewLayer | Synchronizing object | PORT_NUMBER_05.001
Fra:1 Mem:252.41M (Peak 274.99M) | Time:00:00.43 | Mem:0.00M, Peak:0.00M | GLB_REIMPORT_QA, ViewLayer | Synchronizing object | PORT_NUMBER_06.001
Fra:1 Mem:252.42M (Peak 274.99M) | Time:00:00.43 | Mem:0.00M, Peak:0.00M | GLB_REIMPORT_QA, ViewLayer | Synchronizing object | PORT_NUMBER_07.001
Fra:1 Mem:252.42M (Peak 274.99M) | Time:00:00.43 | Mem:0.00M, Peak:0.00M | GLB_REIMPORT_QA, ViewLayer | Synchronizing object | PORT_NUMBER_08.001
Fra:1 Mem:252.44M (Peak 274.99M) | Time:00:00.43 | Mem:0.00M, Peak:0.00M | GLB_REIMPORT_QA, ViewLayer | Synchronizing object | PORT_NUMBER_09.001
Fra:1 Mem:252.45M (Peak 274.99M) | Time:00:00.43 | Mem:0.00M, Peak:0.00M | GLB_REIMPORT_QA, ViewLayer | Synchronizing object | PORT_NUMBER_10.001
Fra:1 Mem:252.46M (Peak 274.99M) | Time:00:00.43 | Mem:0.00M, Peak:0.00M | GLB_REIMPORT_QA, ViewLayer | Synchronizing object | PORT_NUMBER_11.001
Fra:1 Mem:252.46M (Peak 274.99M) | Time:00:00.43 | Mem:0.00M, Peak:0.00M | GLB_REIMPORT_QA, ViewLayer | Synchronizing object | PORT_NUMBER_12.001
Fra:1 Mem:252.47M (Peak 274.99M) | Time:00:00.43 | Mem:0.00M, Peak:0.00M | GLB_REIMPORT_QA, ViewLayer | Synchronizing object | PORT_NUMBER_13.001
Fra:1 Mem:252.48M (Peak 274.99M) | Time:00:00.43 | Mem:0.00M, Peak:0.00M | GLB_REIMPORT_QA, ViewLayer | Synchronizing object | PORT_NUMBER_14.001
Fra:1 Mem:252.49M (Peak 274.99M) | Time:00:00.43 | Mem:0.00M, Peak:0.00M | GLB_REIMPORT_QA, ViewLayer | Synchronizing object | PORT_NUMBER_15.001
Fra:1 Mem:252.50M (Peak 274.99M) | Time:00:00.43 | Mem:0.00M, Peak:0.00M | GLB_REIMPORT_QA, ViewLayer | Synchronizing object | PORT_NUMBER_16.001
Fra:1 Mem:252.51M (Peak 274.99M) | Time:00:00.43 | Mem:0.00M, Peak:0.00M | GLB_REIMPORT_QA, ViewLayer | Synchronizing object | PORT_NUMBER_17.001
Fra:1 Mem:252.51M (Peak 274.99M) | Time:00:00.43 | Mem:0.00M, Peak:0.00M | GLB_REIMPORT_QA, ViewLayer | Synchronizing object | PORT_NUMBER_18.001
Fra:1 Mem:252.53M (Peak 274.99M) | Time:00:00.43 | Mem:0.00M, Peak:0.00M | GLB_REIMPORT_QA, ViewLayer | Synchronizing object | PORT_NUMBER_19.001
Fra:1 Mem:252.54M (Peak 274.99M) | Time:00:00.43 | Mem:0.00M, Peak:0.00M | GLB_REIMPORT_QA, ViewLayer | Synchronizing object | PORT_NUMBER_20.001
Fra:1 Mem:252.56M (Peak 274.99M) | Time:00:00.43 | Mem:0.00M, Peak:0.00M | GLB_REIMPORT_QA, ViewLayer | Synchronizing object | PORT_NUMBER_21.001
Fra:1 Mem:252.57M (Peak 274.99M) | Time:00:00.43 | Mem:0.00M, Peak:0.00M | GLB_REIMPORT_QA, ViewLayer | Synchronizing object | PORT_NUMBER_22.001
Fra:1 Mem:252.58M (Peak 274.99M) | Time:00:00.43 | Mem:0.00M, Peak:0.00M | GLB_REIMPORT_QA, ViewLayer | Synchronizing object | PORT_NUMBER_23.001
Fra:1 Mem:252.60M (Peak 274.99M) | Time:00:00.43 | Mem:0.00M, Peak:0.00M | GLB_REIMPORT_QA, ViewLayer | Synchronizing object | PORT_NUMBER_24.001
Fra:1 Mem:252.62M (Peak 274.99M) | Time:00:00.43 | Mem:0.00M, Peak:0.00M | GLB_REIMPORT_QA, ViewLayer | Synchronizing object | PORT_NUMBER_25.001
Fra:1 Mem:252.63M (Peak 274.99M) | Time:00:00.43 | Mem:0.00M, Peak:0.00M | GLB_REIMPORT_QA, ViewLayer | Synchronizing object | PORT_NUMBER_26.001
Fra:1 Mem:252.65M (Peak 274.99M) | Time:00:00.43 | Mem:0.00M, Peak:0.00M | GLB_REIMPORT_QA, ViewLayer | Synchronizing object | PORT_NUMBER_27.001
Fra:1 Mem:252.66M (Peak 274.99M) | Time:00:00.43 | Mem:0.00M, Peak:0.00M | GLB_REIMPORT_QA, ViewLayer | Synchronizing object | PORT_NUMBER_28.001
Fra:1 Mem:252.68M (Peak 274.99M) | Time:00:00.43 | Mem:0.00M, Peak:0.00M | GLB_REIMPORT_QA, ViewLayer | Synchronizing object | PORT_NUMBER_29.001
Fra:1 Mem:252.70M (Peak 274.99M) | Time:00:00.43 | Mem:0.00M, Peak:0.00M | GLB_REIMPORT_QA, ViewLayer | Synchronizing object | PORT_NUMBER_30.001
Fra:1 Mem:252.72M (Peak 274.99M) | Time:00:00.43 | Mem:0.00M, Peak:0.00M | GLB_REIMPORT_QA, ViewLayer | Synchronizing object | PORT_NUMBER_31.001
Fra:1 Mem:252.74M (Peak 274.99M) | Time:00:00.43 | Mem:0.00M, Peak:0.00M | GLB_REIMPORT_QA, ViewLayer | Synchronizing object | PORT_NUMBER_32.001
Fra:1 Mem:252.76M (Peak 274.99M) | Time:00:00.43 | Mem:0.00M, Peak:0.00M | GLB_REIMPORT_QA, ViewLayer | Synchronizing object | PORT_NUMBER_33.001
Fra:1 Mem:252.78M (Peak 274.99M) | Time:00:00.43 | Mem:0.00M, Peak:0.00M | GLB_REIMPORT_QA, ViewLayer | Synchronizing object | PORT_NUMBER_34.001
Fra:1 Mem:252.79M (Peak 274.99M) | Time:00:00.43 | Mem:0.00M, Peak:0.00M | GLB_REIMPORT_QA, ViewLayer | Synchronizing object | PORT_NUMBER_35.001
Fra:1 Mem:252.81M (Peak 274.99M) | Time:00:00.43 | Mem:0.00M, Peak:0.00M | GLB_REIMPORT_QA, ViewLayer | Synchronizing object | PORT_NUMBER_36.001
Fra:1 Mem:252.83M (Peak 274.99M) | Time:00:00.43 | Mem:0.00M, Peak:0.00M | GLB_REIMPORT_QA, ViewLayer | Synchronizing object | Port_pair_10_direction_-1.001
Fra:1 Mem:252.83M (Peak 274.99M) | Time:00:00.43 | Mem:0.00M, Peak:0.00M | GLB_REIMPORT_QA, ViewLayer | Synchronizing object | Port_pair_10_direction_1.001
Fra:1 Mem:252.84M (Peak 274.99M) | Time:00:00.43 | Mem:0.00M, Peak:0.00M | GLB_REIMPORT_QA, ViewLayer | Synchronizing object | Port_pair_11_direction_-1.001
Fra:1 Mem:252.84M (Peak 274.99M) | Time:00:00.43 | Mem:0.00M, Peak:0.00M | GLB_REIMPORT_QA, ViewLayer | Synchronizing object | Port_pair_11_direction_1.001
Fra:1 Mem:252.84M (Peak 274.99M) | Time:00:00.43 | Mem:0.00M, Peak:0.00M | GLB_REIMPORT_QA, ViewLayer | Synchronizing object | Port_pair_12_direction_-1.001
Fra:1 Mem:252.84M (Peak 274.99M) | Time:00:00.43 | Mem:0.00M, Peak:0.00M | GLB_REIMPORT_QA, ViewLayer | Synchronizing object | Port_pair_12_direction_1.001
Fra:1 Mem:252.84M (Peak 274.99M) | Time:00:00.43 | Mem:0.00M, Peak:0.00M | GLB_REIMPORT_QA, ViewLayer | Synchronizing object | Port_pair_13_direction_-1.001
Fra:1 Mem:252.84M (Peak 274.99M) | Time:00:00.43 | Mem:0.00M, Peak:0.00M | GLB_REIMPORT_QA, ViewLayer | Synchronizing object | Port_pair_13_direction_1.001
Fra:1 Mem:252.84M (Peak 274.99M) | Time:00:00.43 | Mem:0.00M, Peak:0.00M | GLB_REIMPORT_QA, ViewLayer | Synchronizing object | Port_pair_14_direction_-1.001
Fra:1 Mem:252.84M (Peak 274.99M) | Time:00:00.43 | Mem:0.00M, Peak:0.00M | GLB_REIMPORT_QA, ViewLayer | Synchronizing object | Port_pair_14_direction_1.001
Fra:1 Mem:252.85M (Peak 274.99M) | Time:00:00.43 | Mem:0.00M, Peak:0.00M | GLB_REIMPORT_QA, ViewLayer | Synchronizing object | Port_pair_15_direction_-1.001
Fra:1 Mem:252.85M (Peak 274.99M) | Time:00:00.43 | Mem:0.00M, Peak:0.00M | GLB_REIMPORT_QA, ViewLayer | Synchronizing object | Port_pair_15_direction_1.001
Fra:1 Mem:252.85M (Peak 274.99M) | Time:00:00.43 | Mem:0.00M, Peak:0.00M | GLB_REIMPORT_QA, ViewLayer | Synchronizing object | Port_pair_16_direction_-1.001
Fra:1 Mem:252.85M (Peak 274.99M) | Time:00:00.43 | Mem:0.00M, Peak:0.00M | GLB_REIMPORT_QA, ViewLayer | Synchronizing object | Port_pair_16_direction_1.001
Fra:1 Mem:252.85M (Peak 274.99M) | Time:00:00.43 | Mem:0.00M, Peak:0.00M | GLB_REIMPORT_QA, ViewLayer | Synchronizing object | Port_pair_17_direction_-1.001
Fra:1 Mem:252.85M (Peak 274.99M) | Time:00:00.43 | Mem:0.00M, Peak:0.00M | GLB_REIMPORT_QA, ViewLayer | Synchronizing object | Port_pair_17_direction_1.001
Fra:1 Mem:252.85M (Peak 274.99M) | Time:00:00.43 | Mem:0.00M, Peak:0.00M | GLB_REIMPORT_QA, ViewLayer | Synchronizing object | Port_pair_18_direction_-1.001
Fra:1 Mem:252.85M (Peak 274.99M) | Time:00:00.43 | Mem:0.00M, Peak:0.00M | GLB_REIMPORT_QA, ViewLayer | Synchronizing object | Port_pair_18_direction_1.001
Fra:1 Mem:252.86M (Peak 274.99M) | Time:00:00.43 | Mem:0.00M, Peak:0.00M | GLB_REIMPORT_QA, ViewLayer | Synchronizing object | Port_pair_1_direction_-1.001
Fra:1 Mem:252.86M (Peak 274.99M) | Time:00:00.43 | Mem:0.00M, Peak:0.00M | GLB_REIMPORT_QA, ViewLayer | Synchronizing object | Port_pair_1_direction_1.001
Fra:1 Mem:252.86M (Peak 274.99M) | Time:00:00.43 | Mem:0.00M, Peak:0.00M | GLB_REIMPORT_QA, ViewLayer | Synchronizing object | Port_pair_2_direction_-1.001
Fra:1 Mem:252.86M (Peak 274.99M) | Time:00:00.43 | Mem:0.00M, Peak:0.00M | GLB_REIMPORT_QA, ViewLayer | Synchronizing object | Port_pair_2_direction_1.001
Fra:1 Mem:252.86M (Peak 274.99M) | Time:00:00.43 | Mem:0.00M, Peak:0.00M | GLB_REIMPORT_QA, ViewLayer | Synchronizing object | Port_pair_3_direction_-1.001
Fra:1 Mem:252.86M (Peak 274.99M) | Time:00:00.43 | Mem:0.00M, Peak:0.00M | GLB_REIMPORT_QA, ViewLayer | Synchronizing object | Port_pair_3_direction_1.001
Fra:1 Mem:252.86M (Peak 274.99M) | Time:00:00.43 | Mem:0.00M, Peak:0.00M | GLB_REIMPORT_QA, ViewLayer | Synchronizing object | Port_pair_4_direction_-1.001
Fra:1 Mem:252.86M (Peak 274.99M) | Time:00:00.43 | Mem:0.00M, Peak:0.00M | GLB_REIMPORT_QA, ViewLayer | Synchronizing object | Port_pair_4_direction_1.001
Fra:1 Mem:252.87M (Peak 274.99M) | Time:00:00.43 | Mem:0.00M, Peak:0.00M | GLB_REIMPORT_QA, ViewLayer | Synchronizing object | Port_pair_5_direction_-1.001
Fra:1 Mem:252.87M (Peak 274.99M) | Time:00:00.43 | Mem:0.00M, Peak:0.00M | GLB_REIMPORT_QA, ViewLayer | Synchronizing object | Port_pair_5_direction_1.001
Fra:1 Mem:252.87M (Peak 274.99M) | Time:00:00.43 | Mem:0.00M, Peak:0.00M | GLB_REIMPORT_QA, ViewLayer | Synchronizing object | Port_pair_6_direction_-1.001
Fra:1 Mem:252.87M (Peak 274.99M) | Time:00:00.43 | Mem:0.00M, Peak:0.00M | GLB_REIMPORT_QA, ViewLayer | Synchronizing object | Port_pair_6_direction_1.001
Fra:1 Mem:252.87M (Peak 274.99M) | Time:00:00.43 | Mem:0.00M, Peak:0.00M | GLB_REIMPORT_QA, ViewLayer | Synchronizing object | Port_pair_7_direction_-1.001
Fra:1 Mem:252.87M (Peak 274.99M) | Time:00:00.43 | Mem:0.00M, Peak:0.00M | GLB_REIMPORT_QA, ViewLayer | Synchronizing object | Port_pair_7_direction_1.001
Fra:1 Mem:252.87M (Peak 274.99M) | Time:00:00.43 | Mem:0.00M, Peak:0.00M | GLB_REIMPORT_QA, ViewLayer | Synchronizing object | Port_pair_8_direction_-1.001
Fra:1 Mem:252.87M (Peak 274.99M) | Time:00:00.43 | Mem:0.00M, Peak:0.00M | GLB_REIMPORT_QA, ViewLayer | Synchronizing object | Port_pair_8_direction_1.001
Fra:1 Mem:252.88M (Peak 274.99M) | Time:00:00.43 | Mem:0.00M, Peak:0.00M | GLB_REIMPORT_QA, ViewLayer | Synchronizing object | Port_pair_9_direction_-1.001
Fra:1 Mem:252.88M (Peak 274.99M) | Time:00:00.43 | Mem:0.00M, Peak:0.00M | GLB_REIMPORT_QA, ViewLayer | Synchronizing object | Port_pair_9_direction_1.001
Fra:1 Mem:252.88M (Peak 274.99M) | Time:00:00.43 | Mem:0.00M, Peak:0.00M | GLB_REIMPORT_QA, ViewLayer | Synchronizing object | INFERRED_Bottom_folded_sheet.001
Fra:1 Mem:252.90M (Peak 274.99M) | Time:00:00.43 | Mem:0.00M, Peak:0.00M | GLB_REIMPORT_QA, ViewLayer | Synchronizing object | Interior_under_port_vent_baffle.001
Fra:1 Mem:252.90M (Peak 274.99M) | Time:00:00.43 | Mem:0.00M, Peak:0.00M | GLB_REIMPORT_QA, ViewLayer | Synchronizing object | LEFT_sidewall_with_mounting_provisions.001
Fra:1 Mem:253.25M (Peak 274.99M) | Time:00:00.44 | Mem:0.00M, Peak:0.00M | GLB_REIMPORT_QA, ViewLayer | Synchronizing object | Lid_flush_Phillips_-132_190.001
Fra:1 Mem:253.29M (Peak 274.99M) | Time:00:00.44 | Mem:0.00M, Peak:0.00M | GLB_REIMPORT_QA, ViewLayer | Synchronizing object | Lid_port_edge_fold.001
Fra:1 Mem:253.31M (Peak 274.99M) | Time:00:00.44 | Mem:0.00M, Peak:0.00M | GLB_REIMPORT_QA, ViewLayer | Synchronizing object | Lid_staggered_punched_vent_2028_through_holes.001
Fra:1 Mem:363.64M (Peak 369.76M) | Time:00:00.90 | Mem:0.00M, Peak:0.00M | GLB_REIMPORT_QA, ViewLayer | Synchronizing object | RIGHT_ear_M4_-284_32.001
Fra:1 Mem:363.67M (Peak 369.76M) | Time:00:00.90 | Mem:0.00M, Peak:0.00M | GLB_REIMPORT_QA, ViewLayer | Synchronizing object | RIGHT_ear_M4_-284_10.001
Fra:1 Mem:363.71M (Peak 369.76M) | Time:00:00.90 | Mem:0.00M, Peak:0.00M | GLB_REIMPORT_QA, ViewLayer | Synchronizing object | RIGHT_ear_M4_-256_32.001
Fra:1 Mem:363.74M (Peak 369.76M) | Time:00:00.90 | Mem:0.00M, Peak:0.00M | GLB_REIMPORT_QA, ViewLayer | Synchronizing object | RIGHT_ear_M4_-256_10.001
Fra:1 Mem:363.77M (Peak 369.76M) | Time:00:00.90 | Mem:0.00M, Peak:0.00M | GLB_REIMPORT_QA, ViewLayer | Synchronizing object | RIGHT_EAR_bent_opaque_solid_with_true_bores.001
Fra:1 Mem:307.01M (Peak 369.76M) | Time:00:00.93 | Mem:0.00M, Peak:0.00M | GLB_REIMPORT_QA, ViewLayer | Synchronizing object | LEFT_ear_M4_-284_32.001
Fra:1 Mem:307.04M (Peak 369.76M) | Time:00:00.93 | Mem:0.00M, Peak:0.00M | GLB_REIMPORT_QA, ViewLayer | Synchronizing object | LEFT_ear_M4_-284_10.001
Fra:1 Mem:307.08M (Peak 369.76M) | Time:00:00.93 | Mem:0.00M, Peak:0.00M | GLB_REIMPORT_QA, ViewLayer | Synchronizing object | LEFT_ear_M4_-256_32.001
Fra:1 Mem:307.11M (Peak 369.76M) | Time:00:00.93 | Mem:0.00M, Peak:0.00M | GLB_REIMPORT_QA, ViewLayer | Synchronizing object | LEFT_ear_M4_-256_10.001
Fra:1 Mem:307.15M (Peak 369.76M) | Time:00:00.93 | Mem:0.00M, Peak:0.00M | GLB_REIMPORT_QA, ViewLayer | Synchronizing object | LEFT_EAR_bent_opaque_solid_with_true_bores.001
Fra:1 Mem:304.20M (Peak 369.76M) | Time:00:00.94 | Mem:0.00M, Peak:0.00M | GLB_REIMPORT_QA, ViewLayer | Synchronizing object | Lid_vent_side_border_1.001
Fra:1 Mem:304.20M (Peak 369.76M) | Time:00:00.94 | Mem:0.00M, Peak:0.00M | GLB_REIMPORT_QA, ViewLayer | Synchronizing object | Lid_vent_side_border_-1.001
Fra:1 Mem:315.32M (Peak 369.76M) | Time:00:01.57 | Mem:0.00M, Peak:0.00M | GLB_REIMPORT_QA, ViewLayer | Initializing
Fra:1 Mem:310.86M (Peak 369.76M) | Time:00:01.58 | Mem:0.00M, Peak:0.00M | GLB_REIMPORT_QA, ViewLayer | Updating Images | Loading zinc-plated-brackets-roughness.001
Fra:1 Mem:311.86M (Peak 369.76M) | Time:00:01.58 | Mem:0.00M, Peak:0.00M | GLB_REIMPORT_QA, ViewLayer | Updating Images | Loading cage-stainless-steel-roughness.001
Fra:1 Mem:312.88M (Peak 369.76M) | Time:00:01.59 | Mem:1.00M, Peak:1.00M | GLB_REIMPORT_QA, ViewLayer | Updating Images | Loading chassis-satin-nickel-roughness.001
Fra:1 Mem:313.88M (Peak 369.76M) | Time:00:01.60 | Mem:2.00M, Peak:2.00M | GLB_REIMPORT_QA, ViewLayer | Updating Images | Loading metal-micro-normal.001
Fra:1 Mem:314.88M (Peak 369.76M) | Time:00:01.61 | Mem:3.00M, Peak:3.00M | GLB_REIMPORT_QA, ViewLayer | Updating Images | Loading original-chassis-label-512x768
Fra:1 Mem:316.38M (Peak 369.76M) | Time:00:01.61 | Mem:4.00M, Peak:4.00M | GLB_REIMPORT_QA, ViewLayer | Updating Images | Loading fastener-steel-roughness.001
Fra:1 Mem:317.38M (Peak 369.76M) | Time:00:01.62 | Mem:5.00M, Peak:5.00M | GLB_REIMPORT_QA, ViewLayer | Updating Images | Loading dark-grille-metal-roughness.001
Fra:1 Mem:284.59M (Peak 369.76M) | Time:00:01.66 | Mem:7.50M, Peak:7.50M | GLB_REIMPORT_QA, ViewLayer | Waiting for render to start
Fra:1 Mem:284.59M (Peak 369.76M) | Time:00:01.66 | Mem:7.50M, Peak:7.50M | GLB_REIMPORT_QA, ViewLayer | Loading render kernels (may take a few minutes the first time)
Fra:1 Mem:284.59M (Peak 369.76M) | Time:00:01.66 | Mem:7.50M, Peak:7.50M | GLB_REIMPORT_QA, ViewLayer | Updating Scene
Fra:1 Mem:284.59M (Peak 369.76M) | Time:00:01.66 | Mem:7.50M, Peak:7.50M | GLB_REIMPORT_QA, ViewLayer | Updating Shaders
Fra:1 Mem:284.68M (Peak 369.76M) | Time:00:01.67 | Mem:7.51M, Peak:7.51M | GLB_REIMPORT_QA, ViewLayer | Updating Procedurals
Fra:1 Mem:284.68M (Peak 369.76M) | Time:00:01.67 | Mem:7.51M, Peak:7.51M | GLB_REIMPORT_QA, ViewLayer | Updating Background
Fra:1 Mem:284.68M (Peak 369.76M) | Time:00:01.67 | Mem:7.51M, Peak:7.51M | GLB_REIMPORT_QA, ViewLayer | Updating Camera
Fra:1 Mem:284.68M (Peak 369.76M) | Time:00:01.67 | Mem:7.51M, Peak:7.51M | GLB_REIMPORT_QA, ViewLayer | Updating Meshes Flags
Fra:1 Mem:284.68M (Peak 369.76M) | Time:00:01.67 | Mem:7.51M, Peak:7.51M | GLB_REIMPORT_QA, ViewLayer | Updating Objects
Fra:1 Mem:284.68M (Peak 369.76M) | Time:00:01.67 | Mem:7.51M, Peak:7.51M | GLB_REIMPORT_QA, ViewLayer | Updating Objects | Copying Transformations to device
Fra:1 Mem:284.91M (Peak 369.76M) | Time:00:01.67 | Mem:7.73M, Peak:7.73M | GLB_REIMPORT_QA, ViewLayer | Updating Objects | Applying Static Transformations
Fra:1 Mem:284.91M (Peak 369.76M) | Time:00:01.67 | Mem:7.73M, Peak:7.73M | GLB_REIMPORT_QA, ViewLayer | Updating Particle Systems
Fra:1 Mem:284.91M (Peak 369.76M) | Time:00:01.67 | Mem:7.73M, Peak:7.73M | GLB_REIMPORT_QA, ViewLayer | Updating Particle Systems | Copying Particles to device
Fra:1 Mem:284.91M (Peak 369.76M) | Time:00:01.67 | Mem:7.73M, Peak:7.73M | GLB_REIMPORT_QA, ViewLayer | Updating Meshes
Fra:1 Mem:290.80M (Peak 369.76M) | Time:00:01.71 | Mem:7.73M, Peak:7.73M | GLB_REIMPORT_QA, ViewLayer | Updating Mesh | Computing attributes
Fra:1 Mem:328.03M (Peak 369.76M) | Time:00:01.79 | Mem:7.77M, Peak:7.77M | GLB_REIMPORT_QA, ViewLayer | Updating Mesh | Copying Attributes to device
Fra:1 Mem:327.91M (Peak 369.76M) | Time:00:01.79 | Mem:44.84M, Peak:44.84M | GLB_REIMPORT_QA, ViewLayer | Updating Geometry BVH Port01_connector_contact_surround.001 1/30 | Building BVH
Fra:1 Mem:327.91M (Peak 369.76M) | Time:00:01.79 | Mem:44.84M, Peak:44.84M | GLB_REIMPORT_QA, ViewLayer | Updating Geometry BVH Port01_connector_contact_surround.001 1/30 | Building BVH 0%
Fra:1 Mem:327.91M (Peak 369.76M) | Time:00:01.79 | Mem:44.85M, Peak:44.86M | GLB_REIMPORT_QA, ViewLayer | Updating Geometry BVH Port01_guide_-1_-4.001 2/30 | Building BVH
Fra:1 Mem:327.91M (Peak 369.76M) | Time:00:01.79 | Mem:44.86M, Peak:44.87M | GLB_REIMPORT_QA, ViewLayer | Updating Geometry BVH Port01_guide_-1_4.001 3/30 | Building BVH
Fra:1 Mem:327.91M (Peak 369.76M) | Time:00:01.79 | Mem:44.87M, Peak:44.88M | GLB_REIMPORT_QA, ViewLayer | Updating Geometry BVH Port01_guide_1_-4.001 4/30 | Building BVH
Fra:1 Mem:327.91M (Peak 369.76M) | Time:00:01.79 | Mem:44.88M, Peak:44.89M | GLB_REIMPORT_QA, ViewLayer | Updating Geometry BVH Port01_guide_1_4.001 5/30 | Building BVH
Fra:1 Mem:327.91M (Peak 369.76M) | Time:00:01.79 | Mem:44.89M, Peak:44.90M | GLB_REIMPORT_QA, ViewLayer | Updating Geometry BVH Port01_recessed_connector_stop.001 6/30 | Building BVH
Fra:1 Mem:327.91M (Peak 369.76M) | Time:00:01.79 | Mem:44.90M, Peak:44.91M | GLB_REIMPORT_QA, ViewLayer | Updating Geometry BVH Port01_spring_-1_-2.001 7/30 | Building BVH
Fra:1 Mem:327.91M (Peak 369.76M) | Time:00:01.79 | Mem:44.91M, Peak:44.92M | GLB_REIMPORT_QA, ViewLayer | Updating Geometry BVH Port01_spring_-1_0.001 8/30 | Building BVH
Fra:1 Mem:327.91M (Peak 369.76M) | Time:00:01.79 | Mem:44.92M, Peak:44.93M | GLB_REIMPORT_QA, ViewLayer | Updating Geometry BVH Port01_spring_-1_2.001 9/30 | Building BVH
Fra:1 Mem:327.91M (Peak 369.76M) | Time:00:01.79 | Mem:44.93M, Peak:44.94M | GLB_REIMPORT_QA, ViewLayer | Updating Geometry BVH Port01_spring_1_-2.001 10/30 | Building BVH
Fra:1 Mem:327.91M (Peak 369.76M) | Time:00:01.79 | Mem:44.94M, Peak:44.95M | GLB_REIMPORT_QA, ViewLayer | Updating Geometry BVH Port01_spring_1_0.001 11/30 | Building BVH
Fra:1 Mem:327.91M (Peak 369.76M) | Time:00:01.79 | Mem:44.95M, Peak:44.96M | GLB_REIMPORT_QA, ViewLayer | Updating Geometry BVH Port01_spring_1_2.001 12/30 | Building BVH
Fra:1 Mem:327.91M (Peak 369.76M) | Time:00:01.79 | Mem:44.96M, Peak:44.97M | GLB_REIMPORT_QA, ViewLayer | Updating Geometry BVH Port01_subtle_recessed_contact_row.001 13/30 | Building BVH
Fra:1 Mem:327.91M (Peak 369.76M) | Time:00:01.79 | Mem:44.98M, Peak:44.99M | GLB_REIMPORT_QA, ViewLayer | Updating Geometry BVH Port02_connector_contact_surround.001 14/30 | Building BVH
Fra:1 Mem:327.91M (Peak 369.76M) | Time:00:01.79 | Mem:45.00M, Peak:45.00M | GLB_REIMPORT_QA, ViewLayer | Updating Geometry BVH Port02_guide_-1_-4.001 15/30 | Building BVH
Fra:1 Mem:327.91M (Peak 369.76M) | Time:00:01.79 | Mem:45.01M, Peak:45.01M | GLB_REIMPORT_QA, ViewLayer | Updating Geometry BVH Port02_guide_-1_4.001 16/30 | Building BVH
Fra:1 Mem:327.91M (Peak 369.76M) | Time:00:01.79 | Mem:45.02M, Peak:45.02M | GLB_REIMPORT_QA, ViewLayer | Updating Geometry BVH Port02_guide_1_-4.001 17/30 | Building BVH
Fra:1 Mem:327.91M (Peak 369.76M) | Time:00:01.79 | Mem:45.03M, Peak:45.03M | GLB_REIMPORT_QA, ViewLayer | Updating Geometry BVH Port02_guide_1_4.001 18/30 | Building BVH
Fra:1 Mem:327.91M (Peak 369.76M) | Time:00:01.79 | Mem:45.04M, Peak:45.04M | GLB_REIMPORT_QA, ViewLayer | Updating Geometry BVH Port02_recessed_connector_stop.001 19/30 | Building BVH
Fra:1 Mem:327.91M (Peak 369.76M) | Time:00:01.79 | Mem:45.05M, Peak:45.05M | GLB_REIMPORT_QA, ViewLayer | Updating Geometry BVH Port02_spring_-1_-2.001 20/30 | Building BVH
Fra:1 Mem:327.91M (Peak 369.76M) | Time:00:01.79 | Mem:45.06M, Peak:45.06M | GLB_REIMPORT_QA, ViewLayer | Updating Geometry BVH Port02_spring_-1_0.001 21/30 | Building BVH
Fra:1 Mem:327.91M (Peak 369.76M) | Time:00:01.79 | Mem:45.07M, Peak:45.07M | GLB_REIMPORT_QA, ViewLayer | Updating Geometry BVH Port02_spring_-1_2.001 22/30 | Building BVH
Fra:1 Mem:327.91M (Peak 369.76M) | Time:00:01.79 | Mem:45.08M, Peak:45.08M | GLB_REIMPORT_QA, ViewLayer | Updating Geometry BVH Port02_spring_1_-2.001 23/30 | Building BVH
Fra:1 Mem:327.91M (Peak 369.76M) | Time:00:01.79 | Mem:45.09M, Peak:45.09M | GLB_REIMPORT_QA, ViewLayer | Updating Geometry BVH Port02_spring_1_0.001 24/30 | Building BVH
Fra:1 Mem:327.91M (Peak 369.76M) | Time:00:01.79 | Mem:45.10M, Peak:45.10M | GLB_REIMPORT_QA, ViewLayer | Updating Geometry BVH Port02_spring_1_2.001 25/30 | Building BVH
Fra:1 Mem:327.91M (Peak 369.76M) | Time:00:01.79 | Mem:45.11M, Peak:45.11M | GLB_REIMPORT_QA, ViewLayer | Updating Geometry BVH Port02_subtle_recessed_contact_row.001 26/30 | Building BVH
Fra:1 Mem:327.91M (Peak 369.76M) | Time:00:01.79 | Mem:45.13M, Peak:45.13M | GLB_REIMPORT_QA, ViewLayer | Updating Geometry BVH Pair01_front_separator_true_perforations.001 27/30 | Building BVH
Fra:1 Mem:327.91M (Peak 369.76M) | Time:00:01.79 | Mem:45.29M, Peak:45.36M | GLB_REIMPORT_QA, ViewLayer | Updating Geometry BVH Pair01_internal_cooling_shelf.001 28/30 | Building BVH
Fra:1 Mem:327.91M (Peak 369.76M) | Time:00:01.79 | Mem:45.29M, Peak:45.36M | GLB_REIMPORT_QA, ViewLayer | Updating Geometry BVH Pair01_stainless_shell_29mm_deep.001 29/30 | Building BVH
Fra:1 Mem:327.91M (Peak 369.76M) | Time:00:01.79 | Mem:45.30M, Peak:45.36M | GLB_REIMPORT_QA, ViewLayer | Updating Geometry BVH Lid_flush_Phillips_00.001 30/30 | Building BVH
Fra:1 Mem:327.91M (Peak 369.76M) | Time:00:01.79 | Mem:45.31M, Peak:45.36M | GLB_REIMPORT_QA, ViewLayer | Updating Scene BVH | Building
Fra:1 Mem:327.92M (Peak 369.76M) | Time:00:01.79 | Mem:45.31M, Peak:45.36M | GLB_REIMPORT_QA, ViewLayer | Updating Scene BVH | Building BVH
Fra:1 Mem:327.92M (Peak 369.76M) | Time:00:01.99 | Mem:69.71M, Peak:81.32M | GLB_REIMPORT_QA, ViewLayer | Updating Scene BVH | Copying BVH to device
Fra:1 Mem:327.92M (Peak 369.76M) | Time:00:01.99 | Mem:69.71M, Peak:81.32M | GLB_REIMPORT_QA, ViewLayer | Updating Mesh | Computing normals
Fra:1 Mem:369.98M (Peak 369.98M) | Time:00:02.05 | Mem:69.71M, Peak:81.32M | GLB_REIMPORT_QA, ViewLayer | Updating Mesh | Copying Mesh to device
Fra:1 Mem:369.98M (Peak 369.98M) | Time:00:02.05 | Mem:111.77M, Peak:111.77M | GLB_REIMPORT_QA, ViewLayer | Updating Objects Flags
Fra:1 Mem:369.98M (Peak 369.98M) | Time:00:02.05 | Mem:111.78M, Peak:111.78M | GLB_REIMPORT_QA, ViewLayer | Updating Primitive Offsets
Fra:1 Mem:369.98M (Peak 369.98M) | Time:00:02.05 | Mem:111.78M, Peak:111.78M | GLB_REIMPORT_QA, ViewLayer | Updating Images
Fra:1 Mem:369.98M (Peak 369.98M) | Time:00:02.05 | Mem:111.78M, Peak:111.78M | GLB_REIMPORT_QA, ViewLayer | Updating Camera Volume
Fra:1 Mem:369.98M (Peak 369.98M) | Time:00:02.05 | Mem:111.78M, Peak:111.78M | GLB_REIMPORT_QA, ViewLayer | Updating Lookup Tables
Fra:1 Mem:369.98M (Peak 369.98M) | Time:00:02.05 | Mem:111.86M, Peak:111.86M | GLB_REIMPORT_QA, ViewLayer | Updating Lights
Fra:1 Mem:369.98M (Peak 369.98M) | Time:00:02.05 | Mem:111.86M, Peak:111.86M | GLB_REIMPORT_QA, ViewLayer | Updating Lights | Computing distribution
Fra:1 Mem:369.98M (Peak 369.98M) | Time:00:02.05 | Mem:111.86M, Peak:111.86M | GLB_REIMPORT_QA, ViewLayer | Updating Lights | Computing tree
Fra:1 Mem:369.99M (Peak 369.99M) | Time:00:02.05 | Mem:111.87M, Peak:111.87M | GLB_REIMPORT_QA, ViewLayer | Updating Integrator
Fra:1 Mem:370.99M (Peak 370.99M) | Time:00:02.05 | Mem:112.87M, Peak:112.87M | GLB_REIMPORT_QA, ViewLayer | Updating Film
Fra:1 Mem:371.00M (Peak 371.00M) | Time:00:02.05 | Mem:112.79M, Peak:112.87M | GLB_REIMPORT_QA, ViewLayer | Updating Lookup Tables
Fra:1 Mem:371.00M (Peak 371.00M) | Time:00:02.05 | Mem:112.88M, Peak:112.88M | GLB_REIMPORT_QA, ViewLayer | Updating Baking
Fra:1 Mem:371.00M (Peak 371.00M) | Time:00:02.05 | Mem:112.88M, Peak:112.88M | GLB_REIMPORT_QA, ViewLayer | Updating Device | Writing constant memory
Fra:1 Mem:371.01M (Peak 371.01M) | Time:00:02.05 | Mem:112.88M, Peak:112.88M | GLB_REIMPORT_QA, ViewLayer | Sample 0/40
Fra:1 Mem:377.88M (Peak 377.88M) | Time:00:02.34 | Remaining:00:11.19 | Mem:119.75M, Peak:119.75M | GLB_REIMPORT_QA, ViewLayer | Sample 1/40
Fra:1 Mem:380.94M (Peak 387.04M) | Time:00:07.68 | Mem:119.75M, Peak:119.75M | GLB_REIMPORT_QA, ViewLayer | Sample 40/40
Fra:1 Mem:380.94M (Peak 387.04M) | Time:00:07.68 | Mem:119.75M, Peak:119.75M | GLB_REIMPORT_QA, ViewLayer | Finished
Saved: '/root/Project/rack-device-3d/Cisco-N9KC9336C-FX2/v001/qa/glb-shell-left-transparent.png'
Time: 00:07.79 (Saving: 00:00.06)

SHELL_ALPHA glb left
Fra:1 Mem:228.82M (Peak 263.92M) | Time:00:00.28 | Mem:0.00M, Peak:0.00M | GLB_REIMPORT_QA, ViewLayer | Synchronizing object | Port01_connector_contact_surround.001
Fra:1 Mem:228.85M (Peak 263.92M) | Time:00:00.28 | Mem:0.00M, Peak:0.00M | GLB_REIMPORT_QA, ViewLayer | Synchronizing object | Port01_guide_-1_-4.001
Fra:1 Mem:228.89M (Peak 263.92M) | Time:00:00.28 | Mem:0.00M, Peak:0.00M | GLB_REIMPORT_QA, ViewLayer | Synchronizing object | Port01_guide_-1_4.001
Fra:1 Mem:228.92M (Peak 263.92M) | Time:00:00.28 | Mem:0.00M, Peak:0.00M | GLB_REIMPORT_QA, ViewLayer | Synchronizing object | Port01_guide_1_-4.001
Fra:1 Mem:228.95M (Peak 263.92M) | Time:00:00.28 | Mem:0.00M, Peak:0.00M | GLB_REIMPORT_QA, ViewLayer | Synchronizing object | Port01_guide_1_4.001
Fra:1 Mem:228.98M (Peak 263.92M) | Time:00:00.28 | Mem:0.00M, Peak:0.00M | GLB_REIMPORT_QA, ViewLayer | Synchronizing object | Port01_recessed_connector_stop.001
Fra:1 Mem:229.00M (Peak 263.92M) | Time:00:00.28 | Mem:0.00M, Peak:0.00M | GLB_REIMPORT_QA, ViewLayer | Synchronizing object | Port01_spring_-1_-2.001
Fra:1 Mem:229.03M (Peak 263.92M) | Time:00:00.28 | Mem:0.00M, Peak:0.00M | GLB_REIMPORT_QA, ViewLayer | Synchronizing object | Port01_spring_-1_0.001
Fra:1 Mem:229.10M (Peak 263.92M) | Time:00:00.29 | Mem:0.00M, Peak:0.00M | GLB_REIMPORT_QA, ViewLayer | Synchronizing object | Port01_spring_-1_2.001
Fra:1 Mem:229.14M (Peak 263.92M) | Time:00:00.29 | Mem:0.00M, Peak:0.00M | GLB_REIMPORT_QA, ViewLayer | Synchronizing object | Port01_spring_1_-2.001
Fra:1 Mem:229.16M (Peak 263.92M) | Time:00:00.29 | Mem:0.00M, Peak:0.00M | GLB_REIMPORT_QA, ViewLayer | Synchronizing object | Port01_spring_1_0.001
Fra:1 Mem:229.19M (Peak 263.92M) | Time:00:00.29 | Mem:0.00M, Peak:0.00M | GLB_REIMPORT_QA, ViewLayer | Synchronizing object | Port01_spring_1_2.001
Fra:1 Mem:229.22M (Peak 263.92M) | Time:00:00.29 | Mem:0.00M, Peak:0.00M | GLB_REIMPORT_QA, ViewLayer | Synchronizing object | Port01_subtle_recessed_contact_row.001
Fra:1 Mem:229.26M (Peak 263.92M) | Time:00:00.29 | Mem:0.00M, Peak:0.00M | GLB_REIMPORT_QA, ViewLayer | Synchronizing object | Port02_connector_contact_surround.001
Fra:1 Mem:229.28M (Peak 263.92M) | Time:00:00.29 | Mem:0.00M, Peak:0.00M | GLB_REIMPORT_QA, ViewLayer | Synchronizing object | Port02_guide_-1_-4.001
Fra:1 Mem:229.31M (Peak 263.92M) | Time:00:00.29 | Mem:0.00M, Peak:0.00M | GLB_REIMPORT_QA, ViewLayer | Synchronizing object | Port02_guide_-1_4.001
Fra:1 Mem:229.34M (Peak 263.92M) | Time:00:00.29 | Mem:0.00M, Peak:0.00M | GLB_REIMPORT_QA, ViewLayer | Synchronizing object | Port02_guide_1_-4.001
Fra:1 Mem:229.37M (Peak 263.92M) | Time:00:00.29 | Mem:0.00M, Peak:0.00M | GLB_REIMPORT_QA, ViewLayer | Synchronizing object | Port02_guide_1_4.001
Fra:1 Mem:229.40M (Peak 263.92M) | Time:00:00.29 | Mem:0.00M, Peak:0.00M | GLB_REIMPORT_QA, ViewLayer | Synchronizing object | Port02_recessed_connector_stop.001
Fra:1 Mem:229.41M (Peak 263.92M) | Time:00:00.29 | Mem:0.00M, Peak:0.00M | GLB_REIMPORT_QA, ViewLayer | Synchronizing object | Port02_spring_-1_-2.001
Fra:1 Mem:229.44M (Peak 263.92M) | Time:00:00.29 | Mem:0.00M, Peak:0.00M | GLB_REIMPORT_QA, ViewLayer | Synchronizing object | Port02_spring_-1_0.001
Fra:1 Mem:229.48M (Peak 263.92M) | Time:00:00.29 | Mem:0.00M, Peak:0.00M | GLB_REIMPORT_QA, ViewLayer | Synchronizing object | Top_lid_main_sheet.001
Fra:1 Mem:229.47M (Peak 263.92M) | Time:00:00.29 | Mem:0.00M, Peak:0.00M | GLB_REIMPORT_QA, ViewLayer | Synchronizing object | Port02_spring_-1_2.001
Fra:1 Mem:229.58M (Peak 263.92M) | Time:00:00.29 | Mem:0.00M, Peak:0.00M | GLB_REIMPORT_QA, ViewLayer | Synchronizing object | Port02_spring_1_-2.001
Fra:1 Mem:229.86M (Peak 263.92M) | Time:00:00.29 | Mem:0.00M, Peak:0.00M | GLB_REIMPORT_QA, ViewLayer | Synchronizing object | Port02_spring_1_0.001
Fra:1 Mem:229.89M (Peak 263.92M) | Time:00:00.29 | Mem:0.00M, Peak:0.00M | GLB_REIMPORT_QA, ViewLayer | Synchronizing object | Port02_spring_1_2.001
Fra:1 Mem:229.66M (Peak 263.92M) | Time:00:00.29 | Mem:0.00M, Peak:0.00M | GLB_REIMPORT_QA, ViewLayer | Synchronizing object | Port02_subtle_recessed_contact_row.001
Fra:1 Mem:230.05M (Peak 263.92M) | Time:00:00.29 | Mem:0.00M, Peak:0.00M | GLB_REIMPORT_QA, ViewLayer | Synchronizing object | RIGHT_sidewall_with_mounting_provisions.001
Fra:1 Mem:230.09M (Peak 263.92M) | Time:00:00.30 | Mem:0.00M, Peak:0.00M | GLB_REIMPORT_QA, ViewLayer | Synchronizing object | Pair01_front_separator_true_perforations.001
Fra:1 Mem:231.43M (Peak 263.92M) | Time:00:00.30 | Mem:0.00M, Peak:0.00M | GLB_REIMPORT_QA, ViewLayer | Synchronizing object | Rear_side_rim_218.001
Fra:1 Mem:231.44M (Peak 263.92M) | Time:00:00.30 | Mem:0.00M, Peak:0.00M | GLB_REIMPORT_QA, ViewLayer | Synchronizing object | Rear_side_rim_-218.001
Fra:1 Mem:231.44M (Peak 263.92M) | Time:00:00.30 | Mem:0.00M, Peak:0.00M | GLB_REIMPORT_QA, ViewLayer | Synchronizing object | USB_symbol_stem.001
Fra:1 Mem:231.44M (Peak 263.92M) | Time:00:00.30 | Mem:0.00M, Peak:0.00M | GLB_REIMPORT_QA, ViewLayer | Synchronizing object | USB_symbol_branch_B.001
Fra:1 Mem:231.45M (Peak 263.92M) | Time:00:00.30 | Mem:0.00M, Peak:0.00M | GLB_REIMPORT_QA, ViewLayer | Synchronizing object | USB_symbol_branch_A.001
Fra:1 Mem:231.45M (Peak 263.92M) | Time:00:00.30 | Mem:0.00M, Peak:0.00M | GLB_REIMPORT_QA, ViewLayer | Synchronizing object | SFP_management_symbol_node_1.001
Fra:1 Mem:231.65M (Peak 263.92M) | Time:00:00.30 | Mem:0.00M, Peak:0.00M | GLB_REIMPORT_QA, ViewLayer | Synchronizing object | SFP_management_symbol_node_0.001
Fra:1 Mem:231.68M (Peak 263.92M) | Time:00:00.30 | Mem:0.00M, Peak:0.00M | GLB_REIMPORT_QA, ViewLayer | Synchronizing object | SFP_management_symbol_node_-1.001
Fra:1 Mem:231.81M (Peak 263.92M) | Time:00:00.30 | Mem:0.00M, Peak:0.00M | GLB_REIMPORT_QA, ViewLayer | Synchronizing object | SFP_management_symbol_line.007
Fra:1 Mem:231.08M (Peak 263.92M) | Time:00:00.30 | Mem:0.00M, Peak:0.00M | GLB_REIMPORT_QA, ViewLayer | Synchronizing object | SFP_management_symbol_line.006
Fra:1 Mem:231.08M (Peak 263.92M) | Time:00:00.30 | Mem:0.00M, Peak:0.00M | GLB_REIMPORT_QA, ViewLayer | Synchronizing object | SFP_management_symbol_line.005
Fra:1 Mem:231.08M (Peak 263.92M) | Time:00:00.30 | Mem:0.00M, Peak:0.00M | GLB_REIMPORT_QA, ViewLayer | Synchronizing object | SFP_management_symbol_line.004
Fra:1 Mem:231.08M (Peak 263.92M) | Time:00:00.30 | Mem:0.00M, Peak:0.00M | GLB_REIMPORT_QA, ViewLayer | Synchronizing object | RJ45_management_symbol_node_1.001
Fra:1 Mem:231.11M (Peak 263.92M) | Time:00:00.30 | Mem:0.00M, Peak:0.00M | GLB_REIMPORT_QA, ViewLayer | Synchronizing object | RJ45_management_symbol_node_0.001
Fra:1 Mem:231.13M (Peak 263.92M) | Time:00:00.30 | Mem:0.00M, Peak:0.00M | GLB_REIMPORT_QA, ViewLayer | Synchronizing object | RJ45_management_symbol_node_-1.001
Fra:1 Mem:231.16M (Peak 263.92M) | Time:00:00.30 | Mem:0.00M, Peak:0.00M | GLB_REIMPORT_QA, ViewLayer | Synchronizing object | RJ45_management_symbol_line.007
Fra:1 Mem:231.16M (Peak 263.92M) | Time:00:00.30 | Mem:0.00M, Peak:0.00M | GLB_REIMPORT_QA, ViewLayer | Synchronizing object | RJ45_management_symbol_line.006
Fra:1 Mem:231.16M (Peak 263.92M) | Time:00:00.30 | Mem:0.00M, Peak:0.00M | GLB_REIMPORT_QA, ViewLayer | Synchronizing object | RJ45_management_symbol_line.005
Fra:1 Mem:231.16M (Peak 263.92M) | Time:00:00.30 | Mem:0.00M, Peak:0.00M | GLB_REIMPORT_QA, ViewLayer | Synchronizing object | RJ45_management_symbol_line.004
Fra:1 Mem:231.17M (Peak 263.92M) | Time:00:00.30 | Mem:0.00M, Peak:0.00M | GLB_REIMPORT_QA, ViewLayer | Synchronizing object | USB_A_metal_shell.001
Fra:1 Mem:231.20M (Peak 263.92M) | Time:00:00.30 | Mem:0.00M, Peak:0.00M | GLB_REIMPORT_QA, ViewLayer | Synchronizing object | USB_A_deep_stop.001
Fra:1 Mem:231.20M (Peak 263.92M) | Time:00:00.30 | Mem:0.00M, Peak:0.00M | GLB_REIMPORT_QA, ViewLayer | Synchronizing object | USB_A_contact_3.001
Fra:1 Mem:231.22M (Peak 263.92M) | Time:00:00.30 | Mem:0.00M, Peak:0.00M | GLB_REIMPORT_QA, ViewLayer | Synchronizing object | USB_A_contact_2.001
Fra:1 Mem:231.24M (Peak 263.92M) | Time:00:00.30 | Mem:0.00M, Peak:0.00M | GLB_REIMPORT_QA, ViewLayer | Synchronizing object | USB_A_contact_1.001
Fra:1 Mem:231.25M (Peak 263.92M) | Time:00:00.30 | Mem:0.00M, Peak:0.00M | GLB_REIMPORT_QA, ViewLayer | Synchronizing object | USB_A_contact_0.001
Fra:1 Mem:231.27M (Peak 263.92M) | Time:00:00.30 | Mem:0.00M, Peak:0.00M | GLB_REIMPORT_QA, ViewLayer | Synchronizing object | USB_A_black_tongue.001
Fra:1 Mem:231.29M (Peak 263.92M) | Time:00:00.30 | Mem:0.00M, Peak:0.00M | GLB_REIMPORT_QA, ViewLayer | Synchronizing object | REAR_STS_unpowered_indicator.001
Fra:1 Mem:231.30M (Peak 263.92M) | Time:00:00.30 | Mem:0.00M, Peak:0.00M | GLB_REIMPORT_QA, ViewLayer | Synchronizing object | REAR_STS_legend.001
Fra:1 Mem:231.33M (Peak 263.92M) | Time:00:00.30 | Mem:0.00M, Peak:0.00M | GLB_REIMPORT_QA, ViewLayer | Synchronizing object | Rear_service_retention_screw.001
Fra:1 Mem:231.37M (Peak 263.92M) | Time:00:00.30 | Mem:0.00M, Peak:0.00M | GLB_REIMPORT_QA, ViewLayer | Synchronizing object | Rear_service_panel_true_apertures.001
Fra:1 Mem:231.42M (Peak 263.92M) | Time:00:00.30 | Mem:0.00M, Peak:0.00M | GLB_REIMPORT_QA, ViewLayer | Synchronizing object | Rear_P2_arrow_legend.001
Fra:1 Mem:231.43M (Peak 263.92M) | Time:00:00.30 | Mem:0.00M, Peak:0.00M | GLB_REIMPORT_QA, ViewLayer | Synchronizing object | Mgmt_SFP_recessed_connector_stop.001
Fra:1 Mem:231.54M (Peak 263.92M) | Time:00:00.30 | Mem:0.00M, Peak:0.00M | GLB_REIMPORT_QA, ViewLayer | Synchronizing object | Mgmt_SFP_guide_5.001
Fra:1 Mem:231.75M (Peak 263.92M) | Time:00:00.30 | Mem:0.00M, Peak:0.00M | GLB_REIMPORT_QA, ViewLayer | Synchronizing object | Mgmt_SFP_guide_-5.001
Fra:1 Mem:231.77M (Peak 263.92M) | Time:00:00.30 | Mem:0.00M, Peak:0.00M | GLB_REIMPORT_QA, ViewLayer | Synchronizing object | Mgmt_SFP_deep_metal_cage.001
Fra:1 Mem:231.81M (Peak 263.92M) | Time:00:00.30 | Mem:0.00M, Peak:0.00M | GLB_REIMPORT_QA, ViewLayer | Synchronizing object | Mgmt_SFP_contact_9.001
Fra:1 Mem:231.81M (Peak 263.92M) | Time:00:00.30 | Mem:0.00M, Peak:0.00M | GLB_REIMPORT_QA, ViewLayer | Synchronizing object | Mgmt_SFP_contact_8.001
Fra:1 Mem:231.81M (Peak 263.92M) | Time:00:00.30 | Mem:0.00M, Peak:0.00M | GLB_REIMPORT_QA, ViewLayer | Synchronizing object | Mgmt_SFP_contact_7.001
Fra:1 Mem:231.82M (Peak 263.92M) | Time:00:00.30 | Mem:0.00M, Peak:0.00M | GLB_REIMPORT_QA, ViewLayer | Synchronizing object | Mgmt_SFP_contact_6.001
Fra:1 Mem:231.82M (Peak 263.92M) | Time:00:00.30 | Mem:0.00M, Peak:0.00M | GLB_REIMPORT_QA, ViewLayer | Synchronizing object | Mgmt_SFP_contact_5.001
Fra:1 Mem:231.82M (Peak 263.92M) | Time:00:00.30 | Mem:0.00M, Peak:0.00M | GLB_REIMPORT_QA, ViewLayer | Synchronizing object | Mgmt_SFP_contact_4.001
Fra:1 Mem:231.82M (Peak 263.92M) | Time:00:00.30 | Mem:0.00M, Peak:0.00M | GLB_REIMPORT_QA, ViewLayer | Synchronizing object | Mgmt_SFP_contact_3.001
Fra:1 Mem:231.82M (Peak 263.92M) | Time:00:00.30 | Mem:0.00M, Peak:0.00M | GLB_REIMPORT_QA, ViewLayer | Synchronizing object | Mgmt_SFP_contact_2.001
Fra:1 Mem:231.83M (Peak 263.92M) | Time:00:00.30 | Mem:0.00M, Peak:0.00M | GLB_REIMPORT_QA, ViewLayer | Synchronizing object | Mgmt_SFP_contact_1.001
Fra:1 Mem:231.83M (Peak 263.92M) | Time:00:00.30 | Mem:0.00M, Peak:0.00M | GLB_REIMPORT_QA, ViewLayer | Synchronizing object | Mgmt_SFP_contact_0.001
Fra:1 Mem:231.83M (Peak 263.92M) | Time:00:00.30 | Mem:0.00M, Peak:0.00M | GLB_REIMPORT_QA, ViewLayer | Synchronizing object | MANAGEMENT_RJ45_unpowered_corner_LED_5.001
Fra:1 Mem:231.85M (Peak 263.92M) | Time:00:00.30 | Mem:0.00M, Peak:0.00M | GLB_REIMPORT_QA, ViewLayer | Synchronizing object | MANAGEMENT_RJ45_unpowered_corner_LED_-5.001
Fra:1 Mem:231.86M (Peak 263.92M) | Time:00:00.30 | Mem:0.00M, Peak:0.00M | GLB_REIMPORT_QA, ViewLayer | Synchronizing object | MANAGEMENT_RJ45_metal_shield.001
Fra:1 Mem:231.51M (Peak 263.92M) | Time:00:00.30 | Mem:0.00M, Peak:0.00M | GLB_REIMPORT_QA, ViewLayer | Synchronizing object | Pair01_internal_cooling_shelf.001
Fra:1 Mem:231.52M (Peak 263.92M) | Time:00:00.30 | Mem:0.00M, Peak:0.00M | GLB_REIMPORT_QA, ViewLayer | Synchronizing object | Pair01_stainless_shell_29mm_deep.001
Fra:1 Mem:231.52M (Peak 263.92M) | Time:00:00.30 | Mem:0.00M, Peak:0.00M | GLB_REIMPORT_QA, ViewLayer | Synchronizing object | MANAGEMENT_RJ45_keyed_plastic_body.001
Fra:1 Mem:231.56M (Peak 263.92M) | Time:00:00.30 | Mem:0.00M, Peak:0.00M | GLB_REIMPORT_QA, ViewLayer | Synchronizing object | MANAGEMENT_RJ45_deep_connector_stop.001
Fra:1 Mem:231.55M (Peak 263.92M) | Time:00:00.30 | Mem:0.00M, Peak:0.00M | GLB_REIMPORT_QA, ViewLayer | Synchronizing object | MANAGEMENT_RJ45_contact_7.001
Fra:1 Mem:231.56M (Peak 263.92M) | Time:00:00.30 | Mem:0.00M, Peak:0.00M | GLB_REIMPORT_QA, ViewLayer | Synchronizing object | Fan1_BLUE_release_latch_-1.001
Fra:1 Mem:231.55M (Peak 263.92M) | Time:00:00.30 | Mem:0.00M, Peak:0.00M | GLB_REIMPORT_QA, ViewLayer | Synchronizing object | MANAGEMENT_RJ45_contact_6.001
Fra:1 Mem:231.58M (Peak 263.92M) | Time:00:00.30 | Mem:0.00M, Peak:0.00M | GLB_REIMPORT_QA, ViewLayer | Synchronizing object | Fan1_BLUE_release_latch_1.001
Fra:1 Mem:231.58M (Peak 263.92M) | Time:00:00.30 | Mem:0.00M, Peak:0.00M | GLB_REIMPORT_QA, ViewLayer | Synchronizing object | MANAGEMENT_RJ45_contact_5.001
Fra:1 Mem:231.66M (Peak 263.92M) | Time:00:00.30 | Mem:0.00M, Peak:0.00M | GLB_REIMPORT_QA, ViewLayer | Synchronizing object | Fan1_fine_vertical_thumb_rib_-1_0.001
Fra:1 Mem:231.63M (Peak 263.92M) | Time:00:00.30 | Mem:0.00M, Peak:0.00M | GLB_REIMPORT_QA, ViewLayer | Synchronizing object | MANAGEMENT_RJ45_contact_4.001
Fra:1 Mem:231.66M (Peak 263.92M) | Time:00:00.30 | Mem:0.00M, Peak:0.00M | GLB_REIMPORT_QA, ViewLayer | Synchronizing object | Fan1_fine_vertical_thumb_rib_-1_1.001
Fra:1 Mem:231.68M (Peak 263.92M) | Time:00:00.30 | Mem:0.00M, Peak:0.00M | GLB_REIMPORT_QA, ViewLayer | Synchronizing object | MANAGEMENT_RJ45_contact_3.001
Fra:1 Mem:231.70M (Peak 263.92M) | Time:00:00.30 | Mem:0.00M, Peak:0.00M | GLB_REIMPORT_QA, ViewLayer | Synchronizing object | Fan1_fine_vertical_thumb_rib_-1_2.001
Fra:1 Mem:231.69M (Peak 263.92M) | Time:00:00.30 | Mem:0.00M, Peak:0.00M | GLB_REIMPORT_QA, ViewLayer | Synchronizing object | MANAGEMENT_RJ45_contact_2.001
Fra:1 Mem:231.71M (Peak 263.92M) | Time:00:00.30 | Mem:0.00M, Peak:0.00M | GLB_REIMPORT_QA, ViewLayer | Synchronizing object | MANAGEMENT_RJ45_contact_1.001
Fra:1 Mem:231.72M (Peak 263.92M) | Time:00:00.30 | Mem:0.00M, Peak:0.00M | GLB_REIMPORT_QA, ViewLayer | Synchronizing object | MANAGEMENT_RJ45_contact_0.001
Fra:1 Mem:231.74M (Peak 263.92M) | Time:00:00.30 | Mem:0.00M, Peak:0.00M | GLB_REIMPORT_QA, ViewLayer | Synchronizing object | CONSOLE_RJ45_unpowered_corner_LED_5.001
Fra:1 Mem:231.76M (Peak 263.92M) | Time:00:00.30 | Mem:0.00M, Peak:0.00M | GLB_REIMPORT_QA, ViewLayer | Synchronizing object | CONSOLE_RJ45_unpowered_corner_LED_-5.001
Fra:1 Mem:231.77M (Peak 263.92M) | Time:00:00.30 | Mem:0.00M, Peak:0.00M | GLB_REIMPORT_QA, ViewLayer | Synchronizing object | CONSOLE_RJ45_metal_shield.001
Fra:1 Mem:231.81M (Peak 263.92M) | Time:00:00.31 | Mem:0.00M, Peak:0.00M | GLB_REIMPORT_QA, ViewLayer | Synchronizing object | CONSOLE_RJ45_keyed_plastic_body.001
Fra:1 Mem:231.82M (Peak 263.92M) | Time:00:00.31 | Mem:0.00M, Peak:0.00M | GLB_REIMPORT_QA, ViewLayer | Synchronizing object | CONSOLE_RJ45_deep_connector_stop.001
Fra:1 Mem:231.82M (Peak 263.92M) | Time:00:00.31 | Mem:0.00M, Peak:0.00M | GLB_REIMPORT_QA, ViewLayer | Synchronizing object | CONSOLE_RJ45_contact_7.001
Fra:1 Mem:231.84M (Peak 263.92M) | Time:00:00.31 | Mem:0.00M, Peak:0.00M | GLB_REIMPORT_QA, ViewLayer | Synchronizing object | CONSOLE_RJ45_contact_6.001
Fra:1 Mem:231.85M (Peak 263.92M) | Time:00:00.31 | Mem:0.00M, Peak:0.00M | GLB_REIMPORT_QA, ViewLayer | Synchronizing object | CONSOLE_RJ45_contact_5.001
Fra:1 Mem:231.87M (Peak 263.92M) | Time:00:00.31 | Mem:0.00M, Peak:0.00M | GLB_REIMPORT_QA, ViewLayer | Synchronizing object | CONSOLE_RJ45_contact_4.001
Fra:1 Mem:231.88M (Peak 263.92M) | Time:00:00.31 | Mem:0.00M, Peak:0.00M | GLB_REIMPORT_QA, ViewLayer | Synchronizing object | CONSOLE_RJ45_contact_3.001
Fra:1 Mem:231.90M (Peak 263.92M) | Time:00:00.31 | Mem:0.00M, Peak:0.00M | GLB_REIMPORT_QA, ViewLayer | Synchronizing object | CONSOLE_RJ45_contact_2.001
Fra:1 Mem:231.92M (Peak 263.92M) | Time:00:00.31 | Mem:0.00M, Peak:0.00M | GLB_REIMPORT_QA, ViewLayer | Synchronizing object | CONSOLE_RJ45_contact_1.001
Fra:1 Mem:231.93M (Peak 263.92M) | Time:00:00.31 | Mem:0.00M, Peak:0.00M | GLB_REIMPORT_QA, ViewLayer | Synchronizing object | CONSOLE_RJ45_contact_0.001
Fra:1 Mem:231.95M (Peak 263.92M) | Time:00:00.31 | Mem:0.00M, Peak:0.00M | GLB_REIMPORT_QA, ViewLayer | Synchronizing object | REAR_BCN_unpowered_indicator.001
Fra:1 Mem:231.97M (Peak 263.92M) | Time:00:00.31 | Mem:0.00M, Peak:0.00M | GLB_REIMPORT_QA, ViewLayer | Synchronizing object | REAR_BCN_legend.001
Fra:1 Mem:231.98M (Peak 263.92M) | Time:00:00.31 | Mem:0.00M, Peak:0.00M | GLB_REIMPORT_QA, ViewLayer | Synchronizing object | Console_terminal_symbol.001
Fra:1 Mem:232.01M (Peak 263.92M) | Time:00:00.31 | Mem:0.00M, Peak:0.00M | GLB_REIMPORT_QA, ViewLayer | Synchronizing object | Rear_module_divider_70.001
Fra:1 Mem:232.03M (Peak 263.92M) | Time:00:00.31 | Mem:0.00M, Peak:0.00M | GLB_REIMPORT_QA, ViewLayer | Synchronizing object | Rear_module_divider_160.001
Fra:1 Mem:232.06M (Peak 263.92M) | Time:00:00.31 | Mem:0.00M, Peak:0.00M | GLB_REIMPORT_QA, ViewLayer | Synchronizing object | Rear_module_divider_-20.001
Fra:1 Mem:232.08M (Peak 263.92M) | Time:00:00.31 | Mem:0.00M, Peak:0.00M | GLB_REIMPORT_QA, ViewLayer | Synchronizing object | Rear_module_divider_-160.001
Fra:1 Mem:232.11M (Peak 263.92M) | Time:00:00.31 | Mem:0.00M, Peak:0.00M | GLB_REIMPORT_QA, ViewLayer | Synchronizing object | Rear_module_divider_-110.001
Fra:1 Mem:232.13M (Peak 263.92M) | Time:00:00.31 | Mem:0.00M, Peak:0.00M | GLB_REIMPORT_QA, ViewLayer | Synchronizing object | Rear_horizontal_rim_42.001
Fra:1 Mem:232.13M (Peak 263.92M) | Time:00:00.31 | Mem:0.00M, Peak:0.00M | GLB_REIMPORT_QA, ViewLayer | Synchronizing object | Rear_horizontal_rim_1.001
Fra:1 Mem:232.14M (Peak 263.92M) | Time:00:00.31 | Mem:0.00M, Peak:0.00M | GLB_REIMPORT_QA, ViewLayer | Synchronizing object | PSU2_unpowered_LED_36.001
Fra:1 Mem:232.15M (Peak 263.92M) | Time:00:00.31 | Mem:0.00M, Peak:0.00M | GLB_REIMPORT_QA, ViewLayer | Synchronizing object | PSU2_unpowered_LED_32.001
Fra:1 Mem:232.16M (Peak 263.92M) | Time:00:00.31 | Mem:0.00M, Peak:0.00M | GLB_REIMPORT_QA, ViewLayer | Synchronizing object | PSU2_true_hex_cooling_vents.001
Fra:1 Mem:232.99M (Peak 263.92M) | Time:00:00.31 | Mem:0.00M, Peak:0.00M | GLB_REIMPORT_QA, ViewLayer | Synchronizing object | Fan1_fine_vertical_thumb_rib_-1_3.001
Fra:1 Mem:233.00M (Peak 263.92M) | Time:00:00.31 | Mem:0.00M, Peak:0.00M | GLB_REIMPORT_QA, ViewLayer | Synchronizing object | Fan1_fine_vertical_thumb_rib_-1_4.001
Fra:1 Mem:233.02M (Peak 263.92M) | Time:00:00.31 | Mem:0.00M, Peak:0.00M | GLB_REIMPORT_QA, ViewLayer | Synchronizing object | Fan1_fine_vertical_thumb_rib_-1_5.001
Fra:1 Mem:232.43M (Peak 263.92M) | Time:00:00.31 | Mem:0.00M, Peak:0.00M | GLB_REIMPORT_QA, ViewLayer | Synchronizing object | Fan1_fine_vertical_thumb_rib_-1_6.001
Fra:1 Mem:232.39M (Peak 263.92M) | Time:00:00.31 | Mem:0.00M, Peak:0.00M | GLB_REIMPORT_QA, ViewLayer | Synchronizing object | Fan1_fine_vertical_thumb_rib_-1_7.001
Fra:1 Mem:232.51M (Peak 263.92M) | Time:00:00.31 | Mem:0.00M, Peak:0.00M | GLB_REIMPORT_QA, ViewLayer | Synchronizing object | Fan1_fine_vertical_thumb_rib_-1_8.001
Fra:1 Mem:232.52M (Peak 263.92M) | Time:00:00.31 | Mem:0.00M, Peak:0.00M | GLB_REIMPORT_QA, ViewLayer | Synchronizing object | Fan1_fine_vertical_thumb_rib_-1_9.001
Fra:1 Mem:233.26M (Peak 263.92M) | Time:00:00.31 | Mem:0.00M, Peak:0.00M | GLB_REIMPORT_QA, ViewLayer | Synchronizing object | Fan1_fine_vertical_thumb_rib_1_0.001
Fra:1 Mem:233.34M (Peak 263.92M) | Time:00:00.31 | Mem:0.00M, Peak:0.00M | GLB_REIMPORT_QA, ViewLayer | Synchronizing object | Fan1_fine_vertical_thumb_rib_1_1.001
Fra:1 Mem:233.43M (Peak 263.92M) | Time:00:00.31 | Mem:0.00M, Peak:0.00M | GLB_REIMPORT_QA, ViewLayer | Synchronizing object | Fan1_fine_vertical_thumb_rib_1_2.001
Fra:1 Mem:233.53M (Peak 263.92M) | Time:00:00.31 | Mem:0.00M, Peak:0.00M | GLB_REIMPORT_QA, ViewLayer | Synchronizing object | Fan1_fine_vertical_thumb_rib_1_3.001
Fra:1 Mem:233.75M (Peak 263.92M) | Time:00:00.31 | Mem:0.00M, Peak:0.00M | GLB_REIMPORT_QA, ViewLayer | Synchronizing object | Fan1_fine_vertical_thumb_rib_1_4.001
Fra:1 Mem:233.77M (Peak 263.92M) | Time:00:00.31 | Mem:0.00M, Peak:0.00M | GLB_REIMPORT_QA, ViewLayer | Synchronizing object | Fan1_fine_vertical_thumb_rib_1_5.001
Fra:1 Mem:233.79M (Peak 263.92M) | Time:00:00.31 | Mem:0.00M, Peak:0.00M | GLB_REIMPORT_QA, ViewLayer | Synchronizing object | Fan1_fine_vertical_thumb_rib_1_6.001
Fra:1 Mem:233.78M (Peak 263.92M) | Time:00:00.31 | Mem:0.00M, Peak:0.00M | GLB_REIMPORT_QA, ViewLayer | Synchronizing object | Fan1_fine_vertical_thumb_rib_1_7.001
Fra:1 Mem:234.21M (Peak 263.92M) | Time:00:00.31 | Mem:0.00M, Peak:0.00M | GLB_REIMPORT_QA, ViewLayer | Synchronizing object | Fan1_fine_vertical_thumb_rib_1_8.001
Fra:1 Mem:233.15M (Peak 263.92M) | Time:00:00.31 | Mem:0.00M, Peak:0.00M | GLB_REIMPORT_QA, ViewLayer | Synchronizing object | Fan1_fine_vertical_thumb_rib_1_9.001
Fra:1 Mem:233.61M (Peak 263.92M) | Time:00:00.31 | Mem:0.00M, Peak:0.00M | GLB_REIMPORT_QA, ViewLayer | Synchronizing object | Fan1_flush_lock_pin_-39.001
Fra:1 Mem:233.91M (Peak 263.92M) | Time:00:00.31 | Mem:0.00M, Peak:0.00M | GLB_REIMPORT_QA, ViewLayer | Synchronizing object | Fan1_flush_lock_pin_39.001
Fra:1 Mem:234.16M (Peak 263.92M) | Time:00:00.31 | Mem:0.00M, Peak:0.00M | GLB_REIMPORT_QA, ViewLayer | Synchronizing object | Fan1_front_frame.001
Fra:1 Mem:233.45M (Peak 263.92M) | Time:00:00.32 | Mem:0.00M, Peak:0.00M | GLB_REIMPORT_QA, ViewLayer | Synchronizing object | PSU2_stowed_nylon_retention_loop.001
Fra:1 Mem:233.47M (Peak 263.92M) | Time:00:00.32 | Mem:0.00M, Peak:0.00M | GLB_REIMPORT_QA, ViewLayer | Synchronizing object | PSU2_silver_U_pull_handle.001
Fra:1 Mem:233.64M (Peak 263.92M) | Time:00:00.32 | Mem:0.00M, Peak:0.00M | GLB_REIMPORT_QA, ViewLayer | Synchronizing object | Fan1_known_PID.001
Fra:1 Mem:233.67M (Peak 263.92M) | Time:00:00.32 | Mem:0.00M, Peak:0.00M | GLB_REIMPORT_QA, ViewLayer | Synchronizing object | Fan1_latch_thumb_flare_-1.001
Fra:1 Mem:233.79M (Peak 263.92M) | Time:00:00.32 | Mem:0.00M, Peak:0.00M | GLB_REIMPORT_QA, ViewLayer | Synchronizing object | Fan1_latch_thumb_flare_1.001
Fra:1 Mem:233.96M (Peak 263.92M) | Time:00:00.32 | Mem:0.00M, Peak:0.00M | GLB_REIMPORT_QA, ViewLayer | Synchronizing object | Fan1_molded_trapezoid_pull_handle.001
Fra:1 Mem:234.06M (Peak 263.92M) | Time:00:00.32 | Mem:0.00M, Peak:0.00M | GLB_REIMPORT_QA, ViewLayer | Synchronizing object | Fan1_PID_label_recess.001
Fra:1 Mem:234.08M (Peak 263.92M) | Time:00:00.32 | Mem:0.00M, Peak:0.00M | GLB_REIMPORT_QA, ViewLayer | Synchronizing object | Fan1_rear_power_contact_block_-1.001
Fra:1 Mem:234.09M (Peak 263.92M) | Time:00:00.32 | Mem:0.00M, Peak:0.00M | GLB_REIMPORT_QA, ViewLayer | Synchronizing object | Fan1_rear_power_contact_block_1.001
Fra:1 Mem:233.97M (Peak 263.92M) | Time:00:00.32 | Mem:0.00M, Peak:0.00M | GLB_REIMPORT_QA, ViewLayer | Synchronizing object | PSU2_retainer_rib_315.001
Fra:1 Mem:233.96M (Peak 263.92M) | Time:00:00.32 | Mem:0.00M, Peak:0.00M | GLB_REIMPORT_QA, ViewLayer | Synchronizing object | Fan1_blade_-1_0.001
Fra:1 Mem:233.99M (Peak 263.92M) | Time:00:00.32 | Mem:0.00M, Peak:0.00M | GLB_REIMPORT_QA, ViewLayer | Synchronizing object | Fan1_blade_-1_1.001
Fra:1 Mem:233.98M (Peak 263.92M) | Time:00:00.32 | Mem:0.00M, Peak:0.00M | GLB_REIMPORT_QA, ViewLayer | Synchronizing object | Fan1_blade_-1_2.001
Fra:1 Mem:233.96M (Peak 263.92M) | Time:00:00.32 | Mem:0.00M, Peak:0.00M | GLB_REIMPORT_QA, ViewLayer | Synchronizing object | PSU2_retainer_rib_313.001
Fra:1 Mem:233.98M (Peak 263.92M) | Time:00:00.32 | Mem:0.00M, Peak:0.00M | GLB_REIMPORT_QA, ViewLayer | Synchronizing object | Fan1_blade_-1_3.001
Fra:1 Mem:233.97M (Peak 263.92M) | Time:00:00.32 | Mem:0.00M, Peak:0.00M | GLB_REIMPORT_QA, ViewLayer | Synchronizing object | Fan1_blade_-1_4.001
Fra:1 Mem:233.99M (Peak 263.92M) | Time:00:00.32 | Mem:0.00M, Peak:0.00M | GLB_REIMPORT_QA, ViewLayer | Synchronizing object | Fan1_blade_-1_5.001
Fra:1 Mem:233.99M (Peak 263.92M) | Time:00:00.32 | Mem:0.00M, Peak:0.00M | GLB_REIMPORT_QA, ViewLayer | Synchronizing object | PSU2_retainer_rib_311.001
Fra:1 Mem:234.01M (Peak 263.92M) | Time:00:00.32 | Mem:0.00M, Peak:0.00M | GLB_REIMPORT_QA, ViewLayer | Synchronizing object | Fan1_blade_-1_6.001
Fra:1 Mem:234.00M (Peak 263.92M) | Time:00:00.32 | Mem:0.00M, Peak:0.00M | GLB_REIMPORT_QA, ViewLayer | Synchronizing object | PSU2_retainer_rib_308.001
Fra:1 Mem:234.02M (Peak 263.92M) | Time:00:00.32 | Mem:0.00M, Peak:0.00M | GLB_REIMPORT_QA, ViewLayer | Synchronizing object | PSU2_retainer_rib_306.001
Fra:1 Mem:234.04M (Peak 263.92M) | Time:00:00.32 | Mem:0.00M, Peak:0.00M | GLB_REIMPORT_QA, ViewLayer | Synchronizing object | PSU2_retainer_rib_304.001
Fra:1 Mem:234.05M (Peak 263.92M) | Time:00:00.32 | Mem:0.00M, Peak:0.00M | GLB_REIMPORT_QA, ViewLayer | Synchronizing object | PSU2_retainer_rib_302.001
Fra:1 Mem:234.07M (Peak 263.92M) | Time:00:00.32 | Mem:0.00M, Peak:0.00M | GLB_REIMPORT_QA, ViewLayer | Synchronizing object | PSU2_retainer_rib_300.001
Fra:1 Mem:234.09M (Peak 263.92M) | Time:00:00.32 | Mem:0.00M, Peak:0.00M | GLB_REIMPORT_QA, ViewLayer | Synchronizing object | PSU2_rear_internal_endcap.001
Fra:1 Mem:234.11M (Peak 263.92M) | Time:00:00.32 | Mem:0.00M, Peak:0.00M | GLB_REIMPORT_QA, ViewLayer | Synchronizing object | PSU2_OK_legend.001
Fra:1 Mem:234.12M (Peak 263.92M) | Time:00:00.32 | Mem:0.00M, Peak:0.00M | GLB_REIMPORT_QA, ViewLayer | Synchronizing object | PSU2_internal_opaque_baffle.001
Fra:1 Mem:234.12M (Peak 263.92M) | Time:00:00.32 | Mem:0.00M, Peak:0.00M | GLB_REIMPORT_QA, ViewLayer | Synchronizing object | PSU2_internal_mating_block.001
Fra:1 Mem:234.14M (Peak 263.92M) | Time:00:00.32 | Mem:0.00M, Peak:0.00M | GLB_REIMPORT_QA, ViewLayer | Synchronizing object | PSU2_inlet_vent_divider.001
Fra:1 Mem:234.14M (Peak 263.92M) | Time:00:00.32 | Mem:0.00M, Peak:0.00M | GLB_REIMPORT_QA, ViewLayer | Synchronizing object | PSU2_IEC_recessed_black_floor.001
Fra:1 Mem:234.15M (Peak 263.92M) | Time:00:00.32 | Mem:0.00M, Peak:0.00M | GLB_REIMPORT_QA, ViewLayer | Synchronizing object | PSU2_IEC_pin_2.001
Fra:1 Mem:234.17M (Peak 263.92M) | Time:00:00.32 | Mem:0.00M, Peak:0.00M | GLB_REIMPORT_QA, ViewLayer | Synchronizing object | PSU2_IEC_pin_1.001
Fra:1 Mem:234.20M (Peak 263.92M) | Time:00:00.32 | Mem:0.00M, Peak:0.00M | GLB_REIMPORT_QA, ViewLayer | Synchronizing object | PSU2_IEC_pin_0.001
Fra:1 Mem:234.22M (Peak 263.92M) | Time:00:00.32 | Mem:0.00M, Peak:0.00M | GLB_REIMPORT_QA, ViewLayer | Synchronizing object | PSU2_IEC_C14_black_inlet_housing.001
Fra:1 Mem:234.31M (Peak 263.92M) | Time:00:00.32 | Mem:0.00M, Peak:0.00M | GLB_REIMPORT_QA, ViewLayer | Synchronizing object | PSU2_front_face_rim.001
Fra:1 Mem:234.35M (Peak 263.92M) | Time:00:00.32 | Mem:0.00M, Peak:0.00M | GLB_REIMPORT_QA, ViewLayer | Synchronizing object | PSU2_formed_silver_shell.001
Fra:1 Mem:234.41M (Peak 263.92M) | Time:00:00.32 | Mem:0.00M, Peak:0.00M | GLB_REIMPORT_QA, ViewLayer | Synchronizing object | Fan1_hub_-1.001
Fra:1 Mem:234.43M (Peak 263.92M) | Time:00:00.32 | Mem:0.00M, Peak:0.00M | GLB_REIMPORT_QA, ViewLayer | Synchronizing object | Fan1_blade_1_0.001
Fra:1 Mem:234.41M (Peak 263.92M) | Time:00:00.32 | Mem:0.00M, Peak:0.00M | GLB_REIMPORT_QA, ViewLayer | Synchronizing object | PSU2_FAIL_legend.001
Fra:1 Mem:234.41M (Peak 263.92M) | Time:00:00.32 | Mem:0.00M, Peak:0.00M | GLB_REIMPORT_QA, ViewLayer | Synchronizing object | Fan1_blade_1_1.001
Fra:1 Mem:234.41M (Peak 263.92M) | Time:00:00.32 | Mem:0.00M, Peak:0.00M | GLB_REIMPORT_QA, ViewLayer | Synchronizing object | Fan1_blade_1_2.001
Fra:1 Mem:234.41M (Peak 263.92M) | Time:00:00.32 | Mem:0.00M, Peak:0.00M | GLB_REIMPORT_QA, ViewLayer | Synchronizing object | PSU2_face_screw_24.5_4.002
Fra:1 Mem:234.44M (Peak 263.92M) | Time:00:00.32 | Mem:0.00M, Peak:0.00M | GLB_REIMPORT_QA, ViewLayer | Synchronizing object | Fan1_blade_1_3.001
Fra:1 Mem:234.42M (Peak 263.92M) | Time:00:00.32 | Mem:0.00M, Peak:0.00M | GLB_REIMPORT_QA, ViewLayer | Synchronizing object | Fan1_blade_1_4.001
Fra:1 Mem:234.48M (Peak 263.92M) | Time:00:00.32 | Mem:0.00M, Peak:0.00M | GLB_REIMPORT_QA, ViewLayer | Synchronizing object | Fan1_blade_1_5.001
Fra:1 Mem:234.47M (Peak 263.92M) | Time:00:00.32 | Mem:0.00M, Peak:0.00M | GLB_REIMPORT_QA, ViewLayer | Synchronizing object | Fan1_blade_1_6.001
Fra:1 Mem:234.48M (Peak 263.92M) | Time:00:00.32 | Mem:0.00M, Peak:0.00M | GLB_REIMPORT_QA, ViewLayer | Synchronizing object | Fan1_hub_1.001
Fra:1 Mem:234.46M (Peak 263.92M) | Time:00:00.32 | Mem:0.00M, Peak:0.00M | GLB_REIMPORT_QA, ViewLayer | Synchronizing object | PSU2_face_screw_24.5_39.001
Fra:1 Mem:234.48M (Peak 263.92M) | Time:00:00.32 | Mem:0.00M, Peak:0.00M | GLB_REIMPORT_QA, ViewLayer | Synchronizing object | Fan1_rotor_housing_-1.001
Fra:1 Mem:234.53M (Peak 263.92M) | Time:00:00.32 | Mem:0.00M, Peak:0.00M | GLB_REIMPORT_QA, ViewLayer | Synchronizing object | Fan1_rotor_housing_1.001
Fra:1 Mem:234.54M (Peak 263.92M) | Time:00:00.32 | Mem:0.00M, Peak:0.00M | GLB_REIMPORT_QA, ViewLayer | Synchronizing object | PSU2_face_screw_-24.5_4.002
Fra:1 Mem:234.60M (Peak 263.92M) | Time:00:00.32 | Mem:0.00M, Peak:0.00M | GLB_REIMPORT_QA, ViewLayer | Synchronizing object | Fan1_top_retention_rail_-1.001
Fra:1 Mem:234.65M (Peak 263.92M) | Time:00:00.32 | Mem:0.00M, Peak:0.00M | GLB_REIMPORT_QA, ViewLayer | Synchronizing object | PSU2_face_screw_-24.5_39.001
Fra:1 Mem:234.67M (Peak 263.92M) | Time:00:00.32 | Mem:0.00M, Peak:0.00M | GLB_REIMPORT_QA, ViewLayer | Synchronizing object | Fan1_top_retention_rail_1.001
Fra:1 Mem:234.69M (Peak 263.92M) | Time:00:00.32 | Mem:0.00M, Peak:0.00M | GLB_REIMPORT_QA, ViewLayer | Synchronizing object | PSU2_cord_retainer_anchor.001
Fra:1 Mem:234.69M (Peak 263.92M) | Time:00:00.32 | Mem:0.00M, Peak:0.00M | GLB_REIMPORT_QA, ViewLayer | Synchronizing object | Fan1_true_honeycomb_front_grille.001
Fra:1 Mem:234.69M (Peak 263.92M) | Time:00:00.32 | Mem:0.00M, Peak:0.00M | GLB_REIMPORT_QA, ViewLayer | Synchronizing object | PSU2_BLUE_release_latch.001
Fra:1 Mem:235.35M (Peak 263.92M) | Time:00:00.32 | Mem:0.00M, Peak:0.00M | GLB_REIMPORT_QA, ViewLayer | Synchronizing object | PSU1_unpowered_LED_36.001
Fra:1 Mem:235.36M (Peak 263.92M) | Time:00:00.32 | Mem:0.00M, Peak:0.00M | GLB_REIMPORT_QA, ViewLayer | Synchronizing object | PSU1_unpowered_LED_32.001
Fra:1 Mem:235.37M (Peak 263.92M) | Time:00:00.32 | Mem:0.00M, Peak:0.00M | GLB_REIMPORT_QA, ViewLayer | Synchronizing object | PSU1_true_hex_cooling_vents.001
Fra:1 Mem:238.38M (Peak 263.92M) | Time:00:00.33 | Mem:0.00M, Peak:0.00M | GLB_REIMPORT_QA, ViewLayer | Synchronizing object | PSU1_stowed_nylon_retention_loop.001
Fra:1 Mem:238.40M (Peak 263.92M) | Time:00:00.33 | Mem:0.00M, Peak:0.00M | GLB_REIMPORT_QA, ViewLayer | Synchronizing object | PSU1_silver_U_pull_handle.001
Fra:1 Mem:236.49M (Peak 263.92M) | Time:00:00.33 | Mem:0.00M, Peak:0.00M | GLB_REIMPORT_QA, ViewLayer | Synchronizing object | PSU1_retainer_rib_315.001
Fra:1 Mem:236.51M (Peak 263.92M) | Time:00:00.33 | Mem:0.00M, Peak:0.00M | GLB_REIMPORT_QA, ViewLayer | Synchronizing object | PSU1_retainer_rib_313.001
Fra:1 Mem:236.52M (Peak 263.92M) | Time:00:00.33 | Mem:0.00M, Peak:0.00M | GLB_REIMPORT_QA, ViewLayer | Synchronizing object | PSU1_retainer_rib_311.001
Fra:1 Mem:236.54M (Peak 263.92M) | Time:00:00.33 | Mem:0.00M, Peak:0.00M | GLB_REIMPORT_QA, ViewLayer | Synchronizing object | PSU1_retainer_rib_308.001
Fra:1 Mem:236.56M (Peak 263.92M) | Time:00:00.33 | Mem:0.00M, Peak:0.00M | GLB_REIMPORT_QA, ViewLayer | Synchronizing object | PSU1_retainer_rib_306.001
Fra:1 Mem:236.57M (Peak 263.92M) | Time:00:00.33 | Mem:0.00M, Peak:0.00M | GLB_REIMPORT_QA, ViewLayer | Synchronizing object | PSU1_retainer_rib_304.001
Fra:1 Mem:236.59M (Peak 263.92M) | Time:00:00.33 | Mem:0.00M, Peak:0.00M | GLB_REIMPORT_QA, ViewLayer | Synchronizing object | PSU1_retainer_rib_302.001
Fra:1 Mem:236.61M (Peak 263.92M) | Time:00:00.33 | Mem:0.00M, Peak:0.00M | GLB_REIMPORT_QA, ViewLayer | Synchronizing object | PSU1_retainer_rib_300.001
Fra:1 Mem:236.62M (Peak 263.92M) | Time:00:00.34 | Mem:0.00M, Peak:0.00M | GLB_REIMPORT_QA, ViewLayer | Synchronizing object | PSU1_rear_internal_endcap.001
Fra:1 Mem:236.65M (Peak 263.92M) | Time:00:00.34 | Mem:0.00M, Peak:0.00M | GLB_REIMPORT_QA, ViewLayer | Synchronizing object | PSU1_OK_legend.001
Fra:1 Mem:236.66M (Peak 263.92M) | Time:00:00.34 | Mem:0.00M, Peak:0.00M | GLB_REIMPORT_QA, ViewLayer | Synchronizing object | PSU1_internal_opaque_baffle.001
Fra:1 Mem:236.66M (Peak 263.92M) | Time:00:00.34 | Mem:0.00M, Peak:0.00M | GLB_REIMPORT_QA, ViewLayer | Synchronizing object | PSU1_internal_mating_block.001
Fra:1 Mem:236.67M (Peak 263.92M) | Time:00:00.34 | Mem:0.00M, Peak:0.00M | GLB_REIMPORT_QA, ViewLayer | Synchronizing object | PSU1_inlet_vent_divider.001
Fra:1 Mem:236.68M (Peak 263.92M) | Time:00:00.34 | Mem:0.00M, Peak:0.00M | GLB_REIMPORT_QA, ViewLayer | Synchronizing object | PSU1_IEC_recessed_black_floor.001
Fra:1 Mem:236.68M (Peak 263.92M) | Time:00:00.34 | Mem:0.00M, Peak:0.00M | GLB_REIMPORT_QA, ViewLayer | Synchronizing object | PSU1_IEC_pin_2.001
Fra:1 Mem:236.70M (Peak 263.92M) | Time:00:00.34 | Mem:0.00M, Peak:0.00M | GLB_REIMPORT_QA, ViewLayer | Synchronizing object | PSU1_IEC_pin_1.001
Fra:1 Mem:236.98M (Peak 263.92M) | Time:00:00.34 | Mem:0.00M, Peak:0.00M | GLB_REIMPORT_QA, ViewLayer | Synchronizing object | PSU1_IEC_pin_0.001
Fra:1 Mem:237.00M (Peak 263.92M) | Time:00:00.34 | Mem:0.00M, Peak:0.00M | GLB_REIMPORT_QA, ViewLayer | Synchronizing object | PSU1_IEC_C14_black_inlet_housing.001
Fra:1 Mem:237.09M (Peak 263.92M) | Time:00:00.34 | Mem:0.00M, Peak:0.00M | GLB_REIMPORT_QA, ViewLayer | Synchronizing object | PSU1_front_face_rim.001
Fra:1 Mem:239.42M (Peak 263.92M) | Time:00:00.34 | Mem:0.00M, Peak:0.00M | GLB_REIMPORT_QA, ViewLayer | Synchronizing object | PSU1_formed_silver_shell.001
Fra:1 Mem:239.59M (Peak 263.92M) | Time:00:00.34 | Mem:0.00M, Peak:0.00M | GLB_REIMPORT_QA, ViewLayer | Synchronizing object | PSU1_FAIL_legend.001
Fra:1 Mem:239.63M (Peak 263.92M) | Time:00:00.34 | Mem:0.00M, Peak:0.00M | GLB_REIMPORT_QA, ViewLayer | Synchronizing object | PSU1_face_screw_24.5_4.002
Fra:1 Mem:239.79M (Peak 263.92M) | Time:00:00.34 | Mem:0.00M, Peak:0.00M | GLB_REIMPORT_QA, ViewLayer | Synchronizing object | PSU1_face_screw_24.5_39.001
Fra:1 Mem:239.94M (Peak 263.92M) | Time:00:00.34 | Mem:0.00M, Peak:0.00M | GLB_REIMPORT_QA, ViewLayer | Synchronizing object | PSU1_face_screw_-24.5_4.002
Fra:1 Mem:240.09M (Peak 263.92M) | Time:00:00.34 | Mem:0.00M, Peak:0.00M | GLB_REIMPORT_QA, ViewLayer | Synchronizing object | PSU1_face_screw_-24.5_39.001
Fra:1 Mem:240.37M (Peak 263.92M) | Time:00:00.34 | Mem:0.00M, Peak:0.00M | GLB_REIMPORT_QA, ViewLayer | Synchronizing object | PSU1_cord_retainer_anchor.001
Fra:1 Mem:240.39M (Peak 263.92M) | Time:00:00.34 | Mem:0.00M, Peak:0.00M | GLB_REIMPORT_QA, ViewLayer | Synchronizing object | PSU1_BLUE_release_latch.001
Fra:1 Mem:240.85M (Peak 263.92M) | Time:00:00.34 | Mem:0.00M, Peak:0.00M | GLB_REIMPORT_QA, ViewLayer | Synchronizing object | Port_face_solid_punched_panel.001
Fra:1 Mem:254.61M (Peak 263.92M) | Time:00:00.37 | Mem:0.00M, Peak:0.00M | GLB_REIMPORT_QA, ViewLayer | Synchronizing object | Fan2_BLUE_release_latch_-1.001
Fra:1 Mem:254.63M (Peak 263.92M) | Time:00:00.37 | Mem:0.00M, Peak:0.00M | GLB_REIMPORT_QA, ViewLayer | Synchronizing object | Fan2_BLUE_release_latch_1.001
Fra:1 Mem:254.64M (Peak 263.92M) | Time:00:00.37 | Mem:0.00M, Peak:0.00M | GLB_REIMPORT_QA, ViewLayer | Synchronizing object | Fan2_fine_vertical_thumb_rib_-1_0.001
Fra:1 Mem:254.66M (Peak 263.92M) | Time:00:00.37 | Mem:0.00M, Peak:0.00M | GLB_REIMPORT_QA, ViewLayer | Synchronizing object | Fan2_fine_vertical_thumb_rib_-1_1.001
Fra:1 Mem:254.68M (Peak 263.92M) | Time:00:00.37 | Mem:0.00M, Peak:0.00M | GLB_REIMPORT_QA, ViewLayer | Synchronizing object | Fan2_fine_vertical_thumb_rib_-1_2.001
Fra:1 Mem:254.69M (Peak 263.92M) | Time:00:00.37 | Mem:0.00M, Peak:0.00M | GLB_REIMPORT_QA, ViewLayer | Synchronizing object | Fan2_fine_vertical_thumb_rib_-1_3.001
Fra:1 Mem:254.71M (Peak 263.92M) | Time:00:00.37 | Mem:0.00M, Peak:0.00M | GLB_REIMPORT_QA, ViewLayer | Synchronizing object | Fan2_fine_vertical_thumb_rib_-1_4.001
Fra:1 Mem:254.73M (Peak 263.92M) | Time:00:00.37 | Mem:0.00M, Peak:0.00M | GLB_REIMPORT_QA, ViewLayer | Synchronizing object | Fan2_fine_vertical_thumb_rib_-1_5.001
Fra:1 Mem:254.74M (Peak 263.92M) | Time:00:00.37 | Mem:0.00M, Peak:0.00M | GLB_REIMPORT_QA, ViewLayer | Synchronizing object | Fan2_fine_vertical_thumb_rib_-1_6.001
Fra:1 Mem:254.76M (Peak 263.92M) | Time:00:00.37 | Mem:0.00M, Peak:0.00M | GLB_REIMPORT_QA, ViewLayer | Synchronizing object | Fan2_fine_vertical_thumb_rib_-1_7.001
Fra:1 Mem:254.78M (Peak 263.92M) | Time:00:00.37 | Mem:0.00M, Peak:0.00M | GLB_REIMPORT_QA, ViewLayer | Synchronizing object | Fan2_fine_vertical_thumb_rib_-1_8.001
Fra:1 Mem:254.79M (Peak 263.92M) | Time:00:00.37 | Mem:0.00M, Peak:0.00M | GLB_REIMPORT_QA, ViewLayer | Synchronizing object | Fan2_fine_vertical_thumb_rib_-1_9.001
Fra:1 Mem:254.81M (Peak 263.92M) | Time:00:00.37 | Mem:0.00M, Peak:0.00M | GLB_REIMPORT_QA, ViewLayer | Synchronizing object | Fan2_fine_vertical_thumb_rib_1_0.001
Fra:1 Mem:254.83M (Peak 263.92M) | Time:00:00.37 | Mem:0.00M, Peak:0.00M | GLB_REIMPORT_QA, ViewLayer | Synchronizing object | Fan2_fine_vertical_thumb_rib_1_1.001
Fra:1 Mem:254.84M (Peak 263.92M) | Time:00:00.37 | Mem:0.00M, Peak:0.00M | GLB_REIMPORT_QA, ViewLayer | Synchronizing object | Fan2_fine_vertical_thumb_rib_1_2.001
Fra:1 Mem:254.86M (Peak 263.92M) | Time:00:00.37 | Mem:0.00M, Peak:0.00M | GLB_REIMPORT_QA, ViewLayer | Synchronizing object | Fan2_fine_vertical_thumb_rib_1_3.001
Fra:1 Mem:254.88M (Peak 263.92M) | Time:00:00.37 | Mem:0.00M, Peak:0.00M | GLB_REIMPORT_QA, ViewLayer | Synchronizing object | Fan2_fine_vertical_thumb_rib_1_4.001
Fra:1 Mem:254.89M (Peak 263.92M) | Time:00:00.37 | Mem:0.00M, Peak:0.00M | GLB_REIMPORT_QA, ViewLayer | Synchronizing object | Fan2_fine_vertical_thumb_rib_1_5.001
Fra:1 Mem:254.91M (Peak 263.92M) | Time:00:00.37 | Mem:0.00M, Peak:0.00M | GLB_REIMPORT_QA, ViewLayer | Synchronizing object | Fan2_fine_vertical_thumb_rib_1_6.001
Fra:1 Mem:254.93M (Peak 263.92M) | Time:00:00.37 | Mem:0.00M, Peak:0.00M | GLB_REIMPORT_QA, ViewLayer | Synchronizing object | Fan2_fine_vertical_thumb_rib_1_7.001
Fra:1 Mem:254.94M (Peak 263.92M) | Time:00:00.37 | Mem:0.00M, Peak:0.00M | GLB_REIMPORT_QA, ViewLayer | Synchronizing object | Fan2_fine_vertical_thumb_rib_1_8.001
Fra:1 Mem:254.96M (Peak 263.92M) | Time:00:00.37 | Mem:0.00M, Peak:0.00M | GLB_REIMPORT_QA, ViewLayer | Synchronizing object | Fan2_fine_vertical_thumb_rib_1_9.001
Fra:1 Mem:254.97M (Peak 263.92M) | Time:00:00.37 | Mem:0.00M, Peak:0.00M | GLB_REIMPORT_QA, ViewLayer | Synchronizing object | Fan2_flush_lock_pin_-39.001
Fra:1 Mem:255.00M (Peak 263.92M) | Time:00:00.37 | Mem:0.00M, Peak:0.00M | GLB_REIMPORT_QA, ViewLayer | Synchronizing object | Fan2_flush_lock_pin_39.001
Fra:1 Mem:255.02M (Peak 263.92M) | Time:00:00.37 | Mem:0.00M, Peak:0.00M | GLB_REIMPORT_QA, ViewLayer | Synchronizing object | Fan2_front_frame.001
Fra:1 Mem:255.04M (Peak 263.92M) | Time:00:00.37 | Mem:0.00M, Peak:0.00M | GLB_REIMPORT_QA, ViewLayer | Synchronizing object | Fan2_known_PID.001
Fra:1 Mem:244.10M (Peak 263.92M) | Time:00:00.38 | Mem:0.00M, Peak:0.00M | GLB_REIMPORT_QA, ViewLayer | Synchronizing object | Fan2_latch_thumb_flare_-1.001
Fra:1 Mem:242.78M (Peak 263.92M) | Time:00:00.38 | Mem:0.00M, Peak:0.00M | GLB_REIMPORT_QA, ViewLayer | Synchronizing object | Fan2_latch_thumb_flare_1.001
Fra:1 Mem:242.80M (Peak 263.92M) | Time:00:00.38 | Mem:0.00M, Peak:0.00M | GLB_REIMPORT_QA, ViewLayer | Synchronizing object | Fan2_molded_trapezoid_pull_handle.001
Fra:1 Mem:244.43M (Peak 263.92M) | Time:00:00.38 | Mem:0.00M, Peak:0.00M | GLB_REIMPORT_QA, ViewLayer | Synchronizing object | Fan2_PID_label_recess.001
Fra:1 Mem:244.45M (Peak 263.92M) | Time:00:00.38 | Mem:0.00M, Peak:0.00M | GLB_REIMPORT_QA, ViewLayer | Synchronizing object | Fan2_rear_power_contact_block_-1.001
Fra:1 Mem:244.46M (Peak 263.92M) | Time:00:00.38 | Mem:0.00M, Peak:0.00M | GLB_REIMPORT_QA, ViewLayer | Synchronizing object | Fan2_rear_power_contact_block_1.001
Fra:1 Mem:244.48M (Peak 263.92M) | Time:00:00.38 | Mem:0.00M, Peak:0.00M | GLB_REIMPORT_QA, ViewLayer | Synchronizing object | Fan2_blade_-1_0.001
Fra:1 Mem:244.48M (Peak 263.92M) | Time:00:00.38 | Mem:0.00M, Peak:0.00M | GLB_REIMPORT_QA, ViewLayer | Synchronizing object | Fan2_blade_-1_1.001
Fra:1 Mem:244.48M (Peak 263.92M) | Time:00:00.38 | Mem:0.00M, Peak:0.00M | GLB_REIMPORT_QA, ViewLayer | Synchronizing object | Fan2_blade_-1_2.001
Fra:1 Mem:244.48M (Peak 263.92M) | Time:00:00.38 | Mem:0.00M, Peak:0.00M | GLB_REIMPORT_QA, ViewLayer | Synchronizing object | Fan2_blade_-1_3.001
Fra:1 Mem:243.41M (Peak 263.92M) | Time:00:00.39 | Mem:0.00M, Peak:0.00M | GLB_REIMPORT_QA, ViewLayer | Synchronizing object | Fan2_blade_-1_4.001
Fra:1 Mem:243.44M (Peak 263.92M) | Time:00:00.39 | Mem:0.00M, Peak:0.00M | GLB_REIMPORT_QA, ViewLayer | Synchronizing object | Fan2_blade_-1_5.001
Fra:1 Mem:243.45M (Peak 263.92M) | Time:00:00.39 | Mem:0.00M, Peak:0.00M | GLB_REIMPORT_QA, ViewLayer | Synchronizing object | Fan2_blade_-1_6.001
Fra:1 Mem:243.48M (Peak 263.92M) | Time:00:00.39 | Mem:0.00M, Peak:0.00M | GLB_REIMPORT_QA, ViewLayer | Synchronizing object | Fan2_hub_-1.001
Fra:1 Mem:243.53M (Peak 263.92M) | Time:00:00.39 | Mem:0.00M, Peak:0.00M | GLB_REIMPORT_QA, ViewLayer | Synchronizing object | Fan2_blade_1_0.001
Fra:1 Mem:243.56M (Peak 263.92M) | Time:00:00.39 | Mem:0.00M, Peak:0.00M | GLB_REIMPORT_QA, ViewLayer | Synchronizing object | Fan2_blade_1_1.001
Fra:1 Mem:243.57M (Peak 263.92M) | Time:00:00.39 | Mem:0.00M, Peak:0.00M | GLB_REIMPORT_QA, ViewLayer | Synchronizing object | Fan2_blade_1_2.001
Fra:1 Mem:243.59M (Peak 263.92M) | Time:00:00.39 | Mem:0.00M, Peak:0.00M | GLB_REIMPORT_QA, ViewLayer | Synchronizing object | Fan2_blade_1_3.001
Fra:1 Mem:243.60M (Peak 263.92M) | Time:00:00.39 | Mem:0.00M, Peak:0.00M | GLB_REIMPORT_QA, ViewLayer | Synchronizing object | Fan2_blade_1_4.001
Fra:1 Mem:243.61M (Peak 263.92M) | Time:00:00.39 | Mem:0.00M, Peak:0.00M | GLB_REIMPORT_QA, ViewLayer | Synchronizing object | Fan2_blade_1_5.001
Fra:1 Mem:243.62M (Peak 263.92M) | Time:00:00.39 | Mem:0.00M, Peak:0.00M | GLB_REIMPORT_QA, ViewLayer | Synchronizing object | Fan2_blade_1_6.001
Fra:1 Mem:243.48M (Peak 263.92M) | Time:00:00.39 | Mem:0.00M, Peak:0.00M | GLB_REIMPORT_QA, ViewLayer | Synchronizing object | Fan2_hub_1.001
Fra:1 Mem:243.50M (Peak 263.92M) | Time:00:00.39 | Mem:0.00M, Peak:0.00M | GLB_REIMPORT_QA, ViewLayer | Synchronizing object | Fan2_rotor_housing_-1.001
Fra:1 Mem:243.52M (Peak 263.92M) | Time:00:00.39 | Mem:0.00M, Peak:0.00M | GLB_REIMPORT_QA, ViewLayer | Synchronizing object | Fan2_rotor_housing_1.001
Fra:1 Mem:244.31M (Peak 263.92M) | Time:00:00.39 | Mem:0.00M, Peak:0.00M | GLB_REIMPORT_QA, ViewLayer | Synchronizing object | Fan2_top_retention_rail_-1.001
Fra:1 Mem:244.33M (Peak 263.92M) | Time:00:00.39 | Mem:0.00M, Peak:0.00M | GLB_REIMPORT_QA, ViewLayer | Synchronizing object | Fan2_top_retention_rail_1.001
Fra:1 Mem:244.36M (Peak 263.92M) | Time:00:00.39 | Mem:0.00M, Peak:0.00M | GLB_REIMPORT_QA, ViewLayer | Synchronizing object | Fan2_true_honeycomb_front_grille.001
Fra:1 Mem:270.28M (Peak 271.86M) | Time:00:00.45 | Mem:0.00M, Peak:0.00M | GLB_REIMPORT_QA, ViewLayer | Synchronizing object | Fan3_BLUE_release_latch_-1.001
Fra:1 Mem:270.30M (Peak 271.86M) | Time:00:00.45 | Mem:0.00M, Peak:0.00M | GLB_REIMPORT_QA, ViewLayer | Synchronizing object | Fan3_BLUE_release_latch_1.001
Fra:1 Mem:270.32M (Peak 271.86M) | Time:00:00.45 | Mem:0.00M, Peak:0.00M | GLB_REIMPORT_QA, ViewLayer | Synchronizing object | Fan3_fine_vertical_thumb_rib_-1_0.001
Fra:1 Mem:270.33M (Peak 271.86M) | Time:00:00.45 | Mem:0.00M, Peak:0.00M | GLB_REIMPORT_QA, ViewLayer | Synchronizing object | Fan3_fine_vertical_thumb_rib_-1_1.001
Fra:1 Mem:270.35M (Peak 271.86M) | Time:00:00.45 | Mem:0.00M, Peak:0.00M | GLB_REIMPORT_QA, ViewLayer | Synchronizing object | Fan3_fine_vertical_thumb_rib_-1_2.001
Fra:1 Mem:270.37M (Peak 271.86M) | Time:00:00.45 | Mem:0.00M, Peak:0.00M | GLB_REIMPORT_QA, ViewLayer | Synchronizing object | Fan3_fine_vertical_thumb_rib_-1_3.001
Fra:1 Mem:270.38M (Peak 271.86M) | Time:00:00.46 | Mem:0.00M, Peak:0.00M | GLB_REIMPORT_QA, ViewLayer | Synchronizing object | Fan3_fine_vertical_thumb_rib_-1_4.001
Fra:1 Mem:270.40M (Peak 271.86M) | Time:00:00.46 | Mem:0.00M, Peak:0.00M | GLB_REIMPORT_QA, ViewLayer | Synchronizing object | Fan3_fine_vertical_thumb_rib_-1_5.001
Fra:1 Mem:270.42M (Peak 271.86M) | Time:00:00.46 | Mem:0.00M, Peak:0.00M | GLB_REIMPORT_QA, ViewLayer | Synchronizing object | Fan3_fine_vertical_thumb_rib_-1_6.001
Fra:1 Mem:270.43M (Peak 271.86M) | Time:00:00.46 | Mem:0.00M, Peak:0.00M | GLB_REIMPORT_QA, ViewLayer | Synchronizing object | Fan3_fine_vertical_thumb_rib_-1_7.001
Fra:1 Mem:270.45M (Peak 271.86M) | Time:00:00.46 | Mem:0.00M, Peak:0.00M | GLB_REIMPORT_QA, ViewLayer | Synchronizing object | Fan3_fine_vertical_thumb_rib_-1_8.001
Fra:1 Mem:270.47M (Peak 271.86M) | Time:00:00.46 | Mem:0.00M, Peak:0.00M | GLB_REIMPORT_QA, ViewLayer | Synchronizing object | Fan3_fine_vertical_thumb_rib_-1_9.001
Fra:1 Mem:270.48M (Peak 271.86M) | Time:00:00.46 | Mem:0.00M, Peak:0.00M | GLB_REIMPORT_QA, ViewLayer | Synchronizing object | Fan3_fine_vertical_thumb_rib_1_0.001
Fra:1 Mem:270.50M (Peak 271.86M) | Time:00:00.46 | Mem:0.00M, Peak:0.00M | GLB_REIMPORT_QA, ViewLayer | Synchronizing object | Fan3_fine_vertical_thumb_rib_1_1.001
Fra:1 Mem:270.52M (Peak 271.86M) | Time:00:00.46 | Mem:0.00M, Peak:0.00M | GLB_REIMPORT_QA, ViewLayer | Synchronizing object | Fan3_fine_vertical_thumb_rib_1_2.001
Fra:1 Mem:270.53M (Peak 271.86M) | Time:00:00.46 | Mem:0.00M, Peak:0.00M | GLB_REIMPORT_QA, ViewLayer | Synchronizing object | Fan3_fine_vertical_thumb_rib_1_3.001
Fra:1 Mem:270.55M (Peak 271.86M) | Time:00:00.46 | Mem:0.00M, Peak:0.00M | GLB_REIMPORT_QA, ViewLayer | Synchronizing object | Fan3_fine_vertical_thumb_rib_1_4.001
Fra:1 Mem:270.57M (Peak 271.86M) | Time:00:00.46 | Mem:0.00M, Peak:0.00M | GLB_REIMPORT_QA, ViewLayer | Synchronizing object | Fan3_fine_vertical_thumb_rib_1_5.001
Fra:1 Mem:270.58M (Peak 271.86M) | Time:00:00.46 | Mem:0.00M, Peak:0.00M | GLB_REIMPORT_QA, ViewLayer | Synchronizing object | Fan3_fine_vertical_thumb_rib_1_6.001
Fra:1 Mem:269.97M (Peak 271.86M) | Time:00:00.46 | Mem:0.00M, Peak:0.00M | GLB_REIMPORT_QA, ViewLayer | Synchronizing object | Fan3_fine_vertical_thumb_rib_1_7.001
Fra:1 Mem:270.01M (Peak 271.86M) | Time:00:00.46 | Mem:0.00M, Peak:0.00M | GLB_REIMPORT_QA, ViewLayer | Synchronizing object | Fan3_fine_vertical_thumb_rib_1_8.001
Fra:1 Mem:270.04M (Peak 271.86M) | Time:00:00.46 | Mem:0.00M, Peak:0.00M | GLB_REIMPORT_QA, ViewLayer | Synchronizing object | Fan3_fine_vertical_thumb_rib_1_9.001
Fra:1 Mem:270.08M (Peak 271.86M) | Time:00:00.46 | Mem:0.00M, Peak:0.00M | GLB_REIMPORT_QA, ViewLayer | Synchronizing object | Fan3_flush_lock_pin_-39.001
Fra:1 Mem:270.13M (Peak 271.86M) | Time:00:00.46 | Mem:0.00M, Peak:0.00M | GLB_REIMPORT_QA, ViewLayer | Synchronizing object | Fan3_flush_lock_pin_39.001
Fra:1 Mem:270.19M (Peak 271.86M) | Time:00:00.46 | Mem:0.00M, Peak:0.00M | GLB_REIMPORT_QA, ViewLayer | Synchronizing object | Fan3_front_frame.001
Fra:1 Mem:270.24M (Peak 271.86M) | Time:00:00.46 | Mem:0.00M, Peak:0.00M | GLB_REIMPORT_QA, ViewLayer | Synchronizing object | Fan3_known_PID.001
Fra:1 Mem:270.34M (Peak 271.86M) | Time:00:00.46 | Mem:0.00M, Peak:0.00M | GLB_REIMPORT_QA, ViewLayer | Synchronizing object | Fan3_latch_thumb_flare_-1.001
Fra:1 Mem:272.09M (Peak 272.14M) | Time:00:00.46 | Mem:0.00M, Peak:0.00M | GLB_REIMPORT_QA, ViewLayer | Synchronizing object | Fan3_latch_thumb_flare_1.001
Fra:1 Mem:272.11M (Peak 272.14M) | Time:00:00.46 | Mem:0.00M, Peak:0.00M | GLB_REIMPORT_QA, ViewLayer | Synchronizing object | Fan3_molded_trapezoid_pull_handle.001
Fra:1 Mem:271.03M (Peak 272.14M) | Time:00:00.46 | Mem:0.00M, Peak:0.00M | GLB_REIMPORT_QA, ViewLayer | Synchronizing object | Fan3_PID_label_recess.001
Fra:1 Mem:271.04M (Peak 272.14M) | Time:00:00.46 | Mem:0.00M, Peak:0.00M | GLB_REIMPORT_QA, ViewLayer | Synchronizing object | Fan3_rear_power_contact_block_-1.001
Fra:1 Mem:274.39M (Peak 274.39M) | Time:00:00.46 | Mem:0.00M, Peak:0.00M | GLB_REIMPORT_QA, ViewLayer | Synchronizing object | Fan3_rear_power_contact_block_1.001
Fra:1 Mem:274.40M (Peak 274.40M) | Time:00:00.46 | Mem:0.00M, Peak:0.00M | GLB_REIMPORT_QA, ViewLayer | Synchronizing object | Fan3_blade_-1_0.001
Fra:1 Mem:274.40M (Peak 274.40M) | Time:00:00.46 | Mem:0.00M, Peak:0.00M | GLB_REIMPORT_QA, ViewLayer | Synchronizing object | Fan3_blade_-1_1.001
Fra:1 Mem:274.41M (Peak 274.41M) | Time:00:00.46 | Mem:0.00M, Peak:0.00M | GLB_REIMPORT_QA, ViewLayer | Synchronizing object | Fan3_blade_-1_2.001
Fra:1 Mem:274.41M (Peak 274.41M) | Time:00:00.46 | Mem:0.00M, Peak:0.00M | GLB_REIMPORT_QA, ViewLayer | Synchronizing object | Fan3_blade_-1_3.001
Fra:1 Mem:274.41M (Peak 274.41M) | Time:00:00.46 | Mem:0.00M, Peak:0.00M | GLB_REIMPORT_QA, ViewLayer | Synchronizing object | Fan3_blade_-1_4.001
Fra:1 Mem:274.41M (Peak 274.41M) | Time:00:00.46 | Mem:0.00M, Peak:0.00M | GLB_REIMPORT_QA, ViewLayer | Synchronizing object | Fan3_blade_-1_5.001
Fra:1 Mem:274.41M (Peak 274.41M) | Time:00:00.46 | Mem:0.00M, Peak:0.00M | GLB_REIMPORT_QA, ViewLayer | Synchronizing object | Fan3_blade_-1_6.001
Fra:1 Mem:274.42M (Peak 274.42M) | Time:00:00.46 | Mem:0.00M, Peak:0.00M | GLB_REIMPORT_QA, ViewLayer | Synchronizing object | Fan3_hub_-1.001
Fra:1 Mem:274.43M (Peak 274.43M) | Time:00:00.46 | Mem:0.00M, Peak:0.00M | GLB_REIMPORT_QA, ViewLayer | Synchronizing object | Fan3_blade_1_0.001
Fra:1 Mem:274.44M (Peak 274.44M) | Time:00:00.46 | Mem:0.00M, Peak:0.00M | GLB_REIMPORT_QA, ViewLayer | Synchronizing object | Fan3_blade_1_1.001
Fra:1 Mem:274.44M (Peak 274.44M) | Time:00:00.46 | Mem:0.00M, Peak:0.00M | GLB_REIMPORT_QA, ViewLayer | Synchronizing object | Fan3_blade_1_2.001
Fra:1 Mem:274.44M (Peak 274.44M) | Time:00:00.46 | Mem:0.00M, Peak:0.00M | GLB_REIMPORT_QA, ViewLayer | Synchronizing object | Fan3_blade_1_3.001
Fra:1 Mem:274.44M (Peak 274.44M) | Time:00:00.46 | Mem:0.00M, Peak:0.00M | GLB_REIMPORT_QA, ViewLayer | Synchronizing object | Fan3_blade_1_4.001
Fra:1 Mem:274.44M (Peak 274.44M) | Time:00:00.46 | Mem:0.00M, Peak:0.00M | GLB_REIMPORT_QA, ViewLayer | Synchronizing object | Fan3_blade_1_5.001
Fra:1 Mem:274.45M (Peak 274.45M) | Time:00:00.46 | Mem:0.00M, Peak:0.00M | GLB_REIMPORT_QA, ViewLayer | Synchronizing object | Fan3_blade_1_6.001
Fra:1 Mem:274.45M (Peak 274.45M) | Time:00:00.46 | Mem:0.00M, Peak:0.00M | GLB_REIMPORT_QA, ViewLayer | Synchronizing object | Fan3_hub_1.001
Fra:1 Mem:274.47M (Peak 274.47M) | Time:00:00.47 | Mem:0.00M, Peak:0.00M | GLB_REIMPORT_QA, ViewLayer | Synchronizing object | Fan3_rotor_housing_-1.001
Fra:1 Mem:274.49M (Peak 274.49M) | Time:00:00.47 | Mem:0.00M, Peak:0.00M | GLB_REIMPORT_QA, ViewLayer | Synchronizing object | Fan3_rotor_housing_1.001
Fra:1 Mem:274.52M (Peak 274.52M) | Time:00:00.47 | Mem:0.00M, Peak:0.00M | GLB_REIMPORT_QA, ViewLayer | Synchronizing object | Fan3_top_retention_rail_-1.001
Fra:1 Mem:274.54M (Peak 274.54M) | Time:00:00.47 | Mem:0.00M, Peak:0.00M | GLB_REIMPORT_QA, ViewLayer | Synchronizing object | Fan3_top_retention_rail_1.001
Fra:1 Mem:274.57M (Peak 274.57M) | Time:00:00.47 | Mem:0.00M, Peak:0.00M | GLB_REIMPORT_QA, ViewLayer | Synchronizing object | Fan3_true_honeycomb_front_grille.001
Fra:1 Mem:277.31M (Peak 278.82M) | Time:00:00.51 | Mem:0.00M, Peak:0.00M | GLB_REIMPORT_QA, ViewLayer | Synchronizing object | Cisco_brand_wordmark.001
Fra:1 Mem:277.34M (Peak 278.82M) | Time:00:00.52 | Mem:0.00M, Peak:0.00M | GLB_REIMPORT_QA, ViewLayer | Synchronizing object | Cisco_bridge_bar_1.001
Fra:1 Mem:277.36M (Peak 278.82M) | Time:00:00.52 | Mem:0.00M, Peak:0.00M | GLB_REIMPORT_QA, ViewLayer | Synchronizing object | Cisco_bridge_bar_2.001
Fra:1 Mem:277.37M (Peak 278.82M) | Time:00:00.52 | Mem:0.00M, Peak:0.00M | GLB_REIMPORT_QA, ViewLayer | Synchronizing object | Cisco_bridge_bar_3.001
Fra:1 Mem:277.39M (Peak 278.82M) | Time:00:00.52 | Mem:0.00M, Peak:0.00M | GLB_REIMPORT_QA, ViewLayer | Synchronizing object | Cisco_bridge_bar_4.001
Fra:1 Mem:277.40M (Peak 278.82M) | Time:00:00.52 | Mem:0.00M, Peak:0.00M | GLB_REIMPORT_QA, ViewLayer | Synchronizing object | Cisco_bridge_bar_5.001
Fra:1 Mem:277.42M (Peak 278.82M) | Time:00:00.52 | Mem:0.00M, Peak:0.00M | GLB_REIMPORT_QA, ViewLayer | Synchronizing object | Cisco_bridge_bar_6.001
Fra:1 Mem:277.43M (Peak 278.82M) | Time:00:00.52 | Mem:0.00M, Peak:0.00M | GLB_REIMPORT_QA, ViewLayer | Synchronizing object | Cisco_bridge_bar_7.001
Fra:1 Mem:277.44M (Peak 278.82M) | Time:00:00.52 | Mem:0.00M, Peak:0.00M | GLB_REIMPORT_QA, ViewLayer | Synchronizing object | Cisco_bridge_bar_8.001
Fra:1 Mem:277.46M (Peak 278.82M) | Time:00:00.52 | Mem:0.00M, Peak:0.00M | GLB_REIMPORT_QA, ViewLayer | Synchronizing object | Cisco_bridge_bar_9.001
Fra:1 Mem:277.47M (Peak 278.82M) | Time:00:00.53 | Mem:0.00M, Peak:0.00M | GLB_REIMPORT_QA, ViewLayer | Synchronizing object | Cisco_product_family_line_1.001
Fra:1 Mem:277.51M (Peak 278.82M) | Time:00:00.53 | Mem:0.00M, Peak:0.00M | GLB_REIMPORT_QA, ViewLayer | Synchronizing object | Cisco_product_family_line_2.001
Fra:1 Mem:277.53M (Peak 278.82M) | Time:00:00.53 | Mem:0.00M, Peak:0.00M | GLB_REIMPORT_QA, ViewLayer | Synchronizing object | Correct_factory_PID.001
Fra:1 Mem:277.62M (Peak 278.82M) | Time:00:00.53 | Mem:0.00M, Peak:0.00M | GLB_REIMPORT_QA, ViewLayer | Synchronizing object | FRONT_1_legend.001
Fra:1 Mem:277.62M (Peak 278.82M) | Time:00:00.53 | Mem:0.00M, Peak:0.00M | GLB_REIMPORT_QA, ViewLayer | Synchronizing object | FRONT_1_unpowered_lens.001
Fra:1 Mem:277.65M (Peak 278.82M) | Time:00:00.53 | Mem:0.00M, Peak:0.00M | GLB_REIMPORT_QA, ViewLayer | Synchronizing object | FRONT_2_legend.001
Fra:1 Mem:277.66M (Peak 278.82M) | Time:00:00.53 | Mem:0.00M, Peak:0.00M | GLB_REIMPORT_QA, ViewLayer | Synchronizing object | FRONT_2_unpowered_lens.001
Fra:1 Mem:277.69M (Peak 278.82M) | Time:00:00.53 | Mem:0.00M, Peak:0.00M | GLB_REIMPORT_QA, ViewLayer | Synchronizing object | FRONT_3_legend.001
Fra:1 Mem:277.70M (Peak 278.82M) | Time:00:00.53 | Mem:0.00M, Peak:0.00M | GLB_REIMPORT_QA, ViewLayer | Synchronizing object | FRONT_3_unpowered_lens.001
Fra:1 Mem:277.73M (Peak 278.82M) | Time:00:00.53 | Mem:0.00M, Peak:0.00M | GLB_REIMPORT_QA, ViewLayer | Synchronizing object | FRONT_4_legend.001
Fra:1 Mem:277.73M (Peak 278.82M) | Time:00:00.53 | Mem:0.00M, Peak:0.00M | GLB_REIMPORT_QA, ViewLayer | Synchronizing object | FRONT_4_unpowered_lens.001
Fra:1 Mem:277.76M (Peak 278.82M) | Time:00:00.53 | Mem:0.00M, Peak:0.00M | GLB_REIMPORT_QA, ViewLayer | Synchronizing object | FRONT_BCN_legend.001
Fra:1 Mem:277.78M (Peak 278.82M) | Time:00:00.53 | Mem:0.00M, Peak:0.00M | GLB_REIMPORT_QA, ViewLayer | Synchronizing object | FRONT_BCN_unpowered_lens.001
Fra:1 Mem:277.80M (Peak 278.82M) | Time:00:00.53 | Mem:0.00M, Peak:0.00M | GLB_REIMPORT_QA, ViewLayer | Synchronizing object | FRONT_ENV_legend.001
Fra:1 Mem:277.81M (Peak 278.82M) | Time:00:00.53 | Mem:0.00M, Peak:0.00M | GLB_REIMPORT_QA, ViewLayer | Synchronizing object | FRONT_ENV_unpowered_lens.001
Fra:1 Mem:277.84M (Peak 278.82M) | Time:00:00.53 | Mem:0.00M, Peak:0.00M | GLB_REIMPORT_QA, ViewLayer | Synchronizing object | FRONT_STS_legend.001
Fra:1 Mem:277.87M (Peak 278.82M) | Time:00:00.53 | Mem:0.00M, Peak:0.00M | GLB_REIMPORT_QA, ViewLayer | Synchronizing object | FRONT_STS_unpowered_lens.001
Fra:1 Mem:277.90M (Peak 278.82M) | Time:00:00.53 | Mem:0.00M, Peak:0.00M | GLB_REIMPORT_QA, ViewLayer | Synchronizing object | LS_selector_black_surround.001
Fra:1 Mem:277.92M (Peak 278.82M) | Time:00:00.53 | Mem:0.00M, Peak:0.00M | GLB_REIMPORT_QA, ViewLayer | Synchronizing object | LS_selector_metal_button.001
Fra:1 Mem:278.23M (Peak 278.82M) | Time:00:00.54 | Mem:0.00M, Peak:0.00M | GLB_REIMPORT_QA, ViewLayer | Synchronizing object | LS_selector_text.001
Fra:1 Mem:278.25M (Peak 278.82M) | Time:00:00.54 | Mem:0.00M, Peak:0.00M | GLB_REIMPORT_QA, ViewLayer | Synchronizing object | Original_photo_top_chassis_label.001
Fra:1 Mem:278.25M (Peak 278.82M) | Time:00:00.54 | Mem:0.00M, Peak:0.00M | GLB_REIMPORT_QA, ViewLayer | Synchronizing object | PORT_NUMBER_01.001
Fra:1 Mem:278.25M (Peak 278.82M) | Time:00:00.54 | Mem:0.00M, Peak:0.00M | GLB_REIMPORT_QA, ViewLayer | Synchronizing object | PORT_NUMBER_02.001
Fra:1 Mem:278.26M (Peak 278.82M) | Time:00:00.54 | Mem:0.00M, Peak:0.00M | GLB_REIMPORT_QA, ViewLayer | Synchronizing object | PORT_NUMBER_03.001
Fra:1 Mem:278.27M (Peak 278.82M) | Time:00:00.54 | Mem:0.00M, Peak:0.00M | GLB_REIMPORT_QA, ViewLayer | Synchronizing object | PORT_NUMBER_04.001
Fra:1 Mem:278.27M (Peak 278.82M) | Time:00:00.54 | Mem:0.00M, Peak:0.00M | GLB_REIMPORT_QA, ViewLayer | Synchronizing object | PORT_NUMBER_05.001
Fra:1 Mem:278.28M (Peak 278.82M) | Time:00:00.54 | Mem:0.00M, Peak:0.00M | GLB_REIMPORT_QA, ViewLayer | Synchronizing object | PORT_NUMBER_06.001
Fra:1 Mem:278.29M (Peak 278.82M) | Time:00:00.54 | Mem:0.00M, Peak:0.00M | GLB_REIMPORT_QA, ViewLayer | Synchronizing object | PORT_NUMBER_07.001
Fra:1 Mem:278.29M (Peak 278.82M) | Time:00:00.54 | Mem:0.00M, Peak:0.00M | GLB_REIMPORT_QA, ViewLayer | Synchronizing object | PORT_NUMBER_08.001
Fra:1 Mem:278.31M (Peak 278.82M) | Time:00:00.54 | Mem:0.00M, Peak:0.00M | GLB_REIMPORT_QA, ViewLayer | Synchronizing object | PORT_NUMBER_09.001
Fra:1 Mem:278.32M (Peak 278.82M) | Time:00:00.54 | Mem:0.00M, Peak:0.00M | GLB_REIMPORT_QA, ViewLayer | Synchronizing object | PORT_NUMBER_10.001
Fra:1 Mem:278.33M (Peak 278.82M) | Time:00:00.54 | Mem:0.00M, Peak:0.00M | GLB_REIMPORT_QA, ViewLayer | Synchronizing object | PORT_NUMBER_11.001
Fra:1 Mem:278.33M (Peak 278.82M) | Time:00:00.54 | Mem:0.00M, Peak:0.00M | GLB_REIMPORT_QA, ViewLayer | Synchronizing object | PORT_NUMBER_12.001
Fra:1 Mem:278.34M (Peak 278.82M) | Time:00:00.54 | Mem:0.00M, Peak:0.00M | GLB_REIMPORT_QA, ViewLayer | Synchronizing object | PORT_NUMBER_13.001
Fra:1 Mem:278.35M (Peak 278.82M) | Time:00:00.54 | Mem:0.00M, Peak:0.00M | GLB_REIMPORT_QA, ViewLayer | Synchronizing object | PORT_NUMBER_14.001
Fra:1 Mem:278.36M (Peak 278.82M) | Time:00:00.54 | Mem:0.00M, Peak:0.00M | GLB_REIMPORT_QA, ViewLayer | Synchronizing object | PORT_NUMBER_15.001
Fra:1 Mem:278.37M (Peak 278.82M) | Time:00:00.54 | Mem:0.00M, Peak:0.00M | GLB_REIMPORT_QA, ViewLayer | Synchronizing object | PORT_NUMBER_16.001
Fra:1 Mem:278.38M (Peak 278.82M) | Time:00:00.54 | Mem:0.00M, Peak:0.00M | GLB_REIMPORT_QA, ViewLayer | Synchronizing object | PORT_NUMBER_17.001
Fra:1 Mem:278.38M (Peak 278.82M) | Time:00:00.54 | Mem:0.00M, Peak:0.00M | GLB_REIMPORT_QA, ViewLayer | Synchronizing object | PORT_NUMBER_18.001
Fra:1 Mem:278.40M (Peak 278.82M) | Time:00:00.54 | Mem:0.00M, Peak:0.00M | GLB_REIMPORT_QA, ViewLayer | Synchronizing object | PORT_NUMBER_19.001
Fra:1 Mem:278.41M (Peak 278.82M) | Time:00:00.54 | Mem:0.00M, Peak:0.00M | GLB_REIMPORT_QA, ViewLayer | Synchronizing object | PORT_NUMBER_20.001
Fra:1 Mem:278.43M (Peak 278.82M) | Time:00:00.54 | Mem:0.00M, Peak:0.00M | GLB_REIMPORT_QA, ViewLayer | Synchronizing object | PORT_NUMBER_21.001
Fra:1 Mem:278.44M (Peak 278.82M) | Time:00:00.54 | Mem:0.00M, Peak:0.00M | GLB_REIMPORT_QA, ViewLayer | Synchronizing object | PORT_NUMBER_22.001
Fra:1 Mem:278.46M (Peak 278.82M) | Time:00:00.54 | Mem:0.00M, Peak:0.00M | GLB_REIMPORT_QA, ViewLayer | Synchronizing object | PORT_NUMBER_23.001
Fra:1 Mem:278.47M (Peak 278.82M) | Time:00:00.54 | Mem:0.00M, Peak:0.00M | GLB_REIMPORT_QA, ViewLayer | Synchronizing object | PORT_NUMBER_24.001
Fra:1 Mem:278.49M (Peak 278.82M) | Time:00:00.54 | Mem:0.00M, Peak:0.00M | GLB_REIMPORT_QA, ViewLayer | Synchronizing object | PORT_NUMBER_25.001
Fra:1 Mem:278.50M (Peak 278.82M) | Time:00:00.54 | Mem:0.00M, Peak:0.00M | GLB_REIMPORT_QA, ViewLayer | Synchronizing object | PORT_NUMBER_26.001
Fra:1 Mem:278.52M (Peak 278.82M) | Time:00:00.54 | Mem:0.00M, Peak:0.00M | GLB_REIMPORT_QA, ViewLayer | Synchronizing object | PORT_NUMBER_27.001
Fra:1 Mem:278.53M (Peak 278.82M) | Time:00:00.54 | Mem:0.00M, Peak:0.00M | GLB_REIMPORT_QA, ViewLayer | Synchronizing object | PORT_NUMBER_28.001
Fra:1 Mem:278.56M (Peak 278.82M) | Time:00:00.54 | Mem:0.00M, Peak:0.00M | GLB_REIMPORT_QA, ViewLayer | Synchronizing object | PORT_NUMBER_29.001
Fra:1 Mem:278.57M (Peak 278.82M) | Time:00:00.54 | Mem:0.00M, Peak:0.00M | GLB_REIMPORT_QA, ViewLayer | Synchronizing object | PORT_NUMBER_30.001
Fra:1 Mem:278.59M (Peak 278.82M) | Time:00:00.54 | Mem:0.00M, Peak:0.00M | GLB_REIMPORT_QA, ViewLayer | Synchronizing object | PORT_NUMBER_31.001
Fra:1 Mem:278.61M (Peak 278.82M) | Time:00:00.54 | Mem:0.00M, Peak:0.00M | GLB_REIMPORT_QA, ViewLayer | Synchronizing object | PORT_NUMBER_32.001
Fra:1 Mem:278.63M (Peak 278.82M) | Time:00:00.54 | Mem:0.00M, Peak:0.00M | GLB_REIMPORT_QA, ViewLayer | Synchronizing object | PORT_NUMBER_33.001
Fra:1 Mem:278.65M (Peak 278.82M) | Time:00:00.54 | Mem:0.00M, Peak:0.00M | GLB_REIMPORT_QA, ViewLayer | Synchronizing object | PORT_NUMBER_34.001
Fra:1 Mem:278.66M (Peak 278.82M) | Time:00:00.54 | Mem:0.00M, Peak:0.00M | GLB_REIMPORT_QA, ViewLayer | Synchronizing object | PORT_NUMBER_35.001
Fra:1 Mem:278.68M (Peak 278.82M) | Time:00:00.54 | Mem:0.00M, Peak:0.00M | GLB_REIMPORT_QA, ViewLayer | Synchronizing object | PORT_NUMBER_36.001
Fra:1 Mem:278.70M (Peak 278.82M) | Time:00:00.54 | Mem:0.00M, Peak:0.00M | GLB_REIMPORT_QA, ViewLayer | Synchronizing object | Port_pair_10_direction_-1.001
Fra:1 Mem:278.71M (Peak 278.82M) | Time:00:00.54 | Mem:0.00M, Peak:0.00M | GLB_REIMPORT_QA, ViewLayer | Synchronizing object | Port_pair_10_direction_1.001
Fra:1 Mem:278.71M (Peak 278.82M) | Time:00:00.54 | Mem:0.00M, Peak:0.00M | GLB_REIMPORT_QA, ViewLayer | Synchronizing object | Port_pair_11_direction_-1.001
Fra:1 Mem:278.71M (Peak 278.82M) | Time:00:00.54 | Mem:0.00M, Peak:0.00M | GLB_REIMPORT_QA, ViewLayer | Synchronizing object | Port_pair_11_direction_1.001
Fra:1 Mem:278.71M (Peak 278.82M) | Time:00:00.54 | Mem:0.00M, Peak:0.00M | GLB_REIMPORT_QA, ViewLayer | Synchronizing object | Port_pair_12_direction_-1.001
Fra:1 Mem:278.71M (Peak 278.82M) | Time:00:00.54 | Mem:0.00M, Peak:0.00M | GLB_REIMPORT_QA, ViewLayer | Synchronizing object | Port_pair_12_direction_1.001
Fra:1 Mem:278.71M (Peak 278.82M) | Time:00:00.54 | Mem:0.00M, Peak:0.00M | GLB_REIMPORT_QA, ViewLayer | Synchronizing object | Port_pair_13_direction_-1.001
Fra:1 Mem:278.71M (Peak 278.82M) | Time:00:00.54 | Mem:0.00M, Peak:0.00M | GLB_REIMPORT_QA, ViewLayer | Synchronizing object | Port_pair_13_direction_1.001
Fra:1 Mem:278.71M (Peak 278.82M) | Time:00:00.54 | Mem:0.00M, Peak:0.00M | GLB_REIMPORT_QA, ViewLayer | Synchronizing object | Port_pair_14_direction_-1.001
Fra:1 Mem:278.72M (Peak 278.82M) | Time:00:00.54 | Mem:0.00M, Peak:0.00M | GLB_REIMPORT_QA, ViewLayer | Synchronizing object | Port_pair_14_direction_1.001
Fra:1 Mem:278.72M (Peak 278.82M) | Time:00:00.54 | Mem:0.00M, Peak:0.00M | GLB_REIMPORT_QA, ViewLayer | Synchronizing object | Port_pair_15_direction_-1.001
Fra:1 Mem:278.72M (Peak 278.82M) | Time:00:00.54 | Mem:0.00M, Peak:0.00M | GLB_REIMPORT_QA, ViewLayer | Synchronizing object | Port_pair_15_direction_1.001
Fra:1 Mem:278.72M (Peak 278.82M) | Time:00:00.54 | Mem:0.00M, Peak:0.00M | GLB_REIMPORT_QA, ViewLayer | Synchronizing object | Port_pair_16_direction_-1.001
Fra:1 Mem:278.72M (Peak 278.82M) | Time:00:00.54 | Mem:0.00M, Peak:0.00M | GLB_REIMPORT_QA, ViewLayer | Synchronizing object | Port_pair_16_direction_1.001
Fra:1 Mem:278.72M (Peak 278.82M) | Time:00:00.54 | Mem:0.00M, Peak:0.00M | GLB_REIMPORT_QA, ViewLayer | Synchronizing object | Port_pair_17_direction_-1.001
Fra:1 Mem:278.72M (Peak 278.82M) | Time:00:00.54 | Mem:0.00M, Peak:0.00M | GLB_REIMPORT_QA, ViewLayer | Synchronizing object | Port_pair_17_direction_1.001
Fra:1 Mem:278.72M (Peak 278.82M) | Time:00:00.54 | Mem:0.00M, Peak:0.00M | GLB_REIMPORT_QA, ViewLayer | Synchronizing object | Port_pair_18_direction_-1.001
Fra:1 Mem:278.73M (Peak 278.82M) | Time:00:00.54 | Mem:0.00M, Peak:0.00M | GLB_REIMPORT_QA, ViewLayer | Synchronizing object | Port_pair_18_direction_1.001
Fra:1 Mem:278.73M (Peak 278.82M) | Time:00:00.54 | Mem:0.00M, Peak:0.00M | GLB_REIMPORT_QA, ViewLayer | Synchronizing object | Port_pair_1_direction_-1.001
Fra:1 Mem:278.73M (Peak 278.82M) | Time:00:00.54 | Mem:0.00M, Peak:0.00M | GLB_REIMPORT_QA, ViewLayer | Synchronizing object | Port_pair_1_direction_1.001
Fra:1 Mem:278.73M (Peak 278.82M) | Time:00:00.54 | Mem:0.00M, Peak:0.00M | GLB_REIMPORT_QA, ViewLayer | Synchronizing object | Port_pair_2_direction_-1.001
Fra:1 Mem:278.73M (Peak 278.82M) | Time:00:00.55 | Mem:0.00M, Peak:0.00M | GLB_REIMPORT_QA, ViewLayer | Synchronizing object | Port_pair_2_direction_1.001
Fra:1 Mem:278.73M (Peak 278.82M) | Time:00:00.55 | Mem:0.00M, Peak:0.00M | GLB_REIMPORT_QA, ViewLayer | Synchronizing object | Port_pair_3_direction_-1.001
Fra:1 Mem:278.73M (Peak 278.82M) | Time:00:00.55 | Mem:0.00M, Peak:0.00M | GLB_REIMPORT_QA, ViewLayer | Synchronizing object | Port_pair_3_direction_1.001
Fra:1 Mem:278.73M (Peak 278.82M) | Time:00:00.55 | Mem:0.00M, Peak:0.00M | GLB_REIMPORT_QA, ViewLayer | Synchronizing object | Port_pair_4_direction_-1.001
Fra:1 Mem:278.74M (Peak 278.82M) | Time:00:00.55 | Mem:0.00M, Peak:0.00M | GLB_REIMPORT_QA, ViewLayer | Synchronizing object | Port_pair_4_direction_1.001
Fra:1 Mem:278.74M (Peak 278.82M) | Time:00:00.55 | Mem:0.00M, Peak:0.00M | GLB_REIMPORT_QA, ViewLayer | Synchronizing object | Port_pair_5_direction_-1.001
Fra:1 Mem:278.74M (Peak 278.82M) | Time:00:00.55 | Mem:0.00M, Peak:0.00M | GLB_REIMPORT_QA, ViewLayer | Synchronizing object | Port_pair_5_direction_1.001
Fra:1 Mem:278.74M (Peak 278.82M) | Time:00:00.55 | Mem:0.00M, Peak:0.00M | GLB_REIMPORT_QA, ViewLayer | Synchronizing object | Port_pair_6_direction_-1.001
Fra:1 Mem:278.74M (Peak 278.82M) | Time:00:00.55 | Mem:0.00M, Peak:0.00M | GLB_REIMPORT_QA, ViewLayer | Synchronizing object | Port_pair_6_direction_1.001
Fra:1 Mem:278.74M (Peak 278.82M) | Time:00:00.55 | Mem:0.00M, Peak:0.00M | GLB_REIMPORT_QA, ViewLayer | Synchronizing object | Port_pair_7_direction_-1.001
Fra:1 Mem:278.74M (Peak 278.82M) | Time:00:00.55 | Mem:0.00M, Peak:0.00M | GLB_REIMPORT_QA, ViewLayer | Synchronizing object | Port_pair_7_direction_1.001
Fra:1 Mem:278.74M (Peak 278.82M) | Time:00:00.55 | Mem:0.00M, Peak:0.00M | GLB_REIMPORT_QA, ViewLayer | Synchronizing object | Port_pair_8_direction_-1.001
Fra:1 Mem:278.74M (Peak 278.82M) | Time:00:00.55 | Mem:0.00M, Peak:0.00M | GLB_REIMPORT_QA, ViewLayer | Synchronizing object | Port_pair_8_direction_1.001
Fra:1 Mem:278.75M (Peak 278.82M) | Time:00:00.55 | Mem:0.00M, Peak:0.00M | GLB_REIMPORT_QA, ViewLayer | Synchronizing object | Port_pair_9_direction_-1.001
Fra:1 Mem:278.75M (Peak 278.82M) | Time:00:00.55 | Mem:0.00M, Peak:0.00M | GLB_REIMPORT_QA, ViewLayer | Synchronizing object | Port_pair_9_direction_1.001
Fra:1 Mem:278.75M (Peak 278.82M) | Time:00:00.55 | Mem:0.00M, Peak:0.00M | GLB_REIMPORT_QA, ViewLayer | Synchronizing object | INFERRED_Bottom_folded_sheet.001
Fra:1 Mem:278.77M (Peak 278.82M) | Time:00:00.55 | Mem:0.00M, Peak:0.00M | GLB_REIMPORT_QA, ViewLayer | Synchronizing object | Interior_under_port_vent_baffle.001
Fra:1 Mem:278.78M (Peak 278.82M) | Time:00:00.55 | Mem:0.00M, Peak:0.00M | GLB_REIMPORT_QA, ViewLayer | Synchronizing object | LEFT_sidewall_with_mounting_provisions.001
Fra:1 Mem:279.12M (Peak 279.12M) | Time:00:00.55 | Mem:0.00M, Peak:0.00M | GLB_REIMPORT_QA, ViewLayer | Synchronizing object | Lid_flush_Phillips_-132_190.001
Fra:1 Mem:279.16M (Peak 279.16M) | Time:00:00.55 | Mem:0.00M, Peak:0.00M | GLB_REIMPORT_QA, ViewLayer | Synchronizing object | Lid_port_edge_fold.001
Fra:1 Mem:279.18M (Peak 279.18M) | Time:00:00.55 | Mem:0.00M, Peak:0.00M | GLB_REIMPORT_QA, ViewLayer | Synchronizing object | Lid_staggered_punched_vent_2028_through_holes.001
Fra:1 Mem:307.29M (Peak 320.20M) | Time:00:00.66 | Mem:0.00M, Peak:0.00M | GLB_REIMPORT_QA, ViewLayer | Synchronizing object | RIGHT_ear_M4_-284_32.001
Fra:1 Mem:307.33M (Peak 320.20M) | Time:00:00.66 | Mem:0.00M, Peak:0.00M | GLB_REIMPORT_QA, ViewLayer | Synchronizing object | RIGHT_ear_M4_-284_10.001
Fra:1 Mem:307.36M (Peak 320.20M) | Time:00:00.66 | Mem:0.00M, Peak:0.00M | GLB_REIMPORT_QA, ViewLayer | Synchronizing object | RIGHT_ear_M4_-256_32.001
Fra:1 Mem:307.40M (Peak 320.20M) | Time:00:00.66 | Mem:0.00M, Peak:0.00M | GLB_REIMPORT_QA, ViewLayer | Synchronizing object | RIGHT_ear_M4_-256_10.001
Fra:1 Mem:307.43M (Peak 320.20M) | Time:00:00.66 | Mem:0.00M, Peak:0.00M | GLB_REIMPORT_QA, ViewLayer | Synchronizing object | RIGHT_EAR_bent_opaque_solid_with_true_bores.001
Fra:1 Mem:308.73M (Peak 320.20M) | Time:00:00.69 | Mem:0.00M, Peak:0.00M | GLB_REIMPORT_QA, ViewLayer | Synchronizing object | LEFT_ear_M4_-284_32.001
Fra:1 Mem:308.76M (Peak 320.20M) | Time:00:00.69 | Mem:0.00M, Peak:0.00M | GLB_REIMPORT_QA, ViewLayer | Synchronizing object | LEFT_ear_M4_-284_10.001
Fra:1 Mem:308.80M (Peak 320.20M) | Time:00:00.69 | Mem:0.00M, Peak:0.00M | GLB_REIMPORT_QA, ViewLayer | Synchronizing object | LEFT_ear_M4_-256_32.001
Fra:1 Mem:308.83M (Peak 320.20M) | Time:00:00.69 | Mem:0.00M, Peak:0.00M | GLB_REIMPORT_QA, ViewLayer | Synchronizing object | LEFT_ear_M4_-256_10.001
Fra:1 Mem:308.87M (Peak 320.20M) | Time:00:00.69 | Mem:0.00M, Peak:0.00M | GLB_REIMPORT_QA, ViewLayer | Synchronizing object | LEFT_EAR_bent_opaque_solid_with_true_bores.001
Fra:1 Mem:310.16M (Peak 320.20M) | Time:00:00.70 | Mem:0.00M, Peak:0.00M | GLB_REIMPORT_QA, ViewLayer | Synchronizing object | Lid_vent_side_border_1.001
Fra:1 Mem:310.17M (Peak 320.20M) | Time:00:00.70 | Mem:0.00M, Peak:0.00M | GLB_REIMPORT_QA, ViewLayer | Synchronizing object | Lid_vent_side_border_-1.001
Fra:1 Mem:315.32M (Peak 366.51M) | Time:00:01.57 | Mem:0.00M, Peak:0.00M | GLB_REIMPORT_QA, ViewLayer | Initializing
Fra:1 Mem:310.86M (Peak 366.51M) | Time:00:01.57 | Mem:0.00M, Peak:0.00M | GLB_REIMPORT_QA, ViewLayer | Updating Images | Loading zinc-plated-brackets-roughness.001
Fra:1 Mem:310.86M (Peak 366.51M) | Time:00:01.57 | Mem:0.00M, Peak:0.00M | GLB_REIMPORT_QA, ViewLayer | Updating Images | Loading cage-stainless-steel-roughness.001
Fra:1 Mem:312.88M (Peak 366.51M) | Time:00:01.58 | Mem:1.00M, Peak:1.00M | GLB_REIMPORT_QA, ViewLayer | Updating Images | Loading metal-micro-normal.001
Fra:1 Mem:313.88M (Peak 366.51M) | Time:00:01.59 | Mem:2.00M, Peak:2.00M | GLB_REIMPORT_QA, ViewLayer | Updating Images | Loading chassis-satin-nickel-roughness.001
Fra:1 Mem:314.88M (Peak 366.51M) | Time:00:01.59 | Mem:3.00M, Peak:3.00M | GLB_REIMPORT_QA, ViewLayer | Updating Images | Loading fastener-steel-roughness.001
Fra:1 Mem:315.88M (Peak 366.51M) | Time:00:01.59 | Mem:4.00M, Peak:4.00M | GLB_REIMPORT_QA, ViewLayer | Updating Images | Loading dark-grille-metal-roughness.001
Fra:1 Mem:316.88M (Peak 366.51M) | Time:00:01.60 | Mem:5.00M, Peak:5.00M | GLB_REIMPORT_QA, ViewLayer | Updating Images | Loading original-chassis-label-512x768
Fra:1 Mem:284.59M (Peak 366.51M) | Time:00:01.65 | Mem:7.50M, Peak:7.50M | GLB_REIMPORT_QA, ViewLayer | Waiting for render to start
Fra:1 Mem:284.59M (Peak 366.51M) | Time:00:01.65 | Mem:7.50M, Peak:7.50M | GLB_REIMPORT_QA, ViewLayer | Loading render kernels (may take a few minutes the first time)
Fra:1 Mem:284.59M (Peak 366.51M) | Time:00:01.65 | Mem:7.50M, Peak:7.50M | GLB_REIMPORT_QA, ViewLayer | Updating Scene
Fra:1 Mem:284.59M (Peak 366.51M) | Time:00:01.65 | Mem:7.50M, Peak:7.50M | GLB_REIMPORT_QA, ViewLayer | Updating Shaders
Fra:1 Mem:284.68M (Peak 366.51M) | Time:00:01.65 | Mem:7.51M, Peak:7.51M | GLB_REIMPORT_QA, ViewLayer | Updating Procedurals
Fra:1 Mem:284.68M (Peak 366.51M) | Time:00:01.65 | Mem:7.51M, Peak:7.51M | GLB_REIMPORT_QA, ViewLayer | Updating Background
Fra:1 Mem:284.68M (Peak 366.51M) | Time:00:01.65 | Mem:7.51M, Peak:7.51M | GLB_REIMPORT_QA, ViewLayer | Updating Camera
Fra:1 Mem:284.68M (Peak 366.51M) | Time:00:01.65 | Mem:7.51M, Peak:7.51M | GLB_REIMPORT_QA, ViewLayer | Updating Meshes Flags
Fra:1 Mem:284.68M (Peak 366.51M) | Time:00:01.65 | Mem:7.51M, Peak:7.51M | GLB_REIMPORT_QA, ViewLayer | Updating Objects
Fra:1 Mem:284.68M (Peak 366.51M) | Time:00:01.65 | Mem:7.51M, Peak:7.51M | GLB_REIMPORT_QA, ViewLayer | Updating Objects | Copying Transformations to device
Fra:1 Mem:284.91M (Peak 366.51M) | Time:00:01.66 | Mem:7.73M, Peak:7.73M | GLB_REIMPORT_QA, ViewLayer | Updating Objects | Applying Static Transformations
Fra:1 Mem:284.91M (Peak 366.51M) | Time:00:01.66 | Mem:7.73M, Peak:7.73M | GLB_REIMPORT_QA, ViewLayer | Updating Particle Systems
Fra:1 Mem:284.91M (Peak 366.51M) | Time:00:01.66 | Mem:7.73M, Peak:7.73M | GLB_REIMPORT_QA, ViewLayer | Updating Particle Systems | Copying Particles to device
Fra:1 Mem:284.91M (Peak 366.51M) | Time:00:01.66 | Mem:7.73M, Peak:7.73M | GLB_REIMPORT_QA, ViewLayer | Updating Meshes
Fra:1 Mem:290.80M (Peak 366.51M) | Time:00:01.70 | Mem:7.73M, Peak:7.73M | GLB_REIMPORT_QA, ViewLayer | Updating Mesh | Computing attributes
Fra:1 Mem:328.03M (Peak 366.51M) | Time:00:01.78 | Mem:7.77M, Peak:7.77M | GLB_REIMPORT_QA, ViewLayer | Updating Mesh | Copying Attributes to device
Fra:1 Mem:327.91M (Peak 366.51M) | Time:00:01.78 | Mem:44.84M, Peak:44.84M | GLB_REIMPORT_QA, ViewLayer | Updating Geometry BVH Port01_connector_contact_surround.001 1/30 | Building BVH
Fra:1 Mem:327.91M (Peak 366.51M) | Time:00:01.78 | Mem:44.84M, Peak:44.84M | GLB_REIMPORT_QA, ViewLayer | Updating Geometry BVH Port01_connector_contact_surround.001 1/30 | Building BVH 0%
Fra:1 Mem:327.91M (Peak 366.51M) | Time:00:01.78 | Mem:44.85M, Peak:44.86M | GLB_REIMPORT_QA, ViewLayer | Updating Geometry BVH Port01_guide_-1_-4.001 2/30 | Building BVH
Fra:1 Mem:327.91M (Peak 366.51M) | Time:00:01.78 | Mem:44.86M, Peak:44.87M | GLB_REIMPORT_QA, ViewLayer | Updating Geometry BVH Port01_guide_-1_4.001 3/30 | Building BVH
Fra:1 Mem:327.91M (Peak 366.51M) | Time:00:01.78 | Mem:44.87M, Peak:44.88M | GLB_REIMPORT_QA, ViewLayer | Updating Geometry BVH Port01_guide_1_-4.001 4/30 | Building BVH
Fra:1 Mem:327.91M (Peak 366.51M) | Time:00:01.79 | Mem:44.88M, Peak:44.89M | GLB_REIMPORT_QA, ViewLayer | Updating Geometry BVH Port01_guide_1_4.001 5/30 | Building BVH
Fra:1 Mem:327.91M (Peak 366.51M) | Time:00:01.79 | Mem:44.89M, Peak:44.90M | GLB_REIMPORT_QA, ViewLayer | Updating Geometry BVH Port01_recessed_connector_stop.001 6/30 | Building BVH
Fra:1 Mem:327.91M (Peak 366.51M) | Time:00:01.79 | Mem:44.90M, Peak:44.91M | GLB_REIMPORT_QA, ViewLayer | Updating Geometry BVH Port01_spring_-1_-2.001 7/30 | Building BVH
Fra:1 Mem:327.91M (Peak 366.51M) | Time:00:01.79 | Mem:44.91M, Peak:44.92M | GLB_REIMPORT_QA, ViewLayer | Updating Geometry BVH Port01_spring_-1_0.001 8/30 | Building BVH
Fra:1 Mem:327.91M (Peak 366.51M) | Time:00:01.79 | Mem:44.92M, Peak:44.93M | GLB_REIMPORT_QA, ViewLayer | Updating Geometry BVH Port01_spring_-1_2.001 9/30 | Building BVH
Fra:1 Mem:327.91M (Peak 366.51M) | Time:00:01.79 | Mem:44.93M, Peak:44.94M | GLB_REIMPORT_QA, ViewLayer | Updating Geometry BVH Port01_spring_1_-2.001 10/30 | Building BVH
Fra:1 Mem:327.91M (Peak 366.51M) | Time:00:01.79 | Mem:44.94M, Peak:44.95M | GLB_REIMPORT_QA, ViewLayer | Updating Geometry BVH Port01_spring_1_0.001 11/30 | Building BVH
Fra:1 Mem:327.91M (Peak 366.51M) | Time:00:01.79 | Mem:44.95M, Peak:44.96M | GLB_REIMPORT_QA, ViewLayer | Updating Geometry BVH Port01_spring_1_2.001 12/30 | Building BVH
Fra:1 Mem:327.91M (Peak 366.51M) | Time:00:01.79 | Mem:44.96M, Peak:44.97M | GLB_REIMPORT_QA, ViewLayer | Updating Geometry BVH Port01_subtle_recessed_contact_row.001 13/30 | Building BVH
Fra:1 Mem:327.91M (Peak 366.51M) | Time:00:01.79 | Mem:44.98M, Peak:44.99M | GLB_REIMPORT_QA, ViewLayer | Updating Geometry BVH Port02_connector_contact_surround.001 14/30 | Building BVH
Fra:1 Mem:327.91M (Peak 366.51M) | Time:00:01.79 | Mem:45.00M, Peak:45.00M | GLB_REIMPORT_QA, ViewLayer | Updating Geometry BVH Port02_guide_-1_-4.001 15/30 | Building BVH
Fra:1 Mem:327.91M (Peak 366.51M) | Time:00:01.79 | Mem:45.01M, Peak:45.01M | GLB_REIMPORT_QA, ViewLayer | Updating Geometry BVH Port02_guide_-1_4.001 16/30 | Building BVH
Fra:1 Mem:327.91M (Peak 366.51M) | Time:00:01.79 | Mem:45.02M, Peak:45.02M | GLB_REIMPORT_QA, ViewLayer | Updating Geometry BVH Port02_guide_1_-4.001 17/30 | Building BVH
Fra:1 Mem:327.91M (Peak 366.51M) | Time:00:01.79 | Mem:45.03M, Peak:45.03M | GLB_REIMPORT_QA, ViewLayer | Updating Geometry BVH Port02_guide_1_4.001 18/30 | Building BVH
Fra:1 Mem:327.91M (Peak 366.51M) | Time:00:01.79 | Mem:45.04M, Peak:45.04M | GLB_REIMPORT_QA, ViewLayer | Updating Geometry BVH Port02_recessed_connector_stop.001 19/30 | Building BVH
Fra:1 Mem:327.91M (Peak 366.51M) | Time:00:01.79 | Mem:45.05M, Peak:45.05M | GLB_REIMPORT_QA, ViewLayer | Updating Geometry BVH Port02_spring_-1_-2.001 20/30 | Building BVH
Fra:1 Mem:327.91M (Peak 366.51M) | Time:00:01.79 | Mem:45.06M, Peak:45.06M | GLB_REIMPORT_QA, ViewLayer | Updating Geometry BVH Port02_spring_-1_0.001 21/30 | Building BVH
Fra:1 Mem:327.91M (Peak 366.51M) | Time:00:01.79 | Mem:45.07M, Peak:45.07M | GLB_REIMPORT_QA, ViewLayer | Updating Geometry BVH Port02_spring_-1_2.001 22/30 | Building BVH
Fra:1 Mem:327.91M (Peak 366.51M) | Time:00:01.79 | Mem:45.08M, Peak:45.08M | GLB_REIMPORT_QA, ViewLayer | Updating Geometry BVH Port02_spring_1_-2.001 23/30 | Building BVH
Fra:1 Mem:327.91M (Peak 366.51M) | Time:00:01.79 | Mem:45.09M, Peak:45.09M | GLB_REIMPORT_QA, ViewLayer | Updating Geometry BVH Port02_spring_1_0.001 24/30 | Building BVH
Fra:1 Mem:327.91M (Peak 366.51M) | Time:00:01.79 | Mem:45.10M, Peak:45.10M | GLB_REIMPORT_QA, ViewLayer | Updating Geometry BVH Port02_spring_1_2.001 25/30 | Building BVH
Fra:1 Mem:327.91M (Peak 366.51M) | Time:00:01.79 | Mem:45.11M, Peak:45.11M | GLB_REIMPORT_QA, ViewLayer | Updating Geometry BVH Port02_subtle_recessed_contact_row.001 26/30 | Building BVH
Fra:1 Mem:327.91M (Peak 366.51M) | Time:00:01.79 | Mem:45.13M, Peak:45.13M | GLB_REIMPORT_QA, ViewLayer | Updating Geometry BVH Pair01_front_separator_true_perforations.001 27/30 | Building BVH
Fra:1 Mem:327.91M (Peak 366.51M) | Time:00:01.79 | Mem:45.29M, Peak:45.36M | GLB_REIMPORT_QA, ViewLayer | Updating Geometry BVH Pair01_internal_cooling_shelf.001 28/30 | Building BVH
Fra:1 Mem:327.91M (Peak 366.51M) | Time:00:01.79 | Mem:45.29M, Peak:45.36M | GLB_REIMPORT_QA, ViewLayer | Updating Geometry BVH Pair01_stainless_shell_29mm_deep.001 29/30 | Building BVH
Fra:1 Mem:327.91M (Peak 366.51M) | Time:00:01.79 | Mem:45.30M, Peak:45.36M | GLB_REIMPORT_QA, ViewLayer | Updating Geometry BVH Lid_flush_Phillips_00.001 30/30 | Building BVH
Fra:1 Mem:327.91M (Peak 366.51M) | Time:00:01.80 | Mem:45.31M, Peak:45.36M | GLB_REIMPORT_QA, ViewLayer | Updating Scene BVH | Building
Fra:1 Mem:327.92M (Peak 366.51M) | Time:00:01.80 | Mem:45.31M, Peak:45.36M | GLB_REIMPORT_QA, ViewLayer | Updating Scene BVH | Building BVH
Fra:1 Mem:327.92M (Peak 366.51M) | Time:00:02.02 | Mem:69.71M, Peak:81.32M | GLB_REIMPORT_QA, ViewLayer | Updating Scene BVH | Copying BVH to device
Fra:1 Mem:327.92M (Peak 366.51M) | Time:00:02.02 | Mem:69.71M, Peak:81.32M | GLB_REIMPORT_QA, ViewLayer | Updating Mesh | Computing normals
Fra:1 Mem:369.98M (Peak 369.98M) | Time:00:02.08 | Mem:69.71M, Peak:81.32M | GLB_REIMPORT_QA, ViewLayer | Updating Mesh | Copying Mesh to device
Fra:1 Mem:369.98M (Peak 369.98M) | Time:00:02.08 | Mem:111.77M, Peak:111.77M | GLB_REIMPORT_QA, ViewLayer | Updating Objects Flags
Fra:1 Mem:369.98M (Peak 369.98M) | Time:00:02.08 | Mem:111.78M, Peak:111.78M | GLB_REIMPORT_QA, ViewLayer | Updating Primitive Offsets
Fra:1 Mem:369.98M (Peak 369.98M) | Time:00:02.08 | Mem:111.78M, Peak:111.78M | GLB_REIMPORT_QA, ViewLayer | Updating Images
Fra:1 Mem:369.98M (Peak 369.98M) | Time:00:02.08 | Mem:111.78M, Peak:111.78M | GLB_REIMPORT_QA, ViewLayer | Updating Camera Volume
Fra:1 Mem:369.98M (Peak 369.98M) | Time:00:02.08 | Mem:111.78M, Peak:111.78M | GLB_REIMPORT_QA, ViewLayer | Updating Lookup Tables
Fra:1 Mem:369.98M (Peak 369.98M) | Time:00:02.08 | Mem:111.86M, Peak:111.86M | GLB_REIMPORT_QA, ViewLayer | Updating Lights
Fra:1 Mem:369.98M (Peak 369.98M) | Time:00:02.08 | Mem:111.86M, Peak:111.86M | GLB_REIMPORT_QA, ViewLayer | Updating Lights | Computing distribution
Fra:1 Mem:369.98M (Peak 369.98M) | Time:00:02.08 | Mem:111.86M, Peak:111.86M | GLB_REIMPORT_QA, ViewLayer | Updating Lights | Computing tree
Fra:1 Mem:369.99M (Peak 369.99M) | Time:00:02.08 | Mem:111.87M, Peak:111.87M | GLB_REIMPORT_QA, ViewLayer | Updating Integrator
Fra:1 Mem:370.99M (Peak 370.99M) | Time:00:02.08 | Mem:112.87M, Peak:112.87M | GLB_REIMPORT_QA, ViewLayer | Updating Film
Fra:1 Mem:371.00M (Peak 371.00M) | Time:00:02.08 | Mem:112.79M, Peak:112.87M | GLB_REIMPORT_QA, ViewLayer | Updating Lookup Tables
Fra:1 Mem:371.00M (Peak 371.00M) | Time:00:02.08 | Mem:112.88M, Peak:112.88M | GLB_REIMPORT_QA, ViewLayer | Updating Baking
Fra:1 Mem:371.00M (Peak 371.00M) | Time:00:02.08 | Mem:112.88M, Peak:112.88M | GLB_REIMPORT_QA, ViewLayer | Updating Device | Writing constant memory
Fra:1 Mem:371.01M (Peak 371.01M) | Time:00:02.08 | Mem:112.88M, Peak:112.88M | GLB_REIMPORT_QA, ViewLayer | Sample 0/40
Fra:1 Mem:377.88M (Peak 377.88M) | Time:00:02.39 | Remaining:00:11.85 | Mem:119.75M, Peak:119.75M | GLB_REIMPORT_QA, ViewLayer | Sample 1/40
Fra:1 Mem:380.94M (Peak 387.04M) | Time:00:07.13 | Mem:119.75M, Peak:119.75M | GLB_REIMPORT_QA, ViewLayer | Sample 40/40
Fra:1 Mem:380.94M (Peak 387.04M) | Time:00:07.13 | Mem:119.75M, Peak:119.75M | GLB_REIMPORT_QA, ViewLayer | Finished
Saved: '/root/Project/rack-device-3d/Cisco-N9KC9336C-FX2/v001/qa/glb-shell-right-transparent.png'
Time: 00:07.32 (Saving: 00:00.12)

SHELL_ALPHA glb right
BlenderMCP server stopped
BlenderMCP addon unregistered

Blender quit
