Blender 4.0.2
Read prefs: "/root/.config/blender/4.0/config/userpref.blend"
Read blend: "/root/Project/rack-device-3d/Cisco-N9KC9336C-FX2/v001/model/CISCO-Nexus-N9K-C9336C-FX2.blend"
Fra:1 Mem:123.78M (Peak 123.78M) | Time:00:00.08 | Mem:0.00M, Peak:0.00M | CISCO_N9K_C9336C_FX2_V001, ViewLayer | Synchronizing object | INFERRED_Bottom_folded_sheet
Fra:1 Mem:123.78M (Peak 123.78M) | Time:00:00.08 | Mem:0.00M, Peak:0.00M | CISCO_N9K_C9336C_FX2_V001, ViewLayer | Synchronizing object | Lid_staggered_punched_vent_2028_through_holes
Fra:1 Mem:123.96M (Peak 123.96M) | Time:00:00.08 | Mem:0.00M, Peak:0.00M | CISCO_N9K_C9336C_FX2_V001, ViewLayer | Synchronizing object | Lid_vent_side_border_-1
Fra:1 Mem:126.71M (Peak 126.71M) | Time:00:00.08 | Mem:0.00M, Peak:0.00M | CISCO_N9K_C9336C_FX2_V001, ViewLayer | Synchronizing object | Lid_vent_side_border_1
Fra:1 Mem:126.72M (Peak 126.72M) | Time:00:00.08 | Mem:0.00M, Peak:0.00M | CISCO_N9K_C9336C_FX2_V001, ViewLayer | Synchronizing object | Interior_under_port_vent_baffle
Fra:1 Mem:126.72M (Peak 126.72M) | Time:00:00.08 | Mem:0.00M, Peak:0.00M | CISCO_N9K_C9336C_FX2_V001, ViewLayer | Synchronizing object | Rear_horizontal_rim_1.25
Fra:1 Mem:126.72M (Peak 126.72M) | Time:00:00.08 | Mem:0.00M, Peak:0.00M | CISCO_N9K_C9336C_FX2_V001, ViewLayer | Synchronizing object | Rear_horizontal_rim_42.438
Fra:1 Mem:131.37M (Peak 131.37M) | Time:00:00.08 | Mem:0.00M, Peak:0.00M | CISCO_N9K_C9336C_FX2_V001, ViewLayer | Synchronizing object | Rear_side_rim_-218.46
Fra:1 Mem:131.37M (Peak 131.37M) | Time:00:00.08 | Mem:0.00M, Peak:0.00M | CISCO_N9K_C9336C_FX2_V001, ViewLayer | Synchronizing object | Rear_side_rim_218.46
Fra:1 Mem:131.38M (Peak 131.38M) | Time:00:00.08 | Mem:0.00M, Peak:0.00M | CISCO_N9K_C9336C_FX2_V001, ViewLayer | Synchronizing object | Rear_module_divider_160
Fra:1 Mem:131.39M (Peak 131.39M) | Time:00:00.08 | Mem:0.00M, Peak:0.00M | CISCO_N9K_C9336C_FX2_V001, ViewLayer | Synchronizing object | Rear_module_divider_70
Fra:1 Mem:131.43M (Peak 131.43M) | Time:00:00.08 | Mem:0.00M, Peak:0.00M | CISCO_N9K_C9336C_FX2_V001, ViewLayer | Synchronizing object | Rear_module_divider_-20
Fra:1 Mem:131.42M (Peak 131.43M) | Time:00:00.08 | Mem:0.00M, Peak:0.00M | CISCO_N9K_C9336C_FX2_V001, ViewLayer | Synchronizing object | Rear_module_divider_-110
Fra:1 Mem:131.43M (Peak 131.43M) | Time:00:00.08 | Mem:0.00M, Peak:0.00M | CISCO_N9K_C9336C_FX2_V001, ViewLayer | Synchronizing object | Rear_module_divider_-160
Fra:1 Mem:131.47M (Peak 131.47M) | Time:00:00.09 | Mem:0.00M, Peak:0.00M | CISCO_N9K_C9336C_FX2_V001, ViewLayer | Synchronizing object | Lid_flush_Phillips_00
Fra:1 Mem:131.46M (Peak 131.47M) | Time:00:00.09 | Mem:0.00M, Peak:0.00M | CISCO_N9K_C9336C_FX2_V001, ViewLayer | Synchronizing object | Port_face_solid_punched_panel
Fra:1 Mem:131.48M (Peak 131.48M) | Time:00:00.09 | Mem:0.00M, Peak:0.00M | CISCO_N9K_C9336C_FX2_V001, ViewLayer | Synchronizing object | LEFT_EAR_bent_opaque_solid_with_true_bores
Fra:1 Mem:132.37M (Peak 132.37M) | Time:00:00.09 | Mem:0.00M, Peak:0.00M | CISCO_N9K_C9336C_FX2_V001, ViewLayer | Synchronizing object | LEFT_ear_M4_-284_10.8
Fra:1 Mem:132.39M (Peak 132.39M) | Time:00:00.09 | Mem:0.00M, Peak:0.00M | CISCO_N9K_C9336C_FX2_V001, ViewLayer | Synchronizing object | LEFT_ear_M4_-284_32.8
Fra:1 Mem:132.53M (Peak 132.53M) | Time:00:00.09 | Mem:0.00M, Peak:0.00M | CISCO_N9K_C9336C_FX2_V001, ViewLayer | Synchronizing object | LEFT_ear_M4_-256_10.8
Fra:1 Mem:132.66M (Peak 132.66M) | Time:00:00.09 | Mem:0.00M, Peak:0.00M | CISCO_N9K_C9336C_FX2_V001, ViewLayer | Synchronizing object | LEFT_ear_M4_-256_32.8
Fra:1 Mem:132.65M (Peak 132.66M) | Time:00:00.09 | Mem:0.00M, Peak:0.00M | CISCO_N9K_C9336C_FX2_V001, ViewLayer | Synchronizing object | RIGHT_EAR_bent_opaque_solid_with_true_bores
Fra:1 Mem:133.06M (Peak 133.06M) | Time:00:00.09 | Mem:0.00M, Peak:0.00M | CISCO_N9K_C9336C_FX2_V001, ViewLayer | Synchronizing object | RIGHT_ear_M4_-284_10.8
Fra:1 Mem:134.85M (Peak 134.85M) | Time:00:00.09 | Mem:0.00M, Peak:0.00M | CISCO_N9K_C9336C_FX2_V001, ViewLayer | Synchronizing object | RIGHT_ear_M4_-284_32.8
Fra:1 Mem:134.98M (Peak 134.98M) | Time:00:00.09 | Mem:0.00M, Peak:0.00M | CISCO_N9K_C9336C_FX2_V001, ViewLayer | Synchronizing object | RIGHT_ear_M4_-256_10.8
Fra:1 Mem:137.06M (Peak 137.06M) | Time:00:00.09 | Mem:0.00M, Peak:0.00M | CISCO_N9K_C9336C_FX2_V001, ViewLayer | Synchronizing object | RIGHT_ear_M4_-256_32.8
Fra:1 Mem:137.08M (Peak 137.08M) | Time:00:00.09 | Mem:0.00M, Peak:0.00M | CISCO_N9K_C9336C_FX2_V001, ViewLayer | Synchronizing object | Pair01_stainless_shell_29mm_deep
Fra:1 Mem:137.11M (Peak 137.11M) | Time:00:00.09 | Mem:0.00M, Peak:0.00M | CISCO_N9K_C9336C_FX2_V001, ViewLayer | Synchronizing object | Pair01_front_separator_true_perforations
Fra:1 Mem:137.13M (Peak 137.13M) | Time:00:00.09 | Mem:0.00M, Peak:0.00M | CISCO_N9K_C9336C_FX2_V001, ViewLayer | Synchronizing object | Pair01_internal_cooling_shelf
Fra:1 Mem:137.27M (Peak 137.27M) | Time:00:00.09 | Mem:0.00M, Peak:0.00M | CISCO_N9K_C9336C_FX2_V001, ViewLayer | Synchronizing object | Port01_recessed_connector_stop
Fra:1 Mem:137.30M (Peak 137.30M) | Time:00:00.09 | Mem:0.00M, Peak:0.00M | CISCO_N9K_C9336C_FX2_V001, ViewLayer | Synchronizing object | Port01_connector_contact_surround
Fra:1 Mem:137.31M (Peak 137.31M) | Time:00:00.09 | Mem:0.00M, Peak:0.00M | CISCO_N9K_C9336C_FX2_V001, ViewLayer | Synchronizing object | Port01_guide_-1_-4.25
Fra:1 Mem:137.49M (Peak 137.49M) | Time:00:00.09 | Mem:0.00M, Peak:0.00M | CISCO_N9K_C9336C_FX2_V001, ViewLayer | Synchronizing object | Port01_guide_-1_4.25
Fra:1 Mem:138.08M (Peak 138.08M) | Time:00:00.09 | Mem:0.00M, Peak:0.00M | CISCO_N9K_C9336C_FX2_V001, ViewLayer | Synchronizing object | Port01_spring_-1_-2.8
Fra:1 Mem:138.09M (Peak 138.09M) | Time:00:00.09 | Mem:0.00M, Peak:0.00M | CISCO_N9K_C9336C_FX2_V001, ViewLayer | Synchronizing object | Port01_spring_-1_0
Fra:1 Mem:138.11M (Peak 138.11M) | Time:00:00.09 | Mem:0.00M, Peak:0.00M | CISCO_N9K_C9336C_FX2_V001, ViewLayer | Synchronizing object | Port01_spring_-1_2.8
Fra:1 Mem:138.13M (Peak 138.13M) | Time:00:00.09 | Mem:0.00M, Peak:0.00M | CISCO_N9K_C9336C_FX2_V001, ViewLayer | Synchronizing object | Port01_guide_1_-4.25
Fra:1 Mem:138.14M (Peak 138.14M) | Time:00:00.09 | Mem:0.00M, Peak:0.00M | CISCO_N9K_C9336C_FX2_V001, ViewLayer | Synchronizing object | Port01_guide_1_4.25
Fra:1 Mem:138.71M (Peak 138.71M) | Time:00:00.09 | Mem:0.00M, Peak:0.00M | CISCO_N9K_C9336C_FX2_V001, ViewLayer | Synchronizing object | Port01_spring_1_-2.8
Fra:1 Mem:138.72M (Peak 138.72M) | Time:00:00.09 | Mem:0.00M, Peak:0.00M | CISCO_N9K_C9336C_FX2_V001, ViewLayer | Synchronizing object | Port01_spring_1_0
Fra:1 Mem:138.74M (Peak 138.74M) | Time:00:00.09 | Mem:0.00M, Peak:0.00M | CISCO_N9K_C9336C_FX2_V001, ViewLayer | Synchronizing object | Port01_spring_1_2.8
Fra:1 Mem:140.20M (Peak 140.20M) | Time:00:00.09 | Mem:0.00M, Peak:0.00M | CISCO_N9K_C9336C_FX2_V001, ViewLayer | Synchronizing object | Port01_subtle_recessed_contact_row
Fra:1 Mem:140.22M (Peak 140.22M) | Time:00:00.09 | Mem:0.00M, Peak:0.00M | CISCO_N9K_C9336C_FX2_V001, ViewLayer | Synchronizing object | Port02_recessed_connector_stop
Fra:1 Mem:140.23M (Peak 140.23M) | Time:00:00.09 | Mem:0.00M, Peak:0.00M | CISCO_N9K_C9336C_FX2_V001, ViewLayer | Synchronizing object | Port02_connector_contact_surround
Fra:1 Mem:140.24M (Peak 140.24M) | Time:00:00.09 | Mem:0.00M, Peak:0.00M | CISCO_N9K_C9336C_FX2_V001, ViewLayer | Synchronizing object | Port02_guide_-1_-4.25
Fra:1 Mem:140.25M (Peak 140.25M) | Time:00:00.09 | Mem:0.00M, Peak:0.00M | CISCO_N9K_C9336C_FX2_V001, ViewLayer | Synchronizing object | Port02_guide_-1_4.25
Fra:1 Mem:140.27M (Peak 140.27M) | Time:00:00.09 | Mem:0.00M, Peak:0.00M | CISCO_N9K_C9336C_FX2_V001, ViewLayer | Synchronizing object | Port02_spring_-1_-2.8
Fra:1 Mem:140.28M (Peak 140.28M) | Time:00:00.09 | Mem:0.00M, Peak:0.00M | CISCO_N9K_C9336C_FX2_V001, ViewLayer | Synchronizing object | Port02_spring_-1_0
Fra:1 Mem:140.30M (Peak 140.30M) | Time:00:00.09 | Mem:0.00M, Peak:0.00M | CISCO_N9K_C9336C_FX2_V001, ViewLayer | Synchronizing object | Port02_spring_-1_2.8
Fra:1 Mem:140.32M (Peak 140.32M) | Time:00:00.09 | Mem:0.00M, Peak:0.00M | CISCO_N9K_C9336C_FX2_V001, ViewLayer | Synchronizing object | Port02_guide_1_-4.25
Fra:1 Mem:140.33M (Peak 140.33M) | Time:00:00.09 | Mem:0.00M, Peak:0.00M | CISCO_N9K_C9336C_FX2_V001, ViewLayer | Synchronizing object | Port02_guide_1_4.25
Fra:1 Mem:140.35M (Peak 140.35M) | Time:00:00.09 | Mem:0.00M, Peak:0.00M | CISCO_N9K_C9336C_FX2_V001, ViewLayer | Synchronizing object | Port02_spring_1_-2.8
Fra:1 Mem:140.64M (Peak 140.64M) | Time:00:00.09 | Mem:0.00M, Peak:0.00M | CISCO_N9K_C9336C_FX2_V001, ViewLayer | Synchronizing object | Port02_spring_1_0
Fra:1 Mem:140.66M (Peak 140.66M) | Time:00:00.09 | Mem:0.00M, Peak:0.00M | CISCO_N9K_C9336C_FX2_V001, ViewLayer | Synchronizing object | Port02_spring_1_2.8
Fra:1 Mem:140.68M (Peak 140.68M) | Time:00:00.09 | Mem:0.00M, Peak:0.00M | CISCO_N9K_C9336C_FX2_V001, ViewLayer | Synchronizing object | Port02_subtle_recessed_contact_row
Fra:1 Mem:140.69M (Peak 140.69M) | Time:00:00.09 | Mem:0.00M, Peak:0.00M | CISCO_N9K_C9336C_FX2_V001, ViewLayer | Synchronizing object | Fan1_rotor_housing_-1
Fra:1 Mem:140.70M (Peak 140.70M) | Time:00:00.09 | Mem:0.00M, Peak:0.00M | CISCO_N9K_C9336C_FX2_V001, ViewLayer | Synchronizing object | Fan1_hub_-1
Fra:1 Mem:140.71M (Peak 140.71M) | Time:00:00.09 | Mem:0.00M, Peak:0.00M | CISCO_N9K_C9336C_FX2_V001, ViewLayer | Synchronizing object | Fan1_blade_-1_0
Fra:1 Mem:140.71M (Peak 140.71M) | Time:00:00.09 | Mem:0.00M, Peak:0.00M | CISCO_N9K_C9336C_FX2_V001, ViewLayer | Synchronizing object | Fan1_blade_-1_1
Fra:1 Mem:140.71M (Peak 140.71M) | Time:00:00.09 | Mem:0.00M, Peak:0.00M | CISCO_N9K_C9336C_FX2_V001, ViewLayer | Synchronizing object | Fan1_blade_-1_2
Fra:1 Mem:140.71M (Peak 140.71M) | Time:00:00.09 | Mem:0.00M, Peak:0.00M | CISCO_N9K_C9336C_FX2_V001, ViewLayer | Synchronizing object | Fan1_blade_-1_3
Fra:1 Mem:140.71M (Peak 140.71M) | Time:00:00.09 | Mem:0.00M, Peak:0.00M | CISCO_N9K_C9336C_FX2_V001, ViewLayer | Synchronizing object | Fan1_blade_-1_4
Fra:1 Mem:140.71M (Peak 140.71M) | Time:00:00.09 | Mem:0.00M, Peak:0.00M | CISCO_N9K_C9336C_FX2_V001, ViewLayer | Synchronizing object | Fan1_blade_-1_5
Fra:1 Mem:140.71M (Peak 140.71M) | Time:00:00.09 | Mem:0.00M, Peak:0.00M | CISCO_N9K_C9336C_FX2_V001, ViewLayer | Synchronizing object | Fan1_blade_-1_6
Fra:1 Mem:140.71M (Peak 140.71M) | Time:00:00.09 | Mem:0.00M, Peak:0.00M | CISCO_N9K_C9336C_FX2_V001, ViewLayer | Synchronizing object | Fan1_top_retention_rail_-1
Fra:1 Mem:140.72M (Peak 140.72M) | Time:00:00.09 | Mem:0.00M, Peak:0.00M | CISCO_N9K_C9336C_FX2_V001, ViewLayer | Synchronizing object | Fan1_rear_power_contact_block_-1
Fra:1 Mem:140.73M (Peak 140.73M) | Time:00:00.09 | Mem:0.00M, Peak:0.00M | CISCO_N9K_C9336C_FX2_V001, ViewLayer | Synchronizing object | Fan1_rotor_housing_1
Fra:1 Mem:140.74M (Peak 140.74M) | Time:00:00.09 | Mem:0.00M, Peak:0.00M | CISCO_N9K_C9336C_FX2_V001, ViewLayer | Synchronizing object | Fan1_hub_1
Fra:1 Mem:140.75M (Peak 140.75M) | Time:00:00.09 | Mem:0.00M, Peak:0.00M | CISCO_N9K_C9336C_FX2_V001, ViewLayer | Synchronizing object | Fan1_blade_1_0
Fra:1 Mem:140.75M (Peak 140.75M) | Time:00:00.09 | Mem:0.00M, Peak:0.00M | CISCO_N9K_C9336C_FX2_V001, ViewLayer | Synchronizing object | Fan1_blade_1_1
Fra:1 Mem:140.75M (Peak 140.75M) | Time:00:00.09 | Mem:0.00M, Peak:0.00M | CISCO_N9K_C9336C_FX2_V001, ViewLayer | Synchronizing object | Fan1_blade_1_2
Fra:1 Mem:140.75M (Peak 140.75M) | Time:00:00.09 | Mem:0.00M, Peak:0.00M | CISCO_N9K_C9336C_FX2_V001, ViewLayer | Synchronizing object | Fan1_blade_1_3
Fra:1 Mem:140.75M (Peak 140.75M) | Time:00:00.09 | Mem:0.00M, Peak:0.00M | CISCO_N9K_C9336C_FX2_V001, ViewLayer | Synchronizing object | Fan1_blade_1_4
Fra:1 Mem:142.42M (Peak 142.42M) | Time:00:00.09 | Mem:0.00M, Peak:0.00M | CISCO_N9K_C9336C_FX2_V001, ViewLayer | Synchronizing object | Fan1_blade_1_5
Fra:1 Mem:142.42M (Peak 142.42M) | Time:00:00.09 | Mem:0.00M, Peak:0.00M | CISCO_N9K_C9336C_FX2_V001, ViewLayer | Synchronizing object | Fan1_blade_1_6
Fra:1 Mem:142.42M (Peak 142.42M) | Time:00:00.09 | Mem:0.00M, Peak:0.00M | CISCO_N9K_C9336C_FX2_V001, ViewLayer | Synchronizing object | Fan1_top_retention_rail_1
Fra:1 Mem:142.43M (Peak 142.43M) | Time:00:00.09 | Mem:0.00M, Peak:0.00M | CISCO_N9K_C9336C_FX2_V001, ViewLayer | Synchronizing object | Fan1_rear_power_contact_block_1
Fra:1 Mem:142.44M (Peak 142.44M) | Time:00:00.09 | Mem:0.00M, Peak:0.00M | CISCO_N9K_C9336C_FX2_V001, ViewLayer | Synchronizing object | Fan1_front_frame
Fra:1 Mem:142.45M (Peak 142.45M) | Time:00:00.09 | Mem:0.00M, Peak:0.00M | CISCO_N9K_C9336C_FX2_V001, ViewLayer | Synchronizing object | Fan1_true_honeycomb_front_grille
Fra:1 Mem:142.45M (Peak 142.45M) | Time:00:00.09 | Mem:0.00M, Peak:0.00M | CISCO_N9K_C9336C_FX2_V001, ViewLayer | Synchronizing object | Fan1_molded_trapezoid_pull_handle
Fra:1 Mem:142.64M (Peak 142.64M) | Time:00:00.09 | Mem:0.00M, Peak:0.00M | CISCO_N9K_C9336C_FX2_V001, ViewLayer | Synchronizing object | Fan1_BLUE_release_latch_-1
Fra:1 Mem:142.96M (Peak 142.96M) | Time:00:00.09 | Mem:0.00M, Peak:0.00M | CISCO_N9K_C9336C_FX2_V001, ViewLayer | Synchronizing object | Fan1_latch_thumb_flare_-1
Fra:1 Mem:142.97M (Peak 142.97M) | Time:00:00.09 | Mem:0.00M, Peak:0.00M | CISCO_N9K_C9336C_FX2_V001, ViewLayer | Synchronizing object | Fan1_BLUE_release_latch_1
Fra:1 Mem:142.97M (Peak 142.97M) | Time:00:00.09 | Mem:0.00M, Peak:0.00M | CISCO_N9K_C9336C_FX2_V001, ViewLayer | Synchronizing object | Fan1_latch_thumb_flare_1
Fra:1 Mem:143.08M (Peak 143.08M) | Time:00:00.09 | Mem:0.00M, Peak:0.00M | CISCO_N9K_C9336C_FX2_V001, ViewLayer | Synchronizing object | Fan1_PID_label_recess
Fra:1 Mem:143.08M (Peak 143.08M) | Time:00:00.09 | Mem:0.00M, Peak:0.00M | CISCO_N9K_C9336C_FX2_V001, ViewLayer | Synchronizing object | Fan1_known_PID
Fra:1 Mem:143.11M (Peak 143.11M) | Time:00:00.09 | Mem:0.00M, Peak:0.00M | CISCO_N9K_C9336C_FX2_V001, ViewLayer | Synchronizing object | Fan1_flush_lock_pin_-39
Fra:1 Mem:143.22M (Peak 143.22M) | Time:00:00.09 | Mem:0.00M, Peak:0.00M | CISCO_N9K_C9336C_FX2_V001, ViewLayer | Synchronizing object | Fan1_flush_lock_pin_39
Fra:1 Mem:143.23M (Peak 143.23M) | Time:00:00.09 | Mem:0.00M, Peak:0.00M | CISCO_N9K_C9336C_FX2_V001, ViewLayer | Synchronizing object | Fan2_rotor_housing_-1
Fra:1 Mem:143.24M (Peak 143.24M) | Time:00:00.09 | Mem:0.00M, Peak:0.00M | CISCO_N9K_C9336C_FX2_V001, ViewLayer | Synchronizing object | Fan2_hub_-1
Fra:1 Mem:143.25M (Peak 143.25M) | Time:00:00.09 | Mem:0.00M, Peak:0.00M | CISCO_N9K_C9336C_FX2_V001, ViewLayer | Synchronizing object | Fan2_blade_-1_0
Fra:1 Mem:143.25M (Peak 143.25M) | Time:00:00.09 | Mem:0.00M, Peak:0.00M | CISCO_N9K_C9336C_FX2_V001, ViewLayer | Synchronizing object | Fan2_blade_-1_1
Fra:1 Mem:143.25M (Peak 143.25M) | Time:00:00.09 | Mem:0.00M, Peak:0.00M | CISCO_N9K_C9336C_FX2_V001, ViewLayer | Synchronizing object | Fan2_blade_-1_2
Fra:1 Mem:143.30M (Peak 143.30M) | Time:00:00.09 | Mem:0.00M, Peak:0.00M | CISCO_N9K_C9336C_FX2_V001, ViewLayer | Synchronizing object | Fan2_blade_-1_3
Fra:1 Mem:143.30M (Peak 143.30M) | Time:00:00.09 | Mem:0.00M, Peak:0.00M | CISCO_N9K_C9336C_FX2_V001, ViewLayer | Synchronizing object | Fan2_blade_-1_4
Fra:1 Mem:143.61M (Peak 143.61M) | Time:00:00.09 | Mem:0.00M, Peak:0.00M | CISCO_N9K_C9336C_FX2_V001, ViewLayer | Synchronizing object | Fan2_blade_-1_5
Fra:1 Mem:143.61M (Peak 143.61M) | Time:00:00.09 | Mem:0.00M, Peak:0.00M | CISCO_N9K_C9336C_FX2_V001, ViewLayer | Synchronizing object | Fan2_blade_-1_6
Fra:1 Mem:143.61M (Peak 143.61M) | Time:00:00.09 | Mem:0.00M, Peak:0.00M | CISCO_N9K_C9336C_FX2_V001, ViewLayer | Synchronizing object | Fan2_top_retention_rail_-1
Fra:1 Mem:143.62M (Peak 143.62M) | Time:00:00.09 | Mem:0.00M, Peak:0.00M | CISCO_N9K_C9336C_FX2_V001, ViewLayer | Synchronizing object | Fan2_rear_power_contact_block_-1
Fra:1 Mem:143.63M (Peak 143.63M) | Time:00:00.09 | Mem:0.00M, Peak:0.00M | CISCO_N9K_C9336C_FX2_V001, ViewLayer | Synchronizing object | Fan2_rotor_housing_1
Fra:1 Mem:143.64M (Peak 143.64M) | Time:00:00.09 | Mem:0.00M, Peak:0.00M | CISCO_N9K_C9336C_FX2_V001, ViewLayer | Synchronizing object | Fan2_hub_1
Fra:1 Mem:143.65M (Peak 143.65M) | Time:00:00.09 | Mem:0.00M, Peak:0.00M | CISCO_N9K_C9336C_FX2_V001, ViewLayer | Synchronizing object | Fan2_blade_1_0
Fra:1 Mem:143.65M (Peak 143.65M) | Time:00:00.09 | Mem:0.00M, Peak:0.00M | CISCO_N9K_C9336C_FX2_V001, ViewLayer | Synchronizing object | Fan2_blade_1_1
Fra:1 Mem:143.65M (Peak 143.65M) | Time:00:00.09 | Mem:0.00M, Peak:0.00M | CISCO_N9K_C9336C_FX2_V001, ViewLayer | Synchronizing object | Fan2_blade_1_2
Fra:1 Mem:143.65M (Peak 143.65M) | Time:00:00.09 | Mem:0.00M, Peak:0.00M | CISCO_N9K_C9336C_FX2_V001, ViewLayer | Synchronizing object | Fan2_blade_1_3
Fra:1 Mem:143.65M (Peak 143.65M) | Time:00:00.09 | Mem:0.00M, Peak:0.00M | CISCO_N9K_C9336C_FX2_V001, ViewLayer | Synchronizing object | Fan2_blade_1_4
Fra:1 Mem:143.65M (Peak 143.65M) | Time:00:00.09 | Mem:0.00M, Peak:0.00M | CISCO_N9K_C9336C_FX2_V001, ViewLayer | Synchronizing object | Fan2_blade_1_5
Fra:1 Mem:144.26M (Peak 144.26M) | Time:00:00.09 | Mem:0.00M, Peak:0.00M | CISCO_N9K_C9336C_FX2_V001, ViewLayer | Synchronizing object | Fan2_blade_1_6
Fra:1 Mem:144.26M (Peak 144.26M) | Time:00:00.09 | Mem:0.00M, Peak:0.00M | CISCO_N9K_C9336C_FX2_V001, ViewLayer | Synchronizing object | Fan2_top_retention_rail_1
Fra:1 Mem:144.27M (Peak 144.27M) | Time:00:00.09 | Mem:0.00M, Peak:0.00M | CISCO_N9K_C9336C_FX2_V001, ViewLayer | Synchronizing object | Fan2_rear_power_contact_block_1
Fra:1 Mem:144.28M (Peak 144.28M) | Time:00:00.09 | Mem:0.00M, Peak:0.00M | CISCO_N9K_C9336C_FX2_V001, ViewLayer | Synchronizing object | Fan2_front_frame
Fra:1 Mem:144.46M (Peak 144.46M) | Time:00:00.09 | Mem:0.00M, Peak:0.00M | CISCO_N9K_C9336C_FX2_V001, ViewLayer | Synchronizing object | Fan2_true_honeycomb_front_grille
Fra:1 Mem:144.50M (Peak 144.50M) | Time:00:00.09 | Mem:0.00M, Peak:0.00M | CISCO_N9K_C9336C_FX2_V001, ViewLayer | Synchronizing object | Fan2_molded_trapezoid_pull_handle
Fra:1 Mem:144.54M (Peak 144.54M) | Time:00:00.09 | Mem:0.00M, Peak:0.00M | CISCO_N9K_C9336C_FX2_V001, ViewLayer | Synchronizing object | Fan2_BLUE_release_latch_-1
Fra:1 Mem:144.89M (Peak 144.89M) | Time:00:00.09 | Mem:0.00M, Peak:0.00M | CISCO_N9K_C9336C_FX2_V001, ViewLayer | Synchronizing object | Fan2_latch_thumb_flare_-1
Fra:1 Mem:144.90M (Peak 144.90M) | Time:00:00.09 | Mem:0.00M, Peak:0.00M | CISCO_N9K_C9336C_FX2_V001, ViewLayer | Synchronizing object | Fan2_BLUE_release_latch_1
Fra:1 Mem:144.90M (Peak 144.90M) | Time:00:00.09 | Mem:0.00M, Peak:0.00M | CISCO_N9K_C9336C_FX2_V001, ViewLayer | Synchronizing object | Fan2_latch_thumb_flare_1
Fra:1 Mem:144.91M (Peak 144.91M) | Time:00:00.09 | Mem:0.00M, Peak:0.00M | CISCO_N9K_C9336C_FX2_V001, ViewLayer | Synchronizing object | Fan2_PID_label_recess
Fra:1 Mem:145.01M (Peak 145.01M) | Time:00:00.09 | Mem:0.00M, Peak:0.00M | CISCO_N9K_C9336C_FX2_V001, ViewLayer | Synchronizing object | Fan2_known_PID
Fra:1 Mem:145.02M (Peak 145.02M) | Time:00:00.09 | Mem:0.00M, Peak:0.00M | CISCO_N9K_C9336C_FX2_V001, ViewLayer | Synchronizing object | Fan2_flush_lock_pin_-39
Fra:1 Mem:145.05M (Peak 145.05M) | Time:00:00.09 | Mem:0.00M, Peak:0.00M | CISCO_N9K_C9336C_FX2_V001, ViewLayer | Synchronizing object | Fan2_flush_lock_pin_39
Fra:1 Mem:145.06M (Peak 145.06M) | Time:00:00.09 | Mem:0.00M, Peak:0.00M | CISCO_N9K_C9336C_FX2_V001, ViewLayer | Synchronizing object | Fan3_rotor_housing_-1
Fra:1 Mem:145.07M (Peak 145.07M) | Time:00:00.09 | Mem:0.00M, Peak:0.00M | CISCO_N9K_C9336C_FX2_V001, ViewLayer | Synchronizing object | Fan3_hub_-1
Fra:1 Mem:145.23M (Peak 145.23M) | Time:00:00.09 | Mem:0.00M, Peak:0.00M | CISCO_N9K_C9336C_FX2_V001, ViewLayer | Synchronizing object | Fan3_blade_-1_0
Fra:1 Mem:145.23M (Peak 145.23M) | Time:00:00.09 | Mem:0.00M, Peak:0.00M | CISCO_N9K_C9336C_FX2_V001, ViewLayer | Synchronizing object | Fan3_blade_-1_1
Fra:1 Mem:145.23M (Peak 145.23M) | Time:00:00.09 | Mem:0.00M, Peak:0.00M | CISCO_N9K_C9336C_FX2_V001, ViewLayer | Synchronizing object | Fan3_blade_-1_2
Fra:1 Mem:145.29M (Peak 145.29M) | Time:00:00.09 | Mem:0.00M, Peak:0.00M | CISCO_N9K_C9336C_FX2_V001, ViewLayer | Synchronizing object | Fan3_blade_-1_3
Fra:1 Mem:145.59M (Peak 145.59M) | Time:00:00.09 | Mem:0.00M, Peak:0.00M | CISCO_N9K_C9336C_FX2_V001, ViewLayer | Synchronizing object | Fan3_blade_-1_4
Fra:1 Mem:146.34M (Peak 146.34M) | Time:00:00.09 | Mem:0.00M, Peak:0.00M | CISCO_N9K_C9336C_FX2_V001, ViewLayer | Synchronizing object | Fan3_blade_-1_5
Fra:1 Mem:146.34M (Peak 146.34M) | Time:00:00.09 | Mem:0.00M, Peak:0.00M | CISCO_N9K_C9336C_FX2_V001, ViewLayer | Synchronizing object | Fan3_blade_-1_6
Fra:1 Mem:150.28M (Peak 150.28M) | Time:00:00.09 | Mem:0.00M, Peak:0.00M | CISCO_N9K_C9336C_FX2_V001, ViewLayer | Synchronizing object | Fan3_top_retention_rail_-1
Fra:1 Mem:150.30M (Peak 150.30M) | Time:00:00.09 | Mem:0.00M, Peak:0.00M | CISCO_N9K_C9336C_FX2_V001, ViewLayer | Synchronizing object | Fan3_rear_power_contact_block_-1
Fra:1 Mem:150.31M (Peak 150.31M) | Time:00:00.09 | Mem:0.00M, Peak:0.00M | CISCO_N9K_C9336C_FX2_V001, ViewLayer | Synchronizing object | Fan3_rotor_housing_1
Fra:1 Mem:150.31M (Peak 150.31M) | Time:00:00.09 | Mem:0.00M, Peak:0.00M | CISCO_N9K_C9336C_FX2_V001, ViewLayer | Synchronizing object | Fan3_hub_1
Fra:1 Mem:150.32M (Peak 150.32M) | Time:00:00.09 | Mem:0.00M, Peak:0.00M | CISCO_N9K_C9336C_FX2_V001, ViewLayer | Synchronizing object | Fan3_blade_1_0
Fra:1 Mem:150.33M (Peak 150.33M) | Time:00:00.09 | Mem:0.00M, Peak:0.00M | CISCO_N9K_C9336C_FX2_V001, ViewLayer | Synchronizing object | Fan3_blade_1_1
Fra:1 Mem:150.33M (Peak 150.33M) | Time:00:00.09 | Mem:0.00M, Peak:0.00M | CISCO_N9K_C9336C_FX2_V001, ViewLayer | Synchronizing object | Fan3_blade_1_2
Fra:1 Mem:150.33M (Peak 150.33M) | Time:00:00.09 | Mem:0.00M, Peak:0.00M | CISCO_N9K_C9336C_FX2_V001, ViewLayer | Synchronizing object | Fan3_blade_1_3
Fra:1 Mem:150.48M (Peak 150.48M) | Time:00:00.09 | Mem:0.00M, Peak:0.00M | CISCO_N9K_C9336C_FX2_V001, ViewLayer | Synchronizing object | Fan3_blade_1_4
Fra:1 Mem:150.48M (Peak 150.48M) | Time:00:00.09 | Mem:0.00M, Peak:0.00M | CISCO_N9K_C9336C_FX2_V001, ViewLayer | Synchronizing object | Fan3_blade_1_5
Fra:1 Mem:150.48M (Peak 150.48M) | Time:00:00.09 | Mem:0.00M, Peak:0.00M | CISCO_N9K_C9336C_FX2_V001, ViewLayer | Synchronizing object | Fan3_blade_1_6
Fra:1 Mem:150.48M (Peak 150.48M) | Time:00:00.09 | Mem:0.00M, Peak:0.00M | CISCO_N9K_C9336C_FX2_V001, ViewLayer | Synchronizing object | Fan3_top_retention_rail_1
Fra:1 Mem:150.49M (Peak 150.49M) | Time:00:00.09 | Mem:0.00M, Peak:0.00M | CISCO_N9K_C9336C_FX2_V001, ViewLayer | Synchronizing object | Fan3_rear_power_contact_block_1
Fra:1 Mem:150.50M (Peak 150.50M) | Time:00:00.09 | Mem:0.00M, Peak:0.00M | CISCO_N9K_C9336C_FX2_V001, ViewLayer | Synchronizing object | Fan3_front_frame
Fra:1 Mem:150.51M (Peak 150.51M) | Time:00:00.09 | Mem:0.00M, Peak:0.00M | CISCO_N9K_C9336C_FX2_V001, ViewLayer | Synchronizing object | Fan3_true_honeycomb_front_grille
Fra:1 Mem:155.43M (Peak 155.43M) | Time:00:00.09 | Mem:0.00M, Peak:0.00M | CISCO_N9K_C9336C_FX2_V001, ViewLayer | Synchronizing object | Original_photo_top_chassis_label
Fra:1 Mem:155.59M (Peak 155.59M) | Time:00:00.09 | Mem:0.00M, Peak:0.00M | CISCO_N9K_C9336C_FX2_V001, ViewLayer | Synchronizing object | Fan3_molded_trapezoid_pull_handle
Fra:1 Mem:155.63M (Peak 155.63M) | Time:00:00.09 | Mem:0.00M, Peak:0.00M | CISCO_N9K_C9336C_FX2_V001, ViewLayer | Synchronizing object | Port_pair_18_direction_1
Fra:1 Mem:155.63M (Peak 155.63M) | Time:00:00.09 | Mem:0.00M, Peak:0.00M | CISCO_N9K_C9336C_FX2_V001, ViewLayer | Synchronizing object | Port_pair_18_direction_-1
Fra:1 Mem:155.73M (Peak 155.73M) | Time:00:00.09 | Mem:0.00M, Peak:0.00M | CISCO_N9K_C9336C_FX2_V001, ViewLayer | Synchronizing object | PORT_NUMBER_36
Fra:1 Mem:155.74M (Peak 155.74M) | Time:00:00.09 | Mem:0.00M, Peak:0.00M | CISCO_N9K_C9336C_FX2_V001, ViewLayer | Synchronizing object | PORT_NUMBER_35
Fra:1 Mem:155.75M (Peak 155.75M) | Time:00:00.09 | Mem:0.00M, Peak:0.00M | CISCO_N9K_C9336C_FX2_V001, ViewLayer | Synchronizing object | Port_pair_17_direction_1
Fra:1 Mem:155.75M (Peak 155.75M) | Time:00:00.09 | Mem:0.00M, Peak:0.00M | CISCO_N9K_C9336C_FX2_V001, ViewLayer | Synchronizing object | Port_pair_17_direction_-1
Fra:1 Mem:155.80M (Peak 155.80M) | Time:00:00.09 | Mem:0.00M, Peak:0.00M | CISCO_N9K_C9336C_FX2_V001, ViewLayer | Synchronizing object | PORT_NUMBER_34
Fra:1 Mem:155.81M (Peak 155.81M) | Time:00:00.09 | Mem:0.00M, Peak:0.00M | CISCO_N9K_C9336C_FX2_V001, ViewLayer | Synchronizing object | PORT_NUMBER_33
Fra:1 Mem:155.82M (Peak 155.82M) | Time:00:00.09 | Mem:0.00M, Peak:0.00M | CISCO_N9K_C9336C_FX2_V001, ViewLayer | Synchronizing object | Port_pair_16_direction_1
Fra:1 Mem:155.82M (Peak 155.82M) | Time:00:00.09 | Mem:0.00M, Peak:0.00M | CISCO_N9K_C9336C_FX2_V001, ViewLayer | Synchronizing object | Port_pair_16_direction_-1
Fra:1 Mem:156.12M (Peak 156.12M) | Time:00:00.09 | Mem:0.00M, Peak:0.00M | CISCO_N9K_C9336C_FX2_V001, ViewLayer | Synchronizing object | PORT_NUMBER_32
Fra:1 Mem:156.13M (Peak 156.13M) | Time:00:00.09 | Mem:0.00M, Peak:0.00M | CISCO_N9K_C9336C_FX2_V001, ViewLayer | Synchronizing object | PORT_NUMBER_31
Fra:1 Mem:156.14M (Peak 156.14M) | Time:00:00.09 | Mem:0.00M, Peak:0.00M | CISCO_N9K_C9336C_FX2_V001, ViewLayer | Synchronizing object | Port_pair_15_direction_1
Fra:1 Mem:156.14M (Peak 156.14M) | Time:00:00.09 | Mem:0.00M, Peak:0.00M | CISCO_N9K_C9336C_FX2_V001, ViewLayer | Synchronizing object | Port_pair_15_direction_-1
Fra:1 Mem:156.14M (Peak 156.14M) | Time:00:00.09 | Mem:0.00M, Peak:0.00M | CISCO_N9K_C9336C_FX2_V001, ViewLayer | Synchronizing object | PORT_NUMBER_30
Fra:1 Mem:156.15M (Peak 156.15M) | Time:00:00.09 | Mem:0.00M, Peak:0.00M | CISCO_N9K_C9336C_FX2_V001, ViewLayer | Synchronizing object | PORT_NUMBER_29
Fra:1 Mem:156.16M (Peak 156.16M) | Time:00:00.09 | Mem:0.00M, Peak:0.00M | CISCO_N9K_C9336C_FX2_V001, ViewLayer | Synchronizing object | Port_pair_14_direction_1
Fra:1 Mem:156.16M (Peak 156.16M) | Time:00:00.09 | Mem:0.00M, Peak:0.00M | CISCO_N9K_C9336C_FX2_V001, ViewLayer | Synchronizing object | Port_pair_14_direction_-1
Fra:1 Mem:156.16M (Peak 156.16M) | Time:00:00.09 | Mem:0.00M, Peak:0.00M | CISCO_N9K_C9336C_FX2_V001, ViewLayer | Synchronizing object | PORT_NUMBER_28
Fra:1 Mem:156.17M (Peak 156.17M) | Time:00:00.09 | Mem:0.00M, Peak:0.00M | CISCO_N9K_C9336C_FX2_V001, ViewLayer | Synchronizing object | PORT_NUMBER_27
Fra:1 Mem:156.18M (Peak 156.18M) | Time:00:00.09 | Mem:0.00M, Peak:0.00M | CISCO_N9K_C9336C_FX2_V001, ViewLayer | Synchronizing object | Port_pair_13_direction_1
Fra:1 Mem:156.18M (Peak 156.18M) | Time:00:00.09 | Mem:0.00M, Peak:0.00M | CISCO_N9K_C9336C_FX2_V001, ViewLayer | Synchronizing object | Port_pair_13_direction_-1
Fra:1 Mem:156.18M (Peak 156.18M) | Time:00:00.09 | Mem:0.00M, Peak:0.00M | CISCO_N9K_C9336C_FX2_V001, ViewLayer | Synchronizing object | PORT_NUMBER_26
Fra:1 Mem:156.19M (Peak 156.19M) | Time:00:00.09 | Mem:0.00M, Peak:0.00M | CISCO_N9K_C9336C_FX2_V001, ViewLayer | Synchronizing object | PORT_NUMBER_25
Fra:1 Mem:156.20M (Peak 156.20M) | Time:00:00.09 | Mem:0.00M, Peak:0.00M | CISCO_N9K_C9336C_FX2_V001, ViewLayer | Synchronizing object | Port_pair_12_direction_1
Fra:1 Mem:156.20M (Peak 156.20M) | Time:00:00.09 | Mem:0.00M, Peak:0.00M | CISCO_N9K_C9336C_FX2_V001, ViewLayer | Synchronizing object | Port_pair_12_direction_-1
Fra:1 Mem:156.20M (Peak 156.20M) | Time:00:00.09 | Mem:0.00M, Peak:0.00M | CISCO_N9K_C9336C_FX2_V001, ViewLayer | Synchronizing object | PORT_NUMBER_24
Fra:1 Mem:156.20M (Peak 156.20M) | Time:00:00.09 | Mem:0.00M, Peak:0.00M | CISCO_N9K_C9336C_FX2_V001, ViewLayer | Synchronizing object | PORT_NUMBER_23
Fra:1 Mem:156.21M (Peak 156.21M) | Time:00:00.09 | Mem:0.00M, Peak:0.00M | CISCO_N9K_C9336C_FX2_V001, ViewLayer | Synchronizing object | Port_pair_11_direction_1
Fra:1 Mem:156.21M (Peak 156.21M) | Time:00:00.09 | Mem:0.00M, Peak:0.00M | CISCO_N9K_C9336C_FX2_V001, ViewLayer | Synchronizing object | Port_pair_11_direction_-1
Fra:1 Mem:156.22M (Peak 156.22M) | Time:00:00.09 | Mem:0.00M, Peak:0.00M | CISCO_N9K_C9336C_FX2_V001, ViewLayer | Synchronizing object | PORT_NUMBER_22
Fra:1 Mem:156.83M (Peak 156.83M) | Time:00:00.09 | Mem:0.00M, Peak:0.00M | CISCO_N9K_C9336C_FX2_V001, ViewLayer | Synchronizing object | PORT_NUMBER_21
Fra:1 Mem:156.83M (Peak 156.83M) | Time:00:00.09 | Mem:0.00M, Peak:0.00M | CISCO_N9K_C9336C_FX2_V001, ViewLayer | Synchronizing object | Port_pair_10_direction_1
Fra:1 Mem:156.83M (Peak 156.83M) | Time:00:00.09 | Mem:0.00M, Peak:0.00M | CISCO_N9K_C9336C_FX2_V001, ViewLayer | Synchronizing object | Port_pair_10_direction_-1
Fra:1 Mem:156.83M (Peak 156.83M) | Time:00:00.09 | Mem:0.00M, Peak:0.00M | CISCO_N9K_C9336C_FX2_V001, ViewLayer | Synchronizing object | PORT_NUMBER_20
Fra:1 Mem:156.84M (Peak 156.84M) | Time:00:00.09 | Mem:0.00M, Peak:0.00M | CISCO_N9K_C9336C_FX2_V001, ViewLayer | Synchronizing object | PORT_NUMBER_19
Fra:1 Mem:156.85M (Peak 156.85M) | Time:00:00.09 | Mem:0.00M, Peak:0.00M | CISCO_N9K_C9336C_FX2_V001, ViewLayer | Synchronizing object | Port_pair_9_direction_1
Fra:1 Mem:156.85M (Peak 156.85M) | Time:00:00.09 | Mem:0.00M, Peak:0.00M | CISCO_N9K_C9336C_FX2_V001, ViewLayer | Synchronizing object | Port_pair_9_direction_-1
Fra:1 Mem:156.85M (Peak 156.85M) | Time:00:00.09 | Mem:0.00M, Peak:0.00M | CISCO_N9K_C9336C_FX2_V001, ViewLayer | Synchronizing object | PORT_NUMBER_18
Fra:1 Mem:156.86M (Peak 156.86M) | Time:00:00.09 | Mem:0.00M, Peak:0.00M | CISCO_N9K_C9336C_FX2_V001, ViewLayer | Synchronizing object | PORT_NUMBER_17
Fra:1 Mem:156.86M (Peak 156.86M) | Time:00:00.09 | Mem:0.00M, Peak:0.00M | CISCO_N9K_C9336C_FX2_V001, ViewLayer | Synchronizing object | Port_pair_8_direction_1
Fra:1 Mem:156.86M (Peak 156.86M) | Time:00:00.09 | Mem:0.00M, Peak:0.00M | CISCO_N9K_C9336C_FX2_V001, ViewLayer | Synchronizing object | Port_pair_8_direction_-1
Fra:1 Mem:156.86M (Peak 156.86M) | Time:00:00.09 | Mem:0.00M, Peak:0.00M | CISCO_N9K_C9336C_FX2_V001, ViewLayer | Synchronizing object | PORT_NUMBER_16
Fra:1 Mem:156.87M (Peak 156.87M) | Time:00:00.09 | Mem:0.00M, Peak:0.00M | CISCO_N9K_C9336C_FX2_V001, ViewLayer | Synchronizing object | PORT_NUMBER_15
Fra:1 Mem:156.87M (Peak 156.87M) | Time:00:00.09 | Mem:0.00M, Peak:0.00M | CISCO_N9K_C9336C_FX2_V001, ViewLayer | Synchronizing object | Port_pair_7_direction_1
Fra:1 Mem:156.87M (Peak 156.87M) | Time:00:00.09 | Mem:0.00M, Peak:0.00M | CISCO_N9K_C9336C_FX2_V001, ViewLayer | Synchronizing object | Port_pair_7_direction_-1
Fra:1 Mem:156.87M (Peak 156.87M) | Time:00:00.09 | Mem:0.00M, Peak:0.00M | CISCO_N9K_C9336C_FX2_V001, ViewLayer | Synchronizing object | PORT_NUMBER_14
Fra:1 Mem:156.88M (Peak 156.88M) | Time:00:00.09 | Mem:0.00M, Peak:0.00M | CISCO_N9K_C9336C_FX2_V001, ViewLayer | Synchronizing object | PORT_NUMBER_13
Fra:1 Mem:156.88M (Peak 156.88M) | Time:00:00.09 | Mem:0.00M, Peak:0.00M | CISCO_N9K_C9336C_FX2_V001, ViewLayer | Synchronizing object | Port_pair_6_direction_1
Fra:1 Mem:156.88M (Peak 156.88M) | Time:00:00.09 | Mem:0.00M, Peak:0.00M | CISCO_N9K_C9336C_FX2_V001, ViewLayer | Synchronizing object | Port_pair_6_direction_-1
Fra:1 Mem:156.88M (Peak 156.88M) | Time:00:00.09 | Mem:0.00M, Peak:0.00M | CISCO_N9K_C9336C_FX2_V001, ViewLayer | Synchronizing object | PORT_NUMBER_12
Fra:1 Mem:156.89M (Peak 156.89M) | Time:00:00.09 | Mem:0.00M, Peak:0.00M | CISCO_N9K_C9336C_FX2_V001, ViewLayer | Synchronizing object | PORT_NUMBER_11
Fra:1 Mem:156.89M (Peak 156.89M) | Time:00:00.09 | Mem:0.00M, Peak:0.00M | CISCO_N9K_C9336C_FX2_V001, ViewLayer | Synchronizing object | Port_pair_5_direction_1
Fra:1 Mem:156.89M (Peak 156.89M) | Time:00:00.09 | Mem:0.00M, Peak:0.00M | CISCO_N9K_C9336C_FX2_V001, ViewLayer | Synchronizing object | Port_pair_5_direction_-1
Fra:1 Mem:156.89M (Peak 156.89M) | Time:00:00.09 | Mem:0.00M, Peak:0.00M | CISCO_N9K_C9336C_FX2_V001, ViewLayer | Synchronizing object | PORT_NUMBER_10
Fra:1 Mem:156.90M (Peak 156.90M) | Time:00:00.09 | Mem:0.00M, Peak:0.00M | CISCO_N9K_C9336C_FX2_V001, ViewLayer | Synchronizing object | PORT_NUMBER_09
Fra:1 Mem:156.90M (Peak 156.90M) | Time:00:00.09 | Mem:0.00M, Peak:0.00M | CISCO_N9K_C9336C_FX2_V001, ViewLayer | Synchronizing object | Port_pair_4_direction_1
Fra:1 Mem:156.90M (Peak 156.90M) | Time:00:00.09 | Mem:0.00M, Peak:0.00M | CISCO_N9K_C9336C_FX2_V001, ViewLayer | Synchronizing object | Port_pair_4_direction_-1
Fra:1 Mem:156.90M (Peak 156.90M) | Time:00:00.09 | Mem:0.00M, Peak:0.00M | CISCO_N9K_C9336C_FX2_V001, ViewLayer | Synchronizing object | PORT_NUMBER_08
Fra:1 Mem:156.91M (Peak 156.91M) | Time:00:00.09 | Mem:0.00M, Peak:0.00M | CISCO_N9K_C9336C_FX2_V001, ViewLayer | Synchronizing object | PORT_NUMBER_07
Fra:1 Mem:156.91M (Peak 156.91M) | Time:00:00.10 | Mem:0.00M, Peak:0.00M | CISCO_N9K_C9336C_FX2_V001, ViewLayer | Synchronizing object | Port_pair_3_direction_1
Fra:1 Mem:156.91M (Peak 156.91M) | Time:00:00.10 | Mem:0.00M, Peak:0.00M | CISCO_N9K_C9336C_FX2_V001, ViewLayer | Synchronizing object | Port_pair_3_direction_-1
Fra:1 Mem:156.91M (Peak 156.91M) | Time:00:00.10 | Mem:0.00M, Peak:0.00M | CISCO_N9K_C9336C_FX2_V001, ViewLayer | Synchronizing object | PORT_NUMBER_06
Fra:1 Mem:156.92M (Peak 156.92M) | Time:00:00.10 | Mem:0.00M, Peak:0.00M | CISCO_N9K_C9336C_FX2_V001, ViewLayer | Synchronizing object | PORT_NUMBER_05
Fra:1 Mem:156.92M (Peak 156.92M) | Time:00:00.10 | Mem:0.00M, Peak:0.00M | CISCO_N9K_C9336C_FX2_V001, ViewLayer | Synchronizing object | Port_pair_2_direction_1
Fra:1 Mem:156.92M (Peak 156.92M) | Time:00:00.10 | Mem:0.00M, Peak:0.00M | CISCO_N9K_C9336C_FX2_V001, ViewLayer | Synchronizing object | Port_pair_2_direction_-1
Fra:1 Mem:156.92M (Peak 156.92M) | Time:00:00.10 | Mem:0.00M, Peak:0.00M | CISCO_N9K_C9336C_FX2_V001, ViewLayer | Synchronizing object | PORT_NUMBER_04
Fra:1 Mem:156.92M (Peak 156.92M) | Time:00:00.10 | Mem:0.00M, Peak:0.00M | CISCO_N9K_C9336C_FX2_V001, ViewLayer | Synchronizing object | PORT_NUMBER_03
Fra:1 Mem:157.08M (Peak 157.08M) | Time:00:00.10 | Mem:0.00M, Peak:0.00M | CISCO_N9K_C9336C_FX2_V001, ViewLayer | Synchronizing object | Port_pair_1_direction_1
Fra:1 Mem:157.08M (Peak 157.08M) | Time:00:00.10 | Mem:0.00M, Peak:0.00M | CISCO_N9K_C9336C_FX2_V001, ViewLayer | Synchronizing object | Port_pair_1_direction_-1
Fra:1 Mem:157.08M (Peak 157.08M) | Time:00:00.10 | Mem:0.00M, Peak:0.00M | CISCO_N9K_C9336C_FX2_V001, ViewLayer | Synchronizing object | PORT_NUMBER_02
Fra:1 Mem:157.09M (Peak 157.09M) | Time:00:00.10 | Mem:0.00M, Peak:0.00M | CISCO_N9K_C9336C_FX2_V001, ViewLayer | Synchronizing object | PORT_NUMBER_01
Fra:1 Mem:157.09M (Peak 157.09M) | Time:00:00.10 | Mem:0.00M, Peak:0.00M | CISCO_N9K_C9336C_FX2_V001, ViewLayer | Synchronizing object | Correct_factory_PID
Fra:1 Mem:157.13M (Peak 157.13M) | Time:00:00.10 | Mem:0.00M, Peak:0.00M | CISCO_N9K_C9336C_FX2_V001, ViewLayer | Synchronizing object | Cisco_product_family_line_2
Fra:1 Mem:157.14M (Peak 157.14M) | Time:00:00.10 | Mem:0.00M, Peak:0.00M | CISCO_N9K_C9336C_FX2_V001, ViewLayer | Synchronizing object | Cisco_product_family_line_1
Fra:1 Mem:157.16M (Peak 157.16M) | Time:00:00.10 | Mem:0.00M, Peak:0.00M | CISCO_N9K_C9336C_FX2_V001, ViewLayer | Synchronizing object | Cisco_brand_wordmark
Fra:1 Mem:157.18M (Peak 157.18M) | Time:00:00.10 | Mem:0.00M, Peak:0.00M | CISCO_N9K_C9336C_FX2_V001, ViewLayer | Synchronizing object | Cisco_bridge_bar_9
Fra:1 Mem:157.19M (Peak 157.19M) | Time:00:00.10 | Mem:0.00M, Peak:0.00M | CISCO_N9K_C9336C_FX2_V001, ViewLayer | Synchronizing object | Cisco_bridge_bar_8
Fra:1 Mem:157.19M (Peak 157.19M) | Time:00:00.10 | Mem:0.00M, Peak:0.00M | CISCO_N9K_C9336C_FX2_V001, ViewLayer | Synchronizing object | Cisco_bridge_bar_7
Fra:1 Mem:157.20M (Peak 157.20M) | Time:00:00.10 | Mem:0.00M, Peak:0.00M | CISCO_N9K_C9336C_FX2_V001, ViewLayer | Synchronizing object | Cisco_bridge_bar_6
Fra:1 Mem:157.20M (Peak 157.20M) | Time:00:00.10 | Mem:0.00M, Peak:0.00M | CISCO_N9K_C9336C_FX2_V001, ViewLayer | Synchronizing object | Cisco_bridge_bar_5
Fra:1 Mem:157.21M (Peak 157.21M) | Time:00:00.10 | Mem:0.00M, Peak:0.00M | CISCO_N9K_C9336C_FX2_V001, ViewLayer | Synchronizing object | Cisco_bridge_bar_4
Fra:1 Mem:157.21M (Peak 157.21M) | Time:00:00.10 | Mem:0.00M, Peak:0.00M | CISCO_N9K_C9336C_FX2_V001, ViewLayer | Synchronizing object | Cisco_bridge_bar_3
Fra:1 Mem:157.22M (Peak 157.22M) | Time:00:00.10 | Mem:0.00M, Peak:0.00M | CISCO_N9K_C9336C_FX2_V001, ViewLayer | Synchronizing object | Cisco_bridge_bar_2
Fra:1 Mem:157.22M (Peak 157.22M) | Time:00:00.10 | Mem:0.00M, Peak:0.00M | CISCO_N9K_C9336C_FX2_V001, ViewLayer | Synchronizing object | Cisco_bridge_bar_1
Fra:1 Mem:157.23M (Peak 157.23M) | Time:00:00.10 | Mem:0.00M, Peak:0.00M | CISCO_N9K_C9336C_FX2_V001, ViewLayer | Synchronizing object | LS_selector_text
Fra:1 Mem:157.23M (Peak 157.23M) | Time:00:00.10 | Mem:0.00M, Peak:0.00M | CISCO_N9K_C9336C_FX2_V001, ViewLayer | Synchronizing object | LS_selector_metal_button
Fra:1 Mem:157.41M (Peak 157.41M) | Time:00:00.10 | Mem:0.00M, Peak:0.00M | CISCO_N9K_C9336C_FX2_V001, ViewLayer | Synchronizing object | Fan3_BLUE_release_latch_-1
Fra:1 Mem:157.42M (Peak 157.42M) | Time:00:00.10 | Mem:0.00M, Peak:0.00M | CISCO_N9K_C9336C_FX2_V001, ViewLayer | Synchronizing object | Fan3_latch_thumb_flare_-1
Fra:1 Mem:157.42M (Peak 157.42M) | Time:00:00.10 | Mem:0.00M, Peak:0.00M | CISCO_N9K_C9336C_FX2_V001, ViewLayer | Synchronizing object | Fan3_BLUE_release_latch_1
Fra:1 Mem:157.43M (Peak 157.43M) | Time:00:00.10 | Mem:0.00M, Peak:0.00M | CISCO_N9K_C9336C_FX2_V001, ViewLayer | Synchronizing object | Fan3_latch_thumb_flare_1
Fra:1 Mem:157.44M (Peak 157.44M) | Time:00:00.10 | Mem:0.00M, Peak:0.00M | CISCO_N9K_C9336C_FX2_V001, ViewLayer | Synchronizing object | Fan3_PID_label_recess
Fra:1 Mem:157.44M (Peak 157.44M) | Time:00:00.10 | Mem:0.00M, Peak:0.00M | CISCO_N9K_C9336C_FX2_V001, ViewLayer | Synchronizing object | Fan3_known_PID
Fra:1 Mem:158.30M (Peak 158.30M) | Time:00:00.10 | Mem:0.00M, Peak:0.00M | CISCO_N9K_C9336C_FX2_V001, ViewLayer | Synchronizing object | LS_selector_black_surround
Fra:1 Mem:158.31M (Peak 158.31M) | Time:00:00.10 | Mem:0.00M, Peak:0.00M | CISCO_N9K_C9336C_FX2_V001, ViewLayer | Synchronizing object | FRONT_4_legend
Fra:1 Mem:158.31M (Peak 158.31M) | Time:00:00.10 | Mem:0.00M, Peak:0.00M | CISCO_N9K_C9336C_FX2_V001, ViewLayer | Synchronizing object | FRONT_4_unpowered_lens
Fra:1 Mem:158.35M (Peak 158.35M) | Time:00:00.10 | Mem:0.00M, Peak:0.00M | CISCO_N9K_C9336C_FX2_V001, ViewLayer | Synchronizing object | FRONT_3_legend
Fra:1 Mem:158.36M (Peak 158.36M) | Time:00:00.10 | Mem:0.00M, Peak:0.00M | CISCO_N9K_C9336C_FX2_V001, ViewLayer | Synchronizing object | FRONT_3_unpowered_lens
Fra:1 Mem:158.39M (Peak 158.39M) | Time:00:00.10 | Mem:0.00M, Peak:0.00M | CISCO_N9K_C9336C_FX2_V001, ViewLayer | Synchronizing object | FRONT_2_legend
Fra:1 Mem:158.40M (Peak 158.40M) | Time:00:00.10 | Mem:0.00M, Peak:0.00M | CISCO_N9K_C9336C_FX2_V001, ViewLayer | Synchronizing object | FRONT_2_unpowered_lens
Fra:1 Mem:158.44M (Peak 158.44M) | Time:00:00.10 | Mem:0.00M, Peak:0.00M | CISCO_N9K_C9336C_FX2_V001, ViewLayer | Synchronizing object | FRONT_1_legend
Fra:1 Mem:158.44M (Peak 158.44M) | Time:00:00.10 | Mem:0.00M, Peak:0.00M | CISCO_N9K_C9336C_FX2_V001, ViewLayer | Synchronizing object | FRONT_1_unpowered_lens
Fra:1 Mem:158.48M (Peak 158.48M) | Time:00:00.10 | Mem:0.00M, Peak:0.00M | CISCO_N9K_C9336C_FX2_V001, ViewLayer | Synchronizing object | FRONT_ENV_legend
Fra:1 Mem:158.48M (Peak 158.48M) | Time:00:00.10 | Mem:0.00M, Peak:0.00M | CISCO_N9K_C9336C_FX2_V001, ViewLayer | Synchronizing object | FRONT_ENV_unpowered_lens
Fra:1 Mem:158.52M (Peak 158.52M) | Time:00:00.10 | Mem:0.00M, Peak:0.00M | CISCO_N9K_C9336C_FX2_V001, ViewLayer | Synchronizing object | FRONT_STS_legend
Fra:1 Mem:158.53M (Peak 158.53M) | Time:00:00.10 | Mem:0.00M, Peak:0.00M | CISCO_N9K_C9336C_FX2_V001, ViewLayer | Synchronizing object | FRONT_STS_unpowered_lens
Fra:1 Mem:158.57M (Peak 158.57M) | Time:00:00.10 | Mem:0.00M, Peak:0.00M | CISCO_N9K_C9336C_FX2_V001, ViewLayer | Synchronizing object | FRONT_BCN_legend
Fra:1 Mem:158.58M (Peak 158.58M) | Time:00:00.10 | Mem:0.00M, Peak:0.00M | CISCO_N9K_C9336C_FX2_V001, ViewLayer | Synchronizing object | FRONT_BCN_unpowered_lens
Fra:1 Mem:158.62M (Peak 158.62M) | Time:00:00.10 | Mem:0.00M, Peak:0.00M | CISCO_N9K_C9336C_FX2_V001, ViewLayer | Synchronizing object | Rear_P2_arrow_legend
Fra:1 Mem:158.62M (Peak 158.62M) | Time:00:00.10 | Mem:0.00M, Peak:0.00M | CISCO_N9K_C9336C_FX2_V001, ViewLayer | Synchronizing object | USB_symbol_branch_B
Fra:1 Mem:158.62M (Peak 158.62M) | Time:00:00.10 | Mem:0.00M, Peak:0.00M | CISCO_N9K_C9336C_FX2_V001, ViewLayer | Synchronizing object | USB_symbol_branch_A
Fra:1 Mem:158.62M (Peak 158.62M) | Time:00:00.10 | Mem:0.00M, Peak:0.00M | CISCO_N9K_C9336C_FX2_V001, ViewLayer | Synchronizing object | USB_symbol_stem
Fra:1 Mem:158.63M (Peak 158.63M) | Time:00:00.10 | Mem:0.00M, Peak:0.00M | CISCO_N9K_C9336C_FX2_V001, ViewLayer | Synchronizing object | Console_terminal_symbol
Fra:1 Mem:158.63M (Peak 158.63M) | Time:00:00.10 | Mem:0.00M, Peak:0.00M | CISCO_N9K_C9336C_FX2_V001, ViewLayer | Synchronizing object | SFP_management_symbol_line.003
Fra:1 Mem:158.63M (Peak 158.63M) | Time:00:00.10 | Mem:0.00M, Peak:0.00M | CISCO_N9K_C9336C_FX2_V001, ViewLayer | Synchronizing object | SFP_management_symbol_line.002
Fra:1 Mem:158.64M (Peak 158.64M) | Time:00:00.10 | Mem:0.00M, Peak:0.00M | CISCO_N9K_C9336C_FX2_V001, ViewLayer | Synchronizing object | SFP_management_symbol_line.001
Fra:1 Mem:158.64M (Peak 158.64M) | Time:00:00.10 | Mem:0.00M, Peak:0.00M | CISCO_N9K_C9336C_FX2_V001, ViewLayer | Synchronizing object | SFP_management_symbol_line
Fra:1 Mem:158.64M (Peak 158.64M) | Time:00:00.10 | Mem:0.00M, Peak:0.00M | CISCO_N9K_C9336C_FX2_V001, ViewLayer | Synchronizing object | SFP_management_symbol_node_1.25
Fra:1 Mem:158.65M (Peak 158.65M) | Time:00:00.10 | Mem:0.00M, Peak:0.00M | CISCO_N9K_C9336C_FX2_V001, ViewLayer | Synchronizing object | SFP_management_symbol_node_-1.25
Fra:1 Mem:158.65M (Peak 158.65M) | Time:00:00.10 | Mem:0.00M, Peak:0.00M | CISCO_N9K_C9336C_FX2_V001, ViewLayer | Synchronizing object | SFP_management_symbol_node_0
Fra:1 Mem:158.66M (Peak 158.66M) | Time:00:00.10 | Mem:0.00M, Peak:0.00M | CISCO_N9K_C9336C_FX2_V001, ViewLayer | Synchronizing object | RJ45_management_symbol_line.003
Fra:1 Mem:158.66M (Peak 158.66M) | Time:00:00.10 | Mem:0.00M, Peak:0.00M | CISCO_N9K_C9336C_FX2_V001, ViewLayer | Synchronizing object | RJ45_management_symbol_line.002
Fra:1 Mem:158.66M (Peak 158.66M) | Time:00:00.10 | Mem:0.00M, Peak:0.00M | CISCO_N9K_C9336C_FX2_V001, ViewLayer | Synchronizing object | RJ45_management_symbol_line.001
Fra:1 Mem:158.67M (Peak 158.67M) | Time:00:00.10 | Mem:0.00M, Peak:0.00M | CISCO_N9K_C9336C_FX2_V001, ViewLayer | Synchronizing object | RJ45_management_symbol_line
Fra:1 Mem:158.67M (Peak 158.67M) | Time:00:00.10 | Mem:0.00M, Peak:0.00M | CISCO_N9K_C9336C_FX2_V001, ViewLayer | Synchronizing object | RJ45_management_symbol_node_1.25
Fra:1 Mem:158.67M (Peak 158.67M) | Time:00:00.10 | Mem:0.00M, Peak:0.00M | CISCO_N9K_C9336C_FX2_V001, ViewLayer | Synchronizing object | RJ45_management_symbol_node_-1.25
Fra:1 Mem:158.68M (Peak 158.68M) | Time:00:00.10 | Mem:0.00M, Peak:0.00M | CISCO_N9K_C9336C_FX2_V001, ViewLayer | Synchronizing object | RJ45_management_symbol_node_0
Fra:1 Mem:158.69M (Peak 158.69M) | Time:00:00.10 | Mem:0.00M, Peak:0.00M | CISCO_N9K_C9336C_FX2_V001, ViewLayer | Synchronizing object | Rear_service_retention_screw
Fra:1 Mem:158.71M (Peak 158.71M) | Time:00:00.10 | Mem:0.00M, Peak:0.00M | CISCO_N9K_C9336C_FX2_V001, ViewLayer | Synchronizing object | REAR_STS_legend
Fra:1 Mem:158.73M (Peak 158.73M) | Time:00:00.10 | Mem:0.00M, Peak:0.00M | CISCO_N9K_C9336C_FX2_V001, ViewLayer | Synchronizing object | REAR_STS_unpowered_indicator
Fra:1 Mem:158.73M (Peak 158.73M) | Time:00:00.10 | Mem:0.00M, Peak:0.00M | CISCO_N9K_C9336C_FX2_V001, ViewLayer | Synchronizing object | REAR_BCN_legend
Fra:1 Mem:158.74M (Peak 158.74M) | Time:00:00.10 | Mem:0.00M, Peak:0.00M | CISCO_N9K_C9336C_FX2_V001, ViewLayer | Synchronizing object | REAR_BCN_unpowered_indicator
Fra:1 Mem:158.75M (Peak 158.75M) | Time:00:00.10 | Mem:0.00M, Peak:0.00M | CISCO_N9K_C9336C_FX2_V001, ViewLayer | Synchronizing object | USB_A_contact_3
Fra:1 Mem:158.75M (Peak 158.75M) | Time:00:00.10 | Mem:0.00M, Peak:0.00M | CISCO_N9K_C9336C_FX2_V001, ViewLayer | Synchronizing object | USB_A_contact_2
Fra:1 Mem:158.76M (Peak 158.76M) | Time:00:00.10 | Mem:0.00M, Peak:0.00M | CISCO_N9K_C9336C_FX2_V001, ViewLayer | Synchronizing object | USB_A_contact_1
Fra:1 Mem:158.76M (Peak 158.76M) | Time:00:00.10 | Mem:0.00M, Peak:0.00M | CISCO_N9K_C9336C_FX2_V001, ViewLayer | Synchronizing object | USB_A_contact_0
Fra:1 Mem:158.77M (Peak 158.77M) | Time:00:00.10 | Mem:0.00M, Peak:0.00M | CISCO_N9K_C9336C_FX2_V001, ViewLayer | Synchronizing object | USB_A_black_tongue
Fra:1 Mem:158.78M (Peak 158.78M) | Time:00:00.10 | Mem:0.00M, Peak:0.00M | CISCO_N9K_C9336C_FX2_V001, ViewLayer | Synchronizing object | USB_A_deep_stop
Fra:1 Mem:158.78M (Peak 158.78M) | Time:00:00.10 | Mem:0.00M, Peak:0.00M | CISCO_N9K_C9336C_FX2_V001, ViewLayer | Synchronizing object | USB_A_metal_shell
Fra:1 Mem:158.80M (Peak 158.80M) | Time:00:00.10 | Mem:0.00M, Peak:0.00M | CISCO_N9K_C9336C_FX2_V001, ViewLayer | Synchronizing object | Mgmt_SFP_contact_9
Fra:1 Mem:158.80M (Peak 158.80M) | Time:00:00.10 | Mem:0.00M, Peak:0.00M | CISCO_N9K_C9336C_FX2_V001, ViewLayer | Synchronizing object | Mgmt_SFP_contact_8
Fra:1 Mem:158.80M (Peak 158.80M) | Time:00:00.10 | Mem:0.00M, Peak:0.00M | CISCO_N9K_C9336C_FX2_V001, ViewLayer | Synchronizing object | Mgmt_SFP_contact_7
Fra:1 Mem:158.80M (Peak 158.80M) | Time:00:00.10 | Mem:0.00M, Peak:0.00M | CISCO_N9K_C9336C_FX2_V001, ViewLayer | Synchronizing object | Mgmt_SFP_contact_6
Fra:1 Mem:158.80M (Peak 158.80M) | Time:00:00.10 | Mem:0.00M, Peak:0.00M | CISCO_N9K_C9336C_FX2_V001, ViewLayer | Synchronizing object | Mgmt_SFP_contact_5
Fra:1 Mem:158.80M (Peak 158.80M) | Time:00:00.10 | Mem:0.00M, Peak:0.00M | CISCO_N9K_C9336C_FX2_V001, ViewLayer | Synchronizing object | Mgmt_SFP_contact_4
Fra:1 Mem:158.80M (Peak 158.80M) | Time:00:00.10 | Mem:0.00M, Peak:0.00M | CISCO_N9K_C9336C_FX2_V001, ViewLayer | Synchronizing object | Mgmt_SFP_contact_3
Fra:1 Mem:158.80M (Peak 158.80M) | Time:00:00.10 | Mem:0.00M, Peak:0.00M | CISCO_N9K_C9336C_FX2_V001, ViewLayer | Synchronizing object | Mgmt_SFP_contact_2
Fra:1 Mem:158.80M (Peak 158.80M) | Time:00:00.10 | Mem:0.00M, Peak:0.00M | CISCO_N9K_C9336C_FX2_V001, ViewLayer | Synchronizing object | Mgmt_SFP_contact_1
Fra:1 Mem:158.81M (Peak 158.81M) | Time:00:00.10 | Mem:0.00M, Peak:0.00M | CISCO_N9K_C9336C_FX2_V001, ViewLayer | Synchronizing object | Mgmt_SFP_contact_0
Fra:1 Mem:158.81M (Peak 158.81M) | Time:00:00.10 | Mem:0.00M, Peak:0.00M | CISCO_N9K_C9336C_FX2_V001, ViewLayer | Synchronizing object | Mgmt_SFP_guide_5.8
Fra:1 Mem:158.82M (Peak 158.82M) | Time:00:00.10 | Mem:0.00M, Peak:0.00M | CISCO_N9K_C9336C_FX2_V001, ViewLayer | Synchronizing object | Mgmt_SFP_guide_-5.8
Fra:1 Mem:158.84M (Peak 158.84M) | Time:00:00.10 | Mem:0.00M, Peak:0.00M | CISCO_N9K_C9336C_FX2_V001, ViewLayer | Synchronizing object | Mgmt_SFP_recessed_connector_stop
Fra:1 Mem:158.84M (Peak 158.84M) | Time:00:00.10 | Mem:0.00M, Peak:0.00M | CISCO_N9K_C9336C_FX2_V001, ViewLayer | Synchronizing object | Mgmt_SFP_deep_metal_cage
Fra:1 Mem:158.86M (Peak 158.86M) | Time:00:00.10 | Mem:0.00M, Peak:0.00M | CISCO_N9K_C9336C_FX2_V001, ViewLayer | Synchronizing object | Fan3_flush_lock_pin_-39
Fra:1 Mem:158.87M (Peak 158.87M) | Time:00:00.10 | Mem:0.00M, Peak:0.00M | CISCO_N9K_C9336C_FX2_V001, ViewLayer | Synchronizing object | MANAGEMENT_RJ45_unpowered_corner_LED_5.6
Fra:1 Mem:158.88M (Peak 158.88M) | Time:00:00.10 | Mem:0.00M, Peak:0.00M | CISCO_N9K_C9336C_FX2_V001, ViewLayer | Synchronizing object | MANAGEMENT_RJ45_unpowered_corner_LED_-5.6
Fra:1 Mem:158.88M (Peak 158.88M) | Time:00:00.10 | Mem:0.00M, Peak:0.00M | CISCO_N9K_C9336C_FX2_V001, ViewLayer | Synchronizing object | MANAGEMENT_RJ45_contact_7
Fra:1 Mem:158.89M (Peak 158.89M) | Time:00:00.10 | Mem:0.00M, Peak:0.00M | CISCO_N9K_C9336C_FX2_V001, ViewLayer | Synchronizing object | MANAGEMENT_RJ45_contact_6
Fra:1 Mem:158.89M (Peak 158.89M) | Time:00:00.10 | Mem:0.00M, Peak:0.00M | CISCO_N9K_C9336C_FX2_V001, ViewLayer | Synchronizing object | MANAGEMENT_RJ45_contact_5
Fra:1 Mem:158.90M (Peak 158.90M) | Time:00:00.10 | Mem:0.00M, Peak:0.00M | CISCO_N9K_C9336C_FX2_V001, ViewLayer | Synchronizing object | MANAGEMENT_RJ45_contact_4
Fra:1 Mem:158.91M (Peak 158.91M) | Time:00:00.10 | Mem:0.00M, Peak:0.00M | CISCO_N9K_C9336C_FX2_V001, ViewLayer | Synchronizing object | MANAGEMENT_RJ45_contact_3
Fra:1 Mem:158.91M (Peak 158.91M) | Time:00:00.10 | Mem:0.00M, Peak:0.00M | CISCO_N9K_C9336C_FX2_V001, ViewLayer | Synchronizing object | MANAGEMENT_RJ45_contact_2
Fra:1 Mem:158.92M (Peak 158.92M) | Time:00:00.10 | Mem:0.00M, Peak:0.00M | CISCO_N9K_C9336C_FX2_V001, ViewLayer | Synchronizing object | MANAGEMENT_RJ45_contact_1
Fra:1 Mem:158.92M (Peak 158.92M) | Time:00:00.10 | Mem:0.00M, Peak:0.00M | CISCO_N9K_C9336C_FX2_V001, ViewLayer | Synchronizing object | MANAGEMENT_RJ45_contact_0
Fra:1 Mem:158.93M (Peak 158.93M) | Time:00:00.10 | Mem:0.00M, Peak:0.00M | CISCO_N9K_C9336C_FX2_V001, ViewLayer | Synchronizing object | MANAGEMENT_RJ45_deep_connector_stop
Fra:1 Mem:158.93M (Peak 158.93M) | Time:00:00.10 | Mem:0.00M, Peak:0.00M | CISCO_N9K_C9336C_FX2_V001, ViewLayer | Synchronizing object | MANAGEMENT_RJ45_keyed_plastic_body
Fra:1 Mem:158.93M (Peak 158.93M) | Time:00:00.10 | Mem:0.00M, Peak:0.00M | CISCO_N9K_C9336C_FX2_V001, ViewLayer | Synchronizing object | MANAGEMENT_RJ45_metal_shield
Fra:1 Mem:158.95M (Peak 158.95M) | Time:00:00.10 | Mem:0.00M, Peak:0.00M | CISCO_N9K_C9336C_FX2_V001, ViewLayer | Synchronizing object | CONSOLE_RJ45_unpowered_corner_LED_5.6
Fra:1 Mem:158.96M (Peak 158.96M) | Time:00:00.10 | Mem:0.00M, Peak:0.00M | CISCO_N9K_C9336C_FX2_V001, ViewLayer | Synchronizing object | CONSOLE_RJ45_unpowered_corner_LED_-5.6
Fra:1 Mem:158.97M (Peak 158.97M) | Time:00:00.10 | Mem:0.00M, Peak:0.00M | CISCO_N9K_C9336C_FX2_V001, ViewLayer | Synchronizing object | CONSOLE_RJ45_contact_7
Fra:1 Mem:158.97M (Peak 158.97M) | Time:00:00.10 | Mem:0.00M, Peak:0.00M | CISCO_N9K_C9336C_FX2_V001, ViewLayer | Synchronizing object | CONSOLE_RJ45_contact_6
Fra:1 Mem:158.98M (Peak 158.98M) | Time:00:00.10 | Mem:0.00M, Peak:0.00M | CISCO_N9K_C9336C_FX2_V001, ViewLayer | Synchronizing object | CONSOLE_RJ45_contact_5
Fra:1 Mem:158.98M (Peak 158.98M) | Time:00:00.10 | Mem:0.00M, Peak:0.00M | CISCO_N9K_C9336C_FX2_V001, ViewLayer | Synchronizing object | Fan3_flush_lock_pin_39
Fra:1 Mem:158.98M (Peak 158.98M) | Time:00:00.10 | Mem:0.00M, Peak:0.00M | CISCO_N9K_C9336C_FX2_V001, ViewLayer | Synchronizing object | CONSOLE_RJ45_contact_4
Fra:1 Mem:159.00M (Peak 159.00M) | Time:00:00.10 | Mem:0.00M, Peak:0.00M | CISCO_N9K_C9336C_FX2_V001, ViewLayer | Synchronizing object | CONSOLE_RJ45_contact_3
Fra:1 Mem:159.01M (Peak 159.01M) | Time:00:00.10 | Mem:0.00M, Peak:0.00M | CISCO_N9K_C9336C_FX2_V001, ViewLayer | Synchronizing object | CONSOLE_RJ45_contact_2
Fra:1 Mem:159.01M (Peak 159.01M) | Time:00:00.10 | Mem:0.00M, Peak:0.00M | CISCO_N9K_C9336C_FX2_V001, ViewLayer | Synchronizing object | CONSOLE_RJ45_contact_1
Fra:1 Mem:159.02M (Peak 159.02M) | Time:00:00.10 | Mem:0.00M, Peak:0.00M | CISCO_N9K_C9336C_FX2_V001, ViewLayer | Synchronizing object | CONSOLE_RJ45_contact_0
Fra:1 Mem:159.03M (Peak 159.03M) | Time:00:00.10 | Mem:0.00M, Peak:0.00M | CISCO_N9K_C9336C_FX2_V001, ViewLayer | Synchronizing object | CONSOLE_RJ45_deep_connector_stop
Fra:1 Mem:159.03M (Peak 159.03M) | Time:00:00.10 | Mem:0.00M, Peak:0.00M | CISCO_N9K_C9336C_FX2_V001, ViewLayer | Synchronizing object | CONSOLE_RJ45_keyed_plastic_body
Fra:1 Mem:159.03M (Peak 159.03M) | Time:00:00.10 | Mem:0.00M, Peak:0.00M | CISCO_N9K_C9336C_FX2_V001, ViewLayer | Synchronizing object | CONSOLE_RJ45_metal_shield
Fra:1 Mem:159.05M (Peak 159.05M) | Time:00:00.10 | Mem:0.00M, Peak:0.00M | CISCO_N9K_C9336C_FX2_V001, ViewLayer | Synchronizing object | Rear_service_panel_true_apertures
Fra:1 Mem:168.13M (Peak 168.13M) | Time:00:00.10 | Mem:0.00M, Peak:0.00M | CISCO_N9K_C9336C_FX2_V001, ViewLayer | Synchronizing object | PSU2_face_screw_24.5_39.3
Fra:1 Mem:168.15M (Peak 168.15M) | Time:00:00.10 | Mem:0.00M, Peak:0.00M | CISCO_N9K_C9336C_FX2_V001, ViewLayer | Synchronizing object | PSU2_face_screw_24.5_4.1
Fra:1 Mem:168.17M (Peak 168.17M) | Time:00:00.10 | Mem:0.00M, Peak:0.00M | CISCO_N9K_C9336C_FX2_V001, ViewLayer | Synchronizing object | PSU2_face_screw_-24.5_39.3
Fra:1 Mem:168.19M (Peak 168.19M) | Time:00:00.10 | Mem:0.00M, Peak:0.00M | CISCO_N9K_C9336C_FX2_V001, ViewLayer | Synchronizing object | PSU2_face_screw_-24.5_4.1
Fra:1 Mem:168.21M (Peak 168.21M) | Time:00:00.10 | Mem:0.00M, Peak:0.00M | CISCO_N9K_C9336C_FX2_V001, ViewLayer | Synchronizing object | Fan1_fine_vertical_thumb_rib_-1_0
Fra:1 Mem:168.21M (Peak 168.21M) | Time:00:00.10 | Mem:0.00M, Peak:0.00M | CISCO_N9K_C9336C_FX2_V001, ViewLayer | Synchronizing object | PSU2_OK_legend
Fra:1 Mem:168.22M (Peak 168.22M) | Time:00:00.10 | Mem:0.00M, Peak:0.00M | CISCO_N9K_C9336C_FX2_V001, ViewLayer | Synchronizing object | Fan1_fine_vertical_thumb_rib_-1_1
Fra:1 Mem:168.22M (Peak 168.22M) | Time:00:00.10 | Mem:0.00M, Peak:0.00M | CISCO_N9K_C9336C_FX2_V001, ViewLayer | Synchronizing object | PSU2_FAIL_legend
Fra:1 Mem:168.23M (Peak 168.23M) | Time:00:00.10 | Mem:0.00M, Peak:0.00M | CISCO_N9K_C9336C_FX2_V001, ViewLayer | Synchronizing object | PSU2_unpowered_LED_32.6
Fra:1 Mem:168.23M (Peak 168.23M) | Time:00:00.10 | Mem:0.00M, Peak:0.00M | CISCO_N9K_C9336C_FX2_V001, ViewLayer | Synchronizing object | Fan1_fine_vertical_thumb_rib_-1_2
Fra:1 Mem:168.23M (Peak 168.23M) | Time:00:00.10 | Mem:0.00M, Peak:0.00M | CISCO_N9K_C9336C_FX2_V001, ViewLayer | Synchronizing object | PSU2_unpowered_LED_36.8
Fra:1 Mem:168.24M (Peak 168.24M) | Time:00:00.10 | Mem:0.00M, Peak:0.00M | CISCO_N9K_C9336C_FX2_V001, ViewLayer | Synchronizing object | Fan1_fine_vertical_thumb_rib_-1_3
Fra:1 Mem:168.24M (Peak 168.24M) | Time:00:00.10 | Mem:0.00M, Peak:0.00M | CISCO_N9K_C9336C_FX2_V001, ViewLayer | Synchronizing object | PSU2_retainer_rib_315.4
Fra:1 Mem:168.26M (Peak 168.26M) | Time:00:00.10 | Mem:0.00M, Peak:0.00M | CISCO_N9K_C9336C_FX2_V001, ViewLayer | Synchronizing object | PSU2_retainer_rib_313.2
Fra:1 Mem:168.26M (Peak 168.26M) | Time:00:00.10 | Mem:0.00M, Peak:0.00M | CISCO_N9K_C9336C_FX2_V001, ViewLayer | Synchronizing object | Fan1_fine_vertical_thumb_rib_-1_5
Fra:1 Mem:168.26M (Peak 168.26M) | Time:00:00.10 | Mem:0.00M, Peak:0.00M | CISCO_N9K_C9336C_FX2_V001, ViewLayer | Synchronizing object | PSU2_retainer_rib_311
Fra:1 Mem:168.28M (Peak 168.28M) | Time:00:00.10 | Mem:0.00M, Peak:0.00M | CISCO_N9K_C9336C_FX2_V001, ViewLayer | Synchronizing object | Fan1_fine_vertical_thumb_rib_-1_6
Fra:1 Mem:168.28M (Peak 168.28M) | Time:00:00.10 | Mem:0.00M, Peak:0.00M | CISCO_N9K_C9336C_FX2_V001, ViewLayer | Synchronizing object | PSU2_retainer_rib_308.8
Fra:1 Mem:168.29M (Peak 168.29M) | Time:00:00.10 | Mem:0.00M, Peak:0.00M | CISCO_N9K_C9336C_FX2_V001, ViewLayer | Synchronizing object | Fan1_fine_vertical_thumb_rib_-1_8
Fra:1 Mem:168.29M (Peak 168.29M) | Time:00:00.10 | Mem:0.00M, Peak:0.00M | CISCO_N9K_C9336C_FX2_V001, ViewLayer | Synchronizing object | PSU2_retainer_rib_306.6
Fra:1 Mem:168.31M (Peak 168.31M) | Time:00:00.10 | Mem:0.00M, Peak:0.00M | CISCO_N9K_C9336C_FX2_V001, ViewLayer | Synchronizing object | PSU2_retainer_rib_304.4
Fra:1 Mem:168.31M (Peak 168.31M) | Time:00:00.10 | Mem:0.00M, Peak:0.00M | CISCO_N9K_C9336C_FX2_V001, ViewLayer | Synchronizing object | PSU2_retainer_rib_302.2
Fra:1 Mem:168.32M (Peak 168.32M) | Time:00:00.10 | Mem:0.00M, Peak:0.00M | CISCO_N9K_C9336C_FX2_V001, ViewLayer | Synchronizing object | PSU2_retainer_rib_300
Fra:1 Mem:168.32M (Peak 168.32M) | Time:00:00.10 | Mem:0.00M, Peak:0.00M | CISCO_N9K_C9336C_FX2_V001, ViewLayer | Synchronizing object | PSU2_stowed_nylon_retention_loop
Fra:1 Mem:168.33M (Peak 168.33M) | Time:00:00.10 | Mem:0.00M, Peak:0.00M | CISCO_N9K_C9336C_FX2_V001, ViewLayer | Synchronizing object | PSU2_cord_retainer_anchor
Fra:1 Mem:168.34M (Peak 168.34M) | Time:00:00.10 | Mem:0.00M, Peak:0.00M | CISCO_N9K_C9336C_FX2_V001, ViewLayer | Synchronizing object | PSU2_BLUE_release_latch
Fra:1 Mem:168.34M (Peak 168.34M) | Time:00:00.10 | Mem:0.00M, Peak:0.00M | CISCO_N9K_C9336C_FX2_V001, ViewLayer | Synchronizing object | PSU2_silver_U_pull_handle
Fra:1 Mem:168.58M (Peak 168.58M) | Time:00:00.10 | Mem:0.00M, Peak:0.00M | CISCO_N9K_C9336C_FX2_V001, ViewLayer | Synchronizing object | Fan1_fine_vertical_thumb_rib_-1_9
Fra:1 Mem:168.58M (Peak 168.58M) | Time:00:00.10 | Mem:0.00M, Peak:0.00M | CISCO_N9K_C9336C_FX2_V001, ViewLayer | Synchronizing object | Fan1_fine_vertical_thumb_rib_1_0
Fra:1 Mem:168.59M (Peak 168.59M) | Time:00:00.10 | Mem:0.00M, Peak:0.00M | CISCO_N9K_C9336C_FX2_V001, ViewLayer | Synchronizing object | Fan1_fine_vertical_thumb_rib_1_1
Fra:1 Mem:168.59M (Peak 168.59M) | Time:00:00.10 | Mem:0.00M, Peak:0.00M | CISCO_N9K_C9336C_FX2_V001, ViewLayer | Synchronizing object | Fan1_fine_vertical_thumb_rib_1_2
Fra:1 Mem:168.60M (Peak 168.60M) | Time:00:00.10 | Mem:0.00M, Peak:0.00M | CISCO_N9K_C9336C_FX2_V001, ViewLayer | Synchronizing object | Fan1_fine_vertical_thumb_rib_1_3
Fra:1 Mem:168.61M (Peak 168.61M) | Time:00:00.10 | Mem:0.00M, Peak:0.00M | CISCO_N9K_C9336C_FX2_V001, ViewLayer | Synchronizing object | Fan1_fine_vertical_thumb_rib_1_4
Fra:1 Mem:168.61M (Peak 168.61M) | Time:00:00.10 | Mem:0.00M, Peak:0.00M | CISCO_N9K_C9336C_FX2_V001, ViewLayer | Synchronizing object | Fan1_fine_vertical_thumb_rib_1_5
Fra:1 Mem:168.62M (Peak 168.62M) | Time:00:00.10 | Mem:0.00M, Peak:0.00M | CISCO_N9K_C9336C_FX2_V001, ViewLayer | Synchronizing object | Fan1_fine_vertical_thumb_rib_1_6
Fra:1 Mem:168.62M (Peak 168.62M) | Time:00:00.10 | Mem:0.00M, Peak:0.00M | CISCO_N9K_C9336C_FX2_V001, ViewLayer | Synchronizing object | Fan1_fine_vertical_thumb_rib_1_7
Fra:1 Mem:168.63M (Peak 168.63M) | Time:00:00.10 | Mem:0.00M, Peak:0.00M | CISCO_N9K_C9336C_FX2_V001, ViewLayer | Synchronizing object | Fan1_fine_vertical_thumb_rib_1_8
Fra:1 Mem:168.64M (Peak 168.64M) | Time:00:00.10 | Mem:0.00M, Peak:0.00M | CISCO_N9K_C9336C_FX2_V001, ViewLayer | Synchronizing object | Fan1_fine_vertical_thumb_rib_1_9
Fra:1 Mem:168.64M (Peak 168.64M) | Time:00:00.10 | Mem:0.00M, Peak:0.00M | CISCO_N9K_C9336C_FX2_V001, ViewLayer | Synchronizing object | Fan2_fine_vertical_thumb_rib_-1_0
Fra:1 Mem:168.65M (Peak 168.65M) | Time:00:00.10 | Mem:0.00M, Peak:0.00M | CISCO_N9K_C9336C_FX2_V001, ViewLayer | Synchronizing object | Fan2_fine_vertical_thumb_rib_-1_1
Fra:1 Mem:168.65M (Peak 168.65M) | Time:00:00.10 | Mem:0.00M, Peak:0.00M | CISCO_N9K_C9336C_FX2_V001, ViewLayer | Synchronizing object | Fan2_fine_vertical_thumb_rib_-1_2
Fra:1 Mem:168.66M (Peak 168.66M) | Time:00:00.10 | Mem:0.00M, Peak:0.00M | CISCO_N9K_C9336C_FX2_V001, ViewLayer | Synchronizing object | Fan2_fine_vertical_thumb_rib_-1_3
Fra:1 Mem:168.67M (Peak 168.67M) | Time:00:00.10 | Mem:0.00M, Peak:0.00M | CISCO_N9K_C9336C_FX2_V001, ViewLayer | Synchronizing object | Fan2_fine_vertical_thumb_rib_-1_4
Fra:1 Mem:168.67M (Peak 168.67M) | Time:00:00.10 | Mem:0.00M, Peak:0.00M | CISCO_N9K_C9336C_FX2_V001, ViewLayer | Synchronizing object | Fan2_fine_vertical_thumb_rib_-1_5
Fra:1 Mem:168.68M (Peak 168.68M) | Time:00:00.10 | Mem:0.00M, Peak:0.00M | CISCO_N9K_C9336C_FX2_V001, ViewLayer | Synchronizing object | Fan2_fine_vertical_thumb_rib_-1_6
Fra:1 Mem:168.68M (Peak 168.68M) | Time:00:00.10 | Mem:0.00M, Peak:0.00M | CISCO_N9K_C9336C_FX2_V001, ViewLayer | Synchronizing object | Fan2_fine_vertical_thumb_rib_-1_7
Fra:1 Mem:168.69M (Peak 168.69M) | Time:00:00.10 | Mem:0.00M, Peak:0.00M | CISCO_N9K_C9336C_FX2_V001, ViewLayer | Synchronizing object | Fan2_fine_vertical_thumb_rib_-1_8
Fra:1 Mem:168.69M (Peak 168.69M) | Time:00:00.10 | Mem:0.00M, Peak:0.00M | CISCO_N9K_C9336C_FX2_V001, ViewLayer | Synchronizing object | Fan2_fine_vertical_thumb_rib_-1_9
Fra:1 Mem:168.74M (Peak 168.74M) | Time:00:00.10 | Mem:0.00M, Peak:0.00M | CISCO_N9K_C9336C_FX2_V001, ViewLayer | Synchronizing object | Fan2_fine_vertical_thumb_rib_1_0
Fra:1 Mem:168.79M (Peak 168.79M) | Time:00:00.10 | Mem:0.00M, Peak:0.00M | CISCO_N9K_C9336C_FX2_V001, ViewLayer | Synchronizing object | Fan2_fine_vertical_thumb_rib_1_1
Fra:1 Mem:168.71M (Peak 168.79M) | Time:00:00.10 | Mem:0.00M, Peak:0.00M | CISCO_N9K_C9336C_FX2_V001, ViewLayer | Synchronizing object | PSU2_IEC_pin_2
Fra:1 Mem:168.72M (Peak 168.79M) | Time:00:00.10 | Mem:0.00M, Peak:0.00M | CISCO_N9K_C9336C_FX2_V001, ViewLayer | Synchronizing object | Fan2_fine_vertical_thumb_rib_1_2
Fra:1 Mem:168.73M (Peak 168.79M) | Time:00:00.10 | Mem:0.00M, Peak:0.00M | CISCO_N9K_C9336C_FX2_V001, ViewLayer | Synchronizing object | Fan2_fine_vertical_thumb_rib_1_3
Fra:1 Mem:168.74M (Peak 168.79M) | Time:00:00.10 | Mem:0.00M, Peak:0.00M | CISCO_N9K_C9336C_FX2_V001, ViewLayer | Synchronizing object | Fan2_fine_vertical_thumb_rib_1_4
Fra:1 Mem:168.75M (Peak 168.79M) | Time:00:00.10 | Mem:0.00M, Peak:0.00M | CISCO_N9K_C9336C_FX2_V001, ViewLayer | Synchronizing object | Fan2_fine_vertical_thumb_rib_1_5
Fra:1 Mem:168.75M (Peak 168.79M) | Time:00:00.10 | Mem:0.00M, Peak:0.00M | CISCO_N9K_C9336C_FX2_V001, ViewLayer | Synchronizing object | PSU2_IEC_pin_1
Fra:1 Mem:168.75M (Peak 168.79M) | Time:00:00.10 | Mem:0.00M, Peak:0.00M | CISCO_N9K_C9336C_FX2_V001, ViewLayer | Synchronizing object | Fan2_fine_vertical_thumb_rib_1_6
Fra:1 Mem:168.77M (Peak 168.79M) | Time:00:00.10 | Mem:0.00M, Peak:0.00M | CISCO_N9K_C9336C_FX2_V001, ViewLayer | Synchronizing object | Fan2_fine_vertical_thumb_rib_1_7
Fra:1 Mem:168.78M (Peak 168.79M) | Time:00:00.10 | Mem:0.00M, Peak:0.00M | CISCO_N9K_C9336C_FX2_V001, ViewLayer | Synchronizing object | Fan2_fine_vertical_thumb_rib_1_8
Fra:1 Mem:168.78M (Peak 168.79M) | Time:00:00.10 | Mem:0.00M, Peak:0.00M | CISCO_N9K_C9336C_FX2_V001, ViewLayer | Synchronizing object | PSU2_IEC_pin_0
Fra:1 Mem:168.80M (Peak 168.80M) | Time:00:00.10 | Mem:0.00M, Peak:0.00M | CISCO_N9K_C9336C_FX2_V001, ViewLayer | Synchronizing object | PSU2_IEC_recessed_black_floor
Fra:1 Mem:168.80M (Peak 168.80M) | Time:00:00.10 | Mem:0.00M, Peak:0.00M | CISCO_N9K_C9336C_FX2_V001, ViewLayer | Synchronizing object | PSU2_IEC_C14_black_inlet_housing
Fra:1 Mem:168.83M (Peak 168.83M) | Time:00:00.10 | Mem:0.00M, Peak:0.00M | CISCO_N9K_C9336C_FX2_V001, ViewLayer | Synchronizing object | PSU2_true_hex_cooling_vents
Fra:1 Mem:169.37M (Peak 169.37M) | Time:00:00.11 | Mem:0.00M, Peak:0.00M | CISCO_N9K_C9336C_FX2_V001, ViewLayer | Synchronizing object | Fan2_fine_vertical_thumb_rib_1_9
Fra:1 Mem:169.38M (Peak 169.38M) | Time:00:00.11 | Mem:0.00M, Peak:0.00M | CISCO_N9K_C9336C_FX2_V001, ViewLayer | Synchronizing object | Fan3_fine_vertical_thumb_rib_-1_0
Fra:1 Mem:169.38M (Peak 169.38M) | Time:00:00.11 | Mem:0.00M, Peak:0.00M | CISCO_N9K_C9336C_FX2_V001, ViewLayer | Synchronizing object | PSU2_inlet_vent_divider
Fra:1 Mem:169.38M (Peak 169.38M) | Time:00:00.11 | Mem:0.00M, Peak:0.00M | CISCO_N9K_C9336C_FX2_V001, ViewLayer | Synchronizing object | PSU2_front_face_rim
Fra:1 Mem:169.41M (Peak 169.41M) | Time:00:00.11 | Mem:0.00M, Peak:0.00M | CISCO_N9K_C9336C_FX2_V001, ViewLayer | Synchronizing object | PSU2_internal_opaque_baffle
Fra:1 Mem:169.41M (Peak 169.41M) | Time:00:00.11 | Mem:0.00M, Peak:0.00M | CISCO_N9K_C9336C_FX2_V001, ViewLayer | Synchronizing object | PSU2_internal_mating_block
Fra:1 Mem:169.41M (Peak 169.41M) | Time:00:00.11 | Mem:0.00M, Peak:0.00M | CISCO_N9K_C9336C_FX2_V001, ViewLayer | Synchronizing object | PSU2_rear_internal_endcap
Fra:1 Mem:169.43M (Peak 169.43M) | Time:00:00.11 | Mem:0.00M, Peak:0.00M | CISCO_N9K_C9336C_FX2_V001, ViewLayer | Synchronizing object | PSU2_formed_silver_shell
Fra:1 Mem:169.45M (Peak 169.45M) | Time:00:00.11 | Mem:0.00M, Peak:0.00M | CISCO_N9K_C9336C_FX2_V001, ViewLayer | Synchronizing object | PSU1_face_screw_24.5_39.3
Fra:1 Mem:169.47M (Peak 169.47M) | Time:00:00.11 | Mem:0.00M, Peak:0.00M | CISCO_N9K_C9336C_FX2_V001, ViewLayer | Synchronizing object | PSU1_face_screw_24.5_4.1
Fra:1 Mem:169.49M (Peak 169.49M) | Time:00:00.11 | Mem:0.00M, Peak:0.00M | CISCO_N9K_C9336C_FX2_V001, ViewLayer | Synchronizing object | PSU1_face_screw_-24.5_39.3
Fra:1 Mem:169.51M (Peak 169.51M) | Time:00:00.11 | Mem:0.00M, Peak:0.00M | CISCO_N9K_C9336C_FX2_V001, ViewLayer | Synchronizing object | PSU1_face_screw_-24.5_4.1
Fra:1 Mem:169.53M (Peak 169.53M) | Time:00:00.11 | Mem:0.00M, Peak:0.00M | CISCO_N9K_C9336C_FX2_V001, ViewLayer | Synchronizing object | PSU1_OK_legend
Fra:1 Mem:169.53M (Peak 169.53M) | Time:00:00.11 | Mem:0.00M, Peak:0.00M | CISCO_N9K_C9336C_FX2_V001, ViewLayer | Synchronizing object | PSU1_FAIL_legend
Fra:1 Mem:169.54M (Peak 169.54M) | Time:00:00.11 | Mem:0.00M, Peak:0.00M | CISCO_N9K_C9336C_FX2_V001, ViewLayer | Synchronizing object | PSU1_unpowered_LED_32.6
Fra:1 Mem:169.54M (Peak 169.54M) | Time:00:00.11 | Mem:0.00M, Peak:0.00M | CISCO_N9K_C9336C_FX2_V001, ViewLayer | Synchronizing object | PSU1_unpowered_LED_36.8
Fra:1 Mem:169.54M (Peak 169.54M) | Time:00:00.11 | Mem:0.00M, Peak:0.00M | CISCO_N9K_C9336C_FX2_V001, ViewLayer | Synchronizing object | PSU1_retainer_rib_315.4
Fra:1 Mem:169.55M (Peak 169.55M) | Time:00:00.11 | Mem:0.00M, Peak:0.00M | CISCO_N9K_C9336C_FX2_V001, ViewLayer | Synchronizing object | PSU1_retainer_rib_313.2
Fra:1 Mem:169.56M (Peak 169.56M) | Time:00:00.11 | Mem:0.00M, Peak:0.00M | CISCO_N9K_C9336C_FX2_V001, ViewLayer | Synchronizing object | PSU1_retainer_rib_311
Fra:1 Mem:169.56M (Peak 169.56M) | Time:00:00.11 | Mem:0.00M, Peak:0.00M | CISCO_N9K_C9336C_FX2_V001, ViewLayer | Synchronizing object | PSU1_retainer_rib_308.8
Fra:1 Mem:169.57M (Peak 169.57M) | Time:00:00.11 | Mem:0.00M, Peak:0.00M | CISCO_N9K_C9336C_FX2_V001, ViewLayer | Synchronizing object | PSU1_retainer_rib_306.6
Fra:1 Mem:169.57M (Peak 169.57M) | Time:00:00.11 | Mem:0.00M, Peak:0.00M | CISCO_N9K_C9336C_FX2_V001, ViewLayer | Synchronizing object | PSU1_retainer_rib_304.4
Fra:1 Mem:169.58M (Peak 169.58M) | Time:00:00.11 | Mem:0.00M, Peak:0.00M | CISCO_N9K_C9336C_FX2_V001, ViewLayer | Synchronizing object | PSU1_retainer_rib_302.2
Fra:1 Mem:169.59M (Peak 169.59M) | Time:00:00.11 | Mem:0.00M, Peak:0.00M | CISCO_N9K_C9336C_FX2_V001, ViewLayer | Synchronizing object | PSU1_retainer_rib_300
Fra:1 Mem:169.59M (Peak 169.59M) | Time:00:00.11 | Mem:0.00M, Peak:0.00M | CISCO_N9K_C9336C_FX2_V001, ViewLayer | Synchronizing object | PSU1_stowed_nylon_retention_loop
Fra:1 Mem:169.60M (Peak 169.60M) | Time:00:00.11 | Mem:0.00M, Peak:0.00M | CISCO_N9K_C9336C_FX2_V001, ViewLayer | Synchronizing object | PSU1_cord_retainer_anchor
Fra:1 Mem:169.61M (Peak 169.61M) | Time:00:00.11 | Mem:0.00M, Peak:0.00M | CISCO_N9K_C9336C_FX2_V001, ViewLayer | Synchronizing object | PSU1_BLUE_release_latch
Fra:1 Mem:169.61M (Peak 169.61M) | Time:00:00.11 | Mem:0.00M, Peak:0.00M | CISCO_N9K_C9336C_FX2_V001, ViewLayer | Synchronizing object | PSU1_silver_U_pull_handle
Fra:1 Mem:172.81M (Peak 172.81M) | Time:00:00.11 | Mem:0.00M, Peak:0.00M | CISCO_N9K_C9336C_FX2_V001, ViewLayer | Synchronizing object | PSU1_IEC_pin_2
Fra:1 Mem:172.42M (Peak 172.81M) | Time:00:00.11 | Mem:0.00M, Peak:0.00M | CISCO_N9K_C9336C_FX2_V001, ViewLayer | Synchronizing object | PSU1_IEC_pin_1
Fra:1 Mem:172.74M (Peak 172.81M) | Time:00:00.11 | Mem:0.00M, Peak:0.00M | CISCO_N9K_C9336C_FX2_V001, ViewLayer | Synchronizing object | PSU1_IEC_pin_0
Fra:1 Mem:172.15M (Peak 172.81M) | Time:00:00.11 | Mem:0.00M, Peak:0.00M | CISCO_N9K_C9336C_FX2_V001, ViewLayer | Synchronizing object | PSU1_IEC_recessed_black_floor
Fra:1 Mem:172.30M (Peak 172.81M) | Time:00:00.11 | Mem:0.00M, Peak:0.00M | CISCO_N9K_C9336C_FX2_V001, ViewLayer | Synchronizing object | PSU1_IEC_C14_black_inlet_housing
Fra:1 Mem:172.18M (Peak 172.81M) | Time:00:00.11 | Mem:0.00M, Peak:0.00M | CISCO_N9K_C9336C_FX2_V001, ViewLayer | Synchronizing object | PSU1_true_hex_cooling_vents
Fra:1 Mem:172.91M (Peak 172.91M) | Time:00:00.12 | Mem:0.00M, Peak:0.00M | CISCO_N9K_C9336C_FX2_V001, ViewLayer | Synchronizing object | Fan3_fine_vertical_thumb_rib_-1_1
Fra:1 Mem:172.73M (Peak 172.91M) | Time:00:00.12 | Mem:0.00M, Peak:0.00M | CISCO_N9K_C9336C_FX2_V001, ViewLayer | Synchronizing object | PSU1_inlet_vent_divider
Fra:1 Mem:172.73M (Peak 172.91M) | Time:00:00.12 | Mem:0.00M, Peak:0.00M | CISCO_N9K_C9336C_FX2_V001, ViewLayer | Synchronizing object | PSU1_front_face_rim
Fra:1 Mem:172.75M (Peak 172.91M) | Time:00:00.12 | Mem:0.00M, Peak:0.00M | CISCO_N9K_C9336C_FX2_V001, ViewLayer | Synchronizing object | PSU1_internal_opaque_baffle
Fra:1 Mem:172.75M (Peak 172.91M) | Time:00:00.12 | Mem:0.00M, Peak:0.00M | CISCO_N9K_C9336C_FX2_V001, ViewLayer | Synchronizing object | PSU1_internal_mating_block
Fra:1 Mem:172.76M (Peak 172.91M) | Time:00:00.12 | Mem:0.00M, Peak:0.00M | CISCO_N9K_C9336C_FX2_V001, ViewLayer | Synchronizing object | PSU1_rear_internal_endcap
Fra:1 Mem:172.77M (Peak 172.91M) | Time:00:00.12 | Mem:0.00M, Peak:0.00M | CISCO_N9K_C9336C_FX2_V001, ViewLayer | Synchronizing object | PSU1_formed_silver_shell
Fra:1 Mem:172.79M (Peak 172.91M) | Time:00:00.12 | Mem:0.00M, Peak:0.00M | CISCO_N9K_C9336C_FX2_V001, ViewLayer | Synchronizing object | Fan3_fine_vertical_thumb_rib_1_9
Fra:1 Mem:172.80M (Peak 172.91M) | Time:00:00.12 | Mem:0.00M, Peak:0.00M | CISCO_N9K_C9336C_FX2_V001, ViewLayer | Synchronizing object | Fan3_fine_vertical_thumb_rib_1_8
Fra:1 Mem:172.81M (Peak 172.91M) | Time:00:00.12 | Mem:0.00M, Peak:0.00M | CISCO_N9K_C9336C_FX2_V001, ViewLayer | Synchronizing object | Fan3_fine_vertical_thumb_rib_1_7
Fra:1 Mem:172.81M (Peak 172.91M) | Time:00:00.12 | Mem:0.00M, Peak:0.00M | CISCO_N9K_C9336C_FX2_V001, ViewLayer | Synchronizing object | Fan3_fine_vertical_thumb_rib_1_6
Fra:1 Mem:172.82M (Peak 172.91M) | Time:00:00.12 | Mem:0.00M, Peak:0.00M | CISCO_N9K_C9336C_FX2_V001, ViewLayer | Synchronizing object | Fan3_fine_vertical_thumb_rib_1_5
Fra:1 Mem:172.82M (Peak 172.91M) | Time:00:00.12 | Mem:0.00M, Peak:0.00M | CISCO_N9K_C9336C_FX2_V001, ViewLayer | Synchronizing object | Fan3_fine_vertical_thumb_rib_1_4
Fra:1 Mem:172.83M (Peak 172.91M) | Time:00:00.12 | Mem:0.00M, Peak:0.00M | CISCO_N9K_C9336C_FX2_V001, ViewLayer | Synchronizing object | Fan3_fine_vertical_thumb_rib_1_3
Fra:1 Mem:172.84M (Peak 172.91M) | Time:00:00.12 | Mem:0.00M, Peak:0.00M | CISCO_N9K_C9336C_FX2_V001, ViewLayer | Synchronizing object | Fan3_fine_vertical_thumb_rib_1_2
Fra:1 Mem:172.84M (Peak 172.91M) | Time:00:00.12 | Mem:0.00M, Peak:0.00M | CISCO_N9K_C9336C_FX2_V001, ViewLayer | Synchronizing object | Fan3_fine_vertical_thumb_rib_1_1
Fra:1 Mem:172.85M (Peak 172.91M) | Time:00:00.12 | Mem:0.00M, Peak:0.00M | CISCO_N9K_C9336C_FX2_V001, ViewLayer | Synchronizing object | Fan3_fine_vertical_thumb_rib_1_0
Fra:1 Mem:172.85M (Peak 172.91M) | Time:00:00.12 | Mem:0.00M, Peak:0.00M | CISCO_N9K_C9336C_FX2_V001, ViewLayer | Synchronizing object | Fan3_fine_vertical_thumb_rib_-1_9
Fra:1 Mem:172.86M (Peak 172.91M) | Time:00:00.12 | Mem:0.00M, Peak:0.00M | CISCO_N9K_C9336C_FX2_V001, ViewLayer | Synchronizing object | Fan3_fine_vertical_thumb_rib_-1_8
Fra:1 Mem:172.87M (Peak 172.91M) | Time:00:00.12 | Mem:0.00M, Peak:0.00M | CISCO_N9K_C9336C_FX2_V001, ViewLayer | Synchronizing object | Fan3_fine_vertical_thumb_rib_-1_7
Fra:1 Mem:172.87M (Peak 172.91M) | Time:00:00.12 | Mem:0.00M, Peak:0.00M | CISCO_N9K_C9336C_FX2_V001, ViewLayer | Synchronizing object | Fan3_fine_vertical_thumb_rib_-1_6
Fra:1 Mem:172.88M (Peak 172.91M) | Time:00:00.12 | Mem:0.00M, Peak:0.00M | CISCO_N9K_C9336C_FX2_V001, ViewLayer | Synchronizing object | Fan3_fine_vertical_thumb_rib_-1_5
Fra:1 Mem:172.88M (Peak 172.91M) | Time:00:00.12 | Mem:0.00M, Peak:0.00M | CISCO_N9K_C9336C_FX2_V001, ViewLayer | Synchronizing object | Fan3_fine_vertical_thumb_rib_-1_4
Fra:1 Mem:172.89M (Peak 172.91M) | Time:00:00.12 | Mem:0.00M, Peak:0.00M | CISCO_N9K_C9336C_FX2_V001, ViewLayer | Synchronizing object | Fan3_fine_vertical_thumb_rib_-1_3
Fra:1 Mem:172.90M (Peak 172.91M) | Time:00:00.12 | Mem:0.00M, Peak:0.00M | CISCO_N9K_C9336C_FX2_V001, ViewLayer | Synchronizing object | Fan3_fine_vertical_thumb_rib_-1_2
Fra:1 Mem:172.90M (Peak 181.95M) | Time:00:00.26 | Mem:0.00M, Peak:0.00M | CISCO_N9K_C9336C_FX2_V001, ViewLayer | Initializing
Fra:1 Mem:168.45M (Peak 181.95M) | Time:00:00.26 | Mem:0.00M, Peak:0.00M | CISCO_N9K_C9336C_FX2_V001, ViewLayer | Updating Images | Loading NWR_original_chassis_label_baked
Fra:1 Mem:168.45M (Peak 181.95M) | Time:00:00.26 | Mem:0.00M, Peak:0.00M | CISCO_N9K_C9336C_FX2_V001, ViewLayer | Updating Images | Loading chassis-satin-nickel-roughness
Fra:1 Mem:168.45M (Peak 181.95M) | Time:00:00.26 | Mem:0.00M, Peak:0.00M | CISCO_N9K_C9336C_FX2_V001, ViewLayer | Updating Images | Loading cage-stainless-steel-roughness
Fra:1 Mem:168.45M (Peak 181.95M) | Time:00:00.26 | Mem:0.00M, Peak:0.00M | CISCO_N9K_C9336C_FX2_V001, ViewLayer | Updating Images | Loading dark-grille-metal-roughness
Fra:1 Mem:155.47M (Peak 183.00M) | Time:00:00.30 | Mem:7.50M, Peak:7.50M | CISCO_N9K_C9336C_FX2_V001, ViewLayer | Waiting for render to start
Fra:1 Mem:155.47M (Peak 183.00M) | Time:00:00.30 | Mem:7.50M, Peak:7.50M | CISCO_N9K_C9336C_FX2_V001, ViewLayer | Loading render kernels (may take a few minutes the first time)
Fra:1 Mem:155.47M (Peak 183.00M) | Time:00:00.30 | Mem:7.50M, Peak:7.50M | CISCO_N9K_C9336C_FX2_V001, ViewLayer | Updating Scene
Fra:1 Mem:155.47M (Peak 183.00M) | Time:00:00.30 | Mem:7.50M, Peak:7.50M | CISCO_N9K_C9336C_FX2_V001, ViewLayer | Updating Shaders
Fra:1 Mem:155.56M (Peak 183.00M) | Time:00:00.30 | Mem:7.51M, Peak:7.51M | CISCO_N9K_C9336C_FX2_V001, ViewLayer | Updating Procedurals
Fra:1 Mem:155.56M (Peak 183.00M) | Time:00:00.30 | Mem:7.51M, Peak:7.51M | CISCO_N9K_C9336C_FX2_V001, ViewLayer | Updating Background
Fra:1 Mem:155.56M (Peak 183.00M) | Time:00:00.30 | Mem:7.51M, Peak:7.51M | CISCO_N9K_C9336C_FX2_V001, ViewLayer | Updating Camera
Fra:1 Mem:155.56M (Peak 183.00M) | Time:00:00.30 | Mem:7.51M, Peak:7.51M | CISCO_N9K_C9336C_FX2_V001, ViewLayer | Updating Meshes Flags
Fra:1 Mem:155.56M (Peak 183.00M) | Time:00:00.30 | Mem:7.51M, Peak:7.51M | CISCO_N9K_C9336C_FX2_V001, ViewLayer | Updating Objects
Fra:1 Mem:155.56M (Peak 183.00M) | Time:00:00.30 | Mem:7.51M, Peak:7.51M | CISCO_N9K_C9336C_FX2_V001, ViewLayer | Updating Objects | Copying Transformations to device
Fra:1 Mem:155.79M (Peak 183.00M) | Time:00:00.30 | Mem:7.73M, Peak:7.73M | CISCO_N9K_C9336C_FX2_V001, ViewLayer | Updating Objects | Applying Static Transformations
Fra:1 Mem:155.79M (Peak 183.00M) | Time:00:00.31 | Mem:7.73M, Peak:7.73M | CISCO_N9K_C9336C_FX2_V001, ViewLayer | Updating Particle Systems
Fra:1 Mem:155.79M (Peak 183.00M) | Time:00:00.31 | Mem:7.73M, Peak:7.73M | CISCO_N9K_C9336C_FX2_V001, ViewLayer | Updating Particle Systems | Copying Particles to device
Fra:1 Mem:155.79M (Peak 183.00M) | Time:00:00.31 | Mem:7.73M, Peak:7.73M | CISCO_N9K_C9336C_FX2_V001, ViewLayer | Updating Meshes
Fra:1 Mem:161.68M (Peak 183.00M) | Time:00:00.32 | Mem:7.73M, Peak:7.73M | CISCO_N9K_C9336C_FX2_V001, ViewLayer | Updating Mesh | Computing attributes
Fra:1 Mem:188.09M (Peak 188.09M) | Time:00:00.35 | Mem:7.77M, Peak:7.77M | CISCO_N9K_C9336C_FX2_V001, ViewLayer | Updating Mesh | Copying Attributes to device
Fra:1 Mem:187.97M (Peak 188.09M) | Time:00:00.35 | Mem:34.02M, Peak:34.02M | CISCO_N9K_C9336C_FX2_V001, ViewLayer | Updating Geometry BVH Lid_flush_Phillips_00 1/30 | Building BVH
Fra:1 Mem:187.97M (Peak 188.09M) | Time:00:00.35 | Mem:34.02M, Peak:34.02M | CISCO_N9K_C9336C_FX2_V001, ViewLayer | Updating Geometry BVH Pair01_stainless_shell_29mm_deep 2/30 | Building BVH
Fra:1 Mem:187.97M (Peak 188.09M) | Time:00:00.35 | Mem:34.02M, Peak:34.02M | CISCO_N9K_C9336C_FX2_V001, ViewLayer | Updating Geometry BVH Pair01_internal_cooling_shelf 4/30 | Building BVH
Fra:1 Mem:187.97M (Peak 188.09M) | Time:00:00.35 | Mem:34.03M, Peak:34.03M | CISCO_N9K_C9336C_FX2_V001, ViewLayer | Updating Geometry BVH Pair01_internal_cooling_shelf 4/30 | Building BVH 0%
Fra:1 Mem:187.97M (Peak 188.09M) | Time:00:00.35 | Mem:34.10M, Peak:34.10M | CISCO_N9K_C9336C_FX2_V001, ViewLayer | Updating Geometry BVH Port01_recessed_connector_stop 5/30 | Building BVH
Fra:1 Mem:187.97M (Peak 188.09M) | Time:00:00.35 | Mem:34.11M, Peak:34.11M | CISCO_N9K_C9336C_FX2_V001, ViewLayer | Updating Geometry BVH Port01_connector_contact_surround 6/30 | Building BVH
Fra:1 Mem:187.97M (Peak 188.09M) | Time:00:00.35 | Mem:34.12M, Peak:34.12M | CISCO_N9K_C9336C_FX2_V001, ViewLayer | Updating Geometry BVH Port01_guide_-1_4.25 8/30 | Building BVH
Fra:1 Mem:187.97M (Peak 188.09M) | Time:00:00.35 | Mem:34.13M, Peak:34.13M | CISCO_N9K_C9336C_FX2_V001, ViewLayer | Updating Geometry BVH Port01_spring_-1_-2.8 9/30 | Building BVH
Fra:1 Mem:187.97M (Peak 188.09M) | Time:00:00.35 | Mem:34.15M, Peak:34.15M | CISCO_N9K_C9336C_FX2_V001, ViewLayer | Updating Geometry BVH Port01_spring_-1_0 10/30 | Building BVH
Fra:1 Mem:187.97M (Peak 188.09M) | Time:00:00.35 | Mem:34.15M, Peak:34.15M | CISCO_N9K_C9336C_FX2_V001, ViewLayer | Updating Geometry BVH Port01_spring_-1_2.8 11/30 | Building BVH
Fra:1 Mem:187.97M (Peak 188.09M) | Time:00:00.35 | Mem:34.21M, Peak:34.21M | CISCO_N9K_C9336C_FX2_V001, ViewLayer | Updating Geometry BVH Port01_guide_1_-4.25 12/30 | Building BVH
Fra:1 Mem:187.97M (Peak 188.09M) | Time:00:00.35 | Mem:34.22M, Peak:34.22M | CISCO_N9K_C9336C_FX2_V001, ViewLayer | Updating Geometry BVH Port01_spring_1_0 15/30 | Building BVH
Fra:1 Mem:187.97M (Peak 188.09M) | Time:00:00.35 | Mem:34.21M, Peak:34.22M | CISCO_N9K_C9336C_FX2_V001, ViewLayer | Updating Geometry BVH Port02_spring_1_2.8 29/30 | Building BVH
Fra:1 Mem:187.97M (Peak 188.09M) | Time:00:00.35 | Mem:34.24M, Peak:34.24M | CISCO_N9K_C9336C_FX2_V001, ViewLayer | Updating Geometry BVH Port01_subtle_recessed_contact_row 17/30 | Building BVH
Fra:1 Mem:187.97M (Peak 188.09M) | Time:00:00.35 | Mem:34.24M, Peak:34.24M | CISCO_N9K_C9336C_FX2_V001, ViewLayer | Updating Geometry BVH Port01_spring_1_2.8 16/30 | Building BVH
Fra:1 Mem:187.97M (Peak 188.09M) | Time:00:00.35 | Mem:34.26M, Peak:34.26M | CISCO_N9K_C9336C_FX2_V001, ViewLayer | Updating Geometry BVH Port02_spring_1_0 28/30 | Building BVH
Fra:1 Mem:187.97M (Peak 188.09M) | Time:00:00.35 | Mem:34.30M, Peak:34.31M | CISCO_N9K_C9336C_FX2_V001, ViewLayer | Updating Geometry BVH Port02_recessed_connector_stop 18/30 | Building BVH
Fra:1 Mem:187.97M (Peak 188.09M) | Time:00:00.35 | Mem:34.33M, Peak:34.33M | CISCO_N9K_C9336C_FX2_V001, ViewLayer | Updating Geometry BVH Port02_connector_contact_surround 19/30 | Building BVH
Fra:1 Mem:187.97M (Peak 188.09M) | Time:00:00.35 | Mem:34.34M, Peak:34.34M | CISCO_N9K_C9336C_FX2_V001, ViewLayer | Updating Geometry BVH Port02_guide_-1_-4.25 20/30 | Building BVH
Fra:1 Mem:187.97M (Peak 188.09M) | Time:00:00.35 | Mem:34.36M, Peak:34.36M | CISCO_N9K_C9336C_FX2_V001, ViewLayer | Updating Geometry BVH Port02_spring_1_-2.8 27/30 | Building BVH
Fra:1 Mem:187.97M (Peak 188.09M) | Time:00:00.35 | Mem:34.39M, Peak:34.40M | CISCO_N9K_C9336C_FX2_V001, ViewLayer | Updating Geometry BVH Port02_guide_-1_4.25 21/30 | Building BVH
Fra:1 Mem:187.97M (Peak 188.09M) | Time:00:00.35 | Mem:34.44M, Peak:34.44M | CISCO_N9K_C9336C_FX2_V001, ViewLayer | Updating Geometry BVH Port02_spring_-1_2.8 24/30 | Building BVH
Fra:1 Mem:187.97M (Peak 188.09M) | Time:00:00.35 | Mem:34.45M, Peak:34.45M | CISCO_N9K_C9336C_FX2_V001, ViewLayer | Updating Geometry BVH Port02_guide_1_-4.25 25/30 | Building BVH
Fra:1 Mem:187.97M (Peak 188.09M) | Time:00:00.35 | Mem:34.46M, Peak:34.46M | CISCO_N9K_C9336C_FX2_V001, ViewLayer | Updating Geometry BVH Port02_guide_1_4.25 26/30 | Building BVH
Fra:1 Mem:187.97M (Peak 188.09M) | Time:00:00.35 | Mem:34.49M, Peak:34.57M | CISCO_N9K_C9336C_FX2_V001, ViewLayer | Updating Scene BVH | Building
Fra:1 Mem:187.98M (Peak 188.09M) | Time:00:00.35 | Mem:34.49M, Peak:34.57M | CISCO_N9K_C9336C_FX2_V001, ViewLayer | Updating Scene BVH | Building BVH
Fra:1 Mem:187.98M (Peak 188.09M) | Time:00:00.39 | Mem:58.89M, Peak:70.50M | CISCO_N9K_C9336C_FX2_V001, ViewLayer | Updating Scene BVH | Copying BVH to device
Fra:1 Mem:187.98M (Peak 188.09M) | Time:00:00.39 | Mem:58.89M, Peak:70.50M | CISCO_N9K_C9336C_FX2_V001, ViewLayer | Updating Mesh | Computing normals
Fra:1 Mem:201.18M (Peak 201.18M) | Time:00:00.40 | Mem:58.89M, Peak:70.50M | CISCO_N9K_C9336C_FX2_V001, ViewLayer | Updating Mesh | Copying Mesh to device
Fra:1 Mem:201.18M (Peak 201.18M) | Time:00:00.40 | Mem:72.10M, Peak:72.10M | CISCO_N9K_C9336C_FX2_V001, ViewLayer | Updating Objects Flags
Fra:1 Mem:201.18M (Peak 201.18M) | Time:00:00.40 | Mem:72.11M, Peak:72.11M | CISCO_N9K_C9336C_FX2_V001, ViewLayer | Updating Primitive Offsets
Fra:1 Mem:201.19M (Peak 201.19M) | Time:00:00.40 | Mem:72.11M, Peak:72.11M | CISCO_N9K_C9336C_FX2_V001, ViewLayer | Updating Images
Fra:1 Mem:201.19M (Peak 201.19M) | Time:00:00.40 | Mem:72.11M, Peak:72.11M | CISCO_N9K_C9336C_FX2_V001, ViewLayer | Updating Camera Volume
Fra:1 Mem:201.19M (Peak 201.19M) | Time:00:00.40 | Mem:72.11M, Peak:72.11M | CISCO_N9K_C9336C_FX2_V001, ViewLayer | Updating Lookup Tables
Fra:1 Mem:201.19M (Peak 201.19M) | Time:00:00.40 | Mem:72.19M, Peak:72.19M | CISCO_N9K_C9336C_FX2_V001, ViewLayer | Updating Lights
Fra:1 Mem:201.19M (Peak 201.19M) | Time:00:00.40 | Mem:72.19M, Peak:72.19M | CISCO_N9K_C9336C_FX2_V001, ViewLayer | Updating Lights | Computing distribution
Fra:1 Mem:201.19M (Peak 201.19M) | Time:00:00.40 | Mem:72.19M, Peak:72.19M | CISCO_N9K_C9336C_FX2_V001, ViewLayer | Updating Lights | Computing tree
Fra:1 Mem:201.20M (Peak 201.20M) | Time:00:00.40 | Mem:72.20M, Peak:72.20M | CISCO_N9K_C9336C_FX2_V001, ViewLayer | Updating Integrator
Fra:1 Mem:202.20M (Peak 202.20M) | Time:00:00.40 | Mem:73.20M, Peak:73.20M | CISCO_N9K_C9336C_FX2_V001, ViewLayer | Updating Film
Fra:1 Mem:202.20M (Peak 202.20M) | Time:00:00.40 | Mem:73.12M, Peak:73.20M | CISCO_N9K_C9336C_FX2_V001, ViewLayer | Updating Lookup Tables
Fra:1 Mem:202.20M (Peak 202.20M) | Time:00:00.40 | Mem:73.20M, Peak:73.20M | CISCO_N9K_C9336C_FX2_V001, ViewLayer | Updating Baking
Fra:1 Mem:202.20M (Peak 202.20M) | Time:00:00.40 | Mem:73.20M, Peak:73.20M | CISCO_N9K_C9336C_FX2_V001, ViewLayer | Updating Device | Writing constant memory
Fra:1 Mem:202.22M (Peak 202.22M) | Time:00:00.40 | Mem:73.20M, Peak:73.20M | CISCO_N9K_C9336C_FX2_V001, ViewLayer | Sample 0/128
Fra:1 Mem:238.84M (Peak 238.84M) | Time:00:00.78 | Remaining:00:48.88 | Mem:109.81M, Peak:109.81M | CISCO_N9K_C9336C_FX2_V001, ViewLayer | Sample 1/128
Fra:1 Mem:238.84M (Peak 238.84M) | Time:00:21.08 | Remaining:00:20.68 | Mem:109.81M, Peak:109.81M | CISCO_N9K_C9336C_FX2_V001, ViewLayer | Sample 64/128
Fra:1 Mem:238.84M (Peak 238.84M) | Time:00:21.66 | Remaining:00:12.75 | Mem:109.81M, Peak:109.81M | CISCO_N9K_C9336C_FX2_V001, ViewLayer | Sample 80/128
Fra:1 Mem:238.84M (Peak 238.84M) | Time:00:22.10 | Remaining:00:07.23 | Mem:109.81M, Peak:109.81M | CISCO_N9K_C9336C_FX2_V001, ViewLayer | Sample 96/128
Fra:1 Mem:238.84M (Peak 238.84M) | Time:00:22.52 | Remaining:00:03.16 | Mem:109.81M, Peak:109.81M | CISCO_N9K_C9336C_FX2_V001, ViewLayer | Sample 112/128
Fra:1 Mem:255.11M (Peak 287.64M) | Time:00:22.80 | Mem:109.81M, Peak:109.81M | CISCO_N9K_C9336C_FX2_V001, ViewLayer | Sample 128/128
Fra:1 Mem:255.11M (Peak 287.64M) | Time:00:22.80 | Mem:109.81M, Peak:109.81M | CISCO_N9K_C9336C_FX2_V001, ViewLayer | Finished
Fra:1 Mem:121.11M (Peak 287.64M) | Time:00:22.81 | Compositing
Fra:1 Mem:121.11M (Peak 287.64M) | Time:00:22.81 | Compositing | Determining resolution
Fra:1 Mem:121.11M (Peak 287.64M) | Time:00:22.81 | Compositing | Initializing execution
Fra:1 Mem:137.44M (Peak 287.64M) | Time:00:22.82 | Compositing | Tile 3-22
Fra:1 Mem:137.44M (Peak 287.64M) | Time:00:22.82 | Compositing | Tile 1-22
Fra:1 Mem:137.44M (Peak 287.64M) | Time:00:22.82 | Compositing | Tile 4-22
Fra:1 Mem:137.44M (Peak 287.64M) | Time:00:22.82 | Compositing | Tile 2-22
Fra:1 Mem:137.44M (Peak 287.64M) | Time:00:22.82 | Compositing | Tile 5-22
Fra:1 Mem:137.44M (Peak 287.64M) | Time:00:22.82 | Compositing | Tile 6-22
Fra:1 Mem:137.44M (Peak 287.64M) | Time:00:22.82 | Compositing | Tile 7-22
Fra:1 Mem:137.44M (Peak 287.64M) | Time:00:22.82 | Compositing | Tile 8-22
Fra:1 Mem:137.44M (Peak 287.64M) | Time:00:22.82 | Compositing | Tile 9-22
Fra:1 Mem:137.44M (Peak 287.64M) | Time:00:22.82 | Compositing | Tile 10-22
Fra:1 Mem:137.44M (Peak 287.64M) | Time:00:22.82 | Compositing | Tile 11-22
Fra:1 Mem:137.44M (Peak 287.64M) | Time:00:22.82 | Compositing | Tile 12-22
Fra:1 Mem:137.44M (Peak 287.64M) | Time:00:22.82 | Compositing | Tile 13-22
Fra:1 Mem:137.44M (Peak 287.64M) | Time:00:22.82 | Compositing | Tile 14-22
Fra:1 Mem:137.44M (Peak 287.64M) | Time:00:22.82 | Compositing | Tile 15-22
Fra:1 Mem:137.44M (Peak 287.64M) | Time:00:22.82 | Compositing | Tile 16-22
Fra:1 Mem:137.44M (Peak 287.64M) | Time:00:22.82 | Compositing | Tile 17-22
Fra:1 Mem:137.44M (Peak 287.64M) | Time:00:22.82 | Compositing | Tile 18-22
Fra:1 Mem:137.44M (Peak 287.64M) | Time:00:22.82 | Compositing | Tile 19-22
Fra:1 Mem:137.44M (Peak 287.64M) | Time:00:22.82 | Compositing | Tile 20-22
Fra:1 Mem:137.44M (Peak 287.64M) | Time:00:22.82 | Compositing | Tile 21-22
Fra:1 Mem:137.44M (Peak 287.64M) | Time:00:22.82 | Compositing | Tile 22-22
Fra:1 Mem:137.38M (Peak 287.64M) | Time:00:22.82 | Compositing | De-initializing execution
Saved: '/root/Project/rack-device-3d/Cisco-N9KC9336C-FX2/v001/previews/front.png'
Time: 00:23.28 (Saving: 00:00.45)

BlenderMCP: cannot start server in background mode (blender -b) - commands would never execute
BlenderMCP: run Blender with a GUI, or use a virtual display: xvfb-run -a blender
BlenderMCP addon registered
VIEW_COMPLETE front
Fra:1 Mem:129.67M (Peak 129.67M) | Time:00:00.08 | Mem:0.00M, Peak:0.00M | CISCO_N9K_C9336C_FX2_V001, ViewLayer | Synchronizing object | LEFT_sidewall_with_mounting_provisions
Fra:1 Mem:129.68M (Peak 129.68M) | Time:00:00.08 | Mem:0.00M, Peak:0.00M | CISCO_N9K_C9336C_FX2_V001, ViewLayer | Synchronizing object | Lid_staggered_punched_vent_2028_through_holes
Fra:1 Mem:129.88M (Peak 129.88M) | Time:00:00.08 | Mem:0.00M, Peak:0.00M | CISCO_N9K_C9336C_FX2_V001, ViewLayer | Synchronizing object | Lid_vent_side_border_-1
Fra:1 Mem:134.64M (Peak 134.64M) | Time:00:00.08 | Mem:0.00M, Peak:0.00M | CISCO_N9K_C9336C_FX2_V001, ViewLayer | Synchronizing object | Lid_vent_side_border_1
Fra:1 Mem:134.87M (Peak 134.87M) | Time:00:00.08 | Mem:0.00M, Peak:0.00M | CISCO_N9K_C9336C_FX2_V001, ViewLayer | Synchronizing object | Interior_under_port_vent_baffle
Fra:1 Mem:134.91M (Peak 134.91M) | Time:00:00.08 | Mem:0.00M, Peak:0.00M | CISCO_N9K_C9336C_FX2_V001, ViewLayer | Synchronizing object | Rear_horizontal_rim_1.25
Fra:1 Mem:134.91M (Peak 134.91M) | Time:00:00.08 | Mem:0.00M, Peak:0.00M | CISCO_N9K_C9336C_FX2_V001, ViewLayer | Synchronizing object | Rear_horizontal_rim_42.438
Fra:1 Mem:134.91M (Peak 134.91M) | Time:00:00.08 | Mem:0.00M, Peak:0.00M | CISCO_N9K_C9336C_FX2_V001, ViewLayer | Synchronizing object | Rear_side_rim_-218.46
Fra:1 Mem:134.91M (Peak 134.91M) | Time:00:00.08 | Mem:0.00M, Peak:0.00M | CISCO_N9K_C9336C_FX2_V001, ViewLayer | Synchronizing object | Rear_side_rim_218.46
Fra:1 Mem:134.91M (Peak 134.91M) | Time:00:00.08 | Mem:0.00M, Peak:0.00M | CISCO_N9K_C9336C_FX2_V001, ViewLayer | Synchronizing object | Rear_module_divider_160
Fra:1 Mem:136.37M (Peak 136.37M) | Time:00:00.08 | Mem:0.00M, Peak:0.00M | CISCO_N9K_C9336C_FX2_V001, ViewLayer | Synchronizing object | Rear_module_divider_70
Fra:1 Mem:136.39M (Peak 136.39M) | Time:00:00.08 | Mem:0.00M, Peak:0.00M | CISCO_N9K_C9336C_FX2_V001, ViewLayer | Synchronizing object | Rear_module_divider_-20
Fra:1 Mem:136.40M (Peak 136.40M) | Time:00:00.08 | Mem:0.00M, Peak:0.00M | CISCO_N9K_C9336C_FX2_V001, ViewLayer | Synchronizing object | Rear_module_divider_-110
Fra:1 Mem:136.42M (Peak 136.42M) | Time:00:00.08 | Mem:0.00M, Peak:0.00M | CISCO_N9K_C9336C_FX2_V001, ViewLayer | Synchronizing object | Rear_module_divider_-160
Fra:1 Mem:136.43M (Peak 136.43M) | Time:00:00.08 | Mem:0.00M, Peak:0.00M | CISCO_N9K_C9336C_FX2_V001, ViewLayer | Synchronizing object | Lid_flush_Phillips_00
Fra:1 Mem:136.45M (Peak 136.45M) | Time:00:00.08 | Mem:0.00M, Peak:0.00M | CISCO_N9K_C9336C_FX2_V001, ViewLayer | Synchronizing object | Port_face_solid_punched_panel
Fra:1 Mem:138.73M (Peak 138.73M) | Time:00:00.08 | Mem:0.00M, Peak:0.00M | CISCO_N9K_C9336C_FX2_V001, ViewLayer | Synchronizing object | LEFT_EAR_bent_opaque_solid_with_true_bores
Fra:1 Mem:141.48M (Peak 141.48M) | Time:00:00.09 | Mem:0.00M, Peak:0.00M | CISCO_N9K_C9336C_FX2_V001, ViewLayer | Synchronizing object | LEFT_ear_M4_-284_10.8
Fra:1 Mem:141.40M (Peak 141.48M) | Time:00:00.09 | Mem:0.00M, Peak:0.00M | CISCO_N9K_C9336C_FX2_V001, ViewLayer | Synchronizing object | LEFT_ear_M4_-256_10.8
Fra:1 Mem:141.45M (Peak 141.48M) | Time:00:00.09 | Mem:0.00M, Peak:0.00M | CISCO_N9K_C9336C_FX2_V001, ViewLayer | Synchronizing object | LEFT_ear_M4_-256_32.8
Fra:1 Mem:141.47M (Peak 141.48M) | Time:00:00.09 | Mem:0.00M, Peak:0.00M | CISCO_N9K_C9336C_FX2_V001, ViewLayer | Synchronizing object | RIGHT_EAR_bent_opaque_solid_with_true_bores
Fra:1 Mem:143.31M (Peak 143.31M) | Time:00:00.09 | Mem:0.00M, Peak:0.00M | CISCO_N9K_C9336C_FX2_V001, ViewLayer | Synchronizing object | RIGHT_ear_M4_-284_10.8
Fra:1 Mem:143.50M (Peak 143.50M) | Time:00:00.09 | Mem:0.00M, Peak:0.00M | CISCO_N9K_C9336C_FX2_V001, ViewLayer | Synchronizing object | RIGHT_ear_M4_-284_32.8
Fra:1 Mem:143.77M (Peak 143.77M) | Time:00:00.09 | Mem:0.00M, Peak:0.00M | CISCO_N9K_C9336C_FX2_V001, ViewLayer | Synchronizing object | RIGHT_ear_M4_-256_10.8
Fra:1 Mem:143.85M (Peak 143.85M) | Time:00:00.09 | Mem:0.00M, Peak:0.00M | CISCO_N9K_C9336C_FX2_V001, ViewLayer | Synchronizing object | RIGHT_ear_M4_-256_32.8
Fra:1 Mem:143.87M (Peak 143.87M) | Time:00:00.09 | Mem:0.00M, Peak:0.00M | CISCO_N9K_C9336C_FX2_V001, ViewLayer | Synchronizing object | Pair01_stainless_shell_29mm_deep
Fra:1 Mem:143.89M (Peak 143.89M) | Time:00:00.09 | Mem:0.00M, Peak:0.00M | CISCO_N9K_C9336C_FX2_V001, ViewLayer | Synchronizing object | Pair01_front_separator_true_perforations
Fra:1 Mem:144.04M (Peak 144.04M) | Time:00:00.09 | Mem:0.00M, Peak:0.00M | CISCO_N9K_C9336C_FX2_V001, ViewLayer | Synchronizing object | Pair01_internal_cooling_shelf
Fra:1 Mem:144.17M (Peak 144.17M) | Time:00:00.09 | Mem:0.00M, Peak:0.00M | CISCO_N9K_C9336C_FX2_V001, ViewLayer | Synchronizing object | Port01_recessed_connector_stop
Fra:1 Mem:144.18M (Peak 144.18M) | Time:00:00.09 | Mem:0.00M, Peak:0.00M | CISCO_N9K_C9336C_FX2_V001, ViewLayer | Synchronizing object | Port01_connector_contact_surround
Fra:1 Mem:144.18M (Peak 144.18M) | Time:00:00.09 | Mem:0.00M, Peak:0.00M | CISCO_N9K_C9336C_FX2_V001, ViewLayer | Synchronizing object | Port01_guide_-1_-4.25
Fra:1 Mem:144.20M (Peak 144.20M) | Time:00:00.09 | Mem:0.00M, Peak:0.00M | CISCO_N9K_C9336C_FX2_V001, ViewLayer | Synchronizing object | Port01_guide_-1_4.25
Fra:1 Mem:144.21M (Peak 144.21M) | Time:00:00.09 | Mem:0.00M, Peak:0.00M | CISCO_N9K_C9336C_FX2_V001, ViewLayer | Synchronizing object | Port01_spring_-1_-2.8
Fra:1 Mem:152.08M (Peak 152.08M) | Time:00:00.09 | Mem:0.00M, Peak:0.00M | CISCO_N9K_C9336C_FX2_V001, ViewLayer | Synchronizing object | Port01_spring_-1_0
Fra:1 Mem:152.10M (Peak 152.10M) | Time:00:00.09 | Mem:0.00M, Peak:0.00M | CISCO_N9K_C9336C_FX2_V001, ViewLayer | Synchronizing object | Port01_spring_-1_2.8
Fra:1 Mem:152.11M (Peak 152.11M) | Time:00:00.09 | Mem:0.00M, Peak:0.00M | CISCO_N9K_C9336C_FX2_V001, ViewLayer | Synchronizing object | Port01_guide_1_-4.25
Fra:1 Mem:152.13M (Peak 152.13M) | Time:00:00.09 | Mem:0.00M, Peak:0.00M | CISCO_N9K_C9336C_FX2_V001, ViewLayer | Synchronizing object | Port01_guide_1_4.25
Fra:1 Mem:152.15M (Peak 152.15M) | Time:00:00.09 | Mem:0.00M, Peak:0.00M | CISCO_N9K_C9336C_FX2_V001, ViewLayer | Synchronizing object | Port01_spring_1_-2.8
Fra:1 Mem:152.16M (Peak 152.16M) | Time:00:00.09 | Mem:0.00M, Peak:0.00M | CISCO_N9K_C9336C_FX2_V001, ViewLayer | Synchronizing object | Port01_spring_1_0
Fra:1 Mem:152.18M (Peak 152.18M) | Time:00:00.09 | Mem:0.00M, Peak:0.00M | CISCO_N9K_C9336C_FX2_V001, ViewLayer | Synchronizing object | Port01_spring_1_2.8
Fra:1 Mem:152.20M (Peak 152.20M) | Time:00:00.09 | Mem:0.00M, Peak:0.00M | CISCO_N9K_C9336C_FX2_V001, ViewLayer | Synchronizing object | Port01_subtle_recessed_contact_row
Fra:1 Mem:152.21M (Peak 152.21M) | Time:00:00.09 | Mem:0.00M, Peak:0.00M | CISCO_N9K_C9336C_FX2_V001, ViewLayer | Synchronizing object | Port02_recessed_connector_stop
Fra:1 Mem:152.21M (Peak 152.21M) | Time:00:00.09 | Mem:0.00M, Peak:0.00M | CISCO_N9K_C9336C_FX2_V001, ViewLayer | Synchronizing object | Port02_connector_contact_surround
Fra:1 Mem:152.22M (Peak 152.22M) | Time:00:00.09 | Mem:0.00M, Peak:0.00M | CISCO_N9K_C9336C_FX2_V001, ViewLayer | Synchronizing object | Port02_guide_-1_-4.25
Fra:1 Mem:152.23M (Peak 152.23M) | Time:00:00.09 | Mem:0.00M, Peak:0.00M | CISCO_N9K_C9336C_FX2_V001, ViewLayer | Synchronizing object | Port02_guide_-1_4.25
Fra:1 Mem:152.25M (Peak 152.25M) | Time:00:00.09 | Mem:0.00M, Peak:0.00M | CISCO_N9K_C9336C_FX2_V001, ViewLayer | Synchronizing object | Port02_spring_-1_-2.8
Fra:1 Mem:152.37M (Peak 152.37M) | Time:00:00.09 | Mem:0.00M, Peak:0.00M | CISCO_N9K_C9336C_FX2_V001, ViewLayer | Synchronizing object | Port02_spring_-1_0
Fra:1 Mem:152.27M (Peak 152.37M) | Time:00:00.09 | Mem:0.00M, Peak:0.00M | CISCO_N9K_C9336C_FX2_V001, ViewLayer | Synchronizing object | Port02_spring_-1_2.8
Fra:1 Mem:152.29M (Peak 152.37M) | Time:00:00.09 | Mem:0.00M, Peak:0.00M | CISCO_N9K_C9336C_FX2_V001, ViewLayer | Synchronizing object | Port02_guide_1_-4.25
Fra:1 Mem:152.30M (Peak 152.37M) | Time:00:00.09 | Mem:0.00M, Peak:0.00M | CISCO_N9K_C9336C_FX2_V001, ViewLayer | Synchronizing object | Port02_guide_1_4.25
Fra:1 Mem:152.32M (Peak 152.37M) | Time:00:00.09 | Mem:0.00M, Peak:0.00M | CISCO_N9K_C9336C_FX2_V001, ViewLayer | Synchronizing object | Port02_spring_1_-2.8
Fra:1 Mem:152.33M (Peak 152.37M) | Time:00:00.09 | Mem:0.00M, Peak:0.00M | CISCO_N9K_C9336C_FX2_V001, ViewLayer | Synchronizing object | Port02_spring_1_0
Fra:1 Mem:152.35M (Peak 152.37M) | Time:00:00.09 | Mem:0.00M, Peak:0.00M | CISCO_N9K_C9336C_FX2_V001, ViewLayer | Synchronizing object | Port02_spring_1_2.8
Fra:1 Mem:152.36M (Peak 152.37M) | Time:00:00.09 | Mem:0.00M, Peak:0.00M | CISCO_N9K_C9336C_FX2_V001, ViewLayer | Synchronizing object | Port02_subtle_recessed_contact_row
Fra:1 Mem:152.37M (Peak 152.37M) | Time:00:00.09 | Mem:0.00M, Peak:0.00M | CISCO_N9K_C9336C_FX2_V001, ViewLayer | Synchronizing object | Fan1_rotor_housing_-1
Fra:1 Mem:152.37M (Peak 152.37M) | Time:00:00.09 | Mem:0.00M, Peak:0.00M | CISCO_N9K_C9336C_FX2_V001, ViewLayer | Synchronizing object | Fan1_hub_-1
Fra:1 Mem:152.38M (Peak 152.38M) | Time:00:00.09 | Mem:0.00M, Peak:0.00M | CISCO_N9K_C9336C_FX2_V001, ViewLayer | Synchronizing object | Fan1_blade_-1_0
Fra:1 Mem:152.38M (Peak 152.38M) | Time:00:00.09 | Mem:0.00M, Peak:0.00M | CISCO_N9K_C9336C_FX2_V001, ViewLayer | Synchronizing object | Fan1_blade_-1_2
Fra:1 Mem:152.38M (Peak 152.38M) | Time:00:00.09 | Mem:0.00M, Peak:0.00M | CISCO_N9K_C9336C_FX2_V001, ViewLayer | Synchronizing object | Fan1_blade_-1_3
Fra:1 Mem:152.39M (Peak 152.39M) | Time:00:00.09 | Mem:0.00M, Peak:0.00M | CISCO_N9K_C9336C_FX2_V001, ViewLayer | Synchronizing object | Fan1_blade_-1_4
Fra:1 Mem:152.39M (Peak 152.39M) | Time:00:00.09 | Mem:0.00M, Peak:0.00M | CISCO_N9K_C9336C_FX2_V001, ViewLayer | Synchronizing object | Fan1_blade_-1_5
Fra:1 Mem:152.39M (Peak 152.39M) | Time:00:00.09 | Mem:0.00M, Peak:0.00M | CISCO_N9K_C9336C_FX2_V001, ViewLayer | Synchronizing object | Fan1_blade_-1_6
Fra:1 Mem:152.39M (Peak 152.39M) | Time:00:00.09 | Mem:0.00M, Peak:0.00M | CISCO_N9K_C9336C_FX2_V001, ViewLayer | Synchronizing object | Fan1_top_retention_rail_-1
Fra:1 Mem:152.39M (Peak 152.39M) | Time:00:00.09 | Mem:0.00M, Peak:0.00M | CISCO_N9K_C9336C_FX2_V001, ViewLayer | Synchronizing object | Fan1_rear_power_contact_block_-1
Fra:1 Mem:152.41M (Peak 152.41M) | Time:00:00.09 | Mem:0.00M, Peak:0.00M | CISCO_N9K_C9336C_FX2_V001, ViewLayer | Synchronizing object | Fan1_rotor_housing_1
Fra:1 Mem:152.41M (Peak 152.41M) | Time:00:00.09 | Mem:0.00M, Peak:0.00M | CISCO_N9K_C9336C_FX2_V001, ViewLayer | Synchronizing object | Fan1_hub_1
Fra:1 Mem:152.42M (Peak 152.42M) | Time:00:00.09 | Mem:0.00M, Peak:0.00M | CISCO_N9K_C9336C_FX2_V001, ViewLayer | Synchronizing object | Fan1_blade_1_0
Fra:1 Mem:152.42M (Peak 152.42M) | Time:00:00.09 | Mem:0.00M, Peak:0.00M | CISCO_N9K_C9336C_FX2_V001, ViewLayer | Synchronizing object | Fan1_blade_1_1
Fra:1 Mem:152.42M (Peak 152.42M) | Time:00:00.09 | Mem:0.00M, Peak:0.00M | CISCO_N9K_C9336C_FX2_V001, ViewLayer | Synchronizing object | Fan1_blade_1_2
Fra:1 Mem:152.42M (Peak 152.42M) | Time:00:00.09 | Mem:0.00M, Peak:0.00M | CISCO_N9K_C9336C_FX2_V001, ViewLayer | Synchronizing object | Fan1_blade_1_3
Fra:1 Mem:152.42M (Peak 152.42M) | Time:00:00.09 | Mem:0.00M, Peak:0.00M | CISCO_N9K_C9336C_FX2_V001, ViewLayer | Synchronizing object | Fan1_blade_1_4
Fra:1 Mem:152.42M (Peak 152.42M) | Time:00:00.09 | Mem:0.00M, Peak:0.00M | CISCO_N9K_C9336C_FX2_V001, ViewLayer | Synchronizing object | Fan1_blade_1_5
Fra:1 Mem:152.42M (Peak 152.42M) | Time:00:00.09 | Mem:0.00M, Peak:0.00M | CISCO_N9K_C9336C_FX2_V001, ViewLayer | Synchronizing object | Fan1_blade_1_6
Fra:1 Mem:152.42M (Peak 152.42M) | Time:00:00.09 | Mem:0.00M, Peak:0.00M | CISCO_N9K_C9336C_FX2_V001, ViewLayer | Synchronizing object | Fan1_top_retention_rail_1
Fra:1 Mem:152.43M (Peak 152.43M) | Time:00:00.09 | Mem:0.00M, Peak:0.00M | CISCO_N9K_C9336C_FX2_V001, ViewLayer | Synchronizing object | Fan1_rear_power_contact_block_1
Fra:1 Mem:152.44M (Peak 152.44M) | Time:00:00.09 | Mem:0.00M, Peak:0.00M | CISCO_N9K_C9336C_FX2_V001, ViewLayer | Synchronizing object | Fan1_front_frame
Fra:1 Mem:152.45M (Peak 152.45M) | Time:00:00.09 | Mem:0.00M, Peak:0.00M | CISCO_N9K_C9336C_FX2_V001, ViewLayer | Synchronizing object | Fan1_true_honeycomb_front_grille
Fra:1 Mem:152.76M (Peak 152.76M) | Time:00:00.09 | Mem:0.00M, Peak:0.00M | CISCO_N9K_C9336C_FX2_V001, ViewLayer | Synchronizing object | Fan1_molded_trapezoid_pull_handle
Fra:1 Mem:153.02M (Peak 153.02M) | Time:00:00.09 | Mem:0.00M, Peak:0.00M | CISCO_N9K_C9336C_FX2_V001, ViewLayer | Synchronizing object | Fan1_BLUE_release_latch_-1
Fra:1 Mem:153.11M (Peak 153.11M) | Time:00:00.09 | Mem:0.00M, Peak:0.00M | CISCO_N9K_C9336C_FX2_V001, ViewLayer | Synchronizing object | Fan1_latch_thumb_flare_-1
Fra:1 Mem:153.11M (Peak 153.11M) | Time:00:00.09 | Mem:0.00M, Peak:0.00M | CISCO_N9K_C9336C_FX2_V001, ViewLayer | Synchronizing object | Fan1_BLUE_release_latch_1
Fra:1 Mem:153.25M (Peak 153.25M) | Time:00:00.09 | Mem:0.00M, Peak:0.00M | CISCO_N9K_C9336C_FX2_V001, ViewLayer | Synchronizing object | Fan1_latch_thumb_flare_1
Fra:1 Mem:153.25M (Peak 153.25M) | Time:00:00.09 | Mem:0.00M, Peak:0.00M | CISCO_N9K_C9336C_FX2_V001, ViewLayer | Synchronizing object | Fan1_PID_label_recess
Fra:1 Mem:153.37M (Peak 153.37M) | Time:00:00.09 | Mem:0.00M, Peak:0.00M | CISCO_N9K_C9336C_FX2_V001, ViewLayer | Synchronizing object | Fan1_known_PID
Fra:1 Mem:153.32M (Peak 153.37M) | Time:00:00.09 | Mem:0.00M, Peak:0.00M | CISCO_N9K_C9336C_FX2_V001, ViewLayer | Synchronizing object | Fan1_flush_lock_pin_-39
Fra:1 Mem:153.33M (Peak 153.37M) | Time:00:00.09 | Mem:0.00M, Peak:0.00M | CISCO_N9K_C9336C_FX2_V001, ViewLayer | Synchronizing object | Fan1_flush_lock_pin_39
Fra:1 Mem:153.35M (Peak 153.37M) | Time:00:00.09 | Mem:0.00M, Peak:0.00M | CISCO_N9K_C9336C_FX2_V001, ViewLayer | Synchronizing object | Fan2_rotor_housing_-1
Fra:1 Mem:153.96M (Peak 153.96M) | Time:00:00.09 | Mem:0.00M, Peak:0.00M | CISCO_N9K_C9336C_FX2_V001, ViewLayer | Synchronizing object | Fan2_hub_-1
Fra:1 Mem:153.96M (Peak 153.96M) | Time:00:00.09 | Mem:0.00M, Peak:0.00M | CISCO_N9K_C9336C_FX2_V001, ViewLayer | Synchronizing object | Fan2_blade_-1_0
Fra:1 Mem:153.96M (Peak 153.96M) | Time:00:00.09 | Mem:0.00M, Peak:0.00M | CISCO_N9K_C9336C_FX2_V001, ViewLayer | Synchronizing object | Fan2_blade_-1_1
Fra:1 Mem:153.96M (Peak 153.96M) | Time:00:00.09 | Mem:0.00M, Peak:0.00M | CISCO_N9K_C9336C_FX2_V001, ViewLayer | Synchronizing object | Fan2_blade_-1_2
Fra:1 Mem:153.96M (Peak 153.96M) | Time:00:00.09 | Mem:0.00M, Peak:0.00M | CISCO_N9K_C9336C_FX2_V001, ViewLayer | Synchronizing object | Fan2_blade_-1_3
Fra:1 Mem:153.97M (Peak 153.97M) | Time:00:00.09 | Mem:0.00M, Peak:0.00M | CISCO_N9K_C9336C_FX2_V001, ViewLayer | Synchronizing object | Fan2_blade_-1_4
Fra:1 Mem:153.97M (Peak 153.97M) | Time:00:00.09 | Mem:0.00M, Peak:0.00M | CISCO_N9K_C9336C_FX2_V001, ViewLayer | Synchronizing object | Fan2_blade_-1_5
Fra:1 Mem:153.97M (Peak 153.97M) | Time:00:00.09 | Mem:0.00M, Peak:0.00M | CISCO_N9K_C9336C_FX2_V001, ViewLayer | Synchronizing object | Fan2_blade_-1_6
Fra:1 Mem:153.97M (Peak 153.97M) | Time:00:00.09 | Mem:0.00M, Peak:0.00M | CISCO_N9K_C9336C_FX2_V001, ViewLayer | Synchronizing object | Fan2_top_retention_rail_-1
Fra:1 Mem:153.97M (Peak 153.97M) | Time:00:00.09 | Mem:0.00M, Peak:0.00M | CISCO_N9K_C9336C_FX2_V001, ViewLayer | Synchronizing object | Fan2_rear_power_contact_block_-1
Fra:1 Mem:153.99M (Peak 153.99M) | Time:00:00.09 | Mem:0.00M, Peak:0.00M | CISCO_N9K_C9336C_FX2_V001, ViewLayer | Synchronizing object | Fan2_rotor_housing_1
Fra:1 Mem:153.99M (Peak 153.99M) | Time:00:00.09 | Mem:0.00M, Peak:0.00M | CISCO_N9K_C9336C_FX2_V001, ViewLayer | Synchronizing object | Fan2_hub_1
Fra:1 Mem:154.15M (Peak 154.15M) | Time:00:00.09 | Mem:0.00M, Peak:0.00M | CISCO_N9K_C9336C_FX2_V001, ViewLayer | Synchronizing object | Fan2_blade_1_0
Fra:1 Mem:154.15M (Peak 154.15M) | Time:00:00.09 | Mem:0.00M, Peak:0.00M | CISCO_N9K_C9336C_FX2_V001, ViewLayer | Synchronizing object | Fan2_blade_1_1
Fra:1 Mem:154.15M (Peak 154.15M) | Time:00:00.09 | Mem:0.00M, Peak:0.00M | CISCO_N9K_C9336C_FX2_V001, ViewLayer | Synchronizing object | Fan2_blade_1_2
Fra:1 Mem:154.15M (Peak 154.15M) | Time:00:00.09 | Mem:0.00M, Peak:0.00M | CISCO_N9K_C9336C_FX2_V001, ViewLayer | Synchronizing object | Fan2_blade_1_3
Fra:1 Mem:154.15M (Peak 154.15M) | Time:00:00.09 | Mem:0.00M, Peak:0.00M | CISCO_N9K_C9336C_FX2_V001, ViewLayer | Synchronizing object | Fan2_blade_1_4
Fra:1 Mem:154.16M (Peak 154.16M) | Time:00:00.09 | Mem:0.00M, Peak:0.00M | CISCO_N9K_C9336C_FX2_V001, ViewLayer | Synchronizing object | Fan2_blade_1_5
Fra:1 Mem:154.16M (Peak 154.16M) | Time:00:00.09 | Mem:0.00M, Peak:0.00M | CISCO_N9K_C9336C_FX2_V001, ViewLayer | Synchronizing object | Fan2_blade_1_6
Fra:1 Mem:154.16M (Peak 154.16M) | Time:00:00.09 | Mem:0.00M, Peak:0.00M | CISCO_N9K_C9336C_FX2_V001, ViewLayer | Synchronizing object | Fan2_top_retention_rail_1
Fra:1 Mem:154.16M (Peak 154.16M) | Time:00:00.09 | Mem:0.00M, Peak:0.00M | CISCO_N9K_C9336C_FX2_V001, ViewLayer | Synchronizing object | Fan2_rear_power_contact_block_1
Fra:1 Mem:163.35M (Peak 163.35M) | Time:00:00.09 | Mem:0.00M, Peak:0.00M | CISCO_N9K_C9336C_FX2_V001, ViewLayer | Synchronizing object | Fan2_front_frame
Fra:1 Mem:163.48M (Peak 163.48M) | Time:00:00.09 | Mem:0.00M, Peak:0.00M | CISCO_N9K_C9336C_FX2_V001, ViewLayer | Synchronizing object | Fan2_true_honeycomb_front_grille
Fra:1 Mem:163.73M (Peak 163.73M) | Time:00:00.09 | Mem:0.00M, Peak:0.00M | CISCO_N9K_C9336C_FX2_V001, ViewLayer | Synchronizing object | Fan2_molded_trapezoid_pull_handle
Fra:1 Mem:165.67M (Peak 165.67M) | Time:00:00.09 | Mem:0.00M, Peak:0.00M | CISCO_N9K_C9336C_FX2_V001, ViewLayer | Synchronizing object | Original_photo_top_chassis_label
Fra:1 Mem:165.67M (Peak 165.67M) | Time:00:00.09 | Mem:0.00M, Peak:0.00M | CISCO_N9K_C9336C_FX2_V001, ViewLayer | Synchronizing object | Port_pair_18_direction_1
Fra:1 Mem:165.67M (Peak 165.67M) | Time:00:00.09 | Mem:0.00M, Peak:0.00M | CISCO_N9K_C9336C_FX2_V001, ViewLayer | Synchronizing object | Port_pair_18_direction_-1
Fra:1 Mem:165.67M (Peak 165.67M) | Time:00:00.09 | Mem:0.00M, Peak:0.00M | CISCO_N9K_C9336C_FX2_V001, ViewLayer | Synchronizing object | PORT_NUMBER_36
Fra:1 Mem:165.68M (Peak 165.68M) | Time:00:00.09 | Mem:0.00M, Peak:0.00M | CISCO_N9K_C9336C_FX2_V001, ViewLayer | Synchronizing object | PORT_NUMBER_35
Fra:1 Mem:165.69M (Peak 165.69M) | Time:00:00.09 | Mem:0.00M, Peak:0.00M | CISCO_N9K_C9336C_FX2_V001, ViewLayer | Synchronizing object | Port_pair_17_direction_1
Fra:1 Mem:165.69M (Peak 165.69M) | Time:00:00.09 | Mem:0.00M, Peak:0.00M | CISCO_N9K_C9336C_FX2_V001, ViewLayer | Synchronizing object | Port_pair_17_direction_-1
Fra:1 Mem:165.69M (Peak 165.69M) | Time:00:00.09 | Mem:0.00M, Peak:0.00M | CISCO_N9K_C9336C_FX2_V001, ViewLayer | Synchronizing object | PORT_NUMBER_34
Fra:1 Mem:165.69M (Peak 165.69M) | Time:00:00.09 | Mem:0.00M, Peak:0.00M | CISCO_N9K_C9336C_FX2_V001, ViewLayer | Synchronizing object | PORT_NUMBER_33
Fra:1 Mem:165.70M (Peak 165.70M) | Time:00:00.09 | Mem:0.00M, Peak:0.00M | CISCO_N9K_C9336C_FX2_V001, ViewLayer | Synchronizing object | Port_pair_16_direction_1
Fra:1 Mem:165.70M (Peak 165.70M) | Time:00:00.09 | Mem:0.00M, Peak:0.00M | CISCO_N9K_C9336C_FX2_V001, ViewLayer | Synchronizing object | Port_pair_16_direction_-1
Fra:1 Mem:165.70M (Peak 165.70M) | Time:00:00.09 | Mem:0.00M, Peak:0.00M | CISCO_N9K_C9336C_FX2_V001, ViewLayer | Synchronizing object | PORT_NUMBER_32
Fra:1 Mem:165.71M (Peak 165.71M) | Time:00:00.09 | Mem:0.00M, Peak:0.00M | CISCO_N9K_C9336C_FX2_V001, ViewLayer | Synchronizing object | PORT_NUMBER_31
Fra:1 Mem:165.72M (Peak 165.72M) | Time:00:00.09 | Mem:0.00M, Peak:0.00M | CISCO_N9K_C9336C_FX2_V001, ViewLayer | Synchronizing object | Port_pair_15_direction_1
Fra:1 Mem:165.72M (Peak 165.72M) | Time:00:00.09 | Mem:0.00M, Peak:0.00M | CISCO_N9K_C9336C_FX2_V001, ViewLayer | Synchronizing object | Port_pair_15_direction_-1
Fra:1 Mem:165.72M (Peak 165.72M) | Time:00:00.09 | Mem:0.00M, Peak:0.00M | CISCO_N9K_C9336C_FX2_V001, ViewLayer | Synchronizing object | PORT_NUMBER_30
Fra:1 Mem:165.73M (Peak 165.73M) | Time:00:00.09 | Mem:0.00M, Peak:0.00M | CISCO_N9K_C9336C_FX2_V001, ViewLayer | Synchronizing object | PORT_NUMBER_29
Fra:1 Mem:165.73M (Peak 165.73M) | Time:00:00.09 | Mem:0.00M, Peak:0.00M | CISCO_N9K_C9336C_FX2_V001, ViewLayer | Synchronizing object | Port_pair_14_direction_1
Fra:1 Mem:165.73M (Peak 165.73M) | Time:00:00.09 | Mem:0.00M, Peak:0.00M | CISCO_N9K_C9336C_FX2_V001, ViewLayer | Synchronizing object | Port_pair_14_direction_-1
Fra:1 Mem:165.73M (Peak 165.73M) | Time:00:00.09 | Mem:0.00M, Peak:0.00M | CISCO_N9K_C9336C_FX2_V001, ViewLayer | Synchronizing object | PORT_NUMBER_28
Fra:1 Mem:165.74M (Peak 165.74M) | Time:00:00.09 | Mem:0.00M, Peak:0.00M | CISCO_N9K_C9336C_FX2_V001, ViewLayer | Synchronizing object | PORT_NUMBER_27
Fra:1 Mem:165.75M (Peak 165.75M) | Time:00:00.09 | Mem:0.00M, Peak:0.00M | CISCO_N9K_C9336C_FX2_V001, ViewLayer | Synchronizing object | Port_pair_13_direction_1
Fra:1 Mem:165.75M (Peak 165.75M) | Time:00:00.09 | Mem:0.00M, Peak:0.00M | CISCO_N9K_C9336C_FX2_V001, ViewLayer | Synchronizing object | Port_pair_13_direction_-1
Fra:1 Mem:165.75M (Peak 165.75M) | Time:00:00.09 | Mem:0.00M, Peak:0.00M | CISCO_N9K_C9336C_FX2_V001, ViewLayer | Synchronizing object | PORT_NUMBER_26
Fra:1 Mem:165.76M (Peak 165.76M) | Time:00:00.09 | Mem:0.00M, Peak:0.00M | CISCO_N9K_C9336C_FX2_V001, ViewLayer | Synchronizing object | PORT_NUMBER_25
Fra:1 Mem:165.76M (Peak 165.76M) | Time:00:00.09 | Mem:0.00M, Peak:0.00M | CISCO_N9K_C9336C_FX2_V001, ViewLayer | Synchronizing object | Port_pair_12_direction_1
Fra:1 Mem:165.76M (Peak 165.76M) | Time:00:00.09 | Mem:0.00M, Peak:0.00M | CISCO_N9K_C9336C_FX2_V001, ViewLayer | Synchronizing object | Port_pair_12_direction_-1
Fra:1 Mem:165.76M (Peak 165.76M) | Time:00:00.09 | Mem:0.00M, Peak:0.00M | CISCO_N9K_C9336C_FX2_V001, ViewLayer | Synchronizing object | PORT_NUMBER_24
Fra:1 Mem:165.77M (Peak 165.77M) | Time:00:00.09 | Mem:0.00M, Peak:0.00M | CISCO_N9K_C9336C_FX2_V001, ViewLayer | Synchronizing object | PORT_NUMBER_23
Fra:1 Mem:165.78M (Peak 165.78M) | Time:00:00.09 | Mem:0.00M, Peak:0.00M | CISCO_N9K_C9336C_FX2_V001, ViewLayer | Synchronizing object | Port_pair_11_direction_1
Fra:1 Mem:165.78M (Peak 165.78M) | Time:00:00.09 | Mem:0.00M, Peak:0.00M | CISCO_N9K_C9336C_FX2_V001, ViewLayer | Synchronizing object | Port_pair_11_direction_-1
Fra:1 Mem:165.78M (Peak 165.78M) | Time:00:00.09 | Mem:0.00M, Peak:0.00M | CISCO_N9K_C9336C_FX2_V001, ViewLayer | Synchronizing object | PORT_NUMBER_22
Fra:1 Mem:165.78M (Peak 165.78M) | Time:00:00.09 | Mem:0.00M, Peak:0.00M | CISCO_N9K_C9336C_FX2_V001, ViewLayer | Synchronizing object | PORT_NUMBER_21
Fra:1 Mem:165.79M (Peak 165.79M) | Time:00:00.09 | Mem:0.00M, Peak:0.00M | CISCO_N9K_C9336C_FX2_V001, ViewLayer | Synchronizing object | Port_pair_10_direction_1
Fra:1 Mem:165.79M (Peak 165.79M) | Time:00:00.09 | Mem:0.00M, Peak:0.00M | CISCO_N9K_C9336C_FX2_V001, ViewLayer | Synchronizing object | Port_pair_10_direction_-1
Fra:1 Mem:165.79M (Peak 165.79M) | Time:00:00.09 | Mem:0.00M, Peak:0.00M | CISCO_N9K_C9336C_FX2_V001, ViewLayer | Synchronizing object | PORT_NUMBER_20
Fra:1 Mem:165.80M (Peak 165.80M) | Time:00:00.09 | Mem:0.00M, Peak:0.00M | CISCO_N9K_C9336C_FX2_V001, ViewLayer | Synchronizing object | PORT_NUMBER_19
Fra:1 Mem:165.80M (Peak 165.80M) | Time:00:00.09 | Mem:0.00M, Peak:0.00M | CISCO_N9K_C9336C_FX2_V001, ViewLayer | Synchronizing object | Port_pair_9_direction_1
Fra:1 Mem:165.80M (Peak 165.80M) | Time:00:00.09 | Mem:0.00M, Peak:0.00M | CISCO_N9K_C9336C_FX2_V001, ViewLayer | Synchronizing object | Port_pair_9_direction_-1
Fra:1 Mem:165.80M (Peak 165.80M) | Time:00:00.09 | Mem:0.00M, Peak:0.00M | CISCO_N9K_C9336C_FX2_V001, ViewLayer | Synchronizing object | PORT_NUMBER_18
Fra:1 Mem:165.81M (Peak 165.81M) | Time:00:00.09 | Mem:0.00M, Peak:0.00M | CISCO_N9K_C9336C_FX2_V001, ViewLayer | Synchronizing object | PORT_NUMBER_17
Fra:1 Mem:165.81M (Peak 165.81M) | Time:00:00.09 | Mem:0.00M, Peak:0.00M | CISCO_N9K_C9336C_FX2_V001, ViewLayer | Synchronizing object | Port_pair_8_direction_1
Fra:1 Mem:165.81M (Peak 165.81M) | Time:00:00.09 | Mem:0.00M, Peak:0.00M | CISCO_N9K_C9336C_FX2_V001, ViewLayer | Synchronizing object | Port_pair_8_direction_-1
Fra:1 Mem:165.81M (Peak 165.81M) | Time:00:00.09 | Mem:0.00M, Peak:0.00M | CISCO_N9K_C9336C_FX2_V001, ViewLayer | Synchronizing object | PORT_NUMBER_16
Fra:1 Mem:165.82M (Peak 165.82M) | Time:00:00.09 | Mem:0.00M, Peak:0.00M | CISCO_N9K_C9336C_FX2_V001, ViewLayer | Synchronizing object | PORT_NUMBER_15
Fra:1 Mem:165.82M (Peak 165.82M) | Time:00:00.09 | Mem:0.00M, Peak:0.00M | CISCO_N9K_C9336C_FX2_V001, ViewLayer | Synchronizing object | Port_pair_7_direction_1
Fra:1 Mem:165.82M (Peak 165.82M) | Time:00:00.09 | Mem:0.00M, Peak:0.00M | CISCO_N9K_C9336C_FX2_V001, ViewLayer | Synchronizing object | Port_pair_7_direction_-1
Fra:1 Mem:165.82M (Peak 165.82M) | Time:00:00.09 | Mem:0.00M, Peak:0.00M | CISCO_N9K_C9336C_FX2_V001, ViewLayer | Synchronizing object | PORT_NUMBER_14
Fra:1 Mem:165.82M (Peak 165.82M) | Time:00:00.09 | Mem:0.00M, Peak:0.00M | CISCO_N9K_C9336C_FX2_V001, ViewLayer | Synchronizing object | PORT_NUMBER_13
Fra:1 Mem:165.83M (Peak 165.83M) | Time:00:00.09 | Mem:0.00M, Peak:0.00M | CISCO_N9K_C9336C_FX2_V001, ViewLayer | Synchronizing object | Port_pair_6_direction_1
Fra:1 Mem:165.83M (Peak 165.83M) | Time:00:00.09 | Mem:0.00M, Peak:0.00M | CISCO_N9K_C9336C_FX2_V001, ViewLayer | Synchronizing object | Port_pair_6_direction_-1
Fra:1 Mem:165.83M (Peak 165.83M) | Time:00:00.09 | Mem:0.00M, Peak:0.00M | CISCO_N9K_C9336C_FX2_V001, ViewLayer | Synchronizing object | PORT_NUMBER_12
Fra:1 Mem:165.83M (Peak 165.83M) | Time:00:00.09 | Mem:0.00M, Peak:0.00M | CISCO_N9K_C9336C_FX2_V001, ViewLayer | Synchronizing object | PORT_NUMBER_11
Fra:1 Mem:165.83M (Peak 165.83M) | Time:00:00.09 | Mem:0.00M, Peak:0.00M | CISCO_N9K_C9336C_FX2_V001, ViewLayer | Synchronizing object | Port_pair_5_direction_1
Fra:1 Mem:165.84M (Peak 165.84M) | Time:00:00.09 | Mem:0.00M, Peak:0.00M | CISCO_N9K_C9336C_FX2_V001, ViewLayer | Synchronizing object | Fan2_BLUE_release_latch_-1
Fra:1 Mem:165.84M (Peak 165.84M) | Time:00:00.09 | Mem:0.00M, Peak:0.00M | CISCO_N9K_C9336C_FX2_V001, ViewLayer | Synchronizing object | Port_pair_5_direction_-1
Fra:1 Mem:165.84M (Peak 165.84M) | Time:00:00.09 | Mem:0.00M, Peak:0.00M | CISCO_N9K_C9336C_FX2_V001, ViewLayer | Synchronizing object | PORT_NUMBER_10
Fra:1 Mem:165.84M (Peak 165.84M) | Time:00:00.09 | Mem:0.00M, Peak:0.00M | CISCO_N9K_C9336C_FX2_V001, ViewLayer | Synchronizing object | PORT_NUMBER_09
Fra:1 Mem:165.85M (Peak 165.85M) | Time:00:00.09 | Mem:0.00M, Peak:0.00M | CISCO_N9K_C9336C_FX2_V001, ViewLayer | Synchronizing object | Port_pair_4_direction_1
Fra:1 Mem:165.85M (Peak 165.85M) | Time:00:00.09 | Mem:0.00M, Peak:0.00M | CISCO_N9K_C9336C_FX2_V001, ViewLayer | Synchronizing object | Port_pair_4_direction_-1
Fra:1 Mem:165.85M (Peak 165.85M) | Time:00:00.09 | Mem:0.00M, Peak:0.00M | CISCO_N9K_C9336C_FX2_V001, ViewLayer | Synchronizing object | PORT_NUMBER_08
Fra:1 Mem:165.85M (Peak 165.85M) | Time:00:00.09 | Mem:0.00M, Peak:0.00M | CISCO_N9K_C9336C_FX2_V001, ViewLayer | Synchronizing object | PORT_NUMBER_07
Fra:1 Mem:165.86M (Peak 165.86M) | Time:00:00.09 | Mem:0.00M, Peak:0.00M | CISCO_N9K_C9336C_FX2_V001, ViewLayer | Synchronizing object | Port_pair_3_direction_1
Fra:1 Mem:165.86M (Peak 165.86M) | Time:00:00.09 | Mem:0.00M, Peak:0.00M | CISCO_N9K_C9336C_FX2_V001, ViewLayer | Synchronizing object | Port_pair_3_direction_-1
Fra:1 Mem:165.86M (Peak 165.86M) | Time:00:00.09 | Mem:0.00M, Peak:0.00M | CISCO_N9K_C9336C_FX2_V001, ViewLayer | Synchronizing object | PORT_NUMBER_06
Fra:1 Mem:165.86M (Peak 165.86M) | Time:00:00.09 | Mem:0.00M, Peak:0.00M | CISCO_N9K_C9336C_FX2_V001, ViewLayer | Synchronizing object | PORT_NUMBER_05
Fra:1 Mem:165.86M (Peak 165.86M) | Time:00:00.09 | Mem:0.00M, Peak:0.00M | CISCO_N9K_C9336C_FX2_V001, ViewLayer | Synchronizing object | Port_pair_2_direction_1
Fra:1 Mem:165.86M (Peak 165.86M) | Time:00:00.09 | Mem:0.00M, Peak:0.00M | CISCO_N9K_C9336C_FX2_V001, ViewLayer | Synchronizing object | Port_pair_2_direction_-1
Fra:1 Mem:165.87M (Peak 165.87M) | Time:00:00.09 | Mem:0.00M, Peak:0.00M | CISCO_N9K_C9336C_FX2_V001, ViewLayer | Synchronizing object | PORT_NUMBER_04
Fra:1 Mem:165.87M (Peak 165.87M) | Time:00:00.09 | Mem:0.00M, Peak:0.00M | CISCO_N9K_C9336C_FX2_V001, ViewLayer | Synchronizing object | PORT_NUMBER_03
Fra:1 Mem:165.87M (Peak 165.87M) | Time:00:00.09 | Mem:0.00M, Peak:0.00M | CISCO_N9K_C9336C_FX2_V001, ViewLayer | Synchronizing object | Port_pair_1_direction_1
Fra:1 Mem:165.87M (Peak 165.87M) | Time:00:00.09 | Mem:0.00M, Peak:0.00M | CISCO_N9K_C9336C_FX2_V001, ViewLayer | Synchronizing object | Port_pair_1_direction_-1
Fra:1 Mem:165.87M (Peak 165.87M) | Time:00:00.09 | Mem:0.00M, Peak:0.00M | CISCO_N9K_C9336C_FX2_V001, ViewLayer | Synchronizing object | PORT_NUMBER_02
Fra:1 Mem:165.88M (Peak 165.88M) | Time:00:00.09 | Mem:0.00M, Peak:0.00M | CISCO_N9K_C9336C_FX2_V001, ViewLayer | Synchronizing object | PORT_NUMBER_01
Fra:1 Mem:165.88M (Peak 165.88M) | Time:00:00.09 | Mem:0.00M, Peak:0.00M | CISCO_N9K_C9336C_FX2_V001, ViewLayer | Synchronizing object | Correct_factory_PID
Fra:1 Mem:165.91M (Peak 165.91M) | Time:00:00.09 | Mem:0.00M, Peak:0.00M | CISCO_N9K_C9336C_FX2_V001, ViewLayer | Synchronizing object | Cisco_product_family_line_2
Fra:1 Mem:165.92M (Peak 165.92M) | Time:00:00.09 | Mem:0.00M, Peak:0.00M | CISCO_N9K_C9336C_FX2_V001, ViewLayer | Synchronizing object | Cisco_product_family_line_1
Fra:1 Mem:165.94M (Peak 165.94M) | Time:00:00.09 | Mem:0.00M, Peak:0.00M | CISCO_N9K_C9336C_FX2_V001, ViewLayer | Synchronizing object | Cisco_brand_wordmark
Fra:1 Mem:165.95M (Peak 165.95M) | Time:00:00.09 | Mem:0.00M, Peak:0.00M | CISCO_N9K_C9336C_FX2_V001, ViewLayer | Synchronizing object | Cisco_bridge_bar_9
Fra:1 Mem:165.96M (Peak 165.96M) | Time:00:00.09 | Mem:0.00M, Peak:0.00M | CISCO_N9K_C9336C_FX2_V001, ViewLayer | Synchronizing object | Cisco_bridge_bar_8
Fra:1 Mem:165.96M (Peak 165.96M) | Time:00:00.09 | Mem:0.00M, Peak:0.00M | CISCO_N9K_C9336C_FX2_V001, ViewLayer | Synchronizing object | Cisco_bridge_bar_7
Fra:1 Mem:165.96M (Peak 165.96M) | Time:00:00.09 | Mem:0.00M, Peak:0.00M | CISCO_N9K_C9336C_FX2_V001, ViewLayer | Synchronizing object | Cisco_bridge_bar_6
Fra:1 Mem:165.97M (Peak 165.97M) | Time:00:00.09 | Mem:0.00M, Peak:0.00M | CISCO_N9K_C9336C_FX2_V001, ViewLayer | Synchronizing object | Cisco_bridge_bar_5
Fra:1 Mem:165.97M (Peak 165.97M) | Time:00:00.09 | Mem:0.00M, Peak:0.00M | CISCO_N9K_C9336C_FX2_V001, ViewLayer | Synchronizing object | Cisco_bridge_bar_4
Fra:1 Mem:165.97M (Peak 165.97M) | Time:00:00.09 | Mem:0.00M, Peak:0.00M | CISCO_N9K_C9336C_FX2_V001, ViewLayer | Synchronizing object | Cisco_bridge_bar_3
Fra:1 Mem:165.98M (Peak 165.98M) | Time:00:00.09 | Mem:0.00M, Peak:0.00M | CISCO_N9K_C9336C_FX2_V001, ViewLayer | Synchronizing object | Cisco_bridge_bar_2
Fra:1 Mem:165.98M (Peak 165.98M) | Time:00:00.09 | Mem:0.00M, Peak:0.00M | CISCO_N9K_C9336C_FX2_V001, ViewLayer | Synchronizing object | Cisco_bridge_bar_1
Fra:1 Mem:165.98M (Peak 165.98M) | Time:00:00.09 | Mem:0.00M, Peak:0.00M | CISCO_N9K_C9336C_FX2_V001, ViewLayer | Synchronizing object | LS_selector_text
Fra:1 Mem:165.99M (Peak 165.99M) | Time:00:00.09 | Mem:0.00M, Peak:0.00M | CISCO_N9K_C9336C_FX2_V001, ViewLayer | Synchronizing object | LS_selector_metal_button
Fra:1 Mem:166.07M (Peak 166.07M) | Time:00:00.09 | Mem:0.00M, Peak:0.00M | CISCO_N9K_C9336C_FX2_V001, ViewLayer | Synchronizing object | Fan2_latch_thumb_flare_-1
Fra:1 Mem:166.08M (Peak 166.08M) | Time:00:00.09 | Mem:0.00M, Peak:0.00M | CISCO_N9K_C9336C_FX2_V001, ViewLayer | Synchronizing object | Fan2_BLUE_release_latch_1
Fra:1 Mem:166.16M (Peak 166.16M) | Time:00:00.09 | Mem:0.00M, Peak:0.00M | CISCO_N9K_C9336C_FX2_V001, ViewLayer | Synchronizing object | Fan2_latch_thumb_flare_1
Fra:1 Mem:166.16M (Peak 166.16M) | Time:00:00.09 | Mem:0.00M, Peak:0.00M | CISCO_N9K_C9336C_FX2_V001, ViewLayer | Synchronizing object | Fan2_PID_label_recess
Fra:1 Mem:166.16M (Peak 166.16M) | Time:00:00.09 | Mem:0.00M, Peak:0.00M | CISCO_N9K_C9336C_FX2_V001, ViewLayer | Synchronizing object | Fan2_known_PID
Fra:1 Mem:166.19M (Peak 166.19M) | Time:00:00.09 | Mem:0.00M, Peak:0.00M | CISCO_N9K_C9336C_FX2_V001, ViewLayer | Synchronizing object | Fan2_flush_lock_pin_-39
Fra:1 Mem:166.20M (Peak 166.20M) | Time:00:00.09 | Mem:0.00M, Peak:0.00M | CISCO_N9K_C9336C_FX2_V001, ViewLayer | Synchronizing object | LS_selector_black_surround
Fra:1 Mem:166.20M (Peak 166.20M) | Time:00:00.09 | Mem:0.00M, Peak:0.00M | CISCO_N9K_C9336C_FX2_V001, ViewLayer | Synchronizing object | FRONT_4_legend
Fra:1 Mem:166.21M (Peak 166.21M) | Time:00:00.09 | Mem:0.00M, Peak:0.00M | CISCO_N9K_C9336C_FX2_V001, ViewLayer | Synchronizing object | FRONT_4_unpowered_lens
Fra:1 Mem:166.23M (Peak 166.23M) | Time:00:00.09 | Mem:0.00M, Peak:0.00M | CISCO_N9K_C9336C_FX2_V001, ViewLayer | Synchronizing object | FRONT_3_legend
Fra:1 Mem:166.24M (Peak 166.24M) | Time:00:00.10 | Mem:0.00M, Peak:0.00M | CISCO_N9K_C9336C_FX2_V001, ViewLayer | Synchronizing object | FRONT_3_unpowered_lens
Fra:1 Mem:166.27M (Peak 166.27M) | Time:00:00.10 | Mem:0.00M, Peak:0.00M | CISCO_N9K_C9336C_FX2_V001, ViewLayer | Synchronizing object | Fan2_flush_lock_pin_39
Fra:1 Mem:166.27M (Peak 166.27M) | Time:00:00.10 | Mem:0.00M, Peak:0.00M | CISCO_N9K_C9336C_FX2_V001, ViewLayer | Synchronizing object | FRONT_2_legend
Fra:1 Mem:166.27M (Peak 166.27M) | Time:00:00.10 | Mem:0.00M, Peak:0.00M | CISCO_N9K_C9336C_FX2_V001, ViewLayer | Synchronizing object | FRONT_2_unpowered_lens
Fra:1 Mem:166.31M (Peak 166.31M) | Time:00:00.10 | Mem:0.00M, Peak:0.00M | CISCO_N9K_C9336C_FX2_V001, ViewLayer | Synchronizing object | FRONT_1_legend
Fra:1 Mem:166.31M (Peak 166.31M) | Time:00:00.10 | Mem:0.00M, Peak:0.00M | CISCO_N9K_C9336C_FX2_V001, ViewLayer | Synchronizing object | FRONT_1_unpowered_lens
Fra:1 Mem:166.34M (Peak 166.34M) | Time:00:00.10 | Mem:0.00M, Peak:0.00M | CISCO_N9K_C9336C_FX2_V001, ViewLayer | Synchronizing object | FRONT_ENV_legend
Fra:1 Mem:166.34M (Peak 166.34M) | Time:00:00.10 | Mem:0.00M, Peak:0.00M | CISCO_N9K_C9336C_FX2_V001, ViewLayer | Synchronizing object | FRONT_ENV_unpowered_lens
Fra:1 Mem:166.37M (Peak 166.37M) | Time:00:00.10 | Mem:0.00M, Peak:0.00M | CISCO_N9K_C9336C_FX2_V001, ViewLayer | Synchronizing object | FRONT_STS_legend
Fra:1 Mem:166.38M (Peak 166.38M) | Time:00:00.10 | Mem:0.00M, Peak:0.00M | CISCO_N9K_C9336C_FX2_V001, ViewLayer | Synchronizing object | FRONT_STS_unpowered_lens
Fra:1 Mem:166.41M (Peak 166.41M) | Time:00:00.10 | Mem:0.00M, Peak:0.00M | CISCO_N9K_C9336C_FX2_V001, ViewLayer | Synchronizing object | FRONT_BCN_legend
Fra:1 Mem:166.41M (Peak 166.41M) | Time:00:00.10 | Mem:0.00M, Peak:0.00M | CISCO_N9K_C9336C_FX2_V001, ViewLayer | Synchronizing object | FRONT_BCN_unpowered_lens
Fra:1 Mem:166.44M (Peak 166.44M) | Time:00:00.10 | Mem:0.00M, Peak:0.00M | CISCO_N9K_C9336C_FX2_V001, ViewLayer | Synchronizing object | Rear_P2_arrow_legend
Fra:1 Mem:166.45M (Peak 166.45M) | Time:00:00.10 | Mem:0.00M, Peak:0.00M | CISCO_N9K_C9336C_FX2_V001, ViewLayer | Synchronizing object | USB_symbol_branch_B
Fra:1 Mem:166.45M (Peak 166.45M) | Time:00:00.10 | Mem:0.00M, Peak:0.00M | CISCO_N9K_C9336C_FX2_V001, ViewLayer | Synchronizing object | USB_symbol_branch_A
Fra:1 Mem:166.45M (Peak 166.45M) | Time:00:00.10 | Mem:0.00M, Peak:0.00M | CISCO_N9K_C9336C_FX2_V001, ViewLayer | Synchronizing object | USB_symbol_stem
Fra:1 Mem:166.45M (Peak 166.45M) | Time:00:00.10 | Mem:0.00M, Peak:0.00M | CISCO_N9K_C9336C_FX2_V001, ViewLayer | Synchronizing object | Console_terminal_symbol
Fra:1 Mem:166.45M (Peak 166.45M) | Time:00:00.10 | Mem:0.00M, Peak:0.00M | CISCO_N9K_C9336C_FX2_V001, ViewLayer | Synchronizing object | SFP_management_symbol_line.003
Fra:1 Mem:166.45M (Peak 166.45M) | Time:00:00.10 | Mem:0.00M, Peak:0.00M | CISCO_N9K_C9336C_FX2_V001, ViewLayer | Synchronizing object | SFP_management_symbol_line.002
Fra:1 Mem:166.45M (Peak 166.45M) | Time:00:00.10 | Mem:0.00M, Peak:0.00M | CISCO_N9K_C9336C_FX2_V001, ViewLayer | Synchronizing object | SFP_management_symbol_line.001
Fra:1 Mem:166.46M (Peak 166.46M) | Time:00:00.10 | Mem:0.00M, Peak:0.00M | CISCO_N9K_C9336C_FX2_V001, ViewLayer | Synchronizing object | SFP_management_symbol_line
Fra:1 Mem:166.46M (Peak 166.46M) | Time:00:00.10 | Mem:0.00M, Peak:0.00M | CISCO_N9K_C9336C_FX2_V001, ViewLayer | Synchronizing object | SFP_management_symbol_node_1.25
Fra:1 Mem:166.46M (Peak 166.46M) | Time:00:00.10 | Mem:0.00M, Peak:0.00M | CISCO_N9K_C9336C_FX2_V001, ViewLayer | Synchronizing object | SFP_management_symbol_node_-1.25
Fra:1 Mem:166.47M (Peak 166.47M) | Time:00:00.10 | Mem:0.00M, Peak:0.00M | CISCO_N9K_C9336C_FX2_V001, ViewLayer | Synchronizing object | SFP_management_symbol_node_0
Fra:1 Mem:166.47M (Peak 166.47M) | Time:00:00.10 | Mem:0.00M, Peak:0.00M | CISCO_N9K_C9336C_FX2_V001, ViewLayer | Synchronizing object | RJ45_management_symbol_line.003
Fra:1 Mem:166.48M (Peak 166.48M) | Time:00:00.10 | Mem:0.00M, Peak:0.00M | CISCO_N9K_C9336C_FX2_V001, ViewLayer | Synchronizing object | RJ45_management_symbol_line.002
Fra:1 Mem:166.48M (Peak 166.48M) | Time:00:00.10 | Mem:0.00M, Peak:0.00M | CISCO_N9K_C9336C_FX2_V001, ViewLayer | Synchronizing object | RJ45_management_symbol_line.001
Fra:1 Mem:166.48M (Peak 166.48M) | Time:00:00.10 | Mem:0.00M, Peak:0.00M | CISCO_N9K_C9336C_FX2_V001, ViewLayer | Synchronizing object | RJ45_management_symbol_line
Fra:1 Mem:166.48M (Peak 166.48M) | Time:00:00.10 | Mem:0.00M, Peak:0.00M | CISCO_N9K_C9336C_FX2_V001, ViewLayer | Synchronizing object | RJ45_management_symbol_node_1.25
Fra:1 Mem:166.48M (Peak 166.48M) | Time:00:00.10 | Mem:0.00M, Peak:0.00M | CISCO_N9K_C9336C_FX2_V001, ViewLayer | Synchronizing object | RJ45_management_symbol_node_-1.25
Fra:1 Mem:166.49M (Peak 166.49M) | Time:00:00.10 | Mem:0.00M, Peak:0.00M | CISCO_N9K_C9336C_FX2_V001, ViewLayer | Synchronizing object | RJ45_management_symbol_node_0
Fra:1 Mem:166.50M (Peak 166.50M) | Time:00:00.10 | Mem:0.00M, Peak:0.00M | CISCO_N9K_C9336C_FX2_V001, ViewLayer | Synchronizing object | Rear_service_retention_screw
Fra:1 Mem:166.51M (Peak 166.51M) | Time:00:00.10 | Mem:0.00M, Peak:0.00M | CISCO_N9K_C9336C_FX2_V001, ViewLayer | Synchronizing object | REAR_STS_legend
Fra:1 Mem:166.52M (Peak 166.52M) | Time:00:00.10 | Mem:0.00M, Peak:0.00M | CISCO_N9K_C9336C_FX2_V001, ViewLayer | Synchronizing object | Fan3_rotor_housing_-1
Fra:1 Mem:166.53M (Peak 166.53M) | Time:00:00.10 | Mem:0.00M, Peak:0.00M | CISCO_N9K_C9336C_FX2_V001, ViewLayer | Synchronizing object | REAR_STS_unpowered_indicator
Fra:1 Mem:166.54M (Peak 166.54M) | Time:00:00.10 | Mem:0.00M, Peak:0.00M | CISCO_N9K_C9336C_FX2_V001, ViewLayer | Synchronizing object | REAR_BCN_legend
Fra:1 Mem:166.54M (Peak 166.54M) | Time:00:00.10 | Mem:0.00M, Peak:0.00M | CISCO_N9K_C9336C_FX2_V001, ViewLayer | Synchronizing object | Fan3_hub_-1
Fra:1 Mem:166.55M (Peak 166.55M) | Time:00:00.10 | Mem:0.00M, Peak:0.00M | CISCO_N9K_C9336C_FX2_V001, ViewLayer | Synchronizing object | REAR_BCN_unpowered_indicator
Fra:1 Mem:166.55M (Peak 166.55M) | Time:00:00.10 | Mem:0.00M, Peak:0.00M | CISCO_N9K_C9336C_FX2_V001, ViewLayer | Synchronizing object | Fan3_blade_-1_0
Fra:1 Mem:166.55M (Peak 166.55M) | Time:00:00.10 | Mem:0.00M, Peak:0.00M | CISCO_N9K_C9336C_FX2_V001, ViewLayer | Synchronizing object | USB_A_contact_3
Fra:1 Mem:166.56M (Peak 166.56M) | Time:00:00.10 | Mem:0.00M, Peak:0.00M | CISCO_N9K_C9336C_FX2_V001, ViewLayer | Synchronizing object | USB_A_contact_2
Fra:1 Mem:166.56M (Peak 166.56M) | Time:00:00.10 | Mem:0.00M, Peak:0.00M | CISCO_N9K_C9336C_FX2_V001, ViewLayer | Synchronizing object | USB_A_contact_1
Fra:1 Mem:166.57M (Peak 166.57M) | Time:00:00.10 | Mem:0.00M, Peak:0.00M | CISCO_N9K_C9336C_FX2_V001, ViewLayer | Synchronizing object | USB_A_contact_0
Fra:1 Mem:166.57M (Peak 166.57M) | Time:00:00.10 | Mem:0.00M, Peak:0.00M | CISCO_N9K_C9336C_FX2_V001, ViewLayer | Synchronizing object | USB_A_black_tongue
Fra:1 Mem:166.57M (Peak 166.57M) | Time:00:00.10 | Mem:0.00M, Peak:0.00M | CISCO_N9K_C9336C_FX2_V001, ViewLayer | Synchronizing object | USB_A_deep_stop
Fra:1 Mem:166.57M (Peak 166.57M) | Time:00:00.10 | Mem:0.00M, Peak:0.00M | CISCO_N9K_C9336C_FX2_V001, ViewLayer | Synchronizing object | USB_A_metal_shell
Fra:1 Mem:166.59M (Peak 166.59M) | Time:00:00.10 | Mem:0.00M, Peak:0.00M | CISCO_N9K_C9336C_FX2_V001, ViewLayer | Synchronizing object | Mgmt_SFP_contact_9
Fra:1 Mem:166.59M (Peak 166.59M) | Time:00:00.10 | Mem:0.00M, Peak:0.00M | CISCO_N9K_C9336C_FX2_V001, ViewLayer | Synchronizing object | Mgmt_SFP_contact_8
Fra:1 Mem:166.59M (Peak 166.59M) | Time:00:00.10 | Mem:0.00M, Peak:0.00M | CISCO_N9K_C9336C_FX2_V001, ViewLayer | Synchronizing object | Mgmt_SFP_contact_7
Fra:1 Mem:166.60M (Peak 166.60M) | Time:00:00.10 | Mem:0.00M, Peak:0.00M | CISCO_N9K_C9336C_FX2_V001, ViewLayer | Synchronizing object | Mgmt_SFP_contact_6
Fra:1 Mem:166.60M (Peak 166.60M) | Time:00:00.10 | Mem:0.00M, Peak:0.00M | CISCO_N9K_C9336C_FX2_V001, ViewLayer | Synchronizing object | Mgmt_SFP_contact_5
Fra:1 Mem:166.60M (Peak 166.60M) | Time:00:00.10 | Mem:0.00M, Peak:0.00M | CISCO_N9K_C9336C_FX2_V001, ViewLayer | Synchronizing object | Fan3_blade_-1_1
Fra:1 Mem:166.60M (Peak 166.60M) | Time:00:00.10 | Mem:0.00M, Peak:0.00M | CISCO_N9K_C9336C_FX2_V001, ViewLayer | Synchronizing object | Mgmt_SFP_contact_4
Fra:1 Mem:166.60M (Peak 166.60M) | Time:00:00.10 | Mem:0.00M, Peak:0.00M | CISCO_N9K_C9336C_FX2_V001, ViewLayer | Synchronizing object | Fan3_blade_-1_2
Fra:1 Mem:166.60M (Peak 166.60M) | Time:00:00.10 | Mem:0.00M, Peak:0.00M | CISCO_N9K_C9336C_FX2_V001, ViewLayer | Synchronizing object | Mgmt_SFP_contact_3
Fra:1 Mem:166.60M (Peak 166.60M) | Time:00:00.10 | Mem:0.00M, Peak:0.00M | CISCO_N9K_C9336C_FX2_V001, ViewLayer | Synchronizing object | Mgmt_SFP_contact_2
Fra:1 Mem:166.60M (Peak 166.60M) | Time:00:00.10 | Mem:0.00M, Peak:0.00M | CISCO_N9K_C9336C_FX2_V001, ViewLayer | Synchronizing object | Fan3_blade_-1_3
Fra:1 Mem:166.60M (Peak 166.60M) | Time:00:00.10 | Mem:0.00M, Peak:0.00M | CISCO_N9K_C9336C_FX2_V001, ViewLayer | Synchronizing object | Mgmt_SFP_contact_1
Fra:1 Mem:166.60M (Peak 166.60M) | Time:00:00.10 | Mem:0.00M, Peak:0.00M | CISCO_N9K_C9336C_FX2_V001, ViewLayer | Synchronizing object | Fan3_blade_-1_5
Fra:1 Mem:166.60M (Peak 166.60M) | Time:00:00.10 | Mem:0.00M, Peak:0.00M | CISCO_N9K_C9336C_FX2_V001, ViewLayer | Synchronizing object | Mgmt_SFP_contact_0
Fra:1 Mem:166.60M (Peak 166.60M) | Time:00:00.10 | Mem:0.00M, Peak:0.00M | CISCO_N9K_C9336C_FX2_V001, ViewLayer | Synchronizing object | Fan3_blade_-1_6
Fra:1 Mem:166.60M (Peak 166.60M) | Time:00:00.10 | Mem:0.00M, Peak:0.00M | CISCO_N9K_C9336C_FX2_V001, ViewLayer | Synchronizing object | Fan3_rear_power_contact_block_-1
Fra:1 Mem:166.60M (Peak 166.60M) | Time:00:00.10 | Mem:0.00M, Peak:0.00M | CISCO_N9K_C9336C_FX2_V001, ViewLayer | Synchronizing object | Fan3_rotor_housing_1
Fra:1 Mem:166.63M (Peak 166.63M) | Time:00:00.10 | Mem:0.00M, Peak:0.00M | CISCO_N9K_C9336C_FX2_V001, ViewLayer | Synchronizing object | Fan3_hub_1
Fra:1 Mem:166.64M (Peak 166.64M) | Time:00:00.10 | Mem:0.00M, Peak:0.00M | CISCO_N9K_C9336C_FX2_V001, ViewLayer | Synchronizing object | Fan3_blade_1_0
Fra:1 Mem:166.64M (Peak 166.64M) | Time:00:00.10 | Mem:0.00M, Peak:0.00M | CISCO_N9K_C9336C_FX2_V001, ViewLayer | Synchronizing object | Fan3_blade_1_1
Fra:1 Mem:166.64M (Peak 166.64M) | Time:00:00.10 | Mem:0.00M, Peak:0.00M | CISCO_N9K_C9336C_FX2_V001, ViewLayer | Synchronizing object | Fan3_blade_1_2
Fra:1 Mem:166.65M (Peak 166.65M) | Time:00:00.10 | Mem:0.00M, Peak:0.00M | CISCO_N9K_C9336C_FX2_V001, ViewLayer | Synchronizing object | Mgmt_SFP_guide_-5.8
Fra:1 Mem:166.65M (Peak 166.65M) | Time:00:00.10 | Mem:0.00M, Peak:0.00M | CISCO_N9K_C9336C_FX2_V001, ViewLayer | Synchronizing object | Fan3_blade_1_3
Fra:1 Mem:166.66M (Peak 166.66M) | Time:00:00.10 | Mem:0.00M, Peak:0.00M | CISCO_N9K_C9336C_FX2_V001, ViewLayer | Synchronizing object | Fan3_blade_1_4
Fra:1 Mem:166.66M (Peak 166.66M) | Time:00:00.10 | Mem:0.00M, Peak:0.00M | CISCO_N9K_C9336C_FX2_V001, ViewLayer | Synchronizing object | Fan3_blade_1_5
Fra:1 Mem:166.66M (Peak 166.66M) | Time:00:00.10 | Mem:0.00M, Peak:0.00M | CISCO_N9K_C9336C_FX2_V001, ViewLayer | Synchronizing object | Fan3_blade_1_6
Fra:1 Mem:166.66M (Peak 166.66M) | Time:00:00.10 | Mem:0.00M, Peak:0.00M | CISCO_N9K_C9336C_FX2_V001, ViewLayer | Synchronizing object | Fan3_rear_power_contact_block_1
Fra:1 Mem:166.66M (Peak 166.66M) | Time:00:00.10 | Mem:0.00M, Peak:0.00M | CISCO_N9K_C9336C_FX2_V001, ViewLayer | Synchronizing object | Mgmt_SFP_recessed_connector_stop
Fra:1 Mem:166.67M (Peak 166.67M) | Time:00:00.10 | Mem:0.00M, Peak:0.00M | CISCO_N9K_C9336C_FX2_V001, ViewLayer | Synchronizing object | Fan3_front_frame
Fra:1 Mem:166.67M (Peak 166.67M) | Time:00:00.10 | Mem:0.00M, Peak:0.00M | CISCO_N9K_C9336C_FX2_V001, ViewLayer | Synchronizing object | Mgmt_SFP_deep_metal_cage
Fra:1 Mem:166.68M (Peak 166.68M) | Time:00:00.10 | Mem:0.00M, Peak:0.00M | CISCO_N9K_C9336C_FX2_V001, ViewLayer | Synchronizing object | Fan3_true_honeycomb_front_grille
Fra:1 Mem:167.19M (Peak 167.19M) | Time:00:00.10 | Mem:0.00M, Peak:0.00M | CISCO_N9K_C9336C_FX2_V001, ViewLayer | Synchronizing object | MANAGEMENT_RJ45_unpowered_corner_LED_5.6
Fra:1 Mem:167.20M (Peak 167.20M) | Time:00:00.10 | Mem:0.00M, Peak:0.00M | CISCO_N9K_C9336C_FX2_V001, ViewLayer | Synchronizing object | MANAGEMENT_RJ45_unpowered_corner_LED_-5.6
Fra:1 Mem:167.20M (Peak 167.20M) | Time:00:00.10 | Mem:0.00M, Peak:0.00M | CISCO_N9K_C9336C_FX2_V001, ViewLayer | Synchronizing object | MANAGEMENT_RJ45_contact_7
Fra:1 Mem:167.21M (Peak 167.21M) | Time:00:00.10 | Mem:0.00M, Peak:0.00M | CISCO_N9K_C9336C_FX2_V001, ViewLayer | Synchronizing object | MANAGEMENT_RJ45_contact_6
Fra:1 Mem:167.21M (Peak 167.21M) | Time:00:00.10 | Mem:0.00M, Peak:0.00M | CISCO_N9K_C9336C_FX2_V001, ViewLayer | Synchronizing object | MANAGEMENT_RJ45_contact_5
Fra:1 Mem:167.52M (Peak 167.52M) | Time:00:00.10 | Mem:0.00M, Peak:0.00M | CISCO_N9K_C9336C_FX2_V001, ViewLayer | Synchronizing object | MANAGEMENT_RJ45_contact_4
Fra:1 Mem:167.52M (Peak 167.52M) | Time:00:00.10 | Mem:0.00M, Peak:0.00M | CISCO_N9K_C9336C_FX2_V001, ViewLayer | Synchronizing object | MANAGEMENT_RJ45_contact_3
Fra:1 Mem:167.53M (Peak 167.53M) | Time:00:00.10 | Mem:0.00M, Peak:0.00M | CISCO_N9K_C9336C_FX2_V001, ViewLayer | Synchronizing object | MANAGEMENT_RJ45_contact_2
Fra:1 Mem:167.53M (Peak 167.53M) | Time:00:00.10 | Mem:0.00M, Peak:0.00M | CISCO_N9K_C9336C_FX2_V001, ViewLayer | Synchronizing object | MANAGEMENT_RJ45_contact_1
Fra:1 Mem:167.54M (Peak 167.54M) | Time:00:00.10 | Mem:0.00M, Peak:0.00M | CISCO_N9K_C9336C_FX2_V001, ViewLayer | Synchronizing object | MANAGEMENT_RJ45_contact_0
Fra:1 Mem:167.54M (Peak 167.54M) | Time:00:00.10 | Mem:0.00M, Peak:0.00M | CISCO_N9K_C9336C_FX2_V001, ViewLayer | Synchronizing object | MANAGEMENT_RJ45_deep_connector_stop
Fra:1 Mem:167.54M (Peak 167.54M) | Time:00:00.10 | Mem:0.00M, Peak:0.00M | CISCO_N9K_C9336C_FX2_V001, ViewLayer | Synchronizing object | MANAGEMENT_RJ45_keyed_plastic_body
Fra:1 Mem:167.54M (Peak 167.54M) | Time:00:00.10 | Mem:0.00M, Peak:0.00M | CISCO_N9K_C9336C_FX2_V001, ViewLayer | Synchronizing object | MANAGEMENT_RJ45_metal_shield
Fra:1 Mem:168.16M (Peak 168.16M) | Time:00:00.10 | Mem:0.00M, Peak:0.00M | CISCO_N9K_C9336C_FX2_V001, ViewLayer | Synchronizing object | CONSOLE_RJ45_unpowered_corner_LED_5.6
Fra:1 Mem:168.17M (Peak 168.17M) | Time:00:00.10 | Mem:0.00M, Peak:0.00M | CISCO_N9K_C9336C_FX2_V001, ViewLayer | Synchronizing object | CONSOLE_RJ45_unpowered_corner_LED_-5.6
Fra:1 Mem:168.17M (Peak 168.17M) | Time:00:00.10 | Mem:0.00M, Peak:0.00M | CISCO_N9K_C9336C_FX2_V001, ViewLayer | Synchronizing object | CONSOLE_RJ45_contact_7
Fra:1 Mem:168.18M (Peak 168.18M) | Time:00:00.10 | Mem:0.00M, Peak:0.00M | CISCO_N9K_C9336C_FX2_V001, ViewLayer | Synchronizing object | CONSOLE_RJ45_contact_6
Fra:1 Mem:168.18M (Peak 168.18M) | Time:00:00.10 | Mem:0.00M, Peak:0.00M | CISCO_N9K_C9336C_FX2_V001, ViewLayer | Synchronizing object | CONSOLE_RJ45_contact_5
Fra:1 Mem:168.19M (Peak 168.19M) | Time:00:00.10 | Mem:0.00M, Peak:0.00M | CISCO_N9K_C9336C_FX2_V001, ViewLayer | Synchronizing object | CONSOLE_RJ45_contact_4
Fra:1 Mem:168.34M (Peak 168.34M) | Time:00:00.10 | Mem:0.00M, Peak:0.00M | CISCO_N9K_C9336C_FX2_V001, ViewLayer | Synchronizing object | CONSOLE_RJ45_contact_3
Fra:1 Mem:168.35M (Peak 168.35M) | Time:00:00.10 | Mem:0.00M, Peak:0.00M | CISCO_N9K_C9336C_FX2_V001, ViewLayer | Synchronizing object | CONSOLE_RJ45_contact_2
Fra:1 Mem:168.35M (Peak 168.35M) | Time:00:00.10 | Mem:0.00M, Peak:0.00M | CISCO_N9K_C9336C_FX2_V001, ViewLayer | Synchronizing object | CONSOLE_RJ45_contact_1
Fra:1 Mem:168.35M (Peak 168.35M) | Time:00:00.10 | Mem:0.00M, Peak:0.00M | CISCO_N9K_C9336C_FX2_V001, ViewLayer | Synchronizing object | CONSOLE_RJ45_contact_0
Fra:1 Mem:168.36M (Peak 168.36M) | Time:00:00.10 | Mem:0.00M, Peak:0.00M | CISCO_N9K_C9336C_FX2_V001, ViewLayer | Synchronizing object | CONSOLE_RJ45_deep_connector_stop
Fra:1 Mem:168.36M (Peak 168.36M) | Time:00:00.10 | Mem:0.00M, Peak:0.00M | CISCO_N9K_C9336C_FX2_V001, ViewLayer | Synchronizing object | CONSOLE_RJ45_keyed_plastic_body
Fra:1 Mem:168.36M (Peak 168.36M) | Time:00:00.10 | Mem:0.00M, Peak:0.00M | CISCO_N9K_C9336C_FX2_V001, ViewLayer | Synchronizing object | CONSOLE_RJ45_metal_shield
Fra:1 Mem:168.38M (Peak 168.38M) | Time:00:00.10 | Mem:0.00M, Peak:0.00M | CISCO_N9K_C9336C_FX2_V001, ViewLayer | Synchronizing object | Rear_service_panel_true_apertures
Fra:1 Mem:168.41M (Peak 168.41M) | Time:00:00.10 | Mem:0.00M, Peak:0.00M | CISCO_N9K_C9336C_FX2_V001, ViewLayer | Synchronizing object | PSU2_face_screw_24.5_39.3
Fra:1 Mem:168.42M (Peak 168.42M) | Time:00:00.10 | Mem:0.00M, Peak:0.00M | CISCO_N9K_C9336C_FX2_V001, ViewLayer | Synchronizing object | PSU2_face_screw_24.5_4.1
Fra:1 Mem:168.44M (Peak 168.44M) | Time:00:00.10 | Mem:0.00M, Peak:0.00M | CISCO_N9K_C9336C_FX2_V001, ViewLayer | Synchronizing object | PSU2_face_screw_-24.5_39.3
Fra:1 Mem:168.46M (Peak 168.46M) | Time:00:00.10 | Mem:0.00M, Peak:0.00M | CISCO_N9K_C9336C_FX2_V001, ViewLayer | Synchronizing object | PSU2_face_screw_-24.5_4.1
Fra:1 Mem:168.48M (Peak 168.48M) | Time:00:00.10 | Mem:0.00M, Peak:0.00M | CISCO_N9K_C9336C_FX2_V001, ViewLayer | Synchronizing object | PSU2_OK_legend
Fra:1 Mem:168.48M (Peak 168.48M) | Time:00:00.10 | Mem:0.00M, Peak:0.00M | CISCO_N9K_C9336C_FX2_V001, ViewLayer | Synchronizing object | PSU2_FAIL_legend
Fra:1 Mem:168.48M (Peak 168.48M) | Time:00:00.10 | Mem:0.00M, Peak:0.00M | CISCO_N9K_C9336C_FX2_V001, ViewLayer | Synchronizing object | PSU2_unpowered_LED_32.6
Fra:1 Mem:168.49M (Peak 168.49M) | Time:00:00.10 | Mem:0.00M, Peak:0.00M | CISCO_N9K_C9336C_FX2_V001, ViewLayer | Synchronizing object | PSU2_unpowered_LED_36.8
Fra:1 Mem:168.49M (Peak 168.49M) | Time:00:00.10 | Mem:0.00M, Peak:0.00M | CISCO_N9K_C9336C_FX2_V001, ViewLayer | Synchronizing object | PSU2_retainer_rib_315.4
Fra:1 Mem:168.49M (Peak 168.49M) | Time:00:00.10 | Mem:0.00M, Peak:0.00M | CISCO_N9K_C9336C_FX2_V001, ViewLayer | Synchronizing object | PSU2_retainer_rib_313.2
Fra:1 Mem:168.50M (Peak 168.50M) | Time:00:00.10 | Mem:0.00M, Peak:0.00M | CISCO_N9K_C9336C_FX2_V001, ViewLayer | Synchronizing object | PSU2_retainer_rib_311
Fra:1 Mem:168.50M (Peak 168.50M) | Time:00:00.10 | Mem:0.00M, Peak:0.00M | CISCO_N9K_C9336C_FX2_V001, ViewLayer | Synchronizing object | PSU2_retainer_rib_308.8
Fra:1 Mem:168.51M (Peak 168.51M) | Time:00:00.10 | Mem:0.00M, Peak:0.00M | CISCO_N9K_C9336C_FX2_V001, ViewLayer | Synchronizing object | PSU2_retainer_rib_306.6
Fra:1 Mem:168.51M (Peak 168.51M) | Time:00:00.10 | Mem:0.00M, Peak:0.00M | CISCO_N9K_C9336C_FX2_V001, ViewLayer | Synchronizing object | PSU2_retainer_rib_304.4
Fra:1 Mem:168.52M (Peak 168.52M) | Time:00:00.10 | Mem:0.00M, Peak:0.00M | CISCO_N9K_C9336C_FX2_V001, ViewLayer | Synchronizing object | PSU2_retainer_rib_302.2
Fra:1 Mem:168.52M (Peak 168.52M) | Time:00:00.10 | Mem:0.00M, Peak:0.00M | CISCO_N9K_C9336C_FX2_V001, ViewLayer | Synchronizing object | PSU2_retainer_rib_300
Fra:1 Mem:168.52M (Peak 168.52M) | Time:00:00.10 | Mem:0.00M, Peak:0.00M | CISCO_N9K_C9336C_FX2_V001, ViewLayer | Synchronizing object | PSU2_stowed_nylon_retention_loop
Fra:1 Mem:168.53M (Peak 168.53M) | Time:00:00.10 | Mem:0.00M, Peak:0.00M | CISCO_N9K_C9336C_FX2_V001, ViewLayer | Synchronizing object | PSU2_cord_retainer_anchor
Fra:1 Mem:168.53M (Peak 168.53M) | Time:00:00.10 | Mem:0.00M, Peak:0.00M | CISCO_N9K_C9336C_FX2_V001, ViewLayer | Synchronizing object | PSU2_BLUE_release_latch
Fra:1 Mem:168.54M (Peak 168.54M) | Time:00:00.10 | Mem:0.00M, Peak:0.00M | CISCO_N9K_C9336C_FX2_V001, ViewLayer | Synchronizing object | PSU2_silver_U_pull_handle
Fra:1 Mem:168.76M (Peak 168.76M) | Time:00:00.10 | Mem:0.00M, Peak:0.00M | CISCO_N9K_C9336C_FX2_V001, ViewLayer | Synchronizing object | PSU2_IEC_pin_2
Fra:1 Mem:171.03M (Peak 171.03M) | Time:00:00.10 | Mem:0.00M, Peak:0.00M | CISCO_N9K_C9336C_FX2_V001, ViewLayer | Synchronizing object | PSU2_IEC_pin_1
Fra:1 Mem:171.04M (Peak 171.04M) | Time:00:00.10 | Mem:0.00M, Peak:0.00M | CISCO_N9K_C9336C_FX2_V001, ViewLayer | Synchronizing object | PSU2_IEC_pin_0
Fra:1 Mem:171.06M (Peak 171.06M) | Time:00:00.10 | Mem:0.00M, Peak:0.00M | CISCO_N9K_C9336C_FX2_V001, ViewLayer | Synchronizing object | PSU2_IEC_recessed_black_floor
Fra:1 Mem:171.06M (Peak 171.06M) | Time:00:00.10 | Mem:0.00M, Peak:0.00M | CISCO_N9K_C9336C_FX2_V001, ViewLayer | Synchronizing object | PSU2_IEC_C14_black_inlet_housing
Fra:1 Mem:171.08M (Peak 171.08M) | Time:00:00.10 | Mem:0.00M, Peak:0.00M | CISCO_N9K_C9336C_FX2_V001, ViewLayer | Synchronizing object | PSU2_true_hex_cooling_vents
Fra:1 Mem:171.56M (Peak 171.56M) | Time:00:00.11 | Mem:0.00M, Peak:0.00M | CISCO_N9K_C9336C_FX2_V001, ViewLayer | Synchronizing object | PSU2_inlet_vent_divider
Fra:1 Mem:171.56M (Peak 171.56M) | Time:00:00.11 | Mem:0.00M, Peak:0.00M | CISCO_N9K_C9336C_FX2_V001, ViewLayer | Synchronizing object | PSU2_front_face_rim
Fra:1 Mem:171.58M (Peak 171.58M) | Time:00:00.11 | Mem:0.00M, Peak:0.00M | CISCO_N9K_C9336C_FX2_V001, ViewLayer | Synchronizing object | PSU2_internal_opaque_baffle
Fra:1 Mem:171.58M (Peak 171.58M) | Time:00:00.11 | Mem:0.00M, Peak:0.00M | CISCO_N9K_C9336C_FX2_V001, ViewLayer | Synchronizing object | PSU2_internal_mating_block
Fra:1 Mem:171.58M (Peak 171.58M) | Time:00:00.11 | Mem:0.00M, Peak:0.00M | CISCO_N9K_C9336C_FX2_V001, ViewLayer | Synchronizing object | PSU2_rear_internal_endcap
Fra:1 Mem:171.60M (Peak 171.60M) | Time:00:00.11 | Mem:0.00M, Peak:0.00M | CISCO_N9K_C9336C_FX2_V001, ViewLayer | Synchronizing object | PSU2_formed_silver_shell
Fra:1 Mem:171.62M (Peak 171.62M) | Time:00:00.11 | Mem:0.00M, Peak:0.00M | CISCO_N9K_C9336C_FX2_V001, ViewLayer | Synchronizing object | PSU1_face_screw_24.5_39.3
Fra:1 Mem:171.63M (Peak 171.63M) | Time:00:00.11 | Mem:0.00M, Peak:0.00M | CISCO_N9K_C9336C_FX2_V001, ViewLayer | Synchronizing object | PSU1_face_screw_24.5_4.1
Fra:1 Mem:171.65M (Peak 171.65M) | Time:00:00.11 | Mem:0.00M, Peak:0.00M | CISCO_N9K_C9336C_FX2_V001, ViewLayer | Synchronizing object | PSU1_face_screw_-24.5_39.3
Fra:1 Mem:171.67M (Peak 171.67M) | Time:00:00.11 | Mem:0.00M, Peak:0.00M | CISCO_N9K_C9336C_FX2_V001, ViewLayer | Synchronizing object | PSU1_face_screw_-24.5_4.1
Fra:1 Mem:171.69M (Peak 171.69M) | Time:00:00.11 | Mem:0.00M, Peak:0.00M | CISCO_N9K_C9336C_FX2_V001, ViewLayer | Synchronizing object | PSU1_OK_legend
Fra:1 Mem:171.69M (Peak 171.69M) | Time:00:00.11 | Mem:0.00M, Peak:0.00M | CISCO_N9K_C9336C_FX2_V001, ViewLayer | Synchronizing object | PSU1_FAIL_legend
Fra:1 Mem:171.69M (Peak 171.69M) | Time:00:00.11 | Mem:0.00M, Peak:0.00M | CISCO_N9K_C9336C_FX2_V001, ViewLayer | Synchronizing object | PSU1_unpowered_LED_32.6
Fra:1 Mem:171.70M (Peak 171.70M) | Time:00:00.11 | Mem:0.00M, Peak:0.00M | CISCO_N9K_C9336C_FX2_V001, ViewLayer | Synchronizing object | PSU1_unpowered_LED_36.8
Fra:1 Mem:171.70M (Peak 171.70M) | Time:00:00.11 | Mem:0.00M, Peak:0.00M | CISCO_N9K_C9336C_FX2_V001, ViewLayer | Synchronizing object | PSU1_retainer_rib_315.4
Fra:1 Mem:171.70M (Peak 171.70M) | Time:00:00.11 | Mem:0.00M, Peak:0.00M | CISCO_N9K_C9336C_FX2_V001, ViewLayer | Synchronizing object | PSU1_retainer_rib_313.2
Fra:1 Mem:171.71M (Peak 171.71M) | Time:00:00.11 | Mem:0.00M, Peak:0.00M | CISCO_N9K_C9336C_FX2_V001, ViewLayer | Synchronizing object | PSU1_retainer_rib_311
Fra:1 Mem:171.71M (Peak 171.71M) | Time:00:00.11 | Mem:0.00M, Peak:0.00M | CISCO_N9K_C9336C_FX2_V001, ViewLayer | Synchronizing object | PSU1_retainer_rib_308.8
Fra:1 Mem:171.72M (Peak 171.72M) | Time:00:00.11 | Mem:0.00M, Peak:0.00M | CISCO_N9K_C9336C_FX2_V001, ViewLayer | Synchronizing object | PSU1_retainer_rib_306.6
Fra:1 Mem:171.72M (Peak 171.72M) | Time:00:00.11 | Mem:0.00M, Peak:0.00M | CISCO_N9K_C9336C_FX2_V001, ViewLayer | Synchronizing object | PSU1_retainer_rib_304.4
Fra:1 Mem:171.73M (Peak 171.73M) | Time:00:00.11 | Mem:0.00M, Peak:0.00M | CISCO_N9K_C9336C_FX2_V001, ViewLayer | Synchronizing object | PSU1_retainer_rib_302.2
Fra:1 Mem:171.73M (Peak 171.73M) | Time:00:00.11 | Mem:0.00M, Peak:0.00M | CISCO_N9K_C9336C_FX2_V001, ViewLayer | Synchronizing object | PSU1_retainer_rib_300
Fra:1 Mem:171.73M (Peak 171.73M) | Time:00:00.11 | Mem:0.00M, Peak:0.00M | CISCO_N9K_C9336C_FX2_V001, ViewLayer | Synchronizing object | PSU1_stowed_nylon_retention_loop
Fra:1 Mem:171.74M (Peak 171.74M) | Time:00:00.11 | Mem:0.00M, Peak:0.00M | CISCO_N9K_C9336C_FX2_V001, ViewLayer | Synchronizing object | PSU1_cord_retainer_anchor
Fra:1 Mem:171.74M (Peak 171.74M) | Time:00:00.11 | Mem:0.00M, Peak:0.00M | CISCO_N9K_C9336C_FX2_V001, ViewLayer | Synchronizing object | PSU1_BLUE_release_latch
Fra:1 Mem:171.75M (Peak 171.75M) | Time:00:00.11 | Mem:0.00M, Peak:0.00M | CISCO_N9K_C9336C_FX2_V001, ViewLayer | Synchronizing object | PSU1_silver_U_pull_handle
Fra:1 Mem:171.95M (Peak 171.95M) | Time:00:00.11 | Mem:0.00M, Peak:0.00M | CISCO_N9K_C9336C_FX2_V001, ViewLayer | Synchronizing object | Fan3_molded_trapezoid_pull_handle
Fra:1 Mem:171.98M (Peak 171.98M) | Time:00:00.11 | Mem:0.00M, Peak:0.00M | CISCO_N9K_C9336C_FX2_V001, ViewLayer | Synchronizing object | PSU1_IEC_pin_2
Fra:1 Mem:171.99M (Peak 171.99M) | Time:00:00.11 | Mem:0.00M, Peak:0.00M | CISCO_N9K_C9336C_FX2_V001, ViewLayer | Synchronizing object | PSU1_IEC_pin_1
Fra:1 Mem:172.01M (Peak 172.01M) | Time:00:00.11 | Mem:0.00M, Peak:0.00M | CISCO_N9K_C9336C_FX2_V001, ViewLayer | Synchronizing object | PSU1_IEC_pin_0
Fra:1 Mem:172.02M (Peak 172.02M) | Time:00:00.11 | Mem:0.00M, Peak:0.00M | CISCO_N9K_C9336C_FX2_V001, ViewLayer | Synchronizing object | PSU1_IEC_recessed_black_floor
Fra:1 Mem:172.02M (Peak 172.02M) | Time:00:00.11 | Mem:0.00M, Peak:0.00M | CISCO_N9K_C9336C_FX2_V001, ViewLayer | Synchronizing object | PSU1_IEC_C14_black_inlet_housing
Fra:1 Mem:172.04M (Peak 172.04M) | Time:00:00.11 | Mem:0.00M, Peak:0.00M | CISCO_N9K_C9336C_FX2_V001, ViewLayer | Synchronizing object | PSU1_true_hex_cooling_vents
Fra:1 Mem:172.20M (Peak 172.20M) | Time:00:00.11 | Mem:0.00M, Peak:0.00M | CISCO_N9K_C9336C_FX2_V001, ViewLayer | Synchronizing object | Fan3_BLUE_release_latch_-1
Fra:1 Mem:172.53M (Peak 172.53M) | Time:00:00.11 | Mem:0.00M, Peak:0.00M | CISCO_N9K_C9336C_FX2_V001, ViewLayer | Synchronizing object | Fan3_latch_thumb_flare_-1
Fra:1 Mem:173.13M (Peak 173.13M) | Time:00:00.11 | Mem:0.00M, Peak:0.00M | CISCO_N9K_C9336C_FX2_V001, ViewLayer | Synchronizing object | PSU1_inlet_vent_divider
Fra:1 Mem:173.14M (Peak 173.14M) | Time:00:00.11 | Mem:0.00M, Peak:0.00M | CISCO_N9K_C9336C_FX2_V001, ViewLayer | Synchronizing object | PSU1_front_face_rim
Fra:1 Mem:173.15M (Peak 173.15M) | Time:00:00.11 | Mem:0.00M, Peak:0.00M | CISCO_N9K_C9336C_FX2_V001, ViewLayer | Synchronizing object | PSU1_internal_opaque_baffle
Fra:1 Mem:173.15M (Peak 173.15M) | Time:00:00.11 | Mem:0.00M, Peak:0.00M | CISCO_N9K_C9336C_FX2_V001, ViewLayer | Synchronizing object | PSU1_internal_mating_block
Fra:1 Mem:173.16M (Peak 173.16M) | Time:00:00.11 | Mem:0.00M, Peak:0.00M | CISCO_N9K_C9336C_FX2_V001, ViewLayer | Synchronizing object | PSU1_rear_internal_endcap
Fra:1 Mem:173.17M (Peak 173.17M) | Time:00:00.11 | Mem:0.00M, Peak:0.00M | CISCO_N9K_C9336C_FX2_V001, ViewLayer | Synchronizing object | PSU1_formed_silver_shell
Fra:1 Mem:172.74M (Peak 173.17M) | Time:00:00.11 | Mem:0.00M, Peak:0.00M | CISCO_N9K_C9336C_FX2_V001, ViewLayer | Synchronizing object | Fan3_fine_vertical_thumb_rib_1_9
Fra:1 Mem:172.74M (Peak 173.17M) | Time:00:00.11 | Mem:0.00M, Peak:0.00M | CISCO_N9K_C9336C_FX2_V001, ViewLayer | Synchronizing object | Fan3_fine_vertical_thumb_rib_1_8
Fra:1 Mem:172.60M (Peak 173.17M) | Time:00:00.11 | Mem:0.00M, Peak:0.00M | CISCO_N9K_C9336C_FX2_V001, ViewLayer | Synchronizing object | Fan3_fine_vertical_thumb_rib_1_7
Fra:1 Mem:172.60M (Peak 173.17M) | Time:00:00.11 | Mem:0.00M, Peak:0.00M | CISCO_N9K_C9336C_FX2_V001, ViewLayer | Synchronizing object | Fan3_fine_vertical_thumb_rib_1_6
Fra:1 Mem:172.61M (Peak 173.17M) | Time:00:00.11 | Mem:0.00M, Peak:0.00M | CISCO_N9K_C9336C_FX2_V001, ViewLayer | Synchronizing object | Fan3_fine_vertical_thumb_rib_1_5
Fra:1 Mem:172.61M (Peak 173.17M) | Time:00:00.11 | Mem:0.00M, Peak:0.00M | CISCO_N9K_C9336C_FX2_V001, ViewLayer | Synchronizing object | Fan3_fine_vertical_thumb_rib_1_4
Fra:1 Mem:172.61M (Peak 173.17M) | Time:00:00.11 | Mem:0.00M, Peak:0.00M | CISCO_N9K_C9336C_FX2_V001, ViewLayer | Synchronizing object | Fan3_fine_vertical_thumb_rib_1_3
Fra:1 Mem:172.62M (Peak 173.17M) | Time:00:00.11 | Mem:0.00M, Peak:0.00M | CISCO_N9K_C9336C_FX2_V001, ViewLayer | Synchronizing object | Fan3_fine_vertical_thumb_rib_1_2
Fra:1 Mem:172.62M (Peak 173.17M) | Time:00:00.11 | Mem:0.00M, Peak:0.00M | CISCO_N9K_C9336C_FX2_V001, ViewLayer | Synchronizing object | Fan3_fine_vertical_thumb_rib_1_1
Fra:1 Mem:172.63M (Peak 173.17M) | Time:00:00.11 | Mem:0.00M, Peak:0.00M | CISCO_N9K_C9336C_FX2_V001, ViewLayer | Synchronizing object | Fan3_fine_vertical_thumb_rib_1_0
Fra:1 Mem:172.63M (Peak 173.17M) | Time:00:00.11 | Mem:0.00M, Peak:0.00M | CISCO_N9K_C9336C_FX2_V001, ViewLayer | Synchronizing object | Fan3_fine_vertical_thumb_rib_-1_9
Fra:1 Mem:172.64M (Peak 173.17M) | Time:00:00.11 | Mem:0.00M, Peak:0.00M | CISCO_N9K_C9336C_FX2_V001, ViewLayer | Synchronizing object | Fan3_fine_vertical_thumb_rib_-1_8
Fra:1 Mem:172.64M (Peak 173.17M) | Time:00:00.11 | Mem:0.00M, Peak:0.00M | CISCO_N9K_C9336C_FX2_V001, ViewLayer | Synchronizing object | Fan3_latch_thumb_flare_1
Fra:1 Mem:172.65M (Peak 173.17M) | Time:00:00.11 | Mem:0.00M, Peak:0.00M | CISCO_N9K_C9336C_FX2_V001, ViewLayer | Synchronizing object | Fan3_fine_vertical_thumb_rib_-1_7
Fra:1 Mem:172.65M (Peak 173.17M) | Time:00:00.11 | Mem:0.00M, Peak:0.00M | CISCO_N9K_C9336C_FX2_V001, ViewLayer | Synchronizing object | Fan3_PID_label_recess
Fra:1 Mem:172.65M (Peak 173.17M) | Time:00:00.11 | Mem:0.00M, Peak:0.00M | CISCO_N9K_C9336C_FX2_V001, ViewLayer | Synchronizing object | Fan3_fine_vertical_thumb_rib_-1_6
Fra:1 Mem:172.66M (Peak 173.17M) | Time:00:00.11 | Mem:0.00M, Peak:0.00M | CISCO_N9K_C9336C_FX2_V001, ViewLayer | Synchronizing object | Fan3_known_PID
Fra:1 Mem:172.66M (Peak 173.17M) | Time:00:00.11 | Mem:0.00M, Peak:0.00M | CISCO_N9K_C9336C_FX2_V001, ViewLayer | Synchronizing object | Fan3_fine_vertical_thumb_rib_-1_5
Fra:1 Mem:172.69M (Peak 173.17M) | Time:00:00.11 | Mem:0.00M, Peak:0.00M | CISCO_N9K_C9336C_FX2_V001, ViewLayer | Synchronizing object | Fan3_fine_vertical_thumb_rib_-1_4
Fra:1 Mem:172.69M (Peak 173.17M) | Time:00:00.11 | Mem:0.00M, Peak:0.00M | CISCO_N9K_C9336C_FX2_V001, ViewLayer | Synchronizing object | Fan3_fine_vertical_thumb_rib_-1_3
Fra:1 Mem:172.69M (Peak 173.17M) | Time:00:00.11 | Mem:0.00M, Peak:0.00M | CISCO_N9K_C9336C_FX2_V001, ViewLayer | Synchronizing object | Fan3_fine_vertical_thumb_rib_-1_2
Fra:1 Mem:172.70M (Peak 173.17M) | Time:00:00.11 | Mem:0.00M, Peak:0.00M | CISCO_N9K_C9336C_FX2_V001, ViewLayer | Synchronizing object | Fan3_fine_vertical_thumb_rib_-1_1
Fra:1 Mem:172.70M (Peak 173.17M) | Time:00:00.11 | Mem:0.00M, Peak:0.00M | CISCO_N9K_C9336C_FX2_V001, ViewLayer | Synchronizing object | Fan3_fine_vertical_thumb_rib_-1_0
Fra:1 Mem:172.71M (Peak 173.17M) | Time:00:00.11 | Mem:0.00M, Peak:0.00M | CISCO_N9K_C9336C_FX2_V001, ViewLayer | Synchronizing object | Fan2_fine_vertical_thumb_rib_1_9
Fra:1 Mem:172.71M (Peak 173.17M) | Time:00:00.11 | Mem:0.00M, Peak:0.00M | CISCO_N9K_C9336C_FX2_V001, ViewLayer | Synchronizing object | Fan2_fine_vertical_thumb_rib_1_8
Fra:1 Mem:172.72M (Peak 173.17M) | Time:00:00.11 | Mem:0.00M, Peak:0.00M | CISCO_N9K_C9336C_FX2_V001, ViewLayer | Synchronizing object | Fan2_fine_vertical_thumb_rib_1_7
Fra:1 Mem:172.72M (Peak 173.17M) | Time:00:00.11 | Mem:0.00M, Peak:0.00M | CISCO_N9K_C9336C_FX2_V001, ViewLayer | Synchronizing object | Fan2_fine_vertical_thumb_rib_1_6
Fra:1 Mem:172.72M (Peak 173.17M) | Time:00:00.11 | Mem:0.00M, Peak:0.00M | CISCO_N9K_C9336C_FX2_V001, ViewLayer | Synchronizing object | Fan2_fine_vertical_thumb_rib_1_5
Fra:1 Mem:172.73M (Peak 173.17M) | Time:00:00.11 | Mem:0.00M, Peak:0.00M | CISCO_N9K_C9336C_FX2_V001, ViewLayer | Synchronizing object | Fan2_fine_vertical_thumb_rib_1_4
Fra:1 Mem:172.73M (Peak 173.17M) | Time:00:00.11 | Mem:0.00M, Peak:0.00M | CISCO_N9K_C9336C_FX2_V001, ViewLayer | Synchronizing object | Fan2_fine_vertical_thumb_rib_1_3
Fra:1 Mem:172.74M (Peak 173.17M) | Time:00:00.11 | Mem:0.00M, Peak:0.00M | CISCO_N9K_C9336C_FX2_V001, ViewLayer | Synchronizing object | Fan2_fine_vertical_thumb_rib_1_2
Fra:1 Mem:172.74M (Peak 173.17M) | Time:00:00.11 | Mem:0.00M, Peak:0.00M | CISCO_N9K_C9336C_FX2_V001, ViewLayer | Synchronizing object | Fan2_fine_vertical_thumb_rib_1_1
Fra:1 Mem:172.75M (Peak 173.17M) | Time:00:00.11 | Mem:0.00M, Peak:0.00M | CISCO_N9K_C9336C_FX2_V001, ViewLayer | Synchronizing object | Fan2_fine_vertical_thumb_rib_1_0
Fra:1 Mem:172.75M (Peak 173.17M) | Time:00:00.11 | Mem:0.00M, Peak:0.00M | CISCO_N9K_C9336C_FX2_V001, ViewLayer | Synchronizing object | Fan2_fine_vertical_thumb_rib_-1_9
Fra:1 Mem:172.76M (Peak 173.17M) | Time:00:00.11 | Mem:0.00M, Peak:0.00M | CISCO_N9K_C9336C_FX2_V001, ViewLayer | Synchronizing object | Fan2_fine_vertical_thumb_rib_-1_8
Fra:1 Mem:172.76M (Peak 173.17M) | Time:00:00.11 | Mem:0.00M, Peak:0.00M | CISCO_N9K_C9336C_FX2_V001, ViewLayer | Synchronizing object | Fan2_fine_vertical_thumb_rib_-1_7
Fra:1 Mem:172.76M (Peak 173.17M) | Time:00:00.11 | Mem:0.00M, Peak:0.00M | CISCO_N9K_C9336C_FX2_V001, ViewLayer | Synchronizing object | Fan2_fine_vertical_thumb_rib_-1_6
Fra:1 Mem:172.77M (Peak 173.17M) | Time:00:00.11 | Mem:0.00M, Peak:0.00M | CISCO_N9K_C9336C_FX2_V001, ViewLayer | Synchronizing object | Fan2_fine_vertical_thumb_rib_-1_5
Fra:1 Mem:172.77M (Peak 173.17M) | Time:00:00.11 | Mem:0.00M, Peak:0.00M | CISCO_N9K_C9336C_FX2_V001, ViewLayer | Synchronizing object | Fan2_fine_vertical_thumb_rib_-1_4
Fra:1 Mem:172.78M (Peak 173.17M) | Time:00:00.11 | Mem:0.00M, Peak:0.00M | CISCO_N9K_C9336C_FX2_V001, ViewLayer | Synchronizing object | Fan2_fine_vertical_thumb_rib_-1_3
Fra:1 Mem:172.78M (Peak 173.17M) | Time:00:00.11 | Mem:0.00M, Peak:0.00M | CISCO_N9K_C9336C_FX2_V001, ViewLayer | Synchronizing object | Fan2_fine_vertical_thumb_rib_-1_2
Fra:1 Mem:172.79M (Peak 173.17M) | Time:00:00.11 | Mem:0.00M, Peak:0.00M | CISCO_N9K_C9336C_FX2_V001, ViewLayer | Synchronizing object | Fan2_fine_vertical_thumb_rib_-1_1
Fra:1 Mem:172.79M (Peak 173.17M) | Time:00:00.11 | Mem:0.00M, Peak:0.00M | CISCO_N9K_C9336C_FX2_V001, ViewLayer | Synchronizing object | Fan2_fine_vertical_thumb_rib_-1_0
Fra:1 Mem:172.79M (Peak 173.17M) | Time:00:00.11 | Mem:0.00M, Peak:0.00M | CISCO_N9K_C9336C_FX2_V001, ViewLayer | Synchronizing object | Fan1_fine_vertical_thumb_rib_1_9
Fra:1 Mem:172.80M (Peak 173.17M) | Time:00:00.11 | Mem:0.00M, Peak:0.00M | CISCO_N9K_C9336C_FX2_V001, ViewLayer | Synchronizing object | Fan3_flush_lock_pin_-39
Fra:1 Mem:172.80M (Peak 173.17M) | Time:00:00.11 | Mem:0.00M, Peak:0.00M | CISCO_N9K_C9336C_FX2_V001, ViewLayer | Synchronizing object | Fan1_fine_vertical_thumb_rib_-1_1
Fra:1 Mem:172.81M (Peak 173.17M) | Time:00:00.11 | Mem:0.00M, Peak:0.00M | CISCO_N9K_C9336C_FX2_V001, ViewLayer | Synchronizing object | Fan1_fine_vertical_thumb_rib_-1_2
Fra:1 Mem:172.83M (Peak 173.17M) | Time:00:00.11 | Mem:0.00M, Peak:0.00M | CISCO_N9K_C9336C_FX2_V001, ViewLayer | Synchronizing object | Fan1_fine_vertical_thumb_rib_1_7
Fra:1 Mem:172.85M (Peak 173.17M) | Time:00:00.11 | Mem:0.00M, Peak:0.00M | CISCO_N9K_C9336C_FX2_V001, ViewLayer | Synchronizing object | Fan1_fine_vertical_thumb_rib_1_6
Fra:1 Mem:172.85M (Peak 173.17M) | Time:00:00.11 | Mem:0.00M, Peak:0.00M | CISCO_N9K_C9336C_FX2_V001, ViewLayer | Synchronizing object | Fan1_fine_vertical_thumb_rib_1_5
Fra:1 Mem:172.85M (Peak 173.17M) | Time:00:00.11 | Mem:0.00M, Peak:0.00M | CISCO_N9K_C9336C_FX2_V001, ViewLayer | Synchronizing object | Fan1_fine_vertical_thumb_rib_-1_4
Fra:1 Mem:172.86M (Peak 173.17M) | Time:00:00.11 | Mem:0.00M, Peak:0.00M | CISCO_N9K_C9336C_FX2_V001, ViewLayer | Synchronizing object | Fan1_fine_vertical_thumb_rib_1_4
Fra:1 Mem:172.86M (Peak 173.17M) | Time:00:00.11 | Mem:0.00M, Peak:0.00M | CISCO_N9K_C9336C_FX2_V001, ViewLayer | Synchronizing object | Fan1_fine_vertical_thumb_rib_1_3
Fra:1 Mem:172.87M (Peak 173.17M) | Time:00:00.12 | Mem:0.00M, Peak:0.00M | CISCO_N9K_C9336C_FX2_V001, ViewLayer | Synchronizing object | Fan1_fine_vertical_thumb_rib_1_2
Fra:1 Mem:172.87M (Peak 173.17M) | Time:00:00.12 | Mem:0.00M, Peak:0.00M | CISCO_N9K_C9336C_FX2_V001, ViewLayer | Synchronizing object | Fan1_fine_vertical_thumb_rib_1_1
Fra:1 Mem:172.88M (Peak 173.17M) | Time:00:00.12 | Mem:0.00M, Peak:0.00M | CISCO_N9K_C9336C_FX2_V001, ViewLayer | Synchronizing object | Fan1_fine_vertical_thumb_rib_1_0
Fra:1 Mem:172.88M (Peak 173.17M) | Time:00:00.12 | Mem:0.00M, Peak:0.00M | CISCO_N9K_C9336C_FX2_V001, ViewLayer | Synchronizing object | Fan1_fine_vertical_thumb_rib_-1_5
Fra:1 Mem:172.88M (Peak 173.17M) | Time:00:00.12 | Mem:0.00M, Peak:0.00M | CISCO_N9K_C9336C_FX2_V001, ViewLayer | Synchronizing object | Fan1_fine_vertical_thumb_rib_-1_9
Fra:1 Mem:172.89M (Peak 173.17M) | Time:00:00.12 | Mem:0.00M, Peak:0.00M | CISCO_N9K_C9336C_FX2_V001, ViewLayer | Synchronizing object | Fan1_fine_vertical_thumb_rib_-1_8
Fra:1 Mem:172.89M (Peak 173.17M) | Time:00:00.12 | Mem:0.00M, Peak:0.00M | CISCO_N9K_C9336C_FX2_V001, ViewLayer | Synchronizing object | Fan1_fine_vertical_thumb_rib_-1_7
Fra:1 Mem:172.90M (Peak 173.17M) | Time:00:00.12 | Mem:0.00M, Peak:0.00M | CISCO_N9K_C9336C_FX2_V001, ViewLayer | Synchronizing object | Fan1_fine_vertical_thumb_rib_-1_6
Fra:1 Mem:172.90M (Peak 181.95M) | Time:00:00.25 | Mem:0.00M, Peak:0.00M | CISCO_N9K_C9336C_FX2_V001, ViewLayer | Initializing
Fra:1 Mem:168.45M (Peak 181.95M) | Time:00:00.26 | Mem:0.00M, Peak:0.00M | CISCO_N9K_C9336C_FX2_V001, ViewLayer | Updating Images | Loading NWR_original_chassis_label_baked
Fra:1 Mem:168.45M (Peak 181.95M) | Time:00:00.26 | Mem:0.00M, Peak:0.00M | CISCO_N9K_C9336C_FX2_V001, ViewLayer | Updating Images | Loading chassis-satin-nickel-roughness
Fra:1 Mem:168.45M (Peak 181.95M) | Time:00:00.26 | Mem:0.00M, Peak:0.00M | CISCO_N9K_C9336C_FX2_V001, ViewLayer | Updating Images | Loading dark-grille-metal-roughness
Fra:1 Mem:155.47M (Peak 181.95M) | Time:00:00.28 | Mem:7.50M, Peak:7.50M | CISCO_N9K_C9336C_FX2_V001, ViewLayer | Waiting for render to start
Fra:1 Mem:155.47M (Peak 181.95M) | Time:00:00.28 | Mem:7.50M, Peak:7.50M | CISCO_N9K_C9336C_FX2_V001, ViewLayer | Loading render kernels (may take a few minutes the first time)
Fra:1 Mem:155.47M (Peak 181.95M) | Time:00:00.28 | Mem:7.50M, Peak:7.50M | CISCO_N9K_C9336C_FX2_V001, ViewLayer | Updating Scene
Fra:1 Mem:155.47M (Peak 181.95M) | Time:00:00.28 | Mem:7.50M, Peak:7.50M | CISCO_N9K_C9336C_FX2_V001, ViewLayer | Updating Shaders
Fra:1 Mem:155.56M (Peak 181.95M) | Time:00:00.28 | Mem:7.51M, Peak:7.51M | CISCO_N9K_C9336C_FX2_V001, ViewLayer | Updating Procedurals
Fra:1 Mem:155.56M (Peak 181.95M) | Time:00:00.28 | Mem:7.51M, Peak:7.51M | CISCO_N9K_C9336C_FX2_V001, ViewLayer | Updating Background
Fra:1 Mem:155.56M (Peak 181.95M) | Time:00:00.28 | Mem:7.51M, Peak:7.51M | CISCO_N9K_C9336C_FX2_V001, ViewLayer | Updating Camera
Fra:1 Mem:155.56M (Peak 181.95M) | Time:00:00.28 | Mem:7.51M, Peak:7.51M | CISCO_N9K_C9336C_FX2_V001, ViewLayer | Updating Meshes Flags
Fra:1 Mem:155.56M (Peak 181.95M) | Time:00:00.28 | Mem:7.51M, Peak:7.51M | CISCO_N9K_C9336C_FX2_V001, ViewLayer | Updating Objects
Fra:1 Mem:155.56M (Peak 181.95M) | Time:00:00.28 | Mem:7.51M, Peak:7.51M | CISCO_N9K_C9336C_FX2_V001, ViewLayer | Updating Objects | Copying Transformations to device
Fra:1 Mem:155.79M (Peak 181.95M) | Time:00:00.28 | Mem:7.73M, Peak:7.73M | CISCO_N9K_C9336C_FX2_V001, ViewLayer | Updating Objects | Applying Static Transformations
Fra:1 Mem:155.79M (Peak 181.95M) | Time:00:00.29 | Mem:7.73M, Peak:7.73M | CISCO_N9K_C9336C_FX2_V001, ViewLayer | Updating Particle Systems
Fra:1 Mem:155.79M (Peak 181.95M) | Time:00:00.29 | Mem:7.73M, Peak:7.73M | CISCO_N9K_C9336C_FX2_V001, ViewLayer | Updating Particle Systems | Copying Particles to device
Fra:1 Mem:155.79M (Peak 181.95M) | Time:00:00.29 | Mem:7.73M, Peak:7.73M | CISCO_N9K_C9336C_FX2_V001, ViewLayer | Updating Meshes
Fra:1 Mem:161.68M (Peak 181.95M) | Time:00:00.30 | Mem:7.73M, Peak:7.73M | CISCO_N9K_C9336C_FX2_V001, ViewLayer | Updating Mesh | Computing attributes
Fra:1 Mem:188.09M (Peak 188.09M) | Time:00:00.35 | Mem:7.77M, Peak:7.77M | CISCO_N9K_C9336C_FX2_V001, ViewLayer | Updating Mesh | Copying Attributes to device
Fra:1 Mem:187.97M (Peak 188.09M) | Time:00:00.35 | Mem:34.02M, Peak:34.02M | CISCO_N9K_C9336C_FX2_V001, ViewLayer | Updating Geometry BVH Lid_flush_Phillips_00 1/30 | Building BVH
Fra:1 Mem:187.97M (Peak 188.09M) | Time:00:00.35 | Mem:34.02M, Peak:34.02M | CISCO_N9K_C9336C_FX2_V001, ViewLayer | Updating Geometry BVH Pair01_stainless_shell_29mm_deep 2/30 | Building BVH
Fra:1 Mem:187.97M (Peak 188.09M) | Time:00:00.35 | Mem:34.02M, Peak:34.02M | CISCO_N9K_C9336C_FX2_V001, ViewLayer | Updating Geometry BVH Pair01_internal_cooling_shelf 4/30 | Building BVH
Fra:1 Mem:187.97M (Peak 188.09M) | Time:00:00.35 | Mem:34.04M, Peak:34.04M | CISCO_N9K_C9336C_FX2_V001, ViewLayer | Updating Geometry BVH Port02_subtle_recessed_contact_row 30/30 | Building BVH
Fra:1 Mem:187.97M (Peak 188.09M) | Time:00:00.35 | Mem:34.12M, Peak:34.12M | CISCO_N9K_C9336C_FX2_V001, ViewLayer | Updating Geometry BVH Port01_recessed_connector_stop 5/30 | Building BVH
Fra:1 Mem:187.97M (Peak 188.09M) | Time:00:00.35 | Mem:34.12M, Peak:34.12M | CISCO_N9K_C9336C_FX2_V001, ViewLayer | Updating Geometry BVH Port01_connector_contact_surround 6/30 | Building BVH
Fra:1 Mem:187.97M (Peak 188.09M) | Time:00:00.35 | Mem:34.13M, Peak:34.13M | CISCO_N9K_C9336C_FX2_V001, ViewLayer | Updating Geometry BVH Port01_guide_-1_-4.25 7/30 | Building BVH
Fra:1 Mem:187.97M (Peak 188.09M) | Time:00:00.35 | Mem:34.15M, Peak:34.15M | CISCO_N9K_C9336C_FX2_V001, ViewLayer | Updating Geometry BVH Port01_guide_-1_4.25 8/30 | Building BVH
Fra:1 Mem:187.97M (Peak 188.09M) | Time:00:00.35 | Mem:34.16M, Peak:34.16M | CISCO_N9K_C9336C_FX2_V001, ViewLayer | Updating Geometry BVH Port01_spring_-1_-2.8 9/30 | Building BVH
Fra:1 Mem:187.97M (Peak 188.09M) | Time:00:00.35 | Mem:34.20M, Peak:34.21M | CISCO_N9K_C9336C_FX2_V001, ViewLayer | Updating Geometry BVH Port01_spring_-1_0 10/30 | Building BVH
Fra:1 Mem:187.97M (Peak 188.09M) | Time:00:00.35 | Mem:34.20M, Peak:34.21M | CISCO_N9K_C9336C_FX2_V001, ViewLayer | Updating Geometry BVH Port01_guide_1_-4.25 12/30 | Building BVH
Fra:1 Mem:187.97M (Peak 188.09M) | Time:00:00.35 | Mem:34.21M, Peak:34.21M | CISCO_N9K_C9336C_FX2_V001, ViewLayer | Updating Geometry BVH Port01_guide_1_4.25 13/30 | Building BVH
Fra:1 Mem:187.97M (Peak 188.09M) | Time:00:00.35 | Mem:34.23M, Peak:34.23M | CISCO_N9K_C9336C_FX2_V001, ViewLayer | Updating Geometry BVH Port01_spring_1_0 15/30 | Building BVH
Fra:1 Mem:187.97M (Peak 188.09M) | Time:00:00.35 | Mem:34.25M, Peak:34.25M | CISCO_N9K_C9336C_FX2_V001, ViewLayer | Updating Geometry BVH Port01_spring_1_-2.8 14/30 | Building BVH
Fra:1 Mem:187.97M (Peak 188.09M) | Time:00:00.35 | Mem:34.27M, Peak:34.27M | CISCO_N9K_C9336C_FX2_V001, ViewLayer | Updating Geometry BVH Port01_spring_1_2.8 16/30 | Building BVH
Fra:1 Mem:187.97M (Peak 188.09M) | Time:00:00.35 | Mem:34.29M, Peak:34.29M | CISCO_N9K_C9336C_FX2_V001, ViewLayer | Updating Geometry BVH Port02_spring_1_0 28/30 | Building BVH
Fra:1 Mem:187.97M (Peak 188.09M) | Time:00:00.35 | Mem:34.29M, Peak:34.29M | CISCO_N9K_C9336C_FX2_V001, ViewLayer | Updating Geometry BVH Port02_recessed_connector_stop 18/30 | Building BVH
Fra:1 Mem:187.97M (Peak 188.09M) | Time:00:00.35 | Mem:34.33M, Peak:34.33M | CISCO_N9K_C9336C_FX2_V001, ViewLayer | Updating Geometry BVH Port02_connector_contact_surround 19/30 | Building BVH
Fra:1 Mem:187.97M (Peak 188.09M) | Time:00:00.35 | Mem:34.35M, Peak:34.35M | CISCO_N9K_C9336C_FX2_V001, ViewLayer | Updating Geometry BVH Port02_guide_-1_-4.25 20/30 | Building BVH
Fra:1 Mem:187.97M (Peak 188.09M) | Time:00:00.35 | Mem:34.37M, Peak:34.37M | CISCO_N9K_C9336C_FX2_V001, ViewLayer | Updating Geometry BVH Port02_guide_-1_4.25 21/30 | Building BVH
Fra:1 Mem:187.97M (Peak 188.09M) | Time:00:00.35 | Mem:34.40M, Peak:34.40M | CISCO_N9K_C9336C_FX2_V001, ViewLayer | Updating Geometry BVH Port02_spring_-1_-2.8 22/30 | Building BVH
Fra:1 Mem:187.97M (Peak 188.09M) | Time:00:00.35 | Mem:34.42M, Peak:34.42M | CISCO_N9K_C9336C_FX2_V001, ViewLayer | Updating Geometry BVH Port02_guide_1_4.25 26/30 | Building BVH
Fra:1 Mem:187.97M (Peak 188.09M) | Time:00:00.35 | Mem:34.46M, Peak:34.46M | CISCO_N9K_C9336C_FX2_V001, ViewLayer | Updating Geometry BVH Port02_spring_-1_0 23/30 | Building BVH
Fra:1 Mem:187.97M (Peak 188.09M) | Time:00:00.35 | Mem:34.46M, Peak:34.47M | CISCO_N9K_C9336C_FX2_V001, ViewLayer | Updating Geometry BVH Port02_spring_-1_2.8 24/30 | Building BVH
Fra:1 Mem:187.97M (Peak 188.09M) | Time:00:00.35 | Mem:34.47M, Peak:34.47M | CISCO_N9K_C9336C_FX2_V001, ViewLayer | Updating Geometry BVH Port02_guide_1_-4.25 25/30 | Building BVH
Fra:1 Mem:187.97M (Peak 188.09M) | Time:00:00.35 | Mem:34.49M, Peak:34.56M | CISCO_N9K_C9336C_FX2_V001, ViewLayer | Updating Scene BVH | Building
Fra:1 Mem:187.98M (Peak 188.09M) | Time:00:00.35 | Mem:34.49M, Peak:34.56M | CISCO_N9K_C9336C_FX2_V001, ViewLayer | Updating Scene BVH | Building BVH
Fra:1 Mem:187.98M (Peak 188.09M) | Time:00:00.42 | Mem:58.89M, Peak:70.50M | CISCO_N9K_C9336C_FX2_V001, ViewLayer | Updating Scene BVH | Copying BVH to device
Fra:1 Mem:187.98M (Peak 188.09M) | Time:00:00.42 | Mem:58.89M, Peak:70.50M | CISCO_N9K_C9336C_FX2_V001, ViewLayer | Updating Mesh | Computing normals
Fra:1 Mem:201.18M (Peak 201.18M) | Time:00:00.43 | Mem:58.89M, Peak:70.50M | CISCO_N9K_C9336C_FX2_V001, ViewLayer | Updating Mesh | Copying Mesh to device
Fra:1 Mem:201.18M (Peak 201.18M) | Time:00:00.43 | Mem:72.10M, Peak:72.10M | CISCO_N9K_C9336C_FX2_V001, ViewLayer | Updating Objects Flags
Fra:1 Mem:201.18M (Peak 201.18M) | Time:00:00.43 | Mem:72.11M, Peak:72.11M | CISCO_N9K_C9336C_FX2_V001, ViewLayer | Updating Primitive Offsets
Fra:1 Mem:201.19M (Peak 201.19M) | Time:00:00.43 | Mem:72.11M, Peak:72.11M | CISCO_N9K_C9336C_FX2_V001, ViewLayer | Updating Images
Fra:1 Mem:201.19M (Peak 201.19M) | Time:00:00.43 | Mem:72.11M, Peak:72.11M | CISCO_N9K_C9336C_FX2_V001, ViewLayer | Updating Camera Volume
Fra:1 Mem:201.19M (Peak 201.19M) | Time:00:00.43 | Mem:72.11M, Peak:72.11M | CISCO_N9K_C9336C_FX2_V001, ViewLayer | Updating Lookup Tables
Fra:1 Mem:201.19M (Peak 201.19M) | Time:00:00.43 | Mem:72.19M, Peak:72.19M | CISCO_N9K_C9336C_FX2_V001, ViewLayer | Updating Lights
Fra:1 Mem:201.19M (Peak 201.19M) | Time:00:00.43 | Mem:72.19M, Peak:72.19M | CISCO_N9K_C9336C_FX2_V001, ViewLayer | Updating Lights | Computing distribution
Fra:1 Mem:201.19M (Peak 201.19M) | Time:00:00.43 | Mem:72.19M, Peak:72.19M | CISCO_N9K_C9336C_FX2_V001, ViewLayer | Updating Lights | Computing tree
Fra:1 Mem:201.20M (Peak 201.20M) | Time:00:00.43 | Mem:72.20M, Peak:72.20M | CISCO_N9K_C9336C_FX2_V001, ViewLayer | Updating Integrator
Fra:1 Mem:202.20M (Peak 202.20M) | Time:00:00.43 | Mem:73.20M, Peak:73.20M | CISCO_N9K_C9336C_FX2_V001, ViewLayer | Updating Film
Fra:1 Mem:202.20M (Peak 202.20M) | Time:00:00.43 | Mem:73.12M, Peak:73.20M | CISCO_N9K_C9336C_FX2_V001, ViewLayer | Updating Lookup Tables
Fra:1 Mem:202.20M (Peak 202.20M) | Time:00:00.43 | Mem:73.20M, Peak:73.20M | CISCO_N9K_C9336C_FX2_V001, ViewLayer | Updating Baking
Fra:1 Mem:202.20M (Peak 202.20M) | Time:00:00.43 | Mem:73.20M, Peak:73.20M | CISCO_N9K_C9336C_FX2_V001, ViewLayer | Updating Device | Writing constant memory
Fra:1 Mem:202.22M (Peak 202.22M) | Time:00:00.43 | Mem:73.20M, Peak:73.20M | CISCO_N9K_C9336C_FX2_V001, ViewLayer | Sample 0/96
Fra:1 Mem:226.96M (Peak 226.96M) | Time:00:00.72 | Remaining:00:27.26 | Mem:97.93M, Peak:97.93M | CISCO_N9K_C9336C_FX2_V001, ViewLayer | Sample 1/96
Fra:1 Mem:226.96M (Peak 226.96M) | Time:00:10.38 | Remaining:00:04.97 | Mem:97.93M, Peak:97.93M | CISCO_N9K_C9336C_FX2_V001, ViewLayer | Sample 64/96
Fra:1 Mem:226.96M (Peak 226.96M) | Time:00:12.53 | Remaining:00:02.42 | Mem:97.93M, Peak:97.93M | CISCO_N9K_C9336C_FX2_V001, ViewLayer | Sample 80/96
Fra:1 Mem:237.95M (Peak 259.92M) | Time:00:14.28 | Mem:97.93M, Peak:97.93M | CISCO_N9K_C9336C_FX2_V001, ViewLayer | Sample 96/96
Fra:1 Mem:237.95M (Peak 259.92M) | Time:00:14.28 | Mem:97.93M, Peak:97.93M | CISCO_N9K_C9336C_FX2_V001, ViewLayer | Finished
Fra:1 Mem:115.83M (Peak 259.92M) | Time:00:14.29 | Compositing
Fra:1 Mem:115.83M (Peak 259.92M) | Time:00:14.29 | Compositing | Determining resolution
Fra:1 Mem:115.83M (Peak 259.92M) | Time:00:14.29 | Compositing | Initializing execution
Fra:1 Mem:126.88M (Peak 259.92M) | Time:00:14.29 | Compositing | Tile 1-20
Fra:1 Mem:126.88M (Peak 259.92M) | Time:00:14.29 | Compositing | Tile 2-20
Fra:1 Mem:126.88M (Peak 259.92M) | Time:00:14.29 | Compositing | Tile 3-20
Fra:1 Mem:126.88M (Peak 259.92M) | Time:00:14.29 | Compositing | Tile 4-20
Fra:1 Mem:126.88M (Peak 259.92M) | Time:00:14.30 | Compositing | Tile 5-20
Fra:1 Mem:126.88M (Peak 259.92M) | Time:00:14.30 | Compositing | Tile 6-20
Fra:1 Mem:126.88M (Peak 259.92M) | Time:00:14.30 | Compositing | Tile 8-20
Fra:1 Mem:126.88M (Peak 259.92M) | Time:00:14.30 | Compositing | Tile 9-20
Fra:1 Mem:126.88M (Peak 259.92M) | Time:00:14.30 | Compositing | Tile 10-20
Fra:1 Mem:126.88M (Peak 259.92M) | Time:00:14.30 | Compositing | Tile 11-20
Fra:1 Mem:126.88M (Peak 259.92M) | Time:00:14.30 | Compositing | Tile 12-20
Fra:1 Mem:126.88M (Peak 259.92M) | Time:00:14.30 | Compositing | Tile 13-20
Fra:1 Mem:126.88M (Peak 259.92M) | Time:00:14.30 | Compositing | Tile 14-20
Fra:1 Mem:126.88M (Peak 259.92M) | Time:00:14.30 | Compositing | Tile 15-20
Fra:1 Mem:126.88M (Peak 259.92M) | Time:00:14.30 | Compositing | Tile 16-20
Fra:1 Mem:126.88M (Peak 259.92M) | Time:00:14.30 | Compositing | Tile 17-20
Fra:1 Mem:126.88M (Peak 259.92M) | Time:00:14.30 | Compositing | Tile 7-20
Fra:1 Mem:126.88M (Peak 259.92M) | Time:00:14.30 | Compositing | Tile 18-20
Fra:1 Mem:126.88M (Peak 259.92M) | Time:00:14.30 | Compositing | Tile 19-20
Fra:1 Mem:126.88M (Peak 259.92M) | Time:00:14.30 | Compositing | Tile 20-20
Fra:1 Mem:126.82M (Peak 259.92M) | Time:00:14.30 | Compositing | De-initializing execution
Saved: '/root/Project/rack-device-3d/Cisco-N9KC9336C-FX2/v001/previews/left.png'
Time: 00:14.42 (Saving: 00:00.12)

VIEW_COMPLETE left
Fra:1 Mem:129.67M (Peak 129.67M) | Time:00:00.09 | Mem:0.00M, Peak:0.00M | CISCO_N9K_C9336C_FX2_V001, ViewLayer | Synchronizing object | INFERRED_Bottom_folded_sheet
Fra:1 Mem:129.67M (Peak 129.67M) | Time:00:00.09 | Mem:0.00M, Peak:0.00M | CISCO_N9K_C9336C_FX2_V001, ViewLayer | Synchronizing object | Lid_port_edge_fold
Fra:1 Mem:130.22M (Peak 130.22M) | Time:00:00.09 | Mem:0.00M, Peak:0.00M | CISCO_N9K_C9336C_FX2_V001, ViewLayer | Synchronizing object | Lid_staggered_punched_vent_2028_through_holes
Fra:1 Mem:130.22M (Peak 130.22M) | Time:00:00.09 | Mem:0.00M, Peak:0.00M | CISCO_N9K_C9336C_FX2_V001, ViewLayer | Synchronizing object | Lid_vent_side_border_-1
Fra:1 Mem:134.88M (Peak 134.88M) | Time:00:00.09 | Mem:0.00M, Peak:0.00M | CISCO_N9K_C9336C_FX2_V001, ViewLayer | Synchronizing object | Lid_vent_side_border_1
Fra:1 Mem:134.89M (Peak 134.89M) | Time:00:00.09 | Mem:0.00M, Peak:0.00M | CISCO_N9K_C9336C_FX2_V001, ViewLayer | Synchronizing object | Interior_under_port_vent_baffle
Fra:1 Mem:134.89M (Peak 134.89M) | Time:00:00.09 | Mem:0.00M, Peak:0.00M | CISCO_N9K_C9336C_FX2_V001, ViewLayer | Synchronizing object | Rear_horizontal_rim_1.25
Fra:1 Mem:134.89M (Peak 134.89M) | Time:00:00.09 | Mem:0.00M, Peak:0.00M | CISCO_N9K_C9336C_FX2_V001, ViewLayer | Synchronizing object | Rear_horizontal_rim_42.438
Fra:1 Mem:134.89M (Peak 134.89M) | Time:00:00.09 | Mem:0.00M, Peak:0.00M | CISCO_N9K_C9336C_FX2_V001, ViewLayer | Synchronizing object | Rear_side_rim_-218.46
Fra:1 Mem:134.91M (Peak 134.91M) | Time:00:00.09 | Mem:0.00M, Peak:0.00M | CISCO_N9K_C9336C_FX2_V001, ViewLayer | Synchronizing object | Rear_side_rim_218.46
Fra:1 Mem:136.36M (Peak 136.36M) | Time:00:00.09 | Mem:0.00M, Peak:0.00M | CISCO_N9K_C9336C_FX2_V001, ViewLayer | Synchronizing object | Rear_module_divider_160
Fra:1 Mem:136.38M (Peak 136.38M) | Time:00:00.09 | Mem:0.00M, Peak:0.00M | CISCO_N9K_C9336C_FX2_V001, ViewLayer | Synchronizing object | Rear_module_divider_70
Fra:1 Mem:136.39M (Peak 136.39M) | Time:00:00.09 | Mem:0.00M, Peak:0.00M | CISCO_N9K_C9336C_FX2_V001, ViewLayer | Synchronizing object | Rear_module_divider_-20
Fra:1 Mem:136.41M (Peak 136.41M) | Time:00:00.09 | Mem:0.00M, Peak:0.00M | CISCO_N9K_C9336C_FX2_V001, ViewLayer | Synchronizing object | Rear_module_divider_-110
Fra:1 Mem:136.42M (Peak 136.42M) | Time:00:00.09 | Mem:0.00M, Peak:0.00M | CISCO_N9K_C9336C_FX2_V001, ViewLayer | Synchronizing object | Rear_module_divider_-160
Fra:1 Mem:136.44M (Peak 136.44M) | Time:00:00.09 | Mem:0.00M, Peak:0.00M | CISCO_N9K_C9336C_FX2_V001, ViewLayer | Synchronizing object | Lid_flush_Phillips_00
Fra:1 Mem:136.46M (Peak 136.46M) | Time:00:00.09 | Mem:0.00M, Peak:0.00M | CISCO_N9K_C9336C_FX2_V001, ViewLayer | Synchronizing object | Port_face_solid_punched_panel
Fra:1 Mem:138.19M (Peak 138.19M) | Time:00:00.09 | Mem:0.00M, Peak:0.00M | CISCO_N9K_C9336C_FX2_V001, ViewLayer | Synchronizing object | LEFT_EAR_bent_opaque_solid_with_true_bores
Fra:1 Mem:140.95M (Peak 140.95M) | Time:00:00.09 | Mem:0.00M, Peak:0.00M | CISCO_N9K_C9336C_FX2_V001, ViewLayer | Synchronizing object | LEFT_ear_M4_-284_10.8
Fra:1 Mem:141.12M (Peak 141.12M) | Time:00:00.09 | Mem:0.00M, Peak:0.00M | CISCO_N9K_C9336C_FX2_V001, ViewLayer | Synchronizing object | LEFT_ear_M4_-284_32.8
Fra:1 Mem:141.11M (Peak 141.12M) | Time:00:00.09 | Mem:0.00M, Peak:0.00M | CISCO_N9K_C9336C_FX2_V001, ViewLayer | Synchronizing object | LEFT_ear_M4_-256_10.8
Fra:1 Mem:141.15M (Peak 141.15M) | Time:00:00.09 | Mem:0.00M, Peak:0.00M | CISCO_N9K_C9336C_FX2_V001, ViewLayer | Synchronizing object | LEFT_ear_M4_-256_32.8
Fra:1 Mem:141.14M (Peak 141.15M) | Time:00:00.09 | Mem:0.00M, Peak:0.00M | CISCO_N9K_C9336C_FX2_V001, ViewLayer | Synchronizing object | RIGHT_EAR_bent_opaque_solid_with_true_bores
Fra:1 Mem:141.38M (Peak 141.38M) | Time:00:00.09 | Mem:0.00M, Peak:0.00M | CISCO_N9K_C9336C_FX2_V001, ViewLayer | Synchronizing object | RIGHT_ear_M4_-284_10.8
Fra:1 Mem:141.78M (Peak 141.78M) | Time:00:00.09 | Mem:0.00M, Peak:0.00M | CISCO_N9K_C9336C_FX2_V001, ViewLayer | Synchronizing object | RIGHT_ear_M4_-284_32.8
Fra:1 Mem:142.05M (Peak 142.05M) | Time:00:00.09 | Mem:0.00M, Peak:0.00M | CISCO_N9K_C9336C_FX2_V001, ViewLayer | Synchronizing object | RIGHT_ear_M4_-256_10.8
Fra:1 Mem:142.07M (Peak 142.07M) | Time:00:00.09 | Mem:0.00M, Peak:0.00M | CISCO_N9K_C9336C_FX2_V001, ViewLayer | Synchronizing object | RIGHT_ear_M4_-256_32.8
Fra:1 Mem:143.76M (Peak 143.76M) | Time:00:00.09 | Mem:0.00M, Peak:0.00M | CISCO_N9K_C9336C_FX2_V001, ViewLayer | Synchronizing object | Pair01_stainless_shell_29mm_deep
Fra:1 Mem:143.78M (Peak 143.78M) | Time:00:00.09 | Mem:0.00M, Peak:0.00M | CISCO_N9K_C9336C_FX2_V001, ViewLayer | Synchronizing object | Pair01_front_separator_true_perforations
Fra:1 Mem:143.78M (Peak 143.78M) | Time:00:00.09 | Mem:0.00M, Peak:0.00M | CISCO_N9K_C9336C_FX2_V001, ViewLayer | Synchronizing object | Pair01_internal_cooling_shelf
Fra:1 Mem:143.93M (Peak 143.93M) | Time:00:00.09 | Mem:0.00M, Peak:0.00M | CISCO_N9K_C9336C_FX2_V001, ViewLayer | Synchronizing object | Port01_recessed_connector_stop
Fra:1 Mem:144.10M (Peak 144.10M) | Time:00:00.09 | Mem:0.00M, Peak:0.00M | CISCO_N9K_C9336C_FX2_V001, ViewLayer | Synchronizing object | Port01_connector_contact_surround
Fra:1 Mem:144.11M (Peak 144.11M) | Time:00:00.09 | Mem:0.00M, Peak:0.00M | CISCO_N9K_C9336C_FX2_V001, ViewLayer | Synchronizing object | Port01_guide_-1_-4.25
Fra:1 Mem:144.15M (Peak 144.15M) | Time:00:00.09 | Mem:0.00M, Peak:0.00M | CISCO_N9K_C9336C_FX2_V001, ViewLayer | Synchronizing object | Port01_guide_-1_4.25
Fra:1 Mem:144.17M (Peak 144.17M) | Time:00:00.09 | Mem:0.00M, Peak:0.00M | CISCO_N9K_C9336C_FX2_V001, ViewLayer | Synchronizing object | Port01_spring_-1_-2.8
Fra:1 Mem:144.25M (Peak 144.25M) | Time:00:00.09 | Mem:0.00M, Peak:0.00M | CISCO_N9K_C9336C_FX2_V001, ViewLayer | Synchronizing object | Port01_spring_-1_0
Fra:1 Mem:144.27M (Peak 144.27M) | Time:00:00.09 | Mem:0.00M, Peak:0.00M | CISCO_N9K_C9336C_FX2_V001, ViewLayer | Synchronizing object | Port01_spring_-1_2.8
Fra:1 Mem:144.28M (Peak 144.28M) | Time:00:00.09 | Mem:0.00M, Peak:0.00M | CISCO_N9K_C9336C_FX2_V001, ViewLayer | Synchronizing object | Port01_guide_1_-4.25
Fra:1 Mem:144.30M (Peak 144.30M) | Time:00:00.09 | Mem:0.00M, Peak:0.00M | CISCO_N9K_C9336C_FX2_V001, ViewLayer | Synchronizing object | Port01_guide_1_4.25
Fra:1 Mem:144.31M (Peak 144.31M) | Time:00:00.09 | Mem:0.00M, Peak:0.00M | CISCO_N9K_C9336C_FX2_V001, ViewLayer | Synchronizing object | Port01_spring_1_-2.8
Fra:1 Mem:144.33M (Peak 144.33M) | Time:00:00.09 | Mem:0.00M, Peak:0.00M | CISCO_N9K_C9336C_FX2_V001, ViewLayer | Synchronizing object | Port01_spring_1_0
Fra:1 Mem:144.34M (Peak 144.34M) | Time:00:00.09 | Mem:0.00M, Peak:0.00M | CISCO_N9K_C9336C_FX2_V001, ViewLayer | Synchronizing object | Port01_spring_1_2.8
Fra:1 Mem:144.36M (Peak 144.36M) | Time:00:00.09 | Mem:0.00M, Peak:0.00M | CISCO_N9K_C9336C_FX2_V001, ViewLayer | Synchronizing object | Port01_subtle_recessed_contact_row
Fra:1 Mem:144.37M (Peak 144.37M) | Time:00:00.09 | Mem:0.00M, Peak:0.00M | CISCO_N9K_C9336C_FX2_V001, ViewLayer | Synchronizing object | Port02_recessed_connector_stop
Fra:1 Mem:144.37M (Peak 144.37M) | Time:00:00.09 | Mem:0.00M, Peak:0.00M | CISCO_N9K_C9336C_FX2_V001, ViewLayer | Synchronizing object | Port02_connector_contact_surround
Fra:1 Mem:144.38M (Peak 144.38M) | Time:00:00.09 | Mem:0.00M, Peak:0.00M | CISCO_N9K_C9336C_FX2_V001, ViewLayer | Synchronizing object | Port02_guide_-1_-4.25
Fra:1 Mem:144.39M (Peak 144.39M) | Time:00:00.09 | Mem:0.00M, Peak:0.00M | CISCO_N9K_C9336C_FX2_V001, ViewLayer | Synchronizing object | Port02_guide_-1_4.25
Fra:1 Mem:147.74M (Peak 147.74M) | Time:00:00.09 | Mem:0.00M, Peak:0.00M | CISCO_N9K_C9336C_FX2_V001, ViewLayer | Synchronizing object | Port02_spring_-1_-2.8
Fra:1 Mem:147.75M (Peak 147.75M) | Time:00:00.10 | Mem:0.00M, Peak:0.00M | CISCO_N9K_C9336C_FX2_V001, ViewLayer | Synchronizing object | Port02_spring_-1_0
Fra:1 Mem:147.88M (Peak 147.88M) | Time:00:00.10 | Mem:0.00M, Peak:0.00M | CISCO_N9K_C9336C_FX2_V001, ViewLayer | Synchronizing object | Port02_spring_-1_2.8
Fra:1 Mem:147.78M (Peak 147.88M) | Time:00:00.10 | Mem:0.00M, Peak:0.00M | CISCO_N9K_C9336C_FX2_V001, ViewLayer | Synchronizing object | Port02_guide_1_-4.25
Fra:1 Mem:147.80M (Peak 147.88M) | Time:00:00.10 | Mem:0.00M, Peak:0.00M | CISCO_N9K_C9336C_FX2_V001, ViewLayer | Synchronizing object | Port02_guide_1_4.25
Fra:1 Mem:147.81M (Peak 147.88M) | Time:00:00.10 | Mem:0.00M, Peak:0.00M | CISCO_N9K_C9336C_FX2_V001, ViewLayer | Synchronizing object | Port02_spring_1_-2.8
Fra:1 Mem:147.83M (Peak 147.88M) | Time:00:00.10 | Mem:0.00M, Peak:0.00M | CISCO_N9K_C9336C_FX2_V001, ViewLayer | Synchronizing object | Port02_spring_1_0
Fra:1 Mem:147.84M (Peak 147.88M) | Time:00:00.10 | Mem:0.00M, Peak:0.00M | CISCO_N9K_C9336C_FX2_V001, ViewLayer | Synchronizing object | Port02_spring_1_2.8
Fra:1 Mem:147.85M (Peak 147.88M) | Time:00:00.10 | Mem:0.00M, Peak:0.00M | CISCO_N9K_C9336C_FX2_V001, ViewLayer | Synchronizing object | Port02_subtle_recessed_contact_row
Fra:1 Mem:147.87M (Peak 147.88M) | Time:00:00.10 | Mem:0.00M, Peak:0.00M | CISCO_N9K_C9336C_FX2_V001, ViewLayer | Synchronizing object | Fan1_rotor_housing_-1
Fra:1 Mem:147.87M (Peak 147.88M) | Time:00:00.10 | Mem:0.00M, Peak:0.00M | CISCO_N9K_C9336C_FX2_V001, ViewLayer | Synchronizing object | Fan1_blade_-1_0
Fra:1 Mem:147.87M (Peak 147.88M) | Time:00:00.10 | Mem:0.00M, Peak:0.00M | CISCO_N9K_C9336C_FX2_V001, ViewLayer | Synchronizing object | Fan1_blade_-1_1
Fra:1 Mem:147.87M (Peak 147.88M) | Time:00:00.10 | Mem:0.00M, Peak:0.00M | CISCO_N9K_C9336C_FX2_V001, ViewLayer | Synchronizing object | Fan1_blade_-1_2
Fra:1 Mem:147.88M (Peak 147.88M) | Time:00:00.10 | Mem:0.00M, Peak:0.00M | CISCO_N9K_C9336C_FX2_V001, ViewLayer | Synchronizing object | Fan1_blade_-1_3
Fra:1 Mem:147.88M (Peak 147.88M) | Time:00:00.10 | Mem:0.00M, Peak:0.00M | CISCO_N9K_C9336C_FX2_V001, ViewLayer | Synchronizing object | Fan1_blade_-1_4
Fra:1 Mem:147.88M (Peak 147.88M) | Time:00:00.10 | Mem:0.00M, Peak:0.00M | CISCO_N9K_C9336C_FX2_V001, ViewLayer | Synchronizing object | Fan1_blade_-1_5
Fra:1 Mem:147.88M (Peak 147.88M) | Time:00:00.10 | Mem:0.00M, Peak:0.00M | CISCO_N9K_C9336C_FX2_V001, ViewLayer | Synchronizing object | Fan1_blade_-1_6
Fra:1 Mem:147.88M (Peak 147.88M) | Time:00:00.10 | Mem:0.00M, Peak:0.00M | CISCO_N9K_C9336C_FX2_V001, ViewLayer | Synchronizing object | Fan1_top_retention_rail_-1
Fra:1 Mem:147.89M (Peak 147.89M) | Time:00:00.10 | Mem:0.00M, Peak:0.00M | CISCO_N9K_C9336C_FX2_V001, ViewLayer | Synchronizing object | Fan1_rear_power_contact_block_-1
Fra:1 Mem:147.90M (Peak 147.90M) | Time:00:00.10 | Mem:0.00M, Peak:0.00M | CISCO_N9K_C9336C_FX2_V001, ViewLayer | Synchronizing object | Fan1_rotor_housing_1
Fra:1 Mem:147.90M (Peak 147.90M) | Time:00:00.10 | Mem:0.00M, Peak:0.00M | CISCO_N9K_C9336C_FX2_V001, ViewLayer | Synchronizing object | Fan1_hub_1
Fra:1 Mem:147.91M (Peak 147.91M) | Time:00:00.10 | Mem:0.00M, Peak:0.00M | CISCO_N9K_C9336C_FX2_V001, ViewLayer | Synchronizing object | Fan1_blade_1_0
Fra:1 Mem:147.91M (Peak 147.91M) | Time:00:00.10 | Mem:0.00M, Peak:0.00M | CISCO_N9K_C9336C_FX2_V001, ViewLayer | Synchronizing object | Fan1_blade_1_1
Fra:1 Mem:147.91M (Peak 147.91M) | Time:00:00.10 | Mem:0.00M, Peak:0.00M | CISCO_N9K_C9336C_FX2_V001, ViewLayer | Synchronizing object | Fan1_blade_1_2
Fra:1 Mem:147.91M (Peak 147.91M) | Time:00:00.10 | Mem:0.00M, Peak:0.00M | CISCO_N9K_C9336C_FX2_V001, ViewLayer | Synchronizing object | Fan1_blade_1_3
Fra:1 Mem:147.91M (Peak 147.91M) | Time:00:00.10 | Mem:0.00M, Peak:0.00M | CISCO_N9K_C9336C_FX2_V001, ViewLayer | Synchronizing object | Fan1_blade_1_4
Fra:1 Mem:147.91M (Peak 147.91M) | Time:00:00.10 | Mem:0.00M, Peak:0.00M | CISCO_N9K_C9336C_FX2_V001, ViewLayer | Synchronizing object | Fan1_blade_1_5
Fra:1 Mem:147.92M (Peak 147.92M) | Time:00:00.10 | Mem:0.00M, Peak:0.00M | CISCO_N9K_C9336C_FX2_V001, ViewLayer | Synchronizing object | Fan1_blade_1_6
Fra:1 Mem:147.92M (Peak 147.92M) | Time:00:00.10 | Mem:0.00M, Peak:0.00M | CISCO_N9K_C9336C_FX2_V001, ViewLayer | Synchronizing object | Fan1_top_retention_rail_1
Fra:1 Mem:147.93M (Peak 147.93M) | Time:00:00.10 | Mem:0.00M, Peak:0.00M | CISCO_N9K_C9336C_FX2_V001, ViewLayer | Synchronizing object | Fan1_rear_power_contact_block_1
Fra:1 Mem:147.94M (Peak 147.94M) | Time:00:00.10 | Mem:0.00M, Peak:0.00M | CISCO_N9K_C9336C_FX2_V001, ViewLayer | Synchronizing object | Fan1_front_frame
Fra:1 Mem:147.94M (Peak 147.94M) | Time:00:00.10 | Mem:0.00M, Peak:0.00M | CISCO_N9K_C9336C_FX2_V001, ViewLayer | Synchronizing object | Fan1_true_honeycomb_front_grille
Fra:1 Mem:148.76M (Peak 148.76M) | Time:00:00.10 | Mem:0.00M, Peak:0.00M | CISCO_N9K_C9336C_FX2_V001, ViewLayer | Synchronizing object | Original_photo_top_chassis_label
Fra:1 Mem:148.76M (Peak 148.76M) | Time:00:00.10 | Mem:0.00M, Peak:0.00M | CISCO_N9K_C9336C_FX2_V001, ViewLayer | Synchronizing object | Port_pair_18_direction_1
Fra:1 Mem:148.76M (Peak 148.76M) | Time:00:00.10 | Mem:0.00M, Peak:0.00M | CISCO_N9K_C9336C_FX2_V001, ViewLayer | Synchronizing object | Port_pair_18_direction_-1
Fra:1 Mem:148.76M (Peak 148.76M) | Time:00:00.10 | Mem:0.00M, Peak:0.00M | CISCO_N9K_C9336C_FX2_V001, ViewLayer | Synchronizing object | PORT_NUMBER_36
Fra:1 Mem:148.77M (Peak 148.77M) | Time:00:00.10 | Mem:0.00M, Peak:0.00M | CISCO_N9K_C9336C_FX2_V001, ViewLayer | Synchronizing object | PORT_NUMBER_35
Fra:1 Mem:148.78M (Peak 148.78M) | Time:00:00.10 | Mem:0.00M, Peak:0.00M | CISCO_N9K_C9336C_FX2_V001, ViewLayer | Synchronizing object | Port_pair_17_direction_1
Fra:1 Mem:148.78M (Peak 148.78M) | Time:00:00.10 | Mem:0.00M, Peak:0.00M | CISCO_N9K_C9336C_FX2_V001, ViewLayer | Synchronizing object | Port_pair_17_direction_-1
Fra:1 Mem:148.78M (Peak 148.78M) | Time:00:00.10 | Mem:0.00M, Peak:0.00M | CISCO_N9K_C9336C_FX2_V001, ViewLayer | Synchronizing object | PORT_NUMBER_34
Fra:1 Mem:148.79M (Peak 148.79M) | Time:00:00.10 | Mem:0.00M, Peak:0.00M | CISCO_N9K_C9336C_FX2_V001, ViewLayer | Synchronizing object | PORT_NUMBER_33
Fra:1 Mem:148.80M (Peak 148.80M) | Time:00:00.10 | Mem:0.00M, Peak:0.00M | CISCO_N9K_C9336C_FX2_V001, ViewLayer | Synchronizing object | Port_pair_16_direction_1
Fra:1 Mem:148.80M (Peak 148.80M) | Time:00:00.10 | Mem:0.00M, Peak:0.00M | CISCO_N9K_C9336C_FX2_V001, ViewLayer | Synchronizing object | Port_pair_16_direction_-1
Fra:1 Mem:148.80M (Peak 148.80M) | Time:00:00.10 | Mem:0.00M, Peak:0.00M | CISCO_N9K_C9336C_FX2_V001, ViewLayer | Synchronizing object | PORT_NUMBER_32
Fra:1 Mem:148.80M (Peak 148.80M) | Time:00:00.10 | Mem:0.00M, Peak:0.00M | CISCO_N9K_C9336C_FX2_V001, ViewLayer | Synchronizing object | PORT_NUMBER_31
Fra:1 Mem:148.81M (Peak 148.81M) | Time:00:00.10 | Mem:0.00M, Peak:0.00M | CISCO_N9K_C9336C_FX2_V001, ViewLayer | Synchronizing object | Port_pair_15_direction_1
Fra:1 Mem:148.81M (Peak 148.81M) | Time:00:00.10 | Mem:0.00M, Peak:0.00M | CISCO_N9K_C9336C_FX2_V001, ViewLayer | Synchronizing object | Port_pair_15_direction_-1
Fra:1 Mem:148.81M (Peak 148.81M) | Time:00:00.10 | Mem:0.00M, Peak:0.00M | CISCO_N9K_C9336C_FX2_V001, ViewLayer | Synchronizing object | PORT_NUMBER_30
Fra:1 Mem:148.82M (Peak 148.82M) | Time:00:00.10 | Mem:0.00M, Peak:0.00M | CISCO_N9K_C9336C_FX2_V001, ViewLayer | Synchronizing object | PORT_NUMBER_29
Fra:1 Mem:148.83M (Peak 148.83M) | Time:00:00.10 | Mem:0.00M, Peak:0.00M | CISCO_N9K_C9336C_FX2_V001, ViewLayer | Synchronizing object | Port_pair_14_direction_1
Fra:1 Mem:148.83M (Peak 148.83M) | Time:00:00.10 | Mem:0.00M, Peak:0.00M | CISCO_N9K_C9336C_FX2_V001, ViewLayer | Synchronizing object | Port_pair_14_direction_-1
Fra:1 Mem:148.83M (Peak 148.83M) | Time:00:00.10 | Mem:0.00M, Peak:0.00M | CISCO_N9K_C9336C_FX2_V001, ViewLayer | Synchronizing object | PORT_NUMBER_28
Fra:1 Mem:148.84M (Peak 148.84M) | Time:00:00.10 | Mem:0.00M, Peak:0.00M | CISCO_N9K_C9336C_FX2_V001, ViewLayer | Synchronizing object | PORT_NUMBER_27
Fra:1 Mem:148.84M (Peak 148.84M) | Time:00:00.10 | Mem:0.00M, Peak:0.00M | CISCO_N9K_C9336C_FX2_V001, ViewLayer | Synchronizing object | Port_pair_13_direction_1
Fra:1 Mem:148.84M (Peak 148.84M) | Time:00:00.10 | Mem:0.00M, Peak:0.00M | CISCO_N9K_C9336C_FX2_V001, ViewLayer | Synchronizing object | Port_pair_13_direction_-1
Fra:1 Mem:148.84M (Peak 148.84M) | Time:00:00.10 | Mem:0.00M, Peak:0.00M | CISCO_N9K_C9336C_FX2_V001, ViewLayer | Synchronizing object | PORT_NUMBER_26
Fra:1 Mem:148.85M (Peak 148.85M) | Time:00:00.10 | Mem:0.00M, Peak:0.00M | CISCO_N9K_C9336C_FX2_V001, ViewLayer | Synchronizing object | PORT_NUMBER_25
Fra:1 Mem:148.86M (Peak 148.86M) | Time:00:00.10 | Mem:0.00M, Peak:0.00M | CISCO_N9K_C9336C_FX2_V001, ViewLayer | Synchronizing object | Port_pair_12_direction_1
Fra:1 Mem:148.86M (Peak 148.86M) | Time:00:00.10 | Mem:0.00M, Peak:0.00M | CISCO_N9K_C9336C_FX2_V001, ViewLayer | Synchronizing object | Port_pair_12_direction_-1
Fra:1 Mem:148.86M (Peak 148.86M) | Time:00:00.10 | Mem:0.00M, Peak:0.00M | CISCO_N9K_C9336C_FX2_V001, ViewLayer | Synchronizing object | PORT_NUMBER_24
Fra:1 Mem:148.86M (Peak 148.86M) | Time:00:00.10 | Mem:0.00M, Peak:0.00M | CISCO_N9K_C9336C_FX2_V001, ViewLayer | Synchronizing object | PORT_NUMBER_23
Fra:1 Mem:149.47M (Peak 149.47M) | Time:00:00.10 | Mem:0.00M, Peak:0.00M | CISCO_N9K_C9336C_FX2_V001, ViewLayer | Synchronizing object | Port_pair_11_direction_1
Fra:1 Mem:149.47M (Peak 149.47M) | Time:00:00.10 | Mem:0.00M, Peak:0.00M | CISCO_N9K_C9336C_FX2_V001, ViewLayer | Synchronizing object | Port_pair_11_direction_-1
Fra:1 Mem:149.47M (Peak 149.47M) | Time:00:00.10 | Mem:0.00M, Peak:0.00M | CISCO_N9K_C9336C_FX2_V001, ViewLayer | Synchronizing object | PORT_NUMBER_22
Fra:1 Mem:149.48M (Peak 149.48M) | Time:00:00.10 | Mem:0.00M, Peak:0.00M | CISCO_N9K_C9336C_FX2_V001, ViewLayer | Synchronizing object | PORT_NUMBER_21
Fra:1 Mem:149.49M (Peak 149.49M) | Time:00:00.10 | Mem:0.00M, Peak:0.00M | CISCO_N9K_C9336C_FX2_V001, ViewLayer | Synchronizing object | Port_pair_10_direction_1
Fra:1 Mem:149.49M (Peak 149.49M) | Time:00:00.10 | Mem:0.00M, Peak:0.00M | CISCO_N9K_C9336C_FX2_V001, ViewLayer | Synchronizing object | Port_pair_10_direction_-1
Fra:1 Mem:149.49M (Peak 149.49M) | Time:00:00.10 | Mem:0.00M, Peak:0.00M | CISCO_N9K_C9336C_FX2_V001, ViewLayer | Synchronizing object | PORT_NUMBER_20
Fra:1 Mem:149.49M (Peak 149.49M) | Time:00:00.10 | Mem:0.00M, Peak:0.00M | CISCO_N9K_C9336C_FX2_V001, ViewLayer | Synchronizing object | PORT_NUMBER_19
Fra:1 Mem:149.50M (Peak 149.50M) | Time:00:00.10 | Mem:0.00M, Peak:0.00M | CISCO_N9K_C9336C_FX2_V001, ViewLayer | Synchronizing object | Port_pair_9_direction_1
Fra:1 Mem:149.50M (Peak 149.50M) | Time:00:00.10 | Mem:0.00M, Peak:0.00M | CISCO_N9K_C9336C_FX2_V001, ViewLayer | Synchronizing object | Port_pair_9_direction_-1
Fra:1 Mem:149.54M (Peak 149.54M) | Time:00:00.10 | Mem:0.00M, Peak:0.00M | CISCO_N9K_C9336C_FX2_V001, ViewLayer | Synchronizing object | PORT_NUMBER_18
Fra:1 Mem:149.55M (Peak 149.55M) | Time:00:00.10 | Mem:0.00M, Peak:0.00M | CISCO_N9K_C9336C_FX2_V001, ViewLayer | Synchronizing object | PORT_NUMBER_17
Fra:1 Mem:149.55M (Peak 149.55M) | Time:00:00.10 | Mem:0.00M, Peak:0.00M | CISCO_N9K_C9336C_FX2_V001, ViewLayer | Synchronizing object | Port_pair_8_direction_1
Fra:1 Mem:149.64M (Peak 149.64M) | Time:00:00.10 | Mem:0.00M, Peak:0.00M | CISCO_N9K_C9336C_FX2_V001, ViewLayer | Synchronizing object | Port_pair_8_direction_-1
Fra:1 Mem:149.64M (Peak 149.64M) | Time:00:00.10 | Mem:0.00M, Peak:0.00M | CISCO_N9K_C9336C_FX2_V001, ViewLayer | Synchronizing object | PORT_NUMBER_16
Fra:1 Mem:149.64M (Peak 149.64M) | Time:00:00.10 | Mem:0.00M, Peak:0.00M | CISCO_N9K_C9336C_FX2_V001, ViewLayer | Synchronizing object | PORT_NUMBER_15
Fra:1 Mem:149.64M (Peak 149.64M) | Time:00:00.10 | Mem:0.00M, Peak:0.00M | CISCO_N9K_C9336C_FX2_V001, ViewLayer | Synchronizing object | Port_pair_7_direction_1
Fra:1 Mem:149.64M (Peak 149.64M) | Time:00:00.10 | Mem:0.00M, Peak:0.00M | CISCO_N9K_C9336C_FX2_V001, ViewLayer | Synchronizing object | Port_pair_7_direction_-1
Fra:1 Mem:150.61M (Peak 150.61M) | Time:00:00.10 | Mem:0.00M, Peak:0.00M | CISCO_N9K_C9336C_FX2_V001, ViewLayer | Synchronizing object | PORT_NUMBER_14
Fra:1 Mem:150.61M (Peak 150.61M) | Time:00:00.10 | Mem:0.00M, Peak:0.00M | CISCO_N9K_C9336C_FX2_V001, ViewLayer | Synchronizing object | PORT_NUMBER_13
Fra:1 Mem:150.61M (Peak 150.61M) | Time:00:00.10 | Mem:0.00M, Peak:0.00M | CISCO_N9K_C9336C_FX2_V001, ViewLayer | Synchronizing object | Port_pair_6_direction_1
Fra:1 Mem:150.61M (Peak 150.61M) | Time:00:00.10 | Mem:0.00M, Peak:0.00M | CISCO_N9K_C9336C_FX2_V001, ViewLayer | Synchronizing object | Port_pair_6_direction_-1
Fra:1 Mem:150.61M (Peak 150.61M) | Time:00:00.10 | Mem:0.00M, Peak:0.00M | CISCO_N9K_C9336C_FX2_V001, ViewLayer | Synchronizing object | PORT_NUMBER_12
Fra:1 Mem:150.62M (Peak 150.62M) | Time:00:00.10 | Mem:0.00M, Peak:0.00M | CISCO_N9K_C9336C_FX2_V001, ViewLayer | Synchronizing object | PORT_NUMBER_11
Fra:1 Mem:150.62M (Peak 150.62M) | Time:00:00.10 | Mem:0.00M, Peak:0.00M | CISCO_N9K_C9336C_FX2_V001, ViewLayer | Synchronizing object | Port_pair_5_direction_1
Fra:1 Mem:150.62M (Peak 150.62M) | Time:00:00.10 | Mem:0.00M, Peak:0.00M | CISCO_N9K_C9336C_FX2_V001, ViewLayer | Synchronizing object | Port_pair_5_direction_-1
Fra:1 Mem:150.62M (Peak 150.62M) | Time:00:00.10 | Mem:0.00M, Peak:0.00M | CISCO_N9K_C9336C_FX2_V001, ViewLayer | Synchronizing object | PORT_NUMBER_10
Fra:1 Mem:150.43M (Peak 150.62M) | Time:00:00.10 | Mem:0.00M, Peak:0.00M | CISCO_N9K_C9336C_FX2_V001, ViewLayer | Synchronizing object | PORT_NUMBER_09
Fra:1 Mem:150.44M (Peak 150.62M) | Time:00:00.10 | Mem:0.00M, Peak:0.00M | CISCO_N9K_C9336C_FX2_V001, ViewLayer | Synchronizing object | Port_pair_4_direction_1
Fra:1 Mem:150.44M (Peak 150.62M) | Time:00:00.10 | Mem:0.00M, Peak:0.00M | CISCO_N9K_C9336C_FX2_V001, ViewLayer | Synchronizing object | Port_pair_4_direction_-1
Fra:1 Mem:150.37M (Peak 150.62M) | Time:00:00.10 | Mem:0.00M, Peak:0.00M | CISCO_N9K_C9336C_FX2_V001, ViewLayer | Synchronizing object | PORT_NUMBER_08
Fra:1 Mem:150.38M (Peak 150.62M) | Time:00:00.10 | Mem:0.00M, Peak:0.00M | CISCO_N9K_C9336C_FX2_V001, ViewLayer | Synchronizing object | Fan1_molded_trapezoid_pull_handle
Fra:1 Mem:150.40M (Peak 150.62M) | Time:00:00.10 | Mem:0.00M, Peak:0.00M | CISCO_N9K_C9336C_FX2_V001, ViewLayer | Synchronizing object | PORT_NUMBER_07
Fra:1 Mem:150.41M (Peak 150.62M) | Time:00:00.10 | Mem:0.00M, Peak:0.00M | CISCO_N9K_C9336C_FX2_V001, ViewLayer | Synchronizing object | Port_pair_3_direction_1
Fra:1 Mem:150.41M (Peak 150.62M) | Time:00:00.10 | Mem:0.00M, Peak:0.00M | CISCO_N9K_C9336C_FX2_V001, ViewLayer | Synchronizing object | Fan1_BLUE_release_latch_-1
Fra:1 Mem:150.41M (Peak 150.62M) | Time:00:00.10 | Mem:0.00M, Peak:0.00M | CISCO_N9K_C9336C_FX2_V001, ViewLayer | Synchronizing object | Port_pair_3_direction_-1
Fra:1 Mem:150.41M (Peak 150.62M) | Time:00:00.10 | Mem:0.00M, Peak:0.00M | CISCO_N9K_C9336C_FX2_V001, ViewLayer | Synchronizing object | Fan1_latch_thumb_flare_-1
Fra:1 Mem:150.42M (Peak 150.62M) | Time:00:00.10 | Mem:0.00M, Peak:0.00M | CISCO_N9K_C9336C_FX2_V001, ViewLayer | Synchronizing object | PORT_NUMBER_06
Fra:1 Mem:150.42M (Peak 150.62M) | Time:00:00.10 | Mem:0.00M, Peak:0.00M | CISCO_N9K_C9336C_FX2_V001, ViewLayer | Synchronizing object | Fan1_BLUE_release_latch_1
Fra:1 Mem:150.42M (Peak 150.62M) | Time:00:00.10 | Mem:0.00M, Peak:0.00M | CISCO_N9K_C9336C_FX2_V001, ViewLayer | Synchronizing object | PORT_NUMBER_05
Fra:1 Mem:150.43M (Peak 150.62M) | Time:00:00.10 | Mem:0.00M, Peak:0.00M | CISCO_N9K_C9336C_FX2_V001, ViewLayer | Synchronizing object | Fan1_latch_thumb_flare_1
Fra:1 Mem:150.43M (Peak 150.62M) | Time:00:00.10 | Mem:0.00M, Peak:0.00M | CISCO_N9K_C9336C_FX2_V001, ViewLayer | Synchronizing object | Port_pair_2_direction_1
Fra:1 Mem:150.48M (Peak 150.62M) | Time:00:00.10 | Mem:0.00M, Peak:0.00M | CISCO_N9K_C9336C_FX2_V001, ViewLayer | Synchronizing object | Fan1_PID_label_recess
Fra:1 Mem:150.48M (Peak 150.62M) | Time:00:00.10 | Mem:0.00M, Peak:0.00M | CISCO_N9K_C9336C_FX2_V001, ViewLayer | Synchronizing object | Port_pair_2_direction_-1
Fra:1 Mem:150.48M (Peak 150.62M) | Time:00:00.10 | Mem:0.00M, Peak:0.00M | CISCO_N9K_C9336C_FX2_V001, ViewLayer | Synchronizing object | Fan1_known_PID
Fra:1 Mem:150.58M (Peak 150.62M) | Time:00:00.10 | Mem:0.00M, Peak:0.00M | CISCO_N9K_C9336C_FX2_V001, ViewLayer | Synchronizing object | PORT_NUMBER_04
Fra:1 Mem:150.59M (Peak 150.62M) | Time:00:00.10 | Mem:0.00M, Peak:0.00M | CISCO_N9K_C9336C_FX2_V001, ViewLayer | Synchronizing object | PORT_NUMBER_03
Fra:1 Mem:150.59M (Peak 150.62M) | Time:00:00.10 | Mem:0.00M, Peak:0.00M | CISCO_N9K_C9336C_FX2_V001, ViewLayer | Synchronizing object | Port_pair_1_direction_1
Fra:1 Mem:150.72M (Peak 150.72M) | Time:00:00.10 | Mem:0.00M, Peak:0.00M | CISCO_N9K_C9336C_FX2_V001, ViewLayer | Synchronizing object | Fan1_flush_lock_pin_-39
Fra:1 Mem:150.72M (Peak 150.72M) | Time:00:00.10 | Mem:0.00M, Peak:0.00M | CISCO_N9K_C9336C_FX2_V001, ViewLayer | Synchronizing object | Port_pair_1_direction_-1
Fra:1 Mem:150.73M (Peak 150.73M) | Time:00:00.10 | Mem:0.00M, Peak:0.00M | CISCO_N9K_C9336C_FX2_V001, ViewLayer | Synchronizing object | PORT_NUMBER_02
Fra:1 Mem:150.73M (Peak 150.73M) | Time:00:00.10 | Mem:0.00M, Peak:0.00M | CISCO_N9K_C9336C_FX2_V001, ViewLayer | Synchronizing object | PORT_NUMBER_01
Fra:1 Mem:150.74M (Peak 150.74M) | Time:00:00.10 | Mem:0.00M, Peak:0.00M | CISCO_N9K_C9336C_FX2_V001, ViewLayer | Synchronizing object | Correct_factory_PID
Fra:1 Mem:150.52M (Peak 150.74M) | Time:00:00.10 | Mem:0.00M, Peak:0.00M | CISCO_N9K_C9336C_FX2_V001, ViewLayer | Synchronizing object | Fan1_flush_lock_pin_39
Fra:1 Mem:150.52M (Peak 150.74M) | Time:00:00.10 | Mem:0.00M, Peak:0.00M | CISCO_N9K_C9336C_FX2_V001, ViewLayer | Synchronizing object | Fan2_hub_-1
Fra:1 Mem:150.54M (Peak 150.74M) | Time:00:00.10 | Mem:0.00M, Peak:0.00M | CISCO_N9K_C9336C_FX2_V001, ViewLayer | Synchronizing object | Fan2_blade_-1_0
Fra:1 Mem:150.55M (Peak 150.74M) | Time:00:00.10 | Mem:0.00M, Peak:0.00M | CISCO_N9K_C9336C_FX2_V001, ViewLayer | Synchronizing object | Fan2_blade_-1_2
Fra:1 Mem:150.56M (Peak 150.74M) | Time:00:00.10 | Mem:0.00M, Peak:0.00M | CISCO_N9K_C9336C_FX2_V001, ViewLayer | Synchronizing object | Cisco_product_family_line_1
Fra:1 Mem:150.56M (Peak 150.74M) | Time:00:00.10 | Mem:0.00M, Peak:0.00M | CISCO_N9K_C9336C_FX2_V001, ViewLayer | Synchronizing object | Fan2_blade_-1_4
Fra:1 Mem:150.56M (Peak 150.74M) | Time:00:00.10 | Mem:0.00M, Peak:0.00M | CISCO_N9K_C9336C_FX2_V001, ViewLayer | Synchronizing object | Fan2_blade_-1_5
Fra:1 Mem:150.57M (Peak 150.74M) | Time:00:00.10 | Mem:0.00M, Peak:0.00M | CISCO_N9K_C9336C_FX2_V001, ViewLayer | Synchronizing object | Fan2_top_retention_rail_-1
Fra:1 Mem:150.57M (Peak 150.74M) | Time:00:00.10 | Mem:0.00M, Peak:0.00M | CISCO_N9K_C9336C_FX2_V001, ViewLayer | Synchronizing object | Cisco_brand_wordmark
Fra:1 Mem:150.59M (Peak 150.74M) | Time:00:00.10 | Mem:0.00M, Peak:0.00M | CISCO_N9K_C9336C_FX2_V001, ViewLayer | Synchronizing object | Fan2_rear_power_contact_block_-1
Fra:1 Mem:150.59M (Peak 150.74M) | Time:00:00.10 | Mem:0.00M, Peak:0.00M | CISCO_N9K_C9336C_FX2_V001, ViewLayer | Synchronizing object | Cisco_bridge_bar_9
Fra:1 Mem:150.59M (Peak 150.74M) | Time:00:00.10 | Mem:0.00M, Peak:0.00M | CISCO_N9K_C9336C_FX2_V001, ViewLayer | Synchronizing object | Fan2_rotor_housing_1
Fra:1 Mem:150.59M (Peak 150.74M) | Time:00:00.10 | Mem:0.00M, Peak:0.00M | CISCO_N9K_C9336C_FX2_V001, ViewLayer | Synchronizing object | Cisco_bridge_bar_8
Fra:1 Mem:150.60M (Peak 150.74M) | Time:00:00.10 | Mem:0.00M, Peak:0.00M | CISCO_N9K_C9336C_FX2_V001, ViewLayer | Synchronizing object | Fan2_hub_1
Fra:1 Mem:150.62M (Peak 150.74M) | Time:00:00.10 | Mem:0.00M, Peak:0.00M | CISCO_N9K_C9336C_FX2_V001, ViewLayer | Synchronizing object | Cisco_bridge_bar_7
Fra:1 Mem:150.62M (Peak 150.74M) | Time:00:00.10 | Mem:0.00M, Peak:0.00M | CISCO_N9K_C9336C_FX2_V001, ViewLayer | Synchronizing object | Fan2_blade_1_0
Fra:1 Mem:150.63M (Peak 150.74M) | Time:00:00.10 | Mem:0.00M, Peak:0.00M | CISCO_N9K_C9336C_FX2_V001, ViewLayer | Synchronizing object | Cisco_bridge_bar_6
Fra:1 Mem:150.63M (Peak 150.74M) | Time:00:00.10 | Mem:0.00M, Peak:0.00M | CISCO_N9K_C9336C_FX2_V001, ViewLayer | Synchronizing object | Fan2_blade_1_2
Fra:1 Mem:150.63M (Peak 150.74M) | Time:00:00.10 | Mem:0.00M, Peak:0.00M | CISCO_N9K_C9336C_FX2_V001, ViewLayer | Synchronizing object | Cisco_bridge_bar_5
Fra:1 Mem:150.64M (Peak 150.74M) | Time:00:00.10 | Mem:0.00M, Peak:0.00M | CISCO_N9K_C9336C_FX2_V001, ViewLayer | Synchronizing object | Fan2_blade_1_4
Fra:1 Mem:150.64M (Peak 150.74M) | Time:00:00.10 | Mem:0.00M, Peak:0.00M | CISCO_N9K_C9336C_FX2_V001, ViewLayer | Synchronizing object | Fan2_blade_1_5
Fra:1 Mem:150.64M (Peak 150.74M) | Time:00:00.10 | Mem:0.00M, Peak:0.00M | CISCO_N9K_C9336C_FX2_V001, ViewLayer | Synchronizing object | Cisco_bridge_bar_4
Fra:1 Mem:150.64M (Peak 150.74M) | Time:00:00.10 | Mem:0.00M, Peak:0.00M | CISCO_N9K_C9336C_FX2_V001, ViewLayer | Synchronizing object | Fan2_top_retention_rail_1
Fra:1 Mem:150.65M (Peak 150.74M) | Time:00:00.10 | Mem:0.00M, Peak:0.00M | CISCO_N9K_C9336C_FX2_V001, ViewLayer | Synchronizing object | Fan2_rear_power_contact_block_1
Fra:1 Mem:150.65M (Peak 150.74M) | Time:00:00.10 | Mem:0.00M, Peak:0.00M | CISCO_N9K_C9336C_FX2_V001, ViewLayer | Synchronizing object | Fan2_front_frame
Fra:1 Mem:150.66M (Peak 150.74M) | Time:00:00.10 | Mem:0.00M, Peak:0.00M | CISCO_N9K_C9336C_FX2_V001, ViewLayer | Synchronizing object | Cisco_bridge_bar_3
Fra:1 Mem:150.67M (Peak 150.74M) | Time:00:00.10 | Mem:0.00M, Peak:0.00M | CISCO_N9K_C9336C_FX2_V001, ViewLayer | Synchronizing object | Fan2_true_honeycomb_front_grille
Fra:1 Mem:150.98M (Peak 150.98M) | Time:00:00.10 | Mem:0.00M, Peak:0.00M | CISCO_N9K_C9336C_FX2_V001, ViewLayer | Synchronizing object | Cisco_bridge_bar_2
Fra:1 Mem:150.98M (Peak 150.98M) | Time:00:00.10 | Mem:0.00M, Peak:0.00M | CISCO_N9K_C9336C_FX2_V001, ViewLayer | Synchronizing object | Fan2_BLUE_release_latch_-1
Fra:1 Mem:151.11M (Peak 151.11M) | Time:00:00.10 | Mem:0.00M, Peak:0.00M | CISCO_N9K_C9336C_FX2_V001, ViewLayer | Synchronizing object | Cisco_bridge_bar_1
Fra:1 Mem:151.11M (Peak 151.11M) | Time:00:00.10 | Mem:0.00M, Peak:0.00M | CISCO_N9K_C9336C_FX2_V001, ViewLayer | Synchronizing object | Fan2_BLUE_release_latch_1
Fra:1 Mem:151.21M (Peak 151.21M) | Time:00:00.10 | Mem:0.00M, Peak:0.00M | CISCO_N9K_C9336C_FX2_V001, ViewLayer | Synchronizing object | LS_selector_text
Fra:1 Mem:151.22M (Peak 151.22M) | Time:00:00.10 | Mem:0.00M, Peak:0.00M | CISCO_N9K_C9336C_FX2_V001, ViewLayer | Synchronizing object | Fan2_latch_thumb_flare_1
Fra:1 Mem:151.22M (Peak 151.22M) | Time:00:00.10 | Mem:0.00M, Peak:0.00M | CISCO_N9K_C9336C_FX2_V001, ViewLayer | Synchronizing object | LS_selector_metal_button
Fra:1 Mem:151.25M (Peak 151.25M) | Time:00:00.10 | Mem:0.00M, Peak:0.00M | CISCO_N9K_C9336C_FX2_V001, ViewLayer | Synchronizing object | Fan2_PID_label_recess
Fra:1 Mem:151.27M (Peak 151.27M) | Time:00:00.10 | Mem:0.00M, Peak:0.00M | CISCO_N9K_C9336C_FX2_V001, ViewLayer | Synchronizing object | Fan2_known_PID
Fra:1 Mem:151.34M (Peak 151.34M) | Time:00:00.10 | Mem:0.00M, Peak:0.00M | CISCO_N9K_C9336C_FX2_V001, ViewLayer | Synchronizing object | Fan2_flush_lock_pin_-39
Fra:1 Mem:151.40M (Peak 151.40M) | Time:00:00.10 | Mem:0.00M, Peak:0.00M | CISCO_N9K_C9336C_FX2_V001, ViewLayer | Synchronizing object | Fan2_flush_lock_pin_39
Fra:1 Mem:151.89M (Peak 151.89M) | Time:00:00.10 | Mem:0.00M, Peak:0.00M | CISCO_N9K_C9336C_FX2_V001, ViewLayer | Synchronizing object | Fan3_rotor_housing_-1
Fra:1 Mem:151.90M (Peak 151.90M) | Time:00:00.10 | Mem:0.00M, Peak:0.00M | CISCO_N9K_C9336C_FX2_V001, ViewLayer | Synchronizing object | Fan3_hub_-1
Fra:1 Mem:151.90M (Peak 151.90M) | Time:00:00.10 | Mem:0.00M, Peak:0.00M | CISCO_N9K_C9336C_FX2_V001, ViewLayer | Synchronizing object | Fan3_blade_-1_0
Fra:1 Mem:151.90M (Peak 151.90M) | Time:00:00.10 | Mem:0.00M, Peak:0.00M | CISCO_N9K_C9336C_FX2_V001, ViewLayer | Synchronizing object | Fan3_blade_-1_1
Fra:1 Mem:151.90M (Peak 151.90M) | Time:00:00.10 | Mem:0.00M, Peak:0.00M | CISCO_N9K_C9336C_FX2_V001, ViewLayer | Synchronizing object | Fan3_blade_-1_2
Fra:1 Mem:151.90M (Peak 151.90M) | Time:00:00.10 | Mem:0.00M, Peak:0.00M | CISCO_N9K_C9336C_FX2_V001, ViewLayer | Synchronizing object | Fan3_blade_-1_3
Fra:1 Mem:151.90M (Peak 151.90M) | Time:00:00.10 | Mem:0.00M, Peak:0.00M | CISCO_N9K_C9336C_FX2_V001, ViewLayer | Synchronizing object | Fan3_blade_-1_4
Fra:1 Mem:151.90M (Peak 151.90M) | Time:00:00.10 | Mem:0.00M, Peak:0.00M | CISCO_N9K_C9336C_FX2_V001, ViewLayer | Synchronizing object | Fan3_blade_-1_5
Fra:1 Mem:151.90M (Peak 151.90M) | Time:00:00.10 | Mem:0.00M, Peak:0.00M | CISCO_N9K_C9336C_FX2_V001, ViewLayer | Synchronizing object | Fan3_blade_-1_6
Fra:1 Mem:151.90M (Peak 151.90M) | Time:00:00.10 | Mem:0.00M, Peak:0.00M | CISCO_N9K_C9336C_FX2_V001, ViewLayer | Synchronizing object | Fan3_top_retention_rail_-1
Fra:1 Mem:152.51M (Peak 152.51M) | Time:00:00.10 | Mem:0.00M, Peak:0.00M | CISCO_N9K_C9336C_FX2_V001, ViewLayer | Synchronizing object | Fan3_rear_power_contact_block_-1
Fra:1 Mem:152.52M (Peak 152.52M) | Time:00:00.10 | Mem:0.00M, Peak:0.00M | CISCO_N9K_C9336C_FX2_V001, ViewLayer | Synchronizing object | Fan3_rotor_housing_1
Fra:1 Mem:152.53M (Peak 152.53M) | Time:00:00.10 | Mem:0.00M, Peak:0.00M | CISCO_N9K_C9336C_FX2_V001, ViewLayer | Synchronizing object | Fan3_hub_1
Fra:1 Mem:152.53M (Peak 152.53M) | Time:00:00.10 | Mem:0.00M, Peak:0.00M | CISCO_N9K_C9336C_FX2_V001, ViewLayer | Synchronizing object | Fan3_blade_1_0
Fra:1 Mem:152.54M (Peak 152.54M) | Time:00:00.10 | Mem:0.00M, Peak:0.00M | CISCO_N9K_C9336C_FX2_V001, ViewLayer | Synchronizing object | Fan3_blade_1_1
Fra:1 Mem:152.54M (Peak 152.54M) | Time:00:00.10 | Mem:0.00M, Peak:0.00M | CISCO_N9K_C9336C_FX2_V001, ViewLayer | Synchronizing object | Fan3_blade_1_2
Fra:1 Mem:152.54M (Peak 152.54M) | Time:00:00.10 | Mem:0.00M, Peak:0.00M | CISCO_N9K_C9336C_FX2_V001, ViewLayer | Synchronizing object | Fan3_blade_1_3
Fra:1 Mem:152.54M (Peak 152.54M) | Time:00:00.10 | Mem:0.00M, Peak:0.00M | CISCO_N9K_C9336C_FX2_V001, ViewLayer | Synchronizing object | Fan3_blade_1_4
Fra:1 Mem:152.54M (Peak 152.54M) | Time:00:00.10 | Mem:0.00M, Peak:0.00M | CISCO_N9K_C9336C_FX2_V001, ViewLayer | Synchronizing object | Fan3_blade_1_5
Fra:1 Mem:152.54M (Peak 152.54M) | Time:00:00.10 | Mem:0.00M, Peak:0.00M | CISCO_N9K_C9336C_FX2_V001, ViewLayer | Synchronizing object | Fan3_blade_1_6
Fra:1 Mem:152.54M (Peak 152.54M) | Time:00:00.10 | Mem:0.00M, Peak:0.00M | CISCO_N9K_C9336C_FX2_V001, ViewLayer | Synchronizing object | Fan3_top_retention_rail_1
Fra:1 Mem:152.54M (Peak 152.54M) | Time:00:00.10 | Mem:0.00M, Peak:0.00M | CISCO_N9K_C9336C_FX2_V001, ViewLayer | Synchronizing object | Fan3_rear_power_contact_block_1
Fra:1 Mem:152.56M (Peak 152.56M) | Time:00:00.10 | Mem:0.00M, Peak:0.00M | CISCO_N9K_C9336C_FX2_V001, ViewLayer | Synchronizing object | Fan3_front_frame
Fra:1 Mem:152.56M (Peak 152.56M) | Time:00:00.10 | Mem:0.00M, Peak:0.00M | CISCO_N9K_C9336C_FX2_V001, ViewLayer | Synchronizing object | Fan3_true_honeycomb_front_grille
Fra:1 Mem:152.97M (Peak 152.97M) | Time:00:00.10 | Mem:0.00M, Peak:0.00M | CISCO_N9K_C9336C_FX2_V001, ViewLayer | Synchronizing object | Fan3_molded_trapezoid_pull_handle
Fra:1 Mem:153.09M (Peak 153.09M) | Time:00:00.10 | Mem:0.00M, Peak:0.00M | CISCO_N9K_C9336C_FX2_V001, ViewLayer | Synchronizing object | Fan3_BLUE_release_latch_-1
Fra:1 Mem:153.10M (Peak 153.10M) | Time:00:00.10 | Mem:0.00M, Peak:0.00M | CISCO_N9K_C9336C_FX2_V001, ViewLayer | Synchronizing object | Fan3_latch_thumb_flare_-1
Fra:1 Mem:154.16M (Peak 154.16M) | Time:00:00.10 | Mem:0.00M, Peak:0.00M | CISCO_N9K_C9336C_FX2_V001, ViewLayer | Synchronizing object | LS_selector_black_surround
Fra:1 Mem:154.16M (Peak 154.16M) | Time:00:00.10 | Mem:0.00M, Peak:0.00M | CISCO_N9K_C9336C_FX2_V001, ViewLayer | Synchronizing object | FRONT_4_legend
Fra:1 Mem:154.17M (Peak 154.17M) | Time:00:00.10 | Mem:0.00M, Peak:0.00M | CISCO_N9K_C9336C_FX2_V001, ViewLayer | Synchronizing object | FRONT_4_unpowered_lens
Fra:1 Mem:154.19M (Peak 154.19M) | Time:00:00.10 | Mem:0.00M, Peak:0.00M | CISCO_N9K_C9336C_FX2_V001, ViewLayer | Synchronizing object | FRONT_3_legend
Fra:1 Mem:154.35M (Peak 154.35M) | Time:00:00.10 | Mem:0.00M, Peak:0.00M | CISCO_N9K_C9336C_FX2_V001, ViewLayer | Synchronizing object | FRONT_3_unpowered_lens
Fra:1 Mem:154.38M (Peak 154.38M) | Time:00:00.10 | Mem:0.00M, Peak:0.00M | CISCO_N9K_C9336C_FX2_V001, ViewLayer | Synchronizing object | FRONT_2_legend
Fra:1 Mem:154.38M (Peak 154.38M) | Time:00:00.10 | Mem:0.00M, Peak:0.00M | CISCO_N9K_C9336C_FX2_V001, ViewLayer | Synchronizing object | FRONT_2_unpowered_lens
Fra:1 Mem:154.41M (Peak 154.41M) | Time:00:00.10 | Mem:0.00M, Peak:0.00M | CISCO_N9K_C9336C_FX2_V001, ViewLayer | Synchronizing object | FRONT_1_legend
Fra:1 Mem:154.41M (Peak 154.41M) | Time:00:00.10 | Mem:0.00M, Peak:0.00M | CISCO_N9K_C9336C_FX2_V001, ViewLayer | Synchronizing object | FRONT_1_unpowered_lens
Fra:1 Mem:154.44M (Peak 154.44M) | Time:00:00.10 | Mem:0.00M, Peak:0.00M | CISCO_N9K_C9336C_FX2_V001, ViewLayer | Synchronizing object | FRONT_ENV_legend
Fra:1 Mem:154.44M (Peak 154.44M) | Time:00:00.10 | Mem:0.00M, Peak:0.00M | CISCO_N9K_C9336C_FX2_V001, ViewLayer | Synchronizing object | FRONT_ENV_unpowered_lens
Fra:1 Mem:154.47M (Peak 154.47M) | Time:00:00.10 | Mem:0.00M, Peak:0.00M | CISCO_N9K_C9336C_FX2_V001, ViewLayer | Synchronizing object | FRONT_STS_legend
Fra:1 Mem:154.48M (Peak 154.48M) | Time:00:00.10 | Mem:0.00M, Peak:0.00M | CISCO_N9K_C9336C_FX2_V001, ViewLayer | Synchronizing object | FRONT_STS_unpowered_lens
Fra:1 Mem:154.50M (Peak 154.50M) | Time:00:00.10 | Mem:0.00M, Peak:0.00M | CISCO_N9K_C9336C_FX2_V001, ViewLayer | Synchronizing object | FRONT_BCN_legend
Fra:1 Mem:154.51M (Peak 154.51M) | Time:00:00.10 | Mem:0.00M, Peak:0.00M | CISCO_N9K_C9336C_FX2_V001, ViewLayer | Synchronizing object | FRONT_BCN_unpowered_lens
Fra:1 Mem:154.54M (Peak 154.54M) | Time:00:00.10 | Mem:0.00M, Peak:0.00M | CISCO_N9K_C9336C_FX2_V001, ViewLayer | Synchronizing object | Rear_P2_arrow_legend
Fra:1 Mem:154.54M (Peak 154.54M) | Time:00:00.10 | Mem:0.00M, Peak:0.00M | CISCO_N9K_C9336C_FX2_V001, ViewLayer | Synchronizing object | USB_symbol_branch_B
Fra:1 Mem:154.55M (Peak 154.55M) | Time:00:00.10 | Mem:0.00M, Peak:0.00M | CISCO_N9K_C9336C_FX2_V001, ViewLayer | Synchronizing object | USB_symbol_branch_A
Fra:1 Mem:154.55M (Peak 154.55M) | Time:00:00.10 | Mem:0.00M, Peak:0.00M | CISCO_N9K_C9336C_FX2_V001, ViewLayer | Synchronizing object | USB_symbol_stem
Fra:1 Mem:154.55M (Peak 154.55M) | Time:00:00.10 | Mem:0.00M, Peak:0.00M | CISCO_N9K_C9336C_FX2_V001, ViewLayer | Synchronizing object | Console_terminal_symbol
Fra:1 Mem:154.55M (Peak 154.55M) | Time:00:00.10 | Mem:0.00M, Peak:0.00M | CISCO_N9K_C9336C_FX2_V001, ViewLayer | Synchronizing object | SFP_management_symbol_line.003
Fra:1 Mem:154.55M (Peak 154.55M) | Time:00:00.10 | Mem:0.00M, Peak:0.00M | CISCO_N9K_C9336C_FX2_V001, ViewLayer | Synchronizing object | SFP_management_symbol_line.002
Fra:1 Mem:154.55M (Peak 154.55M) | Time:00:00.10 | Mem:0.00M, Peak:0.00M | CISCO_N9K_C9336C_FX2_V001, ViewLayer | Synchronizing object | SFP_management_symbol_line.001
Fra:1 Mem:154.55M (Peak 154.55M) | Time:00:00.10 | Mem:0.00M, Peak:0.00M | CISCO_N9K_C9336C_FX2_V001, ViewLayer | Synchronizing object | SFP_management_symbol_line
Fra:1 Mem:154.55M (Peak 154.55M) | Time:00:00.10 | Mem:0.00M, Peak:0.00M | CISCO_N9K_C9336C_FX2_V001, ViewLayer | Synchronizing object | SFP_management_symbol_node_1.25
Fra:1 Mem:154.56M (Peak 154.56M) | Time:00:00.10 | Mem:0.00M, Peak:0.00M | CISCO_N9K_C9336C_FX2_V001, ViewLayer | Synchronizing object | SFP_management_symbol_node_-1.25
Fra:1 Mem:154.57M (Peak 154.57M) | Time:00:00.10 | Mem:0.00M, Peak:0.00M | CISCO_N9K_C9336C_FX2_V001, ViewLayer | Synchronizing object | SFP_management_symbol_node_0
Fra:1 Mem:154.57M (Peak 154.57M) | Time:00:00.10 | Mem:0.00M, Peak:0.00M | CISCO_N9K_C9336C_FX2_V001, ViewLayer | Synchronizing object | RJ45_management_symbol_line.003
Fra:1 Mem:154.57M (Peak 154.57M) | Time:00:00.10 | Mem:0.00M, Peak:0.00M | CISCO_N9K_C9336C_FX2_V001, ViewLayer | Synchronizing object | RJ45_management_symbol_line.002
Fra:1 Mem:154.57M (Peak 154.57M) | Time:00:00.10 | Mem:0.00M, Peak:0.00M | CISCO_N9K_C9336C_FX2_V001, ViewLayer | Synchronizing object | RJ45_management_symbol_line.001
Fra:1 Mem:154.58M (Peak 154.58M) | Time:00:00.10 | Mem:0.00M, Peak:0.00M | CISCO_N9K_C9336C_FX2_V001, ViewLayer | Synchronizing object | RJ45_management_symbol_line
Fra:1 Mem:154.58M (Peak 154.58M) | Time:00:00.10 | Mem:0.00M, Peak:0.00M | CISCO_N9K_C9336C_FX2_V001, ViewLayer | Synchronizing object | RJ45_management_symbol_node_1.25
Fra:1 Mem:154.58M (Peak 154.58M) | Time:00:00.10 | Mem:0.00M, Peak:0.00M | CISCO_N9K_C9336C_FX2_V001, ViewLayer | Synchronizing object | RJ45_management_symbol_node_-1.25
Fra:1 Mem:154.59M (Peak 154.59M) | Time:00:00.10 | Mem:0.00M, Peak:0.00M | CISCO_N9K_C9336C_FX2_V001, ViewLayer | Synchronizing object | RJ45_management_symbol_node_0
Fra:1 Mem:154.59M (Peak 154.59M) | Time:00:00.10 | Mem:0.00M, Peak:0.00M | CISCO_N9K_C9336C_FX2_V001, ViewLayer | Synchronizing object | Rear_service_retention_screw
Fra:1 Mem:154.61M (Peak 154.61M) | Time:00:00.10 | Mem:0.00M, Peak:0.00M | CISCO_N9K_C9336C_FX2_V001, ViewLayer | Synchronizing object | REAR_STS_legend
Fra:1 Mem:154.62M (Peak 154.62M) | Time:00:00.10 | Mem:0.00M, Peak:0.00M | CISCO_N9K_C9336C_FX2_V001, ViewLayer | Synchronizing object | REAR_STS_unpowered_indicator
Fra:1 Mem:154.63M (Peak 154.63M) | Time:00:00.10 | Mem:0.00M, Peak:0.00M | CISCO_N9K_C9336C_FX2_V001, ViewLayer | Synchronizing object | REAR_BCN_legend
Fra:1 Mem:154.63M (Peak 154.63M) | Time:00:00.10 | Mem:0.00M, Peak:0.00M | CISCO_N9K_C9336C_FX2_V001, ViewLayer | Synchronizing object | REAR_BCN_unpowered_indicator
Fra:1 Mem:154.64M (Peak 154.64M) | Time:00:00.10 | Mem:0.00M, Peak:0.00M | CISCO_N9K_C9336C_FX2_V001, ViewLayer | Synchronizing object | USB_A_contact_3
Fra:1 Mem:154.64M (Peak 154.64M) | Time:00:00.10 | Mem:0.00M, Peak:0.00M | CISCO_N9K_C9336C_FX2_V001, ViewLayer | Synchronizing object | USB_A_contact_2
Fra:1 Mem:154.65M (Peak 154.65M) | Time:00:00.10 | Mem:0.00M, Peak:0.00M | CISCO_N9K_C9336C_FX2_V001, ViewLayer | Synchronizing object | USB_A_contact_1
Fra:1 Mem:154.65M (Peak 154.65M) | Time:00:00.10 | Mem:0.00M, Peak:0.00M | CISCO_N9K_C9336C_FX2_V001, ViewLayer | Synchronizing object | USB_A_contact_0
Fra:1 Mem:154.66M (Peak 154.66M) | Time:00:00.10 | Mem:0.00M, Peak:0.00M | CISCO_N9K_C9336C_FX2_V001, ViewLayer | Synchronizing object | USB_A_black_tongue
Fra:1 Mem:154.66M (Peak 154.66M) | Time:00:00.10 | Mem:0.00M, Peak:0.00M | CISCO_N9K_C9336C_FX2_V001, ViewLayer | Synchronizing object | USB_A_deep_stop
Fra:1 Mem:154.66M (Peak 154.66M) | Time:00:00.10 | Mem:0.00M, Peak:0.00M | CISCO_N9K_C9336C_FX2_V001, ViewLayer | Synchronizing object | USB_A_metal_shell
Fra:1 Mem:154.68M (Peak 154.68M) | Time:00:00.10 | Mem:0.00M, Peak:0.00M | CISCO_N9K_C9336C_FX2_V001, ViewLayer | Synchronizing object | Mgmt_SFP_contact_9
Fra:1 Mem:154.68M (Peak 154.68M) | Time:00:00.10 | Mem:0.00M, Peak:0.00M | CISCO_N9K_C9336C_FX2_V001, ViewLayer | Synchronizing object | Mgmt_SFP_contact_8
Fra:1 Mem:154.68M (Peak 154.68M) | Time:00:00.10 | Mem:0.00M, Peak:0.00M | CISCO_N9K_C9336C_FX2_V001, ViewLayer | Synchronizing object | Mgmt_SFP_contact_7
Fra:1 Mem:154.68M (Peak 154.68M) | Time:00:00.10 | Mem:0.00M, Peak:0.00M | CISCO_N9K_C9336C_FX2_V001, ViewLayer | Synchronizing object | Mgmt_SFP_contact_6
Fra:1 Mem:154.68M (Peak 154.68M) | Time:00:00.10 | Mem:0.00M, Peak:0.00M | CISCO_N9K_C9336C_FX2_V001, ViewLayer | Synchronizing object | Mgmt_SFP_contact_5
Fra:1 Mem:154.68M (Peak 154.68M) | Time:00:00.10 | Mem:0.00M, Peak:0.00M | CISCO_N9K_C9336C_FX2_V001, ViewLayer | Synchronizing object | Mgmt_SFP_contact_4
Fra:1 Mem:154.68M (Peak 154.68M) | Time:00:00.10 | Mem:0.00M, Peak:0.00M | CISCO_N9K_C9336C_FX2_V001, ViewLayer | Synchronizing object | Mgmt_SFP_contact_3
Fra:1 Mem:154.68M (Peak 154.68M) | Time:00:00.10 | Mem:0.00M, Peak:0.00M | CISCO_N9K_C9336C_FX2_V001, ViewLayer | Synchronizing object | Mgmt_SFP_contact_2
Fra:1 Mem:154.69M (Peak 154.69M) | Time:00:00.10 | Mem:0.00M, Peak:0.00M | CISCO_N9K_C9336C_FX2_V001, ViewLayer | Synchronizing object | Mgmt_SFP_contact_1
Fra:1 Mem:154.69M (Peak 154.69M) | Time:00:00.10 | Mem:0.00M, Peak:0.00M | CISCO_N9K_C9336C_FX2_V001, ViewLayer | Synchronizing object | Mgmt_SFP_contact_0
Fra:1 Mem:159.21M (Peak 159.21M) | Time:00:00.10 | Mem:0.00M, Peak:0.00M | CISCO_N9K_C9336C_FX2_V001, ViewLayer | Synchronizing object | Mgmt_SFP_guide_5.8
Fra:1 Mem:159.22M (Peak 159.22M) | Time:00:00.10 | Mem:0.00M, Peak:0.00M | CISCO_N9K_C9336C_FX2_V001, ViewLayer | Synchronizing object | Mgmt_SFP_guide_-5.8
Fra:1 Mem:159.23M (Peak 159.23M) | Time:00:00.11 | Mem:0.00M, Peak:0.00M | CISCO_N9K_C9336C_FX2_V001, ViewLayer | Synchronizing object | Mgmt_SFP_recessed_connector_stop
Fra:1 Mem:159.24M (Peak 159.24M) | Time:00:00.11 | Mem:0.00M, Peak:0.00M | CISCO_N9K_C9336C_FX2_V001, ViewLayer | Synchronizing object | Mgmt_SFP_deep_metal_cage
Fra:1 Mem:159.24M (Peak 159.24M) | Time:00:00.11 | Mem:0.00M, Peak:0.00M | CISCO_N9K_C9336C_FX2_V001, ViewLayer | Synchronizing object | Fan3_BLUE_release_latch_1
Fra:1 Mem:159.26M (Peak 159.26M) | Time:00:00.11 | Mem:0.00M, Peak:0.00M | CISCO_N9K_C9336C_FX2_V001, ViewLayer | Synchronizing object | MANAGEMENT_RJ45_unpowered_corner_LED_5.6
Fra:1 Mem:159.26M (Peak 159.26M) | Time:00:00.11 | Mem:0.00M, Peak:0.00M | CISCO_N9K_C9336C_FX2_V001, ViewLayer | Synchronizing object | MANAGEMENT_RJ45_unpowered_corner_LED_-5.6
Fra:1 Mem:159.27M (Peak 159.27M) | Time:00:00.11 | Mem:0.00M, Peak:0.00M | CISCO_N9K_C9336C_FX2_V001, ViewLayer | Synchronizing object | MANAGEMENT_RJ45_contact_7
Fra:1 Mem:159.27M (Peak 159.27M) | Time:00:00.11 | Mem:0.00M, Peak:0.00M | CISCO_N9K_C9336C_FX2_V001, ViewLayer | Synchronizing object | MANAGEMENT_RJ45_contact_6
Fra:1 Mem:159.28M (Peak 159.28M) | Time:00:00.11 | Mem:0.00M, Peak:0.00M | CISCO_N9K_C9336C_FX2_V001, ViewLayer | Synchronizing object | MANAGEMENT_RJ45_contact_5
Fra:1 Mem:159.28M (Peak 159.28M) | Time:00:00.11 | Mem:0.00M, Peak:0.00M | CISCO_N9K_C9336C_FX2_V001, ViewLayer | Synchronizing object | MANAGEMENT_RJ45_contact_4
Fra:1 Mem:159.28M (Peak 159.28M) | Time:00:00.11 | Mem:0.00M, Peak:0.00M | CISCO_N9K_C9336C_FX2_V001, ViewLayer | Synchronizing object | MANAGEMENT_RJ45_contact_3
Fra:1 Mem:159.29M (Peak 159.29M) | Time:00:00.11 | Mem:0.00M, Peak:0.00M | CISCO_N9K_C9336C_FX2_V001, ViewLayer | Synchronizing object | MANAGEMENT_RJ45_contact_2
Fra:1 Mem:159.29M (Peak 159.29M) | Time:00:00.11 | Mem:0.00M, Peak:0.00M | CISCO_N9K_C9336C_FX2_V001, ViewLayer | Synchronizing object | MANAGEMENT_RJ45_contact_1
Fra:1 Mem:159.30M (Peak 159.30M) | Time:00:00.11 | Mem:0.00M, Peak:0.00M | CISCO_N9K_C9336C_FX2_V001, ViewLayer | Synchronizing object | MANAGEMENT_RJ45_contact_0
Fra:1 Mem:159.30M (Peak 159.30M) | Time:00:00.11 | Mem:0.00M, Peak:0.00M | CISCO_N9K_C9336C_FX2_V001, ViewLayer | Synchronizing object | MANAGEMENT_RJ45_deep_connector_stop
Fra:1 Mem:159.30M (Peak 159.30M) | Time:00:00.11 | Mem:0.00M, Peak:0.00M | CISCO_N9K_C9336C_FX2_V001, ViewLayer | Synchronizing object | MANAGEMENT_RJ45_keyed_plastic_body
Fra:1 Mem:159.30M (Peak 159.30M) | Time:00:00.11 | Mem:0.00M, Peak:0.00M | CISCO_N9K_C9336C_FX2_V001, ViewLayer | Synchronizing object | MANAGEMENT_RJ45_metal_shield
Fra:1 Mem:159.32M (Peak 159.32M) | Time:00:00.11 | Mem:0.00M, Peak:0.00M | CISCO_N9K_C9336C_FX2_V001, ViewLayer | Synchronizing object | CONSOLE_RJ45_unpowered_corner_LED_5.6
Fra:1 Mem:159.33M (Peak 159.33M) | Time:00:00.11 | Mem:0.00M, Peak:0.00M | CISCO_N9K_C9336C_FX2_V001, ViewLayer | Synchronizing object | CONSOLE_RJ45_unpowered_corner_LED_-5.6
Fra:1 Mem:159.33M (Peak 159.33M) | Time:00:00.11 | Mem:0.00M, Peak:0.00M | CISCO_N9K_C9336C_FX2_V001, ViewLayer | Synchronizing object | CONSOLE_RJ45_contact_7
Fra:1 Mem:159.34M (Peak 159.34M) | Time:00:00.11 | Mem:0.00M, Peak:0.00M | CISCO_N9K_C9336C_FX2_V001, ViewLayer | Synchronizing object | CONSOLE_RJ45_contact_6
Fra:1 Mem:159.34M (Peak 159.34M) | Time:00:00.11 | Mem:0.00M, Peak:0.00M | CISCO_N9K_C9336C_FX2_V001, ViewLayer | Synchronizing object | CONSOLE_RJ45_contact_5
Fra:1 Mem:159.35M (Peak 159.35M) | Time:00:00.11 | Mem:0.00M, Peak:0.00M | CISCO_N9K_C9336C_FX2_V001, ViewLayer | Synchronizing object | CONSOLE_RJ45_contact_4
Fra:1 Mem:159.35M (Peak 159.35M) | Time:00:00.11 | Mem:0.00M, Peak:0.00M | CISCO_N9K_C9336C_FX2_V001, ViewLayer | Synchronizing object | CONSOLE_RJ45_contact_3
Fra:1 Mem:159.35M (Peak 159.35M) | Time:00:00.11 | Mem:0.00M, Peak:0.00M | CISCO_N9K_C9336C_FX2_V001, ViewLayer | Synchronizing object | CONSOLE_RJ45_contact_2
Fra:1 Mem:159.36M (Peak 159.36M) | Time:00:00.11 | Mem:0.00M, Peak:0.00M | CISCO_N9K_C9336C_FX2_V001, ViewLayer | Synchronizing object | CONSOLE_RJ45_contact_1
Fra:1 Mem:159.36M (Peak 159.36M) | Time:00:00.11 | Mem:0.00M, Peak:0.00M | CISCO_N9K_C9336C_FX2_V001, ViewLayer | Synchronizing object | CONSOLE_RJ45_contact_0
Fra:1 Mem:159.37M (Peak 159.37M) | Time:00:00.11 | Mem:0.00M, Peak:0.00M | CISCO_N9K_C9336C_FX2_V001, ViewLayer | Synchronizing object | CONSOLE_RJ45_deep_connector_stop
Fra:1 Mem:159.37M (Peak 159.37M) | Time:00:00.11 | Mem:0.00M, Peak:0.00M | CISCO_N9K_C9336C_FX2_V001, ViewLayer | Synchronizing object | CONSOLE_RJ45_keyed_plastic_body
Fra:1 Mem:159.37M (Peak 159.37M) | Time:00:00.11 | Mem:0.00M, Peak:0.00M | CISCO_N9K_C9336C_FX2_V001, ViewLayer | Synchronizing object | CONSOLE_RJ45_metal_shield
Fra:1 Mem:159.39M (Peak 159.39M) | Time:00:00.11 | Mem:0.00M, Peak:0.00M | CISCO_N9K_C9336C_FX2_V001, ViewLayer | Synchronizing object | Rear_service_panel_true_apertures
Fra:1 Mem:159.42M (Peak 159.42M) | Time:00:00.11 | Mem:0.00M, Peak:0.00M | CISCO_N9K_C9336C_FX2_V001, ViewLayer | Synchronizing object | PSU2_face_screw_24.5_39.3
Fra:1 Mem:159.43M (Peak 159.43M) | Time:00:00.11 | Mem:0.00M, Peak:0.00M | CISCO_N9K_C9336C_FX2_V001, ViewLayer | Synchronizing object | PSU2_face_screw_24.5_4.1
Fra:1 Mem:159.45M (Peak 159.45M) | Time:00:00.11 | Mem:0.00M, Peak:0.00M | CISCO_N9K_C9336C_FX2_V001, ViewLayer | Synchronizing object | PSU2_face_screw_-24.5_39.3
Fra:1 Mem:159.47M (Peak 159.47M) | Time:00:00.11 | Mem:0.00M, Peak:0.00M | CISCO_N9K_C9336C_FX2_V001, ViewLayer | Synchronizing object | PSU2_face_screw_-24.5_4.1
Fra:1 Mem:159.49M (Peak 159.49M) | Time:00:00.11 | Mem:0.00M, Peak:0.00M | CISCO_N9K_C9336C_FX2_V001, ViewLayer | Synchronizing object | PSU2_OK_legend
Fra:1 Mem:159.49M (Peak 159.49M) | Time:00:00.11 | Mem:0.00M, Peak:0.00M | CISCO_N9K_C9336C_FX2_V001, ViewLayer | Synchronizing object | PSU2_FAIL_legend
Fra:1 Mem:159.49M (Peak 159.49M) | Time:00:00.11 | Mem:0.00M, Peak:0.00M | CISCO_N9K_C9336C_FX2_V001, ViewLayer | Synchronizing object | PSU2_unpowered_LED_32.6
Fra:1 Mem:159.49M (Peak 159.49M) | Time:00:00.11 | Mem:0.00M, Peak:0.00M | CISCO_N9K_C9336C_FX2_V001, ViewLayer | Synchronizing object | PSU2_unpowered_LED_36.8
Fra:1 Mem:159.50M (Peak 159.50M) | Time:00:00.11 | Mem:0.00M, Peak:0.00M | CISCO_N9K_C9336C_FX2_V001, ViewLayer | Synchronizing object | PSU2_retainer_rib_315.4
Fra:1 Mem:159.50M (Peak 159.50M) | Time:00:00.11 | Mem:0.00M, Peak:0.00M | CISCO_N9K_C9336C_FX2_V001, ViewLayer | Synchronizing object | PSU2_retainer_rib_313.2
Fra:1 Mem:159.51M (Peak 159.51M) | Time:00:00.11 | Mem:0.00M, Peak:0.00M | CISCO_N9K_C9336C_FX2_V001, ViewLayer | Synchronizing object | PSU2_retainer_rib_311
Fra:1 Mem:159.51M (Peak 159.51M) | Time:00:00.11 | Mem:0.00M, Peak:0.00M | CISCO_N9K_C9336C_FX2_V001, ViewLayer | Synchronizing object | PSU2_retainer_rib_308.8
Fra:1 Mem:159.51M (Peak 159.51M) | Time:00:00.11 | Mem:0.00M, Peak:0.00M | CISCO_N9K_C9336C_FX2_V001, ViewLayer | Synchronizing object | PSU2_retainer_rib_306.6
Fra:1 Mem:159.52M (Peak 159.52M) | Time:00:00.11 | Mem:0.00M, Peak:0.00M | CISCO_N9K_C9336C_FX2_V001, ViewLayer | Synchronizing object | PSU2_retainer_rib_304.4
Fra:1 Mem:159.52M (Peak 159.52M) | Time:00:00.11 | Mem:0.00M, Peak:0.00M | CISCO_N9K_C9336C_FX2_V001, ViewLayer | Synchronizing object | Fan3_latch_thumb_flare_1
Fra:1 Mem:159.53M (Peak 159.53M) | Time:00:00.11 | Mem:0.00M, Peak:0.00M | CISCO_N9K_C9336C_FX2_V001, ViewLayer | Synchronizing object | PSU2_retainer_rib_302.2
Fra:1 Mem:159.53M (Peak 159.53M) | Time:00:00.11 | Mem:0.00M, Peak:0.00M | CISCO_N9K_C9336C_FX2_V001, ViewLayer | Synchronizing object | PSU2_retainer_rib_300
Fra:1 Mem:159.54M (Peak 159.54M) | Time:00:00.11 | Mem:0.00M, Peak:0.00M | CISCO_N9K_C9336C_FX2_V001, ViewLayer | Synchronizing object | PSU2_stowed_nylon_retention_loop
Fra:1 Mem:159.54M (Peak 159.54M) | Time:00:00.11 | Mem:0.00M, Peak:0.00M | CISCO_N9K_C9336C_FX2_V001, ViewLayer | Synchronizing object | PSU2_cord_retainer_anchor
Fra:1 Mem:159.55M (Peak 159.55M) | Time:00:00.11 | Mem:0.00M, Peak:0.00M | CISCO_N9K_C9336C_FX2_V001, ViewLayer | Synchronizing object | PSU2_BLUE_release_latch
Fra:1 Mem:159.55M (Peak 159.55M) | Time:00:00.11 | Mem:0.00M, Peak:0.00M | CISCO_N9K_C9336C_FX2_V001, ViewLayer | Synchronizing object | PSU2_silver_U_pull_handle
Fra:1 Mem:159.76M (Peak 159.76M) | Time:00:00.11 | Mem:0.00M, Peak:0.00M | CISCO_N9K_C9336C_FX2_V001, ViewLayer | Synchronizing object | Fan3_PID_label_recess
Fra:1 Mem:159.76M (Peak 159.76M) | Time:00:00.11 | Mem:0.00M, Peak:0.00M | CISCO_N9K_C9336C_FX2_V001, ViewLayer | Synchronizing object | Fan3_known_PID
Fra:1 Mem:159.78M (Peak 159.78M) | Time:00:00.11 | Mem:0.00M, Peak:0.00M | CISCO_N9K_C9336C_FX2_V001, ViewLayer | Synchronizing object | PSU2_IEC_pin_2
Fra:1 Mem:159.79M (Peak 159.79M) | Time:00:00.11 | Mem:0.00M, Peak:0.00M | CISCO_N9K_C9336C_FX2_V001, ViewLayer | Synchronizing object | PSU2_IEC_pin_1
Fra:1 Mem:159.81M (Peak 159.81M) | Time:00:00.11 | Mem:0.00M, Peak:0.00M | CISCO_N9K_C9336C_FX2_V001, ViewLayer | Synchronizing object | PSU2_IEC_pin_0
Fra:1 Mem:159.82M (Peak 159.82M) | Time:00:00.11 | Mem:0.00M, Peak:0.00M | CISCO_N9K_C9336C_FX2_V001, ViewLayer | Synchronizing object | PSU2_IEC_recessed_black_floor
Fra:1 Mem:159.82M (Peak 159.82M) | Time:00:00.11 | Mem:0.00M, Peak:0.00M | CISCO_N9K_C9336C_FX2_V001, ViewLayer | Synchronizing object | PSU2_IEC_C14_black_inlet_housing
Fra:1 Mem:159.84M (Peak 159.84M) | Time:00:00.11 | Mem:0.00M, Peak:0.00M | CISCO_N9K_C9336C_FX2_V001, ViewLayer | Synchronizing object | PSU2_true_hex_cooling_vents
Fra:1 Mem:160.32M (Peak 160.32M) | Time:00:00.11 | Mem:0.00M, Peak:0.00M | CISCO_N9K_C9336C_FX2_V001, ViewLayer | Synchronizing object | PSU2_inlet_vent_divider
Fra:1 Mem:160.32M (Peak 160.32M) | Time:00:00.11 | Mem:0.00M, Peak:0.00M | CISCO_N9K_C9336C_FX2_V001, ViewLayer | Synchronizing object | PSU2_front_face_rim
Fra:1 Mem:160.34M (Peak 160.34M) | Time:00:00.11 | Mem:0.00M, Peak:0.00M | CISCO_N9K_C9336C_FX2_V001, ViewLayer | Synchronizing object | PSU2_internal_opaque_baffle
Fra:1 Mem:160.34M (Peak 160.34M) | Time:00:00.11 | Mem:0.00M, Peak:0.00M | CISCO_N9K_C9336C_FX2_V001, ViewLayer | Synchronizing object | PSU2_internal_mating_block
Fra:1 Mem:160.35M (Peak 160.35M) | Time:00:00.11 | Mem:0.00M, Peak:0.00M | CISCO_N9K_C9336C_FX2_V001, ViewLayer | Synchronizing object | PSU2_rear_internal_endcap
Fra:1 Mem:160.36M (Peak 160.36M) | Time:00:00.11 | Mem:0.00M, Peak:0.00M | CISCO_N9K_C9336C_FX2_V001, ViewLayer | Synchronizing object | PSU2_formed_silver_shell
Fra:1 Mem:160.38M (Peak 160.38M) | Time:00:00.11 | Mem:0.00M, Peak:0.00M | CISCO_N9K_C9336C_FX2_V001, ViewLayer | Synchronizing object | PSU1_face_screw_24.5_39.3
Fra:1 Mem:160.70M (Peak 160.70M) | Time:00:00.11 | Mem:0.00M, Peak:0.00M | CISCO_N9K_C9336C_FX2_V001, ViewLayer | Synchronizing object | PSU1_face_screw_24.5_4.1
Fra:1 Mem:161.02M (Peak 161.02M) | Time:00:00.11 | Mem:0.00M, Peak:0.00M | CISCO_N9K_C9336C_FX2_V001, ViewLayer | Synchronizing object | PSU1_face_screw_-24.5_39.3
Fra:1 Mem:160.58M (Peak 161.02M) | Time:00:00.11 | Mem:0.00M, Peak:0.00M | CISCO_N9K_C9336C_FX2_V001, ViewLayer | Synchronizing object | PSU1_face_screw_-24.5_4.1
Fra:1 Mem:160.45M (Peak 161.02M) | Time:00:00.11 | Mem:0.00M, Peak:0.00M | CISCO_N9K_C9336C_FX2_V001, ViewLayer | Synchronizing object | PSU1_OK_legend
Fra:1 Mem:160.45M (Peak 161.02M) | Time:00:00.11 | Mem:0.00M, Peak:0.00M | CISCO_N9K_C9336C_FX2_V001, ViewLayer | Synchronizing object | PSU1_FAIL_legend
Fra:1 Mem:160.46M (Peak 161.02M) | Time:00:00.11 | Mem:0.00M, Peak:0.00M | CISCO_N9K_C9336C_FX2_V001, ViewLayer | Synchronizing object | PSU1_unpowered_LED_32.6
Fra:1 Mem:160.46M (Peak 161.02M) | Time:00:00.11 | Mem:0.00M, Peak:0.00M | CISCO_N9K_C9336C_FX2_V001, ViewLayer | Synchronizing object | PSU1_unpowered_LED_36.8
Fra:1 Mem:160.46M (Peak 161.02M) | Time:00:00.11 | Mem:0.00M, Peak:0.00M | CISCO_N9K_C9336C_FX2_V001, ViewLayer | Synchronizing object | PSU1_retainer_rib_315.4
Fra:1 Mem:160.47M (Peak 161.02M) | Time:00:00.11 | Mem:0.00M, Peak:0.00M | CISCO_N9K_C9336C_FX2_V001, ViewLayer | Synchronizing object | PSU1_retainer_rib_313.2
Fra:1 Mem:160.47M (Peak 161.02M) | Time:00:00.11 | Mem:0.00M, Peak:0.00M | CISCO_N9K_C9336C_FX2_V001, ViewLayer | Synchronizing object | PSU1_retainer_rib_311
Fra:1 Mem:160.48M (Peak 161.02M) | Time:00:00.11 | Mem:0.00M, Peak:0.00M | CISCO_N9K_C9336C_FX2_V001, ViewLayer | Synchronizing object | PSU1_retainer_rib_308.8
Fra:1 Mem:160.48M (Peak 161.02M) | Time:00:00.11 | Mem:0.00M, Peak:0.00M | CISCO_N9K_C9336C_FX2_V001, ViewLayer | Synchronizing object | PSU1_retainer_rib_306.6
Fra:1 Mem:160.48M (Peak 161.02M) | Time:00:00.11 | Mem:0.00M, Peak:0.00M | CISCO_N9K_C9336C_FX2_V001, ViewLayer | Synchronizing object | PSU1_retainer_rib_304.4
Fra:1 Mem:160.49M (Peak 161.02M) | Time:00:00.11 | Mem:0.00M, Peak:0.00M | CISCO_N9K_C9336C_FX2_V001, ViewLayer | Synchronizing object | PSU1_retainer_rib_302.2
Fra:1 Mem:160.49M (Peak 161.02M) | Time:00:00.12 | Mem:0.00M, Peak:0.00M | CISCO_N9K_C9336C_FX2_V001, ViewLayer | Synchronizing object | PSU1_retainer_rib_300
Fra:1 Mem:160.50M (Peak 161.02M) | Time:00:00.12 | Mem:0.00M, Peak:0.00M | CISCO_N9K_C9336C_FX2_V001, ViewLayer | Synchronizing object | PSU1_stowed_nylon_retention_loop
Fra:1 Mem:160.50M (Peak 161.02M) | Time:00:00.12 | Mem:0.00M, Peak:0.00M | CISCO_N9K_C9336C_FX2_V001, ViewLayer | Synchronizing object | PSU1_cord_retainer_anchor
Fra:1 Mem:160.51M (Peak 161.02M) | Time:00:00.12 | Mem:0.00M, Peak:0.00M | CISCO_N9K_C9336C_FX2_V001, ViewLayer | Synchronizing object | PSU1_BLUE_release_latch
Fra:1 Mem:160.51M (Peak 161.02M) | Time:00:00.12 | Mem:0.00M, Peak:0.00M | CISCO_N9K_C9336C_FX2_V001, ViewLayer | Synchronizing object | PSU1_silver_U_pull_handle
Fra:1 Mem:160.72M (Peak 161.02M) | Time:00:00.12 | Mem:0.00M, Peak:0.00M | CISCO_N9K_C9336C_FX2_V001, ViewLayer | Synchronizing object | PSU1_IEC_pin_2
Fra:1 Mem:160.73M (Peak 161.02M) | Time:00:00.12 | Mem:0.00M, Peak:0.00M | CISCO_N9K_C9336C_FX2_V001, ViewLayer | Synchronizing object | PSU1_IEC_pin_1
Fra:1 Mem:160.74M (Peak 161.02M) | Time:00:00.12 | Mem:0.00M, Peak:0.00M | CISCO_N9K_C9336C_FX2_V001, ViewLayer | Synchronizing object | PSU1_IEC_pin_0
Fra:1 Mem:160.76M (Peak 161.02M) | Time:00:00.12 | Mem:0.00M, Peak:0.00M | CISCO_N9K_C9336C_FX2_V001, ViewLayer | Synchronizing object | PSU1_IEC_recessed_black_floor
Fra:1 Mem:160.76M (Peak 161.02M) | Time:00:00.12 | Mem:0.00M, Peak:0.00M | CISCO_N9K_C9336C_FX2_V001, ViewLayer | Synchronizing object | PSU1_IEC_C14_black_inlet_housing
Fra:1 Mem:160.78M (Peak 161.02M) | Time:00:00.12 | Mem:0.00M, Peak:0.00M | CISCO_N9K_C9336C_FX2_V001, ViewLayer | Synchronizing object | PSU1_true_hex_cooling_vents
Fra:1 Mem:161.26M (Peak 161.26M) | Time:00:00.12 | Mem:0.00M, Peak:0.00M | CISCO_N9K_C9336C_FX2_V001, ViewLayer | Synchronizing object | Fan3_flush_lock_pin_-39
Fra:1 Mem:161.42M (Peak 161.42M) | Time:00:00.12 | Mem:0.00M, Peak:0.00M | CISCO_N9K_C9336C_FX2_V001, ViewLayer | Synchronizing object | Fan3_flush_lock_pin_39
Fra:1 Mem:161.28M (Peak 161.42M) | Time:00:00.12 | Mem:0.00M, Peak:0.00M | CISCO_N9K_C9336C_FX2_V001, ViewLayer | Synchronizing object | Fan1_fine_vertical_thumb_rib_-1_0
Fra:1 Mem:161.29M (Peak 161.42M) | Time:00:00.12 | Mem:0.00M, Peak:0.00M | CISCO_N9K_C9336C_FX2_V001, ViewLayer | Synchronizing object | Fan1_fine_vertical_thumb_rib_-1_2
Fra:1 Mem:161.29M (Peak 161.42M) | Time:00:00.12 | Mem:0.00M, Peak:0.00M | CISCO_N9K_C9336C_FX2_V001, ViewLayer | Synchronizing object | Fan1_fine_vertical_thumb_rib_-1_4
Fra:1 Mem:161.29M (Peak 161.42M) | Time:00:00.12 | Mem:0.00M, Peak:0.00M | CISCO_N9K_C9336C_FX2_V001, ViewLayer | Synchronizing object | Fan1_fine_vertical_thumb_rib_-1_5
Fra:1 Mem:161.30M (Peak 161.42M) | Time:00:00.12 | Mem:0.00M, Peak:0.00M | CISCO_N9K_C9336C_FX2_V001, ViewLayer | Synchronizing object | Fan1_fine_vertical_thumb_rib_-1_6
Fra:1 Mem:161.30M (Peak 161.42M) | Time:00:00.12 | Mem:0.00M, Peak:0.00M | CISCO_N9K_C9336C_FX2_V001, ViewLayer | Synchronizing object | Fan1_fine_vertical_thumb_rib_-1_7
Fra:1 Mem:161.30M (Peak 161.42M) | Time:00:00.12 | Mem:0.00M, Peak:0.00M | CISCO_N9K_C9336C_FX2_V001, ViewLayer | Synchronizing object | Fan1_fine_vertical_thumb_rib_-1_8
Fra:1 Mem:161.31M (Peak 161.42M) | Time:00:00.12 | Mem:0.00M, Peak:0.00M | CISCO_N9K_C9336C_FX2_V001, ViewLayer | Synchronizing object | Fan1_fine_vertical_thumb_rib_-1_9
Fra:1 Mem:161.31M (Peak 161.42M) | Time:00:00.12 | Mem:0.00M, Peak:0.00M | CISCO_N9K_C9336C_FX2_V001, ViewLayer | Synchronizing object | Fan1_fine_vertical_thumb_rib_1_0
Fra:1 Mem:161.32M (Peak 161.42M) | Time:00:00.12 | Mem:0.00M, Peak:0.00M | CISCO_N9K_C9336C_FX2_V001, ViewLayer | Synchronizing object | Fan1_fine_vertical_thumb_rib_1_1
Fra:1 Mem:161.32M (Peak 161.42M) | Time:00:00.12 | Mem:0.00M, Peak:0.00M | CISCO_N9K_C9336C_FX2_V001, ViewLayer | Synchronizing object | Fan1_fine_vertical_thumb_rib_1_2
Fra:1 Mem:161.33M (Peak 161.42M) | Time:00:00.12 | Mem:0.00M, Peak:0.00M | CISCO_N9K_C9336C_FX2_V001, ViewLayer | Synchronizing object | Fan1_fine_vertical_thumb_rib_1_3
Fra:1 Mem:161.33M (Peak 161.42M) | Time:00:00.12 | Mem:0.00M, Peak:0.00M | CISCO_N9K_C9336C_FX2_V001, ViewLayer | Synchronizing object | Fan1_fine_vertical_thumb_rib_1_4
Fra:1 Mem:161.34M (Peak 161.42M) | Time:00:00.12 | Mem:0.00M, Peak:0.00M | CISCO_N9K_C9336C_FX2_V001, ViewLayer | Synchronizing object | Fan1_fine_vertical_thumb_rib_1_5
Fra:1 Mem:161.34M (Peak 161.42M) | Time:00:00.12 | Mem:0.00M, Peak:0.00M | CISCO_N9K_C9336C_FX2_V001, ViewLayer | Synchronizing object | Fan1_fine_vertical_thumb_rib_1_6
Fra:1 Mem:161.35M (Peak 161.42M) | Time:00:00.12 | Mem:0.00M, Peak:0.00M | CISCO_N9K_C9336C_FX2_V001, ViewLayer | Synchronizing object | Fan1_fine_vertical_thumb_rib_1_7
Fra:1 Mem:161.35M (Peak 161.42M) | Time:00:00.12 | Mem:0.00M, Peak:0.00M | CISCO_N9K_C9336C_FX2_V001, ViewLayer | Synchronizing object | Fan1_fine_vertical_thumb_rib_1_8
Fra:1 Mem:170.50M (Peak 170.50M) | Time:00:00.12 | Mem:0.00M, Peak:0.00M | CISCO_N9K_C9336C_FX2_V001, ViewLayer | Synchronizing object | Fan1_fine_vertical_thumb_rib_1_9
Fra:1 Mem:170.59M (Peak 170.59M) | Time:00:00.12 | Mem:0.00M, Peak:0.00M | CISCO_N9K_C9336C_FX2_V001, ViewLayer | Synchronizing object | Fan2_fine_vertical_thumb_rib_-1_0
Fra:1 Mem:170.41M (Peak 170.59M) | Time:00:00.12 | Mem:0.00M, Peak:0.00M | CISCO_N9K_C9336C_FX2_V001, ViewLayer | Synchronizing object | PSU1_inlet_vent_divider
Fra:1 Mem:170.41M (Peak 170.59M) | Time:00:00.12 | Mem:0.00M, Peak:0.00M | CISCO_N9K_C9336C_FX2_V001, ViewLayer | Synchronizing object | Fan2_fine_vertical_thumb_rib_-1_1
Fra:1 Mem:170.41M (Peak 170.59M) | Time:00:00.12 | Mem:0.00M, Peak:0.00M | CISCO_N9K_C9336C_FX2_V001, ViewLayer | Synchronizing object | PSU1_front_face_rim
Fra:1 Mem:170.44M (Peak 170.59M) | Time:00:00.12 | Mem:0.00M, Peak:0.00M | CISCO_N9K_C9336C_FX2_V001, ViewLayer | Synchronizing object | Fan2_fine_vertical_thumb_rib_-1_2
Fra:1 Mem:170.44M (Peak 170.59M) | Time:00:00.12 | Mem:0.00M, Peak:0.00M | CISCO_N9K_C9336C_FX2_V001, ViewLayer | Synchronizing object | Fan2_fine_vertical_thumb_rib_-1_3
Fra:1 Mem:170.44M (Peak 170.59M) | Time:00:00.12 | Mem:0.00M, Peak:0.00M | CISCO_N9K_C9336C_FX2_V001, ViewLayer | Synchronizing object | Fan2_fine_vertical_thumb_rib_-1_4
Fra:1 Mem:170.45M (Peak 170.59M) | Time:00:00.12 | Mem:0.00M, Peak:0.00M | CISCO_N9K_C9336C_FX2_V001, ViewLayer | Synchronizing object | PSU1_internal_opaque_baffle
Fra:1 Mem:170.45M (Peak 170.59M) | Time:00:00.12 | Mem:0.00M, Peak:0.00M | CISCO_N9K_C9336C_FX2_V001, ViewLayer | Synchronizing object | PSU1_internal_mating_block
Fra:1 Mem:170.45M (Peak 170.59M) | Time:00:00.12 | Mem:0.00M, Peak:0.00M | CISCO_N9K_C9336C_FX2_V001, ViewLayer | Synchronizing object | PSU1_rear_internal_endcap
Fra:1 Mem:170.46M (Peak 170.59M) | Time:00:00.12 | Mem:0.00M, Peak:0.00M | CISCO_N9K_C9336C_FX2_V001, ViewLayer | Synchronizing object | Fan2_fine_vertical_thumb_rib_-1_6
Fra:1 Mem:170.47M (Peak 170.59M) | Time:00:00.12 | Mem:0.00M, Peak:0.00M | CISCO_N9K_C9336C_FX2_V001, ViewLayer | Synchronizing object | Fan2_fine_vertical_thumb_rib_-1_7
Fra:1 Mem:170.48M (Peak 170.59M) | Time:00:00.12 | Mem:0.00M, Peak:0.00M | CISCO_N9K_C9336C_FX2_V001, ViewLayer | Synchronizing object | Fan2_fine_vertical_thumb_rib_-1_8
Fra:1 Mem:170.48M (Peak 170.59M) | Time:00:00.12 | Mem:0.00M, Peak:0.00M | CISCO_N9K_C9336C_FX2_V001, ViewLayer | Synchronizing object | PSU1_formed_silver_shell
Fra:1 Mem:170.49M (Peak 170.59M) | Time:00:00.12 | Mem:0.00M, Peak:0.00M | CISCO_N9K_C9336C_FX2_V001, ViewLayer | Synchronizing object | Fan2_fine_vertical_thumb_rib_1_1
Fra:1 Mem:170.51M (Peak 170.59M) | Time:00:00.12 | Mem:0.00M, Peak:0.00M | CISCO_N9K_C9336C_FX2_V001, ViewLayer | Synchronizing object | Fan2_fine_vertical_thumb_rib_1_2
Fra:1 Mem:170.51M (Peak 170.59M) | Time:00:00.12 | Mem:0.00M, Peak:0.00M | CISCO_N9K_C9336C_FX2_V001, ViewLayer | Synchronizing object | Fan2_fine_vertical_thumb_rib_1_3
Fra:1 Mem:170.52M (Peak 170.59M) | Time:00:00.12 | Mem:0.00M, Peak:0.00M | CISCO_N9K_C9336C_FX2_V001, ViewLayer | Synchronizing object | Fan2_fine_vertical_thumb_rib_1_4
Fra:1 Mem:170.52M (Peak 170.59M) | Time:00:00.12 | Mem:0.00M, Peak:0.00M | CISCO_N9K_C9336C_FX2_V001, ViewLayer | Synchronizing object | Fan2_fine_vertical_thumb_rib_1_6
Fra:1 Mem:170.54M (Peak 170.59M) | Time:00:00.12 | Mem:0.00M, Peak:0.00M | CISCO_N9K_C9336C_FX2_V001, ViewLayer | Synchronizing object | Fan2_fine_vertical_thumb_rib_1_8
Fra:1 Mem:170.54M (Peak 170.59M) | Time:00:00.12 | Mem:0.00M, Peak:0.00M | CISCO_N9K_C9336C_FX2_V001, ViewLayer | Synchronizing object | Fan3_fine_vertical_thumb_rib_1_9
Fra:1 Mem:170.55M (Peak 170.59M) | Time:00:00.12 | Mem:0.00M, Peak:0.00M | CISCO_N9K_C9336C_FX2_V001, ViewLayer | Synchronizing object | Fan2_fine_vertical_thumb_rib_1_9
Fra:1 Mem:170.55M (Peak 170.59M) | Time:00:00.12 | Mem:0.00M, Peak:0.00M | CISCO_N9K_C9336C_FX2_V001, ViewLayer | Synchronizing object | Fan3_fine_vertical_thumb_rib_1_8
Fra:1 Mem:170.56M (Peak 170.59M) | Time:00:00.12 | Mem:0.00M, Peak:0.00M | CISCO_N9K_C9336C_FX2_V001, ViewLayer | Synchronizing object | Fan3_fine_vertical_thumb_rib_1_7
Fra:1 Mem:170.56M (Peak 170.59M) | Time:00:00.12 | Mem:0.00M, Peak:0.00M | CISCO_N9K_C9336C_FX2_V001, ViewLayer | Synchronizing object | Fan3_fine_vertical_thumb_rib_1_6
Fra:1 Mem:170.57M (Peak 170.59M) | Time:00:00.12 | Mem:0.00M, Peak:0.00M | CISCO_N9K_C9336C_FX2_V001, ViewLayer | Synchronizing object | Fan3_fine_vertical_thumb_rib_1_5
Fra:1 Mem:170.58M (Peak 170.59M) | Time:00:00.12 | Mem:0.00M, Peak:0.00M | CISCO_N9K_C9336C_FX2_V001, ViewLayer | Synchronizing object | Fan3_fine_vertical_thumb_rib_-1_3
Fra:1 Mem:170.58M (Peak 170.59M) | Time:00:00.12 | Mem:0.00M, Peak:0.00M | CISCO_N9K_C9336C_FX2_V001, ViewLayer | Synchronizing object | Fan3_fine_vertical_thumb_rib_1_4
Fra:1 Mem:170.58M (Peak 170.59M) | Time:00:00.12 | Mem:0.00M, Peak:0.00M | CISCO_N9K_C9336C_FX2_V001, ViewLayer | Synchronizing object | Fan3_fine_vertical_thumb_rib_-1_4
Fra:1 Mem:170.59M (Peak 170.59M) | Time:00:00.12 | Mem:0.00M, Peak:0.00M | CISCO_N9K_C9336C_FX2_V001, ViewLayer | Synchronizing object | Fan3_fine_vertical_thumb_rib_-1_5
Fra:1 Mem:170.59M (Peak 170.59M) | Time:00:00.12 | Mem:0.00M, Peak:0.00M | CISCO_N9K_C9336C_FX2_V001, ViewLayer | Synchronizing object | Fan3_fine_vertical_thumb_rib_-1_6
Fra:1 Mem:170.60M (Peak 170.60M) | Time:00:00.12 | Mem:0.00M, Peak:0.00M | CISCO_N9K_C9336C_FX2_V001, ViewLayer | Synchronizing object | Fan3_fine_vertical_thumb_rib_-1_7
Fra:1 Mem:170.61M (Peak 170.61M) | Time:00:00.12 | Mem:0.00M, Peak:0.00M | CISCO_N9K_C9336C_FX2_V001, ViewLayer | Synchronizing object | Fan3_fine_vertical_thumb_rib_-1_8
Fra:1 Mem:170.61M (Peak 170.61M) | Time:00:00.12 | Mem:0.00M, Peak:0.00M | CISCO_N9K_C9336C_FX2_V001, ViewLayer | Synchronizing object | Fan3_fine_vertical_thumb_rib_-1_9
Fra:1 Mem:170.62M (Peak 170.62M) | Time:00:00.12 | Mem:0.00M, Peak:0.00M | CISCO_N9K_C9336C_FX2_V001, ViewLayer | Synchronizing object | Fan3_fine_vertical_thumb_rib_1_0
Fra:1 Mem:170.63M (Peak 170.63M) | Time:00:00.12 | Mem:0.00M, Peak:0.00M | CISCO_N9K_C9336C_FX2_V001, ViewLayer | Synchronizing object | Fan3_fine_vertical_thumb_rib_1_2
Fra:1 Mem:172.90M (Peak 181.95M) | Time:00:00.28 | Mem:0.00M, Peak:0.00M | CISCO_N9K_C9336C_FX2_V001, ViewLayer | Initializing
Fra:1 Mem:168.45M (Peak 181.95M) | Time:00:00.29 | Mem:0.00M, Peak:0.00M | CISCO_N9K_C9336C_FX2_V001, ViewLayer | Updating Images | Loading NWR_original_chassis_label_baked
Fra:1 Mem:168.45M (Peak 181.95M) | Time:00:00.29 | Mem:0.00M, Peak:0.00M | CISCO_N9K_C9336C_FX2_V001, ViewLayer | Updating Images | Loading metal-micro-normal
Fra:1 Mem:169.95M (Peak 181.95M) | Time:00:00.29 | Mem:0.00M, Peak:0.00M | CISCO_N9K_C9336C_FX2_V001, ViewLayer | Updating Images | Loading fastener-steel-roughness
Fra:1 Mem:171.95M (Peak 181.95M) | Time:00:00.29 | Mem:0.00M, Peak:0.00M | CISCO_N9K_C9336C_FX2_V001, ViewLayer | Updating Images | Loading cage-stainless-steel-roughness
Fra:1 Mem:174.96M (Peak 181.95M) | Time:00:00.29 | Mem:0.00M, Peak:0.00M | CISCO_N9K_C9336C_FX2_V001, ViewLayer | Updating Images | Loading dark-grille-metal-roughness
Fra:1 Mem:155.47M (Peak 181.99M) | Time:00:00.32 | Mem:7.50M, Peak:7.50M | CISCO_N9K_C9336C_FX2_V001, ViewLayer | Waiting for render to start
Fra:1 Mem:155.47M (Peak 181.99M) | Time:00:00.32 | Mem:7.50M, Peak:7.50M | CISCO_N9K_C9336C_FX2_V001, ViewLayer | Loading render kernels (may take a few minutes the first time)
Fra:1 Mem:155.47M (Peak 181.99M) | Time:00:00.32 | Mem:7.50M, Peak:7.50M | CISCO_N9K_C9336C_FX2_V001, ViewLayer | Updating Scene
Fra:1 Mem:155.47M (Peak 181.99M) | Time:00:00.32 | Mem:7.50M, Peak:7.50M | CISCO_N9K_C9336C_FX2_V001, ViewLayer | Updating Shaders
Fra:1 Mem:155.56M (Peak 181.99M) | Time:00:00.32 | Mem:7.51M, Peak:7.51M | CISCO_N9K_C9336C_FX2_V001, ViewLayer | Updating Procedurals
Fra:1 Mem:155.56M (Peak 181.99M) | Time:00:00.32 | Mem:7.51M, Peak:7.51M | CISCO_N9K_C9336C_FX2_V001, ViewLayer | Updating Background
Fra:1 Mem:155.56M (Peak 181.99M) | Time:00:00.32 | Mem:7.51M, Peak:7.51M | CISCO_N9K_C9336C_FX2_V001, ViewLayer | Updating Camera
Fra:1 Mem:155.56M (Peak 181.99M) | Time:00:00.32 | Mem:7.51M, Peak:7.51M | CISCO_N9K_C9336C_FX2_V001, ViewLayer | Updating Meshes Flags
Fra:1 Mem:155.56M (Peak 181.99M) | Time:00:00.32 | Mem:7.51M, Peak:7.51M | CISCO_N9K_C9336C_FX2_V001, ViewLayer | Updating Objects
Fra:1 Mem:155.56M (Peak 181.99M) | Time:00:00.32 | Mem:7.51M, Peak:7.51M | CISCO_N9K_C9336C_FX2_V001, ViewLayer | Updating Objects | Copying Transformations to device
Fra:1 Mem:155.79M (Peak 181.99M) | Time:00:00.32 | Mem:7.73M, Peak:7.73M | CISCO_N9K_C9336C_FX2_V001, ViewLayer | Updating Objects | Applying Static Transformations
Fra:1 Mem:155.79M (Peak 181.99M) | Time:00:00.33 | Mem:7.73M, Peak:7.73M | CISCO_N9K_C9336C_FX2_V001, ViewLayer | Updating Particle Systems
Fra:1 Mem:155.79M (Peak 181.99M) | Time:00:00.33 | Mem:7.73M, Peak:7.73M | CISCO_N9K_C9336C_FX2_V001, ViewLayer | Updating Particle Systems | Copying Particles to device
Fra:1 Mem:155.79M (Peak 181.99M) | Time:00:00.33 | Mem:7.73M, Peak:7.73M | CISCO_N9K_C9336C_FX2_V001, ViewLayer | Updating Meshes
Fra:1 Mem:161.68M (Peak 181.99M) | Time:00:00.34 | Mem:7.73M, Peak:7.73M | CISCO_N9K_C9336C_FX2_V001, ViewLayer | Updating Mesh | Computing attributes
Fra:1 Mem:188.09M (Peak 188.09M) | Time:00:00.37 | Mem:7.77M, Peak:7.77M | CISCO_N9K_C9336C_FX2_V001, ViewLayer | Updating Mesh | Copying Attributes to device
Fra:1 Mem:187.97M (Peak 188.09M) | Time:00:00.37 | Mem:34.02M, Peak:34.02M | CISCO_N9K_C9336C_FX2_V001, ViewLayer | Updating Geometry BVH Lid_flush_Phillips_00 1/30 | Building BVH
Fra:1 Mem:187.97M (Peak 188.09M) | Time:00:00.37 | Mem:34.02M, Peak:34.02M | CISCO_N9K_C9336C_FX2_V001, ViewLayer | Updating Geometry BVH Pair01_stainless_shell_29mm_deep 2/30 | Building BVH
Fra:1 Mem:187.97M (Peak 188.09M) | Time:00:00.37 | Mem:34.02M, Peak:34.02M | CISCO_N9K_C9336C_FX2_V001, ViewLayer | Updating Geometry BVH Pair01_front_separator_true_perforations 3/30 | Building BVH
Fra:1 Mem:187.97M (Peak 188.09M) | Time:00:00.37 | Mem:34.10M, Peak:34.10M | CISCO_N9K_C9336C_FX2_V001, ViewLayer | Updating Geometry BVH Port02_subtle_recessed_contact_row 30/30 | Building BVH
Fra:1 Mem:187.97M (Peak 188.09M) | Time:00:00.37 | Mem:34.10M, Peak:34.10M | CISCO_N9K_C9336C_FX2_V001, ViewLayer | Updating Geometry BVH Pair01_internal_cooling_shelf 4/30 | Building BVH
Fra:1 Mem:187.97M (Peak 188.09M) | Time:00:00.37 | Mem:34.11M, Peak:34.11M | CISCO_N9K_C9336C_FX2_V001, ViewLayer | Updating Geometry BVH Port01_recessed_connector_stop 5/30 | Building BVH
Fra:1 Mem:187.97M (Peak 188.09M) | Time:00:00.37 | Mem:34.12M, Peak:34.12M | CISCO_N9K_C9336C_FX2_V001, ViewLayer | Updating Geometry BVH Port01_connector_contact_surround 6/30 | Building BVH
Fra:1 Mem:187.97M (Peak 188.09M) | Time:00:00.37 | Mem:34.12M, Peak:34.12M | CISCO_N9K_C9336C_FX2_V001, ViewLayer | Updating Geometry BVH Port01_guide_-1_-4.25 7/30 | Building BVH
Fra:1 Mem:187.97M (Peak 188.09M) | Time:00:00.37 | Mem:34.12M, Peak:34.12M | CISCO_N9K_C9336C_FX2_V001, ViewLayer | Updating Geometry BVH Port01_guide_-1_4.25 8/30 | Building BVH
Fra:1 Mem:187.97M (Peak 188.09M) | Time:00:00.37 | Mem:34.14M, Peak:34.14M | CISCO_N9K_C9336C_FX2_V001, ViewLayer | Updating Geometry BVH Port01_spring_-1_-2.8 9/30 | Building BVH
Fra:1 Mem:187.97M (Peak 188.09M) | Time:00:00.37 | Mem:34.18M, Peak:34.18M | CISCO_N9K_C9336C_FX2_V001, ViewLayer | Updating Geometry BVH Port01_spring_-1_0 10/30 | Building BVH
Fra:1 Mem:187.97M (Peak 188.09M) | Time:00:00.37 | Mem:34.18M, Peak:34.19M | CISCO_N9K_C9336C_FX2_V001, ViewLayer | Updating Geometry BVH Port01_spring_-1_2.8 11/30 | Building BVH
Fra:1 Mem:187.97M (Peak 188.09M) | Time:00:00.37 | Mem:34.19M, Peak:34.19M | CISCO_N9K_C9336C_FX2_V001, ViewLayer | Updating Geometry BVH Port01_guide_1_-4.25 12/30 | Building BVH
Fra:1 Mem:187.97M (Peak 188.09M) | Time:00:00.37 | Mem:34.21M, Peak:34.21M | CISCO_N9K_C9336C_FX2_V001, ViewLayer | Updating Geometry BVH Port01_guide_1_4.25 13/30 | Building BVH
Fra:1 Mem:187.97M (Peak 188.09M) | Time:00:00.37 | Mem:34.23M, Peak:34.23M | CISCO_N9K_C9336C_FX2_V001, ViewLayer | Updating Geometry BVH Port01_spring_1_-2.8 14/30 | Building BVH
Fra:1 Mem:187.97M (Peak 188.09M) | Time:00:00.37 | Mem:34.24M, Peak:34.24M | CISCO_N9K_C9336C_FX2_V001, ViewLayer | Updating Geometry BVH Port01_spring_1_0 15/30 | Building BVH
Fra:1 Mem:187.97M (Peak 188.09M) | Time:00:00.37 | Mem:34.25M, Peak:34.25M | CISCO_N9K_C9336C_FX2_V001, ViewLayer | Updating Geometry BVH Port02_spring_1_0 28/30 | Building BVH
Fra:1 Mem:187.97M (Peak 188.09M) | Time:00:00.37 | Mem:34.26M, Peak:34.26M | CISCO_N9K_C9336C_FX2_V001, ViewLayer | Updating Geometry BVH Port01_spring_1_2.8 16/30 | Building BVH
Fra:1 Mem:187.97M (Peak 188.09M) | Time:00:00.37 | Mem:34.27M, Peak:34.27M | CISCO_N9K_C9336C_FX2_V001, ViewLayer | Updating Geometry BVH Port01_subtle_recessed_contact_row 17/30 | Building BVH
Fra:1 Mem:187.97M (Peak 188.09M) | Time:00:00.37 | Mem:34.30M, Peak:34.31M | CISCO_N9K_C9336C_FX2_V001, ViewLayer | Updating Geometry BVH Port02_recessed_connector_stop 18/30 | Building BVH
Fra:1 Mem:187.97M (Peak 188.09M) | Time:00:00.37 | Mem:34.31M, Peak:34.31M | CISCO_N9K_C9336C_FX2_V001, ViewLayer | Updating Geometry BVH Port02_connector_contact_surround 19/30 | Building BVH
Fra:1 Mem:187.97M (Peak 188.09M) | Time:00:00.37 | Mem:34.35M, Peak:34.35M | CISCO_N9K_C9336C_FX2_V001, ViewLayer | Updating Geometry BVH Port02_guide_-1_-4.25 20/30 | Building BVH
Fra:1 Mem:187.97M (Peak 188.09M) | Time:00:00.37 | Mem:34.36M, Peak:34.36M | CISCO_N9K_C9336C_FX2_V001, ViewLayer | Updating Geometry BVH Port02_guide_-1_4.25 21/30 | Building BVH
Fra:1 Mem:187.97M (Peak 188.09M) | Time:00:00.37 | Mem:34.36M, Peak:34.36M | CISCO_N9K_C9336C_FX2_V001, ViewLayer | Updating Geometry BVH Port02_spring_-1_-2.8 22/30 | Building BVH
Fra:1 Mem:187.97M (Peak 188.09M) | Time:00:00.37 | Mem:34.40M, Peak:34.40M | CISCO_N9K_C9336C_FX2_V001, ViewLayer | Updating Geometry BVH Port02_spring_-1_0 23/30 | Building BVH
Fra:1 Mem:187.97M (Peak 188.09M) | Time:00:00.37 | Mem:34.41M, Peak:34.41M | CISCO_N9K_C9336C_FX2_V001, ViewLayer | Updating Geometry BVH Port02_spring_-1_2.8 24/30 | Building BVH
Fra:1 Mem:187.97M (Peak 188.09M) | Time:00:00.37 | Mem:34.42M, Peak:34.42M | CISCO_N9K_C9336C_FX2_V001, ViewLayer | Updating Geometry BVH Port02_guide_1_-4.25 25/30 | Building BVH
Fra:1 Mem:187.97M (Peak 188.09M) | Time:00:00.37 | Mem:34.44M, Peak:34.44M | CISCO_N9K_C9336C_FX2_V001, ViewLayer | Updating Geometry BVH Port02_spring_1_-2.8 27/30 | Building BVH
Fra:1 Mem:187.97M (Peak 188.09M) | Time:00:00.37 | Mem:34.45M, Peak:34.45M | CISCO_N9K_C9336C_FX2_V001, ViewLayer | Updating Geometry BVH Port02_guide_1_4.25 26/30 | Building BVH
Fra:1 Mem:187.97M (Peak 188.09M) | Time:00:00.37 | Mem:34.49M, Peak:34.56M | CISCO_N9K_C9336C_FX2_V001, ViewLayer | Updating Scene BVH | Building
Fra:1 Mem:187.98M (Peak 188.09M) | Time:00:00.37 | Mem:34.49M, Peak:34.56M | CISCO_N9K_C9336C_FX2_V001, ViewLayer | Updating Scene BVH | Building BVH
Fra:1 Mem:187.98M (Peak 188.09M) | Time:00:00.42 | Mem:58.89M, Peak:70.50M | CISCO_N9K_C9336C_FX2_V001, ViewLayer | Updating Scene BVH | Copying BVH to device
Fra:1 Mem:187.98M (Peak 188.09M) | Time:00:00.42 | Mem:58.89M, Peak:70.50M | CISCO_N9K_C9336C_FX2_V001, ViewLayer | Updating Mesh | Computing normals
Fra:1 Mem:201.18M (Peak 201.18M) | Time:00:00.43 | Mem:58.89M, Peak:70.50M | CISCO_N9K_C9336C_FX2_V001, ViewLayer | Updating Mesh | Copying Mesh to device
Fra:1 Mem:201.18M (Peak 201.18M) | Time:00:00.43 | Mem:72.10M, Peak:72.10M | CISCO_N9K_C9336C_FX2_V001, ViewLayer | Updating Objects Flags
Fra:1 Mem:201.18M (Peak 201.18M) | Time:00:00.43 | Mem:72.11M, Peak:72.11M | CISCO_N9K_C9336C_FX2_V001, ViewLayer | Updating Primitive Offsets
Fra:1 Mem:201.19M (Peak 201.19M) | Time:00:00.43 | Mem:72.11M, Peak:72.11M | CISCO_N9K_C9336C_FX2_V001, ViewLayer | Updating Images
Fra:1 Mem:201.19M (Peak 201.19M) | Time:00:00.43 | Mem:72.11M, Peak:72.11M | CISCO_N9K_C9336C_FX2_V001, ViewLayer | Updating Camera Volume
Fra:1 Mem:201.19M (Peak 201.19M) | Time:00:00.43 | Mem:72.11M, Peak:72.11M | CISCO_N9K_C9336C_FX2_V001, ViewLayer | Updating Lookup Tables
Fra:1 Mem:201.19M (Peak 201.19M) | Time:00:00.43 | Mem:72.19M, Peak:72.19M | CISCO_N9K_C9336C_FX2_V001, ViewLayer | Updating Lights
Fra:1 Mem:201.19M (Peak 201.19M) | Time:00:00.43 | Mem:72.19M, Peak:72.19M | CISCO_N9K_C9336C_FX2_V001, ViewLayer | Updating Lights | Computing distribution
Fra:1 Mem:201.19M (Peak 201.19M) | Time:00:00.43 | Mem:72.19M, Peak:72.19M | CISCO_N9K_C9336C_FX2_V001, ViewLayer | Updating Lights | Computing tree
Fra:1 Mem:201.20M (Peak 201.20M) | Time:00:00.43 | Mem:72.20M, Peak:72.20M | CISCO_N9K_C9336C_FX2_V001, ViewLayer | Updating Integrator
Fra:1 Mem:202.20M (Peak 202.20M) | Time:00:00.43 | Mem:73.20M, Peak:73.20M | CISCO_N9K_C9336C_FX2_V001, ViewLayer | Updating Film
Fra:1 Mem:202.20M (Peak 202.20M) | Time:00:00.43 | Mem:73.12M, Peak:73.20M | CISCO_N9K_C9336C_FX2_V001, ViewLayer | Updating Lookup Tables
Fra:1 Mem:202.20M (Peak 202.20M) | Time:00:00.43 | Mem:73.20M, Peak:73.20M | CISCO_N9K_C9336C_FX2_V001, ViewLayer | Updating Baking
Fra:1 Mem:202.20M (Peak 202.20M) | Time:00:00.43 | Mem:73.20M, Peak:73.20M | CISCO_N9K_C9336C_FX2_V001, ViewLayer | Updating Device | Writing constant memory
Fra:1 Mem:202.22M (Peak 202.22M) | Time:00:00.43 | Mem:73.20M, Peak:73.20M | CISCO_N9K_C9336C_FX2_V001, ViewLayer | Sample 0/128
Fra:1 Mem:325.84M (Peak 325.84M) | Time:00:02.21 | Remaining:03:45.63 | Mem:196.81M, Peak:196.81M | CISCO_N9K_C9336C_FX2_V001, ViewLayer | Sample 1/128
Fra:1 Mem:325.84M (Peak 325.84M) | Time:00:24.31 | Remaining:02:35.89 | Mem:196.81M, Peak:196.81M | CISCO_N9K_C9336C_FX2_V001, ViewLayer | Sample 17/128
Fra:1 Mem:325.84M (Peak 325.84M) | Time:00:44.88 | Remaining:02:07.96 | Mem:196.81M, Peak:196.81M | CISCO_N9K_C9336C_FX2_V001, ViewLayer | Sample 33/128
Fra:1 Mem:325.84M (Peak 325.84M) | Time:01:05.08 | Remaining:01:44.23 | Mem:196.81M, Peak:196.81M | CISCO_N9K_C9336C_FX2_V001, ViewLayer | Sample 49/128
Fra:1 Mem:325.84M (Peak 325.84M) | Time:01:27.41 | Remaining:01:26.98 | Mem:196.81M, Peak:196.81M | CISCO_N9K_C9336C_FX2_V001, ViewLayer | Sample 64/128
Fra:1 Mem:325.84M (Peak 325.84M) | Time:01:38.57 | Remaining:00:58.88 | Mem:196.81M, Peak:196.81M | CISCO_N9K_C9336C_FX2_V001, ViewLayer | Sample 80/128
Fra:1 Mem:325.84M (Peak 325.84M) | Time:01:45.84 | Remaining:00:35.13 | Mem:196.81M, Peak:196.81M | CISCO_N9K_C9336C_FX2_V001, ViewLayer | Sample 96/128
Fra:1 Mem:325.84M (Peak 325.84M) | Time:01:51.04 | Remaining:00:15.80 | Mem:196.81M, Peak:196.81M | CISCO_N9K_C9336C_FX2_V001, ViewLayer | Sample 112/128
Fra:1 Mem:380.77M (Peak 490.64M) | Time:01:54.80 | Mem:196.81M, Peak:196.81M | CISCO_N9K_C9336C_FX2_V001, ViewLayer | Sample 128/128
Fra:1 Mem:380.77M (Peak 490.64M) | Time:01:54.80 | Mem:196.81M, Peak:196.81M | CISCO_N9K_C9336C_FX2_V001, ViewLayer | Finished
Fra:1 Mem:159.78M (Peak 490.64M) | Time:01:54.84 | Compositing
Fra:1 Mem:159.78M (Peak 490.64M) | Time:01:54.84 | Compositing | Determining resolution
Fra:1 Mem:159.78M (Peak 490.64M) | Time:01:54.84 | Compositing | Initializing execution
Fra:1 Mem:214.78M (Peak 490.64M) | Time:01:54.84 | Compositing | Tile 1-63
Fra:1 Mem:214.78M (Peak 490.64M) | Time:01:54.84 | Compositing | Tile 2-63
Fra:1 Mem:214.78M (Peak 490.64M) | Time:01:54.84 | Compositing | Tile 4-63
Fra:1 Mem:214.78M (Peak 490.64M) | Time:01:54.84 | Compositing | Tile 3-63
Fra:1 Mem:214.78M (Peak 490.64M) | Time:01:54.84 | Compositing | Tile 5-63
Fra:1 Mem:214.78M (Peak 490.64M) | Time:01:54.84 | Compositing | Tile 6-63
Fra:1 Mem:214.78M (Peak 490.64M) | Time:01:54.85 | Compositing | Tile 7-63
Fra:1 Mem:214.78M (Peak 490.64M) | Time:01:54.85 | Compositing | Tile 8-63
Fra:1 Mem:214.78M (Peak 490.64M) | Time:01:54.85 | Compositing | Tile 9-63
Fra:1 Mem:214.78M (Peak 490.64M) | Time:01:54.85 | Compositing | Tile 10-63
Fra:1 Mem:214.78M (Peak 490.64M) | Time:01:54.85 | Compositing | Tile 11-63
Fra:1 Mem:214.78M (Peak 490.64M) | Time:01:54.85 | Compositing | Tile 12-63
Fra:1 Mem:214.78M (Peak 490.64M) | Time:01:54.85 | Compositing | Tile 13-63
Fra:1 Mem:214.78M (Peak 490.64M) | Time:01:54.85 | Compositing | Tile 14-63
Fra:1 Mem:214.78M (Peak 490.64M) | Time:01:54.85 | Compositing | Tile 15-63
Fra:1 Mem:214.78M (Peak 490.64M) | Time:01:54.85 | Compositing | Tile 16-63
Fra:1 Mem:214.78M (Peak 490.64M) | Time:01:54.85 | Compositing | Tile 17-63
Fra:1 Mem:214.78M (Peak 490.64M) | Time:01:54.85 | Compositing | Tile 18-63
Fra:1 Mem:214.78M (Peak 490.64M) | Time:01:54.85 | Compositing | Tile 19-63
Fra:1 Mem:214.78M (Peak 490.64M) | Time:01:54.85 | Compositing | Tile 20-63
Fra:1 Mem:214.78M (Peak 490.64M) | Time:01:54.85 | Compositing | Tile 21-63
Fra:1 Mem:214.78M (Peak 490.64M) | Time:01:54.85 | Compositing | Tile 22-63
Fra:1 Mem:214.78M (Peak 490.64M) | Time:01:54.85 | Compositing | Tile 23-63
Fra:1 Mem:214.78M (Peak 490.64M) | Time:01:54.85 | Compositing | Tile 24-63
Fra:1 Mem:214.78M (Peak 490.64M) | Time:01:54.85 | Compositing | Tile 25-63
Fra:1 Mem:214.78M (Peak 490.64M) | Time:01:54.85 | Compositing | Tile 26-63
Fra:1 Mem:214.78M (Peak 490.64M) | Time:01:54.85 | Compositing | Tile 27-63
Fra:1 Mem:214.78M (Peak 490.64M) | Time:01:54.85 | Compositing | Tile 28-63
Fra:1 Mem:214.78M (Peak 490.64M) | Time:01:54.85 | Compositing | Tile 29-63
Fra:1 Mem:214.78M (Peak 490.64M) | Time:01:54.85 | Compositing | Tile 30-63
Fra:1 Mem:214.78M (Peak 490.64M) | Time:01:54.86 | Compositing | Tile 31-63
Fra:1 Mem:214.78M (Peak 490.64M) | Time:01:54.86 | Compositing | Tile 32-63
Fra:1 Mem:214.78M (Peak 490.64M) | Time:01:54.86 | Compositing | Tile 33-63
Fra:1 Mem:214.78M (Peak 490.64M) | Time:01:54.86 | Compositing | Tile 34-63
Fra:1 Mem:214.78M (Peak 490.64M) | Time:01:54.86 | Compositing | Tile 35-63
Fra:1 Mem:214.78M (Peak 490.64M) | Time:01:54.86 | Compositing | Tile 36-63
Fra:1 Mem:214.78M (Peak 490.64M) | Time:01:54.86 | Compositing | Tile 37-63
Fra:1 Mem:214.78M (Peak 490.64M) | Time:01:54.86 | Compositing | Tile 38-63
Fra:1 Mem:214.78M (Peak 490.64M) | Time:01:54.86 | Compositing | Tile 39-63
Fra:1 Mem:214.78M (Peak 490.64M) | Time:01:54.86 | Compositing | Tile 40-63
Fra:1 Mem:214.78M (Peak 490.64M) | Time:01:54.86 | Compositing | Tile 41-63
Fra:1 Mem:214.78M (Peak 490.64M) | Time:01:54.86 | Compositing | Tile 42-63
Fra:1 Mem:214.78M (Peak 490.64M) | Time:01:54.86 | Compositing | Tile 43-63
Fra:1 Mem:214.78M (Peak 490.64M) | Time:01:54.86 | Compositing | Tile 44-63
Fra:1 Mem:214.78M (Peak 490.64M) | Time:01:54.86 | Compositing | Tile 45-63
Fra:1 Mem:214.78M (Peak 490.64M) | Time:01:54.86 | Compositing | Tile 46-63
Fra:1 Mem:214.78M (Peak 490.64M) | Time:01:54.86 | Compositing | Tile 47-63
Fra:1 Mem:214.78M (Peak 490.64M) | Time:01:54.86 | Compositing | Tile 48-63
Fra:1 Mem:214.78M (Peak 490.64M) | Time:01:54.86 | Compositing | Tile 49-63
Fra:1 Mem:214.78M (Peak 490.64M) | Time:01:54.86 | Compositing | Tile 50-63
Fra:1 Mem:214.78M (Peak 490.64M) | Time:01:54.86 | Compositing | Tile 51-63
Fra:1 Mem:214.78M (Peak 490.64M) | Time:01:54.86 | Compositing | Tile 52-63
Fra:1 Mem:214.78M (Peak 490.64M) | Time:01:54.86 | Compositing | Tile 53-63
Fra:1 Mem:214.78M (Peak 490.64M) | Time:01:54.86 | Compositing | Tile 54-63
Fra:1 Mem:214.78M (Peak 490.64M) | Time:01:54.86 | Compositing | Tile 55-63
Fra:1 Mem:214.78M (Peak 490.64M) | Time:01:54.86 | Compositing | Tile 56-63
Fra:1 Mem:214.78M (Peak 490.64M) | Time:01:54.86 | Compositing | Tile 57-63
Fra:1 Mem:214.78M (Peak 490.64M) | Time:01:54.86 | Compositing | Tile 58-63
Fra:1 Mem:214.78M (Peak 490.64M) | Time:01:54.86 | Compositing | Tile 59-63
Fra:1 Mem:214.78M (Peak 490.64M) | Time:01:54.86 | Compositing | Tile 60-63
Fra:1 Mem:214.78M (Peak 490.64M) | Time:01:54.86 | Compositing | Tile 61-63
Fra:1 Mem:214.78M (Peak 490.64M) | Time:01:54.87 | Compositing | Tile 62-63
Fra:1 Mem:214.78M (Peak 490.64M) | Time:01:54.87 | Compositing | Tile 63-63
Fra:1 Mem:214.72M (Peak 490.64M) | Time:01:54.87 | Compositing | De-initializing execution
Saved: '/root/Project/rack-device-3d/Cisco-N9KC9336C-FX2/v001/previews/top.png'
Time: 01:55.61 (Saving: 00:00.73)

VIEW_COMPLETE top
Fra:1 Mem:129.74M (Peak 129.74M) | Time:00:00.09 | Mem:0.00M, Peak:0.00M | CISCO_N9K_C9336C_FX2_V001, ViewLayer | Synchronizing object | INFERRED_Bottom_folded_sheet
Fra:1 Mem:129.74M (Peak 129.74M) | Time:00:00.09 | Mem:0.00M, Peak:0.00M | CISCO_N9K_C9336C_FX2_V001, ViewLayer | Synchronizing object | Lid_port_edge_fold
Fra:1 Mem:130.06M (Peak 130.06M) | Time:00:00.09 | Mem:0.00M, Peak:0.00M | CISCO_N9K_C9336C_FX2_V001, ViewLayer | Synchronizing object | Lid_staggered_punched_vent_2028_through_holes
Fra:1 Mem:134.97M (Peak 134.97M) | Time:00:00.09 | Mem:0.00M, Peak:0.00M | CISCO_N9K_C9336C_FX2_V001, ViewLayer | Synchronizing object | Lid_vent_side_border_-1
Fra:1 Mem:134.97M (Peak 134.97M) | Time:00:00.09 | Mem:0.00M, Peak:0.00M | CISCO_N9K_C9336C_FX2_V001, ViewLayer | Synchronizing object | Lid_vent_side_border_1
Fra:1 Mem:136.42M (Peak 136.42M) | Time:00:00.09 | Mem:0.00M, Peak:0.00M | CISCO_N9K_C9336C_FX2_V001, ViewLayer | Synchronizing object | Interior_under_port_vent_baffle
Fra:1 Mem:136.42M (Peak 136.42M) | Time:00:00.09 | Mem:0.00M, Peak:0.00M | CISCO_N9K_C9336C_FX2_V001, ViewLayer | Synchronizing object | Rear_horizontal_rim_1.25
Fra:1 Mem:136.43M (Peak 136.43M) | Time:00:00.09 | Mem:0.00M, Peak:0.00M | CISCO_N9K_C9336C_FX2_V001, ViewLayer | Synchronizing object | Rear_horizontal_rim_42.438
Fra:1 Mem:136.43M (Peak 136.43M) | Time:00:00.09 | Mem:0.00M, Peak:0.00M | CISCO_N9K_C9336C_FX2_V001, ViewLayer | Synchronizing object | Rear_side_rim_-218.46
Fra:1 Mem:136.43M (Peak 136.43M) | Time:00:00.09 | Mem:0.00M, Peak:0.00M | CISCO_N9K_C9336C_FX2_V001, ViewLayer | Synchronizing object | Rear_side_rim_218.46
Fra:1 Mem:136.43M (Peak 136.43M) | Time:00:00.09 | Mem:0.00M, Peak:0.00M | CISCO_N9K_C9336C_FX2_V001, ViewLayer | Synchronizing object | Rear_module_divider_160
Fra:1 Mem:136.45M (Peak 136.45M) | Time:00:00.09 | Mem:0.00M, Peak:0.00M | CISCO_N9K_C9336C_FX2_V001, ViewLayer | Synchronizing object | Rear_module_divider_70
Fra:1 Mem:136.46M (Peak 136.46M) | Time:00:00.09 | Mem:0.00M, Peak:0.00M | CISCO_N9K_C9336C_FX2_V001, ViewLayer | Synchronizing object | Rear_module_divider_-20
Fra:1 Mem:136.48M (Peak 136.48M) | Time:00:00.09 | Mem:0.00M, Peak:0.00M | CISCO_N9K_C9336C_FX2_V001, ViewLayer | Synchronizing object | Rear_module_divider_-110
Fra:1 Mem:136.50M (Peak 136.50M) | Time:00:00.09 | Mem:0.00M, Peak:0.00M | CISCO_N9K_C9336C_FX2_V001, ViewLayer | Synchronizing object | Rear_module_divider_-160
Fra:1 Mem:136.51M (Peak 136.51M) | Time:00:00.09 | Mem:0.00M, Peak:0.00M | CISCO_N9K_C9336C_FX2_V001, ViewLayer | Synchronizing object | Lid_flush_Phillips_00
Fra:1 Mem:136.53M (Peak 136.53M) | Time:00:00.09 | Mem:0.00M, Peak:0.00M | CISCO_N9K_C9336C_FX2_V001, ViewLayer | Synchronizing object | Port_face_solid_punched_panel
Fra:1 Mem:138.26M (Peak 138.26M) | Time:00:00.09 | Mem:0.00M, Peak:0.00M | CISCO_N9K_C9336C_FX2_V001, ViewLayer | Synchronizing object | LEFT_EAR_bent_opaque_solid_with_true_bores
Fra:1 Mem:138.43M (Peak 138.43M) | Time:00:00.09 | Mem:0.00M, Peak:0.00M | CISCO_N9K_C9336C_FX2_V001, ViewLayer | Synchronizing object | LEFT_ear_M4_-284_10.8
Fra:1 Mem:139.17M (Peak 139.17M) | Time:00:00.09 | Mem:0.00M, Peak:0.00M | CISCO_N9K_C9336C_FX2_V001, ViewLayer | Synchronizing object | LEFT_ear_M4_-284_32.8
Fra:1 Mem:139.44M (Peak 139.44M) | Time:00:00.09 | Mem:0.00M, Peak:0.00M | CISCO_N9K_C9336C_FX2_V001, ViewLayer | Synchronizing object | LEFT_ear_M4_-256_10.8
Fra:1 Mem:140.07M (Peak 140.07M) | Time:00:00.09 | Mem:0.00M, Peak:0.00M | CISCO_N9K_C9336C_FX2_V001, ViewLayer | Synchronizing object | LEFT_ear_M4_-256_32.8
Fra:1 Mem:140.08M (Peak 140.08M) | Time:00:00.09 | Mem:0.00M, Peak:0.00M | CISCO_N9K_C9336C_FX2_V001, ViewLayer | Synchronizing object | RIGHT_EAR_bent_opaque_solid_with_true_bores
Fra:1 Mem:140.31M (Peak 140.31M) | Time:00:00.09 | Mem:0.00M, Peak:0.00M | CISCO_N9K_C9336C_FX2_V001, ViewLayer | Synchronizing object | RIGHT_ear_M4_-284_10.8
Fra:1 Mem:140.45M (Peak 140.45M) | Time:00:00.09 | Mem:0.00M, Peak:0.00M | CISCO_N9K_C9336C_FX2_V001, ViewLayer | Synchronizing object | RIGHT_ear_M4_-284_32.8
Fra:1 Mem:140.73M (Peak 140.73M) | Time:00:00.09 | Mem:0.00M, Peak:0.00M | CISCO_N9K_C9336C_FX2_V001, ViewLayer | Synchronizing object | RIGHT_ear_M4_-256_10.8
Fra:1 Mem:140.80M (Peak 140.80M) | Time:00:00.09 | Mem:0.00M, Peak:0.00M | CISCO_N9K_C9336C_FX2_V001, ViewLayer | Synchronizing object | RIGHT_ear_M4_-256_32.8
Fra:1 Mem:140.83M (Peak 140.83M) | Time:00:00.09 | Mem:0.00M, Peak:0.00M | CISCO_N9K_C9336C_FX2_V001, ViewLayer | Synchronizing object | Pair01_stainless_shell_29mm_deep
Fra:1 Mem:140.85M (Peak 140.85M) | Time:00:00.09 | Mem:0.00M, Peak:0.00M | CISCO_N9K_C9336C_FX2_V001, ViewLayer | Synchronizing object | Pair01_front_separator_true_perforations
Fra:1 Mem:140.94M (Peak 140.94M) | Time:00:00.09 | Mem:0.00M, Peak:0.00M | CISCO_N9K_C9336C_FX2_V001, ViewLayer | Synchronizing object | Pair01_internal_cooling_shelf
Fra:1 Mem:141.00M (Peak 141.00M) | Time:00:00.09 | Mem:0.00M, Peak:0.00M | CISCO_N9K_C9336C_FX2_V001, ViewLayer | Synchronizing object | Port01_recessed_connector_stop
Fra:1 Mem:141.11M (Peak 141.11M) | Time:00:00.09 | Mem:0.00M, Peak:0.00M | CISCO_N9K_C9336C_FX2_V001, ViewLayer | Synchronizing object | Port01_connector_contact_surround
Fra:1 Mem:141.11M (Peak 141.11M) | Time:00:00.09 | Mem:0.00M, Peak:0.00M | CISCO_N9K_C9336C_FX2_V001, ViewLayer | Synchronizing object | Port01_guide_-1_-4.25
Fra:1 Mem:141.16M (Peak 141.16M) | Time:00:00.09 | Mem:0.00M, Peak:0.00M | CISCO_N9K_C9336C_FX2_V001, ViewLayer | Synchronizing object | Port01_guide_-1_4.25
Fra:1 Mem:142.84M (Peak 142.84M) | Time:00:00.09 | Mem:0.00M, Peak:0.00M | CISCO_N9K_C9336C_FX2_V001, ViewLayer | Synchronizing object | Port01_spring_-1_-2.8
Fra:1 Mem:142.85M (Peak 142.85M) | Time:00:00.09 | Mem:0.00M, Peak:0.00M | CISCO_N9K_C9336C_FX2_V001, ViewLayer | Synchronizing object | Port01_spring_-1_0
Fra:1 Mem:142.87M (Peak 142.87M) | Time:00:00.09 | Mem:0.00M, Peak:0.00M | CISCO_N9K_C9336C_FX2_V001, ViewLayer | Synchronizing object | Port01_spring_-1_2.8
Fra:1 Mem:142.88M (Peak 142.88M) | Time:00:00.09 | Mem:0.00M, Peak:0.00M | CISCO_N9K_C9336C_FX2_V001, ViewLayer | Synchronizing object | Port01_guide_1_-4.25
Fra:1 Mem:142.90M (Peak 142.90M) | Time:00:00.09 | Mem:0.00M, Peak:0.00M | CISCO_N9K_C9336C_FX2_V001, ViewLayer | Synchronizing object | Port01_guide_1_4.25
Fra:1 Mem:142.91M (Peak 142.91M) | Time:00:00.09 | Mem:0.00M, Peak:0.00M | CISCO_N9K_C9336C_FX2_V001, ViewLayer | Synchronizing object | Port01_spring_1_-2.8
Fra:1 Mem:142.93M (Peak 142.93M) | Time:00:00.09 | Mem:0.00M, Peak:0.00M | CISCO_N9K_C9336C_FX2_V001, ViewLayer | Synchronizing object | Port01_spring_1_0
Fra:1 Mem:142.95M (Peak 142.95M) | Time:00:00.09 | Mem:0.00M, Peak:0.00M | CISCO_N9K_C9336C_FX2_V001, ViewLayer | Synchronizing object | Port01_spring_1_2.8
Fra:1 Mem:142.96M (Peak 142.96M) | Time:00:00.09 | Mem:0.00M, Peak:0.00M | CISCO_N9K_C9336C_FX2_V001, ViewLayer | Synchronizing object | Port01_subtle_recessed_contact_row
Fra:1 Mem:142.98M (Peak 142.98M) | Time:00:00.09 | Mem:0.00M, Peak:0.00M | CISCO_N9K_C9336C_FX2_V001, ViewLayer | Synchronizing object | Port02_recessed_connector_stop
Fra:1 Mem:142.98M (Peak 142.98M) | Time:00:00.09 | Mem:0.00M, Peak:0.00M | CISCO_N9K_C9336C_FX2_V001, ViewLayer | Synchronizing object | Port02_connector_contact_surround
Fra:1 Mem:142.99M (Peak 142.99M) | Time:00:00.09 | Mem:0.00M, Peak:0.00M | CISCO_N9K_C9336C_FX2_V001, ViewLayer | Synchronizing object | Port02_guide_-1_-4.25
Fra:1 Mem:143.00M (Peak 143.00M) | Time:00:00.09 | Mem:0.00M, Peak:0.00M | CISCO_N9K_C9336C_FX2_V001, ViewLayer | Synchronizing object | Port02_guide_-1_4.25
Fra:1 Mem:143.02M (Peak 143.02M) | Time:00:00.09 | Mem:0.00M, Peak:0.00M | CISCO_N9K_C9336C_FX2_V001, ViewLayer | Synchronizing object | Port02_spring_-1_-2.8
Fra:1 Mem:143.03M (Peak 143.03M) | Time:00:00.09 | Mem:0.00M, Peak:0.00M | CISCO_N9K_C9336C_FX2_V001, ViewLayer | Synchronizing object | Port02_spring_-1_0
Fra:1 Mem:143.05M (Peak 143.05M) | Time:00:00.09 | Mem:0.00M, Peak:0.00M | CISCO_N9K_C9336C_FX2_V001, ViewLayer | Synchronizing object | Port02_spring_-1_2.8
Fra:1 Mem:143.17M (Peak 143.17M) | Time:00:00.09 | Mem:0.00M, Peak:0.00M | CISCO_N9K_C9336C_FX2_V001, ViewLayer | Synchronizing object | Port02_guide_1_-4.25
Fra:1 Mem:143.08M (Peak 143.17M) | Time:00:00.09 | Mem:0.00M, Peak:0.00M | CISCO_N9K_C9336C_FX2_V001, ViewLayer | Synchronizing object | Port02_guide_1_4.25
Fra:1 Mem:143.09M (Peak 143.17M) | Time:00:00.09 | Mem:0.00M, Peak:0.00M | CISCO_N9K_C9336C_FX2_V001, ViewLayer | Synchronizing object | Port02_spring_1_-2.8
Fra:1 Mem:143.10M (Peak 143.17M) | Time:00:00.09 | Mem:0.00M, Peak:0.00M | CISCO_N9K_C9336C_FX2_V001, ViewLayer | Synchronizing object | Port02_spring_1_0
Fra:1 Mem:143.11M (Peak 143.17M) | Time:00:00.09 | Mem:0.00M, Peak:0.00M | CISCO_N9K_C9336C_FX2_V001, ViewLayer | Synchronizing object | Port02_spring_1_2.8
Fra:1 Mem:143.13M (Peak 143.17M) | Time:00:00.09 | Mem:0.00M, Peak:0.00M | CISCO_N9K_C9336C_FX2_V001, ViewLayer | Synchronizing object | Port02_subtle_recessed_contact_row
Fra:1 Mem:143.14M (Peak 143.17M) | Time:00:00.09 | Mem:0.00M, Peak:0.00M | CISCO_N9K_C9336C_FX2_V001, ViewLayer | Synchronizing object | Fan1_hub_-1
Fra:1 Mem:146.48M (Peak 146.48M) | Time:00:00.09 | Mem:0.00M, Peak:0.00M | CISCO_N9K_C9336C_FX2_V001, ViewLayer | Synchronizing object | Fan1_blade_-1_0
Fra:1 Mem:146.48M (Peak 146.48M) | Time:00:00.09 | Mem:0.00M, Peak:0.00M | CISCO_N9K_C9336C_FX2_V001, ViewLayer | Synchronizing object | Fan1_blade_-1_1
Fra:1 Mem:146.48M (Peak 146.48M) | Time:00:00.09 | Mem:0.00M, Peak:0.00M | CISCO_N9K_C9336C_FX2_V001, ViewLayer | Synchronizing object | Fan1_blade_-1_2
Fra:1 Mem:146.48M (Peak 146.48M) | Time:00:00.09 | Mem:0.00M, Peak:0.00M | CISCO_N9K_C9336C_FX2_V001, ViewLayer | Synchronizing object | Fan1_blade_-1_3
Fra:1 Mem:146.48M (Peak 146.48M) | Time:00:00.09 | Mem:0.00M, Peak:0.00M | CISCO_N9K_C9336C_FX2_V001, ViewLayer | Synchronizing object | Fan1_blade_-1_4
Fra:1 Mem:146.48M (Peak 146.48M) | Time:00:00.09 | Mem:0.00M, Peak:0.00M | CISCO_N9K_C9336C_FX2_V001, ViewLayer | Synchronizing object | Fan1_blade_-1_5
Fra:1 Mem:146.48M (Peak 146.48M) | Time:00:00.09 | Mem:0.00M, Peak:0.00M | CISCO_N9K_C9336C_FX2_V001, ViewLayer | Synchronizing object | Fan1_blade_-1_6
Fra:1 Mem:147.93M (Peak 147.93M) | Time:00:00.09 | Mem:0.00M, Peak:0.00M | CISCO_N9K_C9336C_FX2_V001, ViewLayer | Synchronizing object | Fan1_top_retention_rail_-1
Fra:1 Mem:147.94M (Peak 147.94M) | Time:00:00.09 | Mem:0.00M, Peak:0.00M | CISCO_N9K_C9336C_FX2_V001, ViewLayer | Synchronizing object | Fan1_rear_power_contact_block_-1
Fra:1 Mem:147.95M (Peak 147.95M) | Time:00:00.09 | Mem:0.00M, Peak:0.00M | CISCO_N9K_C9336C_FX2_V001, ViewLayer | Synchronizing object | Fan1_rotor_housing_1
Fra:1 Mem:147.95M (Peak 147.95M) | Time:00:00.09 | Mem:0.00M, Peak:0.00M | CISCO_N9K_C9336C_FX2_V001, ViewLayer | Synchronizing object | Fan1_hub_1
Fra:1 Mem:147.96M (Peak 147.96M) | Time:00:00.09 | Mem:0.00M, Peak:0.00M | CISCO_N9K_C9336C_FX2_V001, ViewLayer | Synchronizing object | Fan1_blade_1_0
Fra:1 Mem:147.96M (Peak 147.96M) | Time:00:00.09 | Mem:0.00M, Peak:0.00M | CISCO_N9K_C9336C_FX2_V001, ViewLayer | Synchronizing object | Fan1_blade_1_1
Fra:1 Mem:147.96M (Peak 147.96M) | Time:00:00.09 | Mem:0.00M, Peak:0.00M | CISCO_N9K_C9336C_FX2_V001, ViewLayer | Synchronizing object | Fan1_blade_1_2
Fra:1 Mem:147.96M (Peak 147.96M) | Time:00:00.09 | Mem:0.00M, Peak:0.00M | CISCO_N9K_C9336C_FX2_V001, ViewLayer | Synchronizing object | Fan1_blade_1_3
Fra:1 Mem:147.96M (Peak 147.96M) | Time:00:00.09 | Mem:0.00M, Peak:0.00M | CISCO_N9K_C9336C_FX2_V001, ViewLayer | Synchronizing object | Fan1_blade_1_4
Fra:1 Mem:147.96M (Peak 147.96M) | Time:00:00.09 | Mem:0.00M, Peak:0.00M | CISCO_N9K_C9336C_FX2_V001, ViewLayer | Synchronizing object | Fan1_blade_1_5
Fra:1 Mem:147.96M (Peak 147.96M) | Time:00:00.09 | Mem:0.00M, Peak:0.00M | CISCO_N9K_C9336C_FX2_V001, ViewLayer | Synchronizing object | Fan1_blade_1_6
Fra:1 Mem:147.97M (Peak 147.97M) | Time:00:00.09 | Mem:0.00M, Peak:0.00M | CISCO_N9K_C9336C_FX2_V001, ViewLayer | Synchronizing object | Fan1_top_retention_rail_1
Fra:1 Mem:147.98M (Peak 147.98M) | Time:00:00.09 | Mem:0.00M, Peak:0.00M | CISCO_N9K_C9336C_FX2_V001, ViewLayer | Synchronizing object | Fan1_rear_power_contact_block_1
Fra:1 Mem:147.98M (Peak 147.98M) | Time:00:00.09 | Mem:0.00M, Peak:0.00M | CISCO_N9K_C9336C_FX2_V001, ViewLayer | Synchronizing object | Fan1_front_frame
Fra:1 Mem:147.99M (Peak 147.99M) | Time:00:00.09 | Mem:0.00M, Peak:0.00M | CISCO_N9K_C9336C_FX2_V001, ViewLayer | Synchronizing object | Fan1_true_honeycomb_front_grille
Fra:1 Mem:148.85M (Peak 148.85M) | Time:00:00.09 | Mem:0.00M, Peak:0.00M | CISCO_N9K_C9336C_FX2_V001, ViewLayer | Synchronizing object | Fan1_molded_trapezoid_pull_handle
Fra:1 Mem:148.97M (Peak 148.97M) | Time:00:00.09 | Mem:0.00M, Peak:0.00M | CISCO_N9K_C9336C_FX2_V001, ViewLayer | Synchronizing object | Fan1_BLUE_release_latch_-1
Fra:1 Mem:149.70M (Peak 149.70M) | Time:00:00.09 | Mem:0.00M, Peak:0.00M | CISCO_N9K_C9336C_FX2_V001, ViewLayer | Synchronizing object | Fan1_latch_thumb_flare_-1
Fra:1 Mem:149.75M (Peak 149.75M) | Time:00:00.09 | Mem:0.00M, Peak:0.00M | CISCO_N9K_C9336C_FX2_V001, ViewLayer | Synchronizing object | Fan1_BLUE_release_latch_1
Fra:1 Mem:149.84M (Peak 149.84M) | Time:00:00.09 | Mem:0.00M, Peak:0.00M | CISCO_N9K_C9336C_FX2_V001, ViewLayer | Synchronizing object | Fan1_latch_thumb_flare_1
Fra:1 Mem:149.78M (Peak 149.84M) | Time:00:00.09 | Mem:0.00M, Peak:0.00M | CISCO_N9K_C9336C_FX2_V001, ViewLayer | Synchronizing object | Fan1_PID_label_recess
Fra:1 Mem:149.72M (Peak 149.84M) | Time:00:00.09 | Mem:0.00M, Peak:0.00M | CISCO_N9K_C9336C_FX2_V001, ViewLayer | Synchronizing object | Fan1_known_PID
Fra:1 Mem:149.73M (Peak 149.84M) | Time:00:00.09 | Mem:0.00M, Peak:0.00M | CISCO_N9K_C9336C_FX2_V001, ViewLayer | Synchronizing object | Fan1_flush_lock_pin_-39
Fra:1 Mem:149.56M (Peak 149.84M) | Time:00:00.10 | Mem:0.00M, Peak:0.00M | CISCO_N9K_C9336C_FX2_V001, ViewLayer | Synchronizing object | Fan1_flush_lock_pin_39
Fra:1 Mem:149.51M (Peak 149.84M) | Time:00:00.10 | Mem:0.00M, Peak:0.00M | CISCO_N9K_C9336C_FX2_V001, ViewLayer | Synchronizing object | Fan2_rotor_housing_-1
Fra:1 Mem:149.67M (Peak 149.84M) | Time:00:00.10 | Mem:0.00M, Peak:0.00M | CISCO_N9K_C9336C_FX2_V001, ViewLayer | Synchronizing object | Fan2_hub_-1
Fra:1 Mem:149.67M (Peak 149.84M) | Time:00:00.10 | Mem:0.00M, Peak:0.00M | CISCO_N9K_C9336C_FX2_V001, ViewLayer | Synchronizing object | Fan2_blade_-1_1
Fra:1 Mem:149.67M (Peak 149.84M) | Time:00:00.10 | Mem:0.00M, Peak:0.00M | CISCO_N9K_C9336C_FX2_V001, ViewLayer | Synchronizing object | Fan2_blade_-1_2
Fra:1 Mem:149.67M (Peak 149.84M) | Time:00:00.10 | Mem:0.00M, Peak:0.00M | CISCO_N9K_C9336C_FX2_V001, ViewLayer | Synchronizing object | Fan2_blade_-1_3
Fra:1 Mem:149.67M (Peak 149.84M) | Time:00:00.10 | Mem:0.00M, Peak:0.00M | CISCO_N9K_C9336C_FX2_V001, ViewLayer | Synchronizing object | Fan2_blade_-1_4
Fra:1 Mem:149.68M (Peak 149.84M) | Time:00:00.10 | Mem:0.00M, Peak:0.00M | CISCO_N9K_C9336C_FX2_V001, ViewLayer | Synchronizing object | Fan2_blade_-1_5
Fra:1 Mem:149.68M (Peak 149.84M) | Time:00:00.10 | Mem:0.00M, Peak:0.00M | CISCO_N9K_C9336C_FX2_V001, ViewLayer | Synchronizing object | Fan2_blade_-1_6
Fra:1 Mem:149.68M (Peak 149.84M) | Time:00:00.10 | Mem:0.00M, Peak:0.00M | CISCO_N9K_C9336C_FX2_V001, ViewLayer | Synchronizing object | Fan2_top_retention_rail_-1
Fra:1 Mem:149.68M (Peak 149.84M) | Time:00:00.10 | Mem:0.00M, Peak:0.00M | CISCO_N9K_C9336C_FX2_V001, ViewLayer | Synchronizing object | Fan2_rotor_housing_1
Fra:1 Mem:149.71M (Peak 149.84M) | Time:00:00.10 | Mem:0.00M, Peak:0.00M | CISCO_N9K_C9336C_FX2_V001, ViewLayer | Synchronizing object | Fan2_hub_1
Fra:1 Mem:149.72M (Peak 149.84M) | Time:00:00.10 | Mem:0.00M, Peak:0.00M | CISCO_N9K_C9336C_FX2_V001, ViewLayer | Synchronizing object | Studio_shadow_floor
Fra:1 Mem:149.73M (Peak 149.84M) | Time:00:00.10 | Mem:0.00M, Peak:0.00M | CISCO_N9K_C9336C_FX2_V001, ViewLayer | Synchronizing object | Original_photo_top_chassis_label
Fra:1 Mem:149.73M (Peak 149.84M) | Time:00:00.10 | Mem:0.00M, Peak:0.00M | CISCO_N9K_C9336C_FX2_V001, ViewLayer | Synchronizing object | Port_pair_18_direction_1
Fra:1 Mem:149.73M (Peak 149.84M) | Time:00:00.10 | Mem:0.00M, Peak:0.00M | CISCO_N9K_C9336C_FX2_V001, ViewLayer | Synchronizing object | Port_pair_18_direction_-1
Fra:1 Mem:149.73M (Peak 149.84M) | Time:00:00.10 | Mem:0.00M, Peak:0.00M | CISCO_N9K_C9336C_FX2_V001, ViewLayer | Synchronizing object | PORT_NUMBER_36
Fra:1 Mem:149.74M (Peak 149.84M) | Time:00:00.10 | Mem:0.00M, Peak:0.00M | CISCO_N9K_C9336C_FX2_V001, ViewLayer | Synchronizing object | PORT_NUMBER_35
Fra:1 Mem:149.74M (Peak 149.84M) | Time:00:00.10 | Mem:0.00M, Peak:0.00M | CISCO_N9K_C9336C_FX2_V001, ViewLayer | Synchronizing object | Port_pair_17_direction_1
Fra:1 Mem:149.74M (Peak 149.84M) | Time:00:00.10 | Mem:0.00M, Peak:0.00M | CISCO_N9K_C9336C_FX2_V001, ViewLayer | Synchronizing object | Port_pair_17_direction_-1
Fra:1 Mem:149.74M (Peak 149.84M) | Time:00:00.10 | Mem:0.00M, Peak:0.00M | CISCO_N9K_C9336C_FX2_V001, ViewLayer | Synchronizing object | PORT_NUMBER_34
Fra:1 Mem:149.75M (Peak 149.84M) | Time:00:00.10 | Mem:0.00M, Peak:0.00M | CISCO_N9K_C9336C_FX2_V001, ViewLayer | Synchronizing object | Fan2_blade_1_0
Fra:1 Mem:149.75M (Peak 149.84M) | Time:00:00.10 | Mem:0.00M, Peak:0.00M | CISCO_N9K_C9336C_FX2_V001, ViewLayer | Synchronizing object | PORT_NUMBER_33
Fra:1 Mem:150.59M (Peak 150.59M) | Time:00:00.10 | Mem:0.00M, Peak:0.00M | CISCO_N9K_C9336C_FX2_V001, ViewLayer | Synchronizing object | Port_pair_16_direction_1
Fra:1 Mem:150.59M (Peak 150.59M) | Time:00:00.10 | Mem:0.00M, Peak:0.00M | CISCO_N9K_C9336C_FX2_V001, ViewLayer | Synchronizing object | Port_pair_16_direction_-1
Fra:1 Mem:150.59M (Peak 150.59M) | Time:00:00.10 | Mem:0.00M, Peak:0.00M | CISCO_N9K_C9336C_FX2_V001, ViewLayer | Synchronizing object | PORT_NUMBER_32
Fra:1 Mem:150.60M (Peak 150.60M) | Time:00:00.10 | Mem:0.00M, Peak:0.00M | CISCO_N9K_C9336C_FX2_V001, ViewLayer | Synchronizing object | PORT_NUMBER_31
Fra:1 Mem:150.61M (Peak 150.61M) | Time:00:00.10 | Mem:0.00M, Peak:0.00M | CISCO_N9K_C9336C_FX2_V001, ViewLayer | Synchronizing object | Port_pair_15_direction_1
Fra:1 Mem:150.61M (Peak 150.61M) | Time:00:00.10 | Mem:0.00M, Peak:0.00M | CISCO_N9K_C9336C_FX2_V001, ViewLayer | Synchronizing object | Port_pair_15_direction_-1
Fra:1 Mem:150.61M (Peak 150.61M) | Time:00:00.10 | Mem:0.00M, Peak:0.00M | CISCO_N9K_C9336C_FX2_V001, ViewLayer | Synchronizing object | PORT_NUMBER_30
Fra:1 Mem:150.62M (Peak 150.62M) | Time:00:00.10 | Mem:0.00M, Peak:0.00M | CISCO_N9K_C9336C_FX2_V001, ViewLayer | Synchronizing object | PORT_NUMBER_29
Fra:1 Mem:150.62M (Peak 150.62M) | Time:00:00.10 | Mem:0.00M, Peak:0.00M | CISCO_N9K_C9336C_FX2_V001, ViewLayer | Synchronizing object | Port_pair_14_direction_1
Fra:1 Mem:150.62M (Peak 150.62M) | Time:00:00.10 | Mem:0.00M, Peak:0.00M | CISCO_N9K_C9336C_FX2_V001, ViewLayer | Synchronizing object | Port_pair_14_direction_-1
Fra:1 Mem:150.62M (Peak 150.62M) | Time:00:00.10 | Mem:0.00M, Peak:0.00M | CISCO_N9K_C9336C_FX2_V001, ViewLayer | Synchronizing object | PORT_NUMBER_28
Fra:1 Mem:150.63M (Peak 150.63M) | Time:00:00.10 | Mem:0.00M, Peak:0.00M | CISCO_N9K_C9336C_FX2_V001, ViewLayer | Synchronizing object | PORT_NUMBER_27
Fra:1 Mem:150.64M (Peak 150.64M) | Time:00:00.10 | Mem:0.00M, Peak:0.00M | CISCO_N9K_C9336C_FX2_V001, ViewLayer | Synchronizing object | Port_pair_13_direction_1
Fra:1 Mem:150.64M (Peak 150.64M) | Time:00:00.10 | Mem:0.00M, Peak:0.00M | CISCO_N9K_C9336C_FX2_V001, ViewLayer | Synchronizing object | Port_pair_13_direction_-1
Fra:1 Mem:150.64M (Peak 150.64M) | Time:00:00.10 | Mem:0.00M, Peak:0.00M | CISCO_N9K_C9336C_FX2_V001, ViewLayer | Synchronizing object | PORT_NUMBER_26
Fra:1 Mem:150.65M (Peak 150.65M) | Time:00:00.10 | Mem:0.00M, Peak:0.00M | CISCO_N9K_C9336C_FX2_V001, ViewLayer | Synchronizing object | PORT_NUMBER_25
Fra:1 Mem:150.65M (Peak 150.65M) | Time:00:00.10 | Mem:0.00M, Peak:0.00M | CISCO_N9K_C9336C_FX2_V001, ViewLayer | Synchronizing object | Port_pair_12_direction_1
Fra:1 Mem:150.65M (Peak 150.65M) | Time:00:00.10 | Mem:0.00M, Peak:0.00M | CISCO_N9K_C9336C_FX2_V001, ViewLayer | Synchronizing object | Port_pair_12_direction_-1
Fra:1 Mem:150.65M (Peak 150.65M) | Time:00:00.10 | Mem:0.00M, Peak:0.00M | CISCO_N9K_C9336C_FX2_V001, ViewLayer | Synchronizing object | PORT_NUMBER_24
Fra:1 Mem:150.66M (Peak 150.66M) | Time:00:00.10 | Mem:0.00M, Peak:0.00M | CISCO_N9K_C9336C_FX2_V001, ViewLayer | Synchronizing object | Fan2_blade_1_1
Fra:1 Mem:150.66M (Peak 150.66M) | Time:00:00.10 | Mem:0.00M, Peak:0.00M | CISCO_N9K_C9336C_FX2_V001, ViewLayer | Synchronizing object | PORT_NUMBER_23
Fra:1 Mem:150.67M (Peak 150.67M) | Time:00:00.10 | Mem:0.00M, Peak:0.00M | CISCO_N9K_C9336C_FX2_V001, ViewLayer | Synchronizing object | Port_pair_11_direction_1
Fra:1 Mem:150.67M (Peak 150.67M) | Time:00:00.10 | Mem:0.00M, Peak:0.00M | CISCO_N9K_C9336C_FX2_V001, ViewLayer | Synchronizing object | Port_pair_11_direction_-1
Fra:1 Mem:150.67M (Peak 150.67M) | Time:00:00.10 | Mem:0.00M, Peak:0.00M | CISCO_N9K_C9336C_FX2_V001, ViewLayer | Synchronizing object | Fan2_blade_1_2
Fra:1 Mem:150.67M (Peak 150.67M) | Time:00:00.10 | Mem:0.00M, Peak:0.00M | CISCO_N9K_C9336C_FX2_V001, ViewLayer | Synchronizing object | PORT_NUMBER_22
Fra:1 Mem:150.67M (Peak 150.67M) | Time:00:00.10 | Mem:0.00M, Peak:0.00M | CISCO_N9K_C9336C_FX2_V001, ViewLayer | Synchronizing object | Fan2_blade_1_3
Fra:1 Mem:150.68M (Peak 150.68M) | Time:00:00.10 | Mem:0.00M, Peak:0.00M | CISCO_N9K_C9336C_FX2_V001, ViewLayer | Synchronizing object | PORT_NUMBER_21
Fra:1 Mem:150.68M (Peak 150.68M) | Time:00:00.10 | Mem:0.00M, Peak:0.00M | CISCO_N9K_C9336C_FX2_V001, ViewLayer | Synchronizing object | Fan2_blade_1_4
Fra:1 Mem:150.68M (Peak 150.68M) | Time:00:00.10 | Mem:0.00M, Peak:0.00M | CISCO_N9K_C9336C_FX2_V001, ViewLayer | Synchronizing object | Port_pair_10_direction_1
Fra:1 Mem:150.68M (Peak 150.68M) | Time:00:00.10 | Mem:0.00M, Peak:0.00M | CISCO_N9K_C9336C_FX2_V001, ViewLayer | Synchronizing object | Fan2_blade_1_5
Fra:1 Mem:150.68M (Peak 150.68M) | Time:00:00.10 | Mem:0.00M, Peak:0.00M | CISCO_N9K_C9336C_FX2_V001, ViewLayer | Synchronizing object | Port_pair_10_direction_-1
Fra:1 Mem:150.68M (Peak 150.68M) | Time:00:00.10 | Mem:0.00M, Peak:0.00M | CISCO_N9K_C9336C_FX2_V001, ViewLayer | Synchronizing object | Fan2_blade_1_6
Fra:1 Mem:150.68M (Peak 150.68M) | Time:00:00.10 | Mem:0.00M, Peak:0.00M | CISCO_N9K_C9336C_FX2_V001, ViewLayer | Synchronizing object | PORT_NUMBER_20
Fra:1 Mem:150.69M (Peak 150.69M) | Time:00:00.10 | Mem:0.00M, Peak:0.00M | CISCO_N9K_C9336C_FX2_V001, ViewLayer | Synchronizing object | PORT_NUMBER_19
Fra:1 Mem:150.69M (Peak 150.69M) | Time:00:00.10 | Mem:0.00M, Peak:0.00M | CISCO_N9K_C9336C_FX2_V001, ViewLayer | Synchronizing object | Port_pair_9_direction_1
Fra:1 Mem:150.70M (Peak 150.70M) | Time:00:00.10 | Mem:0.00M, Peak:0.00M | CISCO_N9K_C9336C_FX2_V001, ViewLayer | Synchronizing object | Port_pair_9_direction_-1
Fra:1 Mem:150.70M (Peak 150.70M) | Time:00:00.10 | Mem:0.00M, Peak:0.00M | CISCO_N9K_C9336C_FX2_V001, ViewLayer | Synchronizing object | PORT_NUMBER_18
Fra:1 Mem:150.70M (Peak 150.70M) | Time:00:00.10 | Mem:0.00M, Peak:0.00M | CISCO_N9K_C9336C_FX2_V001, ViewLayer | Synchronizing object | PORT_NUMBER_17
Fra:1 Mem:150.70M (Peak 150.70M) | Time:00:00.10 | Mem:0.00M, Peak:0.00M | CISCO_N9K_C9336C_FX2_V001, ViewLayer | Synchronizing object | Port_pair_8_direction_1
Fra:1 Mem:150.70M (Peak 150.70M) | Time:00:00.10 | Mem:0.00M, Peak:0.00M | CISCO_N9K_C9336C_FX2_V001, ViewLayer | Synchronizing object | Fan2_top_retention_rail_1
Fra:1 Mem:150.70M (Peak 150.70M) | Time:00:00.10 | Mem:0.00M, Peak:0.00M | CISCO_N9K_C9336C_FX2_V001, ViewLayer | Synchronizing object | Fan2_rear_power_contact_block_1
Fra:1 Mem:150.72M (Peak 150.72M) | Time:00:00.10 | Mem:0.00M, Peak:0.00M | CISCO_N9K_C9336C_FX2_V001, ViewLayer | Synchronizing object | PORT_NUMBER_16
Fra:1 Mem:150.72M (Peak 150.72M) | Time:00:00.10 | Mem:0.00M, Peak:0.00M | CISCO_N9K_C9336C_FX2_V001, ViewLayer | Synchronizing object | Fan2_true_honeycomb_front_grille
Fra:1 Mem:151.04M (Peak 151.04M) | Time:00:00.10 | Mem:0.00M, Peak:0.00M | CISCO_N9K_C9336C_FX2_V001, ViewLayer | Synchronizing object | PORT_NUMBER_15
Fra:1 Mem:151.14M (Peak 151.14M) | Time:00:00.10 | Mem:0.00M, Peak:0.00M | CISCO_N9K_C9336C_FX2_V001, ViewLayer | Synchronizing object | Port_pair_7_direction_1
Fra:1 Mem:151.14M (Peak 151.14M) | Time:00:00.10 | Mem:0.00M, Peak:0.00M | CISCO_N9K_C9336C_FX2_V001, ViewLayer | Synchronizing object | Port_pair_7_direction_-1
Fra:1 Mem:151.24M (Peak 151.24M) | Time:00:00.10 | Mem:0.00M, Peak:0.00M | CISCO_N9K_C9336C_FX2_V001, ViewLayer | Synchronizing object | PORT_NUMBER_14
Fra:1 Mem:151.25M (Peak 151.25M) | Time:00:00.10 | Mem:0.00M, Peak:0.00M | CISCO_N9K_C9336C_FX2_V001, ViewLayer | Synchronizing object | PORT_NUMBER_13
Fra:1 Mem:151.25M (Peak 151.25M) | Time:00:00.10 | Mem:0.00M, Peak:0.00M | CISCO_N9K_C9336C_FX2_V001, ViewLayer | Synchronizing object | Fan2_latch_thumb_flare_-1
Fra:1 Mem:151.56M (Peak 151.56M) | Time:00:00.10 | Mem:0.00M, Peak:0.00M | CISCO_N9K_C9336C_FX2_V001, ViewLayer | Synchronizing object | Port_pair_6_direction_1
Fra:1 Mem:151.56M (Peak 151.56M) | Time:00:00.10 | Mem:0.00M, Peak:0.00M | CISCO_N9K_C9336C_FX2_V001, ViewLayer | Synchronizing object | Port_pair_6_direction_-1
Fra:1 Mem:151.56M (Peak 151.56M) | Time:00:00.10 | Mem:0.00M, Peak:0.00M | CISCO_N9K_C9336C_FX2_V001, ViewLayer | Synchronizing object | PORT_NUMBER_12
Fra:1 Mem:151.56M (Peak 151.56M) | Time:00:00.10 | Mem:0.00M, Peak:0.00M | CISCO_N9K_C9336C_FX2_V001, ViewLayer | Synchronizing object | PORT_NUMBER_11
Fra:1 Mem:151.57M (Peak 151.57M) | Time:00:00.10 | Mem:0.00M, Peak:0.00M | CISCO_N9K_C9336C_FX2_V001, ViewLayer | Synchronizing object | Port_pair_5_direction_1
Fra:1 Mem:151.57M (Peak 151.57M) | Time:00:00.10 | Mem:0.00M, Peak:0.00M | CISCO_N9K_C9336C_FX2_V001, ViewLayer | Synchronizing object | Port_pair_5_direction_-1
Fra:1 Mem:151.57M (Peak 151.57M) | Time:00:00.10 | Mem:0.00M, Peak:0.00M | CISCO_N9K_C9336C_FX2_V001, ViewLayer | Synchronizing object | Fan2_BLUE_release_latch_1
Fra:1 Mem:151.57M (Peak 151.57M) | Time:00:00.10 | Mem:0.00M, Peak:0.00M | CISCO_N9K_C9336C_FX2_V001, ViewLayer | Synchronizing object | PORT_NUMBER_10
Fra:1 Mem:152.18M (Peak 152.18M) | Time:00:00.10 | Mem:0.00M, Peak:0.00M | CISCO_N9K_C9336C_FX2_V001, ViewLayer | Synchronizing object | Fan2_latch_thumb_flare_1
Fra:1 Mem:152.18M (Peak 152.18M) | Time:00:00.10 | Mem:0.00M, Peak:0.00M | CISCO_N9K_C9336C_FX2_V001, ViewLayer | Synchronizing object | PORT_NUMBER_09
Fra:1 Mem:152.19M (Peak 152.19M) | Time:00:00.10 | Mem:0.00M, Peak:0.00M | CISCO_N9K_C9336C_FX2_V001, ViewLayer | Synchronizing object | Port_pair_4_direction_1
Fra:1 Mem:152.19M (Peak 152.19M) | Time:00:00.10 | Mem:0.00M, Peak:0.00M | CISCO_N9K_C9336C_FX2_V001, ViewLayer | Synchronizing object | Port_pair_4_direction_-1
Fra:1 Mem:152.19M (Peak 152.19M) | Time:00:00.10 | Mem:0.00M, Peak:0.00M | CISCO_N9K_C9336C_FX2_V001, ViewLayer | Synchronizing object | PORT_NUMBER_08
Fra:1 Mem:152.19M (Peak 152.19M) | Time:00:00.10 | Mem:0.00M, Peak:0.00M | CISCO_N9K_C9336C_FX2_V001, ViewLayer | Synchronizing object | PORT_NUMBER_07
Fra:1 Mem:152.19M (Peak 152.19M) | Time:00:00.10 | Mem:0.00M, Peak:0.00M | CISCO_N9K_C9336C_FX2_V001, ViewLayer | Synchronizing object | Port_pair_3_direction_1
Fra:1 Mem:152.20M (Peak 152.20M) | Time:00:00.10 | Mem:0.00M, Peak:0.00M | CISCO_N9K_C9336C_FX2_V001, ViewLayer | Synchronizing object | Port_pair_3_direction_-1
Fra:1 Mem:152.20M (Peak 152.20M) | Time:00:00.10 | Mem:0.00M, Peak:0.00M | CISCO_N9K_C9336C_FX2_V001, ViewLayer | Synchronizing object | PORT_NUMBER_06
Fra:1 Mem:152.20M (Peak 152.20M) | Time:00:00.10 | Mem:0.00M, Peak:0.00M | CISCO_N9K_C9336C_FX2_V001, ViewLayer | Synchronizing object | PORT_NUMBER_05
Fra:1 Mem:152.35M (Peak 152.35M) | Time:00:00.10 | Mem:0.00M, Peak:0.00M | CISCO_N9K_C9336C_FX2_V001, ViewLayer | Synchronizing object | Port_pair_2_direction_1
Fra:1 Mem:152.35M (Peak 152.35M) | Time:00:00.10 | Mem:0.00M, Peak:0.00M | CISCO_N9K_C9336C_FX2_V001, ViewLayer | Synchronizing object | Port_pair_2_direction_-1
Fra:1 Mem:152.35M (Peak 152.35M) | Time:00:00.10 | Mem:0.00M, Peak:0.00M | CISCO_N9K_C9336C_FX2_V001, ViewLayer | Synchronizing object | PORT_NUMBER_04
Fra:1 Mem:152.36M (Peak 152.36M) | Time:00:00.10 | Mem:0.00M, Peak:0.00M | CISCO_N9K_C9336C_FX2_V001, ViewLayer | Synchronizing object | PORT_NUMBER_03
Fra:1 Mem:152.36M (Peak 152.36M) | Time:00:00.10 | Mem:0.00M, Peak:0.00M | CISCO_N9K_C9336C_FX2_V001, ViewLayer | Synchronizing object | Port_pair_1_direction_1
Fra:1 Mem:152.36M (Peak 152.36M) | Time:00:00.10 | Mem:0.00M, Peak:0.00M | CISCO_N9K_C9336C_FX2_V001, ViewLayer | Synchronizing object | Port_pair_1_direction_-1
Fra:1 Mem:152.36M (Peak 152.36M) | Time:00:00.10 | Mem:0.00M, Peak:0.00M | CISCO_N9K_C9336C_FX2_V001, ViewLayer | Synchronizing object | PORT_NUMBER_02
Fra:1 Mem:152.36M (Peak 152.36M) | Time:00:00.10 | Mem:0.00M, Peak:0.00M | CISCO_N9K_C9336C_FX2_V001, ViewLayer | Synchronizing object | PORT_NUMBER_01
Fra:1 Mem:152.37M (Peak 152.37M) | Time:00:00.10 | Mem:0.00M, Peak:0.00M | CISCO_N9K_C9336C_FX2_V001, ViewLayer | Synchronizing object | Correct_factory_PID
Fra:1 Mem:152.41M (Peak 152.41M) | Time:00:00.10 | Mem:0.00M, Peak:0.00M | CISCO_N9K_C9336C_FX2_V001, ViewLayer | Synchronizing object | Fan2_PID_label_recess
Fra:1 Mem:152.40M (Peak 152.41M) | Time:00:00.10 | Mem:0.00M, Peak:0.00M | CISCO_N9K_C9336C_FX2_V001, ViewLayer | Synchronizing object | Cisco_product_family_line_2
Fra:1 Mem:152.41M (Peak 152.41M) | Time:00:00.10 | Mem:0.00M, Peak:0.00M | CISCO_N9K_C9336C_FX2_V001, ViewLayer | Synchronizing object | Fan2_known_PID
Fra:1 Mem:152.44M (Peak 152.44M) | Time:00:00.10 | Mem:0.00M, Peak:0.00M | CISCO_N9K_C9336C_FX2_V001, ViewLayer | Synchronizing object | Cisco_product_family_line_1
Fra:1 Mem:152.45M (Peak 152.45M) | Time:00:00.10 | Mem:0.00M, Peak:0.00M | CISCO_N9K_C9336C_FX2_V001, ViewLayer | Synchronizing object | Cisco_brand_wordmark
Fra:1 Mem:152.47M (Peak 152.47M) | Time:00:00.10 | Mem:0.00M, Peak:0.00M | CISCO_N9K_C9336C_FX2_V001, ViewLayer | Synchronizing object | Cisco_bridge_bar_9
Fra:1 Mem:152.47M (Peak 152.47M) | Time:00:00.10 | Mem:0.00M, Peak:0.00M | CISCO_N9K_C9336C_FX2_V001, ViewLayer | Synchronizing object | Cisco_bridge_bar_8
Fra:1 Mem:152.47M (Peak 152.47M) | Time:00:00.10 | Mem:0.00M, Peak:0.00M | CISCO_N9K_C9336C_FX2_V001, ViewLayer | Synchronizing object | Cisco_bridge_bar_7
Fra:1 Mem:152.48M (Peak 152.48M) | Time:00:00.10 | Mem:0.00M, Peak:0.00M | CISCO_N9K_C9336C_FX2_V001, ViewLayer | Synchronizing object | Cisco_bridge_bar_6
Fra:1 Mem:152.48M (Peak 152.48M) | Time:00:00.10 | Mem:0.00M, Peak:0.00M | CISCO_N9K_C9336C_FX2_V001, ViewLayer | Synchronizing object | Cisco_bridge_bar_5
Fra:1 Mem:152.48M (Peak 152.48M) | Time:00:00.10 | Mem:0.00M, Peak:0.00M | CISCO_N9K_C9336C_FX2_V001, ViewLayer | Synchronizing object | Cisco_bridge_bar_4
Fra:1 Mem:152.49M (Peak 152.49M) | Time:00:00.10 | Mem:0.00M, Peak:0.00M | CISCO_N9K_C9336C_FX2_V001, ViewLayer | Synchronizing object | Cisco_bridge_bar_3
Fra:1 Mem:152.49M (Peak 152.49M) | Time:00:00.10 | Mem:0.00M, Peak:0.00M | CISCO_N9K_C9336C_FX2_V001, ViewLayer | Synchronizing object | Cisco_bridge_bar_2
Fra:1 Mem:152.50M (Peak 152.50M) | Time:00:00.10 | Mem:0.00M, Peak:0.00M | CISCO_N9K_C9336C_FX2_V001, ViewLayer | Synchronizing object | Cisco_bridge_bar_1
Fra:1 Mem:152.50M (Peak 152.50M) | Time:00:00.10 | Mem:0.00M, Peak:0.00M | CISCO_N9K_C9336C_FX2_V001, ViewLayer | Synchronizing object | LS_selector_text
Fra:1 Mem:152.50M (Peak 152.50M) | Time:00:00.10 | Mem:0.00M, Peak:0.00M | CISCO_N9K_C9336C_FX2_V001, ViewLayer | Synchronizing object | LS_selector_metal_button
Fra:1 Mem:152.66M (Peak 152.66M) | Time:00:00.10 | Mem:0.00M, Peak:0.00M | CISCO_N9K_C9336C_FX2_V001, ViewLayer | Synchronizing object | LS_selector_black_surround
Fra:1 Mem:152.67M (Peak 152.67M) | Time:00:00.10 | Mem:0.00M, Peak:0.00M | CISCO_N9K_C9336C_FX2_V001, ViewLayer | Synchronizing object | FRONT_4_legend
Fra:1 Mem:152.67M (Peak 152.67M) | Time:00:00.10 | Mem:0.00M, Peak:0.00M | CISCO_N9K_C9336C_FX2_V001, ViewLayer | Synchronizing object | FRONT_4_unpowered_lens
Fra:1 Mem:152.70M (Peak 152.70M) | Time:00:00.10 | Mem:0.00M, Peak:0.00M | CISCO_N9K_C9336C_FX2_V001, ViewLayer | Synchronizing object | FRONT_3_legend
Fra:1 Mem:152.70M (Peak 152.70M) | Time:00:00.10 | Mem:0.00M, Peak:0.00M | CISCO_N9K_C9336C_FX2_V001, ViewLayer | Synchronizing object | FRONT_3_unpowered_lens
Fra:1 Mem:152.74M (Peak 152.74M) | Time:00:00.10 | Mem:0.00M, Peak:0.00M | CISCO_N9K_C9336C_FX2_V001, ViewLayer | Synchronizing object | FRONT_2_legend
Fra:1 Mem:152.76M (Peak 152.76M) | Time:00:00.10 | Mem:0.00M, Peak:0.00M | CISCO_N9K_C9336C_FX2_V001, ViewLayer | Synchronizing object | FRONT_2_unpowered_lens
Fra:1 Mem:152.79M (Peak 152.79M) | Time:00:00.10 | Mem:0.00M, Peak:0.00M | CISCO_N9K_C9336C_FX2_V001, ViewLayer | Synchronizing object | FRONT_1_legend
Fra:1 Mem:152.79M (Peak 152.79M) | Time:00:00.10 | Mem:0.00M, Peak:0.00M | CISCO_N9K_C9336C_FX2_V001, ViewLayer | Synchronizing object | FRONT_1_unpowered_lens
Fra:1 Mem:152.82M (Peak 152.82M) | Time:00:00.10 | Mem:0.00M, Peak:0.00M | CISCO_N9K_C9336C_FX2_V001, ViewLayer | Synchronizing object | FRONT_ENV_legend
Fra:1 Mem:152.82M (Peak 152.82M) | Time:00:00.10 | Mem:0.00M, Peak:0.00M | CISCO_N9K_C9336C_FX2_V001, ViewLayer | Synchronizing object | FRONT_ENV_unpowered_lens
Fra:1 Mem:152.85M (Peak 152.85M) | Time:00:00.10 | Mem:0.00M, Peak:0.00M | CISCO_N9K_C9336C_FX2_V001, ViewLayer | Synchronizing object | FRONT_STS_legend
Fra:1 Mem:152.86M (Peak 152.86M) | Time:00:00.10 | Mem:0.00M, Peak:0.00M | CISCO_N9K_C9336C_FX2_V001, ViewLayer | Synchronizing object | FRONT_STS_unpowered_lens
Fra:1 Mem:152.89M (Peak 152.89M) | Time:00:00.10 | Mem:0.00M, Peak:0.00M | CISCO_N9K_C9336C_FX2_V001, ViewLayer | Synchronizing object | FRONT_BCN_legend
Fra:1 Mem:152.89M (Peak 152.89M) | Time:00:00.10 | Mem:0.00M, Peak:0.00M | CISCO_N9K_C9336C_FX2_V001, ViewLayer | Synchronizing object | FRONT_BCN_unpowered_lens
Fra:1 Mem:152.92M (Peak 152.92M) | Time:00:00.10 | Mem:0.00M, Peak:0.00M | CISCO_N9K_C9336C_FX2_V001, ViewLayer | Synchronizing object | Rear_P2_arrow_legend
Fra:1 Mem:152.93M (Peak 152.93M) | Time:00:00.10 | Mem:0.00M, Peak:0.00M | CISCO_N9K_C9336C_FX2_V001, ViewLayer | Synchronizing object | USB_symbol_branch_B
Fra:1 Mem:152.93M (Peak 152.93M) | Time:00:00.10 | Mem:0.00M, Peak:0.00M | CISCO_N9K_C9336C_FX2_V001, ViewLayer | Synchronizing object | USB_symbol_branch_A
Fra:1 Mem:152.93M (Peak 152.93M) | Time:00:00.10 | Mem:0.00M, Peak:0.00M | CISCO_N9K_C9336C_FX2_V001, ViewLayer | Synchronizing object | USB_symbol_stem
Fra:1 Mem:152.93M (Peak 152.93M) | Time:00:00.10 | Mem:0.00M, Peak:0.00M | CISCO_N9K_C9336C_FX2_V001, ViewLayer | Synchronizing object | Console_terminal_symbol
Fra:1 Mem:152.93M (Peak 152.93M) | Time:00:00.10 | Mem:0.00M, Peak:0.00M | CISCO_N9K_C9336C_FX2_V001, ViewLayer | Synchronizing object | SFP_management_symbol_line.003
Fra:1 Mem:152.93M (Peak 152.93M) | Time:00:00.10 | Mem:0.00M, Peak:0.00M | CISCO_N9K_C9336C_FX2_V001, ViewLayer | Synchronizing object | SFP_management_symbol_line.002
Fra:1 Mem:152.94M (Peak 152.94M) | Time:00:00.10 | Mem:0.00M, Peak:0.00M | CISCO_N9K_C9336C_FX2_V001, ViewLayer | Synchronizing object | SFP_management_symbol_line.001
Fra:1 Mem:152.94M (Peak 152.94M) | Time:00:00.10 | Mem:0.00M, Peak:0.00M | CISCO_N9K_C9336C_FX2_V001, ViewLayer | Synchronizing object | SFP_management_symbol_line
Fra:1 Mem:152.94M (Peak 152.94M) | Time:00:00.10 | Mem:0.00M, Peak:0.00M | CISCO_N9K_C9336C_FX2_V001, ViewLayer | Synchronizing object | SFP_management_symbol_node_1.25
Fra:1 Mem:152.94M (Peak 152.94M) | Time:00:00.10 | Mem:0.00M, Peak:0.00M | CISCO_N9K_C9336C_FX2_V001, ViewLayer | Synchronizing object | SFP_management_symbol_node_-1.25
Fra:1 Mem:152.95M (Peak 152.95M) | Time:00:00.10 | Mem:0.00M, Peak:0.00M | CISCO_N9K_C9336C_FX2_V001, ViewLayer | Synchronizing object | SFP_management_symbol_node_0
Fra:1 Mem:152.96M (Peak 152.96M) | Time:00:00.10 | Mem:0.00M, Peak:0.00M | CISCO_N9K_C9336C_FX2_V001, ViewLayer | Synchronizing object | RJ45_management_symbol_line.003
Fra:1 Mem:152.96M (Peak 152.96M) | Time:00:00.10 | Mem:0.00M, Peak:0.00M | CISCO_N9K_C9336C_FX2_V001, ViewLayer | Synchronizing object | RJ45_management_symbol_line.002
Fra:1 Mem:152.96M (Peak 152.96M) | Time:00:00.10 | Mem:0.00M, Peak:0.00M | CISCO_N9K_C9336C_FX2_V001, ViewLayer | Synchronizing object | RJ45_management_symbol_line.001
Fra:1 Mem:152.96M (Peak 152.96M) | Time:00:00.10 | Mem:0.00M, Peak:0.00M | CISCO_N9K_C9336C_FX2_V001, ViewLayer | Synchronizing object | RJ45_management_symbol_line
Fra:1 Mem:152.96M (Peak 152.96M) | Time:00:00.10 | Mem:0.00M, Peak:0.00M | CISCO_N9K_C9336C_FX2_V001, ViewLayer | Synchronizing object | RJ45_management_symbol_node_1.25
Fra:1 Mem:152.96M (Peak 152.96M) | Time:00:00.10 | Mem:0.00M, Peak:0.00M | CISCO_N9K_C9336C_FX2_V001, ViewLayer | Synchronizing object | RJ45_management_symbol_node_-1.25
Fra:1 Mem:152.97M (Peak 152.97M) | Time:00:00.10 | Mem:0.00M, Peak:0.00M | CISCO_N9K_C9336C_FX2_V001, ViewLayer | Synchronizing object | RJ45_management_symbol_node_0
Fra:1 Mem:152.98M (Peak 152.98M) | Time:00:00.10 | Mem:0.00M, Peak:0.00M | CISCO_N9K_C9336C_FX2_V001, ViewLayer | Synchronizing object | Rear_service_retention_screw
Fra:1 Mem:152.99M (Peak 152.99M) | Time:00:00.10 | Mem:0.00M, Peak:0.00M | CISCO_N9K_C9336C_FX2_V001, ViewLayer | Synchronizing object | REAR_STS_legend
Fra:1 Mem:153.01M (Peak 153.01M) | Time:00:00.10 | Mem:0.00M, Peak:0.00M | CISCO_N9K_C9336C_FX2_V001, ViewLayer | Synchronizing object | REAR_STS_unpowered_indicator
Fra:1 Mem:153.01M (Peak 153.01M) | Time:00:00.10 | Mem:0.00M, Peak:0.00M | CISCO_N9K_C9336C_FX2_V001, ViewLayer | Synchronizing object | REAR_BCN_legend
Fra:1 Mem:153.02M (Peak 153.02M) | Time:00:00.10 | Mem:0.00M, Peak:0.00M | CISCO_N9K_C9336C_FX2_V001, ViewLayer | Synchronizing object | REAR_BCN_unpowered_indicator
Fra:1 Mem:153.02M (Peak 153.02M) | Time:00:00.10 | Mem:0.00M, Peak:0.00M | CISCO_N9K_C9336C_FX2_V001, ViewLayer | Synchronizing object | USB_A_contact_3
Fra:1 Mem:153.03M (Peak 153.03M) | Time:00:00.10 | Mem:0.00M, Peak:0.00M | CISCO_N9K_C9336C_FX2_V001, ViewLayer | Synchronizing object | USB_A_contact_2
Fra:1 Mem:153.03M (Peak 153.03M) | Time:00:00.10 | Mem:0.00M, Peak:0.00M | CISCO_N9K_C9336C_FX2_V001, ViewLayer | Synchronizing object | USB_A_contact_1
Fra:1 Mem:153.03M (Peak 153.03M) | Time:00:00.10 | Mem:0.00M, Peak:0.00M | CISCO_N9K_C9336C_FX2_V001, ViewLayer | Synchronizing object | USB_A_contact_0
Fra:1 Mem:153.04M (Peak 153.04M) | Time:00:00.10 | Mem:0.00M, Peak:0.00M | CISCO_N9K_C9336C_FX2_V001, ViewLayer | Synchronizing object | USB_A_black_tongue
Fra:1 Mem:153.04M (Peak 153.04M) | Time:00:00.10 | Mem:0.00M, Peak:0.00M | CISCO_N9K_C9336C_FX2_V001, ViewLayer | Synchronizing object | USB_A_deep_stop
Fra:1 Mem:153.04M (Peak 153.04M) | Time:00:00.10 | Mem:0.00M, Peak:0.00M | CISCO_N9K_C9336C_FX2_V001, ViewLayer | Synchronizing object | USB_A_metal_shell
Fra:1 Mem:153.06M (Peak 153.06M) | Time:00:00.10 | Mem:0.00M, Peak:0.00M | CISCO_N9K_C9336C_FX2_V001, ViewLayer | Synchronizing object | Mgmt_SFP_contact_9
Fra:1 Mem:153.06M (Peak 153.06M) | Time:00:00.10 | Mem:0.00M, Peak:0.00M | CISCO_N9K_C9336C_FX2_V001, ViewLayer | Synchronizing object | Mgmt_SFP_contact_8
Fra:1 Mem:153.06M (Peak 153.06M) | Time:00:00.10 | Mem:0.00M, Peak:0.00M | CISCO_N9K_C9336C_FX2_V001, ViewLayer | Synchronizing object | Mgmt_SFP_contact_7
Fra:1 Mem:153.06M (Peak 153.06M) | Time:00:00.10 | Mem:0.00M, Peak:0.00M | CISCO_N9K_C9336C_FX2_V001, ViewLayer | Synchronizing object | Fan2_flush_lock_pin_-39
Fra:1 Mem:153.07M (Peak 153.07M) | Time:00:00.10 | Mem:0.00M, Peak:0.00M | CISCO_N9K_C9336C_FX2_V001, ViewLayer | Synchronizing object | Mgmt_SFP_contact_6
Fra:1 Mem:153.08M (Peak 153.08M) | Time:00:00.10 | Mem:0.00M, Peak:0.00M | CISCO_N9K_C9336C_FX2_V001, ViewLayer | Synchronizing object | Mgmt_SFP_contact_5
Fra:1 Mem:153.08M (Peak 153.08M) | Time:00:00.10 | Mem:0.00M, Peak:0.00M | CISCO_N9K_C9336C_FX2_V001, ViewLayer | Synchronizing object | Mgmt_SFP_contact_4
Fra:1 Mem:153.08M (Peak 153.08M) | Time:00:00.10 | Mem:0.00M, Peak:0.00M | CISCO_N9K_C9336C_FX2_V001, ViewLayer | Synchronizing object | Mgmt_SFP_contact_3
Fra:1 Mem:153.08M (Peak 153.08M) | Time:00:00.10 | Mem:0.00M, Peak:0.00M | CISCO_N9K_C9336C_FX2_V001, ViewLayer | Synchronizing object | Mgmt_SFP_contact_2
Fra:1 Mem:153.08M (Peak 153.08M) | Time:00:00.10 | Mem:0.00M, Peak:0.00M | CISCO_N9K_C9336C_FX2_V001, ViewLayer | Synchronizing object | Mgmt_SFP_contact_1
Fra:1 Mem:153.08M (Peak 153.08M) | Time:00:00.10 | Mem:0.00M, Peak:0.00M | CISCO_N9K_C9336C_FX2_V001, ViewLayer | Synchronizing object | Mgmt_SFP_contact_0
Fra:1 Mem:153.08M (Peak 153.08M) | Time:00:00.10 | Mem:0.00M, Peak:0.00M | CISCO_N9K_C9336C_FX2_V001, ViewLayer | Synchronizing object | Mgmt_SFP_guide_5.8
Fra:1 Mem:153.09M (Peak 153.09M) | Time:00:00.10 | Mem:0.00M, Peak:0.00M | CISCO_N9K_C9336C_FX2_V001, ViewLayer | Synchronizing object | Mgmt_SFP_guide_-5.8
Fra:1 Mem:153.10M (Peak 153.10M) | Time:00:00.10 | Mem:0.00M, Peak:0.00M | CISCO_N9K_C9336C_FX2_V001, ViewLayer | Synchronizing object | Mgmt_SFP_recessed_connector_stop
Fra:1 Mem:153.11M (Peak 153.11M) | Time:00:00.10 | Mem:0.00M, Peak:0.00M | CISCO_N9K_C9336C_FX2_V001, ViewLayer | Synchronizing object | Mgmt_SFP_deep_metal_cage
Fra:1 Mem:153.12M (Peak 153.12M) | Time:00:00.10 | Mem:0.00M, Peak:0.00M | CISCO_N9K_C9336C_FX2_V001, ViewLayer | Synchronizing object | MANAGEMENT_RJ45_unpowered_corner_LED_5.6
Fra:1 Mem:153.13M (Peak 153.13M) | Time:00:00.10 | Mem:0.00M, Peak:0.00M | CISCO_N9K_C9336C_FX2_V001, ViewLayer | Synchronizing object | MANAGEMENT_RJ45_unpowered_corner_LED_-5.6
Fra:1 Mem:153.13M (Peak 153.13M) | Time:00:00.10 | Mem:0.00M, Peak:0.00M | CISCO_N9K_C9336C_FX2_V001, ViewLayer | Synchronizing object | MANAGEMENT_RJ45_contact_7
Fra:1 Mem:153.14M (Peak 153.14M) | Time:00:00.10 | Mem:0.00M, Peak:0.00M | CISCO_N9K_C9336C_FX2_V001, ViewLayer | Synchronizing object | MANAGEMENT_RJ45_contact_6
Fra:1 Mem:153.14M (Peak 153.14M) | Time:00:00.10 | Mem:0.00M, Peak:0.00M | CISCO_N9K_C9336C_FX2_V001, ViewLayer | Synchronizing object | MANAGEMENT_RJ45_contact_5
Fra:1 Mem:153.15M (Peak 153.15M) | Time:00:00.10 | Mem:0.00M, Peak:0.00M | CISCO_N9K_C9336C_FX2_V001, ViewLayer | Synchronizing object | MANAGEMENT_RJ45_contact_4
Fra:1 Mem:153.15M (Peak 153.15M) | Time:00:00.10 | Mem:0.00M, Peak:0.00M | CISCO_N9K_C9336C_FX2_V001, ViewLayer | Synchronizing object | MANAGEMENT_RJ45_contact_3
Fra:1 Mem:153.15M (Peak 153.15M) | Time:00:00.10 | Mem:0.00M, Peak:0.00M | CISCO_N9K_C9336C_FX2_V001, ViewLayer | Synchronizing object | MANAGEMENT_RJ45_contact_2
Fra:1 Mem:153.16M (Peak 153.16M) | Time:00:00.10 | Mem:0.00M, Peak:0.00M | CISCO_N9K_C9336C_FX2_V001, ViewLayer | Synchronizing object | Fan2_flush_lock_pin_39
Fra:1 Mem:153.16M (Peak 153.16M) | Time:00:00.10 | Mem:0.00M, Peak:0.00M | CISCO_N9K_C9336C_FX2_V001, ViewLayer | Synchronizing object | MANAGEMENT_RJ45_contact_1
Fra:1 Mem:153.17M (Peak 153.17M) | Time:00:00.10 | Mem:0.00M, Peak:0.00M | CISCO_N9K_C9336C_FX2_V001, ViewLayer | Synchronizing object | MANAGEMENT_RJ45_contact_0
Fra:1 Mem:153.18M (Peak 153.18M) | Time:00:00.10 | Mem:0.00M, Peak:0.00M | CISCO_N9K_C9336C_FX2_V001, ViewLayer | Synchronizing object | MANAGEMENT_RJ45_deep_connector_stop
Fra:1 Mem:153.18M (Peak 153.18M) | Time:00:00.10 | Mem:0.00M, Peak:0.00M | CISCO_N9K_C9336C_FX2_V001, ViewLayer | Synchronizing object | MANAGEMENT_RJ45_keyed_plastic_body
Fra:1 Mem:153.18M (Peak 153.18M) | Time:00:00.10 | Mem:0.00M, Peak:0.00M | CISCO_N9K_C9336C_FX2_V001, ViewLayer | Synchronizing object | MANAGEMENT_RJ45_metal_shield
Fra:1 Mem:153.20M (Peak 153.20M) | Time:00:00.10 | Mem:0.00M, Peak:0.00M | CISCO_N9K_C9336C_FX2_V001, ViewLayer | Synchronizing object | CONSOLE_RJ45_unpowered_corner_LED_5.6
Fra:1 Mem:153.20M (Peak 153.20M) | Time:00:00.10 | Mem:0.00M, Peak:0.00M | CISCO_N9K_C9336C_FX2_V001, ViewLayer | Synchronizing object | CONSOLE_RJ45_unpowered_corner_LED_-5.6
Fra:1 Mem:153.21M (Peak 153.21M) | Time:00:00.10 | Mem:0.00M, Peak:0.00M | CISCO_N9K_C9336C_FX2_V001, ViewLayer | Synchronizing object | CONSOLE_RJ45_contact_7
Fra:1 Mem:153.21M (Peak 153.21M) | Time:00:00.10 | Mem:0.00M, Peak:0.00M | CISCO_N9K_C9336C_FX2_V001, ViewLayer | Synchronizing object | CONSOLE_RJ45_contact_6
Fra:1 Mem:157.74M (Peak 157.74M) | Time:00:00.11 | Mem:0.00M, Peak:0.00M | CISCO_N9K_C9336C_FX2_V001, ViewLayer | Synchronizing object | CONSOLE_RJ45_contact_5
Fra:1 Mem:157.75M (Peak 157.75M) | Time:00:00.11 | Mem:0.00M, Peak:0.00M | CISCO_N9K_C9336C_FX2_V001, ViewLayer | Synchronizing object | Fan3_blade_-1_0
Fra:1 Mem:157.75M (Peak 157.75M) | Time:00:00.11 | Mem:0.00M, Peak:0.00M | CISCO_N9K_C9336C_FX2_V001, ViewLayer | Synchronizing object | Fan3_blade_-1_1
Fra:1 Mem:157.76M (Peak 157.76M) | Time:00:00.11 | Mem:0.00M, Peak:0.00M | CISCO_N9K_C9336C_FX2_V001, ViewLayer | Synchronizing object | CONSOLE_RJ45_contact_4
Fra:1 Mem:157.76M (Peak 157.76M) | Time:00:00.11 | Mem:0.00M, Peak:0.00M | CISCO_N9K_C9336C_FX2_V001, ViewLayer | Synchronizing object | CONSOLE_RJ45_contact_3
Fra:1 Mem:157.77M (Peak 157.77M) | Time:00:00.11 | Mem:0.00M, Peak:0.00M | CISCO_N9K_C9336C_FX2_V001, ViewLayer | Synchronizing object | CONSOLE_RJ45_contact_2
Fra:1 Mem:157.77M (Peak 157.77M) | Time:00:00.11 | Mem:0.00M, Peak:0.00M | CISCO_N9K_C9336C_FX2_V001, ViewLayer | Synchronizing object | CONSOLE_RJ45_contact_1
Fra:1 Mem:157.77M (Peak 157.77M) | Time:00:00.11 | Mem:0.00M, Peak:0.00M | CISCO_N9K_C9336C_FX2_V001, ViewLayer | Synchronizing object | CONSOLE_RJ45_contact_0
Fra:1 Mem:157.78M (Peak 157.78M) | Time:00:00.11 | Mem:0.00M, Peak:0.00M | CISCO_N9K_C9336C_FX2_V001, ViewLayer | Synchronizing object | CONSOLE_RJ45_deep_connector_stop
Fra:1 Mem:157.78M (Peak 157.78M) | Time:00:00.11 | Mem:0.00M, Peak:0.00M | CISCO_N9K_C9336C_FX2_V001, ViewLayer | Synchronizing object | CONSOLE_RJ45_keyed_plastic_body
Fra:1 Mem:157.78M (Peak 157.78M) | Time:00:00.11 | Mem:0.00M, Peak:0.00M | CISCO_N9K_C9336C_FX2_V001, ViewLayer | Synchronizing object | CONSOLE_RJ45_metal_shield
Fra:1 Mem:158.10M (Peak 158.10M) | Time:00:00.11 | Mem:0.00M, Peak:0.00M | CISCO_N9K_C9336C_FX2_V001, ViewLayer | Synchronizing object | Rear_service_panel_true_apertures
Fra:1 Mem:158.43M (Peak 158.43M) | Time:00:00.11 | Mem:0.00M, Peak:0.00M | CISCO_N9K_C9336C_FX2_V001, ViewLayer | Synchronizing object | PSU2_face_screw_24.5_39.3
Fra:1 Mem:158.45M (Peak 158.45M) | Time:00:00.11 | Mem:0.00M, Peak:0.00M | CISCO_N9K_C9336C_FX2_V001, ViewLayer | Synchronizing object | PSU2_face_screw_24.5_4.1
Fra:1 Mem:158.47M (Peak 158.47M) | Time:00:00.11 | Mem:0.00M, Peak:0.00M | CISCO_N9K_C9336C_FX2_V001, ViewLayer | Synchronizing object | PSU2_face_screw_-24.5_39.3
Fra:1 Mem:158.48M (Peak 158.48M) | Time:00:00.11 | Mem:0.00M, Peak:0.00M | CISCO_N9K_C9336C_FX2_V001, ViewLayer | Synchronizing object | PSU2_face_screw_-24.5_4.1
Fra:1 Mem:158.50M (Peak 158.50M) | Time:00:00.11 | Mem:0.00M, Peak:0.00M | CISCO_N9K_C9336C_FX2_V001, ViewLayer | Synchronizing object | PSU2_OK_legend
Fra:1 Mem:158.50M (Peak 158.50M) | Time:00:00.11 | Mem:0.00M, Peak:0.00M | CISCO_N9K_C9336C_FX2_V001, ViewLayer | Synchronizing object | PSU2_FAIL_legend
Fra:1 Mem:158.51M (Peak 158.51M) | Time:00:00.11 | Mem:0.00M, Peak:0.00M | CISCO_N9K_C9336C_FX2_V001, ViewLayer | Synchronizing object | PSU2_unpowered_LED_32.6
Fra:1 Mem:158.51M (Peak 158.51M) | Time:00:00.11 | Mem:0.00M, Peak:0.00M | CISCO_N9K_C9336C_FX2_V001, ViewLayer | Synchronizing object | PSU2_unpowered_LED_36.8
Fra:1 Mem:158.51M (Peak 158.51M) | Time:00:00.11 | Mem:0.00M, Peak:0.00M | CISCO_N9K_C9336C_FX2_V001, ViewLayer | Synchronizing object | PSU2_retainer_rib_315.4
Fra:1 Mem:158.52M (Peak 158.52M) | Time:00:00.11 | Mem:0.00M, Peak:0.00M | CISCO_N9K_C9336C_FX2_V001, ViewLayer | Synchronizing object | PSU2_retainer_rib_313.2
Fra:1 Mem:158.52M (Peak 158.52M) | Time:00:00.11 | Mem:0.00M, Peak:0.00M | CISCO_N9K_C9336C_FX2_V001, ViewLayer | Synchronizing object | PSU2_retainer_rib_311
Fra:1 Mem:158.53M (Peak 158.53M) | Time:00:00.11 | Mem:0.00M, Peak:0.00M | CISCO_N9K_C9336C_FX2_V001, ViewLayer | Synchronizing object | PSU2_retainer_rib_308.8
Fra:1 Mem:158.53M (Peak 158.53M) | Time:00:00.11 | Mem:0.00M, Peak:0.00M | CISCO_N9K_C9336C_FX2_V001, ViewLayer | Synchronizing object | PSU2_retainer_rib_306.6
Fra:1 Mem:158.53M (Peak 158.53M) | Time:00:00.11 | Mem:0.00M, Peak:0.00M | CISCO_N9K_C9336C_FX2_V001, ViewLayer | Synchronizing object | PSU2_retainer_rib_304.4
Fra:1 Mem:158.54M (Peak 158.54M) | Time:00:00.11 | Mem:0.00M, Peak:0.00M | CISCO_N9K_C9336C_FX2_V001, ViewLayer | Synchronizing object | PSU2_retainer_rib_302.2
Fra:1 Mem:158.54M (Peak 158.54M) | Time:00:00.11 | Mem:0.00M, Peak:0.00M | CISCO_N9K_C9336C_FX2_V001, ViewLayer | Synchronizing object | PSU2_retainer_rib_300
Fra:1 Mem:158.55M (Peak 158.55M) | Time:00:00.11 | Mem:0.00M, Peak:0.00M | CISCO_N9K_C9336C_FX2_V001, ViewLayer | Synchronizing object | PSU2_stowed_nylon_retention_loop
Fra:1 Mem:158.55M (Peak 158.55M) | Time:00:00.11 | Mem:0.00M, Peak:0.00M | CISCO_N9K_C9336C_FX2_V001, ViewLayer | Synchronizing object | PSU2_cord_retainer_anchor
Fra:1 Mem:158.56M (Peak 158.56M) | Time:00:00.11 | Mem:0.00M, Peak:0.00M | CISCO_N9K_C9336C_FX2_V001, ViewLayer | Synchronizing object | PSU2_BLUE_release_latch
Fra:1 Mem:158.56M (Peak 158.56M) | Time:00:00.11 | Mem:0.00M, Peak:0.00M | CISCO_N9K_C9336C_FX2_V001, ViewLayer | Synchronizing object | PSU2_silver_U_pull_handle
Fra:1 Mem:158.07M (Peak 158.56M) | Time:00:00.11 | Mem:0.00M, Peak:0.00M | CISCO_N9K_C9336C_FX2_V001, ViewLayer | Synchronizing object | Fan3_blade_-1_2
Fra:1 Mem:158.17M (Peak 158.56M) | Time:00:00.11 | Mem:0.00M, Peak:0.00M | CISCO_N9K_C9336C_FX2_V001, ViewLayer | Synchronizing object | Fan3_blade_-1_3
Fra:1 Mem:158.17M (Peak 158.56M) | Time:00:00.11 | Mem:0.00M, Peak:0.00M | CISCO_N9K_C9336C_FX2_V001, ViewLayer | Synchronizing object | PSU2_IEC_pin_2
Fra:1 Mem:158.18M (Peak 158.56M) | Time:00:00.11 | Mem:0.00M, Peak:0.00M | CISCO_N9K_C9336C_FX2_V001, ViewLayer | Synchronizing object | PSU2_IEC_pin_1
Fra:1 Mem:158.19M (Peak 158.56M) | Time:00:00.11 | Mem:0.00M, Peak:0.00M | CISCO_N9K_C9336C_FX2_V001, ViewLayer | Synchronizing object | PSU2_IEC_pin_0
Fra:1 Mem:158.20M (Peak 158.56M) | Time:00:00.11 | Mem:0.00M, Peak:0.00M | CISCO_N9K_C9336C_FX2_V001, ViewLayer | Synchronizing object | PSU2_IEC_recessed_black_floor
Fra:1 Mem:158.20M (Peak 158.56M) | Time:00:00.11 | Mem:0.00M, Peak:0.00M | CISCO_N9K_C9336C_FX2_V001, ViewLayer | Synchronizing object | PSU2_IEC_C14_black_inlet_housing
Fra:1 Mem:158.23M (Peak 158.56M) | Time:00:00.11 | Mem:0.00M, Peak:0.00M | CISCO_N9K_C9336C_FX2_V001, ViewLayer | Synchronizing object | PSU2_true_hex_cooling_vents
Fra:1 Mem:158.38M (Peak 158.56M) | Time:00:00.11 | Mem:0.00M, Peak:0.00M | CISCO_N9K_C9336C_FX2_V001, ViewLayer | Synchronizing object | Fan3_blade_-1_4
Fra:1 Mem:167.75M (Peak 168.35M) | Time:00:00.11 | Mem:0.00M, Peak:0.00M | CISCO_N9K_C9336C_FX2_V001, ViewLayer | Synchronizing object | Fan3_blade_-1_5
Fra:1 Mem:167.75M (Peak 168.35M) | Time:00:00.11 | Mem:0.00M, Peak:0.00M | CISCO_N9K_C9336C_FX2_V001, ViewLayer | Synchronizing object | Fan3_blade_-1_6
Fra:1 Mem:167.75M (Peak 168.35M) | Time:00:00.12 | Mem:0.00M, Peak:0.00M | CISCO_N9K_C9336C_FX2_V001, ViewLayer | Synchronizing object | PSU2_inlet_vent_divider
Fra:1 Mem:167.75M (Peak 168.35M) | Time:00:00.12 | Mem:0.00M, Peak:0.00M | CISCO_N9K_C9336C_FX2_V001, ViewLayer | Synchronizing object | PSU2_front_face_rim
Fra:1 Mem:167.77M (Peak 168.35M) | Time:00:00.12 | Mem:0.00M, Peak:0.00M | CISCO_N9K_C9336C_FX2_V001, ViewLayer | Synchronizing object | PSU2_internal_opaque_baffle
Fra:1 Mem:167.77M (Peak 168.35M) | Time:00:00.12 | Mem:0.00M, Peak:0.00M | CISCO_N9K_C9336C_FX2_V001, ViewLayer | Synchronizing object | PSU2_internal_mating_block
Fra:1 Mem:167.78M (Peak 168.35M) | Time:00:00.12 | Mem:0.00M, Peak:0.00M | CISCO_N9K_C9336C_FX2_V001, ViewLayer | Synchronizing object | PSU2_rear_internal_endcap
Fra:1 Mem:167.79M (Peak 168.35M) | Time:00:00.12 | Mem:0.00M, Peak:0.00M | CISCO_N9K_C9336C_FX2_V001, ViewLayer | Synchronizing object | PSU2_formed_silver_shell
Fra:1 Mem:167.81M (Peak 168.35M) | Time:00:00.12 | Mem:0.00M, Peak:0.00M | CISCO_N9K_C9336C_FX2_V001, ViewLayer | Synchronizing object | PSU1_face_screw_24.5_39.3
Fra:1 Mem:167.83M (Peak 168.35M) | Time:00:00.12 | Mem:0.00M, Peak:0.00M | CISCO_N9K_C9336C_FX2_V001, ViewLayer | Synchronizing object | PSU1_face_screw_24.5_4.1
Fra:1 Mem:167.85M (Peak 168.35M) | Time:00:00.12 | Mem:0.00M, Peak:0.00M | CISCO_N9K_C9336C_FX2_V001, ViewLayer | Synchronizing object | PSU1_face_screw_-24.5_39.3
Fra:1 Mem:167.86M (Peak 168.35M) | Time:00:00.12 | Mem:0.00M, Peak:0.00M | CISCO_N9K_C9336C_FX2_V001, ViewLayer | Synchronizing object | PSU1_face_screw_-24.5_4.1
Fra:1 Mem:167.88M (Peak 168.35M) | Time:00:00.12 | Mem:0.00M, Peak:0.00M | CISCO_N9K_C9336C_FX2_V001, ViewLayer | Synchronizing object | PSU1_OK_legend
Fra:1 Mem:167.88M (Peak 168.35M) | Time:00:00.12 | Mem:0.00M, Peak:0.00M | CISCO_N9K_C9336C_FX2_V001, ViewLayer | Synchronizing object | PSU1_FAIL_legend
Fra:1 Mem:167.89M (Peak 168.35M) | Time:00:00.12 | Mem:0.00M, Peak:0.00M | CISCO_N9K_C9336C_FX2_V001, ViewLayer | Synchronizing object | PSU1_unpowered_LED_32.6
Fra:1 Mem:167.89M (Peak 168.35M) | Time:00:00.12 | Mem:0.00M, Peak:0.00M | CISCO_N9K_C9336C_FX2_V001, ViewLayer | Synchronizing object | PSU1_unpowered_LED_36.8
Fra:1 Mem:167.89M (Peak 168.35M) | Time:00:00.12 | Mem:0.00M, Peak:0.00M | CISCO_N9K_C9336C_FX2_V001, ViewLayer | Synchronizing object | PSU1_retainer_rib_315.4
Fra:1 Mem:167.90M (Peak 168.35M) | Time:00:00.12 | Mem:0.00M, Peak:0.00M | CISCO_N9K_C9336C_FX2_V001, ViewLayer | Synchronizing object | PSU1_retainer_rib_313.2
Fra:1 Mem:167.90M (Peak 168.35M) | Time:00:00.12 | Mem:0.00M, Peak:0.00M | CISCO_N9K_C9336C_FX2_V001, ViewLayer | Synchronizing object | PSU1_retainer_rib_311
Fra:1 Mem:167.91M (Peak 168.35M) | Time:00:00.12 | Mem:0.00M, Peak:0.00M | CISCO_N9K_C9336C_FX2_V001, ViewLayer | Synchronizing object | PSU1_retainer_rib_308.8
Fra:1 Mem:167.91M (Peak 168.35M) | Time:00:00.12 | Mem:0.00M, Peak:0.00M | CISCO_N9K_C9336C_FX2_V001, ViewLayer | Synchronizing object | PSU1_retainer_rib_306.6
Fra:1 Mem:167.91M (Peak 168.35M) | Time:00:00.12 | Mem:0.00M, Peak:0.00M | CISCO_N9K_C9336C_FX2_V001, ViewLayer | Synchronizing object | PSU1_retainer_rib_304.4
Fra:1 Mem:167.92M (Peak 168.35M) | Time:00:00.12 | Mem:0.00M, Peak:0.00M | CISCO_N9K_C9336C_FX2_V001, ViewLayer | Synchronizing object | PSU1_retainer_rib_302.2
Fra:1 Mem:167.92M (Peak 168.35M) | Time:00:00.12 | Mem:0.00M, Peak:0.00M | CISCO_N9K_C9336C_FX2_V001, ViewLayer | Synchronizing object | PSU1_retainer_rib_300
Fra:1 Mem:167.93M (Peak 168.35M) | Time:00:00.12 | Mem:0.00M, Peak:0.00M | CISCO_N9K_C9336C_FX2_V001, ViewLayer | Synchronizing object | PSU1_stowed_nylon_retention_loop
Fra:1 Mem:167.93M (Peak 168.35M) | Time:00:00.12 | Mem:0.00M, Peak:0.00M | CISCO_N9K_C9336C_FX2_V001, ViewLayer | Synchronizing object | PSU1_cord_retainer_anchor
Fra:1 Mem:167.94M (Peak 168.35M) | Time:00:00.12 | Mem:0.00M, Peak:0.00M | CISCO_N9K_C9336C_FX2_V001, ViewLayer | Synchronizing object | PSU1_BLUE_release_latch
Fra:1 Mem:167.94M (Peak 168.35M) | Time:00:00.12 | Mem:0.00M, Peak:0.00M | CISCO_N9K_C9336C_FX2_V001, ViewLayer | Synchronizing object | PSU1_silver_U_pull_handle
Fra:1 Mem:168.15M (Peak 168.35M) | Time:00:00.12 | Mem:0.00M, Peak:0.00M | CISCO_N9K_C9336C_FX2_V001, ViewLayer | Synchronizing object | Fan3_top_retention_rail_-1
Fra:1 Mem:168.16M (Peak 168.35M) | Time:00:00.12 | Mem:0.00M, Peak:0.00M | CISCO_N9K_C9336C_FX2_V001, ViewLayer | Synchronizing object | Fan3_rear_power_contact_block_-1
Fra:1 Mem:168.16M (Peak 168.35M) | Time:00:00.12 | Mem:0.00M, Peak:0.00M | CISCO_N9K_C9336C_FX2_V001, ViewLayer | Synchronizing object | PSU1_IEC_pin_2
Fra:1 Mem:168.18M (Peak 168.35M) | Time:00:00.12 | Mem:0.00M, Peak:0.00M | CISCO_N9K_C9336C_FX2_V001, ViewLayer | Synchronizing object | PSU1_IEC_pin_1
Fra:1 Mem:168.19M (Peak 168.35M) | Time:00:00.12 | Mem:0.00M, Peak:0.00M | CISCO_N9K_C9336C_FX2_V001, ViewLayer | Synchronizing object | PSU1_IEC_pin_0
Fra:1 Mem:168.20M (Peak 168.35M) | Time:00:00.12 | Mem:0.00M, Peak:0.00M | CISCO_N9K_C9336C_FX2_V001, ViewLayer | Synchronizing object | PSU1_IEC_recessed_black_floor
Fra:1 Mem:168.20M (Peak 168.35M) | Time:00:00.12 | Mem:0.00M, Peak:0.00M | CISCO_N9K_C9336C_FX2_V001, ViewLayer | Synchronizing object | PSU1_IEC_C14_black_inlet_housing
Fra:1 Mem:168.23M (Peak 168.35M) | Time:00:00.12 | Mem:0.00M, Peak:0.00M | CISCO_N9K_C9336C_FX2_V001, ViewLayer | Synchronizing object | PSU1_true_hex_cooling_vents
Fra:1 Mem:168.71M (Peak 168.71M) | Time:00:00.12 | Mem:0.00M, Peak:0.00M | CISCO_N9K_C9336C_FX2_V001, ViewLayer | Synchronizing object | Fan3_rotor_housing_1
Fra:1 Mem:168.71M (Peak 168.71M) | Time:00:00.12 | Mem:0.00M, Peak:0.00M | CISCO_N9K_C9336C_FX2_V001, ViewLayer | Synchronizing object | Fan3_hub_1
Fra:1 Mem:168.72M (Peak 168.72M) | Time:00:00.12 | Mem:0.00M, Peak:0.00M | CISCO_N9K_C9336C_FX2_V001, ViewLayer | Synchronizing object | Fan3_blade_1_0
Fra:1 Mem:168.72M (Peak 168.72M) | Time:00:00.12 | Mem:0.00M, Peak:0.00M | CISCO_N9K_C9336C_FX2_V001, ViewLayer | Synchronizing object | Fan3_blade_1_1
Fra:1 Mem:168.72M (Peak 168.72M) | Time:00:00.12 | Mem:0.00M, Peak:0.00M | CISCO_N9K_C9336C_FX2_V001, ViewLayer | Synchronizing object | Fan3_blade_1_2
Fra:1 Mem:168.72M (Peak 168.72M) | Time:00:00.12 | Mem:0.00M, Peak:0.00M | CISCO_N9K_C9336C_FX2_V001, ViewLayer | Synchronizing object | Fan3_blade_1_3
Fra:1 Mem:168.72M (Peak 168.72M) | Time:00:00.12 | Mem:0.00M, Peak:0.00M | CISCO_N9K_C9336C_FX2_V001, ViewLayer | Synchronizing object | Fan3_blade_1_4
Fra:1 Mem:168.72M (Peak 168.72M) | Time:00:00.12 | Mem:0.00M, Peak:0.00M | CISCO_N9K_C9336C_FX2_V001, ViewLayer | Synchronizing object | Fan3_blade_1_6
Fra:1 Mem:168.72M (Peak 168.72M) | Time:00:00.12 | Mem:0.00M, Peak:0.00M | CISCO_N9K_C9336C_FX2_V001, ViewLayer | Synchronizing object | Fan3_rear_power_contact_block_1
Fra:1 Mem:168.72M (Peak 168.72M) | Time:00:00.12 | Mem:0.00M, Peak:0.00M | CISCO_N9K_C9336C_FX2_V001, ViewLayer | Synchronizing object | Fan3_true_honeycomb_front_grille
Fra:1 Mem:169.04M (Peak 169.04M) | Time:00:00.12 | Mem:0.00M, Peak:0.00M | CISCO_N9K_C9336C_FX2_V001, ViewLayer | Synchronizing object | Fan3_molded_trapezoid_pull_handle
Fra:1 Mem:169.05M (Peak 169.05M) | Time:00:00.12 | Mem:0.00M, Peak:0.00M | CISCO_N9K_C9336C_FX2_V001, ViewLayer | Synchronizing object | Fan3_BLUE_release_latch_-1
Fra:1 Mem:169.18M (Peak 169.18M) | Time:00:00.12 | Mem:0.00M, Peak:0.00M | CISCO_N9K_C9336C_FX2_V001, ViewLayer | Synchronizing object | Fan3_latch_thumb_flare_-1
Fra:1 Mem:169.19M (Peak 169.19M) | Time:00:00.12 | Mem:0.00M, Peak:0.00M | CISCO_N9K_C9336C_FX2_V001, ViewLayer | Synchronizing object | Fan3_BLUE_release_latch_1
Fra:1 Mem:169.29M (Peak 169.29M) | Time:00:00.12 | Mem:0.00M, Peak:0.00M | CISCO_N9K_C9336C_FX2_V001, ViewLayer | Synchronizing object | Fan3_latch_thumb_flare_1
Fra:1 Mem:169.29M (Peak 169.29M) | Time:00:00.12 | Mem:0.00M, Peak:0.00M | CISCO_N9K_C9336C_FX2_V001, ViewLayer | Synchronizing object | Fan3_known_PID
Fra:1 Mem:169.32M (Peak 169.32M) | Time:00:00.12 | Mem:0.00M, Peak:0.00M | CISCO_N9K_C9336C_FX2_V001, ViewLayer | Synchronizing object | Fan3_flush_lock_pin_-39
Fra:1 Mem:169.62M (Peak 169.62M) | Time:00:00.12 | Mem:0.00M, Peak:0.00M | CISCO_N9K_C9336C_FX2_V001, ViewLayer | Synchronizing object | Fan1_fine_vertical_thumb_rib_-1_0
Fra:1 Mem:169.65M (Peak 169.65M) | Time:00:00.12 | Mem:0.00M, Peak:0.00M | CISCO_N9K_C9336C_FX2_V001, ViewLayer | Synchronizing object | Fan1_fine_vertical_thumb_rib_-1_1
Fra:1 Mem:169.65M (Peak 169.65M) | Time:00:00.12 | Mem:0.00M, Peak:0.00M | CISCO_N9K_C9336C_FX2_V001, ViewLayer | Synchronizing object | Fan1_fine_vertical_thumb_rib_-1_2
Fra:1 Mem:169.65M (Peak 169.65M) | Time:00:00.12 | Mem:0.00M, Peak:0.00M | CISCO_N9K_C9336C_FX2_V001, ViewLayer | Synchronizing object | Fan1_fine_vertical_thumb_rib_-1_3
Fra:1 Mem:169.66M (Peak 169.66M) | Time:00:00.12 | Mem:0.00M, Peak:0.00M | CISCO_N9K_C9336C_FX2_V001, ViewLayer | Synchronizing object | Fan1_fine_vertical_thumb_rib_-1_4
Fra:1 Mem:169.66M (Peak 169.66M) | Time:00:00.12 | Mem:0.00M, Peak:0.00M | CISCO_N9K_C9336C_FX2_V001, ViewLayer | Synchronizing object | Fan1_fine_vertical_thumb_rib_-1_5
Fra:1 Mem:169.67M (Peak 169.67M) | Time:00:00.12 | Mem:0.00M, Peak:0.00M | CISCO_N9K_C9336C_FX2_V001, ViewLayer | Synchronizing object | Fan1_fine_vertical_thumb_rib_-1_7
Fra:1 Mem:169.67M (Peak 169.67M) | Time:00:00.12 | Mem:0.00M, Peak:0.00M | CISCO_N9K_C9336C_FX2_V001, ViewLayer | Synchronizing object | Fan1_fine_vertical_thumb_rib_-1_8
Fra:1 Mem:169.68M (Peak 169.68M) | Time:00:00.12 | Mem:0.00M, Peak:0.00M | CISCO_N9K_C9336C_FX2_V001, ViewLayer | Synchronizing object | Fan1_fine_vertical_thumb_rib_-1_9
Fra:1 Mem:169.68M (Peak 169.68M) | Time:00:00.12 | Mem:0.00M, Peak:0.00M | CISCO_N9K_C9336C_FX2_V001, ViewLayer | Synchronizing object | Fan1_fine_vertical_thumb_rib_1_0
Fra:1 Mem:169.69M (Peak 169.69M) | Time:00:00.12 | Mem:0.00M, Peak:0.00M | CISCO_N9K_C9336C_FX2_V001, ViewLayer | Synchronizing object | Fan1_fine_vertical_thumb_rib_1_1
Fra:1 Mem:169.69M (Peak 169.69M) | Time:00:00.12 | Mem:0.00M, Peak:0.00M | CISCO_N9K_C9336C_FX2_V001, ViewLayer | Synchronizing object | Fan1_fine_vertical_thumb_rib_1_3
Fra:1 Mem:169.70M (Peak 169.70M) | Time:00:00.12 | Mem:0.00M, Peak:0.00M | CISCO_N9K_C9336C_FX2_V001, ViewLayer | Synchronizing object | Fan1_fine_vertical_thumb_rib_1_4
Fra:1 Mem:169.71M (Peak 169.71M) | Time:00:00.12 | Mem:0.00M, Peak:0.00M | CISCO_N9K_C9336C_FX2_V001, ViewLayer | Synchronizing object | Fan1_fine_vertical_thumb_rib_1_6
Fra:1 Mem:169.71M (Peak 169.71M) | Time:00:00.12 | Mem:0.00M, Peak:0.00M | CISCO_N9K_C9336C_FX2_V001, ViewLayer | Synchronizing object | Fan1_fine_vertical_thumb_rib_1_7
Fra:1 Mem:169.71M (Peak 169.71M) | Time:00:00.12 | Mem:0.00M, Peak:0.00M | CISCO_N9K_C9336C_FX2_V001, ViewLayer | Synchronizing object | Fan1_fine_vertical_thumb_rib_1_9
Fra:1 Mem:169.73M (Peak 169.73M) | Time:00:00.12 | Mem:0.00M, Peak:0.00M | CISCO_N9K_C9336C_FX2_V001, ViewLayer | Synchronizing object | Fan2_fine_vertical_thumb_rib_-1_0
Fra:1 Mem:169.73M (Peak 169.73M) | Time:00:00.12 | Mem:0.00M, Peak:0.00M | CISCO_N9K_C9336C_FX2_V001, ViewLayer | Synchronizing object | Fan2_fine_vertical_thumb_rib_-1_1
Fra:1 Mem:169.73M (Peak 169.73M) | Time:00:00.12 | Mem:0.00M, Peak:0.00M | CISCO_N9K_C9336C_FX2_V001, ViewLayer | Synchronizing object | Fan2_fine_vertical_thumb_rib_-1_2
Fra:1 Mem:169.74M (Peak 169.74M) | Time:00:00.12 | Mem:0.00M, Peak:0.00M | CISCO_N9K_C9336C_FX2_V001, ViewLayer | Synchronizing object | Fan2_fine_vertical_thumb_rib_-1_4
Fra:1 Mem:169.74M (Peak 169.74M) | Time:00:00.12 | Mem:0.00M, Peak:0.00M | CISCO_N9K_C9336C_FX2_V001, ViewLayer | Synchronizing object | Fan2_fine_vertical_thumb_rib_-1_5
Fra:1 Mem:169.75M (Peak 169.75M) | Time:00:00.12 | Mem:0.00M, Peak:0.00M | CISCO_N9K_C9336C_FX2_V001, ViewLayer | Synchronizing object | Fan2_fine_vertical_thumb_rib_-1_6
Fra:1 Mem:169.76M (Peak 169.76M) | Time:00:00.12 | Mem:0.00M, Peak:0.00M | CISCO_N9K_C9336C_FX2_V001, ViewLayer | Synchronizing object | Fan2_fine_vertical_thumb_rib_-1_7
Fra:1 Mem:169.76M (Peak 169.76M) | Time:00:00.12 | Mem:0.00M, Peak:0.00M | CISCO_N9K_C9336C_FX2_V001, ViewLayer | Synchronizing object | Fan2_fine_vertical_thumb_rib_-1_8
Fra:1 Mem:169.77M (Peak 169.77M) | Time:00:00.12 | Mem:0.00M, Peak:0.00M | CISCO_N9K_C9336C_FX2_V001, ViewLayer | Synchronizing object | Fan2_fine_vertical_thumb_rib_-1_9
Fra:1 Mem:169.77M (Peak 169.77M) | Time:00:00.12 | Mem:0.00M, Peak:0.00M | CISCO_N9K_C9336C_FX2_V001, ViewLayer | Synchronizing object | Fan2_fine_vertical_thumb_rib_1_1
Fra:1 Mem:169.77M (Peak 169.77M) | Time:00:00.12 | Mem:0.00M, Peak:0.00M | CISCO_N9K_C9336C_FX2_V001, ViewLayer | Synchronizing object | Fan2_fine_vertical_thumb_rib_1_2
Fra:1 Mem:169.78M (Peak 169.78M) | Time:00:00.12 | Mem:0.00M, Peak:0.00M | CISCO_N9K_C9336C_FX2_V001, ViewLayer | Synchronizing object | Fan2_fine_vertical_thumb_rib_1_3
Fra:1 Mem:169.79M (Peak 169.79M) | Time:00:00.12 | Mem:0.00M, Peak:0.00M | CISCO_N9K_C9336C_FX2_V001, ViewLayer | Synchronizing object | Fan2_fine_vertical_thumb_rib_1_4
Fra:1 Mem:169.79M (Peak 169.79M) | Time:00:00.12 | Mem:0.00M, Peak:0.00M | CISCO_N9K_C9336C_FX2_V001, ViewLayer | Synchronizing object | Fan2_fine_vertical_thumb_rib_1_5
Fra:1 Mem:170.40M (Peak 170.40M) | Time:00:00.12 | Mem:0.00M, Peak:0.00M | CISCO_N9K_C9336C_FX2_V001, ViewLayer | Synchronizing object | Fan2_fine_vertical_thumb_rib_1_7
Fra:1 Mem:170.40M (Peak 170.40M) | Time:00:00.12 | Mem:0.00M, Peak:0.00M | CISCO_N9K_C9336C_FX2_V001, ViewLayer | Synchronizing object | Fan2_fine_vertical_thumb_rib_1_9
Fra:1 Mem:170.42M (Peak 170.42M) | Time:00:00.12 | Mem:0.00M, Peak:0.00M | CISCO_N9K_C9336C_FX2_V001, ViewLayer | Synchronizing object | Fan3_fine_vertical_thumb_rib_-1_0
Fra:1 Mem:170.42M (Peak 170.42M) | Time:00:00.12 | Mem:0.00M, Peak:0.00M | CISCO_N9K_C9336C_FX2_V001, ViewLayer | Synchronizing object | Fan3_fine_vertical_thumb_rib_-1_1
Fra:1 Mem:170.42M (Peak 170.42M) | Time:00:00.12 | Mem:0.00M, Peak:0.00M | CISCO_N9K_C9336C_FX2_V001, ViewLayer | Synchronizing object | Fan3_fine_vertical_thumb_rib_-1_2
Fra:1 Mem:170.43M (Peak 170.43M) | Time:00:00.12 | Mem:0.00M, Peak:0.00M | CISCO_N9K_C9336C_FX2_V001, ViewLayer | Synchronizing object | Fan3_fine_vertical_thumb_rib_-1_4
Fra:1 Mem:170.44M (Peak 170.44M) | Time:00:00.12 | Mem:0.00M, Peak:0.00M | CISCO_N9K_C9336C_FX2_V001, ViewLayer | Synchronizing object | Fan3_fine_vertical_thumb_rib_-1_5
Fra:1 Mem:170.44M (Peak 170.44M) | Time:00:00.12 | Mem:0.00M, Peak:0.00M | CISCO_N9K_C9336C_FX2_V001, ViewLayer | Synchronizing object | Fan3_fine_vertical_thumb_rib_-1_7
Fra:1 Mem:170.45M (Peak 170.45M) | Time:00:00.12 | Mem:0.00M, Peak:0.00M | CISCO_N9K_C9336C_FX2_V001, ViewLayer | Synchronizing object | Fan3_fine_vertical_thumb_rib_-1_8
Fra:1 Mem:170.46M (Peak 170.46M) | Time:00:00.12 | Mem:0.00M, Peak:0.00M | CISCO_N9K_C9336C_FX2_V001, ViewLayer | Synchronizing object | Fan3_fine_vertical_thumb_rib_1_0
Fra:1 Mem:170.61M (Peak 170.61M) | Time:00:00.12 | Mem:0.00M, Peak:0.00M | CISCO_N9K_C9336C_FX2_V001, ViewLayer | Synchronizing object | Fan3_fine_vertical_thumb_rib_1_1
Fra:1 Mem:170.62M (Peak 170.62M) | Time:00:00.12 | Mem:0.00M, Peak:0.00M | CISCO_N9K_C9336C_FX2_V001, ViewLayer | Synchronizing object | Fan3_fine_vertical_thumb_rib_1_2
Fra:1 Mem:170.62M (Peak 170.62M) | Time:00:00.12 | Mem:0.00M, Peak:0.00M | CISCO_N9K_C9336C_FX2_V001, ViewLayer | Synchronizing object | Fan3_fine_vertical_thumb_rib_1_4
Fra:1 Mem:170.63M (Peak 170.63M) | Time:00:00.12 | Mem:0.00M, Peak:0.00M | CISCO_N9K_C9336C_FX2_V001, ViewLayer | Synchronizing object | Fan3_fine_vertical_thumb_rib_1_5
Fra:1 Mem:170.64M (Peak 170.64M) | Time:00:00.12 | Mem:0.00M, Peak:0.00M | CISCO_N9K_C9336C_FX2_V001, ViewLayer | Synchronizing object | Fan3_fine_vertical_thumb_rib_1_6
Fra:1 Mem:170.64M (Peak 170.64M) | Time:00:00.12 | Mem:0.00M, Peak:0.00M | CISCO_N9K_C9336C_FX2_V001, ViewLayer | Synchronizing object | Fan3_fine_vertical_thumb_rib_1_8
Fra:1 Mem:170.64M (Peak 170.64M) | Time:00:00.12 | Mem:0.00M, Peak:0.00M | CISCO_N9K_C9336C_FX2_V001, ViewLayer | Synchronizing object | Fan3_fine_vertical_thumb_rib_1_9
Fra:1 Mem:170.65M (Peak 170.65M) | Time:00:00.12 | Mem:0.00M, Peak:0.00M | CISCO_N9K_C9336C_FX2_V001, ViewLayer | Synchronizing object | PSU1_formed_silver_shell
Fra:1 Mem:170.65M (Peak 170.65M) | Time:00:00.12 | Mem:0.00M, Peak:0.00M | CISCO_N9K_C9336C_FX2_V001, ViewLayer | Synchronizing object | PSU1_internal_mating_block
Fra:1 Mem:170.68M (Peak 170.68M) | Time:00:00.12 | Mem:0.00M, Peak:0.00M | CISCO_N9K_C9336C_FX2_V001, ViewLayer | Synchronizing object | PSU1_internal_opaque_baffle
Fra:1 Mem:170.69M (Peak 170.69M) | Time:00:00.12 | Mem:0.00M, Peak:0.00M | CISCO_N9K_C9336C_FX2_V001, ViewLayer | Synchronizing object | PSU1_front_face_rim
Fra:1 Mem:170.71M (Peak 170.71M) | Time:00:00.12 | Mem:0.00M, Peak:0.00M | CISCO_N9K_C9336C_FX2_V001, ViewLayer | Synchronizing object | PSU1_inlet_vent_divider
Fra:1 Mem:172.97M (Peak 182.02M) | Time:00:00.28 | Mem:0.00M, Peak:0.00M | CISCO_N9K_C9336C_FX2_V001, ViewLayer | Initializing
Fra:1 Mem:168.51M (Peak 182.02M) | Time:00:00.29 | Mem:0.00M, Peak:0.00M | CISCO_N9K_C9336C_FX2_V001, ViewLayer | Updating Images | Loading NWR_original_chassis_label_baked
Fra:1 Mem:168.51M (Peak 182.02M) | Time:00:00.29 | Mem:0.00M, Peak:0.00M | CISCO_N9K_C9336C_FX2_V001, ViewLayer | Updating Images | Loading chassis-satin-nickel-roughness
Fra:1 Mem:168.51M (Peak 182.02M) | Time:00:00.29 | Mem:0.00M, Peak:0.00M | CISCO_N9K_C9336C_FX2_V001, ViewLayer | Updating Images | Loading dark-grille-metal-roughness
Fra:1 Mem:155.47M (Peak 182.02M) | Time:00:00.33 | Mem:7.50M, Peak:7.50M | CISCO_N9K_C9336C_FX2_V001, ViewLayer | Waiting for render to start
Fra:1 Mem:155.47M (Peak 182.02M) | Time:00:00.33 | Mem:7.50M, Peak:7.50M | CISCO_N9K_C9336C_FX2_V001, ViewLayer | Loading render kernels (may take a few minutes the first time)
Fra:1 Mem:155.47M (Peak 182.02M) | Time:00:00.33 | Mem:7.50M, Peak:7.50M | CISCO_N9K_C9336C_FX2_V001, ViewLayer | Updating Scene
Fra:1 Mem:155.47M (Peak 182.02M) | Time:00:00.33 | Mem:7.50M, Peak:7.50M | CISCO_N9K_C9336C_FX2_V001, ViewLayer | Updating Shaders
Fra:1 Mem:155.57M (Peak 182.02M) | Time:00:00.33 | Mem:7.51M, Peak:7.51M | CISCO_N9K_C9336C_FX2_V001, ViewLayer | Updating Procedurals
Fra:1 Mem:155.57M (Peak 182.02M) | Time:00:00.33 | Mem:7.51M, Peak:7.51M | CISCO_N9K_C9336C_FX2_V001, ViewLayer | Updating Background
Fra:1 Mem:155.57M (Peak 182.02M) | Time:00:00.33 | Mem:7.51M, Peak:7.51M | CISCO_N9K_C9336C_FX2_V001, ViewLayer | Updating Camera
Fra:1 Mem:155.57M (Peak 182.02M) | Time:00:00.33 | Mem:7.51M, Peak:7.51M | CISCO_N9K_C9336C_FX2_V001, ViewLayer | Updating Meshes Flags
Fra:1 Mem:155.57M (Peak 182.02M) | Time:00:00.33 | Mem:7.51M, Peak:7.51M | CISCO_N9K_C9336C_FX2_V001, ViewLayer | Updating Objects
Fra:1 Mem:155.57M (Peak 182.02M) | Time:00:00.33 | Mem:7.51M, Peak:7.51M | CISCO_N9K_C9336C_FX2_V001, ViewLayer | Updating Objects | Copying Transformations to device
Fra:1 Mem:155.79M (Peak 182.02M) | Time:00:00.33 | Mem:7.73M, Peak:7.73M | CISCO_N9K_C9336C_FX2_V001, ViewLayer | Updating Objects | Applying Static Transformations
Fra:1 Mem:155.79M (Peak 182.02M) | Time:00:00.34 | Mem:7.73M, Peak:7.73M | CISCO_N9K_C9336C_FX2_V001, ViewLayer | Updating Particle Systems
Fra:1 Mem:155.79M (Peak 182.02M) | Time:00:00.34 | Mem:7.73M, Peak:7.73M | CISCO_N9K_C9336C_FX2_V001, ViewLayer | Updating Particle Systems | Copying Particles to device
Fra:1 Mem:155.79M (Peak 182.02M) | Time:00:00.34 | Mem:7.73M, Peak:7.73M | CISCO_N9K_C9336C_FX2_V001, ViewLayer | Updating Meshes
Fra:1 Mem:161.68M (Peak 182.02M) | Time:00:00.36 | Mem:7.73M, Peak:7.73M | CISCO_N9K_C9336C_FX2_V001, ViewLayer | Updating Mesh | Computing attributes
Fra:1 Mem:188.10M (Peak 188.10M) | Time:00:00.44 | Mem:7.77M, Peak:7.77M | CISCO_N9K_C9336C_FX2_V001, ViewLayer | Updating Mesh | Copying Attributes to device
Fra:1 Mem:187.97M (Peak 188.10M) | Time:00:00.44 | Mem:34.02M, Peak:34.02M | CISCO_N9K_C9336C_FX2_V001, ViewLayer | Updating Geometry BVH Lid_flush_Phillips_00 1/30 | Building BVH
Fra:1 Mem:187.97M (Peak 188.10M) | Time:00:00.44 | Mem:34.02M, Peak:34.02M | CISCO_N9K_C9336C_FX2_V001, ViewLayer | Updating Geometry BVH Port02_subtle_recessed_contact_row 30/30 | Building BVH
Fra:1 Mem:187.97M (Peak 188.10M) | Time:00:00.44 | Mem:34.03M, Peak:34.03M | CISCO_N9K_C9336C_FX2_V001, ViewLayer | Updating Geometry BVH Port02_subtle_recessed_contact_row 30/30 | Building BVH 0%
Fra:1 Mem:187.97M (Peak 188.10M) | Time:00:00.44 | Mem:34.05M, Peak:34.06M | CISCO_N9K_C9336C_FX2_V001, ViewLayer | Updating Geometry BVH Port02_spring_1_2.8 29/30 | Building BVH
Fra:1 Mem:187.97M (Peak 188.10M) | Time:00:00.44 | Mem:34.06M, Peak:34.06M | CISCO_N9K_C9336C_FX2_V001, ViewLayer | Updating Geometry BVH Pair01_stainless_shell_29mm_deep 2/30 | Building BVH
Fra:1 Mem:187.97M (Peak 188.10M) | Time:00:00.44 | Mem:34.07M, Peak:34.07M | CISCO_N9K_C9336C_FX2_V001, ViewLayer | Updating Geometry BVH Port02_spring_1_0 28/30 | Building BVH
Fra:1 Mem:187.97M (Peak 188.10M) | Time:00:00.44 | Mem:34.09M, Peak:34.09M | CISCO_N9K_C9336C_FX2_V001, ViewLayer | Updating Geometry BVH Port02_spring_1_-2.8 27/30 | Building BVH
Fra:1 Mem:187.97M (Peak 188.10M) | Time:00:00.44 | Mem:34.09M, Peak:34.09M | CISCO_N9K_C9336C_FX2_V001, ViewLayer | Updating Geometry BVH Pair01_front_separator_true_perforations 3/30 | Building BVH
Fra:1 Mem:187.97M (Peak 188.10M) | Time:00:00.44 | Mem:34.17M, Peak:34.17M | CISCO_N9K_C9336C_FX2_V001, ViewLayer | Updating Geometry BVH Port02_guide_1_4.25 26/30 | Building BVH
Fra:1 Mem:187.97M (Peak 188.10M) | Time:00:00.44 | Mem:34.18M, Peak:34.18M | CISCO_N9K_C9336C_FX2_V001, ViewLayer | Updating Geometry BVH Port02_guide_1_-4.25 25/30 | Building BVH
Fra:1 Mem:187.97M (Peak 188.10M) | Time:00:00.44 | Mem:34.19M, Peak:34.19M | CISCO_N9K_C9336C_FX2_V001, ViewLayer | Updating Geometry BVH Port02_spring_-1_2.8 24/30 | Building BVH
Fra:1 Mem:187.97M (Peak 188.10M) | Time:00:00.44 | Mem:34.20M, Peak:34.20M | CISCO_N9K_C9336C_FX2_V001, ViewLayer | Updating Geometry BVH Port02_spring_-1_0 23/30 | Building BVH
Fra:1 Mem:187.97M (Peak 188.10M) | Time:00:00.44 | Mem:34.22M, Peak:34.22M | CISCO_N9K_C9336C_FX2_V001, ViewLayer | Updating Geometry BVH Port02_spring_-1_-2.8 22/30 | Building BVH
Fra:1 Mem:187.97M (Peak 188.10M) | Time:00:00.44 | Mem:34.23M, Peak:34.24M | CISCO_N9K_C9336C_FX2_V001, ViewLayer | Updating Geometry BVH Port02_guide_-1_4.25 21/30 | Building BVH
Fra:1 Mem:187.97M (Peak 188.10M) | Time:00:00.44 | Mem:34.25M, Peak:34.25M | CISCO_N9K_C9336C_FX2_V001, ViewLayer | Updating Geometry BVH Port02_guide_-1_-4.25 20/30 | Building BVH
Fra:1 Mem:187.97M (Peak 188.10M) | Time:00:00.44 | Mem:34.28M, Peak:34.28M | CISCO_N9K_C9336C_FX2_V001, ViewLayer | Updating Geometry BVH Port02_connector_contact_surround 19/30 | Building BVH
Fra:1 Mem:187.97M (Peak 188.10M) | Time:00:00.44 | Mem:34.30M, Peak:34.30M | CISCO_N9K_C9336C_FX2_V001, ViewLayer | Updating Geometry BVH Port02_recessed_connector_stop 18/30 | Building BVH
Fra:1 Mem:187.97M (Peak 188.10M) | Time:00:00.44 | Mem:34.33M, Peak:34.33M | CISCO_N9K_C9336C_FX2_V001, ViewLayer | Updating Geometry BVH Port01_subtle_recessed_contact_row 17/30 | Building BVH
Fra:1 Mem:187.97M (Peak 188.10M) | Time:00:00.44 | Mem:34.34M, Peak:34.34M | CISCO_N9K_C9336C_FX2_V001, ViewLayer | Updating Geometry BVH Pair01_internal_cooling_shelf 4/30 | Building BVH
Fra:1 Mem:187.97M (Peak 188.10M) | Time:00:00.44 | Mem:34.37M, Peak:34.37M | CISCO_N9K_C9336C_FX2_V001, ViewLayer | Updating Geometry BVH Port01_spring_1_2.8 16/30 | Building BVH
Fra:1 Mem:187.97M (Peak 188.10M) | Time:00:00.44 | Mem:34.39M, Peak:34.39M | CISCO_N9K_C9336C_FX2_V001, ViewLayer | Updating Geometry BVH Port01_spring_1_0 15/30 | Building BVH
Fra:1 Mem:187.97M (Peak 188.10M) | Time:00:00.44 | Mem:34.40M, Peak:34.40M | CISCO_N9K_C9336C_FX2_V001, ViewLayer | Updating Geometry BVH Port01_recessed_connector_stop 5/30 | Building BVH
Fra:1 Mem:187.97M (Peak 188.10M) | Time:00:00.44 | Mem:34.42M, Peak:34.42M | CISCO_N9K_C9336C_FX2_V001, ViewLayer | Updating Geometry BVH Port01_spring_1_-2.8 14/30 | Building BVH
Fra:1 Mem:187.97M (Peak 188.10M) | Time:00:00.44 | Mem:34.45M, Peak:34.46M | CISCO_N9K_C9336C_FX2_V001, ViewLayer | Updating Geometry BVH Port01_guide_1_4.25 13/30 | Building BVH
Fra:1 Mem:187.97M (Peak 188.10M) | Time:00:00.44 | Mem:34.45M, Peak:34.46M | CISCO_N9K_C9336C_FX2_V001, ViewLayer | Updating Geometry BVH Port01_connector_contact_surround 6/30 | Building BVH
Fra:1 Mem:187.97M (Peak 188.10M) | Time:00:00.44 | Mem:34.48M, Peak:34.48M | CISCO_N9K_C9336C_FX2_V001, ViewLayer | Updating Geometry BVH Port01_guide_1_-4.25 12/30 | Building BVH
Fra:1 Mem:187.97M (Peak 188.10M) | Time:00:00.44 | Mem:34.52M, Peak:34.52M | CISCO_N9K_C9336C_FX2_V001, ViewLayer | Updating Geometry BVH Port01_guide_-1_-4.25 7/30 | Building BVH
Fra:1 Mem:187.97M (Peak 188.10M) | Time:00:00.44 | Mem:34.44M, Peak:34.52M | CISCO_N9K_C9336C_FX2_V001, ViewLayer | Updating Geometry BVH Port01_guide_-1_4.25 8/30 | Building BVH
Fra:1 Mem:187.97M (Peak 188.10M) | Time:00:00.44 | Mem:34.46M, Peak:34.52M | CISCO_N9K_C9336C_FX2_V001, ViewLayer | Updating Geometry BVH Port01_spring_-1_0 10/30 | Building BVH
Fra:1 Mem:187.97M (Peak 188.10M) | Time:00:00.44 | Mem:34.48M, Peak:34.52M | CISCO_N9K_C9336C_FX2_V001, ViewLayer | Updating Geometry BVH Port01_spring_-1_-2.8 9/30 | Building BVH
Fra:1 Mem:187.97M (Peak 188.10M) | Time:00:00.44 | Mem:34.49M, Peak:34.52M | CISCO_N9K_C9336C_FX2_V001, ViewLayer | Updating Scene BVH | Building
Fra:1 Mem:187.98M (Peak 188.10M) | Time:00:00.44 | Mem:34.49M, Peak:34.52M | CISCO_N9K_C9336C_FX2_V001, ViewLayer | Updating Scene BVH | Building BVH
Fra:1 Mem:187.98M (Peak 188.10M) | Time:00:00.49 | Mem:58.89M, Peak:70.50M | CISCO_N9K_C9336C_FX2_V001, ViewLayer | Updating Scene BVH | Copying BVH to device
Fra:1 Mem:187.98M (Peak 188.10M) | Time:00:00.49 | Mem:58.89M, Peak:70.50M | CISCO_N9K_C9336C_FX2_V001, ViewLayer | Updating Mesh | Computing normals
Fra:1 Mem:201.19M (Peak 201.19M) | Time:00:00.50 | Mem:58.89M, Peak:70.50M | CISCO_N9K_C9336C_FX2_V001, ViewLayer | Updating Mesh | Copying Mesh to device
Fra:1 Mem:201.19M (Peak 201.19M) | Time:00:00.50 | Mem:72.10M, Peak:72.10M | CISCO_N9K_C9336C_FX2_V001, ViewLayer | Updating Objects Flags
Fra:1 Mem:201.19M (Peak 201.19M) | Time:00:00.50 | Mem:72.11M, Peak:72.11M | CISCO_N9K_C9336C_FX2_V001, ViewLayer | Updating Primitive Offsets
Fra:1 Mem:201.19M (Peak 201.19M) | Time:00:00.50 | Mem:72.11M, Peak:72.11M | CISCO_N9K_C9336C_FX2_V001, ViewLayer | Updating Images
Fra:1 Mem:201.19M (Peak 201.19M) | Time:00:00.50 | Mem:72.11M, Peak:72.11M | CISCO_N9K_C9336C_FX2_V001, ViewLayer | Updating Camera Volume
Fra:1 Mem:201.19M (Peak 201.19M) | Time:00:00.50 | Mem:72.11M, Peak:72.11M | CISCO_N9K_C9336C_FX2_V001, ViewLayer | Updating Lookup Tables
Fra:1 Mem:201.19M (Peak 201.19M) | Time:00:00.50 | Mem:72.19M, Peak:72.19M | CISCO_N9K_C9336C_FX2_V001, ViewLayer | Updating Lights
Fra:1 Mem:201.19M (Peak 201.19M) | Time:00:00.50 | Mem:72.19M, Peak:72.19M | CISCO_N9K_C9336C_FX2_V001, ViewLayer | Updating Lights | Computing distribution
Fra:1 Mem:201.19M (Peak 201.19M) | Time:00:00.50 | Mem:72.19M, Peak:72.19M | CISCO_N9K_C9336C_FX2_V001, ViewLayer | Updating Lights | Computing tree
Fra:1 Mem:201.20M (Peak 201.20M) | Time:00:00.50 | Mem:72.20M, Peak:72.20M | CISCO_N9K_C9336C_FX2_V001, ViewLayer | Updating Integrator
Fra:1 Mem:202.20M (Peak 202.20M) | Time:00:00.50 | Mem:73.20M, Peak:73.20M | CISCO_N9K_C9336C_FX2_V001, ViewLayer | Updating Film
Fra:1 Mem:202.20M (Peak 202.20M) | Time:00:00.50 | Mem:73.12M, Peak:73.20M | CISCO_N9K_C9336C_FX2_V001, ViewLayer | Updating Lookup Tables
Fra:1 Mem:202.20M (Peak 202.20M) | Time:00:00.50 | Mem:73.20M, Peak:73.20M | CISCO_N9K_C9336C_FX2_V001, ViewLayer | Updating Baking
Fra:1 Mem:202.20M (Peak 202.20M) | Time:00:00.50 | Mem:73.20M, Peak:73.20M | CISCO_N9K_C9336C_FX2_V001, ViewLayer | Updating Device | Writing constant memory
Fra:1 Mem:202.22M (Peak 202.22M) | Time:00:00.50 | Mem:73.20M, Peak:73.20M | CISCO_N9K_C9336C_FX2_V001, ViewLayer | Sample 0/128
Fra:1 Mem:383.83M (Peak 383.83M) | Time:00:03.02 | Remaining:05:19.83 | Mem:254.80M, Peak:254.80M | CISCO_N9K_C9336C_FX2_V001, ViewLayer | Sample 1/128
Fra:1 Mem:383.83M (Peak 383.83M) | Time:00:35.57 | Remaining:03:49.02 | Mem:254.80M, Peak:254.80M | CISCO_N9K_C9336C_FX2_V001, ViewLayer | Sample 17/128
Fra:1 Mem:383.83M (Peak 383.83M) | Time:01:14.48 | Remaining:03:32.98 | Mem:254.80M, Peak:254.80M | CISCO_N9K_C9336C_FX2_V001, ViewLayer | Sample 33/128
Fra:1 Mem:383.83M (Peak 383.83M) | Time:01:53.58 | Remaining:03:02.32 | Mem:254.80M, Peak:254.80M | CISCO_N9K_C9336C_FX2_V001, ViewLayer | Sample 49/128
Fra:1 Mem:383.83M (Peak 383.83M) | Time:02:30.52 | Remaining:02:30.01 | Mem:254.80M, Peak:254.80M | CISCO_N9K_C9336C_FX2_V001, ViewLayer | Sample 64/128
Fra:1 Mem:383.83M (Peak 383.83M) | Time:02:47.79 | Remaining:01:40.37 | Mem:254.80M, Peak:254.80M | CISCO_N9K_C9336C_FX2_V001, ViewLayer | Sample 80/128
Fra:1 Mem:383.83M (Peak 383.83M) | Time:03:00.33 | Remaining:00:59.94 | Mem:254.80M, Peak:254.80M | CISCO_N9K_C9336C_FX2_V001, ViewLayer | Sample 96/128
Fra:1 Mem:383.83M (Peak 383.83M) | Time:03:10.14 | Remaining:00:27.09 | Mem:254.80M, Peak:254.80M | CISCO_N9K_C9336C_FX2_V001, ViewLayer | Sample 112/128
Fra:1 Mem:426.55M (Peak 512.00M) | Time:03:17.97 | Mem:254.80M, Peak:254.80M | CISCO_N9K_C9336C_FX2_V001, ViewLayer | Sample 128/128
Fra:1 Mem:426.55M (Peak 512.00M) | Time:03:17.97 | Mem:254.80M, Peak:254.80M | CISCO_N9K_C9336C_FX2_V001, ViewLayer | Finished
Fra:1 Mem:147.57M (Peak 512.00M) | Time:03:18.01 | Compositing
Fra:1 Mem:147.57M (Peak 512.00M) | Time:03:18.01 | Compositing | Determining resolution
Fra:1 Mem:147.57M (Peak 512.00M) | Time:03:18.01 | Compositing | Initializing execution
Fra:1 Mem:190.36M (Peak 512.00M) | Time:03:18.02 | Compositing | Tile 1-48
Fra:1 Mem:190.36M (Peak 512.00M) | Time:03:18.02 | Compositing | Tile 2-48
Fra:1 Mem:190.36M (Peak 512.00M) | Time:03:18.02 | Compositing | Tile 3-48
Fra:1 Mem:190.36M (Peak 512.00M) | Time:03:18.02 | Compositing | Tile 8-48
Fra:1 Mem:190.36M (Peak 512.00M) | Time:03:18.02 | Compositing | Tile 4-48
Fra:1 Mem:190.36M (Peak 512.00M) | Time:03:18.02 | Compositing | Tile 9-48
Fra:1 Mem:190.36M (Peak 512.00M) | Time:03:18.03 | Compositing | Tile 10-48
Fra:1 Mem:190.36M (Peak 512.00M) | Time:03:18.03 | Compositing | Tile 11-48
Fra:1 Mem:190.36M (Peak 512.00M) | Time:03:18.02 | Compositing | Tile 5-48
Fra:1 Mem:190.36M (Peak 512.00M) | Time:03:18.02 | Compositing | Tile 6-48
Fra:1 Mem:190.36M (Peak 512.00M) | Time:03:18.02 | Compositing | Tile 7-48
Fra:1 Mem:190.36M (Peak 512.00M) | Time:03:18.03 | Compositing | Tile 12-48
Fra:1 Mem:190.36M (Peak 512.00M) | Time:03:18.03 | Compositing | Tile 13-48
Fra:1 Mem:190.36M (Peak 512.00M) | Time:03:18.03 | Compositing | Tile 14-48
Fra:1 Mem:190.36M (Peak 512.00M) | Time:03:18.03 | Compositing | Tile 15-48
Fra:1 Mem:190.36M (Peak 512.00M) | Time:03:18.03 | Compositing | Tile 16-48
Fra:1 Mem:190.36M (Peak 512.00M) | Time:03:18.03 | Compositing | Tile 17-48
Fra:1 Mem:190.36M (Peak 512.00M) | Time:03:18.03 | Compositing | Tile 18-48
Fra:1 Mem:190.36M (Peak 512.00M) | Time:03:18.03 | Compositing | Tile 19-48
Fra:1 Mem:190.36M (Peak 512.00M) | Time:03:18.03 | Compositing | Tile 20-48
Fra:1 Mem:190.36M (Peak 512.00M) | Time:03:18.03 | Compositing | Tile 21-48
Fra:1 Mem:190.36M (Peak 512.00M) | Time:03:18.03 | Compositing | Tile 22-48
Fra:1 Mem:190.36M (Peak 512.00M) | Time:03:18.03 | Compositing | Tile 23-48
Fra:1 Mem:190.36M (Peak 512.00M) | Time:03:18.04 | Compositing | Tile 24-48
Fra:1 Mem:190.36M (Peak 512.00M) | Time:03:18.04 | Compositing | Tile 25-48
Fra:1 Mem:190.36M (Peak 512.00M) | Time:03:18.04 | Compositing | Tile 26-48
Fra:1 Mem:190.36M (Peak 512.00M) | Time:03:18.04 | Compositing | Tile 27-48
Fra:1 Mem:190.36M (Peak 512.00M) | Time:03:18.04 | Compositing | Tile 28-48
Fra:1 Mem:190.36M (Peak 512.00M) | Time:03:18.04 | Compositing | Tile 29-48
Fra:1 Mem:190.36M (Peak 512.00M) | Time:03:18.04 | Compositing | Tile 30-48
Fra:1 Mem:190.36M (Peak 512.00M) | Time:03:18.04 | Compositing | Tile 31-48
Fra:1 Mem:190.36M (Peak 512.00M) | Time:03:18.04 | Compositing | Tile 32-48
Fra:1 Mem:190.36M (Peak 512.00M) | Time:03:18.04 | Compositing | Tile 33-48
Fra:1 Mem:190.36M (Peak 512.00M) | Time:03:18.04 | Compositing | Tile 34-48
Fra:1 Mem:190.36M (Peak 512.00M) | Time:03:18.04 | Compositing | Tile 35-48
Fra:1 Mem:190.36M (Peak 512.00M) | Time:03:18.04 | Compositing | Tile 36-48
Fra:1 Mem:190.36M (Peak 512.00M) | Time:03:18.04 | Compositing | Tile 37-48
Fra:1 Mem:190.36M (Peak 512.00M) | Time:03:18.04 | Compositing | Tile 38-48
Fra:1 Mem:190.36M (Peak 512.00M) | Time:03:18.04 | Compositing | Tile 39-48
Fra:1 Mem:190.36M (Peak 512.00M) | Time:03:18.05 | Compositing | Tile 40-48
Fra:1 Mem:190.36M (Peak 512.00M) | Time:03:18.05 | Compositing | Tile 41-48
Fra:1 Mem:190.36M (Peak 512.00M) | Time:03:18.05 | Compositing | Tile 42-48
Fra:1 Mem:190.36M (Peak 512.00M) | Time:03:18.05 | Compositing | Tile 43-48
Fra:1 Mem:190.36M (Peak 512.00M) | Time:03:18.05 | Compositing | Tile 44-48
Fra:1 Mem:190.36M (Peak 512.00M) | Time:03:18.05 | Compositing | Tile 45-48
Fra:1 Mem:190.36M (Peak 512.00M) | Time:03:18.05 | Compositing | Tile 46-48
Fra:1 Mem:190.36M (Peak 512.00M) | Time:03:18.05 | Compositing | Tile 47-48
Fra:1 Mem:190.36M (Peak 512.00M) | Time:03:18.05 | Compositing | Tile 48-48
Fra:1 Mem:190.30M (Peak 512.00M) | Time:03:18.05 | Compositing | De-initializing execution
Saved: '/root/Project/rack-device-3d/Cisco-N9KC9336C-FX2/v001/previews/front-left.png'
Time: 03:18.65 (Saving: 00:00.60)

VIEW_COMPLETE front-left
Fra:1 Mem:129.74M (Peak 129.74M) | Time:00:00.07 | Mem:0.00M, Peak:0.00M | CISCO_N9K_C9336C_FX2_V001, ViewLayer | Synchronizing object | INFERRED_Bottom_folded_sheet
Fra:1 Mem:129.75M (Peak 129.75M) | Time:00:00.07 | Mem:0.00M, Peak:0.00M | CISCO_N9K_C9336C_FX2_V001, ViewLayer | Synchronizing object | LEFT_sidewall_with_mounting_provisions
Fra:1 Mem:129.82M (Peak 129.82M) | Time:00:00.07 | Mem:0.00M, Peak:0.00M | CISCO_N9K_C9336C_FX2_V001, ViewLayer | Synchronizing object | RIGHT_sidewall_with_mounting_provisions
Fra:1 Mem:130.21M (Peak 130.21M) | Time:00:00.08 | Mem:0.00M, Peak:0.00M | CISCO_N9K_C9336C_FX2_V001, ViewLayer | Synchronizing object | Top_lid_main_sheet
Fra:1 Mem:130.18M (Peak 130.21M) | Time:00:00.08 | Mem:0.00M, Peak:0.00M | CISCO_N9K_C9336C_FX2_V001, ViewLayer | Synchronizing object | Lid_port_edge_fold
Fra:1 Mem:130.35M (Peak 130.35M) | Time:00:00.08 | Mem:0.00M, Peak:0.00M | CISCO_N9K_C9336C_FX2_V001, ViewLayer | Synchronizing object | Lid_staggered_punched_vent_2028_through_holes
Fra:1 Mem:135.00M (Peak 135.00M) | Time:00:00.08 | Mem:0.00M, Peak:0.00M | CISCO_N9K_C9336C_FX2_V001, ViewLayer | Synchronizing object | Lid_vent_side_border_-1
Fra:1 Mem:135.01M (Peak 135.01M) | Time:00:00.08 | Mem:0.00M, Peak:0.00M | CISCO_N9K_C9336C_FX2_V001, ViewLayer | Synchronizing object | Lid_vent_side_border_1
Fra:1 Mem:135.01M (Peak 135.01M) | Time:00:00.08 | Mem:0.00M, Peak:0.00M | CISCO_N9K_C9336C_FX2_V001, ViewLayer | Synchronizing object | Interior_under_port_vent_baffle
Fra:1 Mem:136.46M (Peak 136.46M) | Time:00:00.08 | Mem:0.00M, Peak:0.00M | CISCO_N9K_C9336C_FX2_V001, ViewLayer | Synchronizing object | Rear_horizontal_rim_1.25
Fra:1 Mem:136.46M (Peak 136.46M) | Time:00:00.08 | Mem:0.00M, Peak:0.00M | CISCO_N9K_C9336C_FX2_V001, ViewLayer | Synchronizing object | Rear_horizontal_rim_42.438
Fra:1 Mem:136.46M (Peak 136.46M) | Time:00:00.08 | Mem:0.00M, Peak:0.00M | CISCO_N9K_C9336C_FX2_V001, ViewLayer | Synchronizing object | Rear_side_rim_-218.46
Fra:1 Mem:136.47M (Peak 136.47M) | Time:00:00.08 | Mem:0.00M, Peak:0.00M | CISCO_N9K_C9336C_FX2_V001, ViewLayer | Synchronizing object | Rear_side_rim_218.46
Fra:1 Mem:136.47M (Peak 136.47M) | Time:00:00.08 | Mem:0.00M, Peak:0.00M | CISCO_N9K_C9336C_FX2_V001, ViewLayer | Synchronizing object | Rear_module_divider_160
Fra:1 Mem:136.48M (Peak 136.48M) | Time:00:00.08 | Mem:0.00M, Peak:0.00M | CISCO_N9K_C9336C_FX2_V001, ViewLayer | Synchronizing object | Rear_module_divider_70
Fra:1 Mem:136.50M (Peak 136.50M) | Time:00:00.08 | Mem:0.00M, Peak:0.00M | CISCO_N9K_C9336C_FX2_V001, ViewLayer | Synchronizing object | Rear_module_divider_-20
Fra:1 Mem:136.51M (Peak 136.51M) | Time:00:00.08 | Mem:0.00M, Peak:0.00M | CISCO_N9K_C9336C_FX2_V001, ViewLayer | Synchronizing object | Rear_module_divider_-110
Fra:1 Mem:136.53M (Peak 136.53M) | Time:00:00.08 | Mem:0.00M, Peak:0.00M | CISCO_N9K_C9336C_FX2_V001, ViewLayer | Synchronizing object | Rear_module_divider_-160
Fra:1 Mem:136.54M (Peak 136.54M) | Time:00:00.08 | Mem:0.00M, Peak:0.00M | CISCO_N9K_C9336C_FX2_V001, ViewLayer | Synchronizing object | Lid_flush_Phillips_00
Fra:1 Mem:136.55M (Peak 136.55M) | Time:00:00.08 | Mem:0.00M, Peak:0.00M | CISCO_N9K_C9336C_FX2_V001, ViewLayer | Synchronizing object | Port_face_solid_punched_panel
Fra:1 Mem:138.28M (Peak 138.28M) | Time:00:00.08 | Mem:0.00M, Peak:0.00M | CISCO_N9K_C9336C_FX2_V001, ViewLayer | Synchronizing object | LEFT_EAR_bent_opaque_solid_with_true_bores
Fra:1 Mem:139.44M (Peak 139.44M) | Time:00:00.08 | Mem:0.00M, Peak:0.00M | CISCO_N9K_C9336C_FX2_V001, ViewLayer | Synchronizing object | LEFT_ear_M4_-284_10.8
Fra:1 Mem:139.53M (Peak 139.53M) | Time:00:00.08 | Mem:0.00M, Peak:0.00M | CISCO_N9K_C9336C_FX2_V001, ViewLayer | Synchronizing object | LEFT_ear_M4_-284_32.8
Fra:1 Mem:139.55M (Peak 139.55M) | Time:00:00.08 | Mem:0.00M, Peak:0.00M | CISCO_N9K_C9336C_FX2_V001, ViewLayer | Synchronizing object | LEFT_ear_M4_-256_10.8
Fra:1 Mem:139.57M (Peak 139.57M) | Time:00:00.08 | Mem:0.00M, Peak:0.00M | CISCO_N9K_C9336C_FX2_V001, ViewLayer | Synchronizing object | LEFT_ear_M4_-256_32.8
Fra:1 Mem:141.03M (Peak 141.03M) | Time:00:00.08 | Mem:0.00M, Peak:0.00M | CISCO_N9K_C9336C_FX2_V001, ViewLayer | Synchronizing object | RIGHT_EAR_bent_opaque_solid_with_true_bores
Fra:1 Mem:143.96M (Peak 143.96M) | Time:00:00.08 | Mem:0.00M, Peak:0.00M | CISCO_N9K_C9336C_FX2_V001, ViewLayer | Synchronizing object | Studio_shadow_floor
Fra:1 Mem:143.96M (Peak 143.96M) | Time:00:00.08 | Mem:0.00M, Peak:0.00M | CISCO_N9K_C9336C_FX2_V001, ViewLayer | Synchronizing object | Original_photo_top_chassis_label
Fra:1 Mem:143.96M (Peak 143.96M) | Time:00:00.08 | Mem:0.00M, Peak:0.00M | CISCO_N9K_C9336C_FX2_V001, ViewLayer | Synchronizing object | Port_pair_18_direction_1
Fra:1 Mem:143.96M (Peak 143.96M) | Time:00:00.08 | Mem:0.00M, Peak:0.00M | CISCO_N9K_C9336C_FX2_V001, ViewLayer | Synchronizing object | Port_pair_18_direction_-1
Fra:1 Mem:143.97M (Peak 143.97M) | Time:00:00.08 | Mem:0.00M, Peak:0.00M | CISCO_N9K_C9336C_FX2_V001, ViewLayer | Synchronizing object | PORT_NUMBER_36
Fra:1 Mem:143.97M (Peak 143.97M) | Time:00:00.08 | Mem:0.00M, Peak:0.00M | CISCO_N9K_C9336C_FX2_V001, ViewLayer | Synchronizing object | PORT_NUMBER_35
Fra:1 Mem:143.98M (Peak 143.98M) | Time:00:00.08 | Mem:0.00M, Peak:0.00M | CISCO_N9K_C9336C_FX2_V001, ViewLayer | Synchronizing object | Port_pair_17_direction_1
Fra:1 Mem:143.98M (Peak 143.98M) | Time:00:00.08 | Mem:0.00M, Peak:0.00M | CISCO_N9K_C9336C_FX2_V001, ViewLayer | Synchronizing object | Port_pair_17_direction_-1
Fra:1 Mem:143.98M (Peak 143.98M) | Time:00:00.08 | Mem:0.00M, Peak:0.00M | CISCO_N9K_C9336C_FX2_V001, ViewLayer | Synchronizing object | PORT_NUMBER_34
Fra:1 Mem:143.99M (Peak 143.99M) | Time:00:00.08 | Mem:0.00M, Peak:0.00M | CISCO_N9K_C9336C_FX2_V001, ViewLayer | Synchronizing object | PORT_NUMBER_33
Fra:1 Mem:144.00M (Peak 144.00M) | Time:00:00.08 | Mem:0.00M, Peak:0.00M | CISCO_N9K_C9336C_FX2_V001, ViewLayer | Synchronizing object | Port_pair_16_direction_1
Fra:1 Mem:144.00M (Peak 144.00M) | Time:00:00.08 | Mem:0.00M, Peak:0.00M | CISCO_N9K_C9336C_FX2_V001, ViewLayer | Synchronizing object | Port_pair_16_direction_-1
Fra:1 Mem:144.00M (Peak 144.00M) | Time:00:00.08 | Mem:0.00M, Peak:0.00M | CISCO_N9K_C9336C_FX2_V001, ViewLayer | Synchronizing object | PORT_NUMBER_32
Fra:1 Mem:144.01M (Peak 144.01M) | Time:00:00.08 | Mem:0.00M, Peak:0.00M | CISCO_N9K_C9336C_FX2_V001, ViewLayer | Synchronizing object | PORT_NUMBER_31
Fra:1 Mem:144.01M (Peak 144.01M) | Time:00:00.08 | Mem:0.00M, Peak:0.00M | CISCO_N9K_C9336C_FX2_V001, ViewLayer | Synchronizing object | Port_pair_15_direction_1
Fra:1 Mem:144.01M (Peak 144.01M) | Time:00:00.08 | Mem:0.00M, Peak:0.00M | CISCO_N9K_C9336C_FX2_V001, ViewLayer | Synchronizing object | Port_pair_15_direction_-1
Fra:1 Mem:144.01M (Peak 144.01M) | Time:00:00.08 | Mem:0.00M, Peak:0.00M | CISCO_N9K_C9336C_FX2_V001, ViewLayer | Synchronizing object | PORT_NUMBER_30
Fra:1 Mem:144.02M (Peak 144.02M) | Time:00:00.08 | Mem:0.00M, Peak:0.00M | CISCO_N9K_C9336C_FX2_V001, ViewLayer | Synchronizing object | PORT_NUMBER_29
Fra:1 Mem:144.03M (Peak 144.03M) | Time:00:00.08 | Mem:0.00M, Peak:0.00M | CISCO_N9K_C9336C_FX2_V001, ViewLayer | Synchronizing object | Port_pair_14_direction_1
Fra:1 Mem:144.03M (Peak 144.03M) | Time:00:00.08 | Mem:0.00M, Peak:0.00M | CISCO_N9K_C9336C_FX2_V001, ViewLayer | Synchronizing object | Port_pair_14_direction_-1
Fra:1 Mem:144.03M (Peak 144.03M) | Time:00:00.08 | Mem:0.00M, Peak:0.00M | CISCO_N9K_C9336C_FX2_V001, ViewLayer | Synchronizing object | PORT_NUMBER_28
Fra:1 Mem:144.04M (Peak 144.04M) | Time:00:00.08 | Mem:0.00M, Peak:0.00M | CISCO_N9K_C9336C_FX2_V001, ViewLayer | Synchronizing object | PORT_NUMBER_27
Fra:1 Mem:144.04M (Peak 144.04M) | Time:00:00.08 | Mem:0.00M, Peak:0.00M | CISCO_N9K_C9336C_FX2_V001, ViewLayer | Synchronizing object | Port_pair_13_direction_1
Fra:1 Mem:144.09M (Peak 144.09M) | Time:00:00.08 | Mem:0.00M, Peak:0.00M | CISCO_N9K_C9336C_FX2_V001, ViewLayer | Synchronizing object | Port_pair_13_direction_-1
Fra:1 Mem:144.09M (Peak 144.09M) | Time:00:00.08 | Mem:0.00M, Peak:0.00M | CISCO_N9K_C9336C_FX2_V001, ViewLayer | Synchronizing object | PORT_NUMBER_26
Fra:1 Mem:144.18M (Peak 144.18M) | Time:00:00.08 | Mem:0.00M, Peak:0.00M | CISCO_N9K_C9336C_FX2_V001, ViewLayer | Synchronizing object | PORT_NUMBER_25
Fra:1 Mem:144.31M (Peak 144.31M) | Time:00:00.08 | Mem:0.00M, Peak:0.00M | CISCO_N9K_C9336C_FX2_V001, ViewLayer | Synchronizing object | Port_pair_12_direction_1
Fra:1 Mem:144.31M (Peak 144.31M) | Time:00:00.08 | Mem:0.00M, Peak:0.00M | CISCO_N9K_C9336C_FX2_V001, ViewLayer | Synchronizing object | Port_pair_12_direction_-1
Fra:1 Mem:144.31M (Peak 144.31M) | Time:00:00.08 | Mem:0.00M, Peak:0.00M | CISCO_N9K_C9336C_FX2_V001, ViewLayer | Synchronizing object | PORT_NUMBER_24
Fra:1 Mem:144.32M (Peak 144.32M) | Time:00:00.08 | Mem:0.00M, Peak:0.00M | CISCO_N9K_C9336C_FX2_V001, ViewLayer | Synchronizing object | PORT_NUMBER_23
Fra:1 Mem:144.33M (Peak 144.33M) | Time:00:00.08 | Mem:0.00M, Peak:0.00M | CISCO_N9K_C9336C_FX2_V001, ViewLayer | Synchronizing object | Port_pair_11_direction_1
Fra:1 Mem:144.14M (Peak 144.33M) | Time:00:00.08 | Mem:0.00M, Peak:0.00M | CISCO_N9K_C9336C_FX2_V001, ViewLayer | Synchronizing object | Port_pair_11_direction_-1
Fra:1 Mem:144.07M (Peak 144.33M) | Time:00:00.08 | Mem:0.00M, Peak:0.00M | CISCO_N9K_C9336C_FX2_V001, ViewLayer | Synchronizing object | PORT_NUMBER_22
Fra:1 Mem:144.08M (Peak 144.33M) | Time:00:00.08 | Mem:0.00M, Peak:0.00M | CISCO_N9K_C9336C_FX2_V001, ViewLayer | Synchronizing object | RIGHT_ear_M4_-284_10.8
Fra:1 Mem:144.08M (Peak 144.33M) | Time:00:00.08 | Mem:0.00M, Peak:0.00M | CISCO_N9K_C9336C_FX2_V001, ViewLayer | Synchronizing object | PORT_NUMBER_21
Fra:1 Mem:144.09M (Peak 144.33M) | Time:00:00.08 | Mem:0.00M, Peak:0.00M | CISCO_N9K_C9336C_FX2_V001, ViewLayer | Synchronizing object | Port_pair_10_direction_1
Fra:1 Mem:144.09M (Peak 144.33M) | Time:00:00.08 | Mem:0.00M, Peak:0.00M | CISCO_N9K_C9336C_FX2_V001, ViewLayer | Synchronizing object | Port_pair_10_direction_-1
Fra:1 Mem:144.09M (Peak 144.33M) | Time:00:00.08 | Mem:0.00M, Peak:0.00M | CISCO_N9K_C9336C_FX2_V001, ViewLayer | Synchronizing object | PORT_NUMBER_20
Fra:1 Mem:144.11M (Peak 144.33M) | Time:00:00.08 | Mem:0.00M, Peak:0.00M | CISCO_N9K_C9336C_FX2_V001, ViewLayer | Synchronizing object | PORT_NUMBER_19
Fra:1 Mem:144.11M (Peak 144.33M) | Time:00:00.08 | Mem:0.00M, Peak:0.00M | CISCO_N9K_C9336C_FX2_V001, ViewLayer | Synchronizing object | Port_pair_9_direction_1
Fra:1 Mem:144.11M (Peak 144.33M) | Time:00:00.08 | Mem:0.00M, Peak:0.00M | CISCO_N9K_C9336C_FX2_V001, ViewLayer | Synchronizing object | Port_pair_9_direction_-1
Fra:1 Mem:144.12M (Peak 144.33M) | Time:00:00.08 | Mem:0.00M, Peak:0.00M | CISCO_N9K_C9336C_FX2_V001, ViewLayer | Synchronizing object | PORT_NUMBER_18
Fra:1 Mem:144.12M (Peak 144.33M) | Time:00:00.08 | Mem:0.00M, Peak:0.00M | CISCO_N9K_C9336C_FX2_V001, ViewLayer | Synchronizing object | PORT_NUMBER_17
Fra:1 Mem:148.65M (Peak 148.65M) | Time:00:00.08 | Mem:0.00M, Peak:0.00M | CISCO_N9K_C9336C_FX2_V001, ViewLayer | Synchronizing object | Port_pair_8_direction_1
Fra:1 Mem:148.65M (Peak 148.65M) | Time:00:00.08 | Mem:0.00M, Peak:0.00M | CISCO_N9K_C9336C_FX2_V001, ViewLayer | Synchronizing object | Port_pair_8_direction_-1
Fra:1 Mem:148.65M (Peak 148.65M) | Time:00:00.08 | Mem:0.00M, Peak:0.00M | CISCO_N9K_C9336C_FX2_V001, ViewLayer | Synchronizing object | PORT_NUMBER_16
Fra:1 Mem:148.65M (Peak 148.65M) | Time:00:00.08 | Mem:0.00M, Peak:0.00M | CISCO_N9K_C9336C_FX2_V001, ViewLayer | Synchronizing object | RIGHT_ear_M4_-284_32.8
Fra:1 Mem:148.66M (Peak 148.66M) | Time:00:00.08 | Mem:0.00M, Peak:0.00M | CISCO_N9K_C9336C_FX2_V001, ViewLayer | Synchronizing object | PORT_NUMBER_15
Fra:1 Mem:148.67M (Peak 148.67M) | Time:00:00.08 | Mem:0.00M, Peak:0.00M | CISCO_N9K_C9336C_FX2_V001, ViewLayer | Synchronizing object | Port_pair_7_direction_1
Fra:1 Mem:148.67M (Peak 148.67M) | Time:00:00.08 | Mem:0.00M, Peak:0.00M | CISCO_N9K_C9336C_FX2_V001, ViewLayer | Synchronizing object | Port_pair_7_direction_-1
Fra:1 Mem:148.67M (Peak 148.67M) | Time:00:00.08 | Mem:0.00M, Peak:0.00M | CISCO_N9K_C9336C_FX2_V001, ViewLayer | Synchronizing object | PORT_NUMBER_14
Fra:1 Mem:148.68M (Peak 148.68M) | Time:00:00.08 | Mem:0.00M, Peak:0.00M | CISCO_N9K_C9336C_FX2_V001, ViewLayer | Synchronizing object | PORT_NUMBER_13
Fra:1 Mem:148.68M (Peak 148.68M) | Time:00:00.08 | Mem:0.00M, Peak:0.00M | CISCO_N9K_C9336C_FX2_V001, ViewLayer | Synchronizing object | Port_pair_6_direction_1
Fra:1 Mem:148.68M (Peak 148.68M) | Time:00:00.08 | Mem:0.00M, Peak:0.00M | CISCO_N9K_C9336C_FX2_V001, ViewLayer | Synchronizing object | Port_pair_6_direction_-1
Fra:1 Mem:148.69M (Peak 148.69M) | Time:00:00.08 | Mem:0.00M, Peak:0.00M | CISCO_N9K_C9336C_FX2_V001, ViewLayer | Synchronizing object | PORT_NUMBER_12
Fra:1 Mem:148.69M (Peak 148.69M) | Time:00:00.08 | Mem:0.00M, Peak:0.00M | CISCO_N9K_C9336C_FX2_V001, ViewLayer | Synchronizing object | RIGHT_ear_M4_-256_10.8
Fra:1 Mem:148.69M (Peak 148.69M) | Time:00:00.08 | Mem:0.00M, Peak:0.00M | CISCO_N9K_C9336C_FX2_V001, ViewLayer | Synchronizing object | PORT_NUMBER_11
Fra:1 Mem:148.71M (Peak 148.71M) | Time:00:00.08 | Mem:0.00M, Peak:0.00M | CISCO_N9K_C9336C_FX2_V001, ViewLayer | Synchronizing object | Port_pair_5_direction_1
Fra:1 Mem:148.71M (Peak 148.71M) | Time:00:00.08 | Mem:0.00M, Peak:0.00M | CISCO_N9K_C9336C_FX2_V001, ViewLayer | Synchronizing object | Port_pair_5_direction_-1
Fra:1 Mem:148.71M (Peak 148.71M) | Time:00:00.08 | Mem:0.00M, Peak:0.00M | CISCO_N9K_C9336C_FX2_V001, ViewLayer | Synchronizing object | PORT_NUMBER_10
Fra:1 Mem:148.71M (Peak 148.71M) | Time:00:00.08 | Mem:0.00M, Peak:0.00M | CISCO_N9K_C9336C_FX2_V001, ViewLayer | Synchronizing object | PORT_NUMBER_09
Fra:1 Mem:148.71M (Peak 148.71M) | Time:00:00.08 | Mem:0.00M, Peak:0.00M | CISCO_N9K_C9336C_FX2_V001, ViewLayer | Synchronizing object | Port_pair_4_direction_1
Fra:1 Mem:148.72M (Peak 148.72M) | Time:00:00.08 | Mem:0.00M, Peak:0.00M | CISCO_N9K_C9336C_FX2_V001, ViewLayer | Synchronizing object | Port_pair_4_direction_-1
Fra:1 Mem:148.72M (Peak 148.72M) | Time:00:00.08 | Mem:0.00M, Peak:0.00M | CISCO_N9K_C9336C_FX2_V001, ViewLayer | Synchronizing object | PORT_NUMBER_08
Fra:1 Mem:148.72M (Peak 148.72M) | Time:00:00.08 | Mem:0.00M, Peak:0.00M | CISCO_N9K_C9336C_FX2_V001, ViewLayer | Synchronizing object | PORT_NUMBER_07
Fra:1 Mem:148.72M (Peak 148.72M) | Time:00:00.08 | Mem:0.00M, Peak:0.00M | CISCO_N9K_C9336C_FX2_V001, ViewLayer | Synchronizing object | Port_pair_3_direction_1
Fra:1 Mem:148.72M (Peak 148.72M) | Time:00:00.08 | Mem:0.00M, Peak:0.00M | CISCO_N9K_C9336C_FX2_V001, ViewLayer | Synchronizing object | Port_pair_3_direction_-1
Fra:1 Mem:148.72M (Peak 148.72M) | Time:00:00.08 | Mem:0.00M, Peak:0.00M | CISCO_N9K_C9336C_FX2_V001, ViewLayer | Synchronizing object | PORT_NUMBER_06
Fra:1 Mem:148.75M (Peak 148.75M) | Time:00:00.08 | Mem:0.00M, Peak:0.00M | CISCO_N9K_C9336C_FX2_V001, ViewLayer | Synchronizing object | PORT_NUMBER_05
Fra:1 Mem:148.75M (Peak 148.75M) | Time:00:00.08 | Mem:0.00M, Peak:0.00M | CISCO_N9K_C9336C_FX2_V001, ViewLayer | Synchronizing object | Port_pair_2_direction_1
Fra:1 Mem:148.75M (Peak 148.75M) | Time:00:00.08 | Mem:0.00M, Peak:0.00M | CISCO_N9K_C9336C_FX2_V001, ViewLayer | Synchronizing object | Port_pair_2_direction_-1
Fra:1 Mem:148.75M (Peak 148.75M) | Time:00:00.08 | Mem:0.00M, Peak:0.00M | CISCO_N9K_C9336C_FX2_V001, ViewLayer | Synchronizing object | PORT_NUMBER_04
Fra:1 Mem:148.75M (Peak 148.75M) | Time:00:00.08 | Mem:0.00M, Peak:0.00M | CISCO_N9K_C9336C_FX2_V001, ViewLayer | Synchronizing object | PORT_NUMBER_03
Fra:1 Mem:148.76M (Peak 148.76M) | Time:00:00.08 | Mem:0.00M, Peak:0.00M | CISCO_N9K_C9336C_FX2_V001, ViewLayer | Synchronizing object | Port_pair_1_direction_1
Fra:1 Mem:148.76M (Peak 148.76M) | Time:00:00.08 | Mem:0.00M, Peak:0.00M | CISCO_N9K_C9336C_FX2_V001, ViewLayer | Synchronizing object | Port_pair_1_direction_-1
Fra:1 Mem:148.76M (Peak 148.76M) | Time:00:00.08 | Mem:0.00M, Peak:0.00M | CISCO_N9K_C9336C_FX2_V001, ViewLayer | Synchronizing object | Pair01_stainless_shell_29mm_deep
Fra:1 Mem:148.76M (Peak 148.76M) | Time:00:00.08 | Mem:0.00M, Peak:0.00M | CISCO_N9K_C9336C_FX2_V001, ViewLayer | Synchronizing object | PORT_NUMBER_02
Fra:1 Mem:148.78M (Peak 148.78M) | Time:00:00.08 | Mem:0.00M, Peak:0.00M | CISCO_N9K_C9336C_FX2_V001, ViewLayer | Synchronizing object | PORT_NUMBER_01
Fra:1 Mem:148.78M (Peak 148.78M) | Time:00:00.08 | Mem:0.00M, Peak:0.00M | CISCO_N9K_C9336C_FX2_V001, ViewLayer | Synchronizing object | Correct_factory_PID
Fra:1 Mem:148.81M (Peak 148.81M) | Time:00:00.08 | Mem:0.00M, Peak:0.00M | CISCO_N9K_C9336C_FX2_V001, ViewLayer | Synchronizing object | Cisco_product_family_line_2
Fra:1 Mem:148.83M (Peak 148.83M) | Time:00:00.08 | Mem:0.00M, Peak:0.00M | CISCO_N9K_C9336C_FX2_V001, ViewLayer | Synchronizing object | Cisco_product_family_line_1
Fra:1 Mem:148.84M (Peak 148.84M) | Time:00:00.08 | Mem:0.00M, Peak:0.00M | CISCO_N9K_C9336C_FX2_V001, ViewLayer | Synchronizing object | Cisco_brand_wordmark
Fra:1 Mem:148.85M (Peak 148.85M) | Time:00:00.08 | Mem:0.00M, Peak:0.00M | CISCO_N9K_C9336C_FX2_V001, ViewLayer | Synchronizing object | Pair01_front_separator_true_perforations
Fra:1 Mem:148.93M (Peak 148.93M) | Time:00:00.08 | Mem:0.00M, Peak:0.00M | CISCO_N9K_C9336C_FX2_V001, ViewLayer | Synchronizing object | Cisco_bridge_bar_9
Fra:1 Mem:148.95M (Peak 148.95M) | Time:00:00.08 | Mem:0.00M, Peak:0.00M | CISCO_N9K_C9336C_FX2_V001, ViewLayer | Synchronizing object | Cisco_bridge_bar_8
Fra:1 Mem:149.00M (Peak 149.00M) | Time:00:00.08 | Mem:0.00M, Peak:0.00M | CISCO_N9K_C9336C_FX2_V001, ViewLayer | Synchronizing object | Cisco_bridge_bar_7
Fra:1 Mem:149.01M (Peak 149.01M) | Time:00:00.08 | Mem:0.00M, Peak:0.00M | CISCO_N9K_C9336C_FX2_V001, ViewLayer | Synchronizing object | Cisco_bridge_bar_6
Fra:1 Mem:149.01M (Peak 149.01M) | Time:00:00.08 | Mem:0.00M, Peak:0.00M | CISCO_N9K_C9336C_FX2_V001, ViewLayer | Synchronizing object | Cisco_bridge_bar_5
Fra:1 Mem:149.12M (Peak 149.12M) | Time:00:00.08 | Mem:0.00M, Peak:0.00M | CISCO_N9K_C9336C_FX2_V001, ViewLayer | Synchronizing object | Cisco_bridge_bar_4
Fra:1 Mem:149.15M (Peak 149.15M) | Time:00:00.08 | Mem:0.00M, Peak:0.00M | CISCO_N9K_C9336C_FX2_V001, ViewLayer | Synchronizing object | Cisco_bridge_bar_3
Fra:1 Mem:149.15M (Peak 149.15M) | Time:00:00.08 | Mem:0.00M, Peak:0.00M | CISCO_N9K_C9336C_FX2_V001, ViewLayer | Synchronizing object | Cisco_bridge_bar_2
Fra:1 Mem:149.16M (Peak 149.16M) | Time:00:00.08 | Mem:0.00M, Peak:0.00M | CISCO_N9K_C9336C_FX2_V001, ViewLayer | Synchronizing object | Cisco_bridge_bar_1
Fra:1 Mem:149.16M (Peak 149.16M) | Time:00:00.08 | Mem:0.00M, Peak:0.00M | CISCO_N9K_C9336C_FX2_V001, ViewLayer | Synchronizing object | LS_selector_text
Fra:1 Mem:149.17M (Peak 149.17M) | Time:00:00.08 | Mem:0.00M, Peak:0.00M | CISCO_N9K_C9336C_FX2_V001, ViewLayer | Synchronizing object | LS_selector_metal_button
Fra:1 Mem:152.66M (Peak 152.66M) | Time:00:00.08 | Mem:0.00M, Peak:0.00M | CISCO_N9K_C9336C_FX2_V001, ViewLayer | Synchronizing object | LS_selector_black_surround
Fra:1 Mem:152.66M (Peak 152.66M) | Time:00:00.08 | Mem:0.00M, Peak:0.00M | CISCO_N9K_C9336C_FX2_V001, ViewLayer | Synchronizing object | FRONT_4_legend
Fra:1 Mem:152.66M (Peak 152.66M) | Time:00:00.09 | Mem:0.00M, Peak:0.00M | CISCO_N9K_C9336C_FX2_V001, ViewLayer | Synchronizing object | FRONT_4_unpowered_lens
Fra:1 Mem:152.69M (Peak 152.69M) | Time:00:00.09 | Mem:0.00M, Peak:0.00M | CISCO_N9K_C9336C_FX2_V001, ViewLayer | Synchronizing object | FRONT_3_legend
Fra:1 Mem:152.70M (Peak 152.70M) | Time:00:00.09 | Mem:0.00M, Peak:0.00M | CISCO_N9K_C9336C_FX2_V001, ViewLayer | Synchronizing object | FRONT_3_unpowered_lens
Fra:1 Mem:152.72M (Peak 152.72M) | Time:00:00.09 | Mem:0.00M, Peak:0.00M | CISCO_N9K_C9336C_FX2_V001, ViewLayer | Synchronizing object | FRONT_2_legend
Fra:1 Mem:152.73M (Peak 152.73M) | Time:00:00.09 | Mem:0.00M, Peak:0.00M | CISCO_N9K_C9336C_FX2_V001, ViewLayer | Synchronizing object | FRONT_2_unpowered_lens
Fra:1 Mem:152.76M (Peak 152.76M) | Time:00:00.09 | Mem:0.00M, Peak:0.00M | CISCO_N9K_C9336C_FX2_V001, ViewLayer | Synchronizing object | FRONT_1_legend
Fra:1 Mem:152.76M (Peak 152.76M) | Time:00:00.09 | Mem:0.00M, Peak:0.00M | CISCO_N9K_C9336C_FX2_V001, ViewLayer | Synchronizing object | FRONT_1_unpowered_lens
Fra:1 Mem:152.78M (Peak 152.78M) | Time:00:00.09 | Mem:0.00M, Peak:0.00M | CISCO_N9K_C9336C_FX2_V001, ViewLayer | Synchronizing object | Pair01_internal_cooling_shelf
Fra:1 Mem:152.78M (Peak 152.78M) | Time:00:00.09 | Mem:0.00M, Peak:0.00M | CISCO_N9K_C9336C_FX2_V001, ViewLayer | Synchronizing object | FRONT_ENV_legend
Fra:1 Mem:152.79M (Peak 152.79M) | Time:00:00.09 | Mem:0.00M, Peak:0.00M | CISCO_N9K_C9336C_FX2_V001, ViewLayer | Synchronizing object | FRONT_ENV_unpowered_lens
Fra:1 Mem:152.81M (Peak 152.81M) | Time:00:00.09 | Mem:0.00M, Peak:0.00M | CISCO_N9K_C9336C_FX2_V001, ViewLayer | Synchronizing object | Port01_recessed_connector_stop
Fra:1 Mem:152.82M (Peak 152.82M) | Time:00:00.09 | Mem:0.00M, Peak:0.00M | CISCO_N9K_C9336C_FX2_V001, ViewLayer | Synchronizing object | FRONT_STS_legend
Fra:1 Mem:152.83M (Peak 152.83M) | Time:00:00.09 | Mem:0.00M, Peak:0.00M | CISCO_N9K_C9336C_FX2_V001, ViewLayer | Synchronizing object | Port01_connector_contact_surround
Fra:1 Mem:152.84M (Peak 152.84M) | Time:00:00.09 | Mem:0.00M, Peak:0.00M | CISCO_N9K_C9336C_FX2_V001, ViewLayer | Synchronizing object | FRONT_STS_unpowered_lens
Fra:1 Mem:152.86M (Peak 152.86M) | Time:00:00.09 | Mem:0.00M, Peak:0.00M | CISCO_N9K_C9336C_FX2_V001, ViewLayer | Synchronizing object | Port01_guide_-1_-4.25
Fra:1 Mem:152.87M (Peak 152.87M) | Time:00:00.09 | Mem:0.00M, Peak:0.00M | CISCO_N9K_C9336C_FX2_V001, ViewLayer | Synchronizing object | FRONT_BCN_legend
Fra:1 Mem:152.93M (Peak 152.93M) | Time:00:00.09 | Mem:0.00M, Peak:0.00M | CISCO_N9K_C9336C_FX2_V001, ViewLayer | Synchronizing object | FRONT_BCN_unpowered_lens
Fra:1 Mem:153.04M (Peak 153.04M) | Time:00:00.09 | Mem:0.00M, Peak:0.00M | CISCO_N9K_C9336C_FX2_V001, ViewLayer | Synchronizing object | Rear_P2_arrow_legend
Fra:1 Mem:153.17M (Peak 153.17M) | Time:00:00.09 | Mem:0.00M, Peak:0.00M | CISCO_N9K_C9336C_FX2_V001, ViewLayer | Synchronizing object | USB_symbol_branch_B
Fra:1 Mem:153.17M (Peak 153.17M) | Time:00:00.09 | Mem:0.00M, Peak:0.00M | CISCO_N9K_C9336C_FX2_V001, ViewLayer | Synchronizing object | USB_symbol_branch_A
Fra:1 Mem:153.18M (Peak 153.18M) | Time:00:00.09 | Mem:0.00M, Peak:0.00M | CISCO_N9K_C9336C_FX2_V001, ViewLayer | Synchronizing object | USB_symbol_stem
Fra:1 Mem:153.17M (Peak 153.18M) | Time:00:00.09 | Mem:0.00M, Peak:0.00M | CISCO_N9K_C9336C_FX2_V001, ViewLayer | Synchronizing object | Port01_guide_-1_4.25
Fra:1 Mem:153.18M (Peak 153.18M) | Time:00:00.09 | Mem:0.00M, Peak:0.00M | CISCO_N9K_C9336C_FX2_V001, ViewLayer | Synchronizing object | Console_terminal_symbol
Fra:1 Mem:153.00M (Peak 153.18M) | Time:00:00.09 | Mem:0.00M, Peak:0.00M | CISCO_N9K_C9336C_FX2_V001, ViewLayer | Synchronizing object | SFP_management_symbol_line.003
Fra:1 Mem:152.94M (Peak 153.18M) | Time:00:00.09 | Mem:0.00M, Peak:0.00M | CISCO_N9K_C9336C_FX2_V001, ViewLayer | Synchronizing object | SFP_management_symbol_line.002
Fra:1 Mem:152.94M (Peak 153.18M) | Time:00:00.09 | Mem:0.00M, Peak:0.00M | CISCO_N9K_C9336C_FX2_V001, ViewLayer | Synchronizing object | Port01_spring_-1_-2.8
Fra:1 Mem:152.94M (Peak 153.18M) | Time:00:00.09 | Mem:0.00M, Peak:0.00M | CISCO_N9K_C9336C_FX2_V001, ViewLayer | Synchronizing object | SFP_management_symbol_line.001
Fra:1 Mem:152.95M (Peak 153.18M) | Time:00:00.09 | Mem:0.00M, Peak:0.00M | CISCO_N9K_C9336C_FX2_V001, ViewLayer | Synchronizing object | SFP_management_symbol_line
Fra:1 Mem:152.95M (Peak 153.18M) | Time:00:00.09 | Mem:0.00M, Peak:0.00M | CISCO_N9K_C9336C_FX2_V001, ViewLayer | Synchronizing object | SFP_management_symbol_node_1.25
Fra:1 Mem:152.96M (Peak 153.18M) | Time:00:00.09 | Mem:0.00M, Peak:0.00M | CISCO_N9K_C9336C_FX2_V001, ViewLayer | Synchronizing object | SFP_management_symbol_node_-1.25
Fra:1 Mem:152.98M (Peak 153.18M) | Time:00:00.09 | Mem:0.00M, Peak:0.00M | CISCO_N9K_C9336C_FX2_V001, ViewLayer | Synchronizing object | SFP_management_symbol_node_0
Fra:1 Mem:152.99M (Peak 153.18M) | Time:00:00.09 | Mem:0.00M, Peak:0.00M | CISCO_N9K_C9336C_FX2_V001, ViewLayer | Synchronizing object | RJ45_management_symbol_line.003
Fra:1 Mem:152.99M (Peak 153.18M) | Time:00:00.09 | Mem:0.00M, Peak:0.00M | CISCO_N9K_C9336C_FX2_V001, ViewLayer | Synchronizing object | RJ45_management_symbol_line.002
Fra:1 Mem:152.99M (Peak 153.18M) | Time:00:00.09 | Mem:0.00M, Peak:0.00M | CISCO_N9K_C9336C_FX2_V001, ViewLayer | Synchronizing object | Port01_spring_-1_2.8
Fra:1 Mem:152.99M (Peak 153.18M) | Time:00:00.09 | Mem:0.00M, Peak:0.00M | CISCO_N9K_C9336C_FX2_V001, ViewLayer | Synchronizing object | RJ45_management_symbol_line.001
Fra:1 Mem:153.00M (Peak 153.18M) | Time:00:00.09 | Mem:0.00M, Peak:0.00M | CISCO_N9K_C9336C_FX2_V001, ViewLayer | Synchronizing object | RJ45_management_symbol_line
Fra:1 Mem:153.00M (Peak 153.18M) | Time:00:00.09 | Mem:0.00M, Peak:0.00M | CISCO_N9K_C9336C_FX2_V001, ViewLayer | Synchronizing object | RJ45_management_symbol_node_1.25
Fra:1 Mem:153.02M (Peak 153.18M) | Time:00:00.09 | Mem:0.00M, Peak:0.00M | CISCO_N9K_C9336C_FX2_V001, ViewLayer | Synchronizing object | RJ45_management_symbol_node_-1.25
Fra:1 Mem:153.03M (Peak 153.18M) | Time:00:00.09 | Mem:0.00M, Peak:0.00M | CISCO_N9K_C9336C_FX2_V001, ViewLayer | Synchronizing object | RJ45_management_symbol_node_0
Fra:1 Mem:153.03M (Peak 153.18M) | Time:00:00.09 | Mem:0.00M, Peak:0.00M | CISCO_N9K_C9336C_FX2_V001, ViewLayer | Synchronizing object | Rear_service_retention_screw
Fra:1 Mem:153.04M (Peak 153.18M) | Time:00:00.09 | Mem:0.00M, Peak:0.00M | CISCO_N9K_C9336C_FX2_V001, ViewLayer | Synchronizing object | Port01_guide_1_4.25
Fra:1 Mem:153.05M (Peak 153.18M) | Time:00:00.09 | Mem:0.00M, Peak:0.00M | CISCO_N9K_C9336C_FX2_V001, ViewLayer | Synchronizing object | Port01_spring_1_-2.8
Fra:1 Mem:153.08M (Peak 153.18M) | Time:00:00.09 | Mem:0.00M, Peak:0.00M | CISCO_N9K_C9336C_FX2_V001, ViewLayer | Synchronizing object | Port01_spring_1_0
Fra:1 Mem:153.08M (Peak 153.18M) | Time:00:00.09 | Mem:0.00M, Peak:0.00M | CISCO_N9K_C9336C_FX2_V001, ViewLayer | Synchronizing object | Port01_spring_1_2.8
Fra:1 Mem:153.09M (Peak 153.18M) | Time:00:00.09 | Mem:0.00M, Peak:0.00M | CISCO_N9K_C9336C_FX2_V001, ViewLayer | Synchronizing object | REAR_STS_legend
Fra:1 Mem:153.11M (Peak 153.18M) | Time:00:00.09 | Mem:0.00M, Peak:0.00M | CISCO_N9K_C9336C_FX2_V001, ViewLayer | Synchronizing object | REAR_STS_unpowered_indicator
Fra:1 Mem:153.12M (Peak 153.18M) | Time:00:00.09 | Mem:0.00M, Peak:0.00M | CISCO_N9K_C9336C_FX2_V001, ViewLayer | Synchronizing object | REAR_BCN_legend
Fra:1 Mem:153.13M (Peak 153.18M) | Time:00:00.09 | Mem:0.00M, Peak:0.00M | CISCO_N9K_C9336C_FX2_V001, ViewLayer | Synchronizing object | REAR_BCN_unpowered_indicator
Fra:1 Mem:153.13M (Peak 153.18M) | Time:00:00.09 | Mem:0.00M, Peak:0.00M | CISCO_N9K_C9336C_FX2_V001, ViewLayer | Synchronizing object | Port01_subtle_recessed_contact_row
Fra:1 Mem:153.14M (Peak 153.18M) | Time:00:00.09 | Mem:0.00M, Peak:0.00M | CISCO_N9K_C9336C_FX2_V001, ViewLayer | Synchronizing object | USB_A_contact_3
Fra:1 Mem:153.14M (Peak 153.18M) | Time:00:00.09 | Mem:0.00M, Peak:0.00M | CISCO_N9K_C9336C_FX2_V001, ViewLayer | Synchronizing object | Port02_recessed_connector_stop
Fra:1 Mem:153.14M (Peak 153.18M) | Time:00:00.09 | Mem:0.00M, Peak:0.00M | CISCO_N9K_C9336C_FX2_V001, ViewLayer | Synchronizing object | USB_A_contact_2
Fra:1 Mem:153.16M (Peak 153.18M) | Time:00:00.09 | Mem:0.00M, Peak:0.00M | CISCO_N9K_C9336C_FX2_V001, ViewLayer | Synchronizing object | USB_A_contact_1
Fra:1 Mem:153.16M (Peak 153.18M) | Time:00:00.09 | Mem:0.00M, Peak:0.00M | CISCO_N9K_C9336C_FX2_V001, ViewLayer | Synchronizing object | Port02_guide_-1_4.25
Fra:1 Mem:153.17M (Peak 153.18M) | Time:00:00.09 | Mem:0.00M, Peak:0.00M | CISCO_N9K_C9336C_FX2_V001, ViewLayer | Synchronizing object | USB_A_contact_0
Fra:1 Mem:153.18M (Peak 153.18M) | Time:00:00.09 | Mem:0.00M, Peak:0.00M | CISCO_N9K_C9336C_FX2_V001, ViewLayer | Synchronizing object | USB_A_black_tongue
Fra:1 Mem:153.20M (Peak 153.20M) | Time:00:00.09 | Mem:0.00M, Peak:0.00M | CISCO_N9K_C9336C_FX2_V001, ViewLayer | Synchronizing object | USB_A_deep_stop
Fra:1 Mem:153.20M (Peak 153.20M) | Time:00:00.09 | Mem:0.00M, Peak:0.00M | CISCO_N9K_C9336C_FX2_V001, ViewLayer | Synchronizing object | USB_A_metal_shell
Fra:1 Mem:153.22M (Peak 153.22M) | Time:00:00.09 | Mem:0.00M, Peak:0.00M | CISCO_N9K_C9336C_FX2_V001, ViewLayer | Synchronizing object | Port02_spring_-1_-2.8
Fra:1 Mem:153.23M (Peak 153.23M) | Time:00:00.09 | Mem:0.00M, Peak:0.00M | CISCO_N9K_C9336C_FX2_V001, ViewLayer | Synchronizing object | Port02_spring_-1_0
Fra:1 Mem:153.24M (Peak 153.24M) | Time:00:00.09 | Mem:0.00M, Peak:0.00M | CISCO_N9K_C9336C_FX2_V001, ViewLayer | Synchronizing object | Port02_spring_-1_2.8
Fra:1 Mem:153.26M (Peak 153.26M) | Time:00:00.09 | Mem:0.00M, Peak:0.00M | CISCO_N9K_C9336C_FX2_V001, ViewLayer | Synchronizing object | Mgmt_SFP_contact_9
Fra:1 Mem:153.26M (Peak 153.26M) | Time:00:00.09 | Mem:0.00M, Peak:0.00M | CISCO_N9K_C9336C_FX2_V001, ViewLayer | Synchronizing object | Mgmt_SFP_contact_8
Fra:1 Mem:153.26M (Peak 153.26M) | Time:00:00.09 | Mem:0.00M, Peak:0.00M | CISCO_N9K_C9336C_FX2_V001, ViewLayer | Synchronizing object | Port02_guide_1_-4.25
Fra:1 Mem:153.26M (Peak 153.26M) | Time:00:00.09 | Mem:0.00M, Peak:0.00M | CISCO_N9K_C9336C_FX2_V001, ViewLayer | Synchronizing object | Mgmt_SFP_contact_7
Fra:1 Mem:153.27M (Peak 153.27M) | Time:00:00.09 | Mem:0.00M, Peak:0.00M | CISCO_N9K_C9336C_FX2_V001, ViewLayer | Synchronizing object | Mgmt_SFP_contact_6
Fra:1 Mem:153.27M (Peak 153.27M) | Time:00:00.09 | Mem:0.00M, Peak:0.00M | CISCO_N9K_C9336C_FX2_V001, ViewLayer | Synchronizing object | Port02_guide_1_4.25
Fra:1 Mem:153.28M (Peak 153.28M) | Time:00:00.09 | Mem:0.00M, Peak:0.00M | CISCO_N9K_C9336C_FX2_V001, ViewLayer | Synchronizing object | Mgmt_SFP_contact_5
Fra:1 Mem:153.29M (Peak 153.29M) | Time:00:00.09 | Mem:0.00M, Peak:0.00M | CISCO_N9K_C9336C_FX2_V001, ViewLayer | Synchronizing object | Mgmt_SFP_contact_4
Fra:1 Mem:153.29M (Peak 153.29M) | Time:00:00.09 | Mem:0.00M, Peak:0.00M | CISCO_N9K_C9336C_FX2_V001, ViewLayer | Synchronizing object | Mgmt_SFP_contact_3
Fra:1 Mem:153.29M (Peak 153.29M) | Time:00:00.09 | Mem:0.00M, Peak:0.00M | CISCO_N9K_C9336C_FX2_V001, ViewLayer | Synchronizing object | Mgmt_SFP_contact_2
Fra:1 Mem:153.29M (Peak 153.29M) | Time:00:00.09 | Mem:0.00M, Peak:0.00M | CISCO_N9K_C9336C_FX2_V001, ViewLayer | Synchronizing object | Port02_spring_1_-2.8
Fra:1 Mem:153.29M (Peak 153.29M) | Time:00:00.09 | Mem:0.00M, Peak:0.00M | CISCO_N9K_C9336C_FX2_V001, ViewLayer | Synchronizing object | Mgmt_SFP_contact_1
Fra:1 Mem:153.29M (Peak 153.29M) | Time:00:00.09 | Mem:0.00M, Peak:0.00M | CISCO_N9K_C9336C_FX2_V001, ViewLayer | Synchronizing object | Port02_spring_1_0
Fra:1 Mem:153.30M (Peak 153.30M) | Time:00:00.09 | Mem:0.00M, Peak:0.00M | CISCO_N9K_C9336C_FX2_V001, ViewLayer | Synchronizing object | Mgmt_SFP_contact_0
Fra:1 Mem:153.31M (Peak 153.31M) | Time:00:00.09 | Mem:0.00M, Peak:0.00M | CISCO_N9K_C9336C_FX2_V001, ViewLayer | Synchronizing object | Mgmt_SFP_guide_5.8
Fra:1 Mem:153.33M (Peak 153.33M) | Time:00:00.09 | Mem:0.00M, Peak:0.00M | CISCO_N9K_C9336C_FX2_V001, ViewLayer | Synchronizing object | Port02_spring_1_2.8
Fra:1 Mem:153.34M (Peak 153.34M) | Time:00:00.09 | Mem:0.00M, Peak:0.00M | CISCO_N9K_C9336C_FX2_V001, ViewLayer | Synchronizing object | Mgmt_SFP_guide_-5.8
Fra:1 Mem:153.35M (Peak 153.35M) | Time:00:00.09 | Mem:0.00M, Peak:0.00M | CISCO_N9K_C9336C_FX2_V001, ViewLayer | Synchronizing object | Fan1_rotor_housing_-1
Fra:1 Mem:153.36M (Peak 153.36M) | Time:00:00.09 | Mem:0.00M, Peak:0.00M | CISCO_N9K_C9336C_FX2_V001, ViewLayer | Synchronizing object | Mgmt_SFP_recessed_connector_stop
Fra:1 Mem:153.36M (Peak 153.36M) | Time:00:00.09 | Mem:0.00M, Peak:0.00M | CISCO_N9K_C9336C_FX2_V001, ViewLayer | Synchronizing object | Mgmt_SFP_deep_metal_cage
Fra:1 Mem:153.37M (Peak 153.37M) | Time:00:00.09 | Mem:0.00M, Peak:0.00M | CISCO_N9K_C9336C_FX2_V001, ViewLayer | Synchronizing object | Fan1_hub_-1
Fra:1 Mem:153.38M (Peak 153.38M) | Time:00:00.09 | Mem:0.00M, Peak:0.00M | CISCO_N9K_C9336C_FX2_V001, ViewLayer | Synchronizing object | Fan1_blade_-1_0
Fra:1 Mem:153.38M (Peak 153.38M) | Time:00:00.09 | Mem:0.00M, Peak:0.00M | CISCO_N9K_C9336C_FX2_V001, ViewLayer | Synchronizing object | Fan1_blade_-1_1
Fra:1 Mem:153.38M (Peak 153.38M) | Time:00:00.09 | Mem:0.00M, Peak:0.00M | CISCO_N9K_C9336C_FX2_V001, ViewLayer | Synchronizing object | Fan1_blade_-1_2
Fra:1 Mem:153.39M (Peak 153.39M) | Time:00:00.09 | Mem:0.00M, Peak:0.00M | CISCO_N9K_C9336C_FX2_V001, ViewLayer | Synchronizing object | Fan1_blade_-1_3
Fra:1 Mem:153.39M (Peak 153.39M) | Time:00:00.09 | Mem:0.00M, Peak:0.00M | CISCO_N9K_C9336C_FX2_V001, ViewLayer | Synchronizing object | Fan1_blade_-1_4
Fra:1 Mem:153.39M (Peak 153.39M) | Time:00:00.09 | Mem:0.00M, Peak:0.00M | CISCO_N9K_C9336C_FX2_V001, ViewLayer | Synchronizing object | Fan1_blade_-1_5
Fra:1 Mem:153.39M (Peak 153.39M) | Time:00:00.09 | Mem:0.00M, Peak:0.00M | CISCO_N9K_C9336C_FX2_V001, ViewLayer | Synchronizing object | MANAGEMENT_RJ45_unpowered_corner_LED_-5.6
Fra:1 Mem:153.40M (Peak 153.40M) | Time:00:00.09 | Mem:0.00M, Peak:0.00M | CISCO_N9K_C9336C_FX2_V001, ViewLayer | Synchronizing object | Fan1_blade_-1_6
Fra:1 Mem:153.40M (Peak 153.40M) | Time:00:00.09 | Mem:0.00M, Peak:0.00M | CISCO_N9K_C9336C_FX2_V001, ViewLayer | Synchronizing object | Fan1_top_retention_rail_-1
Fra:1 Mem:153.41M (Peak 153.41M) | Time:00:00.09 | Mem:0.00M, Peak:0.00M | CISCO_N9K_C9336C_FX2_V001, ViewLayer | Synchronizing object | MANAGEMENT_RJ45_contact_6
Fra:1 Mem:153.42M (Peak 153.42M) | Time:00:00.09 | Mem:0.00M, Peak:0.00M | CISCO_N9K_C9336C_FX2_V001, ViewLayer | Synchronizing object | MANAGEMENT_RJ45_contact_5
Fra:1 Mem:153.42M (Peak 153.42M) | Time:00:00.09 | Mem:0.00M, Peak:0.00M | CISCO_N9K_C9336C_FX2_V001, ViewLayer | Synchronizing object | MANAGEMENT_RJ45_contact_4
Fra:1 Mem:153.43M (Peak 153.43M) | Time:00:00.09 | Mem:0.00M, Peak:0.00M | CISCO_N9K_C9336C_FX2_V001, ViewLayer | Synchronizing object | MANAGEMENT_RJ45_contact_3
Fra:1 Mem:153.43M (Peak 153.43M) | Time:00:00.09 | Mem:0.00M, Peak:0.00M | CISCO_N9K_C9336C_FX2_V001, ViewLayer | Synchronizing object | MANAGEMENT_RJ45_contact_2
Fra:1 Mem:153.44M (Peak 153.44M) | Time:00:00.09 | Mem:0.00M, Peak:0.00M | CISCO_N9K_C9336C_FX2_V001, ViewLayer | Synchronizing object | Fan1_rear_power_contact_block_-1
Fra:1 Mem:153.44M (Peak 153.44M) | Time:00:00.09 | Mem:0.00M, Peak:0.00M | CISCO_N9K_C9336C_FX2_V001, ViewLayer | Synchronizing object | MANAGEMENT_RJ45_contact_1
Fra:1 Mem:153.44M (Peak 153.44M) | Time:00:00.09 | Mem:0.00M, Peak:0.00M | CISCO_N9K_C9336C_FX2_V001, ViewLayer | Synchronizing object | Fan1_rotor_housing_1
Fra:1 Mem:153.45M (Peak 153.45M) | Time:00:00.09 | Mem:0.00M, Peak:0.00M | CISCO_N9K_C9336C_FX2_V001, ViewLayer | Synchronizing object | MANAGEMENT_RJ45_contact_0
Fra:1 Mem:153.45M (Peak 153.45M) | Time:00:00.09 | Mem:0.00M, Peak:0.00M | CISCO_N9K_C9336C_FX2_V001, ViewLayer | Synchronizing object | Fan1_hub_1
Fra:1 Mem:153.46M (Peak 153.46M) | Time:00:00.09 | Mem:0.00M, Peak:0.00M | CISCO_N9K_C9336C_FX2_V001, ViewLayer | Synchronizing object | MANAGEMENT_RJ45_deep_connector_stop
Fra:1 Mem:153.46M (Peak 153.46M) | Time:00:00.09 | Mem:0.00M, Peak:0.00M | CISCO_N9K_C9336C_FX2_V001, ViewLayer | Synchronizing object | Fan1_blade_1_0
Fra:1 Mem:153.46M (Peak 153.46M) | Time:00:00.09 | Mem:0.00M, Peak:0.00M | CISCO_N9K_C9336C_FX2_V001, ViewLayer | Synchronizing object | MANAGEMENT_RJ45_keyed_plastic_body
Fra:1 Mem:153.46M (Peak 153.46M) | Time:00:00.09 | Mem:0.00M, Peak:0.00M | CISCO_N9K_C9336C_FX2_V001, ViewLayer | Synchronizing object | Fan1_blade_1_1
Fra:1 Mem:153.46M (Peak 153.46M) | Time:00:00.09 | Mem:0.00M, Peak:0.00M | CISCO_N9K_C9336C_FX2_V001, ViewLayer | Synchronizing object | MANAGEMENT_RJ45_metal_shield
Fra:1 Mem:153.47M (Peak 153.47M) | Time:00:00.09 | Mem:0.00M, Peak:0.00M | CISCO_N9K_C9336C_FX2_V001, ViewLayer | Synchronizing object | Fan1_blade_1_2
Fra:1 Mem:153.48M (Peak 153.48M) | Time:00:00.09 | Mem:0.00M, Peak:0.00M | CISCO_N9K_C9336C_FX2_V001, ViewLayer | Synchronizing object | Fan1_blade_1_3
Fra:1 Mem:153.48M (Peak 153.48M) | Time:00:00.09 | Mem:0.00M, Peak:0.00M | CISCO_N9K_C9336C_FX2_V001, ViewLayer | Synchronizing object | Fan1_blade_1_4
Fra:1 Mem:153.48M (Peak 153.48M) | Time:00:00.09 | Mem:0.00M, Peak:0.00M | CISCO_N9K_C9336C_FX2_V001, ViewLayer | Synchronizing object | Fan1_blade_1_5
Fra:1 Mem:153.48M (Peak 153.48M) | Time:00:00.09 | Mem:0.00M, Peak:0.00M | CISCO_N9K_C9336C_FX2_V001, ViewLayer | Synchronizing object | Fan1_blade_1_6
Fra:1 Mem:153.48M (Peak 153.48M) | Time:00:00.09 | Mem:0.00M, Peak:0.00M | CISCO_N9K_C9336C_FX2_V001, ViewLayer | Synchronizing object | Fan1_top_retention_rail_1
Fra:1 Mem:153.50M (Peak 153.50M) | Time:00:00.09 | Mem:0.00M, Peak:0.00M | CISCO_N9K_C9336C_FX2_V001, ViewLayer | Synchronizing object | CONSOLE_RJ45_unpowered_corner_LED_5.6
Fra:1 Mem:153.50M (Peak 153.50M) | Time:00:00.09 | Mem:0.00M, Peak:0.00M | CISCO_N9K_C9336C_FX2_V001, ViewLayer | Synchronizing object | CONSOLE_RJ45_unpowered_corner_LED_-5.6
Fra:1 Mem:153.51M (Peak 153.51M) | Time:00:00.09 | Mem:0.00M, Peak:0.00M | CISCO_N9K_C9336C_FX2_V001, ViewLayer | Synchronizing object | CONSOLE_RJ45_contact_7
Fra:1 Mem:153.52M (Peak 153.52M) | Time:00:00.09 | Mem:0.00M, Peak:0.00M | CISCO_N9K_C9336C_FX2_V001, ViewLayer | Synchronizing object | CONSOLE_RJ45_contact_6
Fra:1 Mem:153.52M (Peak 153.52M) | Time:00:00.09 | Mem:0.00M, Peak:0.00M | CISCO_N9K_C9336C_FX2_V001, ViewLayer | Synchronizing object | CONSOLE_RJ45_contact_5
Fra:1 Mem:153.52M (Peak 153.52M) | Time:00:00.09 | Mem:0.00M, Peak:0.00M | CISCO_N9K_C9336C_FX2_V001, ViewLayer | Synchronizing object | CONSOLE_RJ45_contact_4
Fra:1 Mem:153.52M (Peak 153.52M) | Time:00:00.09 | Mem:0.00M, Peak:0.00M | CISCO_N9K_C9336C_FX2_V001, ViewLayer | Synchronizing object | CONSOLE_RJ45_contact_3
Fra:1 Mem:153.53M (Peak 153.53M) | Time:00:00.09 | Mem:0.00M, Peak:0.00M | CISCO_N9K_C9336C_FX2_V001, ViewLayer | Synchronizing object | Fan1_rear_power_contact_block_1
Fra:1 Mem:153.53M (Peak 153.53M) | Time:00:00.09 | Mem:0.00M, Peak:0.00M | CISCO_N9K_C9336C_FX2_V001, ViewLayer | Synchronizing object | CONSOLE_RJ45_contact_2
Fra:1 Mem:153.54M (Peak 153.54M) | Time:00:00.09 | Mem:0.00M, Peak:0.00M | CISCO_N9K_C9336C_FX2_V001, ViewLayer | Synchronizing object | Fan1_front_frame
Fra:1 Mem:153.54M (Peak 153.54M) | Time:00:00.09 | Mem:0.00M, Peak:0.00M | CISCO_N9K_C9336C_FX2_V001, ViewLayer | Synchronizing object | CONSOLE_RJ45_contact_1
Fra:1 Mem:153.55M (Peak 153.55M) | Time:00:00.09 | Mem:0.00M, Peak:0.00M | CISCO_N9K_C9336C_FX2_V001, ViewLayer | Synchronizing object | Fan1_true_honeycomb_front_grille
Fra:1 Mem:153.86M (Peak 153.86M) | Time:00:00.09 | Mem:0.00M, Peak:0.00M | CISCO_N9K_C9336C_FX2_V001, ViewLayer | Synchronizing object | CONSOLE_RJ45_contact_0
Fra:1 Mem:153.96M (Peak 153.96M) | Time:00:00.09 | Mem:0.00M, Peak:0.00M | CISCO_N9K_C9336C_FX2_V001, ViewLayer | Synchronizing object | CONSOLE_RJ45_deep_connector_stop
Fra:1 Mem:153.96M (Peak 153.96M) | Time:00:00.09 | Mem:0.00M, Peak:0.00M | CISCO_N9K_C9336C_FX2_V001, ViewLayer | Synchronizing object | CONSOLE_RJ45_keyed_plastic_body
Fra:1 Mem:153.96M (Peak 153.96M) | Time:00:00.09 | Mem:0.00M, Peak:0.00M | CISCO_N9K_C9336C_FX2_V001, ViewLayer | Synchronizing object | CONSOLE_RJ45_metal_shield
Fra:1 Mem:154.38M (Peak 154.38M) | Time:00:00.09 | Mem:0.00M, Peak:0.00M | CISCO_N9K_C9336C_FX2_V001, ViewLayer | Synchronizing object | Rear_service_panel_true_apertures
Fra:1 Mem:155.01M (Peak 155.01M) | Time:00:00.09 | Mem:0.00M, Peak:0.00M | CISCO_N9K_C9336C_FX2_V001, ViewLayer | Synchronizing object | PSU2_face_screw_24.5_39.3
Fra:1 Mem:155.03M (Peak 155.03M) | Time:00:00.09 | Mem:0.00M, Peak:0.00M | CISCO_N9K_C9336C_FX2_V001, ViewLayer | Synchronizing object | PSU2_face_screw_24.5_4.1
Fra:1 Mem:164.09M (Peak 164.09M) | Time:00:00.09 | Mem:0.00M, Peak:0.00M | CISCO_N9K_C9336C_FX2_V001, ViewLayer | Synchronizing object | PSU2_face_screw_-24.5_39.3
Fra:1 Mem:164.11M (Peak 164.11M) | Time:00:00.09 | Mem:0.00M, Peak:0.00M | CISCO_N9K_C9336C_FX2_V001, ViewLayer | Synchronizing object | PSU2_face_screw_-24.5_4.1
Fra:1 Mem:164.27M (Peak 164.27M) | Time:00:00.09 | Mem:0.00M, Peak:0.00M | CISCO_N9K_C9336C_FX2_V001, ViewLayer | Synchronizing object | PSU2_OK_legend
Fra:1 Mem:164.28M (Peak 164.28M) | Time:00:00.09 | Mem:0.00M, Peak:0.00M | CISCO_N9K_C9336C_FX2_V001, ViewLayer | Synchronizing object | PSU2_FAIL_legend
Fra:1 Mem:164.28M (Peak 164.28M) | Time:00:00.09 | Mem:0.00M, Peak:0.00M | CISCO_N9K_C9336C_FX2_V001, ViewLayer | Synchronizing object | PSU2_unpowered_LED_32.6
Fra:1 Mem:164.28M (Peak 164.28M) | Time:00:00.09 | Mem:0.00M, Peak:0.00M | CISCO_N9K_C9336C_FX2_V001, ViewLayer | Synchronizing object | PSU2_unpowered_LED_36.8
Fra:1 Mem:164.29M (Peak 164.29M) | Time:00:00.09 | Mem:0.00M, Peak:0.00M | CISCO_N9K_C9336C_FX2_V001, ViewLayer | Synchronizing object | PSU2_retainer_rib_315.4
Fra:1 Mem:164.29M (Peak 164.29M) | Time:00:00.09 | Mem:0.00M, Peak:0.00M | CISCO_N9K_C9336C_FX2_V001, ViewLayer | Synchronizing object | PSU2_retainer_rib_313.2
Fra:1 Mem:164.29M (Peak 164.29M) | Time:00:00.09 | Mem:0.00M, Peak:0.00M | CISCO_N9K_C9336C_FX2_V001, ViewLayer | Synchronizing object | PSU2_retainer_rib_311
Fra:1 Mem:164.30M (Peak 164.30M) | Time:00:00.09 | Mem:0.00M, Peak:0.00M | CISCO_N9K_C9336C_FX2_V001, ViewLayer | Synchronizing object | PSU2_retainer_rib_308.8
Fra:1 Mem:164.30M (Peak 164.30M) | Time:00:00.09 | Mem:0.00M, Peak:0.00M | CISCO_N9K_C9336C_FX2_V001, ViewLayer | Synchronizing object | PSU2_retainer_rib_306.6
Fra:1 Mem:164.31M (Peak 164.31M) | Time:00:00.09 | Mem:0.00M, Peak:0.00M | CISCO_N9K_C9336C_FX2_V001, ViewLayer | Synchronizing object | PSU2_retainer_rib_304.4
Fra:1 Mem:164.31M (Peak 164.31M) | Time:00:00.09 | Mem:0.00M, Peak:0.00M | CISCO_N9K_C9336C_FX2_V001, ViewLayer | Synchronizing object | PSU2_retainer_rib_302.2
Fra:1 Mem:164.32M (Peak 164.32M) | Time:00:00.09 | Mem:0.00M, Peak:0.00M | CISCO_N9K_C9336C_FX2_V001, ViewLayer | Synchronizing object | PSU2_retainer_rib_300
Fra:1 Mem:164.32M (Peak 164.32M) | Time:00:00.09 | Mem:0.00M, Peak:0.00M | CISCO_N9K_C9336C_FX2_V001, ViewLayer | Synchronizing object | PSU2_stowed_nylon_retention_loop
Fra:1 Mem:164.33M (Peak 164.33M) | Time:00:00.09 | Mem:0.00M, Peak:0.00M | CISCO_N9K_C9336C_FX2_V001, ViewLayer | Synchronizing object | PSU2_cord_retainer_anchor
Fra:1 Mem:164.33M (Peak 164.33M) | Time:00:00.09 | Mem:0.00M, Peak:0.00M | CISCO_N9K_C9336C_FX2_V001, ViewLayer | Synchronizing object | PSU2_BLUE_release_latch
Fra:1 Mem:164.34M (Peak 164.34M) | Time:00:00.09 | Mem:0.00M, Peak:0.00M | CISCO_N9K_C9336C_FX2_V001, ViewLayer | Synchronizing object | PSU2_silver_U_pull_handle
Fra:1 Mem:164.55M (Peak 164.55M) | Time:00:00.09 | Mem:0.00M, Peak:0.00M | CISCO_N9K_C9336C_FX2_V001, ViewLayer | Synchronizing object | Fan1_molded_trapezoid_pull_handle
Fra:1 Mem:164.58M (Peak 164.58M) | Time:00:00.09 | Mem:0.00M, Peak:0.00M | CISCO_N9K_C9336C_FX2_V001, ViewLayer | Synchronizing object | Fan1_BLUE_release_latch_-1
Fra:1 Mem:164.58M (Peak 164.58M) | Time:00:00.09 | Mem:0.00M, Peak:0.00M | CISCO_N9K_C9336C_FX2_V001, ViewLayer | Synchronizing object | PSU2_IEC_pin_2
Fra:1 Mem:164.60M (Peak 164.60M) | Time:00:00.09 | Mem:0.00M, Peak:0.00M | CISCO_N9K_C9336C_FX2_V001, ViewLayer | Synchronizing object | PSU2_IEC_pin_1
Fra:1 Mem:164.61M (Peak 164.61M) | Time:00:00.09 | Mem:0.00M, Peak:0.00M | CISCO_N9K_C9336C_FX2_V001, ViewLayer | Synchronizing object | PSU2_IEC_pin_0
Fra:1 Mem:165.45M (Peak 165.45M) | Time:00:00.09 | Mem:0.00M, Peak:0.00M | CISCO_N9K_C9336C_FX2_V001, ViewLayer | Synchronizing object | PSU2_IEC_recessed_black_floor
Fra:1 Mem:165.45M (Peak 165.45M) | Time:00:00.09 | Mem:0.00M, Peak:0.00M | CISCO_N9K_C9336C_FX2_V001, ViewLayer | Synchronizing object | PSU2_IEC_C14_black_inlet_housing
Fra:1 Mem:165.48M (Peak 165.48M) | Time:00:00.09 | Mem:0.00M, Peak:0.00M | CISCO_N9K_C9336C_FX2_V001, ViewLayer | Synchronizing object | PSU2_true_hex_cooling_vents
Fra:1 Mem:165.96M (Peak 165.96M) | Time:00:00.09 | Mem:0.00M, Peak:0.00M | CISCO_N9K_C9336C_FX2_V001, ViewLayer | Synchronizing object | Fan1_latch_thumb_flare_-1
Fra:1 Mem:165.96M (Peak 165.96M) | Time:00:00.09 | Mem:0.00M, Peak:0.00M | CISCO_N9K_C9336C_FX2_V001, ViewLayer | Synchronizing object | Fan1_BLUE_release_latch_1
Fra:1 Mem:165.96M (Peak 165.96M) | Time:00:00.09 | Mem:0.00M, Peak:0.00M | CISCO_N9K_C9336C_FX2_V001, ViewLayer | Synchronizing object | Fan1_known_PID
Fra:1 Mem:165.99M (Peak 165.99M) | Time:00:00.09 | Mem:0.00M, Peak:0.00M | CISCO_N9K_C9336C_FX2_V001, ViewLayer | Synchronizing object | Fan1_flush_lock_pin_-39
Fra:1 Mem:165.99M (Peak 165.99M) | Time:00:00.09 | Mem:0.00M, Peak:0.00M | CISCO_N9K_C9336C_FX2_V001, ViewLayer | Synchronizing object | Fan1_flush_lock_pin_39
Fra:1 Mem:166.01M (Peak 166.01M) | Time:00:00.09 | Mem:0.00M, Peak:0.00M | CISCO_N9K_C9336C_FX2_V001, ViewLayer | Synchronizing object | Fan2_rotor_housing_-1
Fra:1 Mem:166.01M (Peak 166.01M) | Time:00:00.09 | Mem:0.00M, Peak:0.00M | CISCO_N9K_C9336C_FX2_V001, ViewLayer | Synchronizing object | Fan2_hub_-1
Fra:1 Mem:166.02M (Peak 166.02M) | Time:00:00.09 | Mem:0.00M, Peak:0.00M | CISCO_N9K_C9336C_FX2_V001, ViewLayer | Synchronizing object | Fan2_blade_-1_0
Fra:1 Mem:166.02M (Peak 166.02M) | Time:00:00.09 | Mem:0.00M, Peak:0.00M | CISCO_N9K_C9336C_FX2_V001, ViewLayer | Synchronizing object | Fan2_blade_-1_1
Fra:1 Mem:166.02M (Peak 166.02M) | Time:00:00.09 | Mem:0.00M, Peak:0.00M | CISCO_N9K_C9336C_FX2_V001, ViewLayer | Synchronizing object | Fan2_blade_-1_2
Fra:1 Mem:166.02M (Peak 166.02M) | Time:00:00.09 | Mem:0.00M, Peak:0.00M | CISCO_N9K_C9336C_FX2_V001, ViewLayer | Synchronizing object | Fan2_blade_-1_3
Fra:1 Mem:166.02M (Peak 166.02M) | Time:00:00.09 | Mem:0.00M, Peak:0.00M | CISCO_N9K_C9336C_FX2_V001, ViewLayer | Synchronizing object | Fan2_blade_-1_5
Fra:1 Mem:166.02M (Peak 166.02M) | Time:00:00.09 | Mem:0.00M, Peak:0.00M | CISCO_N9K_C9336C_FX2_V001, ViewLayer | Synchronizing object | Fan2_blade_-1_6
Fra:1 Mem:166.03M (Peak 166.03M) | Time:00:00.09 | Mem:0.00M, Peak:0.00M | CISCO_N9K_C9336C_FX2_V001, ViewLayer | Synchronizing object | Fan2_top_retention_rail_-1
Fra:1 Mem:166.04M (Peak 166.04M) | Time:00:00.09 | Mem:0.00M, Peak:0.00M | CISCO_N9K_C9336C_FX2_V001, ViewLayer | Synchronizing object | Fan2_rear_power_contact_block_-1
Fra:1 Mem:166.04M (Peak 166.04M) | Time:00:00.09 | Mem:0.00M, Peak:0.00M | CISCO_N9K_C9336C_FX2_V001, ViewLayer | Synchronizing object | Fan2_rotor_housing_1
Fra:1 Mem:166.04M (Peak 166.04M) | Time:00:00.09 | Mem:0.00M, Peak:0.00M | CISCO_N9K_C9336C_FX2_V001, ViewLayer | Synchronizing object | Fan2_hub_1
Fra:1 Mem:166.05M (Peak 166.05M) | Time:00:00.09 | Mem:0.00M, Peak:0.00M | CISCO_N9K_C9336C_FX2_V001, ViewLayer | Synchronizing object | Fan2_blade_1_0
Fra:1 Mem:166.06M (Peak 166.06M) | Time:00:00.09 | Mem:0.00M, Peak:0.00M | CISCO_N9K_C9336C_FX2_V001, ViewLayer | Synchronizing object | Fan2_blade_1_1
Fra:1 Mem:166.06M (Peak 166.06M) | Time:00:00.09 | Mem:0.00M, Peak:0.00M | CISCO_N9K_C9336C_FX2_V001, ViewLayer | Synchronizing object | Fan2_blade_1_2
Fra:1 Mem:166.06M (Peak 166.06M) | Time:00:00.10 | Mem:0.00M, Peak:0.00M | CISCO_N9K_C9336C_FX2_V001, ViewLayer | Synchronizing object | Fan2_blade_1_3
Fra:1 Mem:166.06M (Peak 166.06M) | Time:00:00.10 | Mem:0.00M, Peak:0.00M | CISCO_N9K_C9336C_FX2_V001, ViewLayer | Synchronizing object | PSU2_inlet_vent_divider
Fra:1 Mem:166.06M (Peak 166.06M) | Time:00:00.10 | Mem:0.00M, Peak:0.00M | CISCO_N9K_C9336C_FX2_V001, ViewLayer | Synchronizing object | PSU2_front_face_rim
Fra:1 Mem:166.08M (Peak 166.08M) | Time:00:00.10 | Mem:0.00M, Peak:0.00M | CISCO_N9K_C9336C_FX2_V001, ViewLayer | Synchronizing object | PSU2_internal_opaque_baffle
Fra:1 Mem:166.08M (Peak 166.08M) | Time:00:00.10 | Mem:0.00M, Peak:0.00M | CISCO_N9K_C9336C_FX2_V001, ViewLayer | Synchronizing object | PSU2_internal_mating_block
Fra:1 Mem:166.08M (Peak 166.08M) | Time:00:00.10 | Mem:0.00M, Peak:0.00M | CISCO_N9K_C9336C_FX2_V001, ViewLayer | Synchronizing object | PSU2_rear_internal_endcap
Fra:1 Mem:166.10M (Peak 166.10M) | Time:00:00.10 | Mem:0.00M, Peak:0.00M | CISCO_N9K_C9336C_FX2_V001, ViewLayer | Synchronizing object | PSU2_formed_silver_shell
Fra:1 Mem:166.11M (Peak 166.11M) | Time:00:00.10 | Mem:0.00M, Peak:0.00M | CISCO_N9K_C9336C_FX2_V001, ViewLayer | Synchronizing object | Fan2_blade_1_4
Fra:1 Mem:166.12M (Peak 166.12M) | Time:00:00.10 | Mem:0.00M, Peak:0.00M | CISCO_N9K_C9336C_FX2_V001, ViewLayer | Synchronizing object | Fan2_blade_1_5
Fra:1 Mem:166.12M (Peak 166.12M) | Time:00:00.10 | Mem:0.00M, Peak:0.00M | CISCO_N9K_C9336C_FX2_V001, ViewLayer | Synchronizing object | PSU1_face_screw_24.5_39.3
Fra:1 Mem:166.13M (Peak 166.13M) | Time:00:00.10 | Mem:0.00M, Peak:0.00M | CISCO_N9K_C9336C_FX2_V001, ViewLayer | Synchronizing object | PSU1_face_screw_24.5_4.1
Fra:1 Mem:166.15M (Peak 166.15M) | Time:00:00.10 | Mem:0.00M, Peak:0.00M | CISCO_N9K_C9336C_FX2_V001, ViewLayer | Synchronizing object | PSU1_face_screw_-24.5_39.3
Fra:1 Mem:166.17M (Peak 166.17M) | Time:00:00.10 | Mem:0.00M, Peak:0.00M | CISCO_N9K_C9336C_FX2_V001, ViewLayer | Synchronizing object | PSU1_face_screw_-24.5_4.1
Fra:1 Mem:166.19M (Peak 166.19M) | Time:00:00.10 | Mem:0.00M, Peak:0.00M | CISCO_N9K_C9336C_FX2_V001, ViewLayer | Synchronizing object | PSU1_OK_legend
Fra:1 Mem:166.19M (Peak 166.19M) | Time:00:00.10 | Mem:0.00M, Peak:0.00M | CISCO_N9K_C9336C_FX2_V001, ViewLayer | Synchronizing object | PSU1_FAIL_legend
Fra:1 Mem:166.19M (Peak 166.19M) | Time:00:00.10 | Mem:0.00M, Peak:0.00M | CISCO_N9K_C9336C_FX2_V001, ViewLayer | Synchronizing object | PSU1_unpowered_LED_32.6
Fra:1 Mem:166.20M (Peak 166.20M) | Time:00:00.10 | Mem:0.00M, Peak:0.00M | CISCO_N9K_C9336C_FX2_V001, ViewLayer | Synchronizing object | PSU1_unpowered_LED_36.8
Fra:1 Mem:166.20M (Peak 166.20M) | Time:00:00.10 | Mem:0.00M, Peak:0.00M | CISCO_N9K_C9336C_FX2_V001, ViewLayer | Synchronizing object | PSU1_retainer_rib_315.4
Fra:1 Mem:166.20M (Peak 166.20M) | Time:00:00.10 | Mem:0.00M, Peak:0.00M | CISCO_N9K_C9336C_FX2_V001, ViewLayer | Synchronizing object | PSU1_retainer_rib_313.2
Fra:1 Mem:166.21M (Peak 166.21M) | Time:00:00.10 | Mem:0.00M, Peak:0.00M | CISCO_N9K_C9336C_FX2_V001, ViewLayer | Synchronizing object | PSU1_retainer_rib_311
Fra:1 Mem:166.21M (Peak 166.21M) | Time:00:00.10 | Mem:0.00M, Peak:0.00M | CISCO_N9K_C9336C_FX2_V001, ViewLayer | Synchronizing object | PSU1_retainer_rib_308.8
Fra:1 Mem:166.22M (Peak 166.22M) | Time:00:00.10 | Mem:0.00M, Peak:0.00M | CISCO_N9K_C9336C_FX2_V001, ViewLayer | Synchronizing object | PSU1_retainer_rib_306.6
Fra:1 Mem:166.22M (Peak 166.22M) | Time:00:00.10 | Mem:0.00M, Peak:0.00M | CISCO_N9K_C9336C_FX2_V001, ViewLayer | Synchronizing object | PSU1_retainer_rib_304.4
Fra:1 Mem:166.22M (Peak 166.22M) | Time:00:00.10 | Mem:0.00M, Peak:0.00M | CISCO_N9K_C9336C_FX2_V001, ViewLayer | Synchronizing object | PSU1_retainer_rib_302.2
Fra:1 Mem:166.23M (Peak 166.23M) | Time:00:00.10 | Mem:0.00M, Peak:0.00M | CISCO_N9K_C9336C_FX2_V001, ViewLayer | Synchronizing object | PSU1_retainer_rib_300
Fra:1 Mem:166.23M (Peak 166.23M) | Time:00:00.10 | Mem:0.00M, Peak:0.00M | CISCO_N9K_C9336C_FX2_V001, ViewLayer | Synchronizing object | PSU1_stowed_nylon_retention_loop
Fra:1 Mem:166.24M (Peak 166.24M) | Time:00:00.10 | Mem:0.00M, Peak:0.00M | CISCO_N9K_C9336C_FX2_V001, ViewLayer | Synchronizing object | PSU1_cord_retainer_anchor
Fra:1 Mem:166.24M (Peak 166.24M) | Time:00:00.10 | Mem:0.00M, Peak:0.00M | CISCO_N9K_C9336C_FX2_V001, ViewLayer | Synchronizing object | PSU1_BLUE_release_latch
Fra:1 Mem:166.25M (Peak 166.25M) | Time:00:00.10 | Mem:0.00M, Peak:0.00M | CISCO_N9K_C9336C_FX2_V001, ViewLayer | Synchronizing object | PSU1_silver_U_pull_handle
Fra:1 Mem:166.46M (Peak 166.46M) | Time:00:00.10 | Mem:0.00M, Peak:0.00M | CISCO_N9K_C9336C_FX2_V001, ViewLayer | Synchronizing object | Fan2_top_retention_rail_1
Fra:1 Mem:166.47M (Peak 166.47M) | Time:00:00.10 | Mem:0.00M, Peak:0.00M | CISCO_N9K_C9336C_FX2_V001, ViewLayer | Synchronizing object | Fan2_rear_power_contact_block_1
Fra:1 Mem:166.47M (Peak 166.47M) | Time:00:00.10 | Mem:0.00M, Peak:0.00M | CISCO_N9K_C9336C_FX2_V001, ViewLayer | Synchronizing object | Fan2_front_frame
Fra:1 Mem:166.48M (Peak 166.48M) | Time:00:00.10 | Mem:0.00M, Peak:0.00M | CISCO_N9K_C9336C_FX2_V001, ViewLayer | Synchronizing object | Fan2_true_honeycomb_front_grille
Fra:1 Mem:166.48M (Peak 166.48M) | Time:00:00.10 | Mem:0.00M, Peak:0.00M | CISCO_N9K_C9336C_FX2_V001, ViewLayer | Synchronizing object | Fan2_molded_trapezoid_pull_handle
Fra:1 Mem:166.82M (Peak 166.91M) | Time:00:00.10 | Mem:0.00M, Peak:0.00M | CISCO_N9K_C9336C_FX2_V001, ViewLayer | Synchronizing object | Fan2_BLUE_release_latch_-1
Fra:1 Mem:166.92M (Peak 166.92M) | Time:00:00.10 | Mem:0.00M, Peak:0.00M | CISCO_N9K_C9336C_FX2_V001, ViewLayer | Synchronizing object | Fan2_latch_thumb_flare_-1
Fra:1 Mem:166.92M (Peak 166.92M) | Time:00:00.10 | Mem:0.00M, Peak:0.00M | CISCO_N9K_C9336C_FX2_V001, ViewLayer | Synchronizing object | Fan2_BLUE_release_latch_1
Fra:1 Mem:167.02M (Peak 167.02M) | Time:00:00.10 | Mem:0.00M, Peak:0.00M | CISCO_N9K_C9336C_FX2_V001, ViewLayer | Synchronizing object | Fan2_latch_thumb_flare_1
Fra:1 Mem:167.03M (Peak 167.03M) | Time:00:00.10 | Mem:0.00M, Peak:0.00M | CISCO_N9K_C9336C_FX2_V001, ViewLayer | Synchronizing object | Fan2_PID_label_recess
Fra:1 Mem:167.03M (Peak 167.03M) | Time:00:00.10 | Mem:0.00M, Peak:0.00M | CISCO_N9K_C9336C_FX2_V001, ViewLayer | Synchronizing object | Fan2_known_PID
Fra:1 Mem:167.36M (Peak 167.36M) | Time:00:00.10 | Mem:0.00M, Peak:0.00M | CISCO_N9K_C9336C_FX2_V001, ViewLayer | Synchronizing object | Fan2_flush_lock_pin_-39
Fra:1 Mem:167.37M (Peak 167.37M) | Time:00:00.10 | Mem:0.00M, Peak:0.00M | CISCO_N9K_C9336C_FX2_V001, ViewLayer | Synchronizing object | Fan2_flush_lock_pin_39
Fra:1 Mem:168.02M (Peak 168.02M) | Time:00:00.10 | Mem:0.00M, Peak:0.00M | CISCO_N9K_C9336C_FX2_V001, ViewLayer | Synchronizing object | Fan3_rotor_housing_-1
Fra:1 Mem:168.07M (Peak 168.07M) | Time:00:00.10 | Mem:0.00M, Peak:0.00M | CISCO_N9K_C9336C_FX2_V001, ViewLayer | Synchronizing object | Fan3_hub_-1
Fra:1 Mem:167.99M (Peak 168.07M) | Time:00:00.10 | Mem:0.00M, Peak:0.00M | CISCO_N9K_C9336C_FX2_V001, ViewLayer | Synchronizing object | PSU1_IEC_pin_2
Fra:1 Mem:168.00M (Peak 168.07M) | Time:00:00.10 | Mem:0.00M, Peak:0.00M | CISCO_N9K_C9336C_FX2_V001, ViewLayer | Synchronizing object | Fan3_blade_-1_0
Fra:1 Mem:168.01M (Peak 168.07M) | Time:00:00.10 | Mem:0.00M, Peak:0.00M | CISCO_N9K_C9336C_FX2_V001, ViewLayer | Synchronizing object | Fan3_blade_-1_1
Fra:1 Mem:168.01M (Peak 168.07M) | Time:00:00.10 | Mem:0.00M, Peak:0.00M | CISCO_N9K_C9336C_FX2_V001, ViewLayer | Synchronizing object | Fan3_blade_-1_2
Fra:1 Mem:168.01M (Peak 168.07M) | Time:00:00.10 | Mem:0.00M, Peak:0.00M | CISCO_N9K_C9336C_FX2_V001, ViewLayer | Synchronizing object | Fan3_blade_-1_3
Fra:1 Mem:168.01M (Peak 168.07M) | Time:00:00.10 | Mem:0.00M, Peak:0.00M | CISCO_N9K_C9336C_FX2_V001, ViewLayer | Synchronizing object | Fan3_blade_-1_4
Fra:1 Mem:168.01M (Peak 168.07M) | Time:00:00.10 | Mem:0.00M, Peak:0.00M | CISCO_N9K_C9336C_FX2_V001, ViewLayer | Synchronizing object | Fan3_blade_-1_5
Fra:1 Mem:168.16M (Peak 168.16M) | Time:00:00.10 | Mem:0.00M, Peak:0.00M | CISCO_N9K_C9336C_FX2_V001, ViewLayer | Synchronizing object | Fan3_blade_-1_6
Fra:1 Mem:168.17M (Peak 168.17M) | Time:00:00.10 | Mem:0.00M, Peak:0.00M | CISCO_N9K_C9336C_FX2_V001, ViewLayer | Synchronizing object | Fan3_top_retention_rail_-1
Fra:1 Mem:168.19M (Peak 168.19M) | Time:00:00.10 | Mem:0.00M, Peak:0.00M | CISCO_N9K_C9336C_FX2_V001, ViewLayer | Synchronizing object | PSU1_IEC_pin_0
Fra:1 Mem:168.20M (Peak 168.20M) | Time:00:00.10 | Mem:0.00M, Peak:0.00M | CISCO_N9K_C9336C_FX2_V001, ViewLayer | Synchronizing object | Fan3_rear_power_contact_block_-1
Fra:1 Mem:168.20M (Peak 168.20M) | Time:00:00.10 | Mem:0.00M, Peak:0.00M | CISCO_N9K_C9336C_FX2_V001, ViewLayer | Synchronizing object | Fan3_rotor_housing_1
Fra:1 Mem:168.21M (Peak 168.21M) | Time:00:00.10 | Mem:0.00M, Peak:0.00M | CISCO_N9K_C9336C_FX2_V001, ViewLayer | Synchronizing object | Fan3_hub_1
Fra:1 Mem:168.21M (Peak 168.21M) | Time:00:00.10 | Mem:0.00M, Peak:0.00M | CISCO_N9K_C9336C_FX2_V001, ViewLayer | Synchronizing object | PSU1_IEC_recessed_black_floor
Fra:1 Mem:168.21M (Peak 168.21M) | Time:00:00.10 | Mem:0.00M, Peak:0.00M | CISCO_N9K_C9336C_FX2_V001, ViewLayer | Synchronizing object | PSU1_IEC_C14_black_inlet_housing
Fra:1 Mem:168.24M (Peak 168.24M) | Time:00:00.10 | Mem:0.00M, Peak:0.00M | CISCO_N9K_C9336C_FX2_V001, ViewLayer | Synchronizing object | PSU1_true_hex_cooling_vents
Fra:1 Mem:170.98M (Peak 170.98M) | Time:00:00.10 | Mem:0.00M, Peak:0.00M | CISCO_N9K_C9336C_FX2_V001, ViewLayer | Synchronizing object | Fan3_blade_1_0
Fra:1 Mem:170.98M (Peak 170.98M) | Time:00:00.10 | Mem:0.00M, Peak:0.00M | CISCO_N9K_C9336C_FX2_V001, ViewLayer | Synchronizing object | Fan3_blade_1_1
Fra:1 Mem:171.07M (Peak 171.07M) | Time:00:00.10 | Mem:0.00M, Peak:0.00M | CISCO_N9K_C9336C_FX2_V001, ViewLayer | Synchronizing object | Fan3_blade_1_3
Fra:1 Mem:171.17M (Peak 171.17M) | Time:00:00.10 | Mem:0.00M, Peak:0.00M | CISCO_N9K_C9336C_FX2_V001, ViewLayer | Synchronizing object | Fan3_blade_1_4
Fra:1 Mem:171.17M (Peak 171.17M) | Time:00:00.10 | Mem:0.00M, Peak:0.00M | CISCO_N9K_C9336C_FX2_V001, ViewLayer | Synchronizing object | Fan3_blade_1_5
Fra:1 Mem:171.17M (Peak 171.17M) | Time:00:00.10 | Mem:0.00M, Peak:0.00M | CISCO_N9K_C9336C_FX2_V001, ViewLayer | Synchronizing object | Fan3_blade_1_6
Fra:1 Mem:170.98M (Peak 171.17M) | Time:00:00.10 | Mem:0.00M, Peak:0.00M | CISCO_N9K_C9336C_FX2_V001, ViewLayer | Synchronizing object | PSU1_inlet_vent_divider
Fra:1 Mem:170.98M (Peak 171.17M) | Time:00:00.10 | Mem:0.00M, Peak:0.00M | CISCO_N9K_C9336C_FX2_V001, ViewLayer | Synchronizing object | Fan3_top_retention_rail_1
Fra:1 Mem:170.99M (Peak 171.17M) | Time:00:00.10 | Mem:0.00M, Peak:0.00M | CISCO_N9K_C9336C_FX2_V001, ViewLayer | Synchronizing object | PSU1_front_face_rim
Fra:1 Mem:171.02M (Peak 171.17M) | Time:00:00.10 | Mem:0.00M, Peak:0.00M | CISCO_N9K_C9336C_FX2_V001, ViewLayer | Synchronizing object | Fan3_rear_power_contact_block_1
Fra:1 Mem:171.02M (Peak 171.17M) | Time:00:00.10 | Mem:0.00M, Peak:0.00M | CISCO_N9K_C9336C_FX2_V001, ViewLayer | Synchronizing object | Fan3_front_frame
Fra:1 Mem:171.02M (Peak 171.17M) | Time:00:00.10 | Mem:0.00M, Peak:0.00M | CISCO_N9K_C9336C_FX2_V001, ViewLayer | Synchronizing object | PSU1_internal_mating_block
Fra:1 Mem:171.03M (Peak 171.17M) | Time:00:00.10 | Mem:0.00M, Peak:0.00M | CISCO_N9K_C9336C_FX2_V001, ViewLayer | Synchronizing object | PSU1_rear_internal_endcap
Fra:1 Mem:171.04M (Peak 171.17M) | Time:00:00.10 | Mem:0.00M, Peak:0.00M | CISCO_N9K_C9336C_FX2_V001, ViewLayer | Synchronizing object | Fan3_true_honeycomb_front_grille
Fra:1 Mem:171.45M (Peak 171.45M) | Time:00:00.10 | Mem:0.00M, Peak:0.00M | CISCO_N9K_C9336C_FX2_V001, ViewLayer | Synchronizing object | PSU1_formed_silver_shell
Fra:1 Mem:171.87M (Peak 171.87M) | Time:00:00.10 | Mem:0.00M, Peak:0.00M | CISCO_N9K_C9336C_FX2_V001, ViewLayer | Synchronizing object | Fan3_fine_vertical_thumb_rib_1_9
Fra:1 Mem:171.87M (Peak 171.87M) | Time:00:00.10 | Mem:0.00M, Peak:0.00M | CISCO_N9K_C9336C_FX2_V001, ViewLayer | Synchronizing object | Fan3_fine_vertical_thumb_rib_1_8
Fra:1 Mem:171.88M (Peak 171.88M) | Time:00:00.10 | Mem:0.00M, Peak:0.00M | CISCO_N9K_C9336C_FX2_V001, ViewLayer | Synchronizing object | Fan3_fine_vertical_thumb_rib_1_7
Fra:1 Mem:171.88M (Peak 171.88M) | Time:00:00.10 | Mem:0.00M, Peak:0.00M | CISCO_N9K_C9336C_FX2_V001, ViewLayer | Synchronizing object | Fan3_fine_vertical_thumb_rib_1_6
Fra:1 Mem:171.89M (Peak 171.89M) | Time:00:00.10 | Mem:0.00M, Peak:0.00M | CISCO_N9K_C9336C_FX2_V001, ViewLayer | Synchronizing object | Fan3_fine_vertical_thumb_rib_1_5
Fra:1 Mem:171.89M (Peak 171.89M) | Time:00:00.10 | Mem:0.00M, Peak:0.00M | CISCO_N9K_C9336C_FX2_V001, ViewLayer | Synchronizing object | Fan3_fine_vertical_thumb_rib_1_4
Fra:1 Mem:171.89M (Peak 171.89M) | Time:00:00.10 | Mem:0.00M, Peak:0.00M | CISCO_N9K_C9336C_FX2_V001, ViewLayer | Synchronizing object | Fan3_fine_vertical_thumb_rib_1_3
Fra:1 Mem:171.90M (Peak 171.90M) | Time:00:00.10 | Mem:0.00M, Peak:0.00M | CISCO_N9K_C9336C_FX2_V001, ViewLayer | Synchronizing object | Fan3_fine_vertical_thumb_rib_1_2
Fra:1 Mem:172.51M (Peak 172.51M) | Time:00:00.10 | Mem:0.00M, Peak:0.00M | CISCO_N9K_C9336C_FX2_V001, ViewLayer | Synchronizing object | Fan3_fine_vertical_thumb_rib_1_1
Fra:1 Mem:172.51M (Peak 172.51M) | Time:00:00.10 | Mem:0.00M, Peak:0.00M | CISCO_N9K_C9336C_FX2_V001, ViewLayer | Synchronizing object | Fan3_fine_vertical_thumb_rib_1_0
Fra:1 Mem:172.51M (Peak 172.51M) | Time:00:00.10 | Mem:0.00M, Peak:0.00M | CISCO_N9K_C9336C_FX2_V001, ViewLayer | Synchronizing object | Fan3_fine_vertical_thumb_rib_-1_9
Fra:1 Mem:172.52M (Peak 172.52M) | Time:00:00.10 | Mem:0.00M, Peak:0.00M | CISCO_N9K_C9336C_FX2_V001, ViewLayer | Synchronizing object | Fan3_fine_vertical_thumb_rib_-1_8
Fra:1 Mem:172.52M (Peak 172.52M) | Time:00:00.10 | Mem:0.00M, Peak:0.00M | CISCO_N9K_C9336C_FX2_V001, ViewLayer | Synchronizing object | Fan3_fine_vertical_thumb_rib_-1_7
Fra:1 Mem:172.53M (Peak 172.53M) | Time:00:00.10 | Mem:0.00M, Peak:0.00M | CISCO_N9K_C9336C_FX2_V001, ViewLayer | Synchronizing object | Fan3_fine_vertical_thumb_rib_-1_6
Fra:1 Mem:172.53M (Peak 172.53M) | Time:00:00.10 | Mem:0.00M, Peak:0.00M | CISCO_N9K_C9336C_FX2_V001, ViewLayer | Synchronizing object | Fan3_fine_vertical_thumb_rib_-1_5
Fra:1 Mem:172.54M (Peak 172.54M) | Time:00:00.10 | Mem:0.00M, Peak:0.00M | CISCO_N9K_C9336C_FX2_V001, ViewLayer | Synchronizing object | Fan3_fine_vertical_thumb_rib_-1_4
Fra:1 Mem:172.54M (Peak 172.54M) | Time:00:00.10 | Mem:0.00M, Peak:0.00M | CISCO_N9K_C9336C_FX2_V001, ViewLayer | Synchronizing object | Fan3_fine_vertical_thumb_rib_-1_3
Fra:1 Mem:172.54M (Peak 172.54M) | Time:00:00.10 | Mem:0.00M, Peak:0.00M | CISCO_N9K_C9336C_FX2_V001, ViewLayer | Synchronizing object | Fan3_fine_vertical_thumb_rib_-1_2
Fra:1 Mem:172.55M (Peak 172.55M) | Time:00:00.10 | Mem:0.00M, Peak:0.00M | CISCO_N9K_C9336C_FX2_V001, ViewLayer | Synchronizing object | Fan3_fine_vertical_thumb_rib_-1_1
Fra:1 Mem:172.70M (Peak 172.70M) | Time:00:00.10 | Mem:0.00M, Peak:0.00M | CISCO_N9K_C9336C_FX2_V001, ViewLayer | Synchronizing object | Fan3_fine_vertical_thumb_rib_-1_0
Fra:1 Mem:172.71M (Peak 172.71M) | Time:00:00.10 | Mem:0.00M, Peak:0.00M | CISCO_N9K_C9336C_FX2_V001, ViewLayer | Synchronizing object | Fan2_fine_vertical_thumb_rib_1_9
Fra:1 Mem:172.71M (Peak 172.71M) | Time:00:00.10 | Mem:0.00M, Peak:0.00M | CISCO_N9K_C9336C_FX2_V001, ViewLayer | Synchronizing object | Fan2_fine_vertical_thumb_rib_1_8
Fra:1 Mem:172.72M (Peak 172.72M) | Time:00:00.10 | Mem:0.00M, Peak:0.00M | CISCO_N9K_C9336C_FX2_V001, ViewLayer | Synchronizing object | Fan2_fine_vertical_thumb_rib_1_7
Fra:1 Mem:172.72M (Peak 172.72M) | Time:00:00.10 | Mem:0.00M, Peak:0.00M | CISCO_N9K_C9336C_FX2_V001, ViewLayer | Synchronizing object | Fan2_fine_vertical_thumb_rib_1_6
Fra:1 Mem:172.73M (Peak 172.73M) | Time:00:00.10 | Mem:0.00M, Peak:0.00M | CISCO_N9K_C9336C_FX2_V001, ViewLayer | Synchronizing object | Fan2_fine_vertical_thumb_rib_1_5
Fra:1 Mem:172.73M (Peak 172.73M) | Time:00:00.10 | Mem:0.00M, Peak:0.00M | CISCO_N9K_C9336C_FX2_V001, ViewLayer | Synchronizing object | Fan2_fine_vertical_thumb_rib_1_4
Fra:1 Mem:172.73M (Peak 172.73M) | Time:00:00.10 | Mem:0.00M, Peak:0.00M | CISCO_N9K_C9336C_FX2_V001, ViewLayer | Synchronizing object | Fan3_molded_trapezoid_pull_handle
Fra:1 Mem:172.76M (Peak 172.76M) | Time:00:00.10 | Mem:0.00M, Peak:0.00M | CISCO_N9K_C9336C_FX2_V001, ViewLayer | Synchronizing object | Fan2_fine_vertical_thumb_rib_1_3
Fra:1 Mem:172.77M (Peak 172.77M) | Time:00:00.10 | Mem:0.00M, Peak:0.00M | CISCO_N9K_C9336C_FX2_V001, ViewLayer | Synchronizing object | Fan2_fine_vertical_thumb_rib_1_2
Fra:1 Mem:172.77M (Peak 172.77M) | Time:00:00.10 | Mem:0.00M, Peak:0.00M | CISCO_N9K_C9336C_FX2_V001, ViewLayer | Synchronizing object | Fan3_BLUE_release_latch_-1
Fra:1 Mem:172.77M (Peak 172.77M) | Time:00:00.10 | Mem:0.00M, Peak:0.00M | CISCO_N9K_C9336C_FX2_V001, ViewLayer | Synchronizing object | Fan2_fine_vertical_thumb_rib_1_1
Fra:1 Mem:172.78M (Peak 172.78M) | Time:00:00.10 | Mem:0.00M, Peak:0.00M | CISCO_N9K_C9336C_FX2_V001, ViewLayer | Synchronizing object | Fan3_latch_thumb_flare_-1
Fra:1 Mem:172.78M (Peak 172.78M) | Time:00:00.10 | Mem:0.00M, Peak:0.00M | CISCO_N9K_C9336C_FX2_V001, ViewLayer | Synchronizing object | Fan2_fine_vertical_thumb_rib_1_0
Fra:1 Mem:172.79M (Peak 172.79M) | Time:00:00.10 | Mem:0.00M, Peak:0.00M | CISCO_N9K_C9336C_FX2_V001, ViewLayer | Synchronizing object | Fan2_fine_vertical_thumb_rib_-1_9
Fra:1 Mem:172.79M (Peak 172.79M) | Time:00:00.10 | Mem:0.00M, Peak:0.00M | CISCO_N9K_C9336C_FX2_V001, ViewLayer | Synchronizing object | Fan2_fine_vertical_thumb_rib_-1_8
Fra:1 Mem:172.80M (Peak 172.80M) | Time:00:00.10 | Mem:0.00M, Peak:0.00M | CISCO_N9K_C9336C_FX2_V001, ViewLayer | Synchronizing object | Fan2_fine_vertical_thumb_rib_-1_7
Fra:1 Mem:172.80M (Peak 172.80M) | Time:00:00.10 | Mem:0.00M, Peak:0.00M | CISCO_N9K_C9336C_FX2_V001, ViewLayer | Synchronizing object | Fan2_fine_vertical_thumb_rib_-1_6
Fra:1 Mem:172.80M (Peak 172.80M) | Time:00:00.10 | Mem:0.00M, Peak:0.00M | CISCO_N9K_C9336C_FX2_V001, ViewLayer | Synchronizing object | Fan2_fine_vertical_thumb_rib_-1_5
Fra:1 Mem:172.81M (Peak 172.81M) | Time:00:00.10 | Mem:0.00M, Peak:0.00M | CISCO_N9K_C9336C_FX2_V001, ViewLayer | Synchronizing object | Fan2_fine_vertical_thumb_rib_-1_4
Fra:1 Mem:172.81M (Peak 172.81M) | Time:00:00.11 | Mem:0.00M, Peak:0.00M | CISCO_N9K_C9336C_FX2_V001, ViewLayer | Synchronizing object | Fan2_fine_vertical_thumb_rib_-1_3
Fra:1 Mem:172.82M (Peak 172.82M) | Time:00:00.11 | Mem:0.00M, Peak:0.00M | CISCO_N9K_C9336C_FX2_V001, ViewLayer | Synchronizing object | Fan2_fine_vertical_thumb_rib_-1_2
Fra:1 Mem:172.82M (Peak 172.82M) | Time:00:00.11 | Mem:0.00M, Peak:0.00M | CISCO_N9K_C9336C_FX2_V001, ViewLayer | Synchronizing object | Fan2_fine_vertical_thumb_rib_-1_1
Fra:1 Mem:172.83M (Peak 172.83M) | Time:00:00.11 | Mem:0.00M, Peak:0.00M | CISCO_N9K_C9336C_FX2_V001, ViewLayer | Synchronizing object | Fan2_fine_vertical_thumb_rib_-1_0
Fra:1 Mem:172.83M (Peak 172.83M) | Time:00:00.11 | Mem:0.00M, Peak:0.00M | CISCO_N9K_C9336C_FX2_V001, ViewLayer | Synchronizing object | Fan1_fine_vertical_thumb_rib_1_9
Fra:1 Mem:172.83M (Peak 172.83M) | Time:00:00.11 | Mem:0.00M, Peak:0.00M | CISCO_N9K_C9336C_FX2_V001, ViewLayer | Synchronizing object | Fan1_fine_vertical_thumb_rib_1_8
Fra:1 Mem:172.84M (Peak 172.84M) | Time:00:00.11 | Mem:0.00M, Peak:0.00M | CISCO_N9K_C9336C_FX2_V001, ViewLayer | Synchronizing object | Fan1_fine_vertical_thumb_rib_1_7
Fra:1 Mem:172.84M (Peak 172.84M) | Time:00:00.11 | Mem:0.00M, Peak:0.00M | CISCO_N9K_C9336C_FX2_V001, ViewLayer | Synchronizing object | Fan1_fine_vertical_thumb_rib_1_6
Fra:1 Mem:172.85M (Peak 172.85M) | Time:00:00.11 | Mem:0.00M, Peak:0.00M | CISCO_N9K_C9336C_FX2_V001, ViewLayer | Synchronizing object | Fan1_fine_vertical_thumb_rib_1_5
Fra:1 Mem:172.85M (Peak 172.85M) | Time:00:00.11 | Mem:0.00M, Peak:0.00M | CISCO_N9K_C9336C_FX2_V001, ViewLayer | Synchronizing object | Fan1_fine_vertical_thumb_rib_1_4
Fra:1 Mem:172.86M (Peak 172.86M) | Time:00:00.11 | Mem:0.00M, Peak:0.00M | CISCO_N9K_C9336C_FX2_V001, ViewLayer | Synchronizing object | Fan1_fine_vertical_thumb_rib_1_3
Fra:1 Mem:172.86M (Peak 172.86M) | Time:00:00.11 | Mem:0.00M, Peak:0.00M | CISCO_N9K_C9336C_FX2_V001, ViewLayer | Synchronizing object | Fan1_fine_vertical_thumb_rib_1_2
Fra:1 Mem:172.86M (Peak 172.86M) | Time:00:00.11 | Mem:0.00M, Peak:0.00M | CISCO_N9K_C9336C_FX2_V001, ViewLayer | Synchronizing object | Fan1_fine_vertical_thumb_rib_1_1
Fra:1 Mem:172.87M (Peak 172.87M) | Time:00:00.11 | Mem:0.00M, Peak:0.00M | CISCO_N9K_C9336C_FX2_V001, ViewLayer | Synchronizing object | Fan1_fine_vertical_thumb_rib_1_0
Fra:1 Mem:172.87M (Peak 172.87M) | Time:00:00.11 | Mem:0.00M, Peak:0.00M | CISCO_N9K_C9336C_FX2_V001, ViewLayer | Synchronizing object | Fan1_fine_vertical_thumb_rib_-1_9
Fra:1 Mem:172.88M (Peak 172.88M) | Time:00:00.11 | Mem:0.00M, Peak:0.00M | CISCO_N9K_C9336C_FX2_V001, ViewLayer | Synchronizing object | Fan1_fine_vertical_thumb_rib_-1_8
Fra:1 Mem:172.88M (Peak 172.88M) | Time:00:00.11 | Mem:0.00M, Peak:0.00M | CISCO_N9K_C9336C_FX2_V001, ViewLayer | Synchronizing object | Fan1_fine_vertical_thumb_rib_-1_7
Fra:1 Mem:172.89M (Peak 172.89M) | Time:00:00.11 | Mem:0.00M, Peak:0.00M | CISCO_N9K_C9336C_FX2_V001, ViewLayer | Synchronizing object | Fan1_fine_vertical_thumb_rib_-1_6
Fra:1 Mem:172.89M (Peak 172.89M) | Time:00:00.11 | Mem:0.00M, Peak:0.00M | CISCO_N9K_C9336C_FX2_V001, ViewLayer | Synchronizing object | Fan1_fine_vertical_thumb_rib_-1_5
Fra:1 Mem:172.89M (Peak 172.89M) | Time:00:00.11 | Mem:0.00M, Peak:0.00M | CISCO_N9K_C9336C_FX2_V001, ViewLayer | Synchronizing object | Fan1_fine_vertical_thumb_rib_-1_4
Fra:1 Mem:172.90M (Peak 172.90M) | Time:00:00.11 | Mem:0.00M, Peak:0.00M | CISCO_N9K_C9336C_FX2_V001, ViewLayer | Synchronizing object | Fan1_fine_vertical_thumb_rib_-1_3
Fra:1 Mem:172.90M (Peak 172.90M) | Time:00:00.11 | Mem:0.00M, Peak:0.00M | CISCO_N9K_C9336C_FX2_V001, ViewLayer | Synchronizing object | Fan1_fine_vertical_thumb_rib_-1_2
Fra:1 Mem:172.91M (Peak 172.91M) | Time:00:00.11 | Mem:0.00M, Peak:0.00M | CISCO_N9K_C9336C_FX2_V001, ViewLayer | Synchronizing object | Fan1_fine_vertical_thumb_rib_-1_1
Fra:1 Mem:172.91M (Peak 172.91M) | Time:00:00.11 | Mem:0.00M, Peak:0.00M | CISCO_N9K_C9336C_FX2_V001, ViewLayer | Synchronizing object | Fan1_fine_vertical_thumb_rib_-1_0
Fra:1 Mem:172.92M (Peak 172.92M) | Time:00:00.11 | Mem:0.00M, Peak:0.00M | CISCO_N9K_C9336C_FX2_V001, ViewLayer | Synchronizing object | Fan3_flush_lock_pin_39
Fra:1 Mem:172.93M (Peak 172.93M) | Time:00:00.11 | Mem:0.00M, Peak:0.00M | CISCO_N9K_C9336C_FX2_V001, ViewLayer | Synchronizing object | Fan3_flush_lock_pin_-39
Fra:1 Mem:172.94M (Peak 172.94M) | Time:00:00.11 | Mem:0.00M, Peak:0.00M | CISCO_N9K_C9336C_FX2_V001, ViewLayer | Synchronizing object | Fan3_known_PID
Fra:1 Mem:172.96M (Peak 172.96M) | Time:00:00.11 | Mem:0.00M, Peak:0.00M | CISCO_N9K_C9336C_FX2_V001, ViewLayer | Synchronizing object | Fan3_PID_label_recess
Fra:1 Mem:172.96M (Peak 172.96M) | Time:00:00.11 | Mem:0.00M, Peak:0.00M | CISCO_N9K_C9336C_FX2_V001, ViewLayer | Synchronizing object | Fan3_latch_thumb_flare_1
Fra:1 Mem:172.97M (Peak 172.97M) | Time:00:00.11 | Mem:0.00M, Peak:0.00M | CISCO_N9K_C9336C_FX2_V001, ViewLayer | Synchronizing object | Fan3_BLUE_release_latch_1
Fra:1 Mem:172.97M (Peak 182.02M) | Time:00:00.29 | Mem:0.00M, Peak:0.00M | CISCO_N9K_C9336C_FX2_V001, ViewLayer | Initializing
Fra:1 Mem:168.51M (Peak 182.02M) | Time:00:00.29 | Mem:0.00M, Peak:0.00M | CISCO_N9K_C9336C_FX2_V001, ViewLayer | Updating Images | Loading NWR_original_chassis_label_baked
Fra:1 Mem:168.51M (Peak 182.02M) | Time:00:00.29 | Mem:0.00M, Peak:0.00M | CISCO_N9K_C9336C_FX2_V001, ViewLayer | Updating Images | Loading chassis-satin-nickel-roughness
Fra:1 Mem:170.01M (Peak 182.02M) | Time:00:00.29 | Mem:0.00M, Peak:0.00M | CISCO_N9K_C9336C_FX2_V001, ViewLayer | Updating Images | Loading metal-micro-normal
Fra:1 Mem:172.02M (Peak 182.02M) | Time:00:00.29 | Mem:0.00M, Peak:0.00M | CISCO_N9K_C9336C_FX2_V001, ViewLayer | Updating Images | Loading fastener-steel-roughness
Fra:1 Mem:173.02M (Peak 182.02M) | Time:00:00.30 | Mem:0.00M, Peak:0.00M | CISCO_N9K_C9336C_FX2_V001, ViewLayer | Updating Images | Loading zinc-plated-brackets-roughness
Fra:1 Mem:174.02M (Peak 182.02M) | Time:00:00.30 | Mem:0.00M, Peak:0.00M | CISCO_N9K_C9336C_FX2_V001, ViewLayer | Updating Images | Loading cage-stainless-steel-roughness
Fra:1 Mem:175.03M (Peak 182.02M) | Time:00:00.30 | Mem:1.00M, Peak:1.00M | CISCO_N9K_C9336C_FX2_V001, ViewLayer | Updating Images | Loading dark-grille-metal-roughness
Fra:1 Mem:155.47M (Peak 182.02M) | Time:00:00.34 | Mem:7.50M, Peak:7.50M | CISCO_N9K_C9336C_FX2_V001, ViewLayer | Waiting for render to start
Fra:1 Mem:155.47M (Peak 182.02M) | Time:00:00.34 | Mem:7.50M, Peak:7.50M | CISCO_N9K_C9336C_FX2_V001, ViewLayer | Loading render kernels (may take a few minutes the first time)
Fra:1 Mem:155.47M (Peak 182.02M) | Time:00:00.34 | Mem:7.50M, Peak:7.50M | CISCO_N9K_C9336C_FX2_V001, ViewLayer | Updating Scene
Fra:1 Mem:155.47M (Peak 182.02M) | Time:00:00.34 | Mem:7.50M, Peak:7.50M | CISCO_N9K_C9336C_FX2_V001, ViewLayer | Updating Shaders
Fra:1 Mem:155.57M (Peak 182.02M) | Time:00:00.34 | Mem:7.51M, Peak:7.51M | CISCO_N9K_C9336C_FX2_V001, ViewLayer | Updating Procedurals
Fra:1 Mem:155.57M (Peak 182.02M) | Time:00:00.34 | Mem:7.51M, Peak:7.51M | CISCO_N9K_C9336C_FX2_V001, ViewLayer | Updating Background
Fra:1 Mem:155.57M (Peak 182.02M) | Time:00:00.34 | Mem:7.51M, Peak:7.51M | CISCO_N9K_C9336C_FX2_V001, ViewLayer | Updating Camera
Fra:1 Mem:155.57M (Peak 182.02M) | Time:00:00.34 | Mem:7.51M, Peak:7.51M | CISCO_N9K_C9336C_FX2_V001, ViewLayer | Updating Meshes Flags
Fra:1 Mem:155.57M (Peak 182.02M) | Time:00:00.34 | Mem:7.51M, Peak:7.51M | CISCO_N9K_C9336C_FX2_V001, ViewLayer | Updating Objects
Fra:1 Mem:155.57M (Peak 182.02M) | Time:00:00.34 | Mem:7.51M, Peak:7.51M | CISCO_N9K_C9336C_FX2_V001, ViewLayer | Updating Objects | Copying Transformations to device
Fra:1 Mem:155.79M (Peak 182.02M) | Time:00:00.34 | Mem:7.73M, Peak:7.73M | CISCO_N9K_C9336C_FX2_V001, ViewLayer | Updating Objects | Applying Static Transformations
Fra:1 Mem:155.79M (Peak 182.02M) | Time:00:00.34 | Mem:7.73M, Peak:7.73M | CISCO_N9K_C9336C_FX2_V001, ViewLayer | Updating Particle Systems
Fra:1 Mem:155.79M (Peak 182.02M) | Time:00:00.34 | Mem:7.73M, Peak:7.73M | CISCO_N9K_C9336C_FX2_V001, ViewLayer | Updating Particle Systems | Copying Particles to device
Fra:1 Mem:155.79M (Peak 182.02M) | Time:00:00.34 | Mem:7.73M, Peak:7.73M | CISCO_N9K_C9336C_FX2_V001, ViewLayer | Updating Meshes
Fra:1 Mem:161.68M (Peak 182.02M) | Time:00:00.35 | Mem:7.73M, Peak:7.73M | CISCO_N9K_C9336C_FX2_V001, ViewLayer | Updating Mesh | Computing attributes
Fra:1 Mem:188.10M (Peak 188.10M) | Time:00:00.39 | Mem:7.77M, Peak:7.77M | CISCO_N9K_C9336C_FX2_V001, ViewLayer | Updating Mesh | Copying Attributes to device
Fra:1 Mem:187.97M (Peak 188.10M) | Time:00:00.39 | Mem:34.02M, Peak:34.02M | CISCO_N9K_C9336C_FX2_V001, ViewLayer | Updating Geometry BVH Lid_flush_Phillips_00 1/30 | Building BVH
Fra:1 Mem:187.97M (Peak 188.10M) | Time:00:00.39 | Mem:34.03M, Peak:34.03M | CISCO_N9K_C9336C_FX2_V001, ViewLayer | Updating Geometry BVH Lid_flush_Phillips_00 1/30 | Building BVH 0%
Fra:1 Mem:187.97M (Peak 188.10M) | Time:00:00.39 | Mem:34.03M, Peak:34.04M | CISCO_N9K_C9336C_FX2_V001, ViewLayer | Updating Geometry BVH Pair01_front_separator_true_perforations 3/30 | Building BVH
Fra:1 Mem:187.97M (Peak 188.10M) | Time:00:00.39 | Mem:34.10M, Peak:34.10M | CISCO_N9K_C9336C_FX2_V001, ViewLayer | Updating Geometry BVH Pair01_stainless_shell_29mm_deep 2/30 | Building BVH
Fra:1 Mem:187.97M (Peak 188.10M) | Time:00:00.39 | Mem:34.10M, Peak:34.10M | CISCO_N9K_C9336C_FX2_V001, ViewLayer | Updating Geometry BVH Pair01_internal_cooling_shelf 4/30 | Building BVH
Fra:1 Mem:187.97M (Peak 188.10M) | Time:00:00.39 | Mem:34.12M, Peak:34.12M | CISCO_N9K_C9336C_FX2_V001, ViewLayer | Updating Geometry BVH Port01_recessed_connector_stop 5/30 | Building BVH
Fra:1 Mem:187.97M (Peak 188.10M) | Time:00:00.39 | Mem:34.14M, Peak:34.15M | CISCO_N9K_C9336C_FX2_V001, ViewLayer | Updating Geometry BVH Port01_connector_contact_surround 6/30 | Building BVH
Fra:1 Mem:187.97M (Peak 188.10M) | Time:00:00.39 | Mem:34.16M, Peak:34.16M | CISCO_N9K_C9336C_FX2_V001, ViewLayer | Updating Geometry BVH Port01_guide_-1_-4.25 7/30 | Building BVH
Fra:1 Mem:187.97M (Peak 188.10M) | Time:00:00.39 | Mem:34.18M, Peak:34.18M | CISCO_N9K_C9336C_FX2_V001, ViewLayer | Updating Geometry BVH Port01_guide_-1_4.25 8/30 | Building BVH
Fra:1 Mem:187.97M (Peak 188.10M) | Time:00:00.39 | Mem:34.21M, Peak:34.21M | CISCO_N9K_C9336C_FX2_V001, ViewLayer | Updating Geometry BVH Port01_spring_-1_-2.8 9/30 | Building BVH
Fra:1 Mem:187.97M (Peak 188.10M) | Time:00:00.39 | Mem:34.22M, Peak:34.22M | CISCO_N9K_C9336C_FX2_V001, ViewLayer | Updating Geometry BVH Port01_spring_-1_0 10/30 | Building BVH
Fra:1 Mem:187.97M (Peak 188.10M) | Time:00:00.39 | Mem:34.25M, Peak:34.25M | CISCO_N9K_C9336C_FX2_V001, ViewLayer | Updating Geometry BVH Port01_spring_-1_2.8 11/30 | Building BVH
Fra:1 Mem:187.97M (Peak 188.10M) | Time:00:00.39 | Mem:34.26M, Peak:34.26M | CISCO_N9K_C9336C_FX2_V001, ViewLayer | Updating Geometry BVH Port01_guide_1_-4.25 12/30 | Building BVH
Fra:1 Mem:187.97M (Peak 188.10M) | Time:00:00.39 | Mem:34.29M, Peak:34.29M | CISCO_N9K_C9336C_FX2_V001, ViewLayer | Updating Geometry BVH Port01_guide_1_4.25 13/30 | Building BVH
Fra:1 Mem:187.97M (Peak 188.10M) | Time:00:00.39 | Mem:34.29M, Peak:34.29M | CISCO_N9K_C9336C_FX2_V001, ViewLayer | Updating Geometry BVH Port01_spring_1_-2.8 14/30 | Building BVH
Fra:1 Mem:187.97M (Peak 188.10M) | Time:00:00.39 | Mem:34.32M, Peak:34.32M | CISCO_N9K_C9336C_FX2_V001, ViewLayer | Updating Geometry BVH Port01_spring_1_0 15/30 | Building BVH
Fra:1 Mem:187.97M (Peak 188.10M) | Time:00:00.39 | Mem:34.34M, Peak:34.34M | CISCO_N9K_C9336C_FX2_V001, ViewLayer | Updating Geometry BVH Port01_spring_1_2.8 16/30 | Building BVH
Fra:1 Mem:187.97M (Peak 188.10M) | Time:00:00.39 | Mem:34.37M, Peak:34.38M | CISCO_N9K_C9336C_FX2_V001, ViewLayer | Updating Geometry BVH Port02_spring_1_2.8 29/30 | Building BVH
Fra:1 Mem:187.97M (Peak 188.10M) | Time:00:00.39 | Mem:34.38M, Peak:34.38M | CISCO_N9K_C9336C_FX2_V001, ViewLayer | Updating Geometry BVH Port01_subtle_recessed_contact_row 17/30 | Building BVH
Fra:1 Mem:187.97M (Peak 188.10M) | Time:00:00.39 | Mem:34.42M, Peak:34.42M | CISCO_N9K_C9336C_FX2_V001, ViewLayer | Updating Geometry BVH Port02_spring_1_0 28/30 | Building BVH
Fra:1 Mem:187.97M (Peak 188.10M) | Time:00:00.39 | Mem:34.45M, Peak:34.45M | CISCO_N9K_C9336C_FX2_V001, ViewLayer | Updating Geometry BVH Port02_recessed_connector_stop 18/30 | Building BVH
Fra:1 Mem:187.97M (Peak 188.10M) | Time:00:00.39 | Mem:34.38M, Peak:34.45M | CISCO_N9K_C9336C_FX2_V001, ViewLayer | Updating Geometry BVH Port02_connector_contact_surround 19/30 | Building BVH
Fra:1 Mem:187.97M (Peak 188.10M) | Time:00:00.39 | Mem:34.38M, Peak:34.45M | CISCO_N9K_C9336C_FX2_V001, ViewLayer | Updating Geometry BVH Port02_spring_1_-2.8 27/30 | Building BVH
Fra:1 Mem:187.97M (Peak 188.10M) | Time:00:00.39 | Mem:34.39M, Peak:34.45M | CISCO_N9K_C9336C_FX2_V001, ViewLayer | Updating Geometry BVH Port02_guide_-1_-4.25 20/30 | Building BVH
Fra:1 Mem:187.97M (Peak 188.10M) | Time:00:00.39 | Mem:34.40M, Peak:34.45M | CISCO_N9K_C9336C_FX2_V001, ViewLayer | Updating Geometry BVH Port02_guide_1_4.25 26/30 | Building BVH
Fra:1 Mem:187.97M (Peak 188.10M) | Time:00:00.39 | Mem:34.42M, Peak:34.45M | CISCO_N9K_C9336C_FX2_V001, ViewLayer | Updating Geometry BVH Port02_guide_-1_4.25 21/30 | Building BVH
Fra:1 Mem:187.97M (Peak 188.10M) | Time:00:00.39 | Mem:34.42M, Peak:34.45M | CISCO_N9K_C9336C_FX2_V001, ViewLayer | Updating Geometry BVH Port02_spring_-1_-2.8 22/30 | Building BVH
Fra:1 Mem:187.97M (Peak 188.10M) | Time:00:00.39 | Mem:34.43M, Peak:34.45M | CISCO_N9K_C9336C_FX2_V001, ViewLayer | Updating Geometry BVH Port02_guide_1_-4.25 25/30 | Building BVH
Fra:1 Mem:187.97M (Peak 188.10M) | Time:00:00.39 | Mem:34.43M, Peak:34.45M | CISCO_N9K_C9336C_FX2_V001, ViewLayer | Updating Geometry BVH Port02_spring_-1_0 23/30 | Building BVH
Fra:1 Mem:187.97M (Peak 188.10M) | Time:00:00.39 | Mem:34.44M, Peak:34.45M | CISCO_N9K_C9336C_FX2_V001, ViewLayer | Updating Geometry BVH Port02_spring_-1_2.8 24/30 | Building BVH
Fra:1 Mem:187.97M (Peak 188.10M) | Time:00:00.39 | Mem:34.49M, Peak:34.50M | CISCO_N9K_C9336C_FX2_V001, ViewLayer | Updating Scene BVH | Building
Fra:1 Mem:187.98M (Peak 188.10M) | Time:00:00.39 | Mem:34.49M, Peak:34.50M | CISCO_N9K_C9336C_FX2_V001, ViewLayer | Updating Scene BVH | Building BVH
Fra:1 Mem:187.98M (Peak 188.10M) | Time:00:00.47 | Mem:58.89M, Peak:70.50M | CISCO_N9K_C9336C_FX2_V001, ViewLayer | Updating Scene BVH | Copying BVH to device
Fra:1 Mem:187.98M (Peak 188.10M) | Time:00:00.47 | Mem:58.89M, Peak:70.50M | CISCO_N9K_C9336C_FX2_V001, ViewLayer | Updating Mesh | Computing normals
Fra:1 Mem:201.19M (Peak 201.19M) | Time:00:00.49 | Mem:58.89M, Peak:70.50M | CISCO_N9K_C9336C_FX2_V001, ViewLayer | Updating Mesh | Copying Mesh to device
Fra:1 Mem:201.19M (Peak 201.19M) | Time:00:00.49 | Mem:72.10M, Peak:72.10M | CISCO_N9K_C9336C_FX2_V001, ViewLayer | Updating Objects Flags
Fra:1 Mem:201.19M (Peak 201.19M) | Time:00:00.49 | Mem:72.11M, Peak:72.11M | CISCO_N9K_C9336C_FX2_V001, ViewLayer | Updating Primitive Offsets
Fra:1 Mem:201.19M (Peak 201.19M) | Time:00:00.49 | Mem:72.11M, Peak:72.11M | CISCO_N9K_C9336C_FX2_V001, ViewLayer | Updating Images
Fra:1 Mem:201.19M (Peak 201.19M) | Time:00:00.49 | Mem:72.11M, Peak:72.11M | CISCO_N9K_C9336C_FX2_V001, ViewLayer | Updating Camera Volume
Fra:1 Mem:201.19M (Peak 201.19M) | Time:00:00.49 | Mem:72.11M, Peak:72.11M | CISCO_N9K_C9336C_FX2_V001, ViewLayer | Updating Lookup Tables
Fra:1 Mem:201.19M (Peak 201.19M) | Time:00:00.49 | Mem:72.19M, Peak:72.19M | CISCO_N9K_C9336C_FX2_V001, ViewLayer | Updating Lights
Fra:1 Mem:201.19M (Peak 201.19M) | Time:00:00.49 | Mem:72.19M, Peak:72.19M | CISCO_N9K_C9336C_FX2_V001, ViewLayer | Updating Lights | Computing distribution
Fra:1 Mem:201.19M (Peak 201.19M) | Time:00:00.49 | Mem:72.19M, Peak:72.19M | CISCO_N9K_C9336C_FX2_V001, ViewLayer | Updating Lights | Computing tree
Fra:1 Mem:201.20M (Peak 201.20M) | Time:00:00.49 | Mem:72.20M, Peak:72.20M | CISCO_N9K_C9336C_FX2_V001, ViewLayer | Updating Integrator
Fra:1 Mem:202.20M (Peak 202.20M) | Time:00:00.50 | Mem:73.20M, Peak:73.20M | CISCO_N9K_C9336C_FX2_V001, ViewLayer | Updating Film
Fra:1 Mem:202.20M (Peak 202.20M) | Time:00:00.50 | Mem:73.12M, Peak:73.20M | CISCO_N9K_C9336C_FX2_V001, ViewLayer | Updating Lookup Tables
Fra:1 Mem:202.20M (Peak 202.20M) | Time:00:00.50 | Mem:73.20M, Peak:73.20M | CISCO_N9K_C9336C_FX2_V001, ViewLayer | Updating Baking
Fra:1 Mem:202.20M (Peak 202.20M) | Time:00:00.50 | Mem:73.20M, Peak:73.20M | CISCO_N9K_C9336C_FX2_V001, ViewLayer | Updating Device | Writing constant memory
Fra:1 Mem:202.22M (Peak 202.22M) | Time:00:00.50 | Mem:73.20M, Peak:73.20M | CISCO_N9K_C9336C_FX2_V001, ViewLayer | Sample 0/128
Fra:1 Mem:383.83M (Peak 383.83M) | Time:00:03.78 | Remaining:06:57.45 | Mem:254.80M, Peak:254.80M | CISCO_N9K_C9336C_FX2_V001, ViewLayer | Sample 1/128
Fra:1 Mem:383.83M (Peak 383.83M) | Time:00:25.11 | Remaining:05:25.47 | Mem:254.80M, Peak:254.80M | CISCO_N9K_C9336C_FX2_V001, ViewLayer | Sample 9/128
Fra:1 Mem:383.83M (Peak 383.83M) | Time:00:46.10 | Remaining:04:57.76 | Mem:254.80M, Peak:254.80M | CISCO_N9K_C9336C_FX2_V001, ViewLayer | Sample 17/128
Fra:1 Mem:383.83M (Peak 383.83M) | Time:01:07.84 | Remaining:04:37.44 | Mem:254.80M, Peak:254.80M | CISCO_N9K_C9336C_FX2_V001, ViewLayer | Sample 25/128
Fra:1 Mem:383.83M (Peak 383.83M) | Time:01:29.53 | Remaining:04:16.32 | Mem:254.80M, Peak:254.80M | CISCO_N9K_C9336C_FX2_V001, ViewLayer | Sample 33/128
Fra:1 Mem:383.83M (Peak 383.83M) | Time:01:49.56 | Remaining:03:51.41 | Mem:254.80M, Peak:254.80M | CISCO_N9K_C9336C_FX2_V001, ViewLayer | Sample 41/128
Fra:1 Mem:383.83M (Peak 383.83M) | Time:02:09.59 | Remaining:03:28.12 | Mem:254.80M, Peak:254.80M | CISCO_N9K_C9336C_FX2_V001, ViewLayer | Sample 49/128
Fra:1 Mem:383.83M (Peak 383.83M) | Time:02:29.43 | Remaining:03:05.51 | Mem:254.80M, Peak:254.80M | CISCO_N9K_C9336C_FX2_V001, ViewLayer | Sample 57/128
Fra:1 Mem:383.83M (Peak 383.83M) | Time:02:42.46 | Remaining:02:41.96 | Mem:254.80M, Peak:254.80M | CISCO_N9K_C9336C_FX2_V001, ViewLayer | Sample 64/128
Fra:1 Mem:383.83M (Peak 383.83M) | Time:02:47.97 | Remaining:02:10.25 | Mem:254.80M, Peak:254.80M | CISCO_N9K_C9336C_FX2_V001, ViewLayer | Sample 72/128
Fra:1 Mem:383.83M (Peak 383.83M) | Time:02:53.30 | Remaining:01:43.68 | Mem:254.80M, Peak:254.80M | CISCO_N9K_C9336C_FX2_V001, ViewLayer | Sample 80/128
Fra:1 Mem:383.83M (Peak 383.83M) | Time:03:00.48 | Remaining:00:59.99 | Mem:254.80M, Peak:254.80M | CISCO_N9K_C9336C_FX2_V001, ViewLayer | Sample 96/128
Fra:1 Mem:383.83M (Peak 383.83M) | Time:03:05.54 | Remaining:00:26.43 | Mem:254.80M, Peak:254.80M | CISCO_N9K_C9336C_FX2_V001, ViewLayer | Sample 112/128
Fra:1 Mem:426.55M (Peak 512.00M) | Time:03:09.71 | Mem:254.80M, Peak:254.80M | CISCO_N9K_C9336C_FX2_V001, ViewLayer | Sample 128/128
Fra:1 Mem:426.55M (Peak 512.00M) | Time:03:09.71 | Mem:254.80M, Peak:254.80M | CISCO_N9K_C9336C_FX2_V001, ViewLayer | Finished
Fra:1 Mem:147.57M (Peak 512.00M) | Time:03:09.75 | Compositing
Fra:1 Mem:147.57M (Peak 512.00M) | Time:03:09.75 | Compositing | Determining resolution
Fra:1 Mem:147.57M (Peak 512.00M) | Time:03:09.75 | Compositing | Initializing execution
Fra:1 Mem:190.36M (Peak 512.00M) | Time:03:09.75 | Compositing | Tile 1-48
Fra:1 Mem:190.36M (Peak 512.00M) | Time:03:09.75 | Compositing | Tile 2-48
Fra:1 Mem:190.36M (Peak 512.00M) | Time:03:09.75 | Compositing | Tile 5-48
Fra:1 Mem:190.36M (Peak 512.00M) | Time:03:09.75 | Compositing | Tile 4-48
Fra:1 Mem:190.36M (Peak 512.00M) | Time:03:09.75 | Compositing | Tile 7-48
Fra:1 Mem:190.36M (Peak 512.00M) | Time:03:09.75 | Compositing | Tile 3-48
Fra:1 Mem:190.36M (Peak 512.00M) | Time:03:09.75 | Compositing | Tile 6-48
Fra:1 Mem:190.36M (Peak 512.00M) | Time:03:09.75 | Compositing | Tile 8-48
Fra:1 Mem:190.36M (Peak 512.00M) | Time:03:09.75 | Compositing | Tile 9-48
Fra:1 Mem:190.36M (Peak 512.00M) | Time:03:09.75 | Compositing | Tile 10-48
Fra:1 Mem:190.36M (Peak 512.00M) | Time:03:09.75 | Compositing | Tile 11-48
Fra:1 Mem:190.36M (Peak 512.00M) | Time:03:09.75 | Compositing | Tile 12-48
Fra:1 Mem:190.36M (Peak 512.00M) | Time:03:09.75 | Compositing | Tile 14-48
Fra:1 Mem:190.36M (Peak 512.00M) | Time:03:09.75 | Compositing | Tile 13-48
Fra:1 Mem:190.36M (Peak 512.00M) | Time:03:09.75 | Compositing | Tile 15-48
Fra:1 Mem:190.36M (Peak 512.00M) | Time:03:09.76 | Compositing | Tile 16-48
Fra:1 Mem:190.36M (Peak 512.00M) | Time:03:09.76 | Compositing | Tile 17-48
Fra:1 Mem:190.36M (Peak 512.00M) | Time:03:09.76 | Compositing | Tile 18-48
Fra:1 Mem:190.36M (Peak 512.00M) | Time:03:09.76 | Compositing | Tile 19-48
Fra:1 Mem:190.36M (Peak 512.00M) | Time:03:09.76 | Compositing | Tile 20-48
Fra:1 Mem:190.36M (Peak 512.00M) | Time:03:09.76 | Compositing | Tile 21-48
Fra:1 Mem:190.36M (Peak 512.00M) | Time:03:09.76 | Compositing | Tile 22-48
Fra:1 Mem:190.36M (Peak 512.00M) | Time:03:09.76 | Compositing | Tile 23-48
Fra:1 Mem:190.36M (Peak 512.00M) | Time:03:09.76 | Compositing | Tile 24-48
Fra:1 Mem:190.36M (Peak 512.00M) | Time:03:09.76 | Compositing | Tile 25-48
Fra:1 Mem:190.36M (Peak 512.00M) | Time:03:09.76 | Compositing | Tile 26-48
Fra:1 Mem:190.36M (Peak 512.00M) | Time:03:09.76 | Compositing | Tile 27-48
Fra:1 Mem:190.36M (Peak 512.00M) | Time:03:09.76 | Compositing | Tile 28-48
Fra:1 Mem:190.36M (Peak 512.00M) | Time:03:09.76 | Compositing | Tile 29-48
Fra:1 Mem:190.36M (Peak 512.00M) | Time:03:09.76 | Compositing | Tile 30-48
Fra:1 Mem:190.36M (Peak 512.00M) | Time:03:09.76 | Compositing | Tile 31-48
Fra:1 Mem:190.36M (Peak 512.00M) | Time:03:09.76 | Compositing | Tile 32-48
Fra:1 Mem:190.36M (Peak 512.00M) | Time:03:09.76 | Compositing | Tile 33-48
Fra:1 Mem:190.36M (Peak 512.00M) | Time:03:09.76 | Compositing | Tile 34-48
Fra:1 Mem:190.36M (Peak 512.00M) | Time:03:09.76 | Compositing | Tile 35-48
Fra:1 Mem:190.36M (Peak 512.00M) | Time:03:09.76 | Compositing | Tile 36-48
Fra:1 Mem:190.36M (Peak 512.00M) | Time:03:09.76 | Compositing | Tile 37-48
Fra:1 Mem:190.36M (Peak 512.00M) | Time:03:09.76 | Compositing | Tile 38-48
Fra:1 Mem:190.36M (Peak 512.00M) | Time:03:09.76 | Compositing | Tile 39-48
Fra:1 Mem:190.36M (Peak 512.00M) | Time:03:09.76 | Compositing | Tile 40-48
Fra:1 Mem:190.36M (Peak 512.00M) | Time:03:09.76 | Compositing | Tile 41-48
Fra:1 Mem:190.36M (Peak 512.00M) | Time:03:09.76 | Compositing | Tile 42-48
Fra:1 Mem:190.36M (Peak 512.00M) | Time:03:09.76 | Compositing | Tile 43-48
Fra:1 Mem:190.36M (Peak 512.00M) | Time:03:09.76 | Compositing | Tile 44-48
Fra:1 Mem:190.36M (Peak 512.00M) | Time:03:09.76 | Compositing | Tile 45-48
Fra:1 Mem:190.36M (Peak 512.00M) | Time:03:09.77 | Compositing | Tile 46-48
Fra:1 Mem:190.36M (Peak 512.00M) | Time:03:09.77 | Compositing | Tile 47-48
Fra:1 Mem:190.36M (Peak 512.00M) | Time:03:09.77 | Compositing | Tile 48-48
Fra:1 Mem:190.30M (Peak 512.00M) | Time:03:09.77 | Compositing | De-initializing execution
Saved: '/root/Project/rack-device-3d/Cisco-N9KC9336C-FX2/v001/previews/rear-left.png'
Time: 03:10.20 (Saving: 00:00.43)

VIEW_COMPLETE rear-left
Fra:1 Mem:129.74M (Peak 129.74M) | Time:00:00.07 | Mem:0.00M, Peak:0.00M | CISCO_N9K_C9336C_FX2_V001, ViewLayer | Synchronizing object | LEFT_sidewall_with_mounting_provisions
Fra:1 Mem:129.74M (Peak 129.74M) | Time:00:00.07 | Mem:0.00M, Peak:0.00M | CISCO_N9K_C9336C_FX2_V001, ViewLayer | Synchronizing object | Lid_staggered_punched_vent_2028_through_holes
Fra:1 Mem:129.98M (Peak 129.98M) | Time:00:00.07 | Mem:0.00M, Peak:0.00M | CISCO_N9K_C9336C_FX2_V001, ViewLayer | Synchronizing object | Lid_vent_side_border_-1
Fra:1 Mem:134.97M (Peak 134.97M) | Time:00:00.07 | Mem:0.00M, Peak:0.00M | CISCO_N9K_C9336C_FX2_V001, ViewLayer | Synchronizing object | Lid_vent_side_border_1
Fra:1 Mem:134.97M (Peak 134.97M) | Time:00:00.07 | Mem:0.00M, Peak:0.00M | CISCO_N9K_C9336C_FX2_V001, ViewLayer | Synchronizing object | Interior_under_port_vent_baffle
Fra:1 Mem:134.98M (Peak 134.98M) | Time:00:00.07 | Mem:0.00M, Peak:0.00M | CISCO_N9K_C9336C_FX2_V001, ViewLayer | Synchronizing object | Rear_horizontal_rim_1.25
Fra:1 Mem:134.98M (Peak 134.98M) | Time:00:00.07 | Mem:0.00M, Peak:0.00M | CISCO_N9K_C9336C_FX2_V001, ViewLayer | Synchronizing object | Rear_horizontal_rim_42.438
Fra:1 Mem:134.98M (Peak 134.98M) | Time:00:00.07 | Mem:0.00M, Peak:0.00M | CISCO_N9K_C9336C_FX2_V001, ViewLayer | Synchronizing object | Rear_side_rim_-218.46
Fra:1 Mem:134.98M (Peak 134.98M) | Time:00:00.07 | Mem:0.00M, Peak:0.00M | CISCO_N9K_C9336C_FX2_V001, ViewLayer | Synchronizing object | Rear_side_rim_218.46
Fra:1 Mem:134.98M (Peak 134.98M) | Time:00:00.07 | Mem:0.00M, Peak:0.00M | CISCO_N9K_C9336C_FX2_V001, ViewLayer | Synchronizing object | Rear_module_divider_160
Fra:1 Mem:136.43M (Peak 136.43M) | Time:00:00.07 | Mem:0.00M, Peak:0.00M | CISCO_N9K_C9336C_FX2_V001, ViewLayer | Synchronizing object | Rear_module_divider_70
Fra:1 Mem:136.46M (Peak 136.46M) | Time:00:00.07 | Mem:0.00M, Peak:0.00M | CISCO_N9K_C9336C_FX2_V001, ViewLayer | Synchronizing object | Rear_module_divider_-20
Fra:1 Mem:136.46M (Peak 136.46M) | Time:00:00.07 | Mem:0.00M, Peak:0.00M | CISCO_N9K_C9336C_FX2_V001, ViewLayer | Synchronizing object | Rear_module_divider_-110
Fra:1 Mem:136.49M (Peak 136.49M) | Time:00:00.07 | Mem:0.00M, Peak:0.00M | CISCO_N9K_C9336C_FX2_V001, ViewLayer | Synchronizing object | Rear_module_divider_-160
Fra:1 Mem:136.50M (Peak 136.50M) | Time:00:00.07 | Mem:0.00M, Peak:0.00M | CISCO_N9K_C9336C_FX2_V001, ViewLayer | Synchronizing object | Lid_flush_Phillips_00
Fra:1 Mem:136.52M (Peak 136.52M) | Time:00:00.07 | Mem:0.00M, Peak:0.00M | CISCO_N9K_C9336C_FX2_V001, ViewLayer | Synchronizing object | Port_face_solid_punched_panel
Fra:1 Mem:138.25M (Peak 138.25M) | Time:00:00.07 | Mem:0.00M, Peak:0.00M | CISCO_N9K_C9336C_FX2_V001, ViewLayer | Synchronizing object | LEFT_EAR_bent_opaque_solid_with_true_bores
Fra:1 Mem:141.46M (Peak 141.46M) | Time:00:00.07 | Mem:0.00M, Peak:0.00M | CISCO_N9K_C9336C_FX2_V001, ViewLayer | Synchronizing object | LEFT_ear_M4_-284_10.8
Fra:1 Mem:141.54M (Peak 141.54M) | Time:00:00.07 | Mem:0.00M, Peak:0.00M | CISCO_N9K_C9336C_FX2_V001, ViewLayer | Synchronizing object | LEFT_ear_M4_-284_32.8
Fra:1 Mem:141.48M (Peak 141.54M) | Time:00:00.07 | Mem:0.00M, Peak:0.00M | CISCO_N9K_C9336C_FX2_V001, ViewLayer | Synchronizing object | LEFT_ear_M4_-256_10.8
Fra:1 Mem:141.52M (Peak 141.54M) | Time:00:00.07 | Mem:0.00M, Peak:0.00M | CISCO_N9K_C9336C_FX2_V001, ViewLayer | Synchronizing object | LEFT_ear_M4_-256_32.8
Fra:1 Mem:141.52M (Peak 141.54M) | Time:00:00.07 | Mem:0.00M, Peak:0.00M | CISCO_N9K_C9336C_FX2_V001, ViewLayer | Synchronizing object | RIGHT_EAR_bent_opaque_solid_with_true_bores
Fra:1 Mem:141.66M (Peak 141.66M) | Time:00:00.07 | Mem:0.00M, Peak:0.00M | CISCO_N9K_C9336C_FX2_V001, ViewLayer | Synchronizing object | RIGHT_ear_M4_-284_10.8
Fra:1 Mem:141.90M (Peak 141.90M) | Time:00:00.07 | Mem:0.00M, Peak:0.00M | CISCO_N9K_C9336C_FX2_V001, ViewLayer | Synchronizing object | RIGHT_ear_M4_-284_32.8
Fra:1 Mem:141.91M (Peak 141.91M) | Time:00:00.07 | Mem:0.00M, Peak:0.00M | CISCO_N9K_C9336C_FX2_V001, ViewLayer | Synchronizing object | RIGHT_ear_M4_-256_10.8
Fra:1 Mem:143.92M (Peak 143.92M) | Time:00:00.07 | Mem:0.00M, Peak:0.00M | CISCO_N9K_C9336C_FX2_V001, ViewLayer | Synchronizing object | RIGHT_ear_M4_-256_32.8
Fra:1 Mem:143.93M (Peak 143.93M) | Time:00:00.07 | Mem:0.00M, Peak:0.00M | CISCO_N9K_C9336C_FX2_V001, ViewLayer | Synchronizing object | Pair01_stainless_shell_29mm_deep
Fra:1 Mem:143.96M (Peak 143.96M) | Time:00:00.07 | Mem:0.00M, Peak:0.00M | CISCO_N9K_C9336C_FX2_V001, ViewLayer | Synchronizing object | Pair01_front_separator_true_perforations
Fra:1 Mem:144.03M (Peak 144.03M) | Time:00:00.07 | Mem:0.00M, Peak:0.00M | CISCO_N9K_C9336C_FX2_V001, ViewLayer | Synchronizing object | Pair01_internal_cooling_shelf
Fra:1 Mem:144.05M (Peak 144.05M) | Time:00:00.07 | Mem:0.00M, Peak:0.00M | CISCO_N9K_C9336C_FX2_V001, ViewLayer | Synchronizing object | Port01_recessed_connector_stop
Fra:1 Mem:144.11M (Peak 144.11M) | Time:00:00.07 | Mem:0.00M, Peak:0.00M | CISCO_N9K_C9336C_FX2_V001, ViewLayer | Synchronizing object | Port01_connector_contact_surround
Fra:1 Mem:144.22M (Peak 144.22M) | Time:00:00.07 | Mem:0.00M, Peak:0.00M | CISCO_N9K_C9336C_FX2_V001, ViewLayer | Synchronizing object | Port01_guide_-1_-4.25
Fra:1 Mem:144.26M (Peak 144.26M) | Time:00:00.07 | Mem:0.00M, Peak:0.00M | CISCO_N9K_C9336C_FX2_V001, ViewLayer | Synchronizing object | Port01_guide_-1_4.25
Fra:1 Mem:144.28M (Peak 144.28M) | Time:00:00.07 | Mem:0.00M, Peak:0.00M | CISCO_N9K_C9336C_FX2_V001, ViewLayer | Synchronizing object | Port01_spring_-1_-2.8
Fra:1 Mem:144.30M (Peak 144.30M) | Time:00:00.07 | Mem:0.00M, Peak:0.00M | CISCO_N9K_C9336C_FX2_V001, ViewLayer | Synchronizing object | Port01_spring_-1_0
Fra:1 Mem:144.31M (Peak 144.31M) | Time:00:00.07 | Mem:0.00M, Peak:0.00M | CISCO_N9K_C9336C_FX2_V001, ViewLayer | Synchronizing object | Port01_spring_-1_2.8
Fra:1 Mem:144.33M (Peak 144.33M) | Time:00:00.07 | Mem:0.00M, Peak:0.00M | CISCO_N9K_C9336C_FX2_V001, ViewLayer | Synchronizing object | Port01_guide_1_-4.25
Fra:1 Mem:144.34M (Peak 144.34M) | Time:00:00.07 | Mem:0.00M, Peak:0.00M | CISCO_N9K_C9336C_FX2_V001, ViewLayer | Synchronizing object | Port01_guide_1_4.25
Fra:1 Mem:144.36M (Peak 144.36M) | Time:00:00.07 | Mem:0.00M, Peak:0.00M | CISCO_N9K_C9336C_FX2_V001, ViewLayer | Synchronizing object | Port01_spring_1_-2.8
Fra:1 Mem:144.37M (Peak 144.37M) | Time:00:00.07 | Mem:0.00M, Peak:0.00M | CISCO_N9K_C9336C_FX2_V001, ViewLayer | Synchronizing object | Port01_spring_1_0
Fra:1 Mem:144.39M (Peak 144.39M) | Time:00:00.07 | Mem:0.00M, Peak:0.00M | CISCO_N9K_C9336C_FX2_V001, ViewLayer | Synchronizing object | Port01_spring_1_2.8
Fra:1 Mem:144.41M (Peak 144.41M) | Time:00:00.07 | Mem:0.00M, Peak:0.00M | CISCO_N9K_C9336C_FX2_V001, ViewLayer | Synchronizing object | Port01_subtle_recessed_contact_row
Fra:1 Mem:144.42M (Peak 144.42M) | Time:00:00.07 | Mem:0.00M, Peak:0.00M | CISCO_N9K_C9336C_FX2_V001, ViewLayer | Synchronizing object | Port02_recessed_connector_stop
Fra:1 Mem:144.42M (Peak 144.42M) | Time:00:00.07 | Mem:0.00M, Peak:0.00M | CISCO_N9K_C9336C_FX2_V001, ViewLayer | Synchronizing object | Port02_connector_contact_surround
Fra:1 Mem:144.43M (Peak 144.43M) | Time:00:00.07 | Mem:0.00M, Peak:0.00M | CISCO_N9K_C9336C_FX2_V001, ViewLayer | Synchronizing object | Port02_guide_-1_-4.25
Fra:1 Mem:144.44M (Peak 144.44M) | Time:00:00.07 | Mem:0.00M, Peak:0.00M | CISCO_N9K_C9336C_FX2_V001, ViewLayer | Synchronizing object | Port02_guide_-1_4.25
Fra:1 Mem:144.46M (Peak 144.46M) | Time:00:00.07 | Mem:0.00M, Peak:0.00M | CISCO_N9K_C9336C_FX2_V001, ViewLayer | Synchronizing object | Port02_spring_-1_-2.8
Fra:1 Mem:144.47M (Peak 144.47M) | Time:00:00.07 | Mem:0.00M, Peak:0.00M | CISCO_N9K_C9336C_FX2_V001, ViewLayer | Synchronizing object | Port02_spring_-1_0
Fra:1 Mem:149.06M (Peak 149.06M) | Time:00:00.07 | Mem:0.00M, Peak:0.00M | CISCO_N9K_C9336C_FX2_V001, ViewLayer | Synchronizing object | Port02_spring_-1_2.8
Fra:1 Mem:149.02M (Peak 149.06M) | Time:00:00.07 | Mem:0.00M, Peak:0.00M | CISCO_N9K_C9336C_FX2_V001, ViewLayer | Synchronizing object | Port02_guide_1_-4.25
Fra:1 Mem:149.04M (Peak 149.06M) | Time:00:00.07 | Mem:0.00M, Peak:0.00M | CISCO_N9K_C9336C_FX2_V001, ViewLayer | Synchronizing object | Port02_guide_1_4.25
Fra:1 Mem:152.38M (Peak 152.38M) | Time:00:00.07 | Mem:0.00M, Peak:0.00M | CISCO_N9K_C9336C_FX2_V001, ViewLayer | Synchronizing object | Port02_spring_1_-2.8
Fra:1 Mem:152.39M (Peak 152.39M) | Time:00:00.07 | Mem:0.00M, Peak:0.00M | CISCO_N9K_C9336C_FX2_V001, ViewLayer | Synchronizing object | Port02_spring_1_0
Fra:1 Mem:152.41M (Peak 152.41M) | Time:00:00.07 | Mem:0.00M, Peak:0.00M | CISCO_N9K_C9336C_FX2_V001, ViewLayer | Synchronizing object | Port02_spring_1_2.8
Fra:1 Mem:152.41M (Peak 152.41M) | Time:00:00.07 | Mem:0.00M, Peak:0.00M | CISCO_N9K_C9336C_FX2_V001, ViewLayer | Synchronizing object | Port02_subtle_recessed_contact_row
Fra:1 Mem:152.44M (Peak 152.44M) | Time:00:00.07 | Mem:0.00M, Peak:0.00M | CISCO_N9K_C9336C_FX2_V001, ViewLayer | Synchronizing object | Fan1_rotor_housing_-1
Fra:1 Mem:152.44M (Peak 152.44M) | Time:00:00.07 | Mem:0.00M, Peak:0.00M | CISCO_N9K_C9336C_FX2_V001, ViewLayer | Synchronizing object | Fan1_hub_-1
Fra:1 Mem:152.45M (Peak 152.45M) | Time:00:00.07 | Mem:0.00M, Peak:0.00M | CISCO_N9K_C9336C_FX2_V001, ViewLayer | Synchronizing object | Fan1_blade_-1_0
Fra:1 Mem:152.45M (Peak 152.45M) | Time:00:00.07 | Mem:0.00M, Peak:0.00M | CISCO_N9K_C9336C_FX2_V001, ViewLayer | Synchronizing object | Fan1_blade_-1_1
Fra:1 Mem:152.45M (Peak 152.45M) | Time:00:00.07 | Mem:0.00M, Peak:0.00M | CISCO_N9K_C9336C_FX2_V001, ViewLayer | Synchronizing object | Fan1_blade_-1_2
Fra:1 Mem:152.45M (Peak 152.45M) | Time:00:00.07 | Mem:0.00M, Peak:0.00M | CISCO_N9K_C9336C_FX2_V001, ViewLayer | Synchronizing object | Fan1_blade_-1_3
Fra:1 Mem:152.45M (Peak 152.45M) | Time:00:00.07 | Mem:0.00M, Peak:0.00M | CISCO_N9K_C9336C_FX2_V001, ViewLayer | Synchronizing object | Fan1_blade_-1_4
Fra:1 Mem:152.45M (Peak 152.45M) | Time:00:00.07 | Mem:0.00M, Peak:0.00M | CISCO_N9K_C9336C_FX2_V001, ViewLayer | Synchronizing object | Fan1_blade_-1_5
Fra:1 Mem:152.45M (Peak 152.45M) | Time:00:00.07 | Mem:0.00M, Peak:0.00M | CISCO_N9K_C9336C_FX2_V001, ViewLayer | Synchronizing object | Fan1_blade_-1_6
Fra:1 Mem:152.45M (Peak 152.45M) | Time:00:00.07 | Mem:0.00M, Peak:0.00M | CISCO_N9K_C9336C_FX2_V001, ViewLayer | Synchronizing object | Fan1_top_retention_rail_-1
Fra:1 Mem:152.46M (Peak 152.46M) | Time:00:00.07 | Mem:0.00M, Peak:0.00M | CISCO_N9K_C9336C_FX2_V001, ViewLayer | Synchronizing object | Fan1_rear_power_contact_block_-1
Fra:1 Mem:152.47M (Peak 152.47M) | Time:00:00.07 | Mem:0.00M, Peak:0.00M | CISCO_N9K_C9336C_FX2_V001, ViewLayer | Synchronizing object | Fan1_rotor_housing_1
Fra:1 Mem:152.48M (Peak 152.48M) | Time:00:00.07 | Mem:0.00M, Peak:0.00M | CISCO_N9K_C9336C_FX2_V001, ViewLayer | Synchronizing object | Fan1_hub_1
Fra:1 Mem:152.48M (Peak 152.48M) | Time:00:00.07 | Mem:0.00M, Peak:0.00M | CISCO_N9K_C9336C_FX2_V001, ViewLayer | Synchronizing object | Fan1_blade_1_0
Fra:1 Mem:152.48M (Peak 152.48M) | Time:00:00.07 | Mem:0.00M, Peak:0.00M | CISCO_N9K_C9336C_FX2_V001, ViewLayer | Synchronizing object | Fan1_blade_1_1
Fra:1 Mem:152.48M (Peak 152.48M) | Time:00:00.07 | Mem:0.00M, Peak:0.00M | CISCO_N9K_C9336C_FX2_V001, ViewLayer | Synchronizing object | Fan1_blade_1_2
Fra:1 Mem:152.49M (Peak 152.49M) | Time:00:00.07 | Mem:0.00M, Peak:0.00M | CISCO_N9K_C9336C_FX2_V001, ViewLayer | Synchronizing object | Fan1_blade_1_3
Fra:1 Mem:152.49M (Peak 152.49M) | Time:00:00.07 | Mem:0.00M, Peak:0.00M | CISCO_N9K_C9336C_FX2_V001, ViewLayer | Synchronizing object | Fan1_blade_1_4
Fra:1 Mem:152.49M (Peak 152.49M) | Time:00:00.07 | Mem:0.00M, Peak:0.00M | CISCO_N9K_C9336C_FX2_V001, ViewLayer | Synchronizing object | Fan1_blade_1_5
Fra:1 Mem:152.49M (Peak 152.49M) | Time:00:00.07 | Mem:0.00M, Peak:0.00M | CISCO_N9K_C9336C_FX2_V001, ViewLayer | Synchronizing object | Fan1_blade_1_6
Fra:1 Mem:152.49M (Peak 152.49M) | Time:00:00.07 | Mem:0.00M, Peak:0.00M | CISCO_N9K_C9336C_FX2_V001, ViewLayer | Synchronizing object | Fan1_top_retention_rail_1
Fra:1 Mem:152.49M (Peak 152.49M) | Time:00:00.07 | Mem:0.00M, Peak:0.00M | CISCO_N9K_C9336C_FX2_V001, ViewLayer | Synchronizing object | Fan1_rear_power_contact_block_1
Fra:1 Mem:152.51M (Peak 152.51M) | Time:00:00.07 | Mem:0.00M, Peak:0.00M | CISCO_N9K_C9336C_FX2_V001, ViewLayer | Synchronizing object | Fan1_front_frame
Fra:1 Mem:152.51M (Peak 152.51M) | Time:00:00.07 | Mem:0.00M, Peak:0.00M | CISCO_N9K_C9336C_FX2_V001, ViewLayer | Synchronizing object | Fan1_true_honeycomb_front_grille
Fra:1 Mem:152.92M (Peak 152.92M) | Time:00:00.07 | Mem:0.00M, Peak:0.00M | CISCO_N9K_C9336C_FX2_V001, ViewLayer | Synchronizing object | Fan1_molded_trapezoid_pull_handle
Fra:1 Mem:152.95M (Peak 152.95M) | Time:00:00.07 | Mem:0.00M, Peak:0.00M | CISCO_N9K_C9336C_FX2_V001, ViewLayer | Synchronizing object | Fan1_BLUE_release_latch_-1
Fra:1 Mem:153.05M (Peak 153.05M) | Time:00:00.07 | Mem:0.00M, Peak:0.00M | CISCO_N9K_C9336C_FX2_V001, ViewLayer | Synchronizing object | Fan1_latch_thumb_flare_-1
Fra:1 Mem:153.05M (Peak 153.05M) | Time:00:00.07 | Mem:0.00M, Peak:0.00M | CISCO_N9K_C9336C_FX2_V001, ViewLayer | Synchronizing object | Fan1_BLUE_release_latch_1
Fra:1 Mem:153.06M (Peak 153.06M) | Time:00:00.07 | Mem:0.00M, Peak:0.00M | CISCO_N9K_C9336C_FX2_V001, ViewLayer | Synchronizing object | Fan1_latch_thumb_flare_1
Fra:1 Mem:153.37M (Peak 153.37M) | Time:00:00.07 | Mem:0.00M, Peak:0.00M | CISCO_N9K_C9336C_FX2_V001, ViewLayer | Synchronizing object | Fan1_PID_label_recess
Fra:1 Mem:153.37M (Peak 153.37M) | Time:00:00.07 | Mem:0.00M, Peak:0.00M | CISCO_N9K_C9336C_FX2_V001, ViewLayer | Synchronizing object | Fan1_known_PID
Fra:1 Mem:153.39M (Peak 153.39M) | Time:00:00.07 | Mem:0.00M, Peak:0.00M | CISCO_N9K_C9336C_FX2_V001, ViewLayer | Synchronizing object | Fan1_flush_lock_pin_-39
Fra:1 Mem:153.45M (Peak 153.45M) | Time:00:00.07 | Mem:0.00M, Peak:0.00M | CISCO_N9K_C9336C_FX2_V001, ViewLayer | Synchronizing object | Fan1_flush_lock_pin_39
Fra:1 Mem:154.27M (Peak 154.27M) | Time:00:00.07 | Mem:0.00M, Peak:0.00M | CISCO_N9K_C9336C_FX2_V001, ViewLayer | Synchronizing object | Fan2_rotor_housing_-1
Fra:1 Mem:154.28M (Peak 154.28M) | Time:00:00.07 | Mem:0.00M, Peak:0.00M | CISCO_N9K_C9336C_FX2_V001, ViewLayer | Synchronizing object | Fan2_hub_-1
Fra:1 Mem:154.10M (Peak 154.28M) | Time:00:00.07 | Mem:0.00M, Peak:0.00M | CISCO_N9K_C9336C_FX2_V001, ViewLayer | Synchronizing object | Fan2_blade_-1_0
Fra:1 Mem:154.03M (Peak 154.28M) | Time:00:00.07 | Mem:0.00M, Peak:0.00M | CISCO_N9K_C9336C_FX2_V001, ViewLayer | Synchronizing object | Fan2_blade_-1_2
Fra:1 Mem:154.19M (Peak 154.28M) | Time:00:00.07 | Mem:0.00M, Peak:0.00M | CISCO_N9K_C9336C_FX2_V001, ViewLayer | Synchronizing object | Fan2_blade_-1_3
Fra:1 Mem:154.19M (Peak 154.28M) | Time:00:00.07 | Mem:0.00M, Peak:0.00M | CISCO_N9K_C9336C_FX2_V001, ViewLayer | Synchronizing object | Fan2_blade_-1_4
Fra:1 Mem:154.19M (Peak 154.28M) | Time:00:00.07 | Mem:0.00M, Peak:0.00M | CISCO_N9K_C9336C_FX2_V001, ViewLayer | Synchronizing object | Fan2_blade_-1_5
Fra:1 Mem:154.19M (Peak 154.28M) | Time:00:00.07 | Mem:0.00M, Peak:0.00M | CISCO_N9K_C9336C_FX2_V001, ViewLayer | Synchronizing object | Fan2_blade_-1_6
Fra:1 Mem:154.19M (Peak 154.28M) | Time:00:00.07 | Mem:0.00M, Peak:0.00M | CISCO_N9K_C9336C_FX2_V001, ViewLayer | Synchronizing object | Fan2_top_retention_rail_-1
Fra:1 Mem:154.19M (Peak 154.28M) | Time:00:00.07 | Mem:0.00M, Peak:0.00M | CISCO_N9K_C9336C_FX2_V001, ViewLayer | Synchronizing object | Fan2_rear_power_contact_block_-1
Fra:1 Mem:154.21M (Peak 154.28M) | Time:00:00.07 | Mem:0.00M, Peak:0.00M | CISCO_N9K_C9336C_FX2_V001, ViewLayer | Synchronizing object | Fan2_rotor_housing_1
Fra:1 Mem:154.21M (Peak 154.28M) | Time:00:00.07 | Mem:0.00M, Peak:0.00M | CISCO_N9K_C9336C_FX2_V001, ViewLayer | Synchronizing object | Fan2_hub_1
Fra:1 Mem:154.22M (Peak 154.28M) | Time:00:00.07 | Mem:0.00M, Peak:0.00M | CISCO_N9K_C9336C_FX2_V001, ViewLayer | Synchronizing object | Fan2_blade_1_0
Fra:1 Mem:154.22M (Peak 154.28M) | Time:00:00.07 | Mem:0.00M, Peak:0.00M | CISCO_N9K_C9336C_FX2_V001, ViewLayer | Synchronizing object | Fan2_blade_1_1
Fra:1 Mem:154.22M (Peak 154.28M) | Time:00:00.07 | Mem:0.00M, Peak:0.00M | CISCO_N9K_C9336C_FX2_V001, ViewLayer | Synchronizing object | Fan2_blade_1_2
Fra:1 Mem:154.22M (Peak 154.28M) | Time:00:00.07 | Mem:0.00M, Peak:0.00M | CISCO_N9K_C9336C_FX2_V001, ViewLayer | Synchronizing object | Fan2_blade_1_3
Fra:1 Mem:154.22M (Peak 154.28M) | Time:00:00.07 | Mem:0.00M, Peak:0.00M | CISCO_N9K_C9336C_FX2_V001, ViewLayer | Synchronizing object | Fan2_blade_1_4
Fra:1 Mem:154.25M (Peak 154.28M) | Time:00:00.07 | Mem:0.00M, Peak:0.00M | CISCO_N9K_C9336C_FX2_V001, ViewLayer | Synchronizing object | Fan2_blade_1_5
Fra:1 Mem:154.25M (Peak 154.28M) | Time:00:00.07 | Mem:0.00M, Peak:0.00M | CISCO_N9K_C9336C_FX2_V001, ViewLayer | Synchronizing object | Fan2_blade_1_6
Fra:1 Mem:154.25M (Peak 154.28M) | Time:00:00.07 | Mem:0.00M, Peak:0.00M | CISCO_N9K_C9336C_FX2_V001, ViewLayer | Synchronizing object | Studio_shadow_floor
Fra:1 Mem:154.25M (Peak 154.28M) | Time:00:00.07 | Mem:0.00M, Peak:0.00M | CISCO_N9K_C9336C_FX2_V001, ViewLayer | Synchronizing object | Original_photo_top_chassis_label
Fra:1 Mem:154.25M (Peak 154.28M) | Time:00:00.07 | Mem:0.00M, Peak:0.00M | CISCO_N9K_C9336C_FX2_V001, ViewLayer | Synchronizing object | Port_pair_18_direction_1
Fra:1 Mem:154.25M (Peak 154.28M) | Time:00:00.07 | Mem:0.00M, Peak:0.00M | CISCO_N9K_C9336C_FX2_V001, ViewLayer | Synchronizing object | Port_pair_18_direction_-1
Fra:1 Mem:154.25M (Peak 154.28M) | Time:00:00.07 | Mem:0.00M, Peak:0.00M | CISCO_N9K_C9336C_FX2_V001, ViewLayer | Synchronizing object | PORT_NUMBER_36
Fra:1 Mem:154.26M (Peak 154.28M) | Time:00:00.07 | Mem:0.00M, Peak:0.00M | CISCO_N9K_C9336C_FX2_V001, ViewLayer | Synchronizing object | PORT_NUMBER_35
Fra:1 Mem:154.27M (Peak 154.28M) | Time:00:00.07 | Mem:0.00M, Peak:0.00M | CISCO_N9K_C9336C_FX2_V001, ViewLayer | Synchronizing object | Port_pair_17_direction_1
Fra:1 Mem:154.27M (Peak 154.28M) | Time:00:00.07 | Mem:0.00M, Peak:0.00M | CISCO_N9K_C9336C_FX2_V001, ViewLayer | Synchronizing object | Port_pair_17_direction_-1
Fra:1 Mem:154.27M (Peak 154.28M) | Time:00:00.07 | Mem:0.00M, Peak:0.00M | CISCO_N9K_C9336C_FX2_V001, ViewLayer | Synchronizing object | PORT_NUMBER_34
Fra:1 Mem:154.28M (Peak 154.28M) | Time:00:00.07 | Mem:0.00M, Peak:0.00M | CISCO_N9K_C9336C_FX2_V001, ViewLayer | Synchronizing object | PORT_NUMBER_33
Fra:1 Mem:155.12M (Peak 155.12M) | Time:00:00.07 | Mem:0.00M, Peak:0.00M | CISCO_N9K_C9336C_FX2_V001, ViewLayer | Synchronizing object | Port_pair_16_direction_1
Fra:1 Mem:155.12M (Peak 155.12M) | Time:00:00.07 | Mem:0.00M, Peak:0.00M | CISCO_N9K_C9336C_FX2_V001, ViewLayer | Synchronizing object | Port_pair_16_direction_-1
Fra:1 Mem:155.12M (Peak 155.12M) | Time:00:00.07 | Mem:0.00M, Peak:0.00M | CISCO_N9K_C9336C_FX2_V001, ViewLayer | Synchronizing object | PORT_NUMBER_32
Fra:1 Mem:155.13M (Peak 155.13M) | Time:00:00.07 | Mem:0.00M, Peak:0.00M | CISCO_N9K_C9336C_FX2_V001, ViewLayer | Synchronizing object | PORT_NUMBER_31
Fra:1 Mem:155.13M (Peak 155.13M) | Time:00:00.07 | Mem:0.00M, Peak:0.00M | CISCO_N9K_C9336C_FX2_V001, ViewLayer | Synchronizing object | Port_pair_15_direction_1
Fra:1 Mem:155.13M (Peak 155.13M) | Time:00:00.07 | Mem:0.00M, Peak:0.00M | CISCO_N9K_C9336C_FX2_V001, ViewLayer | Synchronizing object | Port_pair_15_direction_-1
Fra:1 Mem:155.13M (Peak 155.13M) | Time:00:00.07 | Mem:0.00M, Peak:0.00M | CISCO_N9K_C9336C_FX2_V001, ViewLayer | Synchronizing object | PORT_NUMBER_30
Fra:1 Mem:155.14M (Peak 155.14M) | Time:00:00.07 | Mem:0.00M, Peak:0.00M | CISCO_N9K_C9336C_FX2_V001, ViewLayer | Synchronizing object | PORT_NUMBER_29
Fra:1 Mem:155.15M (Peak 155.15M) | Time:00:00.07 | Mem:0.00M, Peak:0.00M | CISCO_N9K_C9336C_FX2_V001, ViewLayer | Synchronizing object | Port_pair_14_direction_1
Fra:1 Mem:155.15M (Peak 155.15M) | Time:00:00.07 | Mem:0.00M, Peak:0.00M | CISCO_N9K_C9336C_FX2_V001, ViewLayer | Synchronizing object | Port_pair_14_direction_-1
Fra:1 Mem:155.15M (Peak 155.15M) | Time:00:00.07 | Mem:0.00M, Peak:0.00M | CISCO_N9K_C9336C_FX2_V001, ViewLayer | Synchronizing object | PORT_NUMBER_28
Fra:1 Mem:155.16M (Peak 155.16M) | Time:00:00.07 | Mem:0.00M, Peak:0.00M | CISCO_N9K_C9336C_FX2_V001, ViewLayer | Synchronizing object | PORT_NUMBER_27
Fra:1 Mem:155.16M (Peak 155.16M) | Time:00:00.07 | Mem:0.00M, Peak:0.00M | CISCO_N9K_C9336C_FX2_V001, ViewLayer | Synchronizing object | Port_pair_13_direction_1
Fra:1 Mem:155.16M (Peak 155.16M) | Time:00:00.07 | Mem:0.00M, Peak:0.00M | CISCO_N9K_C9336C_FX2_V001, ViewLayer | Synchronizing object | Port_pair_13_direction_-1
Fra:1 Mem:155.17M (Peak 155.17M) | Time:00:00.07 | Mem:0.00M, Peak:0.00M | CISCO_N9K_C9336C_FX2_V001, ViewLayer | Synchronizing object | PORT_NUMBER_26
Fra:1 Mem:155.17M (Peak 155.17M) | Time:00:00.07 | Mem:0.00M, Peak:0.00M | CISCO_N9K_C9336C_FX2_V001, ViewLayer | Synchronizing object | PORT_NUMBER_25
Fra:1 Mem:155.18M (Peak 155.18M) | Time:00:00.07 | Mem:0.00M, Peak:0.00M | CISCO_N9K_C9336C_FX2_V001, ViewLayer | Synchronizing object | Port_pair_12_direction_1
Fra:1 Mem:155.18M (Peak 155.18M) | Time:00:00.07 | Mem:0.00M, Peak:0.00M | CISCO_N9K_C9336C_FX2_V001, ViewLayer | Synchronizing object | Port_pair_12_direction_-1
Fra:1 Mem:155.18M (Peak 155.18M) | Time:00:00.07 | Mem:0.00M, Peak:0.00M | CISCO_N9K_C9336C_FX2_V001, ViewLayer | Synchronizing object | PORT_NUMBER_24
Fra:1 Mem:155.19M (Peak 155.19M) | Time:00:00.07 | Mem:0.00M, Peak:0.00M | CISCO_N9K_C9336C_FX2_V001, ViewLayer | Synchronizing object | PORT_NUMBER_23
Fra:1 Mem:155.19M (Peak 155.19M) | Time:00:00.07 | Mem:0.00M, Peak:0.00M | CISCO_N9K_C9336C_FX2_V001, ViewLayer | Synchronizing object | Port_pair_11_direction_1
Fra:1 Mem:155.19M (Peak 155.19M) | Time:00:00.07 | Mem:0.00M, Peak:0.00M | CISCO_N9K_C9336C_FX2_V001, ViewLayer | Synchronizing object | Port_pair_11_direction_-1
Fra:1 Mem:155.19M (Peak 155.19M) | Time:00:00.07 | Mem:0.00M, Peak:0.00M | CISCO_N9K_C9336C_FX2_V001, ViewLayer | Synchronizing object | PORT_NUMBER_22
Fra:1 Mem:155.20M (Peak 155.20M) | Time:00:00.07 | Mem:0.00M, Peak:0.00M | CISCO_N9K_C9336C_FX2_V001, ViewLayer | Synchronizing object | Fan2_top_retention_rail_1
Fra:1 Mem:155.21M (Peak 155.21M) | Time:00:00.07 | Mem:0.00M, Peak:0.00M | CISCO_N9K_C9336C_FX2_V001, ViewLayer | Synchronizing object | PORT_NUMBER_21
Fra:1 Mem:155.22M (Peak 155.22M) | Time:00:00.07 | Mem:0.00M, Peak:0.00M | CISCO_N9K_C9336C_FX2_V001, ViewLayer | Synchronizing object | Port_pair_10_direction_1
Fra:1 Mem:155.22M (Peak 155.22M) | Time:00:00.07 | Mem:0.00M, Peak:0.00M | CISCO_N9K_C9336C_FX2_V001, ViewLayer | Synchronizing object | Port_pair_10_direction_-1
Fra:1 Mem:155.22M (Peak 155.22M) | Time:00:00.07 | Mem:0.00M, Peak:0.00M | CISCO_N9K_C9336C_FX2_V001, ViewLayer | Synchronizing object | PORT_NUMBER_20
Fra:1 Mem:155.23M (Peak 155.23M) | Time:00:00.07 | Mem:0.00M, Peak:0.00M | CISCO_N9K_C9336C_FX2_V001, ViewLayer | Synchronizing object | PORT_NUMBER_19
Fra:1 Mem:155.23M (Peak 155.23M) | Time:00:00.07 | Mem:0.00M, Peak:0.00M | CISCO_N9K_C9336C_FX2_V001, ViewLayer | Synchronizing object | Fan2_rear_power_contact_block_1
Fra:1 Mem:155.23M (Peak 155.23M) | Time:00:00.07 | Mem:0.00M, Peak:0.00M | CISCO_N9K_C9336C_FX2_V001, ViewLayer | Synchronizing object | Fan2_front_frame
Fra:1 Mem:155.24M (Peak 155.24M) | Time:00:00.07 | Mem:0.00M, Peak:0.00M | CISCO_N9K_C9336C_FX2_V001, ViewLayer | Synchronizing object | Fan2_true_honeycomb_front_grille
Fra:1 Mem:156.05M (Peak 156.05M) | Time:00:00.08 | Mem:0.00M, Peak:0.00M | CISCO_N9K_C9336C_FX2_V001, ViewLayer | Synchronizing object | Fan2_molded_trapezoid_pull_handle
Fra:1 Mem:156.65M (Peak 156.65M) | Time:00:00.08 | Mem:0.00M, Peak:0.00M | CISCO_N9K_C9336C_FX2_V001, ViewLayer | Synchronizing object | Fan2_BLUE_release_latch_-1
Fra:1 Mem:156.68M (Peak 156.68M) | Time:00:00.08 | Mem:0.00M, Peak:0.00M | CISCO_N9K_C9336C_FX2_V001, ViewLayer | Synchronizing object | Fan2_latch_thumb_flare_-1
Fra:1 Mem:156.69M (Peak 156.69M) | Time:00:00.08 | Mem:0.00M, Peak:0.00M | CISCO_N9K_C9336C_FX2_V001, ViewLayer | Synchronizing object | Fan2_BLUE_release_latch_1
Fra:1 Mem:156.69M (Peak 156.69M) | Time:00:00.08 | Mem:0.00M, Peak:0.00M | CISCO_N9K_C9336C_FX2_V001, ViewLayer | Synchronizing object | Fan2_latch_thumb_flare_1
Fra:1 Mem:156.69M (Peak 156.69M) | Time:00:00.08 | Mem:0.00M, Peak:0.00M | CISCO_N9K_C9336C_FX2_V001, ViewLayer | Synchronizing object | Fan2_PID_label_recess
Fra:1 Mem:156.85M (Peak 156.85M) | Time:00:00.08 | Mem:0.00M, Peak:0.00M | CISCO_N9K_C9336C_FX2_V001, ViewLayer | Synchronizing object | Fan2_known_PID
Fra:1 Mem:156.87M (Peak 156.87M) | Time:00:00.08 | Mem:0.00M, Peak:0.00M | CISCO_N9K_C9336C_FX2_V001, ViewLayer | Synchronizing object | Fan2_flush_lock_pin_-39
Fra:1 Mem:156.87M (Peak 156.87M) | Time:00:00.08 | Mem:0.00M, Peak:0.00M | CISCO_N9K_C9336C_FX2_V001, ViewLayer | Synchronizing object | Port_pair_9_direction_-1
Fra:1 Mem:156.87M (Peak 156.87M) | Time:00:00.08 | Mem:0.00M, Peak:0.00M | CISCO_N9K_C9336C_FX2_V001, ViewLayer | Synchronizing object | PORT_NUMBER_18
Fra:1 Mem:156.88M (Peak 156.88M) | Time:00:00.08 | Mem:0.00M, Peak:0.00M | CISCO_N9K_C9336C_FX2_V001, ViewLayer | Synchronizing object | PORT_NUMBER_17
Fra:1 Mem:156.88M (Peak 156.88M) | Time:00:00.08 | Mem:0.00M, Peak:0.00M | CISCO_N9K_C9336C_FX2_V001, ViewLayer | Synchronizing object | Port_pair_8_direction_1
Fra:1 Mem:156.88M (Peak 156.88M) | Time:00:00.08 | Mem:0.00M, Peak:0.00M | CISCO_N9K_C9336C_FX2_V001, ViewLayer | Synchronizing object | Port_pair_8_direction_-1
Fra:1 Mem:156.88M (Peak 156.88M) | Time:00:00.08 | Mem:0.00M, Peak:0.00M | CISCO_N9K_C9336C_FX2_V001, ViewLayer | Synchronizing object | PORT_NUMBER_16
Fra:1 Mem:156.88M (Peak 156.88M) | Time:00:00.08 | Mem:0.00M, Peak:0.00M | CISCO_N9K_C9336C_FX2_V001, ViewLayer | Synchronizing object | PORT_NUMBER_15
Fra:1 Mem:156.89M (Peak 156.89M) | Time:00:00.08 | Mem:0.00M, Peak:0.00M | CISCO_N9K_C9336C_FX2_V001, ViewLayer | Synchronizing object | Port_pair_7_direction_1
Fra:1 Mem:156.89M (Peak 156.89M) | Time:00:00.08 | Mem:0.00M, Peak:0.00M | CISCO_N9K_C9336C_FX2_V001, ViewLayer | Synchronizing object | Port_pair_7_direction_-1
Fra:1 Mem:156.89M (Peak 156.89M) | Time:00:00.08 | Mem:0.00M, Peak:0.00M | CISCO_N9K_C9336C_FX2_V001, ViewLayer | Synchronizing object | PORT_NUMBER_14
Fra:1 Mem:156.89M (Peak 156.89M) | Time:00:00.08 | Mem:0.00M, Peak:0.00M | CISCO_N9K_C9336C_FX2_V001, ViewLayer | Synchronizing object | PORT_NUMBER_13
Fra:1 Mem:156.90M (Peak 156.90M) | Time:00:00.08 | Mem:0.00M, Peak:0.00M | CISCO_N9K_C9336C_FX2_V001, ViewLayer | Synchronizing object | Port_pair_6_direction_1
Fra:1 Mem:156.90M (Peak 156.90M) | Time:00:00.08 | Mem:0.00M, Peak:0.00M | CISCO_N9K_C9336C_FX2_V001, ViewLayer | Synchronizing object | Port_pair_6_direction_-1
Fra:1 Mem:156.90M (Peak 156.90M) | Time:00:00.08 | Mem:0.00M, Peak:0.00M | CISCO_N9K_C9336C_FX2_V001, ViewLayer | Synchronizing object | PORT_NUMBER_12
Fra:1 Mem:156.90M (Peak 156.90M) | Time:00:00.08 | Mem:0.00M, Peak:0.00M | CISCO_N9K_C9336C_FX2_V001, ViewLayer | Synchronizing object | PORT_NUMBER_11
Fra:1 Mem:156.90M (Peak 156.90M) | Time:00:00.08 | Mem:0.00M, Peak:0.00M | CISCO_N9K_C9336C_FX2_V001, ViewLayer | Synchronizing object | Port_pair_5_direction_1
Fra:1 Mem:156.90M (Peak 156.90M) | Time:00:00.08 | Mem:0.00M, Peak:0.00M | CISCO_N9K_C9336C_FX2_V001, ViewLayer | Synchronizing object | Port_pair_5_direction_-1
Fra:1 Mem:156.90M (Peak 156.90M) | Time:00:00.08 | Mem:0.00M, Peak:0.00M | CISCO_N9K_C9336C_FX2_V001, ViewLayer | Synchronizing object | PORT_NUMBER_10
Fra:1 Mem:156.91M (Peak 156.91M) | Time:00:00.08 | Mem:0.00M, Peak:0.00M | CISCO_N9K_C9336C_FX2_V001, ViewLayer | Synchronizing object | PORT_NUMBER_09
Fra:1 Mem:156.91M (Peak 156.91M) | Time:00:00.08 | Mem:0.00M, Peak:0.00M | CISCO_N9K_C9336C_FX2_V001, ViewLayer | Synchronizing object | Port_pair_4_direction_1
Fra:1 Mem:156.91M (Peak 156.91M) | Time:00:00.08 | Mem:0.00M, Peak:0.00M | CISCO_N9K_C9336C_FX2_V001, ViewLayer | Synchronizing object | Port_pair_4_direction_-1
Fra:1 Mem:156.91M (Peak 156.91M) | Time:00:00.08 | Mem:0.00M, Peak:0.00M | CISCO_N9K_C9336C_FX2_V001, ViewLayer | Synchronizing object | PORT_NUMBER_08
Fra:1 Mem:156.92M (Peak 156.92M) | Time:00:00.08 | Mem:0.00M, Peak:0.00M | CISCO_N9K_C9336C_FX2_V001, ViewLayer | Synchronizing object | PORT_NUMBER_07
Fra:1 Mem:156.92M (Peak 156.92M) | Time:00:00.08 | Mem:0.00M, Peak:0.00M | CISCO_N9K_C9336C_FX2_V001, ViewLayer | Synchronizing object | Port_pair_3_direction_1
Fra:1 Mem:156.92M (Peak 156.92M) | Time:00:00.08 | Mem:0.00M, Peak:0.00M | CISCO_N9K_C9336C_FX2_V001, ViewLayer | Synchronizing object | Port_pair_3_direction_-1
Fra:1 Mem:156.92M (Peak 156.92M) | Time:00:00.08 | Mem:0.00M, Peak:0.00M | CISCO_N9K_C9336C_FX2_V001, ViewLayer | Synchronizing object | PORT_NUMBER_06
Fra:1 Mem:156.93M (Peak 156.93M) | Time:00:00.08 | Mem:0.00M, Peak:0.00M | CISCO_N9K_C9336C_FX2_V001, ViewLayer | Synchronizing object | PORT_NUMBER_05
Fra:1 Mem:156.93M (Peak 156.93M) | Time:00:00.08 | Mem:0.00M, Peak:0.00M | CISCO_N9K_C9336C_FX2_V001, ViewLayer | Synchronizing object | Port_pair_2_direction_1
Fra:1 Mem:156.93M (Peak 156.93M) | Time:00:00.08 | Mem:0.00M, Peak:0.00M | CISCO_N9K_C9336C_FX2_V001, ViewLayer | Synchronizing object | Port_pair_2_direction_-1
Fra:1 Mem:156.93M (Peak 156.93M) | Time:00:00.08 | Mem:0.00M, Peak:0.00M | CISCO_N9K_C9336C_FX2_V001, ViewLayer | Synchronizing object | PORT_NUMBER_04
Fra:1 Mem:156.93M (Peak 156.93M) | Time:00:00.08 | Mem:0.00M, Peak:0.00M | CISCO_N9K_C9336C_FX2_V001, ViewLayer | Synchronizing object | PORT_NUMBER_03
Fra:1 Mem:156.94M (Peak 156.94M) | Time:00:00.08 | Mem:0.00M, Peak:0.00M | CISCO_N9K_C9336C_FX2_V001, ViewLayer | Synchronizing object | Port_pair_1_direction_1
Fra:1 Mem:156.94M (Peak 156.94M) | Time:00:00.08 | Mem:0.00M, Peak:0.00M | CISCO_N9K_C9336C_FX2_V001, ViewLayer | Synchronizing object | Port_pair_1_direction_-1
Fra:1 Mem:156.94M (Peak 156.94M) | Time:00:00.08 | Mem:0.00M, Peak:0.00M | CISCO_N9K_C9336C_FX2_V001, ViewLayer | Synchronizing object | PORT_NUMBER_02
Fra:1 Mem:156.94M (Peak 156.94M) | Time:00:00.08 | Mem:0.00M, Peak:0.00M | CISCO_N9K_C9336C_FX2_V001, ViewLayer | Synchronizing object | PORT_NUMBER_01
Fra:1 Mem:156.94M (Peak 156.94M) | Time:00:00.08 | Mem:0.00M, Peak:0.00M | CISCO_N9K_C9336C_FX2_V001, ViewLayer | Synchronizing object | Correct_factory_PID
Fra:1 Mem:156.97M (Peak 156.97M) | Time:00:00.08 | Mem:0.00M, Peak:0.00M | CISCO_N9K_C9336C_FX2_V001, ViewLayer | Synchronizing object | Cisco_product_family_line_2
Fra:1 Mem:157.00M (Peak 157.00M) | Time:00:00.08 | Mem:0.00M, Peak:0.00M | CISCO_N9K_C9336C_FX2_V001, ViewLayer | Synchronizing object | Cisco_product_family_line_1
Fra:1 Mem:157.02M (Peak 157.02M) | Time:00:00.08 | Mem:0.00M, Peak:0.00M | CISCO_N9K_C9336C_FX2_V001, ViewLayer | Synchronizing object | Cisco_brand_wordmark
Fra:1 Mem:157.04M (Peak 157.04M) | Time:00:00.08 | Mem:0.00M, Peak:0.00M | CISCO_N9K_C9336C_FX2_V001, ViewLayer | Synchronizing object | Cisco_bridge_bar_9
Fra:1 Mem:157.05M (Peak 157.05M) | Time:00:00.08 | Mem:0.00M, Peak:0.00M | CISCO_N9K_C9336C_FX2_V001, ViewLayer | Synchronizing object | Cisco_bridge_bar_8
Fra:1 Mem:157.04M (Peak 157.05M) | Time:00:00.08 | Mem:0.00M, Peak:0.00M | CISCO_N9K_C9336C_FX2_V001, ViewLayer | Synchronizing object | Cisco_bridge_bar_7
Fra:1 Mem:157.05M (Peak 157.05M) | Time:00:00.08 | Mem:0.00M, Peak:0.00M | CISCO_N9K_C9336C_FX2_V001, ViewLayer | Synchronizing object | Cisco_bridge_bar_6
Fra:1 Mem:157.05M (Peak 157.05M) | Time:00:00.08 | Mem:0.00M, Peak:0.00M | CISCO_N9K_C9336C_FX2_V001, ViewLayer | Synchronizing object | Cisco_bridge_bar_5
Fra:1 Mem:157.06M (Peak 157.06M) | Time:00:00.08 | Mem:0.00M, Peak:0.00M | CISCO_N9K_C9336C_FX2_V001, ViewLayer | Synchronizing object | Cisco_bridge_bar_4
Fra:1 Mem:157.06M (Peak 157.06M) | Time:00:00.08 | Mem:0.00M, Peak:0.00M | CISCO_N9K_C9336C_FX2_V001, ViewLayer | Synchronizing object | Cisco_bridge_bar_3
Fra:1 Mem:157.06M (Peak 157.06M) | Time:00:00.08 | Mem:0.00M, Peak:0.00M | CISCO_N9K_C9336C_FX2_V001, ViewLayer | Synchronizing object | Cisco_bridge_bar_2
Fra:1 Mem:157.07M (Peak 157.07M) | Time:00:00.08 | Mem:0.00M, Peak:0.00M | CISCO_N9K_C9336C_FX2_V001, ViewLayer | Synchronizing object | Cisco_bridge_bar_1
Fra:1 Mem:157.07M (Peak 157.07M) | Time:00:00.08 | Mem:0.00M, Peak:0.00M | CISCO_N9K_C9336C_FX2_V001, ViewLayer | Synchronizing object | Fan3_rotor_housing_-1
Fra:1 Mem:157.07M (Peak 157.07M) | Time:00:00.08 | Mem:0.00M, Peak:0.00M | CISCO_N9K_C9336C_FX2_V001, ViewLayer | Synchronizing object | LS_selector_text
Fra:1 Mem:157.08M (Peak 157.08M) | Time:00:00.08 | Mem:0.00M, Peak:0.00M | CISCO_N9K_C9336C_FX2_V001, ViewLayer | Synchronizing object | LS_selector_metal_button
Fra:1 Mem:157.24M (Peak 157.24M) | Time:00:00.08 | Mem:0.00M, Peak:0.00M | CISCO_N9K_C9336C_FX2_V001, ViewLayer | Synchronizing object | LS_selector_black_surround
Fra:1 Mem:157.25M (Peak 157.25M) | Time:00:00.08 | Mem:0.00M, Peak:0.00M | CISCO_N9K_C9336C_FX2_V001, ViewLayer | Synchronizing object | FRONT_4_legend
Fra:1 Mem:157.25M (Peak 157.25M) | Time:00:00.08 | Mem:0.00M, Peak:0.00M | CISCO_N9K_C9336C_FX2_V001, ViewLayer | Synchronizing object | Fan3_hub_-1
Fra:1 Mem:157.25M (Peak 157.25M) | Time:00:00.08 | Mem:0.00M, Peak:0.00M | CISCO_N9K_C9336C_FX2_V001, ViewLayer | Synchronizing object | FRONT_4_unpowered_lens
Fra:1 Mem:157.25M (Peak 157.25M) | Time:00:00.08 | Mem:0.00M, Peak:0.00M | CISCO_N9K_C9336C_FX2_V001, ViewLayer | Synchronizing object | Fan3_blade_-1_0
Fra:1 Mem:157.28M (Peak 157.28M) | Time:00:00.08 | Mem:0.00M, Peak:0.00M | CISCO_N9K_C9336C_FX2_V001, ViewLayer | Synchronizing object | FRONT_3_legend
Fra:1 Mem:157.29M (Peak 157.29M) | Time:00:00.08 | Mem:0.00M, Peak:0.00M | CISCO_N9K_C9336C_FX2_V001, ViewLayer | Synchronizing object | FRONT_3_unpowered_lens
Fra:1 Mem:157.31M (Peak 157.31M) | Time:00:00.08 | Mem:0.00M, Peak:0.00M | CISCO_N9K_C9336C_FX2_V001, ViewLayer | Synchronizing object | FRONT_2_legend
Fra:1 Mem:157.32M (Peak 157.32M) | Time:00:00.08 | Mem:0.00M, Peak:0.00M | CISCO_N9K_C9336C_FX2_V001, ViewLayer | Synchronizing object | FRONT_2_unpowered_lens
Fra:1 Mem:157.35M (Peak 157.35M) | Time:00:00.08 | Mem:0.00M, Peak:0.00M | CISCO_N9K_C9336C_FX2_V001, ViewLayer | Synchronizing object | FRONT_1_legend
Fra:1 Mem:157.35M (Peak 157.35M) | Time:00:00.08 | Mem:0.00M, Peak:0.00M | CISCO_N9K_C9336C_FX2_V001, ViewLayer | Synchronizing object | FRONT_1_unpowered_lens
Fra:1 Mem:157.37M (Peak 157.37M) | Time:00:00.08 | Mem:0.00M, Peak:0.00M | CISCO_N9K_C9336C_FX2_V001, ViewLayer | Synchronizing object | FRONT_ENV_legend
Fra:1 Mem:157.38M (Peak 157.38M) | Time:00:00.08 | Mem:0.00M, Peak:0.00M | CISCO_N9K_C9336C_FX2_V001, ViewLayer | Synchronizing object | FRONT_ENV_unpowered_lens
Fra:1 Mem:157.40M (Peak 157.40M) | Time:00:00.08 | Mem:0.00M, Peak:0.00M | CISCO_N9K_C9336C_FX2_V001, ViewLayer | Synchronizing object | FRONT_STS_legend
Fra:1 Mem:157.42M (Peak 157.42M) | Time:00:00.08 | Mem:0.00M, Peak:0.00M | CISCO_N9K_C9336C_FX2_V001, ViewLayer | Synchronizing object | FRONT_STS_unpowered_lens
Fra:1 Mem:157.44M (Peak 157.44M) | Time:00:00.08 | Mem:0.00M, Peak:0.00M | CISCO_N9K_C9336C_FX2_V001, ViewLayer | Synchronizing object | FRONT_BCN_legend
Fra:1 Mem:157.45M (Peak 157.45M) | Time:00:00.08 | Mem:0.00M, Peak:0.00M | CISCO_N9K_C9336C_FX2_V001, ViewLayer | Synchronizing object | FRONT_BCN_unpowered_lens
Fra:1 Mem:157.48M (Peak 157.48M) | Time:00:00.08 | Mem:0.00M, Peak:0.00M | CISCO_N9K_C9336C_FX2_V001, ViewLayer | Synchronizing object | Rear_P2_arrow_legend
Fra:1 Mem:157.48M (Peak 157.48M) | Time:00:00.08 | Mem:0.00M, Peak:0.00M | CISCO_N9K_C9336C_FX2_V001, ViewLayer | Synchronizing object | USB_symbol_branch_B
Fra:1 Mem:157.48M (Peak 157.48M) | Time:00:00.08 | Mem:0.00M, Peak:0.00M | CISCO_N9K_C9336C_FX2_V001, ViewLayer | Synchronizing object | USB_symbol_branch_A
Fra:1 Mem:157.48M (Peak 157.48M) | Time:00:00.08 | Mem:0.00M, Peak:0.00M | CISCO_N9K_C9336C_FX2_V001, ViewLayer | Synchronizing object | USB_symbol_stem
Fra:1 Mem:157.49M (Peak 157.49M) | Time:00:00.08 | Mem:0.00M, Peak:0.00M | CISCO_N9K_C9336C_FX2_V001, ViewLayer | Synchronizing object | Console_terminal_symbol
Fra:1 Mem:157.49M (Peak 157.49M) | Time:00:00.08 | Mem:0.00M, Peak:0.00M | CISCO_N9K_C9336C_FX2_V001, ViewLayer | Synchronizing object | SFP_management_symbol_line.003
Fra:1 Mem:157.49M (Peak 157.49M) | Time:00:00.08 | Mem:0.00M, Peak:0.00M | CISCO_N9K_C9336C_FX2_V001, ViewLayer | Synchronizing object | SFP_management_symbol_line.002
Fra:1 Mem:157.49M (Peak 157.49M) | Time:00:00.08 | Mem:0.00M, Peak:0.00M | CISCO_N9K_C9336C_FX2_V001, ViewLayer | Synchronizing object | SFP_management_symbol_line.001
Fra:1 Mem:157.49M (Peak 157.49M) | Time:00:00.08 | Mem:0.00M, Peak:0.00M | CISCO_N9K_C9336C_FX2_V001, ViewLayer | Synchronizing object | SFP_management_symbol_line
Fra:1 Mem:157.49M (Peak 157.49M) | Time:00:00.08 | Mem:0.00M, Peak:0.00M | CISCO_N9K_C9336C_FX2_V001, ViewLayer | Synchronizing object | SFP_management_symbol_node_1.25
Fra:1 Mem:157.50M (Peak 157.50M) | Time:00:00.08 | Mem:0.00M, Peak:0.00M | CISCO_N9K_C9336C_FX2_V001, ViewLayer | Synchronizing object | SFP_management_symbol_node_-1.25
Fra:1 Mem:157.51M (Peak 157.51M) | Time:00:00.08 | Mem:0.00M, Peak:0.00M | CISCO_N9K_C9336C_FX2_V001, ViewLayer | Synchronizing object | SFP_management_symbol_node_0
Fra:1 Mem:157.51M (Peak 157.51M) | Time:00:00.08 | Mem:0.00M, Peak:0.00M | CISCO_N9K_C9336C_FX2_V001, ViewLayer | Synchronizing object | RJ45_management_symbol_line.003
Fra:1 Mem:157.51M (Peak 157.51M) | Time:00:00.08 | Mem:0.00M, Peak:0.00M | CISCO_N9K_C9336C_FX2_V001, ViewLayer | Synchronizing object | RJ45_management_symbol_line.002
Fra:1 Mem:157.51M (Peak 157.51M) | Time:00:00.08 | Mem:0.00M, Peak:0.00M | CISCO_N9K_C9336C_FX2_V001, ViewLayer | Synchronizing object | RJ45_management_symbol_line.001
Fra:1 Mem:157.51M (Peak 157.51M) | Time:00:00.08 | Mem:0.00M, Peak:0.00M | CISCO_N9K_C9336C_FX2_V001, ViewLayer | Synchronizing object | RJ45_management_symbol_line
Fra:1 Mem:157.51M (Peak 157.51M) | Time:00:00.08 | Mem:0.00M, Peak:0.00M | CISCO_N9K_C9336C_FX2_V001, ViewLayer | Synchronizing object | RJ45_management_symbol_node_1.25
Fra:1 Mem:157.52M (Peak 157.52M) | Time:00:00.08 | Mem:0.00M, Peak:0.00M | CISCO_N9K_C9336C_FX2_V001, ViewLayer | Synchronizing object | RJ45_management_symbol_node_-1.25
Fra:1 Mem:157.52M (Peak 157.52M) | Time:00:00.08 | Mem:0.00M, Peak:0.00M | CISCO_N9K_C9336C_FX2_V001, ViewLayer | Synchronizing object | Fan3_blade_-1_3
Fra:1 Mem:157.52M (Peak 157.52M) | Time:00:00.08 | Mem:0.00M, Peak:0.00M | CISCO_N9K_C9336C_FX2_V001, ViewLayer | Synchronizing object | Fan3_blade_-1_4
Fra:1 Mem:157.52M (Peak 157.52M) | Time:00:00.08 | Mem:0.00M, Peak:0.00M | CISCO_N9K_C9336C_FX2_V001, ViewLayer | Synchronizing object | Fan3_blade_-1_5
Fra:1 Mem:157.52M (Peak 157.52M) | Time:00:00.08 | Mem:0.00M, Peak:0.00M | CISCO_N9K_C9336C_FX2_V001, ViewLayer | Synchronizing object | Fan3_blade_-1_6
Fra:1 Mem:157.52M (Peak 157.52M) | Time:00:00.08 | Mem:0.00M, Peak:0.00M | CISCO_N9K_C9336C_FX2_V001, ViewLayer | Synchronizing object | Fan3_top_retention_rail_-1
Fra:1 Mem:157.53M (Peak 157.53M) | Time:00:00.08 | Mem:0.00M, Peak:0.00M | CISCO_N9K_C9336C_FX2_V001, ViewLayer | Synchronizing object | Fan3_rear_power_contact_block_-1
Fra:1 Mem:157.55M (Peak 157.55M) | Time:00:00.08 | Mem:0.00M, Peak:0.00M | CISCO_N9K_C9336C_FX2_V001, ViewLayer | Synchronizing object | RJ45_management_symbol_node_0
Fra:1 Mem:157.55M (Peak 157.55M) | Time:00:00.08 | Mem:0.00M, Peak:0.00M | CISCO_N9K_C9336C_FX2_V001, ViewLayer | Synchronizing object | Fan3_rotor_housing_1
Fra:1 Mem:157.56M (Peak 157.56M) | Time:00:00.08 | Mem:0.00M, Peak:0.00M | CISCO_N9K_C9336C_FX2_V001, ViewLayer | Synchronizing object | Rear_service_retention_screw
Fra:1 Mem:157.56M (Peak 157.56M) | Time:00:00.08 | Mem:0.00M, Peak:0.00M | CISCO_N9K_C9336C_FX2_V001, ViewLayer | Synchronizing object | Fan3_hub_1
Fra:1 Mem:157.59M (Peak 157.59M) | Time:00:00.08 | Mem:0.00M, Peak:0.00M | CISCO_N9K_C9336C_FX2_V001, ViewLayer | Synchronizing object | Fan3_blade_1_0
Fra:1 Mem:157.58M (Peak 157.59M) | Time:00:00.08 | Mem:0.00M, Peak:0.00M | CISCO_N9K_C9336C_FX2_V001, ViewLayer | Synchronizing object | Fan3_blade_1_1
Fra:1 Mem:157.58M (Peak 157.59M) | Time:00:00.08 | Mem:0.00M, Peak:0.00M | CISCO_N9K_C9336C_FX2_V001, ViewLayer | Synchronizing object | Fan3_blade_1_2
Fra:1 Mem:157.58M (Peak 157.59M) | Time:00:00.08 | Mem:0.00M, Peak:0.00M | CISCO_N9K_C9336C_FX2_V001, ViewLayer | Synchronizing object | Fan3_blade_1_3
Fra:1 Mem:157.58M (Peak 157.59M) | Time:00:00.08 | Mem:0.00M, Peak:0.00M | CISCO_N9K_C9336C_FX2_V001, ViewLayer | Synchronizing object | Fan3_blade_1_4
Fra:1 Mem:157.59M (Peak 157.59M) | Time:00:00.08 | Mem:0.00M, Peak:0.00M | CISCO_N9K_C9336C_FX2_V001, ViewLayer | Synchronizing object | Fan3_blade_1_5
Fra:1 Mem:157.59M (Peak 157.59M) | Time:00:00.08 | Mem:0.00M, Peak:0.00M | CISCO_N9K_C9336C_FX2_V001, ViewLayer | Synchronizing object | Fan3_blade_1_6
Fra:1 Mem:157.59M (Peak 157.59M) | Time:00:00.08 | Mem:0.00M, Peak:0.00M | CISCO_N9K_C9336C_FX2_V001, ViewLayer | Synchronizing object | Fan3_top_retention_rail_1
Fra:1 Mem:157.59M (Peak 157.59M) | Time:00:00.08 | Mem:0.00M, Peak:0.00M | CISCO_N9K_C9336C_FX2_V001, ViewLayer | Synchronizing object | Fan3_rear_power_contact_block_1
Fra:1 Mem:157.60M (Peak 157.60M) | Time:00:00.08 | Mem:0.00M, Peak:0.00M | CISCO_N9K_C9336C_FX2_V001, ViewLayer | Synchronizing object | REAR_STS_legend
Fra:1 Mem:157.62M (Peak 157.62M) | Time:00:00.08 | Mem:0.00M, Peak:0.00M | CISCO_N9K_C9336C_FX2_V001, ViewLayer | Synchronizing object | Fan3_front_frame
Fra:1 Mem:157.62M (Peak 157.62M) | Time:00:00.08 | Mem:0.00M, Peak:0.00M | CISCO_N9K_C9336C_FX2_V001, ViewLayer | Synchronizing object | REAR_STS_unpowered_indicator
Fra:1 Mem:157.63M (Peak 157.63M) | Time:00:00.08 | Mem:0.00M, Peak:0.00M | CISCO_N9K_C9336C_FX2_V001, ViewLayer | Synchronizing object | Fan3_true_honeycomb_front_grille
Fra:1 Mem:157.94M (Peak 157.94M) | Time:00:00.08 | Mem:0.00M, Peak:0.00M | CISCO_N9K_C9336C_FX2_V001, ViewLayer | Synchronizing object | Fan3_molded_trapezoid_pull_handle
Fra:1 Mem:157.98M (Peak 157.98M) | Time:00:00.08 | Mem:0.00M, Peak:0.00M | CISCO_N9K_C9336C_FX2_V001, ViewLayer | Synchronizing object | REAR_BCN_unpowered_indicator
Fra:1 Mem:158.07M (Peak 158.07M) | Time:00:00.08 | Mem:0.00M, Peak:0.00M | CISCO_N9K_C9336C_FX2_V001, ViewLayer | Synchronizing object | Fan3_BLUE_release_latch_-1
Fra:1 Mem:158.08M (Peak 158.08M) | Time:00:00.08 | Mem:0.00M, Peak:0.00M | CISCO_N9K_C9336C_FX2_V001, ViewLayer | Synchronizing object | USB_A_contact_3
Fra:1 Mem:158.18M (Peak 158.18M) | Time:00:00.08 | Mem:0.00M, Peak:0.00M | CISCO_N9K_C9336C_FX2_V001, ViewLayer | Synchronizing object | Fan3_latch_thumb_flare_-1
Fra:1 Mem:158.18M (Peak 158.18M) | Time:00:00.08 | Mem:0.00M, Peak:0.00M | CISCO_N9K_C9336C_FX2_V001, ViewLayer | Synchronizing object | USB_A_contact_2
Fra:1 Mem:158.18M (Peak 158.18M) | Time:00:00.08 | Mem:0.00M, Peak:0.00M | CISCO_N9K_C9336C_FX2_V001, ViewLayer | Synchronizing object | Fan3_BLUE_release_latch_1
Fra:1 Mem:158.19M (Peak 158.19M) | Time:00:00.08 | Mem:0.00M, Peak:0.00M | CISCO_N9K_C9336C_FX2_V001, ViewLayer | Synchronizing object | USB_A_contact_1
Fra:1 Mem:158.19M (Peak 158.19M) | Time:00:00.08 | Mem:0.00M, Peak:0.00M | CISCO_N9K_C9336C_FX2_V001, ViewLayer | Synchronizing object | Fan3_latch_thumb_flare_1
Fra:1 Mem:158.50M (Peak 158.50M) | Time:00:00.08 | Mem:0.00M, Peak:0.00M | CISCO_N9K_C9336C_FX2_V001, ViewLayer | Synchronizing object | USB_A_contact_0
Fra:1 Mem:158.50M (Peak 158.50M) | Time:00:00.08 | Mem:0.00M, Peak:0.00M | CISCO_N9K_C9336C_FX2_V001, ViewLayer | Synchronizing object | Fan3_PID_label_recess
Fra:1 Mem:158.51M (Peak 158.51M) | Time:00:00.08 | Mem:0.00M, Peak:0.00M | CISCO_N9K_C9336C_FX2_V001, ViewLayer | Synchronizing object | USB_A_black_tongue
Fra:1 Mem:158.51M (Peak 158.51M) | Time:00:00.08 | Mem:0.00M, Peak:0.00M | CISCO_N9K_C9336C_FX2_V001, ViewLayer | Synchronizing object | Fan3_known_PID
Fra:1 Mem:158.52M (Peak 158.52M) | Time:00:00.08 | Mem:0.00M, Peak:0.00M | CISCO_N9K_C9336C_FX2_V001, ViewLayer | Synchronizing object | USB_A_deep_stop
Fra:1 Mem:158.53M (Peak 158.53M) | Time:00:00.08 | Mem:0.00M, Peak:0.00M | CISCO_N9K_C9336C_FX2_V001, ViewLayer | Synchronizing object | USB_A_metal_shell
Fra:1 Mem:158.54M (Peak 158.54M) | Time:00:00.08 | Mem:0.00M, Peak:0.00M | CISCO_N9K_C9336C_FX2_V001, ViewLayer | Synchronizing object | Fan3_flush_lock_pin_-39
Fra:1 Mem:159.17M (Peak 159.17M) | Time:00:00.08 | Mem:0.00M, Peak:0.00M | CISCO_N9K_C9336C_FX2_V001, ViewLayer | Synchronizing object | Mgmt_SFP_contact_9
Fra:1 Mem:159.17M (Peak 159.17M) | Time:00:00.08 | Mem:0.00M, Peak:0.00M | CISCO_N9K_C9336C_FX2_V001, ViewLayer | Synchronizing object | Mgmt_SFP_contact_8
Fra:1 Mem:159.17M (Peak 159.17M) | Time:00:00.08 | Mem:0.00M, Peak:0.00M | CISCO_N9K_C9336C_FX2_V001, ViewLayer | Synchronizing object | Mgmt_SFP_contact_7
Fra:1 Mem:159.17M (Peak 159.17M) | Time:00:00.08 | Mem:0.00M, Peak:0.00M | CISCO_N9K_C9336C_FX2_V001, ViewLayer | Synchronizing object | Mgmt_SFP_contact_6
Fra:1 Mem:159.17M (Peak 159.17M) | Time:00:00.08 | Mem:0.00M, Peak:0.00M | CISCO_N9K_C9336C_FX2_V001, ViewLayer | Synchronizing object | Mgmt_SFP_contact_5
Fra:1 Mem:159.17M (Peak 159.17M) | Time:00:00.08 | Mem:0.00M, Peak:0.00M | CISCO_N9K_C9336C_FX2_V001, ViewLayer | Synchronizing object | Mgmt_SFP_contact_4
Fra:1 Mem:159.32M (Peak 159.32M) | Time:00:00.08 | Mem:0.00M, Peak:0.00M | CISCO_N9K_C9336C_FX2_V001, ViewLayer | Synchronizing object | Mgmt_SFP_contact_3
Fra:1 Mem:159.32M (Peak 159.32M) | Time:00:00.08 | Mem:0.00M, Peak:0.00M | CISCO_N9K_C9336C_FX2_V001, ViewLayer | Synchronizing object | Mgmt_SFP_contact_2
Fra:1 Mem:159.32M (Peak 159.32M) | Time:00:00.08 | Mem:0.00M, Peak:0.00M | CISCO_N9K_C9336C_FX2_V001, ViewLayer | Synchronizing object | Mgmt_SFP_contact_1
Fra:1 Mem:159.32M (Peak 159.32M) | Time:00:00.08 | Mem:0.00M, Peak:0.00M | CISCO_N9K_C9336C_FX2_V001, ViewLayer | Synchronizing object | Mgmt_SFP_contact_0
Fra:1 Mem:159.32M (Peak 159.32M) | Time:00:00.08 | Mem:0.00M, Peak:0.00M | CISCO_N9K_C9336C_FX2_V001, ViewLayer | Synchronizing object | Mgmt_SFP_guide_5.8
Fra:1 Mem:159.34M (Peak 159.34M) | Time:00:00.08 | Mem:0.00M, Peak:0.00M | CISCO_N9K_C9336C_FX2_V001, ViewLayer | Synchronizing object | Mgmt_SFP_guide_-5.8
Fra:1 Mem:159.35M (Peak 159.35M) | Time:00:00.08 | Mem:0.00M, Peak:0.00M | CISCO_N9K_C9336C_FX2_V001, ViewLayer | Synchronizing object | Mgmt_SFP_recessed_connector_stop
Fra:1 Mem:159.35M (Peak 159.35M) | Time:00:00.08 | Mem:0.00M, Peak:0.00M | CISCO_N9K_C9336C_FX2_V001, ViewLayer | Synchronizing object | Mgmt_SFP_deep_metal_cage
Fra:1 Mem:168.41M (Peak 168.41M) | Time:00:00.08 | Mem:0.00M, Peak:0.00M | CISCO_N9K_C9336C_FX2_V001, ViewLayer | Synchronizing object | MANAGEMENT_RJ45_unpowered_corner_LED_5.6
Fra:1 Mem:168.42M (Peak 168.42M) | Time:00:00.08 | Mem:0.00M, Peak:0.00M | CISCO_N9K_C9336C_FX2_V001, ViewLayer | Synchronizing object | MANAGEMENT_RJ45_unpowered_corner_LED_-5.6
Fra:1 Mem:168.42M (Peak 168.42M) | Time:00:00.08 | Mem:0.00M, Peak:0.00M | CISCO_N9K_C9336C_FX2_V001, ViewLayer | Synchronizing object | MANAGEMENT_RJ45_contact_7
Fra:1 Mem:168.43M (Peak 168.43M) | Time:00:00.08 | Mem:0.00M, Peak:0.00M | CISCO_N9K_C9336C_FX2_V001, ViewLayer | Synchronizing object | MANAGEMENT_RJ45_contact_6
Fra:1 Mem:168.43M (Peak 168.43M) | Time:00:00.08 | Mem:0.00M, Peak:0.00M | CISCO_N9K_C9336C_FX2_V001, ViewLayer | Synchronizing object | MANAGEMENT_RJ45_contact_5
Fra:1 Mem:168.43M (Peak 168.43M) | Time:00:00.08 | Mem:0.00M, Peak:0.00M | CISCO_N9K_C9336C_FX2_V001, ViewLayer | Synchronizing object | MANAGEMENT_RJ45_contact_4
Fra:1 Mem:168.44M (Peak 168.44M) | Time:00:00.08 | Mem:0.00M, Peak:0.00M | CISCO_N9K_C9336C_FX2_V001, ViewLayer | Synchronizing object | MANAGEMENT_RJ45_contact_3
Fra:1 Mem:168.44M (Peak 168.44M) | Time:00:00.08 | Mem:0.00M, Peak:0.00M | CISCO_N9K_C9336C_FX2_V001, ViewLayer | Synchronizing object | MANAGEMENT_RJ45_contact_2
Fra:1 Mem:168.45M (Peak 168.45M) | Time:00:00.08 | Mem:0.00M, Peak:0.00M | CISCO_N9K_C9336C_FX2_V001, ViewLayer | Synchronizing object | MANAGEMENT_RJ45_contact_1
Fra:1 Mem:168.45M (Peak 168.45M) | Time:00:00.08 | Mem:0.00M, Peak:0.00M | CISCO_N9K_C9336C_FX2_V001, ViewLayer | Synchronizing object | MANAGEMENT_RJ45_contact_0
Fra:1 Mem:168.46M (Peak 168.46M) | Time:00:00.08 | Mem:0.00M, Peak:0.00M | CISCO_N9K_C9336C_FX2_V001, ViewLayer | Synchronizing object | MANAGEMENT_RJ45_deep_connector_stop
Fra:1 Mem:168.46M (Peak 168.46M) | Time:00:00.08 | Mem:0.00M, Peak:0.00M | CISCO_N9K_C9336C_FX2_V001, ViewLayer | Synchronizing object | MANAGEMENT_RJ45_keyed_plastic_body
Fra:1 Mem:168.46M (Peak 168.46M) | Time:00:00.08 | Mem:0.00M, Peak:0.00M | CISCO_N9K_C9336C_FX2_V001, ViewLayer | Synchronizing object | MANAGEMENT_RJ45_metal_shield
Fra:1 Mem:168.48M (Peak 168.48M) | Time:00:00.08 | Mem:0.00M, Peak:0.00M | CISCO_N9K_C9336C_FX2_V001, ViewLayer | Synchronizing object | Fan3_flush_lock_pin_39
Fra:1 Mem:168.49M (Peak 168.49M) | Time:00:00.08 | Mem:0.00M, Peak:0.00M | CISCO_N9K_C9336C_FX2_V001, ViewLayer | Synchronizing object | CONSOLE_RJ45_unpowered_corner_LED_5.6
Fra:1 Mem:168.49M (Peak 168.49M) | Time:00:00.08 | Mem:0.00M, Peak:0.00M | CISCO_N9K_C9336C_FX2_V001, ViewLayer | Synchronizing object | CONSOLE_RJ45_unpowered_corner_LED_-5.6
Fra:1 Mem:168.50M (Peak 168.50M) | Time:00:00.08 | Mem:0.00M, Peak:0.00M | CISCO_N9K_C9336C_FX2_V001, ViewLayer | Synchronizing object | CONSOLE_RJ45_contact_7
Fra:1 Mem:168.50M (Peak 168.50M) | Time:00:00.08 | Mem:0.00M, Peak:0.00M | CISCO_N9K_C9336C_FX2_V001, ViewLayer | Synchronizing object | CONSOLE_RJ45_contact_6
Fra:1 Mem:168.51M (Peak 168.51M) | Time:00:00.08 | Mem:0.00M, Peak:0.00M | CISCO_N9K_C9336C_FX2_V001, ViewLayer | Synchronizing object | CONSOLE_RJ45_contact_5
Fra:1 Mem:168.51M (Peak 168.51M) | Time:00:00.08 | Mem:0.00M, Peak:0.00M | CISCO_N9K_C9336C_FX2_V001, ViewLayer | Synchronizing object | CONSOLE_RJ45_contact_4
Fra:1 Mem:168.51M (Peak 168.51M) | Time:00:00.08 | Mem:0.00M, Peak:0.00M | CISCO_N9K_C9336C_FX2_V001, ViewLayer | Synchronizing object | CONSOLE_RJ45_contact_3
Fra:1 Mem:168.52M (Peak 168.52M) | Time:00:00.08 | Mem:0.00M, Peak:0.00M | CISCO_N9K_C9336C_FX2_V001, ViewLayer | Synchronizing object | CONSOLE_RJ45_contact_2
Fra:1 Mem:168.52M (Peak 168.52M) | Time:00:00.08 | Mem:0.00M, Peak:0.00M | CISCO_N9K_C9336C_FX2_V001, ViewLayer | Synchronizing object | CONSOLE_RJ45_contact_1
Fra:1 Mem:168.53M (Peak 168.53M) | Time:00:00.08 | Mem:0.00M, Peak:0.00M | CISCO_N9K_C9336C_FX2_V001, ViewLayer | Synchronizing object | CONSOLE_RJ45_contact_0
Fra:1 Mem:168.53M (Peak 168.53M) | Time:00:00.08 | Mem:0.00M, Peak:0.00M | CISCO_N9K_C9336C_FX2_V001, ViewLayer | Synchronizing object | CONSOLE_RJ45_deep_connector_stop
Fra:1 Mem:168.53M (Peak 168.53M) | Time:00:00.08 | Mem:0.00M, Peak:0.00M | CISCO_N9K_C9336C_FX2_V001, ViewLayer | Synchronizing object | CONSOLE_RJ45_keyed_plastic_body
Fra:1 Mem:168.53M (Peak 168.53M) | Time:00:00.08 | Mem:0.00M, Peak:0.00M | CISCO_N9K_C9336C_FX2_V001, ViewLayer | Synchronizing object | CONSOLE_RJ45_metal_shield
Fra:1 Mem:168.55M (Peak 168.55M) | Time:00:00.08 | Mem:0.00M, Peak:0.00M | CISCO_N9K_C9336C_FX2_V001, ViewLayer | Synchronizing object | Fan1_fine_vertical_thumb_rib_-1_0
Fra:1 Mem:168.56M (Peak 168.56M) | Time:00:00.08 | Mem:0.00M, Peak:0.00M | CISCO_N9K_C9336C_FX2_V001, ViewLayer | Synchronizing object | Fan1_fine_vertical_thumb_rib_-1_1
Fra:1 Mem:168.56M (Peak 168.56M) | Time:00:00.08 | Mem:0.00M, Peak:0.00M | CISCO_N9K_C9336C_FX2_V001, ViewLayer | Synchronizing object | Rear_service_panel_true_apertures
Fra:1 Mem:168.59M (Peak 168.59M) | Time:00:00.08 | Mem:0.00M, Peak:0.00M | CISCO_N9K_C9336C_FX2_V001, ViewLayer | Synchronizing object | PSU2_face_screw_24.5_39.3
Fra:1 Mem:168.61M (Peak 168.61M) | Time:00:00.08 | Mem:0.00M, Peak:0.00M | CISCO_N9K_C9336C_FX2_V001, ViewLayer | Synchronizing object | PSU2_face_screw_24.5_4.1
Fra:1 Mem:168.62M (Peak 168.62M) | Time:00:00.08 | Mem:0.00M, Peak:0.00M | CISCO_N9K_C9336C_FX2_V001, ViewLayer | Synchronizing object | PSU2_face_screw_-24.5_39.3
Fra:1 Mem:168.64M (Peak 168.64M) | Time:00:00.08 | Mem:0.00M, Peak:0.00M | CISCO_N9K_C9336C_FX2_V001, ViewLayer | Synchronizing object | PSU2_face_screw_-24.5_4.1
Fra:1 Mem:168.66M (Peak 168.66M) | Time:00:00.08 | Mem:0.00M, Peak:0.00M | CISCO_N9K_C9336C_FX2_V001, ViewLayer | Synchronizing object | PSU2_OK_legend
Fra:1 Mem:168.66M (Peak 168.66M) | Time:00:00.08 | Mem:0.00M, Peak:0.00M | CISCO_N9K_C9336C_FX2_V001, ViewLayer | Synchronizing object | PSU2_FAIL_legend
Fra:1 Mem:168.67M (Peak 168.67M) | Time:00:00.08 | Mem:0.00M, Peak:0.00M | CISCO_N9K_C9336C_FX2_V001, ViewLayer | Synchronizing object | PSU2_unpowered_LED_32.6
Fra:1 Mem:168.67M (Peak 168.67M) | Time:00:00.08 | Mem:0.00M, Peak:0.00M | CISCO_N9K_C9336C_FX2_V001, ViewLayer | Synchronizing object | PSU2_unpowered_LED_36.8
Fra:1 Mem:168.67M (Peak 168.67M) | Time:00:00.08 | Mem:0.00M, Peak:0.00M | CISCO_N9K_C9336C_FX2_V001, ViewLayer | Synchronizing object | PSU2_retainer_rib_315.4
Fra:1 Mem:168.68M (Peak 168.68M) | Time:00:00.08 | Mem:0.00M, Peak:0.00M | CISCO_N9K_C9336C_FX2_V001, ViewLayer | Synchronizing object | PSU2_retainer_rib_313.2
Fra:1 Mem:168.68M (Peak 168.68M) | Time:00:00.08 | Mem:0.00M, Peak:0.00M | CISCO_N9K_C9336C_FX2_V001, ViewLayer | Synchronizing object | PSU2_retainer_rib_311
Fra:1 Mem:168.68M (Peak 168.68M) | Time:00:00.08 | Mem:0.00M, Peak:0.00M | CISCO_N9K_C9336C_FX2_V001, ViewLayer | Synchronizing object | PSU2_retainer_rib_308.8
Fra:1 Mem:168.69M (Peak 168.69M) | Time:00:00.08 | Mem:0.00M, Peak:0.00M | CISCO_N9K_C9336C_FX2_V001, ViewLayer | Synchronizing object | PSU2_retainer_rib_306.6
Fra:1 Mem:168.69M (Peak 168.69M) | Time:00:00.08 | Mem:0.00M, Peak:0.00M | CISCO_N9K_C9336C_FX2_V001, ViewLayer | Synchronizing object | PSU2_retainer_rib_304.4
Fra:1 Mem:168.70M (Peak 168.70M) | Time:00:00.08 | Mem:0.00M, Peak:0.00M | CISCO_N9K_C9336C_FX2_V001, ViewLayer | Synchronizing object | PSU2_retainer_rib_302.2
Fra:1 Mem:168.70M (Peak 168.70M) | Time:00:00.09 | Mem:0.00M, Peak:0.00M | CISCO_N9K_C9336C_FX2_V001, ViewLayer | Synchronizing object | PSU2_retainer_rib_300
Fra:1 Mem:168.71M (Peak 168.71M) | Time:00:00.09 | Mem:0.00M, Peak:0.00M | CISCO_N9K_C9336C_FX2_V001, ViewLayer | Synchronizing object | PSU2_stowed_nylon_retention_loop
Fra:1 Mem:168.71M (Peak 168.71M) | Time:00:00.09 | Mem:0.00M, Peak:0.00M | CISCO_N9K_C9336C_FX2_V001, ViewLayer | Synchronizing object | PSU2_cord_retainer_anchor
Fra:1 Mem:168.72M (Peak 168.72M) | Time:00:00.09 | Mem:0.00M, Peak:0.00M | CISCO_N9K_C9336C_FX2_V001, ViewLayer | Synchronizing object | PSU2_BLUE_release_latch
Fra:1 Mem:168.72M (Peak 168.72M) | Time:00:00.09 | Mem:0.00M, Peak:0.00M | CISCO_N9K_C9336C_FX2_V001, ViewLayer | Synchronizing object | PSU2_silver_U_pull_handle
Fra:1 Mem:168.93M (Peak 168.93M) | Time:00:00.09 | Mem:0.00M, Peak:0.00M | CISCO_N9K_C9336C_FX2_V001, ViewLayer | Synchronizing object | PSU2_IEC_pin_2
Fra:1 Mem:168.94M (Peak 168.94M) | Time:00:00.09 | Mem:0.00M, Peak:0.00M | CISCO_N9K_C9336C_FX2_V001, ViewLayer | Synchronizing object | PSU2_IEC_pin_1
Fra:1 Mem:168.95M (Peak 168.95M) | Time:00:00.09 | Mem:0.00M, Peak:0.00M | CISCO_N9K_C9336C_FX2_V001, ViewLayer | Synchronizing object | PSU2_IEC_pin_0
Fra:1 Mem:168.97M (Peak 168.97M) | Time:00:00.09 | Mem:0.00M, Peak:0.00M | CISCO_N9K_C9336C_FX2_V001, ViewLayer | Synchronizing object | PSU2_IEC_recessed_black_floor
Fra:1 Mem:168.97M (Peak 168.97M) | Time:00:00.09 | Mem:0.00M, Peak:0.00M | CISCO_N9K_C9336C_FX2_V001, ViewLayer | Synchronizing object | PSU2_IEC_C14_black_inlet_housing
Fra:1 Mem:168.99M (Peak 168.99M) | Time:00:00.09 | Mem:0.00M, Peak:0.00M | CISCO_N9K_C9336C_FX2_V001, ViewLayer | Synchronizing object | PSU2_true_hex_cooling_vents
Fra:1 Mem:169.47M (Peak 169.47M) | Time:00:00.09 | Mem:0.00M, Peak:0.00M | CISCO_N9K_C9336C_FX2_V001, ViewLayer | Synchronizing object | PSU2_inlet_vent_divider
Fra:1 Mem:169.47M (Peak 169.47M) | Time:00:00.09 | Mem:0.00M, Peak:0.00M | CISCO_N9K_C9336C_FX2_V001, ViewLayer | Synchronizing object | PSU2_front_face_rim
Fra:1 Mem:169.49M (Peak 169.49M) | Time:00:00.09 | Mem:0.00M, Peak:0.00M | CISCO_N9K_C9336C_FX2_V001, ViewLayer | Synchronizing object | PSU2_internal_opaque_baffle
Fra:1 Mem:169.49M (Peak 169.49M) | Time:00:00.09 | Mem:0.00M, Peak:0.00M | CISCO_N9K_C9336C_FX2_V001, ViewLayer | Synchronizing object | PSU2_internal_mating_block
Fra:1 Mem:169.49M (Peak 169.49M) | Time:00:00.09 | Mem:0.00M, Peak:0.00M | CISCO_N9K_C9336C_FX2_V001, ViewLayer | Synchronizing object | PSU2_rear_internal_endcap
Fra:1 Mem:169.51M (Peak 169.51M) | Time:00:00.09 | Mem:0.00M, Peak:0.00M | CISCO_N9K_C9336C_FX2_V001, ViewLayer | Synchronizing object | PSU2_formed_silver_shell
Fra:1 Mem:169.53M (Peak 169.53M) | Time:00:00.09 | Mem:0.00M, Peak:0.00M | CISCO_N9K_C9336C_FX2_V001, ViewLayer | Synchronizing object | PSU1_face_screw_24.5_39.3
Fra:1 Mem:169.54M (Peak 169.54M) | Time:00:00.09 | Mem:0.00M, Peak:0.00M | CISCO_N9K_C9336C_FX2_V001, ViewLayer | Synchronizing object | PSU1_face_screw_24.5_4.1
Fra:1 Mem:169.56M (Peak 169.56M) | Time:00:00.09 | Mem:0.00M, Peak:0.00M | CISCO_N9K_C9336C_FX2_V001, ViewLayer | Synchronizing object | PSU1_face_screw_-24.5_39.3
Fra:1 Mem:169.58M (Peak 169.58M) | Time:00:00.09 | Mem:0.00M, Peak:0.00M | CISCO_N9K_C9336C_FX2_V001, ViewLayer | Synchronizing object | PSU1_face_screw_-24.5_4.1
Fra:1 Mem:169.60M (Peak 169.60M) | Time:00:00.09 | Mem:0.00M, Peak:0.00M | CISCO_N9K_C9336C_FX2_V001, ViewLayer | Synchronizing object | PSU1_OK_legend
Fra:1 Mem:169.60M (Peak 169.60M) | Time:00:00.09 | Mem:0.00M, Peak:0.00M | CISCO_N9K_C9336C_FX2_V001, ViewLayer | Synchronizing object | PSU1_FAIL_legend
Fra:1 Mem:169.60M (Peak 169.60M) | Time:00:00.09 | Mem:0.00M, Peak:0.00M | CISCO_N9K_C9336C_FX2_V001, ViewLayer | Synchronizing object | PSU1_unpowered_LED_32.6
Fra:1 Mem:169.60M (Peak 169.60M) | Time:00:00.09 | Mem:0.00M, Peak:0.00M | CISCO_N9K_C9336C_FX2_V001, ViewLayer | Synchronizing object | PSU1_unpowered_LED_36.8
Fra:1 Mem:169.61M (Peak 169.61M) | Time:00:00.09 | Mem:0.00M, Peak:0.00M | CISCO_N9K_C9336C_FX2_V001, ViewLayer | Synchronizing object | PSU1_retainer_rib_315.4
Fra:1 Mem:169.61M (Peak 169.61M) | Time:00:00.09 | Mem:0.00M, Peak:0.00M | CISCO_N9K_C9336C_FX2_V001, ViewLayer | Synchronizing object | PSU1_retainer_rib_313.2
Fra:1 Mem:169.62M (Peak 169.62M) | Time:00:00.09 | Mem:0.00M, Peak:0.00M | CISCO_N9K_C9336C_FX2_V001, ViewLayer | Synchronizing object | PSU1_retainer_rib_311
Fra:1 Mem:169.62M (Peak 169.62M) | Time:00:00.09 | Mem:0.00M, Peak:0.00M | CISCO_N9K_C9336C_FX2_V001, ViewLayer | Synchronizing object | PSU1_retainer_rib_308.8
Fra:1 Mem:169.62M (Peak 169.62M) | Time:00:00.09 | Mem:0.00M, Peak:0.00M | CISCO_N9K_C9336C_FX2_V001, ViewLayer | Synchronizing object | PSU1_retainer_rib_306.6
Fra:1 Mem:169.63M (Peak 169.63M) | Time:00:00.09 | Mem:0.00M, Peak:0.00M | CISCO_N9K_C9336C_FX2_V001, ViewLayer | Synchronizing object | PSU1_retainer_rib_304.4
Fra:1 Mem:169.63M (Peak 169.63M) | Time:00:00.09 | Mem:0.00M, Peak:0.00M | CISCO_N9K_C9336C_FX2_V001, ViewLayer | Synchronizing object | PSU1_retainer_rib_302.2
Fra:1 Mem:169.64M (Peak 169.64M) | Time:00:00.09 | Mem:0.00M, Peak:0.00M | CISCO_N9K_C9336C_FX2_V001, ViewLayer | Synchronizing object | PSU1_retainer_rib_300
Fra:1 Mem:169.64M (Peak 169.64M) | Time:00:00.09 | Mem:0.00M, Peak:0.00M | CISCO_N9K_C9336C_FX2_V001, ViewLayer | Synchronizing object | PSU1_stowed_nylon_retention_loop
Fra:1 Mem:169.65M (Peak 169.65M) | Time:00:00.09 | Mem:0.00M, Peak:0.00M | CISCO_N9K_C9336C_FX2_V001, ViewLayer | Synchronizing object | PSU1_cord_retainer_anchor
Fra:1 Mem:169.65M (Peak 169.65M) | Time:00:00.09 | Mem:0.00M, Peak:0.00M | CISCO_N9K_C9336C_FX2_V001, ViewLayer | Synchronizing object | PSU1_BLUE_release_latch
Fra:1 Mem:169.66M (Peak 169.66M) | Time:00:00.09 | Mem:0.00M, Peak:0.00M | CISCO_N9K_C9336C_FX2_V001, ViewLayer | Synchronizing object | PSU1_silver_U_pull_handle
Fra:1 Mem:169.86M (Peak 169.86M) | Time:00:00.09 | Mem:0.00M, Peak:0.00M | CISCO_N9K_C9336C_FX2_V001, ViewLayer | Synchronizing object | PSU1_IEC_pin_2
Fra:1 Mem:169.88M (Peak 169.88M) | Time:00:00.09 | Mem:0.00M, Peak:0.00M | CISCO_N9K_C9336C_FX2_V001, ViewLayer | Synchronizing object | PSU1_IEC_pin_1
Fra:1 Mem:169.89M (Peak 169.89M) | Time:00:00.09 | Mem:0.00M, Peak:0.00M | CISCO_N9K_C9336C_FX2_V001, ViewLayer | Synchronizing object | PSU1_IEC_pin_0
Fra:1 Mem:169.90M (Peak 169.90M) | Time:00:00.09 | Mem:0.00M, Peak:0.00M | CISCO_N9K_C9336C_FX2_V001, ViewLayer | Synchronizing object | PSU1_IEC_recessed_black_floor
Fra:1 Mem:169.90M (Peak 169.90M) | Time:00:00.09 | Mem:0.00M, Peak:0.00M | CISCO_N9K_C9336C_FX2_V001, ViewLayer | Synchronizing object | PSU1_IEC_C14_black_inlet_housing
Fra:1 Mem:169.92M (Peak 169.92M) | Time:00:00.09 | Mem:0.00M, Peak:0.00M | CISCO_N9K_C9336C_FX2_V001, ViewLayer | Synchronizing object | PSU1_true_hex_cooling_vents
Fra:1 Mem:170.40M (Peak 170.40M) | Time:00:00.10 | Mem:0.00M, Peak:0.00M | CISCO_N9K_C9336C_FX2_V001, ViewLayer | Synchronizing object | PSU1_inlet_vent_divider
Fra:1 Mem:170.41M (Peak 170.41M) | Time:00:00.10 | Mem:0.00M, Peak:0.00M | CISCO_N9K_C9336C_FX2_V001, ViewLayer | Synchronizing object | PSU1_front_face_rim
Fra:1 Mem:170.42M (Peak 170.42M) | Time:00:00.10 | Mem:0.00M, Peak:0.00M | CISCO_N9K_C9336C_FX2_V001, ViewLayer | Synchronizing object | PSU1_internal_opaque_baffle
Fra:1 Mem:170.42M (Peak 170.42M) | Time:00:00.10 | Mem:0.00M, Peak:0.00M | CISCO_N9K_C9336C_FX2_V001, ViewLayer | Synchronizing object | PSU1_internal_mating_block
Fra:1 Mem:170.43M (Peak 170.43M) | Time:00:00.10 | Mem:0.00M, Peak:0.00M | CISCO_N9K_C9336C_FX2_V001, ViewLayer | Synchronizing object | PSU1_rear_internal_endcap
Fra:1 Mem:170.44M (Peak 170.44M) | Time:00:00.10 | Mem:0.00M, Peak:0.00M | CISCO_N9K_C9336C_FX2_V001, ViewLayer | Synchronizing object | PSU1_formed_silver_shell
Fra:1 Mem:170.46M (Peak 170.46M) | Time:00:00.10 | Mem:0.00M, Peak:0.00M | CISCO_N9K_C9336C_FX2_V001, ViewLayer | Synchronizing object | Fan3_fine_vertical_thumb_rib_1_9
Fra:1 Mem:170.47M (Peak 170.47M) | Time:00:00.10 | Mem:0.00M, Peak:0.00M | CISCO_N9K_C9336C_FX2_V001, ViewLayer | Synchronizing object | Fan3_fine_vertical_thumb_rib_1_8
Fra:1 Mem:170.47M (Peak 170.47M) | Time:00:00.10 | Mem:0.00M, Peak:0.00M | CISCO_N9K_C9336C_FX2_V001, ViewLayer | Synchronizing object | Fan3_fine_vertical_thumb_rib_1_7
Fra:1 Mem:170.47M (Peak 170.47M) | Time:00:00.10 | Mem:0.00M, Peak:0.00M | CISCO_N9K_C9336C_FX2_V001, ViewLayer | Synchronizing object | Fan3_fine_vertical_thumb_rib_1_6
Fra:1 Mem:170.48M (Peak 170.48M) | Time:00:00.10 | Mem:0.00M, Peak:0.00M | CISCO_N9K_C9336C_FX2_V001, ViewLayer | Synchronizing object | Fan3_fine_vertical_thumb_rib_1_5
Fra:1 Mem:170.48M (Peak 170.48M) | Time:00:00.10 | Mem:0.00M, Peak:0.00M | CISCO_N9K_C9336C_FX2_V001, ViewLayer | Synchronizing object | Fan3_fine_vertical_thumb_rib_1_4
Fra:1 Mem:170.49M (Peak 170.49M) | Time:00:00.10 | Mem:0.00M, Peak:0.00M | CISCO_N9K_C9336C_FX2_V001, ViewLayer | Synchronizing object | Fan3_fine_vertical_thumb_rib_1_3
Fra:1 Mem:170.49M (Peak 170.49M) | Time:00:00.10 | Mem:0.00M, Peak:0.00M | CISCO_N9K_C9336C_FX2_V001, ViewLayer | Synchronizing object | Fan3_fine_vertical_thumb_rib_1_2
Fra:1 Mem:170.50M (Peak 170.50M) | Time:00:00.10 | Mem:0.00M, Peak:0.00M | CISCO_N9K_C9336C_FX2_V001, ViewLayer | Synchronizing object | Fan3_fine_vertical_thumb_rib_1_1
Fra:1 Mem:170.50M (Peak 170.50M) | Time:00:00.10 | Mem:0.00M, Peak:0.00M | CISCO_N9K_C9336C_FX2_V001, ViewLayer | Synchronizing object | Fan3_fine_vertical_thumb_rib_1_0
Fra:1 Mem:170.50M (Peak 170.50M) | Time:00:00.10 | Mem:0.00M, Peak:0.00M | CISCO_N9K_C9336C_FX2_V001, ViewLayer | Synchronizing object | Fan3_fine_vertical_thumb_rib_-1_9
Fra:1 Mem:170.51M (Peak 170.51M) | Time:00:00.10 | Mem:0.00M, Peak:0.00M | CISCO_N9K_C9336C_FX2_V001, ViewLayer | Synchronizing object | Fan3_fine_vertical_thumb_rib_-1_8
Fra:1 Mem:170.51M (Peak 170.51M) | Time:00:00.10 | Mem:0.00M, Peak:0.00M | CISCO_N9K_C9336C_FX2_V001, ViewLayer | Synchronizing object | Fan3_fine_vertical_thumb_rib_-1_7
Fra:1 Mem:170.52M (Peak 170.52M) | Time:00:00.10 | Mem:0.00M, Peak:0.00M | CISCO_N9K_C9336C_FX2_V001, ViewLayer | Synchronizing object | Fan3_fine_vertical_thumb_rib_-1_6
Fra:1 Mem:170.52M (Peak 170.52M) | Time:00:00.10 | Mem:0.00M, Peak:0.00M | CISCO_N9K_C9336C_FX2_V001, ViewLayer | Synchronizing object | Fan3_fine_vertical_thumb_rib_-1_5
Fra:1 Mem:170.53M (Peak 170.53M) | Time:00:00.10 | Mem:0.00M, Peak:0.00M | CISCO_N9K_C9336C_FX2_V001, ViewLayer | Synchronizing object | Fan3_fine_vertical_thumb_rib_-1_4
Fra:1 Mem:170.53M (Peak 170.53M) | Time:00:00.10 | Mem:0.00M, Peak:0.00M | CISCO_N9K_C9336C_FX2_V001, ViewLayer | Synchronizing object | Fan3_fine_vertical_thumb_rib_-1_3
Fra:1 Mem:170.53M (Peak 170.53M) | Time:00:00.10 | Mem:0.00M, Peak:0.00M | CISCO_N9K_C9336C_FX2_V001, ViewLayer | Synchronizing object | Fan3_fine_vertical_thumb_rib_-1_2
Fra:1 Mem:170.54M (Peak 170.54M) | Time:00:00.10 | Mem:0.00M, Peak:0.00M | CISCO_N9K_C9336C_FX2_V001, ViewLayer | Synchronizing object | Fan3_fine_vertical_thumb_rib_-1_1
Fra:1 Mem:170.54M (Peak 170.54M) | Time:00:00.10 | Mem:0.00M, Peak:0.00M | CISCO_N9K_C9336C_FX2_V001, ViewLayer | Synchronizing object | Fan3_fine_vertical_thumb_rib_-1_0
Fra:1 Mem:170.55M (Peak 170.55M) | Time:00:00.10 | Mem:0.00M, Peak:0.00M | CISCO_N9K_C9336C_FX2_V001, ViewLayer | Synchronizing object | Fan2_fine_vertical_thumb_rib_1_9
Fra:1 Mem:170.55M (Peak 170.55M) | Time:00:00.10 | Mem:0.00M, Peak:0.00M | CISCO_N9K_C9336C_FX2_V001, ViewLayer | Synchronizing object | Fan2_fine_vertical_thumb_rib_1_8
Fra:1 Mem:170.56M (Peak 170.56M) | Time:00:00.10 | Mem:0.00M, Peak:0.00M | CISCO_N9K_C9336C_FX2_V001, ViewLayer | Synchronizing object | Fan2_fine_vertical_thumb_rib_1_7
Fra:1 Mem:170.56M (Peak 170.56M) | Time:00:00.10 | Mem:0.00M, Peak:0.00M | CISCO_N9K_C9336C_FX2_V001, ViewLayer | Synchronizing object | Fan2_fine_vertical_thumb_rib_1_6
Fra:1 Mem:170.56M (Peak 170.56M) | Time:00:00.10 | Mem:0.00M, Peak:0.00M | CISCO_N9K_C9336C_FX2_V001, ViewLayer | Synchronizing object | Fan2_fine_vertical_thumb_rib_1_5
Fra:1 Mem:170.57M (Peak 170.57M) | Time:00:00.10 | Mem:0.00M, Peak:0.00M | CISCO_N9K_C9336C_FX2_V001, ViewLayer | Synchronizing object | Fan2_fine_vertical_thumb_rib_1_4
Fra:1 Mem:170.57M (Peak 170.57M) | Time:00:00.10 | Mem:0.00M, Peak:0.00M | CISCO_N9K_C9336C_FX2_V001, ViewLayer | Synchronizing object | Fan2_fine_vertical_thumb_rib_1_3
Fra:1 Mem:170.58M (Peak 170.58M) | Time:00:00.10 | Mem:0.00M, Peak:0.00M | CISCO_N9K_C9336C_FX2_V001, ViewLayer | Synchronizing object | Fan2_fine_vertical_thumb_rib_1_2
Fra:1 Mem:170.58M (Peak 170.58M) | Time:00:00.10 | Mem:0.00M, Peak:0.00M | CISCO_N9K_C9336C_FX2_V001, ViewLayer | Synchronizing object | Fan2_fine_vertical_thumb_rib_1_1
Fra:1 Mem:170.59M (Peak 170.59M) | Time:00:00.10 | Mem:0.00M, Peak:0.00M | CISCO_N9K_C9336C_FX2_V001, ViewLayer | Synchronizing object | Fan2_fine_vertical_thumb_rib_1_0
Fra:1 Mem:170.59M (Peak 170.59M) | Time:00:00.10 | Mem:0.00M, Peak:0.00M | CISCO_N9K_C9336C_FX2_V001, ViewLayer | Synchronizing object | Fan2_fine_vertical_thumb_rib_-1_9
Fra:1 Mem:170.59M (Peak 170.59M) | Time:00:00.10 | Mem:0.00M, Peak:0.00M | CISCO_N9K_C9336C_FX2_V001, ViewLayer | Synchronizing object | Fan2_fine_vertical_thumb_rib_-1_8
Fra:1 Mem:170.60M (Peak 170.60M) | Time:00:00.10 | Mem:0.00M, Peak:0.00M | CISCO_N9K_C9336C_FX2_V001, ViewLayer | Synchronizing object | Fan2_fine_vertical_thumb_rib_-1_7
Fra:1 Mem:170.60M (Peak 170.60M) | Time:00:00.10 | Mem:0.00M, Peak:0.00M | CISCO_N9K_C9336C_FX2_V001, ViewLayer | Synchronizing object | Fan2_fine_vertical_thumb_rib_-1_6
Fra:1 Mem:170.61M (Peak 170.61M) | Time:00:00.10 | Mem:0.00M, Peak:0.00M | CISCO_N9K_C9336C_FX2_V001, ViewLayer | Synchronizing object | Fan2_fine_vertical_thumb_rib_-1_5
Fra:1 Mem:170.61M (Peak 170.61M) | Time:00:00.10 | Mem:0.00M, Peak:0.00M | CISCO_N9K_C9336C_FX2_V001, ViewLayer | Synchronizing object | Fan2_fine_vertical_thumb_rib_-1_4
Fra:1 Mem:170.62M (Peak 170.62M) | Time:00:00.10 | Mem:0.00M, Peak:0.00M | CISCO_N9K_C9336C_FX2_V001, ViewLayer | Synchronizing object | Fan2_fine_vertical_thumb_rib_-1_3
Fra:1 Mem:170.62M (Peak 170.62M) | Time:00:00.10 | Mem:0.00M, Peak:0.00M | CISCO_N9K_C9336C_FX2_V001, ViewLayer | Synchronizing object | Fan2_fine_vertical_thumb_rib_-1_2
Fra:1 Mem:170.63M (Peak 170.63M) | Time:00:00.10 | Mem:0.00M, Peak:0.00M | CISCO_N9K_C9336C_FX2_V001, ViewLayer | Synchronizing object | Fan2_fine_vertical_thumb_rib_-1_1
Fra:1 Mem:170.63M (Peak 170.63M) | Time:00:00.10 | Mem:0.00M, Peak:0.00M | CISCO_N9K_C9336C_FX2_V001, ViewLayer | Synchronizing object | Fan2_fine_vertical_thumb_rib_-1_0
Fra:1 Mem:170.63M (Peak 170.63M) | Time:00:00.10 | Mem:0.00M, Peak:0.00M | CISCO_N9K_C9336C_FX2_V001, ViewLayer | Synchronizing object | Fan1_fine_vertical_thumb_rib_1_9
Fra:1 Mem:170.64M (Peak 170.64M) | Time:00:00.10 | Mem:0.00M, Peak:0.00M | CISCO_N9K_C9336C_FX2_V001, ViewLayer | Synchronizing object | Fan1_fine_vertical_thumb_rib_1_8
Fra:1 Mem:170.64M (Peak 170.64M) | Time:00:00.10 | Mem:0.00M, Peak:0.00M | CISCO_N9K_C9336C_FX2_V001, ViewLayer | Synchronizing object | Fan1_fine_vertical_thumb_rib_1_7
Fra:1 Mem:170.65M (Peak 170.65M) | Time:00:00.10 | Mem:0.00M, Peak:0.00M | CISCO_N9K_C9336C_FX2_V001, ViewLayer | Synchronizing object | Fan1_fine_vertical_thumb_rib_1_6
Fra:1 Mem:170.65M (Peak 170.65M) | Time:00:00.10 | Mem:0.00M, Peak:0.00M | CISCO_N9K_C9336C_FX2_V001, ViewLayer | Synchronizing object | Fan1_fine_vertical_thumb_rib_1_5
Fra:1 Mem:170.66M (Peak 170.66M) | Time:00:00.10 | Mem:0.00M, Peak:0.00M | CISCO_N9K_C9336C_FX2_V001, ViewLayer | Synchronizing object | Fan1_fine_vertical_thumb_rib_1_4
Fra:1 Mem:170.66M (Peak 170.66M) | Time:00:00.10 | Mem:0.00M, Peak:0.00M | CISCO_N9K_C9336C_FX2_V001, ViewLayer | Synchronizing object | Fan1_fine_vertical_thumb_rib_1_3
Fra:1 Mem:170.66M (Peak 170.66M) | Time:00:00.10 | Mem:0.00M, Peak:0.00M | CISCO_N9K_C9336C_FX2_V001, ViewLayer | Synchronizing object | Fan1_fine_vertical_thumb_rib_1_2
Fra:1 Mem:170.67M (Peak 170.67M) | Time:00:00.10 | Mem:0.00M, Peak:0.00M | CISCO_N9K_C9336C_FX2_V001, ViewLayer | Synchronizing object | Fan1_fine_vertical_thumb_rib_1_1
Fra:1 Mem:170.67M (Peak 170.67M) | Time:00:00.10 | Mem:0.00M, Peak:0.00M | CISCO_N9K_C9336C_FX2_V001, ViewLayer | Synchronizing object | Fan1_fine_vertical_thumb_rib_1_0
Fra:1 Mem:170.68M (Peak 170.68M) | Time:00:00.10 | Mem:0.00M, Peak:0.00M | CISCO_N9K_C9336C_FX2_V001, ViewLayer | Synchronizing object | Fan1_fine_vertical_thumb_rib_-1_9
Fra:1 Mem:170.68M (Peak 170.68M) | Time:00:00.10 | Mem:0.00M, Peak:0.00M | CISCO_N9K_C9336C_FX2_V001, ViewLayer | Synchronizing object | Fan1_fine_vertical_thumb_rib_-1_8
Fra:1 Mem:170.69M (Peak 170.69M) | Time:00:00.10 | Mem:0.00M, Peak:0.00M | CISCO_N9K_C9336C_FX2_V001, ViewLayer | Synchronizing object | Fan1_fine_vertical_thumb_rib_-1_7
Fra:1 Mem:170.69M (Peak 170.69M) | Time:00:00.10 | Mem:0.00M, Peak:0.00M | CISCO_N9K_C9336C_FX2_V001, ViewLayer | Synchronizing object | Fan1_fine_vertical_thumb_rib_-1_6
Fra:1 Mem:170.69M (Peak 170.69M) | Time:00:00.10 | Mem:0.00M, Peak:0.00M | CISCO_N9K_C9336C_FX2_V001, ViewLayer | Synchronizing object | Fan1_fine_vertical_thumb_rib_-1_5
Fra:1 Mem:170.70M (Peak 170.70M) | Time:00:00.10 | Mem:0.00M, Peak:0.00M | CISCO_N9K_C9336C_FX2_V001, ViewLayer | Synchronizing object | Fan1_fine_vertical_thumb_rib_-1_4
Fra:1 Mem:170.70M (Peak 170.70M) | Time:00:00.10 | Mem:0.00M, Peak:0.00M | CISCO_N9K_C9336C_FX2_V001, ViewLayer | Synchronizing object | Fan1_fine_vertical_thumb_rib_-1_3
Fra:1 Mem:170.71M (Peak 170.71M) | Time:00:00.10 | Mem:0.00M, Peak:0.00M | CISCO_N9K_C9336C_FX2_V001, ViewLayer | Synchronizing object | Fan1_fine_vertical_thumb_rib_-1_2
Fra:1 Mem:172.97M (Peak 182.02M) | Time:00:00.26 | Mem:0.00M, Peak:0.00M | CISCO_N9K_C9336C_FX2_V001, ViewLayer | Initializing
Fra:1 Mem:168.51M (Peak 182.02M) | Time:00:00.27 | Mem:0.00M, Peak:0.00M | CISCO_N9K_C9336C_FX2_V001, ViewLayer | Updating Images | Loading NWR_original_chassis_label_baked
Fra:1 Mem:168.51M (Peak 182.02M) | Time:00:00.27 | Mem:0.00M, Peak:0.00M | CISCO_N9K_C9336C_FX2_V001, ViewLayer | Updating Images | Loading metal-micro-normal
Fra:1 Mem:168.51M (Peak 182.02M) | Time:00:00.27 | Mem:0.00M, Peak:0.00M | CISCO_N9K_C9336C_FX2_V001, ViewLayer | Updating Images | Loading fastener-steel-roughness
Fra:1 Mem:173.02M (Peak 182.02M) | Time:00:00.27 | Mem:0.00M, Peak:0.00M | CISCO_N9K_C9336C_FX2_V001, ViewLayer | Updating Images | Loading zinc-plated-brackets-roughness
Fra:1 Mem:173.02M (Peak 182.02M) | Time:00:00.27 | Mem:0.00M, Peak:0.00M | CISCO_N9K_C9336C_FX2_V001, ViewLayer | Updating Images | Loading dark-grille-metal-roughness
Fra:1 Mem:155.47M (Peak 182.02M) | Time:00:00.30 | Mem:7.50M, Peak:7.50M | CISCO_N9K_C9336C_FX2_V001, ViewLayer | Waiting for render to start
Fra:1 Mem:155.47M (Peak 182.02M) | Time:00:00.30 | Mem:7.50M, Peak:7.50M | CISCO_N9K_C9336C_FX2_V001, ViewLayer | Loading render kernels (may take a few minutes the first time)
Fra:1 Mem:155.47M (Peak 182.02M) | Time:00:00.30 | Mem:7.50M, Peak:7.50M | CISCO_N9K_C9336C_FX2_V001, ViewLayer | Updating Scene
Fra:1 Mem:155.47M (Peak 182.02M) | Time:00:00.30 | Mem:7.50M, Peak:7.50M | CISCO_N9K_C9336C_FX2_V001, ViewLayer | Updating Shaders
Fra:1 Mem:155.57M (Peak 182.02M) | Time:00:00.30 | Mem:7.51M, Peak:7.51M | CISCO_N9K_C9336C_FX2_V001, ViewLayer | Updating Procedurals
Fra:1 Mem:155.57M (Peak 182.02M) | Time:00:00.30 | Mem:7.51M, Peak:7.51M | CISCO_N9K_C9336C_FX2_V001, ViewLayer | Updating Background
Fra:1 Mem:155.57M (Peak 182.02M) | Time:00:00.30 | Mem:7.51M, Peak:7.51M | CISCO_N9K_C9336C_FX2_V001, ViewLayer | Updating Camera
Fra:1 Mem:155.57M (Peak 182.02M) | Time:00:00.30 | Mem:7.51M, Peak:7.51M | CISCO_N9K_C9336C_FX2_V001, ViewLayer | Updating Meshes Flags
Fra:1 Mem:155.57M (Peak 182.02M) | Time:00:00.30 | Mem:7.51M, Peak:7.51M | CISCO_N9K_C9336C_FX2_V001, ViewLayer | Updating Objects
Fra:1 Mem:155.57M (Peak 182.02M) | Time:00:00.30 | Mem:7.51M, Peak:7.51M | CISCO_N9K_C9336C_FX2_V001, ViewLayer | Updating Objects | Copying Transformations to device
Fra:1 Mem:155.79M (Peak 182.02M) | Time:00:00.30 | Mem:7.73M, Peak:7.73M | CISCO_N9K_C9336C_FX2_V001, ViewLayer | Updating Objects | Applying Static Transformations
Fra:1 Mem:155.79M (Peak 182.02M) | Time:00:00.30 | Mem:7.73M, Peak:7.73M | CISCO_N9K_C9336C_FX2_V001, ViewLayer | Updating Particle Systems
Fra:1 Mem:155.79M (Peak 182.02M) | Time:00:00.30 | Mem:7.73M, Peak:7.73M | CISCO_N9K_C9336C_FX2_V001, ViewLayer | Updating Particle Systems | Copying Particles to device
Fra:1 Mem:155.80M (Peak 182.02M) | Time:00:00.30 | Mem:7.73M, Peak:7.73M | CISCO_N9K_C9336C_FX2_V001, ViewLayer | Updating Meshes
Fra:1 Mem:161.68M (Peak 182.02M) | Time:00:00.31 | Mem:7.73M, Peak:7.73M | CISCO_N9K_C9336C_FX2_V001, ViewLayer | Updating Mesh | Computing attributes
Fra:1 Mem:188.10M (Peak 188.10M) | Time:00:00.34 | Mem:7.77M, Peak:7.77M | CISCO_N9K_C9336C_FX2_V001, ViewLayer | Updating Mesh | Copying Attributes to device
Fra:1 Mem:187.97M (Peak 188.10M) | Time:00:00.34 | Mem:34.02M, Peak:34.02M | CISCO_N9K_C9336C_FX2_V001, ViewLayer | Updating Geometry BVH Lid_flush_Phillips_00 1/30 | Building BVH
Fra:1 Mem:187.97M (Peak 188.10M) | Time:00:00.34 | Mem:34.02M, Peak:34.02M | CISCO_N9K_C9336C_FX2_V001, ViewLayer | Updating Geometry BVH Pair01_stainless_shell_29mm_deep 2/30 | Building BVH
Fra:1 Mem:187.97M (Peak 188.10M) | Time:00:00.34 | Mem:34.03M, Peak:34.03M | CISCO_N9K_C9336C_FX2_V001, ViewLayer | Updating Geometry BVH Pair01_front_separator_true_perforations 3/30 | Building BVH 0%
Fra:1 Mem:187.97M (Peak 188.10M) | Time:00:00.34 | Mem:34.03M, Peak:34.03M | CISCO_N9K_C9336C_FX2_V001, ViewLayer | Updating Geometry BVH Pair01_front_separator_true_perforations 3/30 | Building BVH
Fra:1 Mem:187.97M (Peak 188.10M) | Time:00:00.34 | Mem:34.03M, Peak:34.04M | CISCO_N9K_C9336C_FX2_V001, ViewLayer | Updating Geometry BVH Port01_recessed_connector_stop 5/30 | Building BVH
Fra:1 Mem:187.97M (Peak 188.10M) | Time:00:00.34 | Mem:34.03M, Peak:34.04M | CISCO_N9K_C9336C_FX2_V001, ViewLayer | Updating Geometry BVH Pair01_internal_cooling_shelf 4/30 | Building BVH
Fra:1 Mem:187.97M (Peak 188.10M) | Time:00:00.34 | Mem:34.10M, Peak:34.10M | CISCO_N9K_C9336C_FX2_V001, ViewLayer | Updating Geometry BVH Port01_connector_contact_surround 6/30 | Building BVH
Fra:1 Mem:187.97M (Peak 188.10M) | Time:00:00.34 | Mem:34.13M, Peak:34.13M | CISCO_N9K_C9336C_FX2_V001, ViewLayer | Updating Geometry BVH Port01_guide_-1_-4.25 7/30 | Building BVH
Fra:1 Mem:187.97M (Peak 188.10M) | Time:00:00.34 | Mem:34.13M, Peak:34.13M | CISCO_N9K_C9336C_FX2_V001, ViewLayer | Updating Geometry BVH Port02_subtle_recessed_contact_row 30/30 | Building BVH
Fra:1 Mem:187.97M (Peak 188.10M) | Time:00:00.34 | Mem:34.15M, Peak:34.15M | CISCO_N9K_C9336C_FX2_V001, ViewLayer | Updating Geometry BVH Port01_spring_-1_-2.8 9/30 | Building BVH
Fra:1 Mem:187.97M (Peak 188.10M) | Time:00:00.34 | Mem:34.16M, Peak:34.16M | CISCO_N9K_C9336C_FX2_V001, ViewLayer | Updating Geometry BVH Port01_spring_-1_2.8 11/30 | Building BVH
Fra:1 Mem:187.97M (Peak 188.10M) | Time:00:00.34 | Mem:34.17M, Peak:34.17M | CISCO_N9K_C9336C_FX2_V001, ViewLayer | Updating Geometry BVH Port01_guide_1_-4.25 12/30 | Building BVH
Fra:1 Mem:187.97M (Peak 188.10M) | Time:00:00.34 | Mem:34.17M, Peak:34.17M | CISCO_N9K_C9336C_FX2_V001, ViewLayer | Updating Geometry BVH Port01_guide_1_4.25 13/30 | Building BVH
Fra:1 Mem:187.97M (Peak 188.10M) | Time:00:00.34 | Mem:34.19M, Peak:34.19M | CISCO_N9K_C9336C_FX2_V001, ViewLayer | Updating Geometry BVH Port01_spring_1_-2.8 14/30 | Building BVH
Fra:1 Mem:187.97M (Peak 188.10M) | Time:00:00.34 | Mem:34.21M, Peak:34.21M | CISCO_N9K_C9336C_FX2_V001, ViewLayer | Updating Geometry BVH Port01_spring_1_0 15/30 | Building BVH
Fra:1 Mem:187.97M (Peak 188.10M) | Time:00:00.34 | Mem:34.22M, Peak:34.22M | CISCO_N9K_C9336C_FX2_V001, ViewLayer | Updating Geometry BVH Port01_spring_1_2.8 16/30 | Building BVH
Fra:1 Mem:187.97M (Peak 188.10M) | Time:00:00.34 | Mem:34.24M, Peak:34.24M | CISCO_N9K_C9336C_FX2_V001, ViewLayer | Updating Geometry BVH Port02_recessed_connector_stop 18/30 | Building BVH
Fra:1 Mem:187.97M (Peak 188.10M) | Time:00:00.34 | Mem:34.28M, Peak:34.28M | CISCO_N9K_C9336C_FX2_V001, ViewLayer | Updating Geometry BVH Port02_connector_contact_surround 19/30 | Building BVH
Fra:1 Mem:187.97M (Peak 188.10M) | Time:00:00.34 | Mem:34.29M, Peak:34.29M | CISCO_N9K_C9336C_FX2_V001, ViewLayer | Updating Geometry BVH Port02_guide_-1_-4.25 20/30 | Building BVH
Fra:1 Mem:187.97M (Peak 188.10M) | Time:00:00.34 | Mem:34.29M, Peak:34.29M | CISCO_N9K_C9336C_FX2_V001, ViewLayer | Updating Geometry BVH Port02_guide_-1_4.25 21/30 | Building BVH
Fra:1 Mem:187.97M (Peak 188.10M) | Time:00:00.34 | Mem:34.31M, Peak:34.31M | CISCO_N9K_C9336C_FX2_V001, ViewLayer | Updating Geometry BVH Port02_spring_-1_-2.8 22/30 | Building BVH
Fra:1 Mem:187.97M (Peak 188.10M) | Time:00:00.34 | Mem:34.36M, Peak:34.36M | CISCO_N9K_C9336C_FX2_V001, ViewLayer | Updating Geometry BVH Port02_spring_-1_0 23/30 | Building BVH
Fra:1 Mem:187.97M (Peak 188.10M) | Time:00:00.34 | Mem:34.38M, Peak:34.38M | CISCO_N9K_C9336C_FX2_V001, ViewLayer | Updating Geometry BVH Port02_spring_-1_2.8 24/30 | Building BVH
Fra:1 Mem:187.97M (Peak 188.10M) | Time:00:00.34 | Mem:34.39M, Peak:34.39M | CISCO_N9K_C9336C_FX2_V001, ViewLayer | Updating Geometry BVH Port02_guide_1_-4.25 25/30 | Building BVH
Fra:1 Mem:187.97M (Peak 188.10M) | Time:00:00.34 | Mem:34.41M, Peak:34.41M | CISCO_N9K_C9336C_FX2_V001, ViewLayer | Updating Geometry BVH Port02_guide_1_4.25 26/30 | Building BVH
Fra:1 Mem:187.97M (Peak 188.10M) | Time:00:00.34 | Mem:34.42M, Peak:34.42M | CISCO_N9K_C9336C_FX2_V001, ViewLayer | Updating Geometry BVH Port02_spring_1_0 28/30 | Building BVH
Fra:1 Mem:187.97M (Peak 188.10M) | Time:00:00.34 | Mem:34.44M, Peak:34.44M | CISCO_N9K_C9336C_FX2_V001, ViewLayer | Updating Geometry BVH Port02_spring_1_2.8 29/30 | Building BVH
Fra:1 Mem:187.97M (Peak 188.10M) | Time:00:00.34 | Mem:34.49M, Peak:34.56M | CISCO_N9K_C9336C_FX2_V001, ViewLayer | Updating Scene BVH | Building
Fra:1 Mem:187.98M (Peak 188.10M) | Time:00:00.34 | Mem:34.49M, Peak:34.56M | CISCO_N9K_C9336C_FX2_V001, ViewLayer | Updating Scene BVH | Building BVH
Fra:1 Mem:187.98M (Peak 188.10M) | Time:00:00.38 | Mem:58.89M, Peak:70.50M | CISCO_N9K_C9336C_FX2_V001, ViewLayer | Updating Scene BVH | Copying BVH to device
Fra:1 Mem:187.98M (Peak 188.10M) | Time:00:00.38 | Mem:58.89M, Peak:70.50M | CISCO_N9K_C9336C_FX2_V001, ViewLayer | Updating Mesh | Computing normals
Fra:1 Mem:201.19M (Peak 201.19M) | Time:00:00.39 | Mem:58.89M, Peak:70.50M | CISCO_N9K_C9336C_FX2_V001, ViewLayer | Updating Mesh | Copying Mesh to device
Fra:1 Mem:201.19M (Peak 201.19M) | Time:00:00.39 | Mem:72.10M, Peak:72.10M | CISCO_N9K_C9336C_FX2_V001, ViewLayer | Updating Objects Flags
Fra:1 Mem:201.19M (Peak 201.19M) | Time:00:00.39 | Mem:72.11M, Peak:72.11M | CISCO_N9K_C9336C_FX2_V001, ViewLayer | Updating Primitive Offsets
Fra:1 Mem:201.19M (Peak 201.19M) | Time:00:00.39 | Mem:72.11M, Peak:72.11M | CISCO_N9K_C9336C_FX2_V001, ViewLayer | Updating Images
Fra:1 Mem:201.19M (Peak 201.19M) | Time:00:00.39 | Mem:72.11M, Peak:72.11M | CISCO_N9K_C9336C_FX2_V001, ViewLayer | Updating Camera Volume
Fra:1 Mem:201.19M (Peak 201.19M) | Time:00:00.39 | Mem:72.11M, Peak:72.11M | CISCO_N9K_C9336C_FX2_V001, ViewLayer | Updating Lookup Tables
Fra:1 Mem:201.19M (Peak 201.19M) | Time:00:00.39 | Mem:72.19M, Peak:72.19M | CISCO_N9K_C9336C_FX2_V001, ViewLayer | Updating Lights
Fra:1 Mem:201.19M (Peak 201.19M) | Time:00:00.39 | Mem:72.19M, Peak:72.19M | CISCO_N9K_C9336C_FX2_V001, ViewLayer | Updating Lights | Computing distribution
Fra:1 Mem:201.19M (Peak 201.19M) | Time:00:00.39 | Mem:72.19M, Peak:72.19M | CISCO_N9K_C9336C_FX2_V001, ViewLayer | Updating Lights | Computing tree
Fra:1 Mem:201.20M (Peak 201.20M) | Time:00:00.39 | Mem:72.20M, Peak:72.20M | CISCO_N9K_C9336C_FX2_V001, ViewLayer | Updating Integrator
Fra:1 Mem:202.20M (Peak 202.20M) | Time:00:00.39 | Mem:73.20M, Peak:73.20M | CISCO_N9K_C9336C_FX2_V001, ViewLayer | Updating Film
Fra:1 Mem:202.20M (Peak 202.20M) | Time:00:00.39 | Mem:73.12M, Peak:73.20M | CISCO_N9K_C9336C_FX2_V001, ViewLayer | Updating Lookup Tables
Fra:1 Mem:202.20M (Peak 202.20M) | Time:00:00.39 | Mem:73.20M, Peak:73.20M | CISCO_N9K_C9336C_FX2_V001, ViewLayer | Updating Baking
Fra:1 Mem:202.20M (Peak 202.20M) | Time:00:00.39 | Mem:73.20M, Peak:73.20M | CISCO_N9K_C9336C_FX2_V001, ViewLayer | Updating Device | Writing constant memory
Fra:1 Mem:202.22M (Peak 202.22M) | Time:00:00.39 | Mem:73.20M, Peak:73.20M | CISCO_N9K_C9336C_FX2_V001, ViewLayer | Sample 0/128
Fra:1 Mem:412.36M (Peak 412.36M) | Time:00:02.78 | Remaining:05:02.95 | Mem:283.33M, Peak:283.33M | CISCO_N9K_C9336C_FX2_V001, ViewLayer | Sample 1/128
Fra:1 Mem:412.36M (Peak 412.36M) | Time:00:36.20 | Remaining:03:53.83 | Mem:283.33M, Peak:283.33M | CISCO_N9K_C9336C_FX2_V001, ViewLayer | Sample 17/128
Fra:1 Mem:412.36M (Peak 412.36M) | Time:01:09.28 | Remaining:03:18.32 | Mem:283.33M, Peak:283.33M | CISCO_N9K_C9336C_FX2_V001, ViewLayer | Sample 33/128
Fra:1 Mem:412.36M (Peak 412.36M) | Time:01:41.91 | Remaining:02:43.67 | Mem:283.33M, Peak:283.33M | CISCO_N9K_C9336C_FX2_V001, ViewLayer | Sample 49/128
Fra:1 Mem:412.36M (Peak 412.36M) | Time:02:12.36 | Remaining:02:11.97 | Mem:283.33M, Peak:283.33M | CISCO_N9K_C9336C_FX2_V001, ViewLayer | Sample 64/128
Fra:1 Mem:412.36M (Peak 412.36M) | Time:02:28.89 | Remaining:01:29.09 | Mem:283.33M, Peak:283.33M | CISCO_N9K_C9336C_FX2_V001, ViewLayer | Sample 80/128
Fra:1 Mem:412.36M (Peak 412.36M) | Time:02:40.74 | Remaining:00:53.45 | Mem:283.33M, Peak:283.33M | CISCO_N9K_C9336C_FX2_V001, ViewLayer | Sample 96/128
Fra:1 Mem:412.36M (Peak 412.36M) | Time:02:49.76 | Remaining:00:24.19 | Mem:283.33M, Peak:283.33M | CISCO_N9K_C9336C_FX2_V001, ViewLayer | Sample 112/128
Fra:1 Mem:461.80M (Peak 560.68M) | Time:02:57.42 | Mem:283.33M, Peak:283.33M | CISCO_N9K_C9336C_FX2_V001, ViewLayer | Sample 128/128
Fra:1 Mem:461.80M (Peak 560.68M) | Time:02:57.42 | Mem:283.33M, Peak:283.33M | CISCO_N9K_C9336C_FX2_V001, ViewLayer | Finished
Fra:1 Mem:154.29M (Peak 560.68M) | Time:02:57.47 | Compositing
Fra:1 Mem:154.29M (Peak 560.68M) | Time:02:57.47 | Compositing | Determining resolution
Fra:1 Mem:154.29M (Peak 560.68M) | Time:02:57.47 | Compositing | Initializing execution
Fra:1 Mem:203.79M (Peak 560.68M) | Time:02:57.48 | Compositing | Tile 1-64
Fra:1 Mem:203.79M (Peak 560.68M) | Time:02:57.48 | Compositing | Tile 2-64
Fra:1 Mem:203.79M (Peak 560.68M) | Time:02:57.48 | Compositing | Tile 3-64
Fra:1 Mem:203.79M (Peak 560.68M) | Time:02:57.48 | Compositing | Tile 4-64
Fra:1 Mem:203.79M (Peak 560.68M) | Time:02:57.48 | Compositing | Tile 6-64
Fra:1 Mem:203.79M (Peak 560.68M) | Time:02:57.48 | Compositing | Tile 5-64
Fra:1 Mem:203.79M (Peak 560.68M) | Time:02:57.48 | Compositing | Tile 7-64
Fra:1 Mem:203.79M (Peak 560.68M) | Time:02:57.48 | Compositing | Tile 8-64
Fra:1 Mem:203.79M (Peak 560.68M) | Time:02:57.48 | Compositing | Tile 9-64
Fra:1 Mem:203.79M (Peak 560.68M) | Time:02:57.48 | Compositing | Tile 10-64
Fra:1 Mem:203.79M (Peak 560.68M) | Time:02:57.48 | Compositing | Tile 11-64
Fra:1 Mem:203.79M (Peak 560.68M) | Time:02:57.48 | Compositing | Tile 12-64
Fra:1 Mem:203.79M (Peak 560.68M) | Time:02:57.48 | Compositing | Tile 13-64
Fra:1 Mem:203.79M (Peak 560.68M) | Time:02:57.48 | Compositing | Tile 14-64
Fra:1 Mem:203.79M (Peak 560.68M) | Time:02:57.48 | Compositing | Tile 15-64
Fra:1 Mem:203.79M (Peak 560.68M) | Time:02:57.48 | Compositing | Tile 16-64
Fra:1 Mem:203.79M (Peak 560.68M) | Time:02:57.49 | Compositing | Tile 17-64
Fra:1 Mem:203.79M (Peak 560.68M) | Time:02:57.49 | Compositing | Tile 18-64
Fra:1 Mem:203.79M (Peak 560.68M) | Time:02:57.49 | Compositing | Tile 19-64
Fra:1 Mem:203.79M (Peak 560.68M) | Time:02:57.49 | Compositing | Tile 20-64
Fra:1 Mem:203.79M (Peak 560.68M) | Time:02:57.49 | Compositing | Tile 21-64
Fra:1 Mem:203.79M (Peak 560.68M) | Time:02:57.49 | Compositing | Tile 22-64
Fra:1 Mem:203.79M (Peak 560.68M) | Time:02:57.49 | Compositing | Tile 23-64
Fra:1 Mem:203.79M (Peak 560.68M) | Time:02:57.49 | Compositing | Tile 24-64
Fra:1 Mem:203.79M (Peak 560.68M) | Time:02:57.49 | Compositing | Tile 25-64
Fra:1 Mem:203.79M (Peak 560.68M) | Time:02:57.49 | Compositing | Tile 26-64
Fra:1 Mem:203.79M (Peak 560.68M) | Time:02:57.49 | Compositing | Tile 27-64
Fra:1 Mem:203.79M (Peak 560.68M) | Time:02:57.49 | Compositing | Tile 28-64
Fra:1 Mem:203.79M (Peak 560.68M) | Time:02:57.49 | Compositing | Tile 29-64
Fra:1 Mem:203.79M (Peak 560.68M) | Time:02:57.49 | Compositing | Tile 30-64
Fra:1 Mem:203.79M (Peak 560.68M) | Time:02:57.49 | Compositing | Tile 31-64
Fra:1 Mem:203.79M (Peak 560.68M) | Time:02:57.49 | Compositing | Tile 32-64
Fra:1 Mem:203.79M (Peak 560.68M) | Time:02:57.49 | Compositing | Tile 33-64
Fra:1 Mem:203.79M (Peak 560.68M) | Time:02:57.49 | Compositing | Tile 34-64
Fra:1 Mem:203.79M (Peak 560.68M) | Time:02:57.49 | Compositing | Tile 35-64
Fra:1 Mem:203.79M (Peak 560.68M) | Time:02:57.49 | Compositing | Tile 36-64
Fra:1 Mem:203.79M (Peak 560.68M) | Time:02:57.49 | Compositing | Tile 37-64
Fra:1 Mem:203.79M (Peak 560.68M) | Time:02:57.49 | Compositing | Tile 38-64
Fra:1 Mem:203.79M (Peak 560.68M) | Time:02:57.49 | Compositing | Tile 39-64
Fra:1 Mem:203.79M (Peak 560.68M) | Time:02:57.49 | Compositing | Tile 40-64
Fra:1 Mem:203.79M (Peak 560.68M) | Time:02:57.49 | Compositing | Tile 41-64
Fra:1 Mem:203.79M (Peak 560.68M) | Time:02:57.49 | Compositing | Tile 42-64
Fra:1 Mem:203.79M (Peak 560.68M) | Time:02:57.49 | Compositing | Tile 43-64
Fra:1 Mem:203.79M (Peak 560.68M) | Time:02:57.49 | Compositing | Tile 44-64
Fra:1 Mem:203.79M (Peak 560.68M) | Time:02:57.50 | Compositing | Tile 45-64
Fra:1 Mem:203.79M (Peak 560.68M) | Time:02:57.50 | Compositing | Tile 46-64
Fra:1 Mem:203.79M (Peak 560.68M) | Time:02:57.50 | Compositing | Tile 47-64
Fra:1 Mem:203.79M (Peak 560.68M) | Time:02:57.50 | Compositing | Tile 48-64
Fra:1 Mem:203.79M (Peak 560.68M) | Time:02:57.50 | Compositing | Tile 49-64
Fra:1 Mem:203.79M (Peak 560.68M) | Time:02:57.50 | Compositing | Tile 50-64
Fra:1 Mem:203.79M (Peak 560.68M) | Time:02:57.50 | Compositing | Tile 51-64
Fra:1 Mem:203.79M (Peak 560.68M) | Time:02:57.50 | Compositing | Tile 52-64
Fra:1 Mem:203.79M (Peak 560.68M) | Time:02:57.50 | Compositing | Tile 53-64
Fra:1 Mem:203.79M (Peak 560.68M) | Time:02:57.50 | Compositing | Tile 54-64
Fra:1 Mem:203.79M (Peak 560.68M) | Time:02:57.50 | Compositing | Tile 55-64
Fra:1 Mem:203.79M (Peak 560.68M) | Time:02:57.50 | Compositing | Tile 56-64
Fra:1 Mem:203.79M (Peak 560.68M) | Time:02:57.50 | Compositing | Tile 57-64
Fra:1 Mem:203.79M (Peak 560.68M) | Time:02:57.50 | Compositing | Tile 58-64
Fra:1 Mem:203.79M (Peak 560.68M) | Time:02:57.50 | Compositing | Tile 59-64
Fra:1 Mem:203.79M (Peak 560.68M) | Time:02:57.50 | Compositing | Tile 60-64
Fra:1 Mem:203.79M (Peak 560.68M) | Time:02:57.50 | Compositing | Tile 61-64
Fra:1 Mem:203.79M (Peak 560.68M) | Time:02:57.50 | Compositing | Tile 62-64
Fra:1 Mem:203.79M (Peak 560.68M) | Time:02:57.50 | Compositing | Tile 63-64
Fra:1 Mem:203.79M (Peak 560.68M) | Time:02:57.50 | Compositing | Tile 64-64
Fra:1 Mem:203.73M (Peak 560.68M) | Time:02:57.51 | Compositing | De-initializing execution
Saved: '/root/Project/rack-device-3d/Cisco-N9KC9336C-FX2/v001/previews/high-oblique.png'
Time: 02:58.04 (Saving: 00:00.52)

VIEW_COMPLETE high-oblique
Fra:1 Mem:129.67M (Peak 129.67M) | Time:00:00.08 | Mem:0.00M, Peak:0.00M | CISCO_N9K_C9336C_FX2_V001, ViewLayer | Synchronizing object | INFERRED_Bottom_folded_sheet
Fra:1 Mem:129.68M (Peak 129.68M) | Time:00:00.08 | Mem:0.00M, Peak:0.00M | CISCO_N9K_C9336C_FX2_V001, ViewLayer | Synchronizing object | Lid_staggered_punched_vent_2028_through_holes
Fra:1 Mem:129.95M (Peak 129.95M) | Time:00:00.08 | Mem:0.00M, Peak:0.00M | CISCO_N9K_C9336C_FX2_V001, ViewLayer | Synchronizing object | Lid_vent_side_border_-1
Fra:1 Mem:134.89M (Peak 134.89M) | Time:00:00.08 | Mem:0.00M, Peak:0.00M | CISCO_N9K_C9336C_FX2_V001, ViewLayer | Synchronizing object | Lid_vent_side_border_1
Fra:1 Mem:134.91M (Peak 134.91M) | Time:00:00.08 | Mem:0.00M, Peak:0.00M | CISCO_N9K_C9336C_FX2_V001, ViewLayer | Synchronizing object | Interior_under_port_vent_baffle
Fra:1 Mem:134.91M (Peak 134.91M) | Time:00:00.08 | Mem:0.00M, Peak:0.00M | CISCO_N9K_C9336C_FX2_V001, ViewLayer | Synchronizing object | Rear_horizontal_rim_1.25
Fra:1 Mem:134.91M (Peak 134.91M) | Time:00:00.08 | Mem:0.00M, Peak:0.00M | CISCO_N9K_C9336C_FX2_V001, ViewLayer | Synchronizing object | Rear_horizontal_rim_42.438
Fra:1 Mem:134.91M (Peak 134.91M) | Time:00:00.08 | Mem:0.00M, Peak:0.00M | CISCO_N9K_C9336C_FX2_V001, ViewLayer | Synchronizing object | Rear_side_rim_-218.46
Fra:1 Mem:134.91M (Peak 134.91M) | Time:00:00.08 | Mem:0.00M, Peak:0.00M | CISCO_N9K_C9336C_FX2_V001, ViewLayer | Synchronizing object | Rear_side_rim_218.46
Fra:1 Mem:136.36M (Peak 136.36M) | Time:00:00.08 | Mem:0.00M, Peak:0.00M | CISCO_N9K_C9336C_FX2_V001, ViewLayer | Synchronizing object | Rear_module_divider_160
Fra:1 Mem:136.37M (Peak 136.37M) | Time:00:00.08 | Mem:0.00M, Peak:0.00M | CISCO_N9K_C9336C_FX2_V001, ViewLayer | Synchronizing object | Rear_module_divider_70
Fra:1 Mem:136.39M (Peak 136.39M) | Time:00:00.08 | Mem:0.00M, Peak:0.00M | CISCO_N9K_C9336C_FX2_V001, ViewLayer | Synchronizing object | Rear_module_divider_-20
Fra:1 Mem:136.40M (Peak 136.40M) | Time:00:00.08 | Mem:0.00M, Peak:0.00M | CISCO_N9K_C9336C_FX2_V001, ViewLayer | Synchronizing object | Rear_module_divider_-110
Fra:1 Mem:136.42M (Peak 136.42M) | Time:00:00.08 | Mem:0.00M, Peak:0.00M | CISCO_N9K_C9336C_FX2_V001, ViewLayer | Synchronizing object | Rear_module_divider_-160
Fra:1 Mem:136.43M (Peak 136.43M) | Time:00:00.08 | Mem:0.00M, Peak:0.00M | CISCO_N9K_C9336C_FX2_V001, ViewLayer | Synchronizing object | Lid_flush_Phillips_00
Fra:1 Mem:136.46M (Peak 136.46M) | Time:00:00.08 | Mem:0.00M, Peak:0.00M | CISCO_N9K_C9336C_FX2_V001, ViewLayer | Synchronizing object | Port_face_solid_punched_panel
Fra:1 Mem:138.18M (Peak 138.18M) | Time:00:00.08 | Mem:0.00M, Peak:0.00M | CISCO_N9K_C9336C_FX2_V001, ViewLayer | Synchronizing object | LEFT_EAR_bent_opaque_solid_with_true_bores
Fra:1 Mem:139.35M (Peak 139.35M) | Time:00:00.08 | Mem:0.00M, Peak:0.00M | CISCO_N9K_C9336C_FX2_V001, ViewLayer | Synchronizing object | LEFT_ear_M4_-284_10.8
Fra:1 Mem:139.41M (Peak 139.41M) | Time:00:00.08 | Mem:0.00M, Peak:0.00M | CISCO_N9K_C9336C_FX2_V001, ViewLayer | Synchronizing object | LEFT_ear_M4_-284_32.8
Fra:1 Mem:139.99M (Peak 139.99M) | Time:00:00.08 | Mem:0.00M, Peak:0.00M | CISCO_N9K_C9336C_FX2_V001, ViewLayer | Synchronizing object | LEFT_ear_M4_-256_10.8
Fra:1 Mem:139.99M (Peak 139.99M) | Time:00:00.08 | Mem:0.00M, Peak:0.00M | CISCO_N9K_C9336C_FX2_V001, ViewLayer | Synchronizing object | LEFT_ear_M4_-256_32.8
Fra:1 Mem:140.02M (Peak 140.02M) | Time:00:00.08 | Mem:0.00M, Peak:0.00M | CISCO_N9K_C9336C_FX2_V001, ViewLayer | Synchronizing object | RIGHT_EAR_bent_opaque_solid_with_true_bores
Fra:1 Mem:140.37M (Peak 140.37M) | Time:00:00.08 | Mem:0.00M, Peak:0.00M | CISCO_N9K_C9336C_FX2_V001, ViewLayer | Synchronizing object | RIGHT_ear_M4_-284_10.8
Fra:1 Mem:140.38M (Peak 140.38M) | Time:00:00.08 | Mem:0.00M, Peak:0.00M | CISCO_N9K_C9336C_FX2_V001, ViewLayer | Synchronizing object | RIGHT_ear_M4_-284_32.8
Fra:1 Mem:140.66M (Peak 140.66M) | Time:00:00.08 | Mem:0.00M, Peak:0.00M | CISCO_N9K_C9336C_FX2_V001, ViewLayer | Synchronizing object | RIGHT_ear_M4_-256_10.8
Fra:1 Mem:140.67M (Peak 140.67M) | Time:00:00.08 | Mem:0.00M, Peak:0.00M | CISCO_N9K_C9336C_FX2_V001, ViewLayer | Synchronizing object | RIGHT_ear_M4_-256_32.8
Fra:1 Mem:142.21M (Peak 142.21M) | Time:00:00.08 | Mem:0.00M, Peak:0.00M | CISCO_N9K_C9336C_FX2_V001, ViewLayer | Synchronizing object | Pair01_stainless_shell_29mm_deep
Fra:1 Mem:142.21M (Peak 142.21M) | Time:00:00.08 | Mem:0.00M, Peak:0.00M | CISCO_N9K_C9336C_FX2_V001, ViewLayer | Synchronizing object | Pair01_front_separator_true_perforations
Fra:1 Mem:142.37M (Peak 142.37M) | Time:00:00.08 | Mem:0.00M, Peak:0.00M | CISCO_N9K_C9336C_FX2_V001, ViewLayer | Synchronizing object | Pair01_internal_cooling_shelf
Fra:1 Mem:142.48M (Peak 142.48M) | Time:00:00.08 | Mem:0.00M, Peak:0.00M | CISCO_N9K_C9336C_FX2_V001, ViewLayer | Synchronizing object | Port01_recessed_connector_stop
Fra:1 Mem:142.48M (Peak 142.48M) | Time:00:00.08 | Mem:0.00M, Peak:0.00M | CISCO_N9K_C9336C_FX2_V001, ViewLayer | Synchronizing object | Port01_connector_contact_surround
Fra:1 Mem:142.52M (Peak 142.52M) | Time:00:00.08 | Mem:0.00M, Peak:0.00M | CISCO_N9K_C9336C_FX2_V001, ViewLayer | Synchronizing object | Port01_guide_-1_-4.25
Fra:1 Mem:144.20M (Peak 144.20M) | Time:00:00.08 | Mem:0.00M, Peak:0.00M | CISCO_N9K_C9336C_FX2_V001, ViewLayer | Synchronizing object | Port01_guide_-1_4.25
Fra:1 Mem:144.21M (Peak 144.21M) | Time:00:00.08 | Mem:0.00M, Peak:0.00M | CISCO_N9K_C9336C_FX2_V001, ViewLayer | Synchronizing object | Port01_spring_-1_-2.8
Fra:1 Mem:144.23M (Peak 144.23M) | Time:00:00.08 | Mem:0.00M, Peak:0.00M | CISCO_N9K_C9336C_FX2_V001, ViewLayer | Synchronizing object | Port01_spring_-1_0
Fra:1 Mem:144.24M (Peak 144.24M) | Time:00:00.08 | Mem:0.00M, Peak:0.00M | CISCO_N9K_C9336C_FX2_V001, ViewLayer | Synchronizing object | Port01_spring_-1_2.8
Fra:1 Mem:144.26M (Peak 144.26M) | Time:00:00.08 | Mem:0.00M, Peak:0.00M | CISCO_N9K_C9336C_FX2_V001, ViewLayer | Synchronizing object | Port01_guide_1_-4.25
Fra:1 Mem:144.27M (Peak 144.27M) | Time:00:00.08 | Mem:0.00M, Peak:0.00M | CISCO_N9K_C9336C_FX2_V001, ViewLayer | Synchronizing object | Port01_guide_1_4.25
Fra:1 Mem:144.29M (Peak 144.29M) | Time:00:00.08 | Mem:0.00M, Peak:0.00M | CISCO_N9K_C9336C_FX2_V001, ViewLayer | Synchronizing object | Port01_spring_1_-2.8
Fra:1 Mem:144.30M (Peak 144.30M) | Time:00:00.08 | Mem:0.00M, Peak:0.00M | CISCO_N9K_C9336C_FX2_V001, ViewLayer | Synchronizing object | Port01_spring_1_0
Fra:1 Mem:144.32M (Peak 144.32M) | Time:00:00.08 | Mem:0.00M, Peak:0.00M | CISCO_N9K_C9336C_FX2_V001, ViewLayer | Synchronizing object | Port01_spring_1_2.8
Fra:1 Mem:144.34M (Peak 144.34M) | Time:00:00.08 | Mem:0.00M, Peak:0.00M | CISCO_N9K_C9336C_FX2_V001, ViewLayer | Synchronizing object | Port01_subtle_recessed_contact_row
Fra:1 Mem:144.35M (Peak 144.35M) | Time:00:00.08 | Mem:0.00M, Peak:0.00M | CISCO_N9K_C9336C_FX2_V001, ViewLayer | Synchronizing object | Port02_recessed_connector_stop
Fra:1 Mem:144.35M (Peak 144.35M) | Time:00:00.08 | Mem:0.00M, Peak:0.00M | CISCO_N9K_C9336C_FX2_V001, ViewLayer | Synchronizing object | Port02_connector_contact_surround
Fra:1 Mem:144.36M (Peak 144.36M) | Time:00:00.08 | Mem:0.00M, Peak:0.00M | CISCO_N9K_C9336C_FX2_V001, ViewLayer | Synchronizing object | Port02_guide_-1_-4.25
Fra:1 Mem:144.38M (Peak 144.38M) | Time:00:00.08 | Mem:0.00M, Peak:0.00M | CISCO_N9K_C9336C_FX2_V001, ViewLayer | Synchronizing object | Port02_guide_-1_4.25
Fra:1 Mem:144.39M (Peak 144.39M) | Time:00:00.08 | Mem:0.00M, Peak:0.00M | CISCO_N9K_C9336C_FX2_V001, ViewLayer | Synchronizing object | Port02_spring_-1_-2.8
Fra:1 Mem:144.43M (Peak 144.43M) | Time:00:00.08 | Mem:0.00M, Peak:0.00M | CISCO_N9K_C9336C_FX2_V001, ViewLayer | Synchronizing object | Port02_spring_-1_0
Fra:1 Mem:144.42M (Peak 144.43M) | Time:00:00.08 | Mem:0.00M, Peak:0.00M | CISCO_N9K_C9336C_FX2_V001, ViewLayer | Synchronizing object | Port02_spring_-1_2.8
Fra:1 Mem:144.43M (Peak 144.43M) | Time:00:00.08 | Mem:0.00M, Peak:0.00M | CISCO_N9K_C9336C_FX2_V001, ViewLayer | Synchronizing object | Port02_guide_1_-4.25
Fra:1 Mem:144.45M (Peak 144.45M) | Time:00:00.08 | Mem:0.00M, Peak:0.00M | CISCO_N9K_C9336C_FX2_V001, ViewLayer | Synchronizing object | Port02_guide_1_4.25
Fra:1 Mem:144.46M (Peak 144.46M) | Time:00:00.08 | Mem:0.00M, Peak:0.00M | CISCO_N9K_C9336C_FX2_V001, ViewLayer | Synchronizing object | Port02_spring_1_-2.8
Fra:1 Mem:144.47M (Peak 144.47M) | Time:00:00.08 | Mem:0.00M, Peak:0.00M | CISCO_N9K_C9336C_FX2_V001, ViewLayer | Synchronizing object | Port02_spring_1_0
Fra:1 Mem:144.48M (Peak 144.48M) | Time:00:00.08 | Mem:0.00M, Peak:0.00M | CISCO_N9K_C9336C_FX2_V001, ViewLayer | Synchronizing object | Port02_spring_1_2.8
Fra:1 Mem:144.50M (Peak 144.50M) | Time:00:00.08 | Mem:0.00M, Peak:0.00M | CISCO_N9K_C9336C_FX2_V001, ViewLayer | Synchronizing object | Port02_subtle_recessed_contact_row
Fra:1 Mem:144.51M (Peak 144.51M) | Time:00:00.08 | Mem:0.00M, Peak:0.00M | CISCO_N9K_C9336C_FX2_V001, ViewLayer | Synchronizing object | Fan1_rotor_housing_-1
Fra:1 Mem:144.52M (Peak 144.52M) | Time:00:00.08 | Mem:0.00M, Peak:0.00M | CISCO_N9K_C9336C_FX2_V001, ViewLayer | Synchronizing object | Fan1_hub_-1
Fra:1 Mem:144.52M (Peak 144.52M) | Time:00:00.08 | Mem:0.00M, Peak:0.00M | CISCO_N9K_C9336C_FX2_V001, ViewLayer | Synchronizing object | Fan1_blade_-1_0
Fra:1 Mem:144.53M (Peak 144.53M) | Time:00:00.08 | Mem:0.00M, Peak:0.00M | CISCO_N9K_C9336C_FX2_V001, ViewLayer | Synchronizing object | Fan1_blade_-1_1
Fra:1 Mem:144.53M (Peak 144.53M) | Time:00:00.08 | Mem:0.00M, Peak:0.00M | CISCO_N9K_C9336C_FX2_V001, ViewLayer | Synchronizing object | Fan1_blade_-1_2
Fra:1 Mem:144.53M (Peak 144.53M) | Time:00:00.08 | Mem:0.00M, Peak:0.00M | CISCO_N9K_C9336C_FX2_V001, ViewLayer | Synchronizing object | Fan1_blade_-1_3
Fra:1 Mem:144.53M (Peak 144.53M) | Time:00:00.08 | Mem:0.00M, Peak:0.00M | CISCO_N9K_C9336C_FX2_V001, ViewLayer | Synchronizing object | Fan1_blade_-1_4
Fra:1 Mem:144.53M (Peak 144.53M) | Time:00:00.08 | Mem:0.00M, Peak:0.00M | CISCO_N9K_C9336C_FX2_V001, ViewLayer | Synchronizing object | Fan1_blade_-1_5
Fra:1 Mem:144.53M (Peak 144.53M) | Time:00:00.08 | Mem:0.00M, Peak:0.00M | CISCO_N9K_C9336C_FX2_V001, ViewLayer | Synchronizing object | Fan1_blade_-1_6
Fra:1 Mem:144.53M (Peak 144.53M) | Time:00:00.08 | Mem:0.00M, Peak:0.00M | CISCO_N9K_C9336C_FX2_V001, ViewLayer | Synchronizing object | Fan1_top_retention_rail_-1
Fra:1 Mem:144.53M (Peak 144.53M) | Time:00:00.08 | Mem:0.00M, Peak:0.00M | CISCO_N9K_C9336C_FX2_V001, ViewLayer | Synchronizing object | Fan1_rear_power_contact_block_-1
Fra:1 Mem:144.55M (Peak 144.55M) | Time:00:00.08 | Mem:0.00M, Peak:0.00M | CISCO_N9K_C9336C_FX2_V001, ViewLayer | Synchronizing object | Fan1_rotor_housing_1
Fra:1 Mem:144.56M (Peak 144.56M) | Time:00:00.08 | Mem:0.00M, Peak:0.00M | CISCO_N9K_C9336C_FX2_V001, ViewLayer | Synchronizing object | Fan1_hub_1
Fra:1 Mem:144.56M (Peak 144.56M) | Time:00:00.08 | Mem:0.00M, Peak:0.00M | CISCO_N9K_C9336C_FX2_V001, ViewLayer | Synchronizing object | Fan1_blade_1_0
Fra:1 Mem:144.57M (Peak 144.57M) | Time:00:00.08 | Mem:0.00M, Peak:0.00M | CISCO_N9K_C9336C_FX2_V001, ViewLayer | Synchronizing object | Fan1_blade_1_1
Fra:1 Mem:144.56M (Peak 144.57M) | Time:00:00.08 | Mem:0.00M, Peak:0.00M | CISCO_N9K_C9336C_FX2_V001, ViewLayer | Synchronizing object | Fan1_blade_1_2
Fra:1 Mem:144.56M (Peak 144.57M) | Time:00:00.08 | Mem:0.00M, Peak:0.00M | CISCO_N9K_C9336C_FX2_V001, ViewLayer | Synchronizing object | Fan1_blade_1_3
Fra:1 Mem:144.56M (Peak 144.57M) | Time:00:00.08 | Mem:0.00M, Peak:0.00M | CISCO_N9K_C9336C_FX2_V001, ViewLayer | Synchronizing object | Fan1_blade_1_4
Fra:1 Mem:144.56M (Peak 144.57M) | Time:00:00.08 | Mem:0.00M, Peak:0.00M | CISCO_N9K_C9336C_FX2_V001, ViewLayer | Synchronizing object | Fan1_blade_1_5
Fra:1 Mem:144.56M (Peak 144.57M) | Time:00:00.08 | Mem:0.00M, Peak:0.00M | CISCO_N9K_C9336C_FX2_V001, ViewLayer | Synchronizing object | Fan1_blade_1_6
Fra:1 Mem:144.57M (Peak 144.57M) | Time:00:00.08 | Mem:0.00M, Peak:0.00M | CISCO_N9K_C9336C_FX2_V001, ViewLayer | Synchronizing object | Fan1_top_retention_rail_1
Fra:1 Mem:144.57M (Peak 144.57M) | Time:00:00.08 | Mem:0.00M, Peak:0.00M | CISCO_N9K_C9336C_FX2_V001, ViewLayer | Synchronizing object | Fan1_rear_power_contact_block_1
Fra:1 Mem:144.58M (Peak 144.58M) | Time:00:00.08 | Mem:0.00M, Peak:0.00M | CISCO_N9K_C9336C_FX2_V001, ViewLayer | Synchronizing object | Fan1_front_frame
Fra:1 Mem:144.59M (Peak 144.59M) | Time:00:00.08 | Mem:0.00M, Peak:0.00M | CISCO_N9K_C9336C_FX2_V001, ViewLayer | Synchronizing object | Fan1_true_honeycomb_front_grille
Fra:1 Mem:145.00M (Peak 145.00M) | Time:00:00.08 | Mem:0.00M, Peak:0.00M | CISCO_N9K_C9336C_FX2_V001, ViewLayer | Synchronizing object | Fan1_molded_trapezoid_pull_handle
Fra:1 Mem:145.02M (Peak 145.02M) | Time:00:00.08 | Mem:0.00M, Peak:0.00M | CISCO_N9K_C9336C_FX2_V001, ViewLayer | Synchronizing object | Fan1_BLUE_release_latch_-1
Fra:1 Mem:145.13M (Peak 145.13M) | Time:00:00.08 | Mem:0.00M, Peak:0.00M | CISCO_N9K_C9336C_FX2_V001, ViewLayer | Synchronizing object | Fan1_latch_thumb_flare_-1
Fra:1 Mem:145.13M (Peak 145.13M) | Time:00:00.08 | Mem:0.00M, Peak:0.00M | CISCO_N9K_C9336C_FX2_V001, ViewLayer | Synchronizing object | Fan1_BLUE_release_latch_1
Fra:1 Mem:145.14M (Peak 145.14M) | Time:00:00.08 | Mem:0.00M, Peak:0.00M | CISCO_N9K_C9336C_FX2_V001, ViewLayer | Synchronizing object | Fan1_latch_thumb_flare_1
Fra:1 Mem:145.14M (Peak 145.14M) | Time:00:00.08 | Mem:0.00M, Peak:0.00M | CISCO_N9K_C9336C_FX2_V001, ViewLayer | Synchronizing object | Fan1_PID_label_recess
Fra:1 Mem:145.45M (Peak 145.45M) | Time:00:00.08 | Mem:0.00M, Peak:0.00M | CISCO_N9K_C9336C_FX2_V001, ViewLayer | Synchronizing object | Fan1_known_PID
Fra:1 Mem:145.47M (Peak 145.47M) | Time:00:00.08 | Mem:0.00M, Peak:0.00M | CISCO_N9K_C9336C_FX2_V001, ViewLayer | Synchronizing object | Fan1_flush_lock_pin_-39
Fra:1 Mem:145.48M (Peak 145.48M) | Time:00:00.08 | Mem:0.00M, Peak:0.00M | CISCO_N9K_C9336C_FX2_V001, ViewLayer | Synchronizing object | Fan1_flush_lock_pin_39
Fra:1 Mem:146.10M (Peak 146.10M) | Time:00:00.08 | Mem:0.00M, Peak:0.00M | CISCO_N9K_C9336C_FX2_V001, ViewLayer | Synchronizing object | Fan2_rotor_housing_-1
Fra:1 Mem:146.10M (Peak 146.10M) | Time:00:00.08 | Mem:0.00M, Peak:0.00M | CISCO_N9K_C9336C_FX2_V001, ViewLayer | Synchronizing object | Fan2_hub_-1
Fra:1 Mem:146.11M (Peak 146.11M) | Time:00:00.08 | Mem:0.00M, Peak:0.00M | CISCO_N9K_C9336C_FX2_V001, ViewLayer | Synchronizing object | Fan2_blade_-1_0
Fra:1 Mem:146.11M (Peak 146.11M) | Time:00:00.08 | Mem:0.00M, Peak:0.00M | CISCO_N9K_C9336C_FX2_V001, ViewLayer | Synchronizing object | Fan2_blade_-1_1
Fra:1 Mem:146.11M (Peak 146.11M) | Time:00:00.08 | Mem:0.00M, Peak:0.00M | CISCO_N9K_C9336C_FX2_V001, ViewLayer | Synchronizing object | Fan2_blade_-1_2
Fra:1 Mem:149.44M (Peak 149.44M) | Time:00:00.08 | Mem:0.00M, Peak:0.00M | CISCO_N9K_C9336C_FX2_V001, ViewLayer | Synchronizing object | Fan2_blade_-1_3
Fra:1 Mem:149.59M (Peak 149.59M) | Time:00:00.08 | Mem:0.00M, Peak:0.00M | CISCO_N9K_C9336C_FX2_V001, ViewLayer | Synchronizing object | Fan2_blade_-1_4
Fra:1 Mem:149.59M (Peak 149.59M) | Time:00:00.08 | Mem:0.00M, Peak:0.00M | CISCO_N9K_C9336C_FX2_V001, ViewLayer | Synchronizing object | Fan2_blade_-1_5
Fra:1 Mem:149.59M (Peak 149.59M) | Time:00:00.08 | Mem:0.00M, Peak:0.00M | CISCO_N9K_C9336C_FX2_V001, ViewLayer | Synchronizing object | Fan2_blade_-1_6
Fra:1 Mem:149.59M (Peak 149.59M) | Time:00:00.08 | Mem:0.00M, Peak:0.00M | CISCO_N9K_C9336C_FX2_V001, ViewLayer | Synchronizing object | Fan2_top_retention_rail_-1
Fra:1 Mem:149.61M (Peak 149.61M) | Time:00:00.08 | Mem:0.00M, Peak:0.00M | CISCO_N9K_C9336C_FX2_V001, ViewLayer | Synchronizing object | Fan2_rear_power_contact_block_-1
Fra:1 Mem:149.66M (Peak 149.66M) | Time:00:00.08 | Mem:0.00M, Peak:0.00M | CISCO_N9K_C9336C_FX2_V001, ViewLayer | Synchronizing object | Fan2_rotor_housing_1
Fra:1 Mem:149.62M (Peak 149.66M) | Time:00:00.08 | Mem:0.00M, Peak:0.00M | CISCO_N9K_C9336C_FX2_V001, ViewLayer | Synchronizing object | Fan2_hub_1
Fra:1 Mem:154.17M (Peak 154.17M) | Time:00:00.09 | Mem:0.00M, Peak:0.00M | CISCO_N9K_C9336C_FX2_V001, ViewLayer | Synchronizing object | Fan2_blade_1_0
Fra:1 Mem:154.17M (Peak 154.17M) | Time:00:00.09 | Mem:0.00M, Peak:0.00M | CISCO_N9K_C9336C_FX2_V001, ViewLayer | Synchronizing object | Fan2_blade_1_1
Fra:1 Mem:154.17M (Peak 154.17M) | Time:00:00.09 | Mem:0.00M, Peak:0.00M | CISCO_N9K_C9336C_FX2_V001, ViewLayer | Synchronizing object | Fan2_blade_1_2
Fra:1 Mem:154.17M (Peak 154.17M) | Time:00:00.09 | Mem:0.00M, Peak:0.00M | CISCO_N9K_C9336C_FX2_V001, ViewLayer | Synchronizing object | Fan2_blade_1_3
Fra:1 Mem:154.17M (Peak 154.17M) | Time:00:00.09 | Mem:0.00M, Peak:0.00M | CISCO_N9K_C9336C_FX2_V001, ViewLayer | Synchronizing object | Fan2_blade_1_4
Fra:1 Mem:154.17M (Peak 154.17M) | Time:00:00.09 | Mem:0.00M, Peak:0.00M | CISCO_N9K_C9336C_FX2_V001, ViewLayer | Synchronizing object | Fan2_blade_1_6
Fra:1 Mem:154.18M (Peak 154.18M) | Time:00:00.09 | Mem:0.00M, Peak:0.00M | CISCO_N9K_C9336C_FX2_V001, ViewLayer | Synchronizing object | Original_photo_top_chassis_label
Fra:1 Mem:154.18M (Peak 154.18M) | Time:00:00.09 | Mem:0.00M, Peak:0.00M | CISCO_N9K_C9336C_FX2_V001, ViewLayer | Synchronizing object | Port_pair_18_direction_1
Fra:1 Mem:154.18M (Peak 154.18M) | Time:00:00.09 | Mem:0.00M, Peak:0.00M | CISCO_N9K_C9336C_FX2_V001, ViewLayer | Synchronizing object | Port_pair_18_direction_-1
Fra:1 Mem:154.18M (Peak 154.18M) | Time:00:00.09 | Mem:0.00M, Peak:0.00M | CISCO_N9K_C9336C_FX2_V001, ViewLayer | Synchronizing object | PORT_NUMBER_36
Fra:1 Mem:154.19M (Peak 154.19M) | Time:00:00.09 | Mem:0.00M, Peak:0.00M | CISCO_N9K_C9336C_FX2_V001, ViewLayer | Synchronizing object | PORT_NUMBER_35
Fra:1 Mem:154.20M (Peak 154.20M) | Time:00:00.09 | Mem:0.00M, Peak:0.00M | CISCO_N9K_C9336C_FX2_V001, ViewLayer | Synchronizing object | Port_pair_17_direction_1
Fra:1 Mem:154.20M (Peak 154.20M) | Time:00:00.09 | Mem:0.00M, Peak:0.00M | CISCO_N9K_C9336C_FX2_V001, ViewLayer | Synchronizing object | Port_pair_17_direction_-1
Fra:1 Mem:154.20M (Peak 154.20M) | Time:00:00.09 | Mem:0.00M, Peak:0.00M | CISCO_N9K_C9336C_FX2_V001, ViewLayer | Synchronizing object | PORT_NUMBER_34
Fra:1 Mem:154.21M (Peak 154.21M) | Time:00:00.09 | Mem:0.00M, Peak:0.00M | CISCO_N9K_C9336C_FX2_V001, ViewLayer | Synchronizing object | PORT_NUMBER_33
Fra:1 Mem:154.22M (Peak 154.22M) | Time:00:00.09 | Mem:0.00M, Peak:0.00M | CISCO_N9K_C9336C_FX2_V001, ViewLayer | Synchronizing object | Port_pair_16_direction_1
Fra:1 Mem:154.22M (Peak 154.22M) | Time:00:00.09 | Mem:0.00M, Peak:0.00M | CISCO_N9K_C9336C_FX2_V001, ViewLayer | Synchronizing object | Port_pair_16_direction_-1
Fra:1 Mem:154.22M (Peak 154.22M) | Time:00:00.09 | Mem:0.00M, Peak:0.00M | CISCO_N9K_C9336C_FX2_V001, ViewLayer | Synchronizing object | PORT_NUMBER_32
Fra:1 Mem:154.23M (Peak 154.23M) | Time:00:00.09 | Mem:0.00M, Peak:0.00M | CISCO_N9K_C9336C_FX2_V001, ViewLayer | Synchronizing object | PORT_NUMBER_31
Fra:1 Mem:154.23M (Peak 154.23M) | Time:00:00.09 | Mem:0.00M, Peak:0.00M | CISCO_N9K_C9336C_FX2_V001, ViewLayer | Synchronizing object | Port_pair_15_direction_1
Fra:1 Mem:154.23M (Peak 154.23M) | Time:00:00.09 | Mem:0.00M, Peak:0.00M | CISCO_N9K_C9336C_FX2_V001, ViewLayer | Synchronizing object | Port_pair_15_direction_-1
Fra:1 Mem:154.23M (Peak 154.23M) | Time:00:00.09 | Mem:0.00M, Peak:0.00M | CISCO_N9K_C9336C_FX2_V001, ViewLayer | Synchronizing object | PORT_NUMBER_30
Fra:1 Mem:154.24M (Peak 154.24M) | Time:00:00.09 | Mem:0.00M, Peak:0.00M | CISCO_N9K_C9336C_FX2_V001, ViewLayer | Synchronizing object | PORT_NUMBER_29
Fra:1 Mem:154.25M (Peak 154.25M) | Time:00:00.09 | Mem:0.00M, Peak:0.00M | CISCO_N9K_C9336C_FX2_V001, ViewLayer | Synchronizing object | Port_pair_14_direction_1
Fra:1 Mem:154.25M (Peak 154.25M) | Time:00:00.09 | Mem:0.00M, Peak:0.00M | CISCO_N9K_C9336C_FX2_V001, ViewLayer | Synchronizing object | Fan2_rear_power_contact_block_1
Fra:1 Mem:154.25M (Peak 154.25M) | Time:00:00.09 | Mem:0.00M, Peak:0.00M | CISCO_N9K_C9336C_FX2_V001, ViewLayer | Synchronizing object | Fan2_true_honeycomb_front_grille
Fra:1 Mem:154.25M (Peak 154.25M) | Time:00:00.09 | Mem:0.00M, Peak:0.00M | CISCO_N9K_C9336C_FX2_V001, ViewLayer | Synchronizing object | Fan2_molded_trapezoid_pull_handle
Fra:1 Mem:154.29M (Peak 154.29M) | Time:00:00.09 | Mem:0.00M, Peak:0.00M | CISCO_N9K_C9336C_FX2_V001, ViewLayer | Synchronizing object | Fan2_BLUE_release_latch_-1
Fra:1 Mem:154.30M (Peak 154.30M) | Time:00:00.09 | Mem:0.00M, Peak:0.00M | CISCO_N9K_C9336C_FX2_V001, ViewLayer | Synchronizing object | PORT_NUMBER_28
Fra:1 Mem:154.30M (Peak 154.30M) | Time:00:00.09 | Mem:0.00M, Peak:0.00M | CISCO_N9K_C9336C_FX2_V001, ViewLayer | Synchronizing object | Fan2_latch_thumb_flare_-1
Fra:1 Mem:154.31M (Peak 154.31M) | Time:00:00.09 | Mem:0.00M, Peak:0.00M | CISCO_N9K_C9336C_FX2_V001, ViewLayer | Synchronizing object | PORT_NUMBER_27
Fra:1 Mem:154.32M (Peak 154.32M) | Time:00:00.09 | Mem:0.00M, Peak:0.00M | CISCO_N9K_C9336C_FX2_V001, ViewLayer | Synchronizing object | Fan2_BLUE_release_latch_1
Fra:1 Mem:154.32M (Peak 154.32M) | Time:00:00.09 | Mem:0.00M, Peak:0.00M | CISCO_N9K_C9336C_FX2_V001, ViewLayer | Synchronizing object | Fan2_latch_thumb_flare_1
Fra:1 Mem:154.74M (Peak 154.74M) | Time:00:00.09 | Mem:0.00M, Peak:0.00M | CISCO_N9K_C9336C_FX2_V001, ViewLayer | Synchronizing object | Port_pair_13_direction_-1
Fra:1 Mem:154.74M (Peak 154.74M) | Time:00:00.09 | Mem:0.00M, Peak:0.00M | CISCO_N9K_C9336C_FX2_V001, ViewLayer | Synchronizing object | Fan2_PID_label_recess
Fra:1 Mem:154.84M (Peak 154.84M) | Time:00:00.09 | Mem:0.00M, Peak:0.00M | CISCO_N9K_C9336C_FX2_V001, ViewLayer | Synchronizing object | PORT_NUMBER_26
Fra:1 Mem:154.85M (Peak 154.85M) | Time:00:00.09 | Mem:0.00M, Peak:0.00M | CISCO_N9K_C9336C_FX2_V001, ViewLayer | Synchronizing object | PORT_NUMBER_25
Fra:1 Mem:154.85M (Peak 154.85M) | Time:00:00.09 | Mem:0.00M, Peak:0.00M | CISCO_N9K_C9336C_FX2_V001, ViewLayer | Synchronizing object | Fan2_known_PID
Fra:1 Mem:154.86M (Peak 154.86M) | Time:00:00.09 | Mem:0.00M, Peak:0.00M | CISCO_N9K_C9336C_FX2_V001, ViewLayer | Synchronizing object | Port_pair_12_direction_1
Fra:1 Mem:154.87M (Peak 154.87M) | Time:00:00.09 | Mem:0.00M, Peak:0.00M | CISCO_N9K_C9336C_FX2_V001, ViewLayer | Synchronizing object | Port_pair_12_direction_-1
Fra:1 Mem:155.18M (Peak 155.18M) | Time:00:00.09 | Mem:0.00M, Peak:0.00M | CISCO_N9K_C9336C_FX2_V001, ViewLayer | Synchronizing object | Fan2_flush_lock_pin_-39
Fra:1 Mem:155.18M (Peak 155.18M) | Time:00:00.09 | Mem:0.00M, Peak:0.00M | CISCO_N9K_C9336C_FX2_V001, ViewLayer | Synchronizing object | PORT_NUMBER_24
Fra:1 Mem:155.20M (Peak 155.20M) | Time:00:00.09 | Mem:0.00M, Peak:0.00M | CISCO_N9K_C9336C_FX2_V001, ViewLayer | Synchronizing object | PORT_NUMBER_23
Fra:1 Mem:155.21M (Peak 155.21M) | Time:00:00.09 | Mem:0.00M, Peak:0.00M | CISCO_N9K_C9336C_FX2_V001, ViewLayer | Synchronizing object | Fan3_rotor_housing_-1
Fra:1 Mem:155.22M (Peak 155.22M) | Time:00:00.09 | Mem:0.00M, Peak:0.00M | CISCO_N9K_C9336C_FX2_V001, ViewLayer | Synchronizing object | Port_pair_11_direction_1
Fra:1 Mem:155.22M (Peak 155.22M) | Time:00:00.09 | Mem:0.00M, Peak:0.00M | CISCO_N9K_C9336C_FX2_V001, ViewLayer | Synchronizing object | Port_pair_11_direction_-1
Fra:1 Mem:155.22M (Peak 155.22M) | Time:00:00.09 | Mem:0.00M, Peak:0.00M | CISCO_N9K_C9336C_FX2_V001, ViewLayer | Synchronizing object | Fan3_hub_-1
Fra:1 Mem:155.22M (Peak 155.22M) | Time:00:00.09 | Mem:0.00M, Peak:0.00M | CISCO_N9K_C9336C_FX2_V001, ViewLayer | Synchronizing object | Fan3_blade_-1_0
Fra:1 Mem:155.23M (Peak 155.23M) | Time:00:00.09 | Mem:0.00M, Peak:0.00M | CISCO_N9K_C9336C_FX2_V001, ViewLayer | Synchronizing object | Fan3_blade_-1_1
Fra:1 Mem:155.23M (Peak 155.23M) | Time:00:00.09 | Mem:0.00M, Peak:0.00M | CISCO_N9K_C9336C_FX2_V001, ViewLayer | Synchronizing object | PORT_NUMBER_21
Fra:1 Mem:155.84M (Peak 155.84M) | Time:00:00.09 | Mem:0.00M, Peak:0.00M | CISCO_N9K_C9336C_FX2_V001, ViewLayer | Synchronizing object | Port_pair_10_direction_1
Fra:1 Mem:155.84M (Peak 155.84M) | Time:00:00.09 | Mem:0.00M, Peak:0.00M | CISCO_N9K_C9336C_FX2_V001, ViewLayer | Synchronizing object | Port_pair_10_direction_-1
Fra:1 Mem:155.84M (Peak 155.84M) | Time:00:00.09 | Mem:0.00M, Peak:0.00M | CISCO_N9K_C9336C_FX2_V001, ViewLayer | Synchronizing object | PORT_NUMBER_20
Fra:1 Mem:155.85M (Peak 155.85M) | Time:00:00.09 | Mem:0.00M, Peak:0.00M | CISCO_N9K_C9336C_FX2_V001, ViewLayer | Synchronizing object | PORT_NUMBER_19
Fra:1 Mem:155.85M (Peak 155.85M) | Time:00:00.09 | Mem:0.00M, Peak:0.00M | CISCO_N9K_C9336C_FX2_V001, ViewLayer | Synchronizing object | Port_pair_9_direction_1
Fra:1 Mem:155.85M (Peak 155.85M) | Time:00:00.09 | Mem:0.00M, Peak:0.00M | CISCO_N9K_C9336C_FX2_V001, ViewLayer | Synchronizing object | Port_pair_9_direction_-1
Fra:1 Mem:155.85M (Peak 155.85M) | Time:00:00.09 | Mem:0.00M, Peak:0.00M | CISCO_N9K_C9336C_FX2_V001, ViewLayer | Synchronizing object | PORT_NUMBER_18
Fra:1 Mem:155.86M (Peak 155.86M) | Time:00:00.09 | Mem:0.00M, Peak:0.00M | CISCO_N9K_C9336C_FX2_V001, ViewLayer | Synchronizing object | PORT_NUMBER_17
Fra:1 Mem:155.86M (Peak 155.86M) | Time:00:00.09 | Mem:0.00M, Peak:0.00M | CISCO_N9K_C9336C_FX2_V001, ViewLayer | Synchronizing object | Port_pair_8_direction_1
Fra:1 Mem:155.86M (Peak 155.86M) | Time:00:00.09 | Mem:0.00M, Peak:0.00M | CISCO_N9K_C9336C_FX2_V001, ViewLayer | Synchronizing object | Port_pair_8_direction_-1
Fra:1 Mem:155.86M (Peak 155.86M) | Time:00:00.09 | Mem:0.00M, Peak:0.00M | CISCO_N9K_C9336C_FX2_V001, ViewLayer | Synchronizing object | PORT_NUMBER_16
Fra:1 Mem:155.87M (Peak 155.87M) | Time:00:00.09 | Mem:0.00M, Peak:0.00M | CISCO_N9K_C9336C_FX2_V001, ViewLayer | Synchronizing object | PORT_NUMBER_15
Fra:1 Mem:155.87M (Peak 155.87M) | Time:00:00.09 | Mem:0.00M, Peak:0.00M | CISCO_N9K_C9336C_FX2_V001, ViewLayer | Synchronizing object | Port_pair_7_direction_1
Fra:1 Mem:156.02M (Peak 156.02M) | Time:00:00.09 | Mem:0.00M, Peak:0.00M | CISCO_N9K_C9336C_FX2_V001, ViewLayer | Synchronizing object | Port_pair_7_direction_-1
Fra:1 Mem:156.02M (Peak 156.02M) | Time:00:00.09 | Mem:0.00M, Peak:0.00M | CISCO_N9K_C9336C_FX2_V001, ViewLayer | Synchronizing object | PORT_NUMBER_14
Fra:1 Mem:156.02M (Peak 156.02M) | Time:00:00.09 | Mem:0.00M, Peak:0.00M | CISCO_N9K_C9336C_FX2_V001, ViewLayer | Synchronizing object | PORT_NUMBER_13
Fra:1 Mem:156.03M (Peak 156.03M) | Time:00:00.09 | Mem:0.00M, Peak:0.00M | CISCO_N9K_C9336C_FX2_V001, ViewLayer | Synchronizing object | Port_pair_6_direction_1
Fra:1 Mem:156.03M (Peak 156.03M) | Time:00:00.09 | Mem:0.00M, Peak:0.00M | CISCO_N9K_C9336C_FX2_V001, ViewLayer | Synchronizing object | Port_pair_6_direction_-1
Fra:1 Mem:156.03M (Peak 156.03M) | Time:00:00.09 | Mem:0.00M, Peak:0.00M | CISCO_N9K_C9336C_FX2_V001, ViewLayer | Synchronizing object | PORT_NUMBER_12
Fra:1 Mem:156.03M (Peak 156.03M) | Time:00:00.09 | Mem:0.00M, Peak:0.00M | CISCO_N9K_C9336C_FX2_V001, ViewLayer | Synchronizing object | PORT_NUMBER_11
Fra:1 Mem:156.04M (Peak 156.04M) | Time:00:00.09 | Mem:0.00M, Peak:0.00M | CISCO_N9K_C9336C_FX2_V001, ViewLayer | Synchronizing object | Port_pair_5_direction_1
Fra:1 Mem:156.04M (Peak 156.04M) | Time:00:00.09 | Mem:0.00M, Peak:0.00M | CISCO_N9K_C9336C_FX2_V001, ViewLayer | Synchronizing object | Port_pair_5_direction_-1
Fra:1 Mem:156.04M (Peak 156.04M) | Time:00:00.09 | Mem:0.00M, Peak:0.00M | CISCO_N9K_C9336C_FX2_V001, ViewLayer | Synchronizing object | PORT_NUMBER_10
Fra:1 Mem:156.04M (Peak 156.04M) | Time:00:00.09 | Mem:0.00M, Peak:0.00M | CISCO_N9K_C9336C_FX2_V001, ViewLayer | Synchronizing object | PORT_NUMBER_09
Fra:1 Mem:156.04M (Peak 156.04M) | Time:00:00.09 | Mem:0.00M, Peak:0.00M | CISCO_N9K_C9336C_FX2_V001, ViewLayer | Synchronizing object | Port_pair_4_direction_1
Fra:1 Mem:156.05M (Peak 156.05M) | Time:00:00.09 | Mem:0.00M, Peak:0.00M | CISCO_N9K_C9336C_FX2_V001, ViewLayer | Synchronizing object | Port_pair_4_direction_-1
Fra:1 Mem:156.05M (Peak 156.05M) | Time:00:00.09 | Mem:0.00M, Peak:0.00M | CISCO_N9K_C9336C_FX2_V001, ViewLayer | Synchronizing object | PORT_NUMBER_08
Fra:1 Mem:156.05M (Peak 156.05M) | Time:00:00.09 | Mem:0.00M, Peak:0.00M | CISCO_N9K_C9336C_FX2_V001, ViewLayer | Synchronizing object | PORT_NUMBER_07
Fra:1 Mem:156.05M (Peak 156.05M) | Time:00:00.09 | Mem:0.00M, Peak:0.00M | CISCO_N9K_C9336C_FX2_V001, ViewLayer | Synchronizing object | Port_pair_3_direction_1
Fra:1 Mem:156.05M (Peak 156.05M) | Time:00:00.09 | Mem:0.00M, Peak:0.00M | CISCO_N9K_C9336C_FX2_V001, ViewLayer | Synchronizing object | Port_pair_3_direction_-1
Fra:1 Mem:156.05M (Peak 156.05M) | Time:00:00.09 | Mem:0.00M, Peak:0.00M | CISCO_N9K_C9336C_FX2_V001, ViewLayer | Synchronizing object | PORT_NUMBER_06
Fra:1 Mem:156.06M (Peak 156.06M) | Time:00:00.09 | Mem:0.00M, Peak:0.00M | CISCO_N9K_C9336C_FX2_V001, ViewLayer | Synchronizing object | PORT_NUMBER_05
Fra:1 Mem:156.06M (Peak 156.06M) | Time:00:00.09 | Mem:0.00M, Peak:0.00M | CISCO_N9K_C9336C_FX2_V001, ViewLayer | Synchronizing object | Port_pair_2_direction_1
Fra:1 Mem:156.06M (Peak 156.06M) | Time:00:00.09 | Mem:0.00M, Peak:0.00M | CISCO_N9K_C9336C_FX2_V001, ViewLayer | Synchronizing object | Port_pair_2_direction_-1
Fra:1 Mem:156.06M (Peak 156.06M) | Time:00:00.09 | Mem:0.00M, Peak:0.00M | CISCO_N9K_C9336C_FX2_V001, ViewLayer | Synchronizing object | PORT_NUMBER_04
Fra:1 Mem:156.06M (Peak 156.06M) | Time:00:00.09 | Mem:0.00M, Peak:0.00M | CISCO_N9K_C9336C_FX2_V001, ViewLayer | Synchronizing object | PORT_NUMBER_03
Fra:1 Mem:156.07M (Peak 156.07M) | Time:00:00.09 | Mem:0.00M, Peak:0.00M | CISCO_N9K_C9336C_FX2_V001, ViewLayer | Synchronizing object | Port_pair_1_direction_1
Fra:1 Mem:156.07M (Peak 156.07M) | Time:00:00.09 | Mem:0.00M, Peak:0.00M | CISCO_N9K_C9336C_FX2_V001, ViewLayer | Synchronizing object | Port_pair_1_direction_-1
Fra:1 Mem:156.07M (Peak 156.07M) | Time:00:00.09 | Mem:0.00M, Peak:0.00M | CISCO_N9K_C9336C_FX2_V001, ViewLayer | Synchronizing object | PORT_NUMBER_02
Fra:1 Mem:156.07M (Peak 156.07M) | Time:00:00.09 | Mem:0.00M, Peak:0.00M | CISCO_N9K_C9336C_FX2_V001, ViewLayer | Synchronizing object | PORT_NUMBER_01
Fra:1 Mem:156.07M (Peak 156.07M) | Time:00:00.09 | Mem:0.00M, Peak:0.00M | CISCO_N9K_C9336C_FX2_V001, ViewLayer | Synchronizing object | Correct_factory_PID
Fra:1 Mem:156.11M (Peak 156.11M) | Time:00:00.09 | Mem:0.00M, Peak:0.00M | CISCO_N9K_C9336C_FX2_V001, ViewLayer | Synchronizing object | Fan3_blade_-1_2
Fra:1 Mem:156.11M (Peak 156.11M) | Time:00:00.09 | Mem:0.00M, Peak:0.00M | CISCO_N9K_C9336C_FX2_V001, ViewLayer | Synchronizing object | Cisco_product_family_line_2
Fra:1 Mem:156.12M (Peak 156.12M) | Time:00:00.09 | Mem:0.00M, Peak:0.00M | CISCO_N9K_C9336C_FX2_V001, ViewLayer | Synchronizing object | Cisco_product_family_line_1
Fra:1 Mem:156.13M (Peak 156.13M) | Time:00:00.09 | Mem:0.00M, Peak:0.00M | CISCO_N9K_C9336C_FX2_V001, ViewLayer | Synchronizing object | Cisco_brand_wordmark
Fra:1 Mem:156.14M (Peak 156.14M) | Time:00:00.09 | Mem:0.00M, Peak:0.00M | CISCO_N9K_C9336C_FX2_V001, ViewLayer | Synchronizing object | Fan3_blade_-1_3
Fra:1 Mem:156.15M (Peak 156.15M) | Time:00:00.09 | Mem:0.00M, Peak:0.00M | CISCO_N9K_C9336C_FX2_V001, ViewLayer | Synchronizing object | Cisco_bridge_bar_9
Fra:1 Mem:156.15M (Peak 156.15M) | Time:00:00.09 | Mem:0.00M, Peak:0.00M | CISCO_N9K_C9336C_FX2_V001, ViewLayer | Synchronizing object | Cisco_bridge_bar_8
Fra:1 Mem:156.16M (Peak 156.16M) | Time:00:00.09 | Mem:0.00M, Peak:0.00M | CISCO_N9K_C9336C_FX2_V001, ViewLayer | Synchronizing object | Cisco_bridge_bar_7
Fra:1 Mem:156.16M (Peak 156.16M) | Time:00:00.09 | Mem:0.00M, Peak:0.00M | CISCO_N9K_C9336C_FX2_V001, ViewLayer | Synchronizing object | Cisco_bridge_bar_6
Fra:1 Mem:156.16M (Peak 156.16M) | Time:00:00.09 | Mem:0.00M, Peak:0.00M | CISCO_N9K_C9336C_FX2_V001, ViewLayer | Synchronizing object | Cisco_bridge_bar_5
Fra:1 Mem:156.17M (Peak 156.17M) | Time:00:00.09 | Mem:0.00M, Peak:0.00M | CISCO_N9K_C9336C_FX2_V001, ViewLayer | Synchronizing object | Cisco_bridge_bar_4
Fra:1 Mem:156.17M (Peak 156.17M) | Time:00:00.09 | Mem:0.00M, Peak:0.00M | CISCO_N9K_C9336C_FX2_V001, ViewLayer | Synchronizing object | Cisco_bridge_bar_3
Fra:1 Mem:156.17M (Peak 156.17M) | Time:00:00.09 | Mem:0.00M, Peak:0.00M | CISCO_N9K_C9336C_FX2_V001, ViewLayer | Synchronizing object | Cisco_bridge_bar_2
Fra:1 Mem:156.18M (Peak 156.18M) | Time:00:00.09 | Mem:0.00M, Peak:0.00M | CISCO_N9K_C9336C_FX2_V001, ViewLayer | Synchronizing object | Cisco_bridge_bar_1
Fra:1 Mem:156.18M (Peak 156.18M) | Time:00:00.09 | Mem:0.00M, Peak:0.00M | CISCO_N9K_C9336C_FX2_V001, ViewLayer | Synchronizing object | LS_selector_text
Fra:1 Mem:156.19M (Peak 156.19M) | Time:00:00.09 | Mem:0.00M, Peak:0.00M | CISCO_N9K_C9336C_FX2_V001, ViewLayer | Synchronizing object | LS_selector_metal_button
Fra:1 Mem:157.18M (Peak 157.18M) | Time:00:00.09 | Mem:0.00M, Peak:0.00M | CISCO_N9K_C9336C_FX2_V001, ViewLayer | Synchronizing object | Fan3_blade_-1_4
Fra:1 Mem:157.18M (Peak 157.18M) | Time:00:00.09 | Mem:0.00M, Peak:0.00M | CISCO_N9K_C9336C_FX2_V001, ViewLayer | Synchronizing object | Fan3_blade_-1_5
Fra:1 Mem:157.18M (Peak 157.18M) | Time:00:00.09 | Mem:0.00M, Peak:0.00M | CISCO_N9K_C9336C_FX2_V001, ViewLayer | Synchronizing object | Fan3_blade_-1_6
Fra:1 Mem:157.18M (Peak 157.18M) | Time:00:00.09 | Mem:0.00M, Peak:0.00M | CISCO_N9K_C9336C_FX2_V001, ViewLayer | Synchronizing object | LS_selector_black_surround
Fra:1 Mem:157.19M (Peak 157.19M) | Time:00:00.09 | Mem:0.00M, Peak:0.00M | CISCO_N9K_C9336C_FX2_V001, ViewLayer | Synchronizing object | FRONT_4_legend
Fra:1 Mem:157.19M (Peak 157.19M) | Time:00:00.09 | Mem:0.00M, Peak:0.00M | CISCO_N9K_C9336C_FX2_V001, ViewLayer | Synchronizing object | FRONT_4_unpowered_lens
Fra:1 Mem:157.22M (Peak 157.22M) | Time:00:00.09 | Mem:0.00M, Peak:0.00M | CISCO_N9K_C9336C_FX2_V001, ViewLayer | Synchronizing object | FRONT_3_legend
Fra:1 Mem:157.22M (Peak 157.22M) | Time:00:00.09 | Mem:0.00M, Peak:0.00M | CISCO_N9K_C9336C_FX2_V001, ViewLayer | Synchronizing object | FRONT_3_unpowered_lens
Fra:1 Mem:157.25M (Peak 157.25M) | Time:00:00.09 | Mem:0.00M, Peak:0.00M | CISCO_N9K_C9336C_FX2_V001, ViewLayer | Synchronizing object | FRONT_2_legend
Fra:1 Mem:157.25M (Peak 157.25M) | Time:00:00.09 | Mem:0.00M, Peak:0.00M | CISCO_N9K_C9336C_FX2_V001, ViewLayer | Synchronizing object | FRONT_2_unpowered_lens
Fra:1 Mem:157.28M (Peak 157.28M) | Time:00:00.09 | Mem:0.00M, Peak:0.00M | CISCO_N9K_C9336C_FX2_V001, ViewLayer | Synchronizing object | FRONT_1_legend
Fra:1 Mem:157.28M (Peak 157.28M) | Time:00:00.09 | Mem:0.00M, Peak:0.00M | CISCO_N9K_C9336C_FX2_V001, ViewLayer | Synchronizing object | FRONT_1_unpowered_lens
Fra:1 Mem:157.31M (Peak 157.31M) | Time:00:00.09 | Mem:0.00M, Peak:0.00M | CISCO_N9K_C9336C_FX2_V001, ViewLayer | Synchronizing object | Fan3_top_retention_rail_-1
Fra:1 Mem:157.31M (Peak 157.31M) | Time:00:00.09 | Mem:0.00M, Peak:0.00M | CISCO_N9K_C9336C_FX2_V001, ViewLayer | Synchronizing object | FRONT_ENV_legend
Fra:1 Mem:157.32M (Peak 157.32M) | Time:00:00.09 | Mem:0.00M, Peak:0.00M | CISCO_N9K_C9336C_FX2_V001, ViewLayer | Synchronizing object | FRONT_ENV_unpowered_lens
Fra:1 Mem:157.35M (Peak 157.35M) | Time:00:00.09 | Mem:0.00M, Peak:0.00M | CISCO_N9K_C9336C_FX2_V001, ViewLayer | Synchronizing object | FRONT_STS_legend
Fra:1 Mem:157.36M (Peak 157.36M) | Time:00:00.09 | Mem:0.00M, Peak:0.00M | CISCO_N9K_C9336C_FX2_V001, ViewLayer | Synchronizing object | FRONT_STS_unpowered_lens
Fra:1 Mem:157.39M (Peak 157.39M) | Time:00:00.09 | Mem:0.00M, Peak:0.00M | CISCO_N9K_C9336C_FX2_V001, ViewLayer | Synchronizing object | FRONT_BCN_legend
Fra:1 Mem:157.40M (Peak 157.40M) | Time:00:00.09 | Mem:0.00M, Peak:0.00M | CISCO_N9K_C9336C_FX2_V001, ViewLayer | Synchronizing object | FRONT_BCN_unpowered_lens
Fra:1 Mem:157.43M (Peak 157.43M) | Time:00:00.09 | Mem:0.00M, Peak:0.00M | CISCO_N9K_C9336C_FX2_V001, ViewLayer | Synchronizing object | Rear_P2_arrow_legend
Fra:1 Mem:157.43M (Peak 157.43M) | Time:00:00.09 | Mem:0.00M, Peak:0.00M | CISCO_N9K_C9336C_FX2_V001, ViewLayer | Synchronizing object | USB_symbol_branch_B
Fra:1 Mem:157.43M (Peak 157.43M) | Time:00:00.09 | Mem:0.00M, Peak:0.00M | CISCO_N9K_C9336C_FX2_V001, ViewLayer | Synchronizing object | USB_symbol_branch_A
Fra:1 Mem:157.43M (Peak 157.43M) | Time:00:00.09 | Mem:0.00M, Peak:0.00M | CISCO_N9K_C9336C_FX2_V001, ViewLayer | Synchronizing object | USB_symbol_stem
Fra:1 Mem:157.43M (Peak 157.43M) | Time:00:00.09 | Mem:0.00M, Peak:0.00M | CISCO_N9K_C9336C_FX2_V001, ViewLayer | Synchronizing object | Console_terminal_symbol
Fra:1 Mem:157.44M (Peak 157.44M) | Time:00:00.09 | Mem:0.00M, Peak:0.00M | CISCO_N9K_C9336C_FX2_V001, ViewLayer | Synchronizing object | SFP_management_symbol_line.003
Fra:1 Mem:157.44M (Peak 157.44M) | Time:00:00.09 | Mem:0.00M, Peak:0.00M | CISCO_N9K_C9336C_FX2_V001, ViewLayer | Synchronizing object | SFP_management_symbol_line.002
Fra:1 Mem:157.44M (Peak 157.44M) | Time:00:00.09 | Mem:0.00M, Peak:0.00M | CISCO_N9K_C9336C_FX2_V001, ViewLayer | Synchronizing object | SFP_management_symbol_line.001
Fra:1 Mem:157.44M (Peak 157.44M) | Time:00:00.09 | Mem:0.00M, Peak:0.00M | CISCO_N9K_C9336C_FX2_V001, ViewLayer | Synchronizing object | SFP_management_symbol_line
Fra:1 Mem:157.44M (Peak 157.44M) | Time:00:00.09 | Mem:0.00M, Peak:0.00M | CISCO_N9K_C9336C_FX2_V001, ViewLayer | Synchronizing object | SFP_management_symbol_node_1.25
Fra:1 Mem:157.45M (Peak 157.45M) | Time:00:00.09 | Mem:0.00M, Peak:0.00M | CISCO_N9K_C9336C_FX2_V001, ViewLayer | Synchronizing object | SFP_management_symbol_node_-1.25
Fra:1 Mem:157.45M (Peak 157.45M) | Time:00:00.09 | Mem:0.00M, Peak:0.00M | CISCO_N9K_C9336C_FX2_V001, ViewLayer | Synchronizing object | SFP_management_symbol_node_0
Fra:1 Mem:157.46M (Peak 157.46M) | Time:00:00.09 | Mem:0.00M, Peak:0.00M | CISCO_N9K_C9336C_FX2_V001, ViewLayer | Synchronizing object | RJ45_management_symbol_line.003
Fra:1 Mem:157.46M (Peak 157.46M) | Time:00:00.09 | Mem:0.00M, Peak:0.00M | CISCO_N9K_C9336C_FX2_V001, ViewLayer | Synchronizing object | Fan3_rear_power_contact_block_-1
Fra:1 Mem:157.46M (Peak 157.46M) | Time:00:00.09 | Mem:0.00M, Peak:0.00M | CISCO_N9K_C9336C_FX2_V001, ViewLayer | Synchronizing object | RJ45_management_symbol_line.002
Fra:1 Mem:157.46M (Peak 157.46M) | Time:00:00.09 | Mem:0.00M, Peak:0.00M | CISCO_N9K_C9336C_FX2_V001, ViewLayer | Synchronizing object | RJ45_management_symbol_line.001
Fra:1 Mem:157.47M (Peak 157.47M) | Time:00:00.09 | Mem:0.00M, Peak:0.00M | CISCO_N9K_C9336C_FX2_V001, ViewLayer | Synchronizing object | RJ45_management_symbol_line
Fra:1 Mem:157.47M (Peak 157.47M) | Time:00:00.09 | Mem:0.00M, Peak:0.00M | CISCO_N9K_C9336C_FX2_V001, ViewLayer | Synchronizing object | RJ45_management_symbol_node_1.25
Fra:1 Mem:157.47M (Peak 157.47M) | Time:00:00.09 | Mem:0.00M, Peak:0.00M | CISCO_N9K_C9336C_FX2_V001, ViewLayer | Synchronizing object | RJ45_management_symbol_node_-1.25
Fra:1 Mem:157.48M (Peak 157.48M) | Time:00:00.09 | Mem:0.00M, Peak:0.00M | CISCO_N9K_C9336C_FX2_V001, ViewLayer | Synchronizing object | RJ45_management_symbol_node_0
Fra:1 Mem:157.48M (Peak 157.48M) | Time:00:00.09 | Mem:0.00M, Peak:0.00M | CISCO_N9K_C9336C_FX2_V001, ViewLayer | Synchronizing object | Rear_service_retention_screw
Fra:1 Mem:157.49M (Peak 157.49M) | Time:00:00.09 | Mem:0.00M, Peak:0.00M | CISCO_N9K_C9336C_FX2_V001, ViewLayer | Synchronizing object | Fan3_rotor_housing_1
Fra:1 Mem:157.51M (Peak 157.51M) | Time:00:00.09 | Mem:0.00M, Peak:0.00M | CISCO_N9K_C9336C_FX2_V001, ViewLayer | Synchronizing object | Fan3_hub_1
Fra:1 Mem:157.51M (Peak 157.51M) | Time:00:00.09 | Mem:0.00M, Peak:0.00M | CISCO_N9K_C9336C_FX2_V001, ViewLayer | Synchronizing object | REAR_STS_legend
Fra:1 Mem:157.52M (Peak 157.52M) | Time:00:00.09 | Mem:0.00M, Peak:0.00M | CISCO_N9K_C9336C_FX2_V001, ViewLayer | Synchronizing object | REAR_STS_unpowered_indicator
Fra:1 Mem:157.53M (Peak 157.53M) | Time:00:00.09 | Mem:0.00M, Peak:0.00M | CISCO_N9K_C9336C_FX2_V001, ViewLayer | Synchronizing object | Fan3_blade_1_0
Fra:1 Mem:157.53M (Peak 157.53M) | Time:00:00.09 | Mem:0.00M, Peak:0.00M | CISCO_N9K_C9336C_FX2_V001, ViewLayer | Synchronizing object | REAR_BCN_legend
Fra:1 Mem:157.54M (Peak 157.54M) | Time:00:00.09 | Mem:0.00M, Peak:0.00M | CISCO_N9K_C9336C_FX2_V001, ViewLayer | Synchronizing object | Fan3_blade_1_1
Fra:1 Mem:157.54M (Peak 157.54M) | Time:00:00.09 | Mem:0.00M, Peak:0.00M | CISCO_N9K_C9336C_FX2_V001, ViewLayer | Synchronizing object | REAR_BCN_unpowered_indicator
Fra:1 Mem:157.54M (Peak 157.54M) | Time:00:00.09 | Mem:0.00M, Peak:0.00M | CISCO_N9K_C9336C_FX2_V001, ViewLayer | Synchronizing object | Fan3_blade_1_2
Fra:1 Mem:157.54M (Peak 157.54M) | Time:00:00.09 | Mem:0.00M, Peak:0.00M | CISCO_N9K_C9336C_FX2_V001, ViewLayer | Synchronizing object | USB_A_contact_3
Fra:1 Mem:157.55M (Peak 157.55M) | Time:00:00.09 | Mem:0.00M, Peak:0.00M | CISCO_N9K_C9336C_FX2_V001, ViewLayer | Synchronizing object | Fan3_blade_1_4
Fra:1 Mem:157.55M (Peak 157.55M) | Time:00:00.09 | Mem:0.00M, Peak:0.00M | CISCO_N9K_C9336C_FX2_V001, ViewLayer | Synchronizing object | USB_A_contact_2
Fra:1 Mem:157.55M (Peak 157.55M) | Time:00:00.09 | Mem:0.00M, Peak:0.00M | CISCO_N9K_C9336C_FX2_V001, ViewLayer | Synchronizing object | Fan3_blade_1_5
Fra:1 Mem:157.55M (Peak 157.55M) | Time:00:00.09 | Mem:0.00M, Peak:0.00M | CISCO_N9K_C9336C_FX2_V001, ViewLayer | Synchronizing object | USB_A_contact_1
Fra:1 Mem:157.56M (Peak 157.56M) | Time:00:00.09 | Mem:0.00M, Peak:0.00M | CISCO_N9K_C9336C_FX2_V001, ViewLayer | Synchronizing object | USB_A_contact_0
Fra:1 Mem:157.56M (Peak 157.56M) | Time:00:00.09 | Mem:0.00M, Peak:0.00M | CISCO_N9K_C9336C_FX2_V001, ViewLayer | Synchronizing object | USB_A_black_tongue
Fra:1 Mem:157.57M (Peak 157.57M) | Time:00:00.09 | Mem:0.00M, Peak:0.00M | CISCO_N9K_C9336C_FX2_V001, ViewLayer | Synchronizing object | Fan3_blade_1_6
Fra:1 Mem:166.61M (Peak 166.61M) | Time:00:00.09 | Mem:0.00M, Peak:0.00M | CISCO_N9K_C9336C_FX2_V001, ViewLayer | Synchronizing object | USB_A_deep_stop
Fra:1 Mem:166.61M (Peak 166.61M) | Time:00:00.09 | Mem:0.00M, Peak:0.00M | CISCO_N9K_C9336C_FX2_V001, ViewLayer | Synchronizing object | USB_A_metal_shell
Fra:1 Mem:166.63M (Peak 166.63M) | Time:00:00.09 | Mem:0.00M, Peak:0.00M | CISCO_N9K_C9336C_FX2_V001, ViewLayer | Synchronizing object | Fan3_top_retention_rail_1
Fra:1 Mem:166.63M (Peak 166.63M) | Time:00:00.09 | Mem:0.00M, Peak:0.00M | CISCO_N9K_C9336C_FX2_V001, ViewLayer | Synchronizing object | Fan3_rear_power_contact_block_1
Fra:1 Mem:166.65M (Peak 166.65M) | Time:00:00.09 | Mem:0.00M, Peak:0.00M | CISCO_N9K_C9336C_FX2_V001, ViewLayer | Synchronizing object | Fan3_front_frame
Fra:1 Mem:166.66M (Peak 166.66M) | Time:00:00.09 | Mem:0.00M, Peak:0.00M | CISCO_N9K_C9336C_FX2_V001, ViewLayer | Synchronizing object | Fan3_true_honeycomb_front_grille
Fra:1 Mem:166.65M (Peak 166.66M) | Time:00:00.09 | Mem:0.00M, Peak:0.00M | CISCO_N9K_C9336C_FX2_V001, ViewLayer | Synchronizing object | Fan3_molded_trapezoid_pull_handle
Fra:1 Mem:166.99M (Peak 167.00M) | Time:00:00.09 | Mem:0.00M, Peak:0.00M | CISCO_N9K_C9336C_FX2_V001, ViewLayer | Synchronizing object | Mgmt_SFP_contact_8
Fra:1 Mem:167.09M (Peak 167.09M) | Time:00:00.09 | Mem:0.00M, Peak:0.00M | CISCO_N9K_C9336C_FX2_V001, ViewLayer | Synchronizing object | Mgmt_SFP_contact_7
Fra:1 Mem:167.09M (Peak 167.09M) | Time:00:00.09 | Mem:0.00M, Peak:0.00M | CISCO_N9K_C9336C_FX2_V001, ViewLayer | Synchronizing object | Mgmt_SFP_contact_6
Fra:1 Mem:167.09M (Peak 167.09M) | Time:00:00.09 | Mem:0.00M, Peak:0.00M | CISCO_N9K_C9336C_FX2_V001, ViewLayer | Synchronizing object | Mgmt_SFP_contact_5
Fra:1 Mem:167.09M (Peak 167.09M) | Time:00:00.09 | Mem:0.00M, Peak:0.00M | CISCO_N9K_C9336C_FX2_V001, ViewLayer | Synchronizing object | Mgmt_SFP_contact_4
Fra:1 Mem:167.09M (Peak 167.09M) | Time:00:00.09 | Mem:0.00M, Peak:0.00M | CISCO_N9K_C9336C_FX2_V001, ViewLayer | Synchronizing object | Mgmt_SFP_contact_3
Fra:1 Mem:167.19M (Peak 167.19M) | Time:00:00.09 | Mem:0.00M, Peak:0.00M | CISCO_N9K_C9336C_FX2_V001, ViewLayer | Synchronizing object | Mgmt_SFP_contact_2
Fra:1 Mem:167.19M (Peak 167.19M) | Time:00:00.09 | Mem:0.00M, Peak:0.00M | CISCO_N9K_C9336C_FX2_V001, ViewLayer | Synchronizing object | Mgmt_SFP_contact_1
Fra:1 Mem:167.19M (Peak 167.19M) | Time:00:00.09 | Mem:0.00M, Peak:0.00M | CISCO_N9K_C9336C_FX2_V001, ViewLayer | Synchronizing object | Mgmt_SFP_contact_0
Fra:1 Mem:167.19M (Peak 167.19M) | Time:00:00.09 | Mem:0.00M, Peak:0.00M | CISCO_N9K_C9336C_FX2_V001, ViewLayer | Synchronizing object | Mgmt_SFP_guide_5.8
Fra:1 Mem:167.50M (Peak 167.50M) | Time:00:00.09 | Mem:0.00M, Peak:0.00M | CISCO_N9K_C9336C_FX2_V001, ViewLayer | Synchronizing object | Mgmt_SFP_guide_-5.8
Fra:1 Mem:167.52M (Peak 167.52M) | Time:00:00.09 | Mem:0.00M, Peak:0.00M | CISCO_N9K_C9336C_FX2_V001, ViewLayer | Synchronizing object | Mgmt_SFP_recessed_connector_stop
Fra:1 Mem:167.52M (Peak 167.52M) | Time:00:00.09 | Mem:0.00M, Peak:0.00M | CISCO_N9K_C9336C_FX2_V001, ViewLayer | Synchronizing object | Mgmt_SFP_deep_metal_cage
Fra:1 Mem:168.14M (Peak 168.14M) | Time:00:00.09 | Mem:0.00M, Peak:0.00M | CISCO_N9K_C9336C_FX2_V001, ViewLayer | Synchronizing object | MANAGEMENT_RJ45_unpowered_corner_LED_5.6
Fra:1 Mem:168.14M (Peak 168.14M) | Time:00:00.09 | Mem:0.00M, Peak:0.00M | CISCO_N9K_C9336C_FX2_V001, ViewLayer | Synchronizing object | MANAGEMENT_RJ45_unpowered_corner_LED_-5.6
Fra:1 Mem:168.15M (Peak 168.15M) | Time:00:00.09 | Mem:0.00M, Peak:0.00M | CISCO_N9K_C9336C_FX2_V001, ViewLayer | Synchronizing object | MANAGEMENT_RJ45_contact_7
Fra:1 Mem:168.15M (Peak 168.15M) | Time:00:00.09 | Mem:0.00M, Peak:0.00M | CISCO_N9K_C9336C_FX2_V001, ViewLayer | Synchronizing object | MANAGEMENT_RJ45_contact_6
Fra:1 Mem:168.16M (Peak 168.16M) | Time:00:00.09 | Mem:0.00M, Peak:0.00M | CISCO_N9K_C9336C_FX2_V001, ViewLayer | Synchronizing object | MANAGEMENT_RJ45_contact_5
Fra:1 Mem:168.16M (Peak 168.16M) | Time:00:00.09 | Mem:0.00M, Peak:0.00M | CISCO_N9K_C9336C_FX2_V001, ViewLayer | Synchronizing object | MANAGEMENT_RJ45_contact_4
Fra:1 Mem:168.17M (Peak 168.17M) | Time:00:00.09 | Mem:0.00M, Peak:0.00M | CISCO_N9K_C9336C_FX2_V001, ViewLayer | Synchronizing object | MANAGEMENT_RJ45_contact_3
Fra:1 Mem:168.17M (Peak 168.17M) | Time:00:00.09 | Mem:0.00M, Peak:0.00M | CISCO_N9K_C9336C_FX2_V001, ViewLayer | Synchronizing object | MANAGEMENT_RJ45_contact_2
Fra:1 Mem:168.33M (Peak 168.33M) | Time:00:00.09 | Mem:0.00M, Peak:0.00M | CISCO_N9K_C9336C_FX2_V001, ViewLayer | Synchronizing object | MANAGEMENT_RJ45_contact_1
Fra:1 Mem:168.33M (Peak 168.33M) | Time:00:00.09 | Mem:0.00M, Peak:0.00M | CISCO_N9K_C9336C_FX2_V001, ViewLayer | Synchronizing object | MANAGEMENT_RJ45_contact_0
Fra:1 Mem:168.33M (Peak 168.33M) | Time:00:00.09 | Mem:0.00M, Peak:0.00M | CISCO_N9K_C9336C_FX2_V001, ViewLayer | Synchronizing object | MANAGEMENT_RJ45_deep_connector_stop
Fra:1 Mem:168.33M (Peak 168.33M) | Time:00:00.09 | Mem:0.00M, Peak:0.00M | CISCO_N9K_C9336C_FX2_V001, ViewLayer | Synchronizing object | MANAGEMENT_RJ45_keyed_plastic_body
Fra:1 Mem:168.34M (Peak 168.34M) | Time:00:00.09 | Mem:0.00M, Peak:0.00M | CISCO_N9K_C9336C_FX2_V001, ViewLayer | Synchronizing object | MANAGEMENT_RJ45_metal_shield
Fra:1 Mem:168.36M (Peak 168.36M) | Time:00:00.09 | Mem:0.00M, Peak:0.00M | CISCO_N9K_C9336C_FX2_V001, ViewLayer | Synchronizing object | Fan3_BLUE_release_latch_-1
Fra:1 Mem:168.36M (Peak 168.36M) | Time:00:00.09 | Mem:0.00M, Peak:0.00M | CISCO_N9K_C9336C_FX2_V001, ViewLayer | Synchronizing object | Fan3_latch_thumb_flare_-1
Fra:1 Mem:168.36M (Peak 168.36M) | Time:00:00.09 | Mem:0.00M, Peak:0.00M | CISCO_N9K_C9336C_FX2_V001, ViewLayer | Synchronizing object | Fan3_BLUE_release_latch_1
Fra:1 Mem:168.37M (Peak 168.37M) | Time:00:00.09 | Mem:0.00M, Peak:0.00M | CISCO_N9K_C9336C_FX2_V001, ViewLayer | Synchronizing object | Fan3_latch_thumb_flare_1
Fra:1 Mem:168.38M (Peak 168.38M) | Time:00:00.09 | Mem:0.00M, Peak:0.00M | CISCO_N9K_C9336C_FX2_V001, ViewLayer | Synchronizing object | Fan3_PID_label_recess
Fra:1 Mem:168.37M (Peak 168.38M) | Time:00:00.09 | Mem:0.00M, Peak:0.00M | CISCO_N9K_C9336C_FX2_V001, ViewLayer | Synchronizing object | CONSOLE_RJ45_unpowered_corner_LED_5.6
Fra:1 Mem:168.38M (Peak 168.38M) | Time:00:00.09 | Mem:0.00M, Peak:0.00M | CISCO_N9K_C9336C_FX2_V001, ViewLayer | Synchronizing object | CONSOLE_RJ45_unpowered_corner_LED_-5.6
Fra:1 Mem:168.38M (Peak 168.38M) | Time:00:00.09 | Mem:0.00M, Peak:0.00M | CISCO_N9K_C9336C_FX2_V001, ViewLayer | Synchronizing object | CONSOLE_RJ45_contact_7
Fra:1 Mem:168.39M (Peak 168.39M) | Time:00:00.09 | Mem:0.00M, Peak:0.00M | CISCO_N9K_C9336C_FX2_V001, ViewLayer | Synchronizing object | CONSOLE_RJ45_contact_6
Fra:1 Mem:168.39M (Peak 168.39M) | Time:00:00.09 | Mem:0.00M, Peak:0.00M | CISCO_N9K_C9336C_FX2_V001, ViewLayer | Synchronizing object | CONSOLE_RJ45_contact_5
Fra:1 Mem:168.40M (Peak 168.40M) | Time:00:00.09 | Mem:0.00M, Peak:0.00M | CISCO_N9K_C9336C_FX2_V001, ViewLayer | Synchronizing object | CONSOLE_RJ45_contact_4
Fra:1 Mem:168.40M (Peak 168.40M) | Time:00:00.09 | Mem:0.00M, Peak:0.00M | CISCO_N9K_C9336C_FX2_V001, ViewLayer | Synchronizing object | CONSOLE_RJ45_contact_3
Fra:1 Mem:168.41M (Peak 168.41M) | Time:00:00.09 | Mem:0.00M, Peak:0.00M | CISCO_N9K_C9336C_FX2_V001, ViewLayer | Synchronizing object | CONSOLE_RJ45_contact_2
Fra:1 Mem:168.41M (Peak 168.41M) | Time:00:00.09 | Mem:0.00M, Peak:0.00M | CISCO_N9K_C9336C_FX2_V001, ViewLayer | Synchronizing object | CONSOLE_RJ45_contact_1
Fra:1 Mem:168.41M (Peak 168.41M) | Time:00:00.09 | Mem:0.00M, Peak:0.00M | CISCO_N9K_C9336C_FX2_V001, ViewLayer | Synchronizing object | CONSOLE_RJ45_contact_0
Fra:1 Mem:168.42M (Peak 168.42M) | Time:00:00.09 | Mem:0.00M, Peak:0.00M | CISCO_N9K_C9336C_FX2_V001, ViewLayer | Synchronizing object | CONSOLE_RJ45_deep_connector_stop
Fra:1 Mem:168.42M (Peak 168.42M) | Time:00:00.09 | Mem:0.00M, Peak:0.00M | CISCO_N9K_C9336C_FX2_V001, ViewLayer | Synchronizing object | CONSOLE_RJ45_keyed_plastic_body
Fra:1 Mem:168.42M (Peak 168.42M) | Time:00:00.09 | Mem:0.00M, Peak:0.00M | CISCO_N9K_C9336C_FX2_V001, ViewLayer | Synchronizing object | CONSOLE_RJ45_metal_shield
Fra:1 Mem:168.44M (Peak 168.44M) | Time:00:00.09 | Mem:0.00M, Peak:0.00M | CISCO_N9K_C9336C_FX2_V001, ViewLayer | Synchronizing object | Fan3_known_PID
Fra:1 Mem:168.46M (Peak 168.46M) | Time:00:00.09 | Mem:0.00M, Peak:0.00M | CISCO_N9K_C9336C_FX2_V001, ViewLayer | Synchronizing object | Rear_service_panel_true_apertures
Fra:1 Mem:168.49M (Peak 168.49M) | Time:00:00.09 | Mem:0.00M, Peak:0.00M | CISCO_N9K_C9336C_FX2_V001, ViewLayer | Synchronizing object | PSU2_face_screw_24.5_39.3
Fra:1 Mem:168.51M (Peak 168.51M) | Time:00:00.09 | Mem:0.00M, Peak:0.00M | CISCO_N9K_C9336C_FX2_V001, ViewLayer | Synchronizing object | PSU2_face_screw_24.5_4.1
Fra:1 Mem:168.52M (Peak 168.52M) | Time:00:00.10 | Mem:0.00M, Peak:0.00M | CISCO_N9K_C9336C_FX2_V001, ViewLayer | Synchronizing object | PSU2_face_screw_-24.5_39.3
Fra:1 Mem:168.54M (Peak 168.54M) | Time:00:00.10 | Mem:0.00M, Peak:0.00M | CISCO_N9K_C9336C_FX2_V001, ViewLayer | Synchronizing object | PSU2_face_screw_-24.5_4.1
Fra:1 Mem:168.56M (Peak 168.56M) | Time:00:00.10 | Mem:0.00M, Peak:0.00M | CISCO_N9K_C9336C_FX2_V001, ViewLayer | Synchronizing object | PSU2_OK_legend
Fra:1 Mem:168.56M (Peak 168.56M) | Time:00:00.10 | Mem:0.00M, Peak:0.00M | CISCO_N9K_C9336C_FX2_V001, ViewLayer | Synchronizing object | PSU2_FAIL_legend
Fra:1 Mem:168.57M (Peak 168.57M) | Time:00:00.10 | Mem:0.00M, Peak:0.00M | CISCO_N9K_C9336C_FX2_V001, ViewLayer | Synchronizing object | PSU2_unpowered_LED_32.6
Fra:1 Mem:168.57M (Peak 168.57M) | Time:00:00.10 | Mem:0.00M, Peak:0.00M | CISCO_N9K_C9336C_FX2_V001, ViewLayer | Synchronizing object | PSU2_unpowered_LED_36.8
Fra:1 Mem:168.57M (Peak 168.57M) | Time:00:00.10 | Mem:0.00M, Peak:0.00M | CISCO_N9K_C9336C_FX2_V001, ViewLayer | Synchronizing object | PSU2_retainer_rib_315.4
Fra:1 Mem:168.58M (Peak 168.58M) | Time:00:00.10 | Mem:0.00M, Peak:0.00M | CISCO_N9K_C9336C_FX2_V001, ViewLayer | Synchronizing object | PSU2_retainer_rib_313.2
Fra:1 Mem:168.58M (Peak 168.58M) | Time:00:00.10 | Mem:0.00M, Peak:0.00M | CISCO_N9K_C9336C_FX2_V001, ViewLayer | Synchronizing object | PSU2_retainer_rib_311
Fra:1 Mem:168.58M (Peak 168.58M) | Time:00:00.10 | Mem:0.00M, Peak:0.00M | CISCO_N9K_C9336C_FX2_V001, ViewLayer | Synchronizing object | PSU2_retainer_rib_308.8
Fra:1 Mem:168.59M (Peak 168.59M) | Time:00:00.10 | Mem:0.00M, Peak:0.00M | CISCO_N9K_C9336C_FX2_V001, ViewLayer | Synchronizing object | PSU2_retainer_rib_306.6
Fra:1 Mem:168.59M (Peak 168.59M) | Time:00:00.10 | Mem:0.00M, Peak:0.00M | CISCO_N9K_C9336C_FX2_V001, ViewLayer | Synchronizing object | PSU2_retainer_rib_304.4
Fra:1 Mem:168.60M (Peak 168.60M) | Time:00:00.10 | Mem:0.00M, Peak:0.00M | CISCO_N9K_C9336C_FX2_V001, ViewLayer | Synchronizing object | PSU2_retainer_rib_302.2
Fra:1 Mem:168.60M (Peak 168.60M) | Time:00:00.10 | Mem:0.00M, Peak:0.00M | CISCO_N9K_C9336C_FX2_V001, ViewLayer | Synchronizing object | PSU2_retainer_rib_300
Fra:1 Mem:168.61M (Peak 168.61M) | Time:00:00.10 | Mem:0.00M, Peak:0.00M | CISCO_N9K_C9336C_FX2_V001, ViewLayer | Synchronizing object | PSU2_stowed_nylon_retention_loop
Fra:1 Mem:168.61M (Peak 168.61M) | Time:00:00.10 | Mem:0.00M, Peak:0.00M | CISCO_N9K_C9336C_FX2_V001, ViewLayer | Synchronizing object | PSU2_cord_retainer_anchor
Fra:1 Mem:168.62M (Peak 168.62M) | Time:00:00.10 | Mem:0.00M, Peak:0.00M | CISCO_N9K_C9336C_FX2_V001, ViewLayer | Synchronizing object | PSU2_BLUE_release_latch
Fra:1 Mem:168.62M (Peak 168.62M) | Time:00:00.10 | Mem:0.00M, Peak:0.00M | CISCO_N9K_C9336C_FX2_V001, ViewLayer | Synchronizing object | PSU2_silver_U_pull_handle
Fra:1 Mem:168.83M (Peak 168.83M) | Time:00:00.10 | Mem:0.00M, Peak:0.00M | CISCO_N9K_C9336C_FX2_V001, ViewLayer | Synchronizing object | PSU2_IEC_pin_2
Fra:1 Mem:168.84M (Peak 168.84M) | Time:00:00.10 | Mem:0.00M, Peak:0.00M | CISCO_N9K_C9336C_FX2_V001, ViewLayer | Synchronizing object | PSU2_IEC_pin_1
Fra:1 Mem:168.85M (Peak 168.85M) | Time:00:00.10 | Mem:0.00M, Peak:0.00M | CISCO_N9K_C9336C_FX2_V001, ViewLayer | Synchronizing object | PSU2_IEC_pin_0
Fra:1 Mem:168.87M (Peak 168.87M) | Time:00:00.10 | Mem:0.00M, Peak:0.00M | CISCO_N9K_C9336C_FX2_V001, ViewLayer | Synchronizing object | PSU2_IEC_recessed_black_floor
Fra:1 Mem:168.87M (Peak 168.87M) | Time:00:00.10 | Mem:0.00M, Peak:0.00M | CISCO_N9K_C9336C_FX2_V001, ViewLayer | Synchronizing object | PSU2_IEC_C14_black_inlet_housing
Fra:1 Mem:168.89M (Peak 168.89M) | Time:00:00.10 | Mem:0.00M, Peak:0.00M | CISCO_N9K_C9336C_FX2_V001, ViewLayer | Synchronizing object | PSU2_true_hex_cooling_vents
Fra:1 Mem:169.37M (Peak 169.37M) | Time:00:00.10 | Mem:0.00M, Peak:0.00M | CISCO_N9K_C9336C_FX2_V001, ViewLayer | Synchronizing object | Fan3_flush_lock_pin_-39
Fra:1 Mem:169.38M (Peak 169.38M) | Time:00:00.10 | Mem:0.00M, Peak:0.00M | CISCO_N9K_C9336C_FX2_V001, ViewLayer | Synchronizing object | Fan3_flush_lock_pin_39
Fra:1 Mem:169.38M (Peak 169.38M) | Time:00:00.10 | Mem:0.00M, Peak:0.00M | CISCO_N9K_C9336C_FX2_V001, ViewLayer | Synchronizing object | Fan1_fine_vertical_thumb_rib_-1_0
Fra:1 Mem:169.39M (Peak 169.39M) | Time:00:00.10 | Mem:0.00M, Peak:0.00M | CISCO_N9K_C9336C_FX2_V001, ViewLayer | Synchronizing object | Fan1_fine_vertical_thumb_rib_-1_1
Fra:1 Mem:169.40M (Peak 169.40M) | Time:00:00.10 | Mem:0.00M, Peak:0.00M | CISCO_N9K_C9336C_FX2_V001, ViewLayer | Synchronizing object | Fan1_fine_vertical_thumb_rib_-1_2
Fra:1 Mem:169.40M (Peak 169.40M) | Time:00:00.10 | Mem:0.00M, Peak:0.00M | CISCO_N9K_C9336C_FX2_V001, ViewLayer | Synchronizing object | Fan1_fine_vertical_thumb_rib_-1_3
Fra:1 Mem:169.41M (Peak 169.41M) | Time:00:00.10 | Mem:0.00M, Peak:0.00M | CISCO_N9K_C9336C_FX2_V001, ViewLayer | Synchronizing object | Fan1_fine_vertical_thumb_rib_-1_4
Fra:1 Mem:169.41M (Peak 169.41M) | Time:00:00.10 | Mem:0.00M, Peak:0.00M | CISCO_N9K_C9336C_FX2_V001, ViewLayer | Synchronizing object | Fan1_fine_vertical_thumb_rib_-1_5
Fra:1 Mem:169.42M (Peak 169.42M) | Time:00:00.10 | Mem:0.00M, Peak:0.00M | CISCO_N9K_C9336C_FX2_V001, ViewLayer | Synchronizing object | Fan1_fine_vertical_thumb_rib_-1_6
Fra:1 Mem:169.42M (Peak 169.42M) | Time:00:00.10 | Mem:0.00M, Peak:0.00M | CISCO_N9K_C9336C_FX2_V001, ViewLayer | Synchronizing object | Fan1_fine_vertical_thumb_rib_-1_7
Fra:1 Mem:169.42M (Peak 169.42M) | Time:00:00.10 | Mem:0.00M, Peak:0.00M | CISCO_N9K_C9336C_FX2_V001, ViewLayer | Synchronizing object | Fan1_fine_vertical_thumb_rib_-1_8
Fra:1 Mem:169.43M (Peak 169.43M) | Time:00:00.10 | Mem:0.00M, Peak:0.00M | CISCO_N9K_C9336C_FX2_V001, ViewLayer | Synchronizing object | Fan1_fine_vertical_thumb_rib_-1_9
Fra:1 Mem:169.43M (Peak 169.43M) | Time:00:00.10 | Mem:0.00M, Peak:0.00M | CISCO_N9K_C9336C_FX2_V001, ViewLayer | Synchronizing object | Fan1_fine_vertical_thumb_rib_1_0
Fra:1 Mem:169.44M (Peak 169.44M) | Time:00:00.10 | Mem:0.00M, Peak:0.00M | CISCO_N9K_C9336C_FX2_V001, ViewLayer | Synchronizing object | Fan1_fine_vertical_thumb_rib_1_1
Fra:1 Mem:169.44M (Peak 169.44M) | Time:00:00.10 | Mem:0.00M, Peak:0.00M | CISCO_N9K_C9336C_FX2_V001, ViewLayer | Synchronizing object | Fan1_fine_vertical_thumb_rib_1_2
Fra:1 Mem:169.44M (Peak 169.44M) | Time:00:00.10 | Mem:0.00M, Peak:0.00M | CISCO_N9K_C9336C_FX2_V001, ViewLayer | Synchronizing object | Fan1_fine_vertical_thumb_rib_1_3
Fra:1 Mem:169.45M (Peak 169.45M) | Time:00:00.10 | Mem:0.00M, Peak:0.00M | CISCO_N9K_C9336C_FX2_V001, ViewLayer | Synchronizing object | Fan1_fine_vertical_thumb_rib_1_4
Fra:1 Mem:169.45M (Peak 169.45M) | Time:00:00.10 | Mem:0.00M, Peak:0.00M | CISCO_N9K_C9336C_FX2_V001, ViewLayer | Synchronizing object | PSU2_inlet_vent_divider
Fra:1 Mem:169.46M (Peak 169.46M) | Time:00:00.10 | Mem:0.00M, Peak:0.00M | CISCO_N9K_C9336C_FX2_V001, ViewLayer | Synchronizing object | PSU2_front_face_rim
Fra:1 Mem:169.48M (Peak 169.48M) | Time:00:00.10 | Mem:0.00M, Peak:0.00M | CISCO_N9K_C9336C_FX2_V001, ViewLayer | Synchronizing object | PSU2_internal_opaque_baffle
Fra:1 Mem:169.48M (Peak 169.48M) | Time:00:00.10 | Mem:0.00M, Peak:0.00M | CISCO_N9K_C9336C_FX2_V001, ViewLayer | Synchronizing object | PSU2_internal_mating_block
Fra:1 Mem:169.48M (Peak 169.48M) | Time:00:00.10 | Mem:0.00M, Peak:0.00M | CISCO_N9K_C9336C_FX2_V001, ViewLayer | Synchronizing object | PSU2_rear_internal_endcap
Fra:1 Mem:169.49M (Peak 169.49M) | Time:00:00.10 | Mem:0.00M, Peak:0.00M | CISCO_N9K_C9336C_FX2_V001, ViewLayer | Synchronizing object | PSU2_formed_silver_shell
Fra:1 Mem:169.51M (Peak 169.51M) | Time:00:00.10 | Mem:0.00M, Peak:0.00M | CISCO_N9K_C9336C_FX2_V001, ViewLayer | Synchronizing object | PSU1_face_screw_24.5_39.3
Fra:1 Mem:169.53M (Peak 169.53M) | Time:00:00.10 | Mem:0.00M, Peak:0.00M | CISCO_N9K_C9336C_FX2_V001, ViewLayer | Synchronizing object | PSU1_face_screw_24.5_4.1
Fra:1 Mem:169.55M (Peak 169.55M) | Time:00:00.10 | Mem:0.00M, Peak:0.00M | CISCO_N9K_C9336C_FX2_V001, ViewLayer | Synchronizing object | PSU1_face_screw_-24.5_39.3
Fra:1 Mem:169.56M (Peak 169.56M) | Time:00:00.10 | Mem:0.00M, Peak:0.00M | CISCO_N9K_C9336C_FX2_V001, ViewLayer | Synchronizing object | PSU1_face_screw_-24.5_4.1
Fra:1 Mem:169.58M (Peak 169.58M) | Time:00:00.10 | Mem:0.00M, Peak:0.00M | CISCO_N9K_C9336C_FX2_V001, ViewLayer | Synchronizing object | PSU1_OK_legend
Fra:1 Mem:169.59M (Peak 169.59M) | Time:00:00.10 | Mem:0.00M, Peak:0.00M | CISCO_N9K_C9336C_FX2_V001, ViewLayer | Synchronizing object | PSU1_FAIL_legend
Fra:1 Mem:169.59M (Peak 169.59M) | Time:00:00.10 | Mem:0.00M, Peak:0.00M | CISCO_N9K_C9336C_FX2_V001, ViewLayer | Synchronizing object | PSU1_unpowered_LED_32.6
Fra:1 Mem:169.59M (Peak 169.59M) | Time:00:00.10 | Mem:0.00M, Peak:0.00M | CISCO_N9K_C9336C_FX2_V001, ViewLayer | Synchronizing object | PSU1_unpowered_LED_36.8
Fra:1 Mem:169.59M (Peak 169.59M) | Time:00:00.10 | Mem:0.00M, Peak:0.00M | CISCO_N9K_C9336C_FX2_V001, ViewLayer | Synchronizing object | PSU1_retainer_rib_315.4
Fra:1 Mem:169.60M (Peak 169.60M) | Time:00:00.10 | Mem:0.00M, Peak:0.00M | CISCO_N9K_C9336C_FX2_V001, ViewLayer | Synchronizing object | PSU1_retainer_rib_313.2
Fra:1 Mem:169.60M (Peak 169.60M) | Time:00:00.10 | Mem:0.00M, Peak:0.00M | CISCO_N9K_C9336C_FX2_V001, ViewLayer | Synchronizing object | PSU1_retainer_rib_311
Fra:1 Mem:169.61M (Peak 169.61M) | Time:00:00.10 | Mem:0.00M, Peak:0.00M | CISCO_N9K_C9336C_FX2_V001, ViewLayer | Synchronizing object | PSU1_retainer_rib_308.8
Fra:1 Mem:169.61M (Peak 169.61M) | Time:00:00.10 | Mem:0.00M, Peak:0.00M | CISCO_N9K_C9336C_FX2_V001, ViewLayer | Synchronizing object | PSU1_retainer_rib_306.6
Fra:1 Mem:169.62M (Peak 169.62M) | Time:00:00.10 | Mem:0.00M, Peak:0.00M | CISCO_N9K_C9336C_FX2_V001, ViewLayer | Synchronizing object | PSU1_retainer_rib_304.4
Fra:1 Mem:169.62M (Peak 169.62M) | Time:00:00.10 | Mem:0.00M, Peak:0.00M | CISCO_N9K_C9336C_FX2_V001, ViewLayer | Synchronizing object | PSU1_retainer_rib_302.2
Fra:1 Mem:169.62M (Peak 169.62M) | Time:00:00.10 | Mem:0.00M, Peak:0.00M | CISCO_N9K_C9336C_FX2_V001, ViewLayer | Synchronizing object | PSU1_retainer_rib_300
Fra:1 Mem:169.63M (Peak 169.63M) | Time:00:00.10 | Mem:0.00M, Peak:0.00M | CISCO_N9K_C9336C_FX2_V001, ViewLayer | Synchronizing object | PSU1_stowed_nylon_retention_loop
Fra:1 Mem:169.64M (Peak 169.64M) | Time:00:00.10 | Mem:0.00M, Peak:0.00M | CISCO_N9K_C9336C_FX2_V001, ViewLayer | Synchronizing object | PSU1_cord_retainer_anchor
Fra:1 Mem:169.64M (Peak 169.64M) | Time:00:00.10 | Mem:0.00M, Peak:0.00M | CISCO_N9K_C9336C_FX2_V001, ViewLayer | Synchronizing object | PSU1_BLUE_release_latch
Fra:1 Mem:169.64M (Peak 169.64M) | Time:00:00.10 | Mem:0.00M, Peak:0.00M | CISCO_N9K_C9336C_FX2_V001, ViewLayer | Synchronizing object | PSU1_silver_U_pull_handle
Fra:1 Mem:172.11M (Peak 172.11M) | Time:00:00.11 | Mem:0.00M, Peak:0.00M | CISCO_N9K_C9336C_FX2_V001, ViewLayer | Synchronizing object | PSU1_IEC_pin_2
Fra:1 Mem:172.12M (Peak 172.12M) | Time:00:00.11 | Mem:0.00M, Peak:0.00M | CISCO_N9K_C9336C_FX2_V001, ViewLayer | Synchronizing object | PSU1_IEC_pin_1
Fra:1 Mem:172.14M (Peak 172.14M) | Time:00:00.11 | Mem:0.00M, Peak:0.00M | CISCO_N9K_C9336C_FX2_V001, ViewLayer | Synchronizing object | PSU1_IEC_pin_0
Fra:1 Mem:172.15M (Peak 172.15M) | Time:00:00.11 | Mem:0.00M, Peak:0.00M | CISCO_N9K_C9336C_FX2_V001, ViewLayer | Synchronizing object | PSU1_IEC_recessed_black_floor
Fra:1 Mem:172.15M (Peak 172.15M) | Time:00:00.11 | Mem:0.00M, Peak:0.00M | CISCO_N9K_C9336C_FX2_V001, ViewLayer | Synchronizing object | PSU1_IEC_C14_black_inlet_housing
Fra:1 Mem:172.17M (Peak 172.17M) | Time:00:00.11 | Mem:0.00M, Peak:0.00M | CISCO_N9K_C9336C_FX2_V001, ViewLayer | Synchronizing object | PSU1_true_hex_cooling_vents
Fra:1 Mem:172.95M (Peak 172.95M) | Time:00:00.11 | Mem:0.00M, Peak:0.00M | CISCO_N9K_C9336C_FX2_V001, ViewLayer | Synchronizing object | PSU1_inlet_vent_divider
Fra:1 Mem:172.95M (Peak 172.95M) | Time:00:00.11 | Mem:0.00M, Peak:0.00M | CISCO_N9K_C9336C_FX2_V001, ViewLayer | Synchronizing object | PSU1_front_face_rim
Fra:1 Mem:173.28M (Peak 173.28M) | Time:00:00.11 | Mem:0.00M, Peak:0.00M | CISCO_N9K_C9336C_FX2_V001, ViewLayer | Synchronizing object | PSU1_internal_opaque_baffle
Fra:1 Mem:173.28M (Peak 173.28M) | Time:00:00.11 | Mem:0.00M, Peak:0.00M | CISCO_N9K_C9336C_FX2_V001, ViewLayer | Synchronizing object | PSU1_internal_mating_block
Fra:1 Mem:173.28M (Peak 173.28M) | Time:00:00.11 | Mem:0.00M, Peak:0.00M | CISCO_N9K_C9336C_FX2_V001, ViewLayer | Synchronizing object | PSU1_rear_internal_endcap
Fra:1 Mem:173.29M (Peak 173.29M) | Time:00:00.11 | Mem:0.00M, Peak:0.00M | CISCO_N9K_C9336C_FX2_V001, ViewLayer | Synchronizing object | PSU1_formed_silver_shell
Fra:1 Mem:172.86M (Peak 173.29M) | Time:00:00.11 | Mem:0.00M, Peak:0.00M | CISCO_N9K_C9336C_FX2_V001, ViewLayer | Synchronizing object | Fan1_fine_vertical_thumb_rib_1_5
Fra:1 Mem:172.86M (Peak 173.29M) | Time:00:00.11 | Mem:0.00M, Peak:0.00M | CISCO_N9K_C9336C_FX2_V001, ViewLayer | Synchronizing object | Fan3_fine_vertical_thumb_rib_1_9
Fra:1 Mem:172.87M (Peak 173.29M) | Time:00:00.11 | Mem:0.00M, Peak:0.00M | CISCO_N9K_C9336C_FX2_V001, ViewLayer | Synchronizing object | Fan3_fine_vertical_thumb_rib_1_8
Fra:1 Mem:172.72M (Peak 173.29M) | Time:00:00.11 | Mem:0.00M, Peak:0.00M | CISCO_N9K_C9336C_FX2_V001, ViewLayer | Synchronizing object | Fan3_fine_vertical_thumb_rib_1_7
Fra:1 Mem:172.73M (Peak 173.29M) | Time:00:00.11 | Mem:0.00M, Peak:0.00M | CISCO_N9K_C9336C_FX2_V001, ViewLayer | Synchronizing object | Fan3_fine_vertical_thumb_rib_1_6
Fra:1 Mem:172.73M (Peak 173.29M) | Time:00:00.11 | Mem:0.00M, Peak:0.00M | CISCO_N9K_C9336C_FX2_V001, ViewLayer | Synchronizing object | Fan3_fine_vertical_thumb_rib_1_5
Fra:1 Mem:172.73M (Peak 173.29M) | Time:00:00.11 | Mem:0.00M, Peak:0.00M | CISCO_N9K_C9336C_FX2_V001, ViewLayer | Synchronizing object | Fan3_fine_vertical_thumb_rib_1_4
Fra:1 Mem:172.74M (Peak 173.29M) | Time:00:00.11 | Mem:0.00M, Peak:0.00M | CISCO_N9K_C9336C_FX2_V001, ViewLayer | Synchronizing object | Fan3_fine_vertical_thumb_rib_1_3
Fra:1 Mem:172.74M (Peak 173.29M) | Time:00:00.11 | Mem:0.00M, Peak:0.00M | CISCO_N9K_C9336C_FX2_V001, ViewLayer | Synchronizing object | Fan3_fine_vertical_thumb_rib_1_2
Fra:1 Mem:172.75M (Peak 173.29M) | Time:00:00.11 | Mem:0.00M, Peak:0.00M | CISCO_N9K_C9336C_FX2_V001, ViewLayer | Synchronizing object | Fan3_fine_vertical_thumb_rib_1_1
Fra:1 Mem:172.75M (Peak 173.29M) | Time:00:00.11 | Mem:0.00M, Peak:0.00M | CISCO_N9K_C9336C_FX2_V001, ViewLayer | Synchronizing object | Fan3_fine_vertical_thumb_rib_1_0
Fra:1 Mem:172.76M (Peak 173.29M) | Time:00:00.11 | Mem:0.00M, Peak:0.00M | CISCO_N9K_C9336C_FX2_V001, ViewLayer | Synchronizing object | Fan3_fine_vertical_thumb_rib_-1_9
Fra:1 Mem:172.76M (Peak 173.29M) | Time:00:00.11 | Mem:0.00M, Peak:0.00M | CISCO_N9K_C9336C_FX2_V001, ViewLayer | Synchronizing object | Fan3_fine_vertical_thumb_rib_-1_8
Fra:1 Mem:172.77M (Peak 173.29M) | Time:00:00.11 | Mem:0.00M, Peak:0.00M | CISCO_N9K_C9336C_FX2_V001, ViewLayer | Synchronizing object | Fan3_fine_vertical_thumb_rib_-1_7
Fra:1 Mem:172.77M (Peak 173.29M) | Time:00:00.11 | Mem:0.00M, Peak:0.00M | CISCO_N9K_C9336C_FX2_V001, ViewLayer | Synchronizing object | Fan3_fine_vertical_thumb_rib_-1_6
Fra:1 Mem:172.77M (Peak 173.29M) | Time:00:00.11 | Mem:0.00M, Peak:0.00M | CISCO_N9K_C9336C_FX2_V001, ViewLayer | Synchronizing object | Fan3_fine_vertical_thumb_rib_-1_5
Fra:1 Mem:172.78M (Peak 173.29M) | Time:00:00.11 | Mem:0.00M, Peak:0.00M | CISCO_N9K_C9336C_FX2_V001, ViewLayer | Synchronizing object | Fan3_fine_vertical_thumb_rib_-1_4
Fra:1 Mem:172.78M (Peak 173.29M) | Time:00:00.11 | Mem:0.00M, Peak:0.00M | CISCO_N9K_C9336C_FX2_V001, ViewLayer | Synchronizing object | Fan3_fine_vertical_thumb_rib_-1_3
Fra:1 Mem:172.79M (Peak 173.29M) | Time:00:00.11 | Mem:0.00M, Peak:0.00M | CISCO_N9K_C9336C_FX2_V001, ViewLayer | Synchronizing object | Fan3_fine_vertical_thumb_rib_-1_2
Fra:1 Mem:172.79M (Peak 173.29M) | Time:00:00.11 | Mem:0.00M, Peak:0.00M | CISCO_N9K_C9336C_FX2_V001, ViewLayer | Synchronizing object | Fan3_fine_vertical_thumb_rib_-1_1
Fra:1 Mem:172.80M (Peak 173.29M) | Time:00:00.11 | Mem:0.00M, Peak:0.00M | CISCO_N9K_C9336C_FX2_V001, ViewLayer | Synchronizing object | Fan3_fine_vertical_thumb_rib_-1_0
Fra:1 Mem:172.80M (Peak 173.29M) | Time:00:00.11 | Mem:0.00M, Peak:0.00M | CISCO_N9K_C9336C_FX2_V001, ViewLayer | Synchronizing object | Fan2_fine_vertical_thumb_rib_1_9
Fra:1 Mem:172.80M (Peak 173.29M) | Time:00:00.11 | Mem:0.00M, Peak:0.00M | CISCO_N9K_C9336C_FX2_V001, ViewLayer | Synchronizing object | Fan2_fine_vertical_thumb_rib_1_8
Fra:1 Mem:172.81M (Peak 173.29M) | Time:00:00.11 | Mem:0.00M, Peak:0.00M | CISCO_N9K_C9336C_FX2_V001, ViewLayer | Synchronizing object | Fan2_fine_vertical_thumb_rib_1_7
Fra:1 Mem:172.81M (Peak 173.29M) | Time:00:00.11 | Mem:0.00M, Peak:0.00M | CISCO_N9K_C9336C_FX2_V001, ViewLayer | Synchronizing object | Fan2_fine_vertical_thumb_rib_1_6
Fra:1 Mem:172.82M (Peak 173.29M) | Time:00:00.11 | Mem:0.00M, Peak:0.00M | CISCO_N9K_C9336C_FX2_V001, ViewLayer | Synchronizing object | Fan2_fine_vertical_thumb_rib_1_5
Fra:1 Mem:172.82M (Peak 173.29M) | Time:00:00.11 | Mem:0.00M, Peak:0.00M | CISCO_N9K_C9336C_FX2_V001, ViewLayer | Synchronizing object | Fan2_fine_vertical_thumb_rib_1_4
Fra:1 Mem:172.83M (Peak 173.29M) | Time:00:00.11 | Mem:0.00M, Peak:0.00M | CISCO_N9K_C9336C_FX2_V001, ViewLayer | Synchronizing object | Fan2_fine_vertical_thumb_rib_1_3
Fra:1 Mem:172.83M (Peak 173.29M) | Time:00:00.11 | Mem:0.00M, Peak:0.00M | CISCO_N9K_C9336C_FX2_V001, ViewLayer | Synchronizing object | Fan2_fine_vertical_thumb_rib_1_2
Fra:1 Mem:172.83M (Peak 173.29M) | Time:00:00.11 | Mem:0.00M, Peak:0.00M | CISCO_N9K_C9336C_FX2_V001, ViewLayer | Synchronizing object | Fan2_fine_vertical_thumb_rib_1_1
Fra:1 Mem:172.84M (Peak 173.29M) | Time:00:00.11 | Mem:0.00M, Peak:0.00M | CISCO_N9K_C9336C_FX2_V001, ViewLayer | Synchronizing object | Fan2_fine_vertical_thumb_rib_1_0
Fra:1 Mem:172.84M (Peak 173.29M) | Time:00:00.11 | Mem:0.00M, Peak:0.00M | CISCO_N9K_C9336C_FX2_V001, ViewLayer | Synchronizing object | Fan2_fine_vertical_thumb_rib_-1_9
Fra:1 Mem:172.85M (Peak 173.29M) | Time:00:00.11 | Mem:0.00M, Peak:0.00M | CISCO_N9K_C9336C_FX2_V001, ViewLayer | Synchronizing object | Fan2_fine_vertical_thumb_rib_-1_8
Fra:1 Mem:172.85M (Peak 173.29M) | Time:00:00.11 | Mem:0.00M, Peak:0.00M | CISCO_N9K_C9336C_FX2_V001, ViewLayer | Synchronizing object | Fan2_fine_vertical_thumb_rib_-1_7
Fra:1 Mem:172.86M (Peak 173.29M) | Time:00:00.11 | Mem:0.00M, Peak:0.00M | CISCO_N9K_C9336C_FX2_V001, ViewLayer | Synchronizing object | Fan2_fine_vertical_thumb_rib_-1_6
Fra:1 Mem:172.86M (Peak 173.29M) | Time:00:00.11 | Mem:0.00M, Peak:0.00M | CISCO_N9K_C9336C_FX2_V001, ViewLayer | Synchronizing object | Fan2_fine_vertical_thumb_rib_-1_5
Fra:1 Mem:172.86M (Peak 173.29M) | Time:00:00.11 | Mem:0.00M, Peak:0.00M | CISCO_N9K_C9336C_FX2_V001, ViewLayer | Synchronizing object | Fan2_fine_vertical_thumb_rib_-1_4
Fra:1 Mem:172.87M (Peak 173.29M) | Time:00:00.11 | Mem:0.00M, Peak:0.00M | CISCO_N9K_C9336C_FX2_V001, ViewLayer | Synchronizing object | Fan2_fine_vertical_thumb_rib_-1_3
Fra:1 Mem:172.87M (Peak 173.29M) | Time:00:00.11 | Mem:0.00M, Peak:0.00M | CISCO_N9K_C9336C_FX2_V001, ViewLayer | Synchronizing object | Fan2_fine_vertical_thumb_rib_-1_2
Fra:1 Mem:172.88M (Peak 173.29M) | Time:00:00.11 | Mem:0.00M, Peak:0.00M | CISCO_N9K_C9336C_FX2_V001, ViewLayer | Synchronizing object | Fan2_fine_vertical_thumb_rib_-1_1
Fra:1 Mem:172.88M (Peak 173.29M) | Time:00:00.11 | Mem:0.00M, Peak:0.00M | CISCO_N9K_C9336C_FX2_V001, ViewLayer | Synchronizing object | Fan2_fine_vertical_thumb_rib_-1_0
Fra:1 Mem:172.89M (Peak 173.29M) | Time:00:00.11 | Mem:0.00M, Peak:0.00M | CISCO_N9K_C9336C_FX2_V001, ViewLayer | Synchronizing object | Fan1_fine_vertical_thumb_rib_1_9
Fra:1 Mem:172.89M (Peak 173.29M) | Time:00:00.11 | Mem:0.00M, Peak:0.00M | CISCO_N9K_C9336C_FX2_V001, ViewLayer | Synchronizing object | Fan1_fine_vertical_thumb_rib_1_8
Fra:1 Mem:172.89M (Peak 173.29M) | Time:00:00.11 | Mem:0.00M, Peak:0.00M | CISCO_N9K_C9336C_FX2_V001, ViewLayer | Synchronizing object | Fan1_fine_vertical_thumb_rib_1_7
Fra:1 Mem:172.90M (Peak 173.29M) | Time:00:00.11 | Mem:0.00M, Peak:0.00M | CISCO_N9K_C9336C_FX2_V001, ViewLayer | Synchronizing object | Fan1_fine_vertical_thumb_rib_1_6
Fra:1 Mem:172.90M (Peak 181.95M) | Time:00:00.26 | Mem:0.00M, Peak:0.00M | CISCO_N9K_C9336C_FX2_V001, ViewLayer | Initializing
Fra:1 Mem:168.45M (Peak 181.95M) | Time:00:00.27 | Mem:0.00M, Peak:0.00M | CISCO_N9K_C9336C_FX2_V001, ViewLayer | Updating Images | Loading NWR_original_chassis_label_baked
Fra:1 Mem:168.45M (Peak 181.95M) | Time:00:00.27 | Mem:0.00M, Peak:0.00M | CISCO_N9K_C9336C_FX2_V001, ViewLayer | Updating Images | Loading metal-micro-normal
Fra:1 Mem:168.45M (Peak 181.95M) | Time:00:00.27 | Mem:0.00M, Peak:0.00M | CISCO_N9K_C9336C_FX2_V001, ViewLayer | Updating Images | Loading cage-stainless-steel-roughness
Fra:1 Mem:168.45M (Peak 181.95M) | Time:00:00.27 | Mem:0.00M, Peak:0.00M | CISCO_N9K_C9336C_FX2_V001, ViewLayer | Updating Images | Loading dark-grille-metal-roughness
Fra:1 Mem:155.47M (Peak 184.00M) | Time:00:00.30 | Mem:7.50M, Peak:7.50M | CISCO_N9K_C9336C_FX2_V001, ViewLayer | Waiting for render to start
Fra:1 Mem:155.47M (Peak 184.00M) | Time:00:00.30 | Mem:7.50M, Peak:7.50M | CISCO_N9K_C9336C_FX2_V001, ViewLayer | Loading render kernels (may take a few minutes the first time)
Fra:1 Mem:155.47M (Peak 184.00M) | Time:00:00.30 | Mem:7.50M, Peak:7.50M | CISCO_N9K_C9336C_FX2_V001, ViewLayer | Updating Scene
Fra:1 Mem:155.47M (Peak 184.00M) | Time:00:00.30 | Mem:7.50M, Peak:7.50M | CISCO_N9K_C9336C_FX2_V001, ViewLayer | Updating Shaders
Fra:1 Mem:155.56M (Peak 184.00M) | Time:00:00.30 | Mem:7.51M, Peak:7.51M | CISCO_N9K_C9336C_FX2_V001, ViewLayer | Updating Procedurals
Fra:1 Mem:155.56M (Peak 184.00M) | Time:00:00.30 | Mem:7.51M, Peak:7.51M | CISCO_N9K_C9336C_FX2_V001, ViewLayer | Updating Background
Fra:1 Mem:155.56M (Peak 184.00M) | Time:00:00.30 | Mem:7.51M, Peak:7.51M | CISCO_N9K_C9336C_FX2_V001, ViewLayer | Updating Camera
Fra:1 Mem:155.56M (Peak 184.00M) | Time:00:00.30 | Mem:7.51M, Peak:7.51M | CISCO_N9K_C9336C_FX2_V001, ViewLayer | Updating Meshes Flags
Fra:1 Mem:155.56M (Peak 184.00M) | Time:00:00.30 | Mem:7.51M, Peak:7.51M | CISCO_N9K_C9336C_FX2_V001, ViewLayer | Updating Objects
Fra:1 Mem:155.56M (Peak 184.00M) | Time:00:00.30 | Mem:7.51M, Peak:7.51M | CISCO_N9K_C9336C_FX2_V001, ViewLayer | Updating Objects | Copying Transformations to device
Fra:1 Mem:155.79M (Peak 184.00M) | Time:00:00.30 | Mem:7.73M, Peak:7.73M | CISCO_N9K_C9336C_FX2_V001, ViewLayer | Updating Objects | Applying Static Transformations
Fra:1 Mem:155.79M (Peak 184.00M) | Time:00:00.31 | Mem:7.73M, Peak:7.73M | CISCO_N9K_C9336C_FX2_V001, ViewLayer | Updating Particle Systems
Fra:1 Mem:155.79M (Peak 184.00M) | Time:00:00.31 | Mem:7.73M, Peak:7.73M | CISCO_N9K_C9336C_FX2_V001, ViewLayer | Updating Particle Systems | Copying Particles to device
Fra:1 Mem:155.79M (Peak 184.00M) | Time:00:00.31 | Mem:7.73M, Peak:7.73M | CISCO_N9K_C9336C_FX2_V001, ViewLayer | Updating Meshes
Fra:1 Mem:161.68M (Peak 184.00M) | Time:00:00.32 | Mem:7.73M, Peak:7.73M | CISCO_N9K_C9336C_FX2_V001, ViewLayer | Updating Mesh | Computing attributes
Fra:1 Mem:188.09M (Peak 188.09M) | Time:00:00.35 | Mem:7.77M, Peak:7.77M | CISCO_N9K_C9336C_FX2_V001, ViewLayer | Updating Mesh | Copying Attributes to device
Fra:1 Mem:187.97M (Peak 188.09M) | Time:00:00.35 | Mem:34.02M, Peak:34.02M | CISCO_N9K_C9336C_FX2_V001, ViewLayer | Updating Geometry BVH Lid_flush_Phillips_00 1/30 | Building BVH
Fra:1 Mem:187.97M (Peak 188.09M) | Time:00:00.35 | Mem:34.02M, Peak:34.02M | CISCO_N9K_C9336C_FX2_V001, ViewLayer | Updating Geometry BVH Pair01_stainless_shell_29mm_deep 2/30 | Building BVH
Fra:1 Mem:187.97M (Peak 188.09M) | Time:00:00.36 | Mem:34.02M, Peak:34.02M | CISCO_N9K_C9336C_FX2_V001, ViewLayer | Updating Geometry BVH Pair01_internal_cooling_shelf 4/30 | Building BVH
Fra:1 Mem:187.97M (Peak 188.09M) | Time:00:00.36 | Mem:34.02M, Peak:34.02M | CISCO_N9K_C9336C_FX2_V001, ViewLayer | Updating Geometry BVH Port02_subtle_recessed_contact_row 30/30 | Building BVH
Fra:1 Mem:187.97M (Peak 188.09M) | Time:00:00.36 | Mem:34.03M, Peak:34.03M | CISCO_N9K_C9336C_FX2_V001, ViewLayer | Updating Geometry BVH Port02_subtle_recessed_contact_row 30/30 | Building BVH 0%
Fra:1 Mem:187.97M (Peak 188.09M) | Time:00:00.36 | Mem:34.04M, Peak:34.04M | CISCO_N9K_C9336C_FX2_V001, ViewLayer | Updating Geometry BVH Port01_recessed_connector_stop 5/30 | Building BVH
Fra:1 Mem:187.97M (Peak 188.09M) | Time:00:00.36 | Mem:34.06M, Peak:34.06M | CISCO_N9K_C9336C_FX2_V001, ViewLayer | Updating Geometry BVH Port01_connector_contact_surround 6/30 | Building BVH
Fra:1 Mem:187.97M (Peak 188.09M) | Time:00:00.36 | Mem:34.07M, Peak:34.07M | CISCO_N9K_C9336C_FX2_V001, ViewLayer | Updating Geometry BVH Port01_guide_-1_-4.25 7/30 | Building BVH
Fra:1 Mem:187.97M (Peak 188.09M) | Time:00:00.36 | Mem:34.06M, Peak:34.07M | CISCO_N9K_C9336C_FX2_V001, ViewLayer | Updating Geometry BVH Port02_spring_1_2.8 29/30 | Building BVH
Fra:1 Mem:187.97M (Peak 188.09M) | Time:00:00.36 | Mem:34.07M, Peak:34.08M | CISCO_N9K_C9336C_FX2_V001, ViewLayer | Updating Geometry BVH Port01_guide_-1_4.25 8/30 | Building BVH
Fra:1 Mem:187.97M (Peak 188.09M) | Time:00:00.36 | Mem:34.08M, Peak:34.09M | CISCO_N9K_C9336C_FX2_V001, ViewLayer | Updating Geometry BVH Port01_spring_-1_-2.8 9/30 | Building BVH
Fra:1 Mem:187.97M (Peak 188.09M) | Time:00:00.36 | Mem:34.09M, Peak:34.09M | CISCO_N9K_C9336C_FX2_V001, ViewLayer | Updating Geometry BVH Port01_spring_-1_0 10/30 | Building BVH
Fra:1 Mem:187.97M (Peak 188.09M) | Time:00:00.36 | Mem:34.11M, Peak:34.11M | CISCO_N9K_C9336C_FX2_V001, ViewLayer | Updating Geometry BVH Port01_guide_1_-4.25 12/30 | Building BVH
Fra:1 Mem:187.97M (Peak 188.09M) | Time:00:00.36 | Mem:34.12M, Peak:34.12M | CISCO_N9K_C9336C_FX2_V001, ViewLayer | Updating Geometry BVH Port01_guide_1_4.25 13/30 | Building BVH
Fra:1 Mem:187.97M (Peak 188.09M) | Time:00:00.36 | Mem:34.13M, Peak:34.13M | CISCO_N9K_C9336C_FX2_V001, ViewLayer | Updating Geometry BVH Port01_spring_1_-2.8 14/30 | Building BVH
Fra:1 Mem:187.97M (Peak 188.09M) | Time:00:00.36 | Mem:34.22M, Peak:34.22M | CISCO_N9K_C9336C_FX2_V001, ViewLayer | Updating Geometry BVH Port01_spring_1_0 15/30 | Building BVH
Fra:1 Mem:187.97M (Peak 188.09M) | Time:00:00.36 | Mem:34.23M, Peak:34.23M | CISCO_N9K_C9336C_FX2_V001, ViewLayer | Updating Geometry BVH Port01_spring_1_2.8 16/30 | Building BVH
Fra:1 Mem:187.97M (Peak 188.09M) | Time:00:00.36 | Mem:34.23M, Peak:34.23M | CISCO_N9K_C9336C_FX2_V001, ViewLayer | Updating Geometry BVH Port01_subtle_recessed_contact_row 17/30 | Building BVH
Fra:1 Mem:187.97M (Peak 188.09M) | Time:00:00.36 | Mem:34.24M, Peak:34.24M | CISCO_N9K_C9336C_FX2_V001, ViewLayer | Updating Geometry BVH Port02_recessed_connector_stop 18/30 | Building BVH
Fra:1 Mem:187.97M (Peak 188.09M) | Time:00:00.36 | Mem:34.25M, Peak:34.25M | CISCO_N9K_C9336C_FX2_V001, ViewLayer | Updating Geometry BVH Port02_connector_contact_surround 19/30 | Building BVH
Fra:1 Mem:187.97M (Peak 188.09M) | Time:00:00.36 | Mem:34.26M, Peak:34.26M | CISCO_N9K_C9336C_FX2_V001, ViewLayer | Updating Geometry BVH Port02_guide_-1_-4.25 20/30 | Building BVH
Fra:1 Mem:187.97M (Peak 188.09M) | Time:00:00.36 | Mem:34.28M, Peak:34.28M | CISCO_N9K_C9336C_FX2_V001, ViewLayer | Updating Geometry BVH Port02_guide_-1_4.25 21/30 | Building BVH
Fra:1 Mem:187.97M (Peak 188.09M) | Time:00:00.36 | Mem:34.30M, Peak:34.30M | CISCO_N9K_C9336C_FX2_V001, ViewLayer | Updating Geometry BVH Port02_spring_-1_-2.8 22/30 | Building BVH
Fra:1 Mem:187.97M (Peak 188.09M) | Time:00:00.36 | Mem:34.30M, Peak:34.30M | CISCO_N9K_C9336C_FX2_V001, ViewLayer | Updating Geometry BVH Port02_spring_-1_0 23/30 | Building BVH
Fra:1 Mem:187.97M (Peak 188.09M) | Time:00:00.36 | Mem:34.33M, Peak:34.33M | CISCO_N9K_C9336C_FX2_V001, ViewLayer | Updating Geometry BVH Port02_spring_-1_2.8 24/30 | Building BVH
Fra:1 Mem:187.97M (Peak 188.09M) | Time:00:00.36 | Mem:34.36M, Peak:34.36M | CISCO_N9K_C9336C_FX2_V001, ViewLayer | Updating Geometry BVH Port02_guide_1_4.25 26/30 | Building BVH
Fra:1 Mem:187.97M (Peak 188.09M) | Time:00:00.36 | Mem:34.36M, Peak:34.36M | CISCO_N9K_C9336C_FX2_V001, ViewLayer | Updating Geometry BVH Port02_spring_1_-2.8 27/30 | Building BVH
Fra:1 Mem:187.97M (Peak 188.09M) | Time:00:00.36 | Mem:34.49M, Peak:34.56M | CISCO_N9K_C9336C_FX2_V001, ViewLayer | Updating Scene BVH | Building
Fra:1 Mem:187.98M (Peak 188.09M) | Time:00:00.36 | Mem:34.49M, Peak:34.56M | CISCO_N9K_C9336C_FX2_V001, ViewLayer | Updating Scene BVH | Building BVH
Fra:1 Mem:187.98M (Peak 188.09M) | Time:00:00.39 | Mem:58.89M, Peak:70.50M | CISCO_N9K_C9336C_FX2_V001, ViewLayer | Updating Scene BVH | Copying BVH to device
Fra:1 Mem:187.98M (Peak 188.09M) | Time:00:00.39 | Mem:58.89M, Peak:70.50M | CISCO_N9K_C9336C_FX2_V001, ViewLayer | Updating Mesh | Computing normals
Fra:1 Mem:201.19M (Peak 201.19M) | Time:00:00.40 | Mem:58.89M, Peak:70.50M | CISCO_N9K_C9336C_FX2_V001, ViewLayer | Updating Mesh | Copying Mesh to device
Fra:1 Mem:201.19M (Peak 201.19M) | Time:00:00.41 | Mem:72.10M, Peak:72.10M | CISCO_N9K_C9336C_FX2_V001, ViewLayer | Updating Objects Flags
Fra:1 Mem:201.19M (Peak 201.19M) | Time:00:00.41 | Mem:72.11M, Peak:72.11M | CISCO_N9K_C9336C_FX2_V001, ViewLayer | Updating Primitive Offsets
Fra:1 Mem:201.19M (Peak 201.19M) | Time:00:00.41 | Mem:72.11M, Peak:72.11M | CISCO_N9K_C9336C_FX2_V001, ViewLayer | Updating Images
Fra:1 Mem:201.19M (Peak 201.19M) | Time:00:00.41 | Mem:72.11M, Peak:72.11M | CISCO_N9K_C9336C_FX2_V001, ViewLayer | Updating Camera Volume
Fra:1 Mem:201.19M (Peak 201.19M) | Time:00:00.41 | Mem:72.11M, Peak:72.11M | CISCO_N9K_C9336C_FX2_V001, ViewLayer | Updating Lookup Tables
Fra:1 Mem:201.19M (Peak 201.19M) | Time:00:00.41 | Mem:72.19M, Peak:72.19M | CISCO_N9K_C9336C_FX2_V001, ViewLayer | Updating Lights
Fra:1 Mem:201.19M (Peak 201.19M) | Time:00:00.41 | Mem:72.19M, Peak:72.19M | CISCO_N9K_C9336C_FX2_V001, ViewLayer | Updating Lights | Computing distribution
Fra:1 Mem:201.19M (Peak 201.19M) | Time:00:00.41 | Mem:72.19M, Peak:72.19M | CISCO_N9K_C9336C_FX2_V001, ViewLayer | Updating Lights | Computing tree
Fra:1 Mem:201.20M (Peak 201.20M) | Time:00:00.41 | Mem:72.20M, Peak:72.20M | CISCO_N9K_C9336C_FX2_V001, ViewLayer | Updating Integrator
Fra:1 Mem:202.20M (Peak 202.20M) | Time:00:00.41 | Mem:73.20M, Peak:73.20M | CISCO_N9K_C9336C_FX2_V001, ViewLayer | Updating Film
Fra:1 Mem:202.20M (Peak 202.20M) | Time:00:00.41 | Mem:73.12M, Peak:73.20M | CISCO_N9K_C9336C_FX2_V001, ViewLayer | Updating Lookup Tables
Fra:1 Mem:202.20M (Peak 202.20M) | Time:00:00.41 | Mem:73.20M, Peak:73.20M | CISCO_N9K_C9336C_FX2_V001, ViewLayer | Updating Baking
Fra:1 Mem:202.20M (Peak 202.20M) | Time:00:00.41 | Mem:73.20M, Peak:73.20M | CISCO_N9K_C9336C_FX2_V001, ViewLayer | Updating Device | Writing constant memory
Fra:1 Mem:202.22M (Peak 202.22M) | Time:00:00.41 | Mem:73.20M, Peak:73.20M | CISCO_N9K_C9336C_FX2_V001, ViewLayer | Sample 0/192
Fra:1 Mem:279.15M (Peak 279.15M) | Time:00:01.52 | Remaining:03:33.48 | Mem:150.12M, Peak:150.12M | CISCO_N9K_C9336C_FX2_V001, ViewLayer | Sample 1/192
Fra:1 Mem:279.15M (Peak 279.15M) | Time:00:31.93 | Remaining:02:31.87 | Mem:150.12M, Peak:150.12M | CISCO_N9K_C9336C_FX2_V001, ViewLayer | Sample 33/192
Fra:1 Mem:279.15M (Peak 279.15M) | Time:01:01.63 | Remaining:02:02.45 | Mem:150.12M, Peak:150.12M | CISCO_N9K_C9336C_FX2_V001, ViewLayer | Sample 64/192
Fra:1 Mem:279.15M (Peak 279.15M) | Time:01:05.84 | Remaining:01:31.60 | Mem:150.12M, Peak:150.12M | CISCO_N9K_C9336C_FX2_V001, ViewLayer | Sample 80/192
Fra:1 Mem:279.15M (Peak 279.15M) | Time:01:08.77 | Remaining:01:08.36 | Mem:150.12M, Peak:150.12M | CISCO_N9K_C9336C_FX2_V001, ViewLayer | Sample 96/192
Fra:1 Mem:279.15M (Peak 279.15M) | Time:01:10.84 | Remaining:00:50.30 | Mem:150.12M, Peak:150.12M | CISCO_N9K_C9336C_FX2_V001, ViewLayer | Sample 112/192
Fra:1 Mem:279.15M (Peak 279.15M) | Time:01:12.34 | Remaining:00:35.96 | Mem:150.12M, Peak:150.12M | CISCO_N9K_C9336C_FX2_V001, ViewLayer | Sample 128/192
Fra:1 Mem:279.15M (Peak 279.15M) | Time:01:13.36 | Remaining:00:24.31 | Mem:150.12M, Peak:150.12M | CISCO_N9K_C9336C_FX2_V001, ViewLayer | Sample 144/192
Fra:1 Mem:279.15M (Peak 279.15M) | Time:01:14.13 | Remaining:00:14.74 | Mem:150.12M, Peak:150.12M | CISCO_N9K_C9336C_FX2_V001, ViewLayer | Sample 160/192
Fra:1 Mem:279.15M (Peak 279.15M) | Time:01:14.73 | Remaining:00:06.75 | Mem:150.12M, Peak:150.12M | CISCO_N9K_C9336C_FX2_V001, ViewLayer | Sample 176/192
Fra:1 Mem:313.33M (Peak 381.69M) | Time:01:15.33 | Mem:150.12M, Peak:150.12M | CISCO_N9K_C9336C_FX2_V001, ViewLayer | Sample 192/192
Fra:1 Mem:313.33M (Peak 381.69M) | Time:01:15.33 | Mem:150.12M, Peak:150.12M | CISCO_N9K_C9336C_FX2_V001, ViewLayer | Finished
Fra:1 Mem:139.03M (Peak 381.69M) | Time:01:15.35 | Compositing
Fra:1 Mem:139.03M (Peak 381.69M) | Time:01:15.35 | Compositing | Determining resolution
Fra:1 Mem:139.03M (Peak 381.69M) | Time:01:15.35 | Compositing | Initializing execution
Fra:1 Mem:173.27M (Peak 381.69M) | Time:01:15.35 | Compositing | Tile 1-42
Fra:1 Mem:173.27M (Peak 381.69M) | Time:01:15.35 | Compositing | Tile 5-42
Fra:1 Mem:173.27M (Peak 381.69M) | Time:01:15.35 | Compositing | Tile 3-42
Fra:1 Mem:173.27M (Peak 381.69M) | Time:01:15.35 | Compositing | Tile 7-42
Fra:1 Mem:173.27M (Peak 381.69M) | Time:01:15.35 | Compositing | Tile 6-42
Fra:1 Mem:173.27M (Peak 381.69M) | Time:01:15.35 | Compositing | Tile 2-42
Fra:1 Mem:173.27M (Peak 381.69M) | Time:01:15.35 | Compositing | Tile 4-42
Fra:1 Mem:173.27M (Peak 381.69M) | Time:01:15.36 | Compositing | Tile 8-42
Fra:1 Mem:173.27M (Peak 381.69M) | Time:01:15.36 | Compositing | Tile 9-42
Fra:1 Mem:173.27M (Peak 381.69M) | Time:01:15.36 | Compositing | Tile 10-42
Fra:1 Mem:173.27M (Peak 381.69M) | Time:01:15.36 | Compositing | Tile 11-42
Fra:1 Mem:173.27M (Peak 381.69M) | Time:01:15.36 | Compositing | Tile 12-42
Fra:1 Mem:173.27M (Peak 381.69M) | Time:01:15.36 | Compositing | Tile 13-42
Fra:1 Mem:173.27M (Peak 381.69M) | Time:01:15.36 | Compositing | Tile 14-42
Fra:1 Mem:173.27M (Peak 381.69M) | Time:01:15.36 | Compositing | Tile 15-42
Fra:1 Mem:173.27M (Peak 381.69M) | Time:01:15.36 | Compositing | Tile 16-42
Fra:1 Mem:173.27M (Peak 381.69M) | Time:01:15.36 | Compositing | Tile 17-42
Fra:1 Mem:173.27M (Peak 381.69M) | Time:01:15.36 | Compositing | Tile 18-42
Fra:1 Mem:173.27M (Peak 381.69M) | Time:01:15.36 | Compositing | Tile 19-42
Fra:1 Mem:173.27M (Peak 381.69M) | Time:01:15.36 | Compositing | Tile 20-42
Fra:1 Mem:173.27M (Peak 381.69M) | Time:01:15.36 | Compositing | Tile 21-42
Fra:1 Mem:173.27M (Peak 381.69M) | Time:01:15.36 | Compositing | Tile 22-42
Fra:1 Mem:173.27M (Peak 381.69M) | Time:01:15.36 | Compositing | Tile 23-42
Fra:1 Mem:173.27M (Peak 381.69M) | Time:01:15.36 | Compositing | Tile 24-42
Fra:1 Mem:173.27M (Peak 381.69M) | Time:01:15.36 | Compositing | Tile 25-42
Fra:1 Mem:173.27M (Peak 381.69M) | Time:01:15.36 | Compositing | Tile 26-42
Fra:1 Mem:173.27M (Peak 381.69M) | Time:01:15.36 | Compositing | Tile 27-42
Fra:1 Mem:173.27M (Peak 381.69M) | Time:01:15.36 | Compositing | Tile 28-42
Fra:1 Mem:173.27M (Peak 381.69M) | Time:01:15.36 | Compositing | Tile 29-42
Fra:1 Mem:173.27M (Peak 381.69M) | Time:01:15.36 | Compositing | Tile 30-42
Fra:1 Mem:173.27M (Peak 381.69M) | Time:01:15.36 | Compositing | Tile 31-42
Fra:1 Mem:173.27M (Peak 381.69M) | Time:01:15.36 | Compositing | Tile 32-42
Fra:1 Mem:173.27M (Peak 381.69M) | Time:01:15.36 | Compositing | Tile 33-42
Fra:1 Mem:173.27M (Peak 381.69M) | Time:01:15.36 | Compositing | Tile 34-42
Fra:1 Mem:173.27M (Peak 381.69M) | Time:01:15.36 | Compositing | Tile 35-42
Fra:1 Mem:173.27M (Peak 381.69M) | Time:01:15.36 | Compositing | Tile 36-42
Fra:1 Mem:173.27M (Peak 381.69M) | Time:01:15.36 | Compositing | Tile 37-42
Fra:1 Mem:173.27M (Peak 381.69M) | Time:01:15.36 | Compositing | Tile 38-42
Fra:1 Mem:173.27M (Peak 381.69M) | Time:01:15.36 | Compositing | Tile 39-42
Fra:1 Mem:173.27M (Peak 381.69M) | Time:01:15.36 | Compositing | Tile 40-42
Fra:1 Mem:173.27M (Peak 381.69M) | Time:01:15.36 | Compositing | Tile 41-42
Fra:1 Mem:173.27M (Peak 381.69M) | Time:01:15.37 | Compositing | Tile 42-42
Fra:1 Mem:173.21M (Peak 381.69M) | Time:01:15.37 | Compositing | De-initializing execution
Saved: '/root/Project/rack-device-3d/Cisco-N9KC9336C-FX2/v001/previews/detail-AC-power-supply.png'
Time: 01:15.75 (Saving: 00:00.38)

VIEW_COMPLETE detail-AC-power-supply
BlenderMCP server stopped
BlenderMCP addon unregistered

Blender quit
